accepted_species,0,1
Tocoyena_bullata,0.97613895,0.023861071
Alibertia_duckeana,0.9698173,0.030182704
Randia_alvarocamposii,0.9732944,0.02670564
Sherbournia_streptocaulon,0.9738046,0.026195414
Atractocarpus_rotundifolius,0.974151,0.025848983
Leptactina_densiflora,0.9698173,0.030182704
Vidalasia_tonkinensis,0.97613895,0.023861071
Cordiera_coriacea,0.9765961,0.023403887
Pavetta_sennii,0.9698173,0.030182704
Tricalysia_obstetrix,0.9698173,0.030182704
