accepted_species,0,1
Cicendia_quadrangularis,0.8481816452614077,0.15181835473859226
Gentiana_aquatica,0.5215622711963086,0.47843772880369134
Gentiana_prostrata,0.5059952531136613,0.4940047468863387
Gentiana_scabra,0.4870013838723506,0.5129986161276494
Gentianella_biebersteinii,0.7056211704649057,0.2943788295350943
Halenia_elliptica,0.7506610191193142,0.24933898088068582
Lomatogonium_carinthiacum,0.7357108979989972,0.26428910200100275
Sabatia_stellaris,0.8232579732216725,0.17674202677832748
Gentiana_acaulis,0.4956012031440372,0.5043987968559628
Gentianella_germanica,0.7087177881680315,0.2912822118319685
