accepted_species,estimate
t36,0.5768877468585681
t96,-1.2396918009768847
t94,0.055040529617788755
t81,-0.006641706987752814
t63,-0.0019876538429586463
t32,-2.3081164751755807
t28,0.6152251773577778
t59,0.1465458890513639
t69,0.14342882122643516
t71,0.14408375963978992
