accepted_species,0,1
Cynanchum_laeve,0.44406235,0.55593765
Asclepias_mellodora,0.3798201,0.6201799
Asclepias_syriaca,0.3798201,0.6201799
Cicendia_quadrangularis,0.56766564,0.43233436
Gentiana_aristata,0.5500971,0.44990286
Gentianella_propinqua,0.7188234,0.28117663
Galium_parisiense,0.43047863,0.56952137
Galium_verum,0.59541595,0.40458408
Stenaria_nigricans,0.49503368,0.5049663
Opercularia_ovata,0.49503368,0.5049663
