accepted_species,estimate
t7,0.7375151
t44,0.36541274
t99,0.35888097
t22,0.46158275
t63,-0.25433508
t43,-0.03394297
t97,0.4121724
t11,-0.040147223
t93,-0.16714369
t16,0.17300051
