accepted_species,estimate
t7,0.18937774
t44,0.17203292
t99,0.19174846
t22,0.21185522
t63,-0.0128634395
t43,-0.08685626
t97,0.108488955
t11,0.029905971
t93,-0.14538997
t16,0.136364
