"","V_1","V_2","V_3","V_4","V_5","V_6","V_7","V_8","V_9","V_10","V_11","V_12","V_13","V_14","V_15","V_16","V_17","V_18","V_19","V_20","V_21","V_22","V_23","V_24","V_25","V_26","V_27","V_28","V_29","V_30","V_31","V_32","V_33","V_34","V_35","V_36","V_37","V_38","V_39","V_40","V_41","V_42","V_43","V_44","V_45","V_46","V_47","V_48","V_49","V_50","V_51","V_52","V_53","V_54","V_55","V_56","V_57","V_58","V_59","V_60","V_61","V_62","V_63","V_64","V_65","V_66","V_67","V_68","V_69","V_70","V_71","V_72","V_73","V_74","V_75","V_76","V_77","V_78","V_79","V_80","V_81","V_82","V_83","V_84","V_85","V_86","V_87","V_88","V_89"
"t55",-0.0619328959776659,-0.385847637385488,0.0148290720448474,0.00506982130158339,-0.0274702048599374,0.00119446333142193,-0.00765575231065853,0.0017015736206641,-0.000261435951306448,0.000793966108244244,-0.00123133048304588,0.0163649172392942,-0.000188395774246548,0.00592666357820007,-0.000200875374468205,-0.452720696246136,0.00670612499739508,-0.000525214013903116,-0.000742324074364272,0.000391822235640724,-6.66432748972498e-05,0.00229378592871027,-0.000406721037837993,0.000230362066176129,-0.000107040717672727,0.00103110882335964,-0.000507054208529942,0.360244221243863,-3.86460048555603e-05,5.99424575138337e-06,8.36413038224503e-06,-5.90422502969447e-06,-2.18328792966797e-07,-1.86586651785596e-06,8.15202006907341e-07,4.88576608166949e-17,3.51392617094894e-17,1.23306656198359e-17,8.65884394033309e-05,-2.97679090581464e-06,-1.64506944356614e-06,-3.11056865809771e-05,0.000125900843014884,-5.40504170836192e-06,-1.4204307567335e-14,-4.40986316211166e-06,-7.84634264267953e-05,2.65914662167219e-05,-9.10519967804017e-06,1.36168094284384e-15,3.43653924250815e-19,1.85949460569329e-05,-0.00465828708936242,-1.00378193933074e-05,-4.59815774454998e-17,2.41418588595007e-05,5.36081038036287e-07,7.79555617487526e-17,6.84240968808018e-17,2.62323943344957e-16,2.24068034885194e-07,6.17952371292089e-17,3.30414237378222e-06,-1.25347123507297e-06,-2.85374528826404e-16,-3.08070908966379e-17,-1.75342981470639e-16,-2.97468967512819e-16,-0.707106781186546,8.08890187150429e-15,7.29894834535157e-06,2.58340562137893e-15,-1.62108054362904e-16,-1.66168247654751e-16,-3.42641863947436e-06,-2.16192884277469e-17,3.5828976342679e-06,1.59725911196744e-15,1.43425487385089e-16,3.65302078370947e-16,7.38939969430266e-07,-3.07128690776605e-06,3.48627248007981e-17,1.56280290166032e-16,7.09002750577058e-17,1.46241924016354e-16,2.8763742691709e-08,-9.81999695703674e-17,-5.03568747441243e-17
"t56",-0.0619328959776655,-0.385847637385488,0.0148290720448472,0.00506982130158408,-0.027470204859937,0.00119446333142213,-0.00765575231065877,0.00170157362066396,-0.000261435951306397,0.000793966108244458,-0.001231330483046,0.0163649172392944,-0.000188395774246723,0.00592666357820023,-0.000200875374468285,-0.452720696246134,0.00670612499739369,-0.00052521401390317,-0.000742324074363986,0.000391822235640777,-6.66432748972767e-05,0.00229378592871083,-0.000406721037837971,0.000230362066176193,-0.00010704071767272,0.00103110882335997,-0.000507054208529778,0.360244221243862,-3.86460048554775e-05,5.99424575110249e-06,8.36413038243407e-06,-5.90422502969532e-06,-2.18328793152748e-07,-1.86586651777763e-06,8.15202006827027e-07,3.46377660244838e-17,5.41114597235002e-17,5.36694327541546e-17,8.65884394021959e-05,-2.97679090581011e-06,-1.64506944357654e-06,-3.11056865805631e-05,0.000125900843014113,-5.40504170871339e-06,-1.44152784347956e-14,-4.40986316197063e-06,-7.84634264252569e-05,2.65914662156908e-05,-9.105199679262e-06,-1.06434556960504e-15,-1.85176078505054e-17,1.85949460567936e-05,-0.00465828708935984,-1.0037819392935e-05,3.18320949649173e-17,2.41418588578807e-05,5.36081037657601e-07,6.33559301232839e-17,-7.57897305443264e-17,-3.37675670705552e-16,2.24068034702077e-07,-3.82413394404861e-17,3.3041423725436e-06,-1.25347123460836e-06,3.35610838194193e-16,-1.44687851426384e-17,1.51152214762611e-16,3.64218088524149e-16,0.707106781186548,-7.72359376611672e-15,7.29894832456399e-06,-2.28509997019259e-15,8.68988018377628e-17,2.75603743717215e-16,-3.42641863808696e-06,4.58167632543123e-17,3.5828976380418e-06,2.46039155788697e-15,-7.73604533983809e-17,-3.02481147253484e-16,7.38939969924821e-07,-3.07128690281578e-06,1.2984253688041e-16,-2.38876310237849e-16,4.11111227282853e-17,9.44629783498397e-18,2.87637403228915e-08,-2.50363249163432e-16,-1.98570619022553e-16
"t1",-0.0613415804668111,-0.378175769425173,0.0143282903160293,0.00482946653330806,-0.0257806248945706,0.00110811184024184,-0.00697254678061227,0.00154202365182832,-0.000235478090590665,0.000707392856517478,-0.00107820879218589,0.014264244467304,-0.000159791224538828,0.00452587389021105,-0.000146814229605133,-0.324264622864608,0.00475810512583641,-0.000366149508289915,-0.000393977440054569,0.000200462872946944,-2.70965290146357e-05,0.000261607207054808,0.000150875286397879,-0.000106882656997738,0.0001332579286478,-0.00143179588166303,0.000778178708023345,-0.857691598157628,0.000660275084338442,-0.000148234443875084,-0.000277872927418963,0.000520077041272361,2.28862475106585e-05,-5.70244694361604e-05,9.14466149634057e-06,-1.28869669315054e-16,-8.58454512109921e-17,-1.1378433926503e-16,0.000528774779813478,-1.66415517353971e-05,-7.62045875963639e-06,-0.000142574270885895,0.000564139819125813,-2.15357102702463e-05,-5.12397911500404e-14,-1.50436165495635e-05,-0.000262618234770213,7.90290976950513e-05,-2.44187819081353e-05,-1.44490656643173e-16,-6.72165649407442e-17,4.5498487295609e-05,-0.0113270838708817,-2.41879779031165e-05,2.88964096748507e-17,5.79484861363711e-05,1.28054853347509e-06,-6.65990129181807e-17,-9.02818488010336e-17,8.96252478545698e-17,4.95501441591864e-07,2.02821218844365e-17,7.09922786494948e-06,-2.68948908010117e-06,-1.54201619065082e-17,-2.29161049013266e-17,-2.93596429909554e-18,-2.19027360190744e-17,1.11022302462516e-16,8.26854889316546e-17,1.47895040354212e-05,-3.93509207900265e-16,-2.06710655357595e-17,7.40123334862841e-17,-6.74391874539775e-06,-1.77500582709874e-17,7.02831122857687e-06,4.19587211779861e-15,7.41675778564116e-17,-6.70186076191492e-18,1.43960329349662e-06,-5.94711582092829e-06,-4.42890914418405e-17,-3.38482931516457e-17,6.60700218473434e-17,1.50275816917494e-16,5.43315763949873e-08,-1.85754828397792e-16,-1.48909671631166e-16
"t31",-0.0622461792159871,-0.390212340898274,0.0151431320025087,0.00523610116547371,-0.0287681125321431,0.00126653086023746,-0.00830920567673957,0.00186006528264036,-0.000288467622440942,0.000892234836348021,-0.00143209553432636,0.0192311513001156,-0.00023879953385159,0.0251394119869354,0.000424640760122933,0.38743660574924,-0.00395712241794787,0.000148761352836322,-0.000318550816639536,0.000173722795839811,-3.22867658800055e-05,0.00111837103875008,-0.000171995124968282,9.40446317797524e-05,-2.99950758725069e-05,0.000264438386409683,-0.000117804697726488,0.0337512107074415,8.49794013685477e-05,-2.02255152607373e-05,-3.91257041443189e-05,7.72772193616925e-05,3.41763295482139e-06,-9.47178209408582e-06,1.70306899460468e-06,1.15662734966679e-16,-4.02655564662257e-18,8.68329634829386e-17,0.000108841205764873,-3.46441025490792e-06,-1.60039189465187e-06,-2.99250831030575e-05,0.000118192257426081,-4.38834105416116e-06,-1.01756710315055e-14,-2.6454068387898e-06,-4.44270962577188e-05,6.801802304758e-06,4.61134546798725e-06,-1.03272231114229e-17,7.98907992471326e-16,-0.000353888568215927,0.824209589772601,-0.000178684070247486,-1.98215045886377e-16,0.000298987604333793,4.87859946428895e-06,-7.41426164081135e-17,1.04446676885398e-15,1.36457540003531e-15,5.23308501335335e-07,-6.66106944030035e-18,6.54057272343238e-06,-2.46503537637566e-06,2.69865546413798e-16,-8.6374679803908e-17,9.03988880491029e-17,1.68331600862941e-17,-2.15105711021124e-15,-9.89777763680508e-17,1.16605424418911e-05,-1.93748148147654e-16,1.85870259982995e-16,4.93122977935424e-17,-5.08688677212949e-06,-3.49006293895859e-17,5.27927179736459e-06,3.02776610891475e-15,-1.1893601745861e-16,-1.35300370448907e-16,1.07266527648153e-06,-4.40205457571298e-06,3.44169753096126e-16,-1.95779617771947e-16,1.82736483602479e-17,5.61478934522211e-17,3.93296973849193e-08,-2.59364964334436e-16,-1.14914257508213e-16
"t61",-0.0623782295583969,-0.391926591509447,0.0152552770250003,0.00529014194203454,-0.0291504288576107,0.00128620202689395,-0.00846710366208221,0.00189711644619492,-0.00029453469869293,0.000912739093142957,-0.00146933385862564,0.0197462769357385,-0.000246275581924721,0.0263143164752107,0.000446884702522991,0.408685434311174,-0.00417859736734988,0.000157391473494144,-0.000345107487872988,0.000188671001040863,-3.55157198582867e-05,0.00126733144749614,-0.000202063976909706,0.000111104767522117,-3.67375709765076e-05,0.000325527895192438,-0.000145716144993442,0.0426834578259484,0.000116431470772607,-2.79207418750744e-05,-5.42605683097637e-05,0.000108131742048237,4.78653828697962e-06,-1.35848349569044e-05,2.54779072767187e-06,-2.02145503471873e-16,-4.29647696218328e-17,-5.58690305109916e-17,0.000177833068597578,-5.80683756057153e-06,-2.91035183015795e-06,-5.47604234941495e-05,0.000219378081763657,-8.98777316525779e-06,-2.28550239973133e-14,-7.0720740424257e-06,-0.000125690273351932,4.37870228470094e-05,-1.75860660358115e-05,2.98262747924405e-16,-5.76017962570432e-16,0.000198904845474114,-0.400316145482762,6.89033012764351e-05,9.01427927673479e-17,-0.000103465977406567,-1.46018668517561e-06,5.68781351786947e-17,-3.36638436003151e-16,-1.15515672513202e-15,1.01826919715223e-07,1.16529509564608e-16,2.01009758946649e-06,-7.69367356745262e-07,1.05427313617761e-15,4.71164995113732e-16,-1.02684828916673e-15,1.56468477379524e-16,-2.1094237467878e-15,-2.60540498848545e-14,5.5502301763804e-06,-0.707106781186547,-2.26280389509337e-15,-4.44348914716696e-16,-2.74254371434439e-06,-9.6096160081621e-17,2.88125795015427e-06,1.09978989268001e-15,2.94373593364074e-16,4.6483924365814e-16,5.99593629857887e-07,-2.51045370511303e-06,-4.26089250422916e-16,9.41451569768954e-17,-3.38528828840367e-16,2.68313042711193e-16,2.41003710502452e-08,-3.256418183402e-16,1.87888691961917e-16
"t62",-0.0623782295583969,-0.391926591509447,0.0152552770250007,0.00529014194203442,-0.0291504288576112,0.00128620202689402,-0.00846710366208201,0.00189711644619476,-0.000294534698692862,0.000912739093143011,-0.00146933385862564,0.0197462769357379,-0.000246275581924577,0.0263143164752103,0.00044688470252275,0.408685434311174,-0.00417859736734978,0.000157391473494173,-0.00034510748787276,0.000188671001040932,-3.55157198584705e-05,0.00126733144749602,-0.000202063976909616,0.000111104767522216,-3.67375709765967e-05,0.000325527895192168,-0.000145716144993573,0.0426834578259482,0.000116431470772681,-2.79207418748136e-05,-5.4260568309806e-05,0.000108131742048056,4.78653828712547e-06,-1.35848349568937e-05,2.5477907276109e-06,1.0711727735698e-16,3.19307837211685e-17,-9.71127605025022e-18,0.00017783306859716,-5.80683756041409e-06,-2.9103518303478e-06,-5.47604234940886e-05,0.000219378081763875,-8.98777316491215e-06,-2.29102137222001e-14,-7.07207404315921e-06,-0.00012569027335236,4.37870228463927e-05,-1.75860660359839e-05,-2.48796028562103e-16,-2.24520370694079e-16,0.000198904845474206,-0.400316145482762,6.89033012766487e-05,7.92894876556877e-17,-0.000103465977406247,-1.4601866848608e-06,1.50720361635967e-16,-7.53434176996085e-16,-1.75554543492498e-16,1.0182691953403e-07,-9.77768557339119e-17,2.01009758877723e-06,-7.69367358124931e-07,-1.26774341622634e-15,-4.64189482925804e-16,8.93539124090352e-16,-2.42035396819079e-16,3.08086889333481e-15,2.58476971376108e-14,5.55022959661821e-06,0.707106781186547,1.97668121848759e-15,5.46970136784624e-16,-2.74254371490137e-06,1.46222166217245e-16,2.8812579497335e-06,2.31233924457607e-15,-5.24202040225125e-17,-2.56228035216702e-16,5.99593630679991e-07,-2.51045370552137e-06,2.25804107347779e-16,-2.52711173361203e-17,4.9834090512142e-16,-7.22724114813074e-17,2.41003709288551e-08,-6.85060057451865e-17,-4.43673689023598e-16
"t17",-0.0717844566171629,-0.0116439932342847,-0.0056696654144136,-0.00529233838195198,0.0958684937662424,-0.00150831604647183,0.0211678221615924,-0.0127517094260428,0.000914549686077374,-0.003466574745379,0.0105345293739507,-0.105214959338506,0.00190287182714673,-0.956311912623266,0.0556423554879124,0.0217861711835852,-0.204012627455539,-0.010245290234663,-0.0088620539689788,0.0158053966981108,-0.000646126694383759,0.0480175614921377,-0.00207861605928308,0.00111273611971293,-0.000292108707942293,0.00244560030890627,-0.00102119860850444,0.00386534492510107,0.00125490705264957,-0.000294914061815535,-0.000566851794495391,0.00110818353898402,4.89661210374769e-05,-0.000133482877981506,2.37966730837023e-05,-2.80692027772206e-17,-1.19712909806057e-17,3.73900847208762e-17,0.00401293542547663,-4.95107479380385e-05,-2.42054425273463e-05,-0.000457177127133057,0.00460987467559525,-7.01373676512481e-05,-4.44020912629759e-13,-5.16201764363313e-05,-0.00231443879981714,0.000718021737875065,-0.000226943677317234,1.53217107547578e-17,-5.94826693694339e-17,0.000153666267418167,-0.000520755382529802,-0.000101009117504767,3.01920416182565e-17,0.000593570566629905,5.11769775321394e-06,5.09286696489375e-17,8.6597946277342e-18,-9.01348304757484e-18,1.95271848185417e-06,2.48413318952871e-17,2.81400632070277e-05,-1.06637544133106e-05,-2.55905022598687e-18,-4.14776340362993e-17,-5.90939746979121e-17,1.04969177287875e-17,-3.88578058618805e-16,1.36503918288931e-16,0.000147586126557541,-1.74769464146404e-16,-2.01767742074513e-17,7.22973363250139e-17,-2.72337373816428e-05,5.3279066477271e-18,7.03824558760171e-05,4.10994507208728e-14,4.28295717538831e-17,-2.28636126341971e-17,1.44257837329855e-05,-5.9626879398147e-05,1.04192013861039e-16,-7.11371497984525e-17,8.40098388371285e-17,6.42035158585485e-17,5.45788326762553e-07,-2.55792410852932e-16,-1.00384307634588e-16
"t32",-0.125728497399234,0.0247888675628448,-0.00200049763347296,-0.00583742205614424,0.41507486146726,0.00785866222825533,-0.0273122305097991,0.0896411825018889,-0.000646421133491937,0.00196670264886066,-0.0111252540341059,0.0389273373503817,-0.000470174746814002,0.0681407913557631,-0.00234179553501451,-0.000896434012802628,-0.0184296939736885,6.2410867113065e-05,-0.000601250981469126,0.00621965878103741,-7.65484659903747e-05,0.172030875317418,9.32089612105119e-05,-3.42281940241219e-05,-3.96254297233277e-06,4.13599475840843e-05,-2.01676095246586e-05,0.000115556596584271,6.0039228689216e-05,-1.44070358181126e-05,-2.80250222703896e-05,5.60038528592179e-05,2.47989953354048e-06,-7.12583633354613e-06,1.40003652456972e-06,1.8528921903504e-16,-3.05133431653208e-17,-9.56768133961261e-17,0.0207555380134761,1.6095488793025e-07,-7.02394658753056e-07,-1.36942892782188e-05,0.000475389705264901,-1.52021890670233e-06,-1.01604135853803e-14,9.76037585677739e-07,0.000276135573200618,-0.868677500060311,-0.00016826347778355,-1.32870228426317e-15,-5.02911549046543e-16,2.33235274300378e-05,-7.82270537944586e-05,-1.49927913340214e-05,-1.85028314089399e-16,0.00031435317190892,7.45934153266588e-07,2.8200181475723e-16,-2.05607376203106e-17,1.04587674652499e-15,2.66326816335443e-07,4.09922344513447e-18,3.79188246688196e-06,-1.43631631687466e-06,3.89454665227392e-17,-5.46126397363401e-17,8.51392213912656e-17,2.30877431390073e-17,-6.66133814775094e-16,-8.01284783047716e-16,6.92782688371575e-05,-6.31944922703258e-16,-7.95760837989085e-17,3.90958830702029e-17,-3.64226774782494e-06,4.79180710106544e-17,3.29291288164228e-05,1.88597501637979e-14,-4.64399071320033e-17,-8.29304533523827e-17,6.74801879581209e-06,-2.78914521729999e-05,5.16316839724438e-17,-4.79801406710384e-17,9.66143245548234e-17,2.70328331583392e-16,2.55620188530073e-07,-1.86358596704379e-16,5.08681020519091e-17
"t59",-0.126194587216156,0.0249798081220208,-0.00202658997794731,-0.00594399169315585,0.424875808389569,0.00807626141585095,-0.0282423641301029,0.0928456470173815,-0.000670861380583232,0.00204819157408988,-0.0116492489004161,0.0408182980067779,-0.000497055208562173,0.0740982003073974,-0.00257334080369323,-0.000989600114547809,-0.0203878658826333,6.93069282633399e-05,-0.000700781567823502,0.00728714232829942,-9.21863404021064e-05,0.22167990147,0.000131430414811502,-4.89846707322758e-05,-6.2814199687039e-06,6.65800677627376e-05,-3.2948621182035e-05,0.000202824427703752,0.000145071512314583,-3.61091444486151e-05,-7.18781527530826e-05,0.000150475044160882,6.69561863557703e-06,-2.20639467581299e-05,5.8811956749845e-06,-1.08377421777487e-15,-1.8347540187513e-15,3.93128448038377e-16,0.36276841917538,3.96261382811752e-05,4.18863802071958e-06,7.56729814080039e-05,-0.00225046492044364,3.5944463937567e-06,1.58500890070129e-14,-9.68745060507805e-07,-0.00024380141644985,0.306227783584954,6.25019213097556e-06,9.17032996561956e-16,-2.37287957455819e-16,4.08646773791823e-06,-1.46957163310374e-05,-3.08640466025551e-06,3.07664089747893e-16,6.71033039034451e-05,1.66227145545278e-07,-3.45794567916955e-16,-1.02057749943599e-16,-8.4222873815768e-16,9.53486957174582e-08,-1.04787165707601e-16,1.52628138648033e-06,-5.81081311831288e-07,8.22882521254866e-16,-4.17399149888311e-16,8.9915220224997e-16,-2.11875576764168e-16,7.99360577730113e-15,0.707106781186547,3.35753794134304e-05,-2.59891920607681e-14,-4.10691612594885e-17,2.18652222547607e-15,-1.90000173991978e-06,-4.22796279396874e-16,1.73133644129816e-05,9.63045601353191e-15,-1.69367465403534e-16,-1.73591377513095e-16,3.60437168994439e-06,-1.51021012908709e-05,-1.84713533159583e-18,2.5561137410509e-16,-1.09306390168738e-16,-3.37096561131856e-16,1.45789932229048e-07,-6.35753404150248e-17,-6.46273699964859e-17
"t60",-0.126194587216156,0.0249798081220208,-0.00202658997794728,-0.0059439916931556,0.424875808389569,0.00807626141585083,-0.0282423641301029,0.0928456470173815,-0.000670861380583115,0.00204819157408967,-0.011649248900416,0.0408182980067779,-0.000497055208562215,0.0740982003073973,-0.00257334080369312,-0.000989600114547837,-0.0203878658826333,6.93069282632513e-05,-0.000700781567823512,0.00728714232829959,-9.21863404021655e-05,0.22167990147,0.000131430414811334,-4.89846707324747e-05,-6.2814199687636e-06,6.65800677626667e-05,-3.29486211821327e-05,0.000202824427703668,0.000145071512314671,-3.61091444485242e-05,-7.18781527533927e-05,0.000150475044160978,6.69561863586833e-06,-2.20639467580476e-05,5.88119567520256e-06,-1.15634192913495e-15,-1.36802937313067e-15,-3.04245068580802e-17,0.362768419175381,3.96261382806838e-05,4.1886380209971e-06,7.56729814076257e-05,-0.00225046492044358,3.59444639376533e-06,1.55338285472042e-14,-9.68745060770988e-07,-0.000243801416449731,0.306227783584956,6.25019213095571e-06,1.44504508567988e-16,4.13945538706382e-16,4.08646773835823e-06,-1.46957163310777e-05,-3.08640465994335e-06,-1.02319730736454e-16,6.71033039032341e-05,1.66227145334517e-07,2.50904710106432e-16,-1.54952107758333e-16,-2.0207805280192e-16,9.53486962457323e-08,2.48275683049592e-16,1.52628138559737e-06,-5.81081314600065e-07,-6.7674120118038e-16,4.37028446704253e-16,-1.04611273831139e-15,2.45173695207548e-16,-7.79931674799172e-15,-0.707106781186547,3.35753793941629e-05,2.59624554766851e-14,1.09733616219812e-17,-1.96691168069019e-15,-1.90000174085094e-06,3.8081994602682e-16,1.73133644121432e-05,1.08997947103816e-14,3.29414678925668e-16,2.74300213839491e-16,3.60437168844027e-06,-1.51021012904771e-05,3.18606364846599e-16,-3.42422378733003e-16,2.3728327863694e-16,2.40297410811603e-16,1.45789932268118e-07,-1.49886598204547e-16,-2.57423965833265e-16
"t12",-0.125139791445029,0.0245471997037246,-0.00196738313931985,-0.00570181376760128,0.402569640652876,0.00758045670317931,-0.0261192693495931,0.0855277989717228,-0.00061501676712232,0.00186180750628454,-0.0104488860612622,0.036484752540824,-0.000435308747852876,0.0603030380006824,-0.0020355706422396,-0.000772937618157559,-0.0158313272148864,5.32428396636617e-05,-0.000465750922880301,0.00476271887131445,-5.49210802015133e-05,0.101142532013495,3.63617777170231e-05,-1.21365122587556e-05,-3.35395417527026e-07,1.65800915736484e-06,7.54648637529484e-08,-2.67116851999649e-05,-9.54880929158674e-05,2.57574527944471e-05,5.37275122796758e-05,-0.000122658554798871,-5.50456280553087e-06,2.23102025833092e-05,-8.12327528370705e-06,2.32676799124166e-15,3.682790216741e-15,-4.08114523689253e-16,-0.853845273894557,-0.000107237853480453,-1.75359884387171e-05,-0.00032774635943426,0.0105383957645226,-3.08733539863029e-05,-6.22246157135579e-13,-1.81750338420551e-05,-0.00292663561986846,0.240233870223356,-0.000169531052969787,6.03314546748483e-16,2.78699295168855e-16,3.12431856703963e-05,-0.000105674520387112,-2.04740776998608e-05,2.39488502253671e-17,0.000431087075467616,1.0279448072741e-06,-5.60611776089225e-17,1.0483419599374e-16,3.53855606137684e-18,3.81677481367527e-07,-7.17220325598392e-18,5.44553318175015e-06,-2.06266436534321e-06,-1.39193126445176e-16,-3.00215787770602e-17,1.18268714180647e-17,-4.4161535655465e-17,-6.64399091299117e-16,-1.17004682752021e-16,9.87133202172087e-05,-2.81759711217862e-16,-4.72990717900244e-19,2.62835015790315e-17,-5.14792386982489e-06,-4.72282875028137e-19,4.64917398197489e-05,2.70870004564896e-14,6.40251061765857e-17,1.35773780739182e-16,9.50572869167815e-06,-3.92074131287357e-05,-5.29561629107922e-17,6.91364256702188e-17,-4.62774010849204e-18,2.57927591400662e-16,3.56008639809622e-07,-2.64919083488506e-16,-2.57436379745689e-16
"t13",-0.12153430567988,0.0230547188195132,-0.00176056056693566,-0.00484538561911302,0.322677000001434,0.0057872436448092,-0.0183214797646152,0.0585396105509152,-0.00040802323623761,0.00116478295609546,-0.00589649493132939,0.0199891613649356,-0.000195139174719028,0.00223940269869571,0.000299426994413015,0.00018104988340123,0.0043617695667184,-1.88007331355065e-05,0.000777765269762698,-0.00885920035880271,0.000169814536330287,-0.926137075019142,-0.00179433340381327,0.00088467466299237,-0.000174550973218402,0.00142870354355484,-0.000585248368055716,0.00206954821138142,0.000604007715422351,-0.000141382583901264,-0.000271189759444175,0.000528456157588907,2.33439737107635e-05,-6.34273348426119e-05,1.14989170290743e-05,-2.18529933940581e-16,-3.59877545619305e-16,1.453853883157e-16,0.0847215168207069,-1.13067190178431e-05,-9.33985806440669e-06,-0.00018219151976297,0.00637926696653409,-2.62123621139488e-05,-6.31637057012076e-13,-2.00708378562242e-05,-0.00328574708719774,0.0115374843926026,-0.000311107145746914,-1.02334976481053e-16,-2.90661902157061e-17,5.75041182244672e-05,-0.000194829281088674,-3.78439500649893e-05,-1.18766835052221e-16,0.000797704721271505,1.90483362651563e-06,4.73967851344275e-17,9.66848262814671e-17,2.52992225923678e-17,7.22694166312054e-07,-6.68254285806348e-17,1.03798653151743e-05,-3.9328361228363e-06,8.90162157385867e-18,-5.24186737775623e-17,2.26316378871404e-17,8.40734146984356e-18,1.61329283265843e-16,1.17589550293132e-16,0.000190010662347418,-9.72250377583308e-17,-6.06420155541732e-17,4.1581924597624e-17,-9.93588992485215e-06,5.45680432848892e-18,8.9751693332182e-05,5.21696332952149e-14,2.9396359305376e-17,-1.00935121798182e-17,1.83574648814972e-05,-7.57365337844096e-05,1.22278478608295e-16,-1.08750133690419e-16,3.99906522356635e-17,3.10744451105511e-17,6.87896342596549e-07,-2.05041161963184e-16,-1.4063297991268e-16
"t20",-0.155404039720547,0.053274665419124,0.00428983824822573,0.00207000865854834,-0.0347602228024512,-0.000132126480009043,0.000537856950697274,-0.0291689210901845,-3.5900335040806e-05,9.63396968189922e-06,0.0380548040041097,-0.000451329726511081,8.13885609682596e-05,-0.108994560664571,0.0110679685908032,0.0109916661801049,0.63095093163298,0.00110103808010384,-0.00152868159927616,0.217766905788024,-5.15344468438733e-05,0.0204256607333874,-0.000200588943593927,0.000109902486519452,-3.14487819963981e-05,0.000265363158754549,-0.000111568209138598,0.000433662467394285,0.00014965174831011,-3.53241035891107e-05,-6.80742995582249e-05,0.000133750388345386,5.91284997614903e-06,-1.632721502316e-05,2.97857564437487e-06,-4.62727161054095e-16,8.60984023933013e-18,3.94596915313477e-16,0.00197113649616009,-6.48187499782915e-06,-4.50082384726664e-06,-9.74465398571392e-05,0.0125630151796243,-7.84097454757529e-06,-2.2641493009657e-12,-7.87816653076304e-06,-0.0115587178223603,0.000314696557723262,-0.00058562850523343,0.707106781186548,-6.61068396694488e-16,1.96962363258336e-05,-6.71407878141961e-05,-1.34485728924488e-05,-1.53024636978536e-16,0.00277959846134837,6.31188478497581e-07,-3.47870387450826e-16,-2.65213141422594e-16,-8.98745942600062e-16,2.54111360457961e-07,-4.5660452443491e-16,3.69198907165473e-06,-1.39963371516764e-06,6.33745736715117e-18,-1.85645347476654e-16,-1.20048451422003e-16,-6.47798044681553e-16,1.85788884277116e-15,-4.41441552085204e-16,0.000662654978294944,4.81872094495907e-16,-1.6916969034257e-16,-5.24145690876346e-17,-3.66467725561095e-06,9.04634311211131e-18,0.000176168106501975,1.82779928155587e-13,4.80603083400719e-17,1.08344976823105e-16,6.40309674953492e-05,-0.000264160349903332,3.80518109339871e-17,-4.15234815308601e-16,-6.43315321883269e-17,-1.43027701587765e-16,2.39894577367106e-06,-3.8859685046233e-16,-2.96122792283855e-16
"t21",-0.155404039720547,0.053274665419124,0.00428983824822572,0.00207000865854833,-0.0347602228024512,-0.000132126480009029,0.000537856950697399,-0.029168921090184,-3.5900335040695e-05,9.6339696822878e-06,0.0380548040041096,-0.000451329726511095,8.13885609681582e-05,-0.108994560664571,0.0110679685908032,0.0109916661801048,0.630950931632979,0.00110103808010379,-0.00152868159927597,0.217766905788025,-5.15344468440745e-05,0.020425660733387,-0.000200588943593691,0.000109902486519806,-3.14487819966505e-05,0.000265363158755187,-0.000111568209138886,0.000433662467394627,0.00014965174831004,-3.53241035891835e-05,-6.80742995583396e-05,0.000133750388345685,5.91284997665514e-06,-1.63272150230352e-05,2.9785756439278e-06,4.93708746799224e-16,-5.87718076477379e-17,-3.32430539865146e-16,0.00197113649615977,-6.48187499846303e-06,-4.5008238470517e-06,-9.7446539856617e-05,0.0125630151796251,-7.84097454918837e-06,-2.26367680092218e-12,-7.87816653219017e-06,-0.0115587178223563,0.00031469655772551,-0.000585628505236623,-0.707106781186548,6.30549351749626e-16,1.96962363229591e-05,-6.71407878147234e-05,-1.34485728931031e-05,-1.08773971142587e-16,0.0027795984613483,6.31188479164128e-07,5.47115647496974e-16,2.36296745391514e-16,1.05873857310348e-15,2.54111360359124e-07,3.96758314382704e-16,3.6919890721806e-06,-1.39963371561468e-06,2.17354099819249e-16,1.43396665216069e-16,7.78535723898865e-17,6.72198129491117e-16,-6.39245600897453e-16,4.56593867228541e-16,0.000662654978294214,-8.22913417918665e-17,1.37508473991189e-16,1.10143517365977e-16,-3.66467725508832e-06,9.15553628335935e-18,0.000176168106501682,1.82355231164241e-13,-3.19888621106083e-17,8.74631182511556e-18,6.40309674946026e-05,-0.000264160349902583,4.07412987565503e-16,2.06526203033991e-16,1.73874749920759e-16,3.35001488821227e-16,2.39894577374687e-06,-1.96909650712041e-16,2.41317001046879e-18
"t22",-0.167601596923334,0.0633493477070019,0.00603829709745297,0.0036886616105948,-0.0928229483510497,-0.000683247092102601,-0.00185756650810551,0.0514173850501992,2.56765504443755e-05,5.18334080479299e-06,0.316399830229693,0.0202995396042353,-0.000121472948315438,0.0286256917068848,-0.00180183241853246,-0.00144073706548163,-0.0746219472685652,-0.000107031867000881,-0.000117116122436645,0.0305764677108891,-5.56740998091526e-07,0.00084016561180468,-4.14561651508258e-06,1.68206028063403e-06,8.94572750974668e-07,-9.46590902156652e-06,4.76522775051842e-06,-3.37445749982704e-05,-3.54283337367979e-05,8.9810973636597e-06,1.80501907918408e-05,-3.83681057470731e-05,-1.70945180662018e-06,5.72118003601909e-06,-1.40590207023415e-06,7.55155998250271e-16,-3.77096681773619e-16,-5.71608668778528e-17,-0.00156086283301332,5.86912197695093e-06,6.10713575773246e-06,0.000136270454446509,-0.0188122700045851,1.89412406769731e-05,2.30563710214732e-11,0.000136512043443855,0.914224388355302,0.0011497657197252,-0.00111498940790337,2.60605484173717e-15,-5.00726351096291e-16,2.64925191268439e-05,-8.89504988474954e-05,-1.79015809341329e-05,-1.91326492267293e-16,0.00746904614984304,7.46242630987211e-07,3.11225236919643e-16,9.91313950158974e-17,-3.96939492662474e-16,2.55418416943024e-07,9.39666566677806e-17,3.48577569603934e-06,-1.31776522269721e-06,-4.3721114780694e-17,1.48945729081639e-16,-3.19867525817999e-17,-1.12393910322213e-16,-5.36029554076833e-16,-5.11867408876778e-16,0.0373116115522344,1.55931140518517e-14,-2.45627204012431e-16,2.92734353424621e-16,-2.84862510692835e-06,-5.11880546619315e-17,0.000136410791844242,2.89428209080142e-13,4.44523307873344e-17,-5.26409588500063e-17,0.00292004749545599,-0.000411104421234023,9.60870671861919e-16,-2.06038202711838e-16,1.58934275399043e-16,8.99495498261812e-17,3.58089737448176e-06,-4.28902564039832e-16,-1.85931386938869e-16
"t82",-0.169637124175696,0.0649611281378504,0.00630133434553626,0.00391604278377011,-0.100308140092912,-0.00074842286793185,-0.00207853330865691,0.0578614548398796,2.90955240666024e-05,5.94580820456603e-06,0.369980143529141,0.0238567692046242,-0.00014702164941148,0.0385235037312541,-0.00252703380944222,-0.0020582297154632,-0.107516720941526,-0.000156646975697585,-0.000212285098263681,0.0568322200154028,-1.19117151659714e-06,0.00276512996917927,-3.885962414006e-05,2.20507872575128e-05,-7.50385691831849e-06,6.45642586669781e-05,-2.76292277456153e-05,0.00011565780309352,4.92733962377629e-05,-1.18347284540752e-05,-2.30478332456246e-05,4.62079079873341e-05,2.0469338945927e-06,-5.95765530934101e-06,1.19052114502098e-06,-1.06668321770569e-16,2.02970965923109e-16,-7.37734525193837e-17,0.000953784594516911,-3.32163501379164e-06,-2.80343854755819e-06,-6.16708214853864e-05,0.00824931171960623,-6.85326538908139e-06,-6.8346257309477e-12,-3.41150756794178e-05,-0.215124192478566,-0.000160415301002203,5.50550179740719e-05,-8.70268714062076e-16,-1.96775119055847e-16,1.03618563567116e-06,-4.05079911469652e-06,-9.84437522351129e-07,-2.2170400853165e-16,0.000441431897561253,4.7962217946754e-08,1.76440514868428e-16,-1.01863898995593e-16,2.74894099226507e-17,4.04346378747595e-08,-5.36106933579398e-17,7.25650463066253e-07,-2.78183001236485e-07,-2.85964108600385e-16,4.98339466316807e-17,-5.5417144319789e-17,1.57582152183521e-16,4.38798303248333e-15,-4.49965592405424e-15,0.302058588257773,1.23027576369877e-13,1.12769959140714e-16,6.6515438968725e-16,-4.03205297113879e-07,-1.53655400318516e-17,2.47745389984523e-05,5.59689179455729e-14,7.45678095042688e-16,1.22519194666604e-15,0.388701618585816,-3.32009855992079e-05,0.707106781186545,1.90738102625297e-15,-3.64102322898069e-16,2.04770325122287e-17,7.13471373769512e-07,2.62814016369467e-16,-1.57688804727242e-16
"t83",-0.169637124175696,0.0649611281378504,0.00630133434553626,0.0039160427837701,-0.100308140092911,-0.000748422867931841,-0.00207853330865692,0.0578614548398799,2.90955240666302e-05,5.94580820456603e-06,0.36998014352914,0.0238567692046243,-0.000147021649411605,0.038523503731254,-0.0025270338094422,-0.00205822971546327,-0.107516720941526,-0.000156646975697547,-0.000212285098264098,0.0568322200154029,-1.19117151654163e-06,0.0027651299691791,-3.88596241401307e-05,2.20507872575049e-05,-7.50385691822807e-06,6.45642586671255e-05,-2.76292277456881e-05,0.000115657803093757,4.92733962376224e-05,-1.1834728454085e-05,-2.30478332458113e-05,4.62079079872536e-05,2.04693389508426e-06,-5.9576553092585e-06,1.19052114526689e-06,-3.07930077696856e-16,-1.68612082484825e-16,-7.89700614084013e-18,0.00095378459451688,-3.32163501376109e-06,-2.80343854748651e-06,-6.16708214853942e-05,0.00824931171960592,-6.8532653891188e-06,-6.83485377219145e-12,-3.41150756794026e-05,-0.215124192478564,-0.00016041530100198,5.50550179741352e-05,-8.26966731766048e-16,6.71381273386515e-16,1.03618563577069e-06,-4.05079911469652e-06,-9.84437522071838e-07,4.09303680673152e-17,0.000441431897561402,4.79622177787975e-08,-1.92226921527876e-16,-2.1038376763674e-17,2.45671074880042e-18,4.043463769136e-08,-1.49514041547383e-16,7.25650462958402e-07,-2.7818300176418e-07,-2.29910131999313e-16,-7.37656705615132e-17,5.82271003230126e-16,-2.35434126522496e-16,4.5254598679545e-15,-4.49444347760794e-15,0.302058588257773,1.23846552596899e-13,-1.20636122870824e-15,-5.9037376291154e-16,-4.03205295604738e-07,-2.57804487799013e-16,2.47745389991459e-05,5.72598265550227e-14,-1.16378134376846e-16,8.41460054164398e-16,0.38870161858581,-3.32009855991433e-05,-0.707106781186549,-2.13960313160156e-15,6.46802603833263e-16,3.78921551186596e-16,7.13471373718625e-07,1.67875429705668e-18,3.73033795539184e-16
"t81",-0.169602170151617,0.0649335525037023,0.00629685588765845,0.00391218941298719,-0.100181886933637,-0.000747327424933183,-0.00207483954029754,0.0577538868876606,2.90385512677349e-05,5.93314093033648e-06,0.36909411397194,0.0237980156750909,-0.000146602562588194,0.0383648236407322,-0.00251550221310651,-0.00204844543797951,-0.106996333946933,-0.000155864358166079,-0.000210835527922115,0.0564337339181955,-1.18171752967744e-06,0.00273760852529764,-3.83866189109933e-05,2.17752513356206e-05,-7.39530776713501e-06,6.36133805936301e-05,-2.72155709279409e-05,0.000113800242177872,4.83116207849561e-05,-1.16002758924472e-05,-2.25872055481372e-05,4.52689178158162e-05,2.00526922365017e-06,-5.8312827813157e-06,1.16358985952295e-06,-2.47727203666074e-17,2.20867885596681e-16,-3.67282492434565e-16,0.00092976754575632,-3.23581014221501e-06,-2.72570896983382e-06,-5.99527191493948e-05,0.00801704792447427,-6.64761463812157e-06,-6.61541030829757e-12,-3.29653450922466e-05,-0.207744472924035,-0.000154108084796906,5.24848678138228e-05,-1.34485874571271e-16,8.30966943349531e-17,9.75198820562509e-07,-3.80755486834028e-06,-9.23500928133667e-07,-1.25049179322265e-16,0.000413734719194971,4.49002635990014e-08,-1.63099664518086e-16,1.02613895922924e-16,-1.11081536944763e-16,3.67005439932418e-08,1.95760408993545e-16,6.42794326402842e-07,-2.46041971329302e-07,4.08991976199607e-16,-1.05031055917925e-17,1.90855208442258e-16,6.83910738045295e-18,3.86756598969029e-15,-2.02484940887588e-15,0.226492654248361,9.32308807034751e-14,-7.52777426188331e-16,5.30011370577878e-16,-9.72539635068635e-08,2.46741112492453e-16,-1.62789775096602e-07,-6.24416225367759e-15,-6.72279150945219e-16,-1.97581707065012e-15,-0.833687021254089,-0.00014621223476667,3.07578733078465e-15,1.45921737289448e-16,-1.06742490370036e-16,2.1998649139958e-17,9.58659567664301e-07,-2.70500716047443e-16,-3.57534317895188e-16
"t64",-0.169410211655139,0.0647820323240561,0.00627223059927359,0.00389098687822607,-0.0994867264476763,-0.000741292754331998,-0.00205447514686265,0.0571607251103594,2.87243089033273e-05,5.86324266438343e-06,0.364201769760402,0.0234735444413456,-0.000144285885337547,0.0374848724416967,-0.00245148333890615,-0.00199410109411091,-0.10410534868075,-0.000151514864667093,-0.000202742214007623,0.054207860038612,-1.12878591428112e-06,0.00258273142541968,-3.57097070111112e-05,2.02146036686057e-05,-6.77737101155429e-06,5.81966847154336e-05,-2.48576881521217e-05,0.000103182242834852,4.27645599822141e-05,-1.02470397581014e-05,-1.99272965878978e-05,3.98419504587331e-05,1.76444383795117e-06,-5.09920254261555e-06,1.00699913587322e-06,-2.33737627685915e-16,6.26133029826025e-17,4.35613518839931e-16,0.00078917753503633,-2.73253817761974e-06,-2.26761819681321e-06,-4.98236950357799e-05,0.00664666290411324,-5.42823561857503e-06,-5.31264234757654e-12,-2.60800957218128e-05,-0.163478301428083,-0.000115754349658156,3.65332517100628e-05,1.00450642980268e-16,-1.66017278517074e-16,5.83301813622889e-07,-2.23905480558478e-06,-5.28433694492719e-07,2.86405418299736e-16,0.00023372150055797,2.49352208108839e-08,1.57760936240994e-16,-1.45366454649579e-16,4.01214918210168e-16,1.01161633155202e-08,1.01382977376149e-16,8.19628312488945e-09,1.29363475124102e-09,2.27411103207128e-16,-2.64521099810927e-16,-7.84010524845168e-16,1.43320388938693e-16,-1.26947606073069e-14,1.18549530013482e-14,-0.874543509093477,-3.58535132485478e-13,1.90338115630778e-15,-4.46441179068403e-16,-1.92381258337591e-06,1.09732202275652e-16,8.72856097999221e-05,1.84888429315494e-13,2.49491257234292e-16,-3.99626577922334e-17,0.0527208270762428,-0.000217902423033317,-3.31896669274924e-16,8.16326678682983e-17,-2.99230309949648e-18,-2.95491054778821e-17,1.68952694810884e-06,-7.16009368405635e-16,-3.07103442343977e-16
"t11",-0.163406993671583,0.0600021847024765,0.00549262986833489,0.00322813384972104,-0.0788000875704218,-0.000578937699950241,-0.00182766901890122,0.0585379101696951,4.45146117047379e-05,-6.04092191969219e-06,-0.01047509331122,-8.04113586465021e-05,6.33692927354268e-06,-0.0281818541649698,0.0028507982144906,0.0027460613273255,0.154434055268238,0.000256436654340025,0.00187812108182348,-0.65058798125086,-8.05698609850011e-05,0.0184145109541777,-0.000161681721757762,8.7857529862706e-05,-2.43266828518288e-05,0.000204674453658571,-8.5839025773693e-05,0.000330650300231418,0.000112377678289702,-2.65073782426024e-05,-5.10635205559027e-05,0.000100260231048178,4.43203240665366e-06,-1.2221638855199e-05,2.22685927557824e-06,-4.31990258057707e-17,-5.89430092584555e-16,-1.56158539505476e-17,0.00147485305821636,-4.85430485522211e-06,-3.38704711325632e-06,-7.33692273093764e-05,0.00947048663374589,-5.98335849166277e-06,-0.707106781175263,-7.30909949220489e-06,-0.0186676349170016,0.000218229186657721,-0.00041793256833873,-3.82915564024522e-16,1.13133805428442e-16,1.45474309110931e-05,-5.03686000183218e-05,-1.11512612367422e-05,-2.41669599116308e-16,0.00932915319453408,3.88983638707897e-07,2.06400259138373e-17,-2.37940891357913e-16,-4.20717591705451e-16,1.80778880127991e-07,-8.8506757714648e-17,2.63354746735339e-06,-9.98476830450985e-07,-7.75198573429521e-19,1.56813375890277e-17,-4.45322676387125e-17,-2.0732353768583e-16,2.34594245071551e-16,-3.18020153581142e-16,0.000981070749239682,3.33962167129791e-16,-3.48212191755526e-17,3.88753607565614e-17,-2.6232803121287e-06,-3.55411087181937e-18,0.000126127829276945,5.58966778900192e-13,5.13015096571433e-17,-4.05205870242289e-17,9.40543912938729e-05,-0.000803344526240095,2.43312741061533e-16,2.43919729313284e-16,1.93666296297739e-16,1.87782842809218e-16,7.19888004292196e-06,-3.15554345061319e-16,-5.79197011479858e-17
"t87",-0.163406993671441,0.0600021847023686,0.0054926298683182,0.00322813384970735,-0.0788000875699901,-0.000578937699946522,-0.00182766901888686,0.0585379101692123,4.45146117044604e-05,-6.04092191958117e-06,-0.0104750933111067,-8.04113586456295e-05,6.33692927326512e-06,-0.0281818541644131,0.00285079821442727,0.00274606132726151,0.154434055264557,0.000256436654333679,0.001878121081755,-0.650587981226445,-8.05698609811743e-05,0.0184145109530656,-0.000161681721744494,8.7857529855212e-05,-2.43266828488312e-05,0.000204674453635312,-8.58390257631458e-05,0.000330650300187283,0.000112377678266377,-2.65073782368232e-05,-5.10635205449965e-05,0.000100260231024995,4.43203240524999e-06,-1.22216388521272e-05,2.22685927391106e-06,-1.39578191823457e-16,6.41457028546699e-16,3.18829116047146e-17,0.0014748530574856,-4.85430485689525e-06,-3.38704710728171e-06,-7.3369227241174e-05,0.00947048662444022,-5.98335847831061e-06,0.707106781197831,-7.30909950215353e-06,-0.0186676349539561,0.000218229186815258,-0.000417932568516964,1.38690887730353e-16,-2.60469661716552e-16,1.45474309159388e-05,-5.03686000324355e-05,-1.11512612409079e-05,-2.49311601203235e-17,0.00932915319707763,3.88983639415773e-07,-2.88590348278631e-17,1.0691020737484e-17,4.16203403194167e-16,1.80778879982973e-07,5.82626782070002e-17,2.63354746801031e-06,-9.9847683075738e-07,1.55550763053355e-16,-6.32995223805149e-17,-4.87466832030108e-17,1.76084651707558e-16,3.72640286683268e-16,1.43906411009031e-16,0.000981070749390056,2.65449622558538e-16,8.99122803563374e-18,2.13560634180285e-17,-2.62328031214946e-06,1.88439583466479e-17,0.000126127829294228,5.58770901049701e-13,5.8929320546386e-17,8.69312293526432e-17,9.40543913071576e-05,-0.0008033445263464,-1.36701441864988e-16,-7.83234387719489e-18,-5.85271479404068e-17,6.50642051829695e-17,7.19888004294018e-06,-9.09530928538683e-17,-1.96749311287075e-16
"t84",-0.174351793323469,0.0691602756950621,0.00712303882602989,0.00479697725233987,-0.138797658101038,-0.00119494476043769,-0.00524252856834578,0.188077492583326,0.000168002560862274,-3.32898142019894e-05,-0.23073776645748,-0.00919846572046859,-2.94735862014228e-05,0.0239048609758982,-0.00174019609086087,-0.00147428378373772,-0.078364670508816,-0.000117789856330805,-0.000285136816243037,0.0876085130076649,5.26919020821248e-06,0.000499355614885358,-1.38713341370222e-05,8.10940589306142e-06,-3.04143862517314e-06,2.63354749865941e-05,-1.13264744316388e-05,4.80668513008142e-05,2.00911540398502e-05,-4.80199193472058e-06,-9.32215166330949e-06,1.85679398378791e-05,8.21960997889851e-07,-2.34569796173653e-06,4.49625311574027e-07,1.32925512654088e-16,-5.8484290447046e-17,-8.25358084731573e-17,0.000322394144586291,-1.08099811441803e-06,-7.93381429203561e-07,-1.72451253146882e-05,0.00224302970397261,-1.4846709922231e-06,-2.05155569747748e-12,-1.986212848578e-06,-0.00514956542820225,6.8770259172464e-05,-0.000170297570726432,4.60087087196717e-16,-5.68407200301053e-16,1.8184403720753e-05,-8.6315719962874e-05,-5.09507829663443e-05,-5.02549066396673e-15,0.23393337549733,-1.88802449587318e-06,3.27363136616268e-16,-2.64711557330032e-16,3.58533155082677e-16,-5.0634480655787e-09,1.11822171620469e-16,8.44809411727591e-08,-3.39079364341296e-08,-1.14442211070685e-17,8.35748925622926e-18,-2.09797318052402e-16,-2.37787793125937e-17,-2.63977479198624e-15,4.51628912592764e-17,4.59596472115245e-05,-1.91554617620062e-17,-3.88311644974689e-16,3.23943338079792e-16,3.04812983568936e-07,-3.31848715291329e-17,-2.38188597668264e-05,-1.02268707952643e-11,-2.42946540715447e-16,-6.1525168323506e-16,-5.59917428110362e-05,0.881181093350552,-3.87868937328596e-17,2.88026293101086e-16,1.3368600308116e-16,6.07590175284939e-16,0.00348306384666494,-7.32100720678981e-16,-8.85323372851316e-17
"t97",-0.17448328343625,0.0692677871445045,0.00714159106368068,0.0048142870205789,-0.139438742685544,-0.00120136630400992,-0.00527676130231211,0.189362504747266,0.000169211881421267,-3.35506423893451e-05,-0.232771274686744,-0.00928184706373791,-2.97831196845039e-05,0.0242687879915715,-0.00176957882003418,-0.00150022792405272,-0.0797690620311882,-0.000119969689107276,-0.000292382272861269,0.0898954727740189,5.42525125400706e-06,0.000517997893477562,-1.45082461405766e-05,8.49196340246827e-06,-3.20838338601498e-06,2.78081898278937e-05,-1.19707688072679e-05,5.10082478501069e-05,2.15988303853276e-05,-5.16799993866088e-06,-1.00392972610872e-05,2.00215914754609e-05,8.86423253510004e-07,-2.53783643792103e-06,4.89047767786906e-07,-3.13145065976675e-17,6.91328899130516e-17,5.42721183796399e-17,0.000354072632396008,-1.1901801598678e-06,-8.79803493118031e-07,-1.91332766028285e-05,0.00249142508216071,-1.66077182985752e-06,-2.31224243357139e-12,-2.25345304265961e-06,-0.00585597728534232,7.97321087783326e-05,-0.000203194917492062,4.18916193248839e-16,-7.13269589890893e-16,2.2770186024194e-05,-0.000108600940706988,-6.45847372973476e-05,-5.98597985640349e-15,0.297543052907008,-2.412073323321e-06,1.12424500134352e-15,-3.80072390081097e-17,3.01711888569627e-17,-7.28353166803497e-09,-2.06172254872213e-16,1.33752491570174e-07,-5.40138437071964e-08,-1.9735354967215e-16,4.81649223695231e-17,-2.34002283715265e-16,1.83046020860536e-16,2.1320971247199e-15,-5.60784386815494e-17,0.000157362234875525,-1.76073569149056e-16,1.13273301639101e-16,5.34517026044312e-17,-6.4494913549519e-07,1.71550169417951e-17,3.4298653727451e-05,1.36523415386618e-11,1.09392402064425e-16,3.49974397944668e-16,3.80954191162494e-05,-0.273451551812982,-4.5542480571299e-16,-2.4026649204175e-16,1.86323054778914e-16,-8.85571015616144e-16,0.406922158912182,0.707106781186547,2.71302408761888e-16
"t98",-0.17448328343625,0.0692677871445045,0.0071415910636807,0.00481428702057891,-0.139438742685544,-0.00120136630400992,-0.00527676130231212,0.189362504747266,0.000169211881421269,-3.3550642389357e-05,-0.232771274686744,-0.00928184706373789,-2.97831196845099e-05,0.0242687879915715,-0.00176957882003395,-0.00150022792405277,-0.0797690620311882,-0.000119969689107435,-0.000292382272861214,0.0898954727740193,5.42525125424298e-06,0.000517997893477527,-1.45082461405766e-05,8.49196340232949e-06,-3.20838338598028e-06,2.78081898281157e-05,-1.19707688073234e-05,5.10082478500317e-05,2.15988303854386e-05,-5.16799993854813e-06,-1.00392972614965e-05,2.00215914753039e-05,8.86423253723835e-07,-2.53783643782844e-06,4.89047767967643e-07,-5.76011583465457e-17,-1.33745623117696e-16,-1.68126910985063e-16,0.000354072632396243,-1.19018015993502e-06,-8.79803493151858e-07,-1.91332766026897e-05,0.00249142508216046,-1.66077182976385e-06,-2.3124651975314e-12,-2.25345304257635e-06,-0.00585597728534287,7.97321087781661e-05,-0.000203194917491895,-5.0603236482166e-16,-5.42679197111029e-16,2.27701860242564e-05,-0.000108600940706891,-6.45847372973264e-05,-6.40388128225271e-15,0.297543052907008,-2.41207332320144e-06,1.81555686880284e-16,-8.9193968526756e-18,4.38979351551505e-16,-7.28353163675574e-09,1.14879758176132e-16,1.33752491363742e-07,-5.40138442844257e-08,-1.17457058296973e-18,-5.94097472256164e-17,-8.02043428833218e-16,-1.16941415956377e-16,1.8920886450495e-15,-3.88783672775325e-16,0.000157362234876069,-6.77971021011237e-17,1.98067537889834e-16,-4.29001375487922e-18,-6.44949135481312e-07,4.31024819992281e-17,3.42986537274423e-05,1.36520136378891e-11,1.47099997190743e-16,-1.25925285254517e-16,3.80954191167094e-05,-0.273451551812982,6.19135679493569e-16,-8.9296600769251e-16,-1.12477379644827e-16,1.52769640798011e-15,0.406922158912181,-0.707106781186548,9.82488149719398e-16
"t96",-0.174481532443385,0.0692663560108393,0.00714134422980604,0.00481405682724539,-0.139430221323096,-0.00120128097863822,-0.00527630668737965,0.189345442056429,0.000169195826543335,-3.35471806831226e-05,-0.232744298375893,-0.00928074106566846,-2.97790166838392e-05,0.0242639745282218,-0.00176919048752211,-0.00149988514926682,-0.0797505099157699,-0.000119940901061488,-0.000292286884586521,0.0898653737551256,5.42320053531498e-06,0.000517753757247892,-1.4499936174639e-05,8.48697475727689e-06,-3.20621348576938e-06,2.77890561760641e-05,-1.19624014424946e-05,5.09701167082367e-05,2.15793953495386e-05,-5.16328405611791e-06,-1.00300597140057e-05,2.00028771388926e-05,8.85593410281582e-07,-2.53536639318892e-06,4.88542115672543e-07,5.55833453903609e-17,-2.13777369863154e-17,4.89206794495604e-17,0.000353667961079912,-1.18878688287055e-06,-8.78703932635788e-07,-1.91092583872766e-05,0.00248826683786386,-1.65853924606607e-06,-2.30975895019429e-12,-2.25008428830775e-06,-0.00584708068196799,7.95951002226514e-05,-0.000202788209140027,-1.08887739449653e-16,-7.8905830033269e-16,2.27144710877149e-05,-0.000108330636722326,-6.44197918513671e-05,-6.15037368297834e-15,0.29677439183015,-2.40575026770032e-06,5.0736143983719e-16,-5.45430081652844e-17,1.03861327009578e-16,-7.25772646452058e-09,4.1172148806262e-17,1.33194631914135e-07,-5.3786560075611e-08,-3.91996386972327e-16,-3.62472206232848e-17,-2.58200394041209e-16,3.78839606755693e-17,-4.59498433226513e-17,-2.99951951133555e-16,0.000156254593815753,-2.70224392689575e-16,-3.48816454953078e-16,-2.25894892299007e-16,-6.37543362227988e-07,-2.84170506286909e-17,3.3872215425737e-05,1.34788174493469e-11,1.78264581127363e-16,2.66352146541234e-16,3.7523152207084e-05,-0.268389097318951,-1.06605333818052e-16,6.9257217501437e-16,-5.12827358625222e-17,-1.10486504978802e-15,-0.817812007448647,8.73049865665943e-16,-1.5638290960007e-15
"t88",-0.173805972494359,0.0687127836902193,0.00704554491180475,0.00472442734416069,-0.136101496611631,-0.00116786900764209,-0.00509762334885526,0.182632525573046,0.000162871957540013,-3.2180843460264e-05,-0.222063079944375,-0.00884246734152836,-2.81455525836613e-05,0.0223181205274204,-0.00161135660038686,-0.00136024416558497,-0.0721847126626819,-0.000108178374280232,-0.000252422632580296,0.077257856889806,4.55424059536691e-06,0.000411631534837656,-1.07827845463315e-05,6.24604684040797e-06,-2.2057841171162e-06,1.89366154977888e-05,-8.07845763181603e-06,3.30087845462622e-05,1.19773187498978e-05,-2.8237817807919e-06,-5.43606661381965e-06,1.06516701945912e-05,4.70738172798305e-07,-1.28537454425169e-06,2.27396144474208e-07,2.46578205935582e-17,-3.3099246129782e-16,1.26463836468883e-16,0.000136633140983333,-4.34121100747163e-07,-2.65718480468207e-07,-5.69204696175205e-06,0.000715873404999345,-3.68664036931067e-07,-3.43246341152519e-13,-1.83250772715915e-07,-0.000333379427248925,-1.30649077273726e-05,0.000113954072575931,-9.99349821881644e-17,1.51149968856079e-15,-3.46459699040423e-05,0.00017883861412955,0.000119922714019578,1.2302491854034e-14,-0.583044531299256,5.0658351891719e-06,-8.39101584258688e-16,3.31771111122608e-16,-4.97731787305911e-16,1.531246884897e-07,1.51714545278314e-16,1.8032135951293e-06,-6.78096795499183e-07,5.4839498332237e-16,-1.22187834106402e-16,8.07419905321907e-16,-3.86348959427867e-16,-8.53883749731693e-16,8.10792240586554e-16,0.000522372463822009,-1.4818407176966e-16,6.76844763930115e-16,-7.03424793871827e-16,-1.30851066633408e-06,-3.70715347628071e-15,6.27680168155814e-05,0.707106781169988,5.41931739500324e-15,1.80565557243658e-15,4.7470768627926e-05,-0.0310961569483338,7.3399740131883e-16,1.09296575555917e-15,5.66803669401053e-16,2.83024631003538e-16,0.000225581716177047,1.08356322469632e-16,-1.64449886637864e-16
"t73",-0.173805972494321,0.0687127836901884,0.00704554491179944,0.00472442734415578,-0.136101496611449,-0.00116786900764028,-0.00509762334884565,0.182632525572686,0.000162871957539706,-3.21808434601637e-05,-0.22206307994381,-0.00884246734150524,-2.81455525836329e-05,0.0223181205273227,-0.00161135660037892,-0.001360244165578,-0.0721847126623103,-0.000108178374279649,-0.000252422632578492,0.0772578568892293,4.55424059528364e-06,0.000411631534833503,-1.07827845464703e-05,6.24604684024144e-06,-2.20578411700562e-06,1.89366154972337e-05,-8.07845763162174e-06,3.30087845454546e-05,1.1977318749419e-05,-2.82378178064098e-06,-5.43606661345189e-06,1.06516701943865e-05,4.70738172775483e-07,-1.28537454439828e-06,2.27396144525382e-07,-7.10164956623725e-17,4.543254181983e-16,2.06956429034914e-17,0.000136633140979725,-4.34121100529455e-07,-2.65718480206047e-07,-5.69204696175551e-06,0.000715873404977196,-3.68664036842596e-07,-3.43318357229332e-13,-1.83250772743671e-07,-0.000333379427236657,-1.30649077262901e-05,0.000113954072569894,4.47879570403154e-16,1.18356766162733e-15,-3.464596990169e-05,0.000178838614117454,0.000119922714011313,1.2117604304462e-14,-0.583044531258168,5.0658351888268e-06,-1.16278745228359e-15,-9.6863832491916e-17,-4.18520952971364e-16,1.53124688396893e-07,-1.21497102355478e-16,1.80321359487257e-06,-6.78096794118344e-07,-2.77215055252679e-17,2.03124553953685e-17,7.06127549354582e-16,2.89511403254144e-16,2.21003601432856e-17,-6.30590857879217e-16,0.000522372463641174,1.00773803135744e-15,-4.73516636026559e-16,9.01603097675315e-16,-1.30851067027538e-06,3.70020581117533e-15,6.27680158389876e-05,-0.707106781203105,-5.30643729020315e-15,-1.57777796014055e-15,4.74707687130385e-05,-0.0310961569752989,-7.8788173532301e-16,-9.06517002403295e-16,-3.72653856177118e-16,4.60739174992073e-17,0.000225581716240098,-2.13784603818554e-16,-1.98469764456735e-16
"t19",-0.158029576835537,0.0548486312746783,0.0043708202995619,0.00187644111470021,-0.0108032574858602,0.000321560826419099,0.00690711406427405,-0.353942886229246,-0.000521069699163779,0.000962270650833851,-0.0777649991789356,0.0123063282306887,-0.000180373187157811,0.0331003770360974,-0.00169837179725085,-0.00118339839796031,-0.0565020127749206,-6.64320391354778e-05,-0.000108683132485174,0.0078820576409427,-8.4122100947881e-06,0.00282559220006057,-1.47294556337718e-05,6.62195236936225e-06,1.33185617214905e-06,-1.57032541305002e-05,8.43702696717852e-06,-6.88916952639401e-05,-8.68028953389388e-05,2.23311437905806e-05,4.52923467963526e-05,-9.80339152972919e-05,-4.37598045603839e-06,1.54184269174271e-05,-4.21631168273059e-06,-2.02259724588257e-17,-2.80940799542689e-16,-5.50128058448982e-16,-0.00659364954497924,2.89692788645016e-05,9.07573760117735e-05,0.00248426475709584,-0.746801654996086,-7.56589581729326e-05,-5.93303107735378e-12,-2.65947936055116e-05,-0.0214616742211114,0.000800312345893534,-0.516330975089433,7.74263355499273e-16,-7.78669705446151e-16,2.67504902676258e-05,-9.05768108551396e-05,-1.77522888603256e-05,1.21835778490465e-16,0.00203957735644171,8.56658441256196e-07,-5.76817473927053e-17,5.80629367465107e-17,-8.92442067758796e-17,3.08933755734271e-07,4.19227228779665e-17,4.32604600932029e-06,-1.63715384073407e-06,-6.09227912698717e-17,1.71587307208752e-17,-8.05840305678997e-17,-1.08104314813788e-16,-7.62688159223796e-16,-7.71600884572246e-17,0.000404760071987691,6.12798793290439e-17,-2.63073695815669e-16,-2.65567957257268e-17,-3.89855220417346e-06,-4.57296007806277e-17,0.00749546832444892,1.02829364955359e-13,9.8656163960091e-17,9.09420706878412e-18,3.73876110117549e-05,-0.000153697154461396,2.02985220282605e-16,3.02658497799526e-16,3.92763950995298e-17,1.78777440676172e-16,1.36650348303579e-06,-4.29192935708913e-17,-2.0123338163913e-17
"t24",-0.158605670249258,0.0552675466181881,0.00442798220323451,0.00191117017075698,-0.0110648315268452,0.000330771060760069,0.00715381694186872,-0.367261964971988,-0.00054190207437785,0.00100476937341922,-0.0817185005156121,0.0129537248490028,-0.000191759526479277,0.0365305400576389,-0.00190306827871423,-0.00133521731265421,-0.0639558814776918,-7.56442147139824e-05,-0.000134897294565062,0.00988859542164588,-1.12316255547751e-05,0.00465893623912606,-4.31929740520171e-05,2.31876254117858e-05,-5.38645373805019e-06,4.35772878793483e-05,-1.75420641882473e-05,5.24476623030369e-05,-1.0649497392351e-05,3.36430371656107e-06,7.52631794215947e-06,-1.89678613705599e-05,-8.57988890205774e-07,3.91087200950387e-06,-1.36120395269335e-06,4.61681295144948e-17,1.13589882150281e-15,-5.77323290689404e-17,-0.00264331337852466,1.20120864317442e-05,4.03532114172991e-05,0.00110868933258309,-0.335909427870749,-3.52905797896489e-05,-2.81908773620711e-12,-1.26595886153023e-05,-0.0101870968171334,0.000334208037091027,0.836711670727894,-2.10433850605059e-15,1.01821303512755e-15,2.36886866705928e-05,-7.89053289023468e-05,-1.51597431098452e-05,-8.7761967312919e-16,0.00172889769975089,7.20112585533839e-07,2.41145212155087e-16,2.9124593421595e-17,3.22673867740064e-16,2.43965869822955e-07,1.10348639857676e-16,3.39632495988118e-06,-1.28511261091036e-06,-1.38024685402885e-16,2.98343400616723e-17,2.09773923527757e-16,7.62443997622742e-17,5.17029758036972e-16,1.25574477505177e-16,0.000318082323789395,7.54335683769517e-17,2.99097558104463e-16,1.18449907008943e-16,-3.10803906494739e-06,4.34604487754978e-17,0.0129113325476521,7.62647457483032e-14,1.20508315997371e-17,1.26652584390524e-16,2.93424620722987e-05,-0.000121097357554945,1.64628802986005e-16,9.61453878854321e-17,-5.68271503788744e-17,-1.67311265554965e-16,1.08461921476935e-06,-8.09071795046858e-17,-1.80420174340891e-16
"t85",-0.159841253473918,0.0561651843060304,0.00455031603716945,0.00198540651596482,-0.0116232936966039,0.000350417081255879,0.00767931086100678,-0.395622001852271,-0.000586240087483087,0.00109514929983554,-0.090115995952099,0.0143284048231333,-0.000215893455995166,0.0437564669302567,-0.00233331925947701,-0.00165401640398127,-0.0796010876101994,-9.49645034667712e-05,-0.000189336956446406,0.0140513437594549,-1.70496927269781e-05,0.00839538780796928,-0.000100327759332525,5.63613559373399e-05,-1.86355795082933e-05,0.000160231022195728,-6.85597592793713e-05,0.000288480705790863,0.000132433021398991,-3.21547960483305e-05,-6.3055821839156e-05,0.000128223548488125,5.68858511582697e-06,-1.7280467039759e-05,3.79925452005507e-06,-6.93052570985526e-17,-2.41725999941535e-16,1.36569694056604e-16,0.00421994567098891,-1.71102546612728e-05,-4.30458702461044e-05,-0.00116081975293567,0.337582886117989,2.79240565169191e-05,1.76999912945725e-12,6.58821960808874e-06,0.00497333620842436,-9.77019258368086e-05,-0.109013034904194,5.13886145675911e-16,-1.83569157588669e-16,2.20000431642997e-07,-1.4714688342278e-06,-4.88281941858626e-07,2.92798257423818e-16,6.57459062563155e-05,3.26056674009598e-08,8.12752031396495e-17,-9.97722096172155e-17,-1.83517613777074e-16,3.93335774931738e-08,8.19364133827947e-17,7.0156532729071e-07,-2.68342547501965e-07,-2.29477041125505e-16,-1.3977503368601e-16,-3.11977905920181e-16,-2.1031306676961e-16,-1.17122887858525e-15,2.17423981351613e-16,0.000104769146343872,4.58472664966579e-17,2.24718707733687e-17,3.658110640362e-16,-2.96934217997036e-06,1.6915890772051e-16,0.400879654474335,-2.50137111956951e-13,2.76225537358333e-16,-4.10750990231749e-16,-5.95779574633082e-07,-1.74599318552571e-05,2.35211344339171e-15,-0.707106781186548,4.57796593808009e-15,7.10149104872225e-16,3.15179809365395e-07,-2.89891036378597e-16,-1.25611587145672e-16
"t92",-0.159841253473918,0.0561651843060304,0.00455031603716945,0.00198540651596482,-0.0116232936966039,0.000350417081255874,0.00767931086100677,-0.395622001852271,-0.000586240087483122,0.00109514929983549,-0.090115995952099,0.0143284048231333,-0.000215893455995152,0.0437564669302567,-0.00233331925947702,-0.00165401640398121,-0.0796010876101993,-9.49645034668354e-05,-0.000189336956446361,0.0140513437594551,-1.70496927270614e-05,0.00839538780796919,-0.000100327759332719,5.63613559374787e-05,-1.86355795082638e-05,0.000160231022195659,-6.85597592792603e-05,0.00028848070579084,0.000132433021398759,-3.21547960482615e-05,-6.30558218391586e-05,0.000128223548488224,5.68858511567098e-06,-1.72804670397451e-05,3.79925451987964e-06,5.59394938392779e-17,-5.21884001101801e-16,1.61681012028402e-16,0.00421994567098877,-1.71102546611141e-05,-4.3045870246344e-05,-0.00116081975293583,0.337582886117989,2.79240565168488e-05,1.77048212164136e-12,6.58821960816008e-06,0.00497333620842461,-9.77019258366907e-05,-0.109013034904194,2.51615312124333e-16,-8.30740121545669e-17,2.20000431629119e-07,-1.47146883407384e-06,-4.88281941789237e-07,2.28700897977455e-16,6.57459062563398e-05,3.26056673926114e-08,-6.46736402335908e-17,-6.1618948458751e-17,7.4254597495137e-17,3.93335775469503e-08,3.17132172432704e-17,7.01565327276832e-07,-2.6834254734584e-07,5.78206041528633e-16,1.10933763087155e-16,1.81087243866762e-16,7.3232934166249e-17,-8.19905023052587e-16,-7.40561736241105e-16,0.000104769146343854,3.00097724588265e-17,-1.18078932499333e-15,-6.38312694321731e-17,-2.96934218041445e-06,6.26127525988208e-16,0.400879654474335,-2.5225391186792e-13,-2.11465223308487e-18,-1.66054666232999e-16,-5.95779573897559e-07,-1.74599318556734e-05,-1.95712595454349e-15,0.707106781186547,-4.34629018191499e-15,-7.94673167836052e-17,3.15179810813889e-07,-2.33921821628102e-16,-1.80287834447483e-16
"t80",-0.159768982366968,0.0561128646604901,0.004543218668059,0.00198111870788855,-0.0115911821930994,0.000349291238178423,0.00764935221063113,-0.394007378928588,-0.000583719940606339,0.00109002687992422,-0.0896421547078079,0.0142509248464736,-0.000214542074815799,0.0433605479663238,-0.00230992695069747,-0.00163674140391547,-0.0787545951739449,-9.39220391874987e-05,-0.000186494807679394,0.0138347479875696,-1.67521279066316e-05,0.00821153837878941,-9.76391958810163e-05,5.4810733150279e-05,-1.80417090834134e-05,0.000155032048874057,-6.62981981496003e-05,0.000278269354818829,0.000126730445747014,-3.07494249133927e-05,-6.02753738983136e-05,0.000122474149516948,5.4330901414375e-06,-1.64714647583677e-05,3.60949446886257e-06,-1.28780806823319e-16,-6.05786186661073e-17,1.81711404384098e-16,0.00398516060321474,-1.61332624402273e-05,-4.04069427527598e-05,-0.00108931238966703,0.316564634622659,2.60701547436029e-05,1.64448316411774e-12,6.09647618724819e-06,0.00459542315523925,-8.9180863775018e-05,-0.0977012975040486,4.83666143750902e-16,-3.57819777689227e-17,1.91121089163082e-07,-1.27433414609773e-06,-4.20814258605962e-07,1.68869964484992e-16,5.65355110979382e-05,2.79566227598393e-08,-8.8109086234471e-17,3.33445135184646e-18,1.94499495491715e-17,3.11555704256283e-08,-2.98328615423241e-16,5.20096152090144e-07,-1.98080021690528e-07,-1.68341184369721e-16,-1.14662470269311e-16,-3.49994650686081e-17,1.73936190088252e-16,2.27734696978978e-15,3.51635428090108e-16,4.30080774562885e-05,-4.29383432175637e-16,9.74411448401276e-16,-1.87869288520836e-16,3.27894332601691e-06,-7.95471250183552e-16,-0.823630967176266,5.96009381033631e-13,-1.67164459126356e-16,6.24456490101289e-16,2.99139336464652e-05,-8.47985292014852e-05,-4.58457053814676e-16,-1.98716342628361e-17,6.32924043722101e-17,-2.05151940104147e-16,5.32309726161413e-07,-3.17743642649337e-16,-1.13557627368679e-16
"t37",0.0264220249768562,-0.00876542079286581,-0.0218302563276611,-0.0147361684940954,0.0376255886323691,-0.0111727190145566,0.100062200787529,-0.00522375539013029,0.00446319843323293,-0.017651720581093,0.031017025111251,-0.681211000443207,0.0307303432676669,0.0925936172045358,0.0268776864514179,0.00105619868935533,0.00422633923379905,-0.00732417747680393,-0.0108981811860339,0.000896933090988458,-0.000865748092703635,0.00454021495722974,-0.003299767404172,0.00176795082780422,-0.000468244767745489,0.00392388678511856,-0.0016395172091835,0.00123981714726494,0.00206055100206918,-0.00048458998780397,-0.000931810911320687,0.00182305960656127,8.05595786787074e-05,-0.000219990721639406,3.92992173415162e-05,-1.27856151147813e-16,-1.12023137164701e-16,3.52404062147236e-16,0.000529490482639238,-8.2929400482475e-05,-3.9666460572039e-05,-0.000741914178065325,0.000616507792608191,-0.000118331216187639,-6.03987346248225e-14,-8.6583423133011e-05,-0.00031845487492199,0.000100187517379998,-3.21296280754151e-05,-7.61543605953818e-16,-1.4174018394351e-15,0.000261787595583901,-0.000188912279101928,-0.000172394330519753,3.69959534334253e-16,8.55466899605719e-05,8.7522472858793e-06,-2.21073448734946e-15,-3.67812387218546e-15,-0.707106781186547,3.34896016572039e-06,2.01719334201732e-15,4.83412975732112e-05,-1.83205822302632e-05,8.72156756756075e-16,5.98791527381361e-17,5.86761715585039e-17,-5.2585656321411e-17,-1.83495816203772e-17,-1.05818132034585e-16,2.2125872071798e-05,4.8095208371457e-16,-3.94298472437898e-16,1.18413409091381e-16,-4.7060556044142e-05,1.00497287450463e-16,1.06483032907174e-05,6.16520723362157e-15,1.93334968920505e-16,2.42445204555358e-16,2.18696705959597e-06,-9.05607198351064e-06,2.15322551455621e-16,4.27175655959289e-16,-1.48392766755714e-16,1.35187438534443e-16,8.35368093006841e-08,-2.74628410290578e-16,-1.97508447406283e-17
"t35",0.0264220249768562,-0.0087654207928658,-0.0218302563276611,-0.0147361684940954,0.0376255886323691,-0.0111727190145566,0.100062200787529,-0.00522375539013022,0.00446319843323294,-0.0176517205810929,0.031017025111251,-0.681211000443206,0.0307303432676668,0.0925936172045356,0.0268776864514179,0.00105619868935534,0.00422633923379884,-0.00732417747680391,-0.010898181186034,0.000896933090988388,-0.000865748092703674,0.00454021495722988,-0.0032997674041719,0.00176795082780411,-0.000468244767745367,0.00392388678511857,-0.0016395172091836,0.00123981714726508,0.00206055100206928,-0.00048458998780386,-0.000931810911320592,0.00182305960656125,8.05595786786367e-05,-0.000219990721639797,3.92992173413388e-05,5.13096648785185e-17,8.69680308239706e-17,-3.45410719931368e-16,0.000529490482639622,-8.29294004821582e-05,-3.96664605718568e-05,-0.000741914178065374,0.000616507792608166,-0.000118331216187778,-6.09070086032837e-14,-8.65834231324091e-05,-0.000318454874921472,0.000100187517381461,-3.21296280758939e-05,8.65627014512427e-16,1.38784146028374e-15,0.000261787595583132,-0.000188912279104275,-0.000172394330518456,-3.88884580748461e-16,8.55466899595987e-05,8.75224728541586e-06,2.28629916023473e-15,3.6018083527233e-15,0.707106781186548,3.34896016622769e-06,-1.99310746950257e-15,4.8341297573572e-05,-1.83205822298876e-05,-8.26013541968406e-16,-9.85980149478863e-17,-6.49901981531499e-17,5.09888502241192e-17,5.57202686939658e-16,4.42354486374086e-16,2.2125872072367e-05,-9.33281230075522e-16,3.41607672905442e-16,3.57492045639461e-17,-4.70605560440648e-05,-8.4037213404432e-17,1.06483032910019e-05,6.21377949094892e-15,-9.75822453482946e-17,-2.14450423686868e-16,2.18696705980587e-06,-9.05607198326041e-06,-7.00394603425636e-17,-3.7470027081099e-16,2.4865777579128e-16,7.71743275178338e-17,8.35368094169106e-08,-2.39717100336545e-16,-2.36682475358232e-16
"t65",0.0777219284702778,0.0167017058799369,-0.121502924306124,0.113496244454113,-0.0134349598749627,0.326301100037847,-0.0294211830250704,-0.000520357793663698,-0.0319879870869856,0.00201459072694814,-0.000762739334636828,0.0153653685087226,0.0149519400386023,0.00742600542816734,0.106101514560979,-0.000234471453762709,-0.000691578326445515,0.0351807492016028,-0.000938512104256137,1.24306180975938e-05,-0.000501223621778315,0.000163972977369564,-0.000727326070299558,0.00141712121683628,-0.000347929018213702,0.000962902060538266,-0.00149862283872705,5.69560410528829e-05,0.00049574042172916,-0.000410313271865982,-0.000218910054859412,0.000437862818636765,0.000122275284694744,-5.24490481437102e-05,9.32699373208116e-06,-1.58814652948048e-16,-2.85801777013773e-16,1.33990813202256e-16,2.58881795819343e-05,-6.38736628464247e-05,-8.01597731394694e-06,-0.000148200403766616,2.555986082272e-05,-1.63136789993203e-05,-2.4980018054066e-15,0.548250089353004,-0.000106168585634388,1.10724994616465e-05,-3.59344464669759e-06,-6.45317133063372e-16,-8.61446367715171e-16,0.180912296506363,6.75957581903941e-05,7.72381043085933e-05,-5.67283023126626e-16,-5.47735961863721e-06,-1.39617144852213e-06,-2.31240637081663e-16,-9.97886499823416e-17,3.31972268444578e-16,7.38524627781449e-07,-4.99524966309734e-16,1.27312628532897e-05,-0.0072487519957807,4.97471008624539e-16,-2.84328229861146e-16,-4.95702733108131e-16,-6.29631463329958e-17,1.83181577733688e-16,-1.52655665885959e-16,1.37363488401931e-06,2.71831168685566e-15,-0.707106781186547,1.068113178218e-13,-4.25552315807265e-05,-1.07622641865025e-15,6.87821566577873e-07,9.85322934354826e-16,-5.23485712169569e-16,1.02896344304391e-16,1.42336413943428e-07,-5.93140290768707e-07,6.28837260041593e-16,-3.66894015169095e-16,-2.84814252491358e-16,5.63489918946059e-16,5.60295463844507e-09,-2.9620403352304e-16,-8.8965475179258e-17
"t66",0.0777219284702778,0.0167017058799369,-0.121502924306124,0.113496244454113,-0.0134349598749627,0.326301100037847,-0.0294211830250704,-0.000520357793663688,-0.0319879870869856,0.00201459072694817,-0.000762739334636841,0.0153653685087226,0.0149519400386023,0.00742600542816737,0.106101514560979,-0.000234471453762705,-0.000691578326445541,0.0351807492016028,-0.00093851210425613,1.24306180976092e-05,-0.000501223621778324,0.000163972977369561,-0.000727326070299544,0.00141712121683635,-0.000347929018213471,0.000962902060538361,-0.00149862283872705,5.69560410529059e-05,0.000495740421729007,-0.000410313271865984,-0.000218910054859322,0.000437862818636875,0.000122275284694546,-5.24490481439299e-05,9.32699373196885e-06,3.89255369646897e-17,-1.28570085282022e-16,5.62657983821204e-17,2.58881795820384e-05,-6.38736628465404e-05,-8.01597731385555e-06,-0.000148200403765984,2.55598608227617e-05,-1.631367899946e-05,-2.87270207621759e-15,0.548250089353004,-0.000106168585634215,1.10724994618686e-05,-3.59344464714167e-06,-9.05525654459893e-16,-1.18543031743845e-15,0.180912296506364,6.75957581900276e-05,7.72381043084268e-05,-7.8802173026199e-16,-5.47735961846374e-06,-1.3961714484226e-06,5.41102205855873e-16,1.47823262079206e-16,-3.60688303789338e-16,7.3852462814791e-07,6.18966171705962e-16,1.27312628536158e-05,-0.00724875199578036,-1.69334266224243e-16,1.90811708375468e-16,-2.60043216611955e-16,1.70480718199872e-16,-5.67844791518168e-17,-8.67361737988404e-17,1.37363488716957e-06,-2.13024042849952e-15,0.707106781186547,-1.06751614234871e-13,-4.25552315796267e-05,1.1738732113305e-15,6.87821568368108e-07,6.93889390390723e-18,6.05177357819116e-16,-8.94194571242327e-17,1.42336413624239e-07,-5.93140290683705e-07,-6.83481049534862e-16,6.88685219962792e-16,4.81421837397994e-16,-2.78313752929939e-16,5.60295446497272e-09,-3.98986399474666e-16,-2.30071907950733e-16
"t45",0.0777648952873714,0.0167208835950284,-0.12173904428452,0.113804801161866,-0.0134821739473448,0.327645178523435,-0.0295701283726889,-0.000523122451105963,-0.0321676922879788,0.00202698831686802,-0.000768071121896603,0.0154761245608873,0.0150786396003423,0.00752180829224468,0.10764672177542,-0.000238057751996785,-0.000702388256279329,0.035752207216333,-0.00096112262003245,1.27407449735896e-05,-0.000516009655687162,0.00017068158708211,-0.000768402221496947,0.0015008292600765,-0.000374767170201049,0.00103981443247526,-0.00162227513657627,6.23857495641486e-05,0.000571163099704973,-0.000475350680426591,-0.00025448100497774,0.000512505915877026,0.000143221080585585,-6.26369066532234e-05,1.15815349058104e-05,-1.07518417119061e-16,8.51572881394925e-17,-1.66525886144372e-16,3.57834774511456e-05,-9.18957877000435e-05,-1.369551027746e-05,-0.000257542699125281,4.62973072304917e-05,-4.72413711072924e-05,-4.78783679369599e-15,-0.345309757472175,3.12419272224217e-05,5.17739279215501e-06,-2.42068208913815e-06,6.93889390390723e-18,-2.37957361227571e-16,0.154695503550042,6.03271727629999e-05,7.62162992580442e-05,-9.23621010171101e-18,-5.80441365198581e-06,-1.70611251823255e-06,2.22450746969209e-16,-3.59653688046063e-16,-1.54340505874517e-16,2.63479609830496e-07,2.22111041373195e-16,-9.16607657100582e-05,0.829924240030488,-6.88815739244722e-16,9.12960373006773e-16,-6.62352037552505e-15,4.31762930128099e-16,-1.14726030125001e-16,-1.49186218934005e-15,1.43240996967886e-06,3.98986399474666e-16,-3.39459549504178e-16,3.08523926831688e-16,-4.21161636086978e-05,-3.69213427572972e-18,6.78381162105834e-07,1.346145417358e-15,7.35068968545556e-17,3.2958250856441e-17,1.39532443099721e-07,-5.78870532650516e-07,-3.27862736959617e-16,-1.40512601554121e-16,9.41743626808039e-17,-2.28114514408158e-16,5.40387310593582e-09,-3.52148865623292e-16,-5.55089912698872e-17
"t49",0.077791342757804,0.016732624061871,-0.121882560685381,0.113991052372165,-0.0135104741596686,0.328446583455569,-0.0296582176354155,-0.000524754030161576,-0.0322734716440767,0.00203425287844642,-0.00077117356886557,0.0155404544952968,0.015151468355297,0.00757498364641236,0.108493636231021,-0.00024001265121459,-0.000708266115170022,0.0360615339092475,-0.000972706099954702,1.28987197561478e-05,-0.000523322870432373,0.000173781355822363,-0.000785888715006983,0.0015360170988435,-0.000385167361825315,0.00106928052458001,-0.00166913939201002,6.43434563454958e-05,0.000593855649399757,-0.00049458618583303,-0.000264891969606136,0.000533911693965679,0.000149215359088057,-6.53977265337281e-05,1.21355602381148e-05,3.60307233934274e-17,9.73092943539175e-17,-2.34110116461487e-16,3.77521272611724e-05,-9.71280509103892e-05,-1.45534601486078e-05,-0.000273782484448925,4.92594949477003e-05,-5.0545295312837e-05,-5.5198901005582e-15,-0.373892276280744,3.38975258322629e-05,5.7219264130437e-06,-2.76297827300417e-06,6.40112962635442e-16,2.34897748423032e-16,0.189996982712467,7.47682418757719e-05,9.58846151697139e-05,5.981298523914e-17,-7.35509055507441e-06,-2.18309529051637e-06,9.43509133026952e-16,-3.11256883440357e-16,2.34362233655551e-16,6.74291801380138e-07,1.71658173876475e-15,5.72265497081476e-05,-0.393977419488871,-2.96398399591964e-17,4.25762857681989e-15,0.707106781186551,3.57211087742693e-15,1.24486574410309e-16,-1.2490009027033e-16,1.02382488175942e-06,-1.50053580671994e-15,-8.84661769087133e-16,6.10722550287197e-17,-3.39102523168478e-05,1.60547292109935e-16,5.51089811604011e-07,-3.81639164714898e-17,-6.15979795226394e-18,3.50488311045716e-17,1.15221271239363e-07,-4.84141983838129e-07,3.4781205693335e-16,-1.66533453693773e-16,1.99278820116388e-16,1.46221634746335e-16,4.70198394282584e-09,2.48499137933678e-16,-1.18642019144192e-16
"t50",0.077791342757804,0.016732624061871,-0.121882560685381,0.113991052372165,-0.0135104741596686,0.328446583455569,-0.0296582176354155,-0.000524754030161572,-0.0322734716440767,0.00203425287844642,-0.000771173568865586,0.0155404544952968,0.015151468355297,0.00757498364641244,0.108493636231021,-0.000240012651214596,-0.000708266115170029,0.0360615339092475,-0.000972706099954719,1.28987197561903e-05,-0.000523322870432363,0.000173781355822272,-0.000785888715006972,0.00153601709884349,-0.000385167361825341,0.00106928052457994,-0.00166913939200998,6.43434563455023e-05,0.000593855649399823,-0.000494586185833132,-0.00026489196960584,0.000533911693965817,0.00014921535908812,-6.53977265335555e-05,1.21355602380158e-05,5.36361061850603e-17,3.03625128047903e-16,3.85055675638403e-16,3.77521272612244e-05,-9.71280509105197e-05,-1.45534601483845e-05,-0.000273782484449057,4.92594949475936e-05,-5.05452953129348e-05,-5.54591095269785e-15,-0.373892276280744,3.38975258322004e-05,5.72192641293615e-06,-2.76297827283764e-06,-4.26741975090295e-16,-8.65834813950127e-16,0.189996982712465,7.47682418759714e-05,9.58846151707451e-05,4.58140441285506e-16,-7.35509055645178e-06,-2.18309529052276e-06,-3.10066541698138e-16,6.6333177251276e-16,3.32290351737441e-16,6.74291801747466e-07,-1.63318616489473e-15,5.72265497082516e-05,-0.393977419488882,8.04890865583596e-16,-5.23298022966191e-15,-0.707106781186544,-3.98906660438874e-15,4.52137777299058e-16,2.02442229646493e-15,1.02382488317149e-06,2.55004350968591e-16,3.7484318749234e-16,-7.95583910679381e-17,-3.39102523170872e-05,-1.47596906333132e-16,5.51089811298699e-07,-2.28983498828939e-16,2.11768978819486e-17,1.07030531354318e-16,1.15221271423244e-07,-4.84141984032418e-07,1.795438797636e-16,3.36536354339501e-16,-1.75737776039236e-16,2.5572118679552e-16,4.70198356465612e-09,1.12757025938492e-17,-1.6075534822731e-16
"t58",0.0775367990104295,0.016619487318603,-0.120497299671701,0.11219046890657,-0.0132364455965108,0.320677359880362,-0.0288026631456954,-0.00050889988775712,-0.0312450058184243,0.00196354917556424,-0.000740930804388652,0.0149131088761816,0.0144395830087162,0.00705114156307777,0.100127223429599,-0.000220677534713749,-0.000650098761593553,0.0329973948538379,-0.000856582715183926,1.13130941979711e-05,-0.000449456434327894,0.000142024184117039,-0.00060374902782275,0.00116858354822317,-0.000274848457762582,0.000756048107665923,-0.00116995116531934,4.32976244670364e-05,0.000342158999690957,-0.000280638281652717,-0.000148899912871344,0.000294645089040441,8.21912771683852e-05,-3.42648806270483e-05,5.79690213650926e-06,9.86533592225134e-17,-1.59588999128853e-16,-2.2218692541838e-16,1.4587676086579e-05,-3.50916274670594e-05,-4.14606662945178e-06,-7.64570154883192e-05,1.31316963132475e-05,-9.25636969927653e-06,-3.46944695195361e-16,0.00312794348908169,-1.46925891145958e-06,-2.21512013093457e-06,3.20943067439253e-06,1.83533743758346e-15,2.60591676537645e-15,-0.915630783712893,-0.000426320310030788,-0.000733987645655611,8.3593960180938e-16,6.56453993279557e-05,2.4432841298305e-05,-9.01708873241983e-16,-2.06499052996672e-16,-3.22036588320906e-16,2.82310590402112e-06,-3.36503858131255e-16,3.73770667559305e-05,-0.0261551365772541,-3.49872753349408e-16,1.84070668680021e-17,5.88777663201484e-16,-1.37046732493299e-16,3.64081395945622e-18,-2.96637714392034e-16,2.83605004869347e-06,-1.17093834628434e-17,4.88655152227135e-16,2.86823443076427e-17,-7.89508959295471e-05,-1.01334317946419e-16,1.26238827140301e-06,8.15320033709099e-16,1.05716255407363e-16,4.09212353176597e-17,2.55736086245129e-07,-1.04668749396301e-06,-1.0842021724855e-18,2.06865774510234e-16,3.30060189909515e-17,1.29455030406409e-16,9.25800103766805e-09,-3.0813025742038e-16,-1.02856590100311e-16
"t44",0.0722719617239139,0.0141931789390713,-0.0892716532353683,0.0695063332144247,-0.00638208513687512,0.117945471766047,-0.00488714383087807,-5.72694654919814e-05,-0.00125422081027974,-0.000187054405118406,0.000244464219920868,-0.00591038510776968,-0.0120357577112432,-0.0255639441496616,-0.586643309287734,0.00161987514134576,0.00532069845287452,-0.333598408140378,-0.0147677465048243,0.000168841924882989,-0.00436174459352844,0.000957368534744378,-0.0035162079995668,0.0067256649486808,-0.00151681747942874,0.0041620438948647,-0.00642906085555544,0.000237382924697236,0.00195940524131287,-0.00161812366037201,-0.000862273202580089,0.00172136138886777,0.000480616072129315,-0.000205574581681088,3.66416555884067e-05,-6.41157169344099e-17,1.32643432667295e-15,7.02776095661334e-15,0.000105283047091068,-0.000264653406474859,-3.66184087592565e-05,-0.000684304321376632,0.000121221725859797,-0.000109134820652356,-1.20268378589472e-14,-0.00134533222433713,-6.36558623029713e-05,2.01533541055593e-05,-6.49309033248432e-06,6.31439345255558e-16,0.707106781186548,0.00375629130086478,-3.65225641006095e-05,-0.00015329599786138,-1.23243872653435e-16,1.70257117549297e-05,7.82876881299827e-06,5.62362658603249e-16,-3.09127281732953e-15,-1.24443189343599e-15,3.00696295885898e-06,5.71527324794483e-17,4.33771365867357e-05,-0.000251195696832922,3.42021433697964e-16,4.04972282984316e-16,-8.15541347550586e-16,-2.01834768272771e-16,7.75976846370143e-17,5.72458747072346e-16,4.50125266869203e-06,-2.61943244872498e-16,-1.37699743340984e-16,1.27848463464647e-16,-0.000134732412039606,1.56605517195229e-16,2.17012508080261e-06,8.81239525796218e-16,1.60349782743513e-17,1.00526411416673e-16,4.46000380061734e-07,-1.84769465616172e-06,4.72278466334686e-16,-3.64291929955129e-17,1.35831326626999e-16,1.3270104965783e-16,1.70746815870287e-08,4.33680868994202e-18,-9.73581140974019e-17
"t23",0.0722719617239139,0.0141931789390713,-0.0892716532353683,0.0695063332144247,-0.00638208513687514,0.117945471766047,-0.00488714383087809,-5.72694654919777e-05,-0.0012542208102797,-0.000187054405118417,0.000244464219920869,-0.0059103851077697,-0.0120357577112432,-0.0255639441496615,-0.586643309287735,0.00161987514134578,0.00532069845287452,-0.333598408140379,-0.0147677465048243,0.000168841924883096,-0.00436174459352869,0.000957368534744398,-0.0035162079995664,0.00672566494868079,-0.00151681747942873,0.00416204389486506,-0.00642906085555547,0.00023738292469729,0.00195940524131316,-0.00161812366037182,-0.000862273202579507,0.00172136138886763,0.000480616072129278,-0.000205574581681289,3.66416555883674e-05,-1.98631523036002e-17,-1.26591844026412e-15,-7.00166731203897e-15,0.00010528304709077,-0.000264653406475207,-3.66184087594691e-05,-0.000684304321376545,0.000121221725860072,-0.000109134820652379,-1.22592908047281e-14,-0.00134533222433805,-6.36558623037103e-05,2.01533541063573e-05,-6.49309033053797e-06,-4.57966997657877e-16,-0.707106781186548,0.00375629130086065,-3.65225640992164e-05,-0.000153295997862898,3.74905317429878e-17,1.70257117517239e-05,7.82876881596898e-06,-5.16371816943177e-16,3.102034560198e-15,1.25424600916868e-15,3.00696295911789e-06,-1.16648789693893e-17,4.33771365872006e-05,-0.000251195696832783,-3.18016199531975e-16,-4.63541806768848e-16,7.96830391143727e-16,2.11258596029089e-16,5.78330625135355e-17,-5.23886489744996e-16,4.50125266881346e-06,9.8879238130678e-17,4.34582902995901e-17,-2.62946464647962e-17,-0.000134732412039686,-1.40064669783842e-16,2.17012508060832e-06,1.31145094783847e-15,6.91642990841598e-17,-5.92234336893427e-17,4.4600038033582e-07,-1.84769465621203e-06,-4.40619762898109e-16,-7.02563007770607e-17,-2.07637140227229e-17,6.45941419467176e-17,1.70746817743789e-08,-5.55111512312578e-16,-1.77469433866351e-16
"t4",0.0754661263790585,0.0155714757763246,-0.104559075798691,0.0844595235993449,-0.00639718963584677,-0.122672056480812,-0.0227370721309447,6.20330136757642e-05,0.228263778145816,0.00627334427246762,-0.00169259294365034,0.0341033172251507,0.279847880643648,0.00378617665173323,0.0326995554504474,-3.12144289290911e-05,-3.38783430798528e-06,-0.0214542949752997,-0.00185992083596116,2.24002927509102e-05,-0.00349121352702803,0.000133029843803479,3.71563370680471e-05,-0.00153759176662048,0.00798403711341583,-0.0138372454845234,0.20274595289087,0.000306974230080683,-0.000275588238611199,0.00185952037103108,0.00108948728330988,-0.0363252770097854,-0.800500951658726,-0.000326986710582926,3.84230221228753e-05,-6.83963086880062e-16,-9.56932448745884e-16,1.05627767804007e-15,0.000124389718988597,-0.364149413417369,-1.99797138993242e-05,-0.000378328489459396,6.85307902383156e-05,-6.47648492076427e-05,-8.83928347183982e-15,-0.000159682304988884,-3.79165751175272e-05,1.18165624536093e-05,-3.74972016167069e-06,9.54097911787244e-18,-9.34190225813675e-17,0.000446239246273279,-2.1640665555996e-05,-8.87721298713099e-05,5.0809951900484e-17,9.82518117122536e-06,4.50442838589453e-06,1.12561998552855e-16,-1.39972404251296e-16,-2.14877375621641e-17,1.70270410803698e-06,6.98291504865828e-17,2.44675651857734e-05,-3.01248197837655e-05,-4.0760853457453e-16,-4.73002138434713e-18,1.28047777419014e-16,7.31648338593786e-17,-8.36775440301597e-17,3.19189119579733e-16,2.52704320600171e-06,3.29597460435593e-17,-2.31324422938577e-16,3.57283970487938e-17,-0.000129135218012813,1.90254678815701e-16,1.21545695023345e-06,6.55725473919233e-16,-7.98461427476126e-18,9.32268678561639e-17,2.49746212522238e-07,-1.03437228869208e-06,-7.58941520739853e-18,-1.34441069388203e-17,4.85514863337989e-16,9.09651705606885e-17,9.54985440813211e-09,-2.36789754470834e-16,-7.4887311344953e-17
"t42",0.0761956242661014,0.015887348276332,-0.108199055876059,0.0886299851128697,-0.00681143214134749,-0.132086668246007,-0.0249197729079898,6.83122955391583e-05,0.252837734684148,0.00702078742764883,-0.00192542837408009,0.0389616151303796,0.327917131984946,0.00487463106716576,0.0437251689505829,-4.24615708510407e-05,-4.64541786382777e-06,-0.029854726733549,-0.00319969849737581,3.95634547726649e-05,-0.0071893769717163,0.000475079770893644,-0.00345710681613212,0.0253695393370203,-0.0189435042286606,0.0289192341832504,-0.379691324009362,-0.000377206546941819,0.000117735352929048,-0.000727678409020329,-0.000404074908871789,0.012127850311169,0.264396543695431,8.0552433022028e-05,-4.89710214078513e-06,-3.29810440019656e-16,-1.87224346791124e-16,2.16071885758815e-16,2.18635318850399e-05,-0.230581199977303,3.29923148650811e-06,5.58054164086163e-05,-7.90232770183329e-06,4.06390031184537e-07,-9.97465998686664e-16,-1.4639903435613e-05,-3.89405527135255e-06,2.01604831214647e-06,-8.63131899037084e-07,2.63677968348475e-16,9.23910600113293e-16,0.000127339821427203,-6.25854299076262e-06,-2.61696651607446e-05,5.82644258422388e-16,2.9201052466378e-06,1.35231220580649e-06,-2.61868524563959e-16,1.15633974461767e-15,-5.69791384023785e-16,5.94567380498082e-07,-8.95457803863959e-16,9.00451937070612e-06,-1.11137851199622e-05,-0.707106781186547,-1.53269903508366e-15,-1.58346686540475e-16,-2.27410469348145e-17,4.48245734525499e-16,4.04190569902596e-16,1.02925089998096e-06,-8.64759652774438e-16,-1.74526139876468e-17,-2.24968343845952e-16,-5.51750164350072e-05,-3.93791033073458e-16,5.22148264833766e-07,5.20417042793042e-16,2.54364162278289e-16,-1.34425188109323e-16,1.08482043348346e-07,-4.53703838094663e-07,-4.11996825544492e-17,3.81639164714898e-16,8.90424544432653e-17,8.81834880759998e-17,4.35588973050904e-09,-3.18755438710738e-16,3.59868399020193e-17
"t43",0.0761956242661014,0.015887348276332,-0.108199055876059,0.0886299851128697,-0.00681143214134749,-0.132086668246007,-0.0249197729079898,6.83122955391632e-05,0.252837734684148,0.0070207874276488,-0.00192542837408021,0.0389616151303796,0.327917131984945,0.00487463106716578,0.0437251689505829,-4.24615708510399e-05,-4.64541786407555e-06,-0.029854726733549,-0.00319969849737588,3.95634547727575e-05,-0.00718937697171629,0.000475079770893611,-0.00345710681613205,0.0253695393370203,-0.0189435042286605,0.0289192341832505,-0.379691324009361,-0.000377206546941865,0.000117735352928989,-0.000727678409020204,-0.000404074908872292,0.0121278503111688,0.26439654369543,8.05524330221944e-05,-4.89710214064668e-06,-2.22180636630418e-16,-2.52072915266314e-16,-7.88034788637502e-17,2.18635318848734e-05,-0.230581199977303,3.29923148656734e-06,5.58054164085781e-05,-7.90232770206921e-06,4.06390031384898e-07,-1.22991894446756e-15,-1.4639903435618e-05,-3.89405527130744e-06,2.01604831212218e-06,-8.63131898901776e-07,2.96637714392034e-16,-7.53615209948935e-16,0.000127339821426643,-6.2585429911839e-06,-2.61696651605598e-05,-6.01065867700874e-16,2.92010524732475e-06,1.3523122056379e-06,4.37194779038523e-16,-1.19311751590307e-15,6.84986268172269e-16,5.94567379886375e-07,1.01390260160747e-15,9.0045193708102e-06,-1.11137851186924e-05,0.707106781186547,1.53692664571943e-15,2.16394132817725e-16,-1.19256027806967e-16,-1.68142324948273e-16,-5.16947595841089e-16,1.02925090024811e-06,6.6266436782314e-16,2.8134523956088e-16,2.66267669373676e-16,-5.517501643546e-05,3.61507756692493e-16,5.22148264250899e-07,1.59594559789866e-16,-1.43078452740023e-16,1.92097234231879e-16,1.08482044037031e-07,-4.53703838377423e-07,-7.02563007770607e-17,-3.06178693509906e-16,-1.1917861767015e-16,1.29999734845821e-16,4.35588953968946e-09,-3.16587034365767e-16,-2.20159983104557e-16
"t10",0.0757755664379692,0.0157055860748915,-0.106106396777531,0.0862344622097598,-0.00657370609084447,-0.126687531030468,-0.0236693785695138,6.47161438566464e-05,0.238769127567457,0.00659313924053728,-0.00179234028854773,0.0361853232995611,0.300487952839136,0.00425674051985595,0.0374784459826192,-3.60948612908963e-05,-3.93381668938931e-06,-0.0251048223042612,-0.00244930208120391,2.99606834518204e-05,-0.00513197842976864,0.000287583800007727,-0.0015828070711452,0.010991542291001,-0.00495545344366596,0.00680990550506824,-0.0798602623799969,-3.30071246223256e-05,-5.52165306262945e-05,0.00038774065351164,0.000231531715834067,-0.00792928962880376,-0.175092517743684,-7.23300732589099e-05,6.86530862117952e-06,1.05370267525481e-15,1.32301438937847e-15,-4.3110625478455e-16,-6.65648402302277e-05,0.871501103104695,-2.66870168251359e-05,-0.000483073892959963,8.05472510220895e-05,-5.89882016349114e-05,-3.66026653431106e-15,-0.000126724025360158,-2.98127116137915e-05,8.964848906441e-06,-2.81972742611873e-06,-1.87350135405495e-16,-1.6594799283476e-16,0.000336822145095019,-1.63437762052103e-05,-6.7103875548949e-05,-2.23465469648526e-16,7.42999810240952e-06,3.40813683724177e-06,-7.07436471812077e-17,4.77901038368876e-17,-2.01719389335877e-16,1.30258059256852e-06,-1.405809943729e-16,1.88166735422416e-05,-2.31735086079308e-05,4.33685278505528e-16,-2.32825271023405e-17,-8.10248543400112e-17,8.01449931457237e-17,5.12550511223693e-17,-7.19910242530375e-17,1.96762021782877e-06,-4.562322741819e-16,-2.0687810315977e-16,1.7350501894052e-16,-0.000101243036725958,2.46042373575799e-17,9.53713490640419e-07,4.50160742015981e-16,2.96743244990626e-17,-5.01897063492931e-17,1.96299352928564e-07,-8.14261833910913e-07,-1.47993596544271e-17,-3.24826970876657e-16,-3.82840211343366e-17,8.29638766045669e-18,7.56632492792710e-09,-1.25144035759139e-16,-1.95600440443949e-16
"t18",0.0749148102239341,0.0153324653647041,-0.101800311316945,0.0812936143245737,-0.00608220304372185,-0.115504127406424,-0.0210719094023573,5.72400373178871e-05,0.20949419204774,0.00570178679248289,-0.00151422351026948,0.0303797225928988,0.242902699532484,0.00294112184718995,0.0241057617939493,-2.2432557427151e-05,-2.4051051257325e-06,-0.0148800588521003,-0.000790058703645131,8.66291021612165e-06,-0.000492937367070653,-0.000154507217450482,0.00315987011094307,-0.0258711607322937,0.0349372071997023,-0.0574546594397469,0.808552504114647,0.0011047878316864,0.00417107179404771,-0.00682136095957323,-0.00222614063669666,0.0227776022759597,0.431852984780685,-0.000186818857339393,3.98484265018524e-05,3.20903243051915e-17,-4.1996279690889e-17,-8.7970633468736e-16,0.000114665255089408,-0.0392808594485204,-3.59373553948058e-05,-0.000670819276583205,0.000118495200531185,-0.000104477412340102,-1.15775444786692e-14,-0.000247729682949513,-5.86168401235446e-05,1.79002492067815e-05,-5.58050105112229e-06,-3.81639164714898e-17,2.18644888449482e-17,0.000652610670387105,-3.16086774998026e-05,-0.00012942098176689,9.56009605922539e-17,1.43125974050584e-05,6.55508273741468e-06,-4.08016339577987e-17,-4.55326250160416e-17,1.5595146491299e-16,2.43580852771425e-06,3.69079215667224e-17,3.47604779240493e-05,-4.27831260097385e-05,2.11389912544604e-16,-4.12368748144548e-17,-1.67560458493605e-16,-1.71526701380122e-17,2.29192581963651e-17,8.67361737988404e-17,3.53634290864435e-06,1.50920942409982e-16,4.47736199371951e-17,8.42779397788738e-17,-0.000179270798514906,-1.18394696706707e-16,1.68575076324451e-06,1.0547118733939e-15,7.0653549400217e-17,1.55456240585442e-17,3.45703237990963e-07,-1.42928888402505e-06,1.20563281580388e-16,-3.46944695195361e-18,-5.98169103726311e-17,4.90662778827428e-17,1.30998113641312e-08,1.64798730217797e-17,-1.42947975760001e-16
"t15",0.0744078191343533,0.0150860536641228,-0.0984713717298935,0.0768062826505483,-0.00554978577108002,-0.101512216208195,-0.0169013943343823,4.43282065332445e-05,0.15397064375173,0.00367669117780147,-0.000626176692650063,0.00977268286173843,-0.27797468677756,0.00641669704880064,0.0490413016379075,-4.50561257727141e-05,-4.81342887050231e-06,-0.0296736870213447,-0.00163346404435593,1.69493771924819e-05,0.24850914092469,0.000197284243916331,0.00404475791258207,-0.163704742656946,0.871930302870502,0.0193035624311121,-0.0571951984415064,0.000241514488195801,0.00152521232811685,-0.00225265527059341,-0.000642357021498632,0.00133888385495483,0.00159078798073629,-0.000150026040208815,2.61308063358635e-05,-1.3207770251135e-16,4.76698355361094e-17,-6.13103468680094e-16,7.30253329609548e-05,-0.000678195635804973,-2.49324903977231e-05,-0.000465598312920226,8.23537321073906e-05,-7.35358622113809e-05,-8.3544282603043e-15,-0.000178887787033676,-4.24831682333433e-05,1.3304304510825e-05,-4.25206347566542e-06,-8.67361737988404e-17,-1.34856899068846e-17,0.000509608848527356,-2.4725702370241e-05,-0.000101497794959583,9.22190225194142e-17,1.12369850656727e-05,5.15358809367937e-06,4.03490668757141e-17,-4.25685921669682e-17,-1.15947178818215e-17,1.95917704313422e-06,-9.57324676128194e-18,2.82085728314646e-05,-3.47339775049887e-05,-7.45885645045478e-17,-6.03025698786315e-17,5.59705438075964e-18,-2.08459506499175e-17,4.66610920908132e-17,-1.00613961606655e-16,2.92407377123355e-06,8.32667268468867e-17,-1.09079923937754e-16,-1.36077825344226e-17,-0.000149662079485011,3.28886768131328e-17,1.40890520476666e-06,7.21644966006352e-16,4.35414242480622e-17,1.25470261014955e-18,2.89595574642226e-07,-1.19977590572196e-06,1.73906028466675e-16,-1.04083408558608e-17,6.06717144264776e-17,6.05103288098201e-17,1.10895329204219e-08,-2.56739074444567e-16,-1.22694417909293e-16
"t6",0.0748253785746929,0.015264023366457,-0.100469748018538,0.0790224770274665,-0.00576031985674664,-0.1060854020957,-0.0178568561472101,4.69729012236193e-05,0.163750862085383,0.0039356548865032,-0.00067725407993595,0.0105988944967873,-0.306449953254164,0.00753846897151794,0.0591822721154722,-5.50518762403268e-05,-5.91561321304658e-06,-0.0368658753628719,-0.00240525189968211,2.55386762285561e-05,0.43239725706956,0.000694831553881276,-0.00996357758917649,0.280812694314712,-0.251614630458402,-0.00417917925615427,0.00904550728581439,7.69074890831668e-06,0.000470131522091563,-0.000724166691820134,-0.00021134069959137,0.000458741754243919,0.000547142100309626,-5.6173344912867e-05,1.08355754930889e-05,-1.13047039018567e-15,-1.36433568315732e-14,-0.707106781186547,3.41099639676462e-05,-0.000323919544130823,-1.25462908028582e-05,-0.000235030272844813,4.18549094152107e-05,-3.87752962637102e-05,-4.35068647774983e-15,-9.94576651223673e-05,-2.37817121352332e-05,7.78547130456109e-06,-2.59163712897081e-06,4.5102810375397e-16,6.88251139274913e-15,0.000322704665115314,-1.56990529317147e-05,-6.46942121399138e-05,2.26485169872744e-16,7.17437740861693e-06,3.29724160894659e-06,2.77507582647793e-17,-5.08273548408873e-17,-3.69599975325641e-16,1.29664276019101e-06,-2.3262714183737e-17,1.8912789077688e-05,-2.33023273239624e-05,-3.73879445037727e-16,2.17197736955995e-17,-1.09642393219507e-16,-9.94079832065525e-17,7.76931276312228e-17,2.77555756156289e-17,2.01390019552439e-06,1.45716771982052e-16,-2.55504296147565e-16,2.443165127336e-16,-0.000104486439692478,7.71480527161732e-17,9.85178072870907e-07,7.07767178198537e-16,9.35935729569009e-17,2.91375053026173e-17,2.0315687107586e-07,-8.44095629299463e-07,2.61075883134509e-16,5.20417042793042e-17,4.28100385833553e-16,-1.84744941154034e-17,7.89467480971640e-09,-1.38777878078145e-16,-1.15010601468631e-17
"t5",0.0748253785746929,0.015264023366457,-0.100469748018538,0.0790224770274665,-0.00576031985674664,-0.1060854020957,-0.0178568561472102,4.6972901223583e-05,0.163750862085383,0.00393565488650319,-0.000677254079935926,0.0105988944967873,-0.306449953254164,0.00753846897151802,0.0591822721154722,-5.50518762403523e-05,-5.91561321309757e-06,-0.0368658753628719,-0.00240525189968218,2.55386762285396e-05,0.43239725706956,0.00069483155388142,-0.00996357758917667,0.280812694314713,-0.251614630458401,-0.00417917925615454,0.00904550728581519,7.6907489081563e-06,0.000470131522090758,-0.000724166691820752,-0.00021134069959052,0.000458741754244218,0.00054714210031151,-5.61733449107875e-05,1.08355754923168e-05,1.08347456684493e-15,1.34417008604182e-14,0.707106781186547,3.4109963966994e-05,-0.000323919544129815,-1.25462908033822e-05,-0.000235030272844054,4.18549094143572e-05,-3.87752962625922e-05,-4.66293670342566e-15,-9.94576651226691e-05,-2.37817121351361e-05,7.7854713046166e-06,-2.59163712917898e-06,-2.56739074444567e-16,-7.10106195209426e-15,0.000322704665114752,-1.56990529318371e-05,-6.46942121403232e-05,-2.75537123834465e-16,7.17437740854754e-06,3.29724160936856e-06,-4.35205200516825e-17,6.37352933016824e-17,3.58896200287273e-16,1.29664276128216e-06,1.03568589851906e-17,1.8912789077688e-05,-2.33023273241498e-05,3.68593029862257e-16,-9.87116710378326e-17,1.08036443412643e-16,9.45088499056367e-17,5.1410563817565e-17,6.93889390390723e-17,2.01390019580194e-06,-3.92047505570758e-16,2.38935539853972e-16,-2.99267296693031e-17,-0.000104486439692408,-1.00160965684939e-16,9.85178072510084e-07,6.24500451351651e-16,-5.60456864989207e-18,3.64824767688838e-17,2.03156870957899e-07,-8.44095629431302e-07,-1.17093834628434e-16,-1.04083408558608e-16,-2.54937755719319e-16,2.4525004555896e-16,7.89467498318874e-09,-3.12250225675825e-17,-2.72516244641036e-16
"t7",0.0741394842410141,0.0149715724496259,-0.0971842401475776,0.0753771355619213,-0.00541385930941636,-0.0985571262638791,-0.0162832308164812,4.26166179575431e-05,0.147638809136459,0.00350893447679898,-0.000593061405063614,0.00923691802933341,-0.259493374513626,0.00568996836345748,0.0424989304859635,-3.8625870434589e-05,-4.10551398752487e-06,-0.0250699147363503,-0.00127753029711644,1.39078697213284e-05,0.022834390908611,-0.000289237066466776,0.0235012168536237,-0.868013136392947,-0.332782354653494,0.00463634714472073,-0.0320235949368451,0.000260431407585284,0.00193366428276981,-0.00285916209321838,-0.000815700186935959,0.00170118481452725,0.00202132964394214,-0.000190624745087945,3.31200842485581e-05,1.33113186393956e-16,7.09173288100416e-17,5.81458136497152e-16,9.19211159252781e-05,-0.000852113131410095,-3.11678572799403e-05,-0.000581842027297243,0.000102837435788553,-9.14221881317418e-05,-9.93649607039515e-15,-0.000220754490667821,-5.23705640320671e-05,1.62793497581193e-05,-5.16277981579827e-06,-1.80411241501588e-16,-1.37926220921791e-17,0.000613752145562058,-2.97608080840831e-05,-0.000122059269601023,2.82484990910266e-16,1.35082212533166e-05,6.19226943512474e-06,1.00543482283561e-16,-8.53961954494386e-17,9.14226710651773e-17,2.33490878670875e-06,9.64702495679351e-18,3.35070149125594e-05,-4.12513986958254e-05,1.63027488921437e-17,-3.17368839536484e-17,-8.59847422234169e-17,1.57662285810441e-17,4.9807353787178e-17,1.38777878078145e-16,3.44822180120552e-06,-6.93889390390723e-18,-4.71883609110194e-18,-7.27689185697573e-17,-0.000175810686492611,1.80595327912899e-18,1.65431151977202e-06,8.32667268468867e-16,4.71454629842703e-17,2.30220660690901e-17,3.39717839914488e-07,-1.40624082701352e-06,9.19403442267708e-17,2.77555756156289e-17,6.94103115100001e-18,1.15249580093039e-16,1.29521579295133e-08,-1.90819582357449e-16,-1.26344793968354e-16
"t25",0.0750478029596084,0.0153606588986205,-0.101583847321138,0.0802913538684652,-0.00588432324073393,-0.108839580554793,-0.0184533853801457,4.86404257212246e-05,0.16999290897998,0.00410458451819538,-0.000711772334537018,0.0111625653324138,-0.327024215891747,0.00856928849817393,0.0696054534443677,-6.59004410258465e-05,-7.14354687250428e-06,-0.0452888720597066,-0.00537167307394735,7.0459458025108e-05,-0.530743366351748,0.00031058519567453,-0.00592526320125052,0.171063158179866,-0.00769615964583746,0.000199254147584001,-0.0019270861340402,3.2438275101766e-05,0.000482893726344594,-0.000734767615060965,-0.000213046834876559,0.000457424605377598,0.000545025735385456,-5.48015854948418e-05,1.03450562971364e-05,5.66246098031876e-17,2.02218978915273e-16,-2.08451616128e-16,3.19144359328949e-05,-0.000302115108275506,-1.16249077670657e-05,-0.000217691739384104,3.87376294631037e-05,-3.57517906024655e-05,-3.91353616180368e-15,-9.13028158919106e-05,-2.18215644365374e-05,7.12608132438092e-06,-2.3688405808367e-06,3.50414142147315e-16,-1.38708646636066e-16,0.000294818934486038,-1.43424138638966e-05,-5.9103811752434e-05,-0.707106781186547,6.55444620526607e-06,3.012351948487e-06,-2.48023403562375e-15,-6.35488210090638e-17,-3.16792772468264e-16,1.18518285597159e-06,3.09382680300163e-17,1.72934922325618e-05,-2.13076415645809e-05,-6.88865885716708e-16,-4.1322849414191e-17,-1.93023051595001e-16,1.41812217765282e-16,4.54524976706313e-17,4.19803081186387e-16,1.84354106393808e-06,6.93889390390723e-18,-1.77425354418653e-16,6.35936253374156e-17,-9.57198266383977e-05,2.99746532485116e-16,9.02606178271315e-07,5.41233724504764e-16,3.6479096011619e-17,-3.56195659898071e-17,1.86167088224443e-07,-7.73648934634247e-07,-3.90312782094782e-18,7.02563007770607e-17,3.57933216622288e-16,-8.16066896307981e-18,7.24177632790979e-09,-1.12757025938492e-16,-1.35761813510189e-16
"t26",0.0750478029596084,0.0153606588986205,-0.101583847321138,0.0802913538684653,-0.00588432324073393,-0.108839580554793,-0.0184533853801457,4.8640425721226e-05,0.16999290897998,0.00410458451819539,-0.000711772334537009,0.0111625653324139,-0.327024215891747,0.00856928849817397,0.0696054534443676,-6.59004410258283e-05,-7.1435468723262e-06,-0.0452888720597066,-0.00537167307394733,7.04594580252791e-05,-0.530743366351748,0.000310585195674356,-0.00592526320125079,0.171063158179867,-0.0076961596458374,0.000199254147584082,-0.00192708613404034,3.24382751018114e-05,0.000482893726344642,-0.000734767615060805,-0.000213046834876515,0.000457424605377493,0.000545025735385281,-5.48015854948148e-05,1.03450562967841e-05,1.19015070252448e-17,-3.0063351278973e-16,1.97127071073939e-16,3.19144359327422e-05,-0.000302115108274857,-1.16249077665327e-05,-0.000217691739384435,3.87376294626283e-05,-3.57517906027609e-05,-4.01415012341033e-15,-9.13028158915509e-05,-2.18215644363744e-05,7.12608132414499e-06,-2.36884057987219e-06,-1.38777878078145e-16,2.69049166448148e-16,0.000294818934487347,-1.43424138635894e-05,-5.91038118435191e-05,0.707106781186547,6.55444623483964e-06,3.01235194035136e-06,2.53995319133629e-15,-4.72645838145975e-17,2.54497411069375e-16,1.18518285526469e-06,-1.38197936201142e-17,1.72934922324716e-05,-2.13076415648099e-05,6.58214761679712e-16,-1.13888862816621e-17,1.71847245496685e-16,-1.361232085429e-16,-3.17005380960566e-17,-2.84494650060196e-16,1.84354106427809e-06,-1.83880688453542e-16,1.03374372955796e-16,7.83399417281012e-17,-9.57198266384671e-05,-3.33162341681074e-16,9.02606178118659e-07,6.52256026967279e-16,9.20450644164698e-17,7.85297049056745e-17,1.86167088189748e-07,-7.73648934479856e-07,1.18394877235417e-16,-4.33680868994202e-18,-2.26021977966029e-16,8.15474641498189e-17,7.24177635219592e-09,-4.02455846426619e-16,-1.11442491319761e-16
"t94",0.0770766966180073,0.0163362801296102,-0.114854679614871,0.0989584423227282,-0.00836513247435115,-0.18775036267927,-0.0966459930853567,-0.00191542805194135,-0.334241630651963,-0.00024322274358996,-0.00058607926251752,0.0127955735517656,0.03540475459687,0.00594808471409063,0.0616226605149447,-6.88001889991048e-05,-8.27360851012592e-06,-0.0695945103254783,-0.00130798412604701,1.70721923480685e-05,-0.00139049731452806,0.000220869617521506,-0.00109560501603958,0.0038632008513511,-0.00102417480304671,0.00173187627391444,-0.00474871064214043,0.000104578365628186,0.00642298260973632,-0.3639962046618,0.0043372045531417,-0.00268870666322928,-0.00135999100855986,8.32749213235808e-05,-2.78768012501184e-06,8.7640171814212e-17,9.46894769078503e-17,-1.01560932196593e-16,9.0000110079091e-06,-5.00788367523755e-05,-5.35999756379827e-06,-0.00010167374026009,1.85803692131235e-05,-1.93245672943802e-05,-2.25318895485938e-15,-5.57466453087221e-05,-1.34950148297302e-05,4.73542596887125e-06,-1.66227650742865e-06,2.05239471251506e-16,-1.46041239430163e-16,0.000217037478730473,-1.05951455064691e-05,-4.38860758068407e-05,-1.35614307138789e-16,4.8777713435534e-06,2.2481369283235e-06,1.22327196558938e-16,7.49050109068212e-17,-4.77789249591011e-17,9.35962955219419e-07,-1.32134712906559e-16,1.413468304469e-05,-1.7451291377617e-05,-2.98593650405281e-16,2.13358805005358e-17,1.63685578123317e-16,1.06148891876747e-17,3.44466177969462e-16,4.49727061146987e-16,1.85458547801343e-06,1.19804340059648e-16,7.62857552338821e-16,8.71655639444767e-17,-0.400764802200116,-8.04214434552853e-17,-1.40579583713654e-06,1.47624967805626e-15,6.98781690615866e-17,2.91198511976887e-16,-1.42480582616521e-09,-2.13209902473379e-07,-1.30768334528908e-16,4.52654407012698e-18,-1.57595327043232e-15,0.707106781186548,4.09273128576656e-09,1.63402819920722e-16,-4.51233971316806e-16
"t95",0.0770766966180073,0.0163362801296102,-0.114854679614871,0.0989584423227283,-0.00836513247435116,-0.18775036267927,-0.0966459930853566,-0.00191542805194136,-0.334241630651963,-0.000243222743589914,-0.000586079262517486,0.0127955735517656,0.0354047545968701,0.00594808471409068,0.0616226605149447,-6.8800188999122e-05,-8.27360851007834e-06,-0.0695945103254783,-0.00130798412604699,1.70721923479475e-05,-0.00139049731452798,0.000220869617521591,-0.00109560501603953,0.00386320085135108,-0.00102417480304682,0.00173187627391442,-0.00474871064214038,0.000104578365628099,0.00642298260973633,-0.3639962046618,0.00433720455314152,-0.00268870666322934,-0.00135999100855982,8.32749213236636e-05,-2.78768012479671e-06,6.55339897316409e-17,2.23001217887067e-16,-8.26946075852004e-17,9.00001100761821e-06,-5.00788367522318e-05,-5.35999756381841e-06,-0.000101673740260166,1.85803692132556e-05,-1.93245672943684e-05,-2.13772142348967e-15,-5.57466453083671e-05,-1.34950148298098e-05,4.73542596879861e-06,-1.66227650737574e-06,-1.72171304990698e-16,4.15104560534295e-17,0.000217037478730321,-1.05951455065199e-05,-4.38860758068525e-05,-4.084702334023e-17,4.8777713433886e-06,2.24813692842102e-06,-3.01067711911222e-17,5.0250892309019e-17,2.03678698695305e-16,9.35962955256973e-07,1.16612470739784e-16,1.41346830442919e-05,-1.74512913779001e-05,8.68327656841642e-17,-8.09141940122791e-17,-2.9687622727651e-17,-1.224710500733e-18,2.1584081063752e-16,-3.30681662608079e-17,1.85458547836536e-06,-4.81277344366315e-16,-3.97681504268982e-17,5.3603949542467e-17,-0.400764802200116,-1.51505392440649e-16,-1.40579583688132e-06,1.6380126421911e-15,2.0002611081469e-16,7.9378502432692e-17,-1.42480575384893e-09,-2.13209901688525e-07,-5.14928269294834e-16,-3.9435143518729e-16,1.6909932732355e-15,-0.707106781186547,4.0927329184124e-09,-5.09696993812592e-16,1.76822639243787e-16
"t79",0.0770276686227131,0.016314870997101,-0.114602646935271,0.0986577689752586,-0.00833261893004346,-0.186901697594915,-0.0961155348085968,-0.00190442976466799,-0.332220097732232,-0.000241622159853524,-0.000581743520527852,0.0126982252325253,0.0350929499990665,0.00587235929843608,0.0607534076871252,-6.7789128101171e-05,-8.14981162796335e-06,-0.0685195616490523,-0.00128035592019994,1.67018845988825e-05,-0.00135634739573443,0.000214062855323403,-0.00105428430725211,0.00371361477068585,-0.000978237017781798,0.00165278314737175,-0.00452823068197864,9.93678806469691e-05,0.00603364114286934,-0.341600464056151,0.00406797341616411,-0.00251898836616356,-0.00127400155178571,7.77864448899176e-05,-2.59165453163331e-06,5.11020709370239e-17,-5.4568893726591e-17,-1.82315264881287e-16,8.29498247735408e-06,-4.60526092323082e-05,-4.89730016566849e-06,-9.28544593308691e-05,1.69513989679976e-05,-1.75178624568315e-05,-2.17772848365438e-15,-4.98864577168238e-05,-1.20507447874383e-05,4.1536539030578e-06,-1.41924427301187e-06,3.28296417828611e-16,-4.14759759531054e-17,0.000176878254774828,-8.59425595113167e-06,-3.53377088687972e-05,1.95996695497816e-17,3.91444240846126e-06,1.79622578455314e-06,1.95109030397327e-17,8.89446297370744e-18,-1.49000595534761e-16,6.61348526400122e-07,5.03337057659898e-17,8.97136620241559e-06,-1.09978668786594e-05,3.45008766190566e-16,-3.99155758090424e-17,-2.58929385959387e-16,-1.4606107529666e-16,-9.31749844551314e-16,-5.03503488902268e-16,3.02999152549527e-07,3.48137317585095e-16,-6.32173980214503e-16,7.04802197695377e-17,0.823772177946976,2.95993360787287e-16,4.92127447342897e-06,-1.94375765483201e-15,-1.72298677915577e-16,-1.52219486141177e-16,4.22480012922779e-07,-1.30758200596337e-06,8.97610978600749e-16,1.03703937798238e-16,-7.34484030510402e-17,1.28270202136877e-16,8.01928803939068e-09,-2.52375160700313e-16,-1.65188423135597e-16
"t90",0.0767399290574745,0.0161879338614878,-0.113087986100255,0.096827053661226,-0.00813200991532323,-0.181612799921741,-0.0927582194035007,-0.00183453641634896,-0.319309709246628,-0.000231311305882873,-0.000553436179047597,0.0120604449427558,0.033008885893962,0.00533062231413493,0.0543787236346508,-6.02940256098489e-05,-7.22755983727061e-06,-0.0604394417044139,-0.00104832675704536,1.35552988810921e-05,-0.00104788723321447,0.000142907893745078,-0.000533441726025831,0.00177032395781809,-0.000245744488402401,0.000352619514671571,-0.000796506273698896,-2.18913041793915e-06,-0.00839575654179597,0.555724746819965,-0.00727123948808165,0.00540364518238842,0.00278421730798924,-0.000281441426514887,3.22270218899032e-05,-2.2007624993486e-16,-3.47278313711432e-16,1.48049738857047e-16,6.87417948183056e-05,-0.00029676374315059,-2.10848991512681e-05,-0.000392239007504517,6.88166581691197e-05,-5.9039703923177e-05,-6.55552001571635e-15,-0.000137051088418927,-3.237810574723e-05,9.84288863661691e-06,-3.07942042401116e-06,-1.73472347597681e-18,-2.7271001646624e-17,0.000363511493655072,-1.76215850951391e-05,-7.22453540428895e-05,-3.13169158952053e-17,7.99420921045006e-06,3.66400794325154e-06,1.20077238849748e-16,-3.50551257626347e-18,-5.09914520171996e-17,1.38122889765382e-06,-6.10285450736469e-17,1.98455493178908e-05,-2.44343824110267e-05,-6.054303718024e-16,9.13856105785168e-17,2.63719246062058e-16,-1.31020452620179e-16,7.09326286680976e-17,-8.23993651088983e-17,2.05711528775306e-06,3.48245737802344e-16,1.58318335957289e-16,1.24788215947328e-16,-0.00932329169761477,1.72457431023713e-16,9.3673930341015e-07,1.15706055847653e-15,7.30866505976327e-17,-1.57955526070201e-16,1.99108713567868e-07,-8.29772982924564e-07,-1.33031606563971e-16,-4.26741975090295e-15,-0.707106781186548,-1.53310508077487e-15,7.71422526205101e-09,-1.9222904518168e-16,-3.17651999185082e-16
"t91",0.0767399290574745,0.0161879338614878,-0.113087986100255,0.0968270536612261,-0.00813200991532322,-0.181612799921741,-0.0927582194035007,-0.00183453641634895,-0.319309709246628,-0.000231311305882897,-0.00055343617904761,0.0120604449427558,0.033008885893962,0.00533062231413497,0.0543787236346508,-6.02940256098585e-05,-7.22755983726253e-06,-0.0604394417044139,-0.00104832675704536,1.35552988811388e-05,-0.0010478872332145,0.000142907893745041,-0.000533441726025825,0.00177032395781809,-0.000245744488402432,0.000352619514671511,-0.00079650627369888,-2.18913041792827e-06,-0.0083957565417959,0.555724746819965,-0.00727123948808171,0.00540364518238835,0.00278421730798904,-0.000281441426514863,3.22270218899428e-05,3.10294986761377e-17,-8.3036668533202e-17,1.75461921858923e-16,6.87417948182258e-05,-0.000296763743150589,-2.10848991513992e-05,-0.000392239007504581,6.8816658169065e-05,-5.90397039231798e-05,-6.2979135795338e-15,-0.000137051088419154,-3.23781057473722e-05,9.84288863663252e-06,-3.0794204240233e-06,1.30104260698261e-17,6.63895549007309e-17,0.000363511493654958,-1.76215850950572e-05,-7.22453540429853e-05,1.6132792539133e-16,7.99420921036333e-06,3.66400794322931e-06,-2.00226571626269e-17,-8.78548295688015e-17,6.14730754205883e-17,1.38122889770066e-06,1.01013326405836e-16,1.9845549317778e-05,-2.44343824111551e-05,4.50161903297691e-16,-1.22847890009473e-16,-2.70039115166303e-16,2.71494258472488e-16,1.11169946550436e-16,2.6628005356244e-16,2.05711528771489e-06,-3.48679418671338e-16,-3.92677282595248e-16,3.57745862249134e-17,-0.00932329169761456,-2.41896051831727e-16,9.36739303583622e-07,1.04083408558608e-17,4.44506392319138e-17,5.94910256759192e-17,1.99108713432559e-07,-8.29772982890303e-07,4.04407410337093e-16,4.19282664143594e-15,0.707106781186547,1.85720814774509e-15,7.71422500010777e-09,-2.28658238177193e-16,1.03649307830639e-16
"t9",0.0718803643184995,0.0139829897698689,-0.0857277083186802,0.0624061236710802,-0.00419353509065169,-0.074139794758982,-0.0205559820585147,-0.000307606188452323,-0.0316994676290709,6.67753944678888e-06,0.000139241897537531,-0.00379587024983772,-0.0241669384889704,-0.0183936812931785,-0.308863545525998,0.000433049702836246,5.81556922211778e-05,0.60677994872038,-0.0168686228141397,0.000191010109849513,-0.00998570313258666,0.00102594122775632,-0.00391015081766542,0.0133407116254716,-0.00288407487067542,0.00473344889184311,-0.012607863210236,0.000239072411658567,0.00209329503055416,-0.00680289224807923,-0.000820812368755312,0.00174387947256272,0.000951997742394657,-0.000208917728181974,3.74320797147929e-05,9.98392867171933e-16,0.707106781186548,-1.36741238253959e-14,0.000107831248321456,-0.00048527081782513,-3.75158486333084e-05,-0.000701088393145765,0.00012419926872931,-0.000111819291711601,-1.31492039479042e-14,-0.000275059332716971,-6.54109747714633e-05,2.0653853419525e-05,-6.64427691826619e-06,-1.31838984174237e-16,-1.42134950787961e-15,0.000800311250181412,-3.88419796656142e-05,-0.000159512394717683,1.89322567979128e-16,1.76630389149141e-05,8.10253366830644e-06,1.81797359338818e-16,8.89135179578563e-17,9.93815092732763e-17,3.08923577752116e-06,-4.67425003949732e-17,4.45130502824964e-05,-5.48118146949973e-05,6.11266899046923e-17,5.83658613760662e-17,-4.84531471634325e-17,-1.84359547838033e-16,3.30630294692039e-17,4.16333634234434e-17,4.61813872403016e-06,-1.73472347597681e-17,-1.46956899980203e-16,6.04033624816477e-17,-0.000480935522674659,-3.90633412611404e-16,2.22364930141383e-06,1.22124532708767e-15,-7.41539177939441e-17,1.21447494384735e-16,4.57210737263292e-07,-1.8941942263595e-06,-2.86229373536173e-17,-7.11236625150491e-17,-6.13264977655542e-17,1.11978785067629e-16,1.75013725456363e-08,-3.95516952522712e-16,-1.21465017163857e-16
"t16",0.0718803643184995,0.0139829897698689,-0.0857277083186802,0.0624061236710801,-0.00419353509065171,-0.0741397947589819,-0.0205559820585147,-0.000307606188452316,-0.0316994676290709,6.67753944679055e-06,0.000139241897537551,-0.00379587024983772,-0.0241669384889704,-0.0183936812931785,-0.308863545525998,0.000433049702836218,5.81556922211666e-05,0.606779948720381,-0.0168686228141397,0.000191010109849409,-0.00998570313258668,0.00102594122775631,-0.00391015081766555,0.0133407116254716,-0.00288407487067538,0.00473344889184338,-0.0126078632102362,0.000239072411658732,0.00209329503055389,-0.00680289224807971,-0.000820812368754843,0.00174387947256334,0.000951997742395158,-0.000208917728182724,3.74320797129812e-05,-9.3909551832583e-16,-0.707106781186547,1.36031569349945e-14,0.000107831248315329,-0.000485270817822928,-3.75158486341952e-05,-0.000701088393146134,0.000124199268728784,-0.000111819291711736,-1.18655085756814e-14,-0.000275059332717508,-6.54109747719386e-05,2.06538534194625e-05,-6.64427691743352e-06,2.08166817117217e-16,1.26734467880371e-15,0.000800311250181544,-3.88419796656171e-05,-0.000159512394717738,-2.50878984194271e-16,1.76630389147475e-05,8.1025336694943e-06,-1.11064394654259e-16,-1.60872168735117e-16,-1.10648606905526e-16,3.08923577749688e-06,8.7546248694979e-17,4.45130502823715e-05,-5.48118146950979e-05,-5.18879849472194e-17,-8.77451985745141e-17,3.62100155391019e-17,1.77338975335776e-16,4.06792238217533e-17,1.38777878078145e-17,4.61813872400241e-06,-2.30718222304915e-16,1.04045011936606e-16,6.82568443910883e-17,-0.000480935522674749,3.75182017397719e-16,2.22364930119179e-06,1.346145417358e-15,1.37606370017393e-16,-9.05364794438664e-17,4.57210737131453e-07,-1.89419422634216e-06,1.04083408558608e-17,-2.77555756156289e-17,1.36445532310379e-16,8.73563649879412e-18,1.75013725248196e-08,-2.98372437868011e-16,-1.51530451531354e-16
"t41",0.0740075256402926,0.0147974942327647,-0.0535691010193955,-0.290361888020071,-0.0172592753583373,0.0170039120644054,-0.0897584022487059,-0.00203243770690431,0.00327989544392129,0.00163415742001576,-0.000686352026962655,0.0139422686682702,0.00207606178078396,0.00351223145621793,0.00905473828217334,3.54086157302826e-05,0.000176648360890483,-0.00274892567377278,-0.105726235315237,-0.000328331432581891,0.000167347733880276,7.43657680551136e-06,0.000189923986480114,-9.68733083575798e-05,0.000462093208356419,-0.0329493285606383,-0.00241887923773287,5.11485707656889e-05,-0.000645262419553618,0.0001617469648285,0.00055867403946331,-0.000996231359743337,-3.30413319751353e-05,0.171266738291514,-2.18548670971575e-05,-5.24490217374385e-16,-2.9146270847515e-16,-7.37335132861303e-16,-0.000206838415671644,0.000220160720470547,0.00218521268899501,0.919290937573511,0.00315923238321366,-0.000521548738924595,-3.19484022570649e-14,-0.00015930953029735,-0.000120436030193022,2.79079429387902e-05,-7.35224109471924e-06,3.43475248243408e-16,-1.18554805577264e-17,0.000233265716228067,-3.72091570393077e-05,-0.000171135194942203,1.35319926967238e-16,1.65461254787586e-05,8.5824287094948e-06,6.36631219709013e-17,4.05135150536465e-16,9.98582048741013e-17,2.98403451207672e-06,-7.09384251939973e-17,0.0183260982273308,-1.15118382986862e-05,4.34685950173835e-17,7.23175809890635e-18,3.93538417689624e-17,1.72981993059205e-16,-1.76198062398817e-16,-2.55004350968591e-16,3.54178170258734e-06,-1.40512601554121e-16,-1.32378076210258e-16,-5.65993322099102e-16,-3.22034409693927e-05,1.04108765826608e-17,1.6607721706266e-06,8.70831184940357e-16,2.10984363113816e-17,3.0194248384025e-16,3.39313983774986e-07,-1.39862746273683e-06,-2.60208521396521e-18,-8.67361737988404e-19,2.26943462207353e-16,-1.22411821431677e-16,1.2672072852854e-08,-1.93638508005911e-16,-8.04830946754692e-17
"t67",0.0750414125550367,0.0152320261694048,-0.0562749052430009,-0.311212330939434,-0.0188884908039432,0.0189098776660524,-0.102381276901273,-0.00233407465462399,0.00379811889581971,0.00192042732452119,-0.000825572155594087,0.0168732522876764,0.00260472107472614,0.00503651521603434,0.0136998637662609,5.48906583698375e-05,0.000276949497028653,-0.0044005851370557,-0.228841732782354,-0.00073800857595187,0.000470141059001096,5.06241449605921e-05,-0.00175359718102226,0.000656191121222727,-0.00116532647240739,0.0765540480762313,0.00523549255389349,-8.50016405858987e-05,0.000738209291733738,-0.00018882278388122,-0.000666068339151183,0.00126910928366828,4.24755500088467e-05,-0.392573601676893,-9.43323699977164e-06,-1.1361610372651e-16,3.09866954981716e-16,7.41199391975551e-16,1.94826629374562e-05,-2.2902637221287e-05,-0.000214982256994549,-0.0892658438097462,-0.000297107244745515,3.7213158704771e-05,1.3392065234541e-15,3.8510091681173e-06,2.05107618364564e-06,9.69556593753695e-07,-6.71009819999679e-07,1.52655665885959e-16,1.36156506238707e-16,3.67178601903134e-05,-6.06307454934592e-06,-2.93299427381009e-05,-1.89894129303103e-16,2.89852926081691e-06,1.54546652542846e-06,3.33675812051811e-16,-3.93332517086274e-16,-9.87605214867282e-17,1.03656558794046e-06,-2.72859785957195e-16,0.388476321466198,4.47100659166956e-05,-4.40805476655403e-16,1.38133120992294e-16,7.1130498011706e-17,8.47227819754861e-16,2.33281479660927e-16,-2.3037127760972e-15,5.90547372683603e-07,-1.52655665885959e-16,1.06824300813931e-13,0.707106781186547,-6.94015843487328e-06,6.96718339186849e-16,3.65498485421778e-07,9.29811783123569e-16,1.25443589845601e-16,-1.62690490993701e-15,7.77176484972886e-08,-3.30959064265279e-07,-4.84855211535518e-16,4.16333634234434e-16,4.01383935898735e-16,-2.56223884109607e-16,3.3591179560144e-09,-3.93782229046735e-16,1.52430636122991e-17
"t68",0.0750414125550367,0.0152320261694048,-0.0562749052430009,-0.311212330939434,-0.0188884908039432,0.0189098776660525,-0.102381276901272,-0.00233407465462394,0.00379811889581967,0.00192042732452118,-0.000825572155593995,0.0168732522876763,0.00260472107472619,0.0050365152160343,0.0136998637662609,5.48906583698155e-05,0.000276949497028623,-0.00440058513705569,-0.228841732782354,-0.000738008575951917,0.000470141059001096,5.06241449606018e-05,-0.0017535971810224,0.000656191121222685,-0.00116532647240744,0.0765540480762315,0.00523549255389347,-8.50016405859219e-05,0.000738209291733807,-0.000188822783881255,-0.000666068339151114,0.00126910928366818,4.24755500088014e-05,-0.392573601676893,-9.43323699974576e-06,-5.69123301907008e-17,1.1437175094257e-16,6.68212680536883e-16,1.9482662937588e-05,-2.2902637221299e-05,-0.000214982256994551,-0.089265843809747,-0.000297107244745503,3.7213158704791e-05,1.27675647831893e-15,3.85100916812663e-06,2.05107618385381e-06,9.69556593760634e-07,-6.71009819916413e-07,2.42861286636753e-16,1.90802096844554e-16,3.67178601902614e-05,-6.0630745493219e-06,-2.93299427378945e-05,1.50122143041338e-16,2.89852926085854e-06,1.54546652538965e-06,-1.16501923990301e-16,2.27562907159862e-16,-5.22277041505867e-16,1.03656558821715e-06,-3.11050930484713e-16,0.388476321466198,4.47100659166262e-05,3.2773172752309e-16,5.00798780940962e-16,6.76612317865993e-17,-6.96675877445452e-16,6.98132132101405e-16,2.09554595897998e-15,5.90547373335859e-07,6.38378239159465e-16,-1.0700118462726e-13,-0.707106781186547,-6.94015843489756e-06,-7.49702296404388e-16,3.654984857826e-07,-4.57966997657877e-16,-8.4240912719014e-17,1.5207524102995e-15,7.7717648143405e-08,-3.30959063803843e-07,4.70977423727703e-16,-1.12757025938492e-16,-3.20260953119236e-16,3.12765585348551e-16,3.35911815377288e-09,-1.73472347597681e-16,-2.6925158222652e-16
"t48",0.0749603808840484,0.0151980885103551,-0.0560645522541743,-0.309598583944738,-0.0187629624353286,0.0187635225141796,-0.101417032779324,-0.00231106458276485,0.00375865234946651,0.00189868888998551,-0.000815047425899319,0.0166519324358431,0.00256506578125366,0.00492468664613681,0.0133617730391381,5.34775385529499e-05,0.000269685560339699,-0.00428130799862744,-0.220248256638707,-0.000709512331401495,0.000449449779866934,4.77870924336409e-05,-0.00163134032003691,0.000609109358082359,-0.00106702217442705,0.0699655857314323,0.00477655551398098,-7.69387354945098e-05,0.000650683503458926,-0.00016604611918226,-0.000584896307366907,0.00111141457356214,3.71874719957572e-05,-0.341276632278834,-8.10303172303532e-06,-5.69915101060898e-17,3.44979127190767e-16,6.29680673174613e-16,1.63569075537148e-05,-1.91107288897117e-05,-0.000176149814693658,-0.0730454649639002,-0.000242402737379292,2.97886415008366e-05,9.74914593498966e-16,2.95837396034108e-06,1.56440987709311e-06,6.928730153892e-07,-4.25882134842681e-07,-5.30825383648903e-16,-1.71622863417221e-16,1.72976568520982e-05,-2.74317717356194e-06,-1.23869584087305e-05,-1.75178343159084e-17,1.18298379696985e-06,6.01514994369987e-07,-1.99268694745225e-16,-2.7395935964326e-17,2.93631891846583e-16,-4.1686072164808e-07,7.0061755203269e-16,-0.835036711116345,-0.000105400170921267,1.80319520133511e-16,-7.68229214069678e-16,-1.86535909129373e-16,-2.59124092434982e-16,-6.23164103848944e-16,5.62050406216485e-16,1.58767294625856e-06,-4.23272528138341e-16,6.06522841803738e-17,4.98245472351638e-16,-1.32249281568735e-05,3.87137768560362e-17,6.78888143867962e-07,4.71844785465692e-16,1.07705561257888e-16,-2.14361213894646e-17,1.37714616210705e-07,-5.65304834583905e-07,2.26815094483968e-16,-2.33320307518881e-16,1.91872129974781e-18,1.85688943870878e-16,5.1157924441797e-09,-1.52221985016965e-16,-1.42181308729073e-16
"t76",0.074828619461382,0.0151423190564598,-0.0557140245492253,-0.306873024085571,-0.0185480308703498,0.0185103362488874,-0.0997221918150316,-0.00227045009727047,0.00368863569824258,0.00185977860401173,-0.000795947689129639,0.0162488584893283,0.00249134638513334,0.00470181059868925,0.0126706705325946,5.05569330069522e-05,0.000254596961831925,-0.00403127240464728,-0.200083862124516,-0.000641847824700525,0.000397184709100764,3.94849122573253e-05,-0.00120001204280733,0.000437942822054491,-0.000629382234682004,0.0397430497509809,0.00261010745714017,-3.32474874583811e-05,-0.00022567258986296,7.91898583473579e-05,0.000330444484127715,-0.000843450907530196,-2.90258745929041e-05,0.520690076884757,4.2247568668599e-05,3.69347501351783e-16,-2.54755330119648e-16,-7.81110055067839e-16,0.000112575662685178,-9.9150481047716e-05,-0.00060946807254464,-0.248294493385587,-0.000794388536843086,8.2966330116899e-05,3.1641356201817e-15,7.0476598501243e-06,3.67241319941189e-06,1.52436062745426e-06,-9.42852921924364e-07,1.80411241501588e-16,-1.2215365599018e-16,4.55030280351442e-05,-7.43014027506869e-06,-3.53232098476612e-05,2.00064689326254e-17,3.46311269416866e-06,1.82736118775986e-06,1.62349912247986e-16,1.21539940931967e-16,3.2960233876168e-16,8.16599107856478e-07,1.84922300235377e-16,0.0164083649631979,-2.00345562347687e-06,3.4537305471702e-16,-2.35620375340183e-16,-1.31910871413664e-17,1.24095533416288e-17,-1.82574849026187e-16,-7.28583859910259e-17,1.18116964553661e-06,-3.17454396103756e-16,8.93136350815911e-17,-1.18306580101484e-15,-1.14962391958885e-05,-1.56488089897444e-15,5.97351131212398e-07,2.24126273096203e-15,3.77534668091613e-14,-0.707106781186547,1.23919461636479e-07,-5.17646118799314e-07,3.27862736959617e-16,2.25514051876985e-17,-1.063570564958e-16,2.7320636073516e-16,4.94375752488341e-09,5.68121938382404e-17,-2.26650049838679e-17
"t77",0.074828619461382,0.0151423190564598,-0.0557140245492253,-0.306873024085571,-0.0185480308703498,0.0185103362488873,-0.0997221918150316,-0.00227045009727043,0.0036886356982426,0.00185977860401176,-0.000795947689129593,0.0162488584893282,0.00249134638513335,0.00470181059868915,0.0126706705325946,5.05569330069389e-05,0.000254596961831842,-0.00403127240464727,-0.200083862124516,-0.00064184782470052,0.000397184709100769,3.94849122572866e-05,-0.00120001204280727,0.000437942822054463,-0.000629382234681968,0.0397430497509811,0.00261010745714017,-3.32474874584322e-05,-0.000225672589862901,7.91898583475453e-05,0.000330444484127791,-0.000843450907530088,-2.9025874592842e-05,0.520690076884757,4.22475686686317e-05,1.90237293553361e-16,-2.46515402846472e-16,-8.05396185730931e-16,0.000112575662685289,-9.91504810476247e-05,-0.000609468072544669,-0.248294493385587,-0.000794388536842988,8.29663301168499e-05,3.02535774210355e-15,7.04765985020634e-06,3.67241319952638e-06,1.52436062729119e-06,-9.42852922070081e-07,-3.12250225675825e-17,-1.63787019213169e-16,4.55030280351442e-05,-7.43014027481125e-06,-3.53232098475407e-05,-7.80054069115156e-17,3.46311269443927e-06,1.82736118787619e-06,-6.19503045804492e-17,-1.22805372899722e-16,-1.11017448159755e-16,8.16599108179571e-07,-2.51658905579216e-16,0.0164083649631979,-2.00345562339187e-06,-4.31782489598656e-16,1.76539125589462e-16,-6.00283474962547e-17,-7.25915362222433e-17,4.38689367366691e-16,1.90819582357449e-16,1.1811696451966e-06,2.61943244872498e-16,-2.86485796471595e-17,1.34442502674746e-15,-1.14962391954913e-05,1.55768886859398e-15,5.97351132211599e-07,-1.49186218934005e-15,-3.76653702525564e-14,0.707106781186547,1.23919458222543e-07,-5.17646117784501e-07,1.22298005056365e-16,-2.52402265754625e-16,2.1283255694302e-16,3.38156694507921e-17,4.94375775386691e-09,-3.25260651745651e-16,-2.7593460217399e-16
"t14",0.0715556001129629,0.0137605570936246,-0.0470582176446179,-0.239779906172292,-0.0132735839204951,0.012311224918225,-0.0583661908925997,-0.00128027977517452,0.00198344164863509,0.000913862456042923,-0.000332887104603157,0.00648328953430104,0.000712085046342274,-0.000618239682425746,-0.0037724347804325,-1.88434877433744e-05,-0.00010374619758884,0.00190124460652234,0.275723761423003,0.00095522640023681,-0.000843621588299992,-0.000140906567348714,0.00945171070191664,-0.00386000693521845,0.0125435237668755,-0.909290057474407,-0.0686396380975433,0.00199710402837699,0.00764518461651932,-0.00153245028650432,-0.00462379295038643,0.00625654242880709,0.000201331202189413,-0.059194553548053,0.000110802647155611,2.73953975374526e-16,-1.23718887706935e-16,2.13982865847759e-17,0.000266561665790133,-0.000197934267902815,-0.000307831683567868,-0.0928688850060165,-5.27506987376991e-05,-0.000207178984737587,-2.09268366524462e-14,-0.000140456960423814,-0.000112700200240028,3.47491908894906e-05,-1.08105910897292e-05,-3.76434994286967e-16,-2.02623634045849e-16,0.000381421259271748,-6.12089336933171e-05,-0.000283908815941951,2.54046656972843e-18,2.75469257166941e-05,1.43505745782097e-05,5.60597490143779e-18,2.05866727238328e-16,-9.03500308157622e-17,5.27034829446167e-06,4.26994643884985e-17,0.00276788578585814,-2.45821574208658e-05,4.37440535876119e-17,-4.92783100435035e-17,5.31087843101553e-17,2.70228728333127e-18,2.66083562391397e-16,1.87350135405495e-16,6.62050951833436e-06,-2.40692882291782e-16,6.56669991873067e-17,-3.05742402909304e-17,-6.07630687797876e-05,-7.4901772232968e-18,3.13669441030784e-06,1.91860416443035e-15,5.56354151040408e-17,1.00097052176569e-16,6.42096997981179e-07,-2.65096619183041e-06,-1.29670579829266e-16,5.8113236445223e-17,-1.61950632532086e-17,1.42137418306937e-16,2.41551388665412e-08,-3.06395533944404e-16,-1.66799000427562e-16
"t33",0.0722634981888911,0.0140476826835345,-0.0487550994817161,-0.252130280219531,-0.0141768804150926,0.0133100319181758,-0.0643456627100411,-0.00141894209920763,0.00221263999651334,0.00103140722067113,-0.000382781926488625,0.00749212297674395,0.000847697505442855,-0.000827720859438127,-0.00531331549243116,-2.71762506870694e-05,-0.000151303080751627,0.00283131154242238,0.581749563048635,0.00212079832883496,-0.00265511072549774,0.00167527466851328,-0.0107676739310513,0.0036686333914142,-0.00429987809157254,0.270267114604916,0.0177608283309692,-0.000244711468545257,0.000853363532293283,-0.000190179903201291,-0.000606953290313544,0.000902996465160647,2.93129707400315e-05,-0.01038074384331,2.39114505607898e-05,-5.2934121460117e-17,5.74156028330528e-17,1.30116438325072e-17,7.21077772733534e-05,-5.57734794687203e-05,-9.53040632141559e-05,-0.0289135077276511,-1.66232703557819e-05,-6.96820182276597e-05,-7.39512617808913e-15,-5.18144524972761e-05,-4.20697946779932e-05,1.40003158127372e-05,-4.66876570671092e-06,-1.795438797636e-16,-3.01048395968995e-15,0.000175743854168238,-2.83298734964725e-05,-0.000132267628612837,-4.23599712244373e-17,1.28698414915748e-05,6.7282194715257e-06,-8.72275864362074e-15,-0.707106781186547,3.81239924424448e-15,2.61608487672814e-06,-4.81503154093365e-16,0.00140418504224393,-1.24839061315775e-05,-1.15330680272764e-15,-1.05161997606166e-16,-5.07083708056599e-16,-8.29107750293885e-17,-1.33979813212718e-16,0,3.51377184258303e-06,-2.68014777038417e-16,-2.84032849642177e-17,-2.06653023324935e-16,-3.29926110218303e-05,-6.15981562126516e-18,1.70764512220228e-06,9.26342336171615e-16,-2.1342150326623e-16,-1.49204200637213e-16,3.51467183046586e-07,-1.45810040227436e-06,-4.29777741173254e-16,-3.90312782094782e-18,-3.02613558115568e-17,1.10655327009579e-16,1.35516363035729e-08,-2.41343403595273e-16,-1.72454121045377e-16
"t78",0.0722634981888911,0.0140476826835345,-0.0487550994817161,-0.252130280219531,-0.0141768804150926,0.0133100319181758,-0.0643456627100411,-0.00141894209920759,0.00221263999651346,0.00103140722067121,-0.000382781926488569,0.00749212297674391,0.000847697505442828,-0.000827720859438042,-0.00531331549243115,-2.71762506870543e-05,-0.000151303080751634,0.0028313115424224,0.581749563048635,0.00212079832883482,-0.00265511072549784,0.0016752746685135,-0.0107676739310512,0.00366863339141414,-0.00429987809157252,0.270267114604916,0.0177608283309693,-0.00024471146854534,0.000853363532293211,-0.000190179903201162,-0.00060695329031346,0.000902996465160765,2.93129707399228e-05,-0.0103807438433102,2.39114505607579e-05,-2.56122275915341e-17,8.58216987658231e-17,1.78677735575517e-16,7.21077772736188e-05,-5.57734794688546e-05,-9.53040632144411e-05,-0.0289135077276516,-1.66232703556236e-05,-6.96820182276692e-05,-7.73686670285656e-15,-5.1814452497303e-05,-4.20697946781467e-05,1.40003158128066e-05,-4.66876570673694e-06,4.64038529823796e-16,3.16946842298837e-15,0.000175743854167952,-2.83298734983041e-05,-0.000132267628612658,-2.37116943844481e-17,1.28698414919252e-05,6.7282194702934e-06,8.92847133911312e-15,0.707106781186547,-3.74405619928138e-15,2.6160848774397e-06,5.63010487028183e-16,0.00140418504224396,-1.24839061310276e-05,1.20504960052157e-15,1.01974817076723e-16,4.17523850684841e-16,1.04439307056683e-16,4.55500433579569e-17,-1.38777878078145e-17,3.5137718424165e-06,9.84455572616838e-17,-7.52407568681243e-17,2.92947414626223e-16,-3.29926110217513e-05,5.40811763334038e-17,1.70764512235494e-06,7.8236028766554e-16,2.97481646194295e-16,4.356679752701e-17,3.51467183118577e-07,-1.45810040198986e-06,2.42861286636753e-17,-9.10729824887824e-17,2.02191597951876e-16,6.83714648977341e-17,1.35516363053076e-08,-2.81025203108243e-16,-5.42760835448022e-17
"t27",0.0672628118642963,0.0116079448202478,-0.0297438596671378,-0.0625300905576957,0.00639847259401034,-0.0199481460244967,0.42768050256484,0.0155942251766011,-0.0599100918108202,0.0392512452976673,-0.0049380565753778,0.0883277011552043,0.00874503881429391,0.00960218418958301,0.0226182239746686,8.49589210997173e-05,0.000415799588862861,-0.00623688138976145,-0.0184717804937309,0.000103509793042479,-0.000950459103912602,0.00144557170592493,-0.449483322243103,-0.0114298074741913,9.14778242481987e-05,-0.000444412822401373,-2.52854915619299e-05,7.73318576004844e-05,0.00696712161268961,-0.00354236627723653,-0.282029264614937,-0.00741193116116059,-0.000214844101419768,0.000257513650982472,-5.79425937592889e-06,-1.73707217685208e-16,-6.29556753094517e-19,1.92416655163345e-16,1.74058275567712e-05,-1.57518656780531e-05,-1.21600726197674e-05,-0.000316300694000069,3.58905643228716e-05,-4.33780869482001e-05,-4.82600071016748e-15,-3.27767911976545e-05,-2.68392409376907e-05,9.47142187148614e-06,-3.32994779714268e-06,4.85722573273506e-16,-5.04646147447921e-16,0.000131382782392196,-2.1246508051895e-05,-9.96561643947288e-05,-2.41684618190467e-15,9.71596183070578e-06,5.0919869692414e-06,0.707106781186548,-8.67116119548838e-15,-2.79279819196214e-15,2.05875376689405e-06,-8.81220881084627e-16,4.17146946663227e-05,-1.01169321303392e-05,-3.88956156687488e-16,-1.48456628646592e-16,-2.78198163161284e-16,4.72252564268768e-16,2.21476680087245e-16,1.76941794549634e-16,2.89581924117072e-06,-1.42247325030098e-16,-2.21545778099496e-16,-4.1688477891499e-17,-2.76050906549072e-05,1.25050044638915e-16,1.43131078690628e-06,8.74300631892311e-16,1.33501792741939e-16,5.30516810645868e-17,2.95658361574441e-07,-1.23052211451619e-06,-1.20563281580388e-16,-3.64291929955129e-17,2.77121668533548e-17,6.40950639190922e-17,1.15882502690901e-08,-2.90566182226115e-16,-2.6534449174831e-17
"t28",0.0672628118642963,0.0116079448202478,-0.0297438596671377,-0.0625300905576957,0.00639847259401032,-0.0199481460244966,0.42768050256484,0.0155942251766012,-0.0599100918108202,0.0392512452976673,-0.00493805657537775,0.0883277011552044,0.00874503881429394,0.00960218418958298,0.0226182239746686,8.4958921099737e-05,0.000415799588862942,-0.00623688138976144,-0.0184717804937308,0.000103509793042609,-0.000950459103912631,0.00144557170592493,-0.449483322243103,-0.0114298074741913,9.14778242482109e-05,-0.000444412822401274,-2.52854915620271e-05,7.73318576006463e-05,0.00696712161268967,-0.00354236627723648,-0.282029264614936,-0.00741193116116058,-0.000214844101419838,0.000257513650982525,-5.79425937637562e-06,-2.52203454037959e-16,-1.16422347738242e-16,8.39964381378422e-17,1.74058275567782e-05,-1.57518656782188e-05,-1.2160072619585e-05,-0.000316300694000053,3.58905643228751e-05,-4.33780869486073e-05,-4.95783969434171e-15,-3.27767911978149e-05,-2.68392409372639e-05,9.47142187105593e-06,-3.32994779695533e-06,-4.92661467177413e-16,-7.09652779584103e-17,0.000131382782393644,-2.12465080521569e-05,-9.96561643930947e-05,2.36275067581322e-15,9.71596183323847e-06,5.09198696937649e-06,-0.707106781186548,8.72423753019079e-15,2.97255526247903e-15,2.05875376708487e-06,9.18320899493646e-16,4.17146946666766e-05,-1.01169321303982e-05,2.87152480775406e-16,1.83607402106908e-16,1.59385887554296e-16,-4.85314741379207e-16,1.78125523093422e-16,6.93889390390723e-18,2.895819241025e-06,7.63278329429795e-17,1.4317977211103e-16,2.32397756119574e-16,-2.76050906549488e-05,-1.47170259354894e-16,1.43131078692016e-06,8.46545056276682e-16,-9.17276380008127e-17,6.59375634478389e-18,2.95658361681994e-07,-1.23052211466537e-06,2.92300905702092e-16,-1.43982048506075e-16,6.43581914297454e-17,8.34480480372326e-17,1.15882503454179e-08,7.19910242530375e-17,-1.84936387328982e-16
"t3",0.0668356380298625,0.0114546293742296,-0.0290778348560606,-0.0605679212605679,0.00613846576402515,-0.018996702049215,0.402555088932911,0.0146322013425449,-0.0559992564167805,0.0364409343670257,-0.00453563642421506,0.0809012923808482,0.0078779713018324,0.00813604945191066,0.0187021155794399,6.94789864910173e-05,0.0003383048396411,-0.0050268577862412,-0.013032885175977,7.18649326213913e-05,-0.000601902781759233,0.000681261767335162,-0.101524537887193,-0.00207783045868424,-1.42291409079981e-05,9.41644059378409e-05,6.76503254057673e-06,-4.33734081536335e-05,-0.0179535052074879,0.0103543861524808,0.891019716196022,0.027320096957789,0.000804643544727891,-0.00150921892305266,0.000111032129469557,-2.81620882666382e-16,3.22937241345472e-16,-6.09804941476101e-16,0.00019597541461403,-0.000136414305039949,-6.82422679897372e-05,-0.00173819395460617,0.000188736821569298,-0.000184871906775941,-1.70774852592537e-14,-0.000109694066046344,-8.7396979480122e-05,2.62387822192196e-05,-8.11285059235979e-06,9.4542429440736e-17,3.36541129466213e-16,0.000287559275518009,-4.61755316232876e-05,-0.000214390171428103,-2.02620010293087e-16,2.08110694800943e-05,1.08478401899852e-05,2.53810034673511e-16,-5.66882952069901e-17,8.0038519430036e-17,4.03274528518194e-06,6.58645138471372e-17,7.92713307700178e-05,-1.91978904838302e-05,2.82750088706484e-16,-7.65131797550472e-17,7.67038015579103e-17,-3.21948612349146e-17,-8.89944637250744e-18,1.42247325030098e-16,5.18221248507582e-06,-2.31585584042904e-16,-6.50273689828466e-17,2.44455208269067e-17,-4.79891420324622e-05,3.64021104377783e-17,2.47999148021705e-06,1.27502175484295e-15,4.96945263908164e-17,-9.70506037276283e-18,5.08825562958032e-07,-2.10509135670049e-06,-3.46944695195361e-18,-2.60208521396521e-17,4.37214470391427e-17,1.02165171426949e-16,1.93518634424364e-08,-2.84494650060196e-16,-1.27280354656164e-16
"t57",0.0666628619024497,0.0113918542845381,-0.0288006238091429,-0.0597380463092537,0.00602667260218723,-0.0185824500068431,0.391398828520353,0.0142028040864596,-0.0542425194911256,0.0351643249575255,-0.00434959975032833,0.0774523531662169,0.00746440326513551,0.00736727321690642,0.0165729537488323,6.09263162891797e-05,0.000295171103917518,-0.00434416783378936,-0.00935999719910718,5.00540246504776e-05,-0.000333236980958671,-0.000124166278303957,0.540506259674833,0.0173865302958501,-0.00115247467124795,0.0136850329448938,-0.00308041875207521,0.000463592802659421,0.00661174700823177,-0.00246692930377841,-0.150835042019128,-0.00145377783637462,-3.42534236269061e-05,-0.000271215664066306,4.5726353487401e-05,0.707106781186547,-1.19153372539235e-15,-1.05620944623909e-15,0.000124330141503545,-9.14514133241525e-05,-5.10337385201285e-05,-0.00130744129586784,0.000143721253836795,-0.000149592485220049,-1.42520543977565e-14,-9.53997547168231e-05,-7.66314162374752e-05,2.41237720636145e-05,-7.73095016973202e-06,1.58727198051878e-16,4.39455348682242e-18,0.000281724463066101,-4.53171315041209e-05,-0.000210927448863892,-5.67727867851455e-17,2.04965150550768e-05,1.06978026468177e-05,-2.45740070659403e-17,1.06952470333165e-16,-1.9319797477141e-16,4.05364738318722e-06,4.59813270442074e-17,8.01886256139315e-05,-1.9425697009847e-05,-1.11833818060803e-16,-9.74546469024177e-18,-7.2059491503796e-17,-1.42613293063003e-16,1.19277856763756e-16,-8.06646416329215e-17,5.30290513151357e-06,-1.95156391047391e-16,-2.85020270438562e-16,7.25129714924999e-17,-4.93537112782054e-05,-7.08200388938819e-17,2.55190881261538e-06,1.47278023110431e-15,-9.74577505830402e-17,1.07055813514859e-16,5.24159557946727e-07,-2.17060951044094e-06,-1.00397121172158e-16,-1.24683249835833e-16,-5.63330901831081e-17,7.80503375445652e-17,2.00278607825725e-08,-1.8550699171227e-16,-2.30916872887408e-16
"t2",0.0666628619024497,0.0113918542845381,-0.0288006238091429,-0.0597380463092537,0.00602667260218722,-0.0185824500068431,0.391398828520353,0.0142028040864596,-0.0542425194911257,0.0351643249575253,-0.00434959975032837,0.077452353166217,0.00746440326513544,0.00736727321690642,0.0165729537488323,6.09263162891917e-05,0.000295171103917505,-0.00434416783378924,-0.00935999719910714,5.00540246506575e-05,-0.000333236980958764,-0.000124166278304039,0.540506259674834,0.0173865302958501,-0.00115247467124816,0.0136850329448935,-0.00308041875207519,0.000463592802659631,0.00661174700823293,-0.00246692930377859,-0.150835042019128,-0.00145377783637411,-3.42534236266827e-05,-0.000271215664065875,4.57263534886334e-05,-0.707106781186546,9.34369893980389e-16,1.37240342003086e-15,0.000124330141499573,-9.14514133221378e-05,-5.10337385192583e-05,-0.00130744129586875,0.000143721253836728,-0.000149592485220394,-1.47668335892526e-14,-9.53997547170138e-05,-7.66314162363607e-05,2.41237720632684e-05,-7.73095016965049e-06,9.80118763926896e-17,1.466418784833e-16,0.000281724463065986,-4.53171315039168e-05,-0.000210927448863476,2.52007991902764e-16,2.04965150551132e-05,1.06978026468493e-05,8.15241766876155e-17,-1.87245787757113e-16,9.82355703666955e-17,4.05364738331103e-06,-5.81562887703528e-17,8.01886256138048e-05,-1.94256970102533e-05,2.65792130562269e-18,-7.6532319144456e-17,3.54933607878349e-17,1.48820247838781e-16,1.09681019276491e-16,1.47451495458029e-16,5.30290513157602e-06,6.17995238316738e-17,2.00702305720281e-16,6.55740811568188e-17,-4.93537112782631e-05,7.61706709400868e-17,2.55190881266742e-06,1.55431223447522e-15,1.85952696871476e-16,-8.63658570873715e-17,5.24159557971013e-07,-2.1706095103091e-06,2.97179815478277e-16,9.34582272682505e-17,1.93467091320291e-16,1.39633023428332e-16,2.00278607366024e-08,-4.01263224036885e-16,-5.4842440003745e-17
"t39",0.087221715748926,0.0252460954846987,0.217485706640454,0.0359206208141145,-0.00416749480301306,0.0061416022808368,-0.0398153259748363,-0.000802527422041836,-0.00030371505454514,0.202836091333758,5.93699926910381e-05,0.000642286804898875,0.000619562917225278,0.00142722761501084,0.00362215524017656,1.3914710131415e-05,6.86956706226983e-05,-0.00104457554708188,-0.00224206741159986,2.18210472759015e-05,-0.000163644743769462,0.00018483334420613,-0.000839358417284169,0.000392707572051457,-0.000111327423824812,0.00105516199407087,-0.000378531517908842,6.14992642755901e-05,0.00729282202198139,-4.26632150761293e-05,-0.000244233928985516,0.00624961042825552,-0.000272790596434511,-1.99966241716561e-05,-0.265806690826421,1.21443531453476e-16,2.48563447326113e-16,-1.45582013915321e-16,2.45383439028881e-05,-1.65272293328604e-05,0.379004082721876,-0.00116105629737244,8.4296573807948e-05,-0.0971501609782636,-3.75220687853783e-15,-2.00529384177202e-05,-1.63534789099874e-05,5.41441942533867e-06,-1.78529207467241e-06,7.81492925927552e-16,-1.30240436504496e-16,6.73157785217025e-05,-1.09075010807923e-05,-0.000717842812518849,3.72273192672465e-17,4.75782684742666e-06,3.64600392221165e-05,1.21523391722611e-15,-3.99334479535654e-16,1.33032677000123e-15,0.406713698794326,0.707106781186546,1.36467138342321e-05,-4.55884279924358e-06,-7.42757765237393e-16,3.74303682210676e-16,-1.49613625884511e-15,1.24315000907991e-15,1.54788853016351e-16,1.30971622436249e-16,1.29931186574131e-06,9.75781955236954e-17,-3.94170824431444e-16,2.22809427248521e-16,-1.22574010597357e-05,-1.06819889936338e-16,6.34736954743115e-07,5.82867087928207e-16,1.46293607896683e-16,-5.54527489202467e-17,1.3077223865246e-07,-5.43001685042281e-07,-9.12898229232795e-17,5.63785129692462e-17,3.09330218232533e-17,1.77380702343132e-16,5.06506485017932e-09,-1.54173548927439e-16,3.32918455053323e-18
"t40",0.087221715748926,0.0252460954846987,0.217485706640453,0.0359206208141145,-0.00416749480301306,0.00614160228083681,-0.0398153259748363,-0.000802527422041777,-0.000303715054545156,0.202836091333758,5.93699926910709e-05,0.000642286804898874,0.000619562917225331,0.00142722761501084,0.00362215524017654,1.39147101314047e-05,6.86956706225947e-05,-0.00104457554708186,-0.00224206741159978,2.18210472759093e-05,-0.000163644743769482,0.000184833344206256,-0.000839358417284214,0.00039270757205144,-0.000111327423824826,0.00105516199407085,-0.000378531517908846,6.14992642755562e-05,0.00729282202198144,-4.26632150761271e-05,-0.000244233928985454,0.00624961042825561,-0.000272790596434492,-1.99966241717055e-05,-0.265806690826421,-1.90690684523424e-17,1.14989741566656e-16,-2.76208171397796e-17,2.45383439029349e-05,-1.65272293331267e-05,0.379004082721876,-0.0011610562973725,8.42965738077715e-05,-0.0971501609782634,-3.60735746829377e-15,-2.00529384177809e-05,-1.63534789098269e-05,5.41441942536643e-06,-1.78529207453364e-06,-2.69749500514394e-16,1.68132002366228e-16,6.7315778522219e-05,-1.09075010808553e-05,-0.000717842812518964,-1.60531155911199e-16,4.75782684743534e-06,3.64600392225689e-05,-7.0074554826643e-16,8.75806720441449e-17,-1.86156446262545e-15,0.406713698794317,-0.70710678118655,1.36467138330838e-05,-4.55884279900766e-06,1.20707176042779e-15,-6.35088518668572e-16,1.85534960998005e-15,-1.35199619836584e-15,4.78209395167263e-17,2.53269627492614e-16,1.29931186557651e-06,3.70363462121048e-16,-1.23554097491502e-16,1.11786956782564e-16,-1.22574010596758e-05,1.61384602590265e-16,6.34736955152509e-07,2.72351585728359e-16,1.29367861376435e-17,-7.9738526183522e-17,1.30772238312454e-07,-5.43001684893095e-07,-9.54097911787244e-18,7.80625564189563e-17,3.09330088718233e-17,5.07458500936475e-17,5.06506474175911e-09,-4.12647346847983e-16,-5.34443405852704e-18
"t38",0.0872176496298573,0.0252436651337045,0.21745054456992,0.0359125563972688,-0.00416629443264447,0.0061395405582299,-0.0397990420714576,-0.00080218375380447,-0.00030357791395382,0.202736252679394,5.93370481586079e-05,0.000641920009580651,0.000619151630484283,0.00142583900099335,0.00361823138103839,1.38989734427289e-05,6.86164917828918e-05,-0.00104333055668945,-0.00223833743730552,2.17836916558661e-05,-0.000163324188766575,0.000184368277653808,-0.000836704681393758,0.000391427874318319,-0.000110896906938967,0.00105099379463975,-0.000377006669264501,6.12297408666161e-05,0.00725215048623212,-4.24207719612159e-05,-0.00024283038407945,0.00621292471328025,-0.000271185895112445,-1.98725761804331e-05,-0.264012968629082,-7.77360583076771e-17,1.83499005391172e-16,5.47891315218454e-16,2.43470622429392e-05,-1.63937387803987e-05,0.375624090835326,-0.00115063112668405,8.35281258582021e-05,-0.0961785242901729,-3.6273067882675e-15,-1.98136605228095e-05,-1.61528126080904e-05,5.33115886075866e-06,-1.74751167331816e-06,2.56739074444567e-16,-1.49140470134841e-16,6.48792481250061e-05,-1.04901393905827e-05,-0.000687842578045645,-5.34150609617976e-16,4.55065157528578e-06,3.47838722873041e-05,7.62177018063344e-17,4.53172165419358e-16,1.88098018792963e-16,-0.818024803289801,5.08752357576575e-15,1.51904565467466e-05,-5.04926416505964e-06,-2.45572716316285e-16,1.60156215287177e-16,-3.00154011360878e-16,4.0912870600764e-16,-6.73698494800635e-17,-1.83880688453542e-16,1.34272523181003e-06,1.73472347597681e-18,1.30338836397939e-16,-2.38359785110502e-17,-1.25506536370491e-05,5.36327372283683e-17,6.49417998647983e-07,3.64291929955129e-16,4.16535727317144e-17,1.98196144194217e-16,1.33601128580324e-07,-5.54097520914787e-07,1.29020058525775e-16,-1.58293517182884e-16,-2.61471111468605e-17,-5.71288908535913e-17,5.14874837383161e-09,-1.34441069388203e-17,-5.86328779984439e-17
"t74",0.0872486653964594,0.0252623008710021,0.21772204552688,0.0359752457927549,-0.00417568986910059,0.00615576181691002,-0.0399281948311142,-0.000804915289553515,-0.000304670746807937,0.203535440979505,5.96026186458391e-05,0.000644882181980499,0.000622508196923824,0.00143758701784191,0.00365187027206756,1.4034664146994e-05,6.93010212090505e-05,-0.00105414577520576,-0.00227274130149192,2.21304497677659e-05,-0.000166400765416551,0.000189205509393493,-0.000867313151669772,0.000406435745931986,-0.000116544806772303,0.00110658407109791,-0.0003976656912666,6.51659852383868e-05,0.00806291890459069,-4.74176264123143e-05,-0.000272364989727312,0.00701750144745238,-0.000306530570744153,-2.29456956994884e-05,-0.320537913940121,-5.74606398186852e-16,6.99974287117609e-16,-3.5332315356093e-16,3.72338660447526e-05,-2.94445491808524e-05,-0.532214929534398,0.00104660935444431,-2.55422084952149e-05,-0.0522041396808001,-1.07379383162964e-15,-1.55423351406183e-05,-1.2922696414442e-05,4.64073259586265e-06,-1.5916578375505e-06,1.85615411929518e-16,9.36262990061068e-17,6.12399373198964e-05,-9.93045707339642e-06,-0.000654103789822309,-2.25851368532803e-16,4.33654387056032e-06,3.32396774911126e-05,2.64271593875023e-16,-1.51367060592335e-16,3.89090532731841e-17,0.000933441661610963,5.45923523699199e-17,1.33667930933713e-05,-4.45839190519985e-06,1.67288670545019e-16,1.18933239571731e-16,-1.47428103994423e-17,-3.30433281293209e-16,-5.9724273258566e-17,-6.93889390390723e-18,1.25095283522517e-06,-2.65412691824451e-16,4.99914000753066e-16,1.37140900247482e-17,-1.18091700038485e-05,-9.83780395953276e-15,6.11622350148167e-07,5.70377078901174e-15,-0.707106781186547,-3.77967603882651e-14,1.26054934714362e-07,-5.23595883936481e-07,5.9913012051549e-16,-1.58293517182884e-16,2.38343352139414e-16,8.99727473765985e-17,4.89195784748875e-09,3.10081821330854e-17,3.57892129722952e-17
"t75",0.0872486653964594,0.0252623008710021,0.21772204552688,0.0359752457927549,-0.00417568986910058,0.00615576181691003,-0.0399281948311141,-0.000804915289553533,-0.000304670746807943,0.203535440979505,5.96026186458434e-05,0.000644882181980513,0.000622508196923852,0.0014375870178419,0.00365187027206755,1.40346641469883e-05,6.93010212091242e-05,-0.00105414577520574,-0.00227274130149193,2.21304497677863e-05,-0.000166400765416525,0.000189205509393486,-0.000867313151669817,0.000406435745931997,-0.000116544806772312,0.00110658407109793,-0.000397665691266603,6.51659852383996e-05,0.00806291890459068,-4.74176264123397e-05,-0.000272364989727344,0.00701750144745231,-0.000306530570744285,-2.29456956994921e-05,-0.320537913940121,-5.94555719236476e-16,6.54437794762361e-16,-3.91487070272781e-16,3.72338660447075e-05,-2.94445491808311e-05,-0.532214929534398,0.00104660935444433,-2.55422084951737e-05,-0.0522041396808002,-1.07032438467769e-15,-1.55423351406326e-05,-1.29226964144654e-05,4.64073259568223e-06,-1.59165783747417e-06,1.85615411929518e-16,-2.78043442662964e-17,6.12399373199294e-05,-9.93045707319694e-06,-0.000654103789822377,4.46353978499082e-16,4.33654387053603e-06,3.32396774913245e-05,-9.33709186250549e-17,-1.15215698500499e-16,-5.47660181932756e-17,0.000933441661610899,-3.53557842397225e-17,1.33667930934788e-05,-4.45839190528746e-06,3.8919211633071e-17,-1.77053947462993e-16,-1.53520652127583e-16,2.40290789465128e-16,1.68785972794464e-16,3.7470027081099e-16,1.25095283547497e-06,1.65232411086791e-16,-4.54184040247221e-16,1.83716828709683e-16,-1.18091700034755e-05,9.69928876403416e-15,6.11622349842855e-07,-4.9439619065339e-15,0.707106781186547,3.78161504277735e-14,1.26054933538219e-07,-5.23595883426473e-07,-4.21754645096861e-16,1.55257751099924e-16,1.89771155777809e-16,1.28353645868199e-16,4.89195791947977e-09,-2.45246531416221e-16,-1.01253937898542e-16
"t51",0.0871753208354697,0.0252182663167881,0.217081188233766,0.0358274259899264,-0.00415355961508088,0.00611758555422854,-0.0396246356402241,-0.000798497372725637,-0.000302104168523001,0.20165992794163,5.89801308409706e-05,0.000637941136449947,0.000614657498160005,0.00141029355711109,0.00357392437158644,1.37206199177409e-05,6.77175983126803e-05,-0.00102915344899491,-0.00219430480206469,2.13411122599417e-05,-0.000159456925120238,0.000178541632050681,-0.000802325460794458,0.000374792627038462,-0.000105279553314241,0.000996768190543623,-0.000357246169533761,5.7860025779422e-05,0.00716659222285912,-4.2631717490289e-05,-0.000247196985410746,0.00653441559394964,-0.000286366184614237,-2.54269922327391e-05,0.225616703142403,7.93464258836266e-17,-2.87718189030327e-16,-3.38538840823554e-16,5.35542334491497e-06,-2.30985006680697e-06,0.0150649342199707,8.05716216150951e-05,-2.3989088406816e-05,0.581983333563154,-9.050052374171e-15,-4.10545074657785e-05,-3.09278553207726e-05,7.68945724491724e-06,-2.2470011395645e-06,-1.62370117351429e-15,-4.23161299690976e-16,7.89610052845434e-05,-1.27398739858447e-05,-0.000833236316268736,-2.84546523077572e-17,5.50778168061442e-06,4.20638624987047e-05,3.21137944240915e-16,-2.84719153036758e-17,1.62796805367432e-16,0.000726299134785111,1.06637964602606e-15,1.58408145855583e-05,-5.27984092423342e-06,-1.58595923866261e-16,2.17152642659766e-15,3.66768810886875e-15,-0.707106781186548,5.62404786107335e-16,-8.84708972748172e-17,1.44210287071275e-06,-2.16840434497101e-16,2.5791770215447e-16,4.95920266786018e-16,-1.34517197350973e-05,-1.549814367075e-16,6.95777795052532e-07,3.60822483003176e-16,4.44519722272332e-16,-2.70762908902472e-17,1.43018897160938e-07,-5.92686076350026e-07,2.95770352654046e-16,1.49186218934005e-16,5.16768227540158e-17,3.31853904132465e-16,5.48774814479458e-09,1.0842021724855e-17,1.01407762687076e-16
"t52",0.0871753208354697,0.0252182663167881,0.217081188233766,0.0358274259899264,-0.00415355961508088,0.00611758555422854,-0.039624635640224,-0.000798497372725617,-0.000302104168522997,0.20165992794163,5.89801308409559e-05,0.00063794113644995,0.000614657498160013,0.00141029355711112,0.00357392437158645,1.37206199178277e-05,6.77175983126386e-05,-0.0010291534489949,-0.00219430480206472,2.13411122599188e-05,-0.000159456925120216,0.000178541632050706,-0.000802325460794475,0.000374792627038496,-0.000105279553314241,0.000996768190543662,-0.000357246169533794,5.78600257793866e-05,0.00716659222285915,-4.26317174904182e-05,-0.000247196985410648,0.00653441559394968,-0.000286366184614161,-2.54269922327451e-05,0.225616703142403,-8.25710842081819e-18,-3.72719637834524e-16,-2.10169303270432e-16,5.35542334484385e-06,-2.30985006689088e-06,0.0150649342199705,8.05716216148904e-05,-2.39890884068715e-05,0.581983333563154,-9.27730114952396e-15,-4.10545074658933e-05,-3.09278553205367e-05,7.68945724486866e-06,-2.24700113975185e-06,2.4980018054066e-16,2.18686387506943e-16,7.89610052843327e-05,-1.27398739858782e-05,-0.00083323631626885,2.83795574556207e-16,5.50778168047217e-06,4.20638624988955e-05,-6.90961656018059e-16,6.65969340517021e-19,7.95300376677997e-17,0.000726299134785613,-9.90013165831507e-16,1.58408145851385e-05,-5.27984092487353e-06,-3.1472064525771e-16,-2.26806460384969e-15,-3.60080312108004e-15,0.707106781186547,-8.86837134756342e-17,1.26634813746307e-16,1.44210287088622e-06,3.72965547335014e-17,-1.61885568414575e-16,-6.14302993485244e-16,-1.34517197349238e-05,1.39514946344602e-16,6.95777795295394e-07,6.55725473919233e-16,-2.95177128262131e-16,9.69570788404562e-17,1.4301889720951e-07,-5.92686076330076e-07,-1.65666091955785e-16,-2.17274115366095e-16,1.85250536519707e-16,-1.77287431015494e-16,5.48774818642794e-09,-3.36102673470506e-17,-8.24729258666964e-17
"t99",0.0873106281723135,0.0252995816489583,0.218266168586144,0.0361011056531163,-0.00419458706383255,0.00618843288412297,-0.0401888796730378,-0.000810431830039434,-0.000306879338247662,0.205152557352589,6.01410126072728e-05,0.000650890411324418,0.000629336080244838,0.00146172846580351,0.00372126178942896,1.43150463426499e-05,7.07165878004825e-05,-0.00107654284421347,-0.0023453177810864,2.28634566307198e-05,-0.000172976656091326,0.000199849314652652,-0.000937660683530251,0.000441198437922407,-0.000130432529910592,0.00124465091588246,-0.000449485957921429,7.55704881530137e-05,0.0111680385769358,-6.78549770368078e-05,-0.000398760551362187,0.0108318752871328,-0.000476058860007099,-4.58663515699649e-05,0.490748216275669,4.27331365697852e-16,-6.28710507685829e-16,4.69141477889015e-16,2.67942706179882e-05,-2.2462258210791e-05,-0.0482171168538831,-0.00022807212583721,5.29999510148556e-05,-0.380124624624372,1.7425297316187e-15,-3.51401387459866e-06,-4.34342760451036e-06,3.05927196898176e-06,-1.22452643980427e-06,2.86229373536173e-16,1.90616331244667e-16,5.06637889110644e-05,-8.24691527903868e-06,-0.000546127800031822,-9.33989388320099e-17,3.62878914194308e-06,2.78908536631085e-05,6.90673215558773e-17,1.31630384258001e-16,-2.49851969498271e-16,0.000525378347002793,-3.31206914738778e-16,1.17706002933562e-05,-3.92799488927158e-06,1.45222060551114e-16,2.50309448538826e-17,-1.38148222029375e-18,2.22376992879873e-17,-8.54292664813147e-17,8.15320033709099e-17,1.12367729466524e-06,1.95156391047391e-17,-3.15813668407306e-16,2.55286518163115e-16,-1.06993667543069e-05,1.00230691024164e-16,5.54668061071573e-07,4.68375338513738e-16,5.94410746912263e-17,-1.10885979480469e-16,1.14535519919051e-07,-4.76541186362339e-07,-6.0281640790194e-17,-1.21430643318376e-16,1.72010448426371e-16,-1.12930375759013e-16,4.48138038830481e-09,-6.16260514840761e-16,-0.707106781186548
"t100",0.0873106281723136,0.0252995816489583,0.218266168586144,0.0361011056531163,-0.00419458706383254,0.00618843288412297,-0.0401888796730378,-0.000810431830039431,-0.000306879338247684,0.205152557352589,6.01410126072987e-05,0.000650890411324421,0.000629336080244815,0.00146172846580352,0.00372126178942893,1.43150463426397e-05,7.07165878005271e-05,-0.00107654284421346,-0.00234531778108641,2.28634566307092e-05,-0.000172976656091308,0.000199849314652635,-0.000937660683530215,0.00044119843792239,-0.000130432529910602,0.00124465091588239,-0.00044948595792142,7.55704881529861e-05,0.0111680385769358,-6.78549770368163e-05,-0.000398760551362151,0.0108318752871329,-0.000476058860007044,-4.58663515699656e-05,0.490748216275668,5.30113731558507e-16,-6.39335689079981e-16,5.064380325999e-16,2.67942706179154e-05,-2.24622582106274e-05,-0.0482171168538831,-0.000228072125837244,5.29999510149484e-05,-0.380124624624372,1.76421377506841e-15,-3.51401387453346e-06,-4.34342760454159e-06,3.05927196912921e-06,-1.22452643965508e-06,4.70110061989715e-16,-9.90824892768603e-17,5.06637889111181e-05,-8.24691527906485e-06,-0.000546127800031749,-1.39369110979774e-16,3.62878914185287e-06,2.78908536630683e-05,-1.12547817007299e-16,-1.93874211577512e-16,3.08728990921633e-16,0.000525378347002681,8.25720708362783e-17,1.17706002933232e-05,-3.92799488935312e-06,1.01853964822914e-16,7.5752893546022e-18,-5.16884655465119e-17,6.9075231099127e-17,6.3049783546105e-17,-1.196959198424e-16,1.12367729448136e-06,7.54604712049911e-17,2.34093672812629e-16,-2.0268048038596e-16,-1.06993667542445e-05,8.62577120046119e-18,5.54668061050756e-07,2.70616862252382e-16,-1.21433711807248e-17,1.09207082685001e-16,1.14535519448941e-07,-4.7654118643433e-07,3.05745012640912e-16,-1.0842021724855e-17,-3.07640589572423e-16,3.65202789834771e-16,4.48137781397517e-09,3.0292608699245e-16,0.707106781186547
"t30",0.0844514676679795,0.0234081107520931,0.186425183024395,0.0274397359491813,-0.00260730147916751,0.00289112226161781,-0.0018133168010926,0.000114274877395744,0.000138524254969573,-0.302073451506957,-0.00120539155809512,0.0210805045475402,0.00215561662609241,0.00272771916644073,0.0065496920309408,2.47246774723391e-05,0.000121209119681864,-0.00182205437568952,-0.00365208372897387,3.54380263742882e-05,-0.000263299826866154,0.000298222562538881,-0.00139411875435351,0.000656350950723349,-0.000195228719574164,0.00186393184885806,-0.00067323617945214,0.000112236866369983,-0.178834317658338,-0.00594132085799345,-0.0134302895091049,0.319613273745271,-0.0145961120057322,0.000551961230150436,-0.00046945114542523,1.65796185345662e-16,4.56142049265805e-16,-2.39262829061614e-16,-1.00341344799271e-05,3.93969230468528e-06,-1.71345062718687e-05,-2.36933740745139e-05,4.61171302960244e-06,-0.000143822886730148,-1.17744355931926e-15,-8.28560477021084e-06,-6.78796901537604e-06,2.05863246330491e-06,-1.86144879722044e-07,1.31405303305243e-16,9.29507259574537e-16,-0.000284426020185134,8.47915408651996e-05,0.491288148556547,3.57133696330023e-14,0.000113936147187522,0.691363133101073,6.81888816847094e-16,4.93884421102951e-16,-2.37354360412382e-16,2.53416128850823e-05,2.06195028922004e-16,2.33450347684903e-05,-7.75087194620052e-06,5.14326368317118e-18,-6.49629782590672e-18,4.29201994354895e-16,-2.97012844240624e-17,1.58580268234417e-16,2.18575157973078e-16,1.90720397004376e-06,-1.04517089427603e-16,-7.77968910755728e-18,1.35966147450669e-17,-1.73159805790944e-05,-1.3967645436957e-16,8.9346395442183e-07,5.71591385334358e-16,-1.01574149218671e-17,-8.36234130086403e-17,1.82799595768984e-07,-7.54691902819273e-07,-2.33103467084383e-17,-1.3162214373974e-16,-6.25176219803435e-17,7.63171634691816e-17,6.90218580510701e-09,-1.43927838397451e-16,-1.52708555219674e-16
"t46",0.0845755367823218,0.0234792816512397,0.187379907372374,0.0276354223587789,-0.00263122482690913,0.00292210625870611,-0.00183707104214464,0.000115843677554687,0.000140531596524412,-0.306853834774731,-0.00122695800566758,0.0214689497480836,0.00220198518596498,0.002814949076254,0.00678410090728097,2.56505320150166e-05,0.000125839620845684,-0.0018941649438754,-0.00385839422806348,3.7502833562773e-05,-0.000281064788115563,0.000324788139693896,-0.00155536712857194,0.00073499054803707,-0.000223892668082662,0.00214473625764108,-0.000777100176348998,0.000131442677857546,-0.220520511695645,-0.00736137589288498,-0.0166888450767007,0.399411476333753,-0.0182508080277439,0.000700570876195731,-0.000611693289241329,-9.05383456044748e-17,9.79637365403789e-17,-1.63678609709249e-16,-1.37957877718187e-05,5.49986443072845e-06,-2.50897089297797e-05,-3.48187444097836e-05,6.83265936704471e-06,-0.000225185823388597,-1.97151323044764e-15,-1.48972721081132e-05,-1.25418474693139e-05,5.19615210303141e-06,-2.23363024222899e-06,2.78423117894278e-16,-9.43692964388778e-16,0.000249030825677842,-6.12347319014849e-05,-0.263585526258396,-1.85205578370207e-14,-5.32646754259659e-05,-0.268850205507102,-2.25570569892081e-16,-3.00831534703305e-16,2.39163239568802e-16,7.25492859136065e-06,-6.40291697350127e-16,9.55403839239706e-06,-3.21093833798155e-06,-8.48420422464825e-16,0.707106781186547,-4.52695871335951e-15,2.11248317826201e-15,8.0250847426624e-17,4.46691295064028e-16,1.10021373752808e-06,7.12971348626468e-16,-5.59742452222285e-18,-1.89371825129716e-16,-1.09980601825598e-05,2.10980135680245e-16,5.72819938468583e-07,3.12250225675825e-16,2.23594556471824e-16,-8.34734127393565e-17,1.19363086072306e-07,-5.00397488469723e-07,-5.09575021068187e-18,-2.54353829665099e-16,1.36459323995309e-16,6.2833322856424e-18,4.83336411996257e-09,-2.66496893996937e-16,-6.29551341716982e-17
"t47",0.0845755367823218,0.0234792816512397,0.187379907372374,0.0276354223587789,-0.00263122482690913,0.0029221062587061,-0.00183707104214464,0.00011584367755469,0.000140531596524442,-0.306853834774731,-0.00122695800566763,0.0214689497480836,0.00220198518596505,0.00281494907625401,0.00678410090728097,2.56505320150081e-05,0.00012583962084572,-0.00189416494387538,-0.00385839422806345,3.75028335627477e-05,-0.000281064788115594,0.000324788139693966,-0.00155536712857202,0.000734990548037088,-0.000223892668082703,0.00214473625764111,-0.000777100176349049,0.000131442677857535,-0.220520511695645,-0.00736137589288499,-0.0166888450767008,0.399411476333753,-0.0182508080277439,0.000700570876195663,-0.000611693289241254,-9.57425163427e-17,7.62796927223394e-17,-2.57353677492011e-16,-1.37957877717502e-05,5.49986443071927e-06,-2.5089708929801e-05,-3.48187444097446e-05,6.83265936695385e-06,-0.000225185823388689,-2.06605565988838e-15,-1.48972721080699e-05,-1.2541847469032e-05,5.1961521031138e-06,-2.23363024220644e-06,-1.36175792864179e-16,2.49796786859351e-16,0.000249030825677707,-6.12347319015811e-05,-0.263585526258396,-1.8589946776303e-14,-5.32646754258861e-05,-0.268850205507101,-3.68362209498454e-16,-2.1105958487479e-16,2.80796611315233e-16,7.25492859100839e-06,5.58537770797863e-16,9.55403839363739e-06,-3.21093833639428e-06,1.09446979258342e-15,-0.707106781186547,4.36523379807271e-15,-2.09248655413474e-15,1.00544517105894e-16,-4.23272528138341e-16,1.10021373782819e-06,-5.57713597526543e-16,-1.09680798836922e-16,1.29817337014325e-16,-1.09980601825312e-05,-1.6526132266314e-17,5.72819938541441e-07,2.8275992658422e-16,-6.87063623956122e-17,2.13164198952984e-16,1.19363086020265e-07,-5.00397488446304e-07,-6.80878964320897e-17,1.34441069388203e-17,3.58453634359839e-17,6.43965730532931e-17,4.83336416853483e-09,-2.98155597433514e-16,-2.07804544253687e-16
"t36",0.084495117257851,0.0234335617421108,0.186774038229999,0.0275127418300773,-0.00261641707277063,0.00290311734533174,-0.00182274144558994,0.000114901346650042,0.000139332159810237,-0.304024013769311,-0.00121438026235546,0.0212432973438856,0.00217567429093002,0.00276973564180039,0.00666711917709351,2.51964818946636e-05,0.000123587259070257,-0.00185961861723968,-0.00378032583832825,3.67458643313482e-05,-0.000275718961294925,0.000321872576261161,-0.00159353058233374,0.000759193390615753,-0.000251825268638045,0.00245716826548842,-0.000907843881394463,0.000174426883243358,0.292899098000538,0.00588903585389584,0.0100219264307855,-0.136706094802031,0.00588237672759789,-1.10179408235661e-06,-0.000124629426669288,4.43574927289506e-16,3.77157911637451e-17,4.70994113542486e-16,-4.33457436067181e-06,1.77551408658724e-06,-8.19935144574487e-06,-1.13583710227147e-05,2.21771043839268e-06,-6.88135991930268e-05,1.14491749414469e-16,-3.48839299602046e-06,-2.74702041114586e-06,2.98647134321095e-07,7.20091766673314e-07,-4.85722573273506e-16,-1.93120988456263e-15,-0.000452357346210458,0.000127890403413512,0.668853540008169,4.00146581829504e-14,0.000140315796784869,-0.548232162274415,7.84108095136388e-16,-5.4828064898437e-16,-9.34860563452356e-16,3.01313555087705e-05,-2.25775484154583e-16,2.65664114183425e-05,-8.80483353884152e-06,-2.96028966880373e-16,-2.30223938657267e-16,3.73862065987396e-16,1.46276871170822e-16,-2.48774820688229e-16,2.98372437868011e-16,2.04861130722461e-06,-2.08166817117217e-17,2.28586188827734e-17,1.44842263160627e-16,-1.82495342902315e-05,1.16639614357284e-18,9.39843118955008e-07,5.82867087928207e-16,1.45752059569789e-16,1.79483714013938e-17,1.9157157315694e-07,-7.88427210466486e-07,1.98625837999344e-16,8.67361737988404e-18,-1.54339685578325e-17,8.00592475080311e-17,7.12993445534105e-09,-1.0842021724855e-16,-1.8206676954372e-16
"t71",0.0847063989533222,0.0235549319563622,0.188405248969614,0.0278477082978026,-0.00265744686587186,0.00295633499853094,-0.00186363618775169,0.00011760383192179,0.000142792716226338,-0.312276187405229,-0.00125168790901154,0.0219156364491261,0.00225619076182646,0.00292298534538331,0.00708081830821095,2.68338120933429e-05,0.000131783772046227,-0.00198748275946129,-0.00415479232414563,4.05037617958726e-05,-0.000308536810885039,0.00037306541154704,-0.00192757721633825,0.000924440174226902,-0.000320042345731929,0.00314166655665109,-0.00116737224830153,0.000230280694751966,0.425477302247697,0.00863215051746813,0.0147712051359859,-0.203658822745266,0.00877285971937281,-1.69077863875866e-06,-0.000201213342340301,1.79046471103289e-16,-1.75764178996758e-16,1.79853410404155e-16,-7.78778516867182e-06,3.29103813182535e-06,-1.68009318727279e-05,-2.34545304925648e-05,4.66087309626464e-06,-0.00016357781530517,-1.64972202565394e-15,-1.17226739338103e-05,-9.96746936820364e-06,4.41287473513033e-06,-2.05213740745586e-06,3.46944695195361e-16,8.81724594777782e-16,0.000269443071075928,-6.74733908050329e-05,-0.292306912516498,-1.77034780863539e-14,-5.62379023636844e-05,0.196079232589701,-2.45432554012181e-16,2.31708923000995e-16,2.9131222949209e-16,3.63165919809545e-06,1.84689871945137e-16,6.26397745142129e-06,-2.11958649542869e-06,-1.88316364124206e-16,1.29348036375537e-16,-3.64047997781888e-16,-1.7972522028384e-16,1.71777984331742e-16,1.6306400674182e-16,8.45544891617256e-07,0,-9.92770006050295e-16,-3.89389892276621e-16,-8.76797972314963e-06,0.707106781186547,4.58269539739542e-07,3.94823063132321e-15,-1.02668859203771e-14,-1.44382601951881e-15,9.61462161656879e-08,-4.05365040997627e-07,4.2934406030426e-17,-7.80625564189563e-17,1.63054288811786e-16,1.05098072050994e-16,3.99575323002666e-09,-4.16333634234434e-17,-9.12853350016369e-17
"t72",0.0847063989533222,0.0235549319563622,0.188405248969614,0.0278477082978026,-0.00265744686587186,0.00295633499853094,-0.00186363618775169,0.000117603831921786,0.000142792716226343,-0.312276187405229,-0.00125168790901153,0.0219156364491261,0.0022561907618265,0.0029229853453833,0.00708081830821095,2.68338120933445e-05,0.000131783772046234,-0.00198748275946132,-0.00415479232414559,4.05037617958724e-05,-0.000308536810885024,0.000373065411547035,-0.00192757721633824,0.000924440174226944,-0.000320042345731894,0.00314166655665113,-0.00116737224830157,0.000230280694751978,0.425477302247698,0.00863215051746805,0.0147712051359859,-0.203658822745266,0.0087728597193725,-1.69077863875215e-06,-0.000201213342340229,1.65168683039063e-16,-3.98676145908745e-16,2.63120137197383e-16,-7.78778516872733e-06,3.29103813176765e-06,-1.68009318725735e-05,-2.34545304925622e-05,4.66087309627158e-06,-0.000163577815305239,-1.63584423784613e-15,-1.17226739336776e-05,-9.96746936829558e-06,4.41287473504706e-06,-2.05213740740035e-06,5.89805981832114e-17,7.67232845439111e-16,0.000269443071076099,-6.74733908051518e-05,-0.292306912516499,-1.78700115399527e-14,-5.62379023636844e-05,0.196079232589701,-2.96772018699522e-16,2.40477404056288e-16,2.42739968701274e-16,3.63165919804818e-06,6.9078106243025e-18,6.26397745134497e-06,-2.11958649546165e-06,4.22306345185578e-16,1.7314980740514e-16,-1.62820056044358e-16,9.08916638756009e-17,2.42816899297903e-16,-4.57966997657877e-16,8.45544891457661e-07,6.50521303491303e-17,9.05017427425438e-16,6.75730260350203e-16,-8.76797972266564e-06,-0.707106781186547,4.58269541113443e-07,-3.40699690681845e-15,1.0264433813227e-14,1.52862292651348e-15,9.61462157215986e-08,-4.05365041056607e-07,1.0842021724855e-17,3.7470027081099e-16,7.80528569154513e-17,3.70102178827645e-17,3.99575329074198e-09,-3.20056481317721e-16,-1.23811399075893e-16
"t8",0.0826975084938683,0.0223963686766533,0.172752530553444,0.0246171345252886,-0.00225969087422285,0.00243841346414286,-0.00146323666616441,9.11017159064671e-05,0.000108790886050509,-0.230919339958992,-0.000881943176759613,0.0152432214887057,0.00145083635002014,0.00134856196653951,0.00278887509024419,9.77472253164775e-06,4.62193433859731e-05,-0.000647964705502384,-5.66262695345256e-05,-8.12156923609949e-07,6.09883453906637e-05,-0.000236444974780154,0.00232428598369817,-0.00120006575622122,0.00061089337196402,-0.00626747703072266,0.00242323523933224,-0.000560314229984936,-0.649141323277252,-0.00470061763593918,0.00533422474121806,-0.688041018926745,0.0336476525101335,-0.0030812242813293,0.00520728274355679,-7.18917024143292e-16,-1.18980553188963e-16,-2.83051306180436e-16,0.00039042596831862,-0.000263052557232536,-0.00184583383237503,-0.00221416420485995,0.000335335467831032,-0.00483992140572161,-2.72629141484515e-14,-0.000168249583374128,-0.000132638570496675,3.71557855529323e-05,-1.07991091413684e-05,-1.35308431126191e-16,-1.33634744690159e-16,0.000382764887788652,-6.4264843194588e-05,-0.0377360357971469,-2.31447458310628e-15,1.74570016022238e-05,0.00187194927458283,-1.77786225235553e-17,2.70879608194575e-17,1.7017903892708e-16,6.35217855477601e-05,-6.56336168427455e-17,6.36552454845105e-05,-2.11906924114519e-05,-1.90270833697221e-16,1.22057149366539e-17,-1.89971871591218e-16,1.05254875018193e-17,1.32880173782051e-16,7.28583859910259e-17,5.47563425597197e-06,1.28369537222284e-16,2.13914133941307e-17,-1.49355228397598e-17,-4.95244410672196e-05,-2.59275957699986e-16,2.55225628092992e-06,1.42941214420489e-15,8.81761046082853e-18,6.38050043666463e-17,5.20673397758076e-07,-2.14315751208803e-06,3.07913416985883e-17,-3.07913416985883e-16,3.65817295766538e-17,1.7475453371464e-16,1.92914426794255e-08,-1.71737624121704e-16,-1.28056319544762e-16
"t29",-0.125442771366093,0.0246728891351153,-0.00198484089499875,-0.00577422192060678,0.409331438736918,0.00773228838854109,-0.026779485417402,0.0878124845207179,-0.000632535479539514,0.00192076255611309,-0.0108333700361585,0.0378772689982506,-0.000455512203920601,0.0650819553038958,-0.00222549152710528,-0.000850081848586307,-0.0174596938310476,5.90217549610936e-05,-0.00055687253266747,0.00574852716926453,-7.0003196760159e-05,0.153695339834791,8.11393713963285e-05,-2.96826084058249e-05,-3.35686346848329e-06,3.49285520027008e-05,-1.69818944927083e-05,9.60376378258643e-05,4.78377028894578e-05,-1.14379519589674e-05,-2.22013522011863e-05,4.41823636762005e-05,1.95561692200777e-06,-5.55978778051653e-06,1.07323132372712e-06,1.25559357188311e-16,-2.37725973002759e-17,-5.52999736112196e-17,0.0154018731996611,1.18434246842788e-07,-5.04341192985815e-07,-9.81589833644982e-06,0.000339435608908627,-1.05927438744884e-06,-7.03615015670753e-15,6.47082866835427e-07,0.000181563193569436,-0.532374245751898,-9.24493745835347e-05,-1.87704810666326e-15,-4.27737314882461e-16,1.04939910847892e-05,-3.44614589222049e-05,-6.38749893672685e-06,-1.22524187825627e-16,0.000131863850236667,3.06572497466466e-07,2.76922386346108e-16,-5.50760230440484e-17,2.24392896167945e-16,5.4892767140592e-08,5.17106188703644e-17,2.54695852906048e-07,-8.47217678105451e-08,5.79768877753286e-17,-2.67017723909141e-17,6.40180448611833e-17,-2.6560134628916e-17,1.43471966956674e-15,-3.92446589491959e-16,-3.88622975166943e-05,8.92325631075444e-16,1.85942197258213e-16,-4.71674569794723e-16,5.5127226571335e-06,6.73088755017991e-17,-5.64428196060655e-05,-3.38167396504511e-14,-8.36714330472305e-17,-9.08502544451839e-17,-1.52150969401254e-05,8.28726110896511e-05,-2.44903462647917e-16,5.10217790754134e-16,-2.02914905749014e-16,1.95694460324839e-15,-1.70639696851825e-05,-6.34043298889064e-15,4.88018899162271e-15
"t63",-0.121106344920307,0.0228875830756913,-0.00173921030514409,-0.00476409990229455,0.315758668937714,0.00564304230218682,-0.0177677322183638,0.056689178183741,-0.0003944424577198,0.00112262426187501,-0.00565678652848917,0.0191536614238078,-0.000185709788180073,0.00208363758248216,0.000276384704455244,0.000166544175811479,0.00400605195215605,-1.72187950277718e-05,0.000688813653260572,-0.00781937791128873,0.000147315968892054,-0.773186382411544,-0.0014343131248875,0.000702629801218975,-0.000133210052383179,0.00108446749802373,-0.000442002636107571,0.00152788862834387,0.000413807719441149,-9.62351862979973e-05,-0.000183869893316035,0.000355612986748601,1.56969025489165e-05,-4.18282763070854e-05,7.33985389467807e-06,-1.62404739823839e-16,-2.02449115325887e-16,1.35519608746229e-16,0.0508605087522989,-6.67842210207086e-06,-5.25919720798866e-06,-0.000102239539727544,0.00355242011085663,-1.38972700192775e-05,-3.16531634952681e-13,-9.58932286643301e-06,-0.00154207398120799,0.00461642457892012,-9.39075030187305e-05,-2.06509399297599e-16,-3.04856388837721e-17,8.49186650542582e-06,-2.59333959710218e-05,-4.18747921258878e-06,-9.1299165258045e-17,8.0157063001846e-05,1.66361675022727e-07,5.66125048970531e-17,1.75642199260867e-16,3.18385903345197e-17,-1.6630951070656e-07,-1.28700622631224e-16,-4.62333136610034e-06,1.80160590720113e-06,2.32824182557925e-17,-1.62934315350532e-17,-8.84034112984257e-18,1.50732287945274e-17,3.17854914225647e-15,3.48510260441297e-16,-0.000269566631768229,9.79164979274128e-16,-1.21103857989682e-16,-4.66673181804048e-17,2.87615091118855e-05,-3.67745330568093e-17,-0.000287692384200079,-1.7151908917349e-13,-6.28547513355088e-17,-1.79918684541581e-17,-7.42229987971284e-05,0.000390302353301483,7.82052835130353e-16,-6.01739957346999e-16,1.56172853778185e-16,-6.48610057668774e-16,-7.15315961997769e-05,1.89082990461931e-15,7.46342948369979e-16
"t69",-0.156187150897336,0.0543825217022492,0.00459019017693834,0.00244942041755356,-0.0524433707734751,-0.000334345087453062,-0.000688625551712191,0.0174337355561248,7.71425505780188e-06,1.20396064175275e-06,0.0396025474752516,0.00197127586798887,8.18003462028139e-06,-0.0190995326032631,0.00163099310269798,0.0014589342299002,0.0792856993423663,0.000123575036761609,0.0002908943401527,-0.0810458594885176,2.02585564250257e-06,-0.00624381850977917,0.0001088400731286,-6.33590563093376e-05,2.45797184614403e-05,-0.000214595734587174,9.3040220156094e-05,-0.000410374920641522,-0.000194675579951854,4.70031543554007e-05,9.17993008334701e-05,-0.000184943416436812,-8.19633473864346e-06,2.40613371750871e-05,-4.81852886397825e-06,8.21912702888904e-17,4.38816182628195e-17,2.44973062837135e-17,-0.00370808693005497,1.26382159045752e-05,9.68308163772738e-06,0.000211065492850525,-0.0276226504761116,1.89478155614977e-05,1.27575223572487e-11,2.72300183967934e-05,0.0739205233792652,-0.000940024683076602,0.00217665000618357,-3.80286780190955e-16,-3.54878928891435e-16,-9.44790669032741e-05,0.000330229513590504,7.04690506166084e-05,5.60956861709235e-16,-0.0301547133428037,-3.10973015822832e-06,-3.01236689017873e-17,5.59462794184672e-17,-6.15213266204829e-16,-1.83558794747775e-06,-7.31894713999657e-17,-3.19046468728709e-05,1.22118015734679e-05,4.58698010725971e-16,-6.80920251261983e-19,5.0374466779719e-18,-2.13559642009855e-17,2.14115794385833e-15,-3.71598528124733e-16,-0.0219091134922064,-9.15470822065125e-15,3.15518078962767e-17,1.38447954950046e-15,9.0534622851904e-05,-1.76925748210644e-17,-0.00471130426084488,-1.02013450172997e-11,8.26891117954026e-18,4.96623471089375e-17,-0.00449533479655199,0.0213758001207059,8.6531956197724e-16,-1.18460704527521e-15,2.98420178808284e-16,-1.22174809189581e-14,-0.00335629792802792,-8.41359570044164e-16,1.68480462523867e-14
"t70",-0.156187150897336,0.0543825217022492,0.00459019017693834,0.00244942041755356,-0.0524433707734751,-0.000334345087453062,-0.000688625551712191,0.0174337355561248,7.71425505780188e-06,1.20396064175275e-06,0.0396025474752516,0.00197127586798887,8.18003462028139e-06,-0.0190995326032631,0.00163099310269798,0.0014589342299002,0.0792856993423663,0.000123575036761609,0.0002908943401527,-0.0810458594885176,2.02585564250257e-06,-0.00624381850977917,0.0001088400731286,-6.33590563093376e-05,2.45797184614403e-05,-0.000214595734587174,9.3040220156094e-05,-0.000410374920641522,-0.000194675579951854,4.70031543554007e-05,9.17993008334701e-05,-0.000184943416436812,-8.19633473864346e-06,2.40613371750871e-05,-4.81852886397825e-06,8.21912702888904e-17,4.38816182628195e-17,2.44973062837135e-17,-0.00370808693005497,1.26382159045752e-05,9.68308163772738e-06,0.000211065492850525,-0.0276226504761116,1.89478155614977e-05,1.27575223572487e-11,2.72300183967934e-05,0.0739205233792652,-0.000940024683076602,0.00217665000618357,-3.80286780190955e-16,-3.54878928891435e-16,-9.44790669032741e-05,0.000330229513590504,7.04690506166084e-05,5.60956861709235e-16,-0.0301547133428037,-3.10973015822832e-06,-3.01236689017873e-17,5.59462794184672e-17,-6.15213266204829e-16,-1.83558794747775e-06,-7.31894713999657e-17,-3.19046468728709e-05,1.22118015734679e-05,4.58698010725971e-16,-6.80920251261983e-19,5.0374466779719e-18,-2.13559642009855e-17,2.14115794385833e-15,-3.71598528124733e-16,-0.0219091134922064,-9.15470822065125e-15,3.15518078962767e-17,1.38447954950046e-15,9.0534622851904e-05,-1.76925748210644e-17,-0.00471130426084488,-1.02013450172997e-11,8.26891117954026e-18,4.96623471089375e-17,-0.00449533479655199,0.0213758001207059,8.6531956197724e-16,-1.18460704527521e-15,2.98420178808284e-16,-1.22174809189581e-14,-0.00335629792802792,-8.41359570044164e-16,1.68480462523867e-14
"t86",-0.163395855780588,0.0599937648626478,0.00549134055098642,0.00322708560016892,-0.0787673845934878,-0.000578658473454056,-0.00182659977673842,0.0585020932808222,4.44859323344374e-05,-6.0366896569462e-06,-0.0104668505164434,-8.0346301275771e-05,6.33100213450002e-06,-0.0281439108886984,0.00284655174094203,0.00274180261641916,0.154190266895905,0.000256018995128564,0.00187396335314097,-0.649109901183641,-8.03632374072497e-05,0.0183556450759508,-0.000161053790635216,8.75075838204567e-05,-2.4215158931242e-05,0.000203719889497332,-8.54323451104678e-05,0.000328975175818035,0.000111692702313961,-2.63435341264856e-05,-5.07452636792831e-05,9.96254861317623e-05,4.40392954472233e-06,-1.21410796685063e-05,2.21126882579923e-06,-1.728130806797e-16,6.54504281806655e-16,1.11233480082554e-16,0.00146344314887996,-4.81584223248959e-06,-3.3584027744272e-06,-7.2746005978216e-05,0.00938925389401471,-5.92894533937936e-06,0.700289904260257,-7.23521562379854e-06,-0.0184758796040424,0.000215695216268743,-0.000412284725871754,-3.14755382084434e-16,-3.80899781031087e-16,1.43074264835359e-05,-4.95234146589761e-05,-1.09592956649555e-05,7.34995649597519e-17,0.00916671877558139,3.82111859757829e-07,-1.75840440883839e-16,-1.10587174275306e-16,3.78783285529881e-16,1.76474367754244e-07,-6.45158540200816e-17,2.55986562356991e-06,-9.70296209893804e-07,8.05282929630271e-17,-3.19059428188445e-17,1.19529196092441e-16,2.35383110243582e-16,3.15652533349374e-15,1.91604747768755e-16,0.000935139509239676,-2.10715804442036e-16,-1.15899687561752e-16,-1.29934045027291e-16,-2.42551644086043e-06,1.50575602348686e-16,0.000115860721118239,5.13580457364458e-13,-3.16297287679263e-17,1.08642945292149e-16,8.48729053386567e-05,-0.000707659094192034,1.20179530526462e-15,1.32900727141519e-15,1.36700984001e-15,9.73210370012527e-17,-7.43042247749517e-06,3.18840306464996e-15,-2.02550792989335e-16
"t53",-0.162965734476154,0.0596686088262453,0.00544154989852916,0.0031866044655573,-0.0775044662279623,-0.000567875349004515,-0.00178530795284591,0.0571189223593375,4.33783969541693e-05,-5.87324880586739e-06,-0.0101485315780278,-7.78339260709076e-05,6.10210883269107e-06,-0.0266786234784081,0.00268256210063764,0.00257734039580396,0.144775686297995,0.000239889898120263,0.00171340084820664,-0.59202964025877,-7.23838809702396e-05,0.0160823719595146,-0.000136804446548923,7.39934232825031e-05,-1.99083459504405e-05,0.000166856682860317,-6.97272161013368e-05,0.000264285488316993,8.52404095124147e-05,-2.00162282314085e-05,-3.84548704634136e-05,7.51130084063745e-05,3.31865773542714e-06,-9.03005787598357e-06,1.60919937135471e-06,-1.13832482496489e-16,4.25520782977717e-16,8.17431809909482e-17,0.00102281710595117,-3.33049870392211e-06,-2.25222045834585e-06,-4.86785459729919e-05,0.00625222117989509,-3.82762735703664e-06,0.437036830663865,-4.3819797206173e-06,-0.0110707018803691,0.000117838743147156,-0.000194177233341037,-4.44115206400948e-16,-1.2936487701445e-16,5.03897332862492e-06,-1.68841797762274e-05,-3.54599946182622e-06,9.43162466714736e-17,0.00289385202028139,1.1673856097776e-07,-1.30737630508442e-16,-1.26199685559097e-16,1.86228979696456e-16,1.0243394049443e-08,-6.27811305441048e-17,-2.85568160830435e-07,1.17978550719546e-07,1.18692209434517e-16,-2.14976019629837e-17,6.40180448611833e-17,1.20891360829113e-16,2.99698059932025e-15,-9.80204769422417e-17,-0.00083862584616691,-9.70410836096171e-16,-7.60010476142853e-17,-1.19728486608687e-17,5.21169743587669e-06,9.85338980693817e-17,-0.000280632835809501,-1.27272675589399e-12,-3.68338991958567e-17,7.2213752296636e-17,-0.000269696265224517,0.00298750576551092,7.23526304447435e-16,1.11910573082199e-15,8.63940031976722e-16,-1.09269926751884e-15,-0.000572382509699673,2.8935000737339e-15,-3.78128532392949e-15
"t54",-0.162965734476154,0.0596686088262453,0.00544154989852916,0.0031866044655573,-0.0775044662279623,-0.000567875349004515,-0.00178530795284591,0.0571189223593375,4.33783969541693e-05,-5.87324880586739e-06,-0.0101485315780278,-7.78339260709076e-05,6.10210883269107e-06,-0.0266786234784081,0.00268256210063764,0.00257734039580396,0.144775686297995,0.000239889898120263,0.00171340084820664,-0.59202964025877,-7.23838809702396e-05,0.0160823719595146,-0.000136804446548923,7.39934232825031e-05,-1.99083459504405e-05,0.000166856682860317,-6.97272161013368e-05,0.000264285488316993,8.52404095124147e-05,-2.00162282314085e-05,-3.84548704634136e-05,7.51130084063745e-05,3.31865773542714e-06,-9.03005787598357e-06,1.60919937135471e-06,-1.13832482496489e-16,4.25520782977717e-16,8.17431809909482e-17,0.00102281710595117,-3.33049870392211e-06,-2.25222045834585e-06,-4.86785459729919e-05,0.00625222117989509,-3.82762735703664e-06,0.437036830663865,-4.3819797206173e-06,-0.0110707018803691,0.000117838743147156,-0.000194177233341037,-4.44115206400948e-16,-1.2936487701445e-16,5.03897332862492e-06,-1.68841797762274e-05,-3.54599946182622e-06,9.43162466714736e-17,0.00289385202028139,1.1673856097776e-07,-1.30737630508442e-16,-1.26199685559097e-16,1.86228979696456e-16,1.0243394049443e-08,-6.27811305441048e-17,-2.85568160830435e-07,1.17978550719546e-07,1.18692209434517e-16,-2.14976019629837e-17,6.40180448611833e-17,1.20891360829113e-16,2.99698059932025e-15,-9.80204769422417e-17,-0.00083862584616691,-9.70410836096171e-16,-7.60010476142853e-17,-1.19728486608687e-17,5.21169743587669e-06,9.85338980693817e-17,-0.000280632835809501,-1.27272675589399e-12,-3.68338991958567e-17,7.2213752296636e-17,-0.000269696265224517,0.00298750576551092,7.23526304447435e-16,1.11910573082199e-15,8.63940031976722e-16,-1.09269926751884e-15,-0.000572382509699673,2.8935000737339e-15,-3.78128532392949e-15
"t34",-0.162965734476154,0.0596686088262453,0.00544154989852916,0.0031866044655573,-0.0775044662279623,-0.000567875349004515,-0.00178530795284591,0.0571189223593375,4.33783969541693e-05,-5.87324880586739e-06,-0.0101485315780278,-7.78339260709076e-05,6.10210883269107e-06,-0.0266786234784081,0.00268256210063764,0.00257734039580396,0.144775686297995,0.000239889898120263,0.00171340084820664,-0.59202964025877,-7.23838809702396e-05,0.0160823719595146,-0.000136804446548923,7.39934232825031e-05,-1.99083459504405e-05,0.000166856682860317,-6.97272161013368e-05,0.000264285488316993,8.52404095124147e-05,-2.00162282314085e-05,-3.84548704634136e-05,7.51130084063745e-05,3.31865773542714e-06,-9.03005787598357e-06,1.60919937135471e-06,-1.13832482496489e-16,4.25520782977717e-16,8.17431809909482e-17,0.00102281710595117,-3.33049870392211e-06,-2.25222045834585e-06,-4.86785459729919e-05,0.00625222117989509,-3.82762735703664e-06,0.437036830663865,-4.3819797206173e-06,-0.0110707018803691,0.000117838743147156,-0.000194177233341037,-4.44115206400948e-16,-1.2936487701445e-16,5.03897332862492e-06,-1.68841797762274e-05,-3.54599946182622e-06,9.43162466714736e-17,0.00289385202028139,1.1673856097776e-07,-1.30737630508442e-16,-1.26199685559097e-16,1.86228979696456e-16,1.0243394049443e-08,-6.27811305441048e-17,-2.85568160830435e-07,1.17978550719546e-07,1.18692209434517e-16,-2.14976019629837e-17,6.40180448611833e-17,1.20891360829113e-16,2.99698059932025e-15,-9.80204769422417e-17,-0.00083862584616691,-9.70410836096171e-16,-7.60010476142853e-17,-1.19728486608687e-17,5.21169743587669e-06,9.85338980693817e-17,-0.000280632835809501,-1.27272675589399e-12,-3.68338991958567e-17,7.2213752296636e-17,-0.000269696265224517,0.00298750576551092,7.23526304447435e-16,1.11910573082199e-15,8.63940031976722e-16,-1.09269926751884e-15,-0.000572382509699673,2.8935000737339e-15,-3.78128532392949e-15
"t89",-0.17379375008026,0.068702835724412,0.00704383861705626,0.00472284455779517,-0.136043221453186,-0.00116728787013909,-0.00509454649943154,0.182517236341458,0.000162763696220038,-3.2157582544978e-05,-0.221882797715004,-0.00883508638671774,-2.81183921947018e-05,0.0222871190167526,-0.00160888024152387,-0.00135806773523673,-0.0720671484560116,-0.000107996595834693,-0.000251846104025029,0.0770767668543026,4.54219070187619e-06,0.000410273934152724,-1.07395787532504e-05,6.22037911984312e-06,-2.19535114358256e-06,1.8845497573951e-05,-8.03897035681757e-06,3.28362533439435e-05,1.19019979614764e-05,-2.80577420821954e-06,-5.40111141467395e-06,1.0582095997011e-05,4.67658624658644e-07,-1.27663325933172e-06,2.25753631242588e-07,-4.54490350994995e-18,2.47996600270747e-17,4.53139879954352e-17,0.000135542581283581,-4.30572290655915e-07,-2.63400022318063e-07,-5.64216347848744e-06,0.000709538283265535,-3.65205045330982e-07,-3.39810018942077e-13,-1.81339636835105e-07,-0.000329846318819492,-1.29083930549787e-05,0.000112365283652539,-7.57156460036248e-16,1.43709042179261e-15,-3.40562501675717e-05,0.000175742525611179,0.000117792806264061,1.20864596360991e-14,-0.572570893587061,4.97350389387477e-06,-1.03799800844431e-15,1.60029687977076e-16,-6.81132758291948e-16,1.49363011939384e-07,1.35467023988747e-17,1.75116290481722e-06,-6.58351472623384e-07,6.18292570515837e-16,-8.22129236221719e-17,5.87904534606179e-16,-2.71156144741646e-16,1.1059202435905e-15,-2.49221654793625e-16,0.000497140671597845,-1.1213211827412e-16,4.44415995178757e-16,-4.07489801183581e-16,-1.20673604384529e-06,-3.32407552003286e-15,5.74964999129589e-05,0.64671961840568,5.22284767996582e-15,1.73754828923437e-15,4.26897532403934e-05,-0.0272748609170706,1.02210896141583e-15,2.42882195518448e-15,3.55666053515518e-16,7.13001848616006e-17,-0.000247376266907423,3.85163969274778e-16,-1.52243812186007e-16
"t93",-0.159832569135454,0.0561589019940996,0.00454946463138839,0.00198489261653493,-0.0116194486169507,0.000350282363262604,0.00767572976210708,-0.395429051034774,-0.000585939023999746,0.00109453771279659,-0.0900594718054077,0.0143191643865202,-0.000215732494775972,0.0437095074746491,-0.00233054880096166,-0.00165197173371808,-0.0795009252719915,-9.48412160353856e-05,-0.000189002851050326,0.0140258974196179,-1.70148397919241e-05,0.00837399539669829,-0.000100017169142868,5.61824111434499e-05,-1.85674800632254e-05,0.000159635355080488,-6.83008464546011e-05,0.000287315747291159,0.000131789582809083,-3.19963704464573e-05,-6.2742559804055e-05,0.000127576474632372,5.65983315886973e-06,-1.71896731476754e-05,3.77805237692744e-06,-3.23004791255788e-17,-2.66633883937029e-16,1.37254332222206e-16,0.00419392276338963,-1.70021899529037e-05,-4.27556922234944e-05,-0.00115296000435458,0.335274785565491,2.77216368001669e-05,1.75748401300146e-12,6.535134901213e-06,0.00493261491571671,-9.67976365208643e-05,-0.107838758457851,-1.47920473844745e-16,-4.60981501675634e-17,2.17107274444825e-07,-1.45178731151908e-06,-4.81581775632752e-07,1.98399655230082e-16,6.48334330843349e-05,3.21465258857807e-08,-6.48181384213235e-17,-3.42593413323267e-17,-2.02031139447845e-17,3.85870338058576e-08,-2.0676317905018e-16,6.85919338754321e-07,-2.6230559627406e-07,1.72468637189798e-16,5.65649544559726e-17,1.02416171059023e-17,9.86905836659699e-18,2.3983841398314e-15,-1.13005984194033e-15,0.00010085932605039,-2.56244388099138e-16,-6.10295878215142e-16,1.70173116316696e-16,-2.79090799951616e-06,5.56500895727259e-16,0.374868071728351,-2.35380958591251e-13,6.20453389348213e-17,-1.32483617868627e-16,-5.49420468769573e-07,-1.58022465979488e-05,-6.34213175047074e-16,0.567973786709101,-6.43577635493368e-15,-1.77444559357772e-15,-1.95363535101257e-07,-4.52928645257891e-16,-3.74288417111039e-16
