accepted_species,0,1
t4,0.67501616,0.3249838
t11,0.6033881,0.3966119
t20,0.39862496,0.60137504
t148,0.55146766,0.44853234
t91,0.45499045,0.54500955
t37,0.60185325,0.39814675
t83,0.3923722,0.6076278
t138,0.399657,0.600343
t8,0.5093649,0.4906351
t43,0.34861225,0.65138775
t169,0.66104925,0.33895075
t59,0.4031822,0.5968178
t168,0.592802,0.407198
t75,0.5160309,0.48396912
t67,0.6893854,0.3106146
t7,0.51068103,0.48931894
t5,0.67501616,0.3249838
t1,0.6710085,0.32899147
