accepted_species,0,1
t41,0.20288945819736592,0.7971105418026341
t43,0.17710623671643866,0.8228937632835613
t45,0.16471057489521435,0.8352894251047857
t47,0.1530720040479714,0.8469279959520286
t72,0.22504476200455847,0.7749552379954415
t73,0.19466872995286255,0.8053312700471374
t87,0.22527311445977183,0.7747268855402282
t93,0.6011184017861502,0.3988815982138499
t126,0.24429267079820505,0.755707329201795
t141,0.4534093642843615,0.5465906357156385
