accepted_species,0,1
t41,0.18662861624243,0.81337138375757
t43,0.47152015431524585,0.5284798456847541
t45,0.17742148908843303,0.822578510911567
t47,0.1886774407527455,0.8113225592472545
t72,0.4623347653660643,0.5376652346339357
t73,0.49196077134406546,0.5080392286559345
t87,0.1162943624526609,0.8837056375473391
t93,0.667903945949239,0.33209605405076104
t126,0.15993704072107795,0.840062959278922
t141,0.569933076473146,0.43006692352685405
