accepted_species,estimate
t17,0.32184094
t53,0.32184094
t222,-0.45895824
t244,-0.27139407
t74,-0.24498554
t147,-0.05265655
t214,-0.05265655
t137,-0.0032050165
t51,-0.21244615
t125,0.034135412
t130,-0.20735973
t230,-0.20735973
t258,-1.2706769
t175,-1.2706769
t183,-1.4647918
t213,-1.4647918
t104,-1.2809217
t148,0.4344339
t95,-0.32698107
t246,-0.40350273
t229,-0.63205206
t212,0.54017705
t58,0.64630365
t29,0.77882504
t23,0.64630365
t194,1.1096145
t195,1.1802666
t3,1.1750598
