accepted_species,estimate
t17,0.49811018
t53,0.43687552
t222,-0.49253964
t244,-0.30158028
t74,0.008854799
t147,-0.47179145
t214,-0.19576927
t137,-0.14901666
t51,-0.008212395
t125,0.1704298
t130,-0.016459012
t230,-0.08429392
t258,-1.2343985
t175,-1.248757
t183,-1.4414601
t213,-1.246686
t104,-1.7179332
t148,0.40544367
t95,0.18960336
t246,-0.5164215
t229,-0.86598545
t212,0.31680742
t58,0.49261457
t29,1.0061619
t23,0.25143805
t194,1.516514
t195,1.516514
t3,1.2167075
