accepted_species,0,1
t24,0.41731977,0.5826802
t31,0.40793818,0.5920618
t54,0.30049604,0.69950396
t55,0.4043535,0.5956465
t62,0.66192675,0.33807328
t65,0.27783412,0.7221659
t75,0.2318517,0.7681483
t78,0.2565257,0.7434743
t102,0.4043535,0.5956465
t103,0.23279423,0.7672058
t105,0.66192675,0.33807328
t108,0.4043535,0.5956465
t115,0.32184005,0.67815995
t147,0.32184005,0.67815995
t150,0.4043535,0.5956465
t171,0.3521014,0.6478986
t175,0.39537048,0.6046295
t183,0.27783412,0.7221659
