accepted_species,estimate
t15,0.8903275090534721
t16,0.8645782506965375
t9,0.9949232887983877
t19,1.0473582083541986
t96,1.1874103887564162
t71,1.1819435049694333
t132,1.201323053581603
t103,1.1951905790198305
t136,1.1979392513014802
t167,1.1989920881694702
t168,1.1989920881694707
t112,1.194975535204986
t157,1.199320332985257
t158,1.1993203329852566
t146,1.1990353537648162
t20,1.0384891806657353
t8,0.9817496198563747
