accepted_species,estimate
Asclepias_albicans,-0.4285337948851472
Calotropis_procera,-0.4288965514028925
Coffea_racemosa,0.9759038883058243
Coussarea_suaveolens,-0.37470784679390323
Cyclophyllum_coprosmoides,0.5154940117880172
Galium_bifolium,-0.010672974070225705
Galium_saxatile,-0.5612267142001847
Gentiana_scabra,-0.45754117273589257
Psychotria_papantlensis,-0.46524444025780365
Rubia_cordifolia,-0.2484309184110267
