accepted_species,0
Asclepias_albicans,-0.24746555914447196
Calotropis_procera,-0.34048332178452156
Coffea_racemosa,1.0324654838899432
Coussarea_suaveolens,-0.08903808756378392
Cyclophyllum_coprosmoides,0.28961905872044497
Galium_bifolium,-0.29081496202419116
Galium_saxatile,-0.35212100938590213
Gentiana_scabra,-0.4211177858174177
Psychotria_papantlensis,-0.034009149362060315
Rubia_cordifolia,-0.2597319795948234
