accepted_species,0
t5,
t17,
t204,
t196,
t202,
t97,
t112,
t138,
t68,
t240,
t271,-0.959195164712532
t283,-1.34563633893086
t77,
t36,0.03604389239921602
t149,
t231,
t234,
t162,
t163,
t173,
t218,
t247,
t21,
t47,
t51,
t70,
t279,0.158611138593446
t164,
t26,
