accepted_species,estimate
t37,1.0934198
t45,-0.8247407
t71,2.1922405
t11,-0.04267013
t93,0.049480874
t8,-0.101831764
t29,0.93982416
t46,0.73343384
t35,0.027850222
t2,0.29045784
