"accepted_species","estimate"
"t85",-0.269545981715296
"t86",-0.269545981715296
"t54",-0.269545981715296
"t48",-0.269545981715296
"t63",-0.668234207414399
"t43",-0.687829279155464
"t53",-1.31912882144828
"t17",-1.21450696845788
"t14",-0.501429280488598
"t15",-0.501429280488598
