accepted_species,0,1
t7,0.81083864,0.18916135
t16,0.67526865,0.32473138
t36,0.7109668,0.2890332
t39,0.3994226,0.6005774
t60,0.55555236,0.4444476
t68,0.40571553,0.5942845
t82,0.7853745,0.2146255
t85,0.5690923,0.43090773
t101,0.46039104,0.53960896
t103,0.57464576,0.42535427
t110,0.58165175,0.41834825
t114,0.60217386,0.39782614
t119,0.44460773,0.55539227
t130,0.3978268,0.6021732
