accepted_species,0,1
t65,0.22421288,0.7757871
t66,0.22421288,0.7757871
t81,0.24937928,0.7506207
t82,0.22421288,0.7757871
t74,0.22421288,0.7757871
t54,0.22421288,0.7757871
t45,0.22421288,0.7757871
t50,0.61727333,0.38272667
t60,0.5057403,0.49425974
t61,0.24937928,0.7506207
