accepted_species,estimate
t28,-0.9794375
t67,-1.16917
t6,-0.0019533914
t16,0.03570511
t94,0.3822879
t56,0.50894296
t70,0.1149334
t49,-0.26164737
t76,0.4618817
t91,0.27330437
