accepted_species,0,1
t70,0.09526854000014062,0.9047314599998594
t84,0.09244279516669285,0.9075572048333072
t91,0.1788159059169051,0.8211840940830949
t99,0.034947777359614296,0.9650522226403857
t103,0.0950056408790454,0.9049943591209546
t120,0.06665983722758584,0.9333401627724142
t131,0.07898876349424522,0.9210112365057548
t135,0.007047685506443635,0.9929523144935564
t144,0.24251971723510435,0.7574802827648957
t158,0.22377048349528106,0.7762295165047189
