accepted_species,0,1
t70,0.10626832277432008,0.8937316772256799
t84,0.10582736734386322,0.8941726326561368
t91,0.10417597580686855,0.8958240241931315
t99,0.10064533456880043,0.8993546654311996
t103,0.10563371533064936,0.8943662846693506
t120,0.10557243855517784,0.8944275614448222
t131,0.10874137655731231,0.8912586234426877
t135,0.08964316262182814,0.9103568373781719
t144,0.32039170866601097,0.679608291333989
t158,0.2167344129985338,0.7832655870014662
