accepted_species,0,1
t72,0.30456236215742505,0.695437637842575
t97,0.49819367212845267,0.5018063278715473
t121,0.23187793822988612,0.7681220617701139
t123,0.5303863174251415,0.4696136825748585
t169,0.5476767915054953,0.4523232084945047
t187,0.2504273695709983,0.7495726304290017
t195,0.17892843090471844,0.8210715690952816
t203,0.4294429903901241,0.5705570096098759
t223,0.6916144390409721,0.3083855609590279
t249,0.7814601513283147,0.2185398486716853
