accepted_species,0,1
t93,0.003260391479779412,0.9967396085202206
t3,0.0037324366142148513,0.9962675633857851
t13,0.006623394286450535,0.9933766057135495
t48,0.0026512474576337874,0.9973487525423662
t8,0.04358951099414898,0.956410489005851
t41,0.42879147631580583,0.5712085236841942
t42,0.43621373517972817,0.5637862648202718
t70,0.4135156203067246,0.5864843796932754
t71,0.4096928060352857,0.5903071939647143
t33,0.4456390544855974,0.5543609455144026
