accepted_species,0,1
t93,0.013793111,0.9862069
t3,0.013793111,0.9862069
t13,0.0076144934,0.9923855
t48,0.0076144934,0.9923855
t8,0.023636937,0.97636306
t41,0.21662337,0.78337663
t42,0.21662337,0.78337663
t70,0.17170537,0.82829463
t71,0.17170537,0.82829463
t33,0.6627665,0.33723348
