accepted_species,estimate
t151,0.15814644
t186,0.2575222
t38,0.7090733
t48,0.7090733
t214,-0.6198473
t152,-0.20050748
t169,0.61454225
t156,-0.4251591
t168,-0.51780677
t133,0.10081828
t47,0.17324379
t33,0.05472028
t232,0.021487113
t61,-1.2094328
t104,-1.2631716
t253,-2.5539505
t191,0.007927534
t172,0.025373306
t83,-1.0318683
t216,-1.6584629
t217,-1.6584629
t256,-1.6998726
t176,-0.70099515
t92,0.017911535
t229,0.3081066
t4,0.87588686
