accepted_species,estimate
t64,-0.5668115943409072
t9,-0.5349666069449678
t8,-0.5068161549288284
t62,-0.3672651456865369
t39,-0.2942719613010701
t74,-0.9731298566595528
t67,0.8050699642093466
t35,1.0899010211190432
t76,1.1514449179557467
t24,0.6065443807005299
