accepted_species,0
t64,-0.009099955513493038
t9,-0.009099955513493038
t8,-0.009099955513493038
t62,-0.009099955513493038
t39,-0.009099955513493038
t74,-0.6298200561149175
t67,-0.009099955513493038
t35,-0.009099955513493038
t76,1.73482485571051
t24,-0.009099955513493038
