"accepted_species","estimate"
"t64",-0.224031944255992
"t9",-0.601955394810711
"t8",-0.784433823501221
"t62",-0.624558984958547
"t39",-0.55256431420906
"t74",-0.618712619828873
"t67",0.873143833582055
"t35",1.27293324961593
"t76",1.57541598150087
"t24",-0.0532713063192898
