accepted_species,estimate
t93,0.1391796
t41,-0.22824372
t28,-1.2577785
t84,-0.51281077
t79,-1.0116829
t80,-1.0116829
t97,-1.0116829
t88,-1.0116829
t65,-1.2172979
t81,-1.0657622
