"accepted_species","0","1"
"t36",0.118993095959073,0.881006904040927
"t21",0.704020905685749,0.295979094314251
"t87",0.285735211103478,0.714264788896522
"t84",0.540596250040815,0.459403749959185
"t85",0.540596250040815,0.459403749959185
"t13",0.15876179513302,0.84123820486698
"t30",0.101803243770717,0.898196756229283
"t73",0.0349977373934802,0.96500226260652
"t26",0.0937592027137545,0.906240797286246
"t53",0.0678755305990163,0.932124469400984
