accepted_species,estimate
t43,-0.1936670929230157
t36,-0.1893098125087635
t37,-0.1781060790424444
t98,-0.12507596721212638
t88,-0.1266051089762063
t73,-0.10970380485173642
t81,-0.10100123028208768
t82,-0.1012362151374337
t76,-0.14872884234383726
t77,-0.14950926467123454
