accepted_species,estimate
t43,-0.48636013
t36,-0.6497435
t37,-0.908271
t98,0.6684266
t88,0.81521195
t73,-0.3621672
t81,0.24917418
t82,0.102388814
t76,-0.1468742
t77,0.17838888
