accepted_species,0,1
t90,0.8469284,0.1530716
t98,0.99656725,0.0034327637
t100,0.8469284,0.1530716
t116,0.99489486,0.005105134
t132,0.79542273,0.20457728
t200,0.9844193,0.015580705
t207,0.12941879,0.8705812
t221,0.8716264,0.1283736
t227,0.14666468,0.8533353
t231,0.9768783,0.023121694
