accepted_species,estimate
Asperula_glomerata,-0.5681804841983377
Crucianella_gilanica,-0.4383593378547136
Galium_album,-0.4788722879857005
Galium_bolanderi,-0.9069414772311556
Galium_labradoricum,0.10659625740181058
Galium_saxatile,-0.507561967770965
Galium_spurium,-0.47371935256500997
Galium_triflorum,-0.48300897354272176
Galium_verum,-0.7378760508781607
Sherardia_arvensis,-0.21750981258214006
