accepted_species,0
Asperula_glomerata,-0.410095669265107
Crucianella_gilanica,-0.006970986385702413
Galium_album,-0.4124847472317695
Galium_bolanderi,-0.3990893984505886
Galium_labradoricum,-0.006970986385702413
Galium_saxatile,-0.42225838564695195
Galium_spurium,-0.006970986385702413
Galium_triflorum,-0.006970986385702413
Galium_verum,-0.4121438590470319
Sherardia_arvensis,-0.006970986385702413
