"accepted_species","estimate"
"Asperula_glomerata",-0.406982577401474
"Crucianella_gilanica",-0.391479724027962
"Galium_album",-0.413081473578915
"Galium_bolanderi",-0.403181497181993
"Galium_labradoricum",-0.393459551168899
"Galium_saxatile",-0.415480989709572
"Galium_spurium",-0.393459551168899
"Galium_triflorum",-0.412155758826754
"Galium_verum",-0.412643248137912
"Sherardia_arvensis",-0.386414605536766
