"accepted_species","0","1"
"Asclepias_ovalifolia","0.000275108525779396","0.999724891474221"
"Cynanchum_thesioides","0.514670448247129","0.485329551752871"
"Gentianopsis_paludosa","0.744174053467236","0.255825946532764"
"Sebaea_ovata","0.506983558287208","0.493016441712792"
"Swertia_perennis","0.59212720225234","0.40787279774766"
"Galium_album","0.239775768731285","0.760224231268715"
"Galium_tinctorium","0.483498093558351","0.516501906441649"
"Cynanchica_pyrenaica","0.499990955803804","0.500009044196196"
"Coprosma_petriei","0.417992383855596","0.582007616144404"
"Pentanisia_ouranogyne","0.502661130114381","0.497338869885619"
