accepted_species,0,1
Asclepias_ovalifolia,0.3870722,0.6129278
Cynanchum_thesioides,0.43859696,0.56140304
Gentianopsis_paludosa,0.7803501,0.21964993
Sebaea_ovata,0.7746576,0.22534242
Swertia_perennis,0.7782327,0.22176732
Galium_album,0.5896081,0.41039193
Galium_tinctorium,0.48206615,0.51793385
Cynanchica_pyrenaica,0.48284143,0.51715857
Coprosma_petriei,0.4942448,0.5057552
Pentanisia_ouranogyne,0.47390258,0.5260974
