accepted_species,0,1
Asclepias_ovalifolia,0.08643401,0.913566
Cynanchum_thesioides,0.43300152,0.5669985
Gentianopsis_paludosa,0.959719,0.040281
Sebaea_ovata,0.9508339,0.049166076
Swertia_perennis,0.959719,0.040281
Galium_album,0.43906242,0.5609376
Galium_tinctorium,0.57036304,0.42963696
Cynanchica_pyrenaica,0.5429007,0.45709932
Coprosma_petriei,0.40862697,0.591373
Pentanisia_ouranogyne,0.40862697,0.591373
