accepted_species,0,1
t16,0.5936382459477513,0.4063617540522487
t18,0.5937947568554918,0.4062052431445083
t28,0.5935756014081155,0.40642439859188456
t38,0.5937692966294386,0.4062307033705615
t42,0.5938342924947095,0.40616570750529046
t81,0.5936593654018745,0.4063406345981255
t82,0.593752179683122,0.40624782031687795
t83,0.5935444399524086,0.4064555600475915
t98,0.5938083301327499,0.4061916698672501
t99,0.5935563670595181,0.40644363294048197
