"accepted_species","estimate"
"t40",0.453890085684554
"t41",0.453890085684554
"t8",0.453890085684554
"t14",0.452840727355933
"t44",0.452840727355933
"t45",0.452840727355933
"t51",0.452840727355933
"t93",0.452840727355933
"t94",0.452840727355933
"t74",0.188712884623092
