"accepted_species","0","1"
"t30",0.721386834468456,0.278613165531545
"t55",0.654792363285847,0.345207636714153
"t64",0.73125852569296,0.26874147430704
"t66",0.749827826615724,0.250172173384276
"t79",0.752988859637992,0.247011140362008
"t104",0.73125852569296,0.26874147430704
"t129",0.892278102015187,0.107721897984813
"t134",0.912243237625449,0.0877567623745509
"t138",0.38544771350187,0.61455228649813
"t159",0.999667824272208,0.000332175727791534
