accepted_species,0,1
t30,0.5105940021977884,0.4894059978022116
t55,0.5876438028281057,0.41235619717189437
t64,0.9651494004291788,0.03485059957082118
t66,0.7679509420854178,0.23204905791458214
t79,0.6830801218903537,0.3169198781096463
t104,0.9619463988898372,0.0380536011101628
t129,0.852491926437891,0.1475080735621091
t134,0.7358033076120286,0.2641966923879714
t138,0.8512532289206678,0.14874677107933218
t159,0.9114742507808907,0.0885257492191093
