accepted_species,0,1
t30,0.6798396,0.32016042
t55,0.6136371,0.3863629
t64,0.8364927,0.16350728
t66,0.81114376,0.18885621
t79,0.6798396,0.32016042
t104,0.8364927,0.16350728
t129,0.8364927,0.16350728
t134,0.81114376,0.18885621
t138,0.8364927,0.16350728
t159,0.8364927,0.16350728
