accepted_species,estimate
Asclepias_amplexicaulis,0.0100963857183423
Asclepias_cordifolia,0.013658106990869986
Asclepias_erosa,0.013658106990868623
Asclepias_fascicularis,0.010181040429475253
Asclepias_incarnata,0.010181040429474845
Asclepias_oenotheroides,0.01365810699087085
Asclepias_ovalifolia,0.013658106990870486
Asclepias_subulata,0.013658106990870899
Asclepias_syriaca,0.010096385718342142
Calotropis_procera,0.03137913790949538
