accepted_species,estimate
t34,-0.45649068057521114
t97,0.31745608117376345
t83,0.9417711874411647
t57,0.2104153705988352
t30,-0.2694385010179021
t8,-0.3918584579083959
t53,-0.07013044219638974
t68,-0.40640461663547467
t89,-0.13210402418930056
t76,-0.9535469585197955
