accepted_species,estimate
t27,0.021475953581565604
t31,-0.9600839368290548
t28,0.49102655136357715
t26,-0.19950561110287693
t82,-0.5918198632066913
t56,0.16724923404885145
t89,-0.2807015767170903
t30,-0.2531495929657334
t59,-0.7004888950894335
t53,-0.23260577205814126
