accepted_species,estimate
t27,0.2672583284768772
t31,-0.552972299729674
t28,-0.42480752539705297
t26,0.3585350385746286
t82,-0.22083235954984476
t56,-0.26112256783659854
t89,-0.07815535621943952
t30,0.22957846770353368
t59,-0.11068195896809833
t53,0.5157474991676514
