accepted_species,estimate
t27,0.61502844
t31,-0.5501858
t28,0.09649373
t26,0.18086788
t82,-0.45766425
t56,0.22383828
t89,-0.08022825
t30,-0.4231348
t59,-0.44281042
t53,0.20130497
