accepted_species,0,1
t84,0.030257899501421548,0.9697421004985785
t50,0.03628196721872434,0.9637180327812757
t71,0.04499771143551068,0.9550022885644893
t72,0.042317314015553054,0.957682685984447
t55,0.04121867981748761,0.9587813201825124
t53,0.1368252669117842,0.8631747330882158
t20,0.1213108865625816,0.8786891134374184
t79,0.013726700753587284,0.9862732992464127
t88,0.014490073533986902,0.9855099264660131
t89,0.01546075186694107,0.9845392481330589
t51,0.008031580742300481,0.9919684192576995
t74,0.5231566449361943,0.4768433550638057
t23,0.19903743670174,0.80096256329826
