accepted_species,0,1
t84,0.11746833138435042,0.8825316686156496
t50,0.10377867027172272,0.8962213297282773
t71,0.08284558458370772,0.9171544154162923
t72,0.09798666835650349,0.9020133316434965
t55,0.13859329497521522,0.8614067050247848
t53,0.11033836993796298,0.889661630062037
t20,0.18505172116382773,0.8149482788361723
t79,0.0028708074074094148,0.9971291925925906
t88,0.0031525430931792497,0.9968474569068208
t89,0.0030765238559542496,0.9969234761440458
t51,0.004991897391931621,0.9950081026080684
t74,0.3768260939712884,0.6231739060287116
t23,0.2544873490916919,0.7455126509083081
