accepted_species,0,1
t52,0.031751573,0.9682484
t48,0.013344169,0.98665583
t60,0.023925602,0.9760744
t82,0.012524903,0.9874751
t23,0.016294837,0.98370516
t32,0.019719422,0.9802806
t8,0.029901803,0.9700982
t42,0.95394325,0.046056777
t43,0.9647274,0.035272572
t66,0.9647274,0.035272572
