accepted_species,estimate
t10,-0.345209765310065
t59,-0.4448826549403906
t17,-0.4207916704536858
t64,-0.5229390760312412
t62,-0.4020771145188009
t47,-0.3402397702096098
t92,-1.0686261716949146
t79,-0.9278031441217632
t32,1.1578608715014087
t57,1.1707428802545916
