accepted_species,0,1
t58,3.4795669214826574e-06,0.9999965204330785
t51,3.7236397594231363e-06,0.9999962763602406
t82,0.000673213527487837,0.9993267864725122
t39,0.0015528287236419303,0.9984471712763581
t65,0.1478534457790578,0.8521465542209422
t66,0.14785344577905746,0.8521465542209425
t54,0.003996900359782396,0.9960030996402176
t34,0.004197151272171573,0.9958028487278284
t10,0.5806783288267789,0.4193216711732211
t12,0.10931979043533524,0.8906802095646648
