accepted_species,0,1
t58,0.05241429039940926,0.9475857096005907
t51,0.04783239898296576,0.9521676010170342
t82,5.5785785145201494e-05,0.9999442142148548
t39,8.644415736347444e-05,0.9999135558426365
t65,0.15948260677257653,0.8405173932274235
t66,0.15833502372528052,0.8416649762747195
t54,0.007145799514253093,0.9928542004857469
t34,0.018711531809713966,0.981288468190286
t10,0.41753227887948496,0.582467721120515
t12,0.16687706348757658,0.8331229365124234
