accepted_species,0,1
t424,0.06007995351662565,0.9399200464833743
t432,0.9542359659630394,0.045764034036960576
t452,0.03743914677125293,0.9625608532287471
t470,0.929183274730145,0.07081672526985505
t507,0.9556346230136419,0.04436537698635811
t509,0.9628134018342674,0.03718659816573256
t512,0.9631065612044692,0.03689343879553079
t524,0.04787302063650434,0.9521269793634957
t534,0.9711960121925705,0.02880398780742952
t544,0.036697420871269704,0.9633025791287303
