accepted_species,0,1
t424,0.014765799,0.9852342
t432,0.979306,0.02069402
t452,0.03980714,0.96019286
t470,0.9116804,0.0883196
t507,0.804289,0.19571102
t509,0.9678588,0.03214124
t512,0.97084,0.029159993
t524,0.042215824,0.9577842
t534,0.9306395,0.06936051
t544,0.0011039972,0.998896
