accepted_species,0,1
t29,0.009044919456388634,0.9909550805436114
t26,0.009652485985560122,0.9903475140144399
t72,0.010573418260673373,0.9894265817393266
t16,0.010136839755495952,0.989863160244504
t36,0.009160047445498254,0.9908399525545017
t73,0.00923599504386552,0.9907640049561345
t41,0.009273350476625586,0.9907266495233744
t6,0.9902947333074502,0.009705266692549742
t5,0.9898444858870836,0.01015551411291643
t1,0.9761808722595561,0.02381912774044388
