accepted_species,0,1
t29,0.0032881498,0.99671185
t26,0.0032881498,0.99671185
t72,0.0032632947,0.9967367
t16,0.005651891,0.9943481
t36,0.0032632947,0.9967367
t73,0.016956389,0.9830436
t41,0.0032632947,0.9967367
t6,0.9074471,0.09255287
t5,0.9074471,0.09255287
t1,0.055751443,0.94424856
