accepted_species,0,1
t55,0.6387175128475497,0.3612824871524503
t57,0.717447301959059,0.282552698040941
t67,0.6455940221400156,0.3544059778599844
t99,0.6396551458966264,0.3603448541033736
t127,0.7346846953177408,0.26531530468225917
t131,0.735054562243034,0.264945437756966
t136,0.6445702698329325,0.3554297301670675
t154,0.6427399545669988,0.35726004543300116
t160,0.6424234990285043,0.3575765009714958
t164,0.6371967645262091,0.36280323547379095
