accepted_species,0,1
Asperula_conferta,0.5555555555555556,0.4444444444444444
Galium_boreale,1.0,0.0
Galium_circaezans,1.0,0.0
Galium_concinnum,0.5555555555555556,0.4444444444444444
Galium_mollugo,0.5825270366848845,0.4174729633151155
Galium_triflorum,0.5555555555555556,0.4444444444444444
Coprosma_petriei,0.5555555555555556,0.4444444444444444
Galium_pumilum,0.0,1.0
Kohautia_caespitosa,0.5555555555555556,0.4444444444444444
Mitracarpus_hirtus,0.5555555555555556,0.4444444444444444
