accepted_species,0,1
Asperula_conferta,0.5600128,0.4399872
Galium_boreale,0.59919274,0.4008073
Galium_circaezans,0.59919274,0.4008073
Galium_concinnum,0.6348802,0.36511984
Galium_mollugo,0.6348802,0.36511984
Galium_triflorum,0.6348802,0.36511984
Coprosma_petriei,0.23583132,0.7641687
Galium_pumilum,0.6348802,0.36511984
Kohautia_caespitosa,0.71317095,0.28682905
Mitracarpus_hirtus,0.71317095,0.28682905
