accepted_species,0,1
t27,0.05257672,0.9474233
t28,0.99142915,0.008570838
t99,0.9930049,0.006995105
t93,0.95872164,0.041278355
t94,0.95872164,0.041278355
t71,0.97641015,0.02358983
t57,0.9971175,0.0028824895
t79,0.8693492,0.13065082
t68,0.99843055,0.0015694466
t18,0.35778022,0.6422198
