accepted_species,0,1
t27,0.34690863,0.6530914
t28,0.9712337,0.028766302
t99,0.97724587,0.02275412
t93,0.97724587,0.02275412
t94,0.97724587,0.02275412
t71,0.9530399,0.046960086
t57,0.87150824,0.12849173
t79,0.98295355,0.017046427
t68,0.8863604,0.1136396
t18,0.19260466,0.80739534
