accepted_species,0,1
t58,0.6125449522983651,0.38745504770163486
t92,0.7909210194428815,0.20907898055711854
t86,0.5145319027744605,0.4854680972255395
t52,0.45467844301655513,0.5453215569834449
t70,0.6137336952339982,0.3862663047660017
t63,0.6606257562840057,0.3393742437159944
t65,0.46836300264277597,0.531636997357224
t8,0.5372763834313329,0.4627236165686671
t50,0.15898182984129028,0.8410181701587097
t20,0.4645070227435697,0.5354929772564303
