accepted_species,estimate
t86,-1.2630474685344333
t45,-0.689116582981121
t56,-0.688511967333922
t7,-0.6289438850447594
t39,-0.14744087166320885
t89,-0.24132165414488013
t41,-0.21802814763451955
t73,0.07175672035035581
t47,0.9630124294136424
t17,2.6255634781569235
