accepted_species,0,1
t29,0.5032962118107458,0.49670378818925426
t49,0.8621299091224128,0.13787009087758717
t50,0.7053212043378909,0.294678795662109
t41,0.6331787356000711,0.36682126439992896
t42,0.7472059202324284,0.25279407976757157
t43,0.6385998981630533,0.3614001018369467
t32,0.782002165831929,0.21799783416807095
t52,0.9259446199384112,0.07405538006158881
t80,0.9264975369204572,0.07350246307954282
t98,0.9319583083075396,0.0680416916924605
t214,0.9930287093660517,0.006971290633948354
t272,0.9955821807505815,0.0044178192494185265
t294,0.9953562534514638,0.00464374654853616
t295,0.9949364428364162,0.005063557163583788
t163,0.993242792670387,0.006757207329613032
t156,0.9954509252102918,0.00454907478970825
t250,0.9971097795279072,0.002890220472092805
t251,0.9970928979940733,0.0029071020059266775
t181,0.9970699326855295,0.0029300673144704954
t341,0.9954459333258404,0.004554066674159569
t342,0.9957472390889681,0.004252760911031882
t323,0.9959072814434534,0.00409271855654661
t264,0.9975213931577933,0.0024786068422066655
t262,0.9955890932208513,0.004410906779148652
t158,0.9915899578873755,0.008410042112624581
t83,0.9191652198478861,0.08083478015211391
t90,0.9593636046395612,0.040636395360438844
t104,0.9804739303134716,0.01952606968652837
t153,0.9957891047416959,0.0042108952583040735
t165,0.993936898612458,0.006063101387541989
t296,0.9972034905074495,0.002796509492550499
t297,0.9969123541812099,0.0030876458187901034
t271,0.9974292705817805,0.002570729418219467
t311,0.9976884179095972,0.0023115820904028683
t312,0.9980989495651642,0.0019010504348358154
