"accepted_species","0","1"
"t850",0.738502443822269,0.261497556177731
"t862",0.740139112205772,0.259860887794228
"t903",0.752580863464607,0.247419136535393
"t913",0.719084451375092,0.280915548624908
"t951",0.739918009087301,0.2600819909127
"t952",0.73940880506257,0.26059119493743
"t967",0.945271240507382,0.0547287594926182
"t977",0.739918009087317,0.260081990912683
"t978",0.739918009087317,0.260081990912683
"t981",0.992367043116538,0.00763295688346188
