accepted_species,0,1
t850,0.5928004929258373,0.4071995070741627
t862,0.6769462743582669,0.32305372564173307
t903,0.5898613509699439,0.41013864903005615
t913,0.4767928806313816,0.5232071193686184
t951,0.5669368789703952,0.4330631210296047
t952,0.7255542815297675,0.2744457184702324
t967,0.8324821497494117,0.16751785025058827
t977,0.5669368789703952,0.4330631210296047
t978,0.5669368789703952,0.4330631210296047
t981,0.9556136771885662,0.04438632281143383
