accepted_species,0,1
t850,0.6362555,0.36374447
t862,0.7308245,0.2691755
t903,0.6362555,0.36374447
t913,0.6362555,0.36374447
t951,0.6362555,0.36374447
t952,0.7308245,0.2691755
t967,0.6362555,0.36374447
t977,0.6362555,0.36374447
t978,0.6362555,0.36374447
t981,0.6362555,0.36374447
