accepted_species,estimate
t16,0.8713211775189793
t51,0.11359847994807225
t95,0.1689085969616687
t94,0.2568153091524959
t41,-1.6281806234726215
t62,0.5702928020031641
t21,0.8983121459661849
t8,0.3697325175577607
t20,0.38299021297880276
t29,0.011139703897760029
