accepted_species,0,1
t56,0.53199327,0.4680067
t57,0.53199327,0.4680067
t47,0.5925244,0.40747562
t97,0.21262068,0.7873793
t65,0.53199327,0.4680067
t9,0.64206684,0.3579332
t75,0.66505915,0.33494085
t42,0.90232337,0.097676665
t58,0.90232337,0.097676665
t85,0.90232337,0.097676665
