accepted_species,0,1
t38,0.4588779181510001,0.5411220818489999
t80,0.9077189008150169,0.09228109918498306
t97,0.807228547002354,0.19277145299764598
t64,0.37506454536625045,0.6249354546337496
t12,0.08107306837492978,0.9189269316250702
t95,0.5244429310087395,0.47555706899126055
t62,0.5173304793764391,0.48266952062356094
t96,0.8303114074792675,0.16968859252073257
t35,0.16437295487274795,0.835627045127252
t21,0.20471825775056285,0.7952817422494372
