accepted_species,0,1
t38,0.010757171021220535,0.9892428289787795
t80,0.7971250234415956,0.20287497655840436
t97,0.28747903549039866,0.7125209645096013
t64,0.5281109130832443,0.4718890869167557
t12,0.0013485839345942496,0.9986514160654058
t95,0.9618043928183643,0.038195607181635734
t62,0.9695969833740402,0.030403016625959782
t96,0.9391050135594039,0.06089498644059612
t35,0.001342786756047265,0.9986572132439527
t21,0.0003251939312194363,0.9996748060687806
