accepted_species,0,1
t38,0.00792855,0.99207145
t80,0.8742652,0.1257348
t97,0.12956071,0.8704393
t64,0.93295205,0.067047946
t12,0.0017607212,0.9982393
t95,0.88012534,0.11987467
t62,0.7703766,0.22962336
t96,0.9610658,0.03893419
t35,0.0019882917,0.9980117
t21,0.0056174994,0.9943825
