accepted_species,0,1
t50,0.25909047040403765,0.7409095295959623
t63,0.26086990902519813,0.7391300909748019
t188,0.7322509598786222,0.2677490401213778
t236,0.5836257083491505,0.4163742916508495
t205,0.355603020977203,0.644396979022797
t253,0.42457721080010735,0.5754227891998926
t60,0.2787041071534462,0.7212958928465538
t195,0.26975110199186614,0.7302488980081339
t248,0.6047938845668059,0.395206115433194
t239,0.5639115445275682,0.4360884554724318
t229,0.3714891617475913,0.6285108382524087
t242,0.27096760658945895,0.729032393410541
t169,0.2664379529860549,0.7335620470139451
t135,0.16966821709124247,0.8303317829087575
t251,0.38524095659199487,0.6147590434080051
t130,0.23073434271929139,0.7692656572807086
t187,0.3395810397179144,0.6604189602820856
t203,0.32705629242439316,0.6729437075756068
t223,0.42715016368486447,0.5728498363151355
t85,0.23940571862742932,0.7605942813725707
t159,0.26659378976321857,0.7334062102367814
t240,0.22079492267498957,0.7792050773250104
t216,0.22085860443003147,0.7791413955699685
t171,0.24144085301570473,0.7585591469842953
t170,0.2492808393435203,0.7507191606564797
