accepted_species,0,1
Asclepias_sullivantii,0.47164070951131176,0.5283592904886882
Cicendia_quadrangularis,0.6177480139011235,0.3822519860988764
Comastoma_tenellum,0.6141324025335348,0.38586759746646515
Gentiana_macrophylla,0.4914110721807945,0.5085889278192055
Gentiana_scabra,0.4922911004596445,0.5077088995403555
Gentianella_amarella,0.6227049073463771,0.377295092653623
Gentianella_biebersteinii,0.6220127790286888,0.3779872209713112
Sebaea_ovata,0.6141324025335348,0.38586759746646515
Sinoswertia_tetraptera,0.6141324025335348,0.38586759746646515
Cynanchum_boveanum,0.5254934392499815,0.47450656075001846
