accepted_species,0,1
Asclepias_sullivantii,0.40812337,0.5918766
Cicendia_quadrangularis,0.74157894,0.25842103
Comastoma_tenellum,0.74157894,0.25842103
Gentiana_macrophylla,0.52933836,0.47066164
Gentiana_scabra,0.52933836,0.47066164
Gentianella_amarella,0.74157894,0.25842103
Gentianella_biebersteinii,0.74157894,0.25842103
Sebaea_ovata,0.74157894,0.25842103
Sinoswertia_tetraptera,0.74157894,0.25842103
Cynanchum_boveanum,0.42227608,0.5777239
