accepted_species,0,1
t32,0.30926007,0.6907399
t33,0.30926007,0.6907399
t36,0.30336058,0.6966394
t45,0.30336058,0.6966394
t48,0.30926007,0.6907399
t49,0.30926007,0.6907399
t90,0.30336058,0.6966394
t91,0.30336058,0.6966394
t92,0.48523605,0.51476395
t95,0.42578405,0.57421595
t96,0.42578405,0.57421595
t101,0.48523605,0.51476395
t114,0.48523605,0.51476395
