accepted_species,0
t50,-0.0970864226935524
t51,-0.0970864226935524
t48,-0.0970864226935524
t91,-0.0970864226935524
t92,-0.0970864226935524
t15,-0.0970864226935524
t33,1.02365379439845
t88,1.02365379439845
t10,0.704609616587576
t1,-0.0970864226935524
