"accepted_species","0","1"
"t47","0.47873409444269","0.52126590555731"
"t69","0.47873409444269","0.52126590555731"
"t91","0.274015230186767","0.725984769813233"
"t102","0.215325830460183","0.784674169539817"
"t119","0.884782101753004","0.115217898246996"
"t122","0.764541998585491","0.235458001414509"
"t127","0.591560742286266","0.408439257713734"
"t131","0.130127155768097","0.869872844231903"
"t140","0.325990258913888","0.674009741086112"
"t155","0.0137801133108319","0.986219886689168"
