accepted_species,0,1
t83,0.9311777705745665,0.06882222942543342
t84,0.9299942037895732,0.07000579621042674
t59,0.9446339197152445,0.05536608028475552
t60,0.9462034399328152,0.05379656006718481
t3,0.9296489575260168,0.07035104247398312
t44,0.9459003553811878,0.054099644618812254
t42,0.9124010911719171,0.08759890882808288
t56,0.9127272025544264,0.08727279744557365
t50,0.9075991448973516,0.09240085510264837
t5,0.942524274207309,0.05747572579269106
