accepted_species,0,1
t83,0.8969909,0.10300909
t84,0.8969909,0.10300909
t59,0.92128664,0.07871338
t60,0.92128664,0.07871338
t3,0.92128664,0.07871338
t44,0.92128664,0.07871338
t42,0.92128664,0.07871338
t56,0.92128664,0.07871338
t50,0.92128664,0.07871338
t5,0.92128664,0.07871338
