accepted_species,0,1
t8,0.9712382,0.028761813
t11,0.9866395,0.013360527
t12,0.9866395,0.013360527
t17,0.97998595,0.02001403
t24,0.9736996,0.026300395
t27,0.9484069,0.05159312
t37,0.9593139,0.04068605
t50,0.98786974,0.012130245
t57,0.78080314,0.21919687
t86,0.9849112,0.015088769
t99,0.9484069,0.05159312
t104,0.7585453,0.2414547
t107,0.98248416,0.017515825
t119,0.9854923,0.014507723
t124,0.77696526,0.22303474
t134,0.6990194,0.30098063
t143,0.968693,0.031306956
