accepted_species,0,1
t8,0.84455407,0.15544596
t11,0.9255974,0.074402586
t12,0.9625578,0.03744222
t17,0.9880221,0.01197792
t24,0.95754063,0.042459365
t27,0.9816517,0.018348252
t37,0.99364656,0.0063534207
t50,0.8928906,0.10710943
t57,0.9846424,0.015357625
t86,0.9721673,0.02783266
t99,0.8600467,0.13995332
t104,0.4055966,0.5944034
t107,0.9602469,0.039753065
t119,0.97616136,0.023838656
t124,0.8998996,0.1001004
t134,0.74717814,0.25282186
t143,0.9345596,0.06544043
