accepted_species,estimate
Coprosma_robusta,0.4135734803448363
Galium_trifidum,-0.1724475082962244
Genipa_americana,0.9214937045746083
Guettarda_uruguensis,-0.45524669338125756
Palicourea_acuminata,0.5270117828651228
Palicourea_faxlucens,0.16127539435564486
Plumeria_rubra,0.12358643247607959
Randia_pterocarpa,0.6825864409739091
Rubia_tinctorum,-0.011657094225283018
Tabernaemontana_cymosa,0.22647937857188435
