accepted_species,0,1
t133,0.997146312834255,0.002853687165744978
t82,0.9941323589799445,0.005867641020055587
t14,0.9937747053318414,0.006225294668158619
t122,0.9940666624240801,0.0059333375759198755
t201,0.9984651047542582,0.0015348952457418148
t322,0.9981320239795038,0.001867976020496182
t70,0.9937709190495811,0.006229080950418811
t308,0.907523040161119,0.09247695983888103
t156,0.9897695152452829,0.010230484754717108
t225,0.988224365367524,0.011775634632476037
t273,0.9884445062319113,0.011555493768088777
t99,0.9921395399384785,0.00786046006152148
t240,0.9846516876028991,0.01534831239710083
t266,0.9901599267070569,0.009840073292943155
t126,0.9916646901361037,0.008335309863896348
t131,0.9915246572855567,0.008475342714443323
t87,0.9926267403032658,0.007373259696734177
t219,0.9985685586699604,0.0014314413300395355
t98,0.9947625097368844,0.005237490263115651
t218,0.998222373830364,0.0017776261696359492
t19,0.993377743889112,0.006622256110887951
t152,0.9675272986848543,0.032472701315145645
t303,0.9692817948903507,0.030718205109649236
t334,0.7021075520098654,0.29789244799013465
t337,0.6643534149535848,0.33564658504641515
t226,0.8242524060351887,0.17574759396481135
t16,0.9929429132629927,0.0070570867370073065
t194,0.9976308994816725,0.0023691005183274706
t36,0.9994474100940992,0.0005525899059007464
t332,0.9934436572873133,0.006556342712686731
t37,0.9994472157489865,0.0005527842510134709
t64,0.9989125849031346,0.0010874150968654245
t38,0.9990351013510723,0.0009648986489276324
t3,0.9969815044758554,0.0030184955241445753
