accepted_species,0,1
t2,0.9989448904101186,0.0010551095898814508
t46,0.8132436443009918,0.1867563556990082
t54,0.8088793412760948,0.19112065872390518
t59,0.8181379081217481,0.18186209187825184
t65,0.7934199756472524,0.20658002435274753
t76,0.8126632987446809,0.18733670125531907
t77,0.8043010462409863,0.19569895375901367
t81,0.8033908115112802,0.19660918848871983
t93,0.7043689555647745,0.2956310444352255
t99,0.6996774640166142,0.30032253598338576
t118,0.8214042315579132,0.17859576844208683
