accepted_species,0,1
Lomatogonium_carinthiacum,0.8596799,0.14032014
Sabatia_grandiflora,0.9395003,0.060499743
Asperula_conferta,0.49665022,0.5033498
Diodia_virginiana,0.46675605,0.53324395
Galium_concinnum,0.5663781,0.43362188
Galium_mollugo,0.6039041,0.39609587
Galium_texense,0.37591052,0.6240895
Asperula_scoparia,0.37457776,0.62542224
Opercularia_ovata,0.37767762,0.6223224
Spermacoce_quadrisulcata,0.56761146,0.43238857
