accepted_species,estimate
t40,0.935688
t57,0.8623327
t164,0.8864806
t182,0.72487396
t73,0.5754597
t98,0.47166365
t131,0.41053814
t201,-0.35204402
t45,0.22932197
t60,0.21557163
t67,-0.30444714
t187,-0.62013304
t157,-0.26826835
t158,-0.23957677
t214,-0.30385524
t142,-0.42064226
t197,-1.1342838
t96,-0.5161104
t183,-0.12418388
t208,-0.2967195
t190,-0.26818246
t191,-0.5946495
t205,-0.5260127
t206,-0.4699838
