"accepted_species","0","1"
"Asclepias_asperula","0.000267392933839967","0.99973260706616"
"Gentianella_propinqua","0.992903377342583","0.00709662265741665"
"Diodia_virginiana","0.735400419127397","0.264599580872603"
"Galium_sterneri","0.601257375747886","0.398742624252114"
"Galium_triflorum","0.898529082753319","0.101470917246681"
"Cynanchum_boveanum","0.359641798783852","0.640358201216148"
"Vincetoxicum_hirundinaria","0.308435787414126","0.691564212585874"
"Enicostema_axillare","0.525155738339638","0.474844261660362"
"Gentiana_lutea","0.212335318622959","0.787664681377041"
"Kohautia_caespitosa","0.73278540631065","0.26721459368935"
