accepted_species,0,1
t33,0.934042,0.06595799
t38,0.98487353,0.015126458
t47,0.9907458,0.009254232
t56,0.8796075,0.120392494
t76,0.9971286,0.0028713946
t79,0.9819271,0.018072894
t83,0.93527395,0.06472603
t110,0.934042,0.06595799
t115,0.91516316,0.08483681
t123,0.9799108,0.020089198
