accepted_species,0,1
t75,0.51080704,0.48919293
t50,0.34168118,0.6583188
t49,0.31669807,0.6833019
t63,0.9499992,0.050000783
t96,0.09315443,0.90684557
t72,0.77847767,0.22152236
t73,0.77847767,0.22152236
t7,0.9363824,0.063617565
t26,0.9582553,0.041744716
t86,0.90102327,0.098976746
