accepted_species,0
t14,-0.11226511573611409
t19,-0.11226511573611409
t95,1.02261858517201
t62,-0.11226511573611409
t63,-0.11226511573611409
t74,-0.11226511573611409
t75,-0.11226511573611409
t59,-0.11226511573611409
t38,-0.11226511573611409
t39,-0.11226511573611409
