"accepted_species","0","1"
"t114",0.160793782664048,0.839206217335952
"t115",0.160793782664048,0.839206217335952
"t72",0.112634197166286,0.887365802833714
"t73",0.123376604973755,0.876623395026245
"t93",0.0565842549186907,0.943415745081309
"t27",0.124526892073537,0.875473107926463
"t23",0.580914831635147,0.419085168364854
"t64",0.580914831614942,0.419085168385058
"t65",0.580914831614942,0.419085168385058
"t12",0.728519306082973,0.271480693917027
"t13",0.728519306082973,0.271480693917027
