"accepted_species","0","1"
"t114","0.00175715382840149","0.998242846171599"
"t115","0.00175715382840149","0.998242846171599"
"t72","0.00264496075692482","0.997355039243075"
"t73","0.00264496075692482","0.997355039243075"
"t93","0.00554493076649459","0.994455069233505"
"t27","0.0183393797004368","0.981660620299563"
"t23","0.463557558847526","0.536442441152474"
"t64","0.463557558847526","0.536442441152474"
"t65","0.463557558847526","0.536442441152474"
"t12","0.930411538136768","0.0695884618632321"
"t13","0.930411538136768","0.0695884618632321"
