accepted_species,estimate
t13,-0.73195624
t20,-0.72083044
t215,-0.13405786
t205,0.15397765
t85,0.052313864
t76,0.2186255
t131,0.5685122
t132,0.57207686
t232,-0.04182794
t129,-0.64809465
t152,1.0871848
t230,1.0472763
t74,-0.086288154
t110,0.6858134
t47,-0.46243662
t237,1.0337334
t107,-0.34998998
t3,-0.44190505
t5,-0.27521425
t64,1.8300714
t170,-2.5125852
t160,-2.534078
t78,1.9961472
t7,0.379687
