accepted_species,0,1
t47,0.8176820058452889,0.182317994154711
t73,0.8110927662760496,0.18890723372395032
t96,0.6273730224919205,0.37262697750807944
t104,0.3076590865990235,0.6923409134009765
t105,0.8933978642572352,0.10660213574276474
t133,0.8954560458297148,0.1045439541702852
t134,0.3076590865990235,0.6923409134009765
t154,0.8357735003110126,0.16422649968898742
t159,0.7068128242564813,0.29318717574351877
t176,0.8915568751292207,0.10844312487077935
