accepted_species,0,1
t47,0.71881735,0.28118268
t73,0.71881735,0.28118268
t96,0.71881735,0.28118268
t104,0.71881735,0.28118268
t105,0.71881735,0.28118268
t133,0.71881735,0.28118268
t134,0.71881735,0.28118268
t154,0.71881735,0.28118268
t159,0.77557564,0.22442433
t176,0.8692722,0.13072781
