accepted_species,0,1
t16,0.012842340049016299,0.9871576599509837
t60,0.011952810390722712,0.9880471896092773
t67,0.008901862819922446,0.9910981371800776
t86,0.012794670186371593,0.9872053298136284
t90,0.008919616016792697,0.9910803839832073
t91,0.012292644583564272,0.9877073554164357
t101,0.013884698146332863,0.9861153018536671
t102,0.012186114996329156,0.9878138850036708
t110,0.00920740532510722,0.9907925946748928
t111,0.009734464674495014,0.990265535325505
