accepted_species,estimate
t29,0.17758745
t30,0.13554469
t227,1.39134
t96,0.3527576
t5,-1.7587149
t231,0.3716042
t8,-1.2904742
t4,-2.771086
t165,0.3693268
t188,-0.058911372
t100,-0.39338198
t172,-0.28210333
t43,-0.41517147
t269,0.23191787
t272,-0.7247128
t260,0.6762892
t261,0.6739481
t164,0.773143
t262,0.7218836
t254,-0.83995336
t255,-0.8592461
t10,-1.5499899
t22,-0.108437285
t72,0.018494824
t160,0.93925315
t185,0.8885972
t102,0.8803614
t34,-0.19664793
