accepted_species,0,1
t95,0.9893183,0.010681713
t46,0.9893183,0.010681713
t82,0.9938991,0.0061009065
t19,0.9977379,0.002262091
t92,0.99433404,0.0056659845
t75,0.97524655,0.02475344
t17,0.96241087,0.03758911
t72,0.9965233,0.0034766542
t38,0.9798034,0.020196624
t50,0.9977379,0.002262091
