accepted_species,estimate
t85,-0.038479216
t59,-1.9023358
t2,-1.1659764
t32,-1.9654565
t18,-0.763689
t88,-0.16546561
t97,-0.07241086
t49,-0.21402565
t9,0.5390575
t27,0.6887512
