accepted_species,estimate
t57,1.460416265990648
t38,1.4234055848220182
t47,-1.2389847886696845
t82,-1.2465146312597841
t93,-0.6205549254838748
t54,-0.6132409248408011
t42,-0.6653813258527859
t92,-0.6930005479013543
t58,-0.4539429422844824
t6,-0.4396272419674997
