accepted_species,0,1
t142,0.4604927042517122,0.5395072957482878
t160,0.4632362157118537,0.5367637842881463
t345,0.4700780716271221,0.5299219283728779
t333,0.4701768755666845,0.5298231244333155
t292,0.46700980172793327,0.5329901982720667
t221,0.4661864685757994,0.5338135314242006
t137,0.46103291088331577,0.5389670891166842
t329,0.4554924212639625,0.5445075787360375
t330,0.4554924212639625,0.5445075787360375
t193,0.4557640353017055,0.5442359646982945
t172,0.45564502361511805,0.544354976384882
t326,0.454918363354778,0.545081636645222
t224,0.4550615085108285,0.5449384914891715
t307,0.45491743088899694,0.5450825691110031
t308,0.45491743088899683,0.5450825691110032
t241,0.4549729156792669,0.5450270843207331
t226,0.45527806421213646,0.5447219357878635
t141,0.45689485965551846,0.5431051403444815
t196,0.45539112923247893,0.5446088707675211
t310,0.45393604579454727,0.5460639542054527
t311,0.45393604579454727,0.5460639542054527
t324,0.4538469053412165,0.5461530946587835
t347,0.45381724369902,0.54618275630098
t348,0.45381724369902,0.54618275630098
t252,0.45386593936013053,0.5461340606398695
t170,0.45442410116385035,0.5455758988361497
t171,0.45441884385470177,0.5455811561452982
t158,0.4536049813727392,0.5463950186272608
t185,0.4534949353442923,0.5465050646557077
t177,0.45347718356530686,0.5465228164346931
t183,0.45345394165094344,0.5465460583490566
t184,0.4534668631871912,0.5465331368128088
t328,0.4512304589351338,0.5487695410648662
t357,0.45120066336553943,0.5487993366344606
t355,0.451241258188918,0.548758741811082
t97,0.4550744195155755,0.5449255804844245
