"accepted_species","estimate"
"t80",-0.591867587647567
"t71",-0.539937758929446
"t63",-1.38973443505532
"t35",-1.47243134741699
"t28",0.989376258311696
"t41",1.16649034675818
"t42",1.16649034675818
"t72",1.14895179197572
"t37",-0.774690028800582
"t76",-0.48197962755718
