accepted_species,estimate
t80,-0.60254353
t71,-0.53889084
t63,-1.3410356
t35,-1.5149766
t28,1.2870337
t41,0.99194163
t42,0.99194163
t72,1.134129
t37,-1.0364344
t76,-0.4712727
