accepted_species,0,1
t42,0.9998538937139522,0.00014610628604780633
t98,0.9998651515224444,0.00013484847755558735
t99,0.9998651515224444,0.00013484847755558735
t73,0.9998589766862583,0.0001410233137416111
t74,0.9998589766862583,0.0001410233137416111
t45,0.9998434695483768,0.0001565304516232662
t83,0.9998526784016202,0.00014732159837984714
t16,0.9984135877580907,0.0015864122419092892
t38,0.9984310052912823,0.0015689947087176904
t39,0.998462082890373,0.001537917109627036
