accepted_species,0,1
t40,0.4823238724145831,0.5176761275854169
t19,0.49148213679728536,0.5085178632027146
t39,0.5454998181684336,0.4545001818315664
t189,0.192780989835043,0.807219010164957
t35,0.38094198926210265,0.6190580107378973
t46,0.36804635204158864,0.6319536479584114
t26,0.364987564313795,0.635012435686205
t18,0.2895948807195794,0.7104051192804206
t171,0.09507245282046728,0.9049275471795327
t133,0.12537230974096802,0.874627690259032
t141,0.323379637210925,0.676620362789075
t191,0.27647868689786903,0.723521313102131
t225,0.19339895131611817,0.8066010486838818
t202,0.22459820716479773,0.7754017928352023
t154,0.2101224186974071,0.7898775813025929
t203,0.2661923627361933,0.7338076372638067
t231,0.18128764249079155,0.8187123575092085
t234,0.2640596783468453,0.7359403216531547
t93,0.22777297158268084,0.7722270284173192
t148,0.3740736952898899,0.6259263047101101
t99,0.1576102637182123,0.8423897362817877
t124,0.14878672972875673,0.8512132702712433
t122,0.041638285680284826,0.9583617143197152
t73,0.09363554829871279,0.9063644517012872
