accepted_species,0,1
t40,0.5850014223127971,0.414998577687203
t19,0.5854358399447761,0.41456416005522384
t39,0.6361727566607875,0.3638272433392124
t189,0.4523603309308123,0.5476396690691877
t35,0.39749032776411797,0.602509672235882
t46,0.40057787791074695,0.599422122089253
t26,0.09288599684848686,0.9071140031515131
t18,0.10090617217286257,0.8990938278271374
t171,0.0057832508243865766,0.9942167491756134
t133,0.029640009409274803,0.9703599905907252
t141,0.05275964670598687,0.9472403532940131
t191,0.4552093238025069,0.5447906761974931
t225,0.23254513334325366,0.7674548666567463
t202,0.20240139579206629,0.7975986042079337
t154,0.274799300596532,0.725200699403468
t203,0.08929382510264527,0.9107061748973547
t231,0.0022890158249139203,0.9977109841750861
t234,0.344403168207162,0.655596831792838
t93,0.020482162614577026,0.979517837385423
t148,0.486281706624882,0.513718293375118
t99,0.021370033466860616,0.9786299665331394
t124,0.024753504097837276,0.9752464959021627
t122,0.013114944205405488,0.9868850557945945
t73,0.008300735814016025,0.991699264185984
