accepted_species,0,1
Gentiana_algida,0.44322067,0.5567793
Gentiana_dahurica,0.8880053,0.111994684
Gentiana_scabra,0.43831867,0.56168133
Gentiana_spathulifolia,0.77651596,0.22348407
Gentiana_straminea,0.52940536,0.47059467
Gentianella_amarella,0.6747384,0.32526162
Lomatogonium_carinthiacum,0.72835124,0.27164873
Zeltnera_davyi,0.9906106,0.009389387
Enicostema_axillare,0.9915535,0.00844651
Gentianopsis_detonsa,0.75648224,0.24351773
