accepted_species,estimate
t218,-1.8780425
t232,0.0158589
t88,-0.95901287
t161,-0.22932398
t111,-0.9429595
t173,-0.6874715
t33,-0.14746632
t28,-0.05014077
t118,-0.7560455
t86,1.0590663
t21,0.07425603
t179,-0.80536085
t162,-1.1289321
t164,-1.0897934
t184,-1.041582
t152,0.16855402
t119,-0.35958
t14,0.094128825
t121,-0.32635114
t187,-0.5527382
t141,-0.48674473
t64,-0.22346306
t72,-0.20503607
t45,-0.22346306
