accepted_species,0,1
t66,0.8843996910119625,0.11560030898803751
t72,0.8935011778944888,0.10649882210551115
t22,0.48199621602463805,0.518003783975362
t57,0.4797966036981788,0.5202033963018212
t7,0.8811078319951535,0.11889216800484649
t75,0.8772607554922056,0.1227392445077944
t16,0.8815848624881502,0.1184151375118499
t10,0.5657102168472548,0.4342897831527452
t86,0.5653535596086892,0.43464644039131084
t18,0.5750367400413454,0.4249632599586545
