accepted_species,0,1
t66,0.94620216,0.053797826
t72,0.8171976,0.1828024
t22,0.8828483,0.117151685
t57,0.14595723,0.85404277
t7,0.8828483,0.117151685
t75,0.91669047,0.083309546
t16,0.91669047,0.083309546
t10,0.55543673,0.4445633
t86,0.3818159,0.6181841
t18,0.3816501,0.6183499
