accepted_species,0,1
t28,0.9658871103304556,0.03411288966954443
t46,0.9662699847790491,0.03373001522095085
t58,0.9661952229613289,0.033804777038671095
t84,0.966229336159987,0.033770663840013045
t88,0.9652158803424293,0.03478411965757069
t91,0.9645663763754523,0.03543362362454773
t93,0.9652190772586705,0.03478092274132952
t98,0.9663350037012362,0.033664996298763794
t103,0.9664251234009208,0.03357487659907921
t104,0.9652555322585007,0.034744467741499294
