accepted_species,0
t38,-0.03190493342509231
t18,-0.03190493342509231
t93,-0.606975759647964
t87,-0.7082190210350501
t73,-0.03190493342509231
t83,-0.03190493342509231
t84,-0.03190493342509231
t43,-0.03190493342509231
t52,-0.03190493342509231
t2,-0.03190493342509231
