accepted_species,0,1
t11,0.5724238,0.42757615
t14,0.5724238,0.42757615
t16,0.5501437,0.44985625
t64,0.22915941,0.7708406
t68,0.5503258,0.4496742
t72,0.20052922,0.7994708
t76,0.4010707,0.5989293
t77,0.4010707,0.5989293
t99,0.35517502,0.644825
t101,0.37321126,0.62678874
t113,0.71919376,0.28080624
t136,0.8903348,0.10966519
t150,0.7113479,0.28865212
t153,0.30227542,0.6977246
t155,0.28127593,0.7187241
t169,0.87690955,0.12309046
t170,0.28127593,0.7187241
