accepted_species,0,1
t40,0.018789376799668633,0.9812106232003314
t96,0.04448863284204341,0.9555113671579566
t58,0.8939217588552074,0.10607824114479261
t17,0.0777832030823552,0.9222167969176448
t93,0.3277460899109538,0.6722539100890462
t11,0.04750819075381818,0.9524918092461818
t54,0.05073326886105323,0.9492667311389468
t67,0.05057177212296937,0.9494282278770306
t53,0.050746434507353055,0.949253565492647
t85,0.0647495153611729,0.9352504846388271
