accepted_species,0,1
t40,0.28317654,0.71682346
t96,0.14224476,0.85775524
t58,0.7516984,0.24830163
t17,0.60785735,0.39214265
t93,0.59750116,0.40249887
t11,0.3072214,0.6927786
t54,0.57757056,0.42242944
t67,0.57757056,0.42242944
t53,0.57757056,0.42242944
t85,0.43035692,0.5696431
