accepted_species,estimate
t96,0.6415329998277298
t58,0.5393684359880507
t48,0.9158041406542737
t64,0.999562550228534
t61,-0.19166104253922883
t82,0.0924922783305125
t85,0.018750716904390854
t45,-1.0385139137839676
t71,-0.9297043102166124
t99,-1.106443117973301
