accepted_species,0,1
t41,0.0004987335497319556,0.999501266450268
t4,0.8378751855842612,0.16212481441573884
t112,7.463660800510752e-10,0.9999999992536339
t185,5.675238057278875e-12,0.9999999999943248
t54,0.00012872323328183555,0.9998712767667182
t55,0.0003536032808986178,0.9996463967191014
t142,2.903957493582965e-06,0.9999970960425064
t187,4.669016429037498e-07,0.9999995330983571
t28,0.003939916868533566,0.9960600831314664
t222,4.296329106368013e-05,0.9999570367089363
t223,3.7753519873451324e-05,0.9999622464801265
t245,0.0004241469848684787,0.9995758530151315
t262,0.00038073748740430347,0.9996192625125957
t90,0.0007949400961974051,0.9992050599038026
t241,0.00033051591205091047,0.9996694840879491
t149,6.129761834350322e-05,0.9999387023816565
t175,4.686578727652879e-05,0.9999531342127235
t141,0.00016640785112342904,0.9998335921488766
t150,9.589562732292833e-05,0.9999041043726771
t173,8.29738113694578e-05,0.9999170261886305
t230,6.81041349759326e-07,0.9999993189586502
t164,1.2965839513157107e-09,0.999999998703416
t152,1.8738424145681165e-09,0.9999999981261576
t48,6.256002732074606e-06,0.9999937439972679
t236,1.669794810421621e-06,0.9999983302051896
t212,1.2941074656325213e-08,0.9999999870589253
t183,2.17802280655377e-08,0.9999999782197719
t104,9.877924063816934e-06,0.9999901220759362
