"accepted_species","0","1"
"t56",0.293448057248658,0.706551942751342
"t39",0.831914309485274,0.168085690514726
"t81",0.0229504723467174,0.977049527653283
"t44",0.421682102600961,0.578317897399039
"t46",0.893879594368435,0.106120405631565
"t27",0.833604014475285,0.166395985524714
"t63",0.0557679298204551,0.944232070179545
"t97",0.013749436390149,0.986250563609851
"t34",0.149472827787898,0.850527172212102
"t4",0.437411995691035,0.562588004308965
