accepted_species,0,1
t56,0.037510514,0.9624895
t39,0.056706607,0.9432934
t81,0.2605493,0.7394507
t44,0.05562353,0.94437647
t46,0.8216391,0.1783609
t27,0.7949734,0.20502661
t63,0.008204877,0.9917951
t97,0.99862397,0.0013760469
t34,0.9021671,0.097832926
t4,0.88291657,0.11708345
