accepted_species,0,1
t41,0.5818345,0.4181655
t32,0.56855524,0.43144476
t76,0.66772807,0.33227193
t87,0.53707147,0.46292856
t6,0.666134,0.33386603
t94,0.6330414,0.36695865
t72,0.60302496,0.39697504
t107,0.60302496,0.39697504
t98,0.60302496,0.39697504
t18,0.6415446,0.35845545
t23,0.5370459,0.4629541
t15,0.772143,0.227857
t51,0.32455063,0.6754494
