accepted_species,0,1
t8,0.9625140529466928,0.037485947053307184
t67,0.4613765061894003,0.5386234938105997
t10,0.508880061232647,0.49111993876735305
t41,0.6689119960861695,0.33108800391383053
t68,0.692846500742675,0.3071534992573251
t72,0.013877107796239851,0.9861228922037601
t5,0.9973060955601757,0.002693904439824355
t76,0.8964228960657583,0.1035771039342417
t33,0.8740370804282813,0.12596291957171868
t39,0.92098241096249,0.07901758903750995
