accepted_species,0,1
Asperula_conferta,0.36586195,0.63413805
Galium_aparine,0.11378491,0.8862151
Galium_bifolium,0.24827588,0.7517241
Galium_parisiense,0.070751965,0.92924803
Galium_spurium,0.24827588,0.7517241
Galium_texense,0.36586195,0.63413805
Galium_tinctorium,0.49697345,0.50302655
Sherardia_arvensis,0.9674373,0.032562688
Galium_pumilum,0.17647624,0.82352376
Galium_setaceum,0.27747744,0.72252256
