accepted_species,0,1
t22,0.5965627139963177,0.40343728600368234
t42,0.8487638051515487,0.15123619484845127
t55,0.6260397383587504,0.3739602616412497
t63,0.6260397383587504,0.3739602616412497
t76,0.8897986180669154,0.11020138193308461
t79,0.9008875744804433,0.09911242551955671
t93,0.8958399305810141,0.10416006941898596
t94,0.431367779036956,0.568632220963044
t96,0.895839930581014,0.104160069418986
t114,0.5719756587835435,0.4280243412164565
