"accepted_species","0","1"
"t121",0.503445962573158,0.496554037426842
"t157",0.591993839526012,0.408006160473988
"t165",0.528732901787239,0.471267098212761
"t172",0.528732901787239,0.471267098212761
"t174",0.675916054465417,0.324083945534583
"t177",0.76741385283899,0.23258614716101
"t185",0.528732901788918,0.471267098211082
"t186",0.528732901788918,0.471267098211082
"t187",0.913054994916271,0.0869450050837294
"t197",0.975989477313718,0.0240105226862822
