accepted_species,estimate
t37,0.11571944785416134
t14,0.11702429421471376
t56,-0.06599632499432787
t57,-0.06599632499432787
t46,-0.16243333233464877
t47,-0.16243333233464877
t80,-0.1670640366546077
t81,-0.1670640366546077
t40,-0.1670640366546077
t91,-0.34856797790485544
t112,-0.3555119627955674
t15,1.2851397949316445
t95,1.7634916594279249
