accepted_species,0,1
Cynanchum_laeve,0.4622143,0.5377857
Apocynum_androsaemifolium,0.5175607,0.48243928
Asclepias_lanuginosa,0.09703529,0.9029647
Asclepias_viridis,0.09703529,0.9029647
Gentiana_nivalis,0.31951612,0.6804839
Gentiana_sino-ornata,0.48914278,0.5108572
Gentianella_amarella,0.9291834,0.07081656
Phyllangium_divergens,0.6935295,0.30647048
Cynanchum_viminale,0.14296395,0.85703605
Gentiana_acaulis,0.31951612,0.6804839
