accepted_species,estimate
t68,-1.599800844143091
t78,-0.7657407022102043
t34,0.7017887395146416
t46,0.2751348199182871
t87,0.04192983420617525
t54,-0.5482639720296719
t66,-0.5686140621902428
t52,-0.6201223252733581
t83,-0.6535451847571825
t13,-0.4945583510237645
