accepted_species,0,1
t6,0.9324066088919287,0.06759339110807125
t37,0.995437037898667,0.00456296210133302
t42,0.9976837060541075,0.002316293945892454
t25,0.9788613494852901,0.021138650514709895
t26,0.9788613494852901,0.021138650514709895
t13,0.9928447288522249,0.007155271147775093
t5,0.9950168728237929,0.004983127176207135
t72,0.9999660440173485,3.3955982651531775e-05
t30,0.9985684918496964,0.0014315081503035358
t16,0.9970017010957913,0.0029982989042087065
