"","turnover.rates","eps.values","transition.rates"
"1",1.17548066284508,4.90777562769599,NA
"2",1.30399691849016,0.546230150519849,0.194721608189866
"3",1.17548066284508,4.90777562769599,0.741477855015546
"4",1.30399691849016,0.546230150519849,NA
