"accepted_species","estimate"
"t19",0.0398604065917174
"t76",0.0512146087123823
"t68",-0.222632632205846
"t59",0.0395986093815729
"t56",0.0480113438174584
"t75",-0.200335356153214
"t60",-0.762034611288321
"t62",-0.839758988561449
"t30",-0.326729528681774
"t3",0.0208215135043072
