accepted_species,estimate
t19,0.35836288
t76,0.015593681
t68,-0.06471225
t59,0.19413292
t56,-0.21729562
t75,-0.3617984
t60,-1.1261125
t62,-1.5877209
t30,-1.5877209
t3,1.3252516
