"accepted_species","estimate"
"t17",-0.706718371425797
"t2",-0.00322011562986395
"t26",-0.631913671492965
"t63",-0.581425081892516
"t41",-0.356711309897863
"t9",0.0745225199751998
"t10",1.92085177412865
"t15",-0.250770065072851
"t40",-0.589460912356787
"t36",-1.29870311425963
