"accepted_species","estimate"
"t52",0.609127013790768
"t139",1.20967329549832
"t114",1.05454224430947
"t100",1.85924143028854
"t144",1.17180733537888
"t128",0.0385676609497753
"t14",0.353162844618487
"t85",0.0669435158818326
"t135",-0.817339103111171
"t94",-0.671589564199463
"t59",-0.130511132475458
"t49",-1.0354847825211
"t27",-1.59380972155659
"t61",-1.8654268692674
"t65",-1.51656213431636
