accepted_species,estimate
t52,1.3171632
t139,1.2074871
t114,0.96970135
t100,1.5692877
t144,1.2544283
t128,0.101773165
t14,0.8324315
t85,0.056812443
t135,-0.74652857
t94,-0.6889612
t59,0.035229642
t49,-1.2208836
t27,-1.3251457
t61,-1.5917535
t65,-1.6516286
