accepted_species,estimate
t95,-1.2012156
t52,-1.076571
t43,1.2291361
t99,0.6990327
t100,0.6990327
t63,0.6990327
t6,-0.004969045
t65,-0.9558724
t15,-0.2137465
t4,0.48228368
