accepted_species,0,1
t8,0.14130342,0.8586966
t17,0.1505866,0.8494134
t43,0.2741415,0.7258585
t68,0.2124967,0.7875033
t72,0.2519201,0.7480799
t73,0.24071449,0.7592855
t74,0.2124967,0.7875033
t78,0.2741415,0.7258585
t86,0.2741415,0.7258585
t87,0.2741415,0.7258585
t97,0.2519201,0.7480799
t114,0.2124967,0.7875033
