"","turnover.rates","eps.values","transition.rates"
"1",0.779704962158576,0.113773202442989,NA
"2",0.763569111237302,0.205546137941147,0.278887501917779
"3",0.779704962158576,0.113773202442989,0.57179120904766
"4",0.763569111237302,0.205546137941147,NA
