accepted_species,0,1
Ceropegia_lancasteri,0.93848366,0.061516322
Pentacyphus_camargoi,0.93848366,0.061516322
Dischidia_hirsuta,0.93848366,0.061516322
Oxypetalum_boudetii,0.93848366,0.061516322
Hoya_cordata,0.93848366,0.061516322
Hoya_globulifera,0.93848366,0.061516322
Hoya_parvapollinia,0.93848366,0.061516322
Jobinia_hatschbachii,0.93848366,0.061516322
Dischidia_cylindrica,0.9344938,0.06550625
Dischidia_superba,0.93848366,0.061516322
