accepted_species,0,1
t60,0.37704337,0.62295663
t14,0.3796162,0.6203838
t61,0.4441393,0.5558607
t9,0.6265336,0.3734664
t89,0.6617694,0.33823058
t43,0.98397505,0.016024958
t56,0.9884483,0.0115516735
t13,0.9938205,0.006179511
t51,0.22415978,0.7758402
t91,0.39379054,0.60620946
