accepted_species,0,1
t60,0.6133899,0.3866101
t14,0.07851994,0.92148006
t61,0.619856,0.38014397
t9,0.80122304,0.19877695
t89,0.929779,0.07022101
t43,0.9297408,0.0702592
t56,0.9618039,0.038196087
t13,0.97322834,0.02677164
t51,0.17631966,0.82368034
t91,0.7129575,0.28704253
