accepted_species,estimate
t22,-0.9799862898647447
t63,-1.0101110264568391
t44,0.7602103687270281
t52,0.345838383175398
t47,0.3459489127172868
t97,0.34619047131885416
t84,-0.3962986322757107
t38,0.031929587435757106
t72,0.04759918757836888
t4,0.03724565518944172
