accepted_species,0,1
t258,0.5257067321552827,0.47429326784471726
t152,0.5256011238716689,0.4743988761283311
t58,0.5260495736450881,0.47395042635491197
t121,0.5245435620679418,0.47545643793205816
t149,0.5240715963070113,0.4759284036929887
t150,0.523672228505514,0.476327771494486
t204,0.5237728771543086,0.47622712284569135
t126,0.5243682874151432,0.4756317125848568
t219,0.5220054014328177,0.47799459856718224
t193,0.5220217182661933,0.47797828173380674
t217,0.522057070260117,0.4779429297398829
t138,0.5223530224061892,0.4776469775938108
t188,0.5222604164947384,0.4777395835052616
t170,0.5224325743075378,0.4775674256924622
t141,0.5220432572321925,0.47795674276780753
t104,0.5261425303923633,0.4738574696076368
t200,0.526666082160991,0.47333391783900897
t184,0.5266843941567201,0.47331560584327986
t131,0.5262958225561432,0.47370417744385684
t67,0.5258159936755886,0.4741840063244113
t68,0.5256199793474645,0.47438002065253543
t52,0.5259458548371619,0.47405414516283806
t61,0.5263483279528651,0.4736516720471348
t128,0.5112363660601477,0.48876363393985234
t202,0.510947173686908,0.48905282631309194
t108,0.5113208067678133,0.48867919323218667
