accepted_species,0,1
t1,0.3411190291394023,0.6588809708605977
t3,0.2370704101927933,0.7629295898072067
t18,0.24872525756377029,0.7512747424362297
t31,0.4362846550180901,0.5637153449819099
t35,0.5352311673298324,0.4647688326701675
t51,0.36944076911265644,0.6305592308873436
t64,0.40848442639459037,0.5915155736054096
t76,0.3978214590844257,0.6021785409155743
t92,0.7610785313420405,0.23892146865795952
t94,0.5212686443322555,0.4787313556677445
t107,0.1758390662249647,0.8241609337750353
t121,0.5213459512615861,0.47865404873841394
t124,0.2262667286003327,0.7737332713996673
t138,0.395530481379607,0.604469518620393
