accepted_species,0,1
t1,0.43200000000000005,0.568
t3,0.43200000000000005,0.568
t18,0.43200000000000005,0.568
t31,0.43200000000000005,0.568
t35,0.43200000000000005,0.568
t51,0.43200000000000005,0.568
t64,0.43200000000000005,0.568
t76,0.43200000000000005,0.568
t92,0.43200000000000005,0.568
t94,0.43200000000000005,0.568
t107,0.43200000000000005,0.568
t121,0.43200000000000005,0.568
t124,0.43200000000000005,0.568
t138,0.0,1.0
