accepted_species,0,1
t99,0.0,1.0
t2,1.0,0.0
t72,0.0,1.0
t11,0.007751937984496138,0.9922480620155039
t17,0.007751937984496138,0.9922480620155039
t139,0.0,1.0
t75,0.0,1.0
t135,0.0,1.0
t57,0.0,1.0
t14,0.0,1.0
t24,0.0,1.0
t96,0.0,1.0
t123,0.0,1.0
t78,0.0,1.0
