accepted_species,0,1
Asclepias_lanuginosa,0.10711229,0.8928877
Asclepias_viridiflora,0.10711229,0.8928877
Gentiana_algida,0.44713938,0.5528606
Gentiana_nivalis,0.27127284,0.72872716
Sabatia_stellaris,0.8956333,0.104366735
Cruciata_laevipes,0.39280736,0.60719264
Galium_boreale,0.54250383,0.4574962
Galium_verum,0.67092466,0.32907534
Galium_pumilum,0.67092466,0.32907534
Mitracarpus_hirtus,0.72142553,0.27857444
