accepted_species,0,1
t85,0.018518929363034564,0.9814810706369654
t86,0.018063576168649953,0.98193642383135
t30,0.01808650562221903,0.981913494377781
t51,0.019513996901538877,0.9804860030984611
t97,0.017757638887161198,0.9822423611128388
t98,0.018482303288060775,0.9815176967119392
t70,0.019083639484021253,0.9809163605159787
t59,0.017467675573583752,0.9825323244264162
t45,0.018210144842794262,0.9817898551572057
t22,0.019047275474347813,0.9809527245256522
