"accepted_species","estimate"
"t33",1.20185559425475
"t25",-1.15533012169259
"t32",-1.2855615774594
"t42",-0.939246006973704
"t60",-1.14825366808587
"t13",0.833393871393638
"t27",0.819505901315737
"t84",1.23800286200545
"t99",1.07793529938016
"t52",1.07095751584206
