accepted_species,0,1
t4,0.986541119354143,0.013458880645856973
t5,0.9877248643394047,0.012275135660595309
t25,0.9999999503313322,4.966866783258976e-08
t36,0.9999999999995769,4.230705697815281e-13
t30,0.9999999999991456,8.543794133215916e-13
t73,0.9999999999991234,8.766623006474402e-13
t50,0.999999968729793,3.127020698453806e-08
t41,0.9999999999581841,4.181590024704649e-11
t26,0.9999999999555291,4.447085586076641e-11
t1,0.9943219602840754,0.005678039715924613
