accepted_species,0,1
Asclepias_ovalifolia,0.26558644,0.73441356
Asclepias_syriaca,0.19387805,0.80612195
Gentiana_algida,0.43466818,0.5653318
Phyllangium_divergens,0.8842741,0.11572585
Cruciata_laevipes,0.49127954,0.50872046
Galium_concinnum,0.41323918,0.5867608
Galium_porrigens,0.3568083,0.6431917
Cynanchum_boveanum,0.26367897,0.73632103
Vincetoxicum_hirundinaria,0.83503956,0.16496044
Richardia_stellaris,0.4184354,0.5815646
