accepted_species,0,1
t10,0.016470492,0.9835295
t7,0.009794414,0.9902056
t97,0.016549587,0.9834504
t98,0.016549587,0.9834504
t34,0.77240705,0.22759295
t12,0.027529895,0.9724701
t48,0.20090687,0.7990931
t39,0.0076385736,0.9923614
t51,0.002064705,0.9979353
t49,0.005310893,0.9946891
