accepted_species,0,1
t10,0.0007253289,0.9992747
t7,0.001016438,0.99898356
t97,0.021194935,0.97880507
t98,0.015190184,0.9848098
t34,0.13521856,0.86478144
t12,0.027585685,0.9724143
t48,0.6922996,0.30770037
t39,0.0026732683,0.99732673
t51,0.0026732683,0.99732673
t49,0.01595658,0.9840434
