accepted_species,0,1
t10,0.0048033595,0.99519664
t7,0.0048033595,0.99519664
t97,0.023038208,0.9769618
t98,0.023038208,0.9769618
t34,0.6407537,0.3592463
t12,0.025918007,0.974082
t48,0.07389939,0.9261006
t39,0.004928708,0.9950713
t51,0.004928708,0.9950713
t49,0.0023716092,0.9976284
