accepted_species,estimate
t84,-1.2477003471479435
t33,-1.2452752398421225
t23,-1.2392332735022056
t12,-1.2410256516728435
t45,-1.2429313904330446
t48,-1.2729569282999538
t6,-1.2309615252422421
t49,-1.2522672542467455
t58,-1.2531639330879312
t94,-1.2086242694731275
