accepted_species,0
t84,0.1080044527460461
t33,0.1080044527460461
t23,0.1080044527460461
t12,0.1080044527460461
t45,0.1080044527460461
t48,0.1080044527460461
t6,0.1080044527460461
t49,0.1080044527460461
t58,0.1080044527460461
t94,-0.9321798630670461
