accepted_species,estimate
t6,-0.28198484
t7,-0.57978016
t3,-0.6152397
t44,-0.29895377
t73,0.49183536
t54,-0.07213173
t45,-0.5259113
t46,-0.5259113
t40,-0.5259113
t26,-0.43175507
