accepted_species,0,1
Apocynum_androsaemifolium,0.5340247161958249,0.46597528380417513
Cynanchum_thesioides,0.4885255130254256,0.5114744869745744
Gentiana_aquatica,0.5063864172605668,0.4936135827394333
Gentiana_aristata,0.5407277570200812,0.4592722429799188
Gentiana_scabra,0.6196606894569601,0.3803393105430399
Gentiana_sino-ornata,0.45307810511922886,0.5469218948807711
Sebaea_ovata,0.9205825744500828,0.07941742554991711
Galium_sterneri,0.502788137095928,0.4972118629040721
Galium_tinctorium,0.5550762465559568,0.4449237534440432
Cynanchum_boveanum,0.5055985669472817,0.49440143305271833
