accepted_species,0,1
Apocynum_androsaemifolium,0.9024286,0.09757135
Cynanchum_thesioides,0.56442916,0.43557084
Gentiana_aquatica,0.45880383,0.54119617
Gentiana_aristata,0.37683636,0.62316364
Gentiana_scabra,0.348957,0.651043
Gentiana_sino-ornata,0.4001485,0.5998515
Sebaea_ovata,0.9024286,0.09757135
Galium_sterneri,0.5820677,0.41793227
Galium_tinctorium,0.60110044,0.39889959
Cynanchum_boveanum,0.5361067,0.46389326
