accepted_species,estimate
t29,-0.4268398846669876
t62,-0.5036674359580205
t63,-0.3280095754790881
t118,-0.4710856889315271
t78,-0.42190727929156163
t34,-0.37035061471988623
t47,-0.27028237377405956
t48,-0.2626835475173885
t36,-0.23861657143199205
t37,-0.33792947438834936
t24,-0.20091427059209027
t16,-0.023788836729917655
