accepted_species,estimate
t5,-1.253302290134918
t48,0.5501516387081745
t91,1.2086943494775704
t65,0.6167053629219585
t9,-0.332783950860861
t90,-0.42952750489896724
t52,-0.42381838266657146
t98,-0.7503818303437788
t88,-0.6589708079321129
t21,-1.1637701079378313
