accepted_species,estimate
t5,-0.8597225
t48,0.20033701
t91,1.2525474
t65,0.6787301
t9,-0.583879
t90,-0.07919763
t52,0.0186676
t98,-0.5403929
t88,-0.842963
t21,-1.376258
