accepted_species,estimate
t70,0.21572714933426915
t71,0.21572714933426915
t43,0.21446244994098562
t44,0.21446244994098562
t66,0.21680968770113113
t89,0.21680968770113113
t90,0.21680968770113113
t58,0.22317939522307023
t59,0.22317939522307026
t18,0.22317939522307026
