accepted_species,0,1
t5,0.15080744,0.84919256
t17,0.15080744,0.84919256
t23,0.366364,0.633636
t32,0.366364,0.633636
t44,0.771346,0.22865401
t66,0.9849452,0.015054807
t67,0.9849452,0.015054807
t68,0.95365363,0.04634636
t70,0.85671616,0.14328384
t86,0.9041753,0.09582472
t92,0.93385804,0.06614196
t102,0.42528194,0.57471806
t108,0.89813435,0.10186566
