accepted_species,0,1
t5,0.2631507,0.7368493
t17,0.059651434,0.94034857
t23,0.070314944,0.92968506
t32,0.070314944,0.92968506
t44,0.97877955,0.021220438
t66,0.957985,0.042015005
t67,0.957985,0.042015005
t68,0.99064314,0.009356885
t70,0.9806411,0.01935885
t86,0.9724745,0.027525492
t92,0.8641063,0.13589372
t102,0.86005336,0.13994665
t108,0.98088676,0.01911327
