accepted_species,estimate
t36,0.5206962013532086
t37,0.5206962013532092
t44,0.5319460647248274
t45,0.5305995755343597
t49,-1.289137453113824
t100,-1.3640723055451036
t95,-1.3635973054839354
t64,-0.23003249331739364
t34,-0.44578630789744966
t60,1.1875986096515878
