accepted_species,estimate
t36,0.66001195
t37,0.71249497
t44,1.2097679
t45,1.3435336
t49,-0.37130943
t100,-0.8811529
t95,-0.8864654
t64,-0.39057884
t34,-0.49452996
t60,1.3125423
