accepted_species,0,1
t97,0.38733023146823664,0.6126697685317634
t98,0.3873950232405806,0.6126049767594194
t116,0.38730828676073303,0.612691713239267
t136,0.3872060236343402,0.6127939763656598
t145,0.3871946115404289,0.6128053884595711
t155,0.3872132097160872,0.6127867902839128
t167,0.3872469071058503,0.6127530928941497
t171,0.387243220306664,0.612756779693336
t172,0.387243220306664,0.612756779693336
t175,0.3872511183220749,0.6127488816779251
