accepted_species,0,1
t97,0.19079125,0.80920875
t98,0.19385529,0.8061447
t116,0.19079125,0.80920875
t136,0.19385529,0.8061447
t145,0.19385529,0.8061447
t155,0.4367923,0.5632077
t167,0.4367923,0.5632077
t171,0.4367923,0.5632077
t172,0.4367923,0.5632077
t175,0.4367923,0.5632077
