accepted_species,estimate
t61,-1.1720490231722822
t30,-0.9895683096178648
t81,-1.1298977786420676
t48,-1.1087026298058384
t26,-0.5869095041041642
t31,-0.5754063681984026
t9,0.4136867740363802
t63,0.48571205076831003
t40,0.9874174813340891
t20,-0.8391075068581537
