accepted_species,0
t61,0.0401667710426135
t30,0.0401667710426135
t81,-1.07775930427808
t48,0.0401667710426135
t26,0.0401667710426135
t31,0.0401667710426135
t9,0.0401667710426135
t63,0.0401667710426135
t40,0.0401667710426135
t20,0.0401667710426135
