"accepted_species","estimate"
"t61",-1.39973502363049
"t30",-1.12329633671906
"t81",-1.07663254452018
"t48",-1.07086271499901
"t26",-0.624437694483138
"t31",-0.599656945832453
"t9",0.413863503938526
"t63",0.400779648882551
"t40",1.10738418399072
"t20",-0.600970024283583
