"accepted_species","estimate"
"t61",-1.39973396327107
"t30",-1.12329172506457
"t81",-1.07663238645245
"t48",-1.07086188739486
"t26",-0.624439836057036
"t31",-0.599658901647528
"t9",0.413858151418505
"t63",0.400778990666199
"t40",1.10737846819413
"t20",-0.600970072554412
