accepted_species,estimate
t61,-1.2869334
t30,-1.0965704
t81,-1.1106718
t48,-1.0295768
t26,-0.20214227
t31,-0.59656835
t9,0.44902205
t63,0.44076762
t40,0.9805768
t20,-0.5136392
