"accepted_species","0","1"
"t14",0.690725787290438,0.309274212709563
"t31",0.819620854581767,0.180379145418233
"t47",0.011488911479101,0.988511088520899
"t22",0.0242254306295913,0.975774569370409
"t23",0.0242254306295913,0.975774569370409
"t59",0.0063187510857063,0.993681248914294
"t90",0.00423267049322092,0.995767329506779
"t58",0.00616514650668348,0.993834853493317
"t74",0.934188917273837,0.0658110827261625
"t89",0.00486177949743456,0.995138220502565
