accepted_species,estimate
t69,0.80368763
t23,1.4694957
t19,1.5795698
t18,1.3197893
t57,1.3790144
t28,-0.6442218
t87,-0.9021646
t51,-0.95447177
t91,-0.80248874
t81,-1.0671984
