accepted_species,0,1
Eumachia_domatiicola,0.9008178570796889,0.09918214292031116
Cynanchum_areysianum,0.8992183043790585,0.10078169562094148
Orbea_decaisneana,0.8991282073520752,0.10087179264792474
Simira_podocarpa,0.9010633915929617,0.09893660840703829
Artia_brachycarpa,0.8991604168084367,0.10083958319156328
Solenandra_microcarpa,0.9010920536685478,0.09890794633145221
Polysphaeria_acuminata,0.9012138733806152,0.09878612661938478
Vincetoxicum_oblongum,0.8991501335939263,0.10084986640607368
Pentas_nervosa,0.9008048244577717,0.09919517554222836
Rudgea_marginata,0.9008116338606923,0.0991883661393077
