accepted_species,0,1
Eumachia_domatiicola,0.95278484,0.047215164
Cynanchum_areysianum,0.9860344,0.013965616
Orbea_decaisneana,0.973459,0.026541013
Simira_podocarpa,0.9837871,0.016212901
Artia_brachycarpa,0.8025465,0.1974535
Solenandra_microcarpa,0.9866553,0.013344728
Polysphaeria_acuminata,0.98114425,0.01885573
Vincetoxicum_oblongum,0.9922311,0.007768946
Pentas_nervosa,0.96977746,0.030222565
Rudgea_marginata,0.96478254,0.03521747
