accepted_species,0,1
Ceropegia_omissa,0.9068652,0.093134835
Matelea_atrocoronata,0.9068652,0.093134835
Oxypetalum_coeruleum,0.9068652,0.093134835
Dischidia_boholensis,0.9068652,0.093134835
Ditassa_auriflora,0.9068652,0.093134835
Metastelma_bahamense,0.9068652,0.093134835
Asclepias_pygmaea,0.9068652,0.093134835
Ceropegia_filicorona,0.9068652,0.093134835
Hoya_obovata,0.9068652,0.093134835
Hoya_gracilis,0.9068652,0.093134835
