accepted_species,estimate
t77,0.6818754445713481
t78,0.6818754445713481
t73,0.6818754445713481
t74,0.6818754445713481
t56,0.5450154589100366
t57,0.5450154589100366
t99,0.4005381489932728
t100,0.4005381489932728
t84,0.40053814899327284
t25,0.40053814899327284
