accepted_species,estimate
t77,1.2037271
t78,1.2037271
t73,1.2037271
t74,1.2037271
t56,0.99318177
t57,0.99318177
t99,1.2037271
t100,1.2037271
t84,1.2037271
t25,0.99318177
