accepted_species,0,1
Mandevilla_lanuginosa,0.9385107,0.061489284
Ophiorrhiza_danxiashanensis,0.91971755,0.08028243
Exallage_chrysotricha,0.93232435,0.067675665
Ditassa_insignis,0.9385107,0.061489284
Alleizettella_rubra,0.93232435,0.067675665
Ceropegia_brachyceras,0.9385107,0.061489284
Swertia_javanica,0.87051827,0.12948173
Ixora_aneityensis,0.9010036,0.0989964
Hedyotis_resupinata,0.90943545,0.09056453
Hoffmannia_cauliflora,0.9110451,0.08895493
