accepted_species,0,1
t20,0.7422988942375046,0.25770110576249544
t61,0.7999121598904233,0.20008784010957675
t62,0.7822954910733229,0.21770450892667717
t84,0.7923230755052364,0.20767692449476363
t87,0.7664769462844874,0.23352305371551269
t102,0.798680724141927,0.20131927585807294
t134,0.795660175724885,0.204339824275115
t135,0.7955142364651907,0.2044857635348093
t136,0.7728020275948175,0.2271979724051825
t137,0.7728414858757591,0.22715851412424087
