accepted_species,0,1
t20,0.8876928,0.11230719
t61,0.8876928,0.11230719
t62,0.8876928,0.11230719
t84,0.8876928,0.11230719
t87,0.8876928,0.11230719
t102,0.8876928,0.11230719
t134,0.8876928,0.11230719
t135,0.8876928,0.11230719
t136,0.8876928,0.11230719
t137,0.8811141,0.1188859
