accepted_species,estimate
t69,-1.7114051200390734
t93,-0.029145298789792738
t33,-0.2922019167562101
t47,-0.0008833103226234748
t53,-0.16891536086127582
t10,-0.03368039529398771
t35,0.6431658518761884
t36,0.6431658518761884
t65,2.112775401995887
t81,-0.6062930514802433
t16,0.8637036063214139
