accepted_species,0,1
t35,0.17917381010924982,0.8208261898907502
t20,0.397676003851657,0.602323996148343
t69,0.5465252390357906,0.45347476096420936
t53,0.5415907359087938,0.4584092640912062
t48,0.48311525417101053,0.5168847458289895
t21,0.21567428745600237,0.7843257125439976
t50,0.33454251555368486,0.6654574844463151
t81,0.325327017860951,0.674672982139049
t87,0.1901570993932571,0.8098429006067429
t89,0.18854924622882407,0.8114507537711759
