accepted_species,0,1
t3,0.5395197534717107,0.46048024652828934
t10,0.540019717883269,0.45998028211673103
t114,0.5535756097563271,0.44642439024367286
t121,0.5562881198387184,0.44371188016128155
t123,0.5536852624866451,0.4463147375133549
t33,0.5486229860354073,0.4513770139645928
t95,0.33850726590284697,0.661492734097153
t80,0.4611218951007343,0.5388781048992657
t155,0.5130915396166338,0.48690846038336616
t77,0.5204197446449974,0.4795802553550026
t144,0.5239527656262732,0.4760472343737267
t169,0.5260029777106157,0.47399702228938434
t170,0.5246061201021592,0.4753938798978407
t59,0.5132688874567416,0.4867311125432584
t74,0.44782584776724876,0.5521741522327512
t133,0.4847652634098437,0.5152347365901563
t137,0.4824134152601205,0.5175865847398795
t42,0.46921036070563593,0.5307896392943641
