accepted_species,estimate
t20,-0.4113144414274894
t84,-0.5437195932885815
t85,-0.38622526959241443
t48,-1.0106866296550598
t68,-0.7626063108847928
t69,-0.5822787314578891
t72,-0.5507500570438939
t73,-0.49240896761934155
t39,-0.7446976211967933
t8,-0.8118572518512078
