accepted_species,estimate
t20,0.4816123
t84,0.24884056
t85,0.24884056
t48,0.032316282
t68,0.07399941
t69,0.07399941
t72,0.07399941
t73,0.07399941
t39,0.07399941
t8,0.07882533
