accepted_species,0,1
t65,0.09329651032123754,0.9067034896787625
t94,0.07780505735502574,0.9221949426449743
t62,0.8379737400840033,0.16202625991599676
t73,0.3343369156429854,0.6656630843570146
t50,0.8066130406821723,0.19338695931782768
t78,0.2507244666978742,0.7492755333021258
t56,0.34515003247588893,0.6548499675241111
t33,0.0882603610900371,0.9117396389099629
t84,0.049787908292571514,0.9502120917074285
t40,0.9168813597552881,0.08311864024471188
