"accepted_species","0","1"
"t59","0.500888316599908","0.499111683400092"
"t72","0.501894314749079","0.498105685250921"
"t74","0.500000424480332","0.499999575519668"
"t88","0.546432980817953","0.453567019182047"
"t90","0.500000290777568","0.499999709222432"
"t104","0.540341958011361","0.459658041988639"
"t125","0.411331996103975","0.588668003896025"
"t150","0.485594707030627","0.514405292969373"
"t151","0.485594707030627","0.514405292969373"
"t179","0.919022561791384","0.0809774382086157"
