accepted_species,0,1
t24,0.3668828,0.6331172
t26,0.39570528,0.6042947
t36,0.5303042,0.46969584
t67,0.4965489,0.5034511
t70,0.60815483,0.39184517
t80,0.5093577,0.49064234
t91,0.70142215,0.29857785
t98,0.6641309,0.33586907
t101,0.44533455,0.55466545
t110,0.6892717,0.3107283
t123,0.59006464,0.40993533
t124,0.5645174,0.4354826
t127,0.48225468,0.5177453
t137,0.69786847,0.30213153
