accepted_species,0,1
t5,0.4177056,0.5822944
t17,0.87053376,0.12946625
t18,0.38402933,0.6159707
t20,0.74243355,0.25756648
t22,0.7392006,0.2607994
t37,0.768456,0.23154402
t49,0.6940507,0.30594927
t57,0.7367825,0.2632175
t60,0.58043015,0.41956988
t68,0.7779505,0.22204944
t76,0.9240078,0.075992234
t85,0.9328763,0.06712369
t103,0.79968834,0.20031165
t123,0.6588781,0.34112194
t126,0.8872351,0.1127649
t131,0.38696092,0.6130391
t133,0.79968834,0.20031165
