accepted_species,estimate
t85,0.6666352356384163
t91,0.6680645426364199
t76,0.571251869645143
t77,0.571251869645143
t66,0.571251869645143
t62,0.571251869645143
t31,0.4422189236709106
t32,0.4422189236709106
t9,0.4422189236709107
t79,0.09517036152389813
