accepted_species,0,1
t49,0.7444444444444445,0.25555555555555554
t53,0.7444444444444445,0.25555555555555554
t61,0.7444444444444445,0.25555555555555554
t82,0.7444444444444445,0.25555555555555554
t85,0.7444444444444445,0.25555555555555554
t118,0.7444444444444445,0.25555555555555554
t119,0.7444444444444445,0.25555555555555554
t128,0.7444444444444445,0.25555555555555554
t146,0.7444444444444445,0.25555555555555554
t159,1.0,0.0
