"","V_1","V_2","V_3","V_4","V_5","V_6","V_7","V_8","V_9","V_10","V_11","V_12","V_13","V_14","V_15","V_16","V_17","V_18","V_19","V_20","V_21","V_22","V_23","V_24","V_25","V_26","V_27","V_28","V_29","V_30","V_31","V_32","V_33","V_34","V_35","V_36","V_37","V_38","V_39","V_40","V_41","V_42","V_43","V_44","V_45","V_46","V_47","V_48","V_49","V_50","V_51","V_52","V_53","V_54","V_55","V_56","V_57","V_58","V_59","V_60","V_61","V_62","V_63","V_64","V_65","V_66","V_67","V_68","V_69","V_70","V_71","V_72","V_73","V_74","V_75","V_76","V_77","V_78","V_79","V_80","V_81","V_82","V_83","V_84","V_85","V_86","V_87","V_88","V_89","V_90","V_91","V_92","V_93","V_94","V_95","V_96","V_97","V_98","V_99","V_100","V_101","V_102","V_103","V_104","V_105","V_106","V_107","V_108","V_109","V_110","V_111","V_112","V_113","V_114","V_115","V_116","V_117","V_118","V_119","V_120","V_121","V_122","V_123","V_124","V_125","V_126","V_127","V_128","V_129","V_130","V_131","V_132","V_133"
"t1",-0.029887864956226,0.0105659959772497,-0.010456720717433,0.0345580092320976,-0.0022995748371757,0.0215942977413717,-0.0612884370393234,-0.00149896671565821,0.00650105856389856,-0.0443685153040738,0.025891403032069,-0.00714078027145371,0.0825257338716468,-0.13055825380651,0.0358886958720535,-0.424792776032815,0.00365605680129849,0.19875812443873,-0.123564027586061,0.212912383313907,-0.0667510862408958,0.00326514593612898,0.00463030224561025,0.359511159067902,-0.136370034199936,0.0114562443822894,-0.0868355204122059,0.032292009570356,-0.186937552889398,0.00129209092098865,-0.0174997435305237,0.0152396544488883,-0.0947708393602074,0.00754221673946155,-0.00270226566332097,7.68101141924995e-05,-0.0624147574270625,0.145345374593142,-0.00301531530198045,-0.000125960357291703,-0.014291480845287,0.199058468245339,-0.0197196071503002,-1.33599823960045e-15,-3.461636078601e-05,-0.0139740483295386,0.00692025787489899,-0.0151050074444483,0.000161660950528357,0.00015105335110807,0.00384930291910739,0.00014442210626664,-4.20604241024972e-05,-0.000884847182260784,0.000842839059211515,6.7595716963945e-05,1.24581722774652e-16,3.28644763703018e-05,0.000135348595392423,-0.00376943994379693,-3.94430038435678e-05,-0.000526088457543445,-0.000174178242456936,-0.000493231832548151,0.00314811473228707,8.01107419826281e-06,-0.00557366168343331,-0.000420446268058792,0.022743103684873,-3.18012152807713e-16,-0.000234755967519564,-4.78173427424566e-06,-5.69875460896179e-06,-0.000163238671669927,-1.42503564965075e-05,-1.41619623021563e-05,0.00476399762659491,-0.00338091141197961,-0.00094849908588395,-7.77085999368563e-05,0.00320963221361055,7.38970979380935e-16,0.00387875675331024,-1.18699349705155e-05,-0.000175339830599854,-0.000773681319856379,-5.58868574425787e-17,-0.000198046484579127,-0.000206164901889421,-8.83835826066558e-05,-9.16659527034855e-06,0.0450189305678204,6.26721095666458e-16,0.00016417768018944,2.94352503051237e-16,-1.81399009804242e-05,-1.23093303033795e-16,-0.00145396808538857,0.000216342202261418,1.31098167760784e-15,7.23372453587599e-06,2.80633249099472e-05,3.54774104789812e-05,6.22028215330879e-06,-0.000125792516108569,0.635270818049868,1.27249445861915e-05,3.7209932992407e-06,1.83596123457551e-16,2.73608931729516e-05,-0.00308390751684913,-9.38710613643969e-17,7.44855215537925e-05,-2.3625240798223e-05,-2.2261796086255e-16,-2.1083586945525e-15,0.000142623751273848,6.3143793865053e-17,4.18437239129806e-16,3.00218229313434e-16,-6.80969808167028e-05,4.04222203009955e-17,2.8194011835169e-05,9.82848372183076e-17,-1.33477691585739e-07,3.24447831436865e-07,-2.48573372200798e-17,1.86704331950695e-16,5.75591971529025e-17,1.23995216870323e-16,4.01723883035572e-17,-3.49992252932988e-17,6.26562538365451e-17
"t2",-0.0296484906472331,0.0104413863197155,-0.010245009507972,0.0337048921125996,-0.00222544636520558,0.0208313416055363,-0.0582353026493828,-0.00142116079138962,0.00614807661088781,-0.0414725707074525,0.0235981311374546,-0.00640907386567048,0.0738893139114273,-0.116593831805658,0.032030110297948,-0.372462491501448,0.00319022809552097,0.173290751600327,-0.107122601252225,0.183589780875224,-0.0563199137417368,0.00274664316929724,0.00386422888018475,0.291698294215136,-0.108545747592168,0.00910991930243886,-0.0689487178471736,0.0251903631004054,-0.144640656816265,0.000979619204110748,-0.0127527554184418,0.0110851890004068,-0.0676465501538931,0.00535787599794585,-0.00183855004988307,5.17444197209359e-05,-0.040442149545226,0.092629659952052,-0.00191266661559551,-7.96299273898217e-05,-0.00897411230418711,0.124058956371346,-0.012265947208127,-9.47995710733312e-16,-2.13130042862829e-05,-0.00849260519800962,0.00415404140047504,-0.00884522634844942,9.42492893949223e-05,8.76706926977795e-05,0.0020763270723011,7.78776221978587e-05,-2.25740319240821e-05,-0.000468355133463606,0.000440546363202451,3.43573341797209e-05,-5.67588173095198e-17,1.5393570717704e-05,6.00111561614414e-05,-0.00164633200871048,-1.68513649018338e-05,-0.000208405784119874,-6.83222925596807e-05,-0.00018796395881242,0.00117424132455097,2.85893825967205e-06,-0.00186555232712019,-0.000139412027326695,0.00709891811799252,4.42796636617973e-17,-5.28190770931978e-05,-9.21372605778397e-07,-1.05271208813069e-06,-2.07173302575517e-05,-1.80374103488521e-06,-1.73194904071921e-06,0.000417274315805424,-0.000222217079410162,-6.10705011269791e-05,-8.13376896620266e-07,-2.11953980899895e-05,-7.8390220852567e-16,-0.000294536771905027,1.08655928456151e-06,1.68390621228819e-05,9.36417616374488e-05,2.67508083847743e-17,3.17749303070944e-05,3.3768512570849e-05,1.8946479368383e-05,2.2000112254868e-06,-0.0119015562086937,-7.00946904559753e-17,-4.48205711644047e-05,-3.99994770936259e-16,6.50167014845043e-06,1.59649064324383e-16,0.000597348609595476,-0.000102381973346227,-1.68388959211056e-15,-4.86608032684188e-06,-2.08822216621977e-05,-2.69377649495147e-05,-5.30800150840294e-06,0.000145421072012099,-0.76973684809045,-1.74060935595791e-05,-5.55359419278654e-06,-9.55802976893934e-17,-4.57018620386775e-05,0.00555466487786061,2.44796018170168e-16,-0.000210878608649739,8.84972309240944e-05,2.70973644265212e-16,2.43251549585807e-15,-0.000656213305657788,-4.6922473481159e-17,-6.01191206868175e-16,-2.83023741115222e-16,0.000586565365752667,1.35146382809379e-16,-0.000285309900920749,8.31441431671886e-17,4.59220315936745e-06,3.11069063818736e-05,-2.47688276137784e-17,-2.42717918815824e-16,3.37273164392232e-17,-1.74486008411802e-16,1.19359890635734e-17,5.73632826793431e-17,-8.72799639319517e-17
"t7",-0.0577074083296354,-0.0322743203074541,-0.00357270329422926,0.0165569976427594,-0.00140971780404872,0.0143021242708559,-0.104666901032514,-0.0104478632982121,0.0105330304944307,-0.015472320741638,0.0316751894479844,-0.00461719827409244,0.0585129278232494,-0.120221429071281,0.0388155663887226,-0.224327711684213,0.00199308149806947,0.10882985826629,-0.0694007522504896,0.121912821288369,-0.040693585888309,0.00200869814328792,0.00293061290601569,-0.675447313558707,0.366455110613366,0.0594190529863592,-0.131280052195061,-0.190176473663281,-0.140493430565315,0.0908437897410363,-0.0172170804545966,0.107328876297275,-0.0642506667224615,0.00517544580303694,-0.00195338607617423,0.00023242377082171,-0.0468894743770861,0.110544065753851,-0.00230243145100779,-9.65245238888625e-05,-0.0177709048186103,0.152606962769298,-0.0151471550122913,-1.2459252534456e-15,-2.67835743494564e-05,-0.0108889117584865,0.00542253822068276,-0.0119267284928988,0.000127744519939624,0.00011943086691666,0.00290699112940841,0.000109004509743553,-3.1446879458625e-05,-0.000637531252239449,0.000577779531559088,3.70719296930635e-05,-8.49889000480395e-17,-0.000285558595867394,0.000472120892862747,-0.0119613223621341,-0.000117224458137286,-0.00162491770023796,-0.000549628072710615,-0.00954528067969011,0.0113973665320334,3.49282108474432e-05,-0.0361068182635505,-0.00294323912345366,0.342246554675771,-1.77989825844604e-15,-0.00320033284986757,8.10448725486473e-06,8.79063572999935e-06,0.000138739449108805,-0.000221287017832415,1.15053277838107e-05,-0.00262693067777702,-0.000694411195136321,-0.0261706051911604,-2.00072083024047e-05,0.150936843009972,8.90183658941957e-16,-0.00187485089026058,5.07398868084435e-06,7.25739904969742e-05,0.000272290892651849,4.97395149935036e-16,0.00194445363884454,0.00193117263677117,0.000391888443822834,1.67469693521445e-06,-0.00692750044985891,-3.6316267174299e-16,-2.32431043682001e-05,1.80458223252796e-16,2.76118996614587e-06,1.79050405973644e-17,0.000165219881065587,-0.000493957735751713,1.45598052393021e-16,-5.31221751330415e-06,-7.47350921841162e-07,-1.61155658382983e-05,-9.40832878147482e-08,1.3011591473409e-06,-0.00011857645363221,-3.34546453796735e-09,-7.89153022740875e-09,3.28536227928729e-17,-2.81414651226753e-06,3.57647025128478e-05,3.46185556934791e-17,-5.17929337200907e-06,3.21066326452035e-06,2.53248836505279e-16,-2.33013361832705e-16,-0.000344872592278029,-9.11445028295058e-17,-1.35428176951774e-16,1.51373925759623e-16,0.000414710763979451,7.87048193416654e-17,-1.88932175440574e-05,-6.8069518694266e-17,3.77208305641687e-07,2.9795600867901e-05,8.64149766157294e-18,1.13323858438356e-16,6.32672757865598e-17,4.21358206110143e-17,-2.95117621380221e-18,2.75431413235017e-17,-9.59697631944306e-17
"t8",-0.0563349331992087,-0.0311421898659979,-0.00335676551763263,0.0153344667085689,-0.00127335013943485,0.0127837187326347,-0.0888998182392319,-0.0088064392043251,0.00880022484134555,-0.0123976643095584,0.0230447470048723,-0.00315272239860367,0.0395400119863327,-0.0803383465968631,0.0258684475075387,-0.137984743336396,0.00119813559371281,0.0651633645716732,-0.0404189899779153,0.0691065077621595,-0.0205228091082011,0.000995742827921714,0.00138615027529625,-0.265223813277707,0.123967726245433,0.0199376494905971,-0.0435000796520961,-0.0535174505928086,-0.0363116540504595,0.0183066374439935,-0.00157654028955847,0.00927908032756865,-0.00221674734608482,0.000110663341494942,0.000187788086970608,-2.8559700470577e-05,0.010647109601172,-0.0299608257757446,0.000652641519198594,2.82192832771695e-05,0.00551099030971388,-0.0503413487208066,0.00507394481075841,1.87332420650863e-16,9.68839282574998e-06,0.0043076224195281,-0.00231903904335868,0.00586168242463059,-6.42256569533617e-05,-6.14158815106719e-05,-0.00203076520740412,-7.62321272324577e-05,2.23587026874274e-05,0.000475109446131567,-0.000448393348692003,-3.12902766693456e-05,1.36171940036468e-16,0.000296343974102376,-0.000549414219629772,0.0143256814336204,0.000146170697223302,0.00229360787913054,0.000787351843425405,0.0142546575931944,-0.0175284700642784,-5.686548864692e-05,0.0633602044511902,0.00521822420746084,-0.6459494865804,2.87173372864775e-15,0.00779359119636622,-2.15117326336762e-05,-2.38199305583785e-05,-0.000434282389054025,0.000693240622613181,-3.64170892640098e-05,0.00902564725761345,0.00250901424972773,0.094847717423578,8.17726489889428e-05,-0.640210621778384,-4.26801939324477e-15,0.00920908245789585,-2.57407741495734e-05,-0.000371601024226881,-0.00146741096318332,-2.16162748217414e-15,-0.0113482723314428,-0.0113468903468414,-0.00254693127520151,-1.14503029628796e-05,0.0496953400345666,2.16132678708009e-15,0.000169594074670241,-5.91128905478947e-16,-2.38293727669487e-05,-3.29947530332992e-16,-0.0015813254774161,0.00535492455378912,1.1308673487468e-16,8.77155364732897e-05,1.45573460104012e-05,0.000325609427766046,2.42063361512397e-06,-0.000108826520914207,0.0149426569239,-1.5198085708311e-06,-8.52645796635086e-07,-1.13134612965861e-16,-0.00015600465767767,0.00150871270971102,-3.38399796601006e-16,-9.65060708569594e-05,4.67675110360911e-05,-4.19332197510481e-16,4.58982303878469e-16,-0.00442221636140552,2.74438371690169e-16,5.19433088968736e-16,-1.21910669398039e-16,0.00419290981633312,1.54582160317538e-16,-0.000183864680398773,5.86282384090531e-16,3.16373016220847e-06,0.000230473348553342,-3.13435431873869e-17,-2.77339454190791e-17,8.13121676342874e-17,-1.04998185799839e-16,5.92662274256483e-17,1.3738437869064e-17,5.36031680114421e-17
"t9",-0.0734043110072426,-0.0576322565719513,0.00102156115913316,0.00359429647501863,-0.000644432060070839,0.00729326914565154,-0.0873159139393585,-0.0103003011235624,0.00763472143663282,-0.000330893161705592,0.023311125881396,-0.0016529292853349,0.0224797137591467,-0.0541554213373056,0.0188002976174216,-0.0547593585259055,0.000493149962028254,0.0269377390321955,-0.0170643750334547,0.029490718769601,-0.00876208625681324,0.000423793015679397,0.000583732552376499,-0.109302561391361,0.00327689922108249,0.00184402658040659,-0.00640575816652024,0.023237760291493,-0.00323980441549598,-0.0252084721785827,0.00350258927420716,-0.0512147076312862,0.00628604079159682,-0.000578063706740302,0.000411710937366254,-0.000174803280006965,0.014768140784342,-0.0387737061349663,0.000832133253425885,3.56856754286305e-05,0.0125301297435956,-0.059933251114553,0.00602101169365463,5.31406976212787e-16,1.12578566914771e-05,0.00487908187197945,-0.00257127595882585,0.00627572981295446,-6.83971439933575e-05,-6.50670717559662e-05,-0.00202725846474499,-7.6086990116619e-05,2.22574186426852e-05,0.0004695726343306,-0.000440598438914869,-3.04119715882981e-05,3.85600611995644e-16,0.00028221034759712,-0.000519513869745255,0.0135289131341606,0.000137848070679705,0.00216108632907997,0.000742241897120715,0.0190889227245233,-0.016486656863378,-5.37025621682939e-05,0.060186358190868,0.00496172817801485,-0.618636956973983,4.19992278155846e-15,0.00365110086490599,-2.28752586571664e-05,-2.56662858353852e-05,-0.000545280448733273,-9.6123593245104e-05,-4.6600858516309e-05,0.01468935449501,-0.0136243643261859,-0.0436138901744959,-0.000411374505649205,0.738654369869533,5.64544815335462e-15,0.00201868962602177,-7.47505331433807e-06,-0.000114179741646729,-0.000558020553219606,3.52589347376089e-15,0.032172395012161,0.0326831765467871,0.00918235589320206,-6.22858041403186e-06,0.0277624297703182,-6.75255250489823e-16,9.55307602128341e-05,8.5385229259252e-17,-1.42185237818148e-05,6.11535551685496e-16,-0.000960509904769541,-0.0682353966096341,-4.95577265004828e-16,-0.00738524279776249,9.68221180786195e-06,0.0388328262357016,1.61791582858716e-06,-0.00155882559771594,0.0101844808552517,-1.04122859981514e-06,-5.86100011010818e-07,-4.04823531805734e-18,-0.00145054085699317,0.00104353717969303,5.41169658464558e-16,-6.75871571001832e-05,3.31331778793703e-05,1.28096664502683e-16,2.43286197109225e-15,-0.0254703079238633,1.8417489044776e-15,-2.318745539235e-16,-5.98913297235421e-18,0.0131619510945362,1.44509248316335e-16,-0.000127049128070398,-9.55872081121033e-17,2.2202181534563e-06,0.00105139970720578,-1.25746820716271e-16,1.43154535650042e-17,-8.37347564737272e-18,9.88741144050791e-17,4.96741191511713e-17,-9.16983559625512e-17,-3.57312345553635e-17
"t27",-0.101392700116174,-0.101610165394815,0.00862604176715154,-0.0176066514306096,0.000626996275397869,-0.00469183796668576,0.00357493321162372,-0.000129332059830947,-0.00875749488462652,-6.07187500130946e-05,0.0587653260352823,-0.000442828136132745,0.00670925731004053,-0.0176687211794625,0.00625041343648651,-0.0260493616020921,0.000252202561359327,0.0139416222980619,-0.00956315093098036,0.0177816458572129,-0.00710094496874109,0.00035867455269298,0.000557605124557043,-0.193291380724758,-0.179296637671675,-0.0195100537376207,0.0248906022685722,0.241093330628654,0.00589691701357573,-0.226820741134567,0.0278801784937449,-0.58165618957609,-0.0301323711359179,0.00214006364359777,-0.00056060673176531,-0.0382780587249092,-0.0128363701966048,0.031523567283291,-0.000683400732082199,-3.04558275576019e-05,-0.0960551972320344,0.0311897631295122,-0.0032594126847628,-1.71872020186753e-16,-6.33507867827631e-06,-0.00265911040618676,0.00134165201335043,-0.00299059528746816,3.20850809149372e-05,3.00445815255982e-05,0.00074591472708552,2.79719263563954e-05,-8.07878920664617e-06,-0.000164325742202431,0.000149366861204663,9.6466563812903e-06,-6.47742396778739e-17,-7.57272276109368e-05,0.000126822106462116,-0.00322467954957089,-3.17739811408488e-05,-0.000450679729725745,-0.000153267654716704,-0.0114939984484361,0.00311832787033987,9.76710261464149e-06,-0.0102748175688372,-0.000839538560230924,0.0991041673746522,-1.08113019668945e-15,0.00176658783423672,2.68793246945829e-06,2.95882546928094e-06,5.49291283004698e-05,0.000225656180285497,4.64115001400178e-06,-0.00135240740061469,0.00119473572328164,0.00381322194283338,3.19789517894422e-05,-0.0553655419074365,-5.50144126176549e-16,-0.000131305904329195,4.72342823305139e-07,7.15826860210451e-06,3.37463573311167e-05,1.86538894510553e-16,0.00856619427907986,0.00886894440332789,0.00314690410586945,2.66294645777689e-07,-0.00113558572633936,2.38880312568942e-16,-3.84295028427138e-06,-2.85456495501723e-16,4.89743959561499e-07,-1.7742902049049e-16,3.2440514374334e-05,-0.0412539029093629,-2.33433129379668e-16,-0.00559850025408211,3.05749981294236e-08,0.0318007974225514,8.87720758919997e-09,-0.00168621426119164,0.000254731069198211,-3.45790445899155e-08,-2.33206488869771e-08,-6.00486368256412e-16,-0.00209739827334869,5.91510963075898e-05,-3.0365551927032e-16,-9.34906646884293e-06,1.1579900529467e-05,-2.48302183764013e-15,4.68751165157778e-14,-0.645899009165116,4.52245818030844e-14,3.27672228883806e-15,-3.01394436100533e-15,-0.00170230653293943,4.29443227713411e-16,1.32274108397672e-05,8.49714984092278e-16,-1.03566091968953e-07,-0.000441765548414397,-4.35816053949226e-16,-1.26685449445669e-16,1.41499287332795e-16,-1.7318296217185e-17,2.98028725610854e-17,1.71880392597706e-16,-2.81294032108221e-16
"t28",-0.100892104436986,-0.10087174335701,0.00851851830709649,-0.0173391789863548,0.000614568217081037,-0.00458994027509131,0.00346562774999626,-0.00012521261137923,-0.00846578396495969,-5.82901963767923e-05,0.0555834610044185,-0.000415129221219645,0.0062807510237152,-0.0165156435131611,0.00584040851861737,-0.0240946613499861,0.000232637518968833,0.0128540495038071,-0.00878884311431229,0.0162921812492382,-0.00642731917483697,0.000324107376617128,0.000501654364451739,-0.171231768382197,-0.157197376532397,-0.0170964243324836,0.021794005767406,0.209115825525588,0.00509274096052603,-0.193812309565212,0.0233427878184767,-0.486536361730903,-0.024966042533086,0.00176890197628077,-0.000453628264352465,-0.0308253835294376,-0.0101472454868536,0.0247271073970599,-0.00053489004817016,-2.38002249016606e-05,-0.0748306049155668,0.0242141346869869,-0.00252818724355428,-7.79498749220629e-17,-4.89098152785707e-06,-0.00204091333441616,0.0010240404823754,-0.00225768810026653,2.41751236823799e-05,2.25932504684467e-05,0.000543678325660545,2.03854005207592e-05,-5.87618391680161e-06,-0.000118841959828436,0.000107470299408519,6.86309028085967e-06,-7.06010584230138e-17,-5.21969501026093e-05,8.56631398347631e-05,-0.00216637602028973,-2.11797393901794e-05,-0.000292738963462339,-9.92298782424064e-05,-0.00737159506692118,0.00198620045962434,6.13564506974886e-06,-0.0063314853998617,-0.000515919544213305,0.0598653567765088,-2.14549640679877e-16,0.000985163540245087,1.45325258530749e-06,1.58736555625162e-06,2.78141318630944e-05,0.000114224503106511,2.33900985135585e-06,-0.000657357642302079,0.000567314985245454,0.00180807419362557,1.42848167859763e-05,-0.0242532869234496,-6.01209426833131e-17,-5.29508779680866e-05,1.86809530201242e-07,2.81506484452781e-06,1.28530922619043e-05,1.02471960281318e-16,0.00309635913970774,0.00319120737064473,0.00105462544218061,8.59345693441823e-08,-0.000353109868267486,-6.89777394066959e-17,-1.17900656377202e-06,-2.77758395971041e-17,1.30303495585102e-07,-9.82846011909678e-17,7.83049279231662e-06,-0.0087582999764871,-3.64945970866925e-16,-0.00068035726325956,2.74559696329056e-09,0.00264282301549701,3.73226498277824e-10,0.000144429983359878,-2.76145933198468e-05,5.91873316270264e-09,5.13224244837713e-09,1.07669832593908e-15,0.000604330086377894,-1.99315664278343e-05,4.70937778505371e-16,6.43239594345941e-06,-1.10873895127116e-05,2.75012091287444e-15,-5.5299091148222e-14,0.76214236810786,-5.34426964046693e-14,-3.78513636633692e-15,3.81816391787106e-15,0.00333506131423986,-1.82790968384799e-16,-2.87505447979007e-05,-9.76240387273852e-16,3.7786873705089e-07,0.0024597150466852,3.83498849305835e-16,1.58811047589316e-16,-1.41713037117471e-16,-2.41980963327406e-17,9.70529539360843e-17,-1.63673002720289e-16,2.71778585718476e-16
"t111",-0.120437420351985,-0.13254102579791,0.0144261149658808,-0.0345674679028811,0.00174356257368252,-0.0156985483252934,0.129505747123574,0.01787733531724,0.234640524089494,0.000267250561666821,-0.251275128305745,-0.000332862020156411,0.00284646479003714,-0.00371157795704796,0.00106887235561697,0.00604524158827263,-6.52951557870764e-05,-0.00365750700053201,0.00267712938323127,-0.00515761875311671,0.00220051447554512,-0.000112178196056733,-0.000180087821700382,0.0875373411235686,0.231530863496538,0.028774406588828,-0.0472714592268992,0.162483858899321,0.00322539303554062,0.00235730447716533,6.33887549087563e-05,-0.00107848102926961,3.24374510929596e-05,-3.14835087877831e-06,5.87078388179384e-07,-7.22472939282472e-06,-5.51483665058965e-05,0.000261637986566067,-7.28877483177127e-06,-4.16489839248974e-07,-0.00513283398421261,-0.000224224101428042,1.22652284365189e-05,-2.14749437114916e-16,-1.79719165622425e-08,-1.58179056702016e-05,1.06048261777634e-05,-3.2890519791948e-05,3.68773528857213e-07,3.60143828472925e-07,1.42228286165963e-05,5.34117664525061e-07,-1.57570968202872e-07,-3.39946240178956e-06,3.24548301013875e-06,2.31018119872239e-07,-1.5290518779783e-16,-2.25582641215728e-06,4.21998013327849e-06,-0.000110221272074337,-1.12709819336407e-06,-1.78625118992989e-05,-6.15463807478783e-06,-0.000499974870600044,0.000132905655452521,4.37377092575171e-07,-0.000490605559199646,-4.0442141874463e-05,0.00503959358126693,-4.37153452751291e-16,0.00774964911493425,1.75691600808719e-07,1.98706447714342e-07,4.38505543453476e-06,6.39267272777264e-05,3.74828842466713e-07,-0.000121737832209862,0.000115898642217276,0.000371692194352244,3.89124173097337e-06,-0.00734401861984985,-1.68104619418633e-15,-2.91391997314337e-05,1.26194102279504e-07,2.03581720803988e-06,1.53726596066486e-05,1.0898759839644e-14,0.402368699041001,-0.236225451554703,-0.00077092556588493,-3.98070563209994e-08,0.000121776531283653,3.04427012582893e-15,3.70521878678779e-07,1.28024660933214e-15,-1.86349612050093e-08,-1.01783194815961e-16,-6.72791514334066e-07,0.000273733480354057,-1.69616471121782e-15,-0.00269510303412614,1.65068482309893e-09,0.00264878293697897,-4.28499386851983e-12,-0.121568540336782,-2.38330432493772e-05,5.70131694782808e-10,1.28355234506422e-10,-1.17702431819567e-16,-9.94310417999427e-06,2.24179217989898e-07,-1.60343105000044e-15,-6.90363008541841e-08,5.38499532340603e-08,-4.60914577657099e-16,-0.707106781186547,-0.000735708197819587,-7.82450278761236e-15,-4.63177872726596e-15,2.58940614485124e-15,2.55687395996796e-05,3.28959167699539e-16,-2.6479640559933e-07,-1.2056641608125e-14,5.90251098209617e-09,5.01379830126184e-05,8.65646339244332e-16,-1.20338273293175e-16,-1.25992135058414e-16,-3.51706489994937e-17,-1.86495541160901e-16,-2.19881213969482e-16,-7.68867187845734e-17
"t112",-0.120437420351985,-0.13254102579791,0.0144261149658808,-0.034567467902881,0.00174356257368229,-0.0156985483252934,0.129505747123574,0.0178773353172399,0.234640524089493,0.000267250561667043,-0.251275128305745,-0.000332862020156663,0.00284646479003678,-0.00371157795704832,0.00106887235561622,0.00604524158827263,-6.5295155787253e-05,-0.00365750700053188,0.0026771293832315,-0.00515761875311625,0.00220051447554486,-0.000112178196056612,-0.000180087821700571,0.0875373411235684,0.231530863496537,0.028774406588828,-0.0472714592268988,0.162483858899321,0.00322539303554098,0.00235730447716505,6.33887549085378e-05,-0.00107848102926907,3.24374510925901e-05,-3.14835087896707e-06,5.87078388441598e-07,-7.22472939262856e-06,-5.5148366505671e-05,0.000261637986565647,-7.28877483191428e-06,-4.16489839691355e-07,-0.00513283398421214,-0.000224224101427861,1.22652284364751e-05,7.41577135034603e-17,-1.79719164574514e-08,-1.58179056700306e-05,1.06048261782925e-05,-3.28905197917615e-05,3.68773528939713e-07,3.60143828596317e-07,1.42228286160934e-05,5.34117664547158e-07,-1.57570968410207e-07,-3.39946240119718e-06,3.24548301040655e-06,2.31018119941191e-07,-2.72574984164703e-17,-2.25582641194078e-06,4.21998013313251e-06,-0.000110221272073601,-1.12709819472281e-06,-1.78625118991981e-05,-6.15463807432196e-06,-0.000499974870599662,0.000132905655452241,4.37377092281372e-07,-0.000490605559200251,-4.04421418742659e-05,0.00503959358126825,-5.13084575047059e-16,0.007749649114934,1.75691600501492e-07,1.98706447102665e-07,4.38505543479168e-06,6.39267272771712e-05,3.74828843141554e-07,-0.000121737832209335,0.000115898642217082,0.00037169219435223,3.89124173077835e-06,-0.00734401861985014,-1.32654412326844e-15,-2.91391997309719e-05,1.26194102970379e-07,2.03581720852609e-06,1.53726596062404e-05,1.14782140053429e-14,0.402368699041002,-0.236225451554702,-0.000770925565885311,-3.98070549765676e-08,0.000121776531282702,2.53231860626742e-15,3.70521878868162e-07,1.72861962600615e-15,-1.86349620298822e-08,3.92511507030734e-16,-6.72791514146065e-07,0.000273733480352533,-2.47200055426175e-15,-0.00269510303412718,1.65068542721299e-09,0.00264878293698008,-4.2847195552058e-12,-0.121568540336778,-2.38330432443812e-05,5.70132262299965e-10,1.28355547799769e-10,1.42574813548372e-16,-9.94310417930668e-06,2.24179217693261e-07,1.43610361405404e-15,-6.90363032997918e-08,5.38499534799116e-08,7.40740934674435e-16,0.707106781186548,-0.000735708197717127,8.42353928172247e-15,4.56275475328308e-15,-1.9343668195203e-15,2.55687395957022e-05,-1.79762431955667e-16,-2.64796406718835e-07,1.20799930029853e-14,5.90250922117639e-09,5.01379830116934e-05,-5.04082188891452e-16,-3.02032846081331e-16,7.09572301666679e-16,1.17196682188621e-16,1.04769461682237e-16,1.82498682754767e-16,3.97045513114202e-17
"t86",-0.119738820465268,-0.131407215899263,0.0142135292925355,-0.0339452430455976,0.00170245416574696,-0.015292362630894,0.12475305274766,0.0171931393691551,0.225237751695879,0.000254317920148073,-0.234613580020634,-0.000307178497715197,0.00262194808268365,-0.00341207683837835,0.000982152321390407,0.00547952843124523,-5.89640250161945e-05,-0.00330075651908084,0.00240539175799033,-0.00461468194900513,0.00193556691525763,-9.8438017645528e-05,-0.000157039954529915,0.074635052439298,0.194366013930413,0.0241365336025514,-0.0396044349970495,0.13417313067671,0.00264556490811557,0.00190119523246868,4.9446721563786e-05,-0.000839948590743413,2.48580798364317e-05,-2.40278088067813e-06,4.31490407481507e-07,-5.2636920134669e-06,-3.88024191538827e-05,0.00018133501020795,-5.02999821900326e-06,-2.86533894873112e-07,-0.0035094433807687,-0.000152247509879633,8.31309115504122e-06,-5.22213738717205e-17,-1.20659867674207e-08,-1.04917671323139e-05,6.95274770538649e-06,-2.10624941702313e-05,2.3516176603385e-07,2.28672538486854e-07,8.40551078591309e-06,3.15558932757472e-07,-9.26562030940109e-08,-1.97125944094141e-06,1.85814407170041e-06,1.28527245032345e-07,-3.71615771017309e-17,-1.15111792578521e-06,2.02716267626245e-06,-5.20588785619734e-05,-5.19164252095018e-07,-7.53041304809091e-06,-2.56401026176886e-06,-0.000201075109165751,5.20466485339395e-05,1.61937197998914e-07,-0.000166912880274111,-1.35852047117148e-05,0.00155626619291813,3.3714278522594e-16,0.00138673209139531,2.22988162981405e-08,2.26029938778282e-08,5.92717713187925e-08,8.24878756201919e-07,1.92660929731269e-09,7.27041354050151e-06,-1.18704317016362e-05,-3.90604151850761e-05,-8.46323933129689e-07,0.00187527026066837,1.04414665774171e-15,1.23104601859286e-05,-5.8491467490413e-08,-9.68234546547232e-07,-8.3807787839338e-06,-6.88659157184143e-15,-0.267194989480483,0.159395272715685,0.000655387718579433,3.78648837142706e-08,-0.00012875937128658,-2.38677456911525e-15,-4.06753054083713e-07,-1.05195066648862e-15,3.04009598811891e-08,-5.24072042841071e-17,1.5072816872383e-06,-0.00130591276338236,9.5743509194447e-16,0.00332281901443139,-3.05921414935614e-09,-0.00523589793796473,1.18178897225458e-11,0.822939306296948,0.000193101165064824,-8.48357643296569e-09,-4.0647963885305e-09,9.4493194327455e-16,-0.00104244853631373,6.51307016521336e-06,2.80718462081758e-16,-4.62470404023924e-07,2.71387079223286e-07,3.24416367168619e-16,-1.67274226696237e-15,-0.00324359077692307,7.47551607474141e-16,3.19311117894707e-16,-3.02064350798915e-16,8.966514388225e-05,8.42348999388986e-16,-8.97081859459964e-07,3.78606960653398e-18,1.75754401071688e-08,0.000139648194955729,-4.50296326655129e-16,1.13341022076467e-18,-2.78246079584962e-16,-3.1441553472155e-16,7.0880735724846e-17,-3.68437877589172e-16,1.73364087203419e-16
"t87",-0.120004809483872,-0.131838088674036,0.014293970111896,-0.0341801511643572,0.00171791299021773,-0.0154448607510773,0.126523661102899,0.0174477467914854,0.22873222437734,0.000259095261029629,-0.24068725203183,-0.000316464483969716,0.00270301687175556,-0.00352007084926959,0.00101341130064093,0.00568149160225849,-6.12183087350814e-05,-0.00342772477023388,0.00250180253079092,-0.00480673925602026,0.00202815747072381,-0.000103231640561892,-0.000165044762932518,0.0790442985288987,0.206925202207526,0.0257029227560808,-0.0421916243258827,0.143626459814234,0.00283823132732515,0.00205089484854444,5.39116056222123e-05,-0.000916248579130134,2.72536121120326e-05,-2.63770385196607e-06,4.79152418284869e-07,-5.86047390486828e-06,-4.36471425520335e-05,0.000204863817717893,-5.68964892633077e-06,-3.24396488726622e-07,-0.00398017812096916,-0.000173007760529531,9.45143490452965e-06,2.13749309145115e-16,-1.37547226997022e-08,-1.20005339141194e-05,7.97803555658595e-06,-2.43229857307264e-05,2.71872025249249e-07,2.6467360957934e-07,9.91100029910669e-06,3.72106806106063e-07,-1.09388956694525e-07,-2.33533175407973e-06,2.2082213759374e-06,1.53801881475714e-07,3.34088371825318e-16,-1.40509499291547e-06,2.50684540592123e-06,-6.4604757522734e-05,-6.47590887240595e-07,-9.55648650787042e-06,-3.26106071086283e-06,-0.000257386455460739,6.69373406415952e-05,2.10271738127661e-07,-0.000219689597127764,-1.79156497202348e-05,0.00207782463281071,4.87396472904675e-16,0.00196657775502876,3.24142941485826e-08,3.30644117716008e-08,9.10309110042755e-08,1.2672492957837e-06,2.9711539739461e-09,1.15790510980449e-05,-1.93151866959382e-05,-6.36435367245065e-05,-1.4605506027283e-06,0.00330050128948411,2.46687266905692e-15,2.36691696629569e-05,-1.14969626314485e-07,-1.9156045722023e-06,-1.72184573759869e-05,-1.66082000662179e-14,-0.58584230029121,0.351545406229753,0.00159183787489372,9.71983860225948e-08,-0.000350050037365429,-3.55085152207779e-15,-1.12997111188178e-06,-2.23453005162896e-15,1.09688410959371e-07,-1.23337993813617e-16,6.80885064789196e-06,-0.00874622605430445,2.55044247894597e-15,-0.0248905640218282,1.17566273795147e-08,0.0180956153434983,-2.41123048168863e-11,-0.540808800515298,-0.000105949888584977,2.77085039966924e-09,8.30655709786275e-10,-8.49078288166833e-16,8.19223383914961e-05,-6.22984635632179e-08,1.62787760990759e-16,-1.16905990957193e-07,9.29148794234164e-08,-6.34430753952957e-16,2.72677556096263e-15,-0.00126239333095748,-9.23072911153821e-16,-7.49019952420082e-17,-2.4141155773219e-16,4.26518045306262e-05,-4.75296861589314e-16,-4.38983418163695e-07,4.18375646863448e-16,9.51998959191071e-09,7.95159978337176e-05,1.09826020125876e-17,3.66461741230502e-16,-1.86711568536276e-16,2.65948985674615e-16,1.57734985441353e-16,2.6740455402492e-16,-1.39448918841637e-16
"t57",-0.11704104589104,-0.126967055780066,0.0133539579569214,-0.0313856673638074,0.00152821259368485,-0.0135489961501503,0.103076048414975,0.0140440639321947,0.181504723101366,0.000191110714258313,-0.143341640182632,-0.000155564466824873,0.00128023474567361,-0.00159859114393407,0.000455382765524669,0.00170294711882822,-1.55402576272586e-05,-0.00084240326508038,0.000470676178441119,-0.00062368112697396,-0.000300889445987012,1.99411984072858e-05,5.29390429316397e-05,-0.0724147798383231,-0.314334155769875,-0.0399919680468529,0.0680814761287832,-0.354955220389012,-0.00854701697790823,-0.0104769525068878,-0.00161182609614975,0.0328445750627748,0.00125108063316261,-8.07645576023628e-05,4.4079260221961e-06,-4.80695455543969e-05,-0.000266744926289794,0.00115369921785358,-3.14005859529043e-05,-1.76579625668145e-06,-0.0211099716222775,-0.000893427921474732,4.84898225046465e-05,5.72498166834364e-17,-6.83315477200644e-08,-5.74946457912451e-05,3.70794698921952e-05,-0.000107410076425091,1.19106745490396e-06,1.15053450615399e-06,3.92328855591999e-05,1.47256066103518e-06,-4.31007684311178e-07,-9.09166618730663e-06,8.5123497070383e-06,5.81708568215332e-07,1.68847172950707e-16,-5.11190083652677e-06,8.96296024833826e-06,-0.000230045527536555,-2.29290432170351e-06,-3.31967689065747e-05,-1.12971262361355e-05,-0.000883826507633089,0.000228110777532996,7.02345337226374e-07,-0.000700129612336941,-5.6548106923043e-05,0.00598729850999813,-1.39904955244068e-15,-0.516229362814325,7.34086793964631e-07,7.26889181869648e-07,1.01840248120404e-05,0.000148221674521889,8.51578300367833e-07,-0.00023910151954676,0.00020944024469082,0.000668296656203952,5.6525052492414e-06,-0.00987642666009881,5.70669602474518e-16,-2.52200368707311e-05,9.35496766866966e-08,1.43308975123591e-06,7.39527405012471e-06,9.27001230624588e-16,0.0253523196069195,-0.00536508347785822,0.000548236540500436,4.7978917255202e-08,-0.000217693305655407,-1.02472290195359e-15,-7.51335055843462e-07,-1.113007275755e-15,1.15859009812059e-07,1.46180841173958e-15,8.85810998120593e-06,-0.0145126356588215,-1.31821488040043e-14,-0.623943150256629,-4.02379176244319e-08,-0.0472858666479965,1.96023916372323e-11,0.000818538697611907,-1.2566283254245e-07,-3.64357905018084e-10,-3.79096355526208e-10,-4.24999093632688e-16,-0.000171319770862268,1.37896350160642e-06,6.14471977042257e-16,-2.06880622444087e-07,1.48901616508525e-07,1.41165369485508e-16,-6.0236362487311e-16,-0.00196565611577506,4.88288849676291e-16,-3.40682725344804e-16,2.79319119117837e-16,6.45464210987487e-05,3.41414903461758e-16,-6.62750281301908e-07,6.0175264404388e-17,1.42973888228987e-08,0.000119326012178069,4.81151206102463e-17,6.33500662936798e-17,1.66750304772241e-17,-2.43557374322789e-16,1.60146675082992e-16,2.79480324134547e-16,-4.12619945082818e-17
"t58",-0.116732594466575,-0.126473492661585,0.0132644964529613,-0.0311287771306833,0.0015118227353248,-0.0133895047935337,0.10135383558496,0.0137993300067759,0.178192523271895,0.000186896959343319,-0.139005845161113,-0.000150084955079906,0.00123413244493403,-0.0015396905975994,0.000438512389517129,0.00163012001863906,-1.48515039937003e-05,-0.000804843642705277,0.000448831938123673,-0.000593654694444889,-0.000284304592785577,1.88228866581852e-05,4.98358770408952e-05,-0.0675200618988545,-0.291175763637211,-0.0370332945579612,0.0630127746225492,-0.326544067988245,-0.00784092892999991,-0.00954456940926226,-0.0014484971335884,0.029497517143753,0.00111628497054822,-7.19436004340908e-05,3.86821174859346e-06,-4.20390142917354e-05,-0.000230146818215482,0.00098968322888493,-2.68924449249464e-05,-1.51050892055593e-06,-0.0180156752264383,-0.00076047411507385,4.12459440184872e-05,1.86678190933653e-16,-5.79168578601513e-08,-4.85114094912233e-05,3.11514351856255e-05,-8.94619008003777e-05,9.90516691324629e-07,9.55312917004828e-07,3.17550662665353e-05,1.1917607897386e-06,-3.48248856958495e-07,-7.31056382640653e-06,6.81488395607431e-06,4.61206956950649e-07,1.7612622678566e-16,-3.93999947275375e-06,6.77912518684331e-06,-0.000173100497225531,-1.71238326962836e-06,-2.41650067123783e-05,-8.19629152467433e-06,-0.000635049793199502,0.000162733022731613,4.93758039590951e-07,-0.000481963087464034,-3.88086467422082e-05,0.00402983518259745,-4.70066354365545e-16,-0.314588995712518,4.28553936590333e-07,4.19635360523918e-07,5.37579080368437e-06,7.81961881202793e-05,4.45998403491524e-07,-0.000117574217147485,9.8581236418701e-05,0.000313681982122761,2.3410172886724e-06,-0.00390759389635011,-9.53846192201233e-16,-7.93910762011615e-06,2.76182212069491e-08,4.14855057922808e-07,1.89845727000849e-06,-3.5218507919866e-16,0.00511869584695532,-0.00105719681060717,6.57471160209324e-05,3.73177872255673e-09,-7.75517706134987e-06,1.63758995591146e-15,-1.51519585344794e-08,1.56170048838523e-15,-1.7323903920612e-08,-1.48044709846305e-15,-2.40463335891763e-06,0.00637099195608109,1.64084210950111e-14,0.768580996251023,6.7522606089953e-08,0.0846834912676685,-5.28997437086239e-11,-0.0200168764050245,3.37959171860247e-05,-4.53941268691063e-09,-2.87844637808243e-09,2.88869199651531e-17,-0.000906061947503981,6.1917385007328e-06,-4.39493533059025e-16,-5.64036616137717e-07,3.52127052843643e-07,1.97643686544803e-16,6.58468234379299e-16,-0.00433160296560764,-3.63042452731931e-16,1.83098704115993e-16,-3.20195461053124e-17,0.000125548453441153,-3.04111322023464e-16,-1.26466650464192e-06,1.80926369009565e-16,2.53873896203038e-08,0.000204104062976029,-1.19723133442239e-16,-7.85874133170333e-17,6.03620412525964e-17,1.56477014035725e-16,-9.7311656713258e-17,-7.71612273584018e-17,1.04066026995464e-17
"t52",-0.117111050417939,-0.127079946429084,0.0133747800693943,-0.0314460111762705,0.00153212357299833,-0.0135873013195624,0.103502474679024,0.0141049298620472,0.182332662802171,0.000192188964061583,-0.144508518889052,-0.000157084947575194,0.00129308948896667,-0.00161509887927652,0.0004601167872786,0.00172411442219403,-1.57423686337179e-05,-0.000853442954918619,0.000477169180065379,-0.000632701926055024,-0.000306090789077257,2.0294008714946e-05,5.39334975160899e-05,-0.0740729617925501,-0.322481796883535,-0.0410348901058548,0.0698734034030337,-0.365356322694745,-0.00880970880996135,-0.0108380494756494,-0.00168024140148912,0.0342517599313194,0.0013099208131698,-8.46519236409535e-05,4.66726256672257e-06,-5.10257145417748e-05,-0.000286159883792063,0.00124371230237268,-3.38987168862278e-05,-1.90824580649755e-06,-0.0228607581105154,-0.000969834079963899,5.26695583342209e-05,8.84349009035534e-17,-7.44698102248486e-08,-6.29348250536753e-05,4.07638308590839e-05,-0.000119165923431613,1.32366693323001e-06,1.2808544615171e-06,4.50912830064348e-05,1.6927021461217e-06,-4.96576363028298e-07,-1.05476652019934e-05,9.94025473472632e-06,6.89843266826436e-07,-3.30408170214963e-16,-6.39392329819985e-06,1.17184806443589e-05,-0.0003048908880353,-3.10411085592408e-06,-4.90157818613698e-05,-1.69027992363035e-05,-0.00137897097499906,0.000368396056150192,1.23134928640364e-06,-0.00143352831424901,-0.000119017055062282,0.0157304418956059,1.55545998280222e-15,0.796429636936896,-3.64340841094466e-07,-2.69740411520703e-07,9.56037233237417e-07,1.41416345423248e-05,9.71414965667651e-08,-5.49300876403168e-05,5.86243078012846e-05,0.00018884675039446,2.04983517886162e-06,-0.00375070252809089,-1.95127735964015e-16,-1.07105390360109e-05,4.02992044580842e-08,6.19555310134995e-07,3.24885822377023e-06,7.39299898178426e-16,0.0112970062800953,-0.0023922840488602,0.00024478249164114,2.1314396301638e-08,-9.59306828893502e-05,-3.36550435669162e-16,-3.29894812656835e-07,-1.52405542537509e-16,4.80348732462486e-08,-2.73557887778995e-16,3.47012091922276e-06,-0.00516981288783671,-1.83311250606519e-15,-0.100401197030531,-1.7383302439881e-09,-0.000617320644569889,-4.56300769839993e-12,-0.00514345124492283,9.35834476339242e-06,-1.46471766711862e-09,-1.01095985955052e-09,3.06478315624385e-16,-0.000347567749484807,2.49448686602278e-06,-1.90501880092767e-16,-2.75444116309531e-07,1.84214380801106e-07,8.84052054164453e-17,2.69496343967844e-16,-0.00235114503323492,2.57028939224668e-16,-5.1737330725831e-17,5.19830414716638e-17,7.30855337912072e-05,9.10763901072682e-17,-7.44578072600122e-07,-2.05536963969668e-16,1.56202183510097e-08,0.000128615405024733,-1.24155601399035e-16,8.12235590110451e-17,1.41553393953437e-16,1.40815159096465e-16,6.84586230567217e-17,5.60844463126171e-17,-6.3838822527346e-17
"t33",-0.110834654447674,-0.11671350348774,0.0113470945097071,-0.0253652696100777,0.00111181041087656,-0.00934948638934622,0.0480598292777419,0.00596986267950408,0.0679402506190346,1.38797947772801e-05,0.228632792024721,0.00113377304849926,-0.0135247473672492,0.0288874564237153,-0.00976320991821913,0.0159731858765022,-0.000126518738692777,-0.00676343698388474,0.00369653179461189,-0.00553565387861911,0.000763151509248258,-3.10624066080008e-05,-2.00971458356111e-05,-0.0245403191822021,-0.0626423425352011,-0.00742628534585524,0.0111428516373104,0.092730246264587,0.00552911365319386,0.102412880770962,-0.00108959621233347,0.0198839696344641,-3.19719316017597e-05,1.44637866015158e-05,-8.5965615405385e-06,0.000123561485916035,0.00201503438473333,-0.0159163334840682,0.000538796957960196,3.62509416199774e-05,0.68204669859895,0.0684838215173224,-0.00556811051238745,-2.39703062745113e-15,-5.52947022470781e-06,-0.0016176087282216,0.00067954536932773,-0.00125130853161833,1.31427756373647e-05,1.20739336455972e-05,0.000261731875563252,9.81290708308908e-06,-2.82557479321249e-06,-5.70680363394353e-05,5.16431013392526e-05,3.31861985522198e-06,-4.46015901166501e-18,-2.62170381142436e-05,4.4451975905614e-05,-0.00113473621038413,-1.12490534226558e-05,-0.000163228597795661,-5.56909140047555e-05,-0.00440344938023552,0.00114906993826301,3.65288969139506e-06,-0.00392380590225806,-0.000321587910331917,0.0387154306942594,-4.87138833259529e-16,0.0035286888794851,1.21790838789083e-06,1.35800924212019e-06,2.86002018885314e-05,0.00326015366187722,2.38501136773538e-06,-0.00075358277139323,0.000705566348956188,0.00226052334224506,2.27574138641967e-05,-0.0424156104246161,5.06691493949076e-16,-0.000157958413755949,6.68813547498697e-07,1.07046457616471e-05,7.55462387620198e-05,1.96485536577344e-14,0.327763909929529,0.546940819732304,-0.00512972022347891,-2.50998835171094e-07,0.000749272528159178,-4.20479264353478e-16,2.26702454227687e-06,-1.13753124457289e-15,-1.12946945975424e-07,1.82364374326864e-17,-4.2280358244608e-06,0.00211971925160239,7.98471180418652e-16,-0.00232688698010472,1.48749829523206e-08,0.0253990666961349,-2.032887223829e-09,-7.64499952661297e-05,4.79148422070225e-06,-1.2290363399668e-09,-1.02664756500726e-09,5.84033032057764e-17,-0.00715157348372452,2.77960892598695e-06,-5.13281617899326e-16,-3.96718376064663e-07,2.81137290484665e-07,-4.54013242478013e-17,-2.63379759702171e-16,-0.00368840042095567,3.25257286609196e-16,-7.53532076929201e-16,-9.45254242824462e-17,0.000120077066522022,-1.2344484249565e-16,-1.23157902925556e-06,-3.98728928031841e-16,2.64694031169069e-08,0.000220514722211919,-1.78261526410291e-16,-1.89271979228787e-17,9.7337982427048e-18,3.10645936204072e-16,2.25772486935966e-16,-5.97776937324168e-16,1.10389812632485e-16
"t34",-0.110437211602503,-0.116095678706823,0.0112433959633393,-0.0250817882553377,0.00109550290269494,-0.00919887055987214,0.0469574722426728,0.00582698164274618,0.0662365574131069,1.34582416198847e-05,0.219056600388648,0.00107829763305079,-0.0128478470342221,0.0274073714596016,-0.00926018162776993,0.0150196559560794,-0.0001186835864962,-0.00634200253455169,0.00345649238719364,-0.00516234308026103,0.000703962432346397,-2.8609706974019e-05,-1.8435729200027e-05,-0.022187199697252,-0.0560690453536979,-0.00664360903295584,0.00996066928610796,0.0821142887677711,0.00487468709617853,0.0892995167145467,-0.000929423519561261,0.0169432893637062,-2.69530337881352e-05,1.21599203893041e-05,-7.04766293589155e-06,0.000100704025603691,0.00160407839189094,-0.0125413615560411,0.000423308450939633,2.84209180517903e-05,0.532476338679543,0.0532131704127088,-0.00432121474235408,-2.02426183761879e-15,-4.26350643946983e-06,-0.00123693924180841,0.000515500249191695,-0.000933984607732377,9.78131451506757e-06,8.95915953437725e-06,0.000184754547110217,6.92535413931896e-06,-1.98755351724363e-06,-3.97513129190589e-05,3.5651829859493e-05,2.24516742981676e-06,7.21649823384956e-17,-1.66800341168394e-05,2.70823563473916e-05,-0.000682962635402511,-6.64905621056735e-06,-9.0475990436276e-05,-3.06029973184949e-05,-0.00235834067796468,0.000603546900437318,1.84145962674683e-06,-0.00185893294270004,-0.000150936630047277,0.0170807883427186,6.71355480917074e-17,0.0010480615997093,2.85753150702206e-07,2.96566462061907e-07,2.52980201780701e-06,0.000285665665982474,1.8381130024165e-07,1.05473424465707e-05,-5.42404307190686e-05,-0.000182837771483967,-5.88973257201382e-06,0.0136953284590384,-6.70024794788284e-16,0.000100064052629932,-4.79643068353023e-07,-7.94726059509597e-06,-6.74694887600417e-05,-2.29602145713016e-14,-0.384424340429732,-0.656057190305292,0.00857504380354995,4.95853201586802e-07,-0.0017384954065009,9.70117192362205e-16,-5.57354587043136e-06,1.10091337815538e-15,5.20757217593642e-07,-4.88980997158909e-16,3.19654540194246e-05,-0.0407812485976537,-7.62008156847681e-16,-0.0199122872871037,9.42996330786461e-08,0.153422351051188,-9.7579367521934e-09,-0.00025290922589849,1.52204974617695e-05,-3.56378876320611e-09,-2.81578266012927e-09,-6.42303591659636e-16,-0.0184349687888435,6.90923989569124e-06,5.64507820513423e-16,-8.43182659161605e-07,5.61842584694206e-07,-1.54731836430596e-16,6.64388506740667e-16,-0.00712340009890487,2.97097486518029e-16,6.14228752936602e-16,1.54516677763992e-16,0.000216828243351556,7.97993399548531e-17,-2.1992537690213e-06,6.09051587188549e-16,4.5225731820038e-08,0.000367690402283735,-4.06840472481167e-17,-7.49122643070942e-17,3.96413675089716e-17,-7.94666472288232e-17,1.5763361014398e-17,1.95609181260377e-16,7.38657902221221e-18
"t70",-0.114078708964071,-0.121867782592942,0.0122573697025029,-0.0279242590525712,0.0012665174721026,-0.0108089913090894,0.0599435307541012,0.00753577268028655,0.0869745082562881,1.90537527170256e-05,0.37791063969522,0.00216807038274162,-0.0265491347278246,0.0583664278477787,-0.0198676858297891,0.0412692773007851,-0.0003542404167352,-0.0192153274822271,0.0117009806778946,-0.0197178854322587,0.00588036891121496,-0.00028834820606496,-0.000419195614630882,0.133969214050867,0.174331216229657,0.0201422237441126,-0.0290883623376473,-0.164625256576911,-0.00848137937092908,-0.115149100714984,0.000761000796758211,-0.0136177513301272,1.80974712890997e-05,-7.81942003039854e-06,3.16364380677919e-06,-4.18641374547722e-05,-0.000499140372112454,0.00346148095575662,-0.000112946102665464,-7.40154816911208e-06,-0.132110638170225,-0.0125074435701929,0.00100156014747889,4.63190546142701e-16,9.17949192712304e-07,0.000242330245247672,-9.2220462410861e-05,0.00013859620663615,-1.40270178011867e-06,-1.24045059164435e-06,-1.32849016719547e-05,-4.96342873135378e-07,1.35430320266601e-07,2.31078487450062e-06,-1.76677997789244e-06,-7.17473901444901e-08,4.24082736996387e-16,-1.74423974625727e-07,9.09141955738723e-07,-2.68802890577569e-05,-3.15705862749354e-07,-6.58136636302962e-06,-2.31979419868271e-06,-0.000199347115349378,5.48059479640456e-05,1.9025057003584e-07,-0.000224552021588539,-1.86131878693154e-05,0.00238286996035803,5.46205880178063e-17,0.000254423530998075,9.17967726013166e-08,1.03882027245941e-07,5.00143717006556e-05,0.254813958253757,-1.74417084748441e-07,-3.42941565086019e-05,3.41707449149145e-05,0.000109576646466568,1.02776444567865e-06,-0.00182150689795335,-2.43549606624291e-16,-4.87188158337926e-06,1.84418892971929e-08,2.84738795220882e-07,1.58162611999663e-06,-7.32566742377276e-17,0.0036779349268561,0.0056631883499754,1.74063550325693e-05,2.69948136333829e-09,-1.34156694789889e-05,-2.95501569950227e-17,-4.63745854870513e-08,-2.97881836451404e-16,4.9949649549982e-09,-9.39020834548556e-17,2.18541087691759e-07,-2.3699025271186e-05,-6.01937869375608e-16,0.000795862412169155,-5.92674007101972e-09,-0.0104917266434026,1.06142928517019e-09,9.07513813668587e-05,-6.74123774709739e-06,3.01108482068322e-09,4.66315377257091e-09,2.30396830835272e-14,0.793413243557827,2.41693948280549e-05,-1.90230756939148e-15,-6.18655112925143e-07,3.3481518755548e-07,-1.90197418892901e-15,-5.3668669334398e-18,-0.0038977186975415,1.07619550516836e-16,1.31804451277276e-15,3.56635069560402e-17,0.000104764883318247,7.91511689088535e-17,-1.04564748396361e-06,1.20096925434405e-15,2.03903948202425e-08,0.000162049662466645,-1.74348002970305e-17,1.10191617407397e-16,1.92421973610808e-16,9.29194718267394e-17,2.65692667385378e-17,4.29191522408137e-16,-1.48070747744916e-16
"t71",-0.1145624625711,-0.122630716249263,0.0123898689961419,-0.0282934359385831,0.00128849625645873,-0.0110150218697965,0.061570871808369,0.00774925091540157,0.0895561381828418,1.97389102842456e-05,0.396660921889653,0.0022937744041126,-0.0281237304247386,0.0619103703626476,-0.021080792111967,0.0441899332594537,-0.000380250689097526,-0.0206349471676432,0.0126019771519369,-0.0212948551984548,0.00642148917563386,-0.000315363658008244,-0.000460321839347192,0.149223231399427,0.196062340782227,0.0226640704528097,-0.0327546097057644,-0.187023407570333,-0.00967461296328481,-0.132682358187825,0.000894144503515798,-0.0160148181592088,2.14801824143795e-05,-9.30262922587549e-06,3.84307716696543e-06,-5.10971241703699e-05,-0.000620608350621561,0.00433762187434517,-0.000141847233224284,-9.31020838708125e-06,-0.166704271490625,-0.015838157276562,0.00126942591052799,5.1996004484746e-16,1.16900631045964e-06,0.000310473587899877,-0.000118829706529367,0.0001806291010608,-1.83179188926254e-06,-1.62322490049308e-06,-1.79661312640295e-05,-6.71332558626193e-07,1.83559473318186e-07,3.15123358677455e-06,-2.42270503268411e-06,-9.95896418575708e-08,8.27714235224889e-17,-2.50684845901214e-07,1.33663655385523e-06,-3.97629423475872e-05,-4.71188878951714e-07,-1.01201562375537e-05,-3.58078131663963e-06,-0.000311133928177485,8.62367931271021e-05,3.04325954846128e-07,-0.000367634500840156,-3.0575135454766e-05,0.00399759018662581,-6.63348852394388e-16,0.000472754518150419,1.77809461178054e-07,2.03358920160978e-07,0.000106207278719845,0.5413783699743,-3.72933541743287e-07,-7.73608755228125e-05,7.98779732722882e-05,0.000256720968082276,2.64860971328415e-06,-0.004849546692338,-5.83736159569846e-16,-1.50220517471378e-05,5.89956973959851e-08,9.20868067290749e-07,5.44889731872618e-06,5.09566987484651e-16,0.0141429206840594,0.0219959347355052,7.98429744783443e-05,1.36527674860214e-08,-7.52553561805813e-05,3.48580077224576e-16,-2.70668945910298e-07,4.88980525263339e-16,4.92153004125477e-08,-1.40748264726087e-16,3.80039387671074e-06,-0.00594521878357405,2.00582845616336e-16,-0.00452060916731768,2.42832338155093e-08,0.0405427356132211,-3.01543907304093e-09,-0.000133764504914635,9.06980579579511e-06,-3.2229688866433e-09,-4.25119989299784e-09,-1.69316726268976e-14,-0.589216668534395,-1.56443950889013e-05,1.39304872451423e-15,1.65133430652374e-07,-4.3570323988827e-08,1.59383524947005e-15,5.76280616743538e-16,0.000222741279150396,-4.71767035596772e-16,-1.2705917620044e-15,-1.89210953944414e-16,8.42554104071413e-06,3.46707892828001e-17,-1.07179724926894e-07,-7.27860308294409e-16,3.83101005780313e-09,3.78739194145931e-05,-1.13673347543448e-16,-6.05383485744845e-17,-1.03611879412321e-16,-8.81135858325004e-17,5.0960286251205e-17,-3.14946649599763e-16,7.32296883865087e-17
"t146",-0.114374246017124,-0.122333725465917,0.0123382304987969,-0.0281494689489729,0.00127991611484113,-0.0109345555259231,0.0609339639849324,0.00766567402740326,0.0885450682177173,1.94701292196633e-05,0.389278331211786,0.00224416747992819,-0.0275021160794684,0.0605107588009894,-0.0206016542067032,0.0430332460546153,-0.000369941976487845,-0.0200722339745369,0.0122445222671532,-0.0206686909887818,0.00620588295338514,-0.000304594290350002,-0.000443906245734448,0.14310605180901,0.187319160185481,0.0216492745897677,-0.0312789270533636,-0.177980099462929,-0.00919214352305798,-0.125566940021537,0.000839710107158137,-0.0150344548070566,2.00916295491349e-05,-8.69322040990272e-06,3.56146543107477e-06,-4.72622961524153e-05,-0.000569733140003331,0.00396930427796526,-0.000129684689190986,-8.50636691706341e-06,-0.15211255179812,-0.0144308141195194,0.001156192241292,7.14028633204847e-16,1.06262455495672e-06,0.000281509850654255,-0.000107485988435812,0.000162600538402911,-1.64754490378829e-06,-1.4586794187788e-06,-1.59143637914853e-05,-5.94628559459501e-07,1.62435164681094e-07,2.78090826533618e-06,-2.13264320354095e-06,-8.71756071363773e-08,-3.20360141978373e-16,-2.15792684103277e-07,1.13729138312326e-06,-3.372272901455e-05,-3.97687859030955e-07,-8.39614986643776e-06,-2.9638938594162e-06,-0.000255755434056042,7.0514790116976e-05,2.46058492978877e-07,-0.000292105533156796,-2.4228530283478e-05,0.00311066898832883,6.57397007607741e-16,0.000316412685009145,1.02465659774384e-07,1.09962110346817e-07,-0.000148433155355263,-0.801228213256556,1.29970195986354e-06,-0.000120724097480318,9.97561132784642e-05,0.000317815332414425,2.70136058806036e-06,-0.00479138731523017,7.87583615852603e-16,-1.36474425739726e-05,5.28742489458119e-08,8.22268948621227e-07,4.77315916408427e-06,1.34353928308357e-15,0.0120642669517932,0.018723622817055,6.59740412787673e-05,1.11246100470365e-08,-6.05384585549706e-05,-3.0694465725817e-16,-2.16768538293267e-07,-1.52129404179955e-16,3.77719973712078e-08,8.02909388082306e-17,2.84348248595374e-06,-0.00431569060471973,6.63381815131452e-16,-0.00296633211461398,1.53240269525057e-08,0.0253665284592839,-1.78500259906929e-09,-6.37959505012484e-05,4.12155537297433e-06,-1.25214036816194e-09,-1.41436754572959e-09,-4.46704552216116e-15,-0.145789423305187,-2.81461529485355e-06,5.44251867198942e-16,-9.31680414059319e-08,8.23485637134187e-08,3.72360293334555e-16,4.93579437644971e-17,-0.00115622387691738,7.40664487906932e-16,1.31998827654563e-16,2.85825569731886e-16,4.1043506971931e-05,2.438892749778e-16,-4.25555031180328e-07,-1.12303306479803e-16,9.49447158621311e-09,8.05396465033945e-05,9.00279277791341e-17,-2.70465038377615e-17,8.26061053105444e-17,-5.45091330280898e-17,3.8325266273503e-17,1.02009898560459e-16,-5.80134180405914e-18
"t39",-0.111239849488321,-0.117319957903697,0.0114390329056752,-0.0256006124498625,0.00112358749867108,-0.00945083808800233,0.0484945569262767,0.00601935180961691,0.068432008815801,1.38704446244024e-05,0.218490928569534,0.0010164272179415,-0.0119474175841487,0.0250740300280538,-0.00843572995086616,0.0110968379618708,-7.84631394219297e-05,-0.00409597754077226,0.00180129333480594,-0.00185842033644396,-0.00109267272101501,6.6402131364364e-05,0.000149191637455061,-0.123782379541336,-0.256702419412618,-0.0303193045111721,0.0452724483383261,0.377682125480557,0.0232364958411074,0.50178049218937,-0.0126322197495522,0.251491448278534,0.00819866553412552,-0.000517104467333329,2.68599553119708e-05,-0.000299259629442112,-0.00212748959766518,0.0121018103024738,-0.00037272631885047,-2.34155355399465e-05,-0.383009677042542,-0.0326972310749858,0.00254580055641429,1.14387797639065e-15,1.98902423033677e-06,0.000410625413704541,-0.000114184524587942,3.58092547459304e-05,-9.74134343860195e-08,1.59785999580102e-07,6.71257239815148e-05,2.52414751501567e-06,-7.58820962136822e-07,-1.71149338569019e-05,1.68305909199022e-05,1.25074183220542e-06,-1.09600340853194e-16,-1.27777202103216e-05,2.4023749705298e-05,-0.000627422417198029,-6.41050351482791e-06,-0.000100893304669995,-3.47217185848944e-05,-0.00281003950889303,0.00074474677565315,2.43483611922442e-06,-0.00270318835854386,-0.00022248111227498,0.0274308557893181,-3.00099344138874e-16,0.00267386164306152,9.32578590015584e-07,1.04131371382586e-06,2.15354488960574e-05,0.000950689815444627,1.81912092466371e-06,-0.000563256486332763,0.000517209303587662,0.00165473678054782,1.53537476816073e-05,-0.0275246226191465,-2.43511855578988e-16,-7.78636433582877e-05,2.96480252572897e-07,4.57889172837331e-06,2.4930278044938e-05,2.13237997157306e-15,0.0420358885012425,0.0589725123861298,0.00145591821574856,1.40766564081141e-07,-0.000669785945527579,6.17437267819757e-16,-2.34045074276319e-06,1.8818679314219e-16,3.87015951043676e-07,-7.493736731348e-16,2.99650931575163e-05,-0.0481012822438238,1.91909852150123e-15,-0.0442149513536235,2.65576662655776e-07,0.455937014476913,-4.21949132245347e-08,0.00670731655354186,-0.000189787853270128,1.84690177010795e-08,1.00650683278416e-08,6.29751069737951e-16,0.0130566126241158,-1.60580233059121e-05,5.38372846311097e-17,8.96881539058127e-07,-4.36804247306482e-07,-2.61828770776189e-16,-6.55951152567022e-16,0.00457455837193197,-4.81372213486175e-16,-1.94993828062734e-16,1.96659773005761e-16,-8.92563893992071e-05,2.91368431503556e-16,8.2924333813213e-07,-1.35258815431728e-16,-1.12263911157874e-08,-6.68537047789041e-05,7.20781339147157e-18,-1.20813372932311e-16,-1.07759917391684e-16,-1.76895099561992e-16,1.78102502643048e-16,5.28821791536353e-17,-1.91500326784989e-17
"t40",-0.109386500472316,-0.114443366065826,0.0109581416563641,-0.0242892346646658,0.00104851749687616,-0.00875908705957596,0.0435007620592231,0.00537369166350056,0.0607565380774485,1.20033508259178e-05,0.178719113089167,0.000802824590026577,-0.00938402057642362,0.019577475979864,-0.0065770492438901,0.00830190505588585,-5.80362612671642e-05,-0.00302373435879244,0.00131197685370066,-0.00133626176417172,-0.000745275966618386,4.49570097436972e-05,9.90410790523769e-05,-0.0765063546353169,-0.150891366491357,-0.0177760061074901,0.026438532439675,0.210275770598841,0.0126498177144077,0.257989722239574,-0.00577757557357973,0.114372753520938,0.00351484577832462,-0.000218320071282911,9.8063832660322e-06,-0.000105458919124762,-0.000646691182028605,0.00343703260455026,-0.000103773610462629,-6.42587646675754e-06,-0.102070530781648,-0.00842675904616891,0.000650362206916791,5.80339301161914e-16,4.84706230145911e-07,9.40017758050624e-05,-2.45590311068015e-05,6.73009250800466e-06,-1.78456247278439e-08,2.85038573756427e-08,6.93860219080911e-06,2.60146179473014e-07,-7.4712850976408e-08,-1.45514621112917e-06,1.2292330765027e-06,5.87625907863543e-08,4.6391147296674e-17,3.13582987268102e-07,-1.65746888730394e-06,5.06413430164665e-05,6.25193760570605e-07,1.53459569295859e-05,5.51695593846956e-06,0.000501195364077165,-0.000143304054182974,-5.36537376730987e-07,0.000698935195482919,5.87196622917306e-05,-0.0081531609618346,3.46155212490713e-16,-0.00118789769671759,-4.64332099894732e-07,-5.32155737821986e-07,-1.30430517128618e-05,-0.000576313644185388,-1.11539428723244e-06,0.000376919360689877,-0.000364222210575485,-0.00116881962976342,-1.21577654862399e-05,0.0225332564028248,4.4510618273707e-16,7.21279959194876e-05,-2.81745776134878e-07,-4.38288028508098e-06,-2.48140816239177e-05,-2.49241340800085e-15,-0.0443468921764282,-0.0625121355653606,-0.00165335208801312,-1.65196785678223e-07,0.000810027561391369,-1.3391608959291e-15,2.86008877014654e-06,-3.48663866793383e-16,-5.20782132940365e-07,1.89665738067002e-15,-4.25560886499546e-05,0.0725208629075404,-3.58519450007801e-15,0.0786329968514397,-4.97218483117495e-07,-0.862612568366079,8.4921771140788e-08,-0.0159857390839003,0.000464730244716414,-4.85339525313971e-08,-2.78439579844387e-08,-1.67941525666859e-15,-0.0386163949798453,4.96783409194221e-05,-4.61887488721361e-17,-3.62826471075927e-06,2.07292794397382e-06,5.52927627066725e-16,2.74444533134061e-15,-0.0242691016172968,1.88871747911227e-15,4.37925076934208e-16,-4.15118408170205e-16,0.000637475869049313,-1.27507311134203e-16,-6.31599099567203e-06,5.88927839214294e-16,1.18651829497384e-07,0.000918957709628576,1.53365490131795e-16,9.28359170408345e-17,3.30741533780419e-16,8.33300798234179e-17,-3.75709381221081e-16,-1.4250515229926e-16,3.34709716585191e-18
"t53",-0.116129785946663,-0.125291181935517,0.0129317841049635,-0.0299228004881503,0.00139460155307331,-0.0120095613818862,0.0418144207790679,0.000629447143612665,-0.296825435704564,0.000265921841471684,-0.0763726686360426,0.000359141464762264,-0.00520337244686986,0.013064282494758,-0.00456899841539959,0.0141471667056917,-0.000127552191733609,-0.00696832308568621,0.00442005518887086,-0.00766135795554115,0.00239034386976195,-0.000117180211693427,-0.000169106124788348,0.0476830223263842,0.0413857285450329,0.00450497678110839,-0.00576329211853792,-0.0556765400910023,-0.00147835647338465,0.0902496077526815,0.00215408205111743,-0.039938499475217,-0.000707861592951109,3.89198921393712e-05,-7.21908152237841e-07,0.00409382956472223,1.07713365969653e-07,7.28901512497132e-06,-2.02274600929149e-07,-1.03424740995504e-08,-4.33301011765223e-05,1.32681501740783e-05,-1.41759374303226e-06,6.92346914289216e-17,-2.70004461097476e-09,-7.50519540324707e-07,-1.05452101373943e-08,3.3059388689187e-06,-4.42824080424146e-08,-5.06578736055008e-08,-8.29077606478686e-06,-3.12603592657971e-07,9.79324146736584e-08,2.49850244527275e-06,-2.74845090708197e-06,-2.61516728415823e-07,-1.04801107099484e-15,5.43623183226624e-06,-1.70192945558689e-05,0.00051846817488576,6.76482559288218e-06,0.000383200831449255,0.000180453364272642,0.911742990779962,0.006097053161821,7.02688208416315e-06,-0.00443203757017657,-0.000345691941499944,0.0327857609082389,5.40999640277182e-16,0.000426434478322565,5.7106978733908e-07,6.22654773930844e-07,1.11043931404027e-05,4.81664609923665e-05,9.36853888190996e-07,-0.000271837899443871,0.000240796850099978,0.00076877266882488,6.60033690573839e-06,-0.0115689866213603,3.96212704994639e-16,-2.97417675587542e-05,1.09982077298744e-07,1.68165755225322e-06,8.41699247384293e-06,4.73430684587894e-16,0.0026526670925308,0.00280333297651895,0.113212596069125,1.9729871230119e-08,-0.000192399265916215,-2.90434974052828e-16,-7.21078598651861e-07,-6.23886169176644e-16,1.59184889255364e-07,-1.99081647455249e-16,1.56635848713813e-05,-0.0594676698918476,-2.67982140292798e-16,0.000780087760116985,-2.21447857308974e-09,-0.0020695035063914,-2.18696033918236e-10,-3.07847847607428e-05,5.22763087964281e-06,-9.26472679512445e-10,-6.92063766696485e-10,-4.2729241460463e-16,-7.04153354648404e-05,1.91727469729674e-06,-5.47086881106765e-17,-2.38180075705276e-07,1.6478804364551e-07,-1.52511090727414e-16,1.42411530966764e-17,-0.0021384043432483,3.70893583426816e-16,-2.66870853297918e-16,-3.06306105322309e-16,6.85298275603678e-05,7.33106151158642e-17,-7.01959899849364e-07,-4.10408763746337e-17,1.52636177294243e-08,0.00904445283722467,1.47031798995211e-16,1.22206779794565e-16,5.4822311806436e-17,2.94423798292846e-16,1.42046188108932e-16,1.78769559306387e-16,4.23122235825281e-17
"t129",-0.117936739930789,-0.128195443893303,0.0134602163174409,-0.0314350265359993,0.00148893070935389,-0.0129090882465859,0.046455008619406,0.000702773869829278,-0.333304423063765,0.000306811670793432,-0.0938229933962288,0.000459786122818551,-0.00670682072058282,0.0169616357900565,-0.00594248808520219,0.0193838152375988,-0.00017738800096494,-0.0097159094763932,0.00627452596549963,-0.0110678654143181,0.00372319409206856,-0.000184544757925884,-0.000274427301411445,0.0870107913802158,0.0827612198697355,0.00905340366503025,-0.011670432793407,-0.124206188448716,-0.00346334650068053,0.242303362381295,0.00822718278538831,-0.155713249708724,-0.00351762282120924,0.000208154516939844,-1.35219252523182e-05,0.191178983875443,-9.85233982286893e-07,-4.34727171607918e-05,1.09618215604146e-06,5.25809029154704e-08,0.000195841028600531,-5.32876640634561e-05,5.53265109924997e-06,-1.24504755131303e-16,9.1635298376673e-09,2.17833174962628e-06,2.68251628549043e-08,-6.69418282416012e-06,8.64416716862566e-08,9.53658909591103e-08,9.58577366062113e-06,3.60796655431324e-07,-1.10080887187028e-07,-2.60396962738739e-06,2.68245378169663e-06,2.22356075287445e-07,3.54030615779355e-16,-3.235144354234e-06,8.17014901834394e-06,-0.000235170931420222,-2.82751537517538e-06,-0.000121929182611481,-5.54340345399571e-05,-0.252679417880665,-0.00156497751545437,-1.53725347715584e-06,0.000762346253187551,5.73307823238988e-05,-0.00424874657598798,-7.09433271781213e-16,4.97886180760194e-07,2.35519164912924e-08,3.15637693592673e-08,1.29251467119538e-06,5.62458775946759e-06,1.1385749905263e-07,-4.35827868236205e-05,4.46523832877757e-05,0.000143764593506327,1.68397053682099e-06,-0.00323731727148562,2.15340102905696e-16,-1.23224986605108e-05,5.04072290737328e-08,7.94746516007139e-07,4.80015700382065e-06,3.21898099476669e-16,0.0022526094309725,0.00248650811036748,0.352434123831873,-1.39361561681894e-07,0.000303542363963488,-2.66363917743496e-16,8.75220776891622e-07,-2.87291574063964e-16,-4.58965993762223e-08,-4.17854168529104e-17,-2.38236292830242e-06,0.00374384829778268,-8.76929952063888e-17,5.12082882176823e-05,-2.0044655383222e-10,-0.000196818051452781,-2.61360953834736e-11,-5.24348031339994e-06,9.25098236578738e-07,-1.78704327255682e-10,-1.40748055978092e-10,-4.96995849291134e-16,-1.51996702153239e-05,4.28727791282335e-07,4.46372051066403e-16,-6.22999756921816e-08,4.59842235647941e-08,1.93256188162297e-15,1.26230022852419e-14,-0.000619183849808502,7.03635652874607e-16,2.21708034593217e-15,6.0579337128541e-16,2.13946864788626e-05,-1.71347255938937e-15,-2.21988958634938e-07,-0.707106781186548,5.08590264593892e-09,0.00310494197326429,1.14357833015088e-15,6.59755332657368e-16,7.34240219711222e-16,2.5502444283527e-17,3.20272975772334e-16,-1.07992001900405e-16,1.4977211532806e-16
"t130",-0.117936739930789,-0.128195443893303,0.0134602163174409,-0.0314350265359993,0.00148893070935388,-0.0129090882465859,0.0464550086194059,0.000702773869829272,-0.333304423063765,0.000306811670793402,-0.0938229933962289,0.000459786122818565,-0.00670682072058271,0.0169616357900565,-0.00594248808520255,0.0193838152375989,-0.000177388000965003,-0.00971590947639328,0.00627452596549966,-0.0110678654143181,0.0037231940920685,-0.000184544757925985,-0.00027442730141144,0.0870107913802159,0.0827612198697356,0.00905340366503028,-0.0116704327934072,-0.124206188448716,-0.00346334650068045,0.242303362381295,0.00822718278538838,-0.155713249708724,-0.00351762282120918,0.000208154516939842,-1.35219252521811e-05,0.191178983875443,-9.8523398261996e-07,-4.34727171608751e-05,1.0961821562145e-06,5.25809029110658e-08,0.000195841028600828,-5.32876640633173e-05,5.53265109930895e-06,-5.71215643077114e-16,9.16352981293394e-09,2.17833175000792e-06,2.68251626467375e-08,-6.69418282411849e-06,8.64416715702469e-08,9.53658910534359e-08,9.58577366019786e-06,3.60796655565765e-07,-1.10080887296207e-07,-2.60396962745157e-06,2.68245378156479e-06,2.22356075162654e-07,2.08963507902026e-16,-3.23514435443648e-06,8.17014901834893e-06,-0.000235170931420184,-2.82751537535172e-06,-0.000121929182611559,-5.54340345403103e-05,-0.252679417880665,-0.00156497751545416,-1.53725347706396e-06,0.000762346253187378,5.7330782323805e-05,-0.00424874657598789,-2.12294698230016e-16,4.97886181346531e-07,2.35519164806265e-08,3.15637698386744e-08,1.29251467116762e-06,5.6245877589179e-06,1.13857499130015e-07,-4.35827868236205e-05,4.46523832880186e-05,0.000143764593506852,1.68397053639056e-06,-0.00323731727148502,7.20691720315375e-16,-1.23224986607051e-05,5.0407229097531e-08,7.94746516038364e-07,4.80015700402882e-06,-1.41139341226488e-16,0.00225260943097306,0.00248650811036839,0.352434123831874,-1.39361560775524e-07,0.000303542363963488,1.43156128143372e-16,8.7522077730866e-07,2.54879488716968e-16,-4.58965994029343e-08,-7.01147775925494e-16,-2.38236292814109e-06,0.0037438482977814,-5.18045398073979e-16,5.12082882175686e-05,-2.00446842934729e-10,-0.000196818051451996,-2.61358389899886e-11,-5.24348031313111e-06,9.25098236607256e-07,-1.78703010126225e-10,-1.40748002418504e-10,4.96769529168175e-16,-1.5199670217132e-05,4.28727791129679e-07,-1.60101865438606e-16,-6.22999756939163e-08,4.59842242513109e-08,-1.39338409075306e-15,-1.16760019995626e-14,-0.000619183849806387,-9.01150515894639e-16,-1.62270086734633e-15,-2.43429762826629e-16,2.13946864761894e-05,1.76217185251015e-15,-2.21988961362357e-07,0.707106781186547,5.08590826923819e-09,0.00310494197325626,-1.3274420933771e-15,-5.98684647835057e-16,-4.20810045825382e-16,-5.50662955652356e-16,-1.42158712121797e-16,5.12623139261311e-17,-2.57904982555765e-16
"t80",-0.117360977306205,-0.127271606545027,0.0132927677186619,-0.0309568143823381,0.00145920588339172,-0.012626045232043,0.0450049668009113,0.000679885010985051,-0.321930964474861,0.000294132899616608,-0.0884774950744254,0.000429188565907651,-0.00625030272948236,0.0157797398834757,-0.00552609885990742,0.017810432479742,-0.000162451544562762,-0.0088927706162209,0.00572057580331752,-0.0100531529713764,0.00333070632224863,-0.000164739655905584,-0.000243595298106213,0.0756753243981406,0.0709646078718487,0.00775731968089569,-0.00998861470620754,-0.104895226790963,-0.00290669062200252,0.200181173864434,0.00658590159111744,-0.124461765356197,-0.00276841649724674,0.000163171195639134,-1.02180346758093e-05,0.143224688899329,-7.12893627755062e-07,-3.09809000519634e-05,7.77794745421799e-07,3.71917238659497e-08,0.000137651220222609,-3.7189640484353e-05,3.85414581465307e-06,7.84329388357362e-17,6.32156069813272e-09,1.48401766220108e-06,1.8055435396791e-08,-4.39582597860921e-06,5.65104302178553e-08,6.20608368814314e-08,5.77226290705835e-06,2.1718658789905e-07,-6.59210038786787e-08,-1.53538103967246e-06,1.55928496347463e-06,1.25129813005522e-07,-1.05384876316681e-16,-1.64570489394203e-06,3.86099359184124e-06,-0.00010881324796716,-1.26747762466736e-06,-4.86643276177423e-05,-2.17715098737989e-05,-0.0945365869439042,-0.000563982037268984,-5.10690955412494e-07,0.000222459811524453,1.63934219201815e-05,-0.00105589154075687,5.02627479342428e-16,2.86901239952841e-08,-5.79437583038498e-10,-1.45112814196576e-09,-2.79680911144907e-07,-1.2231869165241e-06,-2.63319015142774e-08,1.52572218415359e-05,-1.92822789726876e-05,-6.2830086702402e-05,-1.12341821615443e-06,0.00242655695935542,-1.39033027107758e-15,1.41203750402552e-05,-6.30981652746448e-08,-1.02017659473538e-06,-7.07127142941452e-06,-4.94506937893584e-16,-0.00410369448784754,-0.00461178035961118,-0.857492467848107,3.90108010760866e-07,-0.000974089161345559,3.86126878441469e-16,-2.95109181195334e-06,8.80780164547305e-17,2.65731497225313e-07,1.01043853667299e-15,2.09346508572572e-05,-0.0673454210404906,-9.51540705865189e-18,0.00068490283324231,-1.85458807230691e-09,-0.00171854439466188,-1.73878429016172e-10,-2.26159126358748e-05,3.8064341705878e-06,-6.61353975815564e-10,-4.88205833453024e-10,2.18568468869069e-17,-4.90415022492505e-05,1.3256768672254e-06,-3.62012778743122e-16,-1.60216901311933e-07,1.09920554875256e-07,-2.62007441227261e-16,-3.04978503862508e-16,-0.0014209548372808,-4.83180000888229e-17,-5.22158953673572e-16,-3.47784305095036e-17,4.5295050113088e-05,1.62813746923969e-16,-4.63703910755231e-07,3.74380998663862e-16,1.00715084521493e-08,0.00596907167281031,-5.02132433832192e-17,-1.53066819976477e-16,-1.91253403688596e-16,2.84626923545046e-16,-7.55995697554405e-17,-1.08162622281397e-16,-8.281055045546e-17
"t78",-0.114821884464003,-0.123176484536995,0.0125417203884893,-0.0287982691559089,0.00132354462047028,-0.0113282752566753,0.0382056279774329,0.000572197677726365,-0.268214053960932,0.00023314810477498,-0.0616697083877036,0.000271534081083991,-0.00388769262625363,0.00963420663720548,-0.00335851403575826,0.00934088091407502,-8.12830234377367e-05,-0.0044123072675773,0.00267092396098087,-0.00440506783481612,0.00104196277940971,-4.84705805725918e-05,-5.9284258158758e-05,0.00308506184438864,-0.00856733506298146,-0.00100454733868008,0.00142837725610603,0.0331804335410085,0.0011756328121288,-0.130301958542561,-0.00842703782700097,0.163706648767754,0.00477070795988272,-0.000300419158898345,3.38242824858177e-05,-0.544521994871379,4.96261745511206e-06,0.000295943588697889,-8.22245475591218e-06,-4.24586565850492e-07,-0.00185634500713701,0.000620198985826187,-6.83045397632254e-05,4.97750946183227e-16,-1.63596806496378e-07,-8.32919592552717e-05,4.84563656410926e-05,-0.000133771938628437,1.48062125666194e-06,1.42878715404804e-06,5.00330281653551e-05,1.87826358056148e-06,-5.51249964666372e-07,-1.17259079011568e-05,1.10675864462171e-05,7.71363723096777e-07,3.00940509578267e-16,-7.3290195233244e-06,1.39902960856961e-05,-0.000370756353177945,-3.91602627884083e-06,-9.23946973906391e-05,-3.74690418078784e-05,-0.109149057062653,-0.000382934422731254,2.56371906747713e-07,-0.000657105429636554,-5.60493844897238e-05,0.00785988639803772,-3.05671698771946e-17,0.000197826818500391,2.94221687072963e-07,3.27586256958044e-07,6.54390838251452e-06,2.83993359566132e-05,5.55865381118175e-07,-0.000168438126759762,0.000152417927240245,0.000487184520600675,4.33674896532961e-06,-0.00765661973439283,1.75629532906717e-16,-1.98235105952071e-05,7.29487894305888e-08,1.11313111557983e-06,5.46994832908293e-06,-2.28059534020546e-17,0.00159764351653591,0.00166832777425582,0.0148440363160829,4.56788625096064e-08,-0.000220357032735233,2.06457422476725e-18,-7.70764680363065e-07,-7.89774692438161e-17,1.40530864798337e-07,5.87015944343134e-17,1.34535601758745e-05,-0.0502148937928673,-1.19790168549609e-16,0.000641750705257557,-1.80930550880073e-09,-0.00168843270891152,-1.76846039765324e-10,-2.41389998580255e-05,4.07405513501652e-06,-7.09166002722632e-10,-5.21794332188855e-10,2.17894386164918e-16,-5.19018300974001e-05,1.38876855304559e-06,-5.14175265009657e-17,-1.47415905836501e-07,8.60827034064593e-08,4.47157850544793e-16,-4.88913257196517e-16,-0.000923880153026371,-2.3901906410256e-17,1.91452791875352e-16,2.93784299051103e-16,1.50845420233969e-06,7.98553329565976e-17,8.71900314586282e-08,-4.10905197463267e-15,-3.02214486682523e-08,-0.727497985391492,9.97849408194546e-16,1.86440807448954e-15,-4.29201954708671e-16,4.06445492522969e-17,4.16044955605886e-16,6.24361920403062e-16,-3.83241514277309e-16
"t79",-0.115022489783025,-0.123493493419498,0.0125971806102917,-0.0289536147481188,0.00133287464820356,-0.0114158276975901,0.038622575039542,0.000578705650664305,-0.271405848993611,0.000236487130147326,-0.0628710905208964,0.000277662441818816,-0.00397732449316776,0.00986127872592126,-0.00343808811281282,0.00959487171827977,-8.35699708139083e-05,-0.00453716061778573,0.00274944835861543,-0.00453917701449883,0.00107802583947492,-5.01757823305105e-05,-6.14587005709974e-05,0.0032143780776598,-0.00895641106907097,-0.00105034409810446,0.00149387852895613,0.0348072791087127,0.0012349759407872,-0.137343367744958,-0.00893941085922868,0.173711080663273,0.00507723621606504,-0.000319958411306269,3.62598349799442e-05,-0.584581821492447,5.35754088912266e-06,0.000320234484579518,-8.90312804779827e-06,-4.59947959785217e-07,-0.00201280516733299,0.000673159273493262,-7.41567238677944e-05,4.43658372601654e-16,-1.77857553229703e-07,-9.07089679501871e-05,5.28569596533537e-05,-0.000146386621110217,1.62115018763971e-06,1.56528312767216e-06,5.53027071210771e-05,2.0761651825141e-06,-6.09666797424181e-07,-1.29893619851898e-05,1.22777154641339e-05,8.5838602902847e-07,3.50203623090527e-16,-8.22674278723088e-06,1.57894189022163e-05,-0.000419036740917991,-4.43513281040266e-06,-0.000105350813207702,-4.27592143502006e-05,-0.124861789434856,-0.000438829824068985,2.94823196229568e-07,-0.000759302655829066,-6.48105082190641e-05,0.00912690143470768,-2.64868783855103e-16,0.000234101825600297,3.50622656379602e-07,3.91058110171479e-07,7.91049808546098e-06,3.43326077947014e-05,6.72623120705679e-07,-0.000205360048814031,0.000186712738033952,0.000596977336057644,5.37670995868567e-06,-0.00952797735406109,3.36344549066151e-18,-2.50432795248084e-05,9.24704015406214e-08,1.4123942730193e-06,6.97838657889513e-06,7.48866056080871e-17,0.0020557818981285,0.00214830277842291,0.0193263538313326,5.98052776427864e-08,-0.000290040019518906,-9.95241306602314e-17,-1.01641327151031e-06,-2.03655336076528e-16,1.88805865461526e-07,9.08830132860538e-17,1.82833197019013e-05,-0.0691795387458487,-7.34143083757978e-16,0.000923655658449816,-2.64533448531695e-09,-0.00247688044127003,-2.64867167451164e-10,-3.86667317861876e-05,6.60757974382895e-06,-1.19119569329945e-09,-9.01466386157542e-10,-2.03830253855408e-17,-9.33653951906786e-05,2.57423786992339e-06,-8.39908665680266e-17,-3.49032080095707e-07,2.58127188070348e-07,-1.70270055994132e-16,7.34906887371685e-16,-0.00354290691645633,3.35002667559978e-16,-1.52930578853303e-16,-1.04935599063163e-16,0.000140413041950574,1.12801483246288e-16,-1.5343852364999e-06,3.73550780043898e-15,5.95138472209926e-08,0.685863388551346,-1.05274951177538e-15,-1.90967883572814e-15,4.60956950911044e-16,6.96576238500341e-17,-4.52265173380106e-16,-5.96315595102991e-16,5.4134891966079e-16
"t44",-0.110106791928549,-0.115645911077642,0.0111912487464461,-0.0249636877865087,0.0010875902309146,-0.0090910321279606,0.0269805698953666,0.00039556678931111,-0.180765092396292,0.000137340447429007,-0.0228956424470881,5.56297387807048e-05,-0.00068112318284444,0.00137344431065947,-0.000451689399532329,-0.00125355713442955,1.82374808800415e-05,0.00106215120844627,-0.000966084465415809,0.00217288086354095,-0.0013620352201319,7.1795094249625e-05,0.000123528230101057,-0.0577049791459021,-0.0664948746763908,-0.0073370044497336,0.00958148562409974,0.117276038227056,0.00345781948594151,-0.272061438047296,-0.0105274384444339,0.199615473706656,0.0044245721805239,-0.000256593574385381,6.22902016286786e-08,0.189280536034989,-0.000449571646233776,0.00131474023735612,-2.96021696569938e-05,-1.3563579394124e-06,-0.00490258154480602,0.00139073507522993,-0.000147662404685916,-8.1937510411096e-17,-2.99566130432544e-07,-0.00012886252292385,6.55498302962881e-05,-0.000144005435438938,1.53547813691634e-06,1.42739144293321e-06,2.75394160838272e-05,1.03105508038673e-06,-2.90336890638662e-07,-5.43791597298546e-06,4.53577354620968e-06,2.30233385703927e-07,1.07432585490103e-18,-1.72319083387639e-07,-1.75700224589858e-06,5.96281585656111e-05,8.09705881729857e-07,2.44939891626515e-05,9.27396172366226e-06,0.00946518987516468,-0.000142452808732457,-6.95326749187609e-07,0.000962442262847134,8.12137147138512e-05,-0.0114921739607484,5.96242191526985e-16,-0.000404182084734319,-6.82362956020549e-07,-7.83072988237493e-07,-1.92690190789265e-05,-8.37217603237802e-05,-1.66296895618795e-06,0.000565898667109238,-0.000549426934022962,-0.00176366265268339,-1.85332885672229e-05,0.0344197269985553,2.31732654256174e-16,0.000108552894234788,-4.16826765152302e-07,-6.43792796718116e-06,-3.37898797891515e-05,4.03766593403089e-16,-0.0108488069732533,-0.0114079533200401,-0.0411712819175161,-4.36442364519148e-07,0.00215510577121793,3.42328271654495e-16,7.67017473314542e-06,3.40429510773324e-15,-1.737601828555e-06,-4.32667948717825e-16,-0.000192716189072396,0.865091587830641,7.00535701278971e-15,-0.0222767466679112,8.73619277318312e-08,0.0883241697523749,1.74900108237838e-08,-0.00216749403165926,0.000289255421587897,-3.34555188368749e-08,-2.01914679927361e-08,4.62183176060697e-16,-0.00166281209374475,4.03771010276111e-05,7.10442742604547e-16,-3.22705356504277e-06,1.90478011936369e-06,-3.63119711006302e-16,2.31738981374256e-15,-0.0226739215402507,1.79748815726045e-15,3.38987538169304e-16,5.08019070886232e-17,0.000613714715455863,2.19409161379948e-16,-6.10959262068583e-06,8.64471338606709e-16,1.17200794542342e-07,0.0138805083733823,-3.83284138231689e-17,2.45662904477127e-17,2.31523797478333e-16,-1.99282393814515e-16,-1.87478505524797e-17,-2.87781814532111e-18,2.28361733255026e-16
"t122",-0.111748796810203,-0.118203773707554,0.0116231672606746,-0.0261486472698884,0.00115601384228554,-0.00972178235075826,0.0296986925614222,0.000437269576440216,-0.200798725908192,0.000156065072534643,-0.0273525474756061,6.8559829306758e-05,-0.000843628909715725,0.00171015898309888,-0.00056314625611808,-0.00162145516436194,2.3830652654282e-05,0.00139031632536304,-0.0012798438663349,0.00291186248796011,-0.00191335872646166,0.000101525064260866,0.00017778018730176,-0.088530079287145,-0.106704478663582,-0.011800908519235,0.0154654228633317,0.197563593446755,0.00594330548664324,-0.492168157934095,-0.0211453948988306,0.402986635182271,0.00941565519300956,-0.000553545124063729,1.52916480113813e-07,0.479466575172,-0.00129739763792669,0.00402675296711735,-9.22532120345779e-05,-4.2805561235883e-06,-0.0158724093657506,0.00463546612464627,-0.000495941262019645,-1.91560067565545e-16,-1.04804504012953e-06,-0.000475753307719592,0.000255269588401544,-0.000628613105280409,6.84800012580372e-06,6.50895565015722e-06,0.00019418651694883,7.28646044066434e-06,-2.12372303642428e-06,-4.43181654320515e-05,4.11692308534203e-05,2.77916905278225e-06,-7.00309326758768e-17,-2.42954936603879e-05,4.33576583682947e-05,-0.00112193111894299,-1.13549339017627e-05,-0.000187440677399349,-6.71505106099729e-05,-0.0593540726190531,0.000814244269971121,3.37798680570534e-06,-0.00387524622226629,-0.000319285555250228,0.0393940305556892,-6.87989843920147e-16,0.000879095583435486,1.30636196453275e-06,1.45614061593024e-06,2.9638220288104e-05,0.000128644074957803,2.52294768846874e-06,-0.000778578714430211,0.000713946012752487,0.00228398750522549,2.11119518871974e-05,-0.0377659305330639,-3.70938187113873e-16,-0.000103578445359825,3.86356513207525e-07,5.91850633729386e-06,2.9711745032926e-05,-1.01202740044731e-16,0.00892567491066337,0.00933454121669145,0.0311237297269839,3.17640705763364e-07,-0.00151475098877349,-2.12708346811014e-16,-5.32638978143407e-06,-1.87156149348946e-15,1.07814964086427e-06,1.10295662448502e-16,0.00011220783256238,-0.469139350714714,-3.8739907257034e-15,0.0098913458393768,-3.64051503743204e-08,-0.0363297076494535,-6.65809094239328e-09,0.000663673617062562,-8.54551866910492e-05,8.98963188459591e-09,5.05672695445716e-09,-1.28072005765439e-16,0.000379235848826839,-8.63473413514892e-06,5.36854062881297e-17,4.56167630939752e-07,-2.0325778607444e-07,7.83674030064517e-17,-9.76636458483016e-16,0.00194169857390586,-2.04229166250408e-16,-1.28358564864723e-17,-1.59559598590615e-16,-2.44087458578235e-05,4.08874086084827e-17,1.92663786591218e-07,-3.18470666041425e-16,3.57775632525096e-10,0.000328081817733969,2.95082531816017e-17,9.00052901759035e-18,-1.49395352891328e-17,1.08532543062473e-16,6.18365306871019e-17,-7.62143782193718e-17,-6.95082849741279e-17
"t101",-0.0776124962980581,-0.0612454039476917,0.000174411550505915,0.00878779344094341,-0.00134718466385538,0.0159556184489647,-0.306587396282767,-0.0406425870256164,0.0395868038649515,0.0355581117988435,0.00767935465083143,-0.00660504883251115,0.12522412227056,-0.47358252963941,0.188402008714728,0.247383908539564,-0.00167990739023563,-0.0881516408956982,0.0441705166863905,-0.0639925404779783,0.011667071576572,-0.000535977125149037,-0.000651445960968694,0.0840536561928372,-0.00822902521707239,-0.00193076280969848,0.00524189317024851,-0.00810293133592178,0.001981658980028,0.00887291381044332,-0.00116105431244329,0.0153948893387525,-0.00247485468713652,0.00021797488943746,-0.000123432682034044,4.00761221949239e-05,-0.00367178019847757,0.00910838103176204,-0.0001923842804633,-8.1538171358955e-06,-0.00245235237578815,0.0131578961797523,-0.0013133037876282,3.60455756049708e-17,-2.37824597354338e-06,-0.000991712005898336,0.000504478067056308,-0.00115079620405031,1.23972387836395e-05,1.16563758270458e-05,0.000304497737512788,1.14204825240518e-05,-3.30601095941611e-06,-6.76634283506422e-05,6.18075685645675e-05,4.02740336682495e-06,-7.6654116144751e-17,-3.20419556453877e-05,5.37392637988987e-05,-0.00136584640977047,-1.34420789668557e-05,-0.000188470480843629,-6.38408710477423e-05,-0.00148228428162545,0.0013261699127647,4.08242204281878e-06,-0.00423759061006416,-0.000345604879685826,0.0403115456019639,-2.91271811787092e-16,-0.000207120183718324,9.94224510313522e-07,1.08592290529293e-06,1.90208398527219e-05,3.96167485848488e-07,1.6016952076305e-06,-0.000460203219915856,0.000650884705711369,0.00449393308151936,8.84740931220325e-06,-0.0149274390492554,3.4333536432162e-17,-3.05823383796311e-05,1.05428941545016e-07,1.5767487659326e-06,6.82003441553058e-06,3.19334336372569e-17,-0.000444720218362867,-0.000447385020182909,-0.000107865321184894,3.71292508033786e-08,-0.00013533492261962,7.84621424686712e-17,-4.30443166756379e-07,1.62635237697564e-16,1.77747117512898e-08,7.77665742948162e-17,-4.33520665921172e-07,0.000286187885368462,-1.93082760823578e-16,4.745356656941e-06,6.48866283228756e-08,1.7319515388499e-05,1.23788890565217e-08,-4.52013751358715e-06,8.06473732429724e-05,-7.29110353154741e-09,-3.46057554570508e-09,-4.56070610935223e-16,-2.59295139341803e-06,2.04189911887087e-06,7.3050698223863e-16,1.48868175502137e-06,-1.91345504064674e-06,-2.8480236106919e-16,-2.20938860593068e-15,0.00162733903369554,1.6400225288352e-16,-4.94098177733631e-16,2.10290680912035e-15,-0.723534718003484,-6.89967717313988e-15,-0.000134216148443174,-1.19472544364572e-15,5.83733048186948e-07,0.000137341980944107,5.73558222770528e-16,-4.95555089759039e-16,-1.73380399654098e-16,5.16344453348072e-18,-3.4373708793053e-17,-2.60577645401874e-16,1.48397639804258e-16
"t102",-0.0779027870848236,-0.0615831562776937,0.000176067591280255,0.00888968836718474,-0.00136763549615487,0.0162213763459451,-0.313823742852373,-0.0416428543229212,0.0406067913178945,0.0366637064332953,0.00800603670459183,-0.00693171483782087,0.131554148934359,-0.498069981319037,0.198196256910062,0.2622018935938,-0.00178413827659356,-0.0936533716482004,0.0470383676612262,-0.0683001312769148,0.0125641788240089,-0.000577895074355231,-0.00070465573550834,0.0919472922279597,-0.00906970534661038,-0.00212881316400235,0.0057829122228743,-0.00900042258294375,0.00220801187522564,0.00996246162394039,-0.00132274996229298,0.0175506326062141,-0.00284057578872152,0.00025061159833176,-0.000144064315769313,4.69330410619144e-05,-0.00435628743528538,0.0108650569999806,-0.000229837877226375,-9.75181410975881e-06,-0.00293932912000703,0.0158086698678466,-0.00157885708710926,-2.0498365193648e-16,-2.86840119469266e-06,-0.00120098767424359,0.000613283705273276,-0.00140962940165829,1.52058065667577e-05,1.43164068458707e-05,0.000382044700924455,1.43302103107947e-05,-4.15382134620265e-06,-8.53457223770754e-05,7.82308193343212e-05,5.13641429697627e-06,3.18900191639256e-17,-4.17400761139803e-05,7.09500060163959e-05,-0.00180972740811725,-1.79024583481734e-05,-0.000255288718263781,-8.6658280747132e-05,-0.00202442226830029,0.0018192812486886,5.65045598275164e-06,-0.00593786517417735,-0.000485119386749888,0.0572038697989546,-3.7034941166579e-16,-0.000308878937750858,1.51083304919141e-06,1.65789580192543e-06,3.00527757602902e-05,6.26068832245449e-07,2.53769102720209e-06,-0.000744601677098278,0.00106729228833749,0.00737502442177629,1.50139261066887e-05,-0.0256055244949121,-2.56730244940382e-16,-5.48445053712154e-05,1.91006596840992e-07,2.86505238918707e-06,1.25986899815467e-05,-1.67495139747351e-16,-0.000843512923950205,-0.000850493745391341,-0.000212284688961221,7.43909716852158e-08,-0.000275858509172111,-5.65722192602793e-17,-8.82798457467362e-07,-1.54596657993522e-16,3.87974858542112e-08,-1.31109413010785e-16,-9.84536899895083e-07,0.000682403926655212,2.74530575233194e-16,1.33966653661623e-05,1.95719762044596e-07,5.30059450164068e-05,4.16162215877494e-08,-2.18562925805293e-05,0.000422829308747343,-4.97701424061322e-08,-3.08607866947828e-08,4.71338130823878e-16,-4.02113391559145e-05,6.71355537327934e-05,-6.4652043066561e-16,-7.03237642399671e-06,4.85427776960451e-06,4.07225497278738e-16,2.16042722303245e-15,-0.00299831044784613,-1.03275955910227e-16,4.03412373143219e-16,-1.91650409561724e-15,0.690118659766864,6.78571900671563e-15,0.000113385082997894,1.31412821665582e-15,-2.8167219983256e-07,-4.38958648748752e-05,-6.29109046453351e-16,4.90149330160627e-16,2.46088920706923e-16,2.04425198484239e-17,9.90235941992911e-17,2.15649263587905e-16,-1.16837796818541e-16
"t68",-0.0799461557453422,-0.0640993502512037,0.000190208820073685,0.00983042094465537,-0.00158595038465408,0.019248771541618,-0.432352054293154,-0.059098285812163,0.0598323603017616,0.0691956335831958,-0.0706355704734013,0.00590130215796526,-0.0889511610982254,0.264337890272263,-0.0991731553791384,-0.00557247826972394,-7.99548884145686e-05,-0.00512364193990605,0.00536318676999803,-0.0108774840043482,0.0034732413301104,-0.000166074890542336,-0.000220108312582457,0.0340317159625198,-0.00356292809799021,-0.000838228858104559,0.00228491420663525,-0.00367540422892479,0.000911676688883256,0.00419349319979514,-0.000565005725289225,0.00749780919379923,-0.00121291030736194,0.000106938147163629,-6.06195826062077e-05,1.96515447066404e-05,-0.00178011208493974,0.00438428722751405,-9.23936366862448e-05,-3.9093080429236e-06,-0.00117162162890601,0.00626000026203045,-0.000624116411937813,-1.01609666516139e-16,-1.12324805954295e-06,-0.000464417577042162,0.000234182194468874,-0.000523850415696872,5.62210450425096e-06,5.26545119775652e-06,0.000127350621949726,4.77458669805335e-06,-1.37408962083035e-06,-2.76231465218719e-05,2.48032018657501e-05,1.55048722487927e-06,-8.9528651917171e-17,-1.05889625273477e-05,1.54748386402663e-05,-0.000376208528873961,-3.44668807838273e-06,-3.48133614228412e-05,-1.11456791877951e-05,-0.000213199567686069,0.000159036909939819,2.76209042690122e-07,6.72222197486971e-05,9.98942656954376e-06,-0.00476506640407882,-1.70155151375909e-16,0.000167717993701889,-1.30914093233618e-06,-1.6116998391973e-06,-7.55996320962529e-05,-1.58570651725883e-06,-7.02182267232342e-06,0.00566906614390728,-0.0688313870832953,-0.821351473574832,7.10199010409583e-05,-0.0956668355523295,-4.71819825733082e-17,-0.000121320844090306,3.92892846542026e-07,5.78118079799968e-06,2.31150461248164e-05,9.33987883990483e-17,-0.00137306831624013,-0.00137221358718032,-0.000305155171368721,1.01902955754124e-07,-0.00036270875803725,-1.76801453862768e-16,-1.14511914687236e-06,-2.35850642220991e-16,4.49472865449835e-08,3.56032007907257e-16,-1.07910265485789e-06,0.00070681582596306,-8.07062843459802e-16,1.20843265675393e-05,1.69697994134663e-07,4.55947799736234e-05,3.41795652435812e-08,-1.58399761715233e-05,0.000300259404934768,-3.34723972295471e-08,-1.99204830823082e-08,-6.64313211449499e-16,-2.45435878418929e-05,3.9381564013688e-05,-8.94871950764942e-17,-3.0744185273851e-06,1.63442753213852e-06,4.0433885161429e-16,4.44907245833925e-16,-0.000775717641056634,-1.34649809357466e-16,5.49240700736956e-16,3.47899656189015e-16,0.00408230100502704,3.24600060680112e-16,-6.79116568241822e-06,3.76695411401807e-16,1.36329589598642e-07,4.30224332557063e-05,6.99714420094231e-18,-2.57974025807909e-16,-1.28882713091845e-17,2.35101341217227e-16,-3.51523719897678e-16,8.66151323739774e-17,3.17865847950795e-17
"t109",-0.0803703309389896,-0.0646030627506359,0.000192808712472517,0.00999539915123049,-0.00162112276924428,0.019718969147087,-0.447595667785238,-0.0612768266937837,0.0621485861817192,0.0724750228893594,-0.0753631645947209,0.00636959932408429,-0.0961884801788049,0.28641102673677,-0.107505867203264,-0.0061245739969007,-8.82127838653998e-05,-0.00565652849234073,0.00594784072499892,-0.0121157315913429,0.00393834452472772,-0.000188787782309918,-0.000251891762775812,0.0399089596852796,-0.00425093790775619,-0.00100098037270282,0.00273225969541362,-0.00446791241107517,0.00111687433978612,0.00523975606367351,-0.000735052585419898,0.00977346983167433,-0.00161341774624942,0.000142997098377019,-8.51593508777816e-05,2.79363165291023e-05,-0.0026569850293495,0.00668864502256672,-0.000141850655560446,-6.02942912139659e-06,-0.0018237991292297,0.00984701342751358,-0.000984420750515269,2.07133264956951e-17,-1.7976094048728e-06,-0.000757414367693241,0.00038903617190109,-0.000904341841967879,9.77434923207894e-06,9.22088100354786e-06,0.000253802761444911,9.52116275242427e-06,-2.76517569247968e-06,-5.71369362909631e-05,5.26418082580386e-05,3.49563128867632e-06,4.62609187371784e-17,-2.93642933556997e-05,5.1064230919417e-05,-0.00131082013527763,-1.30900041373878e-05,-0.00019301267499694,-6.58146129842049e-05,-0.00155826142972639,0.00141468010038695,4.4896016272943e-06,-0.00487550812823716,-0.000400311538769799,0.0487915385164834,-3.44595721169733e-16,-0.000327407528546099,1.82543696044766e-06,2.08381884066624e-06,5.9344999970591e-05,1.24133490553985e-06,5.30935984449325e-06,-0.00324935385362235,0.0331642690924728,0.391531196695297,-2.1673554167392e-05,0.0250686007354451,-1.60379083758701e-16,1.49663925395633e-05,-3.86273561109135e-08,-5.28566131170716e-07,-1.28549414591598e-06,-1.98059102362377e-16,8.83769717588065e-06,3.58096711331607e-06,-1.51046078070865e-05,7.3812195851548e-09,-3.35230366584167e-05,1.44319335958399e-16,-1.13509591074976e-07,-2.63182294364819e-17,7.03334560390171e-09,-5.4335287710556e-16,-1.99855971052924e-07,0.000151656844629156,6.91440366148346e-16,3.43320384333127e-06,5.13802424858981e-08,1.39716431103599e-05,1.11768005385517e-08,-5.95013861667826e-06,0.000114853126036268,-1.33693861091345e-08,-8.18398738186767e-09,5.67299161270294e-16,-1.0422956983346e-05,1.70673549511682e-05,8.08664842142212e-16,-1.46604971398151e-06,8.12441124660446e-07,-0.707106781186547,4.57966997657877e-16,-0.000395005483756653,4.08440937963863e-15,-2.64538738897883e-15,2.50645339032525e-15,0.00218480263221995,-9.16359002381322e-16,-3.66582555558909e-06,-1.78503045678013e-15,7.61981848396777e-08,2.45297630325685e-05,-4.54956417474182e-16,1.96393002999919e-16,3.45992817466228e-17,-4.27038488509721e-16,3.21875807256645e-16,-5.27745069193206e-16,-1.11042065888769e-16
"t110",-0.0803703309389896,-0.0646030627506359,0.000192808712472507,0.00999539915123045,-0.00162112276924431,0.019718969147087,-0.447595667785238,-0.0612768266937837,0.0621485861817192,0.0724750228893594,-0.0753631645947209,0.00636959932408431,-0.096188480178805,0.28641102673677,-0.107505867203264,-0.00612457399690064,-8.82127838655573e-05,-0.00565652849234072,0.00594784072499891,-0.0121157315913428,0.00393834452472768,-0.000188787782309994,-0.00025189176277556,0.0399089596852796,-0.00425093790775613,-0.00100098037270299,0.00273225969541336,-0.00446791241107425,0.00111687433978625,0.00523975606367347,-0.00073505258541978,0.00977346983167394,-0.00161341774624957,0.000142997098377142,-8.5159350877741e-05,2.79363165292761e-05,-0.00265698502934947,0.00668864502256682,-0.000141850655560476,-6.02942912148127e-06,-0.00182379912922967,0.0098470134275137,-0.00098442075051525,-1.28941751335652e-16,-1.79760940480989e-06,-0.000757414367693489,0.000389036171901058,-0.000904341841968044,9.77434923190131e-06,9.22088100320625e-06,0.000253802761444751,9.52116275236282e-06,-2.76517569258409e-06,-5.71369362909857e-05,5.26418082579386e-05,3.49563128865298e-06,3.96401830572714e-17,-2.9364293355675e-05,5.1064230919237e-05,-0.00131082013527735,-1.30900041371011e-05,-0.000193012674997147,-6.58146129843085e-05,-0.0015582614297261,0.00141468010038702,4.48960162731647e-06,-0.0048755081282369,-0.000400311538769681,0.0487915385164831,-4.91127711490208e-17,-0.000327407528546014,1.82543696016085e-06,2.08381884049763e-06,5.93449999701498e-05,1.24133490552163e-06,5.30935984397533e-06,-0.00324935385362221,0.0331642690924727,0.391531196695298,-2.16735541677483e-05,0.0250686007354447,-4.73509202026178e-17,1.49663925395737e-05,-3.8627355256962e-08,-5.28566131852842e-07,-1.28549414617272e-06,9.58795873920413e-18,8.83769717509482e-06,3.58096711373717e-06,-1.51046078073931e-05,7.38121953197637e-09,-3.35230366579482e-05,1.51715953945839e-17,-1.13509591399515e-07,2.92811649041803e-16,7.0333449998588e-09,1.91859411661825e-16,-1.99855970875983e-07,0.000151656844629645,5.04585627268298e-17,3.43320384304201e-06,5.13802418977455e-08,1.39716431111954e-05,1.11768003263293e-08,-5.95013861746235e-06,0.00011485312603675,-1.33693851198543e-08,-8.18398804242801e-09,5.79087776709811e-17,-1.04229569797929e-05,1.70673549507797e-05,-6.40136254375767e-16,-1.46604971109666e-06,8.1244113033993e-07,0.707106781186548,-6.52256026967279e-16,-0.000395005483761566,-3.91123014724259e-15,2.20572530625849e-15,-2.83161260742308e-15,0.0021848026322188,9.41030968236709e-16,-3.66582555356119e-06,1.62456853525228e-15,7.61981856173488e-08,2.45297630332166e-05,3.96551636705009e-16,6.49832255477471e-17,1.46116517881246e-16,2.24146360977521e-16,1.09907805768918e-16,3.90695218824493e-16,1.07138034471601e-16
"t128",0.109846017019695,-0.0278226075981196,0.0737571036593597,-0.00178945963932423,-0.200485687916187,-0.00952260227416991,0.0115362673226285,-0.000155629484048195,-0.00130249767429688,0.049756860748252,-0.00108522879909028,0.00187143607977705,-0.143668299629205,-0.112508740383722,-0.186425695625658,0.0138919735024939,-0.00130762921450274,-0.0115982912768457,-0.00658927363406267,0.0517415896087183,-0.000577632347633435,-0.00226385645173048,-0.0754691662823601,7.06683407318563e-05,0.000108892659431396,-3.41139942953455e-05,0.000167686864600169,-2.22947676101343e-05,0.000133464678622111,3.39860979404333e-07,-0.000139096633680062,8.40771977215007e-05,-0.00368747161617964,0.000878994231246883,2.01847548605325e-05,-3.14940433400978e-07,-0.00159713989977544,-0.000764718272561834,-0.00171749598923313,0.00387105068866924,2.37901313331818e-05,-0.000265662994898733,2.33770107381272e-05,3.29553201378598e-16,-0.000931002781060625,0.00114396401777126,1.46000504543651e-06,-0.000138060884253932,-0.263070529787304,0.0002332530689963,-0.00956286980195731,0.00013659310971012,-0.532675010268811,0.000588133116748929,0.00135824305674583,3.57929040586957e-07,6.93965203425319e-16,-0.00770965762660692,-0.00164714700004084,4.25263071203025e-05,-0.00411246363553458,5.94988445338672e-06,1.80512770850839e-06,1.45028954904106e-06,-2.29519461235304e-05,-7.60405998937784e-07,0.000163890311295234,-9.1716919965552e-06,-7.99363093356709e-08,7.055026495337e-16,-2.33111153919927e-07,-7.64010914086598e-07,-2.98949293481984e-08,-0.0117875012208152,2.19119602568388e-06,0.0146990790931139,0.00127846641389406,0.000212464409494107,-8.48819568441406e-06,0.00124466291002151,-8.18278799906424e-07,1.1774381589471e-16,4.62853671278629e-05,-0.00230887954212153,-0.0320335517946867,9.3167820187012e-06,-4.59186357231705e-16,5.09820246987619e-07,5.06192057012599e-07,1.23392784291514e-07,1.18780732854718e-05,-3.8646088928322e-05,1.99127088425473e-15,9.47826101360058e-05,-1.36099061904e-15,3.41212655189684e-08,-4.08926108475221e-16,1.48998842059919e-06,-5.32648046242673e-08,-0.707106781186549,5.48746629733254e-11,1.0167678634671e-07,1.91434338650195e-09,6.048402079258e-07,-4.24202320492562e-09,7.16387580469735e-06,-9.8644323040791e-05,-5.95509546499612e-07,3.89974733880236e-17,-7.61399696893802e-09,2.41768841081555e-06,-3.04174978259418e-16,-2.09395358017304e-07,4.46598103345818e-05,-3.55349443920502e-16,-4.30211422042248e-16,-5.11167737953649e-07,-3.5531647221199e-16,-1.94556520473787e-16,-9.37097738524895e-18,6.11174100113854e-07,-1.24444343684443e-16,-5.91732889968638e-07,-1.64798730217797e-16,2.87847140984361e-07,4.53439094709462e-08,3.28072626081165e-17,-7.24803787613542e-18,1.94005612047523e-16,1.00334773469229e-16,-4.69939175226191e-17,-4.95055690231341e-17,-1.76064842577417e-16
"t85",0.109846017019695,-0.0278226075981196,0.0737571036593597,-0.00178945963932424,-0.200485687916187,-0.00952260227416987,0.0115362673226285,-0.000155629484048199,-0.00130249767429686,0.049756860748252,-0.00108522879909032,0.00187143607977698,-0.143668299629205,-0.112508740383722,-0.186425695625658,0.0138919735024938,-0.00130762921450292,-0.0115982912768457,-0.00658927363406277,0.0517415896087184,-0.000577632347633488,-0.00226385645173062,-0.0754691662823614,7.0668340732061e-05,0.000108892659431608,-3.411399429511e-05,0.000167686864600064,-2.22947676093987e-05,0.000133464678622091,3.39860979345352e-07,-0.00013909663368002,8.4077197721244e-05,-0.00368747161617978,0.000878994231246771,2.01847548605364e-05,-3.14940433265181e-07,-0.00159713989977568,-0.000764718272562132,-0.00171749598923317,0.00387105068866915,2.37901313334503e-05,-0.000265662994898884,2.3377010738295e-05,1.60092509608774e-16,-0.000931002781060942,0.00114396401777124,1.46000504518931e-06,-0.000138060884253815,-0.263070529787304,0.00023325306899619,-0.00956286980195777,0.000136593109709923,-0.532675010268813,0.000588133116749405,0.00135824305674581,3.57929040610159e-07,7.47776912796071e-16,-0.00770965762660656,-0.00164714700004072,4.25263071192755e-05,-0.00411246363553451,5.94988445353937e-06,1.805127708488e-06,1.4502895490931e-06,-2.29519461239121e-05,-7.60405999375357e-07,0.000163890311294674,-9.17169199627775e-06,-7.99363094675098e-08,-1.4560537014188e-16,-2.33111154173196e-07,-7.64010913926496e-07,-2.98949293084505e-08,-0.0117875012208148,2.19119602603603e-06,0.0146990790931142,0.001278466413894,0.000212464409495259,-8.4881956857602e-06,0.00124466291002134,-8.18278799854383e-07,1.3841530855593e-15,4.62853671297468e-05,-0.00230887954212345,-0.0320335517946876,9.31678201905725e-06,9.74183948428571e-16,5.09820250970544e-07,5.06192052419918e-07,1.2339278525602e-07,1.18780732841519e-05,-3.8646088927428e-05,-1.0831781745118e-15,9.47826101365853e-05,9.79468702717227e-16,3.41212616916941e-08,4.74338476137134e-16,1.48998841834579e-06,-5.32648158357851e-08,0.707106781186547,5.4845883910859e-11,1.01676788802373e-07,1.91433386547216e-09,6.04840208145418e-07,-4.24202272614194e-09,7.16387580166234e-06,-9.86443230406589e-05,-5.95509545640199e-07,-2.82925026230703e-16,-7.61399620522601e-09,2.41768840993778e-06,1.52402179873703e-16,-2.09395358398944e-07,4.46598103343741e-05,-1.88949311050534e-17,2.0122792321331e-16,-5.11167737610174e-07,2.11430125920038e-16,-1.61722933923087e-16,1.8798160370157e-17,6.11174099877931e-07,-5.45849778503872e-17,-5.91732889618224e-07,1.71737624121704e-16,2.87847141352936e-07,4.53439098018447e-08,-1.70979710445122e-16,-1.06271490518591e-17,1.24598128805457e-16,2.46438950131511e-16,-1.15598758261143e-16,4.66777514470082e-17,-1.38150248178211e-16
"t62",0.109836141590007,-0.0278188372547811,0.073739026505112,-0.00178891005860546,-0.200401464006127,-0.00951813343581587,0.0115279233856985,-0.000155510679559518,-0.00130144219904541,0.0497050030282047,-0.00108345589467275,0.00186757871159617,-0.143361698609879,-0.112259758532017,-0.186009538948361,0.0138527390988416,-0.00130370533669737,-0.0115631297777479,-0.0065678641609046,0.051562286048273,-0.000575069338932454,-0.00225347721447543,-0.0750924191074637,7.01977816399379e-05,0.000108019233327736,-3.38378241408624e-05,0.000166310096676458,-2.2078712180712e-05,0.000132070491859912,3.3559426496424e-07,-0.000136619816563942,8.25556444869271e-05,-0.00360879078299783,0.000859439792094574,1.95285333564493e-05,-3.03753218420957e-07,-0.00151594376995791,-0.000719088739668401,-0.00161013471202931,0.00362077844049921,2.21433481755818e-05,-0.000245786897085961,2.1591989017244e-05,6.51344480641692e-16,-0.000851700456187823,0.00103131674630965,1.29371708527124e-06,-0.000116373017282025,-0.219072570800031,0.000191585214428412,0.00210647264816745,-3.32842928670491e-05,0.394947387356676,0.0103009296981781,0.00368595565150959,5.83090177159378e-07,4.68078324170918e-16,-0.00987208157289488,-0.00202858060978246,5.20477054876123e-05,-0.00499769402449333,7.14301622035214e-06,2.16571272636506e-06,1.73826392009524e-06,-2.75097424604839e-05,-9.12968338652716e-07,0.000197921889450324,-1.10888819295495e-05,-9.75224874293079e-08,-4.58784856552337e-16,-3.15373215926777e-07,-1.14296982842109e-06,-4.6463310744251e-08,-0.0788222310848625,1.53982277519968e-05,0.379143780624795,-5.53767092918191e-06,8.45253588334181e-05,-3.50005820344557e-06,0.000874796017729297,-6.08185859465871e-07,0.707106781186545,3.86231249633572e-05,-0.00195475378280079,-0.0272220621056124,8.06114415186467e-06,4.29128638626429e-16,4.50592994954285e-07,4.48062780704361e-07,1.11296789652437e-07,1.07927236584316e-05,-3.53261907049683e-05,4.25334075612848e-16,8.68078847914119e-05,3.63773088804888e-16,3.17252618033592e-08,-3.86813895150811e-16,1.39463942620995e-06,-5.01709716427962e-08,-5.37808825580633e-16,5.23531738794158e-11,9.73306645219774e-08,1.83359423130969e-09,5.81196369797945e-07,-4.10460434391302e-09,6.93812079794724e-06,-9.57432466490923e-05,-5.78811888389136e-07,-1.56746048999793e-16,-7.41274455056187e-09,2.35616031480854e-06,1.14133222725083e-16,-2.05025050875954e-07,4.3814946659778e-05,-1.72665562131522e-16,-4.02455846426619e-16,-5.02070170514679e-07,3.05980536837884e-16,3.35522226347241e-16,-2.13876323785866e-17,6.01685187839873e-07,5.34306977496852e-16,-5.82773701858497e-07,-3.20923843055709e-16,2.83933674495774e-07,4.47667116683717e-08,-6.60550316734882e-17,-3.18902096542389e-17,1.01133370996922e-16,-2.05476277784948e-16,1.57376419628047e-16,4.26710081201407e-17,-2.12394732241649e-17
"t107",0.109836141590007,-0.027818837254781,0.0737390265051119,-0.00178891005860547,-0.200401464006126,-0.00951813343581585,0.0115279233856985,-0.00015551067955951,-0.00130144219904543,0.0497050030282047,-0.00108345589467274,0.00186757871159612,-0.143361698609879,-0.112259758532017,-0.186009538948361,0.0138527390988416,-0.00130370533669746,-0.0115631297777479,-0.00656786416090466,0.051562286048273,-0.000575069338932423,-0.00225347721447537,-0.0750924191074641,7.01977816400861e-05,0.000108019233327893,-3.38378241407406e-05,0.000166310096676345,-2.20787121805732e-05,0.000132070491859781,3.35594265059649e-07,-0.000136619816564026,8.25556444869757e-05,-0.00360879078299777,0.00085943979209453,1.95285333563226e-05,-3.03753218787906e-07,-0.00151594376995791,-0.000719088739668357,-0.00161013471202951,0.0036207784404991,2.21433481758741e-05,-0.000245786897086079,2.15919890170202e-05,5.33927579059699e-16,-0.000851700456188135,0.00103131674630975,1.29371708548699e-06,-0.000116373017282081,-0.219072570800031,0.000191585214428079,0.00210647264816761,-3.3284292866947e-05,0.394947387356673,0.0103009296981783,0.00368595565150943,5.83090176977394e-07,7.35847441950165e-16,-0.00987208157289406,-0.00202858060978185,5.20477054876747e-05,-0.0049976940244934,7.14301621978055e-06,2.16571272650709e-06,1.73826392068505e-06,-2.75097424611154e-05,-9.12968337622527e-07,0.000197921889450057,-1.10888819301035e-05,-9.75224882498321e-08,-1.69001941569533e-15,-3.15373216128872e-07,-1.14296982905347e-06,-4.64633107432159e-08,-0.0788222310848577,1.53982277504615e-05,0.379143780624792,-5.53767092922441e-06,8.45253588345704e-05,-3.50005820458354e-06,0.000874796017730794,-6.08185849584886e-07,-0.70710678118655,3.86231249603144e-05,-0.00195475378279874,-0.0272220621056042,8.06114416053525e-06,1.57858593607346e-16,4.5059299219781e-07,4.4806278442968e-07,1.11296792099265e-07,1.07927236586845e-05,-3.53261907058954e-05,6.46325067694874e-16,8.68078847932263e-05,-3.71441256613709e-16,3.172526128858e-08,-8.00338427095685e-17,1.39463942553861e-06,-5.01709713912613e-08,1.09942593909774e-15,5.23515146164111e-11,9.73306657007763e-08,1.83359369658118e-09,5.81196369552075e-07,-4.10460463534656e-09,6.9381207994827e-06,-9.57432466494799e-05,-5.78811888416723e-07,3.70757729442347e-16,-7.4127445024233e-09,2.35616031481894e-06,-2.11536846559548e-17,-2.05025051236776e-07,4.38149466592506e-05,1.72066570866585e-16,2.15105711021124e-16,-5.02070170497332e-07,-7.39168063744126e-17,-1.449076496659e-16,-6.31038953644781e-17,6.01685187895384e-07,1.35033241014303e-16,-5.82773702222789e-07,3.50414142147315e-16,2.83933674085187e-07,4.47667115712272e-08,-4.40194639263342e-16,-2.81898060061899e-17,7.53263832290698e-17,1.24072526219577e-16,2.62526852224173e-16,-8.14640293085173e-17,9.20534402559023e-17
"t59",0.109713585461374,-0.0277729377348882,0.0735281790195624,-0.00178264193485019,-0.19947668930657,-0.00946982313816845,0.0114440398527624,-0.000154328746745724,-0.00129106661014892,0.0492224735388524,-0.00106877910286261,0.00183780886266644,-0.14102148399916,-0.11038146513415,-0.182878948696612,0.0135802985887948,-0.00127704397523388,-0.0113251048436222,-0.00642657914632429,0.0504073360175586,-0.00056009501503005,-0.00219364860611129,-0.0729968012585557,6.78928154165068e-05,0.000104099178705136,-3.26038446280017e-05,0.000160200161901644,-2.11952845131647e-05,0.000126583349347255,3.20345721739265e-07,-0.00012933731429102,7.81238313846411e-05,-0.00340097944046183,0.000809086389281215,1.82019085621828e-05,-2.82444446943544e-07,-0.00139595798689201,-0.000659315655692341,-0.00147445374518459,0.00331268293314902,2.02224079182928e-05,-0.00022400552636574,1.9668032236467e-05,1.7961526231545e-17,-0.000773615353032224,0.000933333386434846,1.16663917727137e-06,-0.000104172459982143,-0.195842037316143,0.000171034021051683,0.00183594196037223,-2.90065129744645e-05,0.343621328437761,0.00891810402254173,0.00317656734404547,4.97231056910386e-07,4.98331951892464e-16,-0.00813600983768224,-0.00162880634893409,4.14717093426969e-05,-0.00393605249520862,5.38216386555389e-06,1.62154588133193e-06,1.27655571910412e-06,-1.98975912972486e-05,-6.38338005917925e-07,0.0001308121999556,-7.26288896806145e-06,-5.9898557426552e-08,2.20785440215872e-15,-9.14454955777341e-08,-3.80367261198957e-08,2.60779643575578e-09,0.140912497742342,-2.79167421738764e-05,-0.824212236903231,0.00445808467246681,0.000542718199211592,-2.13957918488578e-05,0.00229189213843696,-1.42848525076095e-06,1.484904966035e-15,7.06759076781645e-05,-0.0034570343836285,-0.0477141825162236,1.35235895826124e-05,-2.34051095894015e-16,7.16413758669251e-07,7.09617670281021e-07,1.67729586678968e-07,1.59431888583304e-05,-5.13252268793792e-05,-5.55143331070374e-16,0.000125443115349643,-1.85461060471429e-17,4.39059737891663e-08,4.28973700086437e-16,1.89225906471746e-06,-6.67837615712236e-08,2.96106215514459e-16,6.68692453839603e-11,1.2305645172929e-07,2.3136901374822e-09,7.25482465929964e-07,-5.00146475623797e-09,8.4266299653989e-06,-0.000115374380632916,-6.93883171840017e-07,1.15829046015246e-17,-8.83185706946482e-09,2.79654986607564e-06,-9.22419802481882e-17,-2.38940658019854e-07,5.06509198277194e-05,5.60286030786564e-17,-2.42861286636753e-16,-5.77655571022684e-07,-1.34743239874206e-16,1.08307191051983e-17,2.86825647575111e-16,6.85461368166163e-07,-2.57324161799946e-16,-6.6278039744308e-07,1.35308431126191e-16,3.20661462589126e-07,5.03544366485704e-08,4.47379588290646e-16,1.47518024857635e-16,-3.61841498056181e-18,-1.6039338833567e-16,-2.8225391459731e-16,-1.84849702436091e-17,-2.78402539540139e-17
"t72",0.109388980808546,-0.0276506736210625,0.0729592103968488,-0.0017656095090602,-0.196933316377851,-0.00933628702628697,0.0112064830023183,-0.000150969458735802,-0.0012614545585003,0.0478182113489392,-0.00102414286396567,0.00174468484815862,-0.133667516633784,-0.104450261256889,-0.172981627764422,0.0126888931999334,-0.001188965763542,-0.0105374631091851,-0.00595365462611297,0.0464982474829985,-0.000507004295263468,-0.00198011781541954,-0.0653831247234209,5.89417009846339e-05,8.81158747603767e-05,-2.75596923424615e-05,0.000135126878223483,-1.73912801885723e-05,0.000102402259762487,2.48946859281521e-07,-9.04218459536373e-05,5.42822303963228e-05,-0.00220023854001928,0.000512542854189674,8.72225347805481e-06,-1.22231224745971e-07,-0.00025794749470967,-2.04217772696476e-05,3.02006287797669e-05,-0.000198549293821994,-2.95465452141742e-06,5.72522090521912e-05,-5.63556346548622e-06,-6.58737744777983e-16,0.000364236148798697,-0.000722175195703773,-1.36474433172842e-06,0.000273899221340935,0.602271677076671,-0.000622373304290939,-0.017612848752218,0.000239012878339554,-0.033178823049791,0.0263338246290436,0.0100003539981623,1.45356265361473e-06,1.8880783649299e-15,-0.0194483282053201,-0.00363309717830978,9.12837636467337e-05,-0.00852562668945039,1.12959734782834e-05,3.39659776673446e-06,2.66494167984639e-06,-4.15222498065717e-05,-1.33799204287416e-06,0.000279207939687914,-1.55610706975211e-05,-1.32475854022762e-07,3.56438465007021e-16,-3.58018120845752e-07,-1.14779574137397e-06,-4.46664826753757e-08,-0.0151835448273574,2.79775329575013e-06,0.00974146327300705,0.00189903404201916,0.000310665041936011,-1.24024062902184e-05,0.00178036137786558,-1.16457873413495e-06,-1.45336283191387e-16,6.47844124920215e-05,-0.00322149609922198,-0.0446560356372312,1.2927792575806e-05,6.50335591582239e-15,7.02756017316453e-07,6.97387226814006e-07,1.68751254219467e-07,1.61897439891391e-05,-5.25164064068894e-05,-0.707106781186548,0.000128669176618465,4.07637680582632e-15,4.59023669657533e-08,-2.57304204184851e-15,1.99490011367799e-06,-7.09554621274033e-08,-1.27558594671582e-15,7.21576548512459e-11,1.33249198369927e-07,2.50697004952269e-09,7.88828011242206e-07,-5.4761523995972e-09,9.23417061432977e-06,-0.00012667435619633,-7.62743817250442e-07,4.02781467502227e-17,-9.72100067499551e-09,3.08040106473256e-06,6.63373085465888e-17,-2.63962820219732e-07,5.60049734535852e-05,-8.38782746583518e-17,-2.22044604925031e-16,-6.38965943856873e-07,-2.06749992236294e-17,-1.47227556541147e-16,-2.07496762960724e-16,7.58570393374902e-07,3.98068957809059e-16,-7.33493037377575e-07,1.6306400674182e-16,3.54858110085366e-07,5.57158363429996e-08,2.57299472500852e-16,5.68325389661955e-17,-2.31755963065837e-17,-2.9078366571902e-17,-1.9497539280635e-16,-1.30484653493267e-16,-9.12541102324356e-18
"t73",0.109388980808546,-0.0276506736210625,0.0729592103968488,-0.00176560950906019,-0.196933316377851,-0.00933628702628695,0.0112064830023183,-0.000150969458735823,-0.00126145455850031,0.0478182113489392,-0.00102414286396569,0.00174468484815858,-0.133667516633784,-0.104450261256889,-0.172981627764422,0.0126888931999334,-0.00118896576354184,-0.010537463109185,-0.00595365462611296,0.0464982474829985,-0.00050700429526349,-0.00198011781541968,-0.065383124723421,5.89417009847212e-05,8.81158747603819e-05,-2.7559692342416e-05,0.000135126878223405,-1.73912801887458e-05,0.000102402259762433,2.48946859227744e-07,-9.04218459534499e-05,5.42822303964408e-05,-0.00220023854001932,0.000512542854189659,8.72225347817667e-06,-1.22231224934243e-07,-0.000257947494709592,-2.04217772694793e-05,3.0200628779884e-05,-0.000198549293821469,-2.95465452133156e-06,5.72522090521929e-05,-5.63556346568181e-06,-8.41390137644046e-16,0.000364236148798766,-0.000722175195703276,-1.36474433181754e-06,0.000273899221341243,0.602271677076673,-0.000622373304290626,-0.017612848752218,0.000239012878339526,-0.0331788230497912,0.0263338246290433,0.0100003539981623,1.45356265331836e-06,1.79593721455202e-15,-0.0194483282053202,-0.00363309717830966,9.12837636466782e-05,-0.00852562668945061,1.12959734783042e-05,3.39659776746738e-06,2.66494168032518e-06,-4.15222498067001e-05,-1.33799204385898e-06,0.00027920793968841,-1.55610706971929e-05,-1.3247585381633e-07,-1.05578464580335e-15,-3.58018120312324e-07,-1.14779574206774e-06,-4.46664839991239e-08,-0.0151835448273581,2.79775329473791e-06,0.00974146327300536,0.00189903404201939,0.000310665041937663,-1.24024062907457e-05,0.00178036137786581,-1.16457873172021e-06,-4.54163326260409e-16,6.47844124922435e-05,-0.0032214960992172,-0.0446560356372327,1.29277925751672e-05,-6.1877683441667e-15,7.02756011387168e-07,6.97387231823887e-07,1.68751254941979e-07,1.61897440020489e-05,-5.25164064334116e-05,0.707106781186546,0.000128669176637944,-4.12195519142086e-15,4.59023607998413e-08,2.44012105272686e-15,1.99490011465464e-06,-7.09554623962855e-08,1.47878881791498e-15,7.21547266380185e-11,1.33249199439167e-07,2.50696758578167e-09,7.88828012056089e-07,-5.47615112284072e-09,9.23417061469545e-06,-0.000126674356196257,-7.6274381775958e-07,-1.04501070866995e-16,-9.72100048157384e-09,3.08040106503094e-06,3.10344506161744e-16,-2.6396282002154e-07,5.60049734539061e-05,2.07654715023284e-16,-6.93889390390723e-18,-6.3896594337115e-07,6.28973981203062e-19,1.1743102170042e-16,3.31363500411199e-16,7.58570393631641e-07,-4.94424770778161e-17,-7.33493037499006e-07,-9.36750677027476e-17,3.54858110294617e-07,5.57158363959087e-08,-1.95350271061625e-16,-5.55516939443294e-17,-1.48585288166654e-16,1.34715130487122e-16,4.95215622373346e-16,-3.96027825902575e-17,2.45813378487263e-16
"t65",0.108903445336024,-0.02745591803498,0.0719141860804747,-0.00173184440474781,-0.191172365406461,-0.00901630811835148,0.0104525087205249,-0.000139831205969735,-0.00115811367022158,0.0414863953695345,-0.000592272647360886,-0.00046871261386847,0.0895145763028979,0.148618427024907,0.294639010895339,0.0349725856442368,-0.00277211452972114,-0.0240552477343282,-0.0121716811039795,0.0887436532697426,-0.000849034554502512,-0.00328633994102452,-0.106565936536809,9.37635195743785e-05,0.00014073223680405,-4.40385068706741e-05,0.000216100460525784,-2.82096722569319e-05,0.000167617297586461,4.19618657276216e-07,-0.000166418826466751,0.000100438419681617,-0.00433343663797546,0.00102838623497555,2.24757970967476e-05,-3.45527478484893e-07,-0.00161527990555318,-0.000733483188367003,-0.00161760665254752,0.0035947162727148,2.14083338699652e-05,-0.000229448639164272,1.99525160401073e-05,-1.88590131576227e-16,-0.000738741042750651,0.000797140001933147,8.37913207837535e-07,-2.04019560198522e-05,-0.00630356289241075,-3.0154463918506e-05,-0.00976711371508223,0.000132610720929971,-0.000299414804675366,0.0170374050368691,0.00684859331828679,1.10465271717624e-06,3.37312746670979e-16,-0.0178864775340327,-0.00363385116598371,9.31328220761599e-05,-0.00893923111818978,1.28647760971557e-05,3.90688666895714e-06,3.15326495412688e-06,-5.01439595368622e-05,-1.68335679818045e-06,0.000372280386755536,-2.09246182597763e-05,-1.88170464028234e-07,-6.02232515887989e-16,-7.18820118188884e-07,-2.90475952694043e-06,-1.22112423549856e-07,-0.218642134822889,4.15632345831963e-05,-0.038984924325862,-0.00569999055438506,-0.000414464880911515,1.58149378265138e-05,-0.000145260205780549,-1.15260843078224e-07,-1.61820785244677e-15,5.36920596731771e-05,-0.862555050962833,0.0380779188267866,5.08680695630523e-06,3.83603911928157e-15,4.42774524236217e-07,4.48801635818605e-07,1.37318855527799e-07,1.44019145038485e-05,-5.04443302622351e-05,2.5547640852788e-15,0.000126853906800057,-2.47056884728686e-15,5.80842807523178e-08,2.23808566416109e-15,2.9808342559938e-06,-1.34888625807211e-07,-1.01710158007527e-15,-1.92444080115983e-09,-4.00520248533499e-07,-6.16053149986306e-09,-7.80363782680658e-07,-5.20543191884215e-11,9.28888070328432e-07,-0.049412192278977,-4.72686936550481e-08,2.37139934550731e-16,-2.03611494331568e-09,8.14491140740947e-07,-1.13224592243853e-17,-1.16060294318675e-07,2.78009212296019e-05,7.06876157652285e-16,7.07767178198537e-16,-3.36234745851316e-07,-3.45777998912037e-17,-5.81886462908335e-16,1.45422606787853e-16,4.41649490021123e-07,4.32911460267437e-16,-4.33659142110021e-07,-1.38777878078145e-17,2.2224243465533e-07,3.59538229223466e-08,1.98577983208325e-16,1.94543841046332e-16,1.52115775235809e-16,5.50675795988894e-17,-3.57142393380253e-16,-3.78070659157507e-16,-1.23774443347054e-16
"t74",0.109010756124228,-0.0274959089880745,0.0720955665765106,-0.00173719467415877,-0.191949605769544,-0.0090566148936978,0.0105193999740401,-0.000140765677401095,-0.00116623001795093,0.0418400250323572,-0.000599299353502555,-0.000475245789010641,0.0907919729740074,0.150791648624012,0.298972571702667,0.0355725306283488,-0.00282153838060436,-0.0244869067592459,-0.0123997890169703,0.0904743919204157,-0.000868237708922155,-0.00336210036563655,-0.109145940276084,9.64258054746439e-05,0.00014513860711891,-4.54239354259988e-05,0.000222948129097102,-2.91811544748943e-05,0.000173605051404572,4.35970721125029e-07,-0.000173988130223825,0.000105037964635693,-0.004545773308708,0.00107962200687789,2.37663837886638e-05,-3.6598703393435e-07,-0.00172257392822951,-0.000784521570753413,-0.00173163109115779,0.00385045073818543,2.29594268994484e-05,-0.00024641085017291,2.1435161174547e-05,-3.47936512355868e-16,-0.000795131177358419,0.000860063502574302,9.06157688523e-07,-2.21681323982388e-05,-0.00685508857972513,-3.28213300186378e-05,-0.0107877982474653,0.000146478185438784,-0.000331046827067691,0.0188918032552489,0.00761410839399291,1.23548791483986e-06,1.9540679682205e-15,-0.0203731335385522,-0.0041928757574526,0.000107852240420529,-0.0104082188210824,1.52699746799436e-05,4.64936531304611e-06,3.78157344801261e-06,-6.04874466300816e-05,-2.05576264569596e-06,0.000463174478546057,-2.61063727752212e-05,-2.39143282398935e-07,2.00406115015813e-16,-1.02440932675703e-06,-4.41050700546196e-06,-1.88839434765411e-07,-0.406392791367196,7.73661421515064e-05,-0.0739442445770961,-0.0131995457773336,-0.00116817194279889,4.52470491451862e-05,-0.00256090483162111,1.32024705845613e-06,-1.06807994690117e-15,-3.50804130572688e-05,0.346035379450912,-0.0130682051145342,-4.95777855794195e-07,1.15988344201542e-16,6.08764057670463e-08,6.83779205236379e-08,4.40917186528972e-08,5.47021110410684e-06,-2.14497428619441e-05,2.87006142965544e-15,5.57367241326838e-05,0.707106781186548,3.15431837800734e-08,1.40187327767645e-14,1.74530103437542e-06,-8.4151570118457e-08,-3.48742445646929e-16,-1.34509952134931e-09,-2.86812014137737e-07,-4.43145233746181e-09,-5.74963100292278e-07,-4.02765321094734e-11,7.23178116954941e-07,-0.0390313111556804,-3.76864585785924e-08,-4.31701787115984e-16,-1.64089610996121e-09,6.60674307012554e-07,-1.38305148393808e-17,-9.69764146936669e-08,2.35197840564409e-05,-1.26821018795318e-16,-1.52655665885959e-16,-2.86476823201098e-07,2.41394827363378e-16,4.13253859999659e-18,5.75857409896459e-17,3.81708067043185e-07,1.29533640857432e-16,-3.75709973424176e-07,1.04083408558608e-16,1.94423490779084e-07,3.16255234352955e-08,-3.46753286145868e-17,-1.30037623779159e-16,-1.03065364862953e-16,-1.54833929525696e-16,-1.0011200261768e-16,3.90576454784707e-16,1.05869671229089e-17
"t75",0.109010756124228,-0.0274959089880745,0.0720955665765106,-0.00173719467415876,-0.191949605769544,-0.00905661489369777,0.0105193999740401,-0.000140765677401097,-0.00116623001795093,0.0418400250323572,-0.000599299353502578,-0.000475245789010603,0.0907919729740074,0.150791648624012,0.298972571702667,0.0355725306283488,-0.0028215383806043,-0.0244869067592459,-0.0123997890169703,0.0904743919204156,-0.000868237708922147,-0.00336210036563696,-0.109145940276084,9.64258054747064e-05,0.000145138607118487,-4.54239354258747e-05,0.000222948129097393,-2.91811544748943e-05,0.000173605051404485,4.35970721093804e-07,-0.000173988130223936,0.000105037964635929,-0.00454577330870796,0.00107962200687777,2.37663837886859e-05,-3.65987033997559e-07,-0.0017225739282299,-0.00078452157075343,-0.0017316310911575,0.0038504507381853,2.29594268992151e-05,-0.000246410850172817,2.14351611743796e-05,4.10391172499277e-16,-0.000795131177358328,0.000860063502574383,9.06157688481367e-07,-2.21681323980367e-05,-0.00685508857972499,-3.28213300186965e-05,-0.0107877982474651,0.000146478185438411,-0.000331046827067466,0.0188918032552488,0.00761410839399283,1.23548791490708e-06,2.06259304461643e-15,-0.0203731335385522,-0.00419287575745298,0.000107852240420314,-0.0104082188210827,1.52699746802411e-05,4.64936531309251e-06,3.78157344757546e-06,-6.04874466302065e-05,-2.0557626453035e-06,0.00046317447854562,-2.61063727749942e-05,-2.39143282357301e-07,-1.13947737391103e-16,-1.02440932688713e-06,-4.41050700589374e-06,-1.88839434339031e-07,-0.406392791367195,7.73661421521431e-05,-0.073944244577096,-0.0131995457773336,-0.00116817194279911,4.52470491460466e-05,-0.00256090483162039,1.3202470595039e-06,-3.93079267410654e-16,-3.50804130588023e-05,0.346035379450915,-0.0130682051145326,-4.95777855744756e-07,-3.63433902524019e-15,6.08764085495428e-08,6.83779163481585e-08,4.40917183701373e-08,5.47021109478148e-06,-2.14497428663513e-05,-5.71540058933277e-15,5.57367241422276e-05,-0.707106781186548,3.15431849206541e-08,-1.58548779943033e-14,1.74530103004208e-06,-8.41515648448976e-08,1.61264065923153e-15,-1.34509764784796e-09,-2.86812014789885e-07,-4.4314509457799e-09,-5.74963100416473e-07,-4.02766014984124e-11,7.2317811784743e-07,-0.0390313111556803,-3.76864596764555e-08,1.62558224512411e-16,-1.64089686456592e-09,6.60674307220721e-07,9.22559137451051e-17,-9.69764138141621e-08,2.35197840561365e-05,-2.00586043757417e-16,1.80411241501588e-16,-2.86476823020687e-07,-2.01066663822841e-16,2.71657302987659e-16,3.02069068386777e-17,3.81708066751751e-07,-2.23723813162545e-16,-3.7570997315356e-07,3.7470027081099e-16,1.94423490962044e-07,3.1625523338151e-08,-2.3887986522894e-16,-1.02545793922928e-17,1.13052591218096e-16,2.23403113653952e-16,1.38800094088615e-16,3.10218626486925e-16,-1.92371764836449e-16
"t69",0.108524847422144,-0.0273147124521544,0.0712725676604495,-0.00171289997710358,-0.1884157457397,-0.00887325614656726,0.0102143489060707,-0.000136502574548494,-0.0011291875742663,0.0402230110163292,-0.00056703756608654,-0.000445176115490262,0.0849103297442473,0.140781159058222,0.279008955416816,0.0328009722376473,-0.00259304202861721,-0.0224910018490754,-0.011344124993311,0.0824579183743536,-0.000778990932390611,-0.003009839989711,-0.0971351232135367,8.39785584158661e-05,0.000124477465917275,-3.89268193949826e-05,0.000190828126075546,-2.46122392599663e-05,0.00014541041248021,3.58743465066202e-07,-0.000138035284369238,8.31851788738042e-05,-0.00353424593719013,0.000835381339091616,1.75772584515973e-05,-2.67738827769719e-07,-0.00120464348661792,-0.000537610010590533,-0.00117966839128545,0.0026119617874677,1.54410931514455e-05,-0.000164112880981691,1.42397955408663e-05,-1.3813785482219e-16,-0.000521106720828652,0.000553783416583102,5.73458165671007e-07,-1.3531163915638e-05,-0.00415654454989996,-1.97654877285603e-05,-0.00574695769538963,7.79886570281235e-05,-0.000174735069514999,0.00971347404530315,0.00381974981727825,5.84945195375832e-07,9.23181622192009e-16,-0.00789959718136625,-0.00137299465528964,3.34927769269702e-05,-0.00297127893491176,3.007464999801e-06,8.60621184787516e-07,5.67280099728062e-07,-7.4749955394221e-06,-1.40095839072506e-07,-6.74878604865412e-06,7.02366363458011e-07,2.57373388018456e-08,2.97227581064128e-16,5.94202423822091e-07,3.61690634608345e-06,1.67432273628307e-07,0.605384192328215,-0.000115581693420562,0.114554323736318,0.0273492793851606,0.00290655552897079,-0.000113858901286734,0.0103180368640072,-6.23735956055416e-06,9.72066529589687e-16,0.000286619261996648,0.0924356778401079,-0.201933814564616,5.53049282049365e-05,9.08367847059705e-16,2.9432686879452e-06,2.91870006873841e-06,7.09880353761023e-07,6.89823806480782e-05,-0.000227846226059244,-5.93909087986248e-17,0.00056259395873793,5.77495148386162e-16,2.25698368200609e-07,-4.29291338436503e-16,1.10034897438729e-05,-4.77502875941005e-07,-3.89388433553265e-16,-6.53125378519831e-09,-1.3740815776118e-06,-2.12180291925788e-08,-2.78996339601409e-06,-2.62051796928731e-10,5.34187203019232e-06,-0.620271846832335,1.39264865513708e-06,-7.10634617810272e-16,6.57265059825912e-09,-1.15521275607933e-06,6.5103601092848e-16,-7.82460270907712e-08,2.54407936628063e-05,6.1974045030803e-16,3.19189119579733e-16,-3.3779379143839e-07,2.59633912736427e-16,3.06468451222991e-17,3.77136903985882e-17,4.95782041795567e-07,-1.49357273268082e-16,-4.92855491460165e-07,7.04297731246584e-16,2.62180757056463e-07,4.30215273041629e-08,1.16914916921319e-16,6.77179574921234e-17,7.32102903736371e-17,7.3748228688404e-17,4.54415643361918e-16,-9.33296633368054e-17,2.0648280914036e-16
"t95",0.108320323729292,-0.0272388206955369,0.0709316871046462,-0.00170289671214743,-0.186975429416824,-0.00879883790992497,0.0100929976715733,-0.000134811660751391,-0.00111454455733896,0.0395937471327867,-0.000554907656501828,-0.00043410859202065,0.0827528617632876,0.137122407652176,0.271718780731358,0.0318138703421948,-0.00251221989817278,-0.0217858555976028,-0.0109741771887387,0.0796703242370451,-0.000748923708092884,-0.00289168657965879,-0.0931534922547572,8.00231807918977e-05,0.000118102344960123,-3.69251070924409e-05,0.000180954908899345,-2.32462006435341e-05,0.000137088955973724,3.366827291372e-07,-0.000128416380424594,7.73569161348908e-05,-0.00327303121133289,0.000772829243866768,1.61092623884927e-05,-2.44854543325797e-07,-0.00109254427613387,-0.000485871052552322,-0.00106507925071869,0.00235656669115752,1.39114974619051e-05,-0.000147622213789564,1.28037006377943e-05,2.64200321841813e-16,-0.000467550480901955,0.000495523406263047,5.11812121894821e-07,-1.20149985076913e-05,-0.0036874653740151,-1.75187736019209e-05,-0.00501892556891245,6.8104747961304e-05,-0.000152447272153316,0.00845122817931118,0.00331515799641582,5.04906388089929e-07,8.05218085013039e-16,-0.00671315680272807,-0.00115499216733995,2.80977133647262e-05,-0.00248276270679205,2.47977006327324e-06,7.08409890441773e-07,4.64653483293886e-07,-6.10061448510016e-06,-1.13504274462855e-07,-5.41178841392299e-06,5.62390074138963e-07,2.0417014726451e-08,7.01610738914632e-17,4.50713779864137e-07,2.69448261336891e-06,1.24163280155111e-07,0.433571770157457,-8.27611178931143e-05,0.0818042998871697,0.0190946082111049,0.00199936741652133,-7.82488739821119e-05,0.00681950039700119,-4.06876656785377e-06,5.47670824286344e-16,0.000176528129832626,0.0561418075439577,-0.122144845844049,3.26776195757501e-05,1.25304176402842e-16,1.67193319261169e-06,1.65219182133962e-06,3.80019620710784e-07,3.58101661588132e-05,-0.000114676264113436,3.08820943488129e-17,0.000279948554239509,2.42870132576749e-16,9.89016456152915e-08,-1.42167519860363e-16,4.3886700618178e-06,-1.66536970748477e-07,-2.403471012148e-16,-1.04603123905755e-09,-1.09277684867052e-07,-1.30092343711766e-09,1.70439866324212e-07,1.60830342099683e-10,-4.03045812440747e-06,0.780277876206142,-2.55359553384279e-06,6.66870547239822e-16,-2.09201628216873e-08,5.86567619152711e-06,-4.0130157832622e-16,-3.98439283165811e-07,8.09005847606696e-05,-4.46313773378546e-16,-2.22044604925031e-16,-9.04761150624656e-07,-2.84612939842129e-16,1.84897707446144e-16,7.92573211096679e-17,1.03862996099491e-06,2.57441567904289e-16,-9.99222764266894e-07,-6.31439345255558e-16,4.74276639609585e-07,7.372064008207e-08,-2.10061712996911e-16,1.12379723064219e-17,-5.24371292753005e-17,-1.30649528822991e-16,5.70734514380778e-17,-2.02956034839316e-16,7.52965348859939e-17
"t29",0.102089362415239,-0.0249231940159641,0.0604946067918727,-0.00139605032335877,-0.142653090273089,-0.00650575265458182,0.00632991885528426,-8.23275913041474e-05,-0.000659551737607535,0.0199422843666612,-0.000171826507928665,-8.21068749522983e-05,0.0140569756453939,0.0204836100550622,0.0392445753952618,7.01537582885586e-05,9.29825070340041e-05,0.000952796269168887,0.000988545173537663,-0.0107102338254152,0.00023669328066112,0.000987435974548519,0.0381093681686058,-5.23612823991125e-05,-9.75719905270892e-05,3.08315431939875e-05,-0.000153529915813373,2.35110150826109e-05,-0.000149127205992791,-4.31576463224767e-07,0.000215242879185955,-0.000131131882099069,0.00619304931003704,-0.00150161243763355,-3.8997262162131e-05,6.20856402491482e-07,0.00328614818470253,0.00156462277285949,0.00349544950031569,-0.00783894760756522,-4.75289187821495e-05,0.00051942557107561,-4.53928127671502e-05,1.27615874847251e-16,0.00172406341389796,-0.00191920350678407,-2.07546198151322e-06,5.33135610744624e-05,0.0166226152942846,8.02464640101249e-05,0.0296726005589123,-0.000403074878907229,0.000916980677260718,-0.0533222257926678,-0.0218431656128949,-3.66584207135697e-06,-5.56094821595153e-15,0.0655563522725834,0.0140675831481776,-0.000365446020139168,0.0357388906835521,-5.43329016294016e-05,-1.66022577519153e-05,-1.36266262240874e-05,0.000219152344069057,7.50678760700092e-06,-0.00169718999866125,9.56352159292351e-05,8.70488464231123e-07,7.60970027815919e-17,3.10385714371447e-06,1.0967747973718e-05,4.37115696669335e-07,0.17462839561998,-3.20663887910606e-05,0.0160572188687944,-0.02379400754034,-0.00417182959016663,0.00016721622267734,-0.0280217466894997,1.92336602143689e-05,6.17889878314677e-15,-0.00130251877209081,0.068016117457747,0.951402928767429,-0.000296311378118048,-3.74811350252791e-15,-1.8123722529159e-05,-1.81699189665471e-05,-5.15148403261911e-06,-0.000537526884393649,0.00189384468161931,6.2783877606372e-16,-0.00478148208845011,1.55002692457476e-15,-2.3592025019405e-06,4.73977273965913e-16,-0.000129502809145482,6.44177261311003e-06,6.3029562550309e-16,1.35888626034801e-07,3.37798666445415e-05,5.41419421159269e-07,9.17290148027754e-05,-2.91317711378393e-07,0.000454093084128504,-0.0306688090374711,-2.8168853689713e-05,5.94836140561093e-16,-3.18700414840079e-07,9.40982220656596e-05,-2.05695733811617e-18,-5.89661739240426e-06,0.0010999856659731,5.39366129177178e-16,-8.22258927613007e-16,-1.16617050750977e-05,-1.40330812715725e-16,2.87415792353119e-16,-8.70010117558386e-17,1.19240125292953e-05,8.79007197982429e-17,-1.12393178913692e-05,2.19225679276569e-16,4.90300486772567e-06,7.25668261346789e-07,-7.05191359969328e-17,-3.95582173607558e-16,1.73838084907923e-16,-1.40626509430905e-16,-1.8866925493296e-16,1.62603063982755e-16,8.80266904381233e-17
"t90",0.0990102828666487,-0.0237263431125884,0.0545325594423135,-0.0012112992368547,-0.113451956306358,-0.00493756319189045,0.00324834404369812,-3.81644985314934e-05,-0.000264406182014827,5.61209265322963e-06,0.000487200460333619,-0.000934423021602957,0.0565433908304657,0.0152227025596773,0.00534417597611489,-0.0375093374284582,0.00354828069638312,0.0316407298392177,0.0190010377315998,-0.160117563115735,0.00252651159217303,0.0104268877627414,0.399912492064672,-0.000654991067000017,-0.001649414699128,0.000532127963507002,-0.00273877413476475,0.000752871508196376,-0.00807925377034547,2.59993926899444e-05,-0.00219082458084427,0.00127850951542478,-0.0412826890899452,0.00919848357663483,0.000117630652735866,-1.54595991852226e-06,0.00153087470429698,0.010877507152318,0.0624563417646727,-0.846337063183655,0.00078615081176722,-0.00449559669956116,0.000357688307325252,-5.84376607511282e-15,-0.131592115350744,0.00758830880999541,7.03512602469281e-06,-0.000133192212143522,-0.0154253532050973,-0.000236546302818574,-0.0544453164748737,0.000738742264639217,-0.000635228199758068,0.0918144092155701,0.0362338022874885,5.68110121782506e-06,7.82659625376611e-15,-0.100447694991648,-0.0968380122069711,-0.000700406676537502,0.00173371417037088,2.45416048737419e-05,7.64392705737997e-06,6.42198051168524e-06,-0.000103198944253534,-3.44821738421711e-06,0.000734067426690362,-4.09566764067354e-05,-3.48832952351465e-07,-1.70792841548379e-16,-8.71461910176285e-07,-2.63208669140547e-06,-1.00473885154696e-07,-0.0129819036125248,2.22881612385595e-06,-0.000993559851946547,0.00455908874062451,0.000669743936521115,-2.6596259560023e-05,0.00315388980837326,-1.93634114707512e-06,-2.45949520885059e-16,7.72554505546769e-05,-0.00335196877446348,-0.0464995788318556,1.08550959251369e-05,2.08297841384531e-16,3.41697124328806e-07,3.16488469874563e-07,-1.51478738879586e-08,-6.67453355681224e-06,3.96868576760648e-05,3.72297336855632e-16,-0.000114174426726992,5.47112982061285e-17,-1.18522871834163e-07,-3.59879878222068e-17,-8.34270658858684e-06,5.13177215446473e-07,-2.02169997732152e-16,1.61926516752467e-08,4.41399646928189e-06,7.19934414350519e-08,1.34138562016175e-05,-5.23657849010178e-08,8.38741644776904e-05,-0.000139290535830053,-5.82850615752823e-06,-1.0436684573628e-17,-6.93776348067825e-08,2.1147629929448e-05,-4.0439784795328e-17,-1.54612790605646e-06,0.000309062197288376,-2.53501026478842e-16,-2.74086309204336e-16,-3.41291451019278e-06,-1.21585954718832e-17,-1.0794521029956e-16,1.53739126871168e-18,3.80204215136987e-06,2.39392714279168e-16,-3.63786473069061e-06,6.93889390390723e-17,1.68802397816365e-06,2.58955064216457e-07,-7.90707475293789e-17,-2.446680747204e-19,6.56305969886917e-17,-1.74011323406445e-16,-6.25410669466794e-17,-3.81786994561878e-16,-1.46601056960255e-17
"t30",0.099355398864663,-0.0238492695167063,0.0550280391580319,-0.00122487236522227,-0.11514502860446,-0.00501898922535337,0.0033269118315037,-3.9131953400926e-05,-0.000271464629447597,5.79796033826818e-06,0.000510706575879778,-0.000988991643567414,0.0599405293752035,0.0161647841412178,0.00567725772628996,-0.0403397310604068,0.00382952317644682,0.0341695180139053,0.0206074341529294,-0.174380862600852,0.00280177211764083,0.0115937664817737,0.447911168371196,-0.000755008049914171,-0.00194512416838156,0.000628305517442619,-0.00323995069417581,0.000912714228508461,-0.00991768504046773,3.30597750419753e-05,-0.00305860943524223,0.00179483466841043,-0.0618732197229144,0.014062055151984,0.000242716250490444,-3.65087340031627e-06,-0.0189473569774156,-0.0134886327895241,-0.0489350982504106,0.462047283600715,-0.000153366678123301,-0.000464746054965754,6.41996581183436e-05,3.21232773228683e-15,-0.542271438435451,0.00194935156007796,3.15411290394965e-06,-8.69413618755804e-05,-0.0104825887907411,-0.000166796345205484,-0.0552769390006136,0.00075089654046918,-0.000657074269896113,0.0999293508722094,0.0412914785372932,7.20016655784283e-06,1.54521930380521e-14,-0.1972059299922,-0.381065915909875,-0.00422338300828309,0.113305953683183,-2.83879272142517e-05,-7.22153954358339e-06,-3.44631687935332e-06,3.57736477779938e-05,3.37901443498879e-07,7.60513243800269e-05,-5.10567771070959e-06,-8.04156566908826e-08,9.27921483563169e-17,-4.01753559691343e-07,-1.32808501022705e-06,-5.16056210448339e-08,-0.00734404641193425,1.26143003338413e-06,-0.000565408698939549,0.00269703217412772,0.000404299102330351,-1.60736927300939e-05,0.00198347981569756,-1.23049774381975e-06,-4.07203106749168e-16,5.08238472119414e-05,-0.00221944407393502,-0.0308439360185995,7.26824055376869e-06,2.79694860417184e-16,2.31811053615603e-07,2.14931062597797e-07,-1.04346126678437e-08,-4.62715404452467e-06,2.76679413359118e-05,4.55800089112778e-17,-7.97482235976055e-05,-7.18133700748816e-17,-8.41589975492045e-08,3.99789302020474e-17,-5.97394764228695e-06,3.70692848689416e-07,-9.47413789632374e-17,1.19477970308111e-08,3.27596371655806e-06,5.349338106286e-08,1.00321476113499e-05,-3.97855752544418e-08,6.38688151823958e-05,-0.000106663809261345,-4.48035434589074e-06,1.71037373427394e-16,-5.35799912623411e-08,1.63806542838631e-05,4.64259467022151e-17,-1.21575784186537e-06,0.000244768141909664,7.55658077158561e-17,2.1163626406917e-16,-2.71469039817007e-06,7.24376330560161e-17,6.09955858877762e-17,3.88215527441046e-17,3.05285949516593e-06,5.62390958181573e-17,-2.92597558692632e-06,4.16333634234434e-17,1.36735780794293e-06,2.10648378942387e-07,-9.22464223374632e-17,-3.71888044477054e-17,-8.39048679185751e-17,-1.6765958447155e-16,3.90148318535089e-17,2.98375909445532e-16,-1.69697064638873e-16
"t31",0.0987141680073843,-0.0236212801540385,0.0541128746558548,-0.00119985862783908,-0.112037143170001,-0.00486976743620108,0.00318409496894226,-3.7375517609339e-05,-0.000258668063893316,5.46326891729209e-06,0.000469047212670193,-0.000893302607766469,0.0539939083672055,0.0145187923379815,0.00509556835952322,-0.0354636929358258,0.00334691437373169,0.0298331012849846,0.0178658270724113,-0.150151063815959,0.00234352839386088,0.00965697979022028,0.368888652539335,-0.000595557030063203,-0.0014854995865002,0.000479020468917341,-0.00246367314547344,0.000671716005238548,-0.00718334044511722,2.29482926510831e-05,-0.00192828132781339,0.00112587848825796,-0.0367626899921976,0.00823300563956671,0.000121665710624965,-1.7536221137859e-06,-0.00741617103484685,-0.00472030968576997,-0.0165280321959333,0.151963424315174,-4.76747078833864e-05,-0.000134881101752996,1.82842229764232e-05,6.60544932705675e-16,-0.138645260130924,0.000423126812125829,5.63237612996419e-07,-8.33082542441618e-06,-0.000841157059195743,-1.06931237004907e-05,0.013645141204443,-0.000186516380503701,0.000178757406495792,-0.0344735006333309,-0.0171515691417404,-4.24044101852701e-06,-1.90286072138237e-14,0.253377105418047,0.768584186663324,0.00962763026994414,-0.309757965575223,0.000154899583451426,4.3787157468633e-05,2.96057641658741e-05,-0.000422375910973923,-1.17985293861074e-05,0.00211810490767672,-0.000115909237450998,-8.90921913765299e-07,-5.17577238511287e-17,-1.72077903260381e-06,-4.92271365112917e-06,-1.8576577179029e-07,-0.0224335143648811,3.85025857728297e-06,-0.0017093300738451,0.00761214356104352,0.00110023324780942,-4.3650440272977e-05,0.00500687957455598,-3.0465296408759e-06,-8.55560922846894e-17,0.000117873404758674,-0.00508436651444395,-0.0704168874531961,1.62973308339722e-05,2.87489901474797e-16,5.06781485713759e-07,4.68939182258869e-07,-2.21441986362342e-08,-9.69796811082401e-06,5.73535525198195e-05,-1.69223456596432e-16,-0.000164697867050912,-2.15614226274581e-16,-1.6824817265303e-07,-7.09390443312786e-17,-1.17447839076351e-05,7.16193424524659e-07,-5.60886266558852e-17,2.21195610903245e-08,5.99379227056416e-06,9.76452289179388e-08,1.80719169188915e-05,-6.94101717664541e-08,0.000110912529988075,-0.000183118576971913,-7.63186200867473e-06,-1.56139074573695e-16,-9.03990892062428e-08,2.74696453738095e-05,6.81618616847373e-17,-1.97666237282965e-06,0.000392131066833071,4.3786446644751e-17,-9.71445146547012e-17,-4.31024685954885e-06,-1.44043496274677e-16,2.06894167763275e-16,-7.48136130779233e-17,4.75358494749292e-06,2.18210539493935e-16,-4.54010044688164e-06,1.56125112837913e-17,2.09073782608926e-06,3.19288048934241e-07,-2.80279924738403e-17,4.97218190132928e-17,-8.91486760562995e-18,1.38994332756201e-16,2.84344323975739e-16,6.41633914991686e-17,-5.59969311274651e-18
"t123",0.09915510286944,-0.0237779840847152,0.0547412436352008,-0.00121702384677244,-0.114167759098728,-0.0049720238093433,0.00328176032872071,-3.85762806834281e-05,-0.000267413084678793,5.69159597532984e-06,0.00049735034217189,-0.000958132114933967,0.0580208880057033,0.0156328826143576,0.005489237295627,-0.0387516614043888,0.00367199922443768,0.0327535711974529,0.0197098581447614,-0.166427650784533,0.00264965177155694,0.0109497495920209,0.421514847331851,-0.000700776289651356,-0.0017865511691197,0.000576761540235447,-0.00297160463327189,0.000828127691588354,-0.00895054958801415,2.94058480517058e-05,-0.00262747082595187,0.00153889718342355,-0.0519279365015245,0.0117303441292186,0.000188015720992254,-2.75847250131542e-06,-0.0119716182638301,-0.00699520636439427,-0.0229507962506021,0.196427102043449,-4.67118316572269e-05,-3.20307844313581e-05,-1.70385489385832e-06,1.50980425324176e-15,0.818127211320093,0.00577349041702259,5.01529848986632e-06,-9.95630886316563e-05,-0.0116506533671193,-0.000180500964312884,-0.0469317973886199,0.000637047359362153,-0.000551054038841004,0.081017062953664,0.0324570291417797,5.26301373924491e-06,8.46977289779304e-15,-0.106840313072259,-0.136652678154,-0.00124248144847015,0.0208066976109686,1.3352006635237e-05,4.44336154069693e-06,4.19698616480318e-06,-7.09562289784938e-05,-2.5267943225547e-06,0.000565516876415239,-3.17164367691301e-05,-2.77252705216044e-07,-1.14321121595231e-16,-7.33630605858054e-07,-2.24086170088172e-06,-8.57420846764275e-08,-0.0112325406649758,1.92860402822631e-06,-0.000860451720380605,0.00397249000033895,0.000585510934806832,-2.32557444466569e-05,0.00277665640585583,-1.70789701111479e-06,-6.11402220699063e-16,6.857714135876e-05,-0.00297909059521117,-0.0413410378098857,9.66835934716466e-06,7.82809830906836e-17,3.05126845134146e-07,2.82674193578889e-07,-1.35682825877503e-08,-5.98633522276624e-06,3.56361593959789e-05,-1.17431932474183e-16,-0.00010256144093358,4.64337651399598e-17,-1.06838575327771e-07,-2.74845076596964e-17,-7.53394291485437e-06,4.6431620811388e-07,3.25907313451771e-16,1.47210831203011e-08,4.01826548348532e-06,6.55564701156942e-08,1.22331426338899e-05,-4.79360304662252e-08,7.68211530517681e-05,-0.000127752294513379,-5.35073149108257e-06,-2.47943007216787e-17,-6.37644971103815e-08,1.94510414667278e-05,6.68127381977644e-17,-1.42754047027902e-06,0.000285888330526216,-5.92317267000998e-17,1.38777878078145e-17,-3.16061451785359e-06,4.21832811855077e-17,-7.16763814091054e-17,1.40523316568134e-16,3.52982907788832e-06,-3.09937330300055e-18,-3.37894395716076e-06,-2.60208521396521e-17,1.57090293897706e-06,2.41266902816038e-07,3.15235697250752e-17,2.88331311869149e-17,1.85572425099168e-16,2.34473595240952e-16,-5.77575267865972e-17,-3.99933497904804e-17,1.12691483640238e-16
"t18",0.0902129258575506,-0.0205096031080678,0.040599892292737,-0.000811053707144172,-0.058097306650946,-0.00212903823678308,-0.000890894809151987,1.85284410249076e-05,0.000216529921578704,-0.018514497163184,0.000746009359357169,-0.000989372759735689,0.0543031596060276,0.0076042574476024,-0.00977328902617799,-0.0298099976724743,0.00259098063052666,0.0227707857333996,0.012351972302442,-0.0940419660741758,0.000891350407263457,0.00335446510787942,0.0960863251009695,3.08035310628831e-05,0.000407100827534357,-0.000136813253841767,0.000747277596418945,-0.000350241941441785,0.00450014322496183,-2.07116118511848e-05,0.00291573518247716,-0.00173759116799996,0.0690064663809912,-0.016188390253209,-0.000346539896169215,5.36535630385501e-06,0.0260996268052147,0.0117247057758208,0.0242841008364777,-0.0211586315038679,-0.000403689965598978,0.00419461240154841,-0.0003642987887682,4.0338851390559e-17,0.00534738039470081,-0.0149405739373415,-1.595539104773e-05,0.000365919826012541,0.022114455788142,0.000735312928340985,0.240654051518838,-0.00326949482867901,0.00148939558013628,-0.437266729737991,-0.180580363842356,-3.09225348504756e-05,-4.6484901927623e-14,0.572277298056542,-0.103636489873851,-0.00754794791192856,0.546980237896098,-0.000905004164956839,-0.000285359687452775,-0.000260970523489559,0.00462373053986058,0.0002045146273849,-0.0858295368612814,0.00556833046968898,-0.00400792119252833,8.30440985444916e-17,-2.75371957197117e-05,-6.12961760629603e-05,-2.1930211049044e-06,-0.0453409562010771,4.68621843735181e-06,-0.00346147525030577,0.0651279878315888,0.00841793994131396,-0.000331889217090722,0.0296581046535803,-1.64836008064635e-05,-5.34975635731282e-16,0.000332767485038377,-0.00860390301742242,-0.119018612526581,-5.45144588654921e-06,5.43918766593637e-16,-3.81113325889377e-06,-4.08788174836904e-06,-2.17281675091434e-06,-0.000272242563662029,0.00109714684102931,-7.6683031884153e-17,-0.00288581737183069,-2.9897916804929e-16,-1.90310888200485e-06,6.88309813717302e-20,-0.00011727285208943,6.47139736895293e-06,-1.55854877467552e-16,1.67223790814358e-07,4.35450845874904e-05,7.04073933784359e-07,0.00012507129809892,-4.38961760002542e-07,0.000692934815614023,-0.00026514743542866,-4.53939777608772e-05,-3.3310512942711e-17,-5.25132840852277e-07,0.000157233719332833,1.61911187797694e-16,-1.05178841591778e-05,0.00201703375207617,-1.82874687529763e-16,7.70217223333702e-16,-2.17234654339938e-05,-6.95450428355061e-17,-1.82095237287101e-16,2.16629272011766e-16,2.29271374017955e-05,-5.80909718746616e-17,-2.17261031861095e-05,1.55908272403416e-16,9.68107334536906e-06,1.4498217450631e-06,-4.32890161320794e-18,9.14555634761054e-17,-3.85186388589292e-17,-6.9885072227614e-17,1.73671975114943e-16,2.51561358484543e-17,1.74300730728459e-17
"t115",0.108007939306437,-0.0274846108437214,0.0817900193534277,-0.00266688637456797,0.107460225600997,0.00045631159227323,0.00121268533936639,-1.23363985022044e-05,-5.6926914381443e-05,-0.00964707105642312,0.00142560781848425,-0.0054096754558595,0.398524700622602,0.053574058226364,-0.244882987213858,0.110259230054371,-0.00711688821161713,-0.0598738750248607,-0.0249759813264775,0.154471736256557,-0.000941302303345709,-0.118830166368567,-0.021358656754697,-0.000114867216987546,-0.000466896779631582,0.000153145662869087,-0.000807695791307977,0.00027982438948241,-0.00325745162237023,1.23584520633629e-05,-0.00133435099950194,0.000787103946007381,-0.0283935111837235,0.006514118365867,0.000117739448346182,-1.76731543253985e-06,-0.00802074695591385,-0.0043016917638325,-0.0280691151782727,0.000779830238001392,8.54863538115442e-05,-0.000963201186918563,8.4313382877425e-05,-6.84437190725628e-17,-0.000698149089037508,0.00349990643267902,3.69665832714863e-06,-8.22015336385342e-05,-0.00325058995977307,-0.000167504805746663,-0.0557988133730054,0.000758546895881766,-0.00021094266369963,0.106848744254978,0.0466928381783444,1.02559451562746e-05,-2.22201452319325e-15,0.0301608238865374,0.0291917667597897,0.00187775770808505,0.067313800359108,2.44291241953678e-05,8.29231921667341e-06,8.53076528667396e-06,-0.00015686914764756,-7.01820450865332e-06,0.00258856121448749,0.00275202949190067,0.0001181524365792,5.18537527490889e-19,1.18491841550467e-07,-6.00028691995692e-07,-3.04489059986311e-08,-0.00070200259562315,-9.6193880025526e-08,-6.01629717024703e-05,0.00800294544293995,0.00162730076448462,-6.61722898909062e-05,0.163504547167549,1.74272871381817e-05,6.20373448957968e-16,-5.95055646233668e-05,0.000584186012471444,0.00793611608465873,7.32437653917133e-06,-7.64308131065945e-17,1.20082558355619e-06,1.268244071536e-06,7.52503663069282e-07,0.0110699844723766,-0.00170668609884091,-5.61650398163143e-15,0.365321748599574,2.74610510667818e-15,-1.4608514572115e-07,-1.63368738227501e-15,-3.49221318964726e-06,6.44805559823006e-08,-4.57426417748431e-16,-5.1383337775629e-10,-1.42622993590865e-07,-2.2712009579897e-09,-8.88980832723345e-06,-6.4685060086056e-10,1.54872728624583e-06,-3.82921086047594e-07,-5.88250969572825e-06,6.59772624646419e-16,-4.08454765713287e-09,1.43073016215835e-06,8.61552172850032e-17,-1.75407163703623e-07,0.000738209821671479,-2.24100448825227e-15,-4.78089789979208e-15,-4.80829274899369e-07,1.54786628614677e-15,0.707106781186547,1.43473045532917e-14,6.4726168262641e-07,-3.79642817218452e-15,-6.3706171257033e-07,1.90993054705046e-15,3.29468112848197e-07,5.35706853720813e-08,-8.22014819463502e-16,-2.10340464898598e-16,-2.2491222798728e-16,2.24372504799306e-16,2.97624106476464e-17,-1.39235031171636e-16,1.32016428494165e-16
"t116",0.108007939306437,-0.0274846108437214,0.0817900193534276,-0.00266688637456798,0.107460225600997,0.000456311592273247,0.00121268533936637,-1.23363985021839e-05,-5.69269143814515e-05,-0.00964707105642314,0.00142560781848431,-0.00540967545585946,0.398524700622602,0.0535740582263641,-0.244882987213858,0.110259230054371,-0.00711688821161717,-0.0598738750248606,-0.0249759813264775,0.154471736256557,-0.000941302303345687,-0.118830166368567,-0.0213586567546969,-0.000114867216987583,-0.00046689677963143,0.00015314566286924,-0.000807695791308071,0.000279824389482507,-0.00325745162237018,1.23584520633664e-05,-0.00133435099950181,0.000787103946007769,-0.0283935111837234,0.00651411836586684,0.000117739448346045,-1.76731543241585e-06,-0.00802074695591369,-0.00430169176383255,-0.0280691151782728,0.000779830238001598,8.54863538112974e-05,-0.000963201186918517,8.43133828774742e-05,7.30153866146996e-16,-0.00069814908903752,0.00349990643267911,3.69665832736341e-06,-8.22015336386817e-05,-0.00325058995977295,-0.00016750480574653,-0.0557988133730053,0.000758546895881836,-0.000210942663699295,0.106848744254978,0.0466928381783446,1.02559451564741e-05,-2.22513209861964e-15,0.0301608238865375,0.0291917667597898,0.00187775770808517,0.0673138003591076,2.44291241953769e-05,8.29231921670821e-06,8.53076528579966e-06,-0.00015686914764796,-7.01820450866865e-06,0.00258856121448753,0.00275202949190089,0.000118152436578933,8.09721138816759e-17,1.18491841793328e-07,-6.00028691841664e-07,-3.04489056787881e-08,-0.000702002595622923,-9.61938809466642e-08,-6.0162971702128e-05,0.0080029454429399,0.00162730076448433,-6.61722898915862e-05,0.163504547167549,1.74272871375208e-05,1.22509760356225e-15,-5.95055646230944e-05,0.000584186012471725,0.00793611608465913,7.32437653929927e-06,5.67496245135874e-16,1.20082558255179e-06,1.26824407051251e-06,7.52503663860749e-07,0.0110699844723773,-0.0017066860988407,-4.82084526931061e-15,0.365321748599574,2.28703383789191e-15,-1.46085145463341e-07,-8.74325471212724e-16,-3.49221318974007e-06,6.44805564827683e-08,2.0480715716914e-16,-5.13832812236437e-10,-1.4262299358501e-07,-2.27120131577642e-09,-8.88980832702854e-06,-6.46850097790752e-10,1.54872728731729e-06,-3.82921085782188e-07,-5.8825096937313e-06,-5.3078493139123e-16,-4.08454525020405e-09,1.43073016281928e-06,-7.36437237624418e-17,-1.75407163722271e-07,0.000738209821674478,2.3174410264797e-15,4.65599780952175e-15,-4.80829282056838e-07,-1.60253567673446e-15,-0.707106781186547,-1.45344509680104e-14,6.47261683528466e-07,3.9371852927114e-15,-6.3706171580559e-07,-1.81625547934772e-15,3.29468112087941e-07,5.35706850507238e-08,6.7307363262412e-16,2.17891038074926e-16,3.76554815234503e-16,-1.49403095284418e-16,-2.57680186916683e-16,1.38758248541959e-16,-2.39122140626798e-17
"t83",0.107588793735007,-0.0273271709507639,0.0809812890266874,-0.00263464079219227,0.105755220032945,0.000448360240349354,0.00118260598919779,-1.20171256948787e-05,-5.53833465652067e-05,-0.00933031976098698,0.00136108520518983,-0.005123729941223,0.376978564137487,0.0506090201189479,-0.231254366313382,0.103151806742358,-0.00664100631423623,-0.0558456853493451,-0.0232250224052955,0.143226375089519,-0.000862523283934172,-0.108705917963736,-0.0194537142103858,-0.000102990428588228,-0.000414086112852932,0.000135747917872246,-0.00071533200114914,0.000245306304828392,-0.00284207609128716,1.06542667969028e-05,-0.00112326247563111,0.000661837902650564,-0.0235988148247546,0.00539804092673342,9.49397162743656e-05,-1.41600828773672e-06,-0.00626430047042605,-0.00332257007613051,-0.0216114771672449,0.00059905152486278,6.53687688657578e-05,-0.00073275374478149,6.40557815430538e-05,-4.52163387120134e-16,-0.000526686097552188,0.0026166075812103,2.73984289675042e-06,-5.98613639832645e-05,-0.00235967825429917,-0.0001212028637233,-0.0382391660089619,0.000519712576554254,-0.000144007316538868,0.0721695079401695,0.0312316227628926,6.71033495024966e-06,-1.36862240122855e-15,0.0184528071357625,0.0170322011875087,0.00108104826481856,0.0379914327280777,1.28467770738093e-05,4.3193736690211e-06,4.31929184625986e-06,-7.77367943999123e-05,-3.32326591071716e-06,0.00114400969546181,0.00120364780176541,4.82240891462576e-05,-2.39129623680837e-16,3.075492673206e-08,-1.17461970110169e-07,-5.4564769556127e-09,-3.33264417377443e-05,-4.48604557754667e-09,-2.16544453163478e-06,-0.00044403145735183,-0.000192476558084177,8.09103207038975e-06,-0.0487744397725939,-6.29356546006342e-06,-1.36763707172532e-15,3.93599747903796e-05,-0.000432986271109744,-0.00607231365397253,-6.64489783919371e-06,-6.98503588289686e-16,-1.40129514732829e-06,-1.51097627761748e-06,-1.21689391001335e-06,-0.0208521483600649,0.00371923927915842,1.2121022457315e-14,-0.838704350703079,-5.76970964969238e-15,5.80892450701635e-07,2.92505291081877e-15,2.07245419701976e-05,-7.22561607151284e-07,1.73656046769975e-16,-6.49051578281712e-09,-1.18552711154228e-06,-1.7719435033408e-08,-5.18661849569938e-05,-2.42390985755181e-09,5.53822955217868e-06,-1.23371293144187e-06,-1.77932607328053e-05,-1.61400136043243e-17,-1.15203484221844e-08,3.87393976033525e-06,2.08543737833382e-16,-3.989450007417e-07,0.00156854335263445,-1.78120135170574e-16,3.15719672627779e-16,-9.83900748399019e-07,5.39903902553573e-17,5.89772127580294e-17,3.07208727378599e-16,1.23018248467111e-06,5.82039410889816e-17,-1.19608464533953e-06,-1.51788304147971e-16,5.89390267237734e-07,9.33108873081394e-08,1.04676532340541e-16,7.22556834459126e-17,1.08222423910062e-16,-4.54601043568257e-17,3.18460151553463e-16,-4.58258885381486e-17,-9.05729600766872e-17
"t32",0.103303139982973,-0.025719374955558,0.0727453538456747,-0.00230674183366806,0.0884610440234079,0.000367792246918764,0.000879323191818792,-8.80029191372707e-06,-3.98439571997549e-05,-0.00615369760489788,0.000719360843398754,-0.00229422223496509,0.16394592457617,0.0213179780644561,-0.0966476871893065,0.0333663436542271,-0.00197600222151755,-0.0163687838899477,-0.00609783038437776,0.0334270286735777,-9.89244555142355e-05,-0.0106715646622056,-0.00105721095772322,1.06181542959234e-05,8.77941604152574e-05,-2.95348887586333e-05,0.000161703147233156,-8.04811346187765e-05,0.0010673581571463,-5.27356740180618e-06,0.000822845627424709,-0.000492297880044807,0.0202884750756829,-0.00480076731221958,-0.000110290227822761,1.7352966780467e-06,0.00927740501607424,0.0052905786174873,0.0351009044878697,-0.000986697010515166,-0.000110677985216943,0.00127850850536604,-0.000112623639982797,1.16925258720562e-16,0.000963349143703258,-0.00502409365127497,-5.50055661038205e-06,0.000130852709692206,0.00523395596128892,0.000272819340717045,0.107337530881694,-0.0014601027898718,0.000409920691202059,-0.213400565523085,-0.095514476167223,-2.20661159707116e-05,5.32460412791012e-15,-0.0738328931635547,-0.0769520888088673,-0.00504394221016768,-0.185670896085379,-7.31615998509006e-05,-2.50802779778127e-05,-2.65293323504995e-05,0.000497540003677504,2.31253771764944e-05,-0.0089682052988143,-0.00960029013836715,-0.0004296819885997,5.550373547712e-16,-5.07791412182601e-07,2.70811538495979e-06,1.39083489114899e-07,0.00346482229993684,4.74967669895909e-07,0.000298552666919526,-0.041192095427461,-0.00853621125517958,0.000347479894164664,-0.884540692393358,-9.46082680943327e-05,-1.00981240781283e-15,0.00031387868273755,-0.00302151542429217,-0.0407653193617761,-3.57743019058019e-05,7.47136355045675e-16,-5.10579400204818e-06,-5.30365630478928e-06,-2.03850460075397e-06,-0.0173948734464362,0.000249267935219118,-2.35742868858378e-15,0.167529135087481,8.09018456830716e-16,-1.63001918208168e-06,-9.38233525301222e-16,-9.27737890049339e-05,4.81474301925171e-06,-2.85170263951842e-16,1.11582909524156e-07,2.83762010892489e-05,4.56788780505779e-07,0.00224996574114603,-2.64739552120752e-07,0.000415337835442481,-5.28134443741331e-05,-0.000593649187703618,-7.3089401602078e-18,-3.04255340091535e-07,9.05490524127847e-05,1.13875182505844e-16,-5.94332292649762e-06,0.0199697369962883,-9.92925155037504e-17,-1.28369537222284e-16,-1.15094030894757e-05,-6.72360703595658e-17,-8.26186198518267e-17,-1.08842295049799e-16,1.22186057821098e-05,2.67392340141721e-16,-1.15638357095979e-05,1.196959198424e-16,5.12057743152152e-06,7.63886094755817e-07,-7.19055336483831e-17,-1.30737157232646e-16,-3.44030474998068e-16,-4.65912364461236e-17,-2.59642602937451e-17,-4.97876863724917e-17,7.12008899840333e-17
"t47",0.114755576107825,-0.0302616124537774,0.0997714213714048,-0.00349302010870738,0.165758747795192,0.000770016940424729,0.00500364555286398,-7.006260099367e-05,-0.000605104378245889,0.024719931491632,-0.000557671730175248,0.000931232401323781,-0.0600773369489861,-0.00699535333023093,0.0308680586896817,-0.00418246456981473,0.000167440662734821,0.00127878752666803,0.000211561461258446,0.000143564750935252,-1.58618616105851e-05,-0.00157930258011024,-0.000460960476561641,-3.55970763770116e-07,8.98364755773438e-06,-3.14883266813829e-06,1.82608982628766e-05,-1.40093047693588e-05,0.000210148854507452,-1.3011259319877e-06,0.000274262808136149,-0.000166077251363014,0.00770603604515601,-0.00187779063168178,-5.70556815689959e-05,9.69052642207559e-07,0.00862343818541169,0.011045201052278,0.178561448175002,0.013641365909577,0.000117174326671387,-0.00034276640505976,1.97061543121766e-05,-9.91404914942263e-16,0.000102491583222212,-0.00138731994197484,-2.06850796915793e-06,6.78633187315304e-05,0.00283076487103053,0.000153624596285283,0.104764449275715,-0.00142843349943945,0.000415618181798841,-0.24134738057888,-0.120029900904708,-3.62246999558324e-05,5.58154246852112e-14,-0.661305446806467,0.385632059665763,0.0178509081765821,0.461464238077099,9.22850055788652e-05,2.98404607221525e-05,2.72648634201259e-05,-0.000468728542295921,-1.94539918070508e-05,0.0149352020429055,-0.122523078695514,0.000131826509976964,-5.82241246164822e-16,1.12480327858896e-07,-4.95220685725345e-07,-2.42625368073526e-08,-0.000428220276047283,-5.85812665828724e-08,-3.58794024575406e-05,0.00399205705270787,0.000718040254415741,-2.89703947276999e-05,0.0501522257265871,4.67180443131099e-06,-1.91081759572112e-16,-7.4511944635181e-06,5.64264287300613e-05,0.000703277917045417,3.43156046130424e-07,-1.01978471713077e-16,-1.0247894157182e-08,-1.5907698049664e-08,-4.38817985820962e-08,-0.0457741874259647,3.23853270513109e-05,3.29584084920684e-16,-0.00407434448935616,1.73358940553524e-16,-4.94907779305572e-08,-1.19817432103051e-16,-3.63178717525101e-06,2.29586763241104e-07,1.40108497622223e-16,7.60611945313256e-09,2.09947959496975e-06,3.43376689964357e-08,0.00652355735883249,-2.57419835439018e-08,4.13971099087991e-05,-5.59102872751573e-06,-0.001810627289172,-6.26129549004915e-17,-3.51819671555995e-08,1.08088629386604e-05,1.45053384997451e-16,-8.74858511731315e-07,0.0231394410960688,-1.21930051117344e-17,8.82106887534206e-16,-1.27212419572713e-06,-6.89076773610694e-17,-4.56439113826024e-17,2.46146947226939e-16,1.74058849017507e-06,-1.60021822127734e-16,-1.68155281738032e-06,-8.50014503228635e-17,7.99821596491267e-07,1.23755439179296e-07,-8.53217181827856e-17,9.35140181717213e-17,1.03137457149671e-16,1.48443485120692e-16,1.6610615815307e-16,3.77642987908664e-17,-1.08882090635031e-16
"t84",0.118942232090235,-0.0319298143385166,0.109798020936922,-0.00393539784519014,0.19482696918276,0.000921772154116693,0.00658078604991087,-9.35268250820003e-05,-0.000821972604286959,0.036628511834986,-0.00104350485630951,0.00210029953605151,-0.140186506407448,-0.016949758016312,0.0754960622914497,-0.0141077094633358,0.00063237515127439,0.00493132300414466,0.000955408803105693,0.000776868207120143,-0.000511518087786042,-0.175349169296513,0.00921071053811278,1.31712832340347e-06,-2.09168434873249e-05,7.19325450461772e-06,-4.05454076692663e-05,2.31754571077304e-05,-0.000310242156861234,1.50761494006023e-06,-0.000222504276776174,0.000132885985027602,-0.00542389963223719,0.00128402096282203,3.22723862973985e-05,-5.36565660463846e-07,-0.00512071536106906,-0.00796225676875103,-0.142063967912088,-0.011888825978469,-0.000133014567745117,0.000696765032632687,-5.29217157089435e-05,5.96134926876267e-16,0.000243532421903195,-0.000693729083828147,-4.56709974299102e-07,3.68573842674246e-06,0.000116044628287608,4.57566408737235e-06,-0.00268958505983943,3.67207404183033e-05,-1.08688965054212e-05,0.00645814789721575,0.00319641029389156,9.03421319265027e-07,-5.46911461096276e-16,0.010832227064404,-0.00419804416094173,-0.000170682344943666,-0.00359110241414986,-2.91017421378279e-07,-8.09472730539554e-08,-4.43291756193134e-08,4.72629063487558e-07,4.1182031465627e-09,-1.26515651768409e-06,1.94677613916644e-05,-1.50696343964238e-07,-1.08631070498056e-16,-1.97096192535232e-09,1.45152425526285e-08,7.95190356770889e-10,2.82026461563385e-05,3.87229262457239e-09,2.48273864934544e-06,-0.000392685160485769,-8.69590439792706e-05,3.55261032766729e-06,-0.0100145862137501,-1.08555543882824e-06,6.32788295029964e-16,3.26992067514048e-06,-2.89040785256422e-05,-0.000377185797608003,-2.41078632146584e-07,-2.71934287421948e-16,1.19392058774148e-08,1.9486405059433e-08,1.60505234992649e-07,0.886628873999696,0.000243654708257883,-8.05786336239495e-15,-0.0211190549113389,-5.64210232626316e-15,-7.41806333253339e-08,-3.07303329070771e-16,-4.14439549856682e-06,2.15112203009928e-07,6.36791658946443e-16,5.59136450269289e-09,1.59587326351829e-06,2.67704434146624e-08,0.24682978919823,-1.11816986884949e-08,1.8121623476061e-05,-2.48344416614939e-06,-0.0304765129471115,1.86341124263e-16,-1.47834503113568e-08,4.54997344516081e-06,-2.27552022070098e-16,-3.60855802486416e-07,0.00945242381653292,-1.63528506613395e-16,-7.54604712049911e-16,-5.17106908745971e-07,-1.55892697028758e-16,3.39786702061018e-16,1.36237918264552e-16,7.02004831560493e-07,3.50943197313956e-16,-6.77532238422748e-07,-4.80084721976581e-16,3.21407919218707e-07,4.97069057299286e-08,-9.14398926887478e-17,8.68819225284404e-17,2.39746457239371e-17,4.44985786558026e-16,-1.56772328233471e-16,1.41620169296131e-16,-3.72361971269241e-17
"t100",0.119694130658653,-0.0322288114665581,0.111587018247057,-0.00401414096189203,0.199980044492498,0.000948629451808375,0.00685770715134588,-9.76420531706591e-05,-0.000859957747940555,0.0387017690797305,-0.00112700479080874,0.00229969294950261,-0.153833375054251,-0.0186433797530729,0.0830866659494983,-0.0157815403836312,0.000710606121486946,0.0055456710731313,0.00108019512948724,0.000882849728518999,-0.000593684624820256,-0.204119828526083,0.0108069183203495,1.59046968077194e-06,-2.57748487894802e-05,8.87314859782573e-06,-5.00939946800481e-05,2.91915707148691e-05,-0.000394341370779014,1.96108254783747e-06,-0.000303398093123694,0.000181611368995249,-0.007589749044942,0.00180774011091672,4.81130698382466e-05,-8.11001350955334e-07,-0.00818812413097631,-0.0130566773385976,-0.234663670638827,-0.0197418145970495,-0.000223235170072296,0.00118349870866569,-9.0172999812497e-05,1.89135628789882e-16,0.000421926666987377,-0.00122822843708064,-8.25857421325705e-07,6.96416666812996e-06,0.000221038193803717,8.78797379966327e-06,-0.0059837191635391,8.17505740821409e-05,-2.44480691391947e-05,0.0149858553747854,0.00763624652942356,2.31064379798896e-06,-2.72423869593251e-15,0.0349745187938862,-0.0164800114383923,-0.000712323922228321,-0.0165153563450468,-2.05929175199756e-06,-6.16138791190992e-07,-4.33488247341199e-07,5.86039706330227e-06,1.13833943022615e-07,4.49768939847764e-05,-0.000518935733697784,1.54234301417457e-06,2.56652745074861e-16,4.778827797456e-09,-2.63052869796529e-08,-1.35149066643504e-09,-3.18625263087453e-05,-4.36533612859988e-09,-2.7238749983537e-06,0.000349373279737271,6.83372600668376e-05,-2.77111831837457e-06,0.00585721110192374,5.81676172347646e-07,1.72563896258252e-16,-1.23858664607783e-06,1.01336198036898e-05,0.000129321801872482,7.29875633510239e-08,1.8293956417189e-16,-2.96247312531889e-09,-4.75285991466401e-09,-3.00054170880408e-08,-0.143886550592372,-3.43737682159129e-05,1.85849967232883e-15,0.00283073293062303,3.34877396541134e-16,5.62524004033197e-09,6.00889191041721e-17,2.02189973026821e-07,-5.11037911033602e-09,-5.0279539318934e-16,2.81872008373041e-11,-2.5838443137158e-08,-6.97177407926915e-10,-0.0803269648411042,-7.82831032636322e-10,2.81253845027124e-07,9.42149091195677e-07,0.874708105174757,-4.00611900274861e-15,-1.33423251275425e-08,3.10166573703596e-06,-1.1791952844686e-16,-1.76859564473587e-07,0.0045712859478667,3.70405605549869e-16,-6.24500451351651e-17,-2.51101167260057e-07,2.03198434813332e-16,1.16704262264644e-15,-5.7723403356308e-17,3.49461975468479e-07,1.22739592108292e-16,-3.39266645226106e-07,3.19622800448727e-16,1.65394348841453e-07,2.60322354475769e-08,3.7489488742311e-16,-2.44824039169251e-18,1.94587378354463e-16,6.50493505010774e-16,5.27588395366033e-17,-2.48573879138687e-16,8.03189341110507e-17
"t125",0.119928780764354,-0.0323220557392885,0.112144045168289,-0.00403863807588191,0.201580876352524,0.000956967887823745,0.00694344347669342,-9.89156326113068e-05,-0.00087170789893788,0.0393417197071474,-0.00115265872658952,0.00236077958633571,-0.158012382394434,-0.0191617612763208,0.0854097207635212,-0.016292132176335,0.000734448739004601,0.00573287871650048,0.00111818097363356,0.000915079175228235,-0.00061857181022017,-0.212829268146972,0.011289415369813,1.67266709462431e-06,-2.72305741744871e-05,9.37644740201364e-06,-5.29539870078657e-05,3.09876680043772e-05,-0.000419411431364881,2.09575909238414e-06,-0.000327249829434394,0.00019597331529907,-0.00822594894090584,0.0019614444168679,5.27258501925475e-05,-8.90773670711792e-07,-0.00907352841752208,-0.0145228151295933,-0.261290792974227,-0.0219985875742477,-0.000249131345127153,0.00132301937351138,-0.000100847261477712,3.3235034256527e-16,0.000472952136617611,-0.00138075677664974,-9.30969219518831e-07,7.89359765521088e-06,0.000250780660722059,9.98029096775701e-06,-0.00690430679475273,9.43340585320737e-05,-2.82396536885082e-05,0.0173612749609649,0.00887030776807525,2.69991840770944e-06,-3.5690594973988e-15,0.04156164808686,-0.0198008930473765,-0.000858417417035764,-0.019988892335128,-2.52884517760858e-06,-7.58035536164569e-07,-5.36203682269601e-07,7.2777559635669e-06,1.42503224241843e-07,5.69453486016784e-05,-0.000658094724238298,1.97613626491981e-06,-5.5836434197627e-17,6.43553701345015e-09,-3.61480127482253e-08,-1.86675176689444e-09,-4.57790827091019e-05,-6.2735003780387e-09,-3.92657391510407e-06,0.000516785100384654,0.000102822506776675,-4.17397275835618e-06,0.00923062600068445,9.30834449227279e-07,-2.9362302388911e-16,-2.1212927853332e-06,1.76475946279529e-05,0.000226322563499793,1.31391858913593e-07,1.51334565862445e-16,-5.59495814955735e-09,-9.01488901670217e-09,-6.09937903153085e-08,-0.304045763027503,-7.55593143662012e-05,2.7507545585941e-15,0.0063143157854274,2.00264100048341e-15,1.48493900431979e-08,-6.29794521932061e-17,6.08550937641027e-07,-1.876240133614e-08,-5.02145020627731e-17,6.9764408226064e-10,4.16767193066282e-07,8.16279881676266e-09,0.327257259258119,7.58086166757765e-10,-2.24677569553812e-07,-4.46742171058228e-07,-0.268662752902068,3.17157202551969e-17,1.9113408926321e-09,-1.75329548698921e-07,-1.28473479783905e-16,-4.49182452155836e-08,0.00161625323162865,-9.92794534844456e-16,5.03069808033274e-16,-1.01547004967978e-07,-8.08054018480134e-16,3.14704053846028e-15,-6.12261677244805e-16,1.73400383995936e-07,0.707106781186548,-1.731797910293e-07,-1.59681295963665e-15,9.33557513536286e-08,1.54289713735246e-08,1.40357157464959e-16,-4.05201635367702e-16,-3.36891301005021e-16,-3.24248161803245e-16,6.40775471628914e-17,4.72473387753067e-17,2.55654812739382e-16
"t126",0.119928780764354,-0.0323220557392885,0.112144045168289,-0.00403863807588192,0.201580876352524,0.000956967887823754,0.00694344347669341,-9.89156326113067e-05,-0.000871707898937864,0.0393417197071474,-0.00115265872658953,0.00236077958633572,-0.158012382394434,-0.0191617612763208,0.0854097207635212,-0.016292132176335,0.000734448739004601,0.00573287871650045,0.00111818097363358,0.00091507917522822,-0.000618571810220185,-0.212829268146972,0.0112894153698131,1.67266709462239e-06,-2.72305741743999e-05,9.37644740198933e-06,-5.29539870078848e-05,3.09876680044466e-05,-0.000419411431364876,2.09575909239194e-06,-0.000327249829434393,0.000195973315299032,-0.00822594894090586,0.00196144441686791,5.27258501925651e-05,-8.90773670531896e-07,-0.00907352841752205,-0.0145228151295933,-0.261290792974227,-0.0219985875742477,-0.000249131345127401,0.00132301937351132,-0.000100847261477676,4.84084516230227e-16,0.000472952136617498,-0.00138075677664984,-9.30969219746405e-07,7.89359765522926e-06,0.000250780660722031,9.98029096789643e-06,-0.00690430679475263,9.43340585321632e-05,-2.82396536887556e-05,0.0173612749609653,0.00887030776807521,2.69991840782006e-06,-3.57356425302878e-15,0.0415616480868602,-0.0198008930473767,-0.000858417417035833,-0.0199888923351281,-2.528845177408e-06,-7.58035536330777e-07,-5.36203682389297e-07,7.27775596360506e-06,1.42503223933957e-07,5.69453486015674e-05,-0.000658094724237892,1.97613626493802e-06,-2.3926795147836e-16,6.43553695490323e-09,-3.61480127839142e-08,-1.86675202068754e-09,-4.57790827091892e-05,-6.27350076618308e-09,-3.92657391468084e-06,0.000516785100384529,0.00010282250677672,-4.17397275855047e-06,0.00923062600068497,9.30834448974009e-07,1.13960895292494e-16,-2.12129278503309e-06,1.76475946273585e-05,0.000226322563499392,1.31391859371343e-07,4.07615490733169e-16,-5.5949583230297e-09,-9.01488917022519e-09,-6.0993790146173e-08,-0.304045763027502,-7.55593143662898e-05,1.93256485591585e-15,0.00631431578542683,2.06040493294551e-15,1.48493899032443e-08,7.13295384689151e-16,6.0855093772039e-07,-1.87624011869537e-08,-1.90506516474005e-16,6.9764371298138e-10,4.16767193182129e-07,8.16279899706548e-09,0.32725725925812,7.58087162489041e-10,-2.24677569631224e-07,-4.46742170707908e-07,-0.268662752902068,1.47038410310803e-15,1.91134082389369e-09,-1.7532954858096e-07,3.99070256540659e-16,-4.49182448098752e-08,0.00161625323163128,1.06512402506917e-15,-1.76941794549634e-16,-1.01547005606356e-07,7.81573152503137e-16,-4.09959566425407e-15,7.56893168643125e-16,1.73400397745355e-07,-0.707106781186547,-1.73179789831474e-07,2.0643209364124e-15,9.33557511027035e-08,1.54289714678502e-08,-2.23717531554664e-16,3.09386046075243e-16,4.97221833033698e-16,-1.94237788200481e-16,-1.22963989954292e-16,2.05324611582399e-16,-2.69240876992395e-16
"t94",0.119490621094186,-0.0321479091248021,0.111103283159447,-0.00399285694718454,0.198588047262534,0.0009413763621425,0.00678301235723262,-9.65322362743263e-05,-0.000849715788380935,0.0381432809976707,-0.00110455780460422,0.00224615786747937,-0.150170060554742,-0.0181888462796261,0.0810496068840922,-0.0153329941842663,0.000689650446384138,0.00538111727583746,0.00104678659874083,0.000854488365443719,-0.000571735915505542,-0.196436394538237,0.0103809199169058,1.51769158021175e-06,-2.44834720852035e-05,8.42662817456609e-06,-4.75562713097757e-05,2.75950611208532e-05,-0.000372039202770223,1.84103554758553e-06,-0.000282055272936541,0.000168757827707623,-0.00701933273303913,0.00166986577300417,4.39583581155386e-05,-7.39083787130697e-07,-0.00738700216393084,-0.011728074901746,-0.21052397117182,-0.0176952304795253,-0.000199736407700417,0.00105680775127812,-8.04785816606603e-05,2.0098438975479e-16,0.000375542081078248,-0.00108941011038453,-7.30087324352991e-07,6.11546689947438e-06,0.000193868583270963,7.69836558948288e-06,-0.00513706807642205,7.01774198513747e-05,-2.09595131000993e-05,0.0127977072064529,0.00649826980499571,1.95083926683132e-06,-2.29003553024569e-15,0.0288455346530409,-0.0133767869126173,-0.000575647590631749,-0.0132602668559358,-1.61679954438282e-06,-4.82324537090777e-07,-3.36423497464614e-07,4.51898842029202e-06,8.66181013724705e-08,3.35665062461974e-05,-0.000386184281025199,1.12692691658879e-06,3.11474567281641e-17,3.16296688536791e-09,-1.66351832623581e-08,-8.44336863955771e-10,-1.79737333330381e-05,-2.46081879266141e-09,-1.5221941822859e-06,0.000180615031513003,3.33731017837034e-05,-1.34827002015031e-06,0.002383998276875,2.20394979897308e-07,1.03087470378535e-16,-3.05431662385447e-07,2.14942697006963e-06,2.60963687215716e-05,1.03047606443956e-08,-3.06359072112236e-16,-9.7153973234454e-11,-1.08141824488317e-10,4.4273709850183e-09,0.035943202441974,1.23505739372798e-05,2.68178770858071e-16,-0.00113623322738182,9.26208312050032e-17,-5.3115486951207e-09,-3.72007872801409e-16,-2.9329967670853e-07,1.21666687683854e-08,2.24037639993447e-16,-9.64783232904748e-10,-7.36284046454138e-07,-1.5191042326509e-08,-0.847517873751931,-1.19749126656354e-08,1.82920943545823e-05,-2.52600061819918e-06,-0.299308669909908,2.47375145094648e-15,-7.96430194428648e-09,2.70160524603897e-06,1.95027905871987e-16,-2.27167409434618e-07,0.00600010991812716,-2.6808741060027e-16,-8.67361737988404e-17,-3.30214661973735e-07,-4.72357882788679e-17,-5.56924279359108e-16,-1.36185565499432e-16,4.55416615214449e-07,-3.85332753682415e-16,-4.40941021035389e-07,2.0122792321331e-16,2.12177999757604e-07,3.31123534704717e-08,-2.74856624707639e-16,1.8864579432546e-17,-1.09169078626196e-16,-1.35457482380193e-16,9.27963129402291e-17,-4.49677187026402e-17,6.33971357129779e-17
"t140",0.118217892870566,-0.0316384185615394,0.108008293158156,-0.00385552027742485,0.189473319160173,0.000893592218316737,0.00627623432129555,-8.89696628085215e-05,-0.000779573787746889,0.0342274598471078,-0.000938628045669098,0.00183689924860098,-0.122012699387319,-0.0146748765482554,0.0652791361622731,-0.0117160728780232,0.000518735127594443,0.00403637702757538,0.000770041140463988,0.000616458949146041,-0.000377197514787371,-0.127804412073918,0.00649561241739619,8.00350072175681e-07,-1.10154404906575e-05,3.7560424609296e-06,-2.08917777613144e-05,9.86248514085741e-06,-0.000117634038180612,3.72917833162123e-07,2.14927185189081e-05,-1.54542275259684e-05,0.00184858497742819,-0.000520594419473393,-3.8298990817901e-05,7.69839670213519e-07,0.01455862353008,0.0300964411341871,0.582940302854639,0.0517726568798465,0.00065360339523462,-0.00393234585527126,0.000309808132034277,-7.26547543890452e-16,-0.00173966289567844,0.00652356927389497,5.77382333528405e-06,-0.000103960117377987,-0.00400921530119344,-0.000201960980730028,-0.0602324877037412,0.000819076718137884,-0.000229027252995906,0.11884593075433,0.0536622617117648,1.32389742397581e-05,-1.20306255556471e-14,0.141772322281311,-0.0582805893620774,-0.00244419091982761,-0.0544459179749192,-6.08740880424469e-06,-1.80000489100767e-06,-1.22645866776263e-06,1.62248761921349e-05,3.02802149448828e-07,0.000113904683589512,-0.00130573291996162,3.73563594886469e-06,1.13818634609223e-16,1.00538328383012e-08,-5.28844326103811e-08,-2.68747094045228e-09,-5.85443797556345e-05,-8.01712948892558e-09,-4.97291018935064e-06,0.000607090616515619,0.00011491205076559,-4.65012233050871e-06,0.008975658709049,8.62586230748752e-07,2.37664650419548e-16,-1.55336518571896e-06,1.21018978728543e-05,0.000152111307056751,7.80436051526189e-08,9.05287214713221e-17,-2.58224723548306e-09,-4.0534748522135e-09,-1.55595293995035e-08,-0.0434621064773695,-1.90027913157271e-06,4.22280470782419e-16,-0.000124490655792568,4.93459730148837e-16,-8.91167858226426e-09,-4.04232899087941e-17,-7.24504283627567e-07,4.9065275118873e-08,-1.30938666560071e-16,1.82800467189541e-09,5.20324037350746e-07,8.5696868296287e-09,0.00656548443134872,-6.88158306380582e-09,1.11716071582286e-05,-1.54429163900909e-06,-0.00185710410099036,1.18652739203164e-16,-1.00088618721142e-08,3.11111622227668e-06,1.15283190371155e-16,-2.66445501300415e-07,0.00723674295400836,-2.60271493778941e-16,-1.54390389361936e-16,-4.0430507385579e-07,-1.26455431044157e-16,-1.39069750259774e-16,-4.92339629514664e-16,5.72915021750109e-07,5.8111970731286e-18,-5.56982801094494e-07,3.19189119579733e-16,2.7204821101105e-07,4.27663669870255e-08,1.25261277025985e-16,8.47963643478345e-17,1.1894247546169e-15,0.707106781186547,3.27990913944385e-14,-5.63944291074348e-16,-1.14142849426303e-16
"t141",0.118217892870566,-0.0316384185615394,0.108008293158156,-0.00385552027742484,0.189473319160173,0.00089359221831676,0.00627623432129556,-8.8969662808513e-05,-0.000779573787746888,0.0342274598471078,-0.000938628045669123,0.00183689924860101,-0.122012699387319,-0.0146748765482555,0.0652791361622731,-0.0117160728780232,0.000518735127594437,0.00403637702757541,0.000770041140463983,0.000616458949146056,-0.000377197514787345,-0.127804412073918,0.00649561241739617,8.00350072177077e-07,-1.10154404906874e-05,3.75604246090743e-06,-2.08917777612784e-05,9.86248514093721e-06,-0.00011763403818053,3.72917833110949e-07,2.14927185189159e-05,-1.5454227525958e-05,0.0018485849774282,-0.000520594419473395,-3.82989908179006e-05,7.69839670129656e-07,0.01455862353008,0.0300964411341871,0.582940302854639,0.0517726568798466,0.000653603395234648,-0.00393234585527134,0.000309808132034517,-6.36380977830097e-16,-0.00173966289567834,0.00652356927389487,5.77382333529695e-06,-0.000103960117378012,-0.00400921530119314,-0.000201960980730272,-0.0602324877037412,0.000819076718137771,-0.000229027252995773,0.11884593075433,0.0536622617117649,1.32389742395982e-05,-1.2115595215609e-14,0.14177232228131,-0.0582805893620774,-0.0024441909198276,-0.0544459179749186,-6.08740880432708e-06,-1.80000489126983e-06,-1.22645866749201e-06,1.62248761921497e-05,3.0280214961205e-07,0.000113904683589567,-0.00130573291996202,3.73563594893061e-06,1.96036199573374e-16,1.00538330508049e-08,-5.28844331181396e-08,-2.68747077731881e-09,-5.85443797556455e-05,-8.01712950236969e-09,-4.97291018918081e-06,0.000607090616515728,0.000114912050765321,-4.65012233064055e-06,0.00897565870904903,8.62586230731405e-07,-3.20445678521308e-16,-1.55336518563743e-06,1.21018978727758e-05,0.000152111307056984,7.80436048731115e-08,-4.74070333688136e-18,-2.58224694925369e-09,-4.05347447014065e-09,-1.55595297781069e-08,-0.043462106477369,-1.90027913162065e-06,2.51270716795785e-16,-0.000124490655792724,1.27038523947789e-16,-8.91167833700078e-09,1.6456907401542e-16,-7.24504283726012e-07,4.90652751396897e-08,-2.6928437529907e-18,1.82800468750792e-09,5.20324037534654e-07,8.56968675872188e-09,0.00656548443134854,-6.88158320084897e-09,1.11716071585001e-05,-1.54429163893992e-06,-0.00185710410098908,1.42560976817369e-17,-1.00088617515509e-08,3.11111622206331e-06,-2.89025386075144e-17,-2.66445501361564e-07,0.00723674295400872,3.51963116487404e-16,1.31838984174237e-16,-4.0430507391824e-07,4.59788606888904e-17,9.76217105704867e-17,6.40389567237846e-16,5.72915021642556e-07,1.29965139109608e-16,-5.56982800920154e-07,-2.39391839684799e-16,2.72048211805797e-07,4.27663671033604e-08,-1.51995034042609e-16,-1.45552673922531e-16,-1.17578524174357e-15,-0.707106781186548,-3.2656827047325e-14,5.1192492690624e-16,1.21232994868516e-16
"t142",0.11581753795555,-0.0306610302091149,0.10183208391075,-0.00357548211537685,0.17016523300699,0.000790714844524396,0.00509332683144438,-7.10969530165444e-05,-0.000611396616457013,0.0241576425409628,-0.000430882851715456,0.000416695657816091,-0.0221566940089458,-0.00191519126660106,0.00768155217055639,0.00415261698468974,-0.00027541136142531,-0.00227585228701971,-0.000627859306708521,-0.000680631052939186,0.00119468537022652,0.467351176948794,-0.0353913818922017,-7.48692645766239e-05,-0.000277667185696648,9.08532504018866e-05,-0.000477490641784009,0.000161447828509599,-0.00187187912149588,7.10635068543034e-06,-0.000786382125558542,0.000464634910720714,-0.0170835081917036,0.00394101206962265,7.62180580087703e-05,-1.17075617738503e-06,-0.00647839156881243,-0.00548756731019942,-0.0699548158652123,-0.00404155618239441,-2.44148399398049e-07,-0.000305404185892058,2.99001207166249e-05,2.90031102068302e-16,-0.000326441951120887,0.00187194897938527,2.12111815929513e-06,-5.16237909142741e-05,-0.00206837390693062,-0.000107968288378406,-0.0441458859502237,0.000600725149792457,-0.000169613629962306,0.0901309827827604,0.0413343138079253,1.03537532305541e-05,-7.67711510034795e-15,0.0955169968969807,-0.0231341170072019,-0.000656113405739732,-0.000863255607649745,1.27742588641966e-05,4.81231980825869e-06,6.53478724668379e-06,-0.000147377148852475,-1.09225694585412e-05,0.0334383428610853,-0.42834001294256,-0.000205915009765718,-2.69867942166304e-16,-2.09408027451464e-08,5.70979829173511e-08,2.46702334448832e-09,1.16808762387602e-05,1.57761292937197e-09,8.11337868807734e-07,3.41514816616394e-05,1.82101927761207e-05,-7.62882669507435e-07,0.00305644773858374,3.28779495656025e-07,7.56400041348785e-17,-7.67450284150882e-07,6.16389585076982e-06,7.80396078516218e-05,4.1167719782163e-08,1.17422801681727e-16,-1.3496934799179e-09,-2.10801054240897e-09,-5.89838711736784e-09,-0.00213425820570285,7.03803350352416e-06,5.04117857620652e-16,-0.000837315758996969,-1.17366520212758e-16,-1.01568189640296e-08,-3.81487115644773e-17,-7.81626513096737e-07,5.21943618938538e-08,1.99952361982353e-16,1.99812092995758e-09,5.75087360533287e-07,9.48310537779077e-09,0.000614450140813084,-8.62786192251837e-09,1.41930456489575e-05,-2.03824358277444e-06,-0.000238638899257314,1.76708040383834e-16,-1.44075367309281e-08,4.65522577666619e-06,2.32514267961308e-17,-6.34366528413138e-07,0.0814494992471147,-2.83457026339258e-16,3.24176449573166e-17,9.29113395512914e-07,-2.43782694171854e-16,3.92410434233465e-16,-1.72652961500895e-16,1.22710448435728e-07,2.17980972281375e-16,-1.77361518799402e-07,-1.4658413372004e-16,1.58110899032831e-07,2.87109331845016e-08,4.80590585042352e-16,-3.1867599037734e-17,-3.26771256579108e-15,3.31038487056496e-14,-0.707106781186548,8.07298840236834e-16,-3.30258350790562e-16
"t143",0.11581753795555,-0.0306610302091149,0.10183208391075,-0.00357548211537685,0.17016523300699,0.000790714844524383,0.00509332683144436,-7.10969530165385e-05,-0.000611396616457027,0.0241576425409628,-0.000430882851715457,0.000416695657816089,-0.0221566940089458,-0.00191519126660106,0.00768155217055641,0.00415261698468975,-0.000275411361425407,-0.0022758522870197,-0.000627859306708554,-0.000680631052939184,0.00119468537022653,0.467351176948794,-0.0353913818922018,-7.48692645766503e-05,-0.000277667185696596,9.08532504018547e-05,-0.000477490641784076,0.0001614478285096,-0.00187187912149586,7.10635068542012e-06,-0.000786382125558608,0.000464634910720779,-0.0170835081917036,0.0039410120696227,7.62180580087843e-05,-1.17075617752329e-06,-0.00647839156881269,-0.00548756731019952,-0.0699548158652125,-0.00404155618239459,-2.44148399109231e-07,-0.000305404185892003,2.99001207166492e-05,1.96537133551037e-16,-0.000326441951120797,0.00187194897938531,2.12111815925321e-06,-5.16237909143789e-05,-0.00206837390693101,-0.000107968288378436,-0.044145885950224,0.000600725149792301,-0.000169613629962825,0.0901309827827605,0.0413343138079254,1.0353753230703e-05,-7.78010558496799e-15,0.0955169968969807,-0.0231341170072021,-0.000656113405739665,-0.000863255607649692,1.27742588640572e-05,4.81231980827802e-06,6.53478724649606e-06,-0.000147377148852272,-1.09225694582741e-05,0.033438342861085,-0.42834001294256,-0.000205915009765738,-3.96264332236075e-16,-2.09408030303187e-08,5.70979831093785e-08,2.46702358473654e-09,1.16808762384233e-05,1.57761283115681e-09,8.11337868608928e-07,3.41514816613141e-05,1.82101927758576e-05,-7.62882669853946e-07,0.0030564477385835,3.28779495650767e-07,2.75078993728139e-16,-7.67450283997576e-07,6.16389585025797e-06,7.80396078517885e-05,4.1167720216779e-08,1.47878419923708e-16,-1.34969326657402e-09,-2.10801054707104e-09,-5.89838744209994e-09,-0.00213425820570306,7.03803350355198e-06,-2.6187097724022e-16,-0.000837315758996719,-1.21486488461178e-16,-1.01568190343581e-08,4.73170073110787e-16,-7.81626513270128e-07,5.21943619424532e-08,2.10590035772412e-17,1.99812100600081e-09,5.75087360499504e-07,9.4831050376901e-09,0.000614450140813221,-8.62786168475283e-09,1.41930456489324e-05,-2.03824358216754e-06,-0.000238638899257503,1.14445378218805e-16,-1.44075366528655e-08,4.65522577662017e-06,-3.97325408649377e-17,-6.34366528417407e-07,0.081449499247115,-2.2360906737186e-16,-2.85578852232682e-16,9.29113395337707e-07,6.94099340149863e-17,-2.01393542519533e-16,-3.33649214228784e-17,1.22710448249787e-07,3.50218553050292e-17,-1.7736151881225e-07,2.42210765333262e-16,1.58110899033706e-07,2.87109340630577e-08,-6.20342300199102e-16,-7.43815404519242e-17,3.64901978011446e-15,-3.25025257917071e-14,0.707106781186549,-8.14259173529464e-16,3.43408099575221e-16
"t81",0.11447493848383,-0.0301367957896573,0.0988320525869518,-0.0034467955876832,0.162141115178862,0.00074979172502258,0.00471921759398284,-6.56504678900235e-05,-0.000562349637400017,0.0218161132655539,-0.000373576207667642,0.00035214309147505,-0.018647371847898,-0.00160480380706591,0.00642981419283516,0.00337110149529612,-0.00022168608488257,-0.00182922184497982,-0.000499577249759182,-0.000536343367412023,0.000904452445269503,0.351817706386704,-0.0262427058069147,-5.25142335214287e-05,-0.000187175183680615,6.11183940735122e-05,-0.000320207051612285,0.000104190912074252,-0.00118620876312363,4.29677549491588e-06,-0.000430824235293557,0.000253315039876996,-0.00884911625429845,0.00201419027583447,3.41797477591615e-05,-5.08090146732556e-07,-0.00244112685600741,-0.00193303047342684,-0.0241529994050424,-0.00137512919682285,-8.06163026824034e-08,-9.74085878650084e-05,9.44956500010659e-06,5.85481219884659e-17,-9.81602231944869e-05,0.000526219716337609,5.56534525897678e-07,-1.15924234633809e-05,-0.000450453972982075,-2.27677035962607e-05,-0.00423519920647222,5.73333723732039e-05,-1.49091099744624e-05,0.00590691961686428,0.00186507728402893,-9.05938426575372e-09,1.05635216084391e-15,-0.0134163717067692,0.00553665772537742,0.000175363678400125,0.000266670112632744,-5.85849954355238e-06,-2.30529460584048e-06,-3.52989543324768e-06,8.64952652866139e-05,7.50436315904684e-06,-0.0281843402700329,0.371307398036728,0.000211942386781105,2.8992797171025e-16,4.77731618687104e-08,-1.87366787966378e-07,-8.97392201164998e-09,-0.000139119654311939,-1.90195272183578e-08,-1.15553047738111e-05,0.00120878533142003,0.000209581016982499,-8.43707217899545e-06,0.0133609748592412,1.20930753144525e-06,2.04526395225717e-16,-1.70106405371069e-06,1.24856414387162e-05,0.000154178179966636,7.12490106634682e-08,-4.23690912666409e-17,-1.92616419927676e-09,-2.9611983012141e-09,-6.56459628626746e-09,-0.00211297099260813,6.22434623460456e-06,1.85789555420497e-16,-0.00071100707294476,2.71865994248123e-16,-5.54359764370423e-09,-2.96616082633124e-16,-3.03409067525079e-07,1.13961056911723e-08,-3.52574512823916e-16,-5.05598123318272e-10,-2.34550024612869e-07,-4.17496945595195e-09,-0.000392209079656912,1.09370738095478e-08,-1.96545398956309e-05,3.50546463432271e-06,0.000476180069593601,-1.58299246326238e-16,3.46427153355899e-08,-1.26598817601039e-05,1.73223124218726e-16,3.6846400669466e-06,-0.822975077270709,3.43669535742478e-15,1.96891114523368e-16,-1.57929488376948e-05,5.26423474385557e-16,-1.61787206579439e-15,7.72031841657662e-16,6.23918750006485e-06,-1.44535250312422e-15,-5.42498905812486e-06,5.3928216059429e-16,1.87184930815783e-06,2.53353689709111e-07,-5.84859343835689e-17,4.06544169095344e-17,-1.01935969100741e-16,-4.81062717251387e-16,1.58626975348257e-16,-1.9003369577607e-16,-1.25126439720781e-17
"t82",0.115138026252799,-0.0303944727285512,0.10029072834384,-0.00350900284053303,0.165981147210828,0.000769294003193628,0.00489394582923458,-6.81866780173164e-05,-0.000585110547123914,0.0228853682157393,-0.000398815940199392,0.000379929516213657,-0.0201523647300572,-0.00173739101943067,0.00696400448957069,0.00369550260159694,-0.000243815156909669,-0.00201294126824302,-0.000551862005841903,-0.000594632699993522,0.00101745808058017,0.39656721131152,-0.0297369647571433,-6.06207261807613e-05,-0.000218784274667089,7.14846914409462e-05,-0.00037487704930309,0.000123380444725777,-0.00141204922096917,5.1814503408031e-06,-0.0005325904661406,0.0003135116790922,-0.0110804361417065,0.00252949203596861,4.40634999023663e-05,-6.58911966664108e-07,-0.00323945528662361,-0.00259010712666936,-0.0324514784269134,-0.00185120375481712,-1.08949120223488e-07,-0.000132213775269742,1.28403183878418e-05,2.66468700884993e-17,-0.000134164665468047,0.000724565789809265,7.71675348991787e-07,-1.62979243951222e-05,-0.000634849478544311,-3.21675551362751e-05,-0.00622602663553542,8.42977808304593e-05,-2.19757738766477e-05,0.0087707032029813,0.00278759758040463,-1.37379703102892e-08,1.58334892255408e-15,-0.0211970826178105,0.00898236519078482,0.000286531994219633,0.000440234975171977,-1.00090623983076e-05,-3.9557357937415e-06,-6.13400844883243e-06,0.000151698899688458,1.3408827456179e-05,-0.0516915026152882,0.683541955179663,0.000399433506992771,6.38955879308886e-16,1.00664213214109e-07,-4.12711582989742e-07,-1.9989456692488e-08,-0.000337357666035063,-4.61452236136446e-08,-2.8219896515638e-05,0.00311787951323312,0.000560327547123551,-2.26075691347593e-05,0.0393320973226825,3.67408112418913e-06,-3.38219346152838e-16,-5.93608534297098e-06,4.50680770445685e-05,0.000562082461977071,2.74991525489403e-07,-1.4688095703784e-16,-8.18807424391322e-09,-1.26971588389852e-08,-3.236706916211e-08,-0.0112697120225122,3.59834895928413e-05,-1.23130109743782e-16,-0.0042360205839605,1.66841399333615e-16,-4.72081176578882e-08,-1.61768096741564e-16,-3.49591470371133e-06,2.25153530154917e-07,-2.36627101806859e-16,8.03858761865939e-09,2.28216057696528e-06,3.7543874022126e-08,0.00240608329895089,-3.36234255193021e-08,5.54612433539509e-05,-8.05948722925283e-06,-0.000956113953996394,2.881397285002e-18,-5.9089338858584e-08,1.94796506902593e-05,3.68322239575444e-17,-3.30325941884149e-06,0.555058043990759,-2.22227160471453e-15,-9.90960785651751e-17,8.80972054525479e-06,-3.48268852228445e-16,1.32800346170221e-15,-3.31110512635366e-16,-2.13005852079187e-06,1.51692647373314e-15,1.66587501904407e-06,-9.09645622715338e-17,-3.28254981205652e-07,-2.66866361399573e-08,-5.21096629727585e-17,7.579340544187e-17,-1.39876000696734e-16,-5.96444755471337e-17,-3.76637867129821e-16,-1.97409829498243e-18,-4.13083975318877e-17
"t20",0.0999703693118851,-0.0244308042398729,0.0655715216171016,-0.00200461585673029,0.0703545977947496,0.000277297937021488,0.000164207159301612,1.28473500132674e-06,4.72724499869288e-05,-0.00918929987418504,0.000616643016514971,-0.00147398612151346,0.0992192210741471,0.0120217395668657,-0.0535104386132869,0.00628328567746164,-0.000102866222283377,-0.000433438651932684,0.00104602691233745,-0.0135612546371093,0.000217453233072577,0.0192505549642902,0.00917868761656,7.32098612940367e-05,0.000374335090698195,-0.00012407053554855,0.000664710759559696,-0.000273398297829084,0.00341549477415689,-1.51717081605385e-05,0.00210937500590912,-0.00125739281063357,0.0502017052407461,-0.0118003187087157,-0.000259769886954218,4.05982085133381e-06,0.021166254490074,0.0115588090059193,0.0682734460295846,-0.00340711950379871,-0.000269496364229934,0.00303331736114554,-0.000266398276873545,-4.74155701386594e-16,0.00225908014421183,-0.0117346896684334,-1.2833914090738e-05,0.000305788351847662,0.012238737644619,0.00063839543067086,0.256008718375734,-0.00348280849948492,0.000979267833615834,-0.512086699003246,-0.230117568386219,-5.35728449524403e-05,1.16541905121732e-14,-0.15768455010254,-0.239746739520146,-0.0154657244020484,-0.569040782119713,-0.000237329982431091,-8.22048405601988e-05,-8.98538729160784e-05,0.00173035649423545,8.53070916527624e-05,-0.0338589027714382,-0.0852496340788451,-0.00208589892195285,-7.4983897256709e-16,-1.67696145101925e-05,-3.95035035182702e-05,-1.43406780440419e-06,-0.00920584905771891,-1.25480505136391e-06,-0.000734830996154565,0.0596958091035465,0.00900986446209828,-0.000359677645010593,0.387824454429792,2.93694747799857e-05,1.6750591203581e-16,1.75211343928471e-05,-0.000350566469700749,-0.00539481455410256,-7.72460784722879e-06,-2.81609161793576e-16,-1.68459204604289e-06,-1.79798986218614e-06,-9.81041365856971e-07,-0.00309790318266391,0.000622973635791105,1.1218501480211e-16,-0.0309363116713409,2.79056399316733e-16,-8.81116317584493e-07,5.79828226407701e-16,-5.60668592576447e-05,3.17445437723429e-06,5.13589655104175e-16,8.60991635716129e-08,2.267299039624e-05,3.67379609494912e-07,0.000945227630229886,-2.37686515364675e-07,0.000376499581757422,-4.89777787884102e-05,-0.000308972759244949,-2.99606880446211e-16,-2.91275463930991e-07,8.75860276201893e-05,-8.74807702328592e-17,-6.00912674896957e-06,0.0123458101258848,1.03831930699736e-16,3.98986399474666e-17,-1.22604237688282e-05,-9.68815586825635e-17,2.65039533018958e-16,4.17470913360733e-17,1.32221527513725e-05,1.7717873442155e-16,-1.25596872679067e-05,8.8037216405823e-17,5.64755697202232e-06,8.49973555330135e-07,1.0027160469907e-16,1.37335341909968e-17,4.06583769672428e-16,-1.02623835865853e-16,1.18263630755693e-16,-1.20443635547517e-17,1.28804433608495e-16
"t54",0.0774630160912729,-0.0155582668017864,0.0145697142494189,0.000131790924801922,-0.0193972754764452,0.00144815081016428,-0.00958157975262771,0.000143196138381106,0.0013309927810174,-0.0736449117095974,0.00240275449047596,-0.00272876415619991,0.131235360152305,0.00276352058228548,-0.0391374548278663,-0.138731175195532,0.0121332068026941,0.106936968225289,0.0597091035046009,-0.472404393341992,0.00508125393757644,-0.050057567759619,-0.28355842013727,-0.0019006238939416,-0.00422051135760724,0.00135507898253375,-0.00692459819108627,0.00176810265054338,-0.0184319816992384,5.5662665508961e-05,-0.00425528645802188,0.00247414602342873,-0.0774103085316196,0.0171477943896667,0.000226915269472203,-3.16489153077515e-06,-0.0102292062173026,-0.00366287025949709,-0.00361119993557249,0.00153626136848949,0.000125311116740454,-0.0011702783495074,9.92754647662573e-05,5.04054799974684e-17,-0.000387600055712199,0.00315246290801382,2.93888985481981e-06,-5.02598534402498e-05,-0.00118928374396299,-9.41985083186873e-05,-0.0106654873879564,0.000144082696156176,-8.974603008711e-06,0.0132001013870107,0.00394297571390015,1.46912845875161e-07,2.80966068200319e-16,-0.00161447192428871,-0.000254442211044168,3.0368964709853e-05,0.000637584377302504,2.15703187144396e-05,7.8943085371447e-06,1.04530824402409e-05,-0.000232902524652327,-1.52443615475824e-05,0.00993617612212375,0.000310983729977556,0.000688314911206154,1.2381705262089e-16,1.57739931529213e-05,5.3408485239187e-05,2.12544312027751e-06,0.0148832606863021,6.90012907028628e-06,0.00131812424094367,-0.489336832286901,-0.6074301854459,0.0475210275153666,0.0442637044135307,-6.26590819620779e-05,-5.06292038225114e-16,0.000453442342636253,-0.00201241888957271,-0.0275712748134094,-7.86501141418574e-05,-8.97190388386629e-17,-1.06721237777257e-05,-1.11002289038524e-05,-4.51444860825515e-06,-0.000209923325629205,0.00198830410223733,7.84979847498162e-16,-0.00209154596177721,9.70783136661112e-17,-3.01722360203001e-06,1.7024030767778e-16,-0.000176583521805337,9.29579971967648e-06,5.50428213265588e-16,2.18601883103162e-07,5.56947302163546e-05,8.96816359747773e-07,6.88959650789113e-05,-5.21755875645567e-07,0.000818700053470824,-4.71877610817084e-05,-2.38418554443627e-05,-1.10689995482274e-16,-5.99942900996795e-07,0.000178509668634339,2.5927337191867e-17,-1.16100421707898e-05,0.00103308639990155,8.04237899390214e-17,2.83410447887711e-16,-2.36090567500161e-05,8.94386994623195e-17,4.08930531961737e-17,1.11334698763107e-16,2.46226418146901e-05,-3.53730468757778e-17,-2.32904886035798e-05,1.99981090714951e-16,1.03080281981351e-05,1.53844062737432e-06,1.45122749857728e-17,7.99437702713117e-17,1.09135603824307e-16,-7.02861146707323e-17,3.55082529787948e-17,6.58300534567574e-17,5.55067160223659e-18
"t98",0.0782944744962538,-0.0158059005169712,0.0149741816510112,0.000136289613093008,-0.0202744920260512,0.00152036257101196,-0.0102747489840942,0.000154035562900771,0.00143689073568126,-0.0808481366465806,0.00273778231170464,-0.00318261440483585,0.153636722998518,0.00324815906759237,-0.0460453408665582,-0.167818307837576,0.01479062168348,0.130530773696126,0.0735512368257207,-0.587038812593304,0.00654627529079726,-0.064818597065293,-0.372181943112583,-0.0026213143273437,-0.00602875248524733,0.00193915273904266,-0.009936712198769,0.00262391425695301,-0.0277907890699809,8.73975171098557e-05,-0.00726396996111169,0.004240727766499,-0.138433494689793,0.0310054271859451,0.000455674607120587,-6.52019272983762e-06,-0.0234485672942821,-0.00881718119916026,-0.00881786759778233,0.0037903177774999,0.000315739137590563,-0.00302013379232401,0.000257813322064397,1.2114182447882e-16,-0.00104098560798038,0.00885019708490777,8.62101652700345e-06,-0.000161931508512807,-0.00389972392020142,-0.000314554945312905,-0.050628903630457,0.000685168056512833,-4.3853754813604e-05,0.0701914523903694,0.0227793089064597,1.04922833079092e-06,2.88200976736696e-15,-0.035751130990135,0.014969351012746,-0.000897976948703066,-0.0109405519490988,-0.000153606514104227,-5.22965847105601e-05,-5.75841670469482e-05,0.00114180593889353,6.10924566691357e-05,-0.0316510746456842,-0.000962240903985415,-0.0018031069331181,-2.6067206950755e-16,-2.36566550663941e-05,-6.82105560868468e-05,-2.61565056857897e-06,-0.0143109687664756,-6.62586878290641e-06,-0.00124449984144092,0.404950281220535,0.464630871626919,-0.0361778876899232,-0.0280791066283769,3.76215458368747e-05,4.5915442173213e-16,-0.000220009986634075,0.00093242628890379,0.0126073885196088,3.34474942552885e-05,1.59742248083774e-16,4.05699986959348e-06,4.18011020051658e-06,1.47658384410656e-06,6.39758230975956e-05,-0.000566723370888478,-5.58918862424733e-16,0.000582196851581523,-1.10540382509382e-16,6.63861626004743e-07,-1.10456024015115e-16,3.35430238073259e-05,-1.4744472989197e-06,-4.89236485630591e-16,-1.78815567171073e-08,-3.371388497406e-06,-5.05230760651293e-08,-2.24020282967341e-06,-1.31567596400872e-08,2.74576935925973e-05,-2.55678533766595e-06,-1.6277807392391e-06,8.75207478951062e-17,-5.13022849815952e-08,1.72183278957785e-05,6.85762797764599e-17,-1.76621659800412e-06,0.000184568269644931,1.2786824388024e-16,-3.12250225675825e-17,-4.59827762648579e-06,-9.95422579837209e-17,-5.82257367866439e-18,-6.6654132417598e-17,5.6574096839665e-06,1.68772275506351e-16,-5.49750734653125e-06,-3.64291929955129e-17,2.70444074562975e-06,4.27691349834803e-07,-6.9615571860271e-17,1.79417888402381e-17,2.66463533592115e-17,8.19355040323855e-17,-1.62557351833557e-17,-8.257176052787e-17,-3.34965481029797e-17
"t50",0.0603203685751279,-0.00747180075285167,-0.0857848221814004,-0.00867238978583353,-0.00486864119825146,0.00430950868963246,-0.0297450061838459,0.00046572262584318,0.0046020440453987,-0.398232782048929,-0.0120208173511309,0.00301489266000157,-0.0797434576106319,0.0212026505924675,0.0112911539678249,0.0940467336197562,-0.379217582859935,0.00104894023722716,-0.0349648375102906,0.0408029381396495,0.00113674829439919,0.00165541614455176,0.0027126837289496,-0.000987261040293501,-0.00275732324921217,0.000894051583614382,-0.00463676377499686,0.00138846681385899,-0.015457794192323,5.43379635601351e-05,-0.00550259996139469,0.00324270771402779,-0.116980836664199,0.026921135667851,0.00054709438257072,-8.83578666159789e-06,-0.00781222496528484,-0.0119791602907103,0.00298975096132845,-0.00107136768270153,0.000821129862710945,-0.0111262199997376,0.00107347909927744,-2.29664794303955e-17,0.000212760372807966,-0.00891376681208291,-0.000170084549217888,0.00033051116947141,0.000714543739269821,0.378964987184208,0.00312121794451108,-4.11103672667357e-05,-2.4322068562454e-05,-0.000595807135940565,-0.00297839306928486,1.17959675853362e-06,4.80452257361542e-16,-9.98776009727776e-05,0.000246331846498209,-0.000256367222349887,-0.000275395237388935,-5.26517218805934e-05,-1.84125251165786e-05,-2.20597879430056e-05,0.000468173387899993,4.57251514916631e-05,-0.0206567041013855,-0.00154168322618325,-0.00218788821755794,0.707106781186548,3.13994269767479e-06,-1.46860836604067e-05,7.32716982542465e-08,-5.51919866492437e-05,-1.15666342253261e-07,-5.3974592113796e-06,0.00330999613562891,-0.00303993812133908,0.000282851733835382,-0.000208243278538586,-2.86636544457996e-05,-3.84777895021296e-16,-2.69390713864386e-05,5.24540016577944e-06,6.8387533839028e-05,2.34237931729785e-06,7.70791886755727e-17,8.48430307823569e-08,7.18842445950052e-08,-5.6366500020234e-08,-3.86939170617936e-07,5.45118767073029e-05,7.07943852581691e-16,-5.59516225069496e-06,-2.53240554764187e-17,-1.52089184788065e-07,-8.82484460008392e-16,-1.0785550116695e-05,6.72812217153082e-07,3.37353177732486e-16,2.21055900917044e-08,7.65194187964978e-05,9.95002917890484e-08,1.06439815877197e-06,-7.53077289833426e-08,0.000121068460386619,-1.02442188294456e-06,-5.45152225319217e-07,4.39418460546584e-16,-1.02390867173785e-07,3.13491441548365e-05,3.00445683360023e-16,-2.34081195079217e-06,3.4105233152699e-05,2.65240967518223e-16,1.73472347597681e-17,-5.26141614012529e-06,-1.59560347996158e-16,3.48519190521134e-16,-1.04172863531399e-16,5.92780343708008e-06,1.60240269354884e-16,-5.68383716256001e-06,-5.20417042793042e-17,1.44722925331089e-05,4.10301083961099e-07,-2.20292952250807e-16,6.20269276674847e-18,7.12570492326206e-17,1.49193237000263e-16,-5.76547137891857e-17,-8.38775167694132e-19,-8.47225207293885e-17
"t51",0.0603203685751279,-0.00747180075285172,-0.0857848221814005,-0.00867238978583355,-0.00486864119825147,0.00430950868963248,-0.029745006183846,0.000465722625843173,0.00460204404539868,-0.39823278204893,-0.0120208173511309,0.00301489266000158,-0.0797434576106321,0.0212026505924676,0.0112911539678249,0.0940467336197564,-0.379217582859936,0.00104894023722727,-0.0349648375102905,0.0408029381396497,0.00113674829439917,0.00165541614455182,0.00271268372894958,-0.000987261040293425,-0.00275732324921205,0.000894051583614297,-0.00463676377499685,0.00138846681385893,-0.015457794192323,5.43379635602054e-05,-0.00550259996139467,0.0032427077140279,-0.116980836664199,0.026921135667851,0.000547094382570804,-8.8357866616731e-06,-0.00781222496528466,-0.0119791602907106,0.00298975096132849,-0.00107136768270127,0.00082112986271095,-0.0111262199997377,0.0010734790992775,-1.37133658755676e-16,0.000212760372807654,-0.00891376681208297,-0.000170084549218492,0.000330511169472213,0.000714543739269144,0.37896498718421,0.00312121794451045,-4.11103672675734e-05,-2.43220685628365e-05,-0.000595807135940042,-0.0029783930692856,1.17959675840885e-06,-2.64686422447988e-16,-9.98776009721291e-05,0.000246331846497887,-0.000256367222349504,-0.000275395237388673,-5.26517218794997e-05,-1.84125251182471e-05,-2.2059787941806e-05,0.000468173387898671,4.5725151491234e-05,-0.0206567041013822,-0.00154168322618154,-0.00218788821756541,-0.707106781186546,3.13994270082288e-06,-1.46860836591734e-05,7.327170197399e-08,-5.51919866481955e-05,-1.15666343728643e-07,-5.39745921506558e-06,0.00330999613562901,-0.00303993812133961,0.000282851733836256,-0.000208243278539618,-2.86636544439903e-05,3.82403562229981e-16,-2.69390713869225e-05,5.24540016674826e-06,6.83875338388831e-05,2.34237931717122e-06,6.34932827789166e-17,8.48430295507033e-08,7.18842447801869e-08,-5.63665010812342e-08,-3.86939170776004e-07,5.45118767070204e-05,-1.12565886152583e-15,-5.59516225021261e-06,9.43718643659026e-17,-1.52089184964204e-07,9.23154786632581e-16,-1.0785550116325e-05,6.72812218110649e-07,-4.25057789959362e-16,2.21055903933294e-08,7.65194187961752e-05,9.95002912972543e-08,1.06439815868963e-06,-7.53077294517179e-08,0.000121068460386395,-1.02442188336612e-06,-5.45152224664996e-07,-4.3608894436088e-16,-1.02390866477727e-07,3.13491441546578e-05,-1.91223024570048e-16,-2.3408119505311e-06,3.41052331527252e-05,-3.05049375210686e-16,-3.19189119579733e-16,-5.26141613947824e-06,1.89906161521038e-16,-2.15713172566027e-16,2.45468719667398e-16,5.92780343712171e-06,1.01693352039427e-16,-5.68383716247588e-06,1.96891114523368e-16,1.44722925331036e-05,4.10301083781121e-07,1.17857500541008e-16,-4.86699004051969e-17,9.23108346171855e-17,-1.28362519144464e-16,3.84013701492096e-17,-7.47935658946542e-17,1.82474828730806e-17
"t35",0.05994760605126,-0.00740324289122733,-0.0844078924078948,-0.00850095404038829,-0.00474077820960824,0.00418456916672529,-0.0284867822963206,0.000445091990954939,0.00438755823693677,-0.375309800845057,-0.0110238413015549,0.00271455187496634,-0.0715812541311771,0.0189703057179419,0.0100943176341433,0.0821020591559885,-0.328781365472401,0.000908343482037765,-0.0300259563112558,0.0347527348568147,0.000934030844999521,0.00135295366708994,0.00218486499109546,-0.000749941204722679,-0.00199815493985953,0.000646231165267709,-0.00333826233061105,0.000949802076268125,-0.0103002528237925,3.36128345941964e-05,-0.00279237050577994,0.00162641357853925,-0.051127932434321,0.0112894006594328,0.000124523340874721,-1.53280604712009e-06,0.000727710891148731,0.00290574829285887,-0.000867706424296858,0.000349304720201005,-0.000330213177559916,0.00550671389639772,-0.000558656331352046,2.88092987434691e-16,-0.000141672065599932,0.00788131667598513,0.000193403178572292,-0.000611167245374411,-0.00144211409274285,-0.837043581818374,-0.0945683697331133,0.0012888394852885,0.00156807517345179,-0.0208157008732781,-0.0465976189004449,9.08136862239319e-06,-2.23898026863728e-16,-0.000384857057604284,0.000779579591653731,-0.00077976810548545,-0.000796244242705189,-0.00013399415107372,-4.6257463833157e-05,-5.35554236274433e-05,0.00111136329906535,0.000104300149748538,-0.0449891030588677,-0.00333807177600983,-0.00458167566011458,-7.46386626745533e-16,5.91978781186962e-06,-2.69486363382398e-05,1.33648021556102e-07,-9.69823236513744e-05,-2.03207847699824e-07,-9.45986697895151e-06,0.00569852910457321,-0.00518133323021165,0.000481814894738822,-0.000347217644375457,-4.75085585979664e-05,7.15415784874265e-17,-4.37188579547661e-05,8.47738120153604e-06,0.000110396543892712,3.757924778063e-06,-4.02456566425209e-17,1.34906744099668e-07,1.14219547844158e-07,-8.86652078663057e-08,-6.05844001935963e-07,8.49976796065459e-05,8.11555135731714e-17,-8.71193230365627e-06,-9.92608827012044e-18,-2.33843609584877e-07,-5.06319652923575e-17,-1.64729682343438e-05,1.02034320381347e-06,-1.3103049348014e-16,3.29272874734395e-08,0.000113396389329468,1.47302106070124e-07,1.56657881156047e-06,-1.09238555345489e-07,0.000175241851974343,-1.47488233652626e-06,-7.81967648399616e-07,8.57106635934398e-18,-1.46199194492628e-07,4.46309154234987e-05,4.48107703797722e-17,-3.28207875609872e-06,4.74629780165029e-05,-1.03806913207848e-16,-6.41847686111419e-17,-7.28843645173873e-06,-6.66815184488457e-17,-6.07294095196514e-17,-3.6099258315502e-17,8.12824839850623e-06,3.46762181112886e-18,-7.77927087821772e-06,-1.25767452008319e-17,1.96523763123553e-05,5.54520414175128e-07,-1.98777435682527e-16,5.29263492737831e-17,-5.02957394904645e-17,-2.79796464389527e-17,3.20874126034041e-17,2.38712228036526e-17,1.72482843919483e-16
"t134",0.0601496444922936,-0.00744015610464873,-0.0851370093656335,-0.00859083196006006,-0.00480652651357311,0.00424823986380324,-0.0290948519686413,0.000454966819891764,0.00448901824932421,-0.38543712030601,-0.0113408897208958,0.00275577928843243,-0.0723114231475105,0.019033215505482,0.010107926131355,0.058053407465116,0.542804756923804,-0.104735068909381,-0.0465443769226108,0.0470542938960543,0.00116151571858953,0.00168063410694174,0.00271610796772845,-0.000956562329918605,-0.00262541957206706,0.000850558405286993,-0.00440548588144159,0.00129902222916307,-0.0143581309044816,4.95365443845923e-05,-0.00480991304205288,0.0028282176720482,-0.0995746553291764,0.02276178991581,0.000429232435072041,-6.78180297140812e-06,-0.00534493152481808,-0.00763881333608884,0.00186220345921633,-0.000655396156876975,0.000482911653663415,-0.00622307140188744,0.000591928514100048,-6.31014578029825e-17,0.000107724282994422,-0.00391044962833034,-6.12998539232405e-05,4.63330894245627e-05,6.28228817286498e-05,0.011000649898373,-0.0269860367593499,0.000368797562340503,0.000466953616987216,-0.00685113980071726,-0.0165045497356015,3.64176961808579e-06,6.97060138590309e-17,-0.000189700813046797,0.000415427254417091,-0.000422586020906116,-0.000441142637716635,-7.86950262431974e-05,-2.73338762180684e-05,-3.2170558095102e-05,0.000674931971932006,6.46031626445603e-05,-0.0285245163391488,-0.00212279630806037,-0.00296428869911821,-1.15536857686863e-16,4.05040197395609e-06,-1.87142568418442e-05,9.31185637445569e-08,-6.8991676847145e-05,-1.44574346408206e-07,-6.73936111530396e-06,0.00410084497385052,-0.00374993798847852,0.000348825274631773,-0.000254467759548158,-3.49373078170259e-05,3.33683376185705e-16,-3.2543699363936e-05,6.32564648309933e-06,8.2431161008094e-05,2.81608344784899e-06,-3.70888284640372e-16,1.01622010184425e-07,8.60747835394401e-08,-6.72120286948109e-08,-4.6050628329489e-07,6.47649807965594e-05,1.97123634052356e-17,-6.64367995072417e-06,5.49228130984543e-17,-1.79657870112213e-07,1.70678142235136e-16,-1.27059212586683e-05,7.90323102157521e-07,1.49218858755599e-16,2.5778472790422e-08,8.90494063470672e-05,1.15745941733263e-07,1.23528826419824e-06,-8.68930676075491e-08,0.000139574848051607,-1.17850480887686e-06,-6.26230161593657e-07,6.62736538361668e-17,-1.17406555240427e-07,3.5904968594196e-05,-3.28475310206757e-17,-2.66497382358588e-06,3.87149394756139e-05,4.01381861616456e-16,-6.80011602582908e-16,-5.96183978464164e-06,5.68889081341817e-17,-8.93017941148448e-16,-3.12742197031326e-16,6.69040138091478e-06,3.94893630497452e-17,-6.41044195486169e-06,-1.00700697780454e-15,1.62728082434016e-05,4.60503571367418e-07,-0.707106781186547,-3.29511951740506e-15,-9.1416532801211e-16,2.20172850525814e-16,-6.61514968102497e-16,9.57377813560218e-18,-6.68430137815976e-17
"t135",0.0601496444922936,-0.00744015610464873,-0.0851370093656334,-0.00859083196006006,-0.0048065265135731,0.00424823986380324,-0.0290948519686413,0.000454966819891775,0.00448901824932421,-0.38543712030601,-0.0113408897208958,0.00275577928843244,-0.0723114231475105,0.0190332155054819,0.0101079261313551,0.0580534074651159,0.542804756923805,-0.104735068909381,-0.0465443769226108,0.0470542938960543,0.00116151571858952,0.00168063410694187,0.00271610796772846,-0.000956562329918576,-0.00262541957206707,0.000850558405287015,-0.00440548588144144,0.00129902222916301,-0.0143581309044816,4.95365443845437e-05,-0.00480991304205289,0.00282821767204806,-0.0995746553291764,0.0227617899158099,0.000429232435072024,-6.78180297144156e-06,-0.00534493152481808,-0.00763881333608886,0.00186220345921622,-0.000655396156876969,0.000482911653663452,-0.00622307140188735,0.000591928514099767,1.35682512522975e-16,0.000107724282994333,-0.0039104496283303,-6.12998539233194e-05,4.6333089424648e-05,6.28228817284189e-05,0.0110006498983729,-0.02698603675935,0.000368797562340476,0.000466953616987302,-0.00685113980071733,-0.0165045497356015,3.64176961801691e-06,1.15407303260288e-19,-0.000189700813046751,0.000415427254416981,-0.000422586020906248,-0.000441142637716565,-7.86950262432274e-05,-2.73338762178895e-05,-3.21705580950933e-05,0.000674931971932151,6.46031626446643e-05,-0.0285245163391488,-0.00212279630806062,-0.00296428869911828,1.1176897865464e-16,4.05040197397734e-06,-1.87142568420548e-05,9.31185638111176e-08,-6.8991676847168e-05,-1.44574345985801e-07,-6.73936111448016e-06,0.00410084497385051,-0.00374993798847843,0.00034882527463221,-0.000254467759548093,-3.49373078169461e-05,-2.57423648374823e-16,-3.25436993641841e-05,6.32564648244053e-06,8.24311610080736e-05,2.81608344780953e-06,4.16778908311301e-16,1.01622010793313e-07,8.60747833026504e-08,-6.72120288214458e-08,-4.60506283226212e-07,6.47649807966487e-05,3.90075825526965e-16,-6.64367995027598e-06,-8.12529797415877e-17,-1.79657869999544e-07,-1.66102205383367e-16,-1.27059212590023e-05,7.9032310209854e-07,-7.19583842507367e-17,2.57784727726411e-08,8.90494063469152e-05,1.15745942125527e-07,1.2352882638211e-06,-8.68930672501961e-08,0.000139574848051615,-1.17850480833857e-06,-6.26230162261822e-07,-9.47346776145681e-18,-1.17406555402407e-07,3.59049685937311e-05,1.41635195223593e-16,-2.6649738237316e-06,3.8714939475569e-05,-2.74292935731879e-16,7.07767178198537e-16,-5.96183978546216e-06,-7.70942200438724e-17,7.24123811330584e-16,3.7414901922591e-16,6.69040138213603e-06,1.06709896438812e-16,-6.41044195452342e-06,1.19956128363796e-15,1.62728082430432e-05,4.60503573451471e-07,0.707106781186547,3.26922335482725e-15,1.03551714524236e-15,-2.10038563371199e-16,7.63225196266594e-16,-2.73226825739554e-17,5.03619017205371e-17
"t12",0.0561706371543176,-0.00672928913150454,-0.0729435834967939,-0.00763972859000406,-0.00261198030028333,0.00243392532578973,-0.0138686701922568,0.000207999932941582,0.00194963491063615,-0.12477432851891,-0.000770333503390844,-0.000271652985962765,0.00912384979254443,-0.00296946929986386,-0.00165086241818969,-0.0273812801633096,0.00378700367193531,0.0169505170327316,0.0216719851120006,-0.0218254055001881,-0.000867663843938133,-0.00131667840812208,-0.00238928478212272,0.00117333686069147,0.00386098136799172,-0.00126151720979833,0.00661859845329009,-0.00225424361061244,0.0264927786686388,-0.000105292444094771,0.0130019631454155,-0.00772477422576571,0.301207179765461,-0.0705935585288844,-0.00164977702608714,2.73696893351248e-05,0.0151516595250281,0.0364308836249956,-0.00913964167633366,0.00327724736852423,-0.00250091728360833,0.033487558433238,-0.00321787482639189,-4.28024873262074e-17,-0.000622766490977593,0.0330282088501346,0.000335001915742777,-0.000267696495685129,-0.000333471478939559,-0.024066448399603,0.253969137466517,-0.00347532581809448,-0.00449166634768532,0.0724882743825844,0.169395191904908,-4.40931898441825e-05,2.17772118579982e-16,-0.00186510190116483,-0.00387852872269872,0.00443605214876171,0.00524274018909521,0.00124336365146282,0.000445371491862974,0.000571487309604516,-0.0127505877450135,-0.0014480428271642,0.72345791019457,0.0552023244939855,0.0905593539183334,1.26581324197796e-15,-0.000334636892850468,0.00143806601026337,-2.06742825690291e-05,-0.0140328703019717,-2.91052679238296e-05,-0.00120240821124527,0.389976050635076,-0.280053617263831,0.0257222378360312,-0.0127209888207478,-0.00159684828682494,-3.79835620746995e-16,-0.00112981730405818,0.000209274111662273,0.00269135153195706,8.58714084176816e-05,-3.22367436017899e-16,2.82298245168726e-06,2.37385496553626e-06,-1.67988677994037e-06,-1.10215629969776e-05,0.00149249937348719,-6.38512708091891e-17,-0.000151170317341007,-9.37987683144482e-17,-3.66480216858215e-06,-2.65149989300456e-16,-0.000245257857673624,1.44111779732991e-05,5.57500711449436e-16,4.09740376450078e-07,0.00190711946653703,1.75806260038227e-06,1.79957479868847e-05,-1.14378975522508e-06,0.00181061499465008,-1.47439484346287e-05,-7.64309632731938e-06,-4.75938021703417e-17,-1.3901688715851e-06,0.000417027429407708,-1.90711979746388e-17,-2.80520707873102e-05,0.00038871683610329,1.73557906320298e-17,4.85722573273506e-17,-5.81584419791243e-05,1.72920687483615e-16,2.76517970264029e-16,2.07724092456479e-17,6.12755508798066e-05,-5.58322392717563e-17,-5.80467418727828e-05,1.22298005056365e-16,0.000177510132581485,3.86162368738621e-06,-4.10186935489119e-17,4.01011616808099e-17,7.05627002606235e-17,8.56369077974823e-17,2.17098861382374e-16,-8.18714086827668e-17,-1.94896324793755e-17
"t16",0.0620175939401141,-0.00797473695013715,-0.117229903895974,-0.0188101573377774,0.00439842779035175,-0.0011169801326761,-0.00570107102756767,9.29085248259858e-05,0.000936916150448579,-0.0727587775130662,-0.000535132721737762,-0.000202280880270087,0.00686937137293473,-0.0022629388787228,-0.00126185205054297,-0.0238804533659512,0.00364934726573108,0.0168061119137424,0.0527118064029898,-0.00903809410363029,-0.000643355285899717,-0.000990195052013578,-0.00185191610675461,0.000979428945831576,0.00335782916330605,-0.0010993243596185,0.00578530186067558,-0.00204295549123463,0.0244129335517732,-0.00010121707832295,0.0136759859938404,-0.00816274934827044,0.334611156694622,-0.0795088993543128,-0.00218860441227807,3.85256851020385e-05,-0.0896239042679692,0.0327155891306025,-0.00951267879395373,0.00367786289663198,-0.00315840852660974,0.0474732039172799,-0.00470439247346804,-2.06639431837805e-16,-0.00111654328812537,0.165425467218065,0.000106330075312156,-0.000321912751279941,-0.000421808440116107,-0.0318267424187445,0.570458728526538,-0.00782717335526297,-0.0105658125111085,0.219347014963472,0.39413745755904,-0.000150041240717087,5.25409036958562e-15,-0.0612354331956411,0.0249979394034297,-0.0212862111610281,-0.0181743933311873,-0.00212835952894483,-0.000712027965864274,-0.000761456255089633,0.0150456858272414,-0.000238101407960593,-0.517334847598175,-0.0380266136125596,-0.049782211533522,-1.504317199373e-15,6.73641095461151e-05,0.00703434901144198,2.32940975385388e-06,0.00030976240341355,6.29609136603825e-07,1.93957839666061e-05,0.00934024392118531,-0.012792370580051,0.00120726506678502,-0.00116301251168213,-0.000165153362051115,2.15807867513214e-16,-0.000163260711471656,3.18847968314612e-05,0.000415933113495716,1.42622654086774e-05,-8.58863796811397e-17,5.15041767110147e-07,4.36182424340317e-07,-3.39011002651072e-07,-2.3144098487573e-06,0.000324235112831069,2.72693737740665e-19,-3.32121656451579e-05,1.46386788882191e-16,-8.8426790774666e-07,1.68699802409096e-16,-6.19248059668012e-05,3.80781348707435e-06,4.07931124015173e-17,1.2028035305321e-07,0.00507257598483723,5.27808990863723e-07,5.60453230198631e-06,-3.81861373122822e-07,0.00061032403876352,-5.08807176005484e-06,-2.67951453560048e-06,-2.02836370733479e-17,-4.96715707077591e-07,0.0001507917105526,1.39856510682714e-16,-1.07580723752649e-05,0.000153168354898312,3.50320784120967e-16,0,-2.32902344452883e-05,-3.3793266168243e-17,-3.16810539475668e-17,8.03943062299877e-17,2.53989936982169e-05,1.12053402407034e-16,-2.42075717051104e-05,1.26201132877313e-16,0.000416547503183903,1.67613157626674e-06,2.57677814509763e-18,-2.55707864413901e-17,-1.11115724749356e-16,3.08086748353723e-17,4.74190363336314e-17,8.85261810188799e-17,6.16133154906439e-17
"t36",0.073168980479454,-0.0103715413243248,-0.204238483736376,-0.0410038148683228,0.0186026699251049,-0.00837129049065954,0.0116703427149222,-0.000153358928154503,-0.0012452244008819,0.0430804286703899,2.88316629841575e-05,-2.89294120589872e-05,0.00120618435165672,-0.000479793151967726,-0.000279116581067315,-0.0160949322104919,0.00377279342896916,0.019046350881269,0.171192931500412,0.0361411802260189,0.000186057164547843,0.000235793058342135,0.000260079784445003,3.63744647006096e-05,0.000361356076409372,-0.000121739723552617,0.000667917230063158,-0.000342473472101028,0.00464029424123921,-2.47675240302656e-05,0.00493967355546322,-0.00299941992478017,0.146779287750732,-0.0365300079416935,-0.00165299010298005,3.40070224616905e-05,-0.416048096469301,-0.0418137783582262,0.00565415016364477,-0.00103820513641987,-0.000538422038486373,0.0281436026410468,-0.00331585747361451,1.56210832441205e-15,-0.00161620725696618,0.672626270677243,-0.00217023129188686,0.000618447673471402,0.00070768663699685,0.0474275123531227,-0.39826010403094,0.00547322181098944,0.00768083153276247,-0.279190064235058,0.139233789215142,2.56427026487538e-05,-7.14413607739641e-16,0.00935752930620602,-0.00300240198399263,0.00239014119228892,0.00184841260232712,0.000153402368970882,4.90128715981536e-05,4.57026736768581e-05,-0.000813367245320284,-0.00171964742478115,0.0154218285952128,0.00106776294236479,0.000896483514532679,6.92935446070149e-17,1.09970534045928e-06,0.0108638342329648,6.20092348751314e-08,1.27758180194289e-05,2.60132096445084e-08,8.18952588236058e-07,0.000458379668047499,-0.000677848150007839,6.4249814412283e-05,-7.18070166582277e-05,-1.0597047189316e-05,-7.98979109114863e-17,-1.19022181222202e-05,2.38049171129391e-06,3.12584974002395e-05,1.10958112448513e-06,3.89392771512216e-17,4.20597298256969e-08,3.57563079674342e-08,-2.92995014027596e-08,-2.04842780837421e-07,2.93072420014678e-05,-1.56601037904951e-16,-3.02344841167183e-06,1.22896178865919e-16,-8.5691430873697e-08,-4.0359851819041e-17,-6.200381308863e-06,3.94829587267286e-07,-1.06219144076497e-16,1.39840662866705e-08,0.0147423251632135,4.62657198429042e-08,6.33520207227771e-07,-4.69633754471982e-08,7.57981476378866e-05,-6.47035409641977e-07,-3.46190588100618e-07,1.12204011504553e-16,-6.54194802990685e-08,2.01021482653238e-05,5.84772549417203e-18,-1.52502112678527e-06,2.2358982427566e-05,1.76847766478017e-16,6.93889390390723e-18,-3.46119448885879e-06,2.78846816451212e-17,5.56793294859107e-17,-1.76573886968984e-16,3.92525591031562e-06,-1.81308427884324e-18,-3.76769571695454e-06,-3.99853761212654e-16,0.000732465276847417,2.73513178066735e-07,-3.44237647984953e-17,1.03533234053979e-16,1.3382611320836e-16,-3.02157873229988e-17,3.92162494336923e-17,-7.43348302776701e-17,3.74494940244054e-17
"t119",0.075328519098753,-0.0108322307265557,-0.220620056452084,-0.0451261945960775,0.021166992571084,-0.00966255943447404,0.0144845240089136,-0.0001925066952373,-0.00158390531343199,0.0584810484846349,4.62836798523753e-05,-5.27070150470824e-05,0.00224710655462676,-0.00091593031545846,-0.000536049823376378,-0.0375709755211871,0.00938039426745965,0.0478939000123372,0.467434669152293,0.107655608473014,0.000903125878984993,0.0012593873197325,0.00190555090430691,-0.000631764625372922,-0.00177355755585798,0.00057564676148832,-0.00299034853417078,0.000921373670485233,-0.0104422510418498,3.87885088523349e-05,-0.00456908895466544,0.00271617428490292,-0.108294560458009,0.0256591135477412,0.000770237193016978,-1.45036871402356e-05,0.126385913895323,0.0109993811971166,-0.0014274580502831,0.000254467180357303,0.000124344970723437,-0.00607809836585597,0.000703717268830865,-2.52646411520849e-16,0.000312583990975708,-0.115238572254978,0.000329924138495917,-7.27224767902192e-05,-7.92478442511508e-05,-0.00504728671080307,0.0128836353462211,-0.000175638777475181,-0.000216619388077343,0.00480538389982811,-0.00109047642138939,2.89759970186171e-07,-1.57455406643823e-16,0.000528526653120215,-0.000240989359383595,0.000205766285724888,0.000174032984375074,1.81353012170264e-05,5.93121504296015e-06,5.88654446753191e-06,-0.000109180495418554,-0.00024863336885106,0.00243481414996802,0.000170498866223202,0.000152815917608961,1.21200768766531e-16,2.33360233943894e-07,0.00245170621653293,1.41922258267447e-08,3.20618711447698e-06,6.53145265736704e-09,2.06909126321198e-07,0.000121530960692528,-0.000184929612530782,1.75586179086834e-05,-2.09624130960026e-05,-3.15583014817537e-06,4.77491146721058e-16,-3.83273696943041e-06,7.79914290767038e-07,1.02921806437986e-05,3.75580534314572e-07,6.73666617430901e-17,1.4876479300166e-08,1.26948485282968e-08,-1.10268671919128e-08,-7.95044651858528e-08,1.17253995052398e-05,-4.87572850894247e-16,-1.22307782759098e-06,-1.8581791188319e-16,-3.91137504576115e-08,5.0031161851021e-16,-3.09326043288621e-06,2.24258079229919e-07,-7.12902829355529e-16,2.10662613655405e-08,0.394704404928704,-3.71276284065599e-07,-4.21692982226725e-07,-7.6554731651135e-10,3.48633031228981e-06,-6.59974574261307e-08,-4.52355880510955e-08,1.47883011190121e-16,-1.04018509491585e-08,3.50186763796445e-06,1.98163883345566e-16,-3.53149098896669e-07,5.63309143641541e-06,3.09266477264491e-15,1.95676808090184e-15,-9.10374690524934e-07,-1.56251298117676e-15,-1.46708892382014e-14,0.707106781186547,1.11783148575018e-06,7.74912716239757e-16,-1.08669302111529e-06,3.40005801291454e-16,0.000222002148574634,8.51795237898599e-08,-4.87479948626303e-16,-4.62576593872181e-18,-2.08522972083261e-16,5.3217148526562e-16,8.74444671739378e-17,-3.0816694441456e-16,1.95204849255538e-16
"t120",0.075328519098753,-0.0108322307265557,-0.220620056452084,-0.0451261945960775,0.021166992571084,-0.00966255943447408,0.0144845240089137,-0.000192506695237312,-0.00158390531343193,0.0584810484846349,4.62836798523224e-05,-5.2707015047046e-05,0.00224710655462675,-0.000915930315458519,-0.000536049823376281,-0.0375709755211872,0.00938039426745964,0.0478939000123371,0.467434669152293,0.107655608473014,0.000903125878984953,0.0012593873197325,0.0019055509043069,-0.000631764625373016,-0.00177355755585794,0.000575646761488286,-0.00299034853417069,0.000921373670485191,-0.0104422510418499,3.8788508852302e-05,-0.00456908895466542,0.00271617428490263,-0.108294560458009,0.0256591135477412,0.000770237193016988,-1.45036871403834e-05,0.126385913895323,0.0109993811971165,-0.0014274580502831,0.000254467180357369,0.00012434497072338,-0.00607809836585599,0.000703717268830933,-1.19950488318839e-17,0.000312583990975755,-0.115238572254978,0.00032992413849596,-7.27224767904963e-05,-7.9247844251065e-05,-0.00504728671080304,0.0128836353462213,-0.000175638777475305,-0.000216619388077173,0.00480538389982813,-0.00109047642138953,2.89759970331508e-07,6.2066982475705e-17,0.00052852665312,-0.000240989359383574,0.000205766285724711,0.000174032984375397,1.81353012170937e-05,5.9312150430175e-06,5.88654446686925e-06,-0.000109180495418379,-0.000248633368851087,0.00243481414996801,0.000170498866223174,0.000152815917609033,-2.15739032957789e-16,2.33360233799045e-07,0.00245170621653299,1.41922260692671e-08,3.20618711454309e-06,6.53145203026451e-09,2.06909126182587e-07,0.000121530960692358,-0.000184929612530948,1.75586179080311e-05,-2.09624130956141e-05,-3.15583014801578e-06,3.36761704782193e-16,-3.8327369693697e-06,7.79914290762701e-07,1.02921806437885e-05,3.75580534340593e-07,-1.39774179665708e-16,1.4876479268941e-08,1.26948484589079e-08,-1.10268672695417e-08,-7.95044647869893e-08,1.17253995052736e-05,-1.26099846588163e-16,-1.2230778280657e-06,-4.11331963770395e-16,-3.91137509892162e-08,7.86831072334521e-16,-3.09326043276738e-06,2.24258079550843e-07,-7.07671553932601e-16,2.10662609891055e-08,0.394704404928704,-3.71276283939181e-07,-4.21692981943884e-07,-7.65547517739273e-10,3.48633031288887e-06,-6.59974572724789e-08,-4.52355881260206e-08,-5.58067414684936e-16,-1.04018508242584e-08,3.50186763830619e-06,-1.24687060434247e-16,-3.531490989769e-07,5.63309143523103e-06,-2.48230279635942e-15,-2.5882074261574e-15,-9.10374683426446e-07,1.47458748049231e-15,1.46148039616897e-14,-0.707106781186547,1.11783148176725e-06,-5.56812811569667e-16,-1.08669302211102e-06,-3.98986399474666e-17,0.000222002148573893,8.51795233778631e-08,5.23484122993473e-16,5.23522618041941e-17,3.76401545021833e-16,-5.26009838857121e-16,7.85599049938132e-17,9.01815665981099e-17,-2.98848591040623e-16
"t93",0.0751331446833323,-0.0107907869081441,-0.21916516704902,-0.0447625811118721,0.0209434770968069,-0.00955056285464265,0.0142461623959218,-0.000189202484260315,-0.00155543459390432,0.057210671000909,4.49037472120734e-05,-5.08765768814229e-05,0.00216731974875298,-0.000882653698529429,-0.000516468003044113,-0.035986141356648,0.00897028054824652,0.0457873809687199,0.446032181647246,0.102541749066613,0.000853990473088327,0.00118967074494654,0.00179527601624114,-0.000589585015316268,-0.00164444817222866,0.000533566004401317,-0.00277035786613358,0.000848477836986987,-0.00958943958803303,3.53747450468709e-05,-0.00411089634549624,0.00244224103835036,-0.0967433371467687,0.0228844939672983,0.000676794452754097,-1.27005472187482e-05,0.109190398285391,0.00944828806312247,-0.00122415980623043,0.000217970304516003,0.000106261280918204,-0.00518056943689643,0.000599396104635972,-2.43229285253917e-16,0.00026529937532858,-0.0973644158882403,0.000277551691982922,-6.0651752504177e-05,-6.59923386321087e-05,-0.00419646403371281,0.0104411530973018,-0.00014232571595524,-0.000175245178322026,0.00386874427876157,-0.000874078360699243,2.3000112434247e-07,2.01038456849482e-17,0.000407745962790263,-0.00018241006812048,0.000154939781064865,0.000130050761117287,1.32048978454848e-05,4.304186959002e-06,4.22994619605002e-06,-7.78858228906651e-05,-0.000174741764821811,0.00167494858264276,0.000116924486425719,0.00010273489638794,2.70847169162486e-16,1.4165631040744e-07,0.00142358552802742,8.14568793727859e-09,1.67609055793369e-06,3.41237930707311e-09,1.07277123087743e-07,5.89635345856808e-05,-8.56601397314935e-05,8.10911062766595e-06,-8.46716128758589e-06,-1.21319330870055e-06,-7.34390258643485e-16,-1.14513751616439e-06,2.16759263102815e-07,2.79740858929176e-06,8.89188064307628e-08,1.61868473929437e-16,2.64545644938774e-09,2.19106377399164e-09,-9.81252418728873e-10,-3.41697291517589e-09,-3.83660528246912e-08,6.11686603026021e-16,2.4815449494501e-08,4.50091841360797e-16,8.18181425502095e-09,-1.40783734627922e-15,1.07430216117043e-06,-1.21197448339425e-07,1.55088744472616e-15,-3.18255183560934e-08,-0.829523767461293,8.37802837149685e-07,1.51560114844342e-06,-4.54375501494908e-08,6.88995850636348e-05,-5.18807022644672e-07,-2.59413089237952e-07,5.33383215126689e-16,-4.57795471140929e-08,1.35577150898389e-05,-1.53672921817449e-17,-9.00052874411306e-07,1.26598161819306e-05,-4.13822121143376e-16,3.29597460435593e-16,-1.92035136393695e-06,-4.06299351349599e-17,6.57770310843222e-17,2.6868864143072e-17,2.1049935978526e-06,1.08207081992801e-16,-2.01072672472574e-06,-2.0122792321331e-16,0.000384374869679603,1.4244469473141e-07,-1.23412038667609e-16,-1.18387979271654e-16,3.36998983836056e-17,-3.75452106117499e-18,-1.88548989134646e-17,1.76241098772334e-16,6.09089718275894e-17
"t92",0.0760008408842022,-0.0109905954633926,-0.227638412591582,-0.0471105007902776,0.02267793438464,-0.0104911503467505,0.0172663836335818,-0.000233967087272728,-0.00197312667709177,0.0857049605745153,0.000311150742047174,9.11176280661537e-05,-0.00300518594169801,0.000963749988429874,0.000534305099062785,0.0105129242226686,-0.00191215129940921,-0.00924464223089882,-0.0615036499176419,-0.00960967972849875,-7.39874562775055e-06,-5.03613646087053e-06,3.53352030121618e-06,1.26881522629024e-05,0.00010745679930634,-3.6302286182897e-05,0.000200097367151859,-0.000110066916332686,0.00154099855787721,-8.84414991468834e-06,0.00196908075225983,-0.00120105173386995,0.0614636778855787,-0.0154699565260212,-0.000787597218078731,1.68324618179539e-05,-0.284100473867077,-0.0475655852367645,0.00930203379507113,-0.00286006881589982,0.00166142478346827,-0.0166804785550639,0.00148208011743302,3.61592286623196e-16,0.000161212074990832,0.0301999324248634,-0.000220183194962264,8.22838110104017e-05,9.35027501932719e-05,0.00614494342661668,0.12478194298539,-0.00174871778123939,-0.00328712194015377,0.296283185083876,-0.536857033049059,4.92140335294069e-05,-9.93301063609747e-16,0.00759492320665457,-0.00217285979219809,0.00169891706631528,0.00128769828887198,0.000103915413631015,3.32326995549308e-05,3.13936009304341e-05,-0.000575465157494666,-0.656321383094332,0.00880625844386707,0.000616296629347393,0.00053445558084284,5.39482592745509e-16,7.31728613660634e-07,0.0969374783561801,1.32289330083568e-08,6.86336658963516e-06,1.39804598436183e-08,4.42274785454428e-07,0.000253690183183646,-0.000378380627147545,3.58803019446588e-05,-4.05989326623898e-05,-6.00717646570027e-06,-3.44921518911525e-16,-6.79871735535797e-06,1.36152419422871e-06,1.78846001681647e-05,6.35996671614946e-07,2.30252980772062e-16,2.4166977455678e-08,2.05489860791337e-08,-1.68812818049455e-08,-1.18154096337021e-07,1.69207891221513e-05,-2.14055058201169e-16,-1.74617271084955e-06,5.62252996352239e-17,-4.96213445028799e-08,-2.32860431323126e-16,-3.59464126663527e-06,2.29101882822085e-07,-2.20415182873161e-16,8.03795588270352e-09,0.00515574744821159,3.0584318474287e-08,3.77742112553792e-07,-2.78382845456115e-08,4.49405474283537e-05,-3.83956955703718e-07,-2.05591305482599e-07,8.80931960356728e-17,-3.8892868111642e-08,1.19601292460384e-05,2.27264916427055e-16,-9.11461947168809e-07,1.33969321985238e-05,-6.80710597864934e-17,1.97758476261356e-16,-2.07726084878665e-06,6.37806523138958e-17,-1.41183575488307e-17,8.68700623230831e-17,2.36509560364723e-06,1.9281592107e-16,-2.27199248261506e-06,2.16840434497101e-17,0.00235971912466811,1.65547469308924e-07,-2.73414441411536e-17,1.26206409946422e-16,-8.65624209872688e-17,-4.75076884659963e-17,-1.00127522369419e-16,-1.23559791297211e-16,1.47331895479989e-16
"t48",0.0763572916211902,-0.0110682314960548,-0.230547402898104,-0.0478659078068352,0.0231775047285427,-0.0107499857954345,0.0179355024924394,-0.000243572741235587,-0.00205951950472286,0.0906612131969668,0.000342072008942524,0.000103582068615434,-0.0034379705748659,0.00111038337911142,0.000616690672371301,0.0129295388262341,-0.00240705081944374,-0.0116877648662504,-0.0803670117691009,-0.0130428403997071,-1.34174056300943e-05,-9.86580792231321e-06,9.64131628256558e-06,-3.2368938211187e-06,3.81800487035313e-05,-1.34171040615838e-05,7.80443567000421e-05,-6.07467650419954e-05,0.000919990812979113,-5.94717024410881e-06,0.00147994991719113,-0.000905845353048693,0.0478092744363662,-0.0121152708883075,-0.000649845502819896,1.40471402381122e-05,-0.2506622864059,-0.043736221300349,0.00869863039561043,-0.00271352397184245,0.00163722146134862,-0.017590852207719,0.00160325664207988,-6.13446536631832e-16,0.000234402001674281,-0.0012657399950122,-0.000121832409491644,5.85593222281858e-05,6.75794858379876e-05,0.00449916189514445,0.0990531209730929,-0.00138835313730411,-0.00261533823252209,0.237038142069025,-0.431291953147527,3.98160987927697e-05,-4.23568734958259e-16,0.00620051388712431,-0.00177054898617034,0.00138175587796083,0.00104293585712097,8.09306688276034e-05,2.55977353149732e-05,2.29093149842685e-05,-0.000383640644851455,0.748650042767668,0.00948149896955825,0.000648838556420061,0.000527489435270369,9.00494596661768e-17,7.56600693534171e-07,0.18635655108976,-1.34082485734269e-08,5.46680390626295e-06,1.11424245910659e-08,3.54982276754698e-07,0.000210662490089292,-0.000317749480221865,3.01476627429867e-05,-3.46422942121557e-05,-5.14188861287963e-06,4.55542732979141e-16,-5.87066429020948e-06,1.17734383020933e-06,1.54712033641004e-05,5.51251183378461e-07,-1.3478123899329e-16,2.10010635296951e-08,1.78605612300743e-08,-1.47115404506952e-08,-1.03085514930977e-07,1.47774220931859e-05,8.54056504128589e-16,-1.52548735065179e-06,9.57889630379267e-18,-4.34722080609488e-08,1.69898687649656e-16,-3.15363267069761e-06,2.01286190695295e-07,1.37108914205239e-16,7.08689022895469e-09,0.00455012343779253,2.69968842339912e-08,3.33798318396369e-07,-2.4665715475311e-08,3.98345118372478e-05,-3.40665669955406e-07,-1.82533842894189e-07,8.24215975884017e-17,-3.45597452066672e-08,1.06333108139851e-05,-1.56089834306065e-16,-8.12615478833255e-07,1.1960647854689e-05,1.94259262560381e-16,1.80411241501588e-16,-1.8561654937313e-06,-2.58778441916707e-17,6.70880703726599e-17,9.79440454106946e-17,2.11756624431472e-06,1.23429051760056e-16,-2.03499791731968e-06,4.77048955893622e-17,0.00282626704545928,1.48552177562516e-07,-2.08568248253453e-17,-8.27226252128972e-17,6.29363713989045e-17,1.45444198723268e-16,1.4886247136973e-16,-8.90665983965364e-17,-1.16601176304105e-16
"t144",0.0790917000535556,-0.0116642890054918,-0.252924350136053,-0.0536828322365238,0.0270314656152731,-0.012748337120337,0.0231212831587663,-0.000318061355843468,-0.0027299175815514,0.129245165706567,0.000584636274312541,0.000201866119452623,-0.00685347142193184,0.00226866877845633,0.00126761615232212,0.0321518216099143,-0.00635127659739907,-0.0311654423654583,-0.231111514621606,-0.0405426352984023,-6.21228569306262e-05,-4.90091599459393e-05,5.9350872134465e-05,-0.00013504105213345,-0.00054301639129853,0.000178720082287277,-0.000947846525171788,0.000359961433227668,-0.00441754702802888,1.94915160583072e-05,-0.00306454362253258,0.00184594274857585,-0.0844216868501889,0.0207392175203774,0.000915939663525013,-1.93645569614934e-05,0.354699928624281,0.0685236985189715,-0.014280968604301,0.00463819377576445,-0.00310067965564408,0.0392373230332695,-0.0037762115494816,5.33673893800157e-16,-0.00085363711588144,0.17972476155064,-0.000337999034518529,3.46401083694764e-05,3.26858689487975e-05,0.00178483710655425,-0.00307722327158055,4.38056596333423e-05,0.000100580000360563,-0.0129174243513588,0.0279131604677187,-3.09935258134986e-06,-1.793475416901e-17,-0.000502049104811765,0.000127986752679639,-9.58430400768463e-05,-6.76390059192132e-05,-3.91894493531305e-06,-1.18354702874877e-06,-9.12322901665957e-07,1.34522610451774e-05,-0.0189306401679337,-0.000105114409732764,-5.83479286635484e-06,2.49079995726532e-06,4.68456236022275e-17,9.57820519295952e-08,0.0985852311319248,-2.46949093126585e-08,-4.84252481966192e-07,-9.78607052164182e-10,-2.80380271639857e-08,-7.1093046833887e-06,5.37074724774001e-06,-4.83007325399742e-07,-3.86242756895321e-07,-9.04605271297848e-08,-7.57885195939834e-17,-2.25258611021018e-07,4.97187520591576e-08,6.69914888577782e-07,2.6986065424818e-08,-5.55920507990702e-17,1.19686842554867e-09,1.02933958232021e-09,-9.8027008125362e-10,-7.29602102719885e-09,1.1008143318821e-06,-2.45279047535674e-16,-1.1557453551768e-07,-1.18495197369592e-16,-3.7899034964733e-09,-6.41410929553234e-17,-2.94318462825197e-07,2.01209722607357e-08,-6.16779030138954e-17,8.32339660736259e-10,0.000558147979009076,3.34004192641298e-09,4.33446225975076e-08,-3.60256815351567e-09,5.9187937227683e-06,-5.28456002322835e-08,-2.91760812604402e-08,1.37463690807907e-16,-5.73490870243998e-09,1.80812809844229e-06,7.29553853432683e-17,-1.58650621930566e-07,2.53733192285763e-06,-7.19717999920201e-16,3.64291929955129e-16,-4.19457629654424e-07,7.59592856919887e-17,-8.94145251470784e-17,-3.06908051249834e-16,6.06613851268645e-07,8.38410117273112e-17,-6.33228569829614e-07,-1.71217207078911e-15,0.400962793664022,1.60250627568095e-09,1.13067779481635e-16,-1.4852067859791e-16,2.46331603025831e-16,5.30697477364011e-16,8.50025080727487e-16,0.707106781186548,6.11921924913159e-17
"t145",0.0790917000535556,-0.0116642890054919,-0.252924350136053,-0.0536828322365238,0.0270314656152731,-0.012748337120337,0.0231212831587664,-0.000318061355843462,-0.0027299175815514,0.129245165706567,0.000584636274312507,0.000201866119452629,-0.00685347142193184,0.00226866877845638,0.00126761615232222,0.0321518216099143,-0.00635127659739906,-0.0311654423654583,-0.231111514621607,-0.0405426352984023,-6.21228569305751e-05,-4.90091599460881e-05,5.93508721344945e-05,-0.000135041052133451,-0.00054301639129853,0.000178720082287255,-0.000947846525171736,0.000359961433227356,-0.00441754702802895,1.94915160582516e-05,-0.00306454362253266,0.00184594274857585,-0.084421686850189,0.0207392175203774,0.000915939663525035,-1.93645569615225e-05,0.354699928624282,0.0685236985189715,-0.0142809686043012,0.00463819377576487,-0.00310067965564447,0.0392373230332696,-0.00377621154948162,4.87545856209078e-16,-0.000853637115881412,0.17972476155064,-0.000337999034518629,3.46401083694777e-05,3.26858689487309e-05,0.00178483710655421,-0.00307722327158039,4.38056596335112e-05,0.000100580000360381,-0.0129174243513589,0.0279131604677189,-3.09935258168922e-06,-5.65764491067509e-17,-0.000502049104811526,0.000127986752679401,-9.58430400768498e-05,-6.76390059191925e-05,-3.91894493543881e-06,-1.1835470287865e-06,-9.12322901532384e-07,1.34522610450542e-05,-0.0189306401679337,-0.000105114409732808,-5.83479286647465e-06,2.49079995734165e-06,9.4592138592275e-17,9.57820518437263e-08,0.0985852311319249,-2.46949094463135e-08,-4.84252481933659e-07,-9.78607158849676e-10,-2.80380271125543e-08,-7.10930468350753e-06,5.37074724776647e-06,-4.83007325302598e-07,-3.86242756814792e-07,-9.04605271193765e-08,-8.40284560565038e-17,-2.25258611074794e-07,4.97187527924984e-08,6.69914888849375e-07,2.69860651555022e-08,1.09047437330021e-16,1.19686798145946e-09,1.0293389569524e-09,-9.80269576015408e-10,-7.29602099660486e-09,1.1008143319178e-06,-2.41809600583865e-16,-1.15574535439577e-07,5.06403415285677e-17,-3.78990335435473e-09,-1.98862738743574e-17,-2.94318462735858e-07,2.0120972167928e-08,-1.02443904775853e-16,8.32339293408563e-10,0.000558147979008678,3.34004224516841e-09,4.33446229471492e-08,-3.60256860454378e-09,5.91879372268421e-06,-5.28456006712634e-08,-2.91760814581631e-08,-4.1580749421735e-17,-5.73490802242838e-09,1.80812809835902e-06,8.26519293517853e-17,-1.58650621991715e-07,2.53733192300551e-06,1.62388888884551e-16,8.04911692853238e-16,-4.19457629942388e-07,-8.02527604342805e-17,-3.04167871253606e-16,-6.94123059774721e-17,6.06613851671101e-07,-1.59020274411365e-16,-6.33228570377786e-07,-1.42247325030098e-15,0.400962793664022,1.60250505335142e-09,4.53326585686164e-17,4.30102739645702e-17,-5.07508138580845e-17,3.91919596092507e-16,-5.66649548409003e-16,-0.707106781186548,-7.65124486956671e-17
"t131",0.079020521913792,-0.0116488322420019,-0.252349007396226,-0.0535339418936792,0.0269335729300652,-0.0126977376835635,0.0229919061191991,-0.000316206963068483,-0.00271326892344695,0.128297728984298,0.000578821674661224,0.000199543718667806,-0.00677294666633815,0.00224142573542063,0.00125231507353048,0.031707203398465,-0.00626043926554558,-0.0307171927631973,-0.227659774377089,-0.0399159271142604,-6.10334020872303e-05,-4.81357877036635e-05,5.82489849724026e-05,-0.000132183273360334,-0.000530587740439601,0.000174614049935203,-0.0009259451160207,0.000351082372178964,-0.00430544416168198,1.89629136327345e-05,-0.00297134507365262,0.0017895257280413,-0.0817131223657777,0.0200659267752465,0.000883131088942867,-1.86564125481611e-05,0.340710074509719,0.0657395139498993,-0.0136959504079804,0.00444708496445593,-0.00297145062566257,0.0375813876400867,-0.0036163332976111,5.17507119377194e-16,-0.000816892690644953,0.171829081958019,-0.000322868278141947,3.30326327758876e-05,3.11596833630615e-05,0.00170097873455493,-0.00291857480678562,4.15464104747746e-05,9.53642646096769e-05,-0.0122369164591482,0.0264220807908761,-2.92881003935251e-06,-1.93408497852643e-17,-0.00047219331809489,0.000120019230027435,-8.98058821814478e-05,-6.33067261818611e-05,-3.65438103634708e-06,-1.10313533728242e-06,-8.49205423173946e-07,1.25094922029147e-05,-0.0175699993140935,-9.73003990540717e-05,-5.39901772979469e-06,2.29939262647635e-06,-3.98480333277427e-18,8.74953203292006e-08,0.0897028327456396,-2.24481469867552e-08,-4.37093753065078e-07,-8.83269171345069e-10,-2.52932192511486e-08,-6.38602531081132e-06,4.81135494620195e-06,-4.32627896410076e-07,-3.43653986843663e-07,-8.03153590075295e-08,1.77430966341167e-16,-1.98271631004013e-07,4.36766447495552e-08,5.88170624296527e-07,2.36187870641599e-08,1.06839459894673e-16,1.04232648033553e-09,8.96048983275999e-10,-8.47874507148988e-10,-6.29003431432662e-09,9.46081899967779e-07,-8.12355374187777e-17,-9.92194494468077e-08,-2.56028516354824e-16,-3.21801657571935e-09,-7.19333344445264e-17,-2.48213089515219e-07,1.68313196999628e-08,2.50918458505341e-16,6.78093180130762e-10,0.000450362873144239,2.6895085600883e-09,3.44582253780111e-08,-2.74553024412483e-09,4.47507922527043e-06,-3.90631464553811e-08,-2.11746282842047e-08,1.18241788519781e-16,-4.05241820568975e-09,1.25228090843213e-06,-6.78506830214577e-18,-9.25148538602136e-08,1.23690850027669e-06,4.47603820728882e-16,-8.11850586757146e-16,-1.67512965474487e-07,-7.26610895112751e-17,5.04862615181009e-16,4.67226104458908e-16,1.04519314036988e-09,1.53162942348581e-16,8.93291329656654e-08,3.48766154845137e-15,-0.823629270370355,9.20338452542208e-08,-2.63301478586635e-16,1.39510568276249e-16,-9.95205856380161e-17,-8.49647356211553e-16,1.38031362886039e-16,2.46676375879339e-16,2.74844818446528e-17
"t61",0.0776846230808999,-0.0113575715799954,-0.241409617384265,-0.0506894994639477,0.0250481329536868,-0.0117199047908476,0.0204517776654819,-0.000279714595971882,-0.0023847748488635,0.109373893815781,0.000459567949654059,0.000151138917910991,-0.00509031074037236,0.0016706142578502,0.000931508700806272,0.0222102036992033,-0.00431030121408926,-0.0210856197830674,-0.15304911074223,-0.0262924450758826,-3.68031062552734e-05,-2.86499019063425e-05,3.34586384766883e-05,-6.59541940255024e-05,-0.000236675693181031,7.74154272231682e-05,-0.000406681346995098,0.000136600419666677,-0.0015740722808319,5.80418870033128e-06,-0.00055218165561215,0.000322231581504104,-0.00984728772416469,0.00211090807425846,-3.27654452228088e-05,1.32142048329045e-06,-0.0706307835479551,-0.0175804621078224,0.00389931392879028,-0.00132146860964093,0.000957410764957444,-0.0131682157322968,0.00129364225404563,-2.91584874579158e-17,0.000323927361636906,-0.0767361041482096,0.000159798915156565,-1.96222175365223e-05,-1.90689080173564e-05,-0.00107219134936703,0.00275692859162497,-3.93031218240254e-05,-9.22334839357636e-05,0.012607877440127,-0.0287585424895707,3.57586668450223e-06,6.78462471708941e-16,0.000771946741582327,-0.000232452705607023,0.000181697493380904,0.000136281881611631,9.58932405474133e-06,2.96619550132972e-06,2.44856766908746e-06,-3.79335237795896e-05,0.0588982983913758,0.000374503653580975,2.11916940353716e-05,-1.02041934625869e-05,-8.3759822066724e-16,-7.03767588110162e-07,-0.933412019851486,2.50195281851704e-07,8.92209403813557e-06,1.81084224195466e-08,5.48561635221643e-07,0.000246283167498417,-0.000333525318187592,3.14686168696177e-05,-3.07409650928948e-05,-4.40835772112964e-06,7.20938163411121e-16,-4.57135333186906e-06,9.02930058477565e-07,1.18169708084553e-05,4.12533380172043e-07,-3.38241779880652e-16,1.53124008993311e-08,1.29974727981243e-08,-1.0442420136491e-08,-7.24311090226916e-08,1.0295565674035e-05,-2.63847480223232e-16,-1.05989769303902e-06,2.62756821622535e-16,-2.95507880631509e-08,4.52200006632037e-16,-2.12282691691452e-06,1.34252628594851e-07,-4.50303889973323e-17,4.64053474423173e-09,0.00296723795807439,1.7591881728684e-08,2.16640180096494e-07,-1.58868353437869e-08,2.56348726433194e-05,-2.18821817205949e-07,-1.17123996356862e-07,-3.06287702350945e-16,-2.2151993930809e-08,6.81203963279892e-06,2.2824907775544e-16,-5.20021755414692e-07,7.65789691011811e-06,4.82125954129288e-18,2.0122792321331e-16,-1.18922412631339e-06,7.21614170634989e-17,-1.67896795150778e-16,-3.10104814441665e-17,1.36062879583371e-06,1.13750044924242e-16,-1.30879907126943e-06,-1.57859836313889e-16,0.00754177480695256,9.52327655191852e-08,-1.19737890301495e-16,-1.29795289503963e-16,-1.8562291172186e-16,-1.61643329202268e-16,-1.26343458529166e-16,-5.8382685846213e-17,5.29761092887577e-17
"t138",0.0783346914137936,-0.0114985905167975,-0.246644688939084,-0.0520420823185074,0.0259346984019037,-0.0121775204936392,0.0216129502811041,-0.000296336934123195,-0.00253378589090005,0.11778899368848,0.000510129081737461,0.000171002354202626,-0.00577703769524812,0.00190221075110005,0.00106148362963514,0.025894808865188,-0.00505734527227979,-0.0247670415746733,-0.18112637827848,-0.0313407920592012,-4.51845176780924e-05,-3.53200589307935e-05,4.17026715234369e-05,-8.54757055677314e-05,-0.00031479346904337,0.000103099247071057,-0.000542658858898079,0.000186350678828336,-0.00216714647677168,8.13322905945935e-06,-0.000751675251237337,0.000435792976332554,-0.0114065096692941,0.00222395719251035,-0.000182469387050088,5.56504941034183e-06,-0.26016362729272,-0.0680257144930853,0.015379517195031,-0.00529065356767067,0.00396137715791122,-0.0567836763923156,0.00564278656802032,-9.78886822824463e-16,0.00150897448011707,-0.394142480340322,0.000915983096920912,-0.000149813502511351,-0.000155178749230486,-0.00936037279702148,-0.0810808359861337,0.00113342118820286,0.00205176919416199,-0.166439804883014,0.275840445006223,-2.10649511539398e-05,-3.57072310877525e-18,-0.00204387313818319,0.000437082621139501,-0.000315303513824767,-0.000211917574766292,-1.07897473431303e-05,-3.2142924782869e-06,-2.38776964830816e-06,3.43435346011039e-05,-0.0461777476686967,-0.00024250379587065,-1.33625057606012e-05,5.46137155383025e-06,-1.31491441432542e-16,1.7626249088163e-07,0.16874189356467,-4.14181671770922e-08,-6.45693133408157e-07,-1.30199271069359e-09,-3.62227200176889e-08,-5.54711981894714e-06,-5.43286418112953e-07,9.55985225842282e-08,-1.65435807377714e-06,-2.98931132937386e-07,-1.5273911224335e-16,-5.33422867137617e-07,1.13959432326003e-07,1.52284300453662e-06,5.89860172871791e-08,-2.5106437868333e-16,2.49887679125427e-09,2.14208086771889e-09,-1.95717252604241e-09,-1.43247269139063e-08,2.13108917468333e-06,3.29155820311483e-16,-2.22711269324504e-07,2.25279275054993e-16,-7.02983584505937e-09,1.09066732218506e-16,-5.35923687125343e-07,3.59570275169224e-08,-9.70242698040045e-17,1.42161711048916e-09,0.000941285245755534,5.61857168733179e-09,7.18602892932804e-08,-5.75207904224273e-09,9.39523727430069e-06,-8.26214916896788e-08,-4.5114482940445e-08,-9.86698068772745e-17,-8.74023182387967e-09,2.72850760304859e-06,-2.57688354550376e-16,-2.24340335900144e-07,3.41817278792051e-06,-6.87731280869476e-17,5.55111512312578e-17,-5.41709772462762e-07,-6.20882744723898e-17,5.00737328740772e-16,4.13889435418222e-16,6.4706585249652e-07,4.6827919939407e-16,-6.27130510246279e-07,6.67868538251071e-16,0.00324508644987984,4.8032498013717e-08,-8.80208350091022e-16,-5.95782362948523e-16,0.707106781186548,-1.04713784977001e-15,-3.86553088423528e-15,-1.44410605542683e-16,2.69285951105566e-18
"t139",0.0783346914137936,-0.0114985905167975,-0.246644688939084,-0.0520420823185074,0.0259346984019037,-0.0121775204936392,0.0216129502811041,-0.000296336934123203,-0.00253378589090004,0.11778899368848,0.000510129081737466,0.000171002354202629,-0.00577703769524811,0.00190221075110007,0.00106148362963512,0.025894808865188,-0.00505734527227977,-0.0247670415746733,-0.18112637827848,-0.0313407920592012,-4.51845176781284e-05,-3.53200589307966e-05,4.17026715234282e-05,-8.54757055677315e-05,-0.000314793469043402,0.000103099247071116,-0.00054265885889804,0.000186350678828259,-0.0021671464767717,8.13322905945067e-06,-0.000751675251237413,0.000435792976332589,-0.011406509669294,0.00222395719251031,-0.000182469387050065,5.56504941040875e-06,-0.26016362729272,-0.0680257144930854,0.0153795171950311,-0.00529065356767046,0.00396137715791113,-0.0567836763923156,0.0056427865680203,-1.04873455801334e-15,0.00150897448011745,-0.394142480340322,0.000915983096920979,-0.000149813502511261,-0.000155178749230702,-0.00936037279702139,-0.0810808359861339,0.00113342118820278,0.00205176919416152,-0.166439804883014,0.275840445006223,-2.10649511538869e-05,6.96877050534481e-17,-0.00204387313818334,0.000437082621139498,-0.0003153035138246,-0.000211917574766175,-1.07897473430353e-05,-3.21429247835845e-06,-2.38776964843652e-06,3.43435346011351e-05,-0.0461777476686967,-0.000242503795870474,-1.33625057609159e-05,5.46137155384846e-06,8.64731359765216e-17,1.76262491038623e-07,0.168741893564671,-4.14181673277286e-08,-6.45693133373351e-07,-1.30199272717346e-09,-3.62227197031587e-08,-5.54711981893847e-06,-5.4328641811794e-07,9.55985226674949e-08,-1.65435807408115e-06,-2.98931132982488e-07,-2.68965585116206e-16,-5.33422867082106e-07,1.1395943227531e-07,1.52284300443124e-06,5.89860173205725e-08,5.21710120908125e-16,2.4988770080947e-09,2.14208053725407e-09,-1.95717211621399e-09,-1.43247269914844e-08,2.13108917466902e-06,2.55792120154654e-17,-2.22711268781949e-07,-1.4161474011759e-16,-7.02983580520817e-09,-2.45271701564952e-16,-5.35923687205141e-07,3.59570277034052e-08,-3.7828829972641e-18,1.4216175493742e-09,0.00094128524575554,5.61857163680797e-09,7.18602893167873e-08,-5.75207914285669e-09,9.39523727431505e-06,-8.26214916115417e-08,-4.51144831494555e-08,1.97104121213184e-18,-8.74023164086635e-09,2.72850760299308e-06,2.5683078158757e-16,-2.24340336102673e-07,3.41817278793613e-06,9.38571982653667e-17,5.48172618408671e-16,-5.41709772695215e-07,-1.06543052942866e-16,-5.71999406066414e-16,-2.66759073939268e-16,6.47065852905915e-07,-2.22140743860131e-16,-6.27130509966989e-07,-5.65519853168439e-16,0.00324508644988003,4.80324989031965e-08,8.96425772890354e-16,6.92515559021222e-16,-0.707106781186547,1.10391925927326e-15,3.68433868053817e-15,9.39573031829529e-17,2.00326826687054e-17
"t11",0.0523232365015548,-0.00594054486151007,-0.0477053516510352,-0.00170902662442986,-0.00578600862619247,0.00390836703941093,-0.0152809034934209,0.00022233583230083,0.00201361264831443,-0.106674549211615,0.000754209654180103,-0.000751306357919352,0.0221239629337423,-0.00650503242023781,-0.00354298032615467,-0.0424505404643218,0.00364139566456625,0.0243557126087956,0.0140661839379238,-0.0354576641261294,-0.00117772163886928,-0.00176701176825301,-0.00312245887638535,0.00142575306761576,0.0045051686278061,-0.00146912344429732,0.00768497561098091,-0.00252872486700747,0.0292609680343332,-0.000111908052861985,0.0127770630943891,-0.00756147383552465,0.282679324391412,-0.0654953408072296,-0.00133658110886118,2.10846544801892e-05,0.053651187294613,0.0335557635379138,-0.00788957552567126,0.00271966360440622,-0.00193055991552453,0.0237391853708351,-0.00222400347987731,-1.98569656096875e-16,-0.000350729388309852,-0.0197192291562307,0.000357054315223013,-0.000188787212706536,-0.000215553274729035,-0.00276350858136907,0.0915246315906184,-0.00124539490134264,-0.00146078868054568,0.00828649634159948,0.0547555915069504,-1.01452112172777e-07,-1.08443420994045e-15,0.0139741670403496,-0.00890750023691972,0.00826761034400854,0.00786787872389109,0.00119462050977309,0.000409430261441903,0.000465085464372074,-0.00952047077728778,-0.000693866736850403,0.348370341781086,0.0254972606457295,0.0309828058249463,4.25250805070992e-16,7.46617265738343e-05,0.000586790824232763,1.12091864594357e-05,0.015807939656258,3.29041472088521e-05,0.00142134070584519,-0.646681127079831,0.567067974207511,-0.052715576935902,0.0422208974918055,0.00620180597875171,4.37675932518446e-16,0.00912620003008291,-0.00207802363518051,-0.0285067254697001,-0.00138487314335742,7.24140654839312e-16,-0.000153309428284565,-0.000157597717132714,-5.59872747890773e-05,-0.000222534917711901,0.0224788654994915,-3.19022927995595e-16,-0.00209899972036039,-1.41094407738261e-16,-3.06441694582167e-05,1.75895111972233e-16,-0.00171436689699211,8.63866046599392e-05,-4.65634313542312e-16,1.84286019009336e-06,0.00130629234773142,7.33456284620921e-06,7.02893218929102e-05,-3.89067017850242e-06,0.00604908236709821,-4.71914896036399e-05,-2.37904381125859e-05,1.45653526555358e-16,-4.18765950928085e-06,0.00123126298020564,-1.32114177883065e-16,-7.53613532425115e-05,0.00100228700516465,3.32931176284013e-17,6.03683769639929e-16,-0.000146424935417295,-8.52215433803731e-17,2.35167652369894e-17,1.22913863331182e-16,0.000146855261342522,1.45764988510348e-16,-0.000137939786722344,1.70870262383715e-16,0.000120328488103758,8.69049122562051e-06,-7.0084262045763e-17,-2.28791118635074e-17,9.50471775737506e-17,4.46645283143969e-17,3.69850209324611e-17,2.71755038440575e-17,-8.48233659072293e-17
"t10",0.052227099382279,-0.00589749006676932,-0.0444025849975924,-0.000648071951148478,-0.00668114733952743,0.00440540955641609,-0.0167471869101291,0.000243177318131551,0.00219669015535392,-0.11351820017542,0.00128059631021401,-0.00103089978257445,0.0301987016830202,-0.00884701525538856,-0.00481544876324566,-0.0577501019823035,0.00461161943336526,0.033235433641853,0.0169398773818653,-0.0500160080181783,-0.00170839395022781,-0.00257721588067107,-0.00462349869987169,0.00224208733814299,0.00741811254330506,-0.00242491890851037,0.0127321717685272,-0.00438871662323166,0.051944796381699,-0.000210895464724182,0.0274876350026234,-0.0163779008585895,0.65832496836013,-0.1555210363266,-0.00386061056854575,6.39749260571448e-05,0.250124235208635,0.161907361687832,-0.0394781653281034,0.0140012860728158,-0.0105690800305316,0.139931616473389,-0.0133683708249557,-1.39425158069956e-15,-0.00231053970394116,-0.256209524161894,0.00441091319464843,-0.00599939270572645,-0.00981243982708558,0.0878770317916479,-0.462108934772503,0.00624106487963488,0.00648387491089317,0.0032546190257279,-0.17749583234967,-2.07882182996656e-05,2.63047287602873e-15,-0.0337908753432687,0.0157001505946953,-0.013562421268908,-0.0117053526399647,-0.00133239363816511,-0.000441478247727461,-0.000455848121730176,0.00871749506966986,0.000522995414122622,-0.230066941754897,-0.0163639671853902,-0.0163108544025255,-1.26238895050722e-16,-4.0969597417764e-05,-0.000180328003222366,-4.09450828752009e-06,-0.00375489883960261,-7.79657441745481e-06,-0.000326464089059738,0.114665070722956,-0.0845345621387379,0.00777235607383027,-0.00377149418114275,-0.000455917357753464,-9.25270620246364e-18,-0.000170652347709006,1.67774584629515e-05,0.000145657767130826,-1.47015889895825e-05,-7.7114965377463e-17,-5.0743212094027e-06,-5.49916061154182e-06,-3.36104990208237e-06,-1.59175183494601e-05,0.00183820900079311,3.84074435205915e-16,-0.000178957464650077,-9.22638629867908e-17,-3.55877205704006e-06,-7.64067585294282e-17,-0.000226893127540494,1.29129883782073e-05,-3.62061697085342e-17,3.54755279903226e-07,0.000180906868630046,1.51913480345275e-06,1.55291777155006e-05,-9.92503210172323e-07,0.00157338797219373,-1.28649097820016e-05,-6.69039311022771e-06,-4.96889234358778e-18,-1.22212636911997e-06,0.000367691589616807,7.84751934304196e-17,-2.51531203646917e-05,0.000351674945446701,-9.06419126676648e-17,6.93889390390723e-18,-5.29147545127459e-05,-7.38005865960021e-17,-3.62004761731711e-17,1.12987955019035e-17,5.64677716813726e-05,1.27074643805705e-16,-5.36183473436999e-05,-1.21430643318376e-17,3.85446782675122e-05,3.62504267003368e-06,-1.95711076210158e-17,5.44688319768118e-17,1.13746644946175e-16,-4.10608100414331e-18,-1.01821983820615e-16,-7.43342126788334e-17,-1.00434653458536e-16
"t5",-0.0323604293182175,0.0468372140901785,-0.0126650606666231,0.112325792609471,0.00194407122105075,-0.0124471969701254,-0.0105918944803634,0.00171050449339482,0.00133598937547759,-0.0155236912952184,0.00786807526005117,-0.00309110415580168,0.0280407060044813,-0.0411088085063775,0.0106739510240167,-0.146828540933563,-0.00325391988789529,0.0250845793673017,-0.0309224347264434,0.0513294210549296,0.00646311909266742,0.000360426225862508,0.000279195050235478,0.0120316234272436,0.0652876715114784,-0.0363686586193626,0.175085313995691,-0.0410094044842545,0.797670201935263,0.00292150660663752,-0.0827799894188525,0.0130311105778088,-0.0872316870727193,0.230102891190992,-0.00694105439470676,6.30600045323812e-05,-0.0613623689512718,0.156760235432369,-0.00435184205903717,0.00036475812854977,-0.00704365498599792,0.126268544028427,-0.0117359398547474,-9.20607385785099e-16,-2.21442330200467e-05,-0.00856178010316497,-0.0447783108381103,0.0121161147724848,4.94044807361436e-05,4.58586653097576e-05,-0.00221657445883496,-0.000903787917177432,2.87131264166524e-05,0.000927119422437064,-0.0012473262943683,-0.000912229100504657,4.76150798854715e-16,-0.00374213788867556,0.00816549903580855,-0.38293224343553,0.00421897030066722,0.0133033863285002,0.00302499351949986,6.30930086589938e-06,0.107647931287726,-2.76681774956805e-05,0.0081571335745761,0.000550414781823371,-0.00942179014788481,-1.50971268078813e-16,1.85713325573274e-05,3.24644302063814e-07,3.53114415303762e-05,-1.50374028927431e-05,-5.69388150182745e-07,-1.40599100144077e-06,0.000679600227857047,-0.00054077683192736,-4.11915465992618e-05,-1.51783635176398e-05,0.000303851201717862,-4.94754392097414e-17,0.00230337131467296,-2.29388934796243e-06,-3.46468129528374e-05,-0.000440055081667262,-4.69094365158922e-18,-2.08153383045445e-05,-2.16834474560564e-05,-9.15326619779864e-06,-1.32503793201121e-06,0.00419980857692296,1.00652175733772e-16,9.94727556323925e-06,2.99263213068854e-17,-2.24975349910993e-05,1.07554870177966e-16,-0.0012774629258069,2.26964586213631e-05,-1.64307417299775e-16,5.87346800041619e-07,4.23123959008152e-06,2.48191904615356e-06,7.26899970225831e-07,-1.58667174278773e-06,0.00251604707867283,-5.98466929260844e-07,-3.3262160493738e-07,-1.08097255666328e-16,-2.12688526428232e-06,0.0104122525290288,1.40335840512338e-16,-9.88324100363071e-05,1.90731949557032e-05,5.20853009672923e-17,1.35308431126191e-16,-8.03361463308887e-05,-7.72314655361197e-17,-3.75604716064345e-17,1.05375947072316e-16,8.61346220935935e-05,9.59007645694741e-17,-0.000207061101277009,-1.34441069388203e-16,1.45426657847967e-06,5.55999992445403e-06,-9.69261470788927e-17,-1.29047396640547e-17,-2.7188509208101e-18,4.96261735536794e-17,1.54426778682987e-17,-3.42838946907668e-17,4.24130862151717e-17
"t6",-0.0318949355268927,0.045840533795598,-0.0121975463285885,0.107242212266081,0.00182809323717356,-0.0116301469964328,-0.00959337407200222,0.00154203253199928,0.00119792176836974,-0.013567429468923,0.00648022426728433,-0.002448257244904,0.0220670158542531,-0.0321293733628783,0.00832850338231114,-0.109040336694687,-0.00238256280369106,0.0183223830679138,-0.0222046320048616,0.0362504149119596,0.00424934019637627,0.000234499385470937,0.000176546656684283,0.00680587109902582,0.0338579712436794,-0.0187726477218767,0.0897269648461716,-0.0191754289605315,0.356133262806962,0.00114721747793842,-0.0234134095512296,0.00361648637324077,-0.0194070222702056,0.0479202103596881,-0.000518684382958165,2.69308869739991e-06,0.00542297623385259,-0.023030848705304,0.000712986274101603,-6.42153442214563e-05,0.00141360666020217,-0.0288561933823585,0.00276719231580024,4.19808862177516e-16,6.07519186594508e-06,0.00277734840426519,0.0167062323349496,-0.00574296997598718,-2.43284384179557e-05,-2.34499437202113e-05,0.00186992290116701,0.000763805960589733,-2.49257431873331e-05,-0.000868822915179227,0.00124891544586223,0.00104892952015882,-1.0323997940614e-15,0.00612186330933454,-0.0164406390420334,0.813848572847358,-0.00968803173226191,-0.0393142164115463,-0.00922805966315611,-2.11006050643229e-05,-0.385098178124763,0.000113507961356661,-0.0407291743781858,-0.00282832627257555,0.058298982270981,1.02096599264693e-16,-0.000374647223883532,-1.75165228800048e-05,-0.00306280073219187,-0.000453896224245054,-1.7066286314058e-05,-3.87465360149925e-05,0.0116375986611089,-0.00761554453806647,-0.000574073432631619,-0.000153110135641378,0.00284276214827927,-3.7379327239322e-17,0.0171000253259663,-1.63549534640817e-05,-0.000244308041167826,-0.00293061288345657,-1.52538101461533e-17,-0.000128265803446584,-0.000132814674168007,-5.16803182087407e-05,-7.21918729015461e-06,0.0221828546073915,3.34650846818526e-16,5.19973210910149e-05,-1.80562543921812e-16,-0.00010760951834765,-1.70724042885714e-16,-0.0058446141817557,9.92223546002939e-05,3.87335959428284e-16,2.30428681081063e-06,1.61216793504036e-05,9.40239606046084e-06,2.66607596427375e-06,-5.38763459926456e-06,0.00845014675169067,-1.95625086697938e-06,-1.06747017046061e-06,1.19169721878619e-16,-6.67480651112906e-06,0.0322182352438456,-9.95775599876404e-17,-0.000284798972392492,5.31484502016653e-05,1.9197731186321e-17,-6.59194920871187e-16,-0.000219368416553154,3.2335775510165e-17,1.20259392779437e-16,-8.0597812700002e-17,0.00022512417345881,1.05493642961304e-16,-0.000536965486088848,-5.20417042793042e-18,3.64998016870978e-06,1.36871556163992e-05,1.0625001096372e-16,7.70052607803894e-17,1.06921853921531e-16,3.44213569672148e-18,-9.31014745912095e-18,3.09744062358277e-17,-1.16233249153579e-16
"t99",-0.0399175214402573,0.065144931037046,-0.0249190831619724,0.2851224125626,0.0100696663714705,-0.115260053818628,0.0334872829750174,-0.00447862495201879,-0.00291295732035539,0.0184817293502344,-0.00393472456586213,0.00080906734408062,-0.00620666977567688,0.00719101774431917,-0.00173953043149967,-0.135722915445919,-0.0523176957313458,-0.414846647594323,0.0439816764168794,-0.0454277131655888,-0.00287769642610156,-0.000152178797348676,-0.000104334465680667,-0.00328587346532018,-0.0152754398097959,0.00845051788175237,-0.0402611030370718,0.00845066395544647,-0.157773791986544,-0.000539510971815773,0.018665420708387,-0.00305579266542148,0.0942557019581613,0.342852384373299,-4.40333125167896e-05,-7.20394105042336e-09,0.000191711760862961,-1.28055387550773e-05,-4.49557419842194e-06,6.91668134565207e-07,-2.6694878189309e-05,0.000783539261464736,-8.09037934331854e-05,-1.14543121707797e-16,-2.4729207246641e-07,-0.000178232911895982,-0.0182763037012809,0.000154207546031267,7.44104750176446e-07,7.87988921028894e-07,-0.000100820117829165,-4.12189200720646e-05,1.36311445096944e-06,4.92600509774813e-05,-7.2953275805153e-05,-6.51400283890985e-05,5.47581131544051e-17,-0.000460230214246791,0.00149405436619279,-0.0792913623754414,0.00106785145317186,0.0105061296343992,0.00321589210838932,0.001045210939326,-0.159432409459176,1.33914114424805e-05,-0.00197768337564893,-0.000124059995503411,0.00143437287806467,3.90866033840914e-16,-1.94884597238577e-07,2.99484152167946e-08,0.00201578082707731,1.46861812517823e-06,5.52540128594646e-08,1.26292225320615e-07,-3.74263485351497e-05,2.30783719892207e-05,1.73134652808882e-06,3.36964563045136e-07,-5.31364019756841e-06,-8.07751284889193e-17,-4.90947523946756e-06,-1.76649397027966e-09,-5.47270508025207e-08,-2.59095686499329e-06,6.67949638565007e-17,-2.52799620575547e-07,-2.7434742108862e-07,-1.82585779310955e-07,-3.10549119855864e-08,0.000111948954183268,-1.49572438757229e-16,2.76305266614746e-07,-2.56708380465765e-16,-8.66128721931753e-07,2.85510749753457e-16,-5.73516764264255e-05,1.19142772465322e-06,-3.66055879193758e-16,4.59560295558176e-08,3.74939801273973e-07,2.25690997015756e-07,7.73964965580891e-08,-2.8619225203759e-07,0.000506082277512423,-1.70842013339349e-07,-1.35997502086662e-07,-0.707106781186547,-1.99376645340491e-06,0.0816604286260637,-4.56712470376172e-15,1.64906743776515e-05,-1.83012757484823e-06,-1.90862656846045e-16,3.55618312575245e-16,5.7020279268221e-06,1.32097302025152e-16,6.03009291860296e-16,3.79947951864393e-16,-3.0999945495741e-06,-5.44058999711237e-16,6.488510789277e-06,5.28223298434938e-16,-2.17279409357726e-08,-3.85019896628931e-08,-8.44844868867795e-18,-2.5089671011772e-16,1.98047050919173e-16,1.38000506141633e-17,-9.48327848273431e-17,8.54417863041406e-17,-8.84611719305087e-17
"t117",-0.0399175214402573,0.065144931037046,-0.0249190831619724,0.2851224125626,0.0100696663714705,-0.115260053818628,0.0334872829750174,-0.00447862495201878,-0.00291295732035537,0.0184817293502344,-0.00393472456586208,0.000809067344080656,-0.00620666977567681,0.00719101774431917,-0.0017395304314997,-0.135722915445919,-0.0523176957313458,-0.414846647594323,0.0439816764168793,-0.0454277131655887,-0.00287769642610143,-0.000152178797348715,-0.000104334465680707,-0.00328587346532007,-0.0152754398097958,0.00845051788175232,-0.0402611030370717,0.00845066395544622,-0.157773791986543,-0.000539510971815498,0.0186654207083872,-0.00305579266542144,0.0942557019581613,0.342852384373298,-4.40333125167892e-05,-7.20394091100851e-09,0.000191711760862935,-1.28055387551133e-05,-4.49557419840576e-06,6.91668134535347e-07,-2.66948781893057e-05,0.000783539261464584,-8.0903793433253e-05,-3.40062100667638e-17,-2.47292072317767e-07,-0.000178232911896149,-0.0182763037012809,0.000154207546031254,7.44104750189805e-07,7.87988921064478e-07,-0.000100820117828938,-4.12189200720313e-05,1.36311445078447e-06,4.92600509772703e-05,-7.29532758051326e-05,-6.51400283891325e-05,1.82341267054875e-16,-0.000460230214246912,0.00149405436619329,-0.0792913623754414,0.00106785145317099,0.0105061296343992,0.00321589210838947,0.00104521093932648,-0.159432409459176,1.33914114423759e-05,-0.00197768337564899,-0.000124059995503001,0.00143437287806449,-2.37247065884353e-16,-1.94884597627589e-07,2.99484148862379e-08,0.00201578082707701,1.46861812529391e-06,5.52540124327226e-08,1.26292225172189e-07,-3.74263485349031e-05,2.3078371989012e-05,1.7313465273186e-06,3.36964562981887e-07,-5.31364019777918e-06,2.62808539973587e-16,-4.90947523930883e-06,-1.76649384729725e-09,-5.47270514524999e-08,-2.59095686487402e-06,-5.55291680504182e-17,-2.52799621161884e-07,-2.74347421398268e-07,-1.82585779133796e-07,-3.1054912457806e-08,0.000111948954183181,2.17315044954736e-17,2.76305266405038e-07,3.77766730872494e-16,-8.66128722290461e-07,-1.72977799520469e-16,-5.73516764269732e-05,1.19142772399923e-06,3.77327340365812e-16,4.5956029222317e-08,3.74939801845537e-07,2.25690996247707e-07,7.73964981446394e-08,-2.86192253796599e-07,0.000506082277512134,-1.70842014603634e-07,-1.35997495371432e-07,0.707106781186548,-1.99376649453781e-06,0.0816604286260583,4.98325443132494e-15,1.64906743780847e-05,-1.83012757506724e-06,4.49792406797996e-16,7.97972798949331e-17,5.70202792521055e-06,-1.84516928438491e-16,-5.37984745637894e-16,-2.2863847285284e-16,-3.0999945504831e-06,7.34865882937565e-16,6.48851078878434e-06,-3.98552718605671e-16,-2.17279408673324e-08,-3.85019894630747e-08,6.61416175938768e-17,2.41756009620512e-16,-1.31584201131339e-16,-8.68139109583623e-17,1.6172958503003e-16,-7.89861601935589e-17,1.81777929336485e-17
"t26",-0.0384006582713574,0.0615004115993019,-0.0225267806352951,0.251754344374225,0.00853140796971406,-0.0959648587771221,0.0255887846281537,-0.00337805534806889,-0.00216426541816659,0.0127745451347592,-0.0022877907723018,0.000417561216203038,-0.00313963474396705,0.0035596095324501,-0.000856538761636591,-0.0568466803916224,-0.020877287830598,-0.16414474725503,0.0163870759971534,-0.0159341521287068,-0.000759695017308412,-3.83755067937881e-05,-2.30704352554637e-05,-0.000371379481078006,-0.000630710664067315,0.00031855788238232,-0.00129726233221391,-0.00027497745048324,0.0097797774231436,7.24051081064676e-05,-0.00504666466414728,0.000845249512554016,-0.0319903698044749,-0.121751168442445,2.17231799943755e-05,3.77608220448913e-09,-0.000123112390703459,8.84832312850886e-06,3.1678825197009e-06,-4.94155150140466e-07,1.95908406763067e-05,-0.000591889699416068,6.15631532133906e-05,1.67134468618457e-17,1.95326515304459e-07,0.000147252484736242,0.0157225887296785,-0.000142989796219968,-6.98709667937272e-07,-7.49285444170879e-07,0.000114652210870637,4.69052490436993e-05,-1.56681141590723e-06,-5.82733619316424e-05,8.84872965204197e-05,8.32602017210954e-05,-2.52759767441178e-16,0.000671097910080821,-0.00234674404618722,0.126904402759956,-0.00175473255896214,-0.0187274805168609,-0.00578832935397594,-0.0019334623477987,0.300680689423951,-2.62185187801583e-05,0.00406716731337038,0.000256858368627593,-0.00309366283334929,-1.54443663683916e-16,4.95367409089793e-07,-8.03756076738412e-08,-0.0054803085812261,-4.36387142398564e-06,-1.64264206447932e-07,-3.77808460096344e-07,0.000117612946837856,-7.47130529939787e-05,-5.61505376200921e-06,-1.17136315171452e-06,1.88621189833593e-05,-1.50273063068331e-16,1.88876913438038e-05,6.91380922311473e-09,2.15244799264109e-07,1.04664796283646e-05,1.20490421770957e-16,1.06355281617905e-06,1.15810682625988e-06,8.0981684782034e-07,1.41092972250982e-07,-0.000520093181829267,2.02979951312141e-16,-1.29367661522339e-06,-1.76230363761466e-16,4.36456095197388e-06,-1.77159734978215e-16,0.000301492814909078,-6.57040974423335e-06,-3.37585196425232e-16,-2.90851151804866e-07,-2.48090412363668e-06,-1.50711260780436e-06,-5.45916920785239e-07,2.35860356256196e-06,-0.00427948452640693,1.54672064559934e-06,1.29527292219972e-06,-3.30857694959101e-15,2.03104464222847e-05,-0.871154268898802,-1.26101679466433e-15,-0.00023533469085933,3.15145318564118e-05,-5.84109338049902e-16,-5.89805981832114e-17,-0.000112824650324778,7.32730802518406e-17,-3.97690221334058e-16,-1.4128289469645e-16,9.25570090442376e-05,-5.86637500537224e-18,-0.000213912110892795,-2.35055030994857e-16,1.29965312248702e-06,4.61597743635421e-06,-3.5169824830638e-16,-1.25462140985339e-16,1.18764582895961e-16,1.52603990927257e-16,5.64734373844584e-18,-1.9673391017864e-18,2.81669243044335e-16
"t22",-0.0385747580472117,0.0619085988804117,-0.0227797160253795,0.25517105649599,0.0086800981097871,-0.0977841362077847,0.0262442542367288,-0.00346756421447826,-0.00222373193166846,0.0131773398019048,-0.00237201315040137,0.000432872892922139,-0.00325369597619768,0.00368725134040547,-0.000887140173079464,-0.0584658376881572,-0.0214005415065073,-0.16815026750484,0.0167014716448308,-0.0161409963131336,-0.000736714216922746,-3.68571780149607e-05,-2.14487857121818e-05,-0.000243794203949485,0.00025245168120337,-0.000178707048602867,0.00113557507120024,-0.00095522084167727,0.0240536555562568,0.000135679002669616,-0.00835966003573914,0.00139703075400119,-0.0520871829191683,-0.197818769087624,3.52331131677229e-05,6.13930366409986e-09,-0.000203188402055722,1.47245952002513e-05,5.28484781113224e-06,-8.25880362988905e-07,3.28642522495716e-05,-0.000997166881348989,0.000103833209733775,2.49285658023411e-18,3.31432935883892e-07,0.000251849459566948,0.0271007691871066,-0.000250485464061846,-1.22759005410568e-06,-1.32042517895752e-06,0.000212678278365262,8.70280417550161e-05,-2.91695383252112e-06,-0.000109586483215557,0.000167940678935232,0.000161309696590948,-3.43655956486112e-16,0.00138218025997289,-0.00503820363803969,0.275578932651299,-0.00387480257126062,-0.0437961515918345,-0.0136382472085813,-0.00465638321257706,0.735984306612057,-6.63524714433522e-05,0.0108005585149921,0.000686903229668385,-0.00865373677268283,-7.13655604260147e-16,1.75346599142715e-06,-3.16166780307149e-07,-0.0221683193856834,-2.22746321742065e-05,-8.39757617717785e-07,-1.96997675165918e-06,0.000732262428983056,-0.000530409333219556,-4.02095551406811e-05,-1.29422496877525e-05,0.000252050432885347,-3.00697129393261e-16,0.00177754481196429,-1.75222239044448e-06,-2.63956619882171e-05,-0.000331095163585053,3.89865224613002e-18,-1.54541576357897e-05,-1.60853694880989e-05,-6.73810039867836e-06,-9.74493450358075e-07,0.00309073500925097,1.11593421999025e-16,7.3245287825335e-06,-4.29961699353541e-17,-1.6791046134177e-05,2.54616269666254e-17,-0.000967233972396968,1.75691484805182e-05,5.53146847292894e-16,5.03431645595574e-07,3.80225364500542e-06,2.25448168837751e-06,7.10214539837478e-07,-2.13864124964849e-06,0.003669313877754,-1.14747587061254e-06,-8.65431503343037e-07,1.73847049918614e-15,-1.1842628087503e-05,0.463268023623066,7.97508122881499e-16,7.03844460746026e-05,-6.37908473737276e-06,1.74487062642701e-16,9.71445146547012e-17,1.66455683318413e-05,6.84585788767983e-18,2.38391305006091e-16,2.0768940753225e-16,-3.4396333180222e-06,7.98872316674511e-17,3.96731725182042e-06,4.61870125478825e-17,7.27527379624382e-08,4.51086615535815e-07,5.7904275520255e-17,5.62708303852539e-17,7.36583915834063e-17,3.38222065417338e-17,-2.90425220124265e-17,-7.70671484349481e-17,-7.1652890800789e-17
"t21",-0.0390437850475844,0.0630268236667605,-0.0235001896805089,0.265114578079298,0.009129698370929,-0.103376045834376,0.0284336035400998,-0.0037704504446863,-0.00242804817753971,0.0146700170004785,-0.00275541838751568,0.000515891729310193,-0.00389318936246435,0.00443047779200925,-0.00106702945421633,-0.0722522993440731,-0.0266227752633847,-0.20941026505233,0.0209461447816891,-0.0203609479935099,-0.000935986021795218,-4.67041159278105e-05,-2.67721754265744e-05,-0.00017578630712924,0.00171332430843972,-0.00102477685087338,0.00544783733307753,-0.00268929009584,0.0652049948736973,0.000370727895898749,-0.0270606745654967,0.00457250380413801,-0.19376837604068,-0.763827109226983,0.000215719367139667,4.38747230091024e-08,-0.00464106576693995,0.0156197904202381,-0.000463366123429517,4.06649682821275e-05,-0.000859284361834418,0.0170577371578537,-0.00162956080286666,2.3189479731399e-17,-3.61836668442717e-06,-0.00197377265025701,-0.166855117080233,0.00107104627275627,4.97364150186705e-06,5.07719685204203e-06,-0.00043690756090706,-0.000178415477380698,5.79872855786795e-06,0.000199789300181545,-0.00028448482674746,-0.000235295439157743,3.17573188227496e-16,-0.00140795948839184,0.00421144178798906,-0.219148104952738,0.00287240205421481,0.0260717653996057,0.0079059189051802,0.00250285288134585,-0.374783074377337,3.03754751693607e-05,-0.00427903700587698,-0.000266674367077422,0.00296164465265179,2.94248328335488e-16,-3.33982078122877e-07,4.73234630541225e-08,0.0031158092499507,1.85072567282224e-06,6.95229949467771e-08,1.5577233904412e-07,-3.74628200386392e-05,1.87740028641737e-05,1.38601207414738e-06,8.90340623398639e-09,2.20869584373503e-06,2.14222568545746e-16,7.50304115749773e-05,-8.55055614504283e-08,-1.33671187700502e-06,-2.00155540684688e-05,2.43020811157234e-17,-1.15231982109035e-06,-1.21756447541295e-06,-6.1692693111029e-07,-9.63055228011157e-08,0.000325470562580186,-1.72762771211607e-16,7.87438058493577e-07,9.87117756114585e-17,-2.13181731531658e-06,3.32359636157858e-17,-0.000132603706071855,2.59478263629392e-06,-2.36085592696424e-16,8.72877018485078e-08,6.85471995224518e-07,4.09461169417355e-07,1.34273679753648e-07,-4.38733699126748e-07,0.000759918109822564,-2.42490785077799e-07,-1.84812000510816e-07,4.67984921061107e-16,-2.54933163264674e-06,0.0998823705637103,2.03326264630247e-16,1.40166654118176e-05,-1.04844687261459e-06,1.6325958397743e-16,1.19533289516527e-17,1.94631776351088e-06,-1.33612404371466e-16,2.65969804712093e-17,1.12567615621269e-16,1.64271022322745e-06,1.84747876773338e-16,-5.1469302733882e-06,1.29440186867613e-16,6.58665561690613e-08,3.07517566677808e-07,-5.38918049771387e-17,-1.68319669731708e-17,2.93737987754425e-17,-4.47145129396182e-17,8.52460226997129e-17,2.72580024216373e-17,1.03585317279764e-17
"t37",-0.0395722649000007,0.0643434957684487,-0.0244407962527831,0.278861944687002,0.00981881393398458,-0.112338070435561,0.0328562006188509,-0.00440543944394058,-0.00287558228420025,0.0187615004831133,-0.0048692904503033,0.00157260316364219,-0.0140730942833098,0.0204892233446138,-0.00531825185643038,0.133382079756176,0.0278917244311711,0.200439377102701,-0.0107535718755995,0.00518924424294926,-0.000253075455595269,-1.498043135311e-05,-1.21785132333446e-05,-0.000390029841109954,-0.0014006367078084,0.000760309215245258,-0.00351452410661065,0.000431980430298672,-0.00511795071997583,9.247341151829e-06,-0.00202344730862938,0.00034138364492722,-0.0125516020607066,-0.0457534442447592,-6.18529320903574e-06,-2.74678145662378e-09,0.0013103666296887,-0.0070737240774988,0.000239541756844941,-2.31315700409454e-05,0.000594039320536638,-0.0148082708367358,0.00150428443527883,-5.8207930798281e-16,4.73594902316541e-06,0.0045148249929686,0.898603185077849,0.00531275651801613,1.92297984959427e-05,1.61791388326382e-05,-0.000456501547750225,-0.000186013397890641,5.8558287611456e-06,0.000185335089328842,-0.000246698515263888,-0.000179620154599065,2.95615421014595e-16,-0.000810493853474608,0.00206289946667232,-0.102764303868016,0.00126293871109747,0.0090592372158913,0.00265651843131552,0.000758077879002348,-0.104403977396253,6.95112345958783e-06,-0.000669525443576423,-3.88732429528866e-05,0.000224675329339899,-4.45719833586093e-16,1.23762713444796e-07,-3.64916208615063e-08,-0.0432673018923219,-2.64942794333222e-06,-1.00027722689001e-07,-2.38822294340476e-07,9.96277187510304e-05,-7.62803543140716e-05,-5.80055693859619e-06,-2.0659774498404e-06,4.12442663212578e-05,2.8572104567836e-16,0.000313976574258662,-3.1356413171695e-07,-4.74024729862565e-06,-6.05317843721632e-05,-3.5961771588816e-17,-2.89102877768259e-06,-3.01421373202185e-06,-1.28988941819363e-06,-1.88076583782504e-07,0.000600288558377161,1.10700792900239e-17,1.42532989811053e-06,4.39019729783078e-17,-3.3054253255566e-06,-4.60684138857405e-16,-0.000190659884962061,3.45251998744777e-06,1.34112525640334e-16,9.53343751041889e-08,7.04585439792333e-07,4.15635464800601e-07,1.26345250723483e-07,-3.2382818386089e-07,0.000534892941364305,-1.47851034771351e-07,-9.89172020551727e-08,1.93042927346494e-16,-1.09042186175021e-06,0.0346070376757878,6.84552395231527e-17,-6.31932105023833e-06,1.77753881662143e-06,8.12915242589203e-17,-2.67147415300428e-16,-8.32518134548897e-06,1.52532091317708e-17,6.87378900440295e-17,7.22852336257754e-17,1.02093575776469e-05,2.93166770749519e-17,-2.49615952901835e-05,2.16406753628107e-16,1.85870293741799e-07,7.30884916046583e-07,3.02823809345451e-17,5.42702177970727e-17,7.4102874004712e-17,-5.4265412055176e-17,1.31924909258547e-16,-1.26987671212094e-16,-4.10053814502978e-17
"t56",-0.0401975871198474,0.0658665696847233,-0.0254738548850288,0.293542801760551,0.0105193952038916,-0.121261813268664,0.0368289134452626,-0.00496690018416505,-0.00326408695264316,0.0220085316795977,-0.00619722533269035,0.00212128467380916,-0.0191724016260993,0.0282149069150263,-0.0073428343752881,0.199764049450136,0.042814082606181,0.309010186743181,-0.0170953233507696,0.00850859902478456,-0.000479887762009635,-2.90734304330136e-05,-2.52461391060214e-05,-0.00110076510125346,-0.00548077877920114,0.00303790724199825,-0.0145132270169632,0.00308982087380692,-0.0574935020096511,-0.000190263164311011,0.00544242590891559,-0.000877498808814367,0.0217223041397765,0.0726553887194947,5.19087414116719e-06,2.03525883874043e-09,-0.00061827922682864,0.00278227715802398,-8.95187381114859e-05,8.33370434779019e-06,-0.000198922253473129,0.00456999199486655,-0.000454526275505077,2.46319881408646e-16,-1.27991223625119e-06,-0.00105690608978918,-0.182956493932295,-0.000806569971975208,-2.76348559073019e-06,-2.19645250209371e-06,1.78922963172748e-05,7.23405440288175e-06,-2.01182739380181e-07,-4.05318796989048e-06,2.86664837425969e-06,-1.43791639298577e-06,3.40429416166291e-17,-3.70641141483567e-05,0.000121032624631038,-0.00624876520823757,7.94774142330603e-05,0.000559527983908541,0.000161208696437383,4.26837248030006e-05,-0.00541498834883229,2.73996131068349e-07,-8.53432076786467e-06,-3.06841637756009e-07,-6.76976098894569e-06,2.24302326007547e-15,-9.38844068425204e-08,1.56597570191237e-07,0.837203651185415,-3.45112749661285e-06,-1.29765659915865e-07,-2.95114163826357e-07,9.41727977860894e-05,-6.50951571546439e-05,-4.92405851704875e-06,-1.50793153625014e-06,2.91758709598366e-05,-1.21643931703067e-16,0.000203981204145744,-2.01080331776808e-07,-3.02930971385394e-06,-3.80263872104076e-05,-7.27609075200737e-17,-1.77794107612383e-06,-1.85083358017479e-06,-7.76738775049024e-07,-1.12389793678037e-07,0.000356491105365151,8.0577807360633e-16,8.44771966259614e-07,2.02314183093551e-16,-1.9298130937108e-06,-7.0567385008783e-16,-0.000110627631753042,1.99257340181402e-06,6.90551028130777e-18,5.45453348642713e-08,4.02589902356144e-07,2.37438255535748e-07,7.21145089837587e-08,-1.84867171968209e-07,0.00030544800799696,-8.45137756215963e-08,-5.65938904783272e-08,1.04519993232243e-16,-6.24717871641756e-07,0.0198468426577857,2.061066157537e-16,-3.64892998427685e-06,1.03077496666762e-06,1.87066616161622e-16,4.57966997657877e-16,-4.84171221668689e-06,-6.99299062934336e-17,1.47988451667758e-16,1.59943292498479e-16,5.97999145605585e-06,-1.10857701753587e-16,-1.4641380893736e-05,-2.91433543964104e-16,1.09708816394016e-07,4.33143369485975e-07,-1.22495732141114e-17,-2.13682653123957e-16,9.32194360912483e-17,1.34120736018822e-16,1.76879566977676e-17,-1.7760597885211e-19,-7.16133274615937e-17
"t76",-0.0403208136540526,0.0661655936776758,-0.0256749630029303,0.296387797527902,0.0106540941919441,-0.122971920895423,0.0375782413697201,-0.00507255293334643,-0.00333699554484971,0.0226101566464044,-0.00643627781549287,0.00221825413283547,-0.0200709261117946,0.029571886132269,-0.00769816845694866,0.211156093378874,0.0453588961629316,0.327505476504846,-0.0181675790374763,0.00906578232678575,-0.000516825076812116,-3.13586416539249e-05,-2.73406770874892e-05,-0.00120986412355389,-0.00608767103626211,0.00337612802969017,-0.0161424193256919,0.00347152126336876,-0.0649045038252273,-0.000217422724013563,0.00637765979252576,-0.00102954920742861,0.0258129723295328,0.0866233801965732,6.38573478247664e-06,2.52282515158467e-09,-0.000790856546193234,0.00360982841459317,-0.00011662547879551,1.08896740078122e-05,-0.000261507703634714,0.00604911940369065,-0.000602716947992102,1.74472173603401e-16,-1.71348373875293e-06,-0.00143268526146589,-0.251055427382345,-0.00113549368585669,-3.9088639167889e-06,-3.12194448849174e-06,2.77640730656026e-05,1.12299170780457e-05,-3.14268239722207e-07,-6.45248278380675e-06,4.64552100677348e-06,-2.43020932033495e-06,1.39614226178354e-16,-7.25089907339261e-05,0.000268243614171019,-0.0144032116990119,0.000194956777310868,0.00180139453413354,0.000542723839809136,0.000166750349208112,-0.0241565760480516,1.76964162357143e-06,-0.000193162367945009,-1.1412735563157e-05,7.36301963894202e-05,1.15100105298714e-17,8.79212439116282e-08,-8.32364984477411e-08,-0.385142375230528,3.84875966518537e-07,1.42833881640672e-08,2.72024689308034e-08,2.76016995000641e-06,-5.81029594700602e-06,-4.56014291751183e-07,-3.07399123001124e-07,6.7564689582543e-06,3.47525369258784e-16,6.52781042257081e-05,-6.75395876080658e-08,-1.03069024242014e-06,-1.37979517208524e-05,1.06886986552382e-15,-7.00133963385703e-07,-7.33284166428826e-07,-3.33083362584127e-07,-4.98045060698226e-08,0.000162416513301197,-2.81823719715033e-15,3.88399475654294e-07,-1.53423607795083e-14,-9.55978422139715e-07,0.707106781186548,-5.67676989042341e-05,1.05856984821198e-06,-5.50668656267594e-16,3.13085940302667e-08,2.35685719296869e-07,1.39533048513878e-07,4.32854095290517e-08,-1.16442151913698e-07,0.00019366849616401,-5.44533215434771e-08,-3.68561676025271e-08,4.04856844679189e-16,-4.12079913403784e-07,0.0131961843368,-2.43459533222154e-16,-2.52200578871459e-06,7.24995891716223e-07,-3.04768376533189e-16,-1.87350135405495e-16,-3.44077000908292e-06,-1.22884218463849e-16,1.9597644413709e-16,1.59002454328118e-16,4.3430188638241e-06,5.43477983413946e-16,-1.06738774210483e-05,3.94649590784724e-16,8.12383952078862e-08,3.23652668221758e-07,2.54528539533771e-17,2.00572054730551e-16,-1.47731561980252e-16,6.6771945509749e-17,-3.3213458852895e-16,6.44273782306511e-17,1.02755123716841e-17
"t77",-0.0403208136540526,0.0661655936776758,-0.0256749630029303,0.296387797527902,0.0106540941919441,-0.122971920895423,0.0375782413697201,-0.00507255293334644,-0.00333699554484972,0.0226101566464044,-0.00643627781549286,0.00221825413283549,-0.0200709261117946,0.029571886132269,-0.00769816845694867,0.211156093378874,0.0453588961629316,0.327505476504846,-0.0181675790374764,0.00906578232678567,-0.000516825076812121,-3.13586416539262e-05,-2.73406770874788e-05,-0.00120986412355386,-0.00608767103626206,0.00337612802969017,-0.0161424193256919,0.00347152126336881,-0.0649045038252274,-0.000217422724013309,0.00637765979252582,-0.00102954920742857,0.0258129723295328,0.0866233801965732,6.38573478251275e-06,2.52282506834505e-09,-0.000790856546193263,0.00360982841459315,-0.000116625478795524,1.08896740078583e-05,-0.000261507703634855,0.00604911940369064,-0.00060271694799208,-9.20321354421478e-17,-1.71348373878708e-06,-0.00143268526146597,-0.251055427382346,-0.00113549368585694,-3.90886391686979e-06,-3.1219444884363e-06,2.77640730658151e-05,1.12299170779412e-05,-3.14268239923448e-07,-6.45248278394726e-06,4.64552100675484e-06,-2.43020932039285e-06,-1.66959028253955e-16,-7.25089907338183e-05,0.000268243614170756,-0.0144032116990121,0.000194956777310597,0.00180139453413348,0.000542723839808886,0.000166750349207941,-0.0241565760480515,1.76964162385854e-06,-0.000193162367945189,-1.14127355638538e-05,7.36301963890325e-05,-1.71012172420526e-15,8.79212432112336e-08,-8.32364997379349e-08,-0.385142375230529,3.84875966727724e-07,1.42833878023774e-08,2.72024681173181e-08,2.76016994957403e-06,-5.81029594704592e-06,-4.56014292354867e-07,-3.07399122224456e-07,6.7564689591286e-06,-1.66603300934246e-16,6.52781042251981e-05,-6.75395912124892e-08,-1.03069024118827e-06,-1.37979517222009e-05,-8.74308218562784e-16,-7.00133963175802e-07,-7.33284165977798e-07,-3.33083364657122e-07,-4.98045072273067e-08,0.00016241651330076,2.03204964168086e-15,3.88399470899126e-07,1.51636189072819e-14,-9.55978447095996e-07,-0.707106781186547,-5.6767698905837e-05,1.05856984768896e-06,3.58218024927643e-16,3.13085918987252e-08,2.35685721266079e-07,1.39533045769979e-07,4.32854099658632e-08,-1.16442151976148e-07,0.000193668496163763,-5.44533213119424e-08,-3.68561676264795e-08,-3.02910333633231e-16,-4.12079913509602e-07,0.0131961843368002,2.31246869733044e-16,-2.52200578869637e-06,7.24995891949977e-07,3.71123257792974e-16,1.04083408558608e-16,-3.44077000903609e-06,1.47269339337983e-16,-4.20195979275793e-16,-2.3131032751958e-16,4.34301886373042e-06,-1.70794407820666e-16,-1.06738774210847e-05,4.16333634234434e-17,8.12383952586405e-08,3.23652668254718e-07,-4.36920567854488e-17,8.45167611983229e-18,1.51075485475193e-16,-1.30986530742014e-16,3.48532331767077e-16,1.37230198650164e-17,-2.10102285610426e-17
"t14",-0.0434207022043974,0.0883283154526874,0.00242574956550145,0.0335637801585202,-0.00293612777019137,0.212345991173834,0.0296387545590064,-0.0325883854025257,-0.00161430661473571,0.00894953456159286,-0.000980267615173348,-0.0242962889731296,-0.000860298880688866,0.000424428848986531,-7.21929815846248e-05,-0.00798762387939218,7.30298645278441e-06,0.00375034894927949,-0.00289551184877874,0.00529132657821774,0.00854070994606178,3.47675342932308e-05,3.84282168534242e-05,0.00261033555013045,0.0438113702206952,-0.0385859699576572,0.201134888930702,0.00451133649398888,-0.0361455834608037,-6.09051605634202e-06,0.0116309621400486,0.000184742097831894,0.00776314337542709,0.00142779942285503,0.00549980994251913,-1.7762555993434e-05,0.0602471480106271,-0.449566377688928,0.0243547477383468,-0.00605178268763595,-0.0411996344843297,0.298494057725538,0.0161540439262389,-1.28468439899151e-15,-2.49992353681773e-05,-0.00533706296340364,-0.000312663086662386,-0.36032946012691,0.000202519689348926,0.000101244405331511,-0.00119416953279038,-0.00271189716261464,1.45018877672176e-05,0.000425939315217698,-0.000528353403316667,-0.00149502843797673,1.90863129621779e-16,-0.000753914581181074,0.000856487064903847,-0.0299046100917831,0.000164766113165547,0.0349902865681002,0.408427972117356,-0.000377597263843971,0.0174455328844871,7.09970603387099e-06,-0.00428548073709921,-0.000310475371287655,0.00787899602854153,-9.55131003112656e-16,-8.66598423450325e-05,-4.70504595952916e-06,-1.80329527180017e-05,-0.000164695338878418,-6.20257100682935e-06,-1.43765305214152e-05,0.00516765797024572,-0.00384647176898744,-0.000292410818113112,-0.000119202729287775,0.00268189932240348,-7.20428560100713e-16,0.489075944230929,6.94327786883498e-05,0.000770234137656439,0.017327129704577,-9.07907653917148e-16,6.85055451628289e-05,6.7067536855139e-05,1.14507814646979e-05,9.50215435635173e-07,-0.00126637080570609,-3.56123895929004e-17,-1.63233905283051e-06,2.21452575398699e-16,-0.000172388994020618,9.26718869244793e-17,-0.228520103119896,-4.7765034151864e-05,-1.05900495699922e-15,-2.26933955436298e-07,-1.03060968748817e-06,-5.45736609809406e-07,-7.68184357927711e-08,-1.24674656093796e-07,0.00024639934778743,-8.37110079159979e-08,-5.4287242168849e-08,-2.17628534731054e-16,-3.81375738919181e-07,0.000328593988701808,1.9374996127377e-16,-0.000111624006865179,5.95162142897504e-06,1.75912224047102e-16,-2.74086309204336e-16,-2.60657677702714e-05,-1.40513679648014e-16,1.58864194155029e-16,2.34921294272034e-16,2.99863647250688e-05,1.12896209919724e-16,-0.00027615014238,3.71230823859037e-16,5.31528264225345e-07,2.0736950692025e-06,-6.32352930782408e-17,3.80969347916351e-17,8.88592089928658e-17,-2.96762657265551e-18,-1.90071319817133e-16,4.33756291553875e-17,9.83317266284557e-18
"t15",-0.0431238316052267,0.0874373545026214,0.00238356331757197,0.0328504556438575,-0.0028543303359789,0.205851893557152,0.0283511849643576,-0.031111676284363,-0.00153769378005386,0.00843604544736964,-0.0009030087498484,-0.0220646737196026,-0.000779503934167327,0.000383639588829215,-6.52168292939875e-05,-0.007095810020176,6.45775121241717e-06,0.00331366976794816,-0.00254447327978162,0.00462568657273204,0.00730927537384373,2.96664294599067e-05,3.25325593954992e-05,0.00214788287786445,0.0353431329029195,-0.0310962735761856,0.161843444189738,0.00356302982101748,-0.0283003623718708,-4.66504063945908e-06,0.0085252589922223,0.000135128070506093,0.00555680823326143,0.00101635844787689,0.00371931786357368,-1.18678381366364e-05,0.0383398929293169,-0.280045969357248,0.0150784275779463,-0.00373025229340439,-0.0251705085906743,0.180550323620813,0.00974578636797311,-8.00733169122977e-16,-1.48764287073508e-05,-0.00312027454904309,-0.000179702237324739,-0.199986425921917,0.000111691689011287,5.54771652036317e-05,-0.000585736772827106,-0.00132952509757496,7.05671363095166e-06,0.000202691320122856,-0.000246309298113759,-0.000664944020647167,5.72944667707154e-18,-0.000288998427184518,0.000293819767494316,-0.00993277248081017,5.21143832004674e-05,0.00920311726144839,0.104635313969752,-8.92465830359737e-05,0.00386916954425628,1.36470468769879e-06,-0.00064456174226739,-4.4830480631341e-05,0.00083799579913978,1.42759420312663e-16,6.84804811243889e-06,7.27854526882885e-07,3.13731603601191e-06,5.30752371013037e-05,2.00453735435953e-06,4.81288818586299e-06,-0.00223355455138389,0.00191125771293722,0.000146479795423099,8.02158881675179e-05,-0.00196132423486687,5.73633594974801e-16,-0.484594096672693,-7.32346673234902e-05,-0.00082692116055824,-0.0204781693756066,6.07209416231666e-16,-9.35623817686254e-05,-9.27017759287517e-05,-1.88671776655323e-05,-1.7064983439964e-06,0.00246496859521203,-4.8260292726455e-16,3.26840881404852e-06,-1.59264657146579e-15,0.000454518470513812,-5.80206546488174e-16,0.712619785468201,0.000182425882050344,1.85745398262942e-15,1.79372205862056e-06,1.13098260051837e-05,6.47833736954354e-06,1.67816900258777e-06,-2.875285326406e-06,0.00441933350998047,-9.73037051704594e-07,-5.10615113559602e-07,3.47496833426999e-16,-2.91728447846966e-06,0.002250606292202,4.85608142884843e-16,-0.000504883853087411,2.33025277620967e-05,1.79962214164066e-17,2.07733136248223e-16,-9.45064755457266e-05,1.81009840263264e-16,-1.2467182579852e-16,1.38570476651014e-16,9.39914827400709e-05,-2.10867929468162e-18,-0.000845452771077356,8.60856524953491e-17,1.4847364324587e-06,5.51130417540208e-06,2.27530055606609e-17,-8.89297937528019e-17,2.29550200763862e-17,-1.18933989793408e-16,1.08029863403437e-16,4.05977218332689e-17,8.17729801159245e-17
"t19",-0.0443536548826751,0.0912463813258363,0.00257813918790343,0.0362862449049266,-0.00328118396402029,0.240966317943951,0.0367898105621481,-0.0411057125072613,-0.00207646452511716,0.0128632095335402,-0.002274424025861,-0.146599556476603,-0.00769878588686678,0.00852410212541316,-0.00212015657373838,0.0132581264727827,-8.34341110374193e-06,-0.00403829212644635,0.002118539271763,-0.0027178852097622,-0.000625638360193929,-1.35355382089252e-06,1.39116823007646e-06,0.000512610374104836,0.0112508882952729,-0.0100037337104415,0.0528813218275907,0.0013505867184226,-0.0112978046696187,-2.06050356196894e-06,0.00429523436330664,6.84124703030625e-05,0.00294323539864822,0.000543933425885246,0.00215588662505079,-6.9885302977073e-06,0.0238867464129943,-0.178385530784093,0.0096640349069839,-0.00240128176717154,-0.0163445427552705,0.118373075513204,0.00640538353474983,-3.94016506931043e-16,-9.90468742934334e-06,-0.00211167280412702,-0.000123515633547502,-0.141829900241117,7.9659753288233e-05,3.97960572131469e-05,-0.000465420311514284,-0.00105693438430584,5.65131287139842e-06,0.00016601786169944,-0.00020613785386594,-0.00058671106652819,-1.54345686088773e-16,-0.000318331040590123,0.000427300706253665,-0.0162598302765058,0.000108495806331784,-0.0365076258608224,-0.259220337652948,9.02736612452036e-05,-0.00237093647589051,-3.22395711993636e-07,2.11761268900036e-05,8.29537788889283e-07,9.30315396680242e-06,3.25804769580196e-16,6.96414856153973e-06,6.25185955111862e-07,2.65721785050118e-06,4.48154263664274e-05,1.69301466459862e-06,4.07871156588127e-06,-0.00196351097207432,0.00173102812077423,0.000132929200734148,7.99017972912234e-05,-0.00202407559193609,1.39637260341839e-15,-0.600426642874039,-9.56495257472724e-05,-0.00109769315815917,-0.0300537894879875,1.39417353871069e-15,-0.000168708428170172,-0.000170742178019417,-5.43188707741262e-05,-7.38148110237416e-06,0.0229430400141652,1.13772878464546e-15,5.44829020371946e-05,2.36855827883589e-15,-0.000823841863998658,1.07543738506533e-15,-0.630016888371144,-8.13643040377008e-05,-2.14016613391681e-16,2.90061033338986e-08,9.64727665722152e-07,6.30809235724491e-07,2.65333861520642e-07,-7.66163658504418e-07,0.00123255494950011,-2.98939980508614e-07,-1.65824472830627e-07,-1.18224956230905e-16,-1.00503398162101e-06,0.000801669660421053,-2.24539670042646e-16,-0.000205760318248161,9.97944936419952e-06,1.16569365579906e-16,4.44089209850063e-16,-4.1575410381996e-05,5.21708289209291e-18,4.20909789755171e-17,-5.48430624013172e-17,4.35445839185589e-05,2.41624434734567e-17,-0.000395013612693168,2.0122792321331e-16,7.17176159780421e-07,2.71124366246073e-06,-2.26169209304669e-16,-9.63898747336979e-17,3.88984667194842e-17,2.80087252355938e-17,3.16283152246191e-17,-6.17488749657256e-17,-1.02460170774199e-18
"t38",-0.0457603527018673,0.095603632118542,0.00280075829997078,0.0402174929885808,-0.00376963365089403,0.281148721016491,0.0464463088870661,-0.0525419138303999,-0.00269296667482865,0.0179281879913586,-0.00384212793830868,-0.288842883204403,-0.0156007588391541,0.0178191161927919,-0.00446644729112398,0.036465644227137,-2.52121562752485e-05,-0.0124165912585022,0.00742949619463689,-0.0110770277728979,-0.00963300580745423,-3.65506886859494e-05,-3.39004470598667e-05,-0.00133092189167711,-0.0157891610356296,0.0136637597930491,-0.0693363839223106,-0.00111879679501012,0.0076312562658416,8.18589028820163e-07,-0.000298701824475572,-3.97233155179587e-06,0.000137920570782896,3.83643571128975e-05,0.00053689124209726,-1.98271898421214e-06,0.00971614599840056,-0.0811420922728508,0.00452480520665444,-0.00114710549321133,-0.00811571495307187,0.0612394972059292,0.00334803756751393,-1.56928625933048e-16,-5.4538638887225e-06,-0.00123717062190202,-7.64873228257412e-05,-0.0973374868894,5.56275521797743e-05,2.8278482700392e-05,-0.000428958169779829,-0.00097514126672193,5.29636442417229e-06,0.000162891270687798,-0.000210747456445964,-0.000656778267346589,-1.23284914457475e-16,-0.000465536489256431,0.000755762605990793,-0.0303785954022149,0.000220237050362612,-0.101814813412821,-0.757383146082037,0.000305133565066206,-0.00902777499783918,-1.6346511891641e-06,0.000194601765356564,8.59996180508157e-06,0.000462211822570808,7.60862157445726e-16,-2.20609955446757e-05,-1.42262570302127e-06,-5.65367430919034e-06,-6.4659491823202e-05,-2.4380383077881e-06,-5.73615897728475e-06,0.00231878709592157,-0.00185510351553101,-0.000141650093347153,-6.91930959223919e-05,0.00165318235993698,-8.46153650188802e-16,0.396797852539242,6.0550254988821e-05,0.000686509496800337,0.0176063061761325,-5.65547033526705e-16,8.97099805355773e-05,9.00748914840671e-05,2.55601198277384e-05,3.28881171570041e-06,-0.00972290630251866,7.66677184661417e-17,-2.26918644803924e-05,-1.21754517842758e-15,0.000291795942690971,-2.51995864850001e-16,0.203507568044726,2.36903552318628e-05,-2.65402545772483e-16,-6.25322110024283e-09,-1.88342025770586e-07,-1.20634529563623e-07,-4.47759279727263e-08,8.83519380657973e-08,-0.000132781088037273,2.66099373726463e-08,1.26573077847653e-08,1.00531620644331e-16,6.12097309998994e-08,-4.101227988006e-05,1.24767309221162e-16,4.35237594196614e-07,2.09464942729253e-07,-6.71608939100975e-17,1.87350135405495e-16,-1.45317386331481e-06,1.97772791841263e-17,1.47150733117753e-16,-2.73138627294936e-17,2.83655548943612e-06,2.75581245946265e-16,-2.78635985405497e-05,-3.78928659283684e-17,6.67907821682332e-08,2.8883222336018e-07,1.8888625708166e-16,-1.81358129291441e-16,-8.98317029437175e-18,1.32110996322495e-17,1.74731461936177e-16,4.24229153189561e-17,1.00170448977597e-16
"t103",-0.0467628884470418,0.0987313827115602,0.00296318469099926,0.0431108361464898,-0.00413455973579488,0.311357192684233,0.053925785851098,-0.0614389272519988,-0.00317501914015753,0.0219833585022299,-0.00516511754884213,-0.41292079117541,-0.0225303680291305,0.0260166491939396,-0.00653854431628424,0.0577889328892856,-4.08827409462305e-05,-0.0202145095886929,0.0124374898904759,-0.0190587719962062,-0.0186912771121132,-7.22068949343326e-05,-7.03584013021727e-05,-0.00337740062533301,-0.0473890596074976,0.0413960047419659,-0.213128056664791,-0.00417200067838493,0.0315939851541605,4.69152053294075e-06,-0.00731949048817713,-0.000115296271451194,-0.00447201434407184,-0.000806999292143651,-0.00267045604933456,8.36588109498528e-06,-0.0255113816406146,0.182988555727842,-0.00980832939616445,0.00241908058434203,0.0162306634236616,-0.115765128157842,-0.00624033681934381,4.1894577619621e-16,9.46507182352547e-06,0.00197280156699874,0.000113147148900526,0.125548149314377,-7.01338943030023e-05,-3.48515168847796e-05,0.000383828147665857,0.000871510497745899,-4.64945239741469e-06,-0.000135832752604011,0.000168044301624422,0.000476605790969111,1.08783945674769e-16,0.000265402824189872,-0.00037440903328091,0.0145158595856181,-9.99783307837158e-05,0.0392794730173813,0.286427427854637,-0.000109017363564196,0.00309634276255366,5.17161860209775e-07,-5.51573330959831e-05,-2.40017980081436e-06,-0.000117203032718645,-6.12598278838147e-16,3.61407527653829e-06,1.96437096677799e-07,7.47508889960832e-07,6.10021819328644e-06,2.29524967508213e-07,5.25627773090265e-07,-0.00016819986812373,0.000114179250567252,8.6263130665439e-06,2.54564485106939e-06,-4.94357746784342e-05,-3.20709966747846e-17,-0.00197117272876148,3.43743978539585e-09,1.00884914320257e-06,0.000159260663525542,-2.70639612089866e-17,1.80458316928575e-06,1.89263480444515e-06,8.62678312628186e-07,1.30553252223709e-07,-0.00043810920218155,-5.28129893700895e-16,-1.06417156652939e-06,1.04079572960494e-16,1.85259777181602e-05,5.22801433196158e-17,0.0147403987989731,1.94383876095475e-06,-2.74387018894057e-16,-6.69222081789715e-10,-2.15287966163668e-08,-1.39652924531221e-08,-5.5599021629861e-09,1.28558870024107e-08,-1.97447302402491e-05,4.17135996687326e-09,2.0552022943743e-09,-4.77188078733944e-15,1.03670190454194e-08,-7.13146209664904e-06,0.707106781186548,8.60994277219817e-08,4.3950580384114e-08,6.65585106112586e-16,-1.69916164471928e-15,-3.15790338104125e-07,5.83343107477635e-16,-1.80731416122626e-16,-9.2049059958536e-17,6.64101096741702e-07,2.6508884736205e-16,-6.6097863845885e-06,3.36888720045558e-16,1.6730546640026e-08,7.46928469594986e-08,-2.56486604201435e-17,6.98573280125553e-17,-4.22292194244558e-17,4.31086207333001e-17,-1.48417533559129e-16,-1.67273274293329e-17,-1.29285462337689e-16
"t104",-0.0467628884470418,0.0987313827115602,0.00296318469099927,0.0431108361464898,-0.00413455973579487,0.311357192684233,0.053925785851098,-0.0614389272519988,-0.00317501914015753,0.0219833585022299,-0.00516511754884213,-0.41292079117541,-0.0225303680291304,0.0260166491939396,-0.00653854431628421,0.0577889328892857,-4.08827409462418e-05,-0.0202145095886929,0.0124374898904758,-0.0190587719962063,-0.0186912771121131,-7.22068949343369e-05,-7.03584013021925e-05,-0.00337740062533301,-0.0473890596074975,0.0413960047419659,-0.213128056664791,-0.00417200067838473,0.0315939851541605,4.69152053263444e-06,-0.00731949048817711,-0.000115296271451102,-0.00447201434407187,-0.000806999292143627,-0.00267045604933466,8.36588109529966e-06,-0.0255113816406146,0.182988555727841,-0.00980832939616446,0.00241908058434218,0.0162306634236614,-0.115765128157842,-0.00624033681934392,4.31236435880095e-16,9.46507182359938e-06,0.00197280156699874,0.000113147148900516,0.125548149314377,-7.01338943026587e-05,-3.48515168847734e-05,0.000383828147665936,0.00087151049774581,-4.6494523973425e-06,-0.000135832752603993,0.000168044301624376,0.000476605790969143,5.81424259316168e-17,0.000265402824189817,-0.000374409033280785,0.0145158595856178,-9.99783307835961e-05,0.0392794730173812,0.286427427854636,-0.00010901736356416,0.00309634276255385,5.17161860092446e-07,-5.51573330962043e-05,-2.40017980075046e-06,-0.00011720303271886,-3.97058507759596e-17,3.61407527609049e-06,1.96437096393896e-07,7.47508890138241e-07,6.10021819339198e-06,2.29524967696755e-07,5.25627773422009e-07,-0.000168199868123574,0.000114179250567055,8.62631306679327e-06,2.54564485076105e-06,-4.94357746774899e-05,2.38762706012518e-16,-0.00197117272876139,3.43744033652927e-09,1.00884914299905e-06,0.000159260663525393,-3.01369449134544e-17,1.8045831684069e-06,1.89263480416224e-06,8.62678313149945e-07,1.30553252155343e-07,-0.000438109202181766,6.62297372556618e-17,-1.06417156686576e-06,-3.14802189835324e-18,1.85259777180172e-05,-2.74844007831496e-16,0.0147403987989737,1.94383876182599e-06,2.72376136688392e-16,-6.69223069362369e-10,-2.15287966821321e-08,-1.39652920547252e-08,-5.55990239509748e-09,1.28558872983979e-08,-1.9744730240549e-05,4.17135899818626e-09,2.05520196226534e-09,4.76215943201422e-15,1.03670156415261e-08,-7.13146209452471e-06,-0.707106781186548,8.6099428989021e-08,4.39505802549652e-08,-6.62020454152273e-16,1.85040784778101e-15,-3.15790337416686e-07,-5.96919796418554e-16,1.7653864547217e-17,1.2132194309746e-16,6.64101095377125e-07,-2.07948560506872e-16,-6.60978638436196e-06,-4.4823628315982e-16,1.67305467410346e-08,7.46928470196718e-08,-5.16684533217361e-17,1.28841000949114e-16,1.83297429697368e-16,4.94470431296879e-18,1.46552441217358e-16,-4.82888503599084e-17,8.02200688482993e-17
"t13",-0.0441879910951488,0.0906627610976948,0.00253979536574402,0.0355249688060714,-0.00316772643786198,0.230961164413672,0.0335575663300557,-0.0371234866914951,-0.00185205393184442,0.0106247663950585,-0.00128000123662363,0.0179888322729041,-2.65724329376847e-05,-0.000355400734110001,0.000125041849484725,-0.0136865972466359,1.25264719666192e-05,0.00644179261225904,-0.00505151575291921,0.00943169554189347,0.0172254060659212,7.15906020511033e-05,8.39405022383145e-05,0.00746518880364475,0.163162526097649,-0.14602362027808,0.780503048059808,0.0255431423487245,-0.263064514069951,-0.000176767246509885,-0.0612932097795057,-0.000918700721197201,-0.0241647504426225,-0.00404332727599849,-0.00821590385839542,2.36845871071957e-05,-0.0548366115037023,0.355903810076214,-0.0185716034360561,0.00449504777341027,0.0290784505022241,-0.199533325527945,-0.0106532935307071,6.63143067620215e-16,1.54252428595804e-05,0.00308983371967563,0.000190208963768663,0.133113592873926,-7.40393597354891e-05,-3.63729437462792e-05,0.000273629292899275,0.000620114837146961,-3.21334409603263e-06,-8.59107418192907e-05,9.76967538272215e-05,0.000226067449933057,4.92822631549201e-17,5.56929974056522e-05,-2.68469538517889e-05,0.000580017689076805,1.02161124628918e-07,-0.00288872495974216,-0.0205608575908539,4.60675406852712e-06,4.02005255441436e-05,1.58258335522513e-07,-0.000180471681976668,-1.38212776096184e-05,0.000456865975272364,9.00047262045764e-18,-8.55195427990844e-06,-5.09565841793451e-07,-1.98940529086293e-06,-1.99810954956066e-05,-7.52796115748543e-07,-1.75311055722111e-06,0.000648426567392711,-0.000487380719064511,-3.70658005251906e-05,-1.50710709540981e-05,0.000336139952695401,-9.87370562433077e-17,0.0563542896371763,7.73742073796106e-06,8.48926598037526e-05,0.00177082942957666,-1.04210800600914e-16,5.73436419473196e-06,5.47669920786427e-06,3.61946053209668e-07,-2.90369735429839e-08,0.000290967948760985,-1.32067132033891e-16,8.43346370058969e-07,-8.48841948361042e-18,-2.83377199295302e-05,-1.354968483084e-17,-0.0231848979002652,-2.05408492415932e-06,-1.18562034302814e-16,5.37567427620622e-08,4.57454223809159e-07,2.75303929293726e-07,9.06938412104867e-08,-2.35300745166089e-07,0.00037940947442197,-9.32695445988473e-08,-5.24503147400111e-08,-3.27714483377893e-17,-3.24322899623603e-07,0.00026236394662885,-2.57306729430718e-17,-7.29941643434857e-05,3.68846883775373e-06,1.78353558253177e-16,1.66533453693773e-16,-1.57586636118714e-05,-1.17755675716757e-16,-6.99550205810862e-17,9.64659702741683e-17,1.74369948161071e-05,1.12608888749947e-16,-0.000159742987103854,2.48065457064683e-16,3.02194160157934e-07,1.17048992668645e-06,-1.03356723257461e-16,1.99047713419843e-17,3.69887626851422e-17,2.13688875806906e-17,7.11847845088746e-17,1.32294987302689e-17,-3.62823608358796e-17
"t41",-0.0457467216834563,0.0955738529304846,0.00280082893555885,0.0402355569143691,-0.00377595250129468,0.281825212955243,0.0468382839086006,-0.053057359356024,-0.00272419151848344,0.0183597633170442,-0.00438844938544797,0.342565711960594,-0.00307926321783824,0.00889286287117699,-0.00240358137605952,0.0297949451512892,-2.10039288214789e-05,-0.0103706624484897,0.00629011833983418,-0.00945586386753259,-0.00830362189889779,-3.14904905511205e-05,-2.91207447641224e-05,-0.00111028738009811,-0.012626137459621,0.0108954220437943,-0.0550396350093155,-0.000825562715484757,0.00535946166414893,5.30091263052992e-07,0.000683047029784219,1.17556872234748e-05,0.00088138486735144,0.00018024242742962,0.00137820625013137,-5.05288947434692e-06,0.0282432603537431,-0.269601315535136,0.0157904270151652,-0.00416189644077579,-0.0321733805178137,0.273668713244809,0.0155008697102609,-1.22984664110445e-15,-3.1676229432096e-05,-0.0113409507249501,-0.00187416470838585,0.787869958219188,-0.000354015844238299,-0.000146668013997475,0.000401888614342847,0.000909092619235804,-4.58438231243099e-06,-0.000114206310260283,0.000123055075429355,0.000258881625136724,-1.51277511214179e-16,5.39197568317623e-05,-2.4341233877908e-05,0.000518447891390515,8.96287392387787e-08,-0.00241282463302469,-0.0170857655221071,3.77599285026828e-06,3.2652950211284e-05,1.26470371171549e-07,-0.00014150107631535,-1.0810516833554e-05,0.000352439226778417,4.6625920985818e-16,-6.31831237309088e-06,-3.72399003959046e-07,-1.45042151493715e-06,-1.43563112270844e-05,-5.4084018743638e-07,-1.25835136424559e-06,0.000462278218984724,-0.000346164338437995,-2.63204074675283e-05,-1.06187275528852e-05,0.000236332795769276,-2.39318661206737e-16,0.0393321036006728,5.39269565093209e-06,5.91439126484153e-05,0.00123117601888428,-2.67911537432857e-17,3.97522022457623e-06,3.79572220121638e-06,2.50050556845852e-07,-2.00312821666355e-08,0.000200470177307989,-1.27246055672165e-17,5.80796483012192e-07,4.13004124037021e-16,-1.94428652642329e-05,-1.2894914732198e-16,-0.0158771715158872,-1.40388990222014e-06,-2.50382057456018e-16,3.65688797433587e-08,3.10799985518207e-07,1.86998989813074e-07,6.15188288088592e-08,-1.59100713353899e-07,0.000256428719147205,-6.29705121701544e-08,-3.53867327999339e-08,2.52411563576897e-17,-2.18629389353315e-07,0.000176771705815534,1.24717517226883e-16,-4.90641361203187e-05,2.47683548369303e-06,-6.25463506883782e-17,1.2490009027033e-16,-1.05763769686559e-05,-1.95005467323294e-17,-2.80615573733358e-17,-8.55766133642353e-17,1.16910656124125e-05,9.91394860661553e-17,-0.000107087221384906,1.47451495458029e-16,2.02471783668267e-07,7.84042519726656e-07,-8.34906617427744e-17,2.76568970654279e-17,8.9833543164119e-17,-3.81513008234641e-17,7.58010960728484e-17,3.60798952638255e-17,3.25202347312388e-16
"t148",-0.0465338894317538,0.0980339009739244,0.0029291427755926,0.0425273463987929,-0.00406652421289529,0.305937632616022,0.0528968886726458,-0.060283798083667,-0.00311704321569032,0.0217313642891506,-0.00563969752241805,0.466188793615506,-0.00423117157917224,0.0123476972180458,-0.00334587213563821,0.0448297970643,-3.23429184204895e-05,-0.0160340746396203,0.0100072462908292,-0.0154791511390941,-0.0154899476060753,-5.99510454375955e-05,-5.86915356205146e-05,-0.00287919839232716,-0.041642642458769,0.036456565531846,-0.188362273088289,-0.00394185070248209,0.0316792611959193,8.46709963066208e-06,-0.00390409817487155,-6.28017553182432e-05,-0.00276840577115843,-0.000509688579386051,-0.0019257472013495,6.22445560718578e-06,-0.0225850580025902,0.182924391225095,-0.0102401790500509,0.00261376720452376,0.0189630249527142,-0.150420933668295,-0.00836876123000884,6.10371472554035e-16,1.55778932509401e-05,0.00496060628870066,0.000733909326731907,-0.247109350292271,0.000106695568678222,4.24383393935995e-05,-5.60669309451591e-05,-0.00012637918387797,6.03612665719448e-07,1.26944127023299e-05,-1.15609422253866e-05,-1.5457732130492e-05,4.5846216621904e-19,9.02112651511003e-07,-1.32704791186509e-06,3.29290242455926e-05,6.7939747806561e-09,-0.000268554150389521,-0.00197010819886016,4.77067563332129e-07,4.37306106592511e-06,1.8731769971013e-08,-2.34627305833674e-05,-1.81789326838958e-06,6.41431760206156e-05,-1.76030402701993e-16,-1.46213722802433e-06,-9.15379552609662e-08,-3.61298710804211e-07,-3.88327161607522e-06,-1.46354656585697e-07,-3.42310971930294e-07,0.000130782986816793,-0.000100109136529399,-7.62154188890807e-06,-3.22199920891887e-06,7.26491292897587e-05,1.94046184980202e-16,0.0126594043207743,1.75146369679194e-06,1.92577107178776e-05,0.000406322122024456,-7.00008503374478e-18,1.33767202443319e-06,1.27926309782594e-06,8.61436978004566e-08,-6.97096241053867e-09,7.03981039027321e-05,1.7571945350555e-16,2.04584897181612e-07,-1.03891660084412e-16,-7.03955179116807e-06,5.57086504655759e-17,-0.00583282040279228,-5.23786669705609e-07,1.58466027747081e-16,1.4189732615473e-08,1.21959277959863e-07,7.35432375395442e-08,2.45056634580308e-08,-6.5429691744473e-08,0.000105952503319104,-2.63268747869113e-08,-1.49155361835987e-08,2.44315177602977e-17,-9.3085522631783e-08,7.57517450636035e-05,-3.80691170971303e-17,-2.17458362258933e-05,1.11609263552209e-06,1.30980931954659e-16,5.30825383648903e-16,-4.8148095771923e-06,-1.04480497459331e-16,8.25921214638529e-17,2.48788126821939e-16,5.44420230513126e-06,2.63383164296165e-16,-5.00738680862169e-05,-1.37043154602168e-16,9.63514236199342e-08,3.77084751549501e-07,8.56874234440023e-17,-1.84838740148282e-18,4.45881395163428e-17,-1.57938457953497e-16,3.32002056157483e-16,7.17076355250336e-17,-0.707106781186548
"t149",-0.0465338894317538,0.0980339009739244,0.00292914277559259,0.0425273463987929,-0.00406652421289532,0.305937632616022,0.0528968886726458,-0.060283798083667,-0.00311704321569027,0.0217313642891506,-0.00563969752241806,0.466188793615506,-0.00423117157917224,0.0123476972180458,-0.00334587213563819,0.0448297970643,-3.23429184204262e-05,-0.0160340746396202,0.0100072462908293,-0.0154791511390941,-0.0154899476060753,-5.99510454375512e-05,-5.86915356204972e-05,-0.00287919839232725,-0.041642642458769,0.0364565655318459,-0.188362273088289,-0.00394185070248207,0.0316792611959193,8.46709963078698e-06,-0.0039040981748715,-6.28017553183646e-05,-0.00276840577115837,-0.000509688579386006,-0.00192574720134944,6.22445560730483e-06,-0.0225850580025902,0.182924391225096,-0.0102401790500509,0.00261376720452361,0.0189630249527141,-0.150420933668296,-0.00836876123000886,6.32162965640524e-16,1.55778932507882e-05,0.00496060628870061,0.000733909326732046,-0.247109350292272,0.000106695568678213,4.24383393936365e-05,-5.60669309452007e-05,-0.000126379183877869,6.03612665542994e-07,1.26944127023096e-05,-1.15609422253827e-05,-1.54577321302581e-05,1.53347761195723e-16,9.02112651526724e-07,-1.32704791202566e-06,3.29290242457071e-05,6.79397504376486e-09,-0.000268554150389623,-0.00197010819886013,4.77067563288761e-07,4.37306106582623e-06,1.87317700314268e-08,-2.34627305833049e-05,-1.81789326824419e-06,6.41431760207084e-05,-2.12665709155794e-16,-1.46213722800352e-06,-9.15379551719007e-08,-3.61298710847303e-07,-3.8832716166634e-06,-1.463546565484e-07,-3.42310971996232e-07,0.000130782986816708,-0.000100109136529406,-7.62154188890807e-06,-3.22199920908388e-06,7.26491292898333e-05,7.99709217518777e-18,0.0126594043207744,1.75146369653987e-06,1.92577107179601e-05,0.000406322122024624,3.18970485080923e-17,1.33767202414262e-06,1.27926309768022e-06,8.61436976573419e-08,-6.97096246934817e-09,7.03981039027426e-05,-1.50408559978076e-16,2.04584896834572e-07,-1.05626383559101e-16,-7.03955179123901e-06,3.10184686266624e-17,-0.00583282040279238,-5.23786670006583e-07,-7.98416097547422e-17,1.41897326081004e-08,1.21959278045461e-07,7.35432373584824e-08,2.45056636107e-08,-6.54296920532538e-08,0.000105952503318955,-2.63268748031269e-08,-1.49155364087384e-08,-7.36437587032595e-17,-9.30855222165336e-08,7.57517450640389e-05,1.61346177356143e-16,-2.17458362259835e-05,1.116092635557e-06,-2.38431384428661e-17,2.22044604925031e-16,-4.81480957767975e-06,6.99088168775124e-17,-2.45948157089428e-17,-1.15729422351038e-16,5.44420230539494e-06,-9.74393187731773e-17,-5.00738680863592e-05,1.48318857196017e-16,9.63514236690892e-08,3.77084750972706e-07,-5.17023720729419e-17,2.29022792854411e-17,2.4017404307009e-17,2.58395176708915e-16,-2.80666395312197e-16,-1.39013290156036e-16,0.707106781186547
"t17",-0.0545685014559269,0.135862925554808,0.0254421310397398,-0.0747109027296725,0.00114978257578495,-0.0457710991816198,0.00230439280488039,-0.0102848390881658,2.25716677319384e-05,-0.000211214702688677,0.000782581168929429,-0.000785205567866433,0.00392388292970932,-0.00597976920753611,0.00156660087601178,-0.0261312402038715,2.121746450147e-05,0.0107428607636413,-0.00782207046980472,0.0143198128255591,0.219311576865884,-0.000360264716829306,-4.7135045778416e-05,0.000677449754578349,0.00878845651292959,-0.0135484458316616,0.0291876746105385,-0.00197603909322627,0.0409856723025174,8.34828330729814e-05,0.84794269535693,0.0465564660393883,-0.0534584213193846,-0.0071906574499636,0.420996001107733,1.9776314108066e-05,-0.0171614347858323,0.0638190650114301,-0.00262925590986372,0.000512888161511716,0.00165656818535122,0.00455140199429389,0.0318110066750473,-7.7241504955082e-16,-1.94025117420935e-06,-0.000999085779667971,-0.000159965729198205,0.0149081649334248,-1.75054837157775e-08,3.09637073381836e-06,-0.0005646415824685,-0.0237698992183025,2.85538369322309e-06,9.65676526637213e-05,-0.00012800940328335,-0.0137618202501498,-5.32052168293268e-17,-0.00025397262923522,0.000349308311479694,-0.0131811593477773,8.54334801521037e-05,-0.0400341126632357,0.00303251744140674,-1.98999766014597e-05,0.00184998234227475,1.15299656546021e-06,-0.000846892324946944,-6.23258605610469e-05,0.00169022973468998,-2.08351915423263e-17,-1.93264258555358e-05,-1.01576330983172e-06,-3.85154179152662e-06,-3.14752031407118e-05,-1.18438890650292e-06,-2.71571902158208e-06,0.000880030336910489,-0.000602776424352936,-4.55652449169591e-05,-1.37014778697489e-05,0.00026671216752655,-1.60634004126581e-16,0.0074678426526282,-9.73105665147434e-07,-1.89826549631251e-05,-0.0326631476722597,2.69201895955445e-16,-7.51509521051616e-06,-8.0701857658955e-06,-3.987042264216e-06,-5.86796483054831e-07,0.00187148192763139,-2.37448538762082e-16,4.43736152376684e-06,-2.28682745017381e-16,-0.00111602997871827,1.1824704331983e-16,-0.00238183578182203,9.19169261557294e-06,1.29995553386865e-17,2.34617157640095e-07,1.67260028644857e-06,9.78978983748454e-07,2.83080406760308e-07,-5.96286432421461e-07,0.000939669837787251,-2.19281858732479e-07,-1.19406391376819e-07,-1.30867470170905e-16,-7.11962977386661e-07,0.000563642593596154,4.37002140394984e-17,-0.00308142741621581,6.87616654841119e-06,-2.57027986633726e-16,9.71445146547012e-17,-2.87311101735167e-05,7.5092224721255e-17,-1.31720304614986e-16,4.53978912732253e-17,3.0530838056167e-05,6.94807007908508e-17,-0.00177646492908957,-8.32667268468867e-17,5.02130593039898e-07,1.9090408520956e-06,-1.06248428315682e-17,9.30460665679677e-18,1.48460590815448e-17,5.65032011467642e-17,6.4057433162624e-17,-2.28613073830268e-17,-4.40625468854806e-17
"t133",-0.0606632160777164,0.159991902669653,0.0349210727252981,-0.113238838422768,0.00216210442476537,-0.0964784188775297,0.0153787772149896,-0.111478105961837,0.00103875135603292,0.000532979640794715,-0.000206578925109755,-8.59654111272611e-05,0.000617277697379894,-0.0012344185001652,0.000341666819501804,-0.0142956496950261,1.37037080241325e-05,0.00712928932100778,-0.00621855582002044,0.0134674296720064,0.451393099387968,-0.000857332125222651,-0.000184599832159814,-0.00243731433691861,-0.0139676192509624,0.0209364644108327,-0.0432718058636002,0.00196077059545872,-0.0351477245565502,-5.29809957719798e-05,-0.35174254261515,-0.0190185187892058,0.0193113519498423,0.00255266122020533,0.318704556195039,1.84654323069294e-06,0.000407958559300801,-0.00104552518844553,3.52842907585892e-05,-5.72195485983985e-06,-1.05450482947504e-05,-3.28609465486979e-06,2.46426651407536e-05,-1.40527686048299e-16,-1.71081838632845e-08,-1.93054616161599e-05,-4.71850914033354e-06,0.000752045578654318,-9.50636222977767e-10,1.80520160446127e-07,-0.000872969644122931,-0.0626173043958172,-4.17050288314114e-07,5.02316345861583e-06,-1.1317556341415e-05,-0.0359648486624806,-8.17068096061391e-17,-3.67598871269858e-05,6.08825820837199e-05,-0.00239443272611999,1.64101873106017e-05,-0.00903329572313629,0.00069700241915642,-4.81549393005487e-06,0.000464089129781594,3.09978791134934e-07,-0.000249332601155506,-1.85800837831029e-05,0.000543881555214678,-4.99284511803954e-17,-8.6617453461061e-06,-5.16223021119737e-07,-2.02050255458349e-06,-2.1094968625083e-05,-7.95007169727968e-07,-1.85875014458486e-06,0.000712195135134495,-0.000548062444171958,-4.17402130925282e-05,-1.77213840852906e-05,0.000394433660297193,-3.45805302114225e-15,0.0251877117231004,-4.55718457217469e-06,-0.000100037443883992,-0.557205660999024,3.51027700694641e-15,5.17496630222172e-05,4.96861011212097e-05,9.49162398103517e-06,1.06767330432417e-06,-0.00278401067252119,-1.17621626545784e-16,-6.20130368587537e-06,-2.97513129058067e-16,0.0133901908574514,2.38026723337191e-16,0.00166632094702999,-5.24135820001003e-06,6.55424981151772e-17,-8.1262355620601e-08,-4.99964418725865e-07,-2.83936227152021e-07,-6.85110786168729e-08,8.02709070012175e-08,-0.000111811185193258,1.71049942105134e-08,5.56154265309294e-09,2.65114519117641e-16,2.17317249699006e-10,2.1098724553914e-05,-3.26528201911821e-16,-0.420248921394655,-2.68538001676772e-06,8.53332721980909e-16,-8.29197821516914e-16,7.15723427005023e-06,2.05840295595301e-16,-3.43257489901128e-17,4.65771850199935e-17,-3.89612471891204e-06,-1.52080874274109e-16,0.000203288476294878,3.46944695195361e-17,-3.53929156296609e-08,-9.51158118506473e-08,-2.33959137135141e-17,3.46425095194887e-17,1.87308891667362e-16,-1.28279060516015e-17,1.34220910297174e-16,-1.9581880883943e-17,-1.01214181265183e-16
"t60",-0.0600882130716033,0.157760005007136,0.0340857308263973,-0.109938049222192,0.00207989437944635,-0.0924594347933791,0.0144773103245967,-0.104671256418943,0.000972426943534732,0.000492132137458271,-0.000185162823402338,-7.5674697436654e-05,0.000541833429677646,-0.00108026772775374,0.000298781860230475,-0.0122440870981948,1.16708503975391e-05,0.00606583565845312,-0.00525592603912437,0.011311007694606,0.369587108132873,-0.000699496778568117,-0.000149223860358386,-0.00190646867795332,-0.0106837697547718,0.0159960895348984,-0.0330038924403708,0.00146495578685564,-0.026011468051729,-3.82920453075226e-05,-0.242785015824802,-0.0130990255270746,0.0130122661779008,0.00171049272193675,0.203123815259741,1.16343483845833e-06,0.000245701348301146,-0.000617708881655396,2.07330918920898e-05,-3.34911859289141e-06,-6.12409188790574e-06,-1.89185569052057e-06,1.41552314875492e-05,-2.03758904678141e-16,-9.71156959122288e-09,-1.07950837969282e-05,-2.6009316757737e-06,0.000402810751526575,-5.06584848331865e-10,9.5698575130805e-08,-0.00042511275583735,-0.0304819793621703,-2.01914219367778e-07,2.39310572874678e-06,-5.31374720795096e-06,-0.0163464290812396,-5.9218332123872e-17,-1.51928483000804e-05,2.36021979603075e-05,-0.000912055422218049,6.09156563248319e-06,-0.00306865621384029,0.000234042470611702,-1.56282282346657e-06,0.000146846078679225,9.30785334888472e-08,-6.93620170166358e-05,-5.11109715099677e-06,0.000139139734695769,1.51370899558426e-16,-1.47840756310877e-06,-7.20550939819307e-08,-2.66622000983671e-07,-1.62508746377941e-06,-6.09904109616539e-08,-1.35099438819784e-07,2.85758318607392e-05,-1.0827650325969e-05,-7.72649993180385e-07,5.53658348192212e-07,-1.84825030497366e-05,3.64048747110575e-16,-0.00276113406922259,5.63280950867861e-07,1.27671162518029e-05,0.0835187503038738,-6.54974301791416e-16,-9.55918333346789e-06,-9.32445537571935e-06,-2.20068156374115e-06,-2.71246093855173e-07,0.000765676179232011,-6.22878348814096e-17,1.75142359582827e-06,5.63851180762556e-16,-0.00475174253571854,2.68695164627489e-17,-0.000664220695161766,2.35862737906194e-06,1.71614956562163e-16,4.95232656335266e-08,3.32368665430184e-07,1.92065927657852e-07,5.12305195955725e-08,-7.76744363203963e-08,0.000112541147892487,-1.90426551588996e-08,-6.65157321215196e-09,-2.51299134659223e-16,-2.84774883687298e-10,-2.93694764910476e-05,7.55146686270797e-16,0.826575573800179,6.43019985831445e-06,-1.4788836377672e-15,1.53002610581154e-15,-1.96047909221571e-05,-2.55960267604668e-16,-7.94636840593678e-17,2.74981986030442e-17,1.51518899506684e-05,3.87927022124697e-16,-0.000851917687257399,3.51281503885303e-17,2.16357218843087e-07,7.86797458802568e-07,4.88653794714091e-17,-1.40315002234698e-17,-6.09034102312073e-17,6.81639128992255e-17,-3.92082197617005e-18,-2.55524190946056e-18,6.41552354785285e-17
"t45",-0.0596488863275046,0.15605307655805,0.0334454741027122,-0.107405209749585,0.00201668705575011,-0.0893669372659153,0.0137810200547119,-0.0994107753478845,0.000921137739226584,0.000460452728664278,-0.000168450051508396,-6.76139230164526e-05,0.000482702663235792,-0.000959373938899909,0.000265143979716789,-0.010628025277037,1.00676752570885e-05,0.00522699778457419,-0.00449559147424993,0.00960557374525959,0.304557557757675,-0.000573941512455862,-0.000121030771345868,-0.00148064885770319,-0.00803809155588214,0.0120149342551473,-0.024726815911162,0.00106367905764288,-0.0186037526598375,-2.63284579564917e-05,-0.15327610948826,-0.0082342111509704,0.00781459954039766,0.00101487608931911,0.106792070898068,5.92933282589716e-07,0.000109121283286857,-0.000256407019649257,8.43282667023097e-06,-1.34200706041918e-06,-2.37958923553054e-06,-7.09215204149419e-07,5.25606970981169e-06,-6.02542000637172e-17,-3.42269007797698e-09,-3.54112928293714e-06,-7.91719054021444e-07,0.000103035859176149,-1.25108142804068e-10,2.27689516713233e-08,-3.48997878761516e-05,-0.00248127638494246,-1.43025007287408e-08,9.39484200753859e-08,-5.38339248903723e-08,0.000923707189630547,-6.19443110603759e-17,4.04997416870912e-06,-9.94811479206097e-06,0.000425076615775954,-3.24701851733876e-06,0.00238911051906736,-0.000190163806613889,1.42953914995456e-06,-0.000145861437638865,-1.08223564452136e-07,9.90340404468646e-05,7.50627992154824e-06,-0.000242775416946651,-1.43478164653356e-16,5.53198851060651e-06,3.67083641378679e-07,1.47302916050259e-06,1.8157345650384e-05,6.84917032792512e-07,1.61966468642393e-06,-0.000677875835819214,0.000549713548655161,4.19975866488079e-05,2.01037977960842e-05,-0.00046372141653535,5.23828072177489e-15,-0.0339157009772294,6.31528655687278e-06,0.000139769036170926,0.814033155316783,-4.91672867087254e-15,-8.08987876097424e-05,-7.81109002256173e-05,-1.62055644056718e-05,-1.89794889598866e-06,0.00513823802135086,3.33086482599369e-16,1.15964047315102e-05,-1.05876743734282e-16,-0.0283879151110683,-1.98062751548102e-16,-0.00380355196094804,1.30342056725657e-05,-4.00043234836509e-16,2.63650958970234e-07,1.78465303434327e-06,1.03453294944707e-06,2.84214938875877e-07,-5.43203395431124e-07,0.000847283198339286,-1.93869430465981e-07,-1.04815477277145e-07,3.31974893477801e-18,-6.26251323490113e-07,0.000501370868842237,-3.21664561878446e-16,-0.374216309773882,2.48769321024292e-06,9.28763466185058e-16,-2.94902990916057e-16,-1.32847779517062e-05,-1.32629030270838e-16,2.7288426156229e-16,1.05201445369847e-16,1.58976683956955e-05,5.12134636513291e-17,-0.00093103664260404,-9.10729824887824e-18,2.66082945969639e-07,1.01120326098561e-06,-1.10474588094318e-16,4.97120030108346e-17,9.5473629574782e-18,-6.36305293984239e-17,-1.29673463327094e-16,8.6823775790367e-17,9.99981553600704e-17
"t113",-0.0635735179174277,0.17181637432166,0.0398577609066222,-0.133993712283708,0.00274154088483614,-0.126271961254459,0.0241651277646358,-0.180943448996852,0.00175394776291338,0.00112646626939085,-0.00132209139716104,0.000977169313866413,-0.00470777711971302,0.00692158457784437,-0.00179848960625362,0.0253233886329027,-2.00510175701177e-05,-0.0101181993323537,0.00725562903398967,-0.0132734434529438,-0.24957940717925,0.000441131078753835,7.89410152401932e-05,0.000551782071746351,0.00199548119022228,-0.00291744502058083,0.00580227792244609,-0.000157052016994916,0.0020991769462025,9.59927042262646e-07,-0.0131034497366788,-0.000746359954328237,0.00110468769155556,0.000156079905103233,0.0279093065842783,1.69115996502705e-07,4.09148796713965e-05,-0.000104736727226424,3.51567763194628e-06,-5.67041701510193e-07,-1.02922737668171e-06,-3.1284863481328e-07,2.32737478103296e-06,-2.91996715562197e-16,-1.52920328735425e-09,-1.54044228666075e-06,-3.12589436043082e-07,1.32958892646625e-05,-4.139746299851e-12,-2.04827357475477e-09,0.00322622544025633,0.240057184139834,3.24153652283307e-06,4.17330261956722e-05,-5.43174586128499e-05,-0.514342185394279,6.69645693921319e-16,1.3193712937945e-05,-6.30495212450641e-06,0.000171029853006986,-6.00224063084631e-07,-0.000247647137545098,2.25494105962176e-05,-2.13274539448513e-07,2.37855395035391e-05,1.92231687022361e-08,-1.79571720920534e-05,-1.35823284082845e-06,4.26600122098931e-05,-1.65020183060525e-16,-7.35420864382243e-07,-4.30040581642118e-08,-1.67110124388948e-07,-1.61405041302441e-06,-6.07934333319443e-08,-1.41080464008635e-07,5.04545759671183e-05,-3.68801500327657e-05,-2.79933783751225e-06,-1.01452291667933e-06,2.12481196562323e-05,1.40755580586641e-16,0.000980696945849465,-1.60916158121046e-07,-3.42597138050482e-06,-0.0157016088589622,4.31029444786695e-17,9.32344873668506e-07,8.50306605389454e-07,2.38665451649656e-08,-6.29500100382628e-09,4.18670606520119e-05,-3.07432690499815e-16,1.16013571463907e-07,-5.51726778917401e-17,-0.0580807449115353,1.0195683415896e-15,-2.55473921500483e-05,2.52298365439814e-07,-3.70781623528046e-16,1.00527518170424e-08,7.64166506312706e-08,4.52452481576826e-08,1.38925105048805e-08,-3.30134004761272e-08,5.28384806521435e-05,-1.27980362601454e-08,-7.14265534814657e-09,-2.70351344777139e-16,-4.38690434425139e-08,3.53886927554282e-05,7.44373364437954e-16,-0.00151197841327258,4.78287734951972e-07,-4.03924494400949e-15,8.05909158851925e-15,-2.05879053157248e-06,-0.707106781186547,1.61602284551802e-15,-1.59365380136693e-15,2.31336753893125e-06,-6.48357551496743e-16,-0.000135906664823092,-7.9211810721791e-16,3.99808866702431e-08,1.55639149763227e-07,-6.89664201888279e-18,-1.07540342007379e-16,2.08111786267026e-16,1.34568427446717e-18,1.6914391457406e-16,6.60390836698464e-17,1.07041052901544e-16
"t114",-0.0635735179174278,0.17181637432166,0.0398577609066222,-0.133993712283708,0.00274154088483615,-0.126271961254459,0.0241651277646357,-0.180943448996852,0.00175394776291338,0.00112646626939089,-0.00132209139716107,0.000977169313866444,-0.00470777711971298,0.00692158457784434,-0.00179848960625362,0.0253233886329026,-2.00510175701208e-05,-0.0101181993323537,0.00725562903398966,-0.0132734434529438,-0.24957940717925,0.000441131078753859,7.89410152401894e-05,0.000551782071746246,0.0019954811902223,-0.00291744502058077,0.00580227792244612,-0.000157052016995051,0.00209917694620251,9.59927042436606e-07,-0.0131034497366789,-0.000746359954328306,0.00110468769155556,0.00015607990510315,0.0279093065842782,1.69115996558971e-07,4.09148796714707e-05,-0.000104736727226392,3.51567763204905e-06,-5.6704170152468e-07,-1.0292273767167e-06,-3.12848634881233e-07,2.3273747810382e-06,-2.94848392909974e-16,-1.52920330103605e-09,-1.54044228679102e-06,-3.12589436029062e-07,1.32958892647004e-05,-4.13973774481823e-12,-2.04827365806924e-09,0.00322622544025634,0.240057184139834,3.24153652262632e-06,4.17330261955044e-05,-5.43174586129005e-05,-0.514342185394278,6.69692251696849e-16,1.31937129380722e-05,-6.30495212428923e-06,0.000171029853006842,-6.00224063200251e-07,-0.000247647137545062,2.25494105961914e-05,-2.13274539846687e-07,2.37855395034362e-05,1.92231687993097e-08,-1.79571720922585e-05,-1.35823284092252e-06,4.26600122099737e-05,8.99841679128001e-17,-7.35420864494783e-07,-4.30040581756733e-08,-1.67110124128894e-07,-1.61405041306761e-06,-6.07934321634183e-08,-1.41080464016846e-07,5.04545759670821e-05,-3.68801500326481e-05,-2.79933783764149e-06,-1.01452291676232e-06,2.12481196561777e-05,-9.25647269369738e-17,0.000980696945849653,-1.60916158313223e-07,-3.4259713802572e-06,-0.0157016088589619,2.68362116350443e-16,9.32344872495562e-07,8.50306605750981e-07,2.38665450068889e-08,-6.29500072311197e-09,4.18670606521056e-05,-3.42127160019286e-16,1.16013571825322e-07,-2.0479257769375e-16,-0.0580807449115352,1.09739721865527e-15,-2.5547392150245e-05,2.52298365083898e-07,2.13603347446704e-16,1.00527527107503e-08,7.64166507957085e-08,4.52452485543109e-08,1.389251053162e-08,-3.30134018159843e-08,5.28384806519732e-05,-1.27980356670114e-08,-7.14265565094656e-09,-2.05511645593184e-17,-4.38690435010879e-08,3.53886927555258e-05,-6.3180430005887e-16,-0.00151197841327223,4.7828773586613e-07,3.91554639531133e-15,-8.05670634373978e-15,-2.05879043244073e-06,0.707106781186548,-1.78014559198588e-15,1.65027910195375e-15,2.31336753956594e-06,1.11759094697961e-15,-0.000135906664824503,8.48442410078531e-16,3.99808865904509e-08,1.55639149496689e-07,-8.92960314288559e-17,-1.97746032161607e-16,-4.16883385884009e-17,2.91012602725611e-17,1.62205836384559e-16,-9.02901441032514e-17,-6.66905727845408e-17
"t88",-0.0636130500294421,0.171979275080286,0.0399277821671859,-0.134292253549061,0.00275005999097171,-0.12671363742199,0.0242998106220058,-0.182012649942708,0.00176500546013926,0.00113580512423367,-0.00134000964060839,0.000994256623675121,-0.00479329876009935,0.0070524304510986,-0.00183281352788381,0.0259489206284348,-2.05803601652014e-05,-0.0103883309248053,0.00746462989910395,-0.0136837761412279,-0.259696323975773,0.000459666153738954,8.25823211867332e-05,0.000586697012131358,0.00215043959196161,-0.00314631858780895,0.00626458791951594,-0.000172079701082881,0.00231745681010603,1.0824194824148e-06,-0.0155856446980117,-0.00089039165837248,0.0013626053185803,0.000194343608356411,0.0387274723868145,2.42423803029523e-07,6.96422224437672e-05,-0.000198001670796131,6.88230565198395e-06,-1.14007911214804e-06,-2.1933033438096e-06,-7.17719723971325e-07,5.45178941635689e-06,2.80649591021195e-16,-4.05632129721336e-09,-5.02647531324863e-06,-1.35366342297971e-06,0.000271389355075698,-3.59778862344524e-10,7.1906814970306e-08,-0.00293282665568525,-0.216815135601941,-2.65677600967662e-06,-2.5964366526194e-05,2.65255878658042e-05,0.145395538835363,2.30062620238882e-17,-7.46902753218055e-09,-5.25066244204027e-07,1.69768205570354e-05,-7.13319534651624e-08,-3.99977263117292e-05,3.72178430353625e-06,-3.69928902782123e-08,4.235097710026e-06,3.53691643533446e-09,-3.34288348858121e-06,-2.52594563055218e-07,7.78087563776608e-06,-2.57594113571102e-17,-9.09409928708031e-08,-3.70665646931519e-09,-1.26467305749212e-08,2.73903904158342e-08,1.07018905258385e-09,3.62516815132262e-09,-4.96302251568781e-06,5.57738654096038e-06,4.32968086921254e-07,3.19452705837659e-07,-7.98965205919513e-06,-1.71102401374477e-16,-0.000683487451978348,1.27192628131543e-07,2.80673556612086e-06,0.0156577250855772,3.95618664737456e-16,-1.26482808529178e-06,-1.18441420181101e-06,-5.02693421328539e-08,1.66620887121148e-08,-0.000140581204527895,3.86192998169367e-15,-4.2667937465793e-07,7.52447723420317e-16,0.866451465699629,-1.53152141273361e-14,-0.00101718515069319,2.23654480690738e-06,2.27215888187139e-15,3.38404405778947e-08,2.23813223214314e-07,1.2931523034113e-07,3.50773451707269e-08,-6.65187638530101e-08,0.000103704642199165,-2.36548691216378e-08,-1.27190727870198e-08,3.0149157199635e-16,-7.49040469588349e-08,5.89412296960268e-05,-1.97525206719774e-16,-0.00225979209428755,6.84843334821243e-07,5.13055992409316e-16,5.84276550752438e-16,-2.87861214939806e-06,2.58075854859143e-18,1.63945012659514e-16,-1.38156893123212e-16,3.08732146451368e-06,-3.8051272486011e-16,-0.000179985964797186,8.97719398817998e-17,5.13691739941108e-08,1.96681683064159e-07,6.89114276201426e-17,4.16996387213927e-16,-2.89908109814413e-17,2.11086638758704e-16,-1.08318731877302e-16,2.05912912438317e-17,5.55322483285154e-18
"t136",-0.0639166273292578,0.173193174261009,0.0404164561134501,-0.136306898927005,0.00280442161126771,-0.129469238708021,0.0250581492669525,-0.187946438143663,0.00182537314050139,0.00118314610748615,-0.0014180804205689,0.00106249457456329,-0.00513024607678875,0.00756066368929046,-0.00196567943400024,0.0281499014065661,-2.23961712444012e-05,-0.0113109746580213,0.00815774206212547,-0.0150073090998043,-0.28894504199701,0.000512463584206026,9.25589803160652e-05,0.000670278391454892,0.00248956146736593,-0.0036449513289517,0.00726490254302282,-0.000202050721283368,0.00273685923071239,1.29703469974239e-06,-0.0192240303245677,-0.00109975860747958,0.00170691472748727,0.000244330428341868,0.0503270254738347,3.17482683458179e-07,9.4072055355295e-05,-0.000271081227583993,9.45877974159552e-06,-1.57122102052461e-06,-3.03956953303125e-06,-1.00085740889849e-06,7.61478983373141e-06,-1.55058047984591e-17,-5.71419377652712e-09,-7.15871996651113e-06,-1.94824238563255e-06,0.000399014660166686,-5.31004281635339e-10,1.06545237120451e-07,-0.0046412995128043,-0.343215732575628,-4.22399741382151e-06,-4.18181238750425e-05,4.32306090528377e-05,0.243382218520039,-4.26270170968397e-16,-1.35642721806638e-08,-1.01025461655495e-06,3.32008921781979e-05,-1.42922673806336e-07,-8.73822305370431e-05,8.22666097342814e-06,-8.46721485010771e-08,9.95385216585664e-06,8.79373799822718e-09,-9.05651560742155e-06,-6.93301250737836e-07,2.32956790222102e-05,2.72265253282249e-16,-4.9580693418374e-07,-3.07342883462183e-08,-1.21054774706149e-07,-1.28160826681144e-06,-4.82969010504541e-08,-1.12811898376773e-07,4.25080389676106e-05,-3.2109502764602e-05,-2.44216634682831e-06,-9.62220324551961e-07,2.07213894889015e-05,-2.07974322949754e-16,0.00108391120809704,-1.83620980148811e-07,-3.94682365829589e-06,-0.019132839953212,-1.6972468520253e-16,1.25790719196186e-06,1.15828808300445e-06,3.85154221505863e-08,-1.13398587716175e-08,8.56670006100346e-05,-1.64851513576383e-15,2.50112801641533e-07,-2.98975578812309e-16,-0.346865640972906,6.02937477640473e-15,0.000320419448682001,-5.20167193306863e-07,-9.47309962423022e-16,-1.8406290620219e-09,-2.28750755282671e-09,-2.24794614383871e-10,1.57858580285101e-09,-9.92862096249429e-09,1.69377281525137e-05,-4.66620307387106e-09,-2.79398900527739e-09,3.05589115467114e-16,-1.84480121943379e-08,1.5487026586043e-05,1.72533707931054e-16,-0.00077208343350861,2.57936449770722e-07,-3.3377065878282e-16,-2.77664176373538e-16,-1.14314239813761e-06,-2.72354792906051e-16,-1.27388185697821e-16,-1.84250659065261e-17,1.35766093950409e-06,-5.34366427533268e-16,-8.0479755884295e-05,-6.24500451351651e-16,2.45205191231433e-08,9.72966803512414e-08,3.06754421284538e-15,-0.707106781186547,-1.10084347684871e-15,1.35490967212477e-16,-4.16905289096605e-16,-1.13601690875622e-16,-1.4506305564755e-17
"t137",-0.0639166273292578,0.173193174261009,0.0404164561134501,-0.136306898927005,0.00280442161126769,-0.129469238708021,0.0250581492669525,-0.187946438143663,0.00182537314050139,0.00118314610748614,-0.00141808042056888,0.00106249457456327,-0.00513024607678881,0.00756066368929049,-0.00196567943400025,0.0281499014065662,-2.23961712443837e-05,-0.0113109746580213,0.00815774206212549,-0.0150073090998043,-0.28894504199701,0.000512463584206033,9.25589803161103e-05,0.000670278391454981,0.00248956146736592,-0.00364495132895168,0.00726490254302281,-0.000202050721283257,0.00273685923071237,1.29703469974523e-06,-0.0192240303245676,-0.00109975860747955,0.00170691472748726,0.000244330428341871,0.0503270254738347,3.17482683315335e-07,9.40720553553932e-05,-0.000271081227584096,9.45877974161234e-06,-1.57122102051595e-06,-3.03956953298596e-06,-1.00085740886802e-06,7.61478983379019e-06,1.67108948095228e-16,-5.71419381127674e-09,-7.15871996659261e-06,-1.94824238567351e-06,0.000399014660166562,-5.31004276036452e-10,1.06545237175803e-07,-0.0046412995128042,-0.343215732575628,-4.22399741375751e-06,-4.18181238749603e-05,4.32306090529066e-05,0.243382218520039,-5.90590536486617e-16,-1.35642721427362e-08,-1.0102546166172e-06,3.32008921781e-05,-1.42922673852138e-07,-8.73822305370372e-05,8.22666097321218e-06,-8.46721487615296e-08,9.95385216588922e-06,8.79373845538177e-09,-9.05651560741445e-06,-6.9330125088187e-07,2.32956790220512e-05,4.30655855028092e-17,-4.95806934196452e-07,-3.07342885296224e-08,-1.21054774235584e-07,-1.28160826680599e-06,-4.82969010245687e-08,-1.12811897932629e-07,4.2508038967575e-05,-3.21095027646954e-05,-2.44216634663771e-06,-9.62220324760018e-07,2.07213894887185e-05,7.24003587390038e-17,0.00108391120809694,-1.83620979126936e-07,-3.94682365798564e-06,-0.0191328399532121,2.25295552383316e-17,1.25790719275671e-06,1.15828808248165e-06,3.85154217878529e-08,-1.133985869087e-08,8.56670006098253e-05,-1.50713517247109e-15,2.50112802075844e-07,-1.38296816826913e-16,-0.346865640972907,6.27201896499573e-15,0.000320419448682094,-5.20167193498102e-07,-1.11525287876757e-15,-1.8406291506622e-09,-2.28750721031877e-09,-2.24794441470565e-10,1.57858581696322e-09,-9.9286207845225e-09,1.69377281520817e-05,-4.66620300210492e-09,-2.79398905087624e-09,-4.13641628197237e-17,-1.8448012352252e-08,1.54870265858507e-05,4.70519114052424e-17,-0.000772083433508542,2.57936449776462e-07,2.19606126775523e-16,-2.14346769500384e-16,-1.14314239840649e-06,-2.37953132221254e-17,9.56118743951183e-17,4.77590911867308e-16,1.35766093856983e-06,6.43077130544295e-16,-8.04797558841673e-05,6.84754987087532e-16,2.4520519338573e-08,9.72966841087541e-08,-3.19888600290769e-15,0.707106781186547,1.26226460869096e-15,-3.84926067814264e-16,4.06931191315563e-16,3.09313424802054e-17,-4.03486814835241e-17
"t46",-0.061738911222893,0.164459489235873,0.0368769880219604,-0.121662743904309,0.00240684304603656,-0.109264531091807,0.0194298839600914,-0.143828120678242,0.00137561155733094,0.000827048709494563,-0.000818301934584112,0.000531321957853921,-0.00250188546976811,0.0035873134275879,-0.000926376863972634,0.0106640369237921,-7.90842871013261e-06,-0.00394410855953911,0.00259551134747564,-0.0043344187323283,-0.0483697670287461,7.69928810492332e-05,9.66458051062367e-06,-4.28794198886708e-05,-0.000457964705799877,0.000693078442729895,-0.00145024148953905,6.36429411243174e-05,-0.00101134177004252,-6.60394457847066e-07,0.0153232550151213,0.000892002869687968,-0.00163263110906205,-0.000242890122606686,-0.0678052957639747,-4.54490863911429e-07,-0.00016658475408092,0.000519751479425531,-1.85279441549824e-05,3.12433645388227e-06,6.22367705775904e-06,2.11468870757703e-06,-1.62167329630073e-05,-2.43477833805708e-16,1.26658194495153e-08,1.66307413521177e-05,4.71190198037889e-06,-0.00102976729724189,1.38265076502561e-09,-2.79673686833994e-07,0.010293038055767,0.75858594622542,8.81088974458521e-06,6.58934356786315e-05,-3.7173153426634e-05,0.569596161611519,-6.83000727215888e-16,-9.95694236242752e-05,0.000114607418313598,-0.00419664631338906,2.62472133461039e-05,-0.0114026043448602,0.000858185307789792,-5.54296679664099e-06,0.000510484229804599,3.13592866080831e-07,-0.000227436751800665,-1.671702187642e-05,0.000450953591180903,-4.74673964464144e-16,-5.22230234107301e-06,-2.78904654228638e-07,-1.06263352162736e-06,-9.09434198752603e-06,-3.42328760236067e-07,-7.8833859619277e-07,0.000266134627433644,-0.000188275064160944,-1.42632366993524e-05,-4.81165503888909e-06,9.87003152700871e-05,-3.1785482813521e-16,0.00420760003667195,-6.78454045555988e-07,-1.43718429411768e-05,-0.064022455218719,2.63633856661659e-16,3.62499929289575e-06,3.29181904812752e-06,8.57636575855825e-08,-2.15284665927666e-08,0.000134607923884915,-8.27717589516522e-18,3.62925034339424e-07,-1.16438381998585e-16,-0.0293452805943844,5.26594858714498e-16,-0.000319810861529002,1.41501212897561e-06,4.70783424787373e-17,4.23157803218781e-08,3.10374828273827e-07,1.82604875807691e-07,5.42505962357636e-08,-1.2061736280925e-07,0.000191383413646908,-4.5396616336273e-08,-2.49874642545752e-08,-1.19758445967539e-16,-1.50940511065272e-07,0.000120503032977516,1.24658034941695e-16,-0.00488882311924615,1.50930322869922e-06,-1.34805749863028e-16,9.51929507442273e-17,-6.40155015098906e-06,-2.521216270919e-16,-3.56592773854791e-17,-9.78968973547577e-17,6.96529798212275e-06,4.68753355796844e-16,-0.000406833987932554,9.89876583479266e-17,1.1679083858431e-07,4.48034423777813e-07,3.67044410261495e-18,-3.32640714392658e-18,3.16250805992736e-17,4.36849523867932e-17,1.75765218896982e-17,-8.30940559674768e-17,6.08860230566009e-18
"t23",-0.0591659689028046,0.154118279450838,0.0326653231079556,-0.104191577859253,0.00193036088970367,-0.08500451886805,0.0126114818214713,-0.0903110777945281,0.000829221076051398,0.000391457121914674,-7.38720797459432e-05,-0.000133448109911857,0.000791652282709956,-0.00139806486610895,0.00037804314410704,-0.0114570219626202,1.04525578098822e-05,0.00539492554756719,-0.00446832871351116,0.00923822411097859,0.257785927910786,-0.000476777224965332,-9.53955618034708e-05,-0.000911137605571087,-0.00374792644655017,0.00550060012275582,-0.0109963928506401,0.000285277880708996,-0.00320569531091517,3.11039159232255e-06,0.154553738302355,0.00877271951704585,-0.0137943054169228,-0.00201364346542974,-0.572459849853931,-4.01634781179833e-06,-0.0022144046703364,0.0105255695256038,-0.000454610386570293,9.14002887484029e-05,0.000311348447809916,0.000899860180630284,0.0063646656008226,0.707106781186547,-4.10673420804367e-07,-0.000224576144576525,-3.77749240193187e-05,0.00383741045292277,-4.57213920059156e-09,8.20823801098415e-07,-0.00145998415440937,-0.102554599083362,-3.02149538768112e-07,1.93167413886694e-05,-3.19021533720643e-05,-0.0503768398539967,-3.69505273059892e-17,-7.18617327148568e-05,0.000104629408277757,-0.0039948662808611,2.62953073943811e-05,-0.0128535672948026,0.000978177350231892,-6.50167840758175e-06,0.000609768691572316,3.86398882592031e-07,-0.000289893937772944,-2.13956225367444e-05,0.000590361419867053,-4.88010775452396e-17,-7.25400560866668e-06,-3.91645541743843e-07,-1.49520391027008e-06,-1.28994376999577e-05,-4.85566923621051e-07,-1.11836336860621e-06,0.000377163116495191,-0.000266081769262831,-2.01530770545903e-05,-6.69222924839922e-06,0.000136137796721151,-3.071420171898e-16,0.00544203138553116,-8.54421011554907e-07,-1.79344513898721e-05,-0.0745622030401752,5.41624073477468e-16,3.239053637969e-06,2.80977135914636e-06,-3.2676887028963e-07,-8.59817261105328e-08,0.000346353931240799,-2.31723232350152e-17,8.68022856708536e-07,2.0905024300161e-16,-0.00245490159084446,-1.31758411202613e-16,-0.000657487343495902,2.69083036001606e-06,1.15382968598856e-16,7.54697026363656e-08,5.48484560485821e-07,3.22178265353408e-07,9.49539194740608e-08,-2.08155091601693e-07,0.000329745827407694,-7.79267404897389e-08,-4.27923258899274e-08,9.16788735880246e-17,-2.57781208890472e-07,0.000205438565825134,2.21697599436529e-16,-0.00630477339559425,2.56699344022859e-06,2.39576062742161e-16,3.64291929955129e-17,-1.08532668459428e-05,-1.34615937123764e-16,1.85609016624479e-16,1.05117486471301e-16,1.17578690980447e-05,1.47419087746548e-16,-0.000686307877938517,2.19008838842072e-16,1.96501696175404e-07,7.52680407007994e-07,-1.74492485221009e-16,-2.54775224516103e-17,1.12762666048205e-16,1.59842912031059e-17,7.12363121126924e-17,-5.80917977159682e-17,-5.87370053378545e-18
"t24",-0.0591659689028046,0.154118279450838,0.0326653231079556,-0.104191577859253,0.00193036088970368,-0.08500451886805,0.0126114818214714,-0.0903110777945281,0.000829221076051423,0.000391457121914633,-7.38720797459355e-05,-0.00013344810991189,0.000791652282709906,-0.00139806486610903,0.000378043144106981,-0.0114570219626203,1.04525578098956e-05,0.00539492554756723,-0.00446832871351111,0.00923822411097862,0.257785927910786,-0.000476777224965299,-9.53955618036286e-05,-0.000911137605570777,-0.00374792644655023,0.00550060012275586,-0.0109963928506401,0.000285277880708869,-0.0032056953109149,3.11039159215385e-06,0.154553738302355,0.00877271951704634,-0.0137943054169229,-0.00201364346542983,-0.572459849853933,-4.01634781288316e-06,-0.00221440467033515,0.0105255695256012,-0.000454610386573133,9.14002887582603e-05,0.000311348447805698,0.000899860180621048,0.00636466560081155,-0.707106781186546,-4.10673421029491e-07,-0.000224576144572538,-3.77749240204215e-05,0.00383741045292305,-4.57214087221108e-09,8.20823800654426e-07,-0.00145998415440985,-0.102554599083363,-3.02149538354997e-07,1.93167413888364e-05,-3.19021533720197e-05,-0.0503768398539964,4.5160423060181e-16,-7.18617327140796e-05,0.00010462940827711,-0.00399486628086084,2.62953073945091e-05,-0.0128535672948023,0.000978177350231864,-6.50167840737922e-06,0.000609768691572292,3.8639888223901e-07,-0.000289893937772715,-2.13956225367489e-05,0.000590361419867029,4.79097562399329e-17,-7.25400560863568e-06,-3.91645542327866e-07,-1.49520390976701e-06,-1.2899437699961e-05,-4.855669237028e-07,-1.11836336788641e-06,0.00037716311649528,-0.000266081769262806,-2.01530770548922e-05,-6.6922292481807e-06,0.000136137796721452,-3.50076423220217e-16,0.00544203138553118,-8.54421011554219e-07,-1.79344513896399e-05,-0.0745622030401753,3.60358257165945e-16,3.23905363777991e-06,2.80977135943931e-06,-3.26768870607085e-07,-8.59817257861344e-08,0.000346353931240902,-7.55981195122207e-18,8.68022857214294e-07,-1.01031578329242e-16,-0.00245490159084439,3.51773600676419e-16,-0.000657487343496008,2.69083036001042e-06,-1.3420037150729e-16,7.54697027365459e-08,5.48484560445515e-07,3.22178265092657e-07,9.49539195657707e-08,-2.08155091688429e-07,0.000329745827407839,-7.79267401640463e-08,-4.27923260409423e-08,-1.02610155753789e-16,-2.57781208883967e-07,0.000205438565825091,-2.81768802842694e-17,-0.00630477339559439,2.56699344020994e-06,-1.056339089777e-16,2.58473797920544e-16,-1.08532668458812e-05,2.91085162653645e-17,-2.14691977984e-16,6.23824841567246e-18,1.17578690978105e-05,-1.53555435335645e-16,-0.000686307877938784,5.98479599211998e-17,1.96501696146814e-07,7.5268040698284e-07,1.18892641887146e-16,-4.19573318822774e-17,-6.59135945171916e-17,2.10650339703325e-18,5.04209770515223e-17,3.36420888480484e-17,3.17957571461168e-17
"t25",-0.0545808119430984,0.134927514358177,0.0239138052770981,-0.0650428169972066,0.000672161814707085,-0.0152687751676723,-0.0255986828041672,0.26522075256522,-0.00381817846368351,0.00962616595858499,-0.00174645011357926,0.000844993631611471,-0.00382304852821201,0.0052587795833011,-0.0013446076378359,0.0116418169177352,-7.92755800890475e-06,-0.00389381764997761,0.00229125064527463,-0.00338649082373867,-0.0136985855276319,1.44229626812768e-05,-1.51793397382225e-06,-5.92826530387422e-05,0.000231175254644142,-0.00402128099941995,-0.00107037827279576,-3.28027748098553e-05,0.000965469569901486,2.57502092741095e-06,0.0152428892102329,0.000775894354522135,1.11290088966604e-05,4.01344958765922e-05,0.0033835570023334,-1.19116192454214e-06,0.00313523926874365,-0.0179014657425557,0.000862337789607234,-0.00019226442128708,-0.000904064332557964,-0.00714594663719241,-0.133489558811044,1.37756968406734e-15,-5.20441109862219e-07,3.29751290093269e-05,2.14306520908648e-05,-0.00384543761975529,4.84724277057636e-09,-9.16158210418048e-07,0.000196542667244281,0.00320517595258147,-2.02767763561015e-06,-7.26354735157322e-05,0.000105512747252772,0.0032443096520834,1.98769362373037e-15,0.000494620563483497,-0.00111210117855668,0.0490081717527684,-0.0004093654593724,0.926128318596172,-0.119669222562076,-0.000858934802447054,0.0331269325939386,9.97625215713095e-06,-0.00451404866111888,-0.000316437888532059,0.00672982778841574,9.05503174308433e-16,-4.46759637932578e-05,-2.10578544695287e-06,-7.80286954921839e-06,-5.56312528254139e-05,-2.09194864567175e-06,-4.75641757973503e-06,0.00144783601094799,-0.000957331505576874,-7.22162092869176e-05,-2.00497330935097e-05,0.000380530218784112,-4.29886947184371e-16,0.00919216687802025,-1.10761095258431e-06,-2.08692841470445e-05,-0.0125046789952876,2.37996114758175e-16,-1.32395850038374e-05,-1.38513350443564e-05,-5.82405562195385e-06,-8.29105281902132e-07,0.00258346714560067,1.22831295832028e-16,6.08261106649672e-06,1.66277115043586e-16,-0.000402566469385515,1.80823166949162e-17,-0.00303653263242208,1.14684678675425e-05,1.29031975286525e-16,2.78927563280077e-07,1.96345536067649e-06,1.14637786133431e-06,3.26913038255009e-07,-6.66447564398164e-07,0.00104539785456367,-2.41202633333906e-07,-1.30341340903427e-07,1.57809750754023e-17,-7.69991089285258e-07,0.000606032979019671,-1.69691805474516e-16,-0.000983569739693964,7.13766584627986e-06,1.56116929748754e-16,5.89805981832114e-17,-2.96852581814504e-05,-9.64588296896053e-17,3.75611272497749e-17,-5.74801753976745e-17,3.37526641334173e-05,1.72458919585509e-16,-0.0210780503844917,1.07336015076065e-16,4.79271732132611e-07,1.8256101679523e-06,-5.67230061248976e-17,-6.23962055417978e-17,9.51973877868075e-17,-8.43495967896808e-17,1.38553759456609e-16,-2.60936070000578e-16,1.27438013264703e-16
"t66",-0.0564457300343096,0.141854173801961,0.026121580096209,-0.0725519896088868,0.000778098746143895,-0.0179563722805655,-0.0325697427225863,0.341546860997145,-0.0049865546604982,0.0134573183695551,-0.00288744047085386,0.00157441659946528,-0.0072702702946728,0.0102246953065446,-0.00262855887922897,0.0269502313896851,-1.93268719699597e-05,-0.00957995416430851,0.00601679666632095,-0.00950287781062359,-0.0532172208949202,5.9179754293145e-05,-7.31503057683526e-06,-0.000748659683862619,-0.0309403492259611,0.339878295859462,0.0579220749579158,0.000337384935114806,-0.00725928937596115,-1.17026970670705e-05,-0.0404777609281481,-0.00202419177020467,-2.48497651637943e-05,-8.67118754571551e-05,-0.00601444946842488,2.0781688372997e-06,-0.00578744921002581,0.0375727454426323,-0.00191670539711991,0.000448873801074439,0.00239108151631382,0.0230899778896458,0.461387280740107,-3.78347212673297e-15,3.16497252681685e-06,0.000654594884171699,6.4350967752984e-05,-0.0030234999671604,3.19124848522393e-09,-5.07151724781162e-07,8.57258111495226e-07,1.17387413657442e-05,1.28720955444503e-08,2.19957586594709e-06,-4.89159379388801e-06,-0.000225230985328319,-1.14316328346727e-15,-4.4046142149102e-05,9.66031433084407e-05,-0.00418672655775824,3.39574898200326e-05,-0.0673467376752988,0.00853223001482492,5.76554209372289e-05,-0.00212147849916067,-5.7683566213872e-07,0.000222417917589926,1.52130758305741e-05,-0.000274116773072802,2.01003603703345e-16,4.79039739730014e-07,1.99544764530468e-09,-1.053864817708e-08,-9.36025509418698e-07,-3.53755505967061e-08,-8.54940957374472e-08,3.79752663487898e-05,-2.97766032245341e-05,-2.26722268237972e-06,-8.50489638761638e-07,1.73705570659204e-05,2.15328419803529e-16,0.000529813795592704,-6.65780918308654e-08,-1.26902218994008e-06,-0.000807544483668544,-0.707106781186548,-9.28982717530915e-07,-9.7822770369748e-07,-4.49474448362347e-07,-6.65563509524652e-08,0.000214669739549631,-6.40711277198492e-15,5.11329449922859e-07,1.65986082410679e-15,-3.74162096982085e-05,7.2308792498143e-16,-0.000297020046474782,1.18266741455674e-06,5.08844188798154e-16,3.26973686481415e-08,2.38421500815696e-07,1.40174334938123e-07,4.15786437102129e-08,-9.32285423712806e-08,0.000148258534788397,-3.53912287138561e-08,-1.95742227199014e-08,-7.78801720730063e-17,-1.18970147427685e-07,9.53444840937497e-05,-4.91193742656863e-17,-0.000169682218322992,1.2869337596631e-06,6.6496525512588e-17,2.84494650060196e-16,-5.49818837084978e-06,4.27586604215319e-16,-1.14390755753305e-16,1.59755432141219e-16,6.62939948793337e-06,-1.74201212061835e-16,-0.00418394937529657,-5.87637577487143e-17,9.94620427874364e-08,3.89064828217284e-07,1.55890530454418e-16,-4.27582233323546e-17,-5.47008223609689e-18,7.04741597912514e-17,1.09658728285864e-17,-5.1920878467002e-17,2.99497773329651e-18
"t67",-0.0564457300343096,0.141854173801961,0.026121580096209,-0.0725519896088868,0.0007780987461439,-0.0179563722805655,-0.0325697427225862,0.341546860997145,-0.00498655466049819,0.0134573183695551,-0.00288744047085389,0.00157441659946529,-0.00727027029467276,0.0102246953065446,-0.00262855887922897,0.0269502313896851,-1.93268719699437e-05,-0.00957995416430853,0.00601679666632096,-0.00950287781062354,-0.0532172208949202,5.91797542931558e-05,-7.31503057685911e-06,-0.000748659683862621,-0.0309403492259612,0.339878295859462,0.0579220749579159,0.000337384935114877,-0.00725928937596115,-1.17026970669976e-05,-0.0404777609281482,-0.00202419177020471,-2.48497651637301e-05,-8.6711875457168e-05,-0.00601444946842496,2.07816883735557e-06,-0.00578744921002579,0.0375727454426324,-0.00191670539711981,0.000448873801074283,0.00239108151631356,0.0230899778896459,0.461387280740107,-3.8805784393917e-15,3.16497252690397e-06,0.000654594884171744,6.43509677530056e-05,-0.0030234999671604,3.19124874066365e-09,-5.07151724889169e-07,8.57258111626197e-07,1.17387413657451e-05,1.2872095724577e-08,2.19957586578858e-06,-4.89159379399458e-06,-0.000225230985328088,-8.99093992440035e-16,-4.40461421491548e-05,9.66031433086473e-05,-0.00418672655775828,3.39574898199815e-05,-0.0673467376752989,0.00853223001482515,5.76554209367071e-05,-0.00212147849916068,-5.76835661916556e-07,0.000222417917589802,1.52130758308016e-05,-0.000274116773072616,-4.52119785000343e-16,4.79039739148014e-07,1.99544730380959e-09,-1.0538648159352e-08,-9.36025510075942e-07,-3.53755491258774e-08,-8.5494096616524e-08,3.7975266349279e-05,-2.97766032254122e-05,-2.26722268173093e-06,-8.5048963838666e-07,1.73705570623676e-05,-1.59805531876894e-16,0.000529813795594978,-6.65780848758931e-08,-1.26902218426731e-06,-0.000807544483659808,0.707106781186548,-9.28982768879597e-07,-9.78227723486555e-07,-4.49474448654323e-07,-6.65563501772323e-08,0.000214669739551439,6.34635738296208e-15,5.11329448581665e-07,-1.66874826564089e-15,-3.74162096988381e-05,-7.02854772046836e-16,-0.000297020046474313,1.18266741311324e-06,-7.88024239819846e-16,3.26973694643289e-08,2.38421500839352e-07,1.40174335063403e-07,4.15786432203483e-08,-9.32285432742042e-08,0.000148258534788388,-3.53912281066352e-08,-1.95742229671817e-08,2.27431159583261e-16,-1.18970147244563e-07,9.53444840938737e-05,8.83574887109838e-17,-0.000169682218322735,1.28693375970126e-06,5.70639666103517e-17,-1.196959198424e-16,-5.49818837092871e-06,-5.7161434252471e-16,1.33163093412622e-16,-1.02474684503453e-17,6.62939948808776e-06,1.56480450545176e-16,-0.0041839493752964,8.02309607639273e-17,9.94620428786957e-08,3.89064828107454e-07,-2.85596522215332e-16,-1.24003562168391e-17,1.19430741589533e-16,8.08825006551965e-17,-9.84707664178805e-18,9.42571013038165e-17,-4.5613713590859e-17
"t42",-0.0559780700440203,0.140109002889796,0.0255593159476698,-0.0706284882958903,0.000750687805666607,-0.0172580226620951,-0.0307209547098227,0.321242631810794,-0.00467464790398223,0.0124174225336061,-0.00256574795046233,0.00136363948043784,-0.00627014484743727,0.0087777722668368,-0.00225406396244191,0.022347061918791,-1.58695032590002e-05,-0.00785280629806285,0.00487343484190515,-0.00760690272326678,-0.0404378250017353,4.4617881018708e-05,-5.39763003524715e-06,-0.000505940083762209,-0.0194407852606298,0.212696677965938,0.0360228034337991,0.00019334620538592,-0.00398480857715751,-5.66093261654258e-06,-0.0134147485906027,-0.000654409226173657,-5.82628718479201e-06,-1.82107437356597e-05,0.000337212062961924,-2.73619660566713e-07,0.00293501818729255,-0.0270463471356502,0.00151043535568166,-0.000376780091482105,-0.00226878965362437,-0.0250041715615236,-0.516677392895018,4.46883051014775e-15,-4.21443506105937e-06,-0.00108168566750025,-0.000130562418699517,0.00942336476691274,-1.079040022031e-08,1.86749536461935e-06,-0.000173500490190875,-0.0028227063905549,1.72368689012241e-06,5.5978857656104e-05,-7.49154070865197e-05,-0.00195401896029334,0.707106781186548,-0.000201146146401327,0.000362340317212867,-0.0150807111119105,0.000116107609635978,-0.201559487502424,0.0251898944066143,0.000164144601158681,-0.00589685973012416,-1.53620920092509e-06,0.000563432649314162,3.82931809828625e-05,-0.000665293478004747,-5.12587763061793e-16,1.03505994705831e-06,4.18259466750258e-09,-2.19410510076469e-08,-1.86818479423039e-06,-7.0589637190979e-08,-1.70135296905159e-07,7.40490514455143e-05,-5.74002062307635e-05,-4.36757405082935e-06,-1.59867115428699e-06,3.24282267019271e-05,2.38491346854833e-16,0.000965309001115655,-1.20722135438322e-07,-2.29794852037257e-06,-0.00145184819333013,-2.16858962824013e-16,-1.65296291400373e-06,-1.7391378833799e-06,-7.89777927982999e-07,-1.16316133374788e-07,0.00037335042371302,-1.89864983158633e-16,8.87828202938013e-07,2.47101726750882e-16,-6.4014594278943e-05,-2.44873217994694e-16,-0.000504202159509609,1.99096847141819e-06,-7.37457284910731e-17,5.38912469673076e-08,3.90587003880983e-07,2.29359411379809e-07,6.75636990463883e-08,-1.48899978618267e-07,0.000236188545785059,-5.602222309559e-08,-3.08483094779953e-08,-2.45313223844714e-17,-1.86471029114314e-07,0.000148917664525418,1.90794390308389e-16,-0.00026022192947448,1.95595329421526e-06,1.25608756790182e-16,9.4542429440736e-17,-8.31018865178005e-06,-1.30647662071759e-16,-9.47145121866904e-17,8.95888107225723e-17,9.89741805968499e-06,-9.8294709772641e-17,-0.00623246871554412,1.77483895635877e-16,1.4675487446822e-07,5.70763398401761e-07,-1.62921429021638e-17,3.76508335963103e-17,1.03307322305498e-16,-5.03101683090354e-17,3.58963553132317e-17,5.27065910513282e-19,-4.39980787730656e-17
"t43",-0.0559780700440203,0.140109002889796,0.0255593159476698,-0.0706284882958903,0.000750687805666602,-0.0172580226620951,-0.0307209547098227,0.321242631810794,-0.00467464790398216,0.0124174225336061,-0.00256574795046228,0.00136363948043785,-0.00627014484743723,0.00877777226683684,-0.00225406396244195,0.0223470619187911,-1.58695032589528e-05,-0.00785280629806283,0.0048734348419052,-0.00760690272326674,-0.0404378250017353,4.46178810187126e-05,-5.39763003523132e-06,-0.000505940083762109,-0.0194407852606298,0.212696677965938,0.0360228034337992,0.000193346205385887,-0.00398480857715761,-5.66093261667009e-06,-0.0134147485906025,-0.00065440922617353,-5.82628718487615e-06,-1.82107437356833e-05,0.00033721206296157,-2.73619661044572e-07,0.00293501818729245,-0.0270463471356503,0.00151043535568117,-0.00037678009148185,-0.0022687896536243,-0.0250041715615239,-0.516677392895022,3.91349998004604e-15,-4.21443506116877e-06,-0.00108168566750009,-0.00013056241869929,0.00942336476691258,-1.07903996591796e-08,1.86749536502674e-06,-0.000173500490190641,-0.00282270639055455,1.7236868897154e-06,5.59788576561448e-05,-7.49154070862439e-05,-0.00195401896029522,-0.707106781186546,-0.000201146146517295,0.000362340317216665,-0.0150807111119112,0.000116107609637841,-0.201559487502421,0.0251898944066144,0.000164144601157056,-0.00589685973012433,-1.53620920037066e-06,0.000563432649314306,3.82931809824687e-05,-0.000665293478005408,7.72182188652257e-17,1.03505994646222e-06,4.18259344332377e-09,-2.19410508842264e-08,-1.86818479404307e-06,-7.0589636341073e-08,-1.70135296709814e-07,7.40490514453803e-05,-5.74002062309336e-05,-4.36757405048414e-06,-1.59867115383358e-06,3.24282267022552e-05,4.52865197180493e-17,0.000965309001115819,-1.20722134742462e-07,-2.29794852094677e-06,-0.00145184819333015,8.84523692706736e-17,-1.65296291428497e-06,-1.73913788330759e-06,-7.89777927795215e-07,-1.16316133118123e-07,0.000373350423713093,1.24119965993148e-16,8.87828202788318e-07,-1.93084355278251e-16,-6.40145942787698e-05,2.33910463770015e-16,-0.000504202159509551,1.99096847148064e-06,1.55671451207365e-16,5.38912470445028e-08,3.90587003825615e-07,2.29359411375743e-07,6.7563698909734e-08,-1.48899978884547e-07,0.000236188545785236,-5.6022222975529e-08,-3.0848309217794e-08,-9.39202617803849e-17,-1.8647102865071e-07,0.000148917664525537,3.93295445936415e-17,-0.000260221929474467,1.95595329416533e-06,8.831220205356e-17,1.80844922370582e-16,-8.31018865181561e-06,8.09300113920247e-18,-8.45267683536998e-18,1.98527465667346e-18,9.89741805981596e-06,3.49263947026904e-16,-0.00623246871554386,1.20346441145891e-17,1.46754874458284e-07,5.70763398430112e-07,7.34370253798953e-18,8.16116318113949e-18,-9.44771415720685e-18,-5.03101682884178e-17,7.75395473029029e-17,3.76753766520533e-17,1.12927986435739e-16
"t105",-0.0561207070208738,0.140631354214072,0.0257201506524231,-0.0711646548007513,0.000757971863706939,-0.0174397097082864,-0.0311498976422296,0.325864463918188,-0.00474404919403293,0.0126225915797058,-0.00260815653774303,0.00138084224556261,-0.00634284281576478,0.00886876433410386,-0.00227670851061079,0.0222594718611369,-1.57136352047662e-05,-0.00776684925142993,0.00477737786930365,-0.00737868359808387,-0.0363125846856251,3.93597343138269e-05,-4.47465516840127e-06,-0.000155496399420416,0.0442770449657994,-0.58511706597444,-0.135094605801256,0.000943415317983819,-0.0144686945801857,-1.64448916311561e-05,-0.0432423736714604,-0.00214238112586455,-2.40347191017695e-05,-8.20250004950032e-05,-0.0045712299601164,1.48550075226679e-06,-0.00293848498013909,0.0149129197544406,-0.000693663190122827,0.000150676867534106,0.00066973054225368,0.00490728556682257,0.089506271971851,-6.86826374432692e-16,2.79382702986309e-07,-4.61959807556553e-05,-1.64445972788188e-05,0.00237469408263572,-2.91569103421406e-09,5.37282981441219e-07,-8.25813205256034e-05,-0.00134503877157433,8.35027576085148e-07,2.83246656660767e-05,-3.92086685779818e-05,-0.00108660094735559,-8.03798647822854e-16,-0.00012454911993331,0.000233339392322716,-0.00978761173710945,7.60762385873856e-05,-0.134498310101325,0.0168246217154264,0.000109739330677342,-0.0039385227965578,-1.01931059062785e-06,0.000365953205563145,2.4761396120843e-05,-0.000413972198525262,-1.61874565198696e-16,-3.23607858608924e-09,-3.93136715685886e-08,-1.79270566446244e-07,-2.86377228367094e-06,-1.08011688645243e-07,-2.54789256179502e-07,9.91921595516368e-05,-7.39964775329591e-05,-5.61976436503492e-06,-1.95786087385822e-06,3.937295380773e-05,2.10654578732666e-16,0.00115091788392991,-1.43690024883334e-07,-2.73410877656458e-06,-0.0017251295636605,1.64752232138975e-16,-1.96419224415302e-06,-2.06680038794234e-06,-9.41307534681277e-07,-1.38948328847122e-07,0.000447128772107298,2.23417635634339e-17,1.06431143856491e-06,-1.18042862085006e-16,-7.76114054440024e-05,1.35278599195107e-17,-0.000616211370137785,2.45830030982334e-06,2.12136114330302e-16,6.89600694841856e-08,5.06560189344427e-07,2.98319879987329e-07,8.9476983779658e-08,-2.09251705332938e-07,0.000335606800948721,-8.21245077064963e-08,-4.63671438275631e-08,-2.26020706976559e-16,-2.90523553086314e-07,0.000238259116179716,-3.2025196408136e-17,-0.000515618202283068,4.73379144248559e-06,7.44730035573852e-16,-4.9960036108132e-16,-2.45708502994452e-05,-6.94171549554961e-16,1.53198569640871e-15,5.44399072168959e-16,0.000124617809986561,-5.1370302840332e-16,-0.680228671662868,-1.23078630620554e-15,-3.16265820955717e-07,-5.40856187151604e-07,1.62422776536174e-16,6.48012865492829e-17,-1.41861931079992e-16,-1.29550429156906e-16,1.26940659878099e-17,2.86185999542363e-16,-9.75521242210809e-17
"t106",-0.0559323680452745,0.139936691500545,0.0255022482437299,-0.0704298887943407,0.000747761308695666,-0.0171823097297824,-0.0305027078896497,0.318811621005773,-0.00463667285357594,0.0122795674480468,-0.00251222294085843,0.00132217392447855,-0.00606767871147951,0.00847563606418345,-0.00217526980560113,0.0211250776938516,-1.48857681557352e-05,-0.00735537729298956,0.00451469186360703,-0.00695896612114325,-0.0339736343076359,3.67841913544577e-05,-4.16981572815868e-06,-0.000143449778257788,0.0405728354206883,-0.535985140450307,-0.123687054195759,0.000858492562979905,-0.0131296423823007,-1.48209633742055e-05,-0.0384679282103098,-0.00190469705902021,-2.12393150715697e-05,-7.23749622572743e-05,-0.0039796333048457,1.28935933476327e-06,-0.00252108899541645,0.0127330329349231,-0.000591464403463534,0.000128352870716697,0.000569404388032151,0.00416324951082534,0.0758936071815177,-8.24141910106164e-16,2.36210659013378e-07,-3.8916011105168e-05,-1.38058851775338e-05,0.00198026637259448,-2.42852904008225e-09,4.46975506406372e-07,-6.74114107186386e-05,-0.0010978743808893,6.80781452000149e-07,2.30131688455492e-05,-3.17581266695284e-05,-0.000874210993477935,-4.42899136212806e-16,-9.83408733622669e-05,0.000182064226704513,-0.00761275474684919,5.89030878616985e-05,-0.102593507091179,0.012809542490312,8.31007268356733e-05,-0.00297079430523645,-7.62849006740562e-07,0.000270925054992147,1.83034099064242e-05,-0.000303088267252034,-4.51566891095598e-17,-2.26824647215837e-09,-2.71063750150933e-08,-1.23102343895113e-07,-1.90854911964784e-06,-7.19711909999421e-08,-1.69393908950044e-07,6.47541132495428e-05,-4.77487386142684e-05,-3.62375476616744e-06,-1.2263970748378e-06,2.44350226774413e-05,-5.61729048206745e-17,0.000687423246803752,-8.50757986689196e-08,-1.61471407552656e-06,-0.00100451781402375,-1.5040621994701e-17,-1.11819563148458e-06,-1.17433463347073e-06,-5.19292732251457e-07,-7.54991153786362e-08,0.000239438139417207,7.06802552785241e-17,5.6698619993127e-07,9.52108436408276e-19,-3.92334955497414e-05,-1.6077721481347e-17,-0.000301347760201444,1.15450137401583e-06,-1.6765952627714e-16,2.82156697088785e-08,1.9657333851994e-07,1.14436997270787e-07,3.18823156393904e-08,-5.6840085450871e-08,8.6107655199068e-05,-1.76626724533489e-08,-8.47468169187256e-09,2.64071701342314e-16,-4.00601668872937e-08,2.51922438727729e-05,1.74458933766836e-16,6.41198304369781e-05,-1.4184615631436e-06,-9.87836169240952e-16,6.90419943438769e-16,1.08985037538707e-05,7.11203744176297e-16,-1.45485937387634e-15,-4.53367610076954e-16,-0.000117335709316491,7.46246243283028e-16,0.732614606969261,1.3235940121703e-15,6.29573338870273e-07,1.69503757453953e-06,-1.82594170930386e-16,-5.92220199131494e-17,1.83036826820991e-16,1.98789375824618e-16,-1.82109990668499e-17,-2.46693364820093e-16,5.90501852345126e-17
"t3",-0.0289153340006887,0.0100579244883576,-0.0095865002151013,0.0310361578449469,-0.00199126261626757,0.0184111657737532,-0.0483592650176132,-0.0011687545136267,0.00499918859650207,-0.0318999481386955,0.0157528613868746,-0.0038514488939769,0.0435968309191159,-0.0674327339933211,0.0184340481993962,-0.183277304982308,0.00149412809792414,0.08044971550041,-0.0466777433290128,0.0749125105729033,-0.0163466990763919,0.000750321812833146,0.000877470206670585,0.0148745545383835,0.00880696992464224,-0.000802702293385831,0.00681332506990454,-0.00584750141719611,0.0429785981413878,-0.000460080440314474,0.0109110386942786,-0.00970487590968491,0.0736647033833828,-0.00614198290640468,0.00318931812171992,-9.78182114389193e-05,0.105044683331054,-0.273653646375259,0.00585804472275103,0.000250249823072317,0.0296866892424801,-0.434436015978099,0.0435888726464691,3.06734687219955e-15,8.18014818476951e-05,0.0359416862928745,-0.0192966230527294,0.0496203045877228,-0.000547034966413056,-0.000526894755693958,-0.0231668518084089,-0.000871476778868458,0.000264215024718848,0.00629453226655392,-0.00677050409324589,-0.00074280623912451,3.49938253252012e-16,-0.00479587281710882,0.00323575641513061,-0.0692673690883231,-0.000544916932330139,-0.00402518596062038,-0.00126183862588892,-0.00309668489342833,0.0180031224218294,3.87627486648106e-05,-0.0220595854557104,-0.00162064510506607,0.0749318097922747,-2.20489289775902e-16,-0.00040072333537,-6.18325463102939e-06,-6.82623537615813e-06,-8.9675895530732e-05,-7.77606042511036e-06,-7.07098729255183e-06,0.000584796401312653,0.000403378200134967,0.000127464323129305,6.04951878234194e-05,-0.00322462741686545,5.89250071736319e-16,-0.00825641850275569,2.91009380130218e-05,0.000447416481502163,0.00245904762665705,1.09813832276443e-15,0.000895786741549211,0.0009621729889917,0.000701649870881048,0.00010314578569372,-0.791561555318337,-1.48104482947985e-14,-0.00355723114089132,2.51540684399691e-15,-0.000375810389462098,2.5556404851896e-16,-0.0145203824062307,0.0013520137674261,4.5191401091234e-16,1.93915839091506e-05,5.93131754944258e-05,7.13287533825986e-05,9.10952473300701e-06,-3.3252911598486e-05,0.0575902398940061,-4.53335870381234e-06,-2.53612015959672e-06,-6.47139778174531e-17,-3.0463024158167e-05,0.00435938185160942,1.22225953997317e-16,-0.00026264755934811,0.000124000425973899,4.28619200488725e-16,-7.55472073787899e-16,-0.000971416528530891,6.014006883579e-17,-7.95531932083601e-17,6.55140683942656e-17,0.000949736349872199,1.66051919128791e-16,-0.000467865543219588,-1.07119174641568e-16,7.87449085766767e-06,5.44694827917494e-05,1.56755305005199e-17,-1.08919245300335e-16,5.45936449699816e-17,7.27831039547244e-17,5.78970304602358e-17,-5.4831766276873e-17,5.24653190143785e-17
"t4",-0.0290356361812227,0.0101197989034467,-0.00968869176219757,0.0314415491074638,-0.00202551377942154,0.0187594726157649,-0.04967058202893,-0.0012018558054723,0.00514770047148222,-0.0330537101635606,0.0165475998730185,-0.00408004481449005,0.0462466019599502,-0.0716334588620813,0.0195891541628052,-0.196693779509675,0.001607852131517,0.0866132182763582,-0.0504145428635169,0.0811565693617635,-0.0179300945156348,0.00082442121243565,0.000968546236700982,0.0166902326791135,0.00999473266579457,-0.000911486268548487,0.00774351338029892,-0.006716716569622,0.0496112858800352,-0.000537702504093819,0.0130690251798688,-0.0116378449171832,0.0893975629774653,-0.00747649222053651,0.00399209368456767,-0.000123238732189687,0.135818453241878,-0.357816843258702,0.00768429617098341,0.000329022346844662,0.0392120678109637,-0.576808488320308,0.0579514441355375,4.16617068929775e-15,0.000109527747474851,0.0485620554340255,-0.0262997868828313,0.0688290840993521,-0.000761200897475612,-0.000735542187114641,-0.0341286462129274,-0.0012841297854872,0.000390702648393266,0.00940605023308947,-0.0102146158046414,-0.00114507517552021,6.27845556873924e-16,-0.00788943282469998,0.00557014638084782,-0.120763693006767,-0.000968066941581983,-0.00764104608776746,-0.00241669671618291,-0.00608871983903656,0.0361057619435421,8.10409113015565e-05,-0.0490849104519577,-0.00363989128474349,0.178935976133626,-1.0812390912062e-15,-0.00139493863233039,-2.66051037210717e-05,-3.12672690382395e-05,-0.000827285509186369,-7.2194026931701e-05,-7.14270944373609e-05,0.0233263270473611,-0.0163431600736959,-0.00458205886347654,-0.000371123160628104,0.0153676678102093,-4.2231732950362e-16,0.0194729454211523,-6.08420175801104e-05,-0.000904909328476403,-0.00418063541066178,-7.8978682084695e-16,-0.00119141437004694,-0.00125481297279984,-0.000691926331758373,-8.90934553400627e-05,0.605163809750957,1.12600445997791e-14,0.00260630071353825,-1.88439166207339e-15,0.000182549664993016,-2.32930909026099e-16,0.00547527725521455,-0.000371448958655902,-6.00968654379563e-16,-1.20171699365687e-06,-6.48651663164035e-07,-8.63571021927044e-08,4.73266909192821e-07,-5.58603958801182e-06,0.0105607986660897,-9.98515842011714e-07,-6.19875718257538e-07,-2.25267347337857e-17,-8.3140266159791e-06,0.00126616378440454,-8.51151472594615e-17,-9.80508337510189e-05,5.07746594812003e-05,-1.33691011669846e-17,1.94289029309402e-16,-0.000418176702257489,-8.83333775354185e-17,5.06766690504924e-17,1.08839218741852e-16,0.000450027207762205,7.51562504844057e-17,-0.00022518820024192,-5.98479599211998e-17,4.02899909484777e-06,2.88130712302497e-05,-7.08071393688574e-17,9.38007055933677e-17,3.30361678919761e-17,2.90664791450311e-17,4.19249252481145e-17,-6.22892895572516e-18,5.23349709352637e-17
"t147",-0.114356489969761,-0.122305777858675,0.0123333983805663,-0.0281360369478061,0.00127911963225808,-0.0109271014774525,0.0608755390384243,0.00765801823941884,0.0884526032435421,1.94457326623784e-05,0.38861898955339,0.0022397802569775,-0.0274472257598578,0.0603873717634689,-0.0205594310556382,0.0429324540853321,-0.000369046429742935,-0.0200233749908991,0.0122135962697624,-0.0206147009793328,0.00618754527176141,-0.000303680061645501,-0.000442519616494261,0.142598350105779,0.186602125975789,0.0215661007264315,-0.0311580897642273,-0.177247681858296,-0.00915326569285644,-0.125000748722676,0.000835483330498635,-0.0149584175846011,1.99851806853696e-05,-8.64663980373038e-06,3.54050631878246e-06,-4.69786288425555e-05,-0.000566059398603671,0.0039429799992025,-0.000128817948962877,-8.4492026871447e-06,-0.151079224275854,-0.0143316176619431,0.00114822064852947,7.00580290619835e-16,1.0551829640531e-06,0.000279500188535006,-0.000106704977531145,0.000161378486865422,-1.63509060612011e-06,-1.44758837246569e-06,-1.57823943645228e-05,-5.89695957783333e-07,1.61080858372315e-07,2.7573794949549e-06,-2.11436476708079e-06,-8.64076128020333e-08,-3.60265391421188e-16,-2.13750170204255e-07,1.12606391174661e-06,-3.33861976826358e-05,-3.93658018645041e-07,-8.30688087245654e-06,-2.93219744587123e-06,-0.000252974850532183,6.97390945938011e-05,2.43288968567732e-07,-0.000288715900666317,-2.39461919942571e-05,0.00307347552867917,5.82446798092689e-16,0.00031220582391392,1.01053372225021e-07,1.08433372100656e-07,-0.000146242116189093,-0.789397187765522,1.28042856843035e-06,-0.000118872564538499,9.81945188324513e-05,0.000312834051258879,2.65693135633368e-06,-0.00471142220291257,5.97356794679967e-16,-1.34064083914201e-05,5.1928983837965e-08,8.07517666682598e-07,4.6858889755965e-06,1.92293886876914e-15,0.0118372105865884,0.0183703834839125,6.46845259069084e-05,1.09033779585224e-08,-5.93150667860757e-05,-4.60168957660333e-16,-2.12363371238803e-07,-6.44408296001567e-16,3.69625327793697e-08,2.28846823750552e-16,2.78064827434409e-06,-0.00421694921692556,3.66928039440395e-16,-0.00289130559329305,1.49236698031727e-08,0.0246993565905905,-1.73614514869715e-09,-6.18409490369076e-05,3.99288202219966e-06,-1.21107870314857e-09,-1.36627046785315e-09,-4.13431199772864e-15,-0.140588225476704,-2.71086513095762e-06,6.85200257764592e-16,-8.89682988257808e-08,7.81454477887172e-08,2.95607693126607e-16,1.05341081524108e-15,-0.00109175594978563,1.80790196832278e-15,1.16832141666097e-16,1.50891337363051e-16,3.81317044651424e-05,3.15198970972101e-16,-3.93725526825165e-07,-9.0099437446422e-16,8.56288625695518e-09,7.07099733675882e-05,-3.6640380017797e-16,-2.69303997621197e-16,-4.05013565234069e-16,7.73561014799373e-16,-5.91658308063512e-16,-3.71899352296982e-16,4.42799824626674e-16
"t121",-0.111607532649503,-0.11798388604711,0.0115861008744186,-0.0260470479435204,0.00115015611838525,-0.00966781786298183,0.0294668210945306,0.000433713591613849,-0.199091288014285,0.00015447272992217,-0.0269753062442096,6.74684511554016e-05,-0.000829918444551188,0.00168176381061586,-0.000553748139366574,-0.00159053100838325,2.33609081900394e-05,0.00136275923075818,-0.00125352240797536,0.00284992659835968,-0.00186732158638832,9.90437746633238e-05,0.00017325826032391,-0.085972597435659,-0.103378561643443,-0.0114317354124992,0.0149789237952168,0.19094348150195,0.00573862126648738,-0.474097561813668,-0.0202786988689884,0.386390755004272,0.00900944810080572,-0.000529393376355887,1.4558874926525e-07,0.456033790791707,-0.00122927659470118,0.00380929858532629,-8.72326442891844e-05,-4.04632126438372e-06,-0.01499442478739,0.00437600647383611,-0.000468098239197926,-1.96271746460174e-16,-9.88281408496178e-07,-0.000448097754308106,0.000240166164624816,-0.00059014311642563,6.42648143659535e-06,6.10596491273168e-06,0.000181074357904098,6.79428721810342e-06,-1.97954278672264e-06,-4.1264893900351e-05,3.82960386512711e-05,2.57980401800993e-06,-3.67394631515133e-17,-2.24229793907448e-05,3.98723026268249e-05,-0.00103076361330589,-1.0418016744719e-05,-0.0001712130364142,-6.13030422371033e-05,-0.0540995570175687,0.000741309122511826,3.06839045594237e-06,-0.00350907583549261,-0.000288989012911639,0.0355585986011862,-5.30378311746433e-16,0.000783923084733605,1.15974665794461e-06,1.29129989810153e-06,2.60758223567438e-05,0.000113176328949001,2.21830294187326e-06,-0.000681346295684213,0.000622941025007921,0.00199249256504891,1.82845618813243e-05,-0.0326336480777934,-5.07662059517259e-16,-8.86825080032448e-05,3.30113475741748e-07,5.05393833822128e-06,2.52883142038326e-05,-8.67382781499931e-17,0.00755780469010342,0.00790056074474536,0.0261701842127384,2.66204271471105e-07,-0.00126549446894934,-2.35522267521337e-16,-4.44499568356605e-06,-1.23681636304765e-15,8.90011020647916e-07,7.27217109126387e-17,9.20176673551147e-05,-0.381737249383555,-2.97414937529093e-15,0.00785420286479209,-2.86603819524888e-08,-0.0285491687167966,-5.17416657007021e-09,0.000498066264264644,-6.37313269997237e-05,6.58918414307763e-09,3.65650347196916e-09,-8.11305961088321e-17,0.000269067250078442,-6.04300384556154e-06,-1.96039268031627e-16,2.88730738170232e-07,-1.18781734355762e-07,4.76018934628195e-16,-9.45912601025436e-16,0.00106013290010769,-1.41927218675149e-16,3.01580191857627e-16,-1.81308208286507e-16,-1.03082623104138e-05,-1.67921517087439e-16,7.53239921621735e-08,-7.6072603096326e-16,7.19285274970528e-11,2.03301715636573e-06,1.79166733016736e-16,-1.06239990879377e-16,-2.5235789934811e-16,-4.83246143545824e-16,-4.95572218207598e-17,-8.65373404987976e-17,4.67085953290349e-16
"t127",0.109729536260949,-0.0277791917702841,0.0735597976317811,-0.00178362728032498,-0.199633510584942,-0.00947826198204696,0.0114607135718783,-0.000154567829428173,-0.00129320711930261,0.0493310030425847,-0.00107267360523734,0.00184644636700206,-0.141709714617921,-0.11094171862576,-0.183815902120089,0.0136697256382467,-0.00128600745222847,-0.0114054524169362,-0.00647559699140293,0.0508183976260429,-0.000565973807287037,-0.00221744407527573,-0.0738589267788818,6.89558535053541e-05,0.000106045524138219,-3.3218778112746e-05,0.000163261999887597,-2.16680929910435e-05,0.00012960897722254,3.29393526825204e-07,-0.000134314206502819,8.11727162208755e-05,-0.00355402536409834,0.000846823398883266,1.93733839091946e-05,-3.02028992309427e-07,-0.00152679511814927,-0.000730076876769777,-0.00163909025862091,0.00369336153055998,2.26862519800782e-05,-0.00025318949807108,2.22760904985069e-05,1.96643120848573e-16,-0.000886469084129235,0.00108818207439456,1.38754286034396e-06,-0.000130973434071209,-0.249487207215312,0.000221138949386949,-0.00902121310339778,0.000128853645406405,-0.502339524286982,0.000554143988370072,0.00127872785623818,3.36390726791974e-07,7.36947207134143e-16,-0.00721121492726766,-0.00153607760877851,3.96275469270265e-05,-0.00382782136754088,5.51778788542148e-06,1.67326948062924e-06,1.34258907446175e-06,-2.12273698409738e-05,-7.01945279261325e-07,0.000150900048518083,-8.4416564679845e-06,-7.34078804841189e-08,4.35862664372648e-16,-2.11941236696318e-07,-6.92083228096112e-07,-2.70560989872032e-08,-0.0105990187021901,1.97019249399923e-06,0.0132102106903771,0.00114453618058335,0.000189746584341173,-7.57946871157274e-06,0.00110483630334983,-7.24997970837386e-07,4.36894873152111e-16,4.07016565299023e-05,-0.00202693574498866,-0.028108251623652,8.15325156584259e-06,-3.929169716599e-16,4.44280969422625e-07,4.40962215035493e-07,1.06918937368178e-07,1.02646012524719e-05,-3.33116153267334e-05,1.6613978534593e-15,8.16259215056124e-05,-1.25329623606943e-15,2.91266185667358e-08,-3.99990436291041e-16,1.2650931456089e-06,-4.49406320403266e-08,-0.590612207667668,4.53943732451257e-11,8.35321542402717e-08,1.57043074657452e-09,4.91760822619305e-07,-3.35409293820208e-09,5.63621354630206e-06,-7.65488542452082e-05,-4.57185622493216e-07,2.12180889737995e-17,-5.75857809448043e-09,1.8089623409265e-06,-1.9950871498358e-16,-1.44922863049126e-07,2.90899746605591e-05,-1.25834136354828e-15,-1.6409658928417e-16,-3.16489665903289e-07,-7.45610988315078e-16,-2.01489616175647e-16,-2.74115914251266e-16,3.15008765837922e-07,4.07139315198872e-16,-2.89423469603146e-07,-5.86983033413069e-16,9.49322626603874e-08,7.54318300611513e-09,-1.14001534423345e-16,7.85080593121532e-17,-2.56694708038052e-16,-3.14951612612218e-15,-2.3430527201229e-16,4.25206084914361e-16,7.24363625056258e-17
"t108",0.109634990580241,-0.0277438657372666,0.0733983509513974,-0.00177884032645232,-0.198930322108552,-0.00944159109049959,0.0113975320087683,-0.000153678539512856,-0.00128540986849387,0.0489702883531037,-0.00106180776298399,0.00182450897128124,-0.139986326287411,-0.109559409265852,-0.181512334184015,0.0134699880611781,-0.00126647534078263,-0.011231095427231,-0.00637217582972295,0.0499734046042141,-0.000555023697437752,-0.0021736878209507,-0.0723253239652768,6.72599093946049e-05,0.000103141504382647,-3.23042497320133e-05,0.000158730839552953,-2.10068968472566e-05,0.000125481030504802,3.17743316028693e-07,-0.000128507357544845,7.76302135879099e-05,-0.00338323889242646,0.000805114908740519,1.81728050131838e-05,-2.82246494782199e-07,-0.00140063055222576,-0.000662830845060142,-0.00148318802852335,0.00333373931765071,2.03688517385591e-05,-0.000225856178570566,1.98358188219027e-05,4.83739856122734e-16,-0.000781339501610144,0.00094446462747234,1.18282425864134e-06,-0.000106055416129348,-0.19953687466047,0.000174400846914284,0.00190041023960232,-3.00272121918156e-05,0.356102402974623,0.00927280003741635,0.00331328100998155,5.22492278724746e-07,7.4388610103805e-16,-0.00876979135228846,-0.00179233629065842,4.59204882554703e-05,-0.00440028186737128,6.24711321487029e-06,1.89249603879479e-06,1.51532510510015e-06,-2.39398388506211e-05,-7.91746347313487e-07,0.000170828361704621,-9.56451553632797e-06,-8.3766986296854e-08,-9.97018926784194e-16,-2.65909357673062e-07,-9.5713018593927e-07,-3.88432374339217e-08,-0.0650967731571317,1.27159991228958e-05,0.312818790369332,-4.53577290842545e-06,6.89163740507536e-05,-2.85291503091819e-06,0.000705068625120928,-4.88447164776655e-07,-0.563482930263121,3.05761311128525e-05,-0.00154250403088377,-0.0214610886925629,6.32248048937128e-06,2.25493008365457e-17,3.50552441455993e-07,3.4834400745484e-07,8.5634527260871e-08,8.26078272070655e-06,-2.69046819883368e-05,9.22405652693181e-16,6.59973050686344e-05,-2.02053809627481e-16,2.37049368364332e-08,1.72105596813809e-17,1.03108750069207e-06,-3.66296722674581e-08,1.39700733067626e-15,3.67312825721757e-11,6.73332994445425e-08,1.2646904749227e-09,3.93535920880988e-07,-2.62077393933276e-09,4.38290119956364e-06,-5.87053474068401e-05,-3.46616768790144e-07,5.25155258745062e-16,-4.29302642026933e-09,1.33160954940955e-06,2.33304792272633e-16,-9.60012225240555e-08,1.74336271369531e-05,1.7640125186257e-16,2.92757703614608e-16,-1.71833656457532e-07,-8.0344535277972e-17,-5.15474565327449e-16,-6.00243927734906e-16,9.81316250571923e-08,-2.381778178645e-16,-6.8572616705898e-08,6.79221377444296e-16,-4.47118918641669e-08,-1.96863363039518e-08,-4.84364996544392e-16,4.55483132685938e-17,2.854063782047e-16,1.44750108521636e-15,2.74836068186903e-16,-7.46599623107973e-16,-2.06734504511177e-15
"t96",0.108295174539636,-0.0272295142738616,0.0708901418946757,-0.00170168149240147,-0.186801418974257,-0.00878986749789584,0.0100785247882488,-0.000134610305479355,-0.0011128039279685,0.0395195508217856,-0.000553502039506797,-0.000432839395660464,0.0825058551015355,0.136704248733249,0.270885935696691,0.0317024320811012,-0.00250312478108658,-0.0217065471709049,-0.0109327247741022,0.0793590859532928,-0.000745614116360556,-0.00287870641175597,-0.0927183169567457,7.95985979630652e-05,0.000117426243006022,-3.67129481776454e-05,0.000179909429471661,-2.31031350147025e-05,0.000136221827021219,3.34412316838312e-07,-0.000127449670136324,7.677181127623e-05,-0.00324709706174799,0.000766636202367806,1.59674821179247e-05,-2.42656690522665e-07,-0.00108200836394274,-0.000481052028319781,-0.00105443345401223,0.00233288264077037,1.37701647073042e-05,-0.000146104628736659,1.26716785607107e-05,4.31200932246253e-17,-0.000462653702522576,0.000490232992744134,5.06250367538494e-07,-1.18799507867191e-05,-0.00364577786590616,-1.73195630393103e-05,-0.00495668252823856,6.72598511535547e-05,-0.000150546401956856,0.00834429108218087,0.00327266463707134,4.98254119083922e-07,7.4909027146598e-16,-0.0066181289078835,-0.00113793977795606,2.7678370009854e-05,-0.00244513768989185,2.4403399644046e-06,6.97079937997897e-07,4.57098452115776e-07,-6.00024986494512e-06,-1.11593651197889e-07,-5.31787024084739e-06,5.52588939484157e-07,2.00519238698158e-08,5.76929466097046e-17,4.41751858893212e-07,2.63894130844127e-06,1.21581737725225e-07,0.424000353659532,-8.09334869563103e-05,0.0799900943480567,0.0186566383517372,0.00195255971214654,-7.64147009557863e-05,0.00665176110750359,-3.96721233152732e-06,8.14208071922004e-16,0.000171865431930906,0.0546407690502248,-0.118867765461733,3.17840952047584e-05,2.73216843115194e-16,1.62487365448274e-06,1.60557575331999e-06,3.68911119514797e-07,3.47451260889798e-05,-0.00011121046227666,-1.31968786378854e-16,0.000271440302495117,4.37933666981355e-16,9.57318786830228e-08,-1.33710382728601e-16,4.24363448711941e-06,-1.60838535700112e-07,-9.39297106720239e-17,-1.00646416788859e-09,-1.05007939315483e-07,-1.24975147443156e-09,1.63463036387039e-07,1.53462171329907e-10,-3.84227620950356e-06,0.74201086119355,-2.42372672632417e-06,5.372983230769e-16,-1.9803976610636e-08,5.542318028835e-06,-5.11758940659405e-16,-3.71578804805639e-07,7.47252147361769e-05,-2.97356988257072e-16,-3.89128023866098e-16,-8.29315933329979e-07,-3.60502376648226e-16,1.53508183214534e-17,1.9512678600046e-16,9.28431812577274e-07,-5.08276824590047e-17,-8.87450908807791e-07,-9.12602188615324e-16,4.04681372422876e-07,6.02646865332069e-08,-4.98242784352207e-16,-1.60883780372646e-16,-2.16396770431948e-17,-4.00242954337501e-17,-2.72469188483779e-16,5.80463836014284e-16,9.72757846537589e-16
"t89",0.0987179462264728,-0.0236232536832425,0.0541263729720119,-0.00120030647403587,-0.112109217116597,-0.00487354717562376,0.00318910803176668,-3.74395886664918e-05,-0.000259154851174373,5.47835015127562e-06,0.000471506126883809,-0.000899680377349247,0.0543970613186713,0.0146323470794487,0.00513586401983293,-0.0358384541378331,0.00338491626138597,0.0301759238408462,0.018088304024427,-0.152162854015689,0.00238452509586088,0.00983167437237898,0.376153994781363,-0.000610796295107082,-0.0015293342138822,0.00049324632960269,-0.00253754528555667,0.000693947390169149,-0.00742936150102035,2.37697463456764e-05,-0.00198108884970698,0.0011555315158508,-0.0371228287817811,0.00826108220781392,0.000104464782937273,-1.36948718955436e-06,0.00134313261499135,0.00950550003025312,0.0545174169197057,-0.738166645933595,0.000684581218963043,-0.00390786708619096,0.00031078486728591,-5.28161361628618e-15,-0.114065392770952,0.00655801913923823,6.06291168153889e-06,-0.000114153775900701,-0.0132076572451032,-0.000202339401993569,-0.0458585534943341,0.000622193378093645,-0.000534499906175076,0.0770400616851698,0.0303274459041124,4.729225239989e-06,6.40689088836434e-15,-0.0823654147509071,-0.0786560407607351,-0.000567472096467859,0.00139959000064577,1.95790157686955e-05,6.08921878804037e-06,5.09408177505814e-06,-8.16080206339667e-05,-2.71006448096144e-06,0.000572060462941193,-3.18794678358321e-05,-2.69507020479861e-07,-2.61496172970028e-16,-6.51099459031129e-07,-1.94211735956064e-06,-7.39077613893367e-08,-0.0093373654604973,1.60288680177919e-06,-0.000713343616756459,0.00322924558945623,0.00047034518911716,-1.8668112964115e-05,0.00216734308344977,-1.32172205466311e-06,7.66601637286877e-18,5.13052098238041e-05,-0.00221225891251874,-0.0306342210256885,7.08042966863825e-06,-2.34208712768397e-17,2.19387969106161e-07,2.02929364243277e-07,-9.51681539382393e-09,-4.1500680823248e-06,2.44334875573477e-05,9.19019423746916e-16,-7.00458576195954e-05,2.70655656307081e-16,-7.0215335289053e-08,-1.36675078387129e-19,-4.83650016403351e-06,2.89870804771406e-07,3.68379596913417e-16,8.40336130705743e-09,2.2207299176355e-06,3.59808377169318e-08,6.43105777981592e-06,-2.18456474365899e-08,3.40728757773908e-05,-5.24173384831595e-05,-2.05887459299923e-06,4.72389411134516e-17,-2.23035649474385e-08,6.32189098927041e-06,-5.37919430015284e-17,-2.20609017075507e-07,9.0450233465693e-06,2.44187321991553e-16,4.13972770986813e-17,2.06281312698289e-07,1.59326176387407e-17,-2.09295871817543e-16,-2.16870039544032e-16,-1.32798047222013e-06,-8.32695729757293e-18,1.53707850725615e-06,2.22933613987353e-16,-1.46201180721028e-06,-3.42133776944775e-07,2.39089819168116e-17,2.90684402468142e-17,-1.30059894291745e-16,-3.81764820201181e-16,-9.55273939341453e-17,-2.23525718876558e-17,-6.53686008096601e-15
"t124",0.099036852689364,-0.0237362546835585,0.0545765533343522,-0.00121256278442049,-0.113621992511851,-0.00494598668791502,0.00325758822532217,-3.82803236987025e-05,-0.000265267902303269,5.63681087446449e-06,0.000490879193196989,-0.000943743183993638,0.0571313127158919,0.0153880074753308,0.00540281431436062,-0.0380544237370006,0.00360371412933397,0.032141113542017,0.0193274439020882,-0.163088049612925,0.00258950693631582,0.0106972818052279,0.411400201839615,-0.000681677813780913,-0.00173401700525163,0.000559739621642739,-0.00288341676515216,0.000801948675061263,-0.00865974341870575,2.8387279462245e-05,-0.00252587250910802,0.00147910879384234,-0.0498144687552787,0.0112475034074827,0.000179515954306556,-2.63128869388588e-06,-0.0113786128597566,-0.00663882801614651,-0.0217724668971425,0.186286812743051,-4.42741974677935e-05,-3.03394028544569e-05,-1.61361130651604e-06,1.17069035260955e-15,0.77411476855787,0.00545687169618479,4.73535477632362e-06,-9.38148525826422e-05,-0.010974101712264,-0.000169958045025222,-0.0439421502875278,0.000596452532492708,-0.000515760135797566,0.0757513430678037,0.0303200597840814,4.90683652335198e-06,7.72441336836872e-15,-0.0990719026247691,-0.126289402644281,-0.0011472322356879,0.0191870619125172,1.22614814776121e-05,4.07833216315034e-06,3.84646253265527e-06,-6.4960109410811e-05,-2.30831749584562e-06,0.000515105670020154,-2.88772380594588e-05,-2.51786908754678e-07,-1.09707868822057e-16,-6.58701523057477e-07,-2.00359956052208e-06,-7.65850929055466e-08,-0.0099588442938826,1.70983899009183e-06,-0.000762432880436632,0.00350446507863548,0.000515101244050006,-2.04556985705063e-05,0.00242584227659056,-1.48893456202088e-06,-4.52431728236476e-16,5.92730186360133e-05,-0.00256996010735893,-0.0356437780922953,8.31041657440559e-06,2.50665437927496e-16,2.61012295491993e-07,2.41707206599343e-07,-1.15310198002511e-08,-5.07181494671206e-06,3.01040115402874e-05,-5.99317080993515e-16,-8.65504242196545e-05,1.72471591015443e-16,-8.92502454180679e-08,-1.488182462419e-17,-6.25504279553183e-06,3.82708447406332e-07,9.62195483996542e-16,1.18608365369587e-08,3.2118073017742e-06,5.23111967009168e-08,9.6609843554815e-06,-3.66514676384867e-08,5.83974473809461e-05,-9.55700228006192e-05,-3.95295222193605e-06,-1.583257907898e-16,-4.62891828332528e-08,1.3943201696563e-05,8.65810213363665e-18,-9.33215302343959e-07,0.000173794825874213,4.51188877301589e-16,-2.01027819443962e-16,-1.80685353104273e-06,1.44302154861024e-16,-1.12151357162842e-16,2.72321980681428e-16,1.60611811088618e-06,-2.56392414362257e-16,-1.43750462416828e-06,2.00388025033486e-16,3.86853000190363e-07,1.50652370209349e-08,-3.42985033252283e-16,7.67733358361764e-17,5.11787791819674e-16,-1.83402519840399e-17,3.23408325514254e-16,1.95355224347433e-16,3.01019056907235e-15
"t64",0.113981922196584,-0.0299455795306346,0.0977542789132217,-0.00340093696926161,0.159321228050001,0.000735493194183148,0.00459206306526601,-6.38067857873195e-05,-0.000545824110624108,0.0210441677976402,-0.000355573015341105,0.000332465968880309,-0.0175828119485216,-0.00151113058909235,0.00605251659158925,0.00314384310178544,-0.000206217786952546,-0.00170084963498554,-0.000463137810394151,-0.000495818108978598,0.000826646999793648,0.321048201803838,-0.0238484651759855,-4.70272613198061e-05,-0.000165954191201835,5.4161757248431e-05,-0.000283541915279008,9.14161975412279e-05,-0.00103637107875955,3.71468319363146e-06,-0.000364913578595972,0.000214355934173344,-0.00741556158374081,0.00168373314690983,2.79436918870646e-05,-4.13277344555499e-07,-0.00194626353829086,-0.0015280981622628,-0.0190473438843431,-0.00108256692323059,-6.32455670701126e-08,-7.61248932092272e-05,7.37747100912077e-06,5.00589871285325e-17,-7.62344958785847e-05,0.00040596172045641,4.2663188653592e-07,-8.77429569748122e-06,-0.000340177481790275,-1.71543445537908e-05,-0.00307327612909737,4.15973911839124e-05,-1.07909887899559e-05,0.00424497838684572,0.00133170373549735,-6.37633105274841e-09,7.35212483658166e-16,-0.00905452434986782,0.00363255299347215,0.000114166097643207,0.000171648076638696,-3.62686909452378e-06,-1.41991491948141e-06,-2.14201842674085e-06,5.19091383251704e-05,4.40203569714751e-06,-0.0159941894537601,0.209691949307171,0.000116013691900737,1.6871524907222e-16,2.21029851424907e-08,-8.01563922083723e-08,-3.75899116271232e-09,-4.86151917921772e-05,-6.63810322946357e-09,-3.96943222569597e-06,0.00035879604551849,5.56036574901115e-05,-2.22163603083074e-06,0.00236425382906304,1.77407249978391e-07,1.0642548237739e-16,-8.92388418187646e-09,-3.94606202455404e-07,-6.57365150317097e-06,-7.66805623393706e-09,-3.90333825606309e-17,4.3323361853542e-10,6.98487242807041e-10,2.78974333800506e-09,0.00114534398503898,-4.17694806617748e-06,-1.15956296496445e-16,0.000513181919252696,-8.74613205697196e-17,8.01865816114113e-09,-1.65802767034172e-16,6.93926804160044e-07,-5.20972460537801e-08,3.60866656038779e-17,-2.63842727899995e-09,-8.21570242539862e-07,-1.37622631397942e-08,-0.000976462247401343,1.73747667424527e-08,-2.96579565515907e-05,4.68812656992823e-06,0.000588508261998191,-8.46000430607857e-17,3.89181767384756e-08,-1.33775158615028e-05,5.98324446749524e-17,2.71266916225139e-06,-0.469837456327186,1.75912886201481e-15,1.74962283612279e-16,-7.20820702373904e-06,4.51348210108919e-16,-9.98516683393583e-16,2.88801853703208e-16,8.21570591216621e-07,-8.06207648536265e-16,-2.98385150727762e-07,1.72732659679477e-16,-7.27000132839639e-07,-2.09101057212517e-07,-6.80313623099591e-17,2.38642698188838e-17,-2.85317645391669e-16,2.30716248907447e-16,5.2018118863146e-16,-1.18629724804369e-16,-5.75482855771712e-16
"t55",0.0774403922982375,-0.0155515800899104,0.0145589795800488,0.00013167261819847,-0.0193745669749995,0.00144629361375386,-0.00956429636077121,0.000142927094064503,0.0013283779625614,-0.0734713094300697,0.00239509830140789,-0.00271872832361427,0.13074260238125,0.00275291944136907,-0.0389865531415845,-0.138119882994663,0.0120779503230352,0.106447268848974,0.059425393019725,-0.470082900628339,0.00505300743296328,-0.0497749133243715,-0.281892076328234,-0.00188793862231904,-0.00419011820760628,0.00134528495995712,-0.00687427169777673,0.00175441440552324,-0.0182853221930442,5.51904884907317e-05,-0.00421499048128613,0.0024506054599488,-0.0766387344457393,0.0169749379036412,0.000224403031147172,-3.12915550379649e-06,-0.010105117584346,-0.00361717021838126,-0.00356579482388506,0.00151683917300243,0.000123709658896665,-0.00115514456774274,9.79877788424192e-05,4.91916253905441e-17,-0.00038249356270485,0.00311012470693049,2.89871618410474e-06,-4.95492264038495e-05,-0.00117237075220163,-9.28510676348113e-05,-0.0104991010276434,0.000141834184850547,-8.83383465867897e-06,0.0129899932848729,0.00387939902489109,1.44477976368041e-07,2.79847571214254e-16,-0.0015857236497283,-0.000249716661371396,2.97988191530779e-05,0.000625429904470454,2.11388691977711e-05,7.73548511944446e-06,1.02392820880449e-05,-0.000228082622414997,-1.49215649101593e-05,0.00971926337380722,0.000304166101319339,0.000672831989361148,1.09734650889009e-16,1.53794460122429e-05,5.20236186897802e-05,2.06985364841004e-06,0.0144699560512114,6.7084492746764e-06,0.00128135169719944,-0.475218014022236,-0.589541514656918,0.046119811804115,0.0428941257959563,-6.06917562588077e-05,-7.94372804653515e-16,0.000438376188713866,-0.00194473570358343,-0.026640754699245,-7.59448335499169e-05,-9.19424485779235e-17,-1.02942588691404e-05,-1.0706258069128e-05,-4.34844745109059e-06,-0.000202069571898536,0.00191271312329188,7.48991698599308e-16,-0.00201158343946237,3.00692785997745e-16,-2.89558027580753e-06,1.9155026901705e-16,-0.000169242631201711,8.89568120442557e-06,1.1168737503111e-15,2.0820024099999e-07,5.29573091500337e-05,8.52441889995628e-07,6.53483400245605e-05,-4.91676121059207e-07,0.000770615536315064,-4.42766308445474e-05,-2.23165747876619e-05,-5.25076587552148e-17,-5.59676738416726e-07,0.000166130700158319,-4.33836021456676e-17,-1.06254817679595e-05,0.000933887937914413,-3.26915112911514e-16,1.20086723931441e-16,-2.11325850195559e-05,2.23232073017969e-16,8.53110636989999e-17,1.06655888725643e-16,2.13363580078503e-05,1.40762320605942e-16,-2.00132677455883e-05,-2.76038584418042e-16,8.40528341200273e-06,1.18520616888256e-06,1.39268093069269e-16,2.52847768647822e-16,-2.32408579374377e-16,-2.08951690253698e-16,-4.64466599847619e-16,1.91018415657491e-16,-8.45561120702752e-17
"t49",0.0775756362591654,-0.0155923504656946,0.0146273571452789,0.000132443559961045,-0.0195283409591843,0.00145906824784102,-0.00969211995558904,0.000144937633624065,0.00134815089866439,-0.074856965404701,0.00246354205562192,-0.00281465452304081,0.135502176880193,0.0028564566666998,-0.0404642865882653,-0.144572578984752,0.0126731233258917,0.111740044391162,0.0625648760642576,-0.496350931801664,0.00540229874894039,-0.0533128525070069,-0.303426607926596,-0.002071328209286,-0.00466395839114872,0.00149855978278978,-0.00766646136382865,0.00198532887177936,-0.0208394558695777,6.40914506227393e-05,-0.00510157029445153,0.00297231396079325,-0.0950575389051604,0.0211801644574515,0.000297082713890717,-4.20580076981725e-06,-0.014506551779483,-0.00535895130181222,-0.00533252215964894,0.00228392621624228,0.000188891211986124,-0.00179237368097457,0.000152689192033634,1.02968053145825e-16,-0.000609851207985768,0.0051137021457863,4.91637895566458e-06,-8.99566349799574e-05,-0.00215632064555095,-0.000173108776644263,-0.0257995977686937,0.000349036414819307,-2.22302743528135e-05,0.035069487681612,0.0112329942397952,5.02571278396252e-07,1.32588582722827e-15,-0.0157386877776878,0.00622967799702887,-0.000368008535402897,-0.0043841324503121,-5.70209771436924e-05,-1.9221359571168e-05,-2.05590729842365e-05,0.000398982889646897,2.04259945303856e-05,-0.00992990054625397,-0.000299095858909054,-0.000528089076015614,-8.19522932064285e-17,-5.0555121222909e-06,-1.26101075577374e-05,-4.65089272658653e-07,-0.0018178674688097,-8.39701387396718e-07,-0.000153081589544188,0.0376500623756798,0.0344819835193711,-0.00264341958818872,-0.000767230354569456,4.88727290975368e-07,-1.23064803401269e-16,9.79093325515463e-06,-5.34126281692737e-05,-0.000768514004844138,-2.71893127577978e-06,7.37236433778615e-17,-4.58644615520021e-07,-4.83786361729623e-07,-2.30259071709822e-07,-1.12663800696607e-05,0.000110586374231657,-9.9146756156717e-17,-0.00011751296220538,-1.85005895215856e-17,-1.77509098194606e-07,2.50168153232766e-17,-1.02928662211912e-05,5.2063210411858e-07,2.86326869108299e-16,8.86589232133794e-09,1.83774325153149e-06,2.8063520485671e-08,1.38606858957876e-06,1.06875594444011e-08,-2.32382878719572e-05,2.4017746410909e-06,1.64588744740399e-06,-2.47520831395859e-17,5.69397798806589e-08,-2.031721723514e-05,-7.80780716652037e-17,2.9422725160463e-06,-0.000372558947557261,-2.94801637113653e-16,-3.02246924099937e-16,1.05645070508868e-05,2.05482983092628e-18,8.0208958974814e-18,-1.21460248365307e-16,-1.80791125975317e-05,5.96545388373137e-17,1.88201631508537e-05,-2.72642357115267e-16,-1.2988757224397e-05,-2.65934561946311e-06,1.03706261811745e-16,2.99358019848026e-17,3.90756446159934e-17,2.73553194562501e-17,2.7279848662454e-17,-2.32199336256442e-17,-1.82567988462965e-16
"t97",0.0781026495348157,-0.0157489138011322,0.0148816300948957,0.000135263277882019,-0.0200753785228402,0.00150400592695499,-0.010119272014229,0.000151607742784142,0.00141321014255822,-0.079249367781562,0.00266460016329692,-0.00308442278606208,0.148797444242378,0.00314363165924164,-0.0445560134122298,-0.161615088795067,0.0142255584747743,0.125516389738317,0.0706194809442484,-0.562838375918973,0.00624100041154683,-0.0617482414660309,-0.353834297091239,-0.00247454825335848,-0.00566455152741947,0.00182157868345881,-0.00933088635868648,0.00245350510150567,-0.0259357970087477,8.11781967196789e-05,-0.00668692465207139,0.00390224628789516,-0.126858441198727,0.0283835151245542,0.000413353703426638,-5.90258764769998e-06,-0.0210623534108198,-0.00789433822493359,-0.00788778872916806,0.00338833094897648,0.000281889243160544,-0.00269250092047156,0.000229760512476792,1.52407672211164e-16,-0.00092593560731735,0.00785309793153891,7.63241864409404e-06,-0.00014272471534627,-0.00343448953411031,-0.000276809449246543,-0.0440031005029613,0.000595469935462545,-3.80834394751907e-05,0.0608190106110178,0.01969812700571,9.03350631805544e-07,2.48207902396681e-15,-0.0304107276150223,0.012637133063391,-0.000756552682158218,-0.00919094424511797,-0.00012783226344954,-4.34703238642311e-05,-4.77038673152281e-05,0.000943580530971507,5.02404427820431e-05,-0.0258546893547635,-0.000785277901551331,-0.00146286313604067,-1.75627360909176e-16,-1.86928630151103e-05,-5.33733460656305e-05,-2.04176437777856e-06,-0.0109771329310697,-5.08180604368235e-06,-0.000953250359595463,0.306934696237954,0.349843858893674,-0.0272290759565447,-0.0207908193020907,2.77124993824405e-05,1.71693696784333e-16,-0.00015868665918547,0.00066935108993049,0.00903797351972863,2.37963337789705e-05,1.69133434556586e-16,2.85198143214877e-06,2.93553008216823e-06,1.02110574100049e-06,4.38971294828771e-05,-0.000385980459569031,-5.1696498455102e-16,0.000395476389143249,-1.90615875128512e-16,4.39338362870418e-07,-5.91172732615986e-17,2.1845234958326e-05,-9.42052095290342e-07,-1.22655203472829e-16,-1.07438888977327e-08,-1.98131011071671e-06,-2.95519169105404e-08,-1.27251727879112e-06,-6.79380439577477e-09,1.39292609248848e-05,-1.23357306569179e-06,-7.54188821995288e-07,-1.34763805457367e-17,-2.24174415927227e-08,7.20181218254708e-06,-6.07308369054357e-17,-5.09736771962576e-07,3.58965637703403e-05,-3.2008962997808e-16,-5.62810634596887e-16,-5.52025721466306e-07,-1.1417164305952e-16,-2.39604525540741e-17,-2.52431870801556e-16,-6.76779618299881e-07,2.58653051503579e-17,9.91763764755626e-07,-3.03612166765795e-16,-1.48335414339681e-06,-3.9609725400137e-07,1.4967643392513e-16,-7.6749691787771e-17,1.79588246170115e-16,1.52454627221245e-16,2.81887341247268e-16,-1.37711683040114e-16,-1.17515858113835e-16
"t91",0.0757818807755706,-0.0109439995097732,-0.225983943063365,-0.046693327218906,0.0224160396166478,-0.0103584284007401,0.0169591499486837,-0.000229630751827388,-0.00193488856904919,0.083712020578541,0.000301370498288091,8.7811913145909e-05,-0.00289387712930409,0.000927280482839218,0.000513983100407405,0.0100559687219381,-0.00182624886889592,-0.00882703560748868,-0.0586208711748717,-0.00914383852759292,-6.99302461955336e-06,-4.75561949311959e-06,3.32868479424415e-06,1.18527848035636e-05,9.98233622882977e-05,-3.37140371910323e-05,0.000185751756073364,-0.000101661239662752,0.00142004573572959,-8.10408037839785e-06,0.00178514252409758,-0.00108832450615384,0.055420394434459,-0.0139316528008673,-0.000701581687050976,1.49575939663656e-05,-0.25010370753818,-0.0417114401007166,0.00814829708017031,-0.00250338345939241,0.00145197390744997,-0.0145526217992302,0.00129244651890083,1.51540310473176e-16,0.000140260722453848,0.0261989746036484,-0.00019049266401438,7.08072837568215e-05,8.03857379013113e-05,0.00527786355355329,0.105579152439112,-0.00147951560844282,-0.00277851629675672,0.249762283419838,-0.451466831743355,4.11680256603889e-05,-8.3731434731481e-16,0.00626084816340482,-0.00177477969814724,0.00138428460901209,0.00104554623068228,8.34118674261967e-05,2.66372918358256e-05,2.50595615346105e-05,-0.000457986587145072,-0.519229449569747,0.00690984594573642,0.000483017835860517,0.000415864249145419,3.91301450665648e-16,5.51184689990789e-07,0.0721424294830041,9.81587652035427e-09,4.98324918705292e-06,1.01494243183556e-08,3.20562310698322e-07,0.000181484781256269,-0.000268458232601836,2.5443898709918e-05,-2.82072748522913e-05,-4.14663988039765e-06,-3.89158037810475e-16,-4.57036994583489e-06,9.09810395470965e-07,1.19303957646472e-05,4.20200672418338e-07,-6.41868729622946e-17,1.57261777139142e-08,1.33545275670848e-08,-1.07579555539121e-08,-7.45486290638634e-08,1.05750332522903e-05,-1.8394420921161e-16,-1.08763317215444e-06,-2.19618707097186e-16,-2.98868999808268e-08,-6.95256141174594e-17,-2.12053185304274e-06,1.3182578620574e-07,-5.31932144165286e-16,4.2651085944762e-09,0.00265600812574252,1.56562350646455e-08,1.8586864863779e-07,-1.200667770174e-08,1.89033410819477e-05,-1.50293718610657e-07,-7.5846480824334e-08,-1.66132046431696e-16,-1.31429483989066e-08,3.77860593891141e-06,-1.56280265300386e-17,-1.4899206043269e-07,7.07294002533242e-07,-2.85572675499468e-17,-4.02944271885327e-16,7.21595211450509e-08,5.01655190912247e-16,4.26104002919643e-17,-3.23051922682177e-16,-7.48733016791688e-07,5.31044848988258e-16,8.81629155441265e-07,4.59289000107548e-17,-0.00193703834740307,-2.09408657775404e-07,5.34310314418996e-16,2.06010234796449e-16,3.15764039034294e-16,-1.3621608630642e-16,-7.03533802173222e-16,-9.42623375893352e-16,-5.63339791439874e-16
"t63",0.0774864038168368,-0.0113159452847027,-0.239979296051312,-0.050335722005992,0.0248340165471752,-0.0116131848907554,0.0202269406879635,-0.000276592774446283,-0.00235778609650037,0.10811277787426,0.00045552269391267,0.000150434318451217,-0.00507091872324623,0.00166586412759013,0.000929086442500708,0.0223442852583725,-0.00434917195806758,-0.0212871325186922,-0.155115222046728,-0.0267567854271218,-3.82423511622669e-05,-2.98743218017307e-05,3.5239946718511e-05,-7.27828320723096e-05,-0.000273039572667378,8.95413088646042e-05,-0.000472276345186905,0.000167666522604814,-0.00199262103362416,8.09062802788542e-06,-0.00106550139603233,0.000636143343120216,-0.0264870685884774,0.00634707686562533,0.00021853992158198,-4.33054353327843e-06,0.0591057774998272,0.0098119512776436,-0.00195115896118579,0.000611983830254751,-0.000380265109642135,0.00440830604471151,-0.000414269679854692,7.08756688402541e-17,-8.18710848745265e-05,0.0141295988285187,-2.10993087499005e-05,1.06377450646719e-06,8.22561208751857e-07,3.49020461322181e-05,0.000208677056820264,-2.9861013271837e-06,-7.39427501261422e-06,0.00115121598958668,-0.00287592161046598,4.12933416769895e-07,1.00980706998605e-17,0.000108396060067248,-3.41871651538611e-05,2.68929989693053e-05,2.02858947723581e-05,1.42058567596246e-06,4.38223725262261e-07,3.58111808470657e-07,-5.49648312349636e-06,0.00833838671380584,5.08722270075471e-05,2.85950587359807e-06,-1.3148827419636e-06,-1.00336774735436e-16,-6.64695770120204e-08,-0.074349413429126,1.89874289007618e-08,4.23460176607779e-07,8.56353938085523e-10,2.47519050544969e-08,6.71815975098532e-06,-5.28341095192239e-06,4.76295788949446e-07,4.17259675548288e-07,1.00387222411744e-07,1.11834479934878e-16,2.7647521590708e-07,-6.23188129378965e-08,-8.4470300801302e-07,-3.51433729605532e-08,-4.85743616785034e-17,-1.63578761447965e-09,-1.4124202646862e-09,1.42473243404089e-09,1.09004090486975e-08,-1.68674166593601e-06,-4.0096423329378e-17,1.78647768198107e-07,6.39190462323792e-17,6.35471500947428e-09,7.01196256986735e-17,5.16575398414753e-07,-3.71547722070895e-08,2.21009007996406e-17,-1.76898969784106e-09,-0.00123930108480718,-7.48262567882111e-09,-1.0234354322289e-07,9.81326698940912e-09,-1.64928645518883e-05,1.56201077865372e-07,8.99899710909905e-08,-1.17416570697599e-17,1.86866729205884e-08,-6.11100305830823e-06,6.05601691967145e-18,6.60624743176419e-07,-1.18171217428852e-05,-2.85709695045615e-16,-6.54306578334567e-16,2.09266465423333e-06,8.1263619968451e-18,3.41546135074121e-17,5.82098386443588e-17,-3.35031585087918e-06,-1.79353527380282e-17,3.45846577013438e-06,3.73173703235652e-16,-0.0703603414843254,-4.53269832187273e-07,6.3051611980231e-17,-2.297326403249e-17,1.13200690003645e-17,-6.8487401001433e-18,4.24580533043599e-17,2.39590672984842e-16,-1.86037435414918e-16
"t118",-0.0398545942804012,0.0649938062954624,-0.0248199832554279,0.283740888718985,0.0100060357198317,-0.114462194339531,0.0331612396474692,-0.00443320561834822,-0.00288206834442533,0.0182465718522536,-0.00386705067666701,0.000793006231526567,-0.00608088015684003,0.00704212147671182,-0.00170332805411133,-0.132494930379885,-0.0510316400632568,-0.404592659341227,0.042853673658952,-0.0442227387691726,-0.0027913504032824,-0.000147540658397414,-0.000101025034094613,-0.00316749901685013,-0.0146816839475768,0.00812084489435781,-0.0386817060379217,0.00809753390660938,-0.150997742040318,-0.000514808257601136,0.0177113639420347,-0.00289885797415612,0.0891847439557475,0.324197690192945,-4.14019419043542e-05,-6.76488383583366e-09,0.000179158909991456,-1.19431631623987e-05,-4.19047439236468e-06,6.44468946491482e-07,-2.48534389166085e-05,0.000728847412424195,-7.52395690164559e-05,-2.01973136485282e-17,-2.29706656212303e-07,-0.000165312574183567,-0.0169278062743365,0.000142438813802364,6.86986804509864e-07,7.27148909320621e-07,-9.23305073784692e-05,-3.77468905831698e-05,1.24770918062234e-06,4.50278728638869e-05,-6.66040298744942e-05,-5.93127281226229e-05,2.13737732937097e-17,-0.000415995832586842,0.00134428150726463,-0.0712563752694553,0.000957972920735681,0.00937185106452385,0.00286666700225936,0.000929820046282998,-0.141623218538251,1.18608538975357e-05,-0.00174464571822193,-0.000109379828968585,0.00126021971955308,-1.58576011572618e-16,-1.68573540070242e-07,2.57568611331514e-08,0.00173121030065037,1.24848539586481e-06,4.69691274826183e-08,1.07274984943098e-07,-3.15976519766612e-05,1.9409855983762e-05,1.45579252559653e-06,2.8068807486237e-07,-4.41313146461463e-06,-7.21486074903454e-17,-4.02899634732192e-06,-1.44580935988042e-09,-4.47575253854321e-08,-2.10992185066768e-06,-4.07681060366077e-17,-2.04486435356405e-07,-2.21789694612335e-07,-1.46346721843627e-07,-2.47837157826323e-08,8.89763225338895e-05,5.92358262035723e-17,2.19287292400877e-07,5.16104205701064e-17,-6.77648068833922e-07,-1.51057617488369e-16,-4.44825744558535e-05,9.14623228392928e-07,1.14983478929114e-16,3.41529843891164e-08,2.75469692943307e-07,1.65414578371588e-07,5.58850927369846e-08,-1.97135192154207e-07,0.000345645061706281,-1.1395272693329e-07,-8.90357566219378e-08,0.451955364735187,-1.27148221814711e-06,0.0510944774293794,3.02620958859529e-15,8.94235040485534e-06,-8.8159291227162e-07,1.71093922067196e-16,9.0827357641161e-16,2.47362579272582e-06,-6.2997300518204e-17,4.469819997047e-17,-2.54796303237694e-16,-8.6675712680712e-07,6.16995839852338e-16,1.56045416961505e-06,-7.06344211843056e-16,-7.94783263779382e-11,9.21456071698939e-09,2.24851036061068e-18,2.61521386027706e-16,1.40885312470693e-16,3.02070950785753e-16,-2.05216774914216e-16,-1.71652860308236e-16,1.08865555501139e-16
"t132",-0.0606231981071944,0.159836589597135,0.0348629583160827,-0.113009235454101,0.00215638722956758,-0.0961989503967137,0.0153161198285145,-0.111005019293111,0.00103414204454309,0.000530141839973352,-0.000205092141112243,-8.52512934843586e-05,0.000612042635577439,-0.00122372275767299,0.000338691299108739,-0.0141533718430546,1.35627452875233e-05,0.00705554874326706,-0.00615181631442538,0.0133179449782937,0.445725393022958,-0.000846397755091394,-0.000182149573240587,-0.00240057141059572,-0.0137404279802188,0.0205946751229384,-0.0425614667566245,0.00192648389499625,-0.0345160490828137,-5.19658706517959e-05,-0.344219103737154,-0.0186097979054697,0.0188765914032209,0.00249454073840042,0.310734819006652,1.79944923565721e-06,0.000396780543268185,-0.00101606142849633,3.42822319291562e-05,-5.55856080475239e-06,-1.02406563909109e-05,-3.19011106709381e-06,2.39207031935703e-05,-3.02957240232748e-16,-1.65990859342687e-08,-1.87198344444612e-05,-4.57282186447773e-06,0.000728028328399429,-9.20100482852749e-10,1.7468772462273e-07,-0.000842209046412305,-0.0604101321354946,-4.02274970941137e-07,4.8425702328507e-06,-1.09053780805554e-05,-0.0346185148407179,-1.56435382993913e-16,-3.5281411843163e-05,5.83286176362858e-05,-0.002292897437083,1.57035922277206e-05,-0.00862518475641169,0.00066532911735133,-4.59302800854226e-06,0.000442395908717228,2.951532568991e-07,-0.000237038310495009,-1.76600538551067e-05,0.000516248513860505,-3.755638103529e-17,-8.17239345020506e-06,-4.85989157802891e-07,-1.90114193165931e-06,-1.9771816789548e-05,-7.45124604343869e-07,-1.7416258594924e-06,0.000665781235670435,-0.000511606331514305,-3.89602921184666e-05,-1.64828856536037e-05,0.000366461576469268,-3.31933318146707e-15,0.0232974251282153,-4.21099208452567e-06,-9.24115612477615e-05,-0.513915710189424,3.18841964449422e-15,4.76110783268421e-05,4.57029602182749e-05,8.70329854640055e-06,9.77451069860025e-07,-0.0025449453030736,-1.44555410176544e-16,-5.66580219474793e-06,-2.42267929735649e-16,0.0121708470677068,2.68892085550556e-16,0.00150985643704546,-4.73178762217738e-06,8.92010104443361e-17,-7.2528700519819e-08,-4.44460300101563e-07,-2.52203377499232e-07,-6.05428212616721e-08,6.9818322088184e-08,-9.6978345459955e-05,1.47215015859278e-08,4.75789916609203e-09,1.93813286692244e-16,1.84372850173239e-10,1.77939827953398e-05,-2.08987357410576e-16,-0.339753016193283,-2.10296487155374e-06,7.99240322440156e-16,-4.532836065107e-16,5.46149692755191e-06,5.75659810621841e-17,-1.49631713723844e-16,-1.07888082332576e-16,-2.7216007539882e-06,-2.97497331075303e-16,0.000138678663297573,8.7966035582288e-16,-2.06365332883724e-08,-4.57877967983263e-08,2.2890121595645e-16,-9.96283796266398e-18,2.60029072192068e-16,6.60746203723357e-16,3.23615795808712e-16,-1.77050891685103e-16,1.1912390236573e-15
