accepted_species,estimate
t5,2.6285257
t70,0.8408928
t28,-0.67562973
t88,-0.5639836
t81,-0.46640408
t33,-1.5762846
t100,-1.460529
t40,-0.032238763
t59,-0.507788
t31,-0.114517406
