accepted_species,0,1
t18,0.6743581226204041,0.32564187737959593
t50,0.674135754954738,0.325864245045262
t59,0.674194413328429,0.325805586671571
t76,0.6700414471815108,0.32995855281848924
t86,0.6758576019767121,0.3241423980232879
t96,0.6743621045799915,0.3256378954200086
t100,0.6758315009157376,0.3241684990842624
t116,0.6756787375432931,0.32432126245670684
t123,0.6790671574638834,0.3209328425361167
t124,0.6858551059166095,0.3141448940833905
