accepted_species,0,1
t18,,
t50,,
t59,,
t76,,
t86,,
t96,,
t100,1.0,0.0
t116,1.0,0.0
t123,0.0,1.0
t124,0.6666666666666667,0.3333333333333333
