accepted_species,0,1
t78,0.018724322,0.9812757
t67,0.9488599,0.051140115
t68,0.9488599,0.051140115
t14,0.95940953,0.040590476
t20,0.93270606,0.06729393
t57,0.9917876,0.008212392
t43,0.9917876,0.008212392
t31,0.9917876,0.008212392
t94,0.11788285,0.88211715
t35,0.11788285,0.88211715
