accepted_species,estimate
t54,-1.3280406
t18,-1.1066536
t5,-0.84709424
t37,-1.0119082
t24,-1.0273257
t1,-1.0273257
t31,0.5295951
t94,-0.5889174
t26,-1.0494424
t62,-1.4776039
