accepted_species,estimate
Coffea_racemosa,0.8009535528992136
Coprosma_foetidissima,0.8985547244766556
Coprosma_rhamnoides,1.0119826029415109
Galium_ciliare,0.03960432020849742
Hamelia_axillaris,0.011345435700401647
Palicourea_acuminata,0.09984171820185644
Palicourea_guianensis,0.26540554021095314
Posoqueria_latifolia,0.08657181706547029
Psychotria_papantlensis,0.2862964840032371
Rothmannia_urcelliformis,0.416081314622301
