accepted_species,0,1
Tricalysia_wernhamiana,0.90428364,0.09571633
Palicourea_faxlucens,0.9645584,0.035441592
Galium_beckhausianum,0.9645584,0.035441592
Gynochthodes_nigra,0.9645584,0.035441592
Multidentia_exserta,0.9645584,0.035441592
Rytigynia_longipedicellata,0.90428364,0.09571633
Uncaria_schlenckerae,0.90428364,0.09571633
Pavetta_celebica,0.9645584,0.035441592
Schizocolea_ochreata,0.9645584,0.035441592
Wendlandia_junghuhniana,0.90428364,0.09571633
