accepted_species,0,1
Tricalysia_wernhamiana,0.9155092,0.0844908
Palicourea_faxlucens,0.9680406,0.031959403
Galium_beckhausianum,0.9680406,0.031959403
Gynochthodes_nigra,0.9680406,0.031959403
Multidentia_exserta,0.9680406,0.031959403
Rytigynia_longipedicellata,0.8963193,0.10368065
Uncaria_schlenckerae,0.96428126,0.03571872
Pavetta_celebica,0.9155092,0.0844908
Schizocolea_ochreata,0.9680406,0.031959403
Wendlandia_junghuhniana,0.9155092,0.0844908
