"accepted_species","estimate"
"t72",-0.195622628464996
"t60",-0.195622628464996
"t25",-0.490047031589187
"t55",0.372303134580159
"t27",-0.0253329381907181
"t22",-0.00768316424168539
"t39",0.433073165898425
"t13",0.152107987966414
"t53",0.101588019346616
"t75",0.0555716596184002
