accepted_species,0,1
Asclepias_verticillata,0.18787748671669702,0.812122513283303
Asclepias_viridis,0.19687342213773418,0.8031265778622658
Gentiana_scabra,0.6171504778964079,0.38284952210359213
Gentianopsis_paludosa,0.7914973835700663,0.20850261642993373
Sabatia_grandiflora,0.8284932288037675,0.17150677119623248
Swertia_perennis,0.8258648233824728,0.17413517661752723
Sinoswertia_tetraptera,0.8011942328088407,0.19880576719115928
Galium_circaezans,0.42171093943014437,0.5782890605698556
Periploca_laevigata,0.25204996058689755,0.7479500394131025
Vincetoxicum_hirundinaria,0.17870254683146702,0.821297453168533
