accepted_species,estimate
t76,-0.27947050616802876
t13,12.65817317717978
t97,-0.11410102407305495
t57,0.48080809758486914
t74,0.09904639078665362
t59,-0.3231276286828942
t24,-0.13289942813460393
t70,-0.16930997254780827
t87,-0.024994986681758535
t84,-0.022887863502238093
