"accepted_species","estimate"
"t76",-0.811891506429796
"t13",0.128559923652006
"t97",0.725443831944107
"t57",0.27356445314556
"t74",-0.718321265592742
"t59",-0.765413958681219
"t24",0.201306401012244
"t70",-0.523965370260037
"t87",0.668498570169679
"t84",0.605949504847889
