accepted_species,0,1
t97,0.9892278439672306,0.01077215603276939
t88,0.9892219808719726,0.010778019128027411
t38,0.9891514101664634,0.010848589833536678
t22,0.9890833162981916,0.010916683701808426
t94,0.988735082985711,0.011264917014289014
t63,0.9892646414702946,0.010735358529705414
t75,0.9891861904099823,0.010813809590017652
t30,0.9891921598724304,0.010807840127569662
t42,0.9868208803256117,0.013179119674388316
t13,0.9136811682433875,0.08631883175661251
