accepted_species,0,1
t28,0.9900975,0.009902504
t93,0.9900975,0.009902504
t57,0.9978,0.0022
t68,0.9986904,0.0013095663
t84,0.9986904,0.0013095663
t17,0.9978,0.0022
t46,0.9978,0.0022
t32,0.9978,0.0022
t40,0.9943475,0.0056525064
t78,0.9977757,0.00222432
