accepted_species,0,1
Tarenna_pubituba,0.9,0.1
Jobinia_eulaxiflora,0.9047619047619048,0.09523809523809523
Matelea_chrysantha,0.9047619047619048,0.09523809523809523
Mazaea_shaferi,1.0,0.0
Psychotria_papantlensis,1.0,0.0
Rauvolfia_aphlebia,1.0,0.0
Rubia_deserticola,1.0,0.0
Bradea_brasiliensis,0.9333333333333333,0.06666666666666667
Canephora_angustifolia,0.9,0.1
Parsonsia_sundensis,0.9047619047619048,0.09523809523809523
