accepted_species,estimate
t91,-1.9855527
t82,-1.9979951
t78,-0.06436948
t72,-0.36820957
t67,-1.1862833
t13,-0.19864453
t34,0.32445112
t35,0.19912513
t26,0.64433956
t15,1.2017646
