accepted_species,0,1
t66,0.031162379132669726,0.9688376208673303
t86,0.026607457040771387,0.9733925429592286
t83,0.026711340662678218,0.9732886593373218
t37,0.02457347737965765,0.9754265226203424
t12,0.02475915860543565,0.9752408413945644
t19,0.013729020869594821,0.9862709791304052
t75,0.013594279466119574,0.9864057205338804
t47,0.013600514518533946,0.986399485481466
t82,0.013887819623956466,0.9861121803760435
t36,0.014957024128509633,0.9850429758714904
