accepted_species,0,1
t21,0.041385114,0.9586149
t22,0.041385114,0.9586149
t34,0.026525378,0.9734746
t52,0.019763172,0.9802368
t54,0.020320773,0.9796792
t61,0.026525378,0.9734746
t92,0.019763172,0.9802368
t104,0.019763172,0.9802368
t110,0.020090342,0.97990966
t127,0.019763172,0.9802368
t134,0.019763172,0.9802368
t135,0.019763172,0.9802368
t138,0.019763172,0.9802368
t146,0.019763172,0.9802368
t147,0.019763172,0.9802368
t148,0.019763172,0.9802368
