accepted_species,estimate
t225,-0.14357623
t57,-1.0562887
t40,-0.15001293
t41,-0.15001293
t253,-1.7089108
t69,-0.12892827
t187,-0.78419906
t237,-0.47569224
t246,0.80736214
t199,-0.26892763
t205,-0.43975776
t255,-0.43975776
t256,-0.43975776
t263,1.7278117
t182,-0.77103496
t118,-0.70020914
t86,-0.11419006
t160,-0.02787194
t53,-0.7239904
t154,1.1225393
t19,-0.48880857
t18,0.32517207
t91,1.1672426
t76,-1.994911
t111,-1.7136071
t184,0.21044071
