accepted_species,0,1
t37,0.9371032665309553,0.06289673346904467
t49,0.5622368463641088,0.4377631536358912
t77,0.869646376485647,0.13035362351435303
t93,0.9025188736026286,0.09748112639737135
t97,0.9114510077047424,0.08854899229525758
t113,0.8990193970687004,0.10098060293129964
t123,0.2605215452994688,0.7394784547005312
t129,0.7236890628292731,0.2763109371707268
t133,0.8310130989667848,0.1689869010332153
t154,0.8579636283438429,0.14203637165615712
