accepted_species,0,1
t7,0.9648249,0.035175055
t13,0.98919237,0.01080762
t18,0.86375386,0.13624613
t80,0.93644786,0.06355212
t15,0.07951826,0.92048174
t16,0.10205138,0.8979486
t47,0.31274438,0.6872556
t66,0.35273218,0.6472678
t58,0.96785355,0.032146458
t51,0.8857259,0.114274085
