"accepted_species","0","1"
"t12","0.99885478014941","0.00114521985058985"
"t7","0.999004406317878","0.000995593682122483"
"t35","0.963700254004061","0.0362997459959389"
"t33","0.999637292582252","0.000362707417747617"
"t39","0.999827199205418","0.000172800794581568"
"t48","0.988566391488426","0.0114336085115745"
"t97","0.999865646249323","0.000134353750676777"
"t49","0.999901137608238","9.88623917617632e-05"
"t98","0.0114466057297104","0.98855339427029"
"t34","0.216042041382557","0.783957958617443"
