"accepted_species","estimate"
"t49",-0.379425530404459
"t30",-0.221820313602906
"t84",-0.445268390447362
"t32",-0.429148042893249
"t76",-0.430905966880884
"t91",-0.422970705018
"t92",-0.422970705018
"t37",-0.429664345166737
"t1",-0.352249461786313
"t23",-0.337812368007455
