accepted_species,0,1
Asclepias_incarnata,0.20271079666360226,0.7972892033363977
Lomatogonium_carinthiacum,0.6829240850257137,0.3170759149742863
Asperula_conferta,0.4452847673480195,0.5547152326519805
Galium_bifolium,0.4488279250200481,0.5511720749799519
Galium_circaezans,0.43262968153081205,0.567370318469188
Galium_tinctorium,0.43646007133912,0.56353992866088
Periploca_laevigata,0.40959670801406267,0.5904032919859373
Vincetoxicum_hirundinaria,0.26632718993540394,0.7336728100645961
Galium_pumilum,0.42313325622649545,0.5768667437735046
Galium_setaceum,0.4510503149160652,0.5489496850839348
