accepted_species,0,1
t20,0.9998975378051684,0.00010246219483156982
t22,0.9999011166620758,9.88833379241516e-05
t145,0.9941227294353012,0.005877270564698796
t91,0.9982165722422186,0.0017834277577813962
t155,0.9961125505783365,0.0038874494216635685
t74,0.9999914106427721,8.58935722789226e-06
t57,0.9999973337940566,2.666205943355514e-06
t68,0.9999967680395991,3.231960400900253e-06
t60,0.9999965644689855,3.435531014396123e-06
t135,0.9999999994210248,5.789752300704928e-10
t329,0.9999999991446115,8.553885452059464e-10
t322,0.9999999995232155,4.767845077786231e-10
t287,0.9999999994694568,5.305431825362572e-10
t152,0.9997339459935828,0.0002660540064172198
t312,0.9995506107094706,0.0004493892905294293
t233,0.9988737708641493,0.0011262291358506583
t335,0.9987040698818112,0.0012959301181888515
t336,0.998699176739895,0.001300823260105028
t268,0.9988542562791664,0.0011457437208336144
t302,0.9999999124393941,8.756060590439801e-08
t253,0.9290079985034168,0.0709920014965833
t92,0.9999751859377822,2.481406221772772e-05
t215,0.9999976597018256,2.3402981743411796e-06
t131,0.9743832542076227,0.025616745792377237
t261,0.05777143043059918,0.9422285695694008
t169,0.9999408982542496,5.910174575043388e-05
t349,0.9996038384883281,0.0003961615116718249
t243,0.9995689183275317,0.00043108167246835107
t248,0.9998749084277975,0.00012509157220256736
t213,0.9998431548926988,0.00015684510730123685
t108,0.9999322883618819,6.771163811818858e-05
t115,0.9999415654882222,5.843451177782061e-05
t82,0.9955891421214483,0.004410857878551666
t86,0.9949950899723919,0.0050049100276080664
t116,0.9869510896610628,0.013048910338937129
t343,1.1054712700797609e-11,0.9999999999889453
