"accepted_species","0","1"
"t3",0.40519250150652,0.59480749849348
"t29",0.875692644566189,0.124307355433811
"t21",0.828577357601197,0.171422642398803
"t13",0.195860899965113,0.804139100034887
"t37",0.0938736647532567,0.906126335246743
"t77",0.0209649101016243,0.979035089898376
"t60",0.510937493062541,0.489062506937459
"t61",0.510937493062541,0.489062506937459
"t50",0.175042866597118,0.824957133402882
"t81",0.0560782129804853,0.943921787019515
