accepted_species,0,1
t3,0.33234554727328713,0.6676544527267129
t29,0.31368132479838196,0.686318675201618
t21,0.3006103022732337,0.6993896977267663
t13,0.37999208919373073,0.6200079108062693
t37,0.48156905291065333,0.5184309470893467
t77,0.4643214982634314,0.5356785017365686
t60,0.412680829697635,0.587319170302365
t61,0.39983974685151746,0.6001602531484825
t50,0.410211270106854,0.589788729893146
t81,0.37812044218039187,0.6218795578196081
