accepted_species,estimate
t59,1.5511823
t47,1.5407242
t48,1.8082422
t87,0.028845442
t94,-0.18385074
t83,-0.5712466
t98,-1.0480697
t68,-0.020720454
t20,0.42593542
t17,-0.120007575
