accepted_species,estimate
t1,1.0649079
t66,-0.8340248
t14,-1.5073181
t51,0.16744271
t61,-0.116242565
t5,2.2822669
t12,1.5128344
t81,-0.65669554
t82,-0.65669554
t50,-0.38771528
