accepted_species,estimate
t191,-0.028517528
t118,0.0970165
t221,0.0970165
t222,0.0970165
t149,0.0970165
t143,0.0970165
t129,0.0970165
t206,0.0970165
t177,0.0970165
t178,0.0970165
t78,0.34752798
t65,0.29798988
t92,0.33347088
t235,0.0970165
t126,0.0970165
t161,-0.028517528
t233,-0.028517528
t152,-0.028517528
t153,-0.12016658
t201,-0.028517528
t202,-0.028517528
t89,-0.028517528
t57,0.48875365
