accepted_species,estimate
t56,0.14415683
t110,0.38573286
t130,-0.2930302
t112,-0.3902903
t51,-0.36856565
t176,0.20767242
t177,0.20767242
t148,0.1945297
t20,0.34270978
t15,-0.069494754
t126,0.27697217
t223,-0.61389256
t211,-0.6887059
t213,0.3940297
t136,-0.0523041
t98,0.43771803
t77,0.042858597
t24,0.04152685
t39,-0.3184864
t121,0.34976402
t151,-0.13361211
t156,0.021677023
t186,0.40091193
t96,0.40290725
