accepted_species,estimate
t46,0.7142693827307551
t69,0.7142693827307551
t70,0.7142693827307551
t68,0.7142693827307551
t93,0.7142693827307551
t94,0.7142693827307551
t32,0.6718854288538865
t47,0.6168314539709376
t82,0.6168314539709374
t83,0.6168314539709374
