accepted_species,estimate
t46,-0.21167955
t69,-0.21167955
t70,-0.21167955
t68,-0.21167955
t93,-0.21167955
t94,-0.21167955
t32,-0.21167955
t47,-0.21167955
t82,-0.21167955
t83,-0.21167955
