accepted_species,0,1
t30,0.10553544929398417,0.8944645507060158
t90,0.10333174106261256,0.8966682589373874
t11,0.09261103301107099,0.907388966988929
t93,0.10336192017767287,0.8966380798223271
t94,0.10788228590340931,0.8921177140965907
t32,0.1212768104823223,0.8787231895176777
t59,0.1342515428021701,0.8657484571978299
t79,0.13477417017458437,0.8652258298254156
t34,0.3362667113535499,0.6637332886464501
t86,0.32023536280686393,0.6797646371931361
