accepted_species,0,1
t25,0.26422322,0.7357768
t94,0.0016389489,0.99836105
t102,0.002994597,0.9970054
t121,0.002994597,0.9970054
t133,0.002994597,0.9970054
t150,0.0059452653,0.99405473
t169,0.002994597,0.9970054
t183,0.002994597,0.9970054
t189,0.10347432,0.8965257
t192,0.09480721,0.9051928
