accepted_species,estimate
t61,0.121587776
t51,0.06374559
t95,-0.92900723
t1,-0.25794953
t9,0.8710931
t100,0.9649709
t38,-0.1422594
t96,-0.06329015
t108,0.012227324
t34,-0.18396494
t8,-0.2799196
