accepted_species,estimate
t61,0.3816004
t51,-0.3203187
t95,-0.8413841
t1,-0.07782436
t9,-0.47386244
t100,1.0650473
t38,0.02470907
t96,0.10596062
t108,0.117890194
t34,0.29554272
t8,-0.37682375
