accepted_species,0,1
t43,0.008531094,0.9914689
t76,0.022564352,0.97743565
t46,0.034724295,0.9652757
t18,0.029823005,0.970177
t56,0.008566141,0.99143386
t38,0.086165845,0.91383415
t47,0.025280654,0.97471935
t1,0.005617738,0.99438226
t84,0.06449646,0.93550354
t95,0.17347103,0.82652897
