accepted_species,estimate
t88,-0.2822330626238882
t82,0.8556794438707951
t83,0.8584183251416566
t24,1.1085525385086206
t10,-0.7189727536538724
t23,-0.5931452634202817
t44,-0.5233339205937614
t49,0.06756439087870011
t3,0.4517739517694251
t33,0.5519211455739231
