"accepted_species","estimate"
"t88",0.190702473710793
"t82",0.934451305461016
"t83",0.934451305461016
"t24",0.116856112147052
"t10",-0.605728378826755
"t23",-0.0969637713470447
"t44",0.0962517886087078
"t49",-0.549445332857563
"t3",0.224982285844531
"t33",0.224982285844531
