accepted_species,0,1
t50,0.30393327393905867,0.6960667260609413
t97,0.33395355981174824,0.6660464401882518
t96,0.14366305871366247,0.8563369412863375
t7,0.2656116449456781,0.7343883550543219
t29,0.8372463881122182,0.16275361188778179
t93,0.25319143162671565,0.7468085683732844
t3,0.4018411073087733,0.5981588926912267
t40,0.5781258776794682,0.42187412232053173
t70,0.4957906903747813,0.5042093096252187
t64,0.22034015694908482,0.7796598430509152
