"accepted_species","0","1"
"t50","0.852647285090079","0.147352714909922"
"t97","0.0035746045396361","0.996425395460364"
"t96","0.00151021666868917","0.998489783331311"
"t7","0.203146110034718","0.796853889965283"
"t29","0.980353634602486","0.019646365397514"
"t93","0.000617284484042027","0.999382715515958"
"t3","0.697377767076043","0.302622232923957"
"t40","0.984288395706206","0.0157116042937938"
"t70","0.996474705744337","0.00352529425566312"
"t64","0.0362834132334104","0.96371658676659"
