accepted_species,0,1
t50,0.8218207,0.17817934
t97,0.8218207,0.17817934
t96,0.026821971,0.973178
t7,0.72402626,0.27597374
t29,0.88785064,0.11214935
t93,0.042877614,0.9571224
t3,0.67381483,0.32618517
t40,0.5668542,0.43314582
t70,0.7202368,0.27976322
t64,0.021515667,0.97848433
