"accepted_species","0","1"
"t13",0.987167588541983,0.0128324114580166
"t21",0.990221766762966,0.00977823323703377
"t22",0.990709053125518,0.00929094687448219
"t93",0.99974093192661,0.000259068073389597
"t94",0.999805244607421,0.000194755392579173
"t66",0.99156629690977,0.00843370309023049
"t79",0.999025663128703,0.000974336871297473
"t57",0.997231976527521,0.00276802347247942
"t53",0.97958811090762,0.0204118890923797
"t5",0.985943444577684,0.0140565554223159
