accepted_species,0,1
t1,0.38996917,0.61003083
t34,0.56009936,0.43990064
t74,0.8916235,0.10837653
t84,0.5720587,0.4279413
t87,0.73727036,0.26272961
t94,0.40256822,0.5974318
t96,0.61586237,0.3841376
t102,0.37554425,0.62445575
t106,0.83793795,0.16206203
t110,0.5609243,0.43907574
t112,0.735453,0.26454696
t133,0.536532,0.46346802
t134,0.6527983,0.34720173
t139,0.73727036,0.26272961
