accepted_species,0,1
t23,0.1649300926262186,0.8350699073737814
t58,0.38268748523280205,0.617312514767198
t13,0.051974418401688705,0.9480255815983113
t72,0.05007706895153119,0.9499229310484688
t17,0.05148630499104001,0.94851369500896
t53,0.046204240163408405,0.9537957598365916
t60,0.8433180264295259,0.1566819735704741
t69,0.5663273904285624,0.43367260957143755
t78,0.0025179030087135734,0.9974820969912864
t1,0.00412445527539862,0.9958755447246014
