"accepted_species","estimate"
"t141",0.362689127518073
"t123",0.419815137083513
"t121",0.434065324724875
"t63",0.429467157201531
"t44",0.446791584070919
"t106",0.446791584070919
"t107",0.446791584070919
"t80",0.454693960031924
"t50",0.319365506114366
"t67",0.318062926210617
"t49",0.320477724734513
"t37",0.467247430660081
"t89",0.49543000727646
"t43",0.477012607601143
"t24",0.351078028182092
