accepted_species,estimate
t141,0.36253515
t123,0.42530617
t121,0.43060374
t63,0.44246683
t44,0.47224322
t106,0.47224322
t107,0.47224322
t80,0.46843
t50,0.32160234
t67,0.31529874
t49,0.32334596
t37,0.5019425
t89,0.49681142
t43,0.4902451
t24,0.29627013
