accepted_species,estimate
t2,0.22818884
t3,0.57714593
t7,0.058037832
t76,-0.32399595
t27,0.7959934
t91,0.819914
t83,0.45652798
t62,0.3297721
t179,-0.49507964
t95,-0.6981291
t122,-0.30352587
t12,0.37802994
t37,0.27560765
t185,-0.103332706
t96,0.0065937266
t110,-0.002239344
t152,-0.0666585
t60,-0.33294773
t43,0.38591343
t81,-0.14820494
t48,-0.3311581
t183,-0.25269896
