accepted_species,0,1
t70,0.1356373515628857,0.8643626484371143
t81,0.047614634692291435,0.9523853653077086
t95,0.7732271880637823,0.22677281193621768
t96,0.5106107796322342,0.4893892203677658
t80,0.2614866460705192,0.7385133539294808
t66,0.12950840805969044,0.8704915919403096
t62,0.1024510980217358,0.8975489019782642
t69,0.9988289164651426,0.0011710835348573627
t83,0.8949272614274585,0.10507273857254149
t3,8.82373318855656e-09,0.9999999911762668
