accepted_species,0,1
t70,0.8724948,0.1275052
t81,0.74152637,0.25847366
t95,0.9890252,0.010974824
t96,0.9890252,0.010974824
t80,0.4434474,0.5565526
t66,0.852798,0.14720199
t62,0.18744504,0.81255496
t69,0.9989585,0.0010414569
t83,0.9989585,0.0010414569
t3,0.0034374595,0.99656254
