accepted_species,0,1
t12,0.7033358916568214,0.2966641083431786
t77,0.1589182430139353,0.8410817569860647
t20,0.4727686219741082,0.5272313780258918
t5,0.41145772742019004,0.58854227257981
t108,0.4075350042029743,0.5924649957970257
t109,0.4075350042029743,0.5924649957970257
t24,0.4075350042029743,0.5924649957970257
t104,0.38271588365248055,0.6172841163475195
t105,0.38271588365248066,0.6172841163475193
t17,0.48256449340673235,0.5174355065932676
