accepted_species,0,1
t12,0.8788606613650212,0.12113933863497889
t77,0.39278817907730623,0.6072118209226938
t20,0.37841076093546766,0.6215892390645323
t5,0.42266784942373914,0.5773321505762609
t108,0.5250001312731015,0.4749998687268985
t109,0.5249370538139495,0.47506294618605044
t24,0.519125472071757,0.48087452792824303
t104,0.6021963344667475,0.3978036655332525
t105,0.6019599827327882,0.39804001726721183
t17,0.4932845633767673,0.5067154366232327
