accepted_species,0,1
t12,0.16207397,0.83792603
t77,0.14023072,0.8597693
t20,0.55164266,0.44835734
t5,0.099778414,0.9002216
t108,0.108757496,0.8912425
t109,0.108757496,0.8912425
t24,0.12151909,0.8784809
t104,0.36669064,0.63330936
t105,0.36669064,0.63330936
t17,0.86859244,0.13140756
