accepted_species,estimate
t74,0.28102532
t84,-0.12403802
t155,-0.4575451
t157,-0.110349394
t158,-0.2659714
t213,-0.130683
t214,-0.1973313
t209,-0.42552423
t210,-0.46962124
t199,-0.1041417
t215,-0.1041417
t216,-0.107886456
t232,-0.117434576
t233,-0.117434576
t142,-0.3787123
t169,-0.13436219
t197,-0.04495435
t198,-0.13891065
t162,-0.20197724
t163,-0.1908556
t107,-0.20855547
t121,-0.59212273
t122,-0.17095482
t103,-0.3714618
