accepted_species,estimate
t73,1.1216756119169238
t38,0.9241296279507093
t7,0.4693740294503654
t88,0.5066498453089001
t51,0.7359915022434442
t80,-0.11636075749896665
t52,-0.6296129988301117
t138,0.2932473216308741
t104,0.2902073765626526
t133,0.29313403549347034
t123,0.9118026657173924
t100,0.5018934056149733
t33,-0.811742809567156
t35,-0.8300119678723081
t91,-1.086571016415614
