"accepted_species","0","1"
"t70",0.974862785113954,0.025137214886046
"t10",0.84495534613713,0.15504465386287
"t74",0.980200620697209,0.0197993793027907
"t61",0.97261370153181,0.0273862984681903
"t46",0.955099972903497,0.0449000270965026
"t81",0.987211853819097,0.012788146180903
"t67",0.0319183437283961,0.968081656271604
"t33",0.060636623602443,0.939363376397557
"t45",0.0473802575706232,0.952619742429377
"t99",6.35670690519099e-05,0.999936432930948
