accepted_species,0,1
t29,0.136556330769264,0.863443669230736
t37,0.17235993055670462,0.8276400694432954
t77,0.16146436976283995,0.83853563023716
t81,0.15405895863335184,0.8459410413666482
t87,0.10170886885221753,0.8982911311477825
t100,0.31670898475186027,0.6832910152481397
t102,0.20386681887300706,0.7961331811269929
t106,0.0995787201240208,0.9004212798759792
t109,0.04041200347601592,0.9595879965239841
t124,0.17762918838519337,0.8223708116148066
