accepted_species,0
t5,
t36,
t37,
t50,
t43,
t41,
t93,-0.184063647965628
t100,-0.70050261212089
t30,
t89,-1.01584486796245
