accepted_species,0,1
t467,0.33200866,0.66799134
t493,0.35537553,0.6446245
t514,0.35537553,0.6446245
t515,0.35537553,0.6446245
t521,0.3648944,0.6351056
t522,0.33200866,0.66799134
t536,0.33200866,0.66799134
t537,0.33200866,0.66799134
t538,0.3648944,0.6351056
t539,0.3648944,0.6351056
