accepted_species,0
t2,
t50,
t98,-1.74917369543129
t5,
t61,
t10,
t80,1.38878531515596
t94,-0.0808884352254319
t68,
t99,1.07848237703954
