accepted_species,0,1
t6,0.0,1.0
t25,0.0,1.0
t50,0.14710056535916316,0.8528994346408368
t72,0.19007966831136025,0.8099203316886397
t36,0.0,1.0
t37,0.02167896637618183,0.9783210336238182
t26,0.0,1.0
t29,0.0,1.0
t30,0.0,1.0
t73,,
