"accepted_species","0","1"
"t13",0.474424989620377,0.525575010379623
"t82",0.993264037656719,0.00673596234328054
"t54",0.143431017665255,0.856568982334745
"t24",0.913831329997358,0.086168670002642
"t80",0.983755614397216,0.0162443856027835
"t10",0.572723543692593,0.427276456307407
"t94",0.00385733556461084,0.996142664435389
"t39",0.962207785657426,0.0377922143425736
"t47",0.965596566454076,0.0344034335459237
"t71",0.983978505929173,0.0160214940708273
