accepted_species,0,1
t13,0.8003777,0.19962226
t82,0.9330614,0.06693858
t54,0.31872225,0.68127775
t24,0.96923006,0.030769946
t80,0.96923006,0.030769946
t10,0.37392825,0.62607175
t94,0.044238925,0.9557611
t39,0.9807681,0.019231934
t47,0.9804772,0.019522816
t71,0.9379484,0.06205161
