"accepted_species","0","1"
"t62",0.991996461050647,0.00800353894935286
"t65",0.993549477589004,0.00645052241099641
"t83",0.9814693103938,0.0185306896061995
"t69",0.986319702234544,0.0136802977654564
"t95",0.999570403624948,0.000429596375051983
"t70",0.989709557778121,0.0102904422218796
"t80",0.998597526091903,0.00140247390809668
"t3",0.975492026326733,0.024507973673267
"t81",0.986736194514009,0.0132638054859909
"t56",0.978738952961969,0.0212610470380312
