accepted_species,0,1
t62,0.98294705,0.017052973
t65,0.9507695,0.049230505
t83,0.8782743,0.12172567
t69,0.9842751,0.01572492
t95,0.9919812,0.008018795
t70,0.9919812,0.008018795
t80,0.99274063,0.007259371
t3,0.42110288,0.5788971
t81,0.99341434,0.0065856525
t56,0.99341434,0.0065856525
