accepted_species,0,1
t77,0.9368758577294699,0.06312414227053005
t30,0.9758556900621176,0.024144309937882455
t93,0.975283209631937,0.02471679036806293
t50,0.219697285155261,0.780302714844739
t12,0.43132311481804764,0.5686768851819524
t35,0.27367589367496925,0.7263241063250307
t29,0.7636526409867095,0.23634735901329051
t1,0.6780897133615273,0.3219102866384727
t68,0.6212207702320044,0.3787792297679956
t10,0.6176919238136993,0.38230807618630075
