accepted_species,0,1
t95,0.19982598042678357,0.8001740195732164
t66,0.6462844770123978,0.3537155229876022
t49,0.27129442164181505,0.728705578358185
t34,0.013504094347027151,0.9864959056529728
t59,0.4720127098050959,0.5279872901949041
t31,0.16303301996267083,0.8369669800373292
t19,0.2931866720454698,0.7068133279545302
t12,0.06796399162445688,0.9320360083755431
t53,0.5587623765688092,0.44123762343119083
t9,0.005267050764827141,0.9947329492351729
