accepted_species,0,1
t95,0.046345294,0.9536547
t66,0.027421772,0.9725782
t49,0.006679535,0.99332047
t34,0.0031071901,0.9968928
t59,0.00235039,0.9976496
t31,0.00235039,0.9976496
t19,0.98909813,0.010901891
t12,0.00235039,0.9976496
t53,0.5250275,0.4749725
t9,0.00235039,0.9976496
