accepted_species,0,1
t15,0.8328447129316136,0.16715528706838645
t49,0.8331874501375706,0.1668125498624294
t53,0.8331895131988928,0.16681048680110724
t54,0.8331895131988928,0.16681048680110724
t63,0.8332093166019918,0.16679068339800818
t66,0.8331553784885123,0.16684462151148768
t67,0.8331553784885123,0.1668446215114877
t74,0.8332119574247606,0.16678804257523935
t114,0.8332215381119347,0.16677846188806536
t115,0.8332215381119347,0.16677846188806536
