accepted_species,0,1
t15,0.8360711,0.16392894
t49,0.8360711,0.16392894
t53,0.8360711,0.16392894
t54,0.8360711,0.16392894
t63,0.8360711,0.16392894
t66,0.8360711,0.16392894
t67,0.8360711,0.16392894
t74,0.8360711,0.16392894
t114,0.8360711,0.16392894
t115,0.8360711,0.16392894
