accepted_species,0,1
t80,0.5615145570645341,0.4384854429354658
t84,0.5613202130275665,0.4386797869724334
t89,0.5615170825056855,0.43848291749431445
t107,0.5614274195685796,0.4385725804314204
t116,0.5614694543104994,0.43853054568950056
t151,0.5612447247421546,0.4387552752578454
t164,0.5614417425144218,0.43855825748557825
t165,0.5613960908920285,0.43860390910797153
t188,0.5614244920225322,0.4385755079774678
t189,0.5615032020373477,0.4384967979626523
