"","V_1","V_2","V_3","V_4","V_5","V_6","V_7","V_8","V_9","V_10","V_11","V_12","V_13","V_14","V_15","V_16","V_17","V_18","V_19","V_20","V_21","V_22","V_23","V_24","V_25","V_26","V_27","V_28","V_29","V_30","V_31","V_32","V_33","V_34","V_35","V_36","V_37","V_38","V_39","V_40","V_41","V_42","V_43","V_44","V_45","V_46","V_47","V_48","V_49","V_50","V_51","V_52","V_53","V_54","V_55","V_56","V_57","V_58","V_59","V_60","V_61","V_62","V_63","V_64","V_65","V_66","V_67","V_68","V_69","V_70","V_71","V_72","V_73","V_74","V_75","V_76","V_77","V_78","V_79","V_80","V_81","V_82","V_83","V_84","V_85","V_86","V_87","V_88","V_89"
"t40",-0.0305279227430262,-0.202631985286913,0.0868200841581334,-0.0321079788130546,0.309075527363967,-0.0536961131886241,0.00243627800802694,-0.00397280704553473,0.000112151869848618,-0.00586774881675349,0.00702185105761697,-0.0284420676939207,1.19253134045332e-05,0.00213861080893214,-7.23900047767297e-05,9.44950059805841e-05,-0.00125383233432046,0.00389945289680983,-0.00419098612846073,0.000697696810640243,-0.000121717374401492,0.000369230063729594,-0.000418889874921452,0.000255913982615687,-0.00275004518007002,0.0063506074991749,-0.38082897284494,0.000564717148761356,-0.00255194900784009,-5.56685479541598e-17,0.00419120924613569,-0.000256146577111579,-0.000354872284750755,0.439932213947756,8.08593392792965e-05,-0.00213443967479967,-1.57636176748185e-05,-2.3350598976231e-05,0.000379590220736132,2.00637194147836e-16,9.01968962681633e-16,-6.87316202988451e-05,5.95877520307432e-05,2.23332770054133e-05,3.47736914284159e-16,5.98012445904214e-15,-0.000225670763306618,-3.04552632646595e-17,4.60676836447328e-17,0.000251925522065626,1.36125789420774e-06,3.70337945998754e-16,-4.34982415653675e-05,-3.6567798326273e-16,-0.00048295949039946,4.32891306234373e-05,8.50890645722473e-16,2.59279978367926e-15,0.000113634352424528,-0.707106781186545,1.783782585397e-05,1.52255605468104e-05,1.95847922046769e-05,1.7672212334934e-16,7.44428813748786e-17,-3.45101758627646e-05,3.89739573846062e-16,3.796670101427e-07,4.13208557178518e-16,2.03274556731655e-16,-0.0177413971828521,-1.0723652967249e-16,1.55972321498091e-17,-1.17223739934431e-16,1.97735956622378e-17,-2.38742086648114e-16,-2.20420853003822e-15,1.81693661630387e-05,8.3636872881093e-17,-6.7449671060353e-17,2.33754891241008e-17,-3.79502031651719e-17,1.18518729897278e-17,2.06782412792308e-17,-2.7935494327686e-17,8.95916110905576e-17,2.15228783588201e-16,8.96819549119887e-19,-5.45985125819907e-16
"t41",-0.030527922743026,-0.202631985286913,0.0868200841581324,-0.0321079788130542,0.309075527363966,-0.0536961131886238,0.00243627800802674,-0.00397280704553473,0.000112151869848564,-0.00586774881675318,0.00702185105761668,-0.0284420676939201,1.19253134046624e-05,0.00213861080893209,-7.23900047764578e-05,9.44950059805413e-05,-0.00125383233432103,0.00389945289680922,-0.00419098612845981,0.000697696810639872,-0.000121717374401591,0.000369230063729725,-0.000418889874921617,0.000255913982615565,-0.00275004518006997,0.00635060749917447,-0.380828972844939,0.000564717148761455,-0.00255194900784032,1.23476637932043e-16,0.00419120924613541,-0.00025614657711166,-0.000354872284750835,0.439932213947753,8.08593392792099e-05,-0.00213443967479922,-1.57636176752767e-05,-2.33505989757436e-05,0.000379590220736074,3.97754330878892e-17,-1.22988866453615e-16,-6.87316202991978e-05,5.95877520318509e-05,2.2333277005305e-05,-1.08462685662291e-16,5.63974836729371e-15,-0.000225670763307163,7.98366246153268e-17,-6.20236508154101e-17,0.000251925522065448,1.36125789397676e-06,-3.61149932881648e-16,-4.34982415687782e-05,2.75211418572585e-16,-0.000482959490399673,4.32891306215538e-05,-8.27127814862182e-16,-2.75024139098542e-15,0.000113634352423802,0.707106781186549,1.78378258081401e-05,1.52255605474259e-05,1.95847922085155e-05,-3.82461298675941e-16,-5.36975645028681e-17,-3.45101758606458e-05,-4.96258428159736e-16,3.7966700936217e-07,-3.52451402012838e-16,-6.02017138582841e-17,-0.0177413971828489,-1.24288082140693e-16,-6.489484603119e-18,3.25409496568557e-16,-4.3217837046941e-17,2.81276818104687e-16,-6.37903435644775e-16,1.81693661626523e-05,-8.18951582938521e-17,1.40534307330834e-17,3.96441806428941e-17,-7.90696215686915e-17,6.1986203363013e-17,-4.50402963539009e-17,-4.72633870299113e-17,1.05892656644591e-16,-4.6552914421487e-16,1.31439643252426e-16,3.72397704980839e-17
"t99",-0.0311043550544067,-0.210398328355881,0.0902000245531013,-0.0345082648975562,0.336345968992779,-0.0585218923652853,0.00277697605205708,-0.00454960824742394,0.000132095459144875,-0.00720151428676354,0.008825184130278,-0.0386675159306101,1.64851437794723e-05,0.00307984583588551,-0.000110304925127443,0.00014848258086219,-0.0020788873940457,0.00713810276366822,-0.00769520642707403,0.00155987881915783,-0.000314938475033677,0.0030382139774807,0.00193065345298318,-0.000534161471729775,0.00443141398943264,-0.00802188948025923,0.400154580474449,-0.000312110512472496,0.00124465174891326,-5.76678971065826e-17,-0.00109687919774683,4.46890734351062e-05,5.88138474892815e-05,-0.0602138386328579,-5.7884754933219e-06,8.55540372906296e-05,2.39875879720698e-07,-8.92588698760644e-07,1.46859224190432e-05,-3.09313086929451e-17,5.53191183675401e-17,-1.72711001025755e-05,1.65531557563215e-05,6.40567700548471e-06,3.20362394532585e-16,2.01105297966772e-15,-8.11597399765591e-05,-6.02835765932953e-18,2.9325404634527e-17,0.000101861297580407,5.80520453912803e-07,1.04950723053293e-16,-2.02484904939613e-05,-2.56877012240055e-16,-0.000240592086379704,2.18635026606107e-05,-1.538237010472e-16,1.89619310682474e-16,6.1815163539993e-05,3.60822483003176e-16,1.05601886867063e-05,9.43900076479312e-06,1.26270230883258e-05,-2.09170790843297e-16,-1.21147009511815e-16,-2.53760400188877e-05,-2.25902953283949e-16,3.63841030156029e-07,9.47251375940073e-16,2.29140669417947e-15,-0.390056663079983,-6.06506915387759e-16,3.20895424861913e-16,1.73689785033195e-15,-4.98110718645106e-16,-2.88713557494491e-16,6.47571044770417e-17,2.77034383306728e-06,-9.34818317052875e-17,2.98846248732388e-16,-3.03537287796143e-17,-6.19288054728913e-17,-9.97262606076875e-17,3.72272519916192e-17,1.54062421227108e-16,5.71300577261013e-16,1.14207113020622e-15,1.47843100104569e-16,0.707106781186548
"t100",-0.0311043550544068,-0.210398328355881,0.0902000245531014,-0.0345082648975562,0.336345968992779,-0.0585218923652853,0.00277697605205693,-0.00454960824742391,0.000132095459144898,-0.00720151428676348,0.00882518413027813,-0.0386675159306102,1.6485143779463e-05,0.00307984583588554,-0.000110304925127303,0.000148482580862318,-0.00207888739404585,0.0071381027636682,-0.00769520642707395,0.00155987881915792,-0.000314938475033672,0.0030382139774807,0.00193065345298319,-0.000534161471729472,0.00443141398943235,-0.00802188948025935,0.400154580474449,-0.000312110512472677,0.00124465174891305,4.10988726596385e-17,-0.00109687919774685,4.4689073434889e-05,5.88138474893705e-05,-0.0602138386328589,-5.78847549342489e-06,8.55540372906023e-05,2.39875879620455e-07,-8.92588698502294e-07,1.46859224187456e-05,2.30311869039157e-17,3.32508092583952e-16,-1.72711001026785e-05,1.65531557572189e-05,6.40567700564638e-06,-2.14370038563353e-16,1.75786773379791e-15,-8.11597399765111e-05,-4.19072705135283e-17,1.28314682443811e-17,0.000101861297580682,5.80520453906345e-07,-9.6752148947755e-17,-2.02484904936384e-05,3.51368124987968e-16,-0.000240592086379726,2.18635026612097e-05,5.67172356896877e-17,-4.85488435003888e-17,6.18151635398128e-05,8.88178419700125e-16,1.05601886863702e-05,9.4390007649807e-06,1.26270230884105e-05,1.98753673606868e-16,-4.99329319376578e-17,-2.53760400189007e-05,-4.79076327648791e-16,3.63841030365417e-07,8.12199942533896e-16,2.31411476492258e-15,-0.390056663079984,-5.90216307176147e-16,3.03956166913949e-16,1.98159379460485e-15,-3.55410485485849e-16,-4.24867639640596e-16,-4.30737925725723e-18,2.77034383308025e-06,5.65005915439547e-17,-1.19303246136875e-16,1.84137350036946e-16,-8.24818329731447e-17,2.88463261688842e-17,-6.11213215033674e-17,2.67868108976996e-17,-2.87249166375981e-16,-2.68838367985186e-16,-1.53785568466918e-16,-0.707106781186548
"t68",-0.0310023198003739,-0.20904462993402,0.0896111647010611,-0.0341010093762326,0.331762187297807,-0.0577116544649759,0.00272158485843327,-0.0044561333631319,0.000128924020397149,-0.00699491824321831,0.00854985946414612,-0.0371739719253644,1.58249381029645e-05,0.00294635204701513,-0.000105068630340502,0.000141127440850149,-0.00196898115000199,0.00672251218887337,-0.00724602103623039,0.00145592690532543,-0.000292479859447375,0.00277033103828299,0.00173017902021628,-0.000473804650805187,0.00391222954244565,-0.00704625552104791,0.350008830532351,-0.000268506006645096,0.00106712791425578,-1.84032975934472e-17,-0.000925189948143668,3.73485124015729e-05,4.91014325811348e-05,-0.050085484123359,-4.7684899370984e-06,7.00935751361498e-05,1.95590769714137e-07,-7.19165097131252e-07,1.18311919423611e-05,7.64955851951141e-17,-5.81286990239174e-16,-1.26897463953886e-05,1.19033918947326e-05,4.56846499784954e-06,8.70997312197759e-17,1.08953985672088e-15,-5.28420883633868e-05,-6.07214754327459e-17,2.37202852664882e-17,6.06801573325684e-05,3.26206489144111e-07,-1.6730456589756e-16,-9.93563051172456e-06,2.39848683351371e-17,-0.000100990936515317,8.82384197260058e-06,-4.47421146136323e-18,-3.12807533848141e-16,1.89208697240616e-05,-2.16493489801906e-15,1.86939848624233e-06,9.52947009455875e-07,4.3304997570939e-07,2.57849607730504e-16,2.76727241403944e-16,4.90872194760789e-06,5.70619554511497e-16,-2.26426944968316e-07,-1.85319044899812e-15,-4.72415603178108e-15,0.83360774936628,1.22625263367509e-15,-6.16412998723835e-16,-3.8990026542521e-15,9.78968101265746e-16,8.27930662804562e-16,-2.52621766373493e-15,2.36432054522689e-05,4.29072735506693e-17,-3.56351996709736e-16,-6.6660113400263e-17,-1.29432556489069e-17,1.38953075252534e-16,9.1498449282269e-18,-2.18786159530254e-16,3.89872515587651e-17,-4.00710861049509e-16,1.56006001396322e-16,-5.51240323197092e-16
"t7",-0.0296574757930698,-0.191004036499835,0.0817608819998763,-0.0285692932871969,0.269093357333972,-0.0466255864343247,0.00194683939042565,-0.00314587304602137,8.39047919029706e-05,-0.00401146633057775,0.00453691645395184,-0.0147966787990232,5.88068842536494e-06,0.000910743333241277,-2.39819010718701e-05,2.63484342089615e-05,-0.0002324373066493,2.45440096019595e-05,-2.59235580592557e-06,-0.000271569610240007,8.69511650595303e-05,-0.00200373009871133,-0.00195142555186394,0.000631616258398524,-0.0054984326884,0.0102731546459559,-0.515661327420666,0.000278804910574906,-0.00082394973570657,-1.32656636838449e-16,-0.00256542956919228,0.000336685896561831,0.000499733368124137,-0.776425754963646,-0.000242653735312561,0.00855755084991959,8.20371784349969e-05,0.000263465769074794,-0.00432208450881911,-3.76891498370771e-16,-8.02616866120455e-16,-0.000378477127312399,0.000288909281183177,0.000104199508428487,-2.8788465697773e-16,2.13693393169865e-14,-0.000823822662277046,5.51999901918415e-17,5.54855106472764e-17,0.000824876285528623,4.26202825954195e-06,-4.38426079066278e-17,-0.000127488843293938,3.86702959992019e-17,-0.00135489237198897,0.000120471709645411,2.57664310254098e-18,-2.31400399602884e-16,0.000304325524418856,-1.22124532708767e-15,4.61710323537438e-05,3.88301206253044e-05,4.94083164972597e-05,1.10763645177836e-16,4.71240026988652e-17,-8.46934871434502e-05,5.68164171013927e-16,9.01585909191018e-07,3.72469731984728e-17,1.40111074581913e-16,-0.0133943212498338,1.42907000963449e-17,7.46096666152028e-17,6.01200510184961e-17,4.27123188883086e-17,-1.07723628839424e-16,-3.33267358913816e-15,4.10436047053948e-05,3.81215404545482e-17,-7.33272292085798e-17,2.28911227338749e-17,-2.43451268331647e-17,-2.24435486440679e-17,-2.99515539073421e-17,-4.57754233325587e-17,-8.70109175981572e-18,5.88056003444213e-16,-3.71940361617318e-17,5.44335059131725e-16
"t91",-0.03240961041001,-0.23319985873175,0.10022147274901,-0.0602150756592184,-0.250806287776854,0.0133549056427646,0.00276245863005109,-0.00463462839582397,0.000152085214328028,-0.00999642704447202,0.0140961240061131,-0.233535578503684,0.00384789152767291,-0.00440534907532052,-2.31172391338026e-07,5.03472030053364e-05,-0.00188496485027676,0.116544016267514,-0.221669683649018,-0.000789709666232403,6.99032703455344e-05,0.000158929337571753,0.000154424755119101,-3.23892754342114e-05,0.000202119486942886,-0.000205970052700799,0.00254049909179965,2.78802814543355e-05,-0.000138533103151393,-1.40409811168834e-16,0.00021299718841723,-6.61925501751693e-06,-7.66580519493889e-06,0.00177124108333703,-5.60959167931719e-06,0.000295097848670185,3.57378532541391e-06,6.877290073723e-05,-0.00643690569223188,1.45047747268258e-16,-6.32765363762487e-16,-5.53945008146537e-05,4.67844638697894e-05,1.7478620508318e-05,4.28127995092678e-16,5.41284954021717e-15,-0.000190558696933065,-1.35160218512952e-16,3.03661800815289e-16,0.000252011075911559,1.58556040891806e-06,-7.78875379504855e-16,-8.87428789133345e-05,1.68768387498521e-16,-0.488904341212752,-0.000324282305819627,-2.88368471141405e-15,4.35240538295432e-15,-9.27471654174042e-05,8.32667268468867e-16,-4.12585315584509e-06,-1.6484899348185e-06,-7.89515065001169e-07,-3.05210195865122e-16,6.07549439783519e-17,-2.77691692031939e-06,1.03604762068558e-15,6.21754211570887e-08,3.2483333737909e-16,6.93412891702319e-17,-6.29584688195493e-05,-3.45845983693884e-16,1.69759862123667e-16,-6.11435200915044e-16,-1.60616313092859e-16,5.37363875083894e-16,-4.13462147538713e-16,5.74789812238193e-06,1.17718464382431e-17,-9.69792767061503e-16,-8.45651571571636e-17,-8.81616450257374e-16,2.63167681276388e-16,-6.37802386989248e-16,2.42596813480143e-15,-9.65732887194428e-15,0.707106781186549,5.08058129849281e-15,-6.3660444323368e-16
"t92",-0.03240961041001,-0.23319985873175,0.10022147274901,-0.0602150756592181,-0.250806287776854,0.0133549056427645,0.00276245863005102,-0.00463462839582379,0.000152085214328026,-0.00999642704447187,0.014096124006113,-0.233535578503685,0.00384789152767285,-0.0044053490753205,-2.31172391523858e-07,5.03472030052572e-05,-0.00188496485027683,0.116544016267514,-0.221669683649018,-0.000789709666232212,6.99032703454382e-05,0.000158929337571828,0.000154424755119,-3.23892754340894e-05,0.000202119486942713,-0.000205970052700572,0.00254049909179935,2.7880281454436e-05,-0.000138533103151561,1.80520035874805e-16,0.000212997188417474,-6.61925501710039e-06,-7.66580519464109e-06,0.00177124108333632,-5.60959167916776e-06,0.000295097848670164,3.57378532524435e-06,6.87729007360485e-05,-0.00643690569223226,2.05933907124303e-16,7.7862259366367e-18,-5.53945008142597e-05,4.6784463870108e-05,1.74786205086393e-05,1.08330570986932e-16,5.54525427950855e-15,-0.000190558696933257,-1.38554856837982e-16,1.74928456251831e-16,0.00025201107591189,1.58556040926824e-06,-7.16465418004006e-16,-8.87428789135403e-05,2.68732018453422e-16,-0.488904341212751,-0.000324282305819663,-3.02431639727116e-15,4.36610798292201e-15,-9.27471654177118e-05,-5.55111512312578e-17,-4.12585315655432e-06,-1.64848993472413e-06,-7.89515065432788e-07,1.00383401842385e-16,3.433224824718e-16,-2.77691692056277e-06,6.06614953769177e-16,6.21754213850206e-08,-1.19261822387822e-16,-2.22311020997178e-16,-6.2958468820316e-05,-9.94677966327194e-17,-9.36009348797555e-17,8.59935968452617e-17,-1.00024116353704e-16,-8.41406275214674e-17,-6.99775105801193e-16,5.74789812321136e-06,-2.1027133432107e-17,7.38045316653211e-17,1.29201887328441e-16,8.35295327078328e-16,-2.86718598049184e-16,5.83794102618114e-16,-2.4202625670069e-15,9.60006902021309e-15,-0.707106781186548,-5.04807397373211e-15,5.88376947818299e-16
"t49",-0.0322475218830696,-0.230905263170231,0.0992207708157792,-0.0591224967195793,-0.245541666271168,0.0130700534118459,0.00267705231249782,-0.00448694840153896,0.000146402598964014,-0.0095480117548486,0.0134067432844697,-0.21928814324473,0.00360413775055377,-0.00410229708624788,-2.13681644149971e-07,4.63637785984648e-05,-0.00172524682159147,0.105608424935021,-0.200812816656769,-0.000704144674272685,6.17585931198773e-05,0.000135619701415106,0.000127295492552067,-2.61349232176386e-05,0.000161464497519384,-0.000162749386252111,0.00198894044610534,2.10218048171574e-05,-0.000103626075086516,1.142751322482e-16,0.00015315049932536,-4.64989592969842e-06,-5.37050301708787e-06,0.00122909567245738,-3.79384513915936e-06,0.000196614252819021,2.34961672278362e-06,4.3690218882795e-05,-0.00408787029870259,-6.96151561982431e-17,5.36764127733345e-16,-2.52188046043314e-05,1.92257880365604e-05,6.88134872597988e-06,3.38800074951096e-16,2.23305064790799e-17,-3.70044797418509e-05,-6.70275128939683e-16,1.96021809277025e-16,-4.44382070603267e-06,-2.64314259924343e-07,9.50995169259861e-16,4.84120710648276e-05,-6.01075002439521e-16,0.510695267332973,0.000383218966016728,3.64034876702699e-15,-4.88628494206886e-15,0.000213022652717049,-8.32667268468867e-17,2.25605280972232e-05,1.73093486818063e-05,2.08824955500766e-05,-1.26628981855422e-15,-1.37755614316321e-15,-3.24458016419585e-05,-0.707106781186549,3.21930779683618e-07,9.71982260750424e-16,2.27419720949142e-16,-0.000207618025145025,-7.75998683664816e-16,1.7040828847644e-15,-5.22488014903764e-16,1.04338144797954e-15,-4.21165472442681e-16,-1.48835173476997e-15,1.35968745646928e-05,3.93412289622497e-16,3.30036410802737e-16,1.102332398117e-16,-2.14764071863351e-16,7.83490272804897e-17,8.79998262384871e-17,-4.54526600482604e-16,6.89348486617122e-16,6.69139616356827e-16,9.23700585936307e-17,-1.33666451919366e-16
"t50",-0.0322475218830696,-0.230905263170231,0.0992207708157792,-0.0591224967195793,-0.245541666271168,0.0130700534118456,0.0026770523124975,-0.00448694840153852,0.000146402598963985,-0.00954801175484854,0.0134067432844697,-0.21928814324473,0.00360413775055384,-0.00410229708624785,-2.13681644150405e-07,4.63637785982224e-05,-0.00172524682159157,0.105608424935021,-0.200812816656769,-0.000704144674272806,6.17585931198298e-05,0.000135619701415044,0.000127295492552132,-2.61349232172739e-05,0.000161464497519141,-0.000162749386252334,0.00198894044610537,2.10218048173619e-05,-0.000103626075086519,-1.36117481872527e-16,0.000153150499325365,-4.64989592952714e-06,-5.37050301678441e-06,0.0012290956724581,-3.79384513923238e-06,0.000196614252819011,2.34961672281429e-06,4.369021888303e-05,-0.00408787029870245,-3.34289000196439e-16,2.37875820049667e-16,-2.52188046043527e-05,1.92257880361507e-05,6.88134872566578e-06,-7.22322926609822e-16,8.00618478977603e-16,-3.70044797420694e-05,8.85779933169062e-16,-6.68641537215363e-16,-4.44382070597605e-06,-2.64314259860264e-07,5.30046709468172e-16,4.84120710646481e-05,2.16105348294173e-16,0.510695267332975,0.000383218966014966,2.44786380904185e-15,-4.7001901606587e-15,0.000213022652718744,9.15933995315754e-16,2.25605280983914e-05,1.73093486797555e-05,2.08824955463845e-05,1.53806431802165e-15,1.15397070120568e-15,-3.24458016560238e-05,0.707106781186547,3.21930778721813e-07,-1.12917860986356e-15,-1.44241876184005e-17,-0.000207618025146064,9.0296929644974e-16,-1.69143250304207e-15,9.57994688050218e-16,-7.16735167299114e-16,-3.72884874790663e-18,-5.86199432567236e-16,1.35968745653782e-05,-3.38132398792835e-16,1.17058685104612e-16,-7.8976360423022e-17,1.13098664671618e-16,1.68620919481782e-17,-9.64923963150511e-17,4.05993033467927e-16,-3.73211761370634e-16,3.81056596379867e-16,-2.83159676581716e-17,-1.98952133105513e-16
"t10",-0.0307254393412435,-0.208506457367032,0.0894407688588414,-0.0476821178727586,-0.18900940531659,0.0100019591698982,0.00167050856114725,-0.00273014988005221,7.49105678779314e-05,-0.00342735494702656,0.00354516188665059,0.018585860317876,-0.000601127656819174,0.00156465319172846,1.52010336680521e-07,-4.21727352311537e-05,0.00222866468608954,-0.226089090886099,0.435866078983832,0.00333317286756131,-0.000495445430126471,0.00263577907014685,0.000984354565744009,-0.000166397522060396,0.000967977738356912,-0.000926822889063058,0.010944036841731,0.000106592429024738,-0.000521072519855394,-6.26747005572447e-16,0.000766202534565497,-2.3886177547954e-05,-2.77204891389723e-05,0.00647476499377153,-2.19061198310888e-05,0.00124898851987618,1.71385978234619e-05,0.00342742193160735,-0.395734340789264,-5.28277071235058e-16,0.707106781186548,-9.26653920946054e-05,7.68520573618912e-05,2.84432196385229e-05,8.37460964264109e-17,8.86258201436358e-15,-0.00026798645133006,5.06829896859352e-16,-8.2590755626237e-16,0.000292244998259832,1.56806595330016e-06,4.58727724837368e-16,-5.01346218655336e-05,5.35736115024387e-17,-0.00926593787915528,4.20544583856963e-05,-3.00571011312893e-16,3.11381427901267e-16,0.00012305339789853,2.22044604925031e-16,1.93767259793518e-05,1.65228883101921e-05,2.12275691516948e-05,-8.74870786879044e-17,7.23652538720393e-17,-3.7218707977303e-05,3.71134188492668e-16,4.04703138893843e-07,6.15773440833455e-18,1.65976418571168e-16,-0.000283277043263013,1.19732929106916e-16,6.23133563122167e-17,3.14854050340291e-16,1.40700287623403e-16,7.64772609689315e-17,-1.73311628493441e-15,2.00092422354091e-05,-1.12399320499375e-16,-1.93502536555666e-16,1.20965954647085e-16,5.27896627602345e-17,-1.7272553515483e-17,-1.52923059921377e-16,-2.02486527509688e-16,-1.93856676627919e-16,3.29721042296236e-16,-1.48470254641324e-17,-3.61999169779456e-17
"t47",-0.0307254393412435,-0.208506457367032,0.0894407688588413,-0.0476821178727586,-0.18900940531659,0.0100019591698985,0.00167050856114725,-0.00273014988005238,7.4910567877829e-05,-0.00342735494702673,0.00354516188665005,0.0185858603178756,-0.000601127656819196,0.00156465319172873,1.52010336646694e-07,-4.21727352312301e-05,0.00222866468608963,-0.2260890908861,0.435866078983832,0.00333317286756143,-0.000495445430126464,0.00263577907014692,0.000984354565744287,-0.000166397522060481,0.000967977738356267,-0.000926822889062628,0.0109440368417311,0.000106592429024362,-0.00052107251985536,8.60675872018096e-16,0.000766202534565172,-2.38861775465508e-05,-2.77204891385677e-05,0.00647476499377239,-2.1906119830249e-05,0.00124898851987636,1.71385978238189e-05,0.00342742193160896,-0.395734340789265,-2.39167628816816e-16,-0.707106781186547,-9.26653920963184e-05,7.68520573609686e-05,2.84432196380237e-05,1.46124403340226e-16,5.22048168864037e-15,-0.00026798645132948,-6.90664148776717e-16,7.0877725310416e-16,0.000292244998259397,1.56806595450121e-06,-8.85642304986635e-16,-5.01346218661314e-05,3.80029079493781e-17,-0.00926593787915427,4.20544583867711e-05,2.0490524461303e-16,-2.84046921084574e-16,0.000123053397898777,-8.18789480661053e-16,1.93767259801751e-05,1.65228883105449e-05,2.1227569152359e-05,-6.7161921218848e-17,2.09289861156914e-17,-3.72187079774199e-05,-9.13314008343307e-17,4.04703139133013e-07,8.95776848008593e-18,-2.54358251957707e-16,-0.000283277043263881,-4.97824522547843e-17,-2.95034659232418e-18,-2.45611771413246e-17,-1.18802166798057e-16,-5.36139215139911e-18,-1.4658932697809e-15,2.00092422352452e-05,1.0808857173647e-16,-2.52180291377288e-16,-9.84488192400946e-17,-2.41658204179754e-16,3.31659445318817e-17,1.66780282983277e-16,3.94896629662873e-17,3.44479520506527e-16,-1.01932749435886e-16,2.71865974241646e-16,-5.58444907235438e-17
"t6",-0.0306488322139587,-0.207470552855401,0.0889896728516646,-0.0472354502005689,-0.186945195601051,0.00989086095842109,0.00164288935469858,-0.00268350354363936,7.33861662742252e-05,-0.0033417918190719,0.00344751685227365,0.017923596134107,-0.000578725773120225,0.0015002507449893,1.4497705139345e-07,-4.01093999841395e-05,0.00210972337638815,-0.212313012923038,0.409211568785845,0.00308645263299709,-0.000454821275489828,0.00232965358700865,0.000828650523668842,-0.000134873589891956,0.00076870695268306,-0.000718027945806737,0.00828434208242876,7.12441232573176e-05,-0.000336261254242681,-3.48315638487224e-16,0.000380625864724466,-8.81556181664327e-06,-9.73865201231405e-06,0.00182962341259947,-6.95822711976513e-07,-0.0002311640303451,-7.80005024267817e-06,-0.00706972574260214,0.828580677675591,7.2248634777453e-16,-6.83841962996134e-16,-0.000153837543716257,0.000119655399316017,4.34640920221177e-05,-1.40469871708194e-16,8.94425551116921e-15,-0.000366386896400376,3.1146061572919e-16,2.40440986275542e-16,0.000382212102533337,2.01563773566069e-06,2.94319785161717e-16,-6.28901351409191e-05,-9.26209618723913e-17,-0.0114454644850328,5.18031782463093e-05,-1.1979899041592e-16,8.76641658118747e-18,0.00014963726662781,-3.00974523081976e-16,2.33062285705846e-05,1.97827657848037e-05,2.53325013223936e-05,2.09793282545394e-16,-5.87327530038931e-17,-4.40660888507184e-05,5.04678405717863e-17,4.7531128306346e-07,-2.86496824847472e-17,2.00286315408338e-16,-0.000329491022057524,-1.86633430110693e-16,9.8556727686393e-18,-2.01861201111835e-16,9.13966438709986e-17,-2.65215388523853e-17,-1.96576704678562e-15,2.29808761835433e-05,-2.88265756970173e-17,3.12327329618822e-16,1.11167225150799e-16,-6.99119665411558e-17,2.60838883826273e-17,-4.87900887018277e-17,-2.39818702616163e-17,1.60194130866778e-16,-6.88294282963201e-17,-7.23670679408722e-17,-2.29644426806676e-16
"t78",-0.0291189752241958,-0.184276208955093,0.078852718535025,-0.0346577900972744,-0.123307193680834,0.00642697913632985,0.0003916624647613,-0.000475127956953703,-2.32349568565285e-05,0.00604628921955008,-0.0130655866494654,0.625854237054742,-0.0128809488404089,0.0284841895478647,-0.000542991314288919,0.000627304790846952,-0.00776205887634885,0.0966673514104963,-0.169926726441204,0.00214758871997141,-0.000424092224885396,0.0029746995735236,0.00116960506722508,-0.000199159803117077,0.00115877250887537,-0.00110773261307839,0.0130458631540686,0.000124338501282731,-0.000603630471275879,-2.65795970348942e-17,0.000844048043419355,-2.50755276924219e-05,-2.88984961749284e-05,0.00656604879619775,-1.99206320389051e-05,0.00102184112388896,1.20681894833794e-05,7.97247511179812e-05,-0.00398957563779263,-9.67934211784157e-18,-1.46573161732874e-16,-0.000148761838883491,0.000119999961261779,4.40615700189923e-05,-1.662115769831e-16,1.04064605155117e-14,-0.00039632915736735,-1.86183449766568e-16,2.55816924302901e-16,0.000423887675012258,2.25443117945078e-06,-1.90346515000875e-16,-7.06119597828371e-05,-2.36239715917551e-16,-0.00312329197929549,6.71244194731926e-05,-2.76853051072366e-16,-6.63438091892548e-17,0.000177697488564515,-2.41993924898765e-16,2.76466660133159e-05,2.34941829843614e-05,3.01177815872136e-05,1.66599860705639e-16,-3.92936060320645e-18,-5.25560983607392e-05,2.0904281357812e-16,5.68982164571454e-07,-2.22670823818361e-16,-1.05034842565352e-16,-0.000396299850702164,-1.05326552694038e-15,-2.29642211078511e-16,6.18318917776041e-16,-2.51077323136375e-16,2.40279665687707e-16,-2.35166966297008e-15,2.78176306344696e-05,1.61688724393002e-14,-0.707106781186548,1.17037415195174e-15,1.20906152195717e-15,-8.37350432904593e-19,-3.72748691493832e-16,2.66731643312037e-16,-2.13117373644602e-16,-4.87484437883746e-16,2.41073039112117e-16,9.09197881315738e-17
"t79",-0.0291189752241958,-0.184276208955093,0.078852718535025,-0.0346577900972743,-0.123307193680834,0.00642697913632985,0.0003916624647608,-0.000475127956953758,-2.32349568566464e-05,0.00604628921955008,-0.013065586649465,0.625854237054741,-0.0128809488404089,0.0284841895478649,-0.000542991314288708,0.000627304790846849,-0.00776205887634882,0.0966673514104964,-0.169926726441204,0.0021475887199713,-0.000424092224885418,0.00297469957352392,0.00116960506722506,-0.000199159803117134,0.00115877250887552,-0.00110773261307846,0.0130458631540686,0.000124338501282557,-0.000603630471275568,2.96987022401112e-17,0.000844048043419362,-2.50755276924141e-05,-2.88984961751027e-05,0.0065660487961978,-1.99206320389381e-05,0.00102184112388909,1.20681894833761e-05,7.97247511180837e-05,-0.00398957563779291,5.83410718031269e-17,-3.51605214283044e-16,-0.000148761838883894,0.000119999961261306,4.40615700192598e-05,2.62318840168391e-16,9.83112270357326e-15,-0.000396329157367361,1.46339740845473e-16,-1.6311295991983e-16,0.000423887675011923,2.25443117956002e-06,1.59893853025228e-16,-7.06119597829e-05,2.82770742556818e-16,-0.00312329197929596,6.71244194734033e-05,2.36047790426374e-16,7.08015305090922e-17,0.000177697488564399,-2.53269627492614e-16,2.76466660137759e-05,2.3494182984531e-05,3.01177815872141e-05,-1.35248511115977e-16,5.56308315537158e-17,-5.25560983605735e-05,1.57401762143023e-16,5.68982164751713e-07,1.91188020935857e-16,1.49686193092361e-16,-0.000396299850702109,9.9741054918306e-16,1.99397586461636e-16,-5.95863687207533e-16,2.73991388153805e-16,-2.11124592158558e-16,-2.23391878565723e-15,2.78176306346932e-05,-1.61454329524758e-14,0.707106781186548,-1.12782273789938e-15,-1.26784243580736e-15,5.12028194883358e-17,3.58636641858085e-16,-3.50489471044472e-16,3.600382251632e-16,2.18714897426082e-16,-1.17018463570061e-16,-5.55512689401493e-16
"t31",-0.0859305179820967,0.00959350067824959,-0.00307698579874277,0.274366987304495,-0.0139395815459328,-0.0285038860203122,0.0203812800777544,-0.00340028742195714,-0.373905926492107,-0.00618680958644974,0.0337710472064934,-0.00521593755715076,-0.000317675366454964,0.00239683045180505,-0.00183064811320198,0.000517516254615289,-0.00648204504317623,0.00187140267295505,-0.000460871835285842,0.000758346839472943,-0.000731712159737021,0.0047832349162148,0.00178000777687828,-5.91999892142269e-05,0.000333239185721807,-0.000288025174786507,0.00110520708792877,0.000188678791494223,-0.000889443361259748,-1.87689717786082e-16,0.000232261610381871,-6.1673583768598e-06,-3.13374157819294e-05,0.000475038626159639,-5.27037887711261e-06,0.000254757876486361,1.37836530585207e-05,1.02225135606489e-05,-5.06688755788475e-05,6.51057186146592e-17,6.64440316060994e-16,3.9392561794445e-05,-8.902684098065e-05,-9.22899555800313e-06,1.09544543086898e-16,-4.69443995285404e-14,0.0071198084425692,-2.26642739727351e-17,6.91681694367515e-15,-0.815789035643648,9.7802056234049e-06,2.09301477004754e-15,-0.00197746909520263,1.27357916788507e-15,-0.00054554158540931,0.313095929801784,-4.72702271992172e-16,-3.97880182454743e-16,0.000178241661603735,2.18575157973078e-16,0.000119736772569807,9.9019507274954e-05,2.80221979651364e-05,2.99874528639418e-17,2.82289709694721e-16,-4.66579566574324e-05,4.44278368753367e-16,4.82403292036408e-07,-4.74130743021152e-17,-1.3272603660419e-16,-9.39148392625766e-05,7.13562854235752e-17,1.2354360794575e-16,5.16116195576463e-16,-1.90975024812048e-16,3.08061459317837e-17,-1.74514490843275e-15,2.11178262577151e-05,-2.31891015868486e-17,-1.42484352257926e-16,6.8324123140544e-17,4.31237917496443e-17,-5.82621431671151e-17,-8.30665277785409e-17,-3.55579691789162e-17,2.26534969632051e-16,-9.40704042681306e-17,3.6320419587612e-18,-1.42140280730605e-17
"t39",-0.0862402965394782,0.00966224494077668,-0.00309936710205431,0.278057657870614,-0.0141578478753998,-0.0289577348997763,0.020861682838311,-0.00348306565702623,-0.384711697980691,-0.00640513383214086,0.0350824334116868,-0.0054758238580393,-0.00033420190555677,0.00253400719867536,-0.00194781084934145,0.000552445216338827,-0.00695711487219819,0.00202679311082214,-0.000499270060798321,0.000833828723601604,-0.000811739883636128,0.00549918151630899,0.00212809449643699,-7.2652525283998e-05,0.000414250019640128,-0.000363264060908156,0.00141157604379169,0.000254632227458038,-0.00121548315996256,-1.76544631814078e-16,0.000339500061510241,-9.42134060761299e-06,-4.81294045304751e-05,0.000743856330382615,-8.7250766448271e-06,0.00043678940881918,2.4424799313971e-05,1.99012963945608e-05,-9.87413957736008e-05,-1.56940669825133e-16,-7.08426872318751e-16,-0.000263866234750233,0.00020655955115101,1.64067184735299e-05,1.40176669622897e-16,1.55231319868575e-14,-0.00154441098083011,-3.66541258938722e-16,-1.81567986800681e-16,-0.0366722131565247,9.86042788315907e-07,1.21325870027618e-15,-9.38221964334986e-05,-1.38847604190076e-15,0.000495309050733491,-0.867057879606569,-1.22218154316172e-15,5.27931236470548e-16,0.000190198909163672,-1.21994428448069e-15,9.78976394641692e-05,7.75973426340065e-05,2.15381678025169e-05,-5.69969709170356e-16,-2.42023011702652e-16,-3.50125155884588e-05,-1.07611471934277e-15,3.60204543759905e-07,2.35544812521106e-16,-4.62277287818591e-17,-7.06504864747687e-05,3.85763236455516e-16,-8.66266046791912e-17,7.52810691783687e-17,9.77400505467341e-17,-1.23613246714566e-17,-1.29380997786959e-15,1.62165903244421e-05,1.0857413629172e-16,-6.42043464255621e-17,4.68239565642349e-17,-2.62541478550103e-16,1.64915258585577e-16,1.32958243181219e-16,3.73042043470701e-17,-1.39435777073209e-16,1.73162680988051e-16,-2.46301561960901e-17,-5.83339594566297e-16
"t60",-0.0865759030919516,0.00973660056866522,-0.00312357413948505,0.2820384642682,-0.0143930467246877,-0.0294467361756981,0.0213776119665167,-0.00357193669563651,-0.396290997013221,-0.00663848393807127,0.0364821112526499,-0.00575203931900883,-0.000351752416555326,0.00267940412863867,-0.0020716925245097,0.000589331804064952,-0.00745780435253754,0.00219002775110446,-0.000539602894535995,0.00091270294397483,-0.000895113363742664,0.00623667618871399,0.00248266660638208,-8.62618041416394e-05,0.000495941655087984,-0.000438869740799902,0.00171853080917209,0.000319926307283537,-0.00153745137265515,1.48656285876492e-16,0.000444089896990962,-1.25719653213557e-05,-6.43743134892578e-05,0.0010031449808373,-1.20309285521437e-05,0.000610177913720047,3.4519433418307e-05,2.89875926709434e-05,-0.000143866533812306,-3.6290312153167e-17,-1.19255272248879e-16,-0.000522654890894933,0.00045211179299556,3.74725756455531e-05,1.61674105954733e-17,5.86406685251848e-14,-0.00769123454029278,1.00516938118128e-16,-3.2101007692644e-15,0.408005666893878,-3.04395142994196e-06,-1.24919135554673e-15,8.79691780333158e-05,-4.03764558601369e-16,-0.000192498815639926,0.274024537925214,1.25087010395915e-15,-7.73234432162892e-16,-7.8967697553483e-06,3.44234189764148e-16,1.2936921431714e-05,1.50020640432486e-05,5.03309996314252e-06,9.02052217097703e-16,6.48505990607153e-17,-1.12418246081968e-05,-1.74558573165824e-16,1.43376446117544e-07,-5.65497877389116e-16,-1.98102930818049e-16,-3.37433470263999e-05,0.707106781186548,-1.28597578218815e-14,-4.4499541688143e-15,-1.83321671649158e-16,-1.78375627078876e-16,-9.69945081586164e-17,9.16006838318868e-06,1.72398797517529e-17,-1.07691466186806e-15,-1.3345740911411e-16,-9.44335751131648e-17,1.41384756237983e-16,-4.56960861520574e-16,2.13465890788414e-16,8.65057134718343e-17,2.25259795711819e-16,9.6407387691974e-17,7.4184906819943e-17
"t61",-0.0865759030919515,0.00973660056866523,-0.00312357413948507,0.2820384642682,-0.0143930467246876,-0.0294467361756981,0.0213776119665168,-0.00357193669563647,-0.396290997013221,-0.00663848393807136,0.0364821112526498,-0.00575203931900879,-0.000351752416555314,0.0026794041286386,-0.00207169252450959,0.000589331804064804,-0.00745780435253754,0.00219002775110438,-0.000539602894535966,0.000912702943974858,-0.000895113363742456,0.00623667618871421,0.00248266660638227,-8.62618041418128e-05,0.00049594165508865,-0.00043886974079993,0.00171853080917213,0.000319926307283405,-0.00153745137265571,1.28399686947333e-16,0.000444089896990851,-1.25719653216068e-05,-6.4374313489263e-05,0.0010031449808372,-1.20309285524117e-05,0.000610177913720061,3.45194334185109e-05,2.89875926712544e-05,-0.000143866533812598,1.61655037357462e-16,1.88210906227938e-16,-0.000522654890895181,0.000452111792995705,3.74725756456008e-05,-1.19201061762144e-16,5.89546339634993e-14,-0.0076912345402934,1.3459627409393e-16,-3.14723681529597e-15,0.408005666893877,-3.04395143004704e-06,-2.0703533508055e-15,8.79691780331059e-05,6.60931917637472e-16,-0.000192498815639694,0.274024537925213,3.39053222107715e-16,4.19209113814753e-16,-7.89676975533962e-06,3.91396984267267e-16,1.29369214311706e-05,1.50020640426142e-05,5.03309996276722e-06,-2.11949082969334e-16,2.38372294752392e-17,-1.12418246062352e-05,9.27535189093273e-16,1.4337644643909e-07,4.15335143107921e-16,4.5340751945477e-16,-3.37433470243495e-05,-0.707106781186548,1.28691079320583e-14,4.43779716540344e-15,3.96166586984822e-16,1.89739828464443e-16,-1.42901484963577e-15,9.16006838367397e-06,-7.75632186702501e-17,1.01933845607925e-15,1.15514874138048e-16,8.7130831523969e-17,-1.57203097764209e-16,3.47347560047481e-16,-2.80076984779764e-16,3.43928234956258e-16,1.72331383908743e-16,5.53504040370252e-17,2.91434932087348e-17
"t64",-0.0866677771463541,0.00976090859241752,-0.00313153225531247,0.283902831444859,-0.0145211282237799,-0.0297182404712716,0.0220305223756571,-0.00370198217617508,0.264967078369218,-0.00650531201769015,0.0362200062664244,-0.00590540055876661,-0.000365208847722915,0.00293124958935126,-0.420875154739876,0.000425930103217405,-0.00653279383424721,0.00202142028613831,-0.000498410338471394,0.000860982917445352,-0.000848703230327291,0.00595838564078185,0.0023768144340724,-8.26271090359591e-05,0.000475123852442749,-0.000420512228932329,0.00164684248384846,0.000306745518603123,-0.00147432495846042,2.33414316329276e-16,0.000426288023313126,-1.20785654771829e-05,-6.18551269002624e-05,0.000964313066284577,-1.15814797995856e-05,0.000587957330559552,3.32947432648083e-05,2.80428923968056e-05,-0.000139182555437253,2.21442527703672e-16,-5.06702527822581e-16,-0.000547118261003947,0.000497688576178053,4.23492082229117e-05,9.65733597334312e-16,1.87504995588087e-13,-0.387603178099171,-3.83736445814172e-15,-3.95891642656238e-16,-0.00189678638708005,-1.43187066141306e-07,4.736291336091e-16,-0.000499251568424012,2.8839236248005e-16,-4.41435923169559e-05,0.000194794758110968,-5.58924578948392e-17,-5.96101905801046e-16,4.52959249952912e-05,-5.19658101272302e-16,3.5188743341858e-05,3.10831730276099e-05,9.20814392347223e-06,1.95885302053949e-16,7.70354361998158e-18,-1.70111006186193e-05,-1.02158883230881e-15,1.93631606062403e-07,-3.84712344057586e-16,-7.51927473245847e-16,-4.18068088022285e-05,4.50846420401972e-15,7.54634681707507e-16,0.707106781186547,-9.7269393241396e-15,-2.6325319076919e-17,-8.92544770265049e-16,1.05797486767544e-05,-3.04648571684385e-16,4.09568345731252e-16,-5.74459122182652e-17,-5.70403221605472e-16,-2.47427026308304e-16,5.11057701161176e-16,-3.45562907957461e-16,-9.76772672526098e-17,3.16143375223405e-16,-2.30145685612431e-16,-5.57261901306509e-17
"t65",-0.0866677771463541,0.00976090859241753,-0.00313153225531247,0.283902831444859,-0.0145211282237798,-0.0297182404712715,0.0220305223756572,-0.00370198217617507,0.264967078369218,-0.00650531201769016,0.0362200062664245,-0.00590540055876656,-0.000365208847722912,0.00293124958935118,-0.420875154739876,0.000425930103217287,-0.00653279383424699,0.00202142028613825,-0.000498410338471436,0.000860982917445297,-0.000848703230327402,0.00595838564078166,0.00237681443407228,-8.26271090358724e-05,0.000475123852442805,-0.000420512228931996,0.0016468424838485,0.000306745518603364,-0.00147432495846048,-2.88042058752946e-16,0.000426288023312904,-1.20785654771785e-05,-6.1855126900422e-05,0.000964313066284615,-1.15814797995847e-05,0.000587957330559552,3.32947432647624e-05,2.8042892396868e-05,-0.000139182555437226,-5.85252628772651e-18,3.85490067644333e-17,-0.000547118261004176,0.000497688576178074,4.2349208223269e-05,7.05180442042703e-16,1.87658014443457e-13,-0.38760317809917,-3.5927826580075e-15,-4.58059381927116e-16,-0.00189678638708046,-1.43187066398371e-07,-6.1575315318384e-17,-0.000499251568424001,-3.4474546097896e-16,-4.41435923165256e-05,0.000194794758111287,-3.79010666581263e-16,-1.14044698893998e-16,4.52959249947621e-05,9.54097911787244e-18,3.51887433415144e-05,3.10831730277539e-05,9.20814392332565e-06,-2.42538919233978e-16,5.00585933020748e-17,-1.70111006190278e-05,8.92058786731945e-16,1.93631605564063e-07,3.34585431452362e-16,7.70215410141121e-16,-4.18068088089488e-05,-4.37434822290539e-15,-7.09718413093066e-16,-0.707106781186548,9.72159579607417e-15,-2.08922206995017e-17,-7.83923040036096e-16,1.05797486747716e-05,3.59095087308351e-16,-3.30144698282592e-16,7.70718148297945e-17,4.21074613058502e-16,2.63105682893605e-16,-4.39034617850622e-16,2.65682345137264e-16,3.69104571721337e-16,4.79848688156503e-17,3.78575093425856e-16,-1.5442060924734e-16
"t26",-0.0860675645982577,0.00962739149637457,-0.00308805914007673,0.276693094802673,-0.0140935249438954,-0.0288287646864004,0.0210672008924621,-0.0035350143327415,0.250889733367928,-0.00608779183114121,0.0336769804423899,-0.0053828870403205,-0.000331589097959101,0.00263686010887274,-0.374111849649728,0.000376295239212912,-0.00571354552418513,0.00173847760730989,-0.000428439567216984,0.000720043869921971,-0.000698224650144547,0.00459198044576993,0.00170619342434349,-5.6577144010389e-05,0.000317887030528041,-0.000274110610504336,0.00104943830396472,0.000177012364044722,-0.000831777280509899,1.89409337475326e-16,0.000212879531303403,-5.5637358998752e-06,-2.82114629945695e-05,0.000424334474959492,-4.59206624954368e-06,0.000218073621955191,1.1585972073308e-05,8.08344091969906e-06,-4.00371529169948e-05,-1.72482662755124e-16,3.85991017959076e-16,0.00018432908738529,-0.000270514509146488,-2.67524015223689e-05,-1.72287684553613e-15,-3.38067087406821e-13,0.836044494886689,8.28261970456365e-15,9.62614182383353e-16,0.0127542878091266,3.58292349103822e-06,-5.81404078836016e-16,-0.00488236925579787,-6.34617878012097e-18,-0.000237407275442358,0.000971772684312939,3.47654239321188e-16,-1.36061348865881e-16,0.000170039361996093,7.18283939271647e-17,0.000109908310384339,9.08590814230276e-05,2.57508227196526e-05,1.17335312425842e-16,-3.17721778246377e-18,-4.31454938399703e-05,2.87699729838694e-16,4.49555516208197e-07,5.79840246924684e-17,1.31440879124618e-16,-8.83307463720078e-05,-1.3497561417303e-16,2.03133381557362e-17,2.7107308202939e-16,8.57283033164014e-17,7.31179571318345e-17,-1.58739938268285e-15,2.00766354042578e-05,-4.23766212846288e-17,2.53714224546113e-17,9.63718589685621e-17,-4.00997729534874e-17,8.83995746959175e-18,-5.0554227396311e-17,-7.2427279072298e-17,-3.11575641282298e-17,8.02761421549681e-17,1.84388210195457e-17,-1.61304885841055e-16
"t37",-0.0863768951148327,0.00969407321680354,-0.00310974832625765,0.280052572015464,-0.0142868936794776,-0.0292294609872002,0.0214438074344779,-0.00359907669754987,0.255600166984527,-0.0061881921742728,0.0341053090883766,-0.00524167270856103,-0.000316534751315194,0.00226142242675694,0.413333673798413,0.000712570567861837,-0.00786778077144756,0.00219940549481787,-0.000541500481769571,0.000891671641846725,-0.000866386774977409,0.00588853193975675,0.00229812255252321,-7.89383972485055e-05,0.000451444328599088,-0.000397211037946529,0.00154794518015143,0.000282634054321891,-0.0013526976519401,1.43501416905899e-16,0.000382881933058188,-1.07104806293563e-05,-5.47663619107717e-05,0.000849244380888306,-1.00513022696196e-05,0.000505853719216187,2.8421221898852e-05,2.34453931433386e-05,-0.00011633990343006,-1.79449995405968e-16,4.28818674480014e-16,-0.000353844433127146,0.000289428942878097,2.34331441340766e-05,5.51018108996408e-17,2.99560878856146e-14,-0.0125154997018416,-1.12997769568809e-16,6.58099511605916e-16,0.00334922667411419,1.43839947967144e-06,-4.41025948891563e-15,-0.404561788457802,-1.91385895162655e-15,-4.99039727510642e-05,0.000247458793451196,2.84973263550474e-15,-0.707106781186545,6.4879743251714e-05,-3.81628322693173e-15,4.94751221237189e-05,4.31069769539641e-05,1.26372217860186e-05,-1.98899752077711e-14,1.68535109375192e-15,-2.27528622997325e-05,4.5997880142661e-16,2.52479323381154e-07,4.42014054902775e-16,-7.25922807423512e-16,-5.29827888929987e-05,-6.57995775120805e-16,8.27938738394305e-16,-2.8614629435849e-16,1.11266211023673e-17,2.65280846545241e-16,-1.00503286965354e-15,1.296963891248e-05,1.05392879183644e-16,-3.06676073796984e-16,1.81059553391186e-16,1.74421265062736e-16,2.41465244600058e-16,-1.37376386637875e-16,-3.25421397225236e-16,2.62697601725306e-17,1.85058270883819e-16,6.49593554605712e-17,-7.94524250207452e-17
"t38",-0.0863768951148327,0.00969407321680354,-0.0031097483262576,0.280052572015464,-0.0142868936794776,-0.0292294609872002,0.021443807434478,-0.00359907669754984,0.255600166984527,-0.00618819217427277,0.0341053090883766,-0.00524167270856103,-0.000316534751315073,0.00226142242675689,0.413333673798412,0.000712570567861892,-0.00786778077144754,0.00219940549481801,-0.000541500481769402,0.000891671641847017,-0.000866386774977468,0.00588853193975653,0.00229812255252355,-7.89383972481933e-05,0.000451444328599115,-0.000397211037946654,0.00154794518015141,0.000282634054321551,-0.00135269765193945,-4.17575975692633e-17,0.000382881933058271,-1.07104806295038e-05,-5.47663619107344e-05,0.000849244380888227,-1.00513022693706e-05,0.000505853719215965,2.84212218989708e-05,2.34453931433464e-05,-0.000116339903430046,1.92214197125602e-16,-2.04745532416045e-16,-0.000353844433128261,0.000289428942877271,2.34331441338956e-05,-3.39745763605836e-16,2.96576998609763e-14,-0.012515499701842,-3.63869263229464e-16,-7.63659284932546e-16,0.00334922667411422,1.43839948011694e-06,1.9748122376896e-15,-0.404561788457794,2.72799751393127e-15,-4.99039727379635e-05,0.00024745879345241,-6.22172007416433e-15,0.707106781186549,6.48797432436093e-05,1.41846170226279e-15,4.94751221201376e-05,4.31069769529623e-05,1.26372217858876e-05,1.99863301304472e-14,-1.53564562475375e-15,-2.27528622999962e-05,-5.16221760180951e-16,2.5247932257242e-07,3.79324544699231e-17,8.52874167718863e-16,-5.29827888925991e-05,3.06743575707458e-16,-7.77415245723933e-16,3.02412970577909e-16,2.05717983928449e-16,-1.71529967111799e-16,-1.11191660023259e-15,1.29696389122719e-05,1.05713904443664e-17,-2.76567230417024e-17,-1.25667529214595e-16,-2.86207993503591e-16,-2.498115836188e-16,1.07424390042766e-16,3.26569888828277e-16,2.40383675880039e-17,7.78500041517626e-17,9.21215011779422e-17,-5.24160657114359e-16
"t34",-0.0862668598396815,0.00966971035618147,-0.0031018169408629,0.278748569335481,-0.0142098101316174,-0.029069181269409,0.0212724295488346,-0.00356941524204595,0.253122237834124,-0.00611585829072725,0.0336696561451514,-0.00515755896732586,-0.000311253262937627,0.00222031617665008,0.405036814616028,0.000697582906595773,-0.00768996636400199,0.00214406222134954,-0.000527835301270277,0.000865537656258103,-0.00083894629658246,0.00564941705693509,0.00218431626065195,-7.45943420930248e-05,0.000425433832077996,-0.000373203228794458,0.00145069462500675,0.000262134513374764,-0.00125180726695767,-2.31567657627223e-16,0.000350420704650564,-9.73819834122653e-06,-4.97565378357988e-05,0.000769470409818144,-9.04072407070496e-06,0.000453050384807668,2.53574589929083e-05,2.07121017214455e-05,-0.000102766803667997,-1.15611660617105e-16,-2.68839952406938e-16,-0.000283221142424295,0.00022463043386689,1.79536533461214e-05,4.4969023176325e-16,1.96788018359353e-14,-0.00782589361966179,-3.7290687338938e-17,-5.53144991493836e-18,0.00132158282757343,1.95690554469165e-07,2.37862062622732e-15,0.820140786338867,-8.09775210797311e-16,-0.000221144573966159,0.000847365456005972,3.39655944791973e-15,-4.72226649985699e-15,0.00012831104204851,1.67983574099473e-15,8.02366612651386e-05,6.6101261987821e-05,1.8731554012389e-05,2.93422776602127e-17,-8.85799465653197e-17,-3.15529618001922e-05,2.00441285045085e-16,3.32392944197603e-07,-4.69328126931952e-16,-8.56730791248116e-17,-6.64627096072302e-05,-1.39210247362007e-16,-3.42453168420701e-17,-9.58867492727253e-17,-2.14104319354093e-16,-9.0652648710096e-17,-1.31326851301658e-15,1.55126234837599e-05,-8.66338143783686e-17,-7.40971810152867e-17,-1.95878973749087e-17,2.22975370881527e-17,7.38218546802594e-17,-3.74107812204576e-17,-4.41239444493062e-17,-4.1456105830962e-17,2.38982031287058e-18,-7.30536359949272e-17,9.76123132391418e-17
"t95",-0.104888658804427,0.0459083730444261,-0.0177217034345901,-0.00501802215270991,-0.000264197048827685,-0.000512396000004433,-0.0473531657649904,0.000533057380826103,-0.000628043772335088,0.0226344091010887,-0.549707551643878,-0.0212966300329661,-0.00114997503015773,0.0072855044836315,-0.00116869960600896,0.00737292577269382,-0.0799731765718554,0.00313027591806898,-0.000774545296748974,0.00137881803524,-0.00639107690607529,0.0377216543855947,0.0136532188467114,-9.37524308893475e-05,0.000547311709017284,-0.00048806555025227,0.00191836995645781,0.00155359371355081,-0.00740263773028096,6.10151673786946e-17,0.000472761017610956,-1.33886724409636e-05,-0.000292285391792585,0.00106633445330966,-1.27537282363817e-05,0.000645939939502571,0.000154148693434535,3.06466412180248e-05,-0.00015210274721184,1.40155815130375e-15,-6.99411754793119e-16,-0.40226807647873,-1.23660575311602e-05,6.18188333439268e-06,1.74353263876109e-15,0.707106781176444,-0.00077116031509411,-1.43518517962031e-15,1.65571106269774e-15,0.000898218955930896,1.07746840610171e-06,1.6855862523115e-16,-0.00015669356296228,4.24472903973271e-16,-0.000112674505632071,0.000157215693015821,-1.73761102619052e-17,-3.20881139846287e-16,9.17407168360002e-05,-1.17229359899995e-16,0.000244821744817227,0.000208083454251967,1.57713492282552e-05,-3.18887658236354e-16,-3.19699374230895e-16,-2.77065374362923e-05,-4.61230407779366e-16,3.01905605622579e-07,-6.54980597948074e-17,3.37682421434211e-17,-6.23426789650708e-05,2.26014705267058e-16,-3.13644252440628e-16,4.59829769123938e-16,1.53554213386378e-16,-6.9695666019338e-17,-1.08021586061627e-15,1.50285381400606e-05,-1.85135007711925e-17,1.58238984658805e-16,1.36801933163105e-16,6.99201985814405e-17,-2.46474239153082e-16,-1.59152770724852e-16,9.12610620949113e-17,-6.81051375312727e-17,2.52385446148393e-17,-1.61124991756582e-18,-1.68659133956542e-16
"t18",-0.104888658804403,0.0459083730444053,-0.017721703434582,-0.00501802215270558,-0.000264197048827509,-0.000512396000003913,-0.0473531657649217,0.000533057380825327,-0.000628043772333969,0.0226344091010401,-0.549707551642584,-0.0212966300329026,-0.00114997503015424,0.00728550448360671,-0.00116869960600444,0.0073729257726643,-0.0799731765715123,0.00313027591805376,-0.000774545296745338,0.0013788180352322,-0.00639107690603563,0.0377216543852868,0.0136532188465716,-9.37524308882321e-05,0.000547311709010435,-0.000488065550245567,0.00191836995643143,0.00155359371352544,-0.00740263773015618,2.16848852302309e-16,0.000472761017601773,-1.3388672441131e-05,-0.000292285391785943,0.00106633445328553,-1.27537282359385e-05,0.000645939939485252,0.000154148693429688,3.0646641216805e-05,-0.000152102747207769,-4.29047490839434e-16,2.58619204685195e-15,-0.402268076445105,-1.23660575285373e-05,6.18188333284487e-06,-4.83879492143572e-16,-0.707106781196652,-0.000771160315721692,1.50098752169456e-15,-1.64352062522981e-15,0.000898218956058877,1.07746838616063e-06,-5.12352781977136e-17,-0.000156693562972923,-1.91577235266914e-16,-0.000112674505640398,0.000157215693022487,6.28854490304629e-17,-8.28241646530496e-16,9.17407168405347e-05,-4.60169283320738e-16,0.00024482174482926,0.000208083454261791,1.5771349228564e-05,4.47715769444024e-16,3.54804670695082e-16,-2.77065374363547e-05,3.36225525016865e-16,3.01905604765734e-07,-1.82270191610212e-18,2.35514616069564e-16,-6.2342678966883e-05,-1.56737662907129e-16,3.08423959279385e-16,-2.06299102880258e-16,-9.15619724311532e-17,1.66542746354674e-16,-1.46648462721343e-15,1.50285381409487e-05,2.00434161046471e-17,-4.292269786667e-16,-7.97869288339218e-17,-2.51003020957802e-16,3.0820288492264e-16,-1.7818117950796e-17,-1.70312086896154e-16,-2.33469312993416e-16,-4.46175700592773e-17,8.23303962071014e-17,-2.13034476978577e-17
"t27",-0.104663989158613,0.045713291178424,-0.0176452661199274,-0.0049781293838395,-0.000261755084058077,-0.000507580670961583,-0.0466970582077867,0.000525432203980167,-0.000617404179602699,0.0221677365721214,-0.537258439465254,-0.0206812069605902,-0.00111531546703236,0.00704455854457271,-0.00112562062356611,0.00708680881630107,-0.0766125493838734,0.0029819352388938,-0.000737720474731245,0.00130109136605724,-0.00599696811801514,0.0345941789905553,0.0122022650706948,-8.23200376048466e-05,0.000476351231215061,-0.0004205387595108,0.00163840227486834,0.00127508465828025,-0.00601925675969095,-2.96433638954672e-16,0.000364987449808063,-9.97365570961511e-06,-0.00021676480215692,0.000778066891072238,-8.86622423527158e-06,0.000434965972269219,0.000100629339013,1.81999666559116e-05,-9.02329673744817e-05,-1.10181821548386e-15,-7.83629290223537e-16,0.822396362253428,0.00377531305100251,6.2163327776657e-05,-1.23282387043833e-15,1.9028090778349e-11,-0.00149048389290724,-9.19532801420719e-17,6.8460587078502e-17,0.00143276057078093,1.62274181140761e-06,-3.0819842780516e-16,-0.000220113055524242,-3.01374335715953e-16,-0.000152311784774144,0.000211148023439992,-1.63846855076373e-16,8.26286560122274e-16,0.000119709464142154,-1.57277077646178e-17,0.000312259731480777,0.000262992122712843,1.98063788175405e-05,4.54039479960973e-17,-1.1088198231782e-17,-3.42801647922608e-05,1.05658897595724e-16,3.6814122663471e-07,6.88724647239115e-17,-1.94838106427935e-16,-7.47633517255723e-05,-1.11509457290435e-16,1.88790404877395e-17,-1.67617621781611e-16,1.56727906217999e-17,-5.24816778424135e-17,-1.34092590991584e-15,1.76564207196028e-05,3.18508918305617e-17,3.37840581246106e-16,3.73627620183043e-17,2.23782489901465e-17,1.82940760879447e-17,1.32562225618562e-16,-4.82446899354484e-17,4.03595304247867e-16,2.88454874113399e-16,-1.51583097650129e-17,-2.34914725045871e-16
"t21",-0.134348368132193,0.0852875272108735,-0.0334060256665814,-0.110503084418292,0.00188003565774824,0.00315032094359119,0.238018517102884,0.00302107397789851,9.5501416143267e-05,-0.00300082107274921,0.0489195727730075,-0.000615251230212391,-5.83852620136271e-05,0.000775560277648829,-0.000246680281341893,0.0054560553081098,-0.0947386496658397,-0.000616750089990681,0.00014402936746738,0.000181381594849025,-0.212250558651145,-0.000126125185465661,0.00118559358849188,-2.00970682632737e-06,1.26401481410909e-05,-1.10063693019302e-05,3.90367798463014e-05,-0.000215955688983201,0.0065845278790059,6.04626765825173e-16,1.61531901972239e-05,-3.46365663239298e-07,-0.00452750211754261,4.48740077284418e-06,1.41782471161592e-07,-1.39209135462809e-05,-1.46149874114324e-05,-1.81135564799413e-06,9.03439210654319e-06,-1.08198102935867e-16,5.94578140103334e-16,0.00254825977655422,-0.909423827418734,0.000136314528607177,2.30652960123429e-15,8.38642206201635e-14,-0.000776506156003248,2.40780488590221e-16,-2.36592425111532e-16,0.000616204948578919,6.58202556794857e-07,6.91543816099706e-16,-8.35192242189843e-05,5.87533815348794e-16,-5.62929085413388e-05,7.78811453432896e-05,1.84192281480574e-16,-3.86597073848399e-16,4.52915016403762e-05,3.78196822817256e-15,0.0998973867727947,0.000162576432748656,5.42058857742542e-06,1.61095053611209e-16,-4.03387544539367e-17,-1.01260980960097e-05,-4.42176749717812e-16,1.10384853992855e-07,-3.06441018974949e-16,-4.42738629967199e-16,-2.24435386042673e-05,-1.62634257057118e-16,4.21432845065018e-17,1.4004826759427e-17,3.52701624278222e-17,1.84891973866624e-16,-8.52039201085122e-16,5.27290936103153e-06,-1.46226228084921e-17,-3.16505028006187e-16,2.14022515038729e-18,-1.08933281142474e-16,4.45305661975538e-17,3.36079055097183e-17,2.28762323428426e-16,7.32384341851788e-16,-1.74611392749507e-16,1.44252428200873e-16,-4.46723546797337e-16
"t90",-0.136715334883426,0.0883058203141835,-0.0346064659988568,-0.117984139353844,0.00202919190020539,0.00340468289680406,0.267152983839928,0.00340393926831591,0.000110079564908987,-0.00357192977430824,0.0592858938919034,-0.000788944367909948,-7.57285168324212e-05,0.00103375459446891,-0.000340812298890603,0.00768046755552937,-0.137615302712711,-0.000945340633324854,0.000221113246871629,0.000305472054326204,-0.37891970956408,-0.000292253454869912,0.00394218172780703,-9.19746715606629e-06,7.04085804018595e-05,-8.05535464215093e-05,0.00038968422199126,0.00425955253838935,-0.0791628722463507,-1.02796873189029e-15,-6.52884082350258e-05,9.99575069503527e-07,0.0126406733378401,-1.12334367382352e-05,-2.76827278797125e-07,2.40458369791252e-05,2.28706013259933e-05,2.27213017192293e-06,-1.13101053768327e-05,7.71681446997997e-19,3.57497995705461e-16,-0.000965084102955449,0.271207361964928,-3.7062020395183e-05,-5.99236351136331e-16,-7.65383290622022e-15,5.98489800597846e-05,-1.32041273650847e-16,1.67690169685344e-16,1.87646962947208e-05,5.41040591022467e-08,-6.20089019381414e-16,-1.47717819005237e-05,2.15128560716315e-16,-1.52944639139341e-05,2.30554033895242e-05,7.51905912432269e-16,1.03486407587623e-15,2.31923882446916e-05,1.12709321042903e-14,0.360224343690414,-0.000176209696134295,-2.3531159996492e-06,-2.07373218422513e-15,-1.78436767145464e-16,5.65092305498428e-07,3.78560533679726e-16,8.31592266109602e-09,-6.33384248008493e-16,-3.86668812434422e-16,-3.68632860851034e-06,1.84506697725145e-16,1.01203767439266e-16,3.3017561081564e-16,-1.95101333338622e-16,3.91023604427912e-16,4.22421592552957e-17,1.29287957539859e-06,3.5562474902915e-16,-1.66954227507908e-17,-1.3027096175843e-15,8.20838186439617e-16,-1.61269608154403e-15,-1.2399213917114e-15,2.84603143993455e-16,0.707106781186548,9.8947768605263e-15,-3.63305447080398e-15,-3.9174953792427e-16
"t97",-0.136715334883426,0.0883058203141835,-0.0346064659988568,-0.117984139353844,0.00202919190020542,0.00340468289680403,0.267152983839928,0.00340393926831597,0.000110079564908987,-0.00357192977430827,0.0592858938919033,-0.000788944367909944,-7.5728516832442e-05,0.00103375459446893,-0.000340812298890436,0.00768046755552909,-0.137615302712711,-0.000945340633324873,0.000221113246871709,0.000305472054326239,-0.37891970956408,-0.00029225345487003,0.00394218172780703,-9.19746715631348e-06,7.04085804018317e-05,-8.05535464216967e-05,0.000389684221991362,0.00425955253838944,-0.0791628722463504,-1.61826204772752e-15,-6.52884082351091e-05,9.99575069483578e-07,0.0126406733378398,-1.12334367381745e-05,-2.76827278431098e-07,2.40458369791807e-05,2.2870601326008e-05,2.27213017188303e-06,-1.13101053765552e-05,2.82798915101055e-16,-2.09595967037734e-16,-0.000965084102955066,0.271207361964927,-3.70620203953356e-05,-4.02210429982782e-16,-7.72496365086095e-15,5.98489800597013e-05,-6.15903247257985e-18,3.67211692764419e-16,1.87646962948596e-05,5.4104059393897e-08,-3.4055560187604e-16,-1.47717819007002e-05,-3.24673367426535e-16,-1.52944639137675e-05,2.30554033900446e-05,1.22158731598975e-15,9.42617689868778e-16,2.319238824465e-05,1.12784402043348e-14,0.360224343690414,-0.000176209696134442,-2.35311600001523e-06,-2.26029908047669e-15,-3.53771108269975e-16,5.65092304879999e-07,-8.30772154237726e-16,8.31592212810223e-09,-5.93665800010593e-17,1.82782636368636e-17,-3.68632860866819e-06,-6.3412261385658e-16,-1.41778528020936e-16,-3.05113551975666e-16,1.51964433744583e-16,2.44005101297855e-16,-4.43565432261954e-17,1.29287957553736e-06,-3.26216170569231e-16,2.37674722631838e-16,1.31448328069577e-15,-9.28744425818636e-16,1.79107305551966e-15,1.26047341053833e-15,-1.96099380002392e-16,-0.707106781186548,-9.49332937881557e-15,3.56133293958405e-15,3.616325078769e-16
"t48",-0.136032332835747,0.0874384673928677,-0.0342615439759468,-0.11584967251443,0.00198674018426501,0.00333230964695013,0.258932666510988,0.00329600364954464,0.000105989717297621,-0.00341277528264026,0.056407544494367,-0.000741243838666264,-7.09758395642246e-05,0.000963354633815122,-0.000315309546216336,0.00707976755452938,-0.126097638474862,-0.000857835362166715,0.000200590500589459,0.00027288746133161,-0.335504603693895,-0.000250278969834428,0.00326671313553556,-7.46943700392216e-06,5.66443698847919e-05,-6.41449399357563e-05,0.000307639481378896,0.00324742077032675,-0.0599112301417892,-2.80080092970413e-16,-4.76536939635064e-05,7.14329783304581e-07,0.00901133687185164,-7.93937047039611e-06,-1.91187283778409e-07,1.6386513747111e-05,1.54022401999075e-05,1.48449652746969e-06,-7.38726255872235e-06,-4.74468799427123e-17,-4.73480006328383e-16,-0.000477247426018457,0.123823226701797,-1.63782534134821e-05,-7.14650219549974e-16,-3.98925406630098e-15,1.65842542258349e-05,9.33407227188445e-18,-1.85129818485778e-16,2.08359505715627e-06,-3.76172378836748e-11,2.98248063263132e-16,3.94720337875201e-06,-3.3162747635872e-16,8.93833917617326e-06,-1.53456965857508e-05,-2.2374296139942e-15,-2.1583280431683e-15,-2.88902854202328e-05,-2.79456430327292e-14,-0.854597489996066,0.000593772734415639,1.08440771529189e-05,5.04135011766958e-15,7.55456361143323e-16,-1.11521255642677e-05,7.90251495343207e-16,9.35264592850753e-08,9.07491179598053e-16,9.78777702639694e-16,-1.62451877669812e-05,1.96530118716266e-16,5.36748318233982e-17,2.03061831081536e-16,7.00681488038868e-17,-7.72225568047785e-16,-3.82873862234563e-16,3.48148839524054e-06,4.26289901976703e-19,2.6869905545669e-16,1.02177870486375e-16,5.32288358061658e-17,-6.89196024140647e-17,1.70766900844433e-17,-3.45517777787456e-16,-2.02690459939277e-16,4.08790845052665e-16,1.85074936266912e-16,1.80271127885019e-16
"t42",-0.133776273366775,0.0844635818465868,-0.0330771541921456,-0.108016316487399,0.00182713689272763,0.00305941969196593,0.225166671764761,0.00284871287732687,8.81247087998627e-05,-0.00266267557148732,0.0422411120461106,-0.000471013874346311,-4.32480288914881e-05,0.000522141106889764,-0.00013909558675182,0.00270490373938764,-0.0342031199900603,-3.331971606702e-05,6.22685630325629e-06,-0.000155578954911797,0.394456614544543,0.0438314279190047,0.0168711847376816,-3.0243975076202e-05,0.000215736086488889,-0.000233797895008841,0.00109638157677643,0.0118436448278815,-0.225256171648324,-3.00458702718481e-14,-0.000275969864999298,1.6693808405189e-05,0.433758786744198,0.000105601163670278,2.98992881284423e-07,-9.30764397558569e-06,-1.62943193963044e-06,6.75917141785622e-07,-3.38780107933469e-06,5.15216816247674e-16,2.51494246435169e-16,-0.000250561173193116,0.0236639252410955,-2.59421930620121e-07,5.74653297299172e-16,1.27831772944731e-14,-0.000137554303326803,2.14539856134446e-16,1.85748929264818e-16,0.000165509914818259,2.02340373521329e-07,-2.44051002349172e-16,-3.04021221584522e-05,9.53798948464248e-16,-2.24084364385768e-05,3.14198733373098e-05,9.18386975272534e-16,2.02634455303543e-14,1.88343594676428e-05,-3.35673068947571e-16,0.00405773160541132,0.00011053472387844,3.27790739268954e-06,-0.707106781186548,9.65818251308602e-14,-5.89295051246655e-06,1.36918471352332e-15,6.54848169176387e-08,-7.32704633258166e-16,-1.43335499915415e-16,-1.38424732219896e-05,5.16337732119065e-16,-1.66479336751709e-17,4.31160098943173e-16,1.45878897299535e-16,2.39522562724679e-16,-5.45869939113494e-16,3.44556507521723e-06,1.01622092738001e-16,-3.45643652588379e-16,-4.14519554620449e-17,-1.18716295814561e-17,-5.55906718460943e-17,-1.21150561226974e-17,-3.34011041654419e-16,-3.76489204395591e-17,9.50574254726666e-17,7.29197906992239e-17,-6.61688585867903e-16
"t43",-0.133776273366775,0.0844635818465869,-0.0330771541921457,-0.1080163164874,0.00182713689272761,0.00305941969196595,0.225166671764761,0.00284871287732688,8.812470879988e-05,-0.0026626755714873,0.0422411120461107,-0.0004710138743463,-4.324802889147e-05,0.00052214110688971,-0.000139095586751863,0.00270490373938774,-0.0342031199900601,-3.33197160671617e-05,6.22685630333132e-06,-0.000155578954911817,0.394456614544544,0.0438314279190048,0.0168711847376819,-3.02439750762068e-05,0.000215736086489078,-0.000233797895008553,0.00109638157677629,0.0118436448278818,-0.225256171648324,-3.05651360989204e-14,-0.000275969864999509,1.66938084051097e-05,0.433758786744199,0.000105601163670544,2.9899288141073e-07,-9.30764397556796e-06,-1.62943193932862e-06,6.75917141979837e-07,-3.38780107966483e-06,2.39518759387328e-16,1.37219337455197e-16,-0.000250561173192986,0.0236639252410965,-2.59421930738082e-07,-7.84837264168376e-16,1.37660065638312e-14,-0.000137554303326948,-6.97273751192831e-17,-1.49988647780327e-16,0.000165509914817747,2.02340373302007e-07,1.97887300759232e-16,-3.04021221585645e-05,-9.16177368033964e-16,-2.24084364389521e-05,3.1419873336385e-05,-9.23591705110445e-16,-2.02145022725961e-14,1.88343594664955e-05,2.41227095383703e-16,0.00405773160541976,0.000110534723873843,3.27790720286647e-06,0.707106781186547,-9.65299770561654e-14,-5.89295050856808e-06,-1.50953468475157e-15,6.54848189048076e-08,7.33762619546547e-16,2.07570561961374e-16,-1.38424732223394e-05,-4.79264794083639e-16,3.27474607581348e-17,-2.70508442035133e-16,-2.09861881799753e-16,-1.93507732027674e-16,2.15780837544945e-17,3.44556507544296e-06,-9.94240982784787e-17,3.25477492180148e-16,9.53653081832777e-17,-1.72840348307842e-16,2.24271089176414e-17,-3.11286241564099e-17,4.41368690716816e-17,-1.15413321261082e-16,3.27076690384565e-16,-1.70807549535729e-17,-8.54351311918577e-17
"t22",-0.13309866071172,0.0836097158515492,-0.0327376832729115,-0.105951577180236,0.00178637799332033,0.0029899981700993,0.217535007301174,0.00274889982060601,8.4439359432903e-05,-0.00252565983449719,0.0398389514991071,-0.000436177995231171,-3.98991999962394e-05,0.000477370824581104,-0.000125643962227674,0.00242780986484805,-0.0303698814666273,-2.90348374773937e-05,5.42306827343644e-06,-0.000131060910247991,0.325224759603136,0.0326778391980116,0.0108494198425879,-1.70210296305455e-05,0.000112004246335232,-0.000108994475378489,0.000456540452527948,0.00173432663126049,-0.0157006997590057,3.72008129813745e-14,0.000139288314678267,-1.91084379197248e-05,-0.54120509845006,-0.000178214254336254,-1.24171520175901e-06,8.29468828077099e-05,6.71588591216281e-05,5.0606184226141e-06,-2.51364094070398e-05,-3.98866613249776e-16,-9.25258133999129e-16,-0.000486502470652857,0.0433785462578417,-4.67176537668253e-07,-2.95320663788043e-15,2.27730161117545e-14,-0.000220527186153311,1.34569588618824e-15,-0.707106781186547,0.000251865022880021,3.01409839975755e-07,-1.92254870876386e-15,-4.38968231999714e-05,6.43625588883002e-16,-3.17022429935981e-05,4.42867249236409e-05,-4.53005586883577e-16,-5.01145349177112e-16,2.60860440928655e-05,-1.1025912577704e-16,0.00553529294159038,0.000149814844998281,4.42217561346888e-06,-2.9387787532687e-16,-3.77235053350773e-16,-7.86061103759481e-06,-5.33427468862868e-17,8.63336199266867e-08,2.49211734057598e-16,1.66424936842705e-16,-1.79904505029599e-05,6.36968776335234e-17,-6.18790523443902e-16,-9.75781955236954e-17,1.2710038773379e-16,-1.32323038706552e-16,-4.61126869561696e-16,4.39350006326868e-06,1.32281858582308e-16,-2.70616862252382e-16,7.55841877659455e-17,-1.62653062198582e-16,2.04520577361852e-16,-9.02259746586573e-17,-2.30285654749536e-17,2.05781572337749e-16,1.9819215713035e-16,-4.203482030194e-17,6.07153216591882e-18
"t23",-0.13309866071172,0.0836097158515493,-0.0327376832729115,-0.105951577180236,0.00178637799332034,0.00298999817009928,0.217535007301173,0.00274889982060602,8.44393594329114e-05,-0.00252565983449716,0.0398389514991071,-0.00043617799523125,-3.98991999962751e-05,0.000477370824581108,-0.000125643962227593,0.00242780986484805,-0.0303698814666272,-2.90348374774787e-05,5.42306827336705e-06,-0.000131060910247959,0.325224759603136,0.0326778391980117,0.010849419842588,-1.70210296307673e-05,0.000112004246335327,-0.000108994475378488,0.000456540452527932,0.00173432663126049,-0.0157006997590053,3.70469442100434e-14,0.00013928831467821,-1.91084379196513e-05,-0.54120509845006,-0.000178214254336183,-1.241715202442e-06,8.29468828075505e-05,6.71588591217692e-05,5.06061842302897e-06,-2.51364094072375e-05,-3.68628579244136e-16,5.86987056183652e-16,-0.000486502470653238,0.0433785462578412,-4.67176538095429e-07,3.16650799265941e-15,1.98886046520741e-14,-0.000220527186155096,-1.6149124748297e-15,0.707106781186548,0.000251865022891309,3.01409838364793e-07,1.79388391966027e-15,-4.38968232002448e-05,-7.22459829662289e-16,-3.17022429929537e-05,4.42867249229291e-05,4.08208765123073e-16,5.04940056780812e-16,2.60860440926382e-05,-2.89558213018883e-18,0.00553529294158998,0.000149814844998415,4.42217561308724e-06,7.47829665972517e-16,3.77488970031751e-16,-7.86061103772925e-06,3.68195057776077e-16,8.63336196425579e-08,-2.00260554692682e-16,-3.6638462429324e-17,-1.79904505029609e-05,-7.18283939271647e-17,6.32121950613579e-16,2.12503625807159e-17,-4.04731158367707e-17,8.28830002628829e-17,-4.00333517976988e-16,4.39350006336148e-06,-4.52254254274658e-17,9.10729824887824e-17,-3.20246092830967e-17,1.25463757972708e-16,-1.18002571244042e-16,6.16285541365283e-17,1.13572362005341e-16,4.22838847269347e-17,3.98986399474666e-17,6.73952988532159e-17,2.08166817117217e-17
"t4",-0.128469034121958,0.0777479163305551,-0.0304068556796193,-0.0916385695517536,0.00150273773287162,0.00250666291469422,0.163553907832425,0.00204159746644581,5.80131933551537e-05,-0.00152305538736363,0.0220201216493246,-0.000162097240175913,-1.31224887006771e-05,0.000101994494692126,-1.98874676941851e-06,-0.000306057112837273,0.0153466708047378,0.000204683453275685,-4.84666171340596e-05,-9.72134630816473e-05,0.109654151636734,-0.0196091586987722,-0.0192103970342667,4.94503034245758e-05,-0.00040856707489353,0.000514084658856745,-0.00271502641558651,-0.0452327415277657,0.933621104888078,-1.13250838909973e-14,0.00149144199566271,-2.40966770168442e-05,0.193573146293311,0.00224917813460225,-2.12870180625397e-05,0.000985528198122237,0.000664839045496,3.81065062602921e-05,-0.000188905109334232,-5.27353626599413e-17,3.77302356024956e-17,-0.00172886752300517,0.0742062831825469,1.22873637187111e-05,-2.09588674944245e-16,8.09474015595057e-14,-0.000814077782981978,-1.00314883162293e-17,-6.20702748060591e-17,0.000844897987351982,9.74214494802502e-07,-1.68984660086431e-16,-0.00013433159631127,-9.85705849087622e-17,-9.350338119192e-05,0.000129723885770179,-3.29019196649345e-16,-3.59792490939315e-16,7.38211506270004e-05,1.22457247250449e-16,0.00786931641706877,0.000413482812920258,1.20392226844257e-05,1.38414739574277e-16,2.11818189678084e-17,-2.08623906335116e-05,3.98986399474666e-17,2.23567804437163e-07,3.4788804259139e-17,-5.48411035075341e-17,-4.52040375319624e-05,-2.9620403352304e-16,3.99927163143476e-17,3.46944695195361e-17,9.74094876094598e-17,6.83378818493387e-18,-7.93817937864768e-16,1.05921749975237e-05,-5.66460437067941e-17,-7.28583859910259e-17,4.97663652520291e-17,-6.72850109513044e-17,-5.10621774793229e-17,-8.03470991526517e-17,-9.52457028383737e-17,2.21177243187043e-16,-3.20923843055709e-17,5.24000789240133e-17,-4.57966997657877e-16
"t35",-0.120763667318213,0.0673924554666644,-0.0262816300536184,-0.0634039042137881,0.000920115546359143,0.00150896158814626,0.0342430183296212,0.000320195319194187,-1.28335703908267e-05,0.00159030707786873,-0.0384178940441581,0.00111178890755116,0.00012070355870903,-0.00216541598966996,0.00100101253954418,-0.0269194775507049,0.661311345538962,0.00948537385674749,-0.00228735274763123,0.00223137743572915,-0.0977179340000908,0.107909696934728,0.0340662197613146,-5.10663717265838e-05,0.000328940073063975,-0.000312737820390062,0.00128440056949467,0.00455822153681408,-0.0426687265906856,-1.24636953069179e-16,0.000239574888267109,-7.30817589863922e-06,-0.00146316784932965,0.000587291927147816,-7.14302380687169e-06,0.000362825125642013,0.000261705158811648,1.70716050608419e-05,-8.47174710871187e-05,-5.42450541916188e-16,2.4307812707125e-16,-0.00103192460385931,0.0055312344569686,1.56339668659173e-05,-1.3613998454385e-15,6.63523055943749e-14,-0.000671494955091959,-6.03457190527332e-17,-2.89026849774019e-16,0.000719212378016653,8.4312390388679e-07,-8.55037629472354e-16,-0.000119412424118948,-9.25515082490674e-15,-8.46878285367773e-05,0.000117898192554364,0.707106781186548,4.18041252656098e-15,6.81355110243422e-05,7.85666257258674e-16,0.0010541564413539,0.000396088288176577,1.15425270319383e-05,7.90437422599816e-16,3.36586757771972e-15,-2.01947271370982e-05,5.36896915814822e-16,2.19089296217833e-07,-4.72897836275509e-17,2.32741958878683e-16,-4.50155689358359e-05,-6.13766849844044e-16,-4.83553055365303e-17,-1.73472347597681e-16,6.45750653401479e-16,-5.29364332842112e-17,-9.27574170897031e-16,1.07868642569356e-05,2.36265558369725e-17,-6.07153216591882e-17,7.82473557361103e-17,2.77745568912798e-17,2.20444894773566e-16,-3.45067878656681e-16,2.75546504847812e-16,1.61762964134837e-16,7.67615138119737e-17,1.40484216295337e-16,-1.43982048506075e-16
"t36",-0.120763667318213,0.0673924554666644,-0.0262816300536184,-0.0634039042137881,0.000920115546359143,0.00150896158814625,0.0342430183296211,0.000320195319194191,-1.28335703908834e-05,0.00159030707786874,-0.038417894044158,0.00111178890755119,0.000120703558709075,-0.00216541598966966,0.00100101253954423,-0.0269194775507049,0.661311345538963,0.00948537385674745,-0.0022873527476312,0.00223137743572945,-0.097717934000091,0.107909696934728,0.0340662197613146,-5.10663717267542e-05,0.000328940073063928,-0.000312737820390086,0.00128440056949458,0.00455822153681422,-0.0426687265906857,4.48716881085482e-17,0.000239574888267289,-7.30817589849361e-06,-0.00146316784932954,0.00058729192714784,-7.14302380659849e-06,0.000362825125642071,0.000261705158811666,1.70716050608222e-05,-8.47174710876426e-05,5.29424303751701e-16,-1.26634813746307e-16,-0.00103192460385942,0.00553123445696878,1.5633966865651e-05,1.47873865418593e-15,6.64338375977458e-14,-0.000671494955091169,-6.24327557591754e-17,2.44417273009768e-16,0.000719212378018409,8.43123905160863e-07,6.56198820985634e-16,-0.000119412424113384,9.23537738417015e-15,-8.46878285281748e-05,0.000117898192556459,-0.707106781186547,-4.44522890719057e-15,6.81355110217757e-05,-9.00212216781767e-16,0.00105415644135753,0.000396088288177554,1.15425270317479e-05,-8.34570231361125e-16,-3.33448845958179e-15,-2.01947271372405e-05,-4.11996825544492e-16,2.19089296318474e-07,1.94455016533373e-17,-1.14015771216266e-16,-4.50155689357753e-05,6.78168458889683e-16,5.43243329385318e-17,-1.11022302462516e-16,-5.60844454409511e-16,1.14100245541356e-16,-8.53850191776496e-16,1.07868642567586e-05,1.75917409195129e-17,1.12757025938492e-16,-3.02702587692629e-18,-1.07834508855381e-16,-1.99585955432969e-16,3.19943785029979e-16,-3.51018932296668e-16,5.5944832100252e-17,6.0281640790194e-17,-4.25130382024647e-17,-1.94289029309402e-16
"t24",-0.12875199905197,0.0768102701522524,-0.0300154055823268,-0.079602941702911,0.00114477677521642,0.00186678714589972,-0.233963240220148,-0.0050163144896014,0.00047992351330864,-0.00632709474272838,0.0889194762756726,-0.000855990842643726,-7.73117337006975e-05,0.000889941850720504,-0.000175807924987895,-0.33135175422525,-0.0765672872742869,0.000340585626020039,-8.99667600621837e-05,0.00045232146530188,-0.00845349355135986,0.152086738953162,-0.0502420055500647,1.15865807710693e-06,-7.39252215474105e-06,-1.5247801445073e-08,2.55539326406783e-05,0.00894895400384159,-0.000869766022414734,1.69722270746733e-15,3.023010498443e-05,-8.98947261256024e-07,-6.16221260377726e-05,6.84527908241941e-05,-4.39074109498351e-07,-3.32502291256406e-05,-0.50496670189452,5.86794150156823e-06,-2.90316053496442e-05,3.03942153643087e-17,3.42174205636425e-16,-0.000297116452549782,0.000672938516840635,4.7874167008171e-06,6.14698169036266e-16,2.11011763617819e-14,-0.0002105489959865,1.16408811691626e-15,1.87288946005131e-15,0.000232367787865499,2.76343529615082e-07,-0.707106781186547,-4.0068708344906e-05,2.28860628359164e-15,-2.89083625773512e-05,4.03774383973543e-05,-1.07858662742468e-15,3.09810770787733e-15,2.37207848384161e-05,-7.92556870284587e-16,0.000166263606005607,0.00115441656929611,4.10520544347984e-06,-1.70274535800218e-16,-9.31448990470888e-17,-7.29679356589047e-06,9.36750677027476e-17,8.02866266061972e-08,-6.16616435735921e-16,-4.96693533812847e-16,-1.67935157684819e-05,1.92771146267923e-16,1.23993560811303e-16,3.38271077815477e-16,-2.52340369935117e-16,-4.48992888537727e-16,-3.66366743650454e-16,4.12844996575817e-06,-8.95085873908437e-17,9.0205620750794e-17,1.74182163448703e-17,5.96191030036519e-17,6.50590848174218e-17,1.79926612555548e-16,3.65561502491056e-17,-2.25514051876985e-16,-3.55618312575245e-17,-1.00504156505086e-16,-6.93889390390723e-17
"t25",-0.12875199905197,0.0768102701522524,-0.0300154055823268,-0.079602941702911,0.00114477677521645,0.00186678714589972,-0.233963240220147,-0.00501631448960137,0.000479923513308634,-0.00632709474272845,0.0889194762756724,-0.000855990842643757,-7.73117337006862e-05,0.000889941850720491,-0.000175807924987864,-0.33135175422525,-0.0765672872742867,0.000340585626020046,-8.9966760062149e-05,0.000452321465301845,-0.00845349355135983,0.152086738953162,-0.0502420055500645,1.15865807665504e-06,-7.39252215456367e-06,-1.52478014658897e-08,2.55539326407541e-05,0.00894895400384133,-0.000869766022414679,1.68503486643011e-15,3.02301049845063e-05,-8.98947261624436e-07,-6.16221260378047e-05,6.84527908241342e-05,-4.39074109759372e-07,-3.32502291255929e-05,-0.50496670189452,5.8679415016439e-06,-2.90316053498732e-05,-1.77141866283548e-16,-8.73433270154322e-16,-0.000297116452549241,0.000672938516842027,4.78741670125946e-06,-5.34297701103173e-16,2.0719537197067e-14,-0.000210548995985563,-1.11389438493953e-15,-2.01447134787899e-15,0.000232367787869801,2.76343527221706e-07,0.707106781186547,-4.00687083489957e-05,-3.28454325063082e-15,-2.89083625795196e-05,4.03774383990246e-05,1.08409913153654e-15,-2.99261483649449e-15,2.37207848393806e-05,-4.62361404588232e-17,0.000166263606006523,0.0011544165692975,4.10520544435675e-06,1.47424988379058e-16,9.85674022498566e-17,-7.2967935655574e-06,-3.98986399474666e-17,8.02866266646899e-08,3.1427950896583e-16,3.92320736308731e-16,-1.67935157682834e-05,-4.61436444609831e-16,-1.17289042203786e-16,-1.92554305833426e-16,2.97864820878537e-16,2.84201455063912e-16,-4.6042527086189e-16,4.1284499662439e-06,5.39012263106207e-17,-1.70002900645727e-16,3.36756425383921e-17,-2.01455978805496e-16,1.13329297310504e-16,-1.41474074186057e-16,-1.67296812072622e-16,3.80771802976909e-16,8.32667268468867e-17,1.39932586429629e-16,-6.93889390390723e-18
"t32",-0.12889932302773,0.07698580303644,-0.0300850436693676,-0.079947342039218,0.00115055936264055,0.00187637944951943,-0.235761731459405,-0.00505618370977564,0.000484480471029393,-0.00640111636646644,0.0900699894312848,-0.000870429324398917,-7.86777041325145e-05,0.000907373377412942,-0.000179697800069448,-0.339124023285983,-0.0785347721314212,0.000350651151259526,-9.26358131182053e-05,0.000468769865968241,-0.00879672032617888,0.161140393273248,-0.0544994109982365,1.2803391273011e-06,-8.25182155090665e-06,-1.72309797125125e-08,2.92146147684709e-05,0.0109029406867834,-0.00107925857020434,-1.64159722385425e-15,4.31821589219478e-05,-1.51653180611696e-06,-0.000106903479154075,0.000134381124087755,-2.19736020466818e-06,0.000170721549471784,0.494946709603341,1.32905262272671e-06,-6.69924712207171e-06,3.68812984602806e-16,5.3776427755281e-17,-0.000241207073744039,0.000559403757363035,4.0078887622811e-06,2.41731937117232e-16,1.80792880666303e-14,-0.000184077482642556,-1.9213506492947e-15,-1.09220806357844e-15,0.000206833486447233,2.47728965630954e-07,-2.64688934278296e-15,-3.62850190679751e-05,-0.707106781186547,-2.63480033994082e-05,3.68439956788995e-05,-8.89569926391584e-15,2.12406047611635e-15,2.17628556420154e-05,2.27584200400074e-16,0.000153249116061044,0.00106612807932463,3.79653738872155e-06,-9.31277792122466e-16,5.13070876376073e-16,-6.7709673459912e-06,5.44703171456717e-16,7.4758666241835e-08,3.95691650000992e-16,3.65087171224402e-17,-1.57025294577581e-05,-5.66387214906428e-16,4.97164609398757e-16,2.77555756156289e-16,-5.07642692114011e-16,4.87605415069984e-17,-2.13523506667648e-16,3.88140749967361e-06,-2.93151296903275e-17,2.81025203108243e-16,-2.0565685133145e-16,-3.48191331888194e-16,-2.19473622823921e-16,1.54638514839142e-16,6.00242206548182e-17,4.22405166400353e-16,7.45931094670027e-17,4.51206394751713e-16,-4.78783679369599e-16
"t33",-0.12889932302773,0.07698580303644,-0.0300850436693676,-0.0799473420392179,0.00115055936264054,0.00187637944951942,-0.235761731459404,-0.00505618370977561,0.000484480471029469,-0.00640111636646644,0.0900699894312846,-0.000870429324398926,-7.86777041324803e-05,0.000907373377412989,-0.000179697800069465,-0.339124023285983,-0.0785347721314211,0.000350651151259582,-9.26358131181707e-05,0.000468769865968247,-0.00879672032617884,0.161140393273248,-0.0544994109982365,1.2803391272638e-06,-8.2518215508481e-06,-1.72309796916958e-08,2.92146147683633e-05,0.0109029406867846,-0.00107925857020432,-1.23338121807733e-15,4.31821589218506e-05,-1.51653180609028e-06,-0.000106903479153957,0.000134381124087867,-2.19736020477546e-06,0.000170721549471806,0.494946709603339,1.32905262289801e-06,-6.69924712182884e-06,-3.88803959311602e-16,2.13804668414141e-16,-0.000241207073743824,0.000559403757364113,4.00788876260029e-06,-2.57190046183532e-16,1.76109127281165e-14,-0.000184077482642587,1.83454067596538e-15,1.25357906782184e-15,0.000206833486448524,2.47728968912129e-07,2.71189425594204e-15,-3.62850190669135e-05,0.707106781186548,-2.6348003398808e-05,3.68439956766598e-05,8.86422707695897e-15,-2.25654998159408e-15,2.17628556412348e-05,-4.20992315444332e-16,0.000153249116060711,0.00106612807932396,3.79653738765123e-06,9.8145812839565e-16,-3.52203970932534e-16,-6.77096734591834e-06,-5.23886489744996e-16,7.47586665108256e-08,-9.21904530885083e-18,-7.36888780752409e-17,-1.57025294577409e-05,5.58580959264532e-16,-4.27627800112863e-16,-2.75821032680312e-16,5.56611628667859e-16,3.0428520639387e-17,-2.2530212246407e-16,3.88140749947585e-06,6.33810660795763e-17,-3.01841884819964e-16,1.93070964720783e-16,2.59501897436563e-16,1.56243172644415e-16,-1.71058968619548e-16,4.86200510121192e-18,-1.25767452008319e-16,1.0321604682062e-16,-2.72834696064498e-16,-6.93889390390723e-18
"t2",-0.123957400268984,0.0710531441122211,-0.0277308744944827,-0.0681484394850306,0.000951491154357572,0.0015459676148487,-0.172743181038828,-0.00365672494407306,0.000322850913075996,-0.00373656423527798,0.0483131700532189,-0.000333436505420982,-2.76599244580695e-05,0.000251935777081425,-4.02299791942909e-05,0.0175179188679408,0.00298822244834489,-7.31724583440847e-05,1.98343532457311e-05,-0.000261687962316058,0.0070253549017702,-0.34568489435881,0.287011920819402,-1.46311031626245e-05,0.000178983579918286,-0.000172224219662783,0.000594960178579214,-0.851659555247868,-0.056880735781609,-2.93164534935853e-15,0.000415636276029974,-1.06512271306303e-05,-0.00072691092663047,0.000815809091607525,-9.19544108867818e-06,0.000453387266951638,0.0057264732683912,1.98898819364555e-05,-9.86690993445248e-05,9.85124079602034e-17,1.09287578986539e-16,-0.00104764382926041,0.00230553549829151,1.6239518119722e-05,1.05148310139745e-16,6.55300466667619e-14,-0.000659070648161748,1.32275695964619e-16,2.98478445486965e-17,0.000694313742639445,8.0826066852852e-07,-2.60430581822431e-16,-0.000113277916657915,1.95610601133177e-16,-7.97759218752123e-05,0.000110918339640565,-2.01943704273022e-16,-1.85994882689888e-16,6.37230300046133e-05,-1.23819276229634e-16,0.000437909845846934,0.00393954755388948,1.06102506087277e-05,3.51016928876181e-17,-2.57749930013502e-18,-1.85690345321232e-05,1.39645239816133e-16,2.00693317214463e-07,-7.22767986798762e-18,8.23699154387248e-17,-4.10195094552252e-05,2.98155597433514e-17,4.00281212218812e-17,-1.90819582357449e-17,3.98407506187329e-17,-1.97326282464462e-17,-9.09251395616983e-16,9.75734064434866e-06,1.00976858357704e-16,1.196959198424e-16,-1.76459858800119e-17,9.45525791026552e-17,5.84050900182229e-17,-1.43322812326937e-17,-7.88805310555425e-17,8.67361737988404e-17,9.97465998686664e-17,-2.93590180570099e-17,-1.80411241501588e-16
"t3",-0.124199117142755,0.0713317058529637,-0.0278412705124245,-0.0686603530525668,0.000959871782969322,0.00155982634909819,-0.175095409429436,-0.00370828895588901,0.000328341051728788,-0.00381592013327534,0.049456711776642,-0.000343983120019044,-2.85810519782411e-05,0.000261352852530494,-4.19570879453372e-05,0.0183222720233611,0.00314080923722687,-7.75848585489285e-05,2.10359335885042e-05,-0.000282068757464493,0.00765573203504995,-0.39871252084275,0.367472380758599,-2.12188888457105e-05,0.00028564668565925,-0.000323576413926625,0.00142158684176299,0.367818447309266,0.00291597846166232,0.707106781186549,0.000210380966491393,-6.46416232018602e-06,-0.000447306923582197,0.000523439181202137,-6.37140356405405e-06,0.000323845375224213,0.00417958924610192,1.51170209189117e-05,-7.50160622817672e-05,-1.49447054059486e-16,8.15103193274602e-16,-0.000887519737432275,0.00197162913719646,1.39299156754905e-05,-3.57735415582523e-17,5.70619940187811e-14,-0.000577722439637204,2.15280212369851e-16,2.83489882801235e-16,0.000615225950171265,7.19520490542394e-07,-3.40528710025436e-16,-0.000101550127414971,-6.66820281041031e-17,-7.18560975253146e-05,9.99942524165267e-05,2.40935589053807e-16,-1.33465287432966e-16,5.76886296608514e-05,-2.80866807947106e-16,0.000397917460346245,0.00358550017940018,9.66792388350365e-06,-5.41929083603349e-17,-1.1101053088691e-16,-1.69683247982239e-05,-1.58727198051878e-16,1.8394462789043e-07,-3.03846499009059e-17,-1.34783699061718e-16,-3.77369172529547e-05,-6.40763483938933e-17,1.46191251619882e-17,-2.0643209364124e-16,1.77252515480548e-17,-2.0088987355912e-16,-8.59908202940211e-16,9.02231959215918e-06,2.41326906576151e-17,3.12250225675825e-17,2.10046781794641e-16,-2.18693437995416e-16,-1.2535630229329e-16,3.73756570627883e-17,-5.01864847051593e-17,-1.0842021724855e-16,-2.38524477946811e-17,1.10495504131171e-18,-2.42861286636753e-17
"t28",-0.124199117142755,0.0713317058529637,-0.0278412705124245,-0.0686603530525668,0.000959871782969316,0.00155982634909817,-0.175095409429436,-0.00370828895588903,0.000328341051728843,-0.00381592013327531,0.049456711776642,-0.000343983120019013,-2.85810519783018e-05,0.000261352852530494,-4.19570879455506e-05,0.0183222720233613,0.00314080923722677,-7.75848585489805e-05,2.10359335884591e-05,-0.000282068757464406,0.00765573203505002,-0.398712520842749,0.367472380758598,-2.12188888458319e-05,0.000285646685659609,-0.000323576413926566,0.00142158684176289,0.367818447309271,0.00291597846166543,-0.707106781186547,0.000210380966446082,-6.46416240544052e-06,-0.000447306923679997,0.00052343918120247,-6.3714034900871e-06,0.000323845375224421,0.00417958924609748,1.51170209191907e-05,-7.50160622822321e-05,2.48576001104408e-16,-8.56736556698046e-16,-0.000887519737432618,0.00197162913719586,1.39299156745485e-05,2.73149355498907e-16,5.74696540356356e-14,-0.000577722439637041,-6.99157505079303e-17,-2.52313175476816e-16,0.000615225950171595,7.1952048949744e-07,5.70492129256466e-17,-0.000101550127415411,-2.27931757323776e-17,-7.18560975253232e-05,9.9994252416848e-05,-1.59124457747095e-16,-1.38018936557405e-16,5.76886296604715e-05,-1.00852824897781e-16,0.000397917460345482,0.00358550017939937,9.66792388309859e-06,9.56022795138516e-17,1.84443229172067e-16,-1.69683247981858e-05,-2.16840434497101e-17,1.83944625311601e-07,9.16373554100646e-17,6.21402371677004e-17,-3.77369172529567e-05,1.1145598333151e-16,5.24127402439267e-18,1.59594559789866e-16,4.03493523687971e-17,2.70696004378616e-16,-5.55492846735708e-16,9.02231959224245e-06,-6.22222652106117e-17,2.46330733588707e-16,-7.18771761852576e-17,-5.68685344913913e-17,1.48121837382145e-16,-3.34577906567346e-17,9.12574298125654e-17,3.51281503885303e-16,8.23993651088983e-17,6.83716531285794e-17,-9.71445146547012e-17
"t58",-0.129519313641276,0.0777477858929432,-0.0303876371329399,-0.0815370783892791,0.00117789768120519,0.00192186330333436,-0.24514574121113,-0.00526649477680133,0.000510264644905567,-0.00687311691204721,0.0980239888707576,-0.00101485727181467,-9.39507055312365e-05,0.00119035335377652,-0.000401989021662177,0.431314425483572,-0.0489358353883037,0.000303618686643109,-8.04990797817762e-05,0.000455329710736828,-0.00885319814973905,0.182411608990819,-0.0758329996302708,2.50430952247749e-06,-2.45279901868738e-05,1.80012986204653e-05,-4.74201701852227e-05,0.0121301189922246,6.56481914232815e-05,8.3122652679019e-17,2.0293874737648e-05,-7.57023690922372e-07,-5.33659858047491e-05,6.63324678143515e-05,-9.20680534382602e-07,4.97443034650764e-05,0.000673109580348933,2.68869624698784e-06,-1.3353591212413e-05,-4.40891496930413e-17,2.42861286636753e-16,-0.000229495345328956,0.000533546050207133,3.82853792650975e-06,2.50130669079092e-16,1.79786741050236e-14,-0.000180324946742097,-7.97151696193487e-17,-1.4665667606496e-16,0.0002086578509993,2.55114271095519e-07,-3.90889728278429e-17,-3.93623653510752e-05,3.31340195663949e-16,-3.06253056744296e-05,4.36568052614942e-05,2.97119835261783e-16,9.11055085539569e-16,3.03506845568159e-05,-4.72922211374599e-16,0.000381110076567881,0.401286424861324,-4.73939617381958e-06,1.47299561222751e-15,1.25985035770688e-16,-2.04972845541107e-06,1.196959198424e-16,4.27711468211061e-08,-2.87805426326239e-15,-0.707106781186548,-1.09701426513519e-05,-9.5366423091825e-16,-4.65328920985109e-16,-5.01335084557297e-16,1.7134331759796e-15,-3.2875024711268e-16,-1.22435010241283e-16,3.01561557378149e-06,-2.81528142712942e-18,0,2.6802960341786e-16,-2.38924004776305e-16,1.74720820125391e-16,-1.881161911145e-16,-8.12764685178789e-17,1.30104260698261e-16,2.48065457064683e-16,-9.73062396948054e-17,-1.52655665885959e-16
"t59",-0.129519313641276,0.0777477858929432,-0.0303876371329399,-0.0815370783892791,0.00117789768120516,0.00192186330333434,-0.24514574121113,-0.00526649477680132,0.000510264644905548,-0.00687311691204725,0.0980239888707576,-0.00101485727181467,-9.39507055312322e-05,0.00119035335377653,-0.000401989021662198,0.431314425483572,-0.0489358353883038,0.00030361868664306,-8.04990797818594e-05,0.00045532971073685,-0.00885319814973894,0.182411608990819,-0.075832999630271,2.50430952239249e-06,-2.45279901868269e-05,1.80012986204514e-05,-4.7420170185315e-05,0.0121301189922247,6.56481914234341e-05,1.39166509847977e-17,2.02938747375786e-05,-7.57023691138128e-07,-5.33659858044915e-05,6.63324678144592e-05,-9.20680534547509e-07,4.97443034650708e-05,0.000673109580349022,2.68869624708281e-06,-1.33535912125449e-05,6.70718190516316e-18,-2.90566182226115e-16,-0.000229495345328484,0.000533546050206364,3.82853792634322e-06,-2.06124308955818e-16,1.82631687550838e-14,-0.000180324946742229,-1.51445717870152e-16,1.62571947031263e-16,0.000208657850998994,2.55114271197109e-07,-6.72322837673078e-16,-3.93623653511688e-05,4.3585616619176e-17,-3.06253056746447e-05,4.36568052612574e-05,3.64287092266789e-16,-5.89589141397617e-16,3.03506845567778e-05,-2.09447530933465e-16,0.000381110076569213,0.401286424861327,-4.73939617386121e-06,1.18458862938714e-15,4.84994007266398e-16,-2.04972845557067e-06,1.12410081243297e-15,4.27711462451237e-08,2.96279057557133e-15,0.707106781186547,-1.09701426432497e-05,4.16767315103428e-16,4.47013630910068e-16,7.16440795578421e-16,-1.68124867129278e-15,2.85113891426184e-16,-3.41875818526971e-16,3.01561557310148e-06,2.04312637762735e-16,-3.12250225675825e-16,-2.93290025983884e-16,1.43363984459579e-16,-2.77337279392943e-16,1.00838083581626e-16,-1.32410158449696e-16,1.47451495458029e-16,-1.50920942409982e-16,1.49298930750064e-16,-2.0122792321331e-16
"t45",-0.129281920381709,0.0774674674760451,-0.0302764576795852,-0.0809951162547496,0.00116884115692556,0.00190684842979294,-0.242370498156967,-0.00520504826518174,0.000503284788849399,-0.00676027476949755,0.0962696415528561,-0.000992208823334766,-9.17737738085926e-05,0.00116040653331884,-0.000390868480198897,0.418838726509284,-0.0474202278547084,0.000293208483210038,-7.7731447317396e-05,0.000437310957395738,-0.00847655545294641,0.172652625144771,-0.070978052769621,2.32818290885582e-06,-2.27315678863549e-05,1.66262829186595e-05,-4.36734754911646e-05,0.0110452050431455,5.96351191970677e-05,6.20838693806024e-16,1.8223105525586e-05,-6.75273314340455e-07,-4.75665731208053e-05,5.89651960515162e-05,-8.12605717632076e-07,4.37257836769941e-05,0.000589545122865765,2.33355116133595e-06,-1.15887124553307e-05,-8.53586206486919e-17,-2.48932818802672e-16,-0.000184484377446822,0.000420551856926805,2.99446514506058e-06,-1.00227312241027e-17,1.15480541795776e-14,-0.000128449020790192,4.69580013876058e-17,3.38693372031931e-18,0.000133366917338854,1.50077955231548e-07,7.66259285874714e-16,-1.81502321785036e-05,-4.43076780581918e-16,-9.13088322467004e-06,1.10991379829698e-05,-6.53826208633825e-16,-5.51099964274382e-16,-2.71211974495894e-06,1.50355124401216e-16,-0.000362895629695992,-0.823340091800633,2.02260319745878e-05,-2.63302187067489e-15,-5.34384216444037e-16,-1.44799588726527e-05,-1.23685783837146e-15,1.18799267641453e-07,-1.17214570914326e-16,1.79118090273281e-15,-2.09711659925659e-05,1.72604985859692e-16,9.07978986924104e-17,-1.26634813746307e-16,1.65654391116758e-17,1.51282855648735e-16,-4.05480809547742e-16,4.59660238619208e-06,-1.99397029723259e-16,6.93889390390723e-17,1.437524091568e-16,-4.67592199242663e-17,8.41876228166609e-17,-1.88639086938173e-17,1.08049912308527e-16,7.45931094670027e-17,1.196959198424e-16,1.12580922804793e-16,-2.08166817117217e-16
"t1",-0.116432878548753,0.0620428987587934,-0.0241557472912081,-0.0503089107875884,0.000650975801994978,0.00104726715950475,-0.0781153585450752,-0.00155632867055137,8.08930585461355e-05,0.000242676963065999,-0.0140324223269613,0.000478638655268694,5.01290298538636e-05,-0.000791073972125631,0.000280342550829107,-0.00978836066678709,0.0869599968242414,-0.000557355888772995,0.00014837430519736,-0.00106563923248161,0.0234333191573017,-0.577830294307857,-0.784784904703736,-0.000528824422555422,0.00241290602763436,-0.00180986046637902,0.00641284980767373,0.0291816742755888,-0.0559207430021801,5.33482229947964e-16,0.000907254413264447,-2.46040464934429e-05,-0.00168511335717666,0.00190955850567482,-2.17846713186911e-05,0.00107525297313837,0.00175388569046504,4.72349925352816e-05,-0.000234310220475167,4.21454911499282e-17,-1.40512601554121e-16,-0.00238077603478372,0.00519790727503608,3.65107180523988e-05,-2.42461885861324e-16,1.44207562557952e-13,-0.00144741930966875,5.61501157632394e-17,9.53609255167787e-17,0.00150280391327387,1.7373082783084e-06,-1.05072499877013e-16,-0.000240704374282199,-4.79976355240518e-17,-0.000168072887455101,0.000233294852489116,2.59027224537047e-17,-1.30537941567255e-16,0.000132883251208034,-2.03091395697269e-16,0.000903522081379338,0.0014628623541341,2.19973874644903e-05,-1.13115372186456e-18,2.32257515286777e-17,-3.80851528487686e-05,9.71445146547012e-17,4.08443693856965e-07,-9.69366395922317e-18,-5.64143999270371e-17,-8.26895240888875e-05,-3.29597460435593e-17,2.21889367382841e-17,-1.38777878078145e-17,8.74798374053817e-18,-3.58711965509527e-18,-1.63580139748123e-15,1.94021977329151e-05,-3.80145195603867e-17,4.16333634234434e-17,2.50331830427459e-17,-3.4868165799789e-17,5.35852429179793e-17,-2.84790497990126e-17,-1.14450526897723e-16,8.67361737988404e-17,9.71445146547012e-17,1.05157024745437e-16,-1.2490009027033e-16
"t88",0.101524978089736,-0.0339259498303535,-0.151410444102916,-0.00404784750894395,-0.00115604346488095,-0.0068018964646172,-0.00061190246064293,0.0108507758556247,-9.13127175430481e-05,0.485677443372325,0.025910080298281,-0.01392217169496,-0.00754227352848722,0.0434448992108345,-0.000130992443905006,0.00019716332048849,-0.00354457795177832,0.216912809377345,0.112079154822683,-0.0028791258490352,-3.62200234003268e-06,0.00051727756286564,0.000276376849815074,-0.000381667475699894,0.00254618095588641,-0.0261301107057033,0.000424259877299398,3.52288000399523e-05,-0.000179690666413539,-9.45230591792298e-16,0.0239072486904098,-0.000634043157974686,-4.34860813021019e-06,0.000361023577577853,-3.46898532464762e-05,0.00180371698897418,2.74422057483354e-06,8.53898046725429e-05,-6.06884947945661e-05,2.22541269900619e-16,6.2753621743461e-16,-4.73047342542214e-05,3.93087276268928e-05,9.85088087672292e-05,9.91451065424717e-17,3.62296997957756e-15,-0.000147079829966749,1.4088518508938e-17,1.24216998746114e-16,0.000176225559185367,8.54872906906102e-05,-1.54902199577454e-16,-3.96867736221617e-05,5.28373181353797e-17,-0.000181391021763785,6.37301034003932e-05,-6.59559037046187e-16,1.92527200779113e-15,0.39335986783008,-6.72171465623123e-17,-1.07929254080791e-05,-4.20530799175251e-06,-0.000215114238078601,2.36771686617904e-16,-7.44630678586366e-17,-1.16021541277916e-05,-9.09862463149835e-16,3.80949410096703e-07,1.07209305593434e-16,6.45025495152865e-17,-1.80272274487548e-05,-5.50557863188139e-16,-1.35271810116279e-17,-5.29090660172926e-17,1.66002999732856e-16,3.82280093229993e-16,-2.74635021182657e-15,3.51285714967533e-05,-4.22817556062452e-17,3.50414142147315e-16,1.37839123652777e-15,-1.30287320685413e-15,-1.38990064032968e-15,-2.90439266018776e-15,0.707106781186547,1.99493199737333e-16,-2.48932818802672e-15,4.57195986915133e-15,-4.5102810375397e-17
"t89",0.101524978089736,-0.0339259498303535,-0.151410444102916,-0.00404784750894393,-0.00115604346488094,-0.00680189646461721,-0.000611902460642944,0.0108507758556248,-9.13127175430751e-05,0.485677443372325,0.025910080298281,-0.0139221716949601,-0.00754227352848724,0.0434448992108345,-0.00013099244390493,0.000197163320488469,-0.00354457795177835,0.216912809377345,0.112079154822682,-0.00287912584903519,-3.6220023401333e-06,0.000517277562865671,0.000276376849815095,-0.000381667475699815,0.00254618095588646,-0.0261301107057033,0.000424259877299489,3.52288000399549e-05,-0.000179690666413492,-7.80917750025775e-16,0.0239072486904098,-0.000634043157974821,-4.34860812997275e-06,0.000361023577577903,-3.46898532464247e-05,0.0018037169889741,2.74422057484044e-06,8.53898046725662e-05,-6.06884947946876e-05,-2.90217720773945e-16,1.07119174641568e-16,-4.73047342542075e-05,3.93087276269067e-05,9.85088087672656e-05,-1.61529537066342e-16,3.814656923673e-15,-0.000147079829966652,3.31658477101487e-17,6.29906952580543e-17,0.000176225559185388,8.54872906906632e-05,-4.62455748560424e-16,-3.96867736219475e-05,2.75843035914734e-16,-0.000181391021763691,6.37301033998556e-05,-5.7580866683795e-16,2.32843258562987e-15,0.39335986783008,-4.47978785143854e-17,-1.07929254078432e-05,-4.20530799178547e-06,-0.000215114238078531,4.26692260744403e-16,1.06212156625221e-16,-1.16021541278037e-05,-5.63785129692462e-17,3.8094941012416e-07,-3.1795987640027e-16,3.36453726606189e-17,-1.80272274491072e-05,2.54136989230602e-16,8.71693378322902e-18,-4.08527378592538e-16,6.40469350077652e-17,-2.54832242897581e-16,-2.86557940678526e-15,3.51285714964809e-05,4.84650871744839e-17,-5.89805981832114e-16,-1.3017024218621e-15,1.21833019801661e-15,1.42251931914312e-15,2.78007883694751e-15,-0.707106781186548,-5.20417042793042e-18,2.32799890476088e-15,-4.57133422065782e-15,-3.29597460435593e-16
"t46",0.100971371515989,-0.0335620676144064,-0.149762479912004,-0.00396781748659128,-0.00112960562634157,-0.00664383538309439,-0.000591301062097202,0.0104742728240203,-8.75983817469177e-05,0.461968116444963,0.024531343868246,-0.012998544261086,-0.00702276904789329,0.0401960983897987,-0.000120222185662735,0.000180214309762824,-0.00321833747069862,0.19481369879209,0.100629307987912,-0.00254064733684409,-3.16428135758995e-06,0.00043510669435428,0.000223860244975393,-0.000302017259606926,0.00199289119465734,-0.02020890457179,0.000324824935680733,2.58859740213677e-05,-0.000130891334802475,-2.85639540428103e-16,0.0166772340052659,-0.000431160888436133,-2.9483648526802e-06,0.000242225206981895,-2.26281546197664e-05,0.00115739942789038,1.73535301804025e-06,5.19996148160805e-05,-3.69435753084998e-05,8.96002313336803e-17,2.92734586571086e-16,-1.99049720172109e-05,1.47382012095744e-05,3.51819753888916e-05,7.77647239956718e-17,2.96637714392034e-16,-2.25530574960754e-05,5.95026891700026e-18,-9.38095791506113e-17,-1.04051043860118e-05,-1.76187680527441e-05,6.43718021548661e-16,2.26671706958451e-05,-3.45496303613872e-16,0.000187541474736451,-7.37772589765094e-05,1.28592812797263e-15,-4.9627186041179e-15,-0.830856178256619,-6.95415743761675e-16,4.75636772580557e-05,3.00075032298075e-05,0.00259365457095983,-2.95760024051851e-16,1.55934345661332e-16,-0.00028368301440064,9.85322934354826e-16,2.54173007059523e-06,2.24977976149539e-16,6.56033782059216e-17,-6.86806625554284e-05,-6.59194920871187e-17,1.60730453456936e-17,4.92661467177413e-16,-1.73003032534469e-16,-1.30103062975418e-16,-7.45340056932672e-15,9.10377555771481e-05,3.32592311310713e-17,-1.2490009027033e-16,2.18214056679244e-17,-4.50051787747827e-17,-7.14493299074155e-18,1.71585007586569e-17,2.50974212201627e-16,1.0321604682062e-16,3.82506526452886e-16,1.03954508655393e-16,1.56125112837913e-16
"t16",0.0974101726251,-0.0311070600100891,-0.138627874041122,-0.00337894247181448,-0.000928879779643531,-0.0054392247453144,-0.000415530621876995,0.00722381173580595,-5.31676161834542e-05,0.217871527738654,0.00944095320127889,-0.00056692593836936,0.000291590183355526,-0.0110073764023132,7.93744825283126e-05,-0.000164187664456965,0.0046337787618635,-0.561187645159087,-0.295766415920794,0.0318084453205322,-0.000512889903504572,0.00250290181398833,0.000916128431310011,-0.00112325630089965,0.0071829902459116,-0.0708584611103178,0.00111753283595074,8.47604497640161e-05,-0.000425854368649441,-1.42109909565923e-15,0.0532703357451083,-0.00137272405705013,-9.3859668661312e-06,0.000771128852086162,-7.22352389267116e-05,0.00370628326198473,5.57689085701773e-06,0.00016913846349446,-0.000120182333122748,4.27707234809984e-16,2.7451999007333e-16,-8.08056687098789e-05,6.5261225981713e-05,0.000161811258666466,0.707106781186547,4.54584286879722e-15,-0.000215595910806221,5.13302108665324e-16,-2.8158583718219e-15,0.000230480819393614,0.000103098192035758,2.95851574184147e-16,-3.8352213469265e-05,5.35526744187396e-16,-0.000122599180065148,3.8208869054342e-05,1.34055704495269e-15,3.66785594951846e-16,0.00780192013157309,-1.29004811932724e-16,1.45676411962559e-05,1.24776190017972e-05,0.00126424700106276,5.92549845320389e-16,-2.69654834364751e-16,-0.000181697409174772,4.21537804662364e-16,1.96290387216629e-06,3.7251024210976e-17,-2.07148846045182e-16,-6.21170615014709e-05,2.16840434497101e-17,1.85248542135081e-17,5.3776427755281e-17,-3.03542875857009e-17,-1.21546281201034e-18,-7.50379548056432e-15,9.49047394560986e-05,-1.01586134940223e-16,2.08166817117217e-17,-5.7239868098462e-19,6.53512568087113e-17,-2.90235598668339e-17,5.18870137327729e-17,-4.26963688402967e-17,-1.57859836313889e-16,-1.38777878078145e-17,3.18663118509337e-17,-2.28983498828939e-16
"t17",0.0974101726251,-0.0311070600100891,-0.138627874041122,-0.00337894247181448,-0.000928879779643535,-0.00543922474531437,-0.000415530621876991,0.00722381173580596,-5.31676161834533e-05,0.217871527738654,0.00944095320127892,-0.000566925938369354,0.000291590183355519,-0.0110073764023132,7.93744825282605e-05,-0.000164187664457041,0.00463377876186356,-0.561187645159087,-0.295766415920795,0.0318084453205321,-0.00051288990350468,0.00250290181398836,0.000916128431310385,-0.00112325630089969,0.0071829902459115,-0.0708584611103179,0.00111753283595091,8.47604497640612e-05,-0.00042585436864954,-1.66684970812679e-15,0.0532703357451082,-0.00137272405704971,-9.38596686658895e-06,0.000771128852086628,-7.22352389264321e-05,0.00370628326198417,5.57689085713036e-06,0.00016913846349413,-0.000120182333122928,-3.50201143033206e-16,-1.72604985859692e-16,-8.08056687119536e-05,6.52612259780709e-05,0.000161811258663113,-0.707106781186547,6.55031584528842e-15,-0.000215595910809229,-5.60790947806519e-16,2.73549647177777e-15,0.00023048081939344,0.000103098192035616,-3.48000280426515e-16,-3.83522134686956e-05,-4.24466832094418e-16,-0.000122599180065772,3.82088690543114e-05,-1.41310804975132e-15,-2.44433379786857e-16,0.00780192013157298,-6.00846209266627e-16,1.45676411967693e-05,1.24776190018297e-05,0.00126424700106261,-2.60478330889162e-16,3.30157805342422e-16,-0.000181697409174605,-5.02202446295286e-16,1.96290387192597e-06,-1.73573644121358e-17,2.47804941752085e-16,-6.2117061501415e-05,-9.56266316132215e-17,1.47400333172705e-17,8.23993651088983e-17,8.61062843300812e-17,-2.42772315018552e-16,-7.87438253978445e-15,9.49047394558609e-05,1.02650460142323e-16,3.46944695195361e-17,7.14931664083993e-17,-8.93914915695399e-17,1.85811110736861e-16,8.83162172273808e-17,-3.74921786945292e-17,1.6826817716975e-16,1.91686944095437e-16,6.2657661696625e-17,-1.17961196366423e-16
"t69",0.116797599780667,-0.0476972855294456,-0.214477109185169,-0.012106790343991,-0.0071742602778648,-0.0490846398277729,0.000816282263412419,-0.0124200464206478,5.04269167561003e-05,-0.115896368235855,-0.00385881874359918,9.95674299629517e-05,-6.19889960021052e-05,0.00152462451134797,-7.28518402102335e-06,1.21441607893596e-05,-0.000234804215491166,0.013539047835829,0.00696253346027704,-8.72047038135036e-05,3.45132242229873e-10,-0.00013301277637786,-0.000289514119059558,0.00106086984386295,-0.0135223183997816,0.524334586974269,0.0115327356931978,0.000181215158729604,-0.000912698031655376,-1.84480248673847e-14,0.345727079800716,0.12465937384632,2.30667893318208e-05,-0.0011906382521292,4.16447395462742e-05,-0.00134162708634722,-1.34918473412724e-06,-1.16228458666612e-05,8.12039565638994e-06,-2.44295051631739e-17,8.93382590128056e-17,-1.54779680526795e-05,1.33989105307406e-05,3.3909888804088e-05,-4.71921767006882e-17,1.3912482277334e-15,-5.12038649680066e-05,-9.84247292755007e-17,-1.31622648704077e-16,5.76929246412505e-05,0.00160639353597848,-2.78493112576194e-17,-1.01143597297888e-05,1.66384003580875e-16,-3.30404778945484e-05,1.03400321996849e-05,-1.59165341508326e-17,3.16153353496773e-16,0.00212990604422486,-3.60019495769179e-16,4.17191827331576e-06,3.75677148761484e-06,0.0143597112653609,2.0367052018063e-15,2.90183092767029e-16,-4.9775478122141e-05,-1.73472347597681e-18,5.53496481506006e-07,-4.29051224914069e-16,-3.11172216558087e-16,-1.7888012521873e-05,1.90819582357449e-17,-5.30756484201039e-16,1.90819582357449e-17,4.17665327046229e-16,0.707106781186549,-7.76369100666009e-14,2.7991250218351e-05,2.47448307925585e-16,-6.93889390390723e-17,5.10644855230361e-16,-4.8522554016227e-16,-5.91888456386365e-16,4.77597498969983e-16,-2.0393292618012e-16,-2.60208521396521e-16,-1.73472347597681e-17,-6.34749966481498e-17,-1.17961196366423e-16
"t70",0.116797599780667,-0.0476972855294456,-0.214477109185169,-0.012106790343991,-0.00717426027786481,-0.049084639827773,0.000816282263412419,-0.0124200464206478,5.04269167560889e-05,-0.115896368235855,-0.0038588187435992,9.95674299629751e-05,-6.19889960021807e-05,0.00152462451134795,-7.28518402103029e-06,1.21441607894429e-05,-0.000234804215491144,0.0135390478358292,0.00696253346027708,-8.72047038135149e-05,3.45132172840934e-10,-0.000133012776377839,-0.000289514119059586,0.00106086984386293,-0.0135223183997817,0.524334586974269,0.0115327356931979,0.000181215158729627,-0.000912698031655383,-1.8695507489279e-14,0.345727079800716,0.12465937384632,2.30667893317583e-05,-0.00119063825212903,4.16447395463911e-05,-0.00134162708634741,-1.34918473403362e-06,-1.16228458663841e-05,8.12039565638994e-06,-2.41527720845284e-17,5.63785129692462e-17,-1.54779680526518e-05,1.33989105306383e-05,3.39098888040811e-05,-3.12816912784742e-17,1.29930788350663e-15,-5.12038649680066e-05,-4.31616020716191e-18,7.09017182445685e-17,5.76929246411673e-05,0.00160639353597859,1.46232506954962e-16,-1.01143597299102e-05,-8.17758411424539e-18,-3.30404778951035e-05,1.03400321997665e-05,7.82720461117788e-17,-1.00830802041152e-16,0.002129906044225,1.52303300179901e-16,4.17191827439822e-06,3.75677148746045e-06,0.0143597112653612,1.8838141877119e-15,1.50575360177565e-16,-4.97754781226337e-05,3.43475248243408e-16,5.53496481631123e-07,3.9041021042717e-16,5.16186867399025e-16,-1.78880125204787e-05,-3.48679418671338e-16,5.6493009863005e-16,-1.45716771982052e-16,-2.82401696413907e-16,-0.707106781186549,7.26914863517738e-14,2.79912502143195e-05,-2.35671572743875e-16,1.38777878078145e-16,-4.57330785268944e-16,4.39382266773188e-16,6.32826595751948e-16,3.69780241811431e-17,1.08317754172816e-16,1.43982048506075e-16,7.91033905045424e-16,-3.57192423203111e-17,-6.24500451351651e-17
"t86",0.120183423341698,-0.0505410629448727,-0.227471057800073,-0.013550282199389,-0.00819331927159029,-0.056194494081815,0.00100686951993532,-0.0154422659526944,6.58157811974913e-05,-0.162798625681128,-0.00566335220611595,0.000170318669620442,-0.000109740382220784,0.00294556417818089,-1.6009015180056e-05,2.87578826982521e-05,-0.000639604966007897,0.0497625987314097,0.0258565073817577,-0.000836450460465895,-2.05522241966682e-06,0.000284897771580904,0.00026565007214762,-0.000665860832603582,0.00721947573960079,-0.236240635794452,-0.00451864292507411,-4.01227540470853e-05,0.00017747180814072,-1.56048330912829e-14,-0.0263443835983079,0.275679722595023,-9.05872160666282e-06,0.000136199178585364,-1.50947980241093e-06,1.83952336657983e-05,-3.55905138750578e-09,-4.18910753400073e-07,2.94985229049027e-07,2.12592609748346e-16,-4.47124975933022e-16,-2.5517958997627e-06,2.41205149068176e-06,6.27337206042695e-06,-9.93295776526072e-17,7.28844068431656e-15,-1.10637309554216e-05,-2.90078224195254e-16,-6.24632483984734e-16,1.05518475213943e-05,-0.503777428445583,-9.62470477798535e-16,-3.63845398935678e-06,1.06778986779603e-15,-1.1667773882406e-05,3.66169682648808e-06,-7.19227894222641e-16,1.25930082334191e-16,0.000778139627422998,-5.30434054427271e-16,1.64250054598969e-06,1.6692021880065e-06,0.0209922959313768,2.89425055752443e-15,2.46724409260582e-16,-1.6619451495713e-05,-1.39645239816133e-16,2.00751144339197e-07,-1.75258012889824e-16,1.91531376089433e-16,-6.83371060949733e-06,-2.3039296165317e-16,1.63903767237993e-16,5.17814957579077e-16,-7.20571688296064e-16,3.1643128303934e-16,-1.26169327671537e-15,1.13080483147652e-05,-1.33416876651265e-16,2.1163626406917e-16,-4.20670481719699e-15,-3.04265267667262e-15,2.01880443032244e-14,-0.707106781186548,-2.57836072573741e-15,-1.19565815581701e-15,-5.67254576644416e-16,-2.20801250073904e-16,-1.35308431126191e-16
"t87",0.120183423341698,-0.0505410629448727,-0.227471057800073,-0.013550282199389,-0.00819331927159029,-0.0561944940818151,0.00100686951993531,-0.0154422659526944,6.58157811974818e-05,-0.162798625681128,-0.00566335220611598,0.00017031866962042,-0.000109740382220799,0.00294556417818089,-1.60090151800369e-05,2.87578826982764e-05,-0.000639604966007885,0.0497625987314098,0.0258565073817577,-0.00083645046046591,-2.05522241967376e-06,0.000284897771580882,0.000265650072147607,-0.000665860832603527,0.00721947573960078,-0.236240635794453,-0.00451864292507411,-4.01227540470497e-05,0.000177471808140737,-1.5319418750567e-14,-0.0263443835983082,0.275679722595023,-9.05872160674977e-06,0.000136199178585358,-1.50947980236807e-06,1.83952336658484e-05,-3.55905139750754e-09,-4.18910753478244e-07,2.94985229055966e-07,8.14164986593959e-17,-2.06865774510234e-16,-2.55179589982862e-06,2.41205149065747e-06,6.27337206041568e-06,-1.42503465534585e-16,7.26415455565288e-15,-1.1063730955399e-05,-3.60566530160694e-16,-4.80342940523084e-16,1.05518475213076e-05,-0.503777428445584,-6.10044795064023e-16,-3.63845398945089e-06,1.01153166767272e-15,-1.16677738824112e-05,3.6616968265579e-06,-2.08054530165738e-17,-1.45987822525173e-16,0.000778139627423063,-4.56980204274326e-16,1.64250054612847e-06,1.66920218784908e-06,0.0209922959313771,2.80088123650362e-15,3.95871661958467e-16,-1.66194514958397e-05,1.93421667571414e-16,2.00751144288999e-07,-1.37739539771647e-16,3.31781996768098e-18,-6.83371060956179e-06,2.76254713549307e-16,-3.77709156480371e-17,-4.10262102068515e-16,8.07611586498547e-16,-3.29438393292799e-16,-4.33079837457828e-16,1.13080483146507e-05,6.97631500430781e-17,-1.6826817716975e-16,4.3016802110298e-15,2.75132393092542e-15,-2.02639721455693e-14,0.707106781186547,2.41764337947171e-15,1.28933322351976e-15,6.65266453037106e-16,-1.44473219738287e-16,-1.45716771982052e-16
"t93",0.120231296819594,-0.0505808454194311,-0.2276527753093,-0.0135700993939784,-0.00820721763019715,-0.0562913847484561,0.00100940816265894,-0.0154824294815978,6.60175327552532e-05,-0.163401938949722,-0.005686320877809,0.00017119025129656,-0.000110324798912374,0.00296268748583047,-1.61120492806824e-05,2.89520740216834e-05,-0.000644255626757958,0.0501668592343707,0.0260671897445283,-0.000844410128485562,-2.0764254785588e-06,0.000288712859104541,0.000270042752687855,-0.000678191742952953,0.00735996687582165,-0.24108273020178,-0.00461524214553597,-4.11269582874505e-05,0.000182053106876823,-1.66593516439455e-14,-0.0271290804990381,0.28455073533834,-9.3527661142801e-06,0.000140755763762052,-1.56407277636679e-06,1.90900007089195e-05,-3.69859403214347e-09,-4.36915840576588e-07,3.07675012540393e-07,-2.2833927816396e-16,4.79867881542084e-16,-2.76734842345056e-06,2.65094713787582e-06,6.93457822690917e-06,3.48771170945887e-16,-6.94930224476309e-15,-1.36144395099565e-05,3.52489811607473e-16,4.93890498973627e-16,2.03250084010037e-05,0.496168990957193,7.46516011762931e-16,-2.48465554716264e-06,-9.41948371840264e-16,-9.40007714927971e-06,2.99990974054868e-06,4.32258778870425e-16,-3.38975809227593e-16,0.000674224296003806,-3.99959640331061e-16,1.46709148991786e-06,1.50582753583083e-06,0.0190582783603061,2.89773169961313e-15,2.44174034901797e-16,-1.52892710360182e-05,-2.51534904016637e-17,1.86744437782633e-07,-1.42893428528141e-16,-1.53587115743971e-16,-6.4270057748258e-06,-2.05889992554997e-16,1.33792858581215e-16,2.04697370165263e-16,-3.50027150199859e-16,-7.70217388666225e-17,-9.32698408473826e-16,1.07577662091744e-05,-6.94298852189085e-16,1.35308431126191e-16,-5.75702045137649e-16,1.74081934171567e-15,-6.8001104428113e-16,-8.16123065553092e-17,-4.66889856812874e-15,3.5678925092153e-15,-4.7644180267703e-15,0.707106781186548,-2.56739074444567e-16
"t94",0.120231296819594,-0.0505808454194312,-0.2276527753093,-0.0135700993939784,-0.00820721763019716,-0.0562913847484561,0.00100940816265892,-0.0154824294815978,6.60175327552758e-05,-0.163401938949722,-0.00568632087780895,0.0001711902512966,-0.000110324798912389,0.00296268748583047,-1.61120492807101e-05,2.89520740217007e-05,-0.000644255626757944,0.0501668592343707,0.0260671897445284,-0.000844410128485603,-2.07642547855533e-06,0.000288712859104577,0.000270042752687785,-0.000678191742952992,0.00735996687582165,-0.24108273020178,-0.00461524214553597,-4.11269582873907e-05,0.000182053106876783,-1.6688107989004e-14,-0.0271290804990382,0.28455073533834,-9.35276611414588e-06,0.000140755763762214,-1.56407277633752e-06,1.9090000708905e-05,-3.69859405052069e-09,-4.36915840617245e-07,3.07675012464065e-07,-5.37994191438213e-16,4.04841091206087e-16,-2.76734842340892e-06,2.6509471378099e-06,6.93457822696208e-06,2.54232136228308e-16,-6.75588057719168e-15,-1.36144395100051e-05,3.68771525303864e-16,7.45763091841284e-16,2.03250084011078e-05,0.496168990957194,9.70263070809024e-16,-2.48465554728407e-06,-1.27220661458064e-15,-9.40007714925715e-06,2.99990974044091e-06,3.63562560083922e-16,-3.0926866970149e-16,0.000674224296003818,-2.57996071338293e-16,1.46709148993174e-06,1.50582753569552e-06,0.0190582783603063,2.65271112745349e-15,2.36977308224644e-16,-1.52892710359714e-05,3.03576608295941e-17,1.8674443785335e-07,2.87812660841863e-16,1.27221248131001e-16,-6.42700577458593e-06,-6.47268696973846e-17,-1.3481822817394e-16,-3.20923843055709e-16,3.33453902163415e-16,2.42167551661792e-16,-9.60452983042485e-16,1.07577662090529e-05,1.01266869918265e-15,-3.76434994286967e-16,5.93501538559046e-16,-1.81189446749916e-15,8.18789849073585e-16,1.12676525980528e-16,4.65697451015456e-15,-3.34844998950423e-15,5.33904517818762e-15,-0.707106781186548,-4.16333634234434e-17
"t76",0.119628751617712,-0.0500730845126367,-0.225332455727726,-0.013310909892754,-0.00802388928311388,-0.0550120355247258,0.000974895941352423,-0.0149348161105483,6.32191631728285e-05,-0.154832064814555,-0.0053557567615533,0.000158132211596727,-0.000101499140731043,0.00269920158592294,-1.44878129122632e-05,2.58526509360167e-05,-0.000568493954572435,0.0433528824729095,0.0225125619076782,-0.000702380239835686,-1.68516346556267e-06,0.000208100738476324,0.000162002061018003,-0.000341394702078142,0.00331492820155843,-0.0929552397194235,-0.00149642115133889,6.01127611529772e-07,-2.05086996564229e-05,2.9249838718458e-14,0.0235551427464345,-0.499052941492084,1.77781034060749e-05,-0.000357861574383717,1.03446796702783e-05,-0.000338726600156987,-3.4946684849409e-07,-3.23583584713581e-06,2.26228937246029e-06,2.47868244785544e-16,-4.14490490541208e-16,-6.06082064387881e-06,5.4844755481467e-06,1.40935721319327e-05,-2.59218316671233e-17,6.43148728718401e-16,-2.42130641146679e-05,-9.56139566717651e-17,3.25843843489944e-16,2.98501686194462e-05,0.0045301138533385,-5.17910394964508e-16,-6.08276031863371e-06,2.32108103004645e-16,-2.21885679175431e-05,7.13716085466769e-06,-2.90253062873074e-16,-1.67143317415797e-16,0.00179231385676371,-1.26073485012161e-15,5.51413065804154e-06,8.96511873999895e-06,0.364857640075686,4.88004613348362e-14,4.82712326873085e-15,1.77043991939759e-05,1.16443313324943e-15,5.58007671280132e-08,-8.17880379925837e-16,-1.88880799989778e-16,-4.89899156540355e-06,-1.32110034717359e-16,-3.9408509314645e-17,4.68375338513738e-16,7.12902381991694e-17,-1.23525986959832e-16,-9.52474750861268e-16,1.05540458960282e-05,0.707106781186547,1.6676330455434e-14,1.26868685483212e-17,2.49456701269926e-16,4.20191736240636e-16,1.49024809843069e-16,1.66485670523751e-16,-2.05564731903252e-16,-3.46944695195361e-18,5.94890367683692e-16,-4.81385764583564e-17
"t77",0.119628751617712,-0.0500730845126367,-0.225332455727726,-0.013310909892754,-0.00802388928311388,-0.0550120355247258,0.000974895941352431,-0.0149348161105483,6.32191631728303e-05,-0.154832064814555,-0.00535575676155331,0.000158132211596721,-0.00010149914073104,0.00269920158592296,-1.44878129122597e-05,2.58526509360202e-05,-0.000568493954572415,0.0433528824729095,0.0225125619076782,-0.000702380239835671,-1.68516346556614e-06,0.000208100738476334,0.000162002061017984,-0.000341394702078098,0.00331492820155843,-0.0929552397194235,-0.00149642115133891,6.01127611502775e-07,-2.0508699656432e-05,2.93099035187644e-14,0.0235551427464345,-0.499052941492084,1.77781034060495e-05,-0.000357861574383754,1.03446796702126e-05,-0.000338726600157032,-3.49466848390539e-07,-3.23583584716341e-06,2.26228937250626e-06,3.41543318353134e-16,-1.73472347597681e-17,-6.06082064397682e-06,5.48447554822432e-06,1.40935721319705e-05,-9.53107613950084e-17,7.8084240462406e-16,-2.42130641146679e-05,1.97112733364352e-17,1.45334347161569e-16,2.98501686194965e-05,0.00453011385333856,-1.43227068153921e-16,-6.08276031866754e-06,4.74452697370254e-16,-2.21885679175136e-05,7.13716085456686e-06,-2.062699491169e-16,-8.39850107861584e-17,0.00179231385676372,-1.41258329360884e-15,5.51413065812134e-06,8.96511874025829e-06,0.364857640075685,4.89084479992342e-14,5.01939475129332e-15,1.77043991939009e-05,7.84311851576014e-16,5.58007673951064e-08,-2.31326977883076e-16,9.86496269144031e-17,-4.89899156534306e-06,-1.47776756109774e-16,5.07971187039391e-17,-3.52799386926783e-16,-2.51368316147448e-16,2.5637904908425e-16,-6.6103774360854e-16,1.05540458958668e-05,-0.707106781186548,-1.67288058405823e-14,1.96256528148757e-17,-6.27938878925822e-17,-2.94514861602892e-16,-1.63225960580364e-16,-2.30766895440902e-16,2.64545330086463e-16,4.81385764583564e-17,-3.90432920309628e-16,-2.19008838842072e-16
"t51",0.119186887320148,-0.0497095298594642,-0.223672320072846,-0.0131329677978761,-0.00789986416203143,-0.0541480519782379,0.000952741721374565,-0.0145850843511288,6.1484958784793e-05,-0.14974003920726,-0.00516386666609205,0.000151080155394325,-9.68010952415453e-05,0.00256366167169298,-1.3688665639965e-05,2.43623822970759e-05,-0.000533433993531124,0.0403969981280835,0.0209734699826416,-0.000647226432551074,-1.54307730755154e-06,0.000186133360275277,0.000141624325444616,-0.000294340161255628,0.00283967922827091,-0.07907391475423,-0.00126551492968028,4.96562939942982e-07,-1.68584131280732e-05,2.34587143458122e-14,0.0189039361235455,-0.395009008311399,1.40492320574799e-05,-0.000281221262755151,8.00901079782421e-06,-0.000260011498261584,-2.66239723268771e-07,-2.41846294965564e-06,1.69051912417154e-06,1.90840263932417e-16,-7.6536541861183e-16,-3.84322332411041e-06,3.3305230539559e-06,8.41280134193114e-06,1.78902422878267e-17,5.2659699517621e-16,-1.16576914754301e-05,5.42015323910637e-17,-3.24925145460153e-16,1.09464354060319e-05,0.00131547919105945,7.89468906564143e-17,-6.75911778614201e-07,-6.29857606227877e-16,2.15776153139548e-06,-1.06861777744146e-06,1.99739877741307e-16,-8.06036552607192e-17,-0.000923071075432039,1.95733368715237e-15,-6.50244495739583e-06,-1.54388863603026e-05,-0.855347841100951,-1.14700981060251e-13,-1.14431404229685e-14,-0.000126097783412044,-2.11332687460875e-15,8.09155764990934e-07,1.3182012579258e-15,-3.87055228605274e-17,-1.93494836160206e-05,3.26656562042726e-16,-1.8570998760679e-18,-2.94902990916057e-17,2.61750821324068e-16,-3.13838848577948e-16,-2.00328929848943e-15,2.47985855420592e-05,2.19149682510786e-16,-2.94902990916057e-17,3.52799260855224e-17,-2.74182485960734e-16,-5.16292822428457e-17,2.23331457206777e-16,-8.99117197930151e-17,3.77952877328447e-16,3.44125769546899e-16,1.49579751592691e-16,-3.83590728625371e-16
"t5",0.1092313207887,-0.0414155094479563,-0.185784240244415,-0.00898425246946174,-0.00498632597746141,-0.0338334783231452,0.000418225741223108,-0.00612528634598472,1.88978969981763e-05,-0.0220584438467632,-0.000296990115686451,-3.41097854935776e-05,2.74176336492681e-05,-0.0010780388482779,8.22800367945853e-06,-1.69374670309086e-05,0.000454960016553527,-0.0453146729129071,-0.023691447856899,0.00102724392366874,2.88556139077176e-06,-0.000569095660768088,-0.0006210177956784,0.0015145698485577,-0.0153143839647511,0.430776107199922,0.00647385638854515,-0.0001035376469961,0.000769403223923668,2.59028884836999e-14,-0.865581184762412,0.0289496338743875,-0.000111116572723639,0.00608139123962065,-0.000330769045243305,0.0141724512076808,1.88924222916201e-05,0.000461224304988545,-0.000327176344081286,-4.73623426012733e-16,3.69929781252054e-16,-0.000125856963821398,9.67329955172003e-05,0.000236011806453546,-8.5310089811096e-18,7.18956144618588e-15,-0.000279995814044001,8.45178296971082e-17,7.85356714950238e-17,0.000282225490059143,0.00113918713489606,-3.74056153970557e-17,-4.40450705181845e-05,-1.91903445549162e-17,-0.000137163664719747,4.25418007503669e-05,7.09093985625695e-17,-2.34296089474118e-16,0.00837783809738539,-4.0726191136934e-16,1.55911278952453e-05,1.33379872154448e-05,0.0103709835776969,1.18546721115004e-15,1.74835618039533e-16,-0.000186196399246653,3.12250225675825e-17,1.98322379528739e-06,-4.1583613659358e-17,-7.34165713509102e-18,-6.15087980116836e-05,1.76724954115137e-16,2.88118916943882e-17,-3.72965547335014e-17,-4.18946223919686e-17,-3.73236659298214e-17,-7.42429727573249e-15,9.13512277051168e-05,-3.08144883992286e-17,5.89805981832114e-17,3.45144278726857e-17,-9.71852183506808e-17,2.4229980599315e-18,4.52286899039321e-17,-5.77222100704485e-17,1.89084858881472e-16,6.24500451351651e-17,-1.03070121379753e-17,5.03069808033274e-17
"t8",0.0864481159340666,0.0280501516044449,0.0337733400716682,0.0160351701859514,0.028747083237106,0.235633257810331,0.00196579875469851,-0.0610004248909398,1.47426129691699e-05,0.00554993438365504,-0.00166981400887667,0.0168061510237684,0.0300162019843967,-0.536227419516919,-0.00048528024625049,0.000463075587290059,-0.00474319006790128,0.0335570582359545,0.013073468390467,0.0393696618249786,-0.000276012976934666,0.00221459089929065,0.0011841450594904,-0.00652416573835934,0.356899428896014,0.00710676873698352,-0.00136827066645079,2.27785385559611e-05,-0.00013308789765915,8.6469276238042e-17,0.0018189705768279,-5.41986657796997e-05,-9.11771246939452e-06,0.000671927856185474,-0.000131088137910188,0.006629637951799,3.38361635129594e-06,0.000299787900176305,-8.46751558426818e-05,0.707106781186548,-5.73326108810335e-16,-6.44214136588809e-05,5.25706613125042e-05,0.000302949498199723,-3.33329361382037e-16,3.88296166053959e-15,-0.000178577288776297,-1.05294129373128e-16,1.02686935081555e-17,0.000193415864297827,6.85625651480448e-06,-7.27663471331868e-19,-3.25722044632584e-05,4.92796599030372e-16,-0.000104021639416615,3.23493132379479e-05,3.0022095983702e-16,-2.89346454782069e-17,0.000548747100385623,-1.44743531125657e-16,1.30597857534685e-05,1.11271466267607e-05,9.30750567611769e-05,2.0973293361262e-17,-8.71296157696233e-17,-0.00173816734110576,1.57859836313889e-16,1.86336630175057e-05,-3.57606227195462e-17,-5.63063493899259e-17,-5.5821179626349e-05,2.85904112884428e-16,8.72275150429611e-17,-3.22441726097189e-16,-4.57384212350703e-17,5.6902477617581e-18,-1.53619747250155e-14,0.000191049161553884,4.89217460739439e-17,-1.70436581514721e-16,-8.09846590646326e-17,5.57435229140251e-17,-3.91218924157928e-17,4.52018426863708e-17,-2.87676454998644e-16,6.2233204700668e-17,1.10371781159024e-16,-1.94333931534888e-16,-2.18575157973078e-16
"t9",0.0864481159340666,0.0280501516044449,0.0337733400716682,0.0160351701859514,0.028747083237106,0.235633257810331,0.0019657987546986,-0.0610004248909398,1.47426129690009e-05,0.00554993438365501,-0.00166981400887663,0.0168061510237684,0.0300162019843968,-0.536227419516919,-0.000485280246250586,0.000463075587290088,-0.0047431900679013,0.0335570582359546,0.0130734683904669,0.0393696618249784,-0.000276012976934662,0.00221459089929041,0.00118414505949052,-0.00652416573835962,0.356899428896015,0.0071067687369831,-0.0013682706664506,2.27785385558428e-05,-0.000133087897659539,1.70803371994227e-17,0.00181897057682853,-5.41986657804369e-05,-9.11771246840535e-06,0.000671927856186023,-0.000131088137911098,0.00662963795179941,3.38361635119656e-06,0.000299787900176377,-8.46751558414875e-05,-0.707106781186548,2.39391839684799e-16,-6.44214136607552e-05,5.25706613125581e-05,0.000302949498201018,3.13505653894896e-16,5.03264964424321e-15,-0.000178577288776656,2.67380038636722e-16,-1.05479882475407e-17,0.000193415864297801,6.85625651411398e-06,-8.4428070870807e-17,-3.25722044634537e-05,-4.30076290389776e-16,-0.000104021639417118,3.23493132383385e-05,-4.92547668853976e-16,-1.35660796832249e-16,0.000548747100385444,-3.02795220402099e-16,1.30597857536073e-05,1.11271466265642e-05,9.30750567612519e-05,-2.23947934965103e-17,1.52781898579796e-16,-0.0017381673411057,1.78676518025611e-16,1.86336630172084e-05,1.82326463379852e-17,1.2237016885671e-16,-5.58211796262572e-05,-1.89789590293588e-16,7.86391609346197e-18,3.20490162186715e-16,1.48550608160773e-16,2.26038021321089e-17,-1.57258329719617e-14,0.000191049161553873,-1.13274893906674e-16,2.31585584042904e-16,1.41059946652011e-16,-2.14873336626972e-16,2.33281567874206e-17,-6.23510086070544e-17,1.89372508612436e-16,8.84708972748172e-17,7.15573433840433e-17,2.75776133622236e-16,-1.17527515497429e-16
"t11",0.0855053906354739,0.0274351122161566,0.0330213805501433,0.015361408044793,0.0273307006311108,0.223817068049388,0.0018160315777819,-0.0561876589305767,1.33397540310818e-05,0.00489026420241455,-0.00144859148159483,0.0138298133942125,0.0244190415381925,-0.42397652755595,-0.000368579341335608,0.00034395683801608,-0.00338603769801153,0.0222140833131951,0.00863384300739721,0.0221698812503957,-0.000137019890068247,0.000303133422981975,-0.000693329582174194,0.0102054859402855,-0.861658688491299,-0.0290974466336439,0.0098915853567961,0.000195232323044996,-0.000883713024139405,-5.31336247476798e-16,0.00674417899241441,-0.00017148449881022,-2.84303026791181e-05,0.00199935704762052,-0.000353465068714579,0.0171016107047214,8.43975287517608e-06,0.000698215564108303,-0.000197098051593021,-9.99383287153977e-17,3.22116465445443e-16,-0.000119144707720599,9.48993151909921e-05,0.000542511400155622,8.46755117837443e-17,7.90209911394335e-15,-0.000301222965377228,-8.23143639498387e-17,9.51266620172749e-17,0.000316052810047963,1.1047115458404e-05,-8.52971695265972e-18,-5.13512749913054e-05,1.78677070624911e-17,-0.000161538807312166,5.00949121749888e-05,-1.4213968164018e-16,1.65259516141103e-16,0.000838227858187874,-2.41982066437503e-16,1.97048181161813e-05,1.66989095235243e-05,0.000139134784380714,9.44667419587794e-17,4.16809466900636e-17,-0.00257314041342387,-6.15826833971767e-17,2.73003212523733e-05,3.00264306638273e-17,1.86215215347305e-17,-8.07206826073948e-05,-3.52907807144032e-17,9.23382702531168e-18,1.65232411086791e-16,6.32775990919873e-17,4.4218144631453e-18,-2.19965474999618e-14,0.000271283525727047,7.145665531421e-17,2.34187669256869e-17,9.86429427489616e-20,-6.89022873296747e-18,8.47932216525466e-17,-1.24534721535459e-17,1.10916912616998e-17,9.71445146547012e-17,2.38958158815805e-16,6.42278685124855e-17,-2.16840434497101e-17
"t54",0.0928732638626137,0.0327808293988721,0.0395800422989504,0.022793068089689,0.0446962053513051,0.37068752606082,0.00504793041323298,-0.169006651841186,8.33629015778955e-05,-0.0399044060573554,0.00474297657857722,-0.0131261550911641,-0.0195239426046045,0.233193709877913,0.000127581245250918,-9.29558933503473e-05,0.000577473385957797,-0.00105275021023958,-0.000383055698331933,0.00228814535218611,-2.51296585652115e-05,0.000339513024482492,0.000176386497192427,-0.000649023738718691,0.01691171002772,-0.000446814284524378,0.000378137451762038,1.92008191779226e-05,-9.46329269436962e-05,1.34458123114977e-15,0.000942143240783858,-2.62985988606803e-05,-4.39996273221961e-06,0.000318806111670486,-6.02135714134674e-05,0.00300569791197932,1.51987535405518e-06,0.00013236714722191,-3.73821234710726e-05,3.18974327415953e-16,6.59194920871187e-17,-2.72173563461474e-05,2.21011362240358e-05,0.000127130472962236,1.99445860424439e-16,2.51448167842838e-15,-7.34212133053028e-05,-3.5288550927096e-17,-2.07296692699809e-16,7.77140914146766e-05,2.70820016588394e-06,-4.62628801574041e-17,-1.22946811973102e-05,1.91804135238042e-16,-3.69043720194057e-05,1.12807746072587e-05,-1.26877367629923e-16,-4.87308218950766e-16,0.000166243623716466,-1.27974375176566e-15,2.65158451800279e-06,1.1376112745535e-06,-3.88623502306008e-06,-7.81704670877572e-17,-1.34744242123384e-16,0.416194237081637,3.67306011994639e-15,-0.760945364646862,-1.75515185687587e-15,-1.37901918885806e-16,-3.84855516017923e-05,2.87693046469029e-16,-1.71939947745274e-16,1.74122868901172e-16,4.33253101923186e-16,-2.54831068072303e-16,-9.36726727815688e-15,0.000114348195710311,-2.41868471153523e-16,-6.76542155630955e-17,-3.66018634077485e-17,-2.2855908036009e-17,4.87222068286515e-17,-1.99636590971706e-17,-1.33692671625004e-16,1.90494321705703e-16,-4.70543742858709e-17,1.82411418096413e-16,2.21177243187043e-17
"t66",0.0930170194551677,0.0328806807831808,0.0397023854109995,0.0229211475785556,0.0449868001750629,0.373136489566092,0.00509629225744731,-0.170675533631911,8.4328427092947e-05,-0.0404594691416298,0.0048149182802649,-0.0133746651367871,-0.0199077980146081,0.238173819464857,0.000130578943587003,-9.52402245215089e-05,0.000592675389496403,-0.0010834535737464,-0.000394258287431466,0.00236525773843743,-2.6040715734605e-05,0.000355029815617396,0.000186056104606251,-0.000688164549880168,0.0179745069685884,-0.000476120131781273,0.000403806807430426,2.06797599612463e-05,-0.000102101334455932,-2.37446596284468e-16,0.00102517051848365,-2.87546371110549e-05,-4.81354121657784e-06,0.0003494491795605,-6.63393001610841e-05,0.00332112207574588,1.68365459022871e-06,0.000147570673127341,-4.1678362287443e-05,-1.0379597200573e-16,2.76688394418301e-16,-3.19279255821293e-05,2.62464357574125e-05,0.000151693991154899,-1.78503170553044e-16,2.09814804419395e-15,-9.24628931211809e-05,-1.84192216404821e-16,-1.21567958443645e-16,0.000103438817472854,3.74375454005694e-06,4.52038840852118e-16,-1.86444578947902e-05,4.40974945497104e-16,-6.2786783376987e-05,1.97851697668213e-05,1.01801342372801e-15,-7.29125960996502e-17,0.000367641475857065,5.18056361969044e-16,1.03414239278343e-05,1.01530641145821e-05,0.000100850072986412,1.16061301775021e-15,-2.0852084256224e-17,-0.493857170674645,-6.07413425113279e-15,0.0586709329889769,1.09766986474972e-15,-1.91107652180705e-15,-1.38373233585608e-05,-6.81204224972642e-16,3.92518630765315e-15,-9.62424584471933e-15,-0.707106781186548,4.60928021589598e-16,-5.13048096951971e-15,6.89997897065399e-05,2.20012876347469e-16,1.43982048506075e-16,1.92613465492608e-16,-1.34056492216688e-16,-8.31512756335792e-16,8.77735522367664e-16,1.52914818047065e-16,2.07299455379228e-16,1.40512601554121e-16,1.20790373386193e-18,-1.50920942409982e-16
"t67",0.0930170194551677,0.0328806807831808,0.0397023854109996,0.0229211475785556,0.0449868001750629,0.373136489566092,0.00509629225744734,-0.170675533631911,8.43284270930046e-05,-0.0404594691416299,0.0048149182802649,-0.0133746651367871,-0.0199077980146081,0.238173819464857,0.00013057894358702,-9.52402245214985e-05,0.000592675389496355,-0.00108345357374638,-0.000394258287431504,0.00236525773843744,-2.60407157345842e-05,0.000355029815617402,0.00018605610460623,-0.000688164549879989,0.0179745069685884,-0.000476120131781315,0.000403806807430447,2.06797599612792e-05,-0.000102101334456055,-1.46373613796354e-16,0.00102517051848351,-2.87546371110971e-05,-4.81354121647593e-06,0.000349449179560567,-6.63393001609974e-05,0.00332112207574602,1.68365459016705e-06,0.000147570673127218,-4.16783622876893e-05,1.08707653736764e-16,9.64939933512099e-17,-3.19279255820495e-05,2.62464357574303e-05,0.000151693991154797,6.67975707952356e-17,1.91947152616834e-15,-9.24628931212677e-05,1.17963070605135e-16,3.58950444383269e-16,0.000103438817472563,3.74375454011326e-06,-3.5027076668815e-16,-1.86444578944094e-05,-4.00365940349804e-16,-6.2786783377379e-05,1.97851697670596e-05,-6.27371793490199e-16,-3.29028254295038e-16,0.000367641475856708,5.84473909429149e-16,1.03414239279037e-05,1.01530641145912e-05,0.000100850072986855,1.5734772050786e-15,4.22105911531014e-16,-0.493857170674646,-3.47291639890557e-15,0.0586709329889771,-6.50877187709657e-16,1.93220333959219e-15,-1.38373233601762e-05,-6.37944558290471e-16,-3.87228729646033e-15,9.85322934354826e-15,0.707106781186547,-3.80218080030777e-17,-5.82420767084494e-15,6.89997897067307e-05,-1.36527020858429e-16,-1.07552855510562e-16,-9.18811856995595e-17,8.62533855520081e-17,8.21245030200536e-16,-9.64540814506375e-16,-1.0772739232991e-16,3.45643652588379e-16,2.38524477946811e-16,8.14679449898628e-18,-3.29597460435593e-17
"t53",0.0928496641945529,0.0327644360041151,0.039559956211932,0.0227720374740581,0.044648487601229,0.370285386557333,0.00503998780081112,-0.168732562208181,8.32043142254795e-05,-0.0398132263035118,0.00473115802297218,-0.0130853222208654,-0.0194608687350766,0.23237532514427,0.000127088578955633,-9.25804475563879e-05,0.000574974613729257,-0.00104770275317479,-0.000381214049576321,0.00227546570021167,-2.49798340789305e-05,0.000336960107835832,0.000174794907954107,-0.000642579623681948,0.0167367113163567,-0.000441988211864454,0.000373909788901343,1.89571409405051e-05,-9.34022869256423e-05,-1.06506768869606e-15,0.000928456433170027,-2.58936341459509e-05,-4.33176789184158e-06,0.000313752916043042,-5.92031616981723e-05,0.00295366300814248,1.4928537536715e-06,0.000129857991593685,-3.66730798428937e-05,-1.54270686549114e-16,1.63389267393566e-16,-2.64381115420431e-05,2.14150246029151e-05,0.000123063971405315,5.12077110530306e-17,1.77505579679327e-15,-7.02615020149421e-05,4.99024903516976e-17,6.40129841764835e-17,7.34357032247859e-05,2.53571601149609e-06,-1.73319292000904e-16,-1.12334157608949e-05,-1.90657110148961e-16,-3.25617672332842e-05,9.85252611043264e-06,-1.2925685278474e-16,3.91125933724146e-16,0.000132201752579051,-7.37152445204683e-16,1.33758180500404e-06,-4.15525907964233e-07,-2.20863437445128e-05,-2.54048752328571e-15,-1.50321076871275e-16,0.582219070011115,6.29119152606439e-15,0.643488611969615,1.3107144251318e-15,2.4484623748586e-16,-4.22018304784206e-05,7.66314095512755e-16,1.78100636585082e-16,-3.48245737802344e-16,3.72304301113769e-16,-1.70554378068659e-16,-9.98895509470777e-15,0.0001215501246076,1.87822715149614e-16,-9.28077059647592e-17,7.68410699692412e-17,-1.04428517236183e-16,3.43290999919166e-17,8.08130909572875e-17,-8.09622471626188e-17,-4.65773253299773e-16,1.88651178012478e-16,8.74755054180667e-18,-4.77048955893622e-17
"t62",0.129354587791473,0.106976985766265,0.136091530856318,-0.0177659124288072,-0.0166381818557029,-0.126215681596073,0.00112541328677994,-0.0661334766193679,2.07773281155725e-06,-0.00614282141410647,0.000902024468582951,-0.00614699837267727,-0.27618825378821,-0.0044675419253029,-3.73814756772387e-06,9.51356969505291e-06,-0.000217366012096746,0.00343888529241379,0.00136832224227998,0.0608847819686927,5.09635314904357e-05,2.40514431902512e-05,3.41299832065816e-05,-0.0118834259204568,0.000397189575680903,-0.000165646594468903,0.000100854870307409,3.94788015498453e-06,-1.84315018171069e-05,-1.52475804780987e-16,0.000108257273642848,-7.86258280623223e-07,-7.36984059851415e-08,-1.20207621281498e-05,0.000638096876157609,-0.00324355828210177,-6.38258703027518e-07,-0.560498272552439,-0.0048285305442269,7.89084520348255e-17,-6.77639910330596e-16,-2.51180260224734e-05,3.73347644158026e-05,0.163898073201553,-4.30138808637983e-16,9.77110102898249e-16,-3.31823673303517e-05,1.01631856594135e-16,-3.62024649911978e-16,3.87089540702873e-05,1.39301710592841e-06,1.87437053359091e-17,-6.72119485528141e-06,3.28677462279685e-16,-2.16351369513271e-05,6.73725824555518e-06,1.94507066462682e-16,4.38558084704492e-16,0.000114987984905397,8.58931113185263e-17,2.75074939281835e-06,2.34853014033349e-06,1.96701782250208e-05,3.26016606940352e-16,2.89173916171152e-16,-7.73613188264806e-05,1.93841795913252e-15,8.40119468415722e-07,-1.29346074744159e-15,-7.05289585637486e-16,-1.20205591462258e-05,1.3247005760126e-14,0.707106781186547,-4.6371326917205e-16,3.85718317421946e-15,4.76238151389169e-16,-1.16240890255632e-13,8.69734075998494e-05,2.11229481169994e-17,-7.66530935947252e-17,3.81511537419008e-18,-1.65643479223104e-16,2.28963726982618e-16,-1.29300372382177e-16,-2.43716780418977e-16,1.67292395214513e-16,5.8302971825408e-17,3.08696785578823e-17,-1.51679883930722e-16
"t63",0.129354587791473,0.106976985766265,0.136091530856318,-0.0177659124288072,-0.0166381818557029,-0.126215681596073,0.00112541328677989,-0.0661334766193679,2.07773281155498e-06,-0.0061428214141065,0.000902024468582993,-0.00614699837267734,-0.27618825378821,-0.00446754192530296,-3.73814756776897e-06,9.51356969505876e-06,-0.000217366012096757,0.00343888529241377,0.00136832224227999,0.0608847819686927,5.09635314904237e-05,2.4051443190244e-05,3.41299832065851e-05,-0.0118834259204567,0.000397189575680944,-0.000165646594468904,0.000100854870307398,3.94788015496483e-06,-1.84315018170633e-05,-1.21250782212995e-16,0.000108257273642825,-7.86258280564703e-07,-7.36984060127074e-08,-1.20207621282298e-05,0.000638096876157554,-0.00324355828210175,-6.38258703004741e-07,-0.560498272552439,-0.0048285305442269,9.62556868532316e-17,-5.79018170215884e-16,-2.51180260224071e-05,3.73347644157735e-05,0.163898073201553,-1.25911678893262e-16,7.05273513201821e-16,-3.31823673303395e-05,-9.66077343803645e-17,7.15238628685582e-16,3.87089540701323e-05,1.39301710583515e-06,-1.92458877942859e-16,-6.72119485533737e-06,-4.41539761064757e-16,-2.16351369513543e-05,6.73725824569601e-06,-3.88360021249774e-16,-7.35334712499876e-16,0.000114987984905379,7.52948233242437e-17,2.75074939273812e-06,2.34853014022329e-06,1.96701782250113e-05,-1.88328903722151e-16,-4.97514270096993e-18,-7.73613188264613e-05,-1.74220447096696e-15,8.40119468768231e-07,1.45954540806236e-15,6.68611407074338e-16,-1.20205591472654e-05,-1.35258422300985e-14,-0.707106781186547,7.10369263412503e-16,-3.89009186967831e-15,-1.6300745609327e-16,-1.15107465342432e-13,8.69734075988902e-05,7.57667453297398e-17,1.87675396057241e-16,-2.39404595909773e-17,2.86455521881773e-17,-3.81836853702979e-17,-2.22975437032386e-16,-3.33815544894006e-17,-1.68078441789565e-16,3.23905399030044e-16,9.1585001928539e-17,-1.45716771982052e-16
"t52",0.129465331305739,0.107163532354385,0.136332603483754,-0.0178265770318053,-0.0167052851329294,-0.126734213608013,0.0011326051043244,-0.0665721238343755,2.09456974227775e-06,-0.00620605847562049,0.000912465711461324,-0.00624448208442572,-0.280820661565671,-0.00455250329511414,-3.82077444196355e-06,9.73973893565044e-06,-0.000223161673810115,0.00354847089323712,0.00141214139073952,0.0634253078459106,5.34238551135637e-05,2.60028314013842e-05,3.86767913992531e-05,-0.0140399438905334,0.000480800285220629,-0.000206817387061686,0.000129818916850276,6.13324589209679e-06,-3.04225644572531e-05,2.48443518332661e-16,0.000320543363549241,-9.52693471022647e-06,-1.60989576180606e-06,0.000121670689370246,-0.000988916741822832,0.0028832243784244,3.72537614176134e-07,0.12018090812999,0.00102497010934351,-5.91438880842374e-16,4.20887283358873e-16,1.66917230038071e-05,-7.40636107356683e-05,-0.568610044992563,1.24553964633832e-15,2.03049382863085e-15,-6.15788570826111e-05,-5.14692006915378e-16,6.08340363617098e-16,5.3844033849431e-05,1.8013400975259e-06,1.91042379876943e-16,-8.02466736958551e-06,-3.70363210441702e-16,-2.48282152285444e-05,7.68267623252848e-06,3.47168533316982e-15,-1.83189509568582e-15,0.000127634361711298,-2.54192046372174e-16,2.99342973925781e-06,2.5365819572745e-06,2.1136832726159e-05,-9.64086610812012e-14,-0.707106781186547,-8.21799420095823e-05,1.07336015076065e-15,8.83087574263133e-07,-1.75956127329422e-16,1.97829116202706e-16,-1.24942570296404e-05,2.41777084464267e-17,4.09720400838385e-17,-2.0643209364124e-16,1.65126284603823e-16,-8.32767606593061e-17,-1.18495883942547e-13,8.92788283029418e-05,-3.60884577856166e-17,-5.55111512312578e-17,-7.21011811384812e-17,-1.77402857217918e-16,-1.88014480133653e-16,-4.28924070781544e-17,-9.87815261475356e-17,9.58434720477186e-17,-2.03830008427275e-16,-7.57499044406524e-17,-1.30104260698261e-16
"t44",0.129465331305739,0.107163532354385,0.136332603483754,-0.0178265770318053,-0.0167052851329294,-0.126734213608013,0.00113260510432442,-0.0665721238343754,2.09456974229823e-06,-0.00620605847562054,0.000912465711461277,-0.00624448208442568,-0.280820661565671,-0.00455250329511411,-3.82077444195487e-06,9.73973893565391e-06,-0.000223161673810089,0.00354847089323705,0.00141214139073955,0.0634253078459106,5.34238551135845e-05,2.60028314013599e-05,3.86767913992392e-05,-0.0140399438905336,0.00048080028522064,-0.000206817387061723,0.000129818916850303,6.13324589203218e-06,-3.04225644572617e-05,2.76199093948276e-16,0.000320543363549268,-9.52693471019671e-06,-1.60989576184606e-06,0.000121670689370288,-0.000988916741822776,0.00288322437842448,3.72537614097652e-07,0.12018090812999,0.00102497010934365,-4.38783215024933e-16,3.21140683490206e-16,1.66917230038106e-05,-7.40636107357125e-05,-0.568610044992563,1.53176901978127e-15,2.01271291300209e-15,-6.15788570825816e-05,1.22893409399791e-16,-8.93930166600011e-16,5.38440338497086e-05,1.80134009760639e-06,6.44075661866892e-17,-8.02466736940033e-06,6.84348663055192e-16,-2.48282152281037e-05,7.68267623205653e-06,-3.20006115579568e-15,1.575047601024e-15,0.000127634361711409,-1.44469939483693e-16,2.9934297403264e-06,2.53658195629178e-06,2.11368327072119e-05,9.63225865468118e-14,0.707106781186547,-8.21799420090939e-05,-1.14968798370363e-15,8.830875742318e-07,2.72039133594945e-18,-2.4215488549827e-17,-1.24942570300692e-05,-2.94902990916057e-17,7.91359566240909e-17,-6.37510877421477e-17,-1.83553133977007e-16,7.19809926012135e-17,-1.18849767519451e-13,8.92788283031447e-05,-2.74148407840829e-17,1.45716771982052e-16,-4.43456054172207e-17,8.6275111528446e-17,-1.08217199582186e-16,-1.4003692105128e-16,1.89182572429916e-16,-2.03830008427275e-17,1.04083408558608e-17,4.56807395552105e-17,-4.33680868994202e-17
"t84",0.130177733814835,0.108336882695443,0.137847890118864,-0.0181936705919305,-0.0171059821445708,-0.129825655811895,0.00117360040061867,-0.0690614344744214,2.18767958105707e-06,-0.00654361263387471,0.000967141193443108,-0.00672633138147508,-0.303462471558951,-0.00495702530122079,-4.20130771375347e-06,1.07639554680428e-05,-0.000248696324988986,0.00401007572790506,0.00159648383096496,0.0733754272636429,6.26671200852236e-05,3.22574254480327e-05,5.10648227464994e-05,-0.0193380930679092,0.000676282814223562,-0.000297921514306848,0.000190954428452047,9.90502516499915e-06,-5.02108146379237e-05,-1.64560920915281e-16,0.000596679139675999,-1.92598462056996e-05,-3.2882424257804e-06,0.000258013760594164,-0.0023454223248252,0.00736367230340492,1.0230751044627e-06,0.413697214098455,0.00353734943126424,2.61231314963211e-16,2.98372437868011e-16,-2.27065031143973e-05,6.04403225097997e-05,0.386983516111065,-8.54295306538521e-16,-3.10515502199848e-16,1.87178632880033e-06,1.97062232948129e-16,-1.34026930858882e-16,9.27132969031925e-06,4.40240128075067e-07,-1.67873820303458e-16,-2.73348282925736e-06,-1.75822177105677e-17,-9.88779002641417e-06,3.13695231863521e-06,-2.20717255934078e-16,1.1748685791596e-16,5.79887121298884e-05,-2.16555831426823e-16,1.47343046033241e-06,1.28799515857115e-06,1.09651988912094e-05,-3.03401536418986e-17,-6.81311277010108e-17,-4.47841108894747e-05,2.17599376017841e-16,5.04338710946671e-07,1.61589694591633e-16,1.9403236377854e-16,-7.51977486891873e-06,6.46455545344482e-17,3.09158532455643e-17,2.78423117894278e-16,-5.38733907707897e-16,6.28773728619289e-16,-7.56872810566026e-14,5.72198378531682e-05,-3.198987842637e-17,4.68375338513738e-17,1.628145053198e-15,5.03092484972488e-15,0.707106781186548,2.12733183830969e-14,1.56113020726164e-15,1.62001488612784e-15,-1.53956708492942e-16,7.39064539112007e-16,-2.90566182226115e-17
"t85",0.130177733814835,0.108336882695443,0.137847890118864,-0.0181936705919305,-0.0171059821445708,-0.129825655811895,0.00117360040061868,-0.0690614344744214,2.18767958103897e-06,-0.00654361263387468,0.000967141193443084,-0.00672633138147507,-0.303462471558952,-0.0049570253012208,-4.20130771371097e-06,1.07639554680324e-05,-0.000248696324989011,0.00401007572790504,0.00159648383096495,0.0733754272636429,6.26671200852349e-05,3.22574254479849e-05,5.10648227464699e-05,-0.0193380930679091,0.000676282814223477,-0.000297921514306825,0.000190954428452066,9.90502516498375e-06,-5.02108146379788e-05,-3.4497216244065e-16,0.000596679139676069,-1.92598462057056e-05,-3.28824242580567e-06,0.000258013760594213,-0.00234542232482518,0.00736367230340493,1.0230751044228e-06,0.413697214098455,0.00353734943126428,3.72253621903834e-16,3.15773882736403e-16,-2.27065031144329e-05,6.04403225098729e-05,0.386983516111065,-1.06116107281756e-15,-5.85252332707675e-16,1.87178632879686e-06,1.29753606921089e-16,1.29651038306695e-16,9.27132969037129e-06,4.40240128115243e-07,-6.20556915702971e-17,-2.73348282921876e-06,-8.69711577953867e-17,-9.88779002635302e-06,3.13695231841094e-06,1.01941318363295e-16,-2.36505151400557e-16,5.79887121298667e-05,-1.79164197244993e-16,1.47343046078691e-06,1.28799515836792e-06,1.09651988912422e-05,1.76091939410556e-16,6.84262929688497e-18,-4.47841108894365e-05,2.99239799605999e-17,5.04338710943801e-07,-7.04295662088291e-17,-1.59851222445841e-16,-7.51977486869835e-06,7.5243630770494e-17,-7.83717231024387e-17,4.74880551548651e-17,7.39757298876634e-16,-7.72015210102064e-16,-7.58141311436449e-14,5.72198378536956e-05,4.47711146505937e-17,-1.39645239816133e-16,-1.41802942796902e-15,-5.08598265309e-15,-0.707106781186547,-2.08457679011247e-14,-1.57698503787712e-15,-1.34148334801631e-15,3.54967791271754e-16,-5.96672727874597e-16,-1.61329283265843e-16
"t56",0.12618053963975,0.101499728749595,0.129007717778938,-0.0158887541318491,-0.0145157321908135,-0.109769269900373,0.000874474413071834,-0.0506498124673078,1.43555798442812e-06,-0.00335750825815802,0.000390751307811231,0.00248203144106388,0.239304707356964,0.0281480033790315,-1.36934441683106e-05,2.39952911826385e-05,-0.000399524947899048,0.00475160915826051,0.001878563737514,0.0606754863486553,4.14545842849509e-05,-3.46908561395395e-06,-0.00012794634386663,0.607043169372137,0.0097047377728308,-0.00190523933503203,0.000881227467506842,2.47171154816959e-05,-0.000115825787703507,-1.18949816670362e-15,0.00100346541624038,-2.72943989514679e-05,-4.56515342360414e-06,0.000332523520087285,-0.020762084459116,0.00587392272398997,6.45838229606079e-07,0.00827266500502908,4.23707334178984e-05,-7.30491792861977e-17,-1.6750923564901e-17,-2.09515562783372e-05,1.74963907897973e-05,0.00489003791766271,1.2810737165897e-16,1.46779290111088e-15,-5.58477616496905e-05,-2.90560988247629e-16,1.01807182136404e-16,6.02150763473305e-05,2.1303892868865e-06,4.01625202208178e-16,-1.00945886857402e-05,-2.6013819759599e-16,-3.21916760127729e-05,1.00088680361784e-05,7.39054217790286e-17,-3.35025247561599e-16,0.00016961993464727,-5.19604526438388e-16,4.03391259664633e-06,3.43559513225504e-06,2.87239279705689e-05,8.99832294005931e-16,1.84256042815891e-16,-0.000112478156079262,-9.45315874190111e-16,1.21586845352078e-06,-0.707106781186547,3.1980294758771e-15,-1.72953774365719e-05,-8.21364460820706e-16,-1.45209644065008e-15,-3.52148865623292e-16,-3.64183800816226e-16,-3.38088358937998e-16,-6.75953550791962e-13,0.000124096903469496,-3.3488714004348e-16,3.10732342634346e-16,2.20075032341316e-16,-1.68790372508403e-16,1.86635682076304e-16,-4.13033381918814e-17,3.02966646031206e-16,-1.61383493374467e-16,4.65935883625646e-16,1.20432497555602e-16,1.89735380184963e-16
"t57",0.12618053963975,0.101499728749595,0.129007717778938,-0.0158887541318491,-0.0145157321908135,-0.109769269900373,0.000874474413071864,-0.0506498124673078,1.43555798443392e-06,-0.00335750825815802,0.000390751307811207,0.00248203144106394,0.239304707356964,0.0281480033790315,-1.36934441683427e-05,2.39952911826914e-05,-0.000399524947899032,0.00475160915826053,0.00187856373751403,0.0606754863486553,4.14545842848798e-05,-3.46908561395329e-06,-0.000127946343866701,0.607043169372137,0.00970473777283083,-0.001905239335032,0.000881227467506843,2.47171154816496e-05,-0.000115825787703557,-1.07890954511186e-15,0.00100346541624036,-2.72943989513979e-05,-4.56515342361669e-06,0.000332523520087311,-0.0207620844591158,0.00587392272398988,6.45838229123981e-07,0.00827266500502919,4.23707334178736e-05,-1.29427692958414e-16,6.10134772566218e-17,-2.09515562784798e-05,1.74963907895052e-05,0.00489003791766249,9.49565256007358e-18,1.55138488860951e-15,-5.58477616497772e-05,2.73921249535399e-16,1.12649203675189e-16,6.02150763473826e-05,2.13038928654567e-06,-3.99058101404012e-16,-1.00945886849375e-05,1.47521819606705e-16,-3.21916760125354e-05,1.00088680366063e-05,-3.93168876650512e-16,-5.59719371545642e-17,0.000169619934647659,2.39006757331154e-16,4.0339125980185e-06,3.43559513212762e-06,2.87239279726958e-05,-7.42083475667691e-16,-6.73435493623761e-17,-0.000112478156078988,7.85396053748499e-16,1.21586845040548e-06,0.707106781186548,-3.02832675828612e-15,-1.72953774334543e-05,6.77206229461602e-16,1.50571550698572e-15,5.24103330179493e-16,2.63569258283112e-16,2.27811002626097e-16,-6.76611390244842e-13,0.000124096903469613,3.65615852103054e-16,-1.06685493772574e-16,-3.73200398280442e-16,4.97847798642415e-17,-7.7909655277196e-17,1.24730820462242e-17,-2.3143661239124e-16,1.58835618269126e-16,-9.37834879199961e-18,5.01761943287183e-17,9.99634403031635e-17
"t73",0.127730631529266,0.10404287183449,0.132291437648298,-0.0166721464621796,-0.0153631729854663,-0.11629934857694,0.000956383772685486,-0.0555814713443857,1.6080620475778e-06,-0.00387911635667484,0.000459801088317583,0.00311039629897862,0.30406850243427,0.0370299699437922,-1.89321250768032e-05,3.41154144102209e-05,-0.000597386075827538,0.00783933367542233,0.00310908778210147,0.125160440929272,0.000103241887352005,5.35560231268977e-05,0.000118581911177203,-0.233610463682433,-0.0023954925780405,0.000260287854776584,-5.7840878291197e-05,2.6052949298127e-06,-1.45896587943417e-05,2.66298025219252e-14,0.000167899819328007,-3.25916937134874e-06,-4.83192692789149e-07,9.34854543820338e-06,0.512718630297806,0.00596330873593025,4.77359845989909e-07,0.00488234404931047,2.49831105252757e-05,-1.71388532984461e-16,2.14997290803876e-16,-1.19935721187153e-05,1.01536298069732e-05,0.00285155718739041,4.55539501139579e-16,1.20042864537595e-15,-3.38965991773825e-05,-8.4098545762442e-17,1.43331700872431e-16,3.74216039778063e-05,1.33848125681296e-06,-3.74105705090171e-17,-6.45338945471654e-06,1.10381180021415e-16,-2.08357146971498e-05,6.49328935455593e-06,1.99866431449894e-16,-1.60461921527855e-16,0.000111308908528193,6.13823177535036e-16,2.67505560327952e-06,2.28882095140487e-06,1.92009736019181e-05,3.16066236979825e-16,-2.45954245141911e-16,-7.58276064891034e-05,5.16947595841089e-16,8.27185034088133e-07,-4.46480442572794e-16,-2.08497354769162e-16,-1.19041676011848e-05,5.17327066601458e-16,-6.32841362766835e-16,-8.45677694538693e-17,-3.03140692167141e-16,-7.50110854681205e-14,-0.707106781183748,8.68285451316678e-05,1.72242872630942e-16,7.63278329429795e-17,-2.14252002755786e-16,-1.21868248194165e-16,1.07234228180294e-16,4.39239805166736e-16,1.08536821544029e-16,-8.54351311918577e-17,2.21177243187043e-16,2.77848110695697e-17,-1.0842021724855e-16
"t71",0.127730631529236,0.104042871834443,0.132291437648238,-0.016672146462166,-0.0153631729854518,-0.116299348576828,0.000956383772684265,-0.0555814713443065,1.60806204754415e-06,-0.00387911635666718,0.000459801088316611,0.00311039629897034,0.304068502433427,0.037029969943681,-1.89321250766384e-05,3.41154144101428e-05,-0.000597386075825352,0.00783933367539083,0.00310908778208895,0.125160440928696,0.00010324188735151,5.35560231265109e-05,0.000118581911176335,-0.233610463680617,-0.00239549257802121,0.000260287854774667,-5.78408782906197e-05,2.60529492984176e-06,-1.45896587943209e-05,2.69012867457385e-14,0.00016789981932634,-3.25916937111645e-06,-4.83192692772344e-07,9.34854543803257e-06,0.512718630291629,0.0059633087358567,4.77359845734464e-07,0.00488234404924557,2.49831105251386e-05,-3.69147007494742e-16,4.54714391140421e-16,-1.1993572118587e-05,1.01536298063557e-05,0.00285155718733536,-1.24400249273073e-16,8.33534630206856e-16,-3.38965991765585e-05,-1.22688519456895e-16,1.84965063714695e-16,3.74216039768314e-05,1.33848125710327e-06,1.77478307474714e-16,-6.45338945447866e-06,1.06911727989144e-16,-2.08357146965878e-05,6.49328935435037e-06,1.63437223194677e-16,-2.76471553983804e-18,0.000111308908523242,-9.39585696301936e-16,2.67505560289094e-06,2.28882095138936e-06,1.9200973600599e-05,-2.25167481993273e-16,1.36714582229769e-16,-7.58276064833632e-05,-1.38777878078145e-16,8.27185034032581e-07,2.13582046012267e-16,2.58143328035864e-16,-1.19041675983917e-05,-6.77734778020689e-16,5.77995660602014e-16,1.0842021724855e-16,3.4824803078873e-16,7.50225482791545e-14,0.707106781189348,8.68285452936424e-05,-1.6408017089776e-16,6.67868538251071e-17,2.81878567018403e-16,1.76503057480126e-16,-1.84200937348768e-16,-5.3914591522929e-16,-2.4144629420999e-16,1.30971622436249e-16,-1.23815888097845e-16,-7.84680456009908e-17,-2.43728648374741e-16
"t80",0.12793516635012,0.104375979227609,0.132721450805623,-0.0167734019820971,-0.0154721866259505,-0.117138887223039,0.00096673770312213,-0.0562037798696882,1.62960393907141e-06,-0.00394328167183491,0.000468222886853706,0.00318495226314296,0.311709034328902,0.0380634547662033,-1.95304836837166e-05,3.52599928409025e-05,-0.000619391167789906,0.00817272455325329,0.00324183383797733,0.13175464732057,0.000109341021792775,5.82849441609122e-05,0.000133882179007096,-0.271782095446617,-0.00283402747752701,0.000314420193916306,-7.12861774484848e-05,3.61334562766187e-06,-2.09935119238804e-05,-2.5393394153109e-14,0.000339596002130906,-1.25843744747836e-05,-2.19818586547679e-06,0.00019271550532353,-0.486468186184229,-0.00141346822688508,2.40447580232003e-08,0.00186223160605041,9.57794100527737e-06,1.74312425287136e-16,-1.11564403548758e-16,-9.3244234003944e-06,8.09484693616936e-06,0.00229079478312202,-8.24939379842588e-17,5.5120838449163e-16,-2.85850235206293e-05,1.38485628071586e-16,-1.31041091869029e-16,3.22254294086652e-05,1.16237408028625e-06,-2.15588433963305e-16,-5.67280589117299e-06,-1.47566304229403e-16,-1.84595915954967e-05,5.76094292001035e-06,4.43633914870828e-16,7.79812412560199e-17,9.94151550171175e-05,-2.03608932828041e-16,2.40294492648979e-06,2.06097649757845e-06,1.73196232467327e-05,2.03270846057618e-16,1.70640952344072e-16,-6.86867048532974e-05,-8.8037216405823e-17,7.52539821628637e-07,-3.14344829550996e-16,-1.33718075445267e-16,-1.08870107180454e-05,-1.22840106142608e-16,1.78094439191041e-16,-9.93129189996722e-17,6.8061422563713e-17,4.45057582483262e-16,-1.50837383769673e-12,7.99627871049978e-05,-8.77982188467846e-17,-1.34267597040605e-15,-0.707106781186548,-1.52299895251264e-14,1.51149343522982e-15,3.90845565093489e-15,1.10865655792951e-15,-7.55038392918905e-16,-5.20417042793042e-17,-2.38404209432262e-16,-2.94035629178069e-16
"t81",0.12793516635012,0.104375979227609,0.132721450805623,-0.0167734019820971,-0.0154721866259505,-0.117138887223039,0.000966737703122136,-0.0562037798696882,1.62960393907544e-06,-0.00394328167183493,0.000468222886853709,0.00318495226314296,0.311709034328902,0.0380634547662032,-1.95304836836663e-05,3.5259992840854e-05,-0.000619391167789935,0.00817272455325332,0.0032418338379773,0.13175464732057,0.000109341021792808,5.82849441609556e-05,0.000133882179007089,-0.271782095446617,-0.00283402747752705,0.000314420193916301,-7.12861774484875e-05,3.61334562761786e-06,-2.09935119238891e-05,-2.54454358573833e-14,0.000339596002130939,-1.25843744748253e-05,-2.1981858654538e-06,0.000192715505323518,-0.486468186184228,-0.00141346822688501,2.4044758078725e-08,0.00186223160605036,9.57794100516461e-06,5.31665460461463e-16,-2.92192485484843e-16,-9.32442340038919e-06,8.09484693616285e-06,0.00229079478312182,-2.77216649744019e-16,6.63098048692135e-16,-2.85850235207073e-05,-1.14595324026419e-17,-2.02164754542868e-16,3.22254294087519e-05,1.16237408033949e-06,-6.9871661353945e-17,-5.67280589123197e-06,1.89671496871395e-17,-1.84595915955202e-05,5.76094291999181e-06,-4.34136165472799e-16,-1.30022945535324e-16,9.94151550170476e-05,-2.47304821478049e-16,2.40294492667714e-06,2.06097649770043e-06,1.7319623246595e-05,-2.52961428019671e-16,-1.76786333055538e-16,-6.86867048532852e-05,2.68882138776405e-16,7.52539821557445e-07,3.54824750098132e-16,6.75098470724033e-17,-1.08870107178817e-05,3.22441726097189e-16,-1.28084254908033e-16,8.41340885848751e-17,6.63266980372898e-17,-4.09727467457471e-16,-1.50886042796554e-12,7.99627871051929e-05,1.08225642711633e-16,1.16833626107038e-15,0.707106781186548,1.50374657232744e-14,-1.53468093114588e-15,-3.82841099240213e-15,-1.24883254741982e-15,1.12453449330197e-15,2.08600497986211e-16,3.27115683032304e-16,-6.50521303491303e-17
"t19",0.116073212576676,0.0846160605250676,0.107194959839015,-0.0104952674625919,-0.00859568710475534,-0.0640683253081475,0.000264377445708009,-0.0136339363764129,6.98810897000032e-08,0.00129135128385015,-0.000304007843420442,0.00258205058349972,0.0557104921167115,-0.0182942371909638,2.02487912176821e-05,-4.61077771591878e-05,0.0011011562137852,-0.0220837923650226,-0.00885835648220546,-0.667551887200594,-0.000823384558905432,0.0019712780463581,0.000628609248532648,-0.0472656804469995,0.00768713880263425,-0.00262318489785678,0.00149885798119404,5.7223577655707e-05,-0.000275115937515655,-2.20777389715855e-16,0.00254301538402465,-7.0039482134971e-05,-1.17211664933912e-05,0.000853848281078167,-0.00218392212678709,0.0157040975824494,1.7030260564955e-06,0.00775468433027268,-9.68531662402447e-06,2.12405684643465e-16,-5.93275428784068e-16,-5.43949724397148e-05,4.43637855762338e-05,0.00494308816990386,-5.08313887884365e-16,5.04544322987854e-15,-0.00014292218222146,0.707106781186548,1.20000814175145e-15,0.000152199009894514,5.35331074067843e-06,7.4562548024169e-16,-2.51202268188922e-05,-1.42720241680689e-15,-7.9526044161532e-05,2.4690754997343e-05,-7.31007737235275e-16,-2.54679090316845e-16,0.000415454055328638,-4.22052800694295e-16,9.81303963139279e-06,8.33166464098188e-06,6.94974662268314e-05,5.12423377763439e-18,-4.70388305969042e-16,-0.000270529632840327,-2.22044604925031e-16,2.90506912291268e-06,1.26494496093301e-17,-2.18859663153227e-16,-4.09601489262691e-05,-9.49761103097302e-17,-1.37983092398322e-16,2.68882138776405e-17,-3.03089615473171e-16,1.80274605062947e-16,-1.72699008666706e-13,0.0002900276817367,5.72779539301693e-17,-2.67147415300428e-16,-1.171086094579e-16,-1.10686292553271e-16,-2.74200654900822e-18,2.75551002326344e-17,9.03230535418716e-19,2.07299455379228e-16,7.11236625150491e-17,1.41178295795642e-16,-1.38777878078145e-16
"t20",0.116073212576676,0.0846160605250676,0.107194959839015,-0.0104952674625919,-0.00859568710475536,-0.0640683253081475,0.000264377445707997,-0.0136339363764129,6.98810897079274e-08,0.00129135128385018,-0.000304007843420454,0.00258205058349972,0.0557104921167115,-0.0182942371909639,2.0248791217415e-05,-4.61077771592988e-05,0.0011011562137851,-0.0220837923650227,-0.00885835648220533,-0.667551887200594,-0.000823384558905457,0.00197127804635784,0.00062860924853278,-0.0472656804469995,0.0076871388026344,-0.0026231848978568,0.00149885798119391,5.7223577655616e-05,-0.000275115937515702,-1.54857897628727e-16,0.00254301538402459,-7.00394821349228e-05,-1.1721166493081e-05,0.000853848281078136,-0.00218392212678733,0.0157040975824494,1.70302605639215e-06,0.00775468433027278,-9.68531662351446e-06,-9.63750940571577e-17,5.84601811404184e-16,-5.43949724398328e-05,4.43637855758825e-05,0.00494308816990437,5.12570877831788e-16,2.17360851539894e-15,-0.000142922182207593,-0.707106781186547,-1.14880744472817e-15,0.000152199009894882,5.35331074164592e-06,-8.50320117649343e-16,-2.51202268187283e-05,1.45937744722847e-15,-7.95260441611399e-05,2.46907549979428e-05,5.07584824595366e-16,3.13226007631062e-16,0.000415454055328652,-3.40615665013477e-16,9.81303963136504e-06,8.33166464079844e-06,6.9497466226716e-05,6.8589572535544e-18,4.73273140821167e-16,-0.000270529632840284,1.61329283265843e-16,2.90506912298651e-06,3.10847047456969e-18,2.9808793268258e-16,-4.09601489263451e-05,-1.33573707650214e-16,1.51715728087307e-16,-2.61075883134509e-16,3.76054625368572e-16,-2.00497197990904e-16,-1.72686865602804e-13,0.00029002768173665,-6.09000828921572e-17,1.97758476261356e-16,1.3269157107231e-16,-4.12973535517616e-17,3.1952462911357e-17,-2.79560510596119e-17,-8.32308581774917e-17,-1.8474805019153e-16,6.76542155630955e-17,-1.66815405724707e-17,-1.11022302462516e-16
"t72",0.0998066098722593,0.0511766721590671,0.0637045732090103,0.00606593035037249,0.0133715442422539,0.109716538135747,-0.00638486798173415,0.472313416753906,0.000143123761054565,-0.0402857961329165,0.00411661617297823,-0.00690103780218187,-0.0174888314868485,0.0473852878428792,-2.98088522996259e-05,5.36546136515464e-05,-0.00088356698855552,0.00920721264918724,0.00361710440510502,0.0325810649195653,-7.42506481447858e-05,0.000827299031248389,0.000388055961236852,-0.00255026900115728,0.0066287165445577,-0.00234415004469959,0.00140788011898305,6.8174682188055e-05,-0.000346867970680245,-2.3984845803184e-16,0.00451243581628184,-0.000165606294823025,-2.88645475724262e-05,0.00247009850446349,-0.00184144503474748,0.23854784257777,-4.73138875482095e-05,-0.00201206570353147,0.000213649529219206,8.71632218815333e-17,-9.62771529167128e-17,7.85075506708199e-07,2.88244191618339e-06,4.99370323025737e-05,1.08109937880307e-16,4.96130914129367e-16,-3.47017243734621e-05,4.6313139736115e-18,1.02015386663455e-16,4.66532086121213e-05,1.77358058886588e-06,2.89044961862279e-16,-9.17115860944902e-06,-1.08273117079268e-16,-3.05758149015956e-05,9.57107186897593e-06,1.72237682112887e-16,-2.38307637512314e-16,0.000166295222827802,-5.06813693660138e-16,3.9875186449434e-06,3.38794902559041e-06,2.81872968873366e-05,1.67660236156978e-16,1.13158355923197e-16,-0.000107234249034756,5.56846235788555e-16,1.07067362715903e-06,8.75595412893619e-17,-3.64842665898591e-16,-1.06131097910855e-05,-2.82326245715225e-16,5.58732895187324e-16,1.26981758441502e-15,8.82970816398052e-17,2.31070033750899e-15,7.96052588793638e-14,-0.821266856105113,8.84849893874772e-17,-1.11022302462516e-16,1.021290790054e-16,-5.78739213523684e-16,-2.69736298243701e-16,-8.90810761926394e-17,1.24058473777659e-16,2.42861286636753e-17,-3.66026653431106e-16,1.12126386672878e-16,-1.87350135405495e-16
"t82",0.0999273860234806,0.051298179217304,0.0638580456595154,0.00609236408078905,0.0134388461623563,0.110277567104469,-0.00643193792594899,0.475900192852986,0.000144394352638521,-0.0407133683118546,0.00416414382290266,-0.00699976614049788,-0.017748293697245,0.0481464324612213,-3.0333505612835e-05,5.46402660271672e-05,-0.0009008970033192,0.00940620995466198,0.00369548527312741,0.033387863214163,-7.62192132963821e-05,0.000854471438398252,0.000403093476707393,-0.00265792249778702,0.00691898993189601,-0.00245076524457597,0.00147388589745455,7.17439833142358e-05,-0.000365414293928754,-2.40440329576065e-16,0.00477764197287548,-0.000175829450733284,-3.06561318510911e-05,0.0026263187571985,-0.00196356179927937,0.254779869200368,-5.06044763370566e-05,-0.00215950217532056,0.00022931258486552,-8.31042028960245e-17,5.42101086242752e-17,8.64274154090648e-07,3.19093566485411e-06,5.53978373030949e-05,-2.08463097150595e-16,1.19782656016199e-15,-3.93523789704898e-05,-1.68774202317031e-17,-1.37919261010133e-16,5.39460459577056e-05,2.07522555781262e-06,-1.90088418980636e-16,-1.10003154259946e-05,3.95432536509579e-16,-3.75837458651829e-05,1.18303726971119e-05,5.64842560492762e-17,-4.27988807588653e-16,0.00021252157491227,-2.29560328266019e-16,5.32358675702643e-06,4.64009156924425e-06,3.94735136635799e-05,-2.24273386533227e-16,4.13626637427772e-17,-0.000161900062820352,1.38777878078145e-16,1.85740638185432e-06,2.33968662168999e-16,3.4631475828893e-16,-2.97789489372559e-05,1.19072503593221e-16,-3.46342558847962e-16,-1.05341083078692e-15,1.06608427746031e-16,-1.39277106018861e-15,-6.00085338137356e-14,0.40336430973833,1.48609381345682e-18,-1.92467569659627e-15,1.55068308106393e-14,-0.707106781186548,4.70183032656242e-15,2.83948595414577e-15,-1.26921039516522e-15,7.82143447231043e-16,-5.52292586664116e-16,1.51868785049398e-15,5.76795555762288e-17
"t83",0.0999273860234806,0.051298179217304,0.0638580456595154,0.00609236408078904,0.0134388461623563,0.110277567104469,-0.00643193792594902,0.475900192852986,0.000144394352638505,-0.0407133683118547,0.00416414382290268,-0.00699976614049789,-0.0177482936972451,0.0481464324612213,-3.03335056129018e-05,5.46402660271308e-05,-0.000900897003319199,0.00940620995466194,0.00369548527312748,0.033387863214163,-7.62192132963448e-05,0.000854471438398227,0.000403093476707386,-0.00265792249778703,0.00691898993189614,-0.002450765244576,0.00147388589745456,7.17439833144486e-05,-0.000365414293928676,-1.43295814904838e-16,0.00477764197287549,-0.000175829450733229,-3.06561318511183e-05,0.00262631875719854,-0.00196356179927945,0.254779869200368,-5.06044763370681e-05,-0.0021595021753205,0.00022931258486548,2.36084913690194e-16,-2.09034178855205e-16,8.64274153966615e-07,3.19093566477648e-06,5.53978373030919e-05,-7.14199479957236e-17,9.22005527481673e-16,-3.93523789705402e-05,-7.75656369012402e-17,2.09025433641158e-16,5.39460459577264e-05,2.07522555771383e-06,-4.0902197874191e-17,-1.10003154259499e-05,-2.70701277533664e-16,-3.7583745865136e-05,1.18303726967971e-05,-2.67824759514912e-17,4.14558253176989e-16,0.0002125215749121,-1.80671280616395e-16,5.32358675721378e-06,4.64009156918646e-06,3.94735136633167e-05,7.40990517092398e-17,-1.58603417888376e-16,-0.000161900062820379,-5.38848479725296e-16,1.85740638196477e-06,-2.86448384097694e-16,9.65145755880939e-17,-2.97789489373415e-05,2.15620707053055e-16,-2.040952357119e-16,-8.67361737988404e-19,-2.12580695237681e-16,-9.69498719644246e-16,-6.04300727143942e-14,0.403364309738329,-1.18209465696567e-16,1.58770566138777e-15,-1.56071694149538e-14,0.707106781186548,-4.36036492087662e-15,-2.80877348565102e-15,1.07960551937132e-15,-3.87710696880816e-16,1.23880940228194e-15,-1.52054754849356e-15,-1.41813644161104e-16
"t13",0.0971368845497419,0.0484562035416726,0.0602670950830872,0.00546086166082911,0.0118192120095041,0.0967645299967705,-0.00526972861504906,0.387119868872291,0.000112488969040691,-0.029762561788399,0.00293372642389779,-0.0043594382632133,-0.0107652461833916,0.0273550687729207,-1.57288751963837e-05,2.6938865246566e-05,-0.0004061598182077,0.00357762041401968,0.00139804663343081,0.00875121185007007,-1.46546684321909e-05,-7.63362586672471e-05,-0.00016196027311486,0.00162973671583451,-0.00496590951379626,0.00204933838615736,-0.00138524592529124,-0.000100441788856662,0.000550373635504994,4.79298856311893e-16,-0.00997035798482579,0.000435539222464296,7.74110651893475e-05,-0.00708965294756269,0.00630079865334437,-0.900961363727343,0.000194779784804742,0.0102934074090201,-0.00109531550769121,-2.60430941669417e-16,-1.79977560632594e-16,-0.000200814444981028,0.000149200876879267,0.00184093820234309,3.49972956485276e-16,1.0472525624472e-14,-0.000398735195895835,3.90153508222384e-17,-1.18993812320139e-16,0.000390430378158557,1.32609079699465e-05,-2.01775938372517e-16,-5.90887352658808e-05,1.49625766807235e-18,-0.000180772447765768,5.5775243810949e-05,-2.38883154982845e-16,-4.16767315103428e-16,0.000911026525181165,4.45149695100025e-17,2.09683378709219e-05,1.76077997775291e-05,0.000145710970402423,1.12202321860693e-16,3.9287976135321e-17,-0.000556320542731869,9.0205620750794e-17,5.85580972964497e-06,-5.77722099840687e-17,4.08463523520863e-17,-8.06059630096874e-05,-5.63785129692462e-18,-2.05132470237385e-17,-1.21430643318376e-16,1.08965171617279e-16,1.00627230223453e-16,-4.59640684224364e-14,0.0107107220867473,5.60686624639088e-17,3.81639164714898e-17,8.32431428935966e-17,-6.39338682571116e-17,1.82102166539612e-17,7.35028123082816e-17,-1.90945952641982e-17,1.76074432811646e-16,8.5868812060852e-17,8.8338947046461e-17,-2.08166817117217e-17
"t30",-0.0855886933213502,0.0095232952297427,-0.0030541890284208,0.271293362804572,-0.0137777062465327,-0.0281729098564337,0.0203899965317848,-0.00341819740640049,0.241312338374836,-0.00581453529690183,0.0320476678111248,-0.0050692130164865,-0.000311664483971172,0.00246759733991778,-0.348252841493457,0.000349390957435508,-0.00528386114014243,0.00159799332777728,-0.000393753079622415,0.000656186394363412,-0.000633625097837234,0.0041204267028058,0.00152566951134015,-5.06947053462217e-05,0.000285447210134789,-0.000246939928131251,0.000948742642364116,0.000163617490061498,-0.000773820822225987,1.0429614398193e-16,0.000206688661496507,-5.59245663879211e-06,-2.84867304894994e-05,0.000435834698105911,-4.97778755968419e-06,0.000245459708455847,1.3546072217682e-05,1.06797717775163e-05,-5.29714805898644e-05,-1.0904954557525e-17,-1.67714609169906e-16,-0.000110637062254309,8.23812456723313e-05,6.43249400433758e-06,-2.83140837357998e-17,6.8933016283443e-15,-0.0061514352962645,6.00747831619533e-17,2.58777321507322e-17,0.000180655514817604,2.27434775315748e-08,4.36173678181301e-17,0.000141560986564619,-2.88241976992496e-16,1.75037092352431e-05,-8.19830356590804e-05,-9.67596847829574e-17,-2.15698132304365e-16,-2.52663940735092e-05,-3.17398274661733e-16,-2.5213017098151e-05,-2.48639964212065e-05,-7.9899243753242e-06,1.19056341602235e-16,-1.67294830664181e-17,1.81702062135192e-05,-1.50488708404474e-16,-2.61591264823193e-07,1.17748646830964e-17,-2.94399566049197e-17,7.86065971800588e-05,8.17578151162404e-16,-1.5275557711898e-17,-1.93638043581223e-16,-9.46669568882526e-18,1.71363779663124e-17,2.94258964244511e-15,-3.56945620058062e-05,-1.66561744918371e-17,-2.75582187314944e-16,-5.22478052876591e-18,-1.31088122374236e-16,-6.22935993568543e-17,-1.75161198983188e-16,-1.5290228234473e-16,1.80495997883158e-15,4.20704217978399e-18,1.30935488991367e-16,1.11210436145634e-14
"t14",-0.103077966634022,0.0443588899155126,-0.0171148482454492,-0.00470901641679477,-0.000245444197702979,-0.000475455051306286,-0.0424643649127201,0.000476404386847215,-0.000550310844419012,0.0193022924994756,-0.461918550866416,-0.0171161124030915,-0.000916240310013052,0.00568795006886171,-0.000889143786998344,0.00553626022718202,-0.0587786893834895,0.00222134220737494,-0.00054909203159197,0.000924202089550017,-0.00414609172604955,0.0215946281778394,0.0068775414188639,-4.35448214658729e-05,0.000244547718095598,-0.000208923720254918,0.000791619922693757,0.00054933250259304,-0.00253014205523315,-4.99143500460951e-18,0.000135446914945062,-3.43194059039781e-06,-7.39266884482251e-05,0.000257085151113605,-2.68509925661938e-06,0.000125020628561561,2.75797253176538e-05,4.38665511391637e-06,-2.17198342386788e-05,-1.1672308659211e-16,1.73355305072063e-16,0.0364308353310939,-1.83194921686676e-05,-1.39180523537879e-06,-1.82704473097736e-16,-2.91337662702401e-12,0.000285629691105821,-1.27836028290726e-17,2.41430086747554e-17,-0.00046953764717064,-6.57792946270807e-07,-5.69965937885247e-17,0.000122687842896263,-1.58903912641374e-17,0.000105850277031055,-0.000152998018503015,-4.81874274556068e-17,1.83764308230898e-18,-0.000106690691717898,-8.81848174464117e-16,-0.000338584976988263,-0.000311843941389905,-2.51182345605385e-05,3.75243382313253e-17,-9.79058916251084e-18,5.18289234849011e-05,-1.83571366348138e-16,-6.83198567193494e-07,-2.81237752643702e-17,1.78506596266282e-18,0.000186850414223919,2.47296709917882e-16,2.07167704787005e-18,-9.83237879350561e-17,-3.02833774005469e-17,9.05314797666437e-16,5.63314575368515e-15,-7.61841315450097e-05,9.36467764781503e-18,5.47427625185753e-16,1.90613481349094e-17,-2.87394372916048e-17,1.75036805380788e-17,3.24439162098132e-16,2.72104969269588e-16,-1.95176188969674e-16,-4.382880455601e-17,-1.30465595147078e-17,5.07283316802302e-15
"t96",-0.104861068684996,0.0458847628240849,-0.0177124564872103,-0.00501331360300074,-0.000263911296010484,-0.000511833099587786,-0.0472786694443385,0.000532194091750921,-0.000626859248787298,0.0225836321936884,-0.548369754587062,-0.0212329222133007,-0.00114641307534316,0.00726115853366417,-0.00116443923706276,0.00734493514352834,-0.0796501695585462,0.00311642329463575,-0.000771109269035734,0.00137188916348329,-0.00635685990300634,0.0374758297232505,0.0135499258656048,-9.29869768594114e-05,0.000542695672006424,-0.00048380949293456,0.00190118986920466,0.00153827890960915,-0.0073283304260059,1.58252467071124e-17,0.000467615878461118,-1.32367807861376e-05,-0.000288954241191028,0.00105398834368499,-1.26000941956461e-05,0.000637990593268183,0.000152217038370401,3.02457603000431e-05,-0.000150112335880621,1.05594998316821e-15,-1.07592993533162e-15,-0.395488111924801,-1.21480503942943e-05,6.07111907894743e-06,1.56936623763884e-15,0.692720870709112,-0.000755126957835379,-1.38321514885075e-15,1.23671471838254e-15,0.000877435383345338,1.05108963173771e-06,2.81274484026953e-16,-0.000152444528501606,6.25957294847281e-16,-0.000109350210422265,0.000152496395086942,2.98751289633495e-17,-5.16442796239459e-16,8.87214370074932e-05,-6.6762440404573e-16,0.000235943576973371,0.000200170879148149,1.51490432939873e-05,-4.22177382902529e-16,2.00110951430683e-16,-2.64959690399822e-05,-7.3375197201941e-16,2.86910604144586e-07,-1.27003013395048e-16,1.73522690084367e-16,-5.85491726894834e-05,-1.19859865399156e-16,-2.21707651353138e-16,-5.01342703976275e-16,8.05853338020274e-16,-1.56335969631368e-16,-5.0257118084483e-16,1.36398367561164e-05,1.9151064262538e-16,1.1420064200672e-15,2.23758718300173e-16,-1.84864550129517e-16,-5.18525873538755e-16,7.84140883231986e-16,-3.84105329302607e-17,-4.62323604270102e-16,-6.79239434751307e-16,-8.59049455057338e-17,3.33837152361782e-15
"t75",-0.103980857735562,0.0451299366693486,-0.0174168098585452,-0.00486222424367979,-0.000254730192643968,-0.000493744597919476,-0.0448741816584826,0.0005043176990798,-0.000588510338413344,0.020933778599948,-0.504815237482738,-0.0191460963713878,-0.00102959596262715,0.0064604375591831,-0.00102380409504038,0.0064192255428524,-0.0689345256418334,0.00265449688611198,-0.000656515318736198,0.00113885608936123,-0.00520029237110365,0.0290002148396468,0.00991161818307179,-6.56428018631939e-05,0.000376663028531825,-0.000329543812984366,0.001274323405181,0.000963199335414319,-0.00452002142260307,-7.95845444716121e-17,0.00026642412876823,-7.1660720838702e-06,-0.000155465172287457,0.000554537027155402,-6.21607130328635e-06,0.000302141992488976,6.93400078372397e-05,1.22927211096862e-05,-6.09339572433803e-05,-6.82242939760549e-16,-3.4165401411075e-16,0.478462476634707,0.00212382913432191,3.4526065878906e-05,-8.78328586964435e-16,9.4223704527375e-12,-0.000721549979202228,-6.65600305843537e-17,1.1955279985348e-16,0.00061015141530175,6.36958580157733e-07,-1.97509195342646e-16,-7.20090408480856e-05,-2.13648867525493e-16,-4.0808063724452e-05,5.38763701879129e-05,-1.12372196066749e-16,6.04116439338232e-16,2.19516113080661e-05,-7.84494954174436e-16,3.12824053025383e-05,1.48474431097064e-05,4.1440097413155e-07,-8.91104755149816e-17,-2.71378239222789e-17,2.88464459582213e-06,-7.20403916510319e-17,-8.55618616721034e-08,5.34082281065398e-17,-1.83830345966856e-16,3.81189978055539e-05,2.64364052484852e-16,-4.86721685603718e-18,-1.35154749623538e-16,-6.49778469200831e-17,5.39288144235331e-16,1.59297477813515e-15,-2.28269560366913e-05,-3.49723081879384e-16,2.34263932467569e-16,-4.85928674281861e-17,1.28939261318386e-17,-2.23949594093877e-17,1.19741791932869e-16,2.113896476104e-16,-4.25894411274589e-16,1.55983109206326e-15,7.77012219701389e-18,4.22612456631013e-15
"t98",-0.136701600718144,0.0882884759869752,-0.0345995697938423,-0.117941859039739,0.00202835370404001,0.00340325445517194,0.266992472461362,0.00340183391941642,0.000110000274532432,-0.00356886950259709,0.0592307915704373,-0.000788043028777561,-7.56389351041361e-05,0.00103243529150279,-0.000340337817086397,0.00766933178050033,-0.137403029923808,-0.000943742924166667,0.000220738632366709,0.000304885798672368,-0.378144935433049,-0.00029152608657927,0.00393079150049157,-9.16878810279754e-06,7.01817923755237e-05,-8.02852752725614e-05,0.00038835141944612,0.00424351646791572,-0.0788593947142304,-1.1950117395247e-15,-6.50170446690117e-05,9.95244232838323e-07,0.0125856537469804,-1.11837650035254e-05,-2.75553719474318e-07,2.39328211796884e-05,2.27611484186129e-05,2.2607793923426e-06,-1.1253581437728e-05,1.53893775660272e-16,-9.69731351836737e-17,-0.000958872023425221,0.269381361376402,-3.68084094988895e-05,-6.59753428991357e-16,-8.08050137375367e-15,5.93737580549601e-05,-5.8447089251654e-18,2.53126507503694e-16,1.85988752998665e-05,5.35981881895485e-08,-2.75571751761602e-16,-1.46188028451242e-05,-2.13648867525493e-16,-1.51221310230167e-05,2.27910930112365e-05,9.02441037379684e-16,9.79275689459331e-16,2.29008827808167e-05,1.02040700992957e-14,0.355235425160584,-0.000173650697291346,-2.31765602539169e-06,-2.21588145706255e-15,-2.90815792270754e-16,5.55662852828582e-07,-4.54039283173073e-17,8.15818093118409e-09,-3.02210084468706e-16,-2.25463709390299e-16,-3.60066243132426e-06,-2.72190869540506e-17,8.18689569428032e-17,-2.74078088387126e-16,-1.81403130687093e-17,3.64081073161674e-16,3.17236497560264e-17,1.24725380595781e-06,-2.19618821181123e-16,-1.0834392148156e-15,7.07746568097702e-16,-1.00018458383862e-15,1.23701428414977e-15,6.93935262481192e-16,7.90787288586653e-16,-0.625008527735216,-8.53270355258657e-15,3.2326210640379e-15,-1.06720786049045e-14
"t29",-0.123533492081744,0.070584264957518,-0.0275452866182693,-0.0673477097540117,0.000938719273806385,0.00152491326618809,-0.169483034539411,-0.00358592825396456,0.000315723790985082,-0.00364150568056419,0.0470044327767358,-0.000323017626256401,-2.67773519455445e-05,0.000243558571390261,-3.88408130652719e-05,0.0169050488874369,0.00288234808693029,-7.05894595720798e-05,1.91346025589477e-05,-0.000253188792553205,0.00682062766363136,-0.345772915211873,0.310829338481354,-1.76891276669813e-05,0.000236561567566495,-0.000266086417811337,0.00116219727500535,0.293944109521064,0.00231960895441826,-0.551512035166956,0.000163731356183188,-4.9700104611881e-06,-0.00034343961327435,0.000399961341330382,-4.80763840239105e-06,0.000242644056567162,0.00311247863126781,1.10881363732071e-05,-5.50153183915752e-05,1.53893775660272e-16,-8.5507304016758e-16,-0.000582747093546315,0.00126343751676395,8.84465262491284e-06,4.80137492071798e-17,3.32463104616113e-14,-0.000332993605020521,1.03442870061373e-16,-1.28569998219393e-16,0.000325185386770757,3.6061562661499e-07,-2.48309831432468e-16,-4.54445962657342e-05,-2.73605102182442e-16,-2.86620742881871e-05,3.88377490546471e-05,-2.98501749759891e-16,1.05709392647627e-16,1.90058595236564e-05,-2.5713300689953e-16,0.00010391398341544,0.000807603087798654,1.89553674236263e-06,-3.06693648919995e-16,-4.8857426853211e-16,-1.86292743865087e-06,-5.8938819324757e-16,-2.19916943159887e-09,-4.02668395962078e-17,-5.37260852685951e-17,9.04821631007577e-06,2.17881461804233e-16,1.23502320366247e-16,1.53283695349402e-15,-5.63042295401991e-17,2.42650429843297e-16,6.89183847151236e-16,-7.96388869812913e-06,-8.0840943102979e-17,1.49719728691332e-15,-2.67168025401264e-16,-2.66396553500427e-16,6.78433324885242e-16,1.26680685836776e-16,4.35168976011408e-16,1.8572949423761e-15,2.56525467121909e-16,-1.55293884544806e-16,8.15975280878947e-15
"t55",0.11936641248903,-0.0498694522821171,-0.224404286910817,-0.0132218799134184,-0.00796445940273075,-0.0546002304999476,0.000965980338926701,-0.0147967252276061,6.26124433135964e-05,-0.15337727691489,-0.00530787363510041,0.000157185469895534,-0.00010097959915207,0.0026919375342369,-1.45058088859876e-05,2.59462197012713e-05,-0.000573094752538176,0.0440955581596424,0.0229047700989835,-0.000728365658057919,-1.77240718048682e-06,0.000237259196262705,0.000214172101189909,-0.00052676432270415,0.00566240406717248,-0.183590273865718,-0.00348491816402463,-3.00399077774597e-05,0.000132077445081295,-1.09903088355643e-14,-0.0190547599024732,0.196268858207661,-6.43773844990586e-06,9.61882585153401e-05,-1.04881719985498e-06,1.26651850948867e-05,-2.43111210616516e-09,-2.80620604795246e-07,1.97568387297072e-07,-1.99989813438997e-16,2.05156305231756e-16,-1.49181704725078e-06,1.37287324101172e-06,3.53664900453899e-06,-1.50892101329706e-17,-1.9416066824905e-15,-5.87347612075645e-06,8.78303587775822e-17,2.02491151428121e-16,7.46372910785755e-06,0.163972426392862,2.83915958254268e-16,-6.42099374152099e-07,-4.14160195458114e-16,-1.81568483259461e-06,5.37245875106376e-07,1.12115024314522e-16,4.34770342673796e-16,6.7402622331235e-05,-3.70583104914683e-16,1.21483886420664e-08,-6.00975454753758e-08,-0.0015069818589293,-6.97696402575938e-17,-1.05200380341235e-16,2.97949889073729e-06,9.93398463718271e-17,-6.69076691012623e-08,-1.07765405046021e-17,-4.03658908850498e-17,4.26796212578669e-06,1.96285631445155e-16,5.54112399982368e-18,-2.10322529581837e-16,2.00236034027805e-17,-4.76184365766918e-16,1.02572020149074e-15,-1.64272553343299e-05,2.2967455909687e-16,-8.04422026936064e-16,2.42655185628398e-17,-8.77200354748163e-17,-2.9333853313295e-17,9.08915487808453e-17,1.75379948580453e-16,-3.57159236140497e-16,-1.48132355684885e-15,2.14202215838254e-16,9.65913736671524e-15
"t15",0.113108814736317,-0.0447360113548107,-0.200964960006214,-0.0107209853111048,-0.00622390926610765,-0.0424772864825963,0.000656503143334614,-0.00991318120237105,3.84483174915004e-05,-0.0825994818825239,-0.00264355114002785,5.94821834371587e-05,-3.5904270095401e-05,0.000814928105132997,-3.43563895609734e-06,5.29375451828503e-06,-8.67008921782959e-05,0.00296776187302877,0.00148777841341247,4.53491297781728e-05,2.34589921622798e-07,-8.75208030981568e-05,-0.000117469689421737,0.00032715523142243,-0.00363475650065691,0.11986601030206,0.00226844142243537,1.46537517951394e-05,-5.35016229249892e-05,5.591974326802e-16,-0.0147154859549196,-0.00109637256700594,-2.70454330668527e-06,0.000152407305107734,-7.51244202067502e-06,0.000281818744364453,3.17863602192262e-07,3.46218026384454e-06,-2.42366860261658e-06,-5.94772118848755e-17,1.0131430165385e-16,1.11049969278923e-05,-1.0753435322976e-05,-2.82850097627877e-05,-2.61256824828295e-17,-1.36824344041118e-15,5.87594686982785e-05,-3.01308375888407e-17,6.44430255213806e-18,-8.0893887407413e-05,-0.00178269939028767,-2.55524373047364e-17,1.85280550871431e-05,-2.16746087468826e-17,6.89960408807913e-05,-2.21621133672553e-05,5.04792469763143e-17,5.5088023992804e-16,-0.00522145581354873,-1.56229407217017e-16,-1.16753440266686e-05,-1.11015407538575e-05,-0.034171773187701,-4.64125254453487e-15,-4.92043715484063e-16,0.000181851278618099,3.21265008979897e-17,-2.3707173619179e-06,2.56526524909108e-17,1.81688015707924e-17,9.80677096151569e-05,1.44723261004502e-16,7.27584747580048e-18,-1.15152860476052e-16,4.41109211898919e-18,-3.05522188565374e-16,1.90460276699378e-14,-0.000248450473649562,1.45688480757455e-17,-6.83338017611921e-16,8.65300727904855e-18,-2.00658199117208e-17,-1.89255124574341e-17,-5.37305556648119e-17,-4.73179871860185e-17,-6.13576981461544e-16,-1.03167623405852e-15,3.72604212886196e-17,6.3715425140831e-15
"t12",0.0846388008305345,0.0268914740850433,0.032357510341982,0.0148060403128342,0.0261917409361619,0.214343489213021,0.00170595263939636,-0.0526816077362212,1.23703682647744e-05,0.00446757180174015,-0.00131276029588398,0.0122357954439524,0.0215048127716603,-0.369387678130226,-0.000316810274794213,0.000293644815220147,-0.00285910587700213,0.0184264071866655,0.00715810583776953,0.0178773450491357,-0.000108755047445237,0.000227019593138299,-0.000491227623542015,0.00699504047523772,-0.581654294752374,-0.0193210407019884,0.00647844666873354,0.000121080686604702,-0.000541929363262338,-3.53490019778671e-16,0.00391617781598654,-9.65267909485352e-05,-1.59460177334809e-05,0.0011074449038929,-0.000189409178682116,0.00899253560575391,4.36487599916088e-06,0.000346317354292119,-9.77216790335563e-05,2.21902124428586e-17,1.5451804585427e-16,-4.1773096212179e-05,3.04382380321683e-05,0.000167984748371773,7.0478594826239e-17,2.03681936417216e-15,-5.99198611016482e-05,-6.13558601564232e-17,1.41525597224658e-16,3.42841580978927e-05,6.26485029989059e-07,-1.53147396280014e-16,2.30065638255471e-06,-3.01714569762719e-17,2.20921195398147e-05,-7.84397534044717e-06,-5.88911671804149e-17,1.79924972796964e-16,-0.000224686707331505,-2.98193516369595e-16,-7.82737611200298e-06,-7.76711687330584e-06,-7.23922327498641e-05,1.28499100979913e-16,1.96997099290949e-17,0.00175863164144225,1.79833681847433e-17,-2.49438854261173e-05,-4.37362865481614e-17,-1.03279529588865e-17,0.000108529019126261,-8.61442467567286e-16,2.46230822355686e-17,2.42837006097642e-17,8.59430954898991e-17,-6.33003765738983e-17,5.3143752313738e-14,-0.00069456847404867,3.7087005931643e-17,5.97440769271448e-16,-3.29803561443948e-17,1.72488485921705e-16,2.4442574441986e-17,1.2467689149459e-16,5.78702819039424e-16,-2.96691200616256e-16,3.63481134213375e-16,1.54112673630921e-16,-3.99331670111523e-15
"t74",0.127545537486215,0.10374809537138,0.131911163333865,-0.0165859640914585,-0.0152716319514626,-0.115595506127753,0.000948094997934674,-0.0550855821358065,1.59135387623603e-06,-0.00383117589344153,0.000453636545660762,0.00305913732411221,0.298879979211944,0.0363482707362078,-1.85519216629814e-05,3.34019114418404e-05,-0.000584093931898608,0.00764821598301325,0.0030331050062917,0.121695506770211,0.000100196824966597,5.16333060906352e-05,0.000113639640354172,-0.223102920046197,-0.00228419090135455,0.00024778366512355,-5.49872315229879e-05,2.46381227070968e-06,-1.378286513014e-05,2.5175717785871e-14,0.000157833330196526,-3.05547657869874e-06,-4.52855188485846e-07,8.75226156284265e-06,0.478693348777724,0.00555901323975039,4.44405860206397e-07,0.00453051376890216,2.31820652900413e-05,-4.05397085888114e-16,1.20914779995066e-16,-1.08799630992634e-05,9.1675022215803e-06,0.00257008645218457,5.92350468500827e-17,1.04313771979851e-15,-3.00141278262486e-05,-7.34989244882609e-17,1.70280003882921e-16,3.26514464733813e-05,1.1579573609403e-06,1.19473582123653e-18,-5.48934001424275e-06,-9.83927694099024e-17,-1.74491867905964e-05,5.4195012427579e-06,3.81047639775584e-16,-7.80207982733044e-16,9.11278707824678e-05,7.81285819504605e-17,2.14064076261875e-06,1.80934762604109e-06,1.50271827880352e-05,7.94845904779436e-17,-8.38373542379595e-17,-5.75757620116987e-05,1.01326947791498e-15,6.00850745704712e-07,-1.5009428342381e-16,3.69255472031491e-17,-7.91367313316332e-06,-1.09321142215943e-16,-1.22627154487239e-16,2.59002858401094e-16,-1.81675648838367e-16,-3.83378099596452e-14,-0.361927167283881,4.26280647975691e-05,7.04348975766499e-17,-2.39554311416386e-16,-2.51555514117473e-16,-4.58950859333853e-16,-1.89606138519878e-16,1.13199074898447e-16,7.67846194795716e-16,-8.75834468339097e-16,1.30099374941573e-15,-2.38102857926715e-16,-2.09871005429715e-14
