accepted_species,0,1
t13,0.99811697,0.0018830559
t28,0.9697078,0.030292235
t32,0.39196312,0.6080369
t38,0.9903452,0.009654821
t47,0.6766212,0.32337883
t52,0.9903452,0.009654821
t67,0.97403926,0.025960727
t90,0.87334865,0.12665133
t91,0.99269587,0.007304144
t93,0.977584,0.02241602
t108,0.9903452,0.009654821
t115,0.97628015,0.02371987
t132,0.9835344,0.016465612
t140,0.9903452,0.009654821
t145,0.97832406,0.021675935
