accepted_species,estimate
t48,0.87304085
t57,1.688716
t33,2.5380335
t34,2.5380335
t56,2.5380335
t89,2.5380335
t90,2.5380335
t7,2.5380335
t8,2.5380335
t88,2.8916085
