accepted_species,0,1
t2,0.66213244,0.33786756
t8,0.72993696,0.27006307
t44,0.6929968,0.3070032
t69,0.80531853,0.19468148
t74,0.74278826,0.25721174
t77,0.73860186,0.26139814
t79,0.5130762,0.48692378
t106,0.82953715,0.17046282
t107,0.68948364,0.3105164
t115,0.84309167,0.15690832
t117,0.8434502,0.1565498
t118,0.8434502,0.1565498
