accepted_species,estimate
t26,-0.11934693
t94,0.015611527
t95,0.015611527
t191,0.07055201
t192,0.07055201
t170,0.07055201
t45,0.029215587
t144,0.057551883
t147,0.057551883
t152,0.057551883
t153,0.057551883
t42,0.04417877
t47,0.06657311
t48,0.06657311
t89,0.04761406
t90,0.045951664
t86,0.04761406
t58,0.07085892
t52,0.07148531
t49,0.12990311
