accepted_species,0,1
t22,0.8111111111111111,0.18888888888888888
t35,0.8111111111111111,0.18888888888888888
t39,0.8111111111111111,0.18888888888888888
t51,0.8111111111111111,0.18888888888888888
t79,0.8111111111111111,0.18888888888888888
t81,0.8111111111111111,0.18888888888888888
t94,0.8111111111111111,0.18888888888888888
t97,0.8111111111111111,0.18888888888888888
t121,0.8111111111111111,0.18888888888888888
t126,1.0,0.0
