accepted_species,0,1
t22,0.7598597,0.2401403
t35,0.7598597,0.2401403
t39,0.7598597,0.2401403
t51,0.91134584,0.08865418
t79,0.7598597,0.2401403
t81,0.7598597,0.2401403
t94,0.7598597,0.2401403
t97,0.7598597,0.2401403
t121,0.7598597,0.2401403
t126,0.7598597,0.2401403
