accepted_species,0
t1,
t62,
t159,
t160,
t107,
t143,1.04965117644578
t44,
t36,
t162,-0.856976808857471
t46,
t61,
t91,-0.766619355907124
t26,
t124,
t147,0.831419437254853
t96,
t20,0.929956383858129
