accepted_species,estimate
t1,-0.24463628
t62,-0.38586235
t159,-0.5978416
t160,-0.5978416
t107,-0.4678852
t143,1.0329921
t44,0.74685585
t36,0.77366376
t162,-0.8551042
t46,-0.93053234
t61,-0.9334614
t91,-0.8235483
t26,0.17852129
t124,0.73041075
t147,0.7837843
t96,1.5497648
t20,0.92159486
