accepted_species,0,1
Cynanchum_laeve,0.4467904,0.5532096
Apocynum_androsaemifolium,0.42887455,0.57112545
Asclepias_lanuginosa,0.32220775,0.67779225
Asclepias_mellodora,0.34403992,0.6559601
Asclepias_ovalifolia,0.32220775,0.67779225
Asclepias_stenophylla,0.32220775,0.67779225
Asclepias_viridiflora,0.32220775,0.67779225
Funastrum_cynanchoides,0.45527226,0.54472774
Cynanchum_viminale,0.4377334,0.5622666
Leichhardtia_australis,0.39940876,0.60059124
