accepted_species,estimate
t56,0.8302237469836805
t85,0.5694636056747512
t80,0.40255046261284616
t33,0.35556834646144847
t35,-0.17188883965556806
t8,0.6167082501516373
t96,-1.6626696148894962
t46,-1.5081293832262557
t20,-1.0941476277480475
t84,-1.2060113357593358
