accepted_species,estimate
t27,-0.7527528276469251
t18,-0.2693661573810975
t88,-0.5540911885768292
t89,-0.5456524432333858
t46,-0.6037741687286744
t65,-0.7307845577750876
t66,-0.6582703199914255
t83,-0.8313962355361808
t84,-0.8326144255587569
t19,-0.8514265621806805
