accepted_species,estimate
t17,-0.07137992
t54,0.21358934
t202,0.61133075
t69,0.21358934
t122,-0.25095654
t240,-0.15786889
t200,-0.13373876
t128,-0.1793433
t182,-0.1793433
t224,-0.11151129
t155,-0.1793433
t168,-0.552878
t120,0.64703244
t148,0.7624314
t226,0.5724182
t156,0.7501133
t113,0.64703244
t203,-0.09551006
t228,-0.09551006
t78,-0.07137992
t107,0.7527715
t220,0.8833734
t221,0.8833734
t249,0.69336027
t140,0.8833734
