accepted_species,0,1
t14,0.5824727318849535,0.4175272681150465
t17,0.5906010862202746,0.40939891377972537
t34,0.6265220480061849,0.37347795199381506
t47,0.6408540513101961,0.3591459486898039
t62,0.5585113230845431,0.4414886769154569
t67,0.5567583686554052,0.44324163134459477
t73,0.6279840747957209,0.37201592520427906
t76,0.6079508666070637,0.3920491333929364
t108,0.6383710713517963,0.3616289286482038
t112,0.6086650607446243,0.39133493925537566
