accepted_species,0,1
t14,0.53188753,0.46811247
t17,0.15080899,0.849191
t34,0.6389216,0.3610784
t47,0.95159334,0.04840666
t62,0.4528517,0.5471483
t67,0.35121924,0.64878076
t73,0.6439454,0.3560546
t76,0.15751958,0.8424804
t108,0.8693997,0.13060026
t112,0.2534806,0.7465194
