"accepted_species","0","1"
"t111","0.459507795885607","0.540492204114393"
"t135","0.459507795885607","0.540492204114393"
"t155","0.459440446527032","0.540559553472968"
"t199","0.459440446527032","0.540559553472968"
"t200","0.459440446527032","0.540559553472968"
"t209","0.243245216512857","0.756754783487143"
"t210","0.243245216512857","0.756754783487143"
"t213","0.459507795885607","0.540492204114393"
"t223","0.459507795885607","0.540492204114393"
"t224","0.459507795885607","0.540492204114393"
