accepted_species,0,1
t111,0.4997124,0.5002876
t135,0.4997124,0.5002876
t155,0.4997124,0.5002876
t199,0.4997124,0.5002876
t200,0.4997124,0.5002876
t209,0.4997124,0.5002876
t210,0.4997124,0.5002876
t213,0.4997124,0.5002876
t223,0.4997124,0.5002876
t224,0.4997124,0.5002876
