accepted_species,estimate
t81,0.18135425293529356
t8,0.07888809629275689
t67,-0.6199506124943106
t13,0.4290686343548372
t91,-0.9141697777684927
t92,-0.9141697777684927
t45,-0.3372337201670986
t83,0.2466659587959293
t25,-1.3086156807653864
t17,0.7728853801072835
