accepted_species,estimate
t81,-0.013864936
t8,0.012252152
t67,0.04910401
t13,-0.16657442
t91,-0.25627142
t92,-0.23746574
t45,-0.15384756
t83,0.06049117
t25,0.099623
t17,0.13520925
