accepted_species,estimate
t81,-0.0018855855
t8,-0.0018855855
t67,-0.0018855855
t13,-0.069742404
t91,-0.069742404
t92,-0.069742404
t45,-0.069742404
t83,-0.0018855855
t25,-0.042456485
t17,0.11098358
