accepted_species,estimate
t3,1.230242390131204
t10,1.264595500574994
t52,1.2543616004498117
t68,-0.8204884669222946
t81,-0.7732456943639544
t21,-0.7870605738276015
t31,-0.7437438826443201
t73,-0.839068495727834
t74,-0.8354023039074913
t20,-0.8094553787244079
