accepted_species,0
t5,0.786524517677513
t107,
t25,
t69,
t91,
t194,
t214,
t180,
t103,
t190,
t62,
t148,
t63,
t252,-1.75723025847127
t20,
t199,
t94,
t129,
t220,
t223,
t247,-0.0420199656144051
t183,
t262,0.561295352947105
t238,0.439661001974402
t54,
t2,
