accepted_species,estimate
t119,0.6663807319064229
t116,0.6653648168325238
t85,0.6130893796696494
t146,1.0554271442850596
t84,0.9172931813659934
t103,0.5666510034480381
t73,0.5124501872049733
t61,0.5010108202233828
t108,0.4843890515807117
t154,-0.7268449759655633
t144,-0.505861531550412
t145,-0.505861531550412
t101,-0.505861531550412
t150,-0.505861531550412
t151,-0.505861531550412
