"accepted_species","0","1"
"t29",0.578751210126294,0.421248789873706
"t35",0.519853819598708,0.480146180401292
"t63",0.507548113355884,0.492451886644116
"t99",0.303620158214733,0.696379841785267
"t103",0.182879927332217,0.817120072667783
"t112",0.417885236242409,0.582114763757591
"t118",0.0931100443041089,0.906889955695891
"t120",0.865158938986608,0.134841061013392
"t126",0.238384266892655,0.761615733107345
"t128",0.245915767966593,0.754084232033407
"t132",0.417885236255314,0.582114763744686
"t133",0.417885236255314,0.582114763744686
"t135",0.182574701010481,0.817425298989519
"t142",0.486404731315503,0.513595268684497
"t143",0.486404731315503,0.513595268684497
"t166",0.926804404855333,0.073195595144667
"t167",0.0825160337852337,0.917483966214766
"t175",0.0585388089723943,0.941461191027606
