accepted_species,0,1
t59,0.5692568007004304,0.4307431992995696
t60,0.4923428329330065,0.5076571670669935
t62,0.6467324298083383,0.3532675701916617
t8,0.5736480393661094,0.4263519606338905
t7,0.5232449447811189,0.476755055218881
t43,0.6250001647916263,0.3749998352083737
t76,0.630801450327446,0.369198549672554
t99,0.9768712839653046,0.023128716034695407
t33,0.9704933845369554,0.029506615463044516
t44,0.8813098299529986,0.1186901700470014
