accepted_species,estimate
t50,0.6989613
t51,0.6824996
t81,-0.42886448
t77,-0.2862445
t57,-0.21583526
t55,-1.202606
t10,-1.463016
t70,-1.4269495
t36,0.008425606
t11,-0.53861
