accepted_species,estimate
t1,0.9030224681833604
t16,0.9195699501933259
t18,1.2012910615557968
t45,1.21979510443331
t43,1.222041721493804
t31,1.222041721493804
t10,1.2446499699582527
t22,1.1447324474370542
t51,1.104992345678695
t7,1.219074149136353
