accepted_species,0,1
Cynanchum_laeve,0.6103995,0.38960055
Asclepias_speciosa,0.23891854,0.76108146
Asclepias_syriaca,0.41221488,0.5877851
Cynanchum_thesioides,0.6103995,0.38960055
Gentianella_biebersteinii,0.7381659,0.26183408
Gentianella_propinqua,0.7381659,0.26183408
Zeltnera_davyi,0.7871336,0.21286641
Galium_circaezans,0.73285186,0.26714814
Gentianopsis_detonsa,0.76262385,0.23737614
Mitracarpus_hirtus,0.60648257,0.39351743
