"accepted_species","estimate"
"t35",1.08554119833839
"t29",1.08729178850086
"t13",1.08530967139283
"t46",1.08988095292807
"t69",1.08336878697989
"t40",1.0877905720474
"t41",1.0877905720474
"t97",1.09216184128587
"t28",1.08937139594711
"t62",1.08591465351455
