accepted_species,estimate
t8,-0.96722287
t11,-1.6406168
t67,0.51199526
t58,0.50902385
t200,0.6036306
t201,0.6036306
t77,0.6036306
t101,0.6036306
t102,0.6036306
t234,0.76891947
t247,0.7819908
t238,0.76891947
t221,0.76891947
t222,0.74077
t124,0.65709233
t125,0.65709233
t147,0.65709233
t167,0.65709233
t55,0.65709233
t52,0.65709233
t83,0.65709233
t149,0.65709233
t150,0.65709233
t81,0.65709233
t82,0.65709233
