accepted_species,0
t95,0.0214463650050256
t87,0.0214463650050256
t22,0.0214463650050256
t23,0.0214463650050256
t17,0.0214463650050256
t81,0.0214463650050256
t1,0.0214463650050256
t8,0.0214463650050256
t63,0.0214463650050256
t97,0.0214463650050256
t75,0.0214463650050256
t122,-1.15351941570551
t120,0.0214463650050256
