accepted_species,estimate
t62,0.8833805743015835
t93,1.2182485860535541
t16,1.0711904608166194
t68,-0.6321039231210911
t48,1.5946387655671586
t5,0.8765777093176
t86,-0.784341482362509
t22,-0.8119540234183429
t95,-0.11180788243052883
t2,0.347031581569683
