accepted_species,estimate
t62,0.75711167
t93,1.1276345
t16,0.7915952
t68,-0.63428915
t48,1.342542
t5,1.0951442
t86,-0.7976604
t22,-0.7976604
t95,-0.15948981
t2,0.49099776
