accepted_species,0,1
t233,0.8704431152590937,0.12955688474090635
t235,0.8704431152590937,0.12955688474090635
t243,0.8704431152590937,0.12955688474090635
t258,0.8704431152590937,0.12955688474090635
t259,0.8704431152590937,0.12955688474090635
t293,0.8704431152590937,0.12955688474090635
t344,0.8704431152590937,0.12955688474090635
t345,0.8704431152590937,0.12955688474090635
t358,0.8704431152590937,0.1295568847409063
t359,0.8704431152590937,0.1295568847409063
