accepted_species,estimate
Coussarea_contracta,-0.8091079855512944
Coussarea_suaveolens,-0.7853037219586477
Palicourea_acuminata,-0.4045329078735994
Palicourea_faxlucens,-0.4124644018300173
Palicourea_guianensis,-0.49996879034258956
Psychotria_brachypoda,-0.3361832506412742
Psychotria_marginata,-0.4183225021606368
Psychotria_micrantha,-0.3454028126286428
Psychotria_papantlensis,-0.32045010570894317
Psychotria_serpens,-0.4901193653516621
