accepted_species,estimate
t7,0.41528908229341854
t86,0.6242193720261762
t89,0.6290969393293719
t52,0.6867384968839075
t39,0.6752038468050254
t81,0.6561389538599206
t5,0.6461773892586878
t38,0.6337926352436231
t49,0.6341175587542158
t94,0.7803577979993717
