accepted_species,estimate
t7,0.33126164116151824
t86,0.6535455406651212
t89,0.5622455365169268
t52,0.6715534946349557
t39,0.7719153409078063
t81,0.7561147354587816
t5,0.5789743963442568
t38,0.5989017036608452
t49,0.5431263379536625
t94,0.8161141668842842
