"accepted_species","estimate"
"t7",0.403178803041881
"t86",0.602189499739691
"t89",0.612378915387188
"t52",0.707625972093119
"t39",0.686689593062186
"t81",0.85971667815269
"t5",0.573672501127442
"t38",0.57855129146029
"t49",0.583240402991219
"t94",0.740975905899511
