accepted_species,0
t4,
t53,
t46,
t47,
t55,-1.89212119330889
t66,-0.9752380540897041
t77,
t70,
t29,
t107,
t255,
t164,
t261,
t274,
t320,
t93,
t108,
t297,
t298,
t321,
t350,
t287,
t372,
t247,1.63735843511904
t170,
t400,0.556371325191006
t363,
t206,
t385,
t312,
t390,0.46242492205005764
t300,
t413,1.3755642714489298
t147,
t204,
t169,
t113,
t142,0.0539138156797806
t103,
t179,-1.37913866347868
t111,-0.856753111601362
t73,
t30,
