accepted_species,0,1
t3,0.7190055,0.28099447
t7,0.45664036,0.54335964
t12,0.1837455,0.8162545
t31,0.19626385,0.80373615
t42,0.32035905,0.67964095
t54,0.27234715,0.72765285
t55,0.6692145,0.33078548
t57,0.6692145,0.33078548
t58,0.14613819,0.8538618
t73,0.14613819,0.8538618
t81,0.25568217,0.7443178
t96,0.25568217,0.7443178
t130,0.13275045,0.86724955
t131,0.13275045,0.86724955
t145,0.25568217,0.7443178
