"accepted_species","estimate"
"t60",0.0668685870629141
"t74",0.378435960234236
"t75",0.241321722309451
"t76",0.241321722309451
"t6",-0.000353152513783189
"t3",-0.38555026673156
"t66",-0.355524498581845
"t67",-0.355524498581845
"t25",-0.722734641365932
"t28",-0.277599722255452
