accepted_species,0
t60,0.022804965053911413
t74,0.022804965053911413
t75,0.022804965053911413
t76,0.022804965053911413
t6,0.022804965053911413
t3,0.022804965053911413
t66,0.022804965053911413
t67,0.022804965053911413
t25,0.022804965053911413
t28,0.022804965053911413
