accepted_species,estimate
t60,0.081989184
t74,0.45910463
t75,0.13114025
t76,0.13114025
t6,0.1507624
t3,-0.27192417
t66,-0.63538194
t67,-0.63538194
t25,-0.9086926
t28,-0.63538194
