accepted_species,0,1
t58,1.0,0.0
t59,1.0,0.0
t23,0.8222222222222222,0.17777777777777778
t60,1.0,0.0
t61,1.0,0.0
t63,0.0,1.0
t22,0.8222222222222222,0.17777777777777778
t74,1.0,0.0
t54,1.0,0.0
t47,1.0,0.0
