accepted_species,0,1
t58,0.84271824,0.15728173
t59,0.84271824,0.15728173
t23,0.7164184,0.28358164
t60,0.9924082,0.007591763
t61,0.9910245,0.008975482
t63,0.04208547,0.95791453
t22,0.99117464,0.008825334
t74,0.9890176,0.010982378
t54,0.9059759,0.094024114
t47,0.95892954,0.04107048
