accepted_species,estimate
t85,-0.76155186
t80,-0.85299695
t48,0.43653956
t76,-0.44382867
t3,0.7181387
t99,0.0067376364
t5,0.13178413
t55,0.6421771
t27,-0.21917917
t83,1.478661
