accepted_species,estimate
t52,-0.2070575
t43,-0.42999932
t142,-0.022471901
t71,0.31511235
t72,0.33429167
t177,-0.06375307
t178,-0.06375307
t101,-0.8972084
t78,0.29444963
t54,0.3549544
t48,0.29902217
t44,0.69007504
t169,0.30394626
t170,0.30394626
t140,0.5207018
t141,0.5207018
t130,0.5207018
t82,0.8604034
