accepted_species,0,1
t16,0.9999997341068638,2.6589313614377696e-07
t35,0.9999999906968285,9.303171505355082e-09
t54,0.9999997056126628,2.9438733717141586e-07
t277,1.950430091324229e-06,0.9999980495699087
t280,1.959979371801701e-06,0.9999980400206282
t169,0.00028546556271324963,0.9997145344372868
t249,1.1928217120704687e-06,0.9999988071782879
t250,1.3298169729836218e-06,0.999998670183027
t234,1.8669955481609435e-06,0.9999981330044518
t194,1.348885635299446e-06,0.9999986511143647
t167,0.00030339056300199285,0.999696609436998
t204,1.1102584400513038e-05,0.9999888974155995
t315,1.4742974581150037e-06,0.9999985257025419
t248,1.793164786656476e-06,0.9999982068352133
t177,5.4019070742761244e-05,0.9999459809292572
t242,1.607763053024236e-06,0.999998392236947
t72,0.9999853248336081,1.467516639185812e-05
t92,0.9453099395788652,0.05469006042113473
t114,0.4794814896392513,0.5205185103607487
t136,1.3645505836379357e-08,0.9999999863544942
t140,0.0006223900700381702,0.9993776099299618
t212,2.7602660157555192e-09,0.999999997239734
t228,5.137921421649594e-09,0.9999999948620786
t80,0.9997536941148465,0.0002463058851535532
t47,0.999999993093958,6.906041931692544e-09
t49,0.9999997540999473,2.4590005270745883e-07
t118,0.001712914348081851,0.9982870856519181
t104,0.9189364515143699,0.08106354848563019
t160,0.05660282757635038,0.9433971724236496
t231,0.0008225879725208829,0.9991774120274791
t41,0.9999999977128742,2.2871258674194464e-09
t51,0.9999998650265983,1.3497340164102561e-07
