accepted_species,estimate
t39,-0.5817115
t48,-1.7903736
t59,-0.6515957
t24,0.11317683
t20,0.29706812
t57,0.43945926
t3,0.33809838
t10,0.025165286
t85,-0.13724719
t78,0.16107379
