accepted_species,estimate
t30,-0.3572174342002579
t83,0.07214421486063965
t78,0.21443761816634138
t57,0.27268998110324233
t49,0.10888028134918798
t27,0.35842117108271804
t60,0.3333085458026361
t81,0.46584032298486594
t76,-0.033068529865050204
t1,1.4386108194827334
