accepted_species,estimate
t29,-0.25643858
t7,-0.22056857
t74,-0.77916706
t64,-0.08758271
t20,0.599767
t85,0.090062305
t83,0.12258189
t92,-0.57428396
t94,1.5889136
t51,0.12508325
