accepted_species,0,1
t40,0.9980443,0.0019556736
t84,0.9980443,0.0019556736
t44,0.9980443,0.0019556736
t71,0.9980443,0.0019556736
t88,0.99712807,0.0028719476
t93,0.99712807,0.0028719476
t94,0.99712807,0.0028719476
t32,0.99712807,0.0028719476
t78,0.99712807,0.0028719476
t79,0.99712807,0.0028719476
