accepted_species,0,1
t41,0.9818771,0.01812292
t60,0.56958973,0.4304103
t75,0.92676574,0.07323426
t79,0.87684506,0.12315494
t93,0.9153993,0.08460069
t106,0.9842897,0.015710292
t115,0.95174676,0.048253234
t131,0.75258464,0.24741536
t135,0.91958606,0.08041394
t145,0.96595526,0.034044754
