accepted_species,0,1
t89,0.23850406662621404,0.761495933373786
t80,0.27459620356747927,0.7254037964325207
t47,0.17058347614725544,0.8294165238527446
t100,0.17671501604567852,0.8232849839543215
t36,0.34415552014079254,0.6558444798592075
t40,0.5240265270956943,0.47597347290430575
t10,0.7208255191448938,0.27917448085510616
t44,0.7913864650851217,0.20861353491487836
t61,0.881144386008397,0.11885561399160299
t51,0.7915270005686694,0.2084729994313306
