accepted_species,0,1
t89,0.14374417,0.8562558
t80,0.17760623,0.8223938
t47,0.027847588,0.9721524
t100,0.025838375,0.9741616
t36,0.14304334,0.85695666
t40,0.93346095,0.066539034
t10,0.76352346,0.23647654
t44,0.8368498,0.16315018
t61,0.84306073,0.15693924
t51,0.98578566,0.014214366
