accepted_species,0,1
t89,0.36484873,0.63515127
t80,0.3684209,0.6315791
t47,0.0508852,0.9491148
t100,0.122323215,0.8776768
t36,0.290277,0.709723
t40,0.6965901,0.30340987
t10,0.51907504,0.48092493
t44,0.71717644,0.2828236
t61,0.6863606,0.3136394
t51,0.9248471,0.075152904
