accepted_species,estimate
t30,1.3993155
t65,1.3993155
t6,-1.230216
t74,-0.60478395
t39,-0.60478395
t24,0.64071584
t95,0.6560979
t36,0.05049629
t17,-0.12366553
t18,-0.12366553
