accepted_species,0,1
t36,0.9750269668062881,0.024973033193711965
t96,0.9753786609039142,0.024621339096085767
t71,0.9734126762152853,0.026587323784714685
t49,0.9724839039906505,0.027516096009349456
t55,0.9756259919961205,0.024374008003879427
t66,0.9756259919961205,0.024374008003879427
t67,0.9756259919961205,0.024374008003879427
t42,0.974936573578113,0.025063426421886935
t91,0.9748398047235679,0.025160195276432134
t17,0.5177783503171662,0.4822216496828337
