accepted_species,0,1
t36,0.99902654,0.00097349135
t96,0.96507734,0.034922663
t71,0.9822021,0.017797912
t49,0.9724413,0.027558703
t55,0.9654632,0.03453676
t66,0.9654632,0.03453676
t67,0.9654632,0.03453676
t42,0.98550254,0.014497441
t91,0.98848003,0.011519958
t17,0.96796227,0.03203775
