accepted_species,estimate
t33,1.1468267989981988
t73,1.146826798998199
t19,1.145611445263399
t27,1.145019423085392
t25,1.153540363374031
t26,1.153540363374031
t9,1.1512659221597843
t77,1.1609448165767484
t44,1.1550059873092455
t45,1.1550059873092458
