accepted_species,estimate
t37,-0.06280111
t38,-0.0041763377
t47,-0.0142164705
t200,0.6565638
t240,0.7967051
t254,2.02152
t182,-1.5049134
t149,0.9475685
t74,-0.21251503
t75,-0.2724101
t154,-0.53024256
t237,-0.3384317
t35,-0.064080335
t250,0.57166946
t199,2.3047216
t174,0.51909053
t143,0.29134807
t117,0.27703625
t165,-0.24545537
t64,-0.09282383
t23,-0.072492175
t69,-0.1524444
t55,-0.14162502
t45,-0.14398319
t85,0.34272122
t181,1.5168208
t1,-0.09719202
