"accepted_species","estimate"
"t22",-0.0672900047630755
"t40",0.397432087368277
"t26",0.33049346134541
"t41",-0.254229408635866
"t56",0.625324388539798
"t100",1.01466203934694
"t84",0.981371538780254
"t25",0.656497914345695
"t83",-0.600938339793752
"t19",-1.20630355393763
"t58",0.0468900423091343
