accepted_species,estimate
t22,-0.22491327
t40,0.4115892
t26,0.5232637
t41,-0.2064795
t56,0.6059752
t100,0.58753407
t84,0.64982253
t25,0.41460437
t83,-0.42433664
t19,-1.2187269
t58,0.17330071
