"","turnover.rates","eps.values","transition.rates"
"1",0.914718399057165,0.0921268771231232,NA
"2",1.47776117897592,1.17596599915511,0.0637849674094468
"3",0.914718399057165,0.0921268771231232,0.375875477679074
"4",1.47776117897592,1.17596599915511,NA
