accepted_species,0,1
t57,0.7249028122312999,0.2750971877687
t93,0.6031197189674089,0.39688028103259104
t43,0.7146264547403587,0.28537354525964126
t65,0.4290676395005274,0.5709323604994726
t41,0.47655980830859923,0.5234401916914008
t33,0.1846028905679531,0.8153971094320469
t2,0.6885735902040944,0.3114264097959057
t35,0.5422351529344218,0.45776484706557813
t88,0.45220094830883406,0.5477990516911659
t21,0.5761764876980875,0.42382351230191245
