"accepted_species","0","1"
"t57","0.874236501369663","0.125763498630337"
"t93","0.979706115240154","0.0202938847598459"
"t43","0.951775185473374","0.0482248145266264"
"t65","0.601590078038374","0.398409921961626"
"t41","0.170153583215887","0.829846416784113"
"t33","0.137542723817956","0.862457276182044"
"t2","0.464258050121824","0.535741949878176"
"t35","0.797653919869127","0.202346080130873"
"t88","0.981102912604016","0.0188970873959837"
"t21","0.544316685097506","0.455683314902494"
