accepted_species,0,1
t57,0.71917224,0.2808278
t93,0.6692728,0.33072722
t43,0.7552056,0.24479444
t65,0.32538837,0.6746116
t41,0.29638124,0.70361876
t33,0.30138147,0.69861853
t2,0.36324376,0.63675624
t35,0.6168979,0.38310212
t88,0.7254358,0.2745642
t21,0.7903495,0.20965055
