accepted_species,0,1
t22,0.23303434525539501,0.766965654744605
t49,0.765918645913819,0.23408135408618103
t50,0.7748676474758056,0.22513235252419442
t12,0.45414015706980304,0.545859842930197
t26,0.5631534185956415,0.43684658140435856
t5,0.5027573233002203,0.49724267669977973
t1,0.3971287012969186,0.6028712987030814
t82,0.7038900935865747,0.2961099064134253
t83,0.7036431131553769,0.2963568868446231
t29,0.7091117532498569,0.29088824675014313
