accepted_species,0,1
t19,0.5220126074225944,0.47798739257740563
t7,0.5374699246312205,0.46253007536877955
t75,0.5440744777276575,0.4559255222723425
t15,0.4893081125802571,0.5106918874197429
t11,0.5036386202727212,0.4963613797272788
t58,0.5460001526035486,0.4539998473964514
t40,0.5464193142851503,0.45358068571484966
t65,0.5423176767492313,0.4576823232507687
t96,0.49378171457929254,0.5062182854207075
t20,0.4981405527372903,0.5018594472627097
