accepted_species,0,1
t19,0.475079,0.524921
t7,0.475079,0.524921
t75,0.13952398,0.860476
t15,0.6704819,0.32951808
t11,0.51842135,0.48157865
t58,0.51842135,0.48157865
t40,0.8238753,0.17612468
t65,0.51842135,0.48157865
t96,0.119478464,0.88052154
t20,0.51842135,0.48157865
