"accepted_species","0","1"
"t69",0.031649654917255,0.968350345082745
"t48",0.883867433577559,0.116132566422441
"t12",0.79782340184157,0.20217659815843
"t81",0.0119146715633923,0.988085328436608
"t55",0.0340614501246675,0.965938549875332
"t39",0.924052785957569,0.0759472140424311
"t62",0.149189825295238,0.850810174704763
"t3",0.79332235657127,0.20667764342873
"t7",0.631745461653973,0.368254538346027
"t49",0.187023017341913,0.812976982658087
