"accepted_species","estimate"
"t64",-0.448948588508827
"t19",-0.326610469896303
"t20",-0.0688736764217248
"t60",0.255337085391068
"t54",-0.114035323859458
"t8",-0.746843150619328
"t82",-0.784487185798492
"t23",-0.838842484930417
"t91",-1.27072596164765
"t12",-1.21065075370556
