"accepted_species","estimate"
"t16",0.233557063838927
"t28",-2.0316319270941
"t58",-2.22056673249785
"t15",-1.71274453792114
"t76",-0.953505755395903
"t38",1.02881952475441
"t83",-0.177135241708267
"t45",0.870611537517543
"t17",0.0374166604247877
"t70",0.0776213401685304
