accepted_species,0,1
t25,0.06422458896173733,0.9357754110382627
t96,0.06407801358888365,0.9359219864111163
t84,0.06624288000216327,0.9337571199978367
t85,0.06624288000216327,0.9337571199978367
t49,0.06623299759478418,0.9337670024052158
t50,0.06623299759478418,0.9337670024052158
t56,0.06623975113742564,0.9337602488625744
t31,0.06397470335061828,0.9360252966493817
t32,0.06397470335061806,0.9360252966493819
t4,0.06421970565354584,0.9357802943464542
