accepted_species,0,1
t63,0.3704983555936343,0.6295016444063657
t66,0.08514822681279399,0.914851773187206
t67,0.07984768171178214,0.9201523182882179
t78,0.07975042263455878,0.9202495773654412
t89,0.11740212579946907,0.8825978742005309
t100,0.10869532230825141,0.8913046776917486
t116,0.10390554163622034,0.8960944583637797
t168,0.08257803727804047,0.9174219627219595
t177,0.15094178469604969,0.8490582153039503
t184,0.21716559360538035,0.7828344063946197
