accepted_species,0,1
t94,0.16793110000637346,0.8320688999936265
t73,0.1658851165628008,0.8341148834371992
t47,0.17252602579225507,0.8274739742077449
t26,0.15600142423588625,0.8439985757641137
t100,0.16902657215231798,0.830973427847682
t67,0.20313604619950154,0.7968639538004985
t2,0.36136399626070337,0.6386360037392966
t49,0.5279295107922122,0.47207048920778777
t24,0.4979511135552044,0.5020488864447956
t39,0.43639679639912843,0.5636032036008716
