accepted_species,0,1
t94,0.02293775706363399,0.977062242936366
t73,0.028131197669172936,0.9718688023308271
t47,0.030146777001880176,0.9698532229981198
t26,0.0486229342288248,0.9513770657711752
t100,0.04478757365097441,0.9552124263490256
t67,0.27083037118412234,0.7291696288158777
t2,0.43080442885129044,0.5691955711487096
t49,0.48853647112251886,0.5114635288774811
t24,0.49526620163648705,0.504733798363513
t39,0.5341444359308642,0.4658555640691358
