accepted_species,estimate
t73,-0.5745464403486952
t82,-0.5713275975582179
t83,-0.5713275975582179
t19,-0.5190484769786358
t85,-0.5931854590183202
t21,-0.47840155910560633
t4,-0.4784015591056062
t67,-0.5372703472498874
t2,-0.26853093461343935
t39,-0.44238578842147
