accepted_species,0,1
t61,0.0007894039,0.9992106
t89,0.1580472,0.8419528
t90,0.001718998,0.998281
t54,0.001718998,0.998281
t22,0.003526032,0.99647397
t58,0.0016520023,0.998348
t23,0.006393075,0.9936069
t24,0.005815804,0.9941842
t14,0.0060377717,0.9939622
t60,0.005492389,0.9945076
