"accepted_species","0","1"
"t64",0.932428886861126,0.0675711131388744
"t66",0.947781252216814,0.0522187477831857
"t60",0.283874454864978,0.716125545135022
"t63",0.27523563216169,0.72476436783831
"t50",0.91507021182596,0.0849297881740403
"t53",0.896719621432383,0.103280378567617
"t75",0.0717777882271801,0.92822221177282
"t34",0.194920846087442,0.805079153912558
"t12",0.745137397949105,0.254862602050895
"t2",0.668600989341089,0.331399010658911
