accepted_species,0,1
t121,0.32351965670148985,0.6764803432985101
t204,0.2777834782446522,0.7222165217553478
t229,0.1283542263926819,0.8716457736073181
t237,0.1979760458819605,0.8020239541180395
t265,0.28884091662916556,0.7111590833708344
t267,0.6452646513909945,0.35473534860900546
t269,0.1362846343840406,0.8637153656159594
t270,0.13648212195148313,0.8635178780485169
t275,0.3373545306712522,0.6626454693287478
t279,0.30918723838871465,0.6908127616112854
