accepted_species,estimate
t8,-0.7727954439481611
t9,-0.7727954439481611
t63,-1.0605353139627631
t64,-1.0605353139627631
t23,-0.48086018622069593
t33,0.37059517198007164
t34,0.37059517198007164
t94,0.42627988399496564
t19,0.24133559956522618
t65,-0.03177533858172947
