"accepted_species","0","1"
"t20","0.976219480571138","0.0237805194288618"
"t54","0.98045660947392","0.0195433905260797"
"t74","0.994099375681738","0.0059006243182623"
"t75","0.994099375681738","0.0059006243182623"
"t78","0.980377768303014","0.0196222316969858"
"t79","0.980377768303014","0.0196222316969858"
"t89","0.977904938508415","0.0220950614915853"
"t90","0.977904938508415","0.0220950614915853"
"t96","0.994099375681738","0.0059006243182623"
"t101","0.994995260510972","0.00500473948902794"
