accepted_species,0,1
t20,0.8268819,0.1731181
t54,0.92,0.08
t74,0.92,0.08
t75,0.92,0.08
t78,0.87285954,0.12714046
t79,0.87285954,0.12714046
t89,0.87285954,0.12714046
t90,0.87285954,0.12714046
t96,0.92,0.08
t101,0.92,0.08
