accepted_species,0,1
t20,0.90133446,0.09866555
t54,0.90133446,0.09866555
t74,0.90133446,0.09866555
t75,0.90133446,0.09866555
t78,0.90133446,0.09866555
t79,0.90133446,0.09866555
t89,0.90133446,0.09866555
t90,0.90133446,0.09866555
t96,0.90133446,0.09866555
t101,0.90133446,0.09866555
