accepted_species,0,1
t37,0.2865237580704868,0.7134762419295132
t62,0.31895356255359275,0.6810464374464072
t60,0.32673843813595793,0.6732615618640421
t54,0.4078127949795598,0.5921872050204402
t90,0.19923532032343694,0.8007646796765631
t28,0.008921670991237085,0.9910783290087629
t47,0.013360081774070331,0.9866399182259297
t44,0.3062952100785975,0.6937047899214025
t93,0.19919605942596852,0.8008039405740315
t79,0.21515754516372976,0.7848424548362702
