accepted_species,0,1
t37,0.2240898477200779,0.7759101522799221
t62,0.2237567532966821,0.7762432467033179
t60,0.2237409343657506,0.7762590656342494
t54,0.22297353037495982,0.7770264696250402
t90,0.21946122648579725,0.7805387735142028
t28,0.21884765286611285,0.7811523471338871
t47,0.21914764871884895,0.780852351281151
t44,0.22419369134170652,0.7758063086582935
t93,0.22076685669445373,0.7792331433055463
t79,0.220950732548449,0.779049267451551
