"accepted_species","0","1"
"t37","0.0873292772661163","0.912670722733884"
"t62","0.753571642922462","0.246428357077538"
"t60","0.0288375363816557","0.971162463618344"
"t54","0.158515635145655","0.841484364854345"
"t90","0.0123826170679472","0.987617382932053"
"t28","0.215324902769757","0.784675097230243"
"t47","0.154255702414433","0.845744297585567"
"t44","0.49709076617036","0.50290923382964"
"t93","0.00980248555594839","0.990197514444052"
"t79","0.932442708203417","0.0675572917965833"
