"accepted_species","estimate"
"t41",-0.683485683739974
"t1",-0.649255826728694
"t64",-0.67391918160708
"t65",-0.67391918160708
"t54",-0.698212070788865
"t98",-0.699841794719198
"t77",-0.697717143732142
"t26",-0.688867235794731
"t48",-0.682280846336027
"t49",-0.682280846336027
