accepted_species,0,1
t16,0.67121303,0.328787
t21,0.43859094,0.56140906
t39,0.81749576,0.18250425
t54,0.48752564,0.51247436
t68,0.38101995,0.61898005
t86,0.7699294,0.2300706
t88,0.31752008,0.6824799
t97,0.48752564,0.51247436
t106,0.6085503,0.39144972
t107,0.6085503,0.39144972
t114,0.5601207,0.4398793
