accepted_species,estimate
t16,-0.5992853
t31,-0.8816745
t126,-1.9554152
t127,-1.9554152
t90,-1.8747877
t107,-1.8747877
t108,-1.8747877
t59,-1.8747877
t109,-1.8747877
t110,-1.8747877
t129,-1.8747877
t132,-1.8747877
t133,-1.8747877
t98,-1.8747877
t53,-1.8747877
t154,-1.9554152
t219,-1.9554152
t172,-1.8747877
t173,-1.8747877
t97,-1.8747877
t62,-1.8747877
t46,-0.8816745
t50,-0.8816745
t51,-0.8816745
t42,-0.8816745
t29,-0.8816745
