accepted_species,0
t71,0.263189690553689
t64,0.02252005359293492
t117,-1.0169392938275041
t24,0.02252005359293492
t87,0.02252005359293492
t78,0.02252005359293492
t75,0.02252005359293492
t81,0.02252005359293492
t19,0.02252005359293492
t101,0.02252005359293492
t33,0.02252005359293492
t146,-1.4256425905404007
t91,0.02252005359293492
t84,0.02252005359293492
