accepted_species,0,1
t9,0.4429834,0.5570166
t29,0.68045247,0.3195475
t32,0.39815027,0.60184973
t34,0.23625135,0.76374865
t35,0.9000432,0.09995683
t36,0.39815027,0.60184973
t79,0.23625135,0.76374865
t84,0.23625135,0.76374865
t85,0.23625135,0.76374865
t92,0.39815027,0.60184973
t98,0.68045247,0.3195475
t100,0.23625135,0.76374865
t101,0.41764462,0.5823554
