accepted_species,estimate
t97,-1.3903954
t5,-0.7873104
t91,-1.8658804
t6,-1.2758486
t71,2.0212338
t69,0.06696857
t42,0.11590119
t67,0.5448568
t72,-0.94813776
t80,-0.5198084
