accepted_species,estimate
t52,-0.6974003
t90,0.79052955
t75,0.79052955
t32,0.12388485
t84,0.2784655
t92,-0.1633445
t45,-0.19294778
t6,-0.18244761
t8,0.34999824
t1,-0.3916895
