accepted_species,estimate
t18,0.17356253516784376
t19,0.17356253516784376
t74,0.17619076488201743
t79,0.17619076488201743
t80,0.17619076488201743
t81,0.17619076488201743
t60,0.17619076488201743
t34,0.1788032231574971
t97,0.18054389431537238
t98,0.18054389431537238
