accepted_species,0
t18,
t19,
t74,
t79,
t80,
t81,
t60,
t34,
t97,0.179935791247211
t98,0.179935791247211
