accepted_species,0,1
t41,0.6678025975378565,0.33219740246214347
t42,0.7168473998949199,0.2831526001050802
t65,0.7834429938053827,0.2165570061946173
t32,0.7769150418365041,0.22308495816349588
t54,0.8068241632717104,0.19317583672828958
t86,0.7785168526427991,0.22148314735720087
t26,0.7924495433213615,0.20755045667863847
t23,0.726192309079982,0.27380769092001794
t28,0.7494597476099616,0.25054025239003846
t71,0.6848289276612753,0.31517107233872466
