accepted_species,estimate
t82,-0.43909508
t17,0.04592367
t9,1.4363527
t87,1.3068577
t80,1.2572817
t92,1.5018666
t94,1.0239608
t104,1.2876829
t25,1.2658498
t71,-0.21636342
t169,0.33840305
t141,-0.12612098
t37,-0.026919246
t20,0.12843338
t48,-0.21395251
t154,0.2752268
t241,0.2182001
t224,0.19447167
t233,-0.7571319
t192,-1.0192387
t129,-0.84816265
t121,-0.33317494
t42,-0.070211634
t174,-0.88615924
t240,-0.96989197
