accepted_species,0
t85,-1.11306520014154
t16,
t79,-1.16462525508044
t63,-0.629441574292211
t17,
t100,0.355285410609876
t35,
t11,
t2,
t41,0.32012996405376
