"accepted_species","0","1"
"t81",0.994212691885252,0.00578730811474751
"t44",0.744842495735241,0.255157504264759
"t100",0.999940686573279,5.93134267213733e-05
"t48",0.937984802163389,0.0620151978366106
"t72",0.992116773136322,0.00788322686367783
"t77",0.993212958659768,0.00678704134023167
"t87",0.995746383469666,0.00425361653033407
"t75",0.00715010086762905,0.992849899132371
"t98",0.996642148886296,0.00335785111370442
"t12",0.92529428150335,0.0747057184966504
