accepted_species,estimate
t44,0.7397166734780153
t45,0.6401426233570123
t54,1.0336321892721334
t75,1.0481085609766492
t12,1.0532652714764548
t7,0.7212066587324709
t5,1.5321075204950731
t4,1.2292098992165719
t95,1.442816070102347
t96,1.4413630655380392
