"accepted_species","0","1"
"t91",0.0575717139269695,0.94242828607303
"t108",0.0459335840901896,0.95406641590981
"t117",0.137736790241399,0.862263209758601
"t124",0.793865358946672,0.206134641053328
"t145",0.0173138689389176,0.982686131061082
"t151",0.0132561718621045,0.986743828137896
"t154",0.0126555404249612,0.987344459575039
"t161",0.0072779152076558,0.992722084792344
"t163",0.0069120889202486,0.993087911079751
"t179",0.00218932685824458,0.997810673141755
