accepted_species,estimate
t64,-0.66384673
t65,-0.77821547
t62,-0.7141154
t63,-0.59749043
t50,-0.740727
t95,-0.78124714
t23,-0.64938533
t27,-0.6928963
t17,-0.37912005
t20,-0.61031413
