accepted_species,estimate
t83,0.004893793582829327
t7,0.16015749459978756
t29,-0.41619787424082805
t36,-0.2837252313897702
t15,-0.5522644923009307
t10,1.3240647586044942
t22,0.7634046758167653
t96,0.8600418127821415
t58,1.2440594765584634
t59,0.014378375503509247
