"accepted_species","estimate"
"t59",-1.82045220550825
"t90",0.22713335628788
"t37",-1.82315907250342
"t93",-0.0189578264254524
"t94",-0.0189578264254524
"t96",0.572029915318159
"t24",-0.368720503700915
"t79",1.43821322281017
"t15",0.228339586731034
"t12",0.356081547332361
