"accepted_species","estimate"
"t28",-0.665744434050305
"t93",-0.31607015529119
"t69",0.342966486939376
"t64",0.187364969134638
"t78",0.432059004103453
"t58",0.925292887015447
"t52",1.37523831057632
"t86",1.57367196023886
"t84",1.02273252293154
"t85",1.02273252293154
