accepted_species,estimate
t13,0.0807483544561999
t131,-0.9330696458557011
t136,-1.1998246776341879
t159,0.42546340430719787
t77,0.4672703816354724
t44,0.38403019942702743
t170,-0.8736079981552641
t21,-0.008342162906929561
t140,0.4613567280879539
t181,-0.01397880589926634
t106,-0.4228112118037496
t125,-0.3471419552418539
t41,-0.10157670244481584
t107,0.6226544779417521
t75,0.7069204331707846
t33,0.5793942771752149
t112,0.8022682851397238
t134,0.9035649397826193
