accepted_species,0,1
t76,0.2633402577107843,0.7366597422892157
t28,0.2732092422423369,0.7267907577576631
t85,0.27404350790294374,0.7259564920970563
t86,0.27404350790294374,0.7259564920970563
t32,0.2952576882194258,0.7047423117805742
t69,0.2952576882194258,0.7047423117805742
t70,0.2952576882194258,0.7047423117805742
t5,0.3224616508615783,0.6775383491384217
t40,0.3542845957401174,0.6457154042598826
t41,0.3542845957401174,0.6457154042598826
