accepted_species,0,1
t29,0.711629727853742,0.288370272146258
t44,0.6832385011962452,0.31676149880375487
t52,0.708661644215288,0.29133835578471207
t62,0.730990461919977,0.2690095380800231
t65,0.6765429259009108,0.32345707409908925
t70,0.7032903482516563,0.29670965174834374
t71,0.6779540277045883,0.3220459722954117
t84,0.6732870883652884,0.32671291163471156
t91,0.6838275116086316,0.3161724883913683
t98,0.7137483339381654,0.28625166606183466
t100,0.6916050761905834,0.3083949238094166
