accepted_species,0,1
t59,0.08923841972613855,0.9107615802738614
t66,0.07524770921977175,0.9247522907802282
t117,0.10030799903902787,0.8996920009609721
t160,0.06491849295576435,0.9350815070442356
t171,0.07367693450490354,0.9263230654950965
t195,0.06539894219099185,0.9346010578090082
t218,0.12405505107209225,0.8759449489279078
t235,0.10900856161532146,0.8909914383846785
t243,0.06677957317011873,0.9332204268298813
t247,0.047839762307316014,0.952160237692684
