accepted_species,0,1
Gentiana_algida,0.5444444444444445,0.45555555555555555
Gentiana_dahurica,0.5444444444444445,0.45555555555555555
Gentiana_macrophylla,0.0,1.0
Gentiana_nivalis,0.5444444444444445,0.45555555555555555
Gentiana_pyrenaica,0.5444444444444445,0.45555555555555555
Gentiana_squarrosa,0.5444444444444445,0.45555555555555555
Gentiana_verna,0.5444444444444445,0.45555555555555555
Gentiana_acaulis,0.5444444444444445,0.45555555555555555
Gentiana_clusii,0.5444444444444445,0.45555555555555555
Gentiana_lutea,0.5444444444444445,0.45555555555555555
