accepted_species,0,1
Gentiana_algida,0.42946833,0.57053167
Gentiana_dahurica,0.45446104,0.54553896
Gentiana_macrophylla,0.06849581,0.9315042
Gentiana_nivalis,0.02764833,0.9723517
Gentiana_pyrenaica,0.38470125,0.61529875
Gentiana_squarrosa,0.59872544,0.40127453
Gentiana_verna,0.16261852,0.8373815
Gentiana_acaulis,0.02861476,0.97138524
Gentiana_clusii,0.7471541,0.2528459
Gentiana_lutea,0.6295905,0.37040952
