accepted_species,estimate
t6,0.7972821772201626
t4,0.331874762219719
t51,0.37157437940568827
t27,0.38442707889873734
t94,0.3869345954901844
t69,0.28021106667560214
t63,0.2801413461858971
t58,0.388552679322832
t78,0.3207790712275864
t80,-2.3394611381991073
