accepted_species,estimate
t6,0.818030031088971
t4,0.35167722841486426
t51,0.30270748289273003
t27,0.34230153999859614
t94,0.3287057843536562
t69,0.4575284192379729
t63,0.5313585497153694
t58,0.4640842932593799
t78,0.3156421832199087
t80,-2.3110389086432663
