accepted_species,0,1
t18,0.873561474905832,0.12643852509416795
t19,0.8689309988151546,0.1310690011848454
t27,0.86694615582195,0.13305384417804994
t28,0.9178648271233357,0.08213517287666432
t56,0.7925352885945722,0.20746471140542774
t59,0.5090857439308973,0.49091425606910266
t63,0.7350037786312429,0.2649962213687571
t64,0.8561961620842543,0.1438038379157457
t83,0.4680970903155576,0.5319029096844424
t90,0.4370643509963317,0.5629356490036683
t94,0.38312380876517793,0.6168761912348221
t98,0.4185982506249406,0.5814017493750594
t100,0.396546463786582,0.603453536213418
t102,0.513110949339807,0.48688905066019295
t113,0.570964635746973,0.429035364253027
t138,0.41447567951740083,0.5855243204825992
t140,0.4420622244144571,0.5579377755855429
t175,0.5896402204176453,0.4103597795823547
t177,0.43933888176946,0.56066111823054
