accepted_species,0,1
t6,0.9747638016601508,0.025236198339849303
t7,0.9747638016601508,0.025236198339849303
t106,0.9826825127600748,0.01731748723992519
t123,0.9825077520564173,0.017492247943582746
t344,0.9823671906469617,0.017632809353038348
t139,0.9825028246274665,0.017497175372533525
t159,0.9825109064887458,0.01748909351125417
t299,0.9824398432231306,0.017560156776869448
t253,0.9824727963168585,0.01752720368314151
t376,0.9824333403645256,0.017566659635474442
t68,0.9824998073135952,0.017500192686404802
t52,0.982458726771843,0.01754127322815705
t195,0.9813267265998215,0.01867327340017851
t229,0.9812523461566885,0.0187476538433114
t236,0.9809578218504892,0.019042178149510834
t242,0.9809440324071349,0.019055967592865142
t187,0.9813302329623496,0.018669767037650428
t359,0.9794857269779598,0.02051427302204026
t360,0.9794857269779598,0.02051427302204026
t306,0.9834612644454954,0.016538735554504594
t134,0.9827901363604409,0.017209863639559078
t144,0.9829536048922658,0.017046395107734254
t218,0.9833198812059311,0.016680118794068947
t86,0.9816447605375079,0.018355239462492113
t151,0.9826653685343955,0.017334631465604516
t46,0.9822396270042069,0.017760372995793087
t59,0.982876450364651,0.017123549635349015
t179,0.9802390175356683,0.019760982464331677
t380,0.9826459756827349,0.017354024317265026
t128,0.9437942347358549,0.05620576526414512
t240,0.9830190522061983,0.016980947793801625
t116,0.9819960191352942,0.01800398086470582
t316,0.9825396972152743,0.01746030278472565
t294,0.9823014680835286,0.017698531916471454
t216,0.9819578104260407,0.018042189573959325
t183,0.9843679781479041,0.015632021852095838
t58,0.981450984261286,0.018549015738714033
t54,0.9814580748701346,0.018541925129865435
t42,0.981505988623255,0.01849401137674504
t30,0.9819797981032302,0.01802020189676974
t15,0.9811950444895569,0.018804955510443165
t19,0.9830821838972165,0.016917816102783506
