accepted_species,0,1
t142,0.970504744031246,0.029495255968754016
t157,0.9707442843912037,0.029255715608796286
t163,0.9696800537827522,0.030319946217247814
t164,0.9705861499735382,0.029413850026461748
t182,0.9706241503323848,0.029375849667615195
t199,0.9674929385992567,0.032507061400743345
t201,0.896683331263404,0.10331666873659592
t212,0.9052954357065539,0.09470456429344604
t216,0.9682665216380103,0.03173347836198967
t248,0.9055969241361279,0.09440307586387203
