accepted_species,0,1
t58,0.6438418617686664,0.3561581382313336
t23,0.8118003542431944,0.18819964575680564
t48,0.7703301622112022,0.2296698377887978
t18,0.6560332163216686,0.34396678367833144
t31,0.7536330304378223,0.2463669695621777
t72,0.17995624307799918,0.8200437569220008
t53,0.18981234948185377,0.8101876505181462
t5,0.11576994091740389,0.8842300590825961
t68,0.9950236942459647,0.004976305754035303
t69,0.9940545239391912,0.005945476060808738
