accepted_species,0,1
t58,0.9333473,0.06665269
t23,0.9774198,0.022580197
t48,0.982885,0.01711502
t18,0.82730794,0.17269205
t31,0.9634451,0.03655487
t72,0.04355663,0.95644337
t53,0.20908725,0.79091275
t5,0.06465042,0.9353496
t68,0.9900728,0.009927224
t69,0.9949211,0.0050788876
