accepted_species,0,1
t29,0.015574729365657514,0.9844252706343425
t11,0.0155786980416448,0.9844213019583552
t81,0.015755822494972316,0.9842441775050277
t58,0.015500752751778535,0.9844992472482215
t32,0.014961150102596799,0.9850388498974032
t84,0.014783630034466144,0.9852163699655339
t88,0.014057459112601589,0.9859425408873984
t69,0.015194378839264222,0.9848056211607358
t70,0.014101707348512349,0.9858982926514877
t60,0.13354668920954116,0.8664533107904588
