accepted_species,0,1
t34,0.9558822314723521,0.044117768527647934
t43,0.8915137701858588,0.10848622981414122
t60,0.9834589123697637,0.01654108763023636
t61,0.9834589123697637,0.016541087630236345
t86,0.9553561292068246,0.044643870793175396
t97,0.921229446405852,0.07877055359414799
t102,0.8846518574270247,0.1153481425729753
t106,0.9842217572217509,0.015778242778249137
t117,0.9835536589820706,0.016446341017929363
t118,0.9514844853250863,0.04851551467491365
