accepted_species,0,1
t34,0.9403640230448274,0.05963597695517259
t43,0.7487355717153479,0.25126442828465206
t60,0.9489938457589815,0.05100615424101846
t61,0.9489938457589815,0.05100615424101846
t86,0.9403640230448274,0.05963597695517259
t97,0.9501802950739968,0.04981970492600323
t102,0.13804357288775038,0.8619564271122496
t106,0.944488157813526,0.055511842186474
t117,0.9444919096382178,0.055508090361782225
t118,0.9479387022351735,0.05206129776482645
