accepted_species,0,1
t34,0.9381568,0.061843216
t43,0.96535355,0.03464643
t60,0.99886024,0.0011397375
t61,0.99886024,0.0011397375
t86,0.9381568,0.061843216
t97,0.9861308,0.013869235
t102,0.57498455,0.42501545
t106,0.9560885,0.043911494
t117,0.99886024,0.0011397375
t118,0.983448,0.016551973
