accepted_species,0,1
t34,0.96210194,0.03789804
t43,0.81241393,0.18758607
t60,0.9688659,0.031134121
t61,0.9688659,0.031134121
t86,0.96210194,0.03789804
t97,0.94851744,0.051482577
t102,0.46400952,0.5359905
t106,0.9688659,0.031134121
t117,0.9688659,0.031134121
t118,0.96210194,0.03789804
