"accepted_species","0","1"
"Frasera_speciosa",0.722530318966412,0.277469681033588
"Gentiana_aquatica",0.403349693997218,0.596650306002782
"Gentiana_nivalis",0.266827623149639,0.733172376850361
"Lomatogonium_carinthiacum",0.737015094579631,0.262984905420369
"Galium_boreale",0.510821730749417,0.489178269250583
"Galium_parisiense",0.503878461357866,0.496121538642134
"Leichhardtia_australis",0.673992705888674,0.326007294111326
"Gentiana_acaulis",0.323497249093095,0.676502750906905
"Gentianella_germanica",0.960409606345622,0.0395903936543777
"Galium_verrucosum",0.505436224629504,0.494563775370496
