accepted_species,0,1
t23,0.18848759,0.8115124
t2,0.28807008,0.7119299
t93,0.7776969,0.22230309
t27,0.43798286,0.56201714
t88,0.22136718,0.7786328
t16,0.45782918,0.5421708
t66,0.067014694,0.9329853
t97,0.96537286,0.034627125
t30,0.36555493,0.6344451
t29,0.019152045,0.98084795
