"accepted_species","estimate"
"t85",1.14954055224831
"t96",-1.416217764623
"t9",0.196716885129629
"t83",0.778418084728245
"t39",0.818160532356087
"t45",-0.244001037420281
"t40",0.939125416102882
"t34",-0.284380648467314
"t98",-0.000926516250857529
"t10",-0.265600289431337
