accepted_species,0,1
t32,0.2744919390201265,0.7255080609798735
t46,0.1371407590416972,0.8628592409583028
t1,0.05090423143344136,0.9490957685665586
t79,0.01418834333712371,0.9858116566628763
t90,0.011812228392769297,0.9881877716072307
t83,0.03413996217213233,0.9658600378278677
t86,0.035976020012354226,0.9640239799876458
t37,0.0308524784608204,0.9691475215391796
t19,0.24523615219376738,0.7547638478062326
t8,1.2756203180530612e-05,0.9999872437968195
