accepted_species,0,1
t69,0.67739046,0.32260954
t70,0.67739046,0.32260954
t72,0.67739046,0.32260954
t87,0.67739046,0.32260954
t90,0.75781596,0.24218404
t95,0.67739046,0.32260954
t119,0.67739046,0.32260954
t137,0.54642385,0.45357615
t163,0.67739046,0.32260954
t184,0.83439445,0.16560553
