accepted_species,0,1
Palicourea_tamaensis,0.98568755,0.014312429
Kadua_haupuensis,0.96043307,0.03956691
Galium_spathulatum,0.96399194,0.036008034
Galium_mandonii,0.96399194,0.036008034
Galium_kenyanum,0.96399194,0.036008034
Galium_ephedroides,0.96399194,0.036008034
Galium_breviramosum,0.96399194,0.036008034
Spermacoce_erectiloba,0.94481057,0.055189442
Saprosma_longicalyx,0.96399194,0.036008034
Scleromitrion_intonsum,0.85125583,0.14874415
