accepted_species,0,1
Ceropegia_spaniflora,0.95281774,0.04718227
Gentianella_columnae,0.91173935,0.08826064
Atractocarpus_crosbyi,0.9585516,0.041448396
Oxystelma_esculentum,0.2568515,0.7431485
Galium_normanii,0.9939802,0.006019769
Hedyotis_tavoyensis,0.9939802,0.006019769
Parsonsia_rubra,0.42465496,0.57534504
Secamone_kjellbergii,0.8743553,0.12564468
Sebaea_fourcadei,0.95584714,0.044152856
Gonolobus_bakeri,0.86563027,0.13436975
