accepted_species,0,1
t16,0.92147005,0.07852998
t26,0.12099171,0.8790083
t32,0.12099171,0.8790083
t35,0.99536055,0.0046394495
t47,0.996449,0.0035510173
t49,0.9919717,0.008028306
t57,0.8666823,0.13331771
t68,0.8803671,0.119632885
t69,0.95339906,0.04660095
t82,0.996449,0.0035510173
