accepted_species,estimate
t92,-1.255205603465372
t51,-1.2589326021434353
t22,-1.5286716596352137
t70,-1.5609660308763025
t94,-1.5733288121464515
t79,0.6156679337833219
t37,0.617662560443849
t45,0.6629782508973742
t20,0.7024599468092785
t8,0.519734856664235
