accepted_species,0,1
t88,0.9981918,0.0018082424
t40,0.9986125,0.0013874903
t84,0.99850875,0.0014912218
t44,0.9986125,0.0013874903
t52,0.9987367,0.0012633007
t68,0.99681306,0.003186952
t87,0.61938846,0.38061154
t85,0.9671357,0.032864287
t79,0.98997325,0.0100267725
t32,0.99613845,0.0038615568
