"accepted_species","0","1"
"t29",0.967141977078673,0.0328580229213275
"t11",0.891265700812076,0.108734299187924
"t50",0.982826582080358,0.0171734179196419
"t4",0.922342130556321,0.0776578694436788
"t42",0.979036272461665,0.0209637275383347
"t5",0.921972615547715,0.0780273844522846
"t25",0.876323298312955,0.123676701687045
"t26",0.876323298312955,0.123676701687045
"t41",0.945096281283392,0.0549037187166082
"t36",0.97246200008894,0.0275379999110596
