accepted_species,0,1
t29,0.8448431,0.1551569
t11,0.8398584,0.16014159
t50,0.9933829,0.0066171163
t4,0.9924751,0.007524912
t42,0.9924751,0.007524912
t5,0.9933829,0.0066171163
t25,0.9933829,0.0066171163
t26,0.9933829,0.0066171163
t41,0.9933829,0.0066171163
t36,0.9924751,0.007524912
