"accepted_species","estimate"
"t23",-0.817359573673796
"t13",-0.350701553517382
"t38",-0.354651034256702
"t5",1.0725162713997
"t43",1.01915528622619
"t61",-0.788367230290999
"t16",-0.468312418352243
"t4",-0.362418972737889
"t64",1.0514576990144
"t79",-0.908474007857078
