accepted_species,0
t23,0.0034773688398933317
t13,0.0034773688398933317
t38,0.0034773688398933317
t5,0.0034773688398933317
t43,0.0034773688398933317
t61,0.0034773688398933317
t16,0.0034773688398933317
t4,0.0034773688398933317
t64,0.0034773688398933317
t79,-0.9361340150302682
