accepted_species,0,1
t39,0.8380717,0.16192833
t33,0.38734192,0.6126581
t68,0.6407292,0.35927078
t84,0.38734192,0.6126581
t85,0.38734192,0.6126581
t99,0.5863526,0.4136474
t49,0.5863526,0.4136474
t91,0.72139186,0.27860814
t71,0.5863526,0.4136474
t72,0.6587365,0.34126347
