accepted_species,estimate
Calycophyllum_candidissimum,0.21799104777493472
Coprosma_rhamnoides,0.012748297385569082
Galium_mollugo,-0.4073238074700611
Genipa_americana,0.6042749069137874
Guettarda_elliptica,-0.31996325292060124
Mandevilla_benthamii,0.4990664343830241
Plumeria_alba,1.3176550586895819
Psychotria_flava,0.26470772423259353
Rothmannia_urcelliformis,0.6213223260205897
Rubia_cordifolia,-0.3363133020040385
