accepted_species,0
Calycophyllum_candidissimum,0.06627333511104093
Coprosma_rhamnoides,-0.2936678581230284
Galium_mollugo,-0.4043569585568952
Genipa_americana,0.06627333511104093
Guettarda_elliptica,-0.41296875187499155
Mandevilla_benthamii,0.06627333511104093
Plumeria_alba,0.06627333511104093
Psychotria_flava,-0.163374488612286
Rothmannia_urcelliformis,0.06627333511104093
Rubia_cordifolia,0.06627333511104093
