"accepted_species","estimate"
"t23",-0.00359135952099427
"t84",-0.0353247670665137
"t85",-0.0353247670665137
"t1",0.47095877104894
"t74",1.47533045136504
"t68",1.51007663982159
"t80",1.53858454543107
"t76",1.53016021502245
"t57",1.49073683888895
"t7",1.24390455833478
