accepted_species,0,1
t6,0.9958819,0.0041180938
t7,0.99470896,0.00529105
t19,0.99470896,0.00529105
t25,0.8826172,0.11738282
t26,0.98709995,0.012900043
t45,0.81573683,0.18426317
t65,0.9042337,0.095766336
t105,0.8539155,0.14608449
t106,0.98994267,0.010057343
t110,0.5787184,0.4212816
t111,0.94998366,0.050016336
t114,0.27657294,0.72342706
t130,0.4744742,0.5255258
t144,0.9828134,0.017186563
t145,0.98075813,0.019241888
