accepted_species,0,1
t6,0.83800507,0.16199492
t7,0.85121727,0.1487827
t19,0.85121727,0.1487827
t25,0.5734215,0.4265785
t26,0.61186403,0.38813597
t45,0.5734215,0.4265785
t65,0.5734215,0.4265785
t105,0.681548,0.31845203
t106,0.681548,0.31845203
t110,0.5734215,0.4265785
t111,0.5734215,0.4265785
t114,0.681548,0.31845203
t130,0.681548,0.31845203
t144,0.52230656,0.47769344
t145,0.52230656,0.47769344
