accepted_species,0,1
t6,0.89886314,0.101136856
t7,0.9943519,0.005648105
t19,0.94522303,0.054776974
t25,0.81881684,0.18118316
t26,0.67287207,0.32712796
t45,0.8350149,0.16498512
t65,0.7718085,0.2281915
t105,0.8406563,0.15934369
t106,0.7573909,0.24260908
t110,0.849603,0.150397
t111,0.8268571,0.17314288
t114,0.111797154,0.88820285
t130,0.2165637,0.7834363
t144,0.7367724,0.26322755
t145,0.75855744,0.24144259
