accepted_species,0,1
t141,0.038449824,0.9615502
t146,0.038449824,0.9615502
t218,0.034424424,0.9655756
t220,0.14988679,0.8501132
t228,0.035150945,0.96484905
t229,0.038449824,0.9615502
t244,0.034424424,0.9655756
t247,0.04700172,0.9529983
t270,0.034424424,0.9655756
t305,0.038449824,0.9615502
