accepted_species,0,1
t49,0.4768374388967873,0.5231625611032127
t56,0.4765755997537644,0.5234244002462356
t123,0.4770009704337853,0.5229990295662147
t125,0.4765882859439836,0.5234117140560164
t126,0.476814580465177,0.523185419534823
t138,0.4767098804112312,0.5232901195887688
t159,0.4761704169245875,0.5238295830754125
t160,0.47548579120922996,0.52451420879077
t161,0.4762214530350827,0.5237785469649173
t162,0.4770834268456199,0.5229165731543801
