accepted_species,0,1
t72,0.7366694180882573,0.26333058191174274
t5,0.7603075947364437,0.23969240526355634
t64,0.5651313484140227,0.4348686515859773
t41,0.5581870451603814,0.4418129548396186
t7,0.3429964713674235,0.6570035286325765
t19,0.45246928252660545,0.5475307174733945
t59,0.8116084484120603,0.1883915515879398
t36,0.6645556930715302,0.3354443069284699
t98,0.6703111562121082,0.32968884378789176
t10,0.6181374565269886,0.3818625434730114
