accepted_species,0,1
t72,1.0,0.0
t5,0.5777777777777777,0.4222222222222222
t64,0.0,1.0
t41,0.5777777777777777,0.4222222222222222
t7,0.5777777777777777,0.4222222222222222
t19,0.5777777777777777,0.4222222222222222
t59,0.5777777777777777,0.4222222222222222
t36,0.5777777777777777,0.4222222222222222
t98,1.0,0.0
t10,0.5777777777777777,0.4222222222222222
