accepted_species,0,1
Atractocarpus_confertus,0.9574041,0.04259592
Aspidoglossum_ovalifolium,0.93520105,0.06479896
Spermacoce_clinopodioides,0.9284341,0.071565926
Hoya_albiflora,0.93520105,0.06479896
Palicourea_odorata,0.95583504,0.044164952
Ixora_raiateensis,0.95595187,0.044048134
Ixora_andina,0.95595187,0.044048134
Sebaea_brachyphylla,0.93681604,0.06318396
Faramea_grayumiana,0.92842674,0.071573235
Ophiorrhiza_rhododictyon,0.9420946,0.05790538
