accepted_species,0,1
Apocynum_cannabinum,0.5343699,0.4656301
Asclepias_mellodora,0.28158265,0.71841735
Asclepias_sullivantii,0.32535744,0.67464256
Gentiana_prostrata,0.56926537,0.4307346
Gentianopsis_barbata,0.78005844,0.21994156
Galium_spurium,0.3292511,0.6707489
Galium_tinctorium,0.639954,0.36004606
Mitchella_repens,0.59336674,0.4066333
Cynanchum_boveanum,0.46869695,0.53130305
Galium_setaceum,0.3292511,0.6707489
