accepted_species,0,1
t122,0.4864701422638805,0.5135298577361195
t120,0.4976126895440922,0.5023873104559078
t26,0.955329946174126,0.04467005382587401
t165,0.2632356896143093,0.7367643103856907
t85,0.24212778221036912,0.7578722177896309
t118,0.3891920139699043,0.6108079860300957
t69,0.41335073159684543,0.5866492684031546
t62,0.3927017340990495,0.6072982659009505
t44,0.7015725892178359,0.29842741078216406
t91,0.592254078061947,0.40774592193805304
t67,0.3325032565565216,0.6674967434434784
t61,0.35635308333544724,0.6436469166645528
t74,0.6648438890265914,0.3351561109734086
t97,0.6238158121273998,0.3761841878726002
t134,0.26062275937951274,0.7393772406204873
t29,0.5791491517671674,0.4208508482328326
t27,0.38894538097285014,0.6110546190271499
