accepted_species,estimate
t106,0.14360334
t112,0.46396747
t66,-0.5195632
t138,0.1174078
t109,0.0158219
t61,0.18165018
t54,0.56243616
t84,0.930548
t97,1.002839
t117,0.96434784
t90,-0.11140248
t51,-0.021221166
t142,0.499285
t38,0.5553063
