accepted_species,0,1
t74,0.2406186956766454,0.7593813043233546
t94,0.05849097556842453,0.9415090244315755
t108,0.05176820991081388,0.9482317900891861
t118,0.2406186956766454,0.7593813043233546
t127,0.2892823895386941,0.7107176104613059
t134,0.06843699875881137,0.9315630012411886
t135,0.05833555531713741,0.9416644446828626
t152,0.2406186956766454,0.7593813043233546
t181,0.2406186956766455,0.7593813043233545
t189,0.2892823895386941,0.7107176104613059
