accepted_species,0,1
t74,0.22430813,0.77569187
t94,0.012491405,0.9875086
t108,0.020492852,0.97950715
t118,0.22430813,0.77569187
t127,0.18915766,0.81084234
t134,0.020305037,0.97969496
t135,0.016412437,0.98358756
t152,0.02309388,0.9769061
t181,0.02309388,0.9769061
t189,0.12149787,0.87850213
