accepted_species,0,1
t6,0.21666460557560085,0.7833353944243991
t13,0.325324244460365,0.674675755539635
t22,0.3751651186767736,0.6248348813232264
t33,0.39130338653975316,0.6086966134602468
t39,0.3678253497700962,0.6321746502299038
t43,0.36606896586016124,0.6339310341398388
t53,0.45690177065264614,0.5430982293473539
t66,0.2874600803840365,0.7125399196159635
t74,0.39618547850417807,0.6038145214958219
t110,0.39684509844475047,0.6031549015552495
t112,0.39943999370708305,0.600560006292917
t118,0.5949789827932475,0.4050210172067525
t130,0.48309667678348,0.51690332321652
t134,0.46758977010741865,0.5324102298925814
t147,0.5844871182360665,0.41551288176393353
t166,0.7623857502394511,0.2376142497605489
t170,0.47510345700312706,0.5248965429968729
t176,0.7510540266503816,0.2489459733496184
