accepted_species,0,1
t6,0.30266356,0.69733644
t13,0.25492495,0.74507505
t22,0.45532244,0.54467756
t33,0.5162946,0.48370537
t39,0.22120744,0.77879256
t43,0.26806653,0.7319335
t53,0.4024009,0.5975991
t66,0.34468466,0.65531534
t74,0.5557369,0.4442631
t110,0.55885756,0.44114247
t112,0.34923953,0.6507605
t118,0.42022026,0.57977974
t130,0.31100768,0.6889923
t134,0.4024009,0.5975991
t147,0.42022026,0.57977974
t166,0.53619695,0.46380308
t170,0.6457959,0.35420412
t176,0.74071634,0.2592837
