"accepted_species","estimate"
"t56",-0.639632038536874
"t95",0.237141891882747
"t119",-0.751701436773938
"t111",0.512705073670265
"t69",-0.0823835518469359
"t80",-0.159223326168766
"t25",0.305624935809867
"t72",0.13630215766325
"t147",1.02589273325038
"t17",-0.00737431943827584
"t148",0.137063121769408
"t149",0.137063121769408
"t145",-0.453642815514249
"t96",-0.563611107670598
"t65",-0.418240292233257
"t106",0.811975205199255
"t32",0.349944567249566
"t104",0.666840708056043
