accepted_species,estimate
t65,1.4916952
t66,2.2877278
t18,1.4916952
t30,2.2971816
t31,2.2971816
t7,1.4916952
t52,1.5011494
t63,1.5011494
t64,1.5011494
t21,1.5273765
