accepted_species,estimate
t65,1.2956222
t66,1.2956222
t18,1.2956222
t30,1.2956222
t31,1.2956222
t7,1.2956222
t52,1.2956222
t63,1.2956222
t64,1.2956222
t21,1.2956222
