accepted_species,0,1
t68,0.8970653980681356,0.10293460193186449
t45,0.8974931386654352,0.10250686133456473
t3,0.9031072324581619,0.09689276754183809
t73,0.45874575707756593,0.5412542429224341
t60,0.5558209073121998,0.44417909268780026
t48,0.607234327434754,0.392765672565246
t99,0.5194268562729074,0.4805731437270926
t100,0.5194640787361973,0.48053592126380273
t61,0.7115231521644341,0.28847684783556593
t86,0.5677258580244706,0.43227414197552944
