"accepted_species","estimate"
"t82",-1.55676090763511
"t83",-1.55676090763511
"t24",-1.48805081668234
"t49",-1.56932976093422
"t67",-1.56926171068193
"t47",-1.56230972422405
"t29",-1.57742342756137
"t30",-1.57700520746354
"t52",-1.54321683403121
"t5",-1.50565870863334
