accepted_species,estimate
t12,0.9987791594545334
t13,0.9987791594545334
t84,1.2886141313490085
t59,-0.6484213276266554
t60,-0.6486344583243479
t26,-0.5712779159351621
t96,-0.4154891211673685
t92,-0.41411185751963014
t73,-0.10418754850014816
t89,-0.12513303677527826
