accepted_species,0
t12,
t13,
t84,1.2967342253463
t59,
t60,
t26,
t96,-0.415959822523607
t92,-0.415959822523607
t73,
t89,-0.648567178268941
