accepted_species,0,1
t51,0.84718245,0.15281756
t37,0.91018474,0.089815244
t38,0.8889999,0.111000136
t15,0.34348702,0.656513
t64,0.78619844,0.21380155
t54,0.87201566,0.12798436
t83,0.90760905,0.09239096
t23,0.7306145,0.26938552
t16,0.69728434,0.3027157
t9,0.7289715,0.27102852
