"accepted_species","0","1"
"t27",0.530797165325212,0.469202834674788
"t28",0.573745548048283,0.426254451951717
"t35",0.503819791587273,0.496180208412727
"t46",0.48804809090699,0.51195190909301
"t64",0.527909375508864,0.472090624491136
"t75",0.597420614685026,0.402579385314974
"t76",0.530622705485925,0.469377294514075
"t80",0.438870136705109,0.56112986329489
"t83",0.504091683358555,0.495908316641445
"t86",0.801043893047637,0.198956106952363
"t109",0.529275277361756,0.470724722638244
"t110",0.670846068632228,0.329153931367772
"t113",0.606160759755438,0.393839240244562
"t115",0.496357109731041,0.503642890268958
"t121",0.639547757550421,0.360452242449579
"t124",0.520174036282303,0.479825963717697
"t146",0.402691742086742,0.597308257913258
"t149",0.658312707586984,0.341687292413016
"t152",0.649369778785285,0.350630221214715
"t153",0.722167948247285,0.277832051752715
"t196",0.379457544743948,0.620542455256052
"t223",0.854183188368133,0.145816811631867
"t228",0.895680595656032,0.104319404343968
"t244",0.0202494050700526,0.979750594929947
