accepted_species,0,1
Morinda_morindoides,0.8930913,0.10690871
Perama_holosericea,0.9180697,0.08193031
Cascabela_thevetia,0.7995413,0.2004587
Blepharodon_colombianum,0.90143156,0.098568425
Rondeletia_exasperata,0.9181473,0.081852645
Gardenia_moszkowskii,0.8777245,0.1222755
Gaertnera_obesa,0.9442203,0.055779673
Ixora_effusa,0.88756216,0.11243787
Palicourea_apicata,0.9457024,0.054297604
Malanea_duckei,0.88963217,0.11036783
