accepted_species,0,1
Morinda_morindoides,0.9925633,0.0074366815
Perama_holosericea,0.99480706,0.0051929364
Cascabela_thevetia,0.9415749,0.058425102
Blepharodon_colombianum,0.9888974,0.011102609
Rondeletia_exasperata,0.9944835,0.0055165337
Gardenia_moszkowskii,0.95147157,0.048528448
Gaertnera_obesa,0.98961574,0.0103842905
Ixora_effusa,0.9746981,0.025301855
Palicourea_apicata,0.9952625,0.0047375066
Malanea_duckei,0.99480706,0.0051929364
