accepted_species,estimate
t30,1.1527944268346773
t31,1.0676571255844367
t5,1.0108898228445808
t88,0.9287452027369423
t64,1.2722915445689982
t55,1.2654623863021839
t72,0.7685901604795633
t65,1.0731045257195917
t37,0.9390849003717971
t25,0.9568287734735876
