accepted_species,0
t30,
t31,
t5,
t88,1.30752388089102
t64,
t55,
t72,1.08934346600808
t65,
t37,
t25,
