accepted_species,0
t30,-0.024328834569983658
t31,-0.024328834569983658
t5,-0.024328834569983658
t88,1.30752388089102
t64,-0.024328834569983658
t55,-0.024328834569983658
t72,1.08934346600808
t65,-0.024328834569983658
t37,-0.024328834569983658
t25,-0.024328834569983658
