accepted_species,estimate
t30,1.2917753
t31,1.2917753
t5,1.2917753
t88,1.2917753
t64,1.2917753
t55,1.2917753
t72,1.2917753
t65,1.2917753
t37,0.5628985
t25,0.5628985
