accepted_species,estimate
t81,-1.5836762
t90,-1.5836762
t59,-1.5503037
t42,0.6748582
t65,0.67579305
t43,0.70123595
t23,0.6766264
t34,0.6753072
t64,0.67627007
t67,0.67627007
t17,0.6768685
