"accepted_species","0","1"
"t14","0.999931910218999","6.80897810012461e-05"
"t60","0.276076472411477","0.723923527588523"
"t71","0.977816575980799","0.0221834240192014"
"t31","0.999200572132342","0.000799427867657918"
"t5","0.997814734435217","0.00218526556478304"
"t6","0.997814734435217","0.00218526556478304"
"t95","0.999517430260203","0.000482569739797051"
"t185","0.999148314809763","0.000851685190236697"
"t239","0.999938202042368","6.17979576318172e-05"
"t198","0.999241671797242","0.000758328202757636"
"t199","0.999241671797242","0.000758328202757636"
"t115","0.999291956330785","0.00070804366921479"
"t171","0.996899392046467","0.00310060795353294"
"t265","0.999207402243038","0.000792597756962496"
"t15","0.999166539850334","0.000833460149665989"
"t11","0.999447131260226","0.000552868739774174"
"t164","0.999235315163036","0.000764684836963746"
"t51","0.955759302779142","0.0442406972208581"
"t144","0.9961989205386","0.0038010794613999"
"t261","0.999903833208778","9.61667912216834e-05"
"t263","0.000334581038203474","0.999665418961797"
"t134","0.989354327195597","0.0106456728044031"
"t9","0.999887216303505","0.000112783696494844"
"t84","0.0568926236998301","0.94310737630017"
"t53","0.420445691942264","0.579554308057736"
"t93","0.999629483921557","0.000370516078442862"
"t197","0.999864089870677","0.000135910129322594"
"t270","0.999795654114334","0.000204345885666419"
