accepted_species,0,1
t82,0.9213815,0.07861854
t66,0.79373527,0.20626473
t67,0.7240179,0.27598208
t38,0.9965477,0.0034523255
t62,0.9965477,0.0034523255
t69,0.9965477,0.0034523255
t80,0.99450535,0.0054946523
t81,0.9967717,0.0032282947
t95,0.9930581,0.006941908
t96,0.9875604,0.012439616
