accepted_species,estimate
t4,0.10220119817652135
t36,0.5917260757133874
t68,0.10324647642066537
t63,0.09099715350603751
t40,-0.09596078964184279
t46,-0.18399492248294652
t15,-0.09970962805348488
t41,-0.38489632400578416
t3,-0.038843034086993466
t52,0.7655933795151185
