accepted_species,estimate
t4,0.42965
t36,0.17403279
t68,-0.65790254
t63,-0.26283216
t40,-0.07686288
t46,0.5418058
t15,0.6344268
t41,-1.8816569
t3,-0.3685457
t52,0.42336398
