accepted_species,estimate
t64,0.32164034
t128,0.5287225
t129,0.5287225
t221,-0.6184899
t16,-0.38571745
t17,-0.38571745
t30,-0.39082286
t22,-0.38571745
t39,-1.0434697
t248,0.47315404
t222,0.5642197
t34,0.12387285
t37,-0.41158393
t38,0.12387285
t68,-0.1520469
t106,-0.32916555
t110,-0.6778496
t162,-0.38563475
t52,0.1658576
t182,2.309604
t250,1.5412488
t262,1.8416232
t60,0.044030588
t59,0.044030588
t47,0.044030588
t78,0.19181189
