accepted_species,0,1
t13,0.8346851512738702,0.16531484872612978
t4,0.20146289748894242,0.7985371025110576
t26,0.7661015893801543,0.23389841061984576
t73,0.1933008530013206,0.8066991469986794
t6,0.28695219320278487,0.7130478067972151
t36,0.7666402165533713,0.23335978344662867
t37,0.32181855364142375,0.6781814463585762
t25,0.7777870068497643,0.22221299315023574
t30,0.2118902287783634,0.7881097712216366
t5,0.36251390070597744,0.6374860992940226
