"accepted_species","0","1"
"t32","0.978448513555525","0.0215514864444746"
"t44","0.942136744654026","0.0578632553459737"
"t49","0.926799873394901","0.0732001266050987"
"t80","0.959333591644758","0.0406664083552419"
"t86","0.336601583499083","0.663398416500917"
"t93","0.98173578140879","0.0182642185912095"
"t97","0.987704819969743","0.012295180030257"
"t104","0.986284113192358","0.0137158868076421"
"t109","0.988087874027566","0.011912125972434"
"t112","0.681407828074257","0.318592171925743"
