accepted_species,0,1
t20,0.696312710574654,0.3036872894253459
t21,0.7479389870203461,0.2520610129796539
t29,0.49234554525515384,0.5076544547448462
t59,0.652269810546263,0.347730189453737
t64,0.6540160671252713,0.3459839328747287
t78,0.9846357231869386,0.015364276813061448
t87,0.4846650012171214,0.5153349987828786
t91,0.7594560517677993,0.24054394823220066
t96,0.7264135462310478,0.2735864537689522
t126,0.7134762843850699,0.28652371561493006
