accepted_species,0,1
t20,0.8636588,0.13634123
t21,0.8743456,0.12565438
t29,0.8848087,0.115191296
t59,0.9681438,0.03185621
t64,0.8484331,0.15156694
t78,0.9464028,0.053597186
t87,0.91852415,0.08147584
t91,0.94859165,0.051408358
t96,0.9793282,0.020671796
t126,0.88583577,0.11416422
