accepted_species,0,1
t20,0.81837606,0.18162394
t21,0.81837606,0.18162394
t29,0.7454618,0.25453818
t59,0.63389605,0.36610395
t64,0.6739898,0.32601026
t78,0.941015,0.05898502
t87,0.403427,0.596573
t91,0.86924887,0.13075115
t96,0.93282104,0.067178994
t126,0.8815347,0.11846532
