"accepted_species","estimate"
"t3",-0.0576008943052946
"t62",0.351735112498703
"t5",-0.0583044389203796
"t72",-0.17377502761192
"t89",0.842257802544889
"t66",-0.485326772218397
"t18",-0.0511810544808576
"t20",-0.0178591360496693
"t100",-0.437897836895609
"t8",-0.0577764669087168
