accepted_species,estimate
t3,0.040942077
t62,0.040942077
t5,-0.026100865
t72,-0.29935408
t89,0.040942077
t66,0.040942077
t18,0.040942077
t20,0.040942077
t100,0.040942077
t8,-0.026100865
