"accepted_species","estimate"
"t88",1.37171736588789
"t43",1.02547535093716
"t12",-0.0546563622456376
"t101",-0.737395299313171
"t31",-0.842385583664236
"t41",-0.866958903993233
"t51",-1.43754594869769
"t26",0.787895130842789
"t20",-0.377347314625405
"t95",0.408300042771593
