"accepted_species","estimate"
"t20",0.889462050468935
"t33",-0.729719913453635
"t65",0.586270542967883
"t5",-0.147727877616617
"t37",-0.282999089260791
"t38",-0.282999089260791
"t86",-0.522293863316025
"t61",-1.0940728946065
"t63",-1.22756259147947
"t79",1.62353412695846
