"accepted_species","0","1"
"t25","0.46279267852322","0.53720732147678"
"t11","0.763485200168575","0.236514799831425"
"t71","0.992769955478654","0.00723004452134628"
"t9","0.593363889456977","0.406636110543023"
"t55","0.822117307292744","0.177882692707256"
"t4","0.570428232857119","0.429571767142881"
"t96","0.00201312234702143","0.997986877652979"
"t66","0.722459770648326","0.277540229351674"
"t52","0.00694243733731374","0.993057562662686"
"t56","0.158200849010708","0.841799150989292"
