"","turnover.rates","eps.values","transition.rates"
"1",1.36204567365348,0.530150331467323,NA
"2",0.506435017567128,1.02216768305038,0.819990085437894
"3",1.36204567365348,0.530150331467323,0.293508770642802
"4",0.506435017567128,1.02216768305038,NA
