accepted_species,estimate
t69,-0.10943293
t42,-0.1578643
t36,0.34650472
t59,-0.31405404
t154,-0.46066386
t219,-0.2897836
t14,-0.19645531
t18,0.1585289
t34,-0.35325786
t119,-0.3559764
t104,0.1413383
t217,0.004470668
t182,-0.041976135
t63,0.27151713
t122,0.7114513
t211,-0.10364426
t153,0.4352258
t160,-0.12989868
t134,-0.043881945
t81,-0.04669707
t140,0.22988935
t200,0.1502477
t23,0.20513615
