"accepted_species","0","1"
"t74","0.0373579959174877","0.962642004082512"
"t98","0.000722316431474269","0.999277683568526"
"t52","0.987249622118785","0.0127503778812151"
"t76","0.00110000191159561","0.998899998088404"
"t78","0.00299987368009988","0.9970001263199"
"t50","0.167608017351142","0.832391982648858"
"t51","0.167608017351142","0.832391982648858"
"t20","0.166862439764493","0.833137560235507"
"t80","0.0264308639694484","0.973569136030552"
"t67","0.955599078091154","0.0444009219088456"
