accepted_species,0,1
t74,0.5519086,0.4480914
t98,0.560103,0.439897
t52,0.8690079,0.13099213
t76,0.4888798,0.5111202
t78,0.4888798,0.5111202
t50,0.8254113,0.17458868
t51,0.8254113,0.17458868
t20,0.7535565,0.24644354
t80,0.5274508,0.47254917
t67,0.8208461,0.17915389
