accepted_species,0,1
Peponidium_bakerianum,0.9145530116038753,0.08544698839612473
Hymenocoleus_hirsutus,0.953777218993803,0.046222781006196985
Galium_hirtiflorum,0.9511631831884155,0.04883681681158447
Galium_adhaerens,0.9514927301222862,0.04850726987771378
Astiella_antongilensis,0.896023985739559,0.10397601426044101
Hoya_fraterna,0.8336956880348949,0.1663043119651051
Matelea_virginiae,0.8342891649804915,0.16571083501950842
Pavetta_gardneri,0.91007633884672,0.08992366115327995
Faramea_leucocalyx,0.9464739691128476,0.05352603088715238
Chassalia_assimilis,0.9540867927831023,0.04591320721689773
