accepted_species,0,1
Vincetoxicum_forrestii,0.7989802,0.20101984
Pachycarpus_schinzianus,0.7581126,0.24188738
Vincetoxicum_atratum,0.8433721,0.15662786
Secamone_racemosa,0.7581126,0.24188738
Marsdenia_cardozoi,0.85347736,0.14652264
Ditassa_albiflora,0.7989802,0.20101984
Metastelma_ditassoides,0.7989802,0.20101984
Asclepias_macrotis,0.85347736,0.14652264
Cynanchum_balense,0.7581126,0.24188738
Funastrum_lindenianum,0.85347736,0.14652264
