"accepted_species","0","1"
"t96","0.00408398471785688","0.995916015282143"
"t198","0.00018817839513347","0.999811821604867"
"t149","5.36869566386683e-05","0.999946313043361"
"t172","0.00280545238950114","0.997194547610499"
"t279","0.0070422407221748","0.992957759277825"
"t220","0.00273842169248588","0.997261578307514"
"t257","0.00265977079649203","0.997340229203508"
"t179","0.0010945922834501","0.99890540771655"
"t203","0.0311085504737376","0.968891449526262"
"t355","0.99769829353606","0.00230170646394049"
"t375","0.999499793192378","0.000500206807621653"
"t379","0.999504807131789","0.000495192868210883"
"t289","0.993948726763192","0.00605127323680845"
"t398","0.999932930025079","6.70699749215073e-05"
"t290","0.903872342643509","0.0961276573564912"
"t280","0.761629447929965","0.238370552070035"
"t226","0.106999980173246","0.893000019826754"
"t233","0.00438882658061743","0.995611173419383"
"t234","0.00438882658061743","0.995611173419383"
"t341","0.00721339532709657","0.992786604672903"
"t342","0.00721339532709657","0.992786604672903"
"t270","0.00169454207147921","0.998305457928521"
"t296","0.000946092092992578","0.999053907907007"
"t240","0.00187171066265691","0.998128289337343"
"t145","0.000318408637472582","0.999681591362527"
"t90","0.00344083896499405","0.996559161035006"
"t116","0.00634177209879234","0.993658227901208"
"t335","0.000547468873456364","0.999452531126544"
"t356","0.000797462215311174","0.999202537784689"
"t152","0.0472844504865478","0.952715549513452"
"t132","0.0473360474656407","0.952663952534359"
"t160","0.00112076520873363","0.998879234791266"
"t352","0.000397628233916285","0.999602371766084"
"t358","0.000629676520412296","0.999370323479588"
"t368","0.000696698253717238","0.999303301746283"
"t369","0.000696698253717238","0.999303301746283"
"t404","0.000233464677894087","0.999766535322106"
"t309","0.000802207771299777","0.9991977922287"
"t194","0.000151510303803875","0.999848489696196"
"t165","0.00105695810214021","0.99894304189786"
"t54","0.00195468402556014","0.99804531597444"
