accepted_species,0,1
t78,0.9977311101560654,0.00226888984393463
t66,0.997734894083358,0.002265105916641928
t181,0.9979583303574399,0.002041669642560096
t176,0.9980704180965526,0.0019295819034473541
t189,0.9980748760393608,0.001925123960639178
t27,0.997930582171518,0.0020694178284819753
t30,0.9977293498239864,0.0022706501760135236
t45,0.9979688691151829,0.0020311308848171487
t125,0.9979608415964846,0.0020391584035154638
t205,0.9979593900159943,0.0020406099840056522
t113,0.9979504300758348,0.002049569924165217
t73,0.9979677448184526,0.0020322551815473424
t105,0.9979460959555899,0.0020539040444100876
t23,0.9979492918200968,0.002050708179903149
t51,0.9980235499406409,0.001976450059359146
t22,0.9979510637157922,0.002048936284207732
t137,0.997978754842739,0.0020212451572610246
t102,0.9979685159230911,0.0020314840769088457
t34,0.9979584919155482,0.002041508084451797
t5,0.9971076051257876,0.0028923948742124025
t15,0.9970265240074643,0.0029734759925357764
