accepted_species,estimate
t2,-0.20710826333099844
t7,-0.30835688185023213
t57,-0.0857995464708752
t146,-0.12341768589150817
t78,-0.41749502961306995
t110,-0.6968184647687125
t30,0.3118964593232449
t100,-0.0399748750773225
t94,-0.040066608463027106
t64,-0.04633558686323192
t49,-0.9590787089047796
t92,-0.036465818772994964
t10,-0.1338503272458747
t19,-0.03346343137616653
t67,-0.5133491060674944
