"accepted_species","0","1"
"t40",0.0434988779152327,0.956501122084767
"t57",0.0330232298109103,0.96697677018909
"t85",0.89005575583459,0.10994424416541
"t24",0.0962084153645224,0.903791584635478
"t96",0.00317905356605292,0.996820946433947
"t76",0.0214726663612108,0.978527333638789
"t23",0.0793727723235845,0.920627227676416
"t17",0.0920918793641463,0.907908120635854
"t88",0.0070183536158716,0.992981646384128
"t47",0.0427062196558748,0.957293780344125
