accepted_species,0,1
t435,0.34943219411708304,0.650567805882917
t443,0.14383272987152873,0.8561672701284713
t461,0.34943219411708304,0.650567805882917
t485,0.14383272987152873,0.8561672701284713
t487,0.34943219411708304,0.650567805882917
t494,0.0971023924290878,0.9028976075709122
t496,0.34943219411708304,0.650567805882917
t497,0.34943219411708304,0.650567805882917
t511,0.34943219411708315,0.6505678058829168
t512,0.34943219411708315,0.6505678058829168
