accepted_species,0,1
t435,0.377739011658651,0.622260988341349
t443,0.3682100985211094,0.6317899014788906
t461,0.38638119162992146,0.6136188083700785
t485,0.3233134546531492,0.6766865453468508
t487,0.40703453731156736,0.5929654626884326
t494,0.27367173445814985,0.7263282655418501
t496,0.3936651009188291,0.6063348990811709
t497,0.3936651009188291,0.6063348990811709
t511,0.40393750208384815,0.5960624979161518
t512,0.40393750208384815,0.5960624979161518
