accepted_species,0,1
t435,0.121068,0.878932
t443,0.121068,0.878932
t461,0.23596907,0.76403093
t485,0.12122285,0.87877715
t487,0.14950341,0.8504966
t494,0.17657334,0.82342666
t496,0.06525701,0.934743
t497,0.06525701,0.934743
t511,0.06525701,0.934743
t512,0.06525701,0.934743
