"accepted_species","estimate"
"Galium_album",-0.386657871707653
"Galium_aparine",-0.386657871707653
"Galium_divaricatum",-0.386657871707653
"Galium_lucidum",-0.386657871707653
"Galium_mollugo",-0.386657871707653
"Galium_parisiense",-0.386657871707653
"Galium_saxatile",-0.386657871707653
"Galium_triflorum",-0.386657871707653
"Galium_uliginosum",-0.386657871707653
"Galium_verum",-0.386657871707653
