"accepted_species","estimate"
"t63",0.0343048593328075
"t14",-0.267647566179829
"t57",-1.19082935841859
"t70",-1.21637149262893
"t97",-1.21637149262893
"t98",-1.21637149262893
"t64",-1.55005310484656
"t9",-1.13825062879214
"t58",-1.13825062879214
"t59",-1.13825062879214
