"","Alpha","Theta"
"1",0.576446960536468,-0.740922377444804
