accepted_species,0,1
t43,0.5559831238177984,0.4440168761822016
t25,0.551847454532343,0.44815254546765704
t64,0.5876698245196577,0.41233017548034234
t96,0.6184503485729902,0.38154965142700975
t93,0.5189985308306062,0.48100146916939374
t36,0.523365613067176,0.47663438693282406
t8,0.5265063625762929,0.4734936374237071
t63,0.5837215538742171,0.41627844612578285
t32,0.5518228132661984,0.44817718673380164
t27,0.5519483757456052,0.4480516242543948
