accepted_species,0,1
t43,0.53367263,0.46632737
t25,0.54053897,0.45946103
t64,0.5284123,0.47158772
t96,0.6869856,0.31301442
t93,0.5090216,0.49097842
t36,0.5100019,0.48999807
t8,0.5100019,0.48999807
t63,0.5100019,0.48999807
t32,0.59842354,0.40157646
t27,0.59842354,0.40157646
