accepted_species,estimate
t50,1.1315854
t51,0.7131026
t108,1.0340345
t138,1.0055016
t139,1.0055016
t102,1.2273628
t24,1.0095345
t144,1.1918026
t111,1.3600731
t9,0.98805666
t128,0.5322082
t129,0.5322082
t85,0.12925947
t39,0.20222583
