accepted_species,0,1
Asclepias_asperula,0.28103584,0.71896416
Gentiana_macrophylla,0.49164915,0.50835085
Gentiana_septemfida,0.5016209,0.49837914
Gentiana_sino-ornata,0.6804673,0.3195327
Gentiana_straminea,0.5017772,0.49822286
Lomatogonium_carinthiacum,0.7964281,0.20357193
Swertia_perennis,0.7964281,0.20357193
Galium_album,0.42105174,0.57894826
Galium_aparine,0.48628664,0.51371336
Coprosma_petriei,0.40803415,0.59196585
