accepted_species,0,1
Asclepias_asperula,0.32266897,0.67733103
Gentiana_macrophylla,0.49994493,0.5000551
Gentiana_septemfida,0.5220566,0.4779434
Gentiana_sino-ornata,0.5220566,0.4779434
Gentiana_straminea,0.49994493,0.5000551
Lomatogonium_carinthiacum,0.77149737,0.22850266
Swertia_perennis,0.77149737,0.22850266
Galium_album,0.5058534,0.49414662
Galium_aparine,0.53460896,0.465391
Coprosma_petriei,0.48248428,0.5175157
