accepted_species,estimate
t54,0.15742368230489978
t23,0.1395304081428087
t91,1.2271994973755327
t1,-0.1926970736679482
t41,-0.7448703439253817
t21,-0.35121825760405895
t73,-0.11551129732499353
t82,-0.01945577900066985
t46,-0.4152006985872282
t14,0.013705105185668875
