accepted_species,estimate
t127,-0.36074668520813846
t53,0.27608617214459596
t85,1.6072071275879316
t54,1.961660624400179
t27,1.9890944921784368
t10,-0.4459585865371876
t21,-0.644242782726178
t31,1.4073968570840003
t73,1.221782684610786
t123,1.897395747455333
t66,-1.0955344012044659
t28,-1.2200116644329695
t8,-0.8853148234519961
