accepted_species,estimate
t127,-0.15826485
t53,0.1389908
t85,1.722899
t54,1.4227879
t27,1.4597882
t10,-0.5016454
t21,-0.42825562
t31,1.2514911
t73,1.2803888
t123,0.94018847
t66,-0.43226328
t28,-0.4413764
t8,-0.585033
