accepted_species,estimate
t127,-0.59644055
t53,0.4978872
t85,1.9325441
t54,1.9325441
t27,1.6122698
t10,-0.30760023
t21,0.5020906
t31,0.8779202
t73,0.9517426
t123,0.92692834
t66,-0.025459692
t28,0.040300142
t8,-0.697848
