accepted_species,0,1
t26,0.19976286761370232,0.8002371323862977
t27,0.19976286761370232,0.8002371323862977
t43,0.19976286761370232,0.8002371323862977
t63,0.19976286761370232,0.8002371323862977
t65,0.19976286761370232,0.8002371323862977
t98,0.19976286761370232,0.8002371323862977
t103,0.19976286761370232,0.8002371323862977
t104,0.19976286761370232,0.8002371323862977
t107,0.19976286761370232,0.8002371323862977
t114,0.19976286761370232,0.8002371323862977
t115,0.19976286761370232,0.8002371323862977
