accepted_species,0,1
t26,0.22361746411734185,0.7763825358826582
t27,0.22350286676094655,0.7764971332390534
t43,0.2238253513541285,0.7761746486458715
t63,0.2238459361981041,0.7761540638018959
t65,0.22405567986782404,0.775944320132176
t98,0.22360100345273215,0.7763989965472679
t103,0.22363726613542645,0.7763627338645736
t104,0.22356958973921626,0.7764304102607837
t107,0.22401192419772298,0.775988075802277
t114,0.22389452978714808,0.7761054702128519
t115,0.22380847428288075,0.7761915257171192
