accepted_species,0,1
t26,0.010142565,0.98985744
t27,0.010142565,0.98985744
t43,0.03711629,0.9628837
t63,0.03711629,0.9628837
t65,0.010142565,0.98985744
t98,0.010142565,0.98985744
t103,0.010142565,0.98985744
t104,0.010142565,0.98985744
t107,0.03711629,0.9628837
t114,0.010142565,0.98985744
t115,0.03711629,0.9628837
