"accepted_species","estimate"
"t88",0.26828829798586
"t6",0.176736020788006
"t47",0.176736020788006
"t48",0.176736020788006
"t25",0.232309329046793
"t60",0.206916299259954
"t74",0.206916299259954
"t75",0.206916299259954
"t44",0.206916299259954
"t45",0.206916299259954
