"","V_1","V_2","V_3","V_4","V_5","V_6","V_7","V_8","V_9","V_10","V_11","V_12","V_13","V_14","V_15","V_16","V_17","V_18","V_19","V_20","V_21","V_22","V_23","V_24","V_25","V_26","V_27","V_28","V_29","V_30","V_31","V_32","V_33","V_34","V_35","V_36","V_37","V_38","V_39","V_40","V_41","V_42","V_43","V_44","V_45","V_46","V_47","V_48","V_49","V_50","V_51","V_52","V_53","V_54","V_55","V_56","V_57","V_58","V_59","V_60","V_61","V_62","V_63","V_64","V_65","V_66","V_67","V_68","V_69","V_70","V_71","V_72","V_73","V_74","V_75","V_76","V_77","V_78","V_79","V_80","V_81","V_82","V_83","V_84","V_85","V_86","V_87","V_88","V_89"
"t15",-0.169217541384923,-0.062841201752809,-0.0634603473106203,0.0882420861510622,-0.0656772020335099,0.149058432194758,-0.00215521828971998,0.00106554209440978,-0.0026201136797174,0.281660300083669,-0.00184959716491075,9.72877264265734e-05,-0.00912143807977231,-0.00251154844597391,0.00231705361421577,-0.000946812125502671,0.000639438506033675,-1.81139071501987e-05,0.0184274379868672,-5.66437481080926e-05,0.000807599651533455,-7.55587920304135e-06,0.002910094589755,-0.000320206644422549,0.00150666724649815,-0.000255524780541417,0.000135618291058578,-0.000400398891691205,-0.00243477803770135,0.00406479260469419,-0.805264560118249,3.98951303179766e-16,0.005287239917062,-0.00103216597055257,0.000117918910398689,0.000742281554228961,-0.435494537464168,5.66017445581139e-05,0.000337922701507211,0.000105842580081224,1.22760002654308e-15,-0.000126769116779597,-0.000495933754168209,-1.62455077069948e-05,0.00198224658472452,-1.80791392097175e-16,-0.000143356017175573,-4.96970075245983e-05,8.54989021789184e-18,7.57091421287839e-07,0.000652200141642774,-1.2772669650999e-05,-7.27290309340225e-05,2.92458001251415e-06,6.43050729074537e-07,0.000119429537311964,-3.22886540339252e-18,-4.44950998271647e-05,-1.97301696114658e-19,5.01359177984269e-18,0.00027984980356643,1.32224881244745e-07,2.91832428761627e-17,1.79434929080032e-16,-1.41884355422871e-17,2.15027896164157e-18,-3.82889755808184e-17,4.4285266348198e-18,3.82669506156542e-07,-7.69843362060272e-06,-1.20435327602924e-17,4.53894507138503e-16,-4.85694612871774e-18,1.89670441554092e-05,-7.93342150435193e-06,-2.56004081330306e-17,5.40960925422742e-17,-5.01833275485528e-17,-3.62283288125503e-17,-3.12174843395736e-16,-3.45053277106167e-17,3.05871858998287e-17,-2.48441572277581e-16,-4.54463630374967e-17,-2.33189857490767e-17,2.71221740758367e-17,-1.03699063460072e-16,-1.22463413959503e-16,4.7682210831638e-18
"t9",-0.173249632954424,-0.0650521942932185,-0.0674206053626033,0.094233099840125,-0.070697490629225,0.16143353916891,-0.00233518715187816,0.00121698555576858,-0.0032406057517696,0.351079799338604,-0.00232367877305875,0.000130799605844559,-0.0139207331494375,-0.00403658947807649,0.00375049000081868,-0.00269433528160579,0.00224518651697458,-7.30001396607948e-05,0.0985568090587095,-0.000812521427972079,-0.00931867625659653,8.87841462322845e-06,-0.00183458324501728,0.000145687747164188,-0.000191774323757466,-1.94933171823093e-05,1.55138273106842e-05,-7.14660295139968e-05,-0.000438581484625738,0.00100459339995415,-0.22851882892375,5.66720873590156e-16,0.00196355224689769,-0.000410262303249755,4.70709215097838e-05,0.000295596320358557,0.851239668387442,7.60097472970328e-05,0.000180070954316138,5.54375353796474e-05,-2.70676335105517e-15,-6.7923095511463e-05,-0.000266978451605503,-8.76998895750997e-06,0.00108044935293827,-2.01190695428262e-16,-7.87579580975782e-05,-2.79598018111547e-05,-1.13797065744409e-17,4.37267194447785e-07,0.000389362433898459,-7.64033310005171e-06,-4.38780099213291e-05,1.76903998230826e-06,3.89496134484869e-07,7.31318580927217e-05,3.71372608661775e-17,-2.7301354462286e-05,9.11446871259533e-17,-1.05861820797973e-16,0.000174686727645601,8.27406520427248e-08,-1.00201123011987e-16,1.08885972395591e-16,-3.6959355287663e-17,1.46670618457821e-17,-5.53489540283076e-17,-3.2208721429091e-17,2.45466769058719e-07,-4.94405392616067e-06,3.1825854115475e-17,-1.02693076980963e-16,2.63059568902536e-17,1.24144844669036e-05,-5.20158366752345e-06,3.20917835946969e-17,-1.13079799215632e-16,-7.89748071273384e-18,-3.1163604433855e-17,-1.95631571292242e-17,-2.3699363663346e-18,2.2296803185678e-17,1.27836373200349e-16,-1.00878779350849e-17,-3.34357900178854e-17,2.76878368684647e-17,3.86930445751949e-17,9.74574517896247e-18,-1.92765646540422e-17
"t60",-0.177594516507166,-0.0674344102610097,-0.0716863663228834,0.100685931141434,-0.0761043322093678,0.174760698693002,-0.00252900068565057,0.00137999988956513,-0.00390808531372683,0.425752021377798,-0.00283360419749484,0.00016682935547403,-0.0190771292723409,-0.00567472379759617,0.00529018011029785,-0.00456848466732209,0.0039667390061272,-0.000131834933216729,0.184428165307326,-0.00162219104974971,-0.0201597316892918,2.64405348716563e-05,-0.00689950928604955,0.000642725603420338,-0.00199992950419134,0.000230998708858561,-0.000111821436618557,0.000276467619154816,0.00167277052735901,-0.00221928359611307,0.376938118786267,-6.32189122776121e-16,-0.00144678895756956,0.000209012221658207,-2.31550247862794e-05,-9.98060023095653e-05,-0.207044829185728,-1.79793596419317e-05,-2.94063510126542e-05,-7.27969556155061e-06,6.88825991521744e-16,-9.80863692291908e-07,-7.39044794212379e-06,-3.09258914256584e-07,6.50909969306987e-05,-4.54705498346206e-17,-6.27862750112613e-06,-3.76214652863485e-06,-3.54096664831508e-16,8.33716871694655e-08,0.00010007753432401,-1.99307481255812e-06,-1.2167182869631e-05,4.99364103360294e-07,1.10942158023494e-07,2.23324976284721e-05,1.17966567633879e-16,-8.4399046640239e-06,2.34319536572286e-16,-1.79827947027792e-16,5.95208971833415e-05,2.85619804717565e-08,-1.46488105901165e-15,-1.60357080744387e-15,-7.51920811128458e-16,5.29369749052414e-16,-4.81551441105469e-16,-6.62246914604929e-16,9.55589509511669e-08,-1.93488670648223e-06,2.75441712078017e-16,0.707106781186548,8.81017546913736e-15,5.26547967310832e-06,-2.22142189442535e-06,1.33029612611259e-14,-1.49820765640477e-15,-1.84704931426732e-15,2.65181251121254e-17,2.05359773093256e-16,3.74787563900767e-17,5.02329797564399e-16,-2.25113477521323e-16,1.53468225023596e-16,1.86074646499796e-16,1.49393758822599e-16,2.5371382326035e-16,-4.23612928561395e-17,3.73784445838188e-17
"t61",-0.177594516507166,-0.0674344102610098,-0.0716863663228836,0.100685931141434,-0.0761043322093679,0.174760698693002,-0.00252900068565048,0.00137999988956524,-0.00390808531372691,0.425752021377798,-0.00283360419749493,0.000166829355474018,-0.0190771292723409,-0.00567472379759621,0.00529018011029782,-0.00456848466732237,0.00396673900612714,-0.000131834933216881,0.184428165307326,-0.00162219104974984,-0.0201597316892923,2.644053487187e-05,-0.00689950928604995,0.000642725603421079,-0.00199992950419129,0.000230998708859077,-0.000111821436618069,0.000276467619154802,0.00167277052735918,-0.00221928359611341,0.376938118786267,-2.13266502262952e-16,-0.00144678895756963,0.000209012221657925,-2.31550247858867e-05,-9.98060023097366e-05,-0.207044829185729,-1.79793596424652e-05,-2.94063510128783e-05,-7.27969556155885e-06,6.09303634668551e-16,-9.80863692445167e-07,-7.39044794029184e-06,-3.09258914442562e-07,6.50909969300193e-05,3.59933093764255e-16,-6.27862750109968e-06,-3.76214652895799e-06,3.40065110639321e-16,8.33716872229473e-08,0.000100077534324368,-1.99307481311631e-06,-1.21671828679321e-05,4.99364103409153e-07,1.10942158556298e-07,2.23324976289212e-05,-5.54525124841222e-17,-8.43990466438853e-06,-1.81025269122435e-16,1.88748860321101e-16,5.9520897183671e-05,2.85619799936608e-08,1.32635437592496e-15,1.17424563317646e-15,7.20975114477408e-16,-5.74345940303428e-16,4.4865557459792e-16,6.72560348071929e-16,9.55589404277207e-08,-1.93488671363682e-06,-3.33409972555567e-16,-0.707106781186547,-8.72289636712615e-15,5.26547967404157e-06,-2.22142189560826e-06,-1.32372373847546e-14,1.38566438775551e-15,1.9464120729513e-15,-1.33115744521815e-16,-5.78802464602397e-16,-2.57786998052604e-17,-4.4291449556633e-16,1.72247744064707e-16,-2.32529385224794e-16,-2.24654148568743e-16,-9.10176883944165e-17,-5.14686185824901e-16,-1.35623910466681e-16,-6.30964917597461e-17
"t83",-0.184124649431819,-0.0714009650437712,-0.0808984484889577,0.115419516626778,-0.0896069833248674,0.210517945645239,-0.0030518004579318,0.00238627309576277,0.00455548244902364,-0.329413607033018,0.00146408708370011,3.37419006602757e-05,-0.00862525451974892,-0.00279626775139923,0.002630867833129,-0.00299989609086287,0.00274066355348739,-9.37933048981651e-05,0.138263732788211,-0.00137023034870481,-0.0213370812641088,-1.49943407620026e-05,0.000216916976980375,3.63688712987776e-05,-0.000309048457669196,3.70227588297856e-05,-1.70721152102838e-05,3.55932684927787e-05,0.000213928536509325,-0.000172348871948511,0.0117549620293113,-4.96771572736658e-16,0.000332520261870408,-9.67180054969983e-05,1.13644958329495e-05,9.01647441019124e-05,-9.03425030943095e-05,1.11666554062532e-05,5.61681393294317e-05,1.84486241235892e-05,7.37266316275769e-16,-4.3296859430625e-05,-0.499305417104588,8.29836583618509e-07,0.000297617598759504,-1.37019418669933e-15,-2.54851473055273e-05,-1.0597206694243e-05,-3.67336212439888e-17,1.79998359990849e-07,0.000172773696359082,-3.40383095001228e-06,-1.98794984925801e-05,8.055181901002e-07,1.77808415557102e-07,3.40690203752763e-05,1.74381785811981e-17,-1.27652380047202e-05,1.87202372983686e-16,2.16799442738133e-16,8.41848240855065e-05,4.00426174953133e-08,1.13566007227296e-16,-6.44349470104218e-16,-1.13466717432502e-16,9.08636290185291e-17,1.24579182320694e-16,2.07138532903862e-16,1.23757040482503e-07,-2.49736011693313e-06,2.90892682839215e-16,-1.45679948383755e-16,1.30261334349962e-16,6.46088043066639e-06,-2.71424606842446e-06,4.5513044627458e-16,-1.01260255206007e-15,3.98278397158907e-17,-3.56973771773462e-16,-6.98800123953363e-17,1.33300940127213e-15,2.06006601404289e-15,0.707106781186547,3.86410651025321e-15,-1.39612115665553e-15,1.44373141257785e-16,-4.16345986731111e-16,6.3225172867246e-16,-1.88896719926024e-16
"t84",-0.184124649431819,-0.0714009650437712,-0.0808984484889573,0.115419516626778,-0.0896069833248676,0.210517945645239,-0.00305180045793176,0.00238627309576285,0.00455548244902368,-0.329413607033018,0.00146408708370012,3.37419006604241e-05,-0.00862525451974895,-0.00279626775139948,0.0026308678331292,-0.0029998960908629,0.00274066355348762,-9.37933048980098e-05,0.138263732788211,-0.00137023034870477,-0.0213370812641091,-1.49943407620139e-05,0.000216916976980082,3.6368871299011e-05,-0.000309048457669204,3.70227588296411e-05,-1.70721152101296e-05,3.5593268492878e-05,0.000213928536509101,-0.000172348871948158,0.0117549620293113,-4.40839895448354e-16,0.000332520261870178,-9.67180054968913e-05,1.1364495832412e-05,9.01647441017785e-05,-9.03425030936433e-05,1.11666554061428e-05,5.61681393295257e-05,1.84486241235924e-05,-2.64190222177504e-16,-4.329685943099e-05,-0.499305417104588,8.29836583757707e-07,0.000297617598759159,-1.72690095859686e-15,-2.54851473056518e-05,-1.05972066944257e-05,5.71561516820956e-17,1.7999835926962e-07,0.000172773696359309,-3.40383095006329e-06,-1.98794984929749e-05,8.0551818952721e-07,1.77808415599901e-07,3.40690203747925e-05,-3.08103259504783e-17,-1.2765238004602e-05,2.38692062899755e-16,-1.60210999841886e-16,8.41848240844127e-05,4.0042617803974e-08,3.60563452727548e-17,7.92029216042141e-17,-5.88017512854756e-17,-4.36928366681836e-17,-8.99771316109306e-17,-2.70535198611089e-16,1.23757040671917e-07,-2.4973601174307e-06,-3.09182589699445e-16,-9.03000059052746e-16,-3.2119025269812e-16,6.46088043082034e-06,-2.71424606913265e-06,-4.12045582212289e-16,1.02193686885487e-15,7.95910142511072e-17,1.97919395673029e-16,-7.80381074768753e-16,-1.19359075213297e-15,-2.10242693147336e-15,-0.707106781186547,-3.77472059030178e-15,1.34083178215874e-15,-1.13000458031363e-16,2.3061580725606e-16,-8.56935958870407e-16,3.52165036947705e-16
"t77",-0.184033452726449,-0.0713499215412096,-0.0808011216794719,0.115269990701254,-0.0894783316117312,0.210193579692986,-0.00304707507179602,0.00238058692110596,0.0045398191270792,-0.328250705440211,0.00145878486740962,3.35954529970786e-05,-0.00857849959447335,-0.00278009063925102,0.0026155237834125,-0.00297534642395402,0.00271695757521061,-9.29594533506768e-05,0.136982216468446,-0.00135663335615922,-0.0211092934625851,-1.47975650167706e-05,0.000213779030858086,3.58154550724936e-05,-0.000303577255082696,3.62418887853953e-05,-1.66947488184517e-05,3.47275951975544e-05,0.000208710970042033,-0.00016754472974825,0.0113946773716505,4.0448649895581e-16,0.000317961283758141,-9.15068601516137e-05,1.07392289528788e-05,8.38861003366891e-05,-8.25266159760751e-05,1.01823030563821e-05,4.9808329934311e-05,1.60314081923353e-05,-3.13840414145662e-16,-6.64115438805463e-06,0.500692881289992,-7.43084998638639e-06,0.000533954731745134,1.31247716586331e-15,-3.62355795551729e-05,-1.24343832891505e-05,-1.60430345796447e-16,1.98514143695275e-07,0.000184164611194435,-3.62326138184402e-06,-2.10468027971394e-05,8.51536139616046e-07,1.87825728533551e-07,3.5790521112222e-05,9.8376262587634e-17,-1.33978841662436e-05,-1.77254621742592e-16,1.08974775286264e-16,8.77519341378839e-05,4.17033628757831e-08,2.26949068778347e-16,-2.73578495688483e-16,1.64918509611905e-16,5.84029799804862e-17,-1.91527225067341e-16,-2.47944005671566e-16,1.27944692065397e-07,-2.58108958680262e-06,-2.83834363919233e-16,3.74647282843261e-16,4.9217201769572e-17,6.64846570428246e-06,-2.79206258171995e-06,-3.91217856914694e-16,8.29598355162405e-16,-5.8359049018471e-16,6.19008829304561e-15,0.707106781186549,-3.9500134274651e-15,7.51701126545202e-16,-6.32696610666046e-16,1.84777028393784e-15,1.33498573501465e-15,-4.21220316950975e-16,-2.29006688679796e-16,6.76545695204654e-17,-4.07216113885817e-17
"t78",-0.184033452726449,-0.0713499215412097,-0.0808011216794718,0.115269990701254,-0.0894783316117311,0.210193579692986,-0.00304707507179597,0.00238058692110597,0.00453981912707917,-0.328250705440211,0.00145878486740963,3.35954529970399e-05,-0.00857849959447327,-0.00278009063925111,0.00261552378341253,-0.00297534642395394,0.00271695757521055,-9.29594533506892e-05,0.136982216468446,-0.00135663335615936,-0.0211092934625854,-1.47975650172962e-05,0.000213779030857635,3.58154550731029e-05,-0.000303577255082817,3.62418887853054e-05,-1.66947488183439e-05,3.47275951973765e-05,0.000208710970041842,-0.000167544729747892,0.0113946773716505,5.37808874424546e-16,0.000317961283758304,-9.15068601519317e-05,1.07392289530182e-05,8.38861003367621e-05,-8.25266159752425e-05,1.01823030563948e-05,4.98083299341036e-05,1.60314081920872e-05,-4.88895707603816e-17,-6.64115438819664e-06,0.500692881289994,-7.4308499860683e-06,0.000533954731745513,1.84279837168549e-15,-3.62355795554993e-05,-1.24343832889251e-05,1.73750976198207e-16,1.98514143977064e-07,0.000184164611194571,-3.62326138217638e-06,-2.10468027970713e-05,8.51536139546801e-07,1.87825728614716e-07,3.57905211119964e-05,3.05811946049184e-17,-1.33978841662879e-05,-1.70261183774905e-16,-2.46292065431873e-16,8.77519341375968e-05,4.17033634477378e-08,-4.56956951444822e-16,5.04334713386531e-16,-1.02832099895052e-16,-1.22367462061034e-16,-3.97248084706589e-18,3.57831223447042e-16,1.27944693312585e-07,-2.58108958736975e-06,2.88415081733505e-16,1.00649177965542e-15,2.22028899669894e-16,6.64846570758486e-06,-2.79206258311848e-06,3.77500919843526e-16,-8.7317586876635e-16,3.68185589684577e-16,-6.20563993657383e-15,-0.707106781186547,3.73533277855064e-15,-6.81704829086124e-16,1.28740948441582e-16,-1.97772923576431e-15,-1.3437144547803e-15,5.11177089588221e-16,-1.28253156282015e-16,-1.3081198710343e-16,-1.23976246756824e-16
"t18",-0.163229646483215,-0.0595237121470343,-0.0574388562201222,0.0791312364906103,-0.0580570043129028,0.130341409235477,-0.0018831135222855,0.000885369696014326,3.6070268813998e-05,0.00886767893068568,-9.09349554389684e-05,-1.21710425009776e-05,0.00773134410106036,0.0030935575305104,-0.00298518740631992,0.00921731014070666,-0.00996447778826977,0.000371595487243562,-0.626765963377704,0.00785905067991415,0.162226444046053,0.000391831892900649,-0.046457446735692,0.00337229625483798,-0.00613061944711019,0.000427762504054451,-0.000180028666299033,0.000323007794223298,0.00193400803870365,-0.00133501706519268,0.0836617848875033,0.707106781186548,0.00191288990324313,-0.000513842019756612,5.99623817579414e-05,0.000444830327686076,-0.000424209968040268,5.22313348615296e-05,0.000250539504002269,8.02409461149595e-05,1.30475673955288e-15,-0.000107543069625692,-0.000736726437782751,-1.3993856163498e-05,0.00173938884376465,-3.13831972001761e-16,-0.00012757543354249,-4.59533662540357e-05,-5.29230514688857e-16,7.26510900108489e-07,0.000651985385195402,-1.27973384893181e-05,-7.35688174064335e-05,2.96680323082095e-06,6.53284604744552e-07,0.000122733331658183,-2.05099155503148e-17,-4.58207082305724e-05,1.45901484147317e-16,1.50902861643553e-17,0.000293092541451174,1.38803049097517e-07,-2.11357104309488e-16,-2.78555554851968e-17,-1.41344924039276e-16,1.94779347504572e-16,-5.06195215637344e-17,-5.3487810892868e-17,4.10585454655069e-07,-8.26810768441098e-06,-5.70982669879718e-17,-4.03451737309031e-17,1.04234184301544e-16,2.06774638073596e-05,-8.65992986533725e-06,1.70731978936401e-16,1.42860074550838e-16,-2.21119923009519e-16,-5.07224750856141e-17,-7.4614229817664e-17,-3.78544455481482e-18,1.53669951155337e-18,-1.01969624456847e-16,1.19170069251714e-16,4.43236852209423e-17,7.88437728781351e-17,-3.04487131091687e-16,-3.70042798637238e-17,5.08858426679372e-18
"t3",-0.163229646483215,-0.0595237121470343,-0.0574388562201222,0.0791312364906104,-0.0580570043129028,0.130341409235477,-0.00188311352228555,0.000885369696014335,3.60702688139737e-05,0.00886767893068574,-9.09349554389588e-05,-1.21710425008189e-05,0.00773134410106063,0.00309355753051038,-0.00298518740631988,0.00921731014070706,-0.00996447778827005,0.000371595487243628,-0.626765963377704,0.00785905067991452,0.162226444046053,0.000391831892900462,-0.0464574467356916,0.00337229625483726,-0.00613061944710981,0.000427762504052992,-0.000180028666301567,0.000323007794221707,0.00193400803870549,-0.00133501706519168,0.0836617848875022,-0.707106781186549,0.00191288990324599,-0.000513842019756382,5.99623817596632e-05,0.00044483032768652,-0.000424209968039796,5.22313348654908e-05,0.000250539504001884,8.02409461149758e-05,-7.56594812303359e-16,-0.000107543069624336,-0.000736726437781859,-1.39938561661016e-05,0.00173938884376399,3.13382657094935e-16,-0.000127575433542525,-4.59533662540755e-05,6.62557169458755e-16,7.26510899295005e-07,0.000651985385195294,-1.27973384897561e-05,-7.35688174059994e-05,2.96680323081148e-06,6.53284603282053e-07,0.00012273333165817,-2.39245946351351e-16,-4.58207082308526e-05,-7.73125699781119e-17,-1.22236213656607e-16,0.000293092541450564,1.38803048929701e-07,3.68057761696572e-17,6.19324781709559e-17,1.98022883406979e-16,-1.57905604464892e-16,-3.89432366382613e-17,2.11269443178566e-16,4.10585454777667e-07,-8.26810768410218e-06,-4.67349268009441e-17,-9.97489898661787e-17,-4.56756397281326e-17,2.067746380794e-05,-8.65992986537854e-06,-5.04502139386825e-17,-2.00340423210771e-16,2.42888969111234e-16,1.18836450820085e-16,2.41238486836967e-16,8.66823089976876e-18,1.66879669752293e-16,6.31831701573129e-18,-2.18153277048879e-16,-9.94439107494325e-17,-6.40468522001403e-18,7.84780255833205e-17,-2.76599499888711e-16,-1.94042788592099e-17
"t44",-0.170208477869414,-0.0624037645100514,-0.050553669901389,0.0580677959505814,-0.00695613256750392,-0.316278921175295,0.00568084327281724,0.0023767079560657,0.00106593573087302,-0.0149036525069728,-0.000335240563674691,8.54134490056134e-05,-0.011180688598053,-0.00329929850751597,0.00306942379349207,-0.00173646467690837,0.00117305121629586,-3.18520287548306e-05,0.025144854762881,0.000223662678171112,0.0148314975141683,0.000147401008542397,-0.0445527447488522,0.584649387300443,0.000590913000141104,3.66154299410006e-05,-1.93660884290174e-05,4.4294583961295e-05,0.00026634757414274,-0.000187351980671099,0.00211118859209626,-4.09885867916929e-16,0.000651971606447742,-0.000179188117475662,2.09855690049713e-05,0.000162571423830216,-1.99404741043213e-05,1.99367538116291e-05,9.99078611707049e-05,3.28163080467044e-05,-1.95579920149521e-16,-6.1865125291778e-05,-3.81835009044839e-05,-1.03412536311123e-05,0.0703333812535883,5.12781096881602e-16,9.12391383953658e-06,-1.29170927676071e-05,-3.8440837630801e-17,2.4984910911328e-07,0.000248754640740865,-4.90519167002938e-06,-2.87351967288854e-05,1.16514522949059e-06,2.5727166658965e-07,4.93762442080538e-05,-3.76061276756778e-16,-1.85035942334437e-05,-6.95511274670788e-17,2.57414373693958e-15,0.000122015963087328,5.80257756549421e-08,-8.10300239233377e-15,-0.707106781186548,-7.80067590966706e-15,8.7490972310281e-15,9.07137642848455e-16,2.07101780704586e-15,1.78656846001497e-07,-3.60430872524214e-06,-3.71607542733405e-15,-1.28858653694719e-15,7.78415480460241e-16,9.2806325790695e-06,-3.89694307839807e-06,2.49107301858991e-15,2.86884405704554e-16,5.63947621151418e-16,5.61827924353231e-16,-4.11718697702264e-17,-1.256846416861e-16,-1.92164691721045e-16,-1.3595472438251e-16,-6.57281517936318e-16,-1.74326354885983e-16,-8.24591520772308e-18,-6.72772092886908e-17,-2.45218626844186e-16,3.69065721677764e-17
"t45",-0.170208477869414,-0.0624037645100515,-0.050553669901389,0.0580677959505814,-0.00695613256750392,-0.316278921175296,0.00568084327281719,0.00237670795606582,0.00106593573087294,-0.0149036525069728,-0.000335240563674528,8.54134490056388e-05,-0.0111806885980532,-0.00329929850751585,0.00306942379349198,-0.00173646467690826,0.00117305121629587,-3.18520287550674e-05,0.0251448547628808,0.000223662678171137,0.0148314975141688,0.000147401008542385,-0.0445527447488522,0.584649387300443,0.000590913000141195,3.66154299408779e-05,-1.9366088428871e-05,4.42945839612854e-05,0.000266347574142812,-0.000187351980671251,0.00211118859209673,-4.32401173042212e-16,0.000651971606447813,-0.000179188117475606,2.0985569004614e-05,0.00016257142383042,-1.99404741044757e-05,1.99367538113213e-05,9.99078611705307e-05,3.28163080470705e-05,5.26385468754421e-16,-6.18651252917164e-05,-3.81835009052763e-05,-1.03412536315017e-05,0.0703333812535889,5.78899091488643e-16,9.12391383991931e-06,-1.29170927673373e-05,1.23390227043208e-17,2.49849109113886e-07,0.000248754640740353,-4.90519167006885e-06,-2.8735196728543e-05,1.16514522946796e-06,2.57271666505522e-07,4.93762442086059e-05,5.46408774553838e-16,-1.85035942333899e-05,9.29804715108517e-18,-2.53849769818751e-15,0.000122015963088598,5.8025775711662e-08,7.97088874774802e-15,0.707106781186548,7.8715829882448e-15,-8.63477275453679e-15,-1.08438214286717e-15,-1.90744043945367e-15,1.78656852248504e-07,-3.60430871869778e-06,3.72770150651889e-15,1.74764768942961e-15,-6.01176561213345e-16,9.28063257997903e-06,-3.89694307818898e-06,-2.50210131742262e-15,6.00423479697681e-17,-6.16721363758328e-16,-9.1414086417737e-16,7.28063177215949e-16,-6.12365293490486e-17,1.43542878861878e-16,4.59536456238841e-16,5.57864592506831e-16,1.04388913856044e-16,5.22786451690422e-18,-9.77228243199698e-17,-8.20701968758938e-17,-5.39569019058383e-18
"t93",-0.174405167420608,-0.0646670147645779,-0.0537773442955962,0.0620894023238442,-0.00749712399189516,-0.342942226481538,0.00616246709562052,0.00271407308948404,0.00131224598573887,-0.0184799350220931,-0.000418715511485895,0.000113467897391216,-0.0166047796242609,-0.00512164195639447,0.00479352722355217,-0.00421866892721816,0.00329960102947219,-9.80862006513049e-05,0.0919268640617167,0.00127313448980547,0.326367566481975,-0.000246307156526785,0.0358070290266924,-0.32316973808236,-6.60560078226125e-05,5.56132754105446e-06,-3.90450676817158e-06,1.27034458401419e-05,7.69795905083692e-05,-7.16605797991543e-05,0.00092326226615837,4.41630891050552e-17,0.000390439195157521,-0.000121531580658661,1.43968139367122e-05,0.000125755341348593,-1.7076771841099e-05,1.72201236671701e-05,9.64943850296079e-05,3.37743316688051e-05,-9.88662379174165e-17,-0.000122544020510602,-8.80414286518888e-05,-2.65950856607124e-05,0.329309662211457,2.38625076871278e-15,0.000248904179018218,1.46983654885132e-05,5.54431785850592e-16,-4.46798851190576e-08,4.27035681215826e-05,-9.04736369928931e-07,-6.72760088796936e-06,2.88686571320394e-07,6.54856023419681e-08,1.50156537459395e-05,-9.80271232133759e-17,-5.78003785499034e-06,2.75956873367947e-16,-3.67415511153109e-18,4.56251524288687e-05,2.21477062873401e-08,4.3147777134949e-16,-6.81541610440836e-17,1.61388814926828e-16,-7.68961235323054e-17,-6.80016211049102e-17,-3.29448258945481e-16,8.02274137279985e-08,-1.62868210207712e-06,3.39185058132981e-17,7.47350337036272e-17,-1.89556053121365e-16,4.58039696166548e-06,-1.93685141419708e-06,-2.65329600863964e-16,-4.06940808521858e-16,1.2089353594222e-16,1.92931705848472e-16,1.03676972884776e-16,2.41106137012187e-16,-3.02936502033826e-16,-7.36318836319761e-16,-2.28146396308013e-16,9.89253179507274e-17,9.1050362149019e-16,-0.707106781186549,3.25453133576931e-15,2.17836347990114e-15
"t94",-0.174405167420608,-0.0646670147645779,-0.0537773442955962,0.0620894023238443,-0.00749712399189514,-0.342942226481538,0.00616246709562041,0.00271407308948404,0.00131224598573926,-0.018479935022093,-0.000418715511485868,0.000113467897391278,-0.0166047796242609,-0.00512164195639442,0.00479352722355224,-0.00421866892721817,0.00329960102947214,-9.8086200651284e-05,0.0919268640617168,0.00127313448980546,0.326367566481975,-0.000246307156526784,0.0358070290266925,-0.32316973808236,-6.60560078223349e-05,5.56132754100588e-06,-3.904506768025e-06,1.27034458399251e-05,7.69795905082651e-05,-7.16605797990086e-05,0.000923262266158575,-2.09733920855694e-17,0.000390439195157591,-0.000121531580658401,1.43968139367928e-05,0.00012575534134888,-1.70767718413391e-05,1.72201236673464e-05,9.64943850295281e-05,3.37743316685393e-05,-3.74190841325487e-17,-0.000122544020510708,-8.80414286519721e-05,-2.65950856602559e-05,0.329309662211457,2.33965000991101e-15,0.000248904179018142,1.46983654882478e-05,1.74671990099763e-16,-4.46798854232848e-08,4.27035681213606e-05,-9.04736369850001e-07,-6.72760088786528e-06,2.88686571134128e-07,6.54856023774215e-08,1.50156537459395e-05,4.62537896108516e-17,-5.78003785512565e-06,9.83985419874393e-17,-8.53906324339146e-17,4.56251524282303e-05,2.21477061110894e-08,-6.42748186800491e-16,-3.66052910717682e-16,-1.5191580979685e-16,-1.47877074140355e-16,-9.65461485958775e-17,-6.64700373739432e-17,8.02274137821544e-08,-1.62868210190105e-06,-3.58249674290374e-17,-8.56680146912911e-16,1.09373504647402e-16,4.58039696223794e-06,-1.93685141387616e-06,2.83736906073894e-16,1.45532901634319e-16,-1.41581692781266e-16,-1.09358658040685e-16,-3.38426901261916e-16,-1.26610010314994e-16,6.08435308551389e-16,2.4464834978363e-16,2.00553168247695e-16,-8.32460100402404e-17,-8.37806988289413e-16,0.707106781186548,-3.47408574427759e-15,-2.22121798456577e-15
"t20",-0.171090621041955,-0.0628977171818079,-0.0513152607922485,0.0590316683116892,-0.00708860988147396,-0.32291239439152,0.00580080097899394,0.00247128935895698,0.00114489045894722,-0.0160626629201603,-0.000362586824074834,9.53858434292673e-05,-0.013339492148757,-0.00405107419145648,0.00378391769985481,-0.00300344467830767,0.00229998213176538,-6.76227057100347e-05,0.0622809975105489,0.000836598520550834,0.206923547690136,-0.000138264200655649,0.018727174220456,-0.162236071873027,-2.87134992615901e-05,1.93549276372436e-06,-1.26191229373748e-06,3.43543300541818e-06,2.06958084791702e-05,-1.3629887658002e-05,0.000120922193858689,5.3334170185482e-16,-4.47760392833993e-05,3.30437920370782e-05,-4.14936365601671e-06,-5.9882479276358e-05,1.11572612439192e-05,-1.15151728031543e-05,-8.41495193402656e-05,-3.33597028094449e-05,1.82898530640827e-15,0.000242235804025333,0.000188581695979143,5.97700547923727e-05,-0.878253151135247,-6.40738562939602e-15,-0.000771566558101129,-7.95955849251916e-05,-7.74396182813513e-16,7.91233317871059e-07,0.000529817769203855,-1.02713972137342e-05,-5.62218529342878e-05,2.23646913901569e-06,4.89125418748414e-07,8.74009011268551e-05,5.27781114778495e-17,-3.2358091320496e-05,-8.30429859672935e-17,5.42879491250554e-17,0.000194649406038527,9.14898256528673e-08,-9.30028264603685e-17,2.3271377880491e-16,-1.57511633824075e-16,1.18993968340943e-16,1.37517056146114e-16,4.28036415477544e-16,2.54486036098834e-07,-5.11261212692449e-06,-2.70202247483851e-17,2.94115594068721e-16,-1.55220189284914e-17,1.2382363782211e-05,-5.17344024869755e-06,2.5248848493108e-17,-5.07833353809636e-17,4.55188080926268e-17,-4.17105940927385e-17,-3.00824591481885e-16,-4.44295616109769e-17,3.53595642370807e-17,1.21072235480824e-17,1.20101526215338e-18,-1.15820789081287e-17,7.34725818740774e-17,-3.204176255144e-16,-8.78157396846843e-17,-8.02676441566119e-17
"t6",-0.158206081129146,-0.055942590028934,-0.0413909336241307,0.046647278547832,-0.00542197179409745,-0.240747677187151,0.00431661725724386,0.00143026448704826,0.000385441117604302,-0.00503832178449117,-0.000105327739346156,9.17622978186894e-06,0.00319283959474392,0.00148121314068975,-0.00144716658546654,0.00417313960910674,-0.00375146713813556,0.000119105635593764,-0.122911395875921,-0.00197417797556284,-0.584524671904223,0.000543861057714758,-0.0464087491059411,-0.196760693852974,-0.00744553859786951,0.000460660784574782,-0.000188496218437077,0.000315540344427292,0.00188457568094465,-0.00103940981046176,0.0104492118000492,-8.19840800001564e-16,0.00250805347757066,-0.000632054768238485,7.34751485085421e-05,0.000529555904551641,-6.15740371568679e-05,6.13039918118202e-05,0.000291665501110093,9.31934694556329e-05,0.707106781186546,-0.000128931207118921,-7.15944197445979e-05,-1.7666226562224e-05,0.0305541899964216,2.26866628882677e-17,-0.000117352994401097,-4.84007659412866e-05,-8.41812291141687e-17,7.75327706152584e-07,0.000696523733942633,-1.36700527631813e-05,-7.85394075529453e-05,3.16657564898007e-06,6.97193996567369e-07,0.000130846365960363,3.61104214995178e-16,-4.88392979767563e-05,1.37288850854299e-16,-2.7415016403501e-16,0.000311790631132958,1.47613922830931e-07,-1.35163919220921e-17,-2.43266128199022e-16,8.88391603679155e-17,1.6711531235715e-16,2.17005148609992e-16,5.42395304376056e-17,4.35269303794236e-07,-8.76381385404336e-06,2.87946063175511e-16,2.80548411663569e-17,-1.53494137239905e-16,2.18617454731153e-05,-9.15380774137858e-06,1.13219554556134e-16,4.0250008186254e-17,9.06540155600337e-17,9.7616351672072e-17,3.57811032933044e-16,2.13739132950675e-16,4.87434985613065e-17,-2.52634644815703e-16,1.04941476852667e-16,-1.01229643498308e-16,-9.60012743294483e-18,-1.44848018291068e-16,-1.22108237062221e-16,8.18412908163515e-17
"t7",-0.158206081129146,-0.0559425900289339,-0.0413909336241306,0.046647278547832,-0.00542197179409743,-0.240747677187151,0.00431661725724372,0.00143026448704825,0.000385441117604357,-0.00503832178449128,-0.000105327739346128,9.17622978191535e-06,0.00319283959474373,0.00148121314068983,-0.00144716658546717,0.00417313960910726,-0.0037514671381355,0.00011910563559349,-0.122911395875921,-0.00197417797556294,-0.584524671904219,0.0005438610577149,-0.0464087491059424,-0.196760693852973,-0.00744553859786887,0.00046066078457483,-0.000188496218436838,0.000315540344428489,0.00188457568094461,-0.00103940981046087,0.0104492118000494,9.67376590473009e-16,0.00250805347756797,-0.000632054768237997,7.34751485079155e-05,0.000529555904553052,-6.1574037161363e-05,6.13039918174894e-05,0.00029166550111861,9.31934694641634e-05,-0.707106781186549,-0.000128931207119132,-7.15944197450628e-05,-1.76662265633983e-05,0.0305541899964194,3.94333957706249e-16,-0.000117352994400985,-4.84007659407906e-05,2.35960436117175e-16,7.75327705657104e-07,0.000696523733942439,-1.36700527631059e-05,-7.8539407552515e-05,3.16657564943435e-06,6.97193996113468e-07,0.000130846365961154,-5.50173136281289e-16,-4.88392979762012e-05,-1.58616462521581e-16,4.07999674958449e-17,0.000311790631132958,1.47613922837436e-07,2.58745394942224e-17,3.64187173699467e-16,-1.00502934439654e-16,-1.94242116724216e-16,-2.84388785308972e-16,2.07165225163627e-16,4.35269304036338e-07,-8.7638138537207e-06,-3.57919876064253e-16,1.6361760630228e-16,2.39817466729853e-16,2.18617454730771e-05,-9.15380774121552e-06,-1.92734237671747e-17,-2.00980577566899e-16,-1.91670261299686e-16,4.89759424113161e-17,-9.01342620404997e-17,-2.12771494522001e-16,-3.27816953498864e-16,4.06008585653019e-16,-1.49631754704113e-16,-4.02336836567564e-18,6.5448027223671e-17,2.05208523824726e-17,-7.43991370024105e-17,-5.3568848842577e-17
"t1",-0.108870236997644,-0.0257732090561942,0.0454777284208285,-0.110324977053456,0.193911246822698,0.0357798090000795,-0.0343579913341691,0.00152662083491968,-0.000181478427870835,0.00113771177509908,0.000125700675337681,-7.11955358574656e-05,0.0180696677067684,0.00624951575479206,-0.00592585523721691,0.00644324591339665,-0.00447393615540576,0.000116646272463299,-0.0577745598286578,-0.00241869683405763,-0.0552545697551784,-0.00256050537048113,0.91940375442262,0.0573339703058171,-0.0842376192325222,0.00311097439847034,-0.00118179248192196,-0.0403504942685525,0.0113736984723652,-0.0051743060221232,0.0174076996570047,5.57759688598734e-16,0.239578741954939,-0.00185947159719119,0.000220331812208928,0.00169955307553385,-7.04791515558521e-05,0.000197048056894375,0.000928559048786658,0.000294698096062986,-1.50476785908992e-15,-0.000374941385706581,-7.42156220499973e-05,-4.83056506146396e-05,0.00219726723108749,1.22830405607348e-16,-0.000437968140787275,-0.000153229446042824,-1.12686608485191e-16,2.35843093348084e-06,0.00204679871344081,-4.00944116684186e-05,-0.000228491531140473,9.18970638848476e-06,2.02076641467265e-06,0.000375398384588416,1.53733442759398e-16,-0.000139856556969978,-5.89937834095609e-17,-4.66707686713834e-17,0.000878679177421182,4.1504593304925e-07,1.81821561870079e-17,-1.42687536479931e-16,8.92528703318011e-18,3.9813727018831e-17,-6.6244756244133e-17,2.42064853157576e-17,1.19565450937623e-06,-2.40466218748084e-05,-1.36695874591944e-18,-1.97187140384169e-16,2.96618628680792e-17,5.89000090791686e-05,-2.4621012457357e-05,-4.88041786450852e-17,-5.14740349120397e-17,-3.93860292782151e-17,-7.29528473563346e-17,-1.62892101466728e-16,-8.08632491739353e-17,1.04814594706483e-16,-3.51444600978533e-16,-7.48000480020855e-17,4.82378000239488e-17,-9.43498079191495e-17,-4.09484380092757e-16,-2.71704674883156e-16,7.78220082676399e-18
"t58",-0.127600932043234,-0.0327447890447226,0.0713122416990467,-0.18113724823208,0.342993645040219,0.0672041586706402,-0.0648242748347515,0.00582084000453083,0.00195468685582906,-0.00912429215880641,-0.000803219692977919,0.000172589557447173,-0.0220950862644688,-0.00650557313044262,0.00605100170513034,-0.00323444496487643,0.00202041620713302,-5.0012631397878e-05,0.022902558728053,0.000843724340118247,0.016803451970742,0.00052137300695536,-0.152376076472767,-0.00847256982231486,0.00832967700730212,-0.000133359286237844,2.64231707731567e-05,0.498489296600719,-0.0101519060194246,5.62417715011804e-05,0.000440099458463321,-1.01797897925356e-17,0.183873309896189,0.00040852155188335,-4.2786779319297e-05,-0.000128695075563186,2.73183510942146e-06,-7.20143698206167e-06,-1.3397702276402e-05,-1.67085169695868e-06,1.54373323417673e-16,-1.16282487611728e-05,-2.54152245145189e-06,-1.7436652711895e-06,9.27530366898743e-05,3.39089591980113e-16,-2.05893664444769e-05,-9.31163694621769e-06,-3.04627822908249e-16,1.77931475089981e-07,0.000192365767606219,-3.81312916208901e-06,-2.2843669554377e-05,9.3254533817407e-07,2.06625835213532e-07,4.07628965100118e-05,-1.99673050725531e-16,-1.53520393356803e-05,-1.14825949724765e-15,-1.09747855547055e-15,0.000105447500752087,5.04287053660214e-08,-4.40397884905222e-15,2.18211108309465e-15,-3.33060169680743e-14,1.5084746383477e-13,4.57295305601199e-13,0.707106781186547,1.63734712272539e-07,-3.31113584113238e-06,-1.53655647480735e-14,7.50771191535873e-16,1.44353878350897e-15,8.84388381264256e-06,-3.72530200035831e-06,-7.4114150469841e-16,-2.31305107594469e-16,1.78239718165463e-16,-1.01386572513426e-16,1.01045942651398e-16,-1.1511098015782e-17,3.3198867940309e-16,-6.6084371849888e-17,-4.77084991954808e-16,-1.85726952004784e-16,1.28495004069381e-16,-2.6667463238073e-16,5.19121197024822e-16,1.3025648452991e-17
"t53",-0.127600932043234,-0.0327447890447226,0.0713122416990467,-0.181137248232079,0.342993645040219,0.0672041586706401,-0.0648242748347514,0.00582084000453081,0.00195468685582899,-0.00912429215880635,-0.000803219692977808,0.000172589557447256,-0.0220950862644689,-0.00650557313044264,0.00605100170513025,-0.00323444496487635,0.00202041620713275,-5.0012631397606e-05,0.022902558728053,0.000843724340118198,0.0168034519707419,0.000521373006955273,-0.152376076472767,-0.00847256982231484,0.00832967700730253,-0.000133359286237832,2.64231707732404e-05,0.498489296600719,-0.0101519060194248,5.62417715012364e-05,0.00044009945846334,-4.95931866326786e-16,0.183873309896189,0.000408521551883374,-4.27867793191504e-05,-0.000128695075563252,2.7318351094258e-06,-7.20143698221356e-06,-1.33977022762541e-05,-1.67085169715839e-06,2.13672930778531e-16,-1.16282487609386e-05,-2.54152245152128e-06,-1.74366527172032e-06,9.27530366894025e-05,-1.83021763886564e-16,-2.05893664445254e-05,-9.3116369458638e-06,3.83792922488209e-16,1.77931474635402e-07,0.000192365767605479,-3.81312916204616e-06,-2.28436695546355e-05,9.32545338157916e-07,2.06625835540154e-07,4.07628965100083e-05,2.49067616791297e-16,-1.53520393345302e-05,8.23853341025961e-16,1.18786082337028e-15,0.000105447500753919,5.04287061364826e-08,4.24790732976515e-15,-2.16640546320576e-15,3.31976887537326e-14,-1.50803041451841e-13,-4.57384221091982e-13,-0.707106781186548,1.6373472064464e-07,-3.31113584987192e-06,1.52818143710395e-14,-6.50391613268509e-16,-1.40608668049873e-15,8.84388380989476e-06,-3.72530199972687e-06,7.38646621427017e-16,1.2929615773676e-16,-3.93720102011552e-16,-6.8154409847279e-17,-1.63648706597653e-16,8.81379209129427e-17,-1.71821597719133e-16,2.31407697811736e-16,2.90082601462506e-16,2.21460772567242e-16,-1.86700687309779e-16,1.29883283273344e-16,1.91204026692208e-16,1.20645900880265e-16
"t95",-0.127945050928999,-0.032873511528257,0.0717946565930828,-0.182462407826968,0.345792746209656,0.0677956356085213,-0.0653978220807393,0.0059033291902442,0.00199683128042227,-0.00932723562845598,-0.000821634080368838,0.000177515731056954,-0.0229315829509794,-0.00677404851123511,0.00630344554832669,-0.00345414857994353,0.00217023869950284,-5.38901617709031e-05,0.0248053742097924,0.00092257547023035,0.0185974172465385,0.000607028180708347,-0.184394218137256,-0.0105295720823305,0.0118207013463736,-0.000328748422423017,0.000122585362800959,-0.49969484893861,0.0093362521428883,1.8325871573549e-05,0.00022983837200334,4.88834802996524e-16,0.137091954432259,0.00032222466554549,-3.3884129550279e-05,-0.00010539020582041,2.28015806911803e-06,-6.01864433313871e-06,-1.13554197635011e-05,-1.42460780687328e-06,-5.31861270809661e-16,-1.01740627084955e-05,-2.2286967441415e-06,-1.53100449322072e-06,8.17822469190753e-05,-1.16111031336917e-16,-1.82127123516335e-05,-8.31049340187413e-06,-6.70217220423669e-17,1.60214726984537e-07,0.000174981580097822,-3.47053679346666e-06,-2.084251106221e-05,8.51484317394412e-07,1.88736709298281e-07,3.73470200324888e-05,2.27323342797535e-17,-1.40733482617115e-05,1.34366911432937e-16,-1.16429758371819e-16,9.71108143423272e-05,4.64718149454496e-08,-3.64977495946973e-16,-3.45740138617758e-16,1.30913123228626e-17,4.41436227628064e-18,-5.80542156394438e-17,-4.08249334381529e-17,1.51840649005152e-07,-3.07150168477738e-06,6.14154779099913e-17,-9.02152762717568e-17,-6.77192983451311e-18,8.24160307458244e-06,-3.47301557032664e-06,1.09922071064365e-16,6.61508230746157e-17,1.82781563147836e-16,-1.56754915148108e-16,1.28451606869662e-16,-2.13084120245254e-16,-3.97305510959095e-17,-7.47726656446414e-16,-5.22187320220021e-17,-2.02133695268834e-16,8.43454845282934e-16,3.24983123733471e-15,0.707106781186548,9.4475744353668e-16
"t96",-0.127945050928999,-0.032873511528257,0.0717946565930827,-0.182462407826968,0.345792746209656,0.0677956356085213,-0.0653978220807393,0.00590332919024418,0.0019968312804223,-0.00932723562845593,-0.000821634080368824,0.000177515731057509,-0.0229315829509794,-0.0067740485112351,0.00630344554832682,-0.00345414857994308,0.00217023869950295,-5.38901617709508e-05,0.0248053742097924,0.000922575470230384,0.0185974172465382,0.000607028180708154,-0.184394218137256,-0.0105295720823304,0.0118207013463735,-0.000328748422423173,0.000122585362801127,-0.499694848938608,0.00933625214288808,1.83258715735386e-05,0.000229838372003321,9.30313475901946e-16,0.13709195443226,0.000322224665545427,-3.38841295503406e-05,-0.000105390205820649,2.28015806922395e-06,-6.01864433339141e-06,-1.13554197633554e-05,-1.42460780716298e-06,-5.03446345046052e-16,-1.01740627084027e-05,-2.22869674406517e-06,-1.53100449341902e-06,8.17822469190432e-05,1.53966940846827e-16,-1.82127123518408e-05,-8.3104934019574e-06,-1.7559084671878e-17,1.6021472683199e-07,0.000174981580097822,-3.47053679385697e-06,-2.08425110623314e-05,8.51484317073272e-07,1.88736709145327e-07,3.73470200323786e-05,-3.51779815797018e-17,-1.40733482622123e-05,2.95307205593212e-16,-1.55689181464908e-16,9.71108143422716e-05,4.64718149065539e-08,2.97018879563024e-16,1.43011481166486e-16,1.20384763808769e-16,5.54490634500113e-17,-2.37728899900575e-17,1.2165998831227e-16,1.51840648786143e-07,-3.0715016848884e-06,-8.21358627391161e-17,1.64589314741463e-16,5.40059636774441e-17,8.24160307383304e-06,-3.47301557007684e-06,-3.66577888481145e-17,-1.78303618198448e-16,-3.04109709244135e-17,1.45169905995198e-16,9.87371182521566e-17,3.21744105081959e-17,4.24275368344533e-17,6.34362662008515e-16,9.53014679265922e-17,6.57223581235336e-17,-7.19728348095787e-16,-3.52755546946407e-15,-0.707106781186548,-1.14489443478017e-15
"t63",-0.120917289714066,-0.0302644676554444,0.0621823858279893,-0.15614468383122,0.290480157932068,0.0561515900619423,-0.0541098358575994,0.00432895666367109,0.00122461544497254,-0.00562226620262418,-0.000486684154902127,9.05075338392125e-05,-0.00882833058618599,-0.00232101796066332,0.00212526058322756,-0.000213274349763204,1.47453704902462e-05,1.1634420183156e-06,-0.00164333779499648,-0.000132435394129129,-0.00432182893175665,-0.000314984693243547,0.123916300177494,0.00795198867486162,-0.0119051045943781,0.000389394854146005,-0.000138011458832403,0.0400158972175649,0.000120537487021954,-9.93662696461006e-05,-0.00105379099756187,-1.96418514067773e-15,-0.915043879012556,-0.00297581732338566,0.000324078735096331,0.00154757460205909,-5.40797253323179e-05,0.000149680528544846,0.000640155995005243,0.00019604887661199,1.85036154397902e-15,-0.000220453959764322,-4.32640295341818e-05,-2.80267678643082e-05,0.00125619414166539,-2.56546922854049e-16,-0.000247749166148708,-8.44634487160096e-05,1.27110952756177e-16,1.2732691908908e-06,0.00108577930020021,-2.12523972339665e-05,-0.000120738892017615,4.85186653759618e-06,1.06645041117172e-06,0.000197524364794241,-4.00608421045557e-17,-7.35540552184756e-05,4.9447626813553e-17,8.49099140516962e-17,0.000460729058367526,2.17563143315266e-07,1.9085382715922e-17,3.73452818362573e-17,-1.86440914149814e-16,-1.81492271693867e-16,2.79677892902926e-17,5.58831228417858e-16,6.26104978056728e-07,-1.25924559435109e-05,2.80336999839939e-17,6.3559365596916e-17,4.74369324249738e-17,3.08922942852674e-05,-1.29164217615718e-05,7.69303729320573e-17,2.06797484439074e-17,1.37015198678697e-17,6.07242901087073e-17,-1.914743716641e-16,1.44407389022813e-16,-2.65161161872177e-17,2.12663684855022e-16,6.95606834784255e-17,-5.49971469478861e-17,1.8723253992035e-16,3.67911036596766e-17,-1.61891013296929e-16,4.08909931700955e-17
"t4",0.0317999538646458,0.125552127081105,-0.0935707208877848,-0.0231504769736425,0.004788220397952,0.000279726560361447,0.00610349318327956,0.000226767122799105,-0.0423813630088982,-0.000259763102343623,1.74229902177581e-05,-0.00015767471819135,0.0230150862316481,-0.00285238311361782,0.00957901536787945,0.0575594274405601,-0.149699522403391,-0.000321615726647043,0.00154894512350601,-0.000636733735356703,-0.00123730949732392,-0.00175536277419075,0.01317739287356,0.000249550008586959,0.0791758404220883,-0.0466474589318234,0.00988796041137207,-0.0154956581594913,-0.775786300145127,0.534035131899354,0.00684960080116666,-4.41430030182642e-16,0.00241380624907622,-0.043597027795487,0.190646249559049,0.00537881403187251,-1.30445795071456e-05,0.00196235565079913,0.00367957147400205,0.00114147120434843,3.46707266898856e-16,-0.00131083350443366,-1.24261086649098e-05,-0.00502914123501712,0.000364586769632885,2.60876979880794e-16,-0.00146979741897357,-0.000361586254551943,2.31707588027298e-17,0.00018170446850875,0.00129581218068237,-0.000126770203389053,-0.0151969476789747,2.53512977235446e-05,5.67990663188583e-06,0.000791140102404109,2.20597537447435e-17,-0.00039811919962077,-2.29350126066176e-16,-1.53914387722668e-17,0.00052747046597082,1.16395144474603e-06,-1.48121158961463e-17,-6.98705597457134e-17,1.00105692380144e-16,-7.74797574481303e-17,-5.25081736352652e-17,3.96551015304633e-16,3.23575927080148e-06,-6.49841022887371e-05,-1.04379858573233e-16,-4.27616803787672e-17,6.6933102548191e-17,0.000333547202345408,-0.00123192177958917,7.65934660124857e-17,-1.38877600137085e-16,1.24184454477896e-17,3.3410715315522e-17,3.34661229569047e-16,-1.68735580063782e-16,4.88108654755049e-16,1.02224541519032e-16,-5.61164710296485e-17,-3.75804626651027e-17,3.87540402277435e-17,-1.07807772835034e-16,1.95921352744604e-16,-4.55942996515365e-17
"t81",0.0357069188159174,0.150051763537968,-0.133783649300371,-0.0345681441380463,0.00770382038212176,0.000480172712722991,0.0105300441529883,0.00397950245701822,-0.103227517493786,-0.00131146897102913,-0.00152321005589705,1.10417164693559e-05,0.0144518580524003,-0.00224872903760709,0.00774929800449697,0.158162520441851,-0.611852671810975,-0.00173983816264878,0.016765486632674,0.00981459238921829,0.00506283394371532,0.00207651744214837,-0.010996143483622,-0.000177537909043533,-0.0367530064246199,0.013870842420745,-0.00262282482359428,0.00330857570562465,0.164735901184706,-0.0551828564306635,-0.000634672093097873,3.11153263785068e-16,-1.98585521349326e-06,-0.00522551943202493,0.0561565037146646,0.000175145432866734,-7.65540491288346e-07,0.000118505394324425,0.000290134164145986,9.92932698727694e-05,-1.76287632183737e-16,-0.000166129998650566,-1.63226727917937e-06,-0.00253399142140565,5.08331672821952e-05,-8.28689867928914e-17,-0.000213928670729865,-5.90158341059483e-05,-5.23956005738157e-17,0.000106072527039979,0.000271477714648138,-2.68394156659655e-05,-0.00649614485817304,5.12443845986069e-06,1.18217756786451e-06,0.000176599133308149,1.43661488820339e-17,-8.96022575347412e-05,-7.7557162676393e-17,1.29583966084832e-16,0.000126354461878031,2.81177248669524e-07,-2.22295307583324e-16,-2.03960501056056e-16,-5.53392937826448e-17,3.55380694852919e-16,-3.65014814144393e-16,-3.5998931965417e-16,8.47761577615425e-07,-1.70895862291534e-05,3.09328031493595e-16,-1.70145229370389e-16,5.81357355887325e-16,9.31234887513455e-05,-0.000634799393069485,5.18318705607826e-16,-1.98291807865208e-16,-5.85533759967231e-16,-1.1096059663798e-15,-9.57860674464093e-16,3.69967217800586e-14,0.707106781186548,-2.21238339613041e-15,4.61498072807788e-15,5.82182659414215e-16,-2.53039217026074e-16,-6.44611464048167e-16,-1.84832858516383e-16,1.69385020463043e-16
"t82",0.0357069188159174,0.150051763537968,-0.133783649300371,-0.0345681441380463,0.00770382038212174,0.000480172712723001,0.0105300441529883,0.00397950245701822,-0.103227517493786,-0.00131146897102912,-0.00152321005589711,1.10417164693871e-05,0.0144518580524003,-0.00224872903760709,0.00774929800449697,0.15816252044185,-0.611852671810974,-0.00173983816264873,0.0167654866326739,0.00981459238921838,0.00506283394371576,0.00207651744214836,-0.010996143483622,-0.00017753790904361,-0.0367530064246199,0.0138708424207448,-0.0026228248235943,0.00330857570562472,0.164735901184706,-0.0551828564306635,-0.000634672093097894,3.10106833097578e-16,-1.98585521343775e-06,-0.00522551943202507,0.0561565037146647,0.000175145432866395,-7.65540491309922e-07,0.000118505394324408,0.000290134164146071,9.92932698725413e-05,1.32996161415815e-16,-0.000166129998650386,-1.63226727915855e-06,-0.00253399142140551,5.08331672822715e-05,2.87843857175144e-17,-0.00021392867072996,-5.90158341055905e-05,-8.48888837895623e-17,0.000106072527040241,0.000271477714648305,-2.68394156659243e-05,-0.00649614485817304,5.12443845977859e-06,1.18217756816559e-06,0.000176599133308211,5.7506616291808e-17,-8.96022575344966e-05,1.22673139661167e-16,-2.32538226179371e-16,0.000126354461877809,2.81177248773282e-07,-8.08341825755703e-17,4.3771806244675e-17,1.14941125426483e-16,-2.69864837772028e-16,2.48509938252117e-16,2.59797729333659e-16,8.47761577589404e-07,-1.70895862292401e-05,-3.05212889023172e-16,2.15072132327746e-16,-5.39278240928881e-16,9.3123488751512e-05,-0.000634799393069069,-5.08785119310858e-16,7.93098434244855e-17,6.30567966602499e-16,8.59752651951864e-16,6.54262110280841e-16,-3.70089430212269e-14,-0.707106781186548,2.00248737500325e-15,-4.62147187692434e-15,-6.62797261404234e-16,4.11610441089009e-16,2.67886078914007e-16,-1.43908235246062e-16,-1.34963269869938e-16
"t8",0.0367680275399799,0.157052839909719,-0.146598422486457,-0.0382785126486624,0.00867879243298492,0.000548579357886352,0.0120428587070312,0.00533948467099101,-0.221743404791424,-0.00303529151431141,-0.00383714363260438,0.000275562187455949,-0.0153563209417049,0.0015115920844001,-0.00493499840562647,-0.00792240704728375,0.0145984630756019,2.45857929406412e-05,-4.94883134673392e-05,6.9709596778933e-05,4.04020943458594e-05,-7.62843408737641e-05,0.000888353043440593,1.94811153078856e-05,0.00823641241223755,-0.00584218130211615,0.00128336078895557,-0.00216529228281678,-0.108706593673774,0.0536128433754304,0.000808928657968196,-4.23526760911682e-16,8.04317993191583e-06,0.0668498854497263,-0.870600615363696,0.00294212402344695,-5.52852885256317e-06,0.000822230120047148,0.00140653194158443,0.000425670502874572,8.15052647763203e-16,-0.000547322626496561,-6.91314551296354e-06,-0.335554702667302,9.74570652239048e-05,-4.9863684394889e-16,-0.000435160489155147,-0.000114488430808222,8.35819939403046e-16,0.00235598221521204,0.00043570642688881,-4.282918884426e-05,-0.0101171466250115,7.92292033968646e-06,1.82098911887142e-06,0.000264134909354508,2.82258425748692e-16,-0.000133305562978052,1.39086058103311e-16,-1.13101544353634e-16,0.000179975333544774,3.98101319291815e-07,-2.53936899390665e-16,-3.59369991586437e-17,-1.35020010747774e-16,-7.88685242587034e-17,4.87463231146521e-17,1.09994884644295e-16,1.1335208278895e-06,-2.27910571691326e-05,-1.38324952032011e-17,-5.19439359782079e-17,-1.45300961519578e-16,0.000119318211647873,-0.000810541453185348,1.18644045522823e-16,8.33657724956936e-17,-1.8803281086366e-17,-7.07611069883217e-18,-4.66370512831363e-16,-5.78331788665053e-17,1.6510541978066e-16,-6.74667478727104e-17,1.25630844220677e-16,-1.24206112812831e-16,1.05704417308886e-16,-1.20777354441045e-16,-3.12045544139597e-16,-5.26736167029072e-17
"t42",0.0390560420348698,0.171514483283638,-0.170665033338334,-0.0451223177273256,0.0104286362749225,0.000668862457861946,0.0146989837344603,0.00736677598022063,-0.364681345691931,-0.00507552122083685,-0.0065247711820803,0.00053965883133043,-0.0387168492948463,0.00421269115244689,-0.0139422358636249,-0.0672608194458242,0.201582042586047,0.000499813718355066,-0.00383399264243167,-0.00141799688579526,-0.000338220893523644,0.000223995195306077,-0.00194281393457589,-3.73818022301325e-05,-0.0113404421544349,0.00589515735331637,-0.00120268003659456,0.00176168321543457,0.088094183180895,-0.0363034857281012,-0.000487033660912041,1.38769584492772e-15,-3.29306809360164e-06,-0.0225387728359065,0.288104344841416,-0.000796805490189983,1.25932776698931e-06,-0.000184577466999667,-0.000260302842311197,-7.03122624154638e-05,4.96569868328737e-16,-5.04899711849874e-05,-2.26121693014392e-06,-0.336381127664986,-3.69713234737862e-05,-7.67295299636579e-16,0.000100006662675185,1.3208652831033e-05,1.06703210317493e-15,-0.201345097510639,2.00695607979404e-06,-3.30005644689352e-07,-0.000213347953866218,1.99449573061276e-07,4.96644534285972e-08,1.16922085994231e-05,1.31524649765215e-16,-6.31941894954635e-06,7.44896230663945e-16,3.5630594401256e-16,1.33317756454698e-05,3.10127455681509e-08,0.707106781186547,-7.6502448476285e-15,5.8071028985835e-15,-5.02839673400002e-17,-3.73400356372512e-15,4.76082236804634e-15,1.3202839668422e-07,-2.69663490998218e-06,-2.05415563771101e-15,1.58501203516099e-15,-9.45237761192616e-16,1.7680478663358e-05,-0.000122308053313605,3.26386898823058e-16,5.94337932278691e-16,2.17389238014186e-17,4.38746387159056e-16,-4.52575867990682e-16,-3.65228146443183e-16,-6.69928755974921e-17,-3.51591184952103e-16,1.01798824037348e-16,-1.18949015281066e-16,2.08023814507735e-16,3.72404164290392e-16,3.17108106944026e-16,-7.18959834968084e-17
"t43",0.0390560420348698,0.171514483283638,-0.170665033338334,-0.0451223177273257,0.0104286362749225,0.000668862457861948,0.0146989837344602,0.00736677598022065,-0.36468134569193,-0.00507552122083686,-0.0065247711820803,0.000539658831330457,-0.0387168492948463,0.00421269115244698,-0.0139422358636249,-0.0672608194458241,0.201582042586047,0.000499813718355143,-0.00383399264243163,-0.00141799688579525,-0.000338220893523811,0.000223995195306134,-0.00194281393457572,-3.73818022300805e-05,-0.0113404421544347,0.00589515735331641,-0.0012026800365945,0.00176168321543496,0.0880941831808948,-0.0363034857281009,-0.000487033660912111,1.14051684416957e-15,-3.29306809337005e-06,-0.0225387728359067,0.288104344841416,-0.000796805490189428,1.25932776687719e-06,-0.00018457746699949,-0.000260302842311239,-7.0312262415502e-05,-1.41543043700818e-16,-5.04899711852441e-05,-2.26121693025494e-06,-0.336381127664986,-3.69713234737272e-05,-7.94293604828636e-16,0.000100006662675407,1.32086528308456e-05,1.34212328093707e-16,-0.201345097510639,2.00695607927015e-06,-3.30005645054077e-07,-0.000213347953865781,1.99449572534788e-07,4.96644535228144e-08,1.16922085979243e-05,-1.25410286911726e-17,-6.31941894713162e-06,-1.04474459423465e-15,-4.20456988861025e-16,1.33317756433327e-05,3.10127457698803e-08,-0.707106781186547,7.47601221677142e-15,-5.71996296916825e-15,-8.7746588403705e-17,3.70812162944491e-15,-4.2576016396348e-15,1.32028392442821e-07,-2.69663490942706e-06,1.98225630243736e-15,-1.0726721638235e-15,1.287546051657e-15,1.76804786642098e-05,-0.000122308053314091,-2.73935690793845e-16,-8.259861298345e-16,-2.02399950605555e-16,-6.53309154287366e-16,1.21589797598671e-16,-2.47437914179449e-17,-2.32203236310167e-17,1.45840495040633e-16,-2.32782160989276e-16,4.41165312299993e-17,-3.57824130338096e-16,-3.22311560917627e-16,-1.86729355161208e-16,-6.84711250319772e-17
"t24",0.0385619410900414,0.168392635973866,-0.165474090934965,-0.0436464068146775,0.0100513618011614,0.000642933534021314,0.0141264214497762,0.00693039319766365,-0.333969349601816,-0.00463722212405899,-0.00594748390937167,0.000483002982042087,-0.0337147982423249,0.00363468868993636,-0.012014954643817,-0.0546164471851094,0.161770642702586,0.000398674112855206,-0.00302910075863675,-0.00110195709793576,-0.000257895960753485,0.00016056918350552,-0.00134625081098896,-2.54163148688605e-05,-0.00723954157032863,0.00345172455983506,-0.000686115974102324,0.000949076734143857,0.0473755080683643,-0.0178211190424485,-0.000222049225157721,-8.10064146754504e-16,-1.0337532241611e-06,-0.00508317870947564,0.062364135476638,-9.04089645368811e-05,2.35874121392579e-08,-1.96202158352868e-06,2.47763560144512e-05,1.08361819518669e-05,-4.40331340935276e-16,3.15110130332183e-05,1.57642310538719e-06,0.249936771811693,3.40090828017565e-05,3.61275971483267e-16,-0.000109356337015552,-2.50094935602407e-05,-1.44589280013411e-15,0.84754953692975,0.00010372149012014,-1.02941643955233e-05,-0.00252914523818396,2.00348297434323e-06,4.63167557642917e-07,7.03274511765217e-05,-6.69220437355666e-17,-3.57865094164078e-05,8.76616346629314e-16,1.48998934537673e-16,5.16972372172353e-05,1.15434897865463e-07,-5.30482131250148e-17,5.14720985491211e-17,1.49479601271174e-17,1.30568357283656e-16,-1.80746640235229e-16,-3.95936512723947e-16,3.601113500451e-07,-7.27108605591553e-06,8.95157940460265e-17,5.19209592712614e-17,-1.27204503245087e-16,4.0674707814773e-05,-0.000277931582059798,4.76993743017529e-17,6.66219496314291e-17,1.39411801228779e-16,3.74660876295543e-17,-4.57157755077293e-17,1.43982633891455e-16,2.77052512913297e-16,-4.05092375441291e-16,-5.26421841801152e-17,7.2149981347691e-17,-7.07180722343681e-18,1.09600524738115e-17,9.12256281501256e-17,1.16297827645278e-16
"t19",0.0380995469188093,0.165471409774989,-0.160617802363001,-0.0422657031239043,0.00969844639736223,0.000618679868090467,0.013590854003292,0.00652235640812873,-0.305265422439454,-0.00422759683191508,-0.00540798419419501,0.000430071804815789,-0.0290436987462659,0.00309500971449104,-0.0102154933219221,-0.0428218021461709,0.124641422020123,0.000304357321319431,-0.00227861615869823,-0.000807354141632868,-0.000183040747987764,0.000101515371870607,-0.000791076626644648,-1.42839043852094e-05,-0.00342738791136461,0.00118283027834221,-0.000206602943735965,0.000195265162981614,0.00960374080483156,-0.000693772298838935,2.33188380699809e-05,-1.92224772914209e-15,1.05151140791793e-06,0.0109933893327446,-0.14549569342431,0.000558343008480233,-1.1084677285197e-06,0.000165294240038436,0.000285108883103874,8.48137149874473e-05,-4.83376492930288e-16,0.000105102513698913,5.01080594811354e-06,0.773684927571513,9.69381551109982e-05,1.79080696337211e-15,-0.00029344626428196,-5.68385697270329e-05,-4.39916940918993e-16,-0.44785540942384,0.000207231624202067,-2.03841468505235e-05,-0.00483632369803428,3.7940093950467e-06,8.72842176644328e-07,0.000127756930422579,-2.95489021396361e-16,-6.45993773105667e-05,-5.040519719021e-16,-1.55792364351694e-16,8.88101278478173e-05,1.97005641704048e-07,-7.90742255307519e-17,6.0739041318516e-17,-1.4464548562318e-16,1.41699808974249e-16,6.10162817747243e-17,-7.6515006287929e-18,5.78582641252295e-07,-1.16513927237438e-05,-1.42022432292837e-16,4.81202724118914e-18,-3.06491665758727e-17,6.25999070642119e-05,-0.0004262723121497,-4.28175666525806e-17,-1.58827195954096e-16,3.65421194956371e-17,1.09705949815145e-16,-4.34392094911499e-17,1.39458051402602e-16,3.80004399140009e-17,1.50947590033416e-16,-4.15465278638939e-17,5.2674815447154e-17,1.88195128111769e-16,-2.32168504272559e-16,-2.36423728600743e-16,7.03207653338789e-17
"t70",0.0394705026440571,0.175084535421717,-0.181561486833581,-0.0485816845465719,0.0114745636831511,0.000750514525065041,0.0165188620786408,0.0122069148613437,0.23295277726813,0.00223591633260135,0.0019602325078133,6.73967805216787e-05,-0.00952133825469212,0.00106941383237092,-0.00354533682620801,-0.0126773234241161,0.0328230922532464,7.40556863762024e-05,-0.00047089558670533,-9.8456661109525e-05,1.05975408139091e-05,-7.2687099065688e-06,0.000331909223381513,9.27947050793909e-06,0.0062599522120963,-0.00740781660864151,0.00195477472214357,-0.00579436934140806,-0.297856188633851,-0.516250323527842,-0.0015249872439534,-7.98067985194546e-16,-1.79978320852953e-06,-0.00294231267782565,0.0275077162397376,0.000207945399008813,-7.07664575423086e-07,0.000108474342294056,0.000244311060937225,8.13603758036477e-05,-3.45137401202721e-16,-0.00012487941014773,-1.21723163004628e-06,-0.00117055077413824,3.77699153601974e-05,2.70257070991303e-16,-0.000158189711701451,-4.35531601020167e-05,-2.64112304556055e-16,5.29356688292542e-05,0.000287437032318087,-3.08797151428999e-05,-0.0948938545056486,-6.78873428250435e-06,-7.08435159005273e-07,5.74588369784412e-05,-3.79181146697613e-16,-3.24787488021755e-05,5.53026749449433e-17,1.7735719539321e-16,6.26863260948934e-05,1.41881586719861e-07,-7.9726528258044e-16,9.61653677416571e-18,2.68150609155917e-16,-1.77815535467323e-16,-8.56722465154476e-17,2.26171421453196e-16,4.6658260466001e-07,-9.42697567257733e-06,8.8995986827519e-16,1.66457820807342e-15,1.41463171692784e-15,5.38579344708384e-05,-0.00637043596397618,4.37873390550412e-17,0.707106781186547,-2.005751871209e-14,-1.95106576137102e-15,-8.04504873640661e-16,-3.45950614040421e-16,3.19075218748089e-16,1.03127734371446e-15,4.26340294323682e-16,-2.10709553259605e-17,-6.73173437770914e-18,-3.34165273719397e-16,-5.87848828041856e-17,-8.04864075012205e-17
"t71",0.0394705026440571,0.175084535421717,-0.181561486833581,-0.0485816845465719,0.0114745636831511,0.000750514525065058,0.0165188620786408,0.0122069148613437,0.23295277726813,0.00223591633260126,0.00196023250781327,6.73967805216901e-05,-0.00952133825469214,0.00106941383237093,-0.00354533682620806,-0.012677323424116,0.0328230922532464,7.40556863763966e-05,-0.000470895586705326,-9.84566611095389e-05,1.0597540813931e-05,-7.2687099063537e-06,0.000331909223381515,9.27947050755051e-06,0.00625995221209635,-0.00740781660864161,0.0019547747221434,-0.00579436934140827,-0.297856188633851,-0.516250323527842,-0.00152498724395344,-7.02563007770607e-16,-1.79978320858504e-06,-0.00294231267782562,0.0275077162397373,0.000207945399008608,-7.07664575489385e-07,0.000108474342294079,0.000244311060937336,8.13603758035263e-05,-3.88578058618805e-16,-0.000124879410147574,-1.2172316301573e-06,-0.00117055077413849,3.77699153601141e-05,-2.34175748368273e-16,-0.000158189711701662,-4.35531601020167e-05,3.35325154549467e-16,5.293566882969e-05,0.000287437032318015,-3.08797151427635e-05,-0.0948938545056483,-6.78873428252517e-06,-7.0843515889631e-07,5.74588369780665e-05,1.15504658373023e-16,-3.24787488023143e-05,-1.19351598356153e-16,-9.55723461547429e-17,6.26863260947894e-05,1.41881588107677e-07,8.11850586757146e-16,-1.64365049348802e-16,-4.27385023891292e-16,1.25177794265498e-16,9.17360911118372e-17,-1.52655665885959e-16,4.66582604629652e-07,-9.42697567249406e-06,-8.50798390289159e-16,-1.32532873564628e-15,-1.15957092209058e-15,5.38579344698045e-05,-0.00637043596398199,2.64287260937424e-16,-0.707106781186548,2.00431119459568e-14,1.98235925988518e-15,3.2612801348364e-16,-1.9522961730159e-16,-1.196959198424e-16,-1.37737043992558e-15,-4.64413664529244e-16,9.50805016404077e-17,2.95314975819861e-16,8.32667268468867e-17,1.22298005056365e-16,7.07734558828682e-17
"t79",0.0408532661636561,0.184087083793449,-0.197888238287134,-0.0533212887592742,0.012729511243345,0.000839372943456706,0.018485521396155,0.0146114178334815,0.306205567008576,0.00296458493575967,0.00262177023097592,9.68566601586697e-05,-0.0154455783981267,0.00181497796619809,-0.00605333286869468,-0.0314111685053109,0.0896736000021849,0.000213765944248903,-0.00149339023215387,-0.000377825222198971,5.40266798796715e-05,0.000279078445827267,-0.00210853054952236,-3.96204154148871e-05,-0.0123111612079497,0.00785552721958372,-0.00179361089383523,0.0040086875275898,0.204403627648386,0.241111762182244,0.000537793621783817,3.12358645893074e-16,1.4920693634313e-07,-3.34686480486538e-05,0.000532490569617081,1.97964825929397e-05,-1.04642718977094e-07,1.64697487725277e-05,4.82925826063739e-05,1.78473901301949e-05,-1.13624387676481e-16,-4.2352529838184e-05,-4.29323478752172e-07,-0.000422310651085289,1.47029886305573e-05,-4.74512399886061e-16,-6.54841946614569e-05,-2.18542862400451e-05,2.87408933948478e-16,3.46059212045381e-05,0.000378879976039555,-4.44196004701539e-05,-0.254375988778366,-2.67451090150036e-05,-3.77776995498838e-06,-0.000105900275473746,-2.52877648203563e-16,4.41319004537734e-05,5.6188443384436e-16,-2.43299567749209e-16,-1.10652518042235e-05,-1.65843947472865e-08,3.1637019393127e-16,1.23653257771972e-16,-6.54756144029936e-17,1.09864189426089e-17,4.41065594093357e-16,3.31765864780564e-17,1.14530479351858e-07,-2.45583201582446e-06,-7.17960769900738e-16,6.07153216591882e-18,6.8946589533337e-16,9.30523643543229e-05,-0.377708392252734,4.44198277730975e-16,1.69309011255336e-15,-9.74305472329971e-16,-1.11328144485946e-16,3.83026943495679e-15,0.707106781186548,-3.71378275354495e-14,-1.16920362280837e-15,8.36635927730293e-16,-7.91066698998048e-17,-6.11154329669103e-17,1.21864324187371e-16,-1.42464165464595e-16,-5.49029520339771e-16
"t80",0.0408532661636561,0.184087083793449,-0.197888238287134,-0.0533212887592743,0.012729511243345,0.000839372943456709,0.018485521396155,0.0146114178334815,0.306205567008577,0.0029645849357597,0.00262177023097597,9.68566601586959e-05,-0.0154455783981267,0.00181497796619808,-0.00605333286869474,-0.0314111685053109,0.089673600002185,0.000213765944248957,-0.00149339023215388,-0.000377825222198805,5.40266798797069e-05,0.000279078445827051,-0.00210853054952243,-3.96204154148342e-05,-0.0123111612079498,0.00785552721958358,-0.00179361089383525,0.00400868752758999,0.204403627648387,0.241111762182245,0.000537793621783836,2.56305393575573e-16,1.49206936193944e-07,-3.34686480487272e-05,0.000532490569616968,1.97964825928794e-05,-1.04642718957345e-07,1.6469748772504e-05,4.82925826063114e-05,1.78473901299365e-05,1.83013326715553e-16,-4.23525298381237e-05,-4.29323479047075e-07,-0.000422310651084816,1.47029886306187e-05,-1.46596062361738e-16,-6.54841946613794e-05,-2.18542862397012e-05,-1.82020442363627e-16,3.46059212048473e-05,0.000378879976039505,-4.44196004699885e-05,-0.254375988778367,-2.67451090149906e-05,-3.77776995556628e-06,-0.000105900275474016,-3.61584055336083e-16,4.41319004535956e-05,-2.77741578184366e-16,1.04318379370864e-16,-1.10652518038462e-05,-1.658439490746e-08,-3.33934269125535e-17,1.17690145823302e-16,-1.97366885971627e-17,-6.45964382697261e-17,-2.46691966999725e-16,-2.42427605767759e-16,1.14530478703939e-07,-2.45583201545323e-06,-1.08723689043516e-17,3.19622800448727e-16,1.36372351033531e-15,9.30523643534625e-05,-0.377708392252733,9.68770943953132e-16,1.17787724018825e-15,6.57999133355113e-16,8.14516802428953e-17,-3.34064373386234e-15,-0.707106781186548,3.67879554943884e-14,1.54954174491628e-15,-8.59015729784352e-16,2.35384133920743e-16,9.1893604395952e-17,-9.58434720477186e-17,-2.89861450814e-16,3.75465497555774e-16
"t69",0.0406958965071719,0.183071758615284,-0.196083492369517,-0.0527993615395089,0.0125921088888048,0.000829685793016042,0.0182711872258076,0.0143581584243222,0.298814641950992,0.00289133901021655,0.00255551847657184,9.39911017629572e-05,-0.0148940001578191,0.00174657845461128,-0.00582368212227965,-0.0298515137375302,0.085029302026305,0.00020246355789864,-0.00141193428584044,-0.000356155124514035,5.07599624209123e-05,0.000259607297553904,-0.00195164555094864,-3.6574910895884e-05,-0.0112717312813845,0.00712126771305889,-0.00162155134662828,0.00360392253030454,0.183734376539355,0.215023229238718,0.000476902068331663,1.76941794549634e-16,1.29565095534356e-07,-2.8725419318686e-05,0.000456502561022375,1.67629796251102e-05,-8.76889625465332e-08,1.37896244221709e-05,4.00062215411764e-05,1.47033186964664e-05,1.30104260698261e-16,-3.36418022042761e-05,-3.39432166387987e-07,-0.000332945510773175,1.14744102773512e-05,-3.76574521434861e-16,-5.06476646713154e-05,-1.63698512078009e-05,-6.14333380116533e-17,2.46779998484686e-05,0.000243475850358359,-2.82943291811124e-05,-0.155126626765085,-1.60604706779812e-05,-2.24962078069639e-06,-5.80801810612097e-05,-1.90084018347396e-16,2.37539572602308e-05,-1.2405503180292e-16,-8.31170130782199e-17,-4.68229594739397e-06,-6.64802669212164e-09,-2.81025203108243e-16,-1.45716771982052e-16,-9.50975506622471e-17,5.84304402684466e-17,-1.97635571958151e-16,4.19803081186387e-16,-2.09007010656959e-09,1.36003464698553e-07,1.81626661199636e-16,-9.29811783123569e-16,-2.15397398998503e-15,-0.000162026412280906,0.842519484591711,-9.70892142220651e-16,-3.08086889333481e-15,2.4551317299055e-16,-1.86365504029727e-16,-9.22872889219661e-16,1.1860389602194e-15,1.40512601554121e-16,-3.33066907387547e-16,6.45253916612238e-17,-3.07858438768974e-16,4.69671129351011e-17,-3.67761376907083e-16,3.64291929955129e-17,5.77835662358035e-17
"t39",0.0399625655553465,0.178329384269688,-0.187611052753218,-0.0503468445895611,0.0119455419015341,0.000784053264343826,0.0172614625307339,0.0131552744232846,0.26336543958847,0.00253973871210227,0.00223723271958808,8.01377486595497e-05,-0.0122033571755348,0.00141194510376642,-0.00469973486651161,-0.0220833942715565,0.0618226133971724,0.00014589484795471,-0.00100320704795017,-0.000246951690470197,3.42189834872414e-05,0.000159580644293468,-0.00113980473992037,-2.07536599616323e-05,-0.00580632862711351,0.00320345546225433,-0.000699780249242586,0.00141735700210989,0.0720504189706345,0.0723795689554648,0.000141128401439021,4.71844785465692e-16,1.77500315036438e-08,-1.23521205077585e-06,1.53227669403536e-05,-1.19008901833424e-06,1.4297146491593e-08,-2.35440515497883e-06,-1.07521570630875e-05,-4.72598448553706e-06,2.46330733588707e-16,2.34531342126025e-05,2.54308380617796e-07,0.000260073414142435,-1.03140263016614e-05,9.38729259433997e-16,5.09917134745453e-05,2.33049879534257e-05,-1.99193901215854e-17,-5.364764556514e-05,-0.00105935093176881,0.000129660606559231,0.909976991390226,0.00010251500566715,1.50265933158689e-05,0.000598561318354507,1.10148976326623e-15,-0.000269811633292356,1.26444801358941e-16,1.96143897570686e-17,0.000205921190921114,4.32960457207277e-07,3.07046055247895e-16,-2.39825520553794e-16,1.81191560278782e-16,-4.68265883075422e-17,-2.04731775990989e-16,-2.09901540593194e-16,8.90042841106015e-07,-1.77228147311415e-05,5.02924881887575e-16,1.19002030452009e-15,6.51070110924167e-17,9.49508592976052e-05,-0.068913957092746,-6.77587515193965e-16,4.16333634234434e-16,2.7060644705246e-17,5.73421197936031e-17,-1.73472347597681e-17,-4.99102809409629e-16,5.89805981832114e-17,-3.45209971719385e-16,-2.12349133271228e-16,-8.61058585143857e-17,-2.16469617183312e-16,-2.18575157973078e-16,-1.93421667571414e-16,3.96325258356796e-17
"t12",0.0321524281732471,0.117110184210867,0.146464209270475,0.167942349679575,0.055400194824384,0.00193197165121763,0.0414264895482198,0.0124346899183402,0.00573726591160335,-0.000448227577233439,-0.00102398746027328,0.000154277595901129,-0.00605363404918304,0.000356699092230209,-0.00103970762742422,0.136720830896689,0.0435412993603579,-0.000140448047208839,0.00273924378015779,0.00209564270460091,0.00117200506526873,0.157245060420314,-0.000288561883730472,3.39085308837667e-06,0.0128556501739889,-0.57935849693817,-0.00526823166548064,0.000982915467687463,0.0449722144207959,-0.0158091238134719,0.000546452183037525,6.93889390390723e-16,0.000737271009289334,-0.161983018053663,-0.0123722478228819,-0.00023823761079741,-5.19593004616093e-06,0.0980022699293868,0.000228033284537228,0.00010035259513944,8.06646416329215e-17,-0.000208750814508994,-2.03845433710548e-06,-6.36214092603893e-05,6.44977836108673e-05,-0.707106781186546,-0.000270320856887161,-7.34959666423805e-05,-2.12226697256766e-15,3.63634488105904e-06,0.00031574396266946,-3.09660233404903e-05,-0.000377611261972867,6.88329657525021e-06,1.51713692920466e-06,0.000211664727699644,-3.93257583721841e-16,-0.0001069608268181,-1.8923479778735e-16,-4.55481058119641e-16,0.000147556183033463,3.27575151765749e-07,3.29597460435593e-17,6.07153216591882e-18,-2.37328783406357e-16,-1.51348777230036e-16,-1.91824411048783e-16,5.15212872365112e-16,9.67967265714294e-07,-1.94971323859705e-05,-4.62113966807198e-16,-4.44089209850063e-16,-5.57466592130647e-18,0.00450084811938504,-4.277209249718e-05,6.54898731432504e-17,1.38777878078145e-16,-6.02729186847953e-17,-9.30453321523489e-18,-1.59594559789866e-16,3.76191816098649e-17,1.78676518025611e-16,1.31838984174237e-16,-1.16502265207655e-16,-6.51425280262783e-17,-5.1797450872512e-17,-7.28583859910259e-17,-2.10335221462188e-16,1.48969628211118e-17
"t13",0.0321524281732471,0.117110184210867,0.146464209270475,0.167942349679575,0.0554001948243839,0.00193197165121762,0.0414264895482198,0.0124346899183401,0.00573726591160336,-0.000448227577233425,-0.00102398746027329,0.000154277595901188,-0.006053634049183,0.000356699092230204,-0.00103970762742422,0.136720830896689,0.0435412993603579,-0.000140448047208765,0.0027392437801577,0.00209564270460096,0.00117200506526872,0.157245060420314,-0.000288561883730376,3.39085308835585e-06,0.0128556501739888,-0.579358496938168,-0.00526823166548068,0.000982915467687331,0.0449722144207961,-0.0158091238134718,0.000546452183037043,1.20996962449382e-15,0.00073727100928888,-0.161983018053663,-0.0123722478228815,-0.000238237610797424,-5.19593004593124e-06,0.0980022699293858,0.000228033284536022,0.000100352595141968,7.02563007770607e-16,-0.000208750814507438,-2.03845434148392e-06,-6.36214092634667e-05,6.44977836003688e-05,0.707106781186547,-0.000270320856566315,-7.34959666378286e-05,2.13034750349895e-15,3.63634488126374e-06,0.000315743962668988,-3.09660233418738e-05,-0.000377611261974194,6.88329657488906e-06,1.51713692900319e-06,0.000211664727698631,3.00126853219049e-16,-0.000106960826817482,3.34374633472671e-16,5.17120339840484e-16,0.000147556183033637,3.2757515231153e-07,-6.07153216591882e-17,-9.49761103097302e-17,1.93615435708359e-16,1.46222242787011e-16,8.79983455923866e-17,-4.18068357710411e-16,9.67967265906415e-07,-1.94971323859566e-05,-5.62986244429856e-16,1.6306400674182e-16,4.11397627048232e-17,0.0045008481193851,-4.27720924971106e-05,-2.19786512331255e-16,-1.11022302462516e-16,1.81732800608719e-17,8.3106002823359e-19,2.35922392732846e-16,1.61517608076901e-16,1.85615411929518e-16,-1.31838984174237e-16,3.55715795551941e-17,-4.6057851219445e-17,1.74076780103501e-17,-1.17961196366423e-16,1.35308431126191e-16,2.82536905068445e-17
"t55",0.0332113481172243,0.122844719475226,0.159415795827292,0.184161951245955,0.0614617072157081,0.00216269588950585,0.046404359096534,0.0151085721892098,0.00802729812556611,-0.000636906610829548,-0.0014785808672459,0.000261343524609605,-0.0174046359585327,0.00169704547964107,-0.00551866897640191,0.0766079393093186,0.0326264713962273,-0.000117085695089131,0.00262199681296463,0.00243924375074033,0.0016679377910637,0.519229978898934,-0.00344322666429685,-7.03791417949219e-05,-0.0224866064900174,0.34133403675087,0.00238168311477136,-0.000247790279536744,-0.0111253171464035,0.00109048380563213,1.08652337685524e-05,-1.71737624121704e-16,0.000170452618107089,-0.0522756939287633,-0.00411044739230562,-0.000112157326593443,-4.75874363533755e-06,0.101591314548456,-5.67321758533036e-05,2.80657233743846e-06,7.92768628521401e-16,-6.28492727184444e-05,-6.36486122782692e-07,-2.02531797508995e-05,2.17489376958544e-05,2.63984953435001e-17,-9.48460777192611e-05,-2.8371267261104e-05,-2.1834967365915e-16,1.52350463978202e-06,0.000143999219059469,-1.41878933352995e-05,-0.000176426998520631,3.23485723986949e-06,7.15119954999813e-07,0.000102158954470763,1.44795977391131e-16,-5.18455670379162e-05,2.03257364738524e-15,7.69713989813821e-16,7.40942772838368e-05,1.65301645599228e-07,-2.25210475268689e-15,3.96975204444705e-15,4.44609529627127e-16,-6.64871655065289e-15,-1.82557431893637e-15,-1.52837811850937e-14,5.12578892999222e-07,-1.03480951758363e-05,-0.707106781186546,6.28837260041593e-16,4.98572898436363e-16,0.00474234870908472,-2.30259738334543e-05,9.94468349893973e-16,6.07153216591882e-16,-3.12105980236763e-16,-1.47425912414024e-16,-4.17200995972422e-16,-4.50031533480088e-16,-6.0281640790194e-17,1.83013326715553e-16,-1.44784034137441e-16,2.91129108844437e-17,-2.08809135296423e-16,4.77048955893622e-17,-4.55364912443912e-17,-1.48750988823579e-16
"t56",0.0332113481172243,0.122844719475226,0.159415795827292,0.184161951245955,0.0614617072157081,0.00216269588950584,0.046404359096534,0.0151085721892098,0.00802729812556608,-0.000636906610829524,-0.00147858086724591,0.000261343524609628,-0.0174046359585326,0.00169704547964108,-0.00551866897640192,0.0766079393093186,0.0326264713962273,-0.000117085695089147,0.00262199681296455,0.00243924375074034,0.00166793779106367,0.519229978898934,-0.00344322666429689,-7.03791417949705e-05,-0.0224866064900174,0.341334036750869,0.00238168311477127,-0.000247790279536714,-0.0111253171464034,0.00109048380563229,1.08652337686114e-05,7.76288755499621e-17,0.000170452618107135,-0.0522756939287629,-0.00411044739230557,-0.000112157326593447,-4.7587436354313e-06,0.101591314548456,-5.67321758533114e-05,2.80657233746838e-06,1.79110198894605e-16,-6.28492727183828e-05,-6.36486122647384e-07,-2.02531797506445e-05,2.17489376957598e-05,-1.99037347053518e-16,-9.48460777193618e-05,-2.83712672609045e-05,1.82354743932184e-16,1.52350463939258e-06,0.000143999219059271,-1.41878933355447e-05,-0.00017642699852119,3.23485723996604e-06,7.15119955220489e-07,0.000102158954470549,-8.07743578454707e-17,-5.18455670369452e-05,-2.13938516664782e-15,-6.24319852967551e-16,7.40942772835666e-05,1.65301644021573e-07,2.25080371007991e-15,-3.88610584683979e-15,-4.9035324855334e-16,6.67631289370069e-15,1.74943307443724e-15,1.53011284198534e-14,5.12578894050681e-07,-1.03480951647028e-05,0.707106781186548,-3.83373888190874e-16,-5.9070085934559e-16,0.00474234870908708,-2.3025973833822e-05,-1.16904925319408e-15,-5.82867087928207e-16,2.78681139998227e-16,1.92331181452006e-16,1.50920942409982e-16,1.99963293785132e-16,1.20563281580388e-16,-3.9118014383277e-16,1.77515790834955e-17,-5.25972935858728e-17,2.96531054040313e-16,-2.70616862252382e-16,-2.20526721883552e-16,6.43602924152878e-17
"t10",0.0330159006037914,0.121864138872884,0.157617536445113,0.1820141003759,0.0607194224569845,0.00213620623052712,0.0458356277816399,0.0149828174370273,0.008163680701772,-0.000650180042670854,-0.00151557019550289,0.000280619743787236,-0.0217968622508269,0.00234315808710584,-0.00773863775328749,-0.0690396915259124,-0.0132015425322308,3.17149088739299e-05,-0.000350338293997067,-6.47650835177913e-06,0.000117743011221974,0.0608058453013142,-0.000331827797934822,-5.51617624203367e-06,2.352533156993e-05,-0.0474792184597101,-0.000440503957567634,7.21980938135853e-05,0.0032792527802332,-0.000520708152944745,-6.90537739439707e-06,-2.4984354862756e-15,-0.000263513309290806,0.129524924986668,0.0106850237814318,0.000514730942547717,4.11861167146578e-05,-0.93812356256288,0.00196108536736864,0.000492813424876021,-3.74158169724748e-15,-0.000386265707468436,-3.59830666748009e-06,-0.000109481188279094,0.000102755417836782,-3.42856240499363e-16,-0.000408133408068503,-9.76790892313912e-05,2.72749100967086e-16,4.36160793114426e-06,0.000344546674887897,-3.36314284027777e-05,-0.000402213584644637,7.29048998142419e-06,1.60231386688825e-06,0.000218723516109512,2.78073049016755e-17,-0.000110109138104178,-1.21826028738518e-16,-4.1823832777072e-16,0.000147502135936318,3.26215028003465e-07,-1.96023752785379e-16,-2.87313575708659e-16,-3.29400343176125e-17,3.25834801174736e-18,-2.00654925918789e-16,5.76795555762288e-17,9.34338288986411e-07,-1.88006048930968e-05,-1.09266444567781e-16,2.81025203108243e-16,-1.02641190588156e-16,0.0217516327367937,-3.61644530924091e-05,3.98988711975097e-17,-5.89805981832114e-17,1.04722259475072e-16,-1.48690389031489e-16,1.64798730217797e-16,7.00243283301837e-17,4.64038529823796e-17,-1.40946282423116e-16,-1.02208992778875e-16,2.75624041546444e-17,1.63534272749482e-16,9.54097911787244e-18,-1.8323016715005e-16,3.9940844604269e-17
"t91",0.0348096995906164,0.131645612171792,0.180085665713617,0.210249072809254,0.0713286434300712,0.00254173466141218,0.0545875935945929,0.0198673471221484,0.0126226879788345,-0.00101999056992756,-0.00241259117784159,0.000505064478038293,-0.0487483802095594,0.00570544169478514,-0.0190611864281646,-0.399640859937782,-0.104086222302902,0.000307392073275031,-0.0053063295201143,-0.00341571321699698,-0.00164406232579845,-0.196621123853518,0.000756282045028621,1.07965605806309e-05,-3.1415736741411e-05,0.0443483724085469,0.000377699758998835,-5.25046351621339e-05,-0.00237373548316569,0.000304871478726182,3.51133451316512e-06,1.39211558947139e-16,8.29157207463361e-05,-0.0316043579223613,-0.00254302512071653,-9.3249591554055e-05,-5.86127068555564e-06,0.130800091000819,-0.000208999616548173,-4.50654709457112e-05,3.79470760369927e-16,5.96296107314119e-06,2.83020349239882e-08,3.80112055598653e-07,1.16291237012549e-06,4.51732591463643e-17,-9.4690596920766e-06,-5.71951380432499e-06,2.4339999380802e-16,4.28864159877571e-07,5.25519200793333e-05,-5.24676930046723e-06,-6.90062312565403e-05,1.28687134951557e-06,2.86970463818413e-07,4.40196020853184e-05,2.68898127762521e-17,-2.26431356657158e-05,1.62673415641974e-16,-1.65183689505442e-17,3.66845976603079e-05,8.35512757859355e-08,-1.06685493772574e-16,-3.21249103707455e-16,1.64087849993989e-17,-2.85759660760529e-17,1.70642164146189e-17,-7.95370713735366e-16,3.59606353263946e-07,-7.46521997041505e-06,-9.40848817586088e-16,4.1286418728248e-16,-1.36998230923589e-15,0.391110067697223,7.41213135652605e-05,3.31502650032447e-16,-2.4980018054066e-16,1.68091768947971e-17,2.01527255841095e-16,1.25940924355916e-15,-1.17751593183905e-16,2.86229373536173e-16,-6.67868538251071e-17,-6.08687887671022e-16,-1.06731872212706e-16,0.707106781186547,5.16947595841089e-16,-9.62121007863637e-16,-9.42914658522416e-16
"t92",0.0348096995906164,0.131645612171792,0.180085665713617,0.210249072809254,0.0713286434300712,0.0025417346614122,0.0545875935945929,0.0198673471221484,0.0126226879788345,-0.00101999056992757,-0.00241259117784157,0.000505064478038332,-0.0487483802095594,0.00570544169478511,-0.0190611864281646,-0.399640859937782,-0.104086222302902,0.000307392073275008,-0.00530632952011431,-0.00341571321699692,-0.00164406232579839,-0.196621123853518,0.000756282045028517,1.07965605806934e-05,-3.14157367413369e-05,0.0443483724085469,0.000377699758998404,-5.25046351622111e-05,-0.00237373548316572,0.000304871478726265,3.51133451317043e-06,7.86697096355482e-16,8.29157207460907e-05,-0.0316043579223615,-0.00254302512071723,-9.3249591554493e-05,-5.86127068557418e-06,0.130800091000819,-0.000208999616548048,-4.50654709456383e-05,4.10695782937509e-16,5.96296107324614e-06,2.8302035232769e-08,3.80112055864065e-07,1.1629123700509e-06,1.7962681255039e-16,-9.46905969215813e-06,-5.71951380437356e-06,-3.27242824727566e-16,4.2886416035115e-07,5.2551920079247e-05,-5.24676930036141e-06,-6.9006231256575e-05,1.28687134944103e-06,2.86970463918648e-07,4.40196020851866e-05,-6.95782118085624e-17,-2.26431356660202e-05,-2.17284995837779e-16,-3.0500580154566e-17,3.66845976605273e-05,8.35512756163348e-08,4.36282954208167e-16,-1.54715650013681e-16,-3.78327406885189e-17,-2.62498424247126e-16,3.0699257812045e-20,-5.52509427098613e-16,3.59606353553428e-07,-7.4652199704775e-06,-4.12832550605263e-16,1.75207071073658e-16,-1.44158072994159e-15,0.391110067697223,7.41213135654686e-05,3.25037650478636e-16,-4.92661467177413e-16,3.02354763571642e-16,6.91545523912606e-17,6.43582409587395e-16,-3.5432097640626e-16,-4.24573570745324e-16,-6.41847686111419e-17,4.5358550476818e-16,-1.36922601726209e-17,-0.707106781186547,-1.08940634291343e-15,1.89084858881472e-16,9.64894576988989e-16
"t74",0.0346220597152368,0.130629692728702,0.17778836869616,0.20737060499077,0.0702518599778068,0.00250071174776706,0.0537024638269788,0.0193859971488521,0.0121970484765164,-0.000984785946057254,-0.00232742829898163,0.000484198627416196,-0.046318674616976,0.00540539361817028,-0.0180520865126213,-0.37197738126023,-0.0965723309225539,0.000284740316594332,-0.00490299848480463,-0.00314277208972701,-0.00150560106312908,-0.177528288927405,0.000677994061030668,9.64218338235512e-06,-2.77285406154947e-05,0.0385902218129348,0.000327379728708855,-4.51448908075826e-05,-0.00204051817746757,0.000259104158056134,2.95996519510117e-06,-1.38777878078145e-17,6.78008133417271e-05,-0.0254070794123966,-0.00204095177695435,-7.34974697576326e-05,-4.54952875003577e-06,0.101399880008868,-0.00015950132613185,-3.41117637748471e-05,3.36536354339501e-16,4.27487233305157e-06,2.01478923891885e-08,2.69450511479474e-07,8.11820517749966e-07,1.36163187988248e-16,-6.52107599896645e-06,-3.75108616637067e-06,9.37958231846481e-18,2.60622799242924e-07,2.70153557063442e-05,-2.65812962801313e-06,-3.24935745486437e-05,5.9019640425101e-07,1.29726798934186e-07,1.71948137318578e-05,1.68805112730036e-17,-8.54476137790092e-06,1.10870904434363e-16,4.74938206445108e-17,8.40892515704614e-06,1.67803095156917e-08,-4.562322741819e-16,6.36426675248991e-16,1.24947196785331e-17,3.19022612247644e-16,-1.29260104106494e-17,1.63757896132211e-15,-1.13222091824034e-07,2.67967549602566e-06,1.28227168685687e-15,-4.44089209850063e-16,3.12631480035101e-15,-0.832758015718048,-0.000190510257823059,-4.43483310417984e-16,5.06539254985228e-16,-4.84323954521745e-16,-4.3890887825686e-16,-2.03136119036884e-15,4.46757916132402e-16,-2.58473797920544e-16,-1.49186218934005e-16,1.01233439209498e-16,6.82029082997745e-17,6.48460006498701e-17,1.50920942409982e-16,2.97071395261028e-16,-3.89181621476689e-17
"t5",0.030850987052533,0.110108376722941,0.130876873755328,0.148474491367357,0.0481542722111897,0.0016569966831672,0.0354952027166445,0.00932127635528153,0.00313695994601689,-0.000234382205252114,-0.000509674762494856,3.4481604881889e-05,0.00662949240831192,-0.00115048473075565,0.00400268314887647,0.231663530099559,0.0664966849841501,-0.000205009435144888,0.00375244104908547,0.00260654792403574,0.00131160991290033,-0.0934337383215001,-0.00150818190850362,-1.58962298229745e-05,0.0020234711820587,-0.0626869112865167,-0.000257511183358205,-0.000103515064015961,-0.00496748230715521,0.00633779409447863,-0.000365616705248596,7.03430369508595e-16,-0.0018941850477839,0.905988678695923,0.0758212148073865,0.00994902114809886,-2.46411260247839e-05,0.188037714255841,0.00340754273923921,0.00100857721788866,1.10328413072125e-15,-0.000964037730599682,-9.00699601974475e-06,-0.000274365573656326,0.000257919560495833,4.43198335576975e-16,-0.00102357616628647,-0.000242574681672627,-6.31762612396865e-17,1.0631579620942e-05,0.000814830809337887,-7.9378942801273e-05,-0.000941053657057205,1.70107529361384e-05,3.73333588396283e-06,0.000503632694913516,1.43602409252214e-16,-0.000252969216376556,-2.63703471862746e-16,1.10994768578824e-17,0.00033221732576093,7.32546265314847e-07,2.60208521396521e-17,-1.01047642475649e-16,-3.35908190668608e-17,-2.73491463739284e-17,2.66980986042579e-18,-5.3776427755281e-17,2.02891064032774e-06,-4.07459601978952e-05,-3.30061450606177e-16,-1.40512601554121e-16,7.67340342736516e-17,0.00383720470149176,-8.63218256969764e-05,8.71848262366601e-17,-4.16333634234434e-17,2.616923349551e-17,-5.70013430446391e-17,-1.56125112837913e-16,-2.88050857097931e-16,-2.77555756156289e-17,-1.56125112837913e-17,5.77736419554587e-17,3.4089506167327e-17,-6.91009300526227e-17,-2.63677968348475e-16,-7.06899816460549e-17,4.55510349956462e-17
"t32",0.0316526366251269,0.114294446093612,0.13951301139678,0.159087547924613,0.0520038650253765,0.00180013664479078,0.0385781110645668,0.0106394710497398,0.00382777912061661,-0.000287744718428922,-0.000629541914444645,4.47626864506035e-05,0.00933335323635673,-0.00166789710306467,0.00582528336935375,0.42022750803472,0.126992167734943,-0.00040256134849044,0.00771250958231904,0.00583328708003864,0.00327430539434018,-0.380818011587093,-0.00960835325013852,-0.000149239082243097,-0.0305653786545693,0.198158476931249,0.000652473281411344,0.0001808799399252,0.00859612374974124,-0.00723555742575452,0.000323279214435693,-4.5102810375397e-16,0.000725830959195381,-0.216636567873067,-0.0172592488132893,-0.00123584513213619,1.44691033920638e-06,-0.0101567250247245,-6.48060444779532e-06,2.13854047005717e-05,2.90999863095109e-16,-0.000124554539976282,-1.25413052729992e-06,-3.97843864102035e-05,4.23227486867888e-05,-1.17979722979371e-17,-0.000183293527285446,-5.37810730750054e-05,8.24043724177568e-17,2.82865911387358e-06,0.000260330687842685,-2.56083722172163e-05,-0.000316213590084797,5.78538376995056e-06,1.2775334019545e-06,0.000180849716073473,1.13790785993642e-15,-9.16253317521289e-05,-0.707106781186548,-9.86396383535199e-16,0.00012904080017039,2.87270551089953e-07,5.80698683583236e-16,1.50704101975485e-17,-3.04636714965692e-16,-5.48666302721174e-17,1.09117420392434e-15,-7.58074159001865e-16,8.70879202517685e-07,-1.75607247524454e-05,-2.06561370843126e-15,1.66533453693773e-16,-5.99199406865012e-16,0.00176087588701338,-3.98289834205069e-05,-2.32326437245115e-16,-1.87350135405495e-16,-1.87260569713514e-16,-4.46771584615093e-17,4.96130914129367e-16,1.56410975048335e-16,-8.89045781438114e-17,-9.80118763926896e-17,1.54149546133235e-16,-1.07832719887677e-16,2.21580003967192e-16,7.28583859910259e-17,-1.63280847176317e-16,-3.17916252573258e-17
"t33",0.0316526366251269,0.114294446093612,0.13951301139678,0.159087547924613,0.0520038650253765,0.00180013664479081,0.0385781110645668,0.0106394710497398,0.00382777912061659,-0.000287744718428958,-0.00062954191444466,4.4762686450629e-05,0.00933335323635668,-0.00166789710306461,0.00582528336935374,0.42022750803472,0.126992167734943,-0.000402561348490528,0.007712509582319,0.00583328708003859,0.00327430539434,-0.380818011587092,-0.00960835325013846,-0.000149239082242996,-0.0305653786545695,0.198158476931249,0.000652473281411378,0.000180879939925683,0.00859612374974087,-0.00723555742575441,0.000323279214435693,1.21430643318376e-17,0.000725830959195511,-0.216636567873066,-0.0172592488132891,-0.00123584513213612,1.44691033912089e-06,-0.0101567250247244,-6.48060444767996e-06,2.13854047005969e-05,-3.43475248243408e-16,-0.000124554539976296,-1.25413052671011e-06,-3.97843864101723e-05,4.23227486865754e-05,-1.40247404822503e-16,-0.000183293527285021,-5.37810730751294e-05,-1.00225912146782e-16,2.82865911248927e-06,0.000260330687843823,-2.5608372218291e-05,-0.000316213590084857,5.78538376965366e-06,1.27753340325095e-06,0.000180849716075607,-1.10098851100964e-15,-9.16253317536208e-05,0.707106781186549,9.04762097218749e-16,0.000129040800176249,2.8727055143613e-07,-6.69603261727048e-16,-3.16044933279525e-17,2.59815820033459e-16,3.33429584613679e-17,-1.13169373909572e-15,7.55905754656894e-16,8.70879203274024e-07,-1.75607247529692e-05,2.17982423843156e-15,-3.33066907387547e-16,6.99419618243743e-16,0.00176087588701351,-3.98289834202398e-05,4.43919993024649e-16,-1.04083408558608e-17,2.67661374105628e-16,-7.07035957093093e-19,-3.03576608295941e-17,-1.4076393029552e-17,4.23272528138341e-16,1.99493199737333e-17,-1.69159494213375e-16,-5.44123728632965e-19,-8.36228477332057e-17,-2.58473797920544e-16,1.36826314167671e-16,-5.34214536910657e-17
"t75",0.0352987963464326,0.00669118752546101,0.023262029045681,-0.0101005599514979,-0.0159533199918426,-0.000864766947935202,-0.0190253832544796,-0.0573478712330172,-0.0135485984371775,0.00292086110552382,0.0139065623886686,-0.00375066999955726,0.524445644564463,-0.114086114403693,0.430702036763002,-0.0645334586552428,0.0293457835754362,-0.00208373072902045,0.0123212818926851,0.0320662940836053,0.00684312607990779,0.00151687911174492,-0.0168922632323961,-0.000264441592137107,-0.0461078427909925,0.00431756641334191,-0.00439102538662011,0.000371937222740798,0.0153979262441768,-0.00790788342285863,0.000895594384546249,3.27429056090622e-16,0.000798881188311597,-0.00497303664122561,0.000576851807232498,0.00293043572560456,-7.44373605563963e-06,0.000474232143149059,0.00516100059013954,0.00163264210304734,-2.45029690981724e-17,-0.0020654209177364,-8.61620251258258e-06,-0.000116502909794224,0.000262689406968537,3.91990633357215e-16,-0.00243017747640852,-0.000276302648070881,-2.12414442799162e-16,5.87507493095881e-06,0.00109340680660147,-0.00023715765169163,-0.000587471820775314,5.19263831657264e-05,1.14042284899619e-05,0.000716555421914759,1.61315255632343e-16,-0.000791003605602554,1.66648592077359e-16,2.27899871487464e-16,0.000489964470959155,2.35997836794183e-06,-6.83481049534862e-16,2.74628410290578e-16,6.17933014895816e-17,2.89746017368887e-16,-1.31791021627399e-16,9.2374025095765e-17,6.75935325764618e-06,-0.000135947532638309,-2.76330177477035e-16,1.07552855510562e-16,9.92975441535727e-16,0.00015592823126346,-6.52256514204926e-05,9.03349044153767e-16,1.9151347174784e-15,-2.95307450928728e-15,0.707106781186548,-6.12270650846014e-15,4.23372836589525e-16,9.58001039608192e-16,3.80771802976909e-16,4.35865488298996e-16,3.07781433662931e-17,-8.2471992632968e-17,-3.72965547335014e-17,5.54027310140093e-17,-1.30737352512992e-16
"t76",0.0352987963464326,0.00669118752546103,0.023262029045681,-0.0101005599514979,-0.0159533199918427,-0.000864766947935213,-0.0190253832544797,-0.0573478712330173,-0.0135485984371776,0.00292086110552382,0.0139065623886685,-0.00375066999955726,0.524445644564464,-0.114086114403693,0.430702036763002,-0.0645334586552428,0.0293457835754365,-0.00208373072902043,0.012321281892685,0.0320662940836053,0.00684312607990784,0.0015168791117449,-0.0168922632323961,-0.00026444159213731,-0.0461078427909926,0.00431756641334194,-0.00439102538662002,0.000371937222740592,0.0153979262441767,-0.00790788342285853,0.000895594384546241,1.2793585635329e-16,0.000798881188311501,-0.00497303664122562,0.00057685180723208,0.0029304357256046,-7.44373605562619e-06,0.000474232143149405,0.00516100059013934,0.00163264210304801,-6.20163642661709e-17,-0.00206542091773653,-8.616202512534e-06,-0.000116502909793983,0.000262689406968584,6.59012887772324e-16,-0.00243017747640829,-0.000276302648070921,1.8945455811161e-16,5.87507493113402e-06,0.00109340680660174,-0.000237157651691581,-0.000587471820775405,5.19263831659209e-05,1.14042284896736e-05,0.000716555421914809,7.90092646566732e-17,-0.00079100360560253,-8.40507798374971e-17,-2.89956077294202e-16,0.000489964470958588,2.3599783678132e-06,6.8738417735581e-16,-6.55671263810609e-16,-1.11052031706412e-16,-2.46421955959722e-16,8.90455504623539e-17,7.97972798949331e-17,6.75935325822417e-06,-0.000135947532638583,2.29313913561671e-16,-9.4542429440736e-17,-9.46177538628785e-16,0.000155928231264132,-6.52256514207927e-05,-9.12699629544039e-16,-2.07125983031631e-15,2.93857443840835e-15,-0.707106781186548,5.93015220262672e-15,-4.77397587420436e-16,-8.49363981925144e-16,-2.79290479632266e-16,-5.15610013848865e-16,-4.53532020100184e-17,3.49524265690426e-17,-3.6949610038306e-16,-3.46402594109119e-16,1.44640343814926e-16
"t65",0.0961443426236039,-0.0822771947621061,-0.0080145540155118,0.00203038042588356,0.000556819352694408,-5.93896042874185e-05,-0.00144219311008793,-0.193394863405897,0.00167032097099173,0.000138683318395102,0.159127029415962,0.00775480377225687,-0.0114787822073338,0.000992520899208897,-0.00318836377831815,0.00400991238821638,-0.00393068812105405,0.00699871087095737,-0.00492882970569291,-0.635175502581024,0.00496801559668482,0.000513729067398294,-0.00526975709439871,-8.06274949317135e-05,-0.0138534154293638,0.00166741730988628,-0.0732235408950344,7.80396863359744e-05,0.0032560295323616,-0.001929202972609,0.000225203730326591,-4.85722573273506e-17,0.000211859417706229,-0.00135313392383412,0.000157408114692809,0.000833307464123785,-2.28842011236769e-06,0.000147480635390501,0.0152658285501351,0.0199510470972528,2.68014777038417e-16,-0.00509531998203558,-2.03976252811933e-06,-2.86721000748343e-05,6.97007015739975e-05,1.02178157057782e-15,-0.00599276369979313,-6.98685006374593e-05,-2.59395504217019e-16,1.53179964029748e-06,0.000292502221599387,-0.000574931342839791,-0.00015786459141823,0.000125041007994815,2.7436360536774e-05,0.000197988200955013,-2.74776014721238e-16,-0.00189774587504567,-5.68558442261989e-16,3.03473944166555e-16,0.000133476780041324,5.61719777581996e-06,1.13103970633688e-15,4.97215116301852e-16,-2.863280644265e-16,3.70994866574856e-16,6.69321452013968e-16,-1.46063716677247e-15,1.59335949631869e-05,-0.000320325207732813,5.89777640381389e-16,-9.28424004342787e-15,0.707106781186547,4.36692436151451e-05,-1.82852201361522e-05,1.82299895504053e-14,-9.99200722162641e-16,-1.67156627307574e-15,-1.16917514619651e-15,5.20417042793042e-17,5.96493049619968e-17,-4.97865637605344e-16,-4.64905891561784e-16,4.75801778809915e-16,-8.01595200533974e-17,-3.3809823093016e-17,-1.66533453693773e-16,-1.12757025938492e-17,-9.9883056881639e-18
"t66",0.0961443426236039,-0.082277194762106,-0.00801455401551178,0.00203038042588353,0.000556819352694384,-5.93896042874043e-05,-0.00144219311008792,-0.193394863405897,0.00167032097099174,0.000138683318395138,0.159127029415962,0.00775480377225681,-0.0114787822073338,0.000992520899208895,-0.00318836377831813,0.0040099123882164,-0.00393068812105402,0.00699871087095734,-0.00492882970569292,-0.635175502581024,0.00496801559668474,0.000513729067398173,-0.00526975709439872,-8.06274949315608e-05,-0.0138534154293638,0.00166741730988621,-0.0732235408950345,7.80396863360594e-05,0.00325602953236159,-0.00192920297260904,0.000225203730326643,-1.88217497143484e-16,0.000211859417706208,-0.0013531339238341,0.000157408114692842,0.000833307464124021,-2.28842011235956e-06,0.00014748063539093,0.0152658285501349,0.0199510470972529,2.41126563160776e-16,-0.00509531998203544,-2.03976252786953e-06,-2.86721000747683e-05,6.97007015739784e-05,1.4442817723319e-15,-0.00599276369979314,-6.9868500637435e-05,2.70835174006197e-16,1.5317996401483e-06,0.000292502221599338,-0.000574931342839416,-0.000157864591418395,0.000125041007994384,2.74363605364948e-05,0.0001979882009557,4.39875703240675e-16,-0.0018977458750457,3.63034125388105e-16,-6.61838189276061e-16,0.000133476780041284,5.617197774731e-06,-1.32012456521835e-15,-9.36316996158482e-16,2.82773280827457e-16,-4.64601183765315e-16,-7.86398742154553e-16,1.49706635976798e-15,1.59335949631444e-05,-0.000320325207734409,-5.78024389031954e-16,9.50281520140095e-15,-0.707106781186548,4.36692436099444e-05,-1.82852201397327e-05,-1.8221959320837e-14,9.99200722162641e-16,1.67055154467361e-15,1.04999757563084e-15,-1.07552855510562e-16,-3.34563014918788e-16,5.44703171456717e-16,3.38271077815477e-16,-5.0344445004927e-16,3.86707647808491e-17,2.71510241922562e-16,-3.12250225675825e-17,1.50920942409982e-16,4.20542151831948e-17
"t16",0.0991661218028677,-0.0861693920703622,-0.00871924908375446,0.00222647770072623,0.00061828607567866,-6.65939892792998e-05,-0.0016183084385887,-0.238198756295486,0.00245441592532913,0.000207924317930503,0.24363708583851,0.0146772084134697,-0.0424822172636275,0.00636053433842302,-0.0227690962201307,-0.0029670280106386,0.00199938320320899,-0.0029544411186829,0.00155456991819102,0.118667747999339,-0.000460572482301658,1.17632313721113e-05,-7.99469380288647e-05,6.1027726711016e-07,0.00296754979956217,-0.00332111402650306,0.563089506323184,0.000226679999514649,0.00918854142734917,-0.00278357556255776,0.000272442607711498,-1.36522737559375e-15,0.000207974404669777,-0.00131408072029194,0.000153072318944918,0.000848391889000497,-2.60956032765075e-06,0.00017075773292761,0.0271525679885154,0.14425980600526,8.59555482346508e-16,-0.00280946838241863,-1.16755474153379e-06,-1.67105478575992e-05,4.25801876869341e-05,2.84302646686085e-15,-0.00376264698996443,-4.62184777685268e-05,-0.707106781186548,1.04724123264725e-06,0.00020532922839884,-0.000404104482857234,-0.000111546015450304,8.84891632710816e-05,1.9431324247426e-05,0.000141071274099687,2.7269601687655e-16,-0.00135363627988558,-2.26887439962655e-16,-6.24426971847023e-17,9.60316801940017e-05,4.04613594690362e-06,1.36175792864179e-16,-5.38848479725296e-17,-4.85072366150222e-16,-7.12765812874877e-17,-3.83107345783707e-16,-2.78423117894278e-16,1.16076622985236e-05,-0.000233478977578458,3.38479703035948e-16,-9.71445146547012e-17,-8.78219385870937e-17,3.20932733757617e-05,-1.34480446116192e-05,2.5375670949143e-16,-3.46944695195361e-16,-4.83165837486992e-17,-1.30190698340314e-16,-4.85722573273506e-17,-4.65793320145671e-17,2.34187669256869e-17,8.84708972748172e-17,-3.99300405422986e-16,1.60175581604473e-16,2.85147939963047e-17,-1.97758476261356e-16,-1.17961196366423e-16,-1.41723633914675e-16
"t17",0.0991661218028677,-0.0861693920703622,-0.00871924908375448,0.00222647770072625,0.000618286075678681,-6.65939892792887e-05,-0.00161830843858868,-0.238198756295487,0.0024544159253291,0.000207924317930543,0.24363708583851,0.0146772084134697,-0.0424822172636274,0.00636053433842299,-0.0227690962201307,-0.00296702801063855,0.00199938320320893,-0.00295444111868288,0.00155456991819113,0.118667747999339,-0.000460572482301652,1.17632313720879e-05,-7.99469380287562e-05,6.10277267255876e-07,0.00296754979956207,-0.00332111402650305,0.563089506323184,0.000226679999514553,0.00918854142734929,-0.00278357556255786,0.0002724426077115,-2.46330733588707e-16,0.000207974404669976,-0.00131408072029187,0.000153072318945386,0.000848391889000774,-2.60956032762499e-06,0.000170757732927849,0.0271525679885152,0.144259806005261,1.4736475928423e-15,-0.00280946838241645,-1.16755474154767e-06,-1.67105478555141e-05,4.25801876856695e-05,-1.71217069443702e-15,-0.00376264698996548,-4.62184777714932e-05,0.707106781186549,1.04724123395697e-06,0.000205329228399338,-0.00040410448285709,-0.000111546015450273,8.84891632715229e-05,1.9431324246359e-05,0.000141071274099326,1.45755381431003e-17,-0.00135363627988621,1.45719861570222e-16,-4.71453405756744e-17,9.60316801935923e-05,4.04613594769041e-06,-1.4137996329211e-16,-3.1637019393127e-16,4.34993553048477e-16,1.11007935810988e-16,4.8104390037043e-16,3.92047505570758e-16,1.16076622982361e-05,-0.000233478977578375,-2.91382501668035e-16,3.27862736959617e-16,5.67884878299172e-17,3.20932733757894e-05,-1.3448044611522e-05,-3.41316226208469e-16,-4.16333634234434e-17,1.01259277975096e-16,2.9132830316902e-17,5.20417042793042e-18,-1.60203601287898e-16,8.67361737988404e-18,1.76941794549634e-16,2.3409067738635e-16,-1.03502327988329e-16,-1.10262773087779e-16,-9.8879238130678e-17,-3.53883589099269e-16,6.64432129034954e-17
"t34",0.101281950210887,-0.0888612275034256,-0.00919283805316584,0.00235752494757222,0.000659008462614071,-7.13356031881609e-05,-0.0017341642847728,-0.266073421174474,0.00290453226143559,0.000247371436920602,0.291415398030024,0.0183470010590327,-0.057169593807058,0.00879603259656951,-0.0316016031913604,-0.00511379368553704,0.00363674073224331,-0.00553589556308071,0.003061142429201,0.257174694772568,-0.0011366970095821,5.98789468400159e-05,-0.00131717290919271,-2.58791707712751e-05,-0.00824343291381667,0.00316394679158868,-0.418538005370269,-9.99275756917318e-05,-0.00398547094875677,0.000464493453930383,-9.40372043458686e-06,6.03683769639929e-16,5.87380997548095e-05,-0.00054872042477818,6.59588738459651e-05,0.00050149857432363,-2.05383125874825e-06,0.000138022726678523,0.0336816172031462,0.260015644105069,1.6080886622305e-15,0.000696949375565616,1.81028294875263e-07,1.84851128946957e-06,2.11553345088461e-07,2.62404442628162e-16,-0.000274257403890235,-9.60538860676589e-06,-1.77252880568347e-16,3.15672522014504e-07,7.90563869571153e-05,-0.00015731670667477,-4.54120412032993e-05,3.64901133116716e-05,8.0647057927826e-06,6.14944321317597e-05,-2.47825967861508e-16,-0.000595107229132728,1.86634700464404e-15,-0.707106781186547,4.51192085589138e-05,1.91776298423422e-06,2.65412691824451e-16,-2.69576028166796e-15,5.77023907898459e-16,-5.29301894191177e-16,-1.36772555928521e-15,-1.6080886622305e-15,5.95882626998204e-06,-0.000120273968270065,-8.89388975446975e-16,-3.90312782094782e-16,5.53638144222198e-16,1.74266512945765e-05,-7.33514662854332e-06,4.80140464855929e-17,2.35922392732846e-16,-1.96368161539818e-16,2.52757730373295e-16,-1.6306400674182e-16,-1.46433279121212e-16,1.20129600711394e-16,1.49186218934005e-16,-1.38570775620946e-16,-9.40926546371668e-17,7.13377082164491e-17,-3.08780778723872e-16,-7.28583859910259e-17,-1.06452324981808e-17
"t35",0.101281950210887,-0.0888612275034256,-0.00919283805316582,0.00235752494757218,0.000659008462614014,-7.13356031881725e-05,-0.00173416428477283,-0.266073421174474,0.00290453226143557,0.000247371436920599,0.291415398030023,0.0183470010590326,-0.057169593807058,0.00879603259656942,-0.0316016031913603,-0.00511379368553705,0.00363674073224324,-0.0055358955630807,0.0030611424292009,0.257174694772567,-0.00113669700958224,5.98789468399291e-05,-0.00131717290919275,-2.58791707714243e-05,-0.00824343291381663,0.00316394679158859,-0.418538005370269,-9.99275756919989e-05,-0.00398547094875664,0.000464493453930501,-9.40372043461721e-06,7.12971348626468e-16,5.87380997549604e-05,-0.000548720424778115,6.59588738460308e-05,0.00050149857432364,-2.05383125859581e-06,0.000138022726677911,0.0336816172031464,0.260015644105069,1.88434337577981e-15,0.00069694937556561,1.81028295062613e-07,1.84851128971417e-06,2.11553345242851e-07,-9.43761106082536e-16,-0.000274257403890214,-9.60538860661844e-06,-3.85864548793693e-17,3.15672521703989e-07,7.90563869581254e-05,-0.000157316706675041,-4.5412041203406e-05,3.64901133119869e-05,8.06470579839541e-06,6.14944321313919e-05,3.8701822940258e-16,-0.000595107229131955,-1.62697105002743e-15,0.707106781186548,4.51192085642585e-05,1.91776297610104e-06,-3.34801630863524e-16,2.33244413366807e-15,-6.05325202336949e-16,4.64904023531326e-16,1.21162205114593e-15,1.26027660529715e-15,5.95882627055016e-06,-0.000120273968269677,7.12098054119864e-16,1.07552855510562e-16,-3.66627419385301e-16,1.74266512946355e-05,-7.33514662858148e-06,-7.35747791796952e-17,-1.87350135405495e-16,5.07892784337075e-17,-3.14388420904189e-16,-2.74086309204336e-16,1.76225315402137e-16,-5.68121938382404e-17,-3.50414142147315e-16,2.15312852284725e-16,1.69296603800765e-17,4.35821894307132e-17,-1.80411241501588e-16,-2.65195851389954e-16,5.18048176493433e-17
"t11",0.0993100740502803,-0.0863648182860518,-0.00875847063411295,0.00223758572230995,0.000621858350993594,-6.70204745728615e-05,-0.00162874774361055,-0.241207239670383,0.00251334001710466,0.0002131681153784,0.2500846379763,0.0152311329886855,-0.045058955303319,0.00680825129246896,-0.0244023826072796,-0.00348369386954944,0.00241210254299068,-0.00362042640152484,0.00195737761000398,0.157972661605908,-0.000665394850819624,2.94468692939032e-05,-0.000580413059349364,-1.06658915211069e-05,-0.00262188867413491,0.00060347096675706,-0.0639838209735472,-7.02462390719805e-06,-0.000270094735387041,-2.84144855360463e-05,1.53379209966533e-06,1.85615411929518e-16,-3.7408408663113e-05,0.000544106923510073,-6.80120411263216e-05,-0.000767016337038325,4.28302329630525e-06,-0.000295124178924602,-0.0985213366692845,-0.899354651571846,-6.08367523025066e-15,-0.0108696610847405,-4.03691590920158e-06,-5.45467574212255e-05,0.000118128939645926,3.63555032912438e-15,-0.00940105731104036,-9.21018684869601e-05,2.35601596540391e-16,1.77076469270142e-06,0.000301489036178053,-0.000589298097169416,-0.000158160291974585,0.000124454190625804,2.72173167879587e-05,0.000191518010489854,-2.02346210316079e-16,-0.00182773981641922,1.50642526160227e-16,1.25712438819992e-16,0.0001243010154598,5.20831843849461e-06,-1.30104260698261e-17,-2.33211887301632e-16,-3.14076867096973e-17,3.54701491952094e-17,-5.79735023167936e-17,-2.25514051876985e-17,1.4221629408884e-05,-0.000285457926884933,4.37412956279033e-17,-2.8275992658422e-16,5.15703874362148e-18,3.80382085843328e-05,-1.58981556716217e-05,1.61377051087081e-17,-1.38777878078145e-17,-3.92998006665043e-17,-4.22897971562671e-17,8.15320033709099e-17,3.19161372898221e-16,4.5102810375397e-17,-6.93889390390723e-17,-2.87774912430855e-18,-6.43808416746968e-17,-2.71274784676856e-17,-1.47451495458029e-16,2.68882138776405e-17,4.29507661539839e-18
"t57",0.137790940480388,-0.148586739152167,-0.0386886541410599,0.0148281055079429,0.0204205978560481,0.00103356315204005,0.0226501555603905,0.235165687910511,-0.00219218533064626,0.000542188388770933,0.0549417500030393,0.221627479855519,-0.000809032737205356,0.000293272731503086,-0.00112048092672436,-0.000395051152727838,0.000265633916694187,-0.000760802859429966,0.000179118374145687,0.00705266548696664,6.04864881097828e-05,3.35942160682849e-05,-0.000455966051956345,-7.80291696569554e-06,-0.00172110785535108,0.000214460921470263,-0.00261103617320506,1.94403382366487e-05,0.000808364606303503,-0.000494894115412675,6.27888502563812e-05,1.37910516340156e-16,8.75599428640864e-05,-0.000743791272728635,8.93481179912567e-05,0.000724456853559136,-3.56082391902821e-06,0.000245289201168814,0.196361015804717,-0.0222748891354048,1.25203666878626e-15,0.0371818926447069,-3.50026594361785e-07,1.33835169095764e-06,-1.32665320997415e-05,-5.93105851458608e-16,0.00200478655132725,8.47358859042135e-06,5.07961113386661e-18,-1.00313418511036e-07,3.13614284785761e-06,-0.00495474660315408,-4.8429428641493e-07,2.57630585206605e-05,0.0515866567828455,3.86292129993596e-06,-5.39510489907227e-16,-7.51276038378776e-05,-7.28314286449058e-16,1.76411420669047e-15,7.55434269079057e-06,0.425821194688117,-2.29677388219329e-15,-3.36048463361882e-15,1.64113412780996e-15,-9.66221914850234e-16,-1.00312582294611e-14,4.89278756399258e-15,0.783081686908487,0.000222197850647622,-1.51980105233011e-16,-6.15306416928973e-15,-2.12704575841929e-16,3.29030519296419e-06,-1.41695670261011e-06,1.88840349796505e-16,1.2490009027033e-16,1.19617124925922e-17,1.05020962746346e-16,7.94503351997378e-16,-6.06300194075049e-16,7.06899816460549e-17,6.07153216591882e-17,4.01600045875397e-16,-1.6657374396666e-16,9.23271034047649e-17,-7.28583859910259e-17,-3.02058725254462e-16,-3.05822758207697e-17
"t85",0.138908799105061,-0.150320957830875,-0.0394431231986432,0.0151390621946438,0.0208942153317977,0.00105924947961632,0.0232157733701597,0.244094347372108,-0.00231048344524094,0.000572189425217147,0.0580564444469623,0.23653339449116,-0.000875976680351681,0.000319041972861204,-0.00121967191958095,-0.000442586046095777,0.000299209153642629,-0.000859326991104794,0.000203181310551161,0.00805839668716905,6.96762159392112e-05,3.96766267138516e-05,-0.000545467362668864,-9.39930492208085e-06,-0.00211873514010763,0.000271218927448408,-0.0033270004401121,2.51632051386785e-05,0.00104681973071745,-0.000655609531667309,8.45718737097159e-05,-3.42607886505419e-17,0.000125807136166663,-0.00111019979519986,0.000133874029679563,0.00113249636269883,-5.77848984309517e-06,0.000399302117550385,0.33268586926345,-0.0385613595690498,1.73255507163184e-15,0.0752493335750189,-7.2422113116255e-07,2.80706395977548e-06,-2.92727607622677e-05,-7.78502957078981e-16,0.00463751890612837,2.37254217650071e-05,-3.61181531174224e-16,-4.17758258708378e-07,-0.000219827591795674,0.136851260033862,3.33067987633769e-06,-0.000139721774348369,-0.250848176715163,-9.26668098392633e-06,-3.48786964386211e-17,0.000161359045309878,5.34554902755391e-16,-1.12370623409838e-15,-6.83174767402914e-06,-0.33993613780978,1.2490009027033e-16,4.77048955893622e-17,-1.77479443481033e-16,9.57543082591418e-17,1.41398687706749e-15,-5.38631639290799e-16,-0.100894975838615,-2.40186908252275e-05,-5.44291593963599e-16,4.61436444609831e-16,-4.60117042263056e-16,5.07066503768056e-07,-2.4467108624901e-07,-5.43477437338467e-16,-6.31439345255558e-16,3.24455915169456e-16,-3.43928123458853e-16,-2.14411821630733e-15,-2.72355482970428e-16,-4.44566258805956e-15,-4.03496680512205e-15,0.707106781186547,-6.94881143011236e-16,5.87957648097533e-16,-4.21537804662364e-16,-5.07406616723216e-17,2.59045693826269e-16
"t86",0.138908799105061,-0.150320957830875,-0.0394431231986432,0.0151390621946438,0.0208942153317977,0.00105924947961631,0.0232157733701597,0.244094347372108,-0.00231048344524095,0.000572189425217099,0.0580564444469623,0.23653339449116,-0.000875976680351694,0.000319041972861198,-0.00121967191958097,-0.000442586046095702,0.000299209153642576,-0.000859326991104747,0.000203181310551219,0.00805839668716903,6.96762159392103e-05,3.96766267138e-05,-0.000545467362668908,-9.39930492206351e-06,-0.00211873514010763,0.000271218927448457,-0.00332700044011224,2.51632051385745e-05,0.00104681973071742,-0.00065560953166735,8.4571873709699e-05,2.80591522239249e-16,0.000125807136166464,-0.00111019979519983,0.000133874029679453,0.00113249636269893,-5.77848984305667e-06,0.000399302117550443,0.33268586926345,-0.0385613595690497,2.06085148946045e-15,0.0752493335750188,-7.24221131301328e-07,2.80706395969568e-06,-2.92727607622946e-05,-4.80135633290243e-16,0.00463751890612832,2.37254217650262e-05,9.44815902844147e-17,-4.1775825860256e-07,-0.000219827591795608,0.136851260033862,3.33067987606621e-06,-0.000139721774348107,-0.250848176715163,-9.26668098404082e-06,-2.48198225701737e-16,0.000161359045309945,4.29443610101894e-16,-7.23271748724917e-16,-6.83174767405949e-06,-0.339936137809779,2.53269627492614e-16,1.14209856849623e-15,-2.57293435625257e-16,7.10863873908694e-17,1.23901434069281e-15,-9.18536080529719e-16,-0.100894975838615,-2.40186908251477e-05,-7.73673772873933e-17,9.59302082215174e-16,7.50535714126932e-16,5.07066503554685e-07,-2.4467108612411e-07,4.30560865194196e-16,4.85722573273506e-17,-5.30787825138374e-16,3.0804957462329e-16,1.48145384848419e-15,4.38520231006806e-16,4.43351952372772e-15,3.75047215506186e-15,-0.707106781186548,6.79496552952259e-16,-5.64782273238052e-16,7.80625564189563e-17,-2.2291196666302e-16,-1.78187503146224e-16
"t54",0.13724999750773,-0.147747948209042,-0.038324132458433,0.0146778969502961,0.0201918847200078,0.00102116183991283,0.0223770807420356,0.230862519023301,-0.00213529076855719,0.000527762172483624,0.0534442883247266,0.214470764201114,-0.000776953329028697,0.000280931929056269,-0.00107298251562788,-0.000372374831820286,0.000249628244945761,-0.000713852115822118,0.000167657750649452,0.00657410638342948,5.61182725847372e-05,3.07121437322462e-05,-0.000413624780230345,-7.04834449469227e-06,-0.00153365903078277,0.000187790812534758,-0.00227491131576313,1.67585822516136e-05,0.00069662977778024,-0.00041978475025195,5.26279950490909e-05,-1.17527515497429e-16,6.98465504445503e-05,-0.000574784193911941,6.88186296735835e-05,0.000537141722301764,-2.54656748637205e-06,0.000174872536597661,0.134271264980911,-0.0148721627288794,6.37944558290471e-16,0.020113950631044,-1.82553493242171e-07,6.8173613129198e-07,-6.13886066317629e-06,-2.34457808086657e-16,0.0008365457528936,1.79250703287101e-06,-3.52851574239164e-16,3.5886067443168e-08,9.42930931752718e-05,-0.0626778546733002,-2.00291151496255e-06,9.10990793414734e-05,0.170453470707088,8.78579134799828e-06,8.87374794057526e-16,-0.000162786454370684,1.52130653253362e-16,3.22476012635703e-15,1.20251432047741e-05,0.652455106275941,1.94462501657e-15,2.80049421153006e-15,-1.47165552933229e-15,8.81824658865036e-16,7.57424850655714e-15,-3.15979881149175e-15,-0.605046056725732,-0.000666241390895331,1.12898638565098e-15,4.26655238916496e-15,-2.51347352133109e-16,5.36294932841023e-06,-2.26199471469943e-06,4.07440644071837e-17,5.48172618408671e-16,1.02380775934361e-16,-3.52922362954029e-16,-6.55725473919233e-16,2.38496787633135e-16,1.41813644161104e-16,-2.94902990916057e-17,2.97726446761316e-18,9.73437182075181e-17,-2.28241213572109e-16,-8.41340885848751e-17,-1.67400815431762e-16,1.09150124905081e-16
"t37",0.134949444751589,-0.144179390551894,-0.0367720773049335,0.0140382465671223,0.0192177122043252,0.000968331377973616,0.0212137489128797,0.212506976080943,-0.00189222802123793,0.000466123040244524,0.0470452368605106,0.183857919433868,-0.000639538615090695,0.00022804469115928,-0.000869413256158321,-0.000274917797375337,0.000180804532508566,-0.000511913143006747,0.000118344707676867,0.00451354165871924,3.7295413970625e-05,1.82644393379706e-05,-0.000230538693833596,-3.7834904662859e-06,-0.000721037977625523,7.18982835453885e-05,-0.000813361544256153,5.08199236366833e-06,0.000210107707132293,-9.21129922969235e-05,8.23928222796395e-06,-3.70797142990043e-16,-7.93766175975937e-06,0.000169543576002939,-2.16217985425113e-05,-0.000290643914515667,1.94763118708096e-06,-0.000137214198759414,-0.14166885136016,0.0180746846315103,-9.34582272682505e-16,-0.0565885216811137,5.71014256191271e-07,-2.27505829902483e-06,2.60467304887967e-05,7.46551544703472e-16,-0.00445178015143073,-2.87228766988386e-05,9.20601989462517e-16,6.66831235903755e-07,0.000529990097570956,-0.339318162367969,-9.37836385840737e-06,0.00040989933348199,0.751913061083748,3.34306438988779e-05,3.0836155369664e-16,-0.000603620160728994,-7.42856685052513e-16,-5.22754286845738e-15,2.95821117657306e-05,-0.402315579432845,-5.94142790522056e-17,-2.27194565244337e-16,6.69457724659626e-17,3.80599781647306e-17,-2.6749417096608e-16,1.60461921527855e-17,0.0181283533923183,-0.000845840153228528,-5.82853649010401e-16,2.33320307518881e-16,9.00664872899868e-17,1.17284243394107e-05,-4.92127383392924e-06,1.54816838649459e-16,-1.04083408558608e-16,-1.59285608161465e-18,-3.32205627969995e-17,-1.27502175484295e-16,-1.20504284348146e-16,2.38524477946811e-17,1.56125112837913e-16,-2.75492014150275e-16,-6.76457597302863e-17,1.42701584524221e-16,2.51534904016637e-17,-2.09684700158697e-16,-3.69917339511331e-16
"t29",0.131692354248468,-0.139128342273272,-0.0345764574476501,0.0131334562705078,0.0178399522275919,0.000893622589227288,0.019568668003723,0.186573698352405,-0.00154920171073903,0.000379142017927526,0.0380161684658942,0.140694535013034,-0.000445992203711341,0.000153579833639441,-0.000582801987310607,-0.000137999350860985,8.41526489066583e-05,-0.000228381007669623,4.91291569096755e-05,0.00162293242349723,1.09065828246441e-05,8.46696868219907e-07,2.53945296932151e-05,7.77942023589759e-07,0.000412368361176808,-8.93975120027806e-05,0.00121955337699209,-1.11387750051529e-05,-0.000465728598080941,0.000362219715733872,-5.3223778969206e-05,5.36896915814822e-16,-0.000115059100315893,0.00119124262048543,-0.000145723225173079,-0.00142229040496282,8.07096104240459e-06,-0.000562310692198126,-0.51615728764678,0.0626986994289933,-2.58647270268142e-15,-0.158920752404461,1.57415723227999e-06,-6.20571000978665e-06,6.86116810928936e-05,1.5363631305564e-15,-0.0114111732601586,-6.80566812921585e-05,-7.00996764682715e-17,1.44313765363356e-06,0.000920963928949129,-0.569050475828235,-9.8046955844032e-06,0.000125917923215748,-0.523910419213547,9.31100741202676e-05,-4.7592498904294e-16,-0.0015883631529903,-1.66099581462815e-17,1.90472508189536e-15,6.74929209509047e-05,0.00245019383084077,3.25260651745651e-18,1.16416208270631e-16,8.68785343453439e-17,-1.8060961735526e-16,-1.38463056004081e-16,-1.17310675062932e-16,0.00308927138458977,-0.00165065511977549,1.37031090389675e-17,1.07119174641568e-16,4.00320772365883e-17,2.1615372975368e-05,-9.03368428565102e-06,-4.18726045647558e-17,-3.08780778723872e-16,-4.02104892090413e-17,9.86431851018749e-17,4.33680868994202e-17,1.31436482522956e-16,-6.37510877421477e-17,-1.20996962449382e-16,1.65925736085387e-16,-1.44915241228936e-17,-1.69653753570519e-17,-2.24646690138997e-16,-8.95550994473027e-17,1.35903873626722e-16
"t25",0.130353147593393,-0.137057432444255,-0.0336819116545117,0.0127652607271764,0.0172802916420919,0.000863315779570508,0.018901379373591,0.176164978009075,-0.00141331828839554,0.000344725056741308,0.0344475197655561,0.123783528585688,-0.000371139433452452,0.000124905160051813,-0.000472495991670554,-8.67174148705709e-05,4.81421790298826e-05,-0.000123027446857032,2.3518658706072e-05,0.000561087881980554,1.29221634532452e-06,-5.33603383047899e-06,0.000114992473600517,2.36270690516949e-06,0.000796576295228342,-0.000142350278281836,0.00188079681109452,-1.63113947796165e-05,-0.000681116363113144,0.000502754087966668,-7.18076510439165e-05,-2.67472675952174e-16,-0.000144449693841534,0.00145399047414882,-0.000177420323061121,-0.00168890964919546,9.40328893458974e-06,-0.000654152858040123,-0.589618055288605,0.0709625124191966,-3.08585622332824e-15,-0.169170893822178,1.66177106310748e-06,-6.51756690818201e-06,7.06914115156789e-05,2.98929788652872e-15,-0.0115469057070287,-6.37724562034844e-05,1.68072484035468e-16,1.11233256830552e-06,-0.000680856707354336,0.720805089197941,-0.000233791043985969,0.00189256729563667,0.0507849501704445,0.000196207953439366,1.06431841339328e-16,-0.00319443029341543,5.29232213937465e-16,-3.20949049166416e-17,0.000108186133508801,0.00128676184851434,-2.35705552298349e-16,3.24176449573166e-17,-3.11033260566558e-17,7.03299829415114e-17,1.79125455609675e-17,-9.10729824887824e-18,0.00205728640012204,-0.0022965251497764,9.40001025332015e-17,-1.58727198051878e-16,1.18971023596628e-16,2.86340439191639e-05,-1.19247736208705e-05,-3.04938936117195e-17,-1.31838984174237e-16,-9.11800775420909e-17,3.19222907218207e-17,-1.39211558947139e-16,2.07845023962978e-16,1.75640751942652e-17,-2.64328489651966e-16,9.97914009076828e-18,9.40458800469908e-18,2.55055403043808e-16,-1.86482773667507e-16,-2.87042525165537e-16,1.74940241409039e-17
"t27",0.125511923233572,-0.129071949744965,-0.0296666273127547,0.0110618061092552,0.0145666212119385,0.000710974738636122,0.0155383232984109,0.103963298321287,0.000207088154250573,-9.09102112951889e-05,-0.0136218478844792,-0.313314338698022,-0.00887359378905689,0.00135148979659498,-0.00484805911686059,-0.000579848740107968,0.000355904235249576,-0.000976575652096943,0.000215870644689182,0.00769264533205427,5.93957002057098e-05,2.4149679949465e-05,-0.000276800894967262,-4.29723866931728e-06,-0.000665302345768773,4.32325529281258e-05,-0.000398688463639883,1.04736325775255e-06,4.12317429698307e-05,4.19081544429725e-05,-1.12251726506402e-05,7.4419637119405e-16,-4.38570168182694e-05,0.000482661134742984,-5.91048521194925e-05,-0.000554057604581546,2.77986680789152e-06,-0.00019075445612026,-0.128856962579102,0.0112210891195493,-1.04430353253804e-15,0.5804637856496,-2.33619018103343e-05,-0.000208232923791929,0.000248205491260576,5.35834296147555e-15,-0.0274423202004546,-0.000100043219474428,-8.09921813420392e-16,1.62365795933726e-06,0.000230003091654214,-0.0050364733544733,-5.17602270508712e-05,-0.699435225076357,0.000549276855792727,0.000174229915157604,-1.6753914148572e-16,-0.00284277378065901,-7.95433196731348e-17,3.45852226470274e-17,9.97695373884935e-05,4.48124422110702e-05,9.97465998686664e-17,7.58941520739853e-17,-4.09387784822636e-17,-1.28938178514018e-16,-1.01001330753143e-16,3.13117587413814e-16,0.0001325746572133,-0.0450412414586808,3.70718963379012e-16,8.67361737988404e-17,3.82701518936086e-16,2.70677243788282e-05,-1.12989485705657e-05,1.08597550203123e-16,5.55111512312578e-17,1.19789399967105e-16,-1.61093972679098e-16,1.07552855510562e-16,-9.69466151181926e-17,4.0766001685455e-17,7.89299181569447e-17,-1.44726513099475e-16,1.40825198655531e-16,1.80062594644468e-16,-1.09287578986539e-16,1.84314369322536e-16,4.27274451770167e-17
"t64",0.128692883564683,-0.133836694382605,-0.0315479446871575,0.0118201632900156,0.015680011037178,0.000769558219310762,0.0168253932524571,0.117708595972353,0.000248536418103041,-0.000109671900125155,-0.0165180990661572,-0.395925187866396,-0.0119561587045934,0.00186198352842466,-0.00669869099466063,-0.000933214200089561,0.000591561481585337,-0.00165090665789237,0.000374928104100535,0.014017928749267,0.000114621083072626,5.7224713320498e-05,-0.000745454969760008,-1.25067512136146e-05,-0.00261114794534722,0.000306792246664411,-0.00367831737427564,2.6546642499542e-05,0.00110285133303524,-0.000646069090848855,7.93640546552624e-05,-1.97758476261356e-16,9.65095192559454e-05,-0.000742159002289921,8.81541493411271e-05,0.000616132416693584,-2.50518403868406e-06,0.000169165136199845,0.0946012668331323,-0.00751917522096503,6.15826833971767e-16,-0.230858346469705,8.75044157869209e-06,7.52609571406174e-05,-7.91285283691344e-05,-1.55474318003961e-15,0.00785636839045933,1.98519816085527e-05,3.42867880128562e-16,-1.87517016865535e-07,-7.63943553896106e-06,0.00014883779685701,1.54776844847257e-06,-0.00261531112565199,1.0313579056466e-07,1.06824850289178e-06,-2.14085596808661e-16,-1.94201876085598e-05,2.74106907776004e-16,-3.08600415083006e-16,-1.50487889226739e-06,-1.15300152504226e-06,3.40005801291454e-16,-3.82593262626685e-15,2.23733992826646e-15,1.63874111454624e-15,-1.8065049513303e-15,-5.29090660172926e-15,-0.000448125448735784,0.847985507304517,-6.58121397014698e-15,-4.42701431069281e-15,-9.90007125624581e-16,1.54416320321607e-05,-6.22528303462211e-06,-9.19421128524154e-17,5.55111512312578e-17,4.87580257477119e-16,-1.92017884030328e-16,-6.03683769639929e-16,3.11105373716099e-16,-2.25514051876985e-17,-2.56739074444567e-16,1.13208692609136e-16,-1.5492845411052e-16,-1.18726626963972e-16,-2.42861286636753e-16,-9.10729824887824e-17,5.10225552026427e-17
"t72",0.129363476404102,-0.134838395656333,-0.0319410729584234,0.0119784541316908,0.0159120119113967,0.000781749987300958,0.0170932200121609,0.120540833066466,0.00025697575732881,-0.000113488139371068,-0.0171066255516501,-0.412582837619695,-0.0125708362203931,0.00196340815228945,-0.00706620222109708,-0.00100185204495584,0.000637146741778055,-0.00178107438745907,0.00040553123003444,0.0152282154750705,0.000125122787890949,6.33963996700916e-05,-0.000832063178094854,-1.40160180912285e-05,-0.00296310750132175,0.000353517758225064,-0.00425651896195384,3.09903572649067e-05,0.00128779440482944,-0.000763937838939938,9.46974259513364e-05,-5.82867087928207e-16,0.000119186606040694,-0.000934752930171365,0.000111247146711024,0.000794271034820708,-3.28919547807767e-06,0.000222442791430809,0.126789816695319,-0.0101796952887927,6.40112962635442e-16,-0.334859841876951,1.28097305801961e-05,0.000110792186396071,-0.000118884885345651,-2.31833175039974e-15,0.0120222951205465,3.25251039227283e-05,4.06117481742676e-16,-3.44456487793091e-07,-1.88271960289881e-05,0.000377657705485662,4.59611225872656e-06,-0.00826192117657797,3.37498339156826e-07,5.37092773363404e-06,1.21525052504533e-16,-0.000111079933939372,1.61254357138713e-16,8.6857459987826e-17,1.2189093449683e-05,6.1479554103437e-06,-3.55618312575245e-17,1.42377429290796e-15,-9.5709506757957e-16,-6.37772340888915e-16,7.7891286286178e-16,2.66453525910038e-15,0.00022123670517228,-0.3717687920531,3.13691369901875e-15,-1.21430643318376e-17,-1.83656395346575e-15,1.76599486782954e-06,-9.0581431198139e-07,-6.78046815900002e-15,-2.00117700188684e-14,-0.707106781186548,-3.0251977903541e-15,-5.03069808033274e-16,-1.10764355222854e-15,-6.05418493115906e-16,2.08166817117217e-17,1.47521338168706e-16,-2.14548689777674e-16,-1.6711407690426e-16,1.26634813746307e-16,8.93382590128056e-17,-1.19730724739756e-16
"t73",0.129363476404102,-0.134838395656333,-0.0319410729584235,0.0119784541316908,0.0159120119113967,0.000781749987300933,0.0170932200121609,0.120540833066466,0.000256975757328829,-0.000113488139371146,-0.0171066255516501,-0.412582837619695,-0.0125708362203931,0.00196340815228944,-0.00706620222109709,-0.00100185204495598,0.000637146741778089,-0.0017810743874591,0.000405531230034449,0.0152282154750706,0.000125122787890842,6.33963996701297e-05,-0.000832063178094833,-1.40160180912216e-05,-0.00296310750132179,0.000353517758225059,-0.00425651896195395,3.09903572650819e-05,0.00128779440482948,-0.00076393783893991,9.46974259512307e-05,-5.24753851482984e-16,0.000119186606040763,-0.000934752930171397,0.000111247146710911,0.000794271034820541,-3.28919547806205e-06,0.000222442791430985,0.126789816695319,-0.0101796952887927,5.89805981832114e-16,-0.33485984187695,1.2809730580092e-05,0.000110792186395918,-0.000118884885345595,-2.26668983872141e-15,0.0120222951205466,3.25251039226364e-05,7.8867144971057e-16,-3.44456487942277e-07,-1.88271960290154e-05,0.000377657705485771,4.59611225865717e-06,-0.00826192117657784,3.37498338972512e-07,5.3709277340018e-06,2.33619240818042e-17,-0.000111079933939443,-3.43767010741982e-16,1.16005560797975e-16,1.21890934495529e-05,6.14795541016625e-06,-3.46077333457373e-16,2.0794997668272e-15,-1.02699605579389e-15,-7.35584829823333e-16,8.57691480082194e-16,1.86742982188903e-15,0.000221236705172333,-0.371768792053101,2.58873227087443e-15,3.93608756699138e-15,2.54251143127512e-15,1.76599486712697e-06,-9.05814312404662e-07,6.74235411718949e-15,1.97758476261356e-14,0.707106781186548,3.09105388496193e-15,5.44703171456717e-16,7.21883499756476e-16,6.12357387019813e-16,9.36750677027476e-17,-1.65426665600231e-16,2.2195427311214e-16,5.97939619973274e-17,-3.24393290007663e-16,-4.55364912443912e-17,-9.72804203582578e-19
"t28",0.125705781379395,-0.12936156237203,-0.0297803151135025,0.0111075835329712,0.0146337189097882,0.0007145008830901,0.0156157852519305,0.104782601814528,0.000209529494108692,-9.20141652954076e-05,-0.0137920936340685,-0.318132252010014,-0.00905130604111102,0.00138080782878285,-0.00495429009689418,-0.000599655878090681,0.000369053482505746,-0.00101411455510904,0.000224692982123971,0.0080413134705486,6.24185853950432e-05,2.59207266770298e-05,-0.000301607344453813,-4.72904570624627e-06,-0.00076560654564073,5.64720179110087e-05,-0.000562223819380292,2.29912245224961e-06,9.33221759278693e-05,8.92680234843707e-06,-6.95750197876661e-06,3.36102673470506e-16,-3.77040252353342e-05,0.000431381732759683,-5.29688884504447e-05,-0.000507902848125135,2.58194227420606e-06,-0.000177335982530828,-0.121009259103594,0.0105850452413511,-4.97865637605344e-16,0.560095799500227,-2.2597196085522e-05,-0.00020170884403181,0.000241659589815218,5.64728152644276e-15,-0.0268372534991704,-9.94276220271997e-05,-9.76180455049081e-16,1.6632698390381e-06,0.000282696989780611,-0.0064706971131713,-0.000203318848374731,0.714592746740012,-5.76680239218851e-05,0.000128853697963472,3.66107173214679e-16,-0.00218486668279634,2.26453660612306e-16,-2.29012466587947e-16,8.71659255156825e-05,3.94664931411562e-05,-4.79651041107587e-16,2.89590400270878e-16,-2.37164433634527e-16,-7.82944665483745e-17,-2.83447456852187e-17,2.6324428747948e-16,0.000126268760596932,-0.0495715049253847,3.28443030270442e-16,-5.98479599211998e-17,1.08032293599627e-16,2.51921427802089e-05,-1.05299984227807e-05,9.29288830661248e-17,0,3.31423474909852e-18,8.56424368519511e-17,-2.07299455379228e-16,6.86526760513058e-17,3.29597460435593e-17,-5.33427468862868e-16,-1.64103394814883e-16,-1.06792448731456e-16,1.58490872318227e-16,-9.28077059647592e-17,1.13841228110978e-16,-3.2293343029019e-17
"t38",0.107755581403188,-0.099823727154173,-0.0149408438033051,0.00480774157471768,0.00458106281622596,0.000149141668080653,0.00313312938943584,-0.174348828522757,0.00852149970723101,-0.00249754697586481,-0.306839794045626,0.0650474831158334,-0.02596099781023,0.00402611044928847,-0.01446443006138,-0.0020988459154398,0.00182747352408393,-0.375624616733843,0.000316267519446003,0.0188236656530038,0.000163672324115294,8.05078956420419e-05,-0.00102000587904197,-1.68334134383746e-05,-0.00332561232015323,0.000363104654092505,-0.00426166179918886,2.93811606422202e-05,0.00121891858426829,-0.000666023243395736,7.75259327222042e-05,-2.74086309204336e-16,7.39491294300156e-05,-0.000474244931019994,5.51821413286207e-05,0.000293017965470384,-8.15056071308551e-07,5.26686718654823e-05,0.00808059653996396,0.00102944503101525,4.54497550705923e-16,-0.00311924393819648,-6.37160812860804e-07,-9.42691647932981e-06,2.82229750712994e-05,2.87212981003514e-15,-0.014114249808003,-1.0128119850402e-05,3.15770535662451e-16,1.0757121689936e-07,-0.000103882873097058,0.000429573347474542,0.000134875827984959,-0.000243899440761404,-6.13344986971559e-05,-0.00204268570246761,-1.60380576006583e-14,0.833971973112531,1.03096129103998e-15,-5.2088235542274e-16,0.000238002986688182,1.60809773689821e-05,1.24032728532342e-15,-1.88868018446975e-16,8.00147165821199e-17,-5.54947675324214e-19,1.58264191216936e-16,6.67868538251071e-16,2.76876834392802e-05,-0.000549347871452208,-4.43673452038362e-16,-3.33066907387547e-16,-2.01266651134678e-17,3.69060793095864e-05,-1.53027854497279e-05,1.73321325948152e-16,0,7.24109310526431e-17,9.52743135055918e-17,-1.2490009027033e-16,-7.00319459366111e-17,1.29236898960272e-16,-7.28583859910259e-17,1.37856321082009e-16,-7.03681756624388e-17,-3.51421091647648e-18,-1.2490009027033e-16,-5.29090660172926e-17,-7.56898291989081e-17
"t51",0.10843960437274,-0.100736062806834,-0.0151693837571478,0.00488684988660839,0.00466446940974095,0.000152052346918371,0.00319457229241069,-0.179561882547881,0.00888489818398731,-0.00260679042119417,-0.320594407299727,0.0685147496185095,-0.0276692634931979,0.00430774812182491,-0.0154839756968946,-0.00230133842638663,0.00201292787530124,-0.414706214080691,0.000350439892739537,0.0209865757820077,0.000183750432781543,9.23537912874647e-05,-0.00118327251233823,-1.96469965116283e-05,-0.00395705054281346,0.000442686068578328,-0.0052315087890672,3.6592681579288e-05,0.00151875350331912,-0.000847622521606459,0.000100224035018315,9.97465998686664e-17,0.00010178986129222,-0.000678300440436583,7.92342699419671e-05,0.000439652701044724,-1.27271966183642e-06,8.25219435420193e-05,0.0132297108002646,0.00172678419048314,3.8294020732188e-16,-0.00631607595241216,-1.32760676268759e-06,-1.99966395632942e-05,6.41127334781331e-05,8.21085251864011e-15,-0.0342730073501605,-3.33287902129498e-05,4.40115482477958e-17,9.36129237615393e-07,0.000250983567941204,-0.000915102026729994,-0.000173586951238593,0.00027061136453583,6.30503201679447e-05,0.00109317109794576,6.99145105146063e-15,-0.389864790061145,-1.3032889454492e-15,1.06406237340483e-15,-1.33191019962642e-05,-2.17660998282258e-07,-4.34027813689397e-15,-1.30971622436249e-15,-7.80485796542694e-14,3.31468067380732e-12,-0.707106781186549,4.57596634195756e-13,8.03498031229171e-06,-0.000165210913924924,2.13519662845396e-15,-4.33680868994202e-17,8.62415166750866e-16,1.62675680202059e-05,-6.90469914966726e-06,2.46816557490644e-17,-2.77555756156289e-17,-1.59636299968599e-16,-1.63514264531625e-16,-1.31838984174237e-16,1.13777148968626e-16,-2.69749500514394e-16,-1.73472347597681e-18,-2.45989876620995e-16,-1.21263819115712e-17,-8.52215201092461e-17,-3.22658566531686e-16,-7.80625564189563e-17,2.01997988985276e-17
"t52",0.10843960437274,-0.100736062806834,-0.0151693837571478,0.00488684988660841,0.00466446940974094,0.000152052346918363,0.00319457229241068,-0.179561882547881,0.00888489818398729,-0.00260679042119418,-0.320594407299727,0.0685147496185095,-0.0276692634931979,0.00430774812182486,-0.0154839756968946,-0.00230133842638659,0.00201292787530122,-0.414706214080691,0.000350439892739512,0.0209865757820077,0.000183750432781555,9.23537912875453e-05,-0.00118327251233819,-1.96469965116387e-05,-0.00395705054281349,0.000442686068578276,-0.00523150878906739,3.6592681579229e-05,0.00151875350331909,-0.000847622521606452,0.000100224035018308,-4.33680868994202e-18,0.000101789861292332,-0.000678300440436592,7.92342699421239e-05,0.000439652701044706,-1.27271966182161e-06,8.25219435416843e-05,0.0132297108002645,0.00172678419048312,-4.01154803819637e-16,-0.00631607595241189,-1.32760676254534e-06,-1.99966395633046e-05,6.41127334783942e-05,7.83086676252292e-15,-0.0342730073501607,-3.33287902131284e-05,-4.77814957112656e-16,9.36129237847846e-07,0.000250983567941542,-0.000915102026730173,-0.000173586951238326,0.000270611364535789,6.30503201679103e-05,0.00109317109794605,7.93100693466583e-15,-0.389864790061145,3.68984485946447e-16,-7.1511339134691e-16,-1.33191019972972e-05,-2.17660998121153e-07,3.10168557504653e-15,1.00332069041809e-15,7.79156169782142e-14,-3.31470850511971e-12,0.707106781186548,-4.58109244982907e-13,8.03498033025325e-06,-0.000165210913921854,-1.45307890980141e-15,1.92554305833426e-16,-6.52106868492402e-16,1.62675680201799e-05,-6.90469914937236e-06,-3.0770674270219e-16,-6.93889390390723e-17,3.5276229098268e-17,1.99910505587056e-16,-1.196959198424e-16,-1.82425721855127e-16,2.15539391890118e-16,-2.31585584042904e-16,8.53981777639466e-17,-6.13486100617934e-17,-1.19113665173251e-16,-1.33573707650214e-16,-6.13658429626796e-17,-3.81300256095186e-17
"t67",0.108444037888992,-0.100732422268196,-0.0151625433767891,0.0048840575893526,0.00466082103607781,0.000151905884617135,0.00319145081811028,-0.178977964811863,0.00880500010731063,-0.00258150795332899,-0.317247173881259,0.0672846433186103,-0.0266250520453696,0.00409997125490175,-0.0147129788851631,-0.00144610991473762,0.000261082017359056,0.4519720029975,0.00115762410329405,0.0334566679267997,0.000251017624980287,0.000112911870820646,-0.0014255557646193,-2.35698800698791e-05,-0.00472687001160299,0.000531459629684509,-0.00629706845610972,4.43424657503716e-05,0.00184081154611162,-0.0010399791088084,0.000124260525515368,-4.16333634234434e-17,0.000132854228435121,-0.00091975407729322,0.000107888467753303,0.000629869623411645,-1.92188348407807e-06,0.00012520993456868,0.0214600524206755,0.00291837492816968,-3.06178693509906e-16,-0.0171736749351179,-4.03721631626192e-06,-6.58147855195773e-05,0.000315445457320035,7.9018726486288e-14,-0.34959063427455,7.023761554837e-05,-9.70776907321213e-17,-2.88668283989976e-07,3.3813913380728e-05,-0.000130505795835277,-2.69333663171136e-05,4.08405325804678e-05,9.26544143996978e-06,5.29638469160335e-05,-1.10535595202092e-16,-0.0037586807601486,4.89092034378699e-16,-1.03929700785382e-16,3.70820312815814e-05,2.82789045978783e-06,4.47558656802016e-16,-2.17848742517512e-15,2.21187176155779e-16,-2.65135062689123e-16,-2.15919452782135e-16,-5.23019128007007e-16,9.54743581491621e-06,-0.000193157560909971,-1.20371505505353e-15,1.32966554433622e-14,1.7948584733497e-14,1.65652300446219e-05,-6.98797126923167e-06,-0.707106781186547,4.16333634234434e-17,6.64997137136359e-15,1.09462414830143e-15,-4.61436444609831e-16,-2.16150771814817e-16,3.48679418671338e-16,4.28476698566271e-16,-5.10456957101721e-16,1.51824295939646e-16,1.50919670193275e-16,1.05818132034585e-16,-3.42607886505419e-17,-7.18663845183949e-17
"t68",0.108444037888992,-0.100732422268196,-0.0151625433767891,0.00488405758935257,0.00466082103607778,0.000151905884617119,0.00319145081811026,-0.178977964811863,0.00880500010731066,-0.00258150795332901,-0.317247173881259,0.0672846433186102,-0.0266250520453696,0.00409997125490176,-0.0147129788851632,-0.00144610991473758,0.000261082017359036,0.451972002997499,0.00115762410329414,0.0334566679267997,0.000251017624980306,0.000112911870821004,-0.00142555576461923,-2.35698800698861e-05,-0.00472687001160301,0.000531459629684377,-0.00629706845610964,4.43424657504098e-05,0.00184081154611175,-0.00103997910880838,0.000124260525515302,7.37257477290143e-17,0.000132854228435208,-0.000919754077293323,0.000107888467753403,0.000629869623411652,-1.92188348412269e-06,0.000125209934568671,0.0214600524206755,0.00291837492816971,2.26381413614973e-16,-0.0171736749351181,-4.03721631623416e-06,-6.58147855194559e-05,0.000315445457320072,7.94517839415675e-14,-0.34959063427455,7.02376155483006e-05,-3.94691184297291e-16,-2.88668284074978e-07,3.38139133809505e-05,-0.000130505795835173,-2.69333663159236e-05,4.08405325804761e-05,9.26544143969722e-06,5.29638469162243e-05,2.20475901376054e-16,-0.00375868076014893,-2.05231034853457e-16,-1.16289604176787e-16,3.70820312816629e-05,2.82789045966755e-06,-5.89805981832114e-16,2.34209353300319e-15,-1.3250657536474e-16,1.9956033422655e-16,9.4568975724144e-18,9.0205620750794e-16,9.54743581472193e-06,-0.000193157560909825,8.84295557357273e-16,-1.3463188897056e-14,-1.78579510422687e-14,1.65652300437372e-05,-6.98797126742062e-06,0.707106781186547,-3.12250225675825e-16,-6.5953465792448e-15,-1.35198522166967e-15,4.04190569902596e-16,2.35101405783763e-16,-2.04697370165263e-16,-4.90926743701436e-16,5.5976936715612e-16,-2.10404205691868e-16,1.31400951701911e-16,-2.39391839684799e-16,-1.7130394325271e-16,-1.17999765775671e-17
"t21",0.106583545255306,-0.0982447799218831,-0.0145361450714404,0.00466703022521691,0.00443168648129982,0.000143901645309715,0.00302247344221029,-0.164541018388798,0.00779301810218432,-0.00227721287303546,-0.278926080417056,0.0576265168000846,-0.0219117259080125,0.00332862325532292,-0.0119239523887389,-0.00107164572714526,0.00018999718444951,0.325830335763815,0.000822208185531846,0.0231531723732398,0.000168535238611253,6.84931156642919e-05,-0.000816091928400831,-1.30531805519552e-05,-0.00233512125813865,0.000221742329840726,-0.00248903388207595,1.54604600446246e-05,0.000639242457372673,-0.000289041045505923,2.8061606182276e-05,2.42725761365192e-16,1.42834373106113e-06,0.000115926485878852,-1.51262149059458e-05,-0.00019072857803292,8.74877483095198e-07,-5.86458998621643e-05,-0.0137821121408752,-0.00216137614528737,4.76506854807379e-17,0.0269283681844651,6.87883318567051e-06,0.000117821382707327,-0.000672230952788457,-1.96750747859397e-13,0.866405133043619,-0.000299426921745893,5.91436377858619e-16,3.48117759274027e-06,0.000458063681226389,-0.00158726741845736,-0.000229215498796884,0.000319134259434776,6.95078319468297e-05,0.00030238911651492,4.65415378320385e-16,-0.0205794594856029,-2.26786823470413e-16,3.79900922401982e-17,0.000152363027122668,1.12360504390184e-05,2.82976767018717e-17,-2.68678850869064e-16,-1.20398435996756e-16,3.58067268920558e-17,9.3849114276194e-17,1.06143392686331e-16,2.89343510085337e-05,-0.000579224705692672,-5.80002446959238e-17,-7.26415455565288e-18,4.6202800393114e-17,4.27442759947655e-05,-1.7816555427125e-05,1.13851115294527e-16,-1.70870262383715e-16,-4.42229093854876e-17,-1.2249380399588e-16,-7.48099499014998e-17,2.79494615708312e-18,-3.29055359349351e-17,-1.16822784085313e-16,-5.52449719975768e-18,1.3572921256206e-17,7.57305434567885e-17,-1.64798730217797e-17,-2.08505630296119e-16,1.281305158038e-16
"t2",0.0102587030336538,0.0359642119243355,0.0669233209153324,-0.0464185903362087,-0.0763621386931047,-0.00595885698677734,-0.136428967863205,0.00660490643607005,-0.00175530487093355,0.000548239225075675,0.00100405752390953,-0.00034058864081959,0.052022738916842,-0.0385497246804732,-0.00857773926593508,0.0191162314799381,-0.0114291217595294,0.000257824850341087,-0.00941990347556238,-0.00778479186180305,-0.00917254050297078,-0.00333500831619363,0.0756453229507629,0.00154389506603754,0.960841287936097,0.0490578372755973,-0.0141637656891156,0.00242750452538248,0.0916185617789476,-0.0351031914310946,0.0051673173924816,3.68574528536447e-16,0.00330540707959921,-0.013722257957544,0.00159055569269008,0.0987372137128662,-2.06287226017373e-05,0.000946483418399665,0.0045233881958071,0.00142859487937423,5.58797799699029e-16,-0.0017389402541524,-2.27380614372936e-05,-0.000222089004791357,0.000674856547087073,4.97283788451431e-16,-0.00199516650859558,-0.00497636288017412,2.55939205129343e-17,1.02272638290137e-05,0.00247282173294754,-0.000177382012697556,-0.000968835927169253,3.88559892092776e-05,8.53551281792469e-06,0.0100367397166417,1.1709430031494e-15,-0.000556670210910252,1.8352222470318e-16,-6.89698789521521e-17,0.00103278958109988,1.69198876554448e-06,-3.15177571541536e-16,-1.91700496622593e-16,-1.70174323047476e-17,-4.41252232830555e-18,-1.86689963380218e-17,3.00324001778485e-16,4.75025365933367e-06,-9.54375383217009e-05,3.92676179250828e-17,7.76288755499621e-17,5.67674231982125e-17,0.000229905720036288,-9.59578533971366e-05,-5.85614730843298e-18,-8.67361737988404e-18,2.38067140939488e-17,-6.6102615908593e-17,-8.95550994473027e-17,-1.02153581896827e-16,7.50810004446212e-17,-7.17741838185404e-17,-1.81786565211921e-17,2.21583873109758e-17,3.84068309345954e-17,-2.16948854714349e-16,6.26126754610379e-18,-1.60278033628178e-17
"t14",0.0119864955215159,0.0456361522933233,0.106516314081906,-0.0778066304652389,-0.139453386182946,-0.0116807839532022,-0.268872233436845,0.0352330823314816,0.00655970283512752,-0.00177547141638198,-0.00287095654421155,0.000517860998308393,-0.0701622032564388,0.16959350797115,0.0908626563426888,-0.00211084537733298,0.00112298075231799,-2.36089764883243e-05,0.000764054485554435,0.000498765638977081,0.00042944391368869,2.37573563792426e-05,0.000495065561994058,1.90885926574062e-05,0.0236351733029829,0.00141391306290618,-0.000396714926829179,5.70590078182217e-05,0.00213580351822979,-0.000328444361519312,-3.75231697975605e-05,-1.25333771139324e-16,-0.000554523296033655,0.00669441257418747,-0.000874607852791261,-0.859119474982494,-3.04698645377049e-05,0.00130226293202554,0.003704543524487,0.00101419955899361,-9.78817721319913e-16,-0.000852383390929776,-1.09576131873991e-05,-0.000106134913149635,0.000316577204815019,1.21005866796139e-15,-0.00093624108639863,-0.308625493753891,-5.11554744760825e-16,3.45692806477671e-06,0.000864421542924191,-6.20613169105384e-05,-0.000340978014637639,1.3721884951584e-05,3.02151194412581e-06,0.013294141042379,1.19989219886314e-15,-0.000167329510541631,7.29849361166714e-17,-2.75017453784991e-17,0.000352678300477228,5.78794349865503e-07,-2.13370987545147e-16,2.09738910267321e-16,-1.8739949241719e-16,-7.19721851358188e-17,-8.46400305543709e-17,2.03830008427275e-17,1.64287951678931e-06,-3.30227833336659e-05,-1.08062199901488e-16,-4.16333634234434e-17,-8.44310615597534e-17,8.02268646198845e-05,-3.35139628052511e-05,-1.10792023685512e-17,-1.73472347597681e-17,-1.21343508199084e-16,-4.61494414507178e-17,-5.20417042793042e-17,1.35888339872348e-18,1.47017814589034e-16,7.63278329429795e-17,-1.44347670340442e-16,1.70940989098436e-17,2.60847894922606e-16,2.25514051876985e-17,8.67361737988404e-18,-1.27720387249347e-16
"t23",0.0122783232784624,0.0472675680184978,0.113180385418731,-0.0830883799234097,-0.15006711757718,-0.0126432759416294,-0.291150580760257,0.0400636418733897,0.00799319866525647,-0.00217748528278701,-0.00354395812223861,0.00067467281783361,-0.100197794825509,0.250675467574498,0.134921046371794,-0.00416126549230371,0.00238214403190244,-5.21728846220714e-05,0.00180961960324665,0.00135499209587388,0.00141706225972432,0.000347843319814937,-0.00637242029179534,-0.000115423759926792,-0.0480431966387662,-0.00134725631138904,0.00031777353420602,-3.25779096374754e-05,-0.00120763448972114,0.000116397219598718,9.36491133022362e-06,9.36750677027476e-17,1.22086495339263e-05,0.000317829572880908,-4.63452121094053e-05,-0.0871690351877682,-3.95111400985855e-06,0.000171321699150863,0.000556748271642239,0.000158998507097509,1.78676518025611e-16,-0.000120308720050658,-1.41784147274227e-06,-1.28033553821738e-05,2.38283726745649e-05,-2.86640072451553e-15,-6.78947651226898e-06,0.869789901320507,1.86801952339939e-15,2.69368303421058e-06,0.000511536729706026,-3.65263597323454e-05,-0.000197172025168666,7.90452484098099e-06,1.7375588441246e-06,0.00757723820995437,1.11734038773928e-15,-9.52943168490792e-05,-6.15400175747361e-18,-1.761773910721e-16,0.000200938410553663,3.30072569972169e-07,3.98986399474666e-17,-1.47451495458029e-16,-4.55778039182515e-17,1.10901283389907e-16,6.33853510381217e-17,2.35922392732846e-16,9.52931309111237e-07,-1.91750050128336e-05,9.23583918878665e-17,-1.80411241501588e-16,1.01018183315801e-16,4.75002850157773e-05,-1.98810486374407e-05,4.96863504629084e-17,6.93889390390723e-17,4.66561634054113e-17,3.79626158542613e-17,1.11022302462516e-16,2.52401260226118e-16,2.22044604925031e-16,-1.2490009027033e-16,-2.93291152202809e-17,-6.39874274732455e-18,5.71929582573896e-17,2.25514051876985e-16,-1.50920942409982e-16,-4.91994813276731e-16
"t97",0.0124990592809555,0.0484999687138521,0.118200206498599,-0.0870648032591325,-0.158051266744586,-0.013366866006847,-0.307898439781723,0.0436775668085603,0.00905919381357949,-0.00247627999416173,-0.00404390362441561,0.000790689230828962,-0.122285314604525,0.310180589279992,0.167246548982964,-0.00564638558472478,0.00329186192174388,-7.27829693476924e-05,0.00256250942235927,0.00196939240235667,0.00212292369608607,0.000576532271590447,-0.0111852154368289,-0.000209333365145413,-0.0974685513327942,-0.00322017942298774,0.000800092026247655,-9.24635008045091e-05,-0.00344065122658928,0.000408821239362339,3.98114050103308e-05,1.18394877235417e-16,0.000360788658416002,-0.00345871578398402,0.000442199237576394,0.346286861151198,1.02042038852139e-05,-0.000429588158735641,-0.00101124282021877,-0.000250288548015117,1.83880688453542e-16,9.14550808171592e-05,9.97084374874252e-07,8.59894640264924e-06,-1.3632313060688e-05,8.41913827735059e-16,3.38905762519229e-06,-0.272182003593305,-6.16248437834034e-16,-3.96306878705337e-07,1.17043455391066e-05,-1.16716293321799e-06,-1.38050808863996e-05,6.42617705355533e-07,1.51229897237632e-07,0.0010006272983415,1.23465043649599e-16,-1.33512398138831e-05,-6.74246735275132e-17,-5.15522580374454e-17,4.12418626510747e-05,7.06794287961889e-08,1.04083408558608e-16,1.58510357617381e-16,1.26505767222277e-16,-5.752187162999e-17,-1.80653029094839e-17,-7.28583859910259e-17,2.83747762526605e-07,-5.78129552097559e-06,-1.59096114521432e-16,8.67361737988404e-18,6.99746474986323e-17,1.70550159834439e-05,-7.23709293295322e-06,-1.12483222740847e-17,6.93889390390723e-18,-9.53487264501422e-18,1.53791460180416e-16,-3.05311331771918e-16,2.75431503274447e-16,-2.23779328401008e-16,6.85215773010839e-17,4.6576907645127e-18,2.77108444271685e-16,8.769040883197e-16,2.08427025638613e-15,-1.13147338720587e-15,0.707106781186548
"t98",0.0124990592809555,0.0484999687138521,0.118200206498599,-0.0870648032591325,-0.158051266744586,-0.013366866006847,-0.307898439781723,0.0436775668085603,0.00905919381357947,-0.00247627999416175,-0.00404390362441559,0.00079068923082898,-0.122285314604525,0.310180589279992,0.167246548982964,-0.0056463855847248,0.00329186192174384,-7.27829693476421e-05,0.00256250942235927,0.00196939240235671,0.00212292369608604,0.000576532271590363,-0.0111852154368289,-0.000209333365145351,-0.0974685513327943,-0.0032201794229878,0.000800092026247654,-9.24635008045221e-05,-0.00344065122658921,0.00040882123936227,3.98114050103262e-05,-1.37043154602168e-16,0.00036078865841597,-0.00345871578398399,0.000442199237576394,0.346286861151198,1.0204203885193e-05,-0.000429588158735595,-0.00101124282021873,-0.00025028854801512,1.93855348440408e-16,9.14550808171089e-05,9.97084374659146e-07,8.59894640276374e-06,-1.36323130606438e-05,8.8007771699985e-16,3.38905762523566e-06,-0.272182003593306,-5.32981742050033e-16,-3.96306878623805e-07,1.17043455391825e-05,-1.16716293329988e-06,-1.38050808863917e-05,6.42617705209057e-07,1.51229896598929e-07,0.00100062729834157,1.06167191157292e-16,-1.33512398139057e-05,6.44143025383887e-17,5.94700363916226e-17,4.12418626511502e-05,7.06794288469247e-08,1.91686944095437e-16,-6.09321620936853e-17,-6.2194133987256e-17,-6.91959128330468e-17,-1.14051591451993e-16,-1.45716771982052e-16,2.83747762442471e-07,-5.78129552094089e-06,9.76440308041118e-17,9.71445146547012e-17,2.83421305998321e-17,1.70550159833919e-05,-7.23709293296709e-06,1.68850512602908e-17,-1.31838984174237e-16,3.38292064423613e-17,-2.62552042743221e-16,1.75207071073658e-16,-5.57293931568974e-16,2.26815094483968e-16,-2.83627288322208e-16,4.57367321543977e-18,-2.91908963515393e-16,-1.07914019663438e-15,-2.48065457064683e-15,9.03357250114922e-16,-0.707106781186548
"t36",0.011981004786318,0.0455492706209906,0.105580721324902,-0.0769679893201327,-0.13745811518471,-0.0114777194381034,-0.264134123752309,0.0331159523849834,0.0052686299685705,-0.00139099742539223,-0.00218769917259671,0.000259159215163676,0.0538515937896785,-0.361011513613658,-0.219052079712277,-0.0113374944490871,0.00580336423219841,-0.000121740348101097,0.00399899358338108,0.00279762896032838,0.00277595094299664,0.0006279283867795,-0.0113156720503518,-0.000204072758336768,-0.0851613381779615,-0.00246799250266743,0.000590980843262478,-6.31299303490637e-05,-0.00234354101489353,0.00024693841439484,2.18788187137948e-05,6.93889390390723e-18,0.00012461789440082,-0.000785182269840763,9.51251722375655e-05,0.0284595461831425,-3.87485601669025e-07,2.07143228762936e-05,0.000184732995571365,6.47886661714918e-05,-5.66387214906428e-16,-9.58094676234301e-05,-1.25333291185054e-06,-1.22246249925594e-05,3.66056701873226e-05,-5.07225915249341e-16,-0.000105546242605047,-0.000960401250426322,-1.98898508521258e-16,1.54935801167932e-07,-0.00033304249213547,2.80675222340449e-05,0.000323972074886055,-1.70231003907412e-05,-4.36055803534945e-06,-0.830697181241339,-9.83711574787637e-14,-0.0022309459778842,1.25030004560743e-15,-2.79659863051082e-16,0.000583826044155253,8.83640636695376e-07,9.0726037793587e-16,3.1637019393127e-16,-3.95639221528033e-17,-1.52988846360809e-16,1.23104158996417e-16,1.04083408558608e-17,1.671023789695e-06,-3.32558935787555e-05,-1.08892505654649e-16,-1.07552855510562e-16,-3.17777260859472e-16,7.23424701023871e-05,-3.00209746424418e-05,1.26489169623588e-16,1.38777878078145e-17,2.24910071266234e-16,-1.1217906815274e-16,-2.08166817117217e-17,1.2928986679225e-16,-3.46944695195361e-18,2.56739074444567e-16,6.49141433234431e-17,9.44258580629467e-18,1.42658350559488e-16,-1.31838984174237e-16,-1.75207071073658e-16,-2.01404888579198e-17
"t47",0.0120583969355082,0.0459729353425389,0.107224698881172,-0.0782572329728003,-0.140005989830636,-0.0117057781182804,-0.26940782129325,0.0341244666489381,0.00549758613853779,-0.00145300063936367,-0.00228764136517955,0.000273242101680083,0.0574657995949936,-0.386773351243255,-0.234803238277238,-0.012454477439085,0.00640488665568717,-0.000134678802681279,0.00444043076900988,0.00312613136639819,0.00312405219433019,0.00072246543233664,-0.0131698765756581,-0.000239000914683721,-0.10173399439005,-0.0030230191797308,0.000729029224829659,-7.90458657253489e-05,-0.00293568617713122,0.000316172118944469,2.847078316924e-05,-1.40512601554121e-16,0.000173058732097539,-0.00113474455313682,0.000138034840944226,0.0432366107184594,-6.1378716558921e-07,3.29288072778655e-05,0.000307538690416349,0.000110647454735848,1.83880688453542e-16,-0.000199859848188152,-2.69594223221981e-06,-2.68059164690165e-05,8.64312820753835e-05,4.32225831595502e-16,-0.000267944967124172,-0.00341791153469481,4.04653216837818e-16,1.88964935924144e-06,0.000688401079444326,-5.15973593655444e-05,-0.000368125832373403,1.67351827861982e-05,3.97701502970665e-06,0.393442497832173,4.53364837983158e-14,0.000919534222569716,-4.91804623522049e-16,-5.86281080814167e-16,-1.85742330051052e-05,7.12805583843654e-09,5.42448030937948e-15,7.77719902367302e-15,-0.707106781186548,6.79066153883522e-15,7.77353676665518e-14,-3.305862528169e-14,4.96842901199362e-07,-1.02257013838564e-05,-6.26248730623722e-16,-2.67147415300428e-16,8.39519787226478e-17,3.20636003136761e-05,-1.36108920378991e-05,-1.29418359917484e-16,2.63677968348475e-16,-1.889003530284e-16,1.00582597699868e-16,1.90819582357449e-16,-2.20151605828441e-16,-1.73472347597681e-17,-2.98372437868011e-16,-2.06086009518905e-17,-2.94790326719429e-17,-4.32670147343481e-18,-2.77555756156289e-16,-2.33320307518881e-16,1.18781540964523e-16
"t48",0.0120583969355082,0.0459729353425389,0.107224698881172,-0.0782572329728003,-0.140005989830636,-0.0117057781182803,-0.26940782129325,0.0341244666489381,0.00549758613853782,-0.00145300063936369,-0.00228764136517952,0.000273242101680122,0.0574657995949936,-0.386773351243255,-0.234803238277238,-0.012454477439085,0.00640488665568723,-0.000134678802681305,0.00444043076900995,0.00312613136639816,0.00312405219433022,0.000722465432336645,-0.0131698765756581,-0.000239000914683776,-0.10173399439005,-0.0030230191797308,0.000729029224829675,-7.90458657251563e-05,-0.00293568617713122,0.000316172118944302,2.84707831692187e-05,1.64798730217797e-16,0.000173058732097303,-0.00113474455313679,0.000138034840944014,0.0432366107184591,-6.13787165546886e-07,3.29288072778442e-05,0.000307538690416442,0.000110647454735832,3.45209971719385e-16,-0.000199859848188152,-2.69594223238634e-06,-2.68059164688708e-05,8.64312820751389e-05,1.21710329456731e-16,-0.000267944967123988,-0.00341791153469476,-2.48470171813075e-16,1.88964935911654e-06,0.000688401079444056,-5.15973593654234e-05,-0.000368125832373741,1.67351827863962e-05,3.97701502976352e-06,0.393442497832173,4.79376853861294e-14,0.000919534222569549,-5.83744967624298e-16,6.93944844523023e-16,-1.85742330070533e-05,7.12805603239692e-09,-6.28490315346397e-15,-8.1525498157875e-15,0.707106781186548,-6.67114468918189e-15,-7.79873790707002e-14,3.30378085999783e-14,4.96842898079029e-07,-1.02257013876866e-05,6.81732764007237e-16,5.82867087928207e-16,2.93853514784321e-16,3.20636003137038e-05,-1.36108920378228e-05,2.1102790810111e-17,-3.60822483003176e-16,-7.86369736390428e-17,-6.76855348958334e-17,-1.28369537222284e-16,9.20988763638469e-17,1.88217497143484e-16,-1.83880688453542e-16,-1.03874961629184e-16,-3.98872521519735e-17,-1.3216558935637e-17,-6.24500451351651e-17,-1.31838984174237e-16,-5.72928362806187e-17
"t40",-0.0464014202847296,0.0170718540555161,0.146054189335406,-0.209767439558471,-0.154156591256657,0.00788992104863435,0.249783850632877,0.0174089487277544,0.00456402712985374,-0.00476979732756255,-0.00204677400847546,0.000445223001652049,-0.0978010689201334,-0.0648628857161486,0.0761190808718089,-0.000277073523831378,0.000321135852985668,-8.46172448678087e-06,0.00135930430613236,0.000266843812746052,0.00117259815656973,7.67970454796994e-05,-0.00356865798935219,-5.40807672382484e-05,-0.00327429435416158,0.000200193248956524,-8.21575746068417e-05,4.09338225764678e-05,0.000822619402019414,-0.000435961151946579,0.000326453066256177,2.38958158815805e-16,0.000225412125036845,-0.000225408987506492,2.58338869117663e-05,0.000155526316354728,-1.22459874873138e-06,1.43184699254124e-05,4.95875534406208e-05,1.25101032167219e-05,8.5868812060852e-17,1.8448339547868e-05,1.15115582790745e-06,3.51959124767712e-06,-5.81883225965604e-05,-1.07858345853124e-16,6.28442321579476e-05,4.5834420692969e-05,-2.89013919638928e-17,-1.67346468670903e-06,-0.461941622385713,-0.000582602700581552,-0.00055341480248842,1.7034697560727e-05,3.29892827938634e-06,0.000175357327011121,5.44364545862856e-16,-3.82216749186654e-05,3.61123712586799e-15,3.21873774014194e-15,-0.775600039776684,3.61674902710785e-06,1.25854188182117e-15,5.1125553443554e-16,-1.16359965016685e-15,-1.04660472984142e-15,-4.99372231873405e-16,-8.10115863281169e-16,1.77124159579656e-06,-3.48012293685147e-05,-2.29751405254726e-16,-2.48065457064683e-16,7.49632366416512e-17,6.57816303184103e-05,-2.70515698423679e-05,1.39091005732008e-16,2.42861286636753e-17,-9.74368027488474e-17,1.9960664381301e-16,1.17093834628434e-16,-1.83193807694365e-16,1.59811400224363e-16,4.38017677684144e-16,-4.15460267992379e-17,1.92407055527906e-16,-5.01060457272282e-17,-4.88324658487471e-16,-1.10480201376273e-16,-7.94197199803432e-17
"t49",-0.0468319402657351,0.0173004870193467,0.14934649090556,-0.214859387366049,-0.158303922761588,0.00811773000289282,0.257031529221331,0.0181866322857273,0.00485841084899166,-0.00508569431138986,-0.00218584383567484,0.00048149765655679,-0.107762649174896,-0.0719163531863804,0.0844643277443168,-0.000319811169371485,0.000373523888612441,-9.88097071843411e-06,0.00159712052001101,0.000316873014970718,0.00140938371143074,9.59384223255134e-05,-0.00455157910011605,-6.97720867029877e-05,-0.00438529260696023,0.000281757823050752,-0.000117326138423522,6.03244905246509e-05,0.0012134615073022,-0.000675001228433884,0.000524902239459509,-2.84494650060196e-16,0.000430142354551343,-0.000487691433037548,5.66782994282841e-05,0.000406843811728309,-3.91222475601913e-06,4.66380850593826e-05,0.000218292475448767,6.89483290877168e-05,-1.64798730217797e-16,-8.08347296611823e-05,-3.81858912691657e-06,-1.00808647116243e-05,0.000106367067336227,-3.08632081985401e-16,-8.18851258632342e-05,-1.89740097402465e-05,7.14454912238388e-17,-1.99627570867875e-07,-0.327644868134191,-0.00044236547228064,-0.000583443829073257,2.02930788000834e-05,4.21402117653914e-06,0.000643410678142308,-3.28593995760006e-16,-0.000241153016528261,-1.46179643722852e-15,-1.91589751593969e-15,0.441624271794263,-1.48635722830863e-06,-4.38017677684144e-16,8.05285742602746e-15,7.05706183823202e-15,0.707106781186548,3.31498579630386e-12,-1.49645053293401e-13,3.54855186306688e-07,-7.44687346151962e-06,-6.76105448723648e-15,-4.31946145518225e-16,-4.15960663544438e-16,2.4798454518726e-05,-1.04997983245772e-05,-1.0409803083073e-16,1.6306400674182e-16,3.95134052338569e-17,-4.79972103839938e-16,-1.43982048506075e-16,-7.44812026382358e-18,-3.30464822173582e-16,-5.1087606367517e-16,9.31464556187748e-17,-1.51139157482948e-16,3.43781011369236e-17,-1.6306400674182e-16,1.88651178012478e-17,-4.49491989152573e-17
"t50",-0.0468319402657351,0.0173004870193467,0.14934649090556,-0.214859387366049,-0.158303922761588,0.00811773000289281,0.257031529221331,0.0181866322857274,0.0048584108489916,-0.00508569431138988,-0.00218584383567483,0.00048149765655675,-0.107762649174895,-0.0719163531863804,0.0844643277443168,-0.000319811169371513,0.000373523888612392,-9.88097071844061e-06,0.00159712052001099,0.000316873014970801,0.00140938371143077,9.59384223255544e-05,-0.00455157910011603,-6.97720867028039e-05,-0.00438529260696025,0.000281757823050768,-0.000117326138423446,6.032449052465e-05,0.00121346150730237,-0.000675001228433919,0.000524902239459455,-2.29417179697933e-16,0.000430142354551625,-0.000487691433037558,5.66782994282367e-05,0.000406843811728325,-3.91222475599639e-06,4.66380850593704e-05,0.000218292475448799,6.89483290876643e-05,1.52655665885959e-16,-8.08347296612057e-05,-3.81858912700678e-06,-1.00808647113017e-05,0.000106367067335929,-5.92655823546487e-17,-8.1885125863157e-05,-1.89740097400288e-05,4.35737421142056e-16,-1.99627570703076e-07,-0.327644868134191,-0.000442365472280477,-0.000583443829073306,2.02930788001665e-05,4.21402117668159e-06,0.000643410678142555,4.00082282577834e-16,-0.000241153016528254,-1.64047295533443e-15,-1.06588301275432e-15,0.441624271794265,-1.48635722814343e-06,-6.14959472233778e-16,-9.03996929396689e-15,-5.98199869677109e-15,-0.707106781186547,-3.3142675688464e-12,1.51567126904784e-13,3.54855184462894e-07,-7.44687345880304e-06,6.82269769547194e-15,3.98119037736677e-16,5.17320569492304e-16,2.47984545182203e-05,-1.04997983244627e-05,1.97459245789468e-16,-3.33066907387547e-16,3.58271057935106e-17,-1.50662414221343e-17,-1.66533453693773e-16,2.21535210731461e-16,5.55111512312578e-17,-3.963843142607e-16,-1.88746348877189e-16,-6.44030631402985e-17,2.22703625140963e-16,-1.97758476261356e-16,-1.09504419421036e-16,3.48480445546483e-17
"t87",-0.0472273910219824,0.0175109404594972,0.152391070286592,-0.219572280625006,-0.162147539320813,0.00832906197046868,0.263755469346904,0.0189136115678613,0.00513615222175924,-0.00538396669819906,-0.00231725670470518,0.000515981985960544,-0.117315626628358,-0.0786999036507305,0.0924931694624389,-0.000361655138033926,0.000424985781341006,-1.12774695827907e-05,0.00183173683589789,0.000366448391184982,0.00164519097276678,0.000115294697992306,-0.00555339270891702,-8.58331604873461e-05,-0.00553778604460814,0.000367789170227083,-0.000154593824777511,8.10735150247963e-05,0.00163180383543637,-0.000934495149127065,0.000742567775274392,-1.47451495458029e-17,0.000663932083258979,-0.000794433281844654,9.28376996605408e-05,0.000709409916893928,-7.22484174889751e-06,8.65519051617922e-05,0.000431942672705837,0.000141398372389418,1.0321604682062e-16,-0.000221443836946625,-1.09552801727114e-05,-2.97789362695665e-05,0.00035238690667564,1.7377836599219e-16,-0.000304736005212197,-0.000131243584652298,-2.59566017542625e-16,3.02623532949346e-06,0.534619482391193,0.000663273138128016,0.000610258547278174,-1.89993527279873e-05,-3.72480380319492e-06,-0.000346495658415484,-3.65036982263952e-16,0.000117392023075192,-5.19817007530121e-18,-2.1807896368166e-16,-0.0645368524797724,1.60870493742285e-07,-3.98986399474666e-17,2.63461127913978e-16,-5.40255978954373e-17,-2.69240101555864e-18,-2.8034154179566e-16,-3.58220397789211e-16,6.40291188058143e-08,-1.4226159701855e-06,2.52900659741548e-16,-8.15320033709099e-17,1.84119302356124e-16,8.32917556588264e-06,-3.64303447960776e-06,1.73704356099414e-16,2.22044604925031e-16,-3.20323450285532e-16,1.36814920000302e-16,-9.78384040450919e-16,3.40596598267713e-17,-5.19549681055054e-16,1.52655665885959e-15,4.08292126125732e-16,0.707106781186547,-6.69477799391982e-17,1.49186218934005e-16,-1.28586377656781e-16,-7.92069706886635e-17
"t88",-0.0472273910219824,0.0175109404594972,0.152391070286592,-0.219572280625006,-0.162147539320813,0.00832906197046868,0.263755469346904,0.0189136115678613,0.0051361522217592,-0.00538396669819906,-0.00231725670470516,0.000515981985960493,-0.117315626628358,-0.0786999036507304,0.0924931694624389,-0.000361655138033975,0.000424985781341031,-1.1277469582808e-05,0.00183173683589794,0.000366448391184986,0.00164519097276688,0.000115294697992348,-0.00555339270891694,-8.58331604873253e-05,-0.00553778604460807,0.000367789170227173,-0.000154593824777445,8.10735150247989e-05,0.00163180383543636,-0.00093449514912719,0.000742567775274395,-9.28077059647592e-17,0.000663932083259027,-0.000794433281844662,9.2837699660742e-05,0.000709409916893817,-7.22484174889065e-06,8.6551905161735e-05,0.000431942672705824,0.000141398372389402,-1.58293517182884e-16,-0.000221443836946628,-1.0955280172642e-05,-2.97789362693757e-05,0.000352386906675693,2.70922826913141e-16,-0.000304736005212227,-0.000131243584652288,-1.1384930608604e-16,3.02623532960795e-06,0.534619482391193,0.000663273138127932,0.000610258547278084,-1.89993527283455e-05,-3.72480380290407e-06,-0.00034649565841555,-2.15636274946566e-16,0.000117392023075111,-3.03570629452559e-16,-1.78180342308881e-16,-0.0645368524797727,1.60870493754424e-07,-3.77302356024956e-16,3.8890331927055e-16,5.91071081089206e-17,-2.64902420946338e-16,-1.49710258061639e-16,-3.35668992601512e-16,6.40291186355946e-08,-1.42261597039367e-06,-1.69502213855612e-16,3.3133218391157e-16,-1.31598599769253e-16,8.32917556577162e-06,-3.64303448006573e-06,-2.85391041159753e-16,-3.7470027081099e-16,3.24985305673804e-16,5.00581832822635e-17,9.38485400503453e-16,-1.53411258721085e-16,7.63712010298789e-16,-1.30104260698261e-15,-3.95926394317884e-16,-0.707106781186547,-8.80538418831053e-18,-6.59194920871187e-17,-3.12467066110322e-16,1.28932059476917e-16
"t30",-0.0404752895869749,0.0138033615037214,0.0946916119512994,-0.128959990581629,-0.0865871350667371,0.00410347379966298,0.129143752425878,0.002080305801524,-0.00286463426010947,0.00339361698392055,0.00163461736283341,-0.000735807367528738,0.384080703929981,0.339814288604427,-0.414304662660008,-0.0191986828636038,0.00937860209452314,-0.000195996746608991,0.0243901095030062,0.00360971685607086,0.012950577585184,0.000616040278211351,-0.0263345863827176,-0.000386132006649532,-0.021853624789645,0.00129063337437836,-0.000528003807404243,0.000263176919347107,0.00528963416398312,-0.00284458291512534,0.00217124095005971,1.69135538907739e-16,0.00170863729397671,-0.00192175420728809,0.000223267580527889,0.00160448713166341,-1.55431787286548e-05,0.000185451173678988,0.000880221073806807,0.00028073901980931,-3.43041567374414e-16,-0.000369035444847132,-1.78335428098579e-05,-4.77855467769239e-05,0.000536413692326044,-2.76973070069632e-16,-0.000441997471134317,-0.000157449643899135,-1.31963465047399e-16,2.48810239789586e-06,0.0110724249886798,-3.15883701833803e-05,-0.000234580934520699,9.54995682894529e-06,2.11017856806875e-06,0.000402123710872023,0.707106781186548,-0.000150355452855767,1.114702322465e-15,-3.89747909315439e-16,0.00480045449025506,4.38670459683764e-07,-1.63497687610814e-16,-6.14119215550102e-16,-1.16607135165639e-15,6.48432639341493e-16,-7.15599848583519e-16,2.43728648374741e-16,1.33746667104189e-06,-2.69317648631268e-05,1.62967930965701e-16,-2.38090797077817e-16,2.63287388562954e-16,6.72050037612429e-05,-2.81380524478521e-05,-1.66179786565788e-16,1.07552855510562e-16,3.90579730638946e-17,-3.6270449816309e-17,-6.59194920871187e-17,-4.79890502081942e-17,-9.54097911787244e-18,-2.03396327558281e-16,7.28213002562221e-18,-7.90672419316068e-17,1.47815787059955e-17,-1.12757025938492e-16,-2.04480529730766e-16,-1.04890324409377e-17
"t31",-0.0404752895869749,0.0138033615037213,0.0946916119512994,-0.128959990581629,-0.0865871350667371,0.00410347379966298,0.129143752425878,0.00208030580152397,-0.00286463426010947,0.00339361698392055,0.00163461736283345,-0.000735807367528753,0.384080703929982,0.339814288604427,-0.414304662660008,-0.0191986828636038,0.00937860209452309,-0.000195996746608941,0.0243901095030065,0.00360971685607082,0.0129505775851841,0.000616040278211353,-0.0263345863827174,-0.000386132006649255,-0.0218536247896451,0.00129063337437849,-0.000528003807404117,0.000263176919347125,0.00528963416398318,-0.00284458291512533,0.00217124095005972,1.73038666728687e-16,0.00170863729397679,-0.00192175420728792,0.000223267580527639,0.00160448713166383,-1.5543178728622e-05,0.000185451173678961,0.000880221073807025,0.00028073901980969,4.65773253299773e-16,-0.000369035444847013,-1.78335428097399e-05,-4.77855467774157e-05,0.000536413692325967,4.14747916002305e-16,-0.000441997471134227,-0.000157449643898684,1.19571439000683e-16,2.48810239797783e-06,0.0110724249886791,-3.15883701832218e-05,-0.00023458093451909,9.54995682948253e-06,2.11017856907216e-06,0.000402123711039604,-0.707106781186547,-0.000150355452882493,-1.12872881287716e-15,3.94347101807454e-16,0.00480045449025447,4.38670460136666e-07,-1.30104260698261e-18,4.10018156579706e-16,1.16195663260782e-15,-6.00938126025974e-16,6.97573404990411e-16,-2.72785266597353e-16,1.33746666973141e-06,-2.69317648634686e-05,-2.34283744574489e-16,2.9316826744008e-16,-2.31976163644121e-16,6.72050037611705e-05,-2.81380524478365e-05,1.23000649502195e-16,-2.25514051876985e-16,-4.32329721212872e-17,-1.35149688357346e-16,4.5102810375397e-17,5.26249110882679e-17,1.45283091113058e-17,-1.96023752785379e-16,-5.47342332615028e-17,1.11383795146974e-17,7.71774235197631e-17,-8.02309607639273e-17,-1.02782365951626e-16,-2.3499457316037e-17
"t99",-0.167464150441046,-0.061911231838835,-0.0619158958357918,0.0859394602104971,-0.0637901754173416,0.144484487090526,-0.00208878141196608,0.00101685941681028,-0.00245508572963428,0.263516338059303,-0.00172783654760433,8.98367260185936e-05,-0.00828570189452305,-0.00226939846671169,0.00209224518349489,-0.000828583948528066,0.000556405744091401,-1.57163218717699e-05,0.0159171758673163,-4.85619594661446e-05,0.000686653898502729,-6.26696850021435e-06,0.00238406652948113,-0.000260612237539608,0.00120182289733809,-0.000198980620964401,0.000104919359653458,-0.000305636106236533,-0.00185780608604947,0.00304367526160246,-0.5949674862559,4.10711536847001e-16,0.00371949732516975,-0.000706852551482891,8.05424763497778e-05,0.000492934789155863,-0.282484460147375,3.66446124464403e-05,0.000213638027498707,6.60965468234031e-05,6.94232869769541e-16,-7.30984382387664e-05,-0.000283101825006828,-9.21755607592049e-06,0.00110050874328974,-2.27937438915206e-16,-7.80832606157197e-05,-2.5308666723757e-05,-7.0462202071138e-17,3.48579359413698e-07,0.000244364790380301,-4.70455195888222e-06,-2.46364206478912e-05,9.61967511552137e-07,2.08170215506268e-07,3.31048497826681e-05,-3.46944695195361e-18,-1.19081008077366e-05,-1.37730398307034e-17,8.46476091310106e-17,4.77490874836297e-05,2.03487897309406e-08,7.55288733037849e-17,5.8263886753656e-16,-1.67841392893956e-18,5.22206046225542e-18,3.33323566964368e-17,2.49775739154813e-16,-2.96939928026099e-08,7.13123375827731e-07,-6.50000580650053e-17,-2.45881586727811e-16,-1.7377993889395e-16,-8.1343312184574e-06,3.74311840533526e-06,-1.48427470862182e-16,-3.81346467992279e-17,8.67047933557208e-17,-1.40671918792114e-17,-5.45528269625568e-16,-2.08523906776659e-16,-4.47524463181691e-16,-9.28346841014874e-16,-7.68626106988874e-18,-2.07172740618443e-17,-7.36506701147596e-17,-1.58131644372305e-16,-1.55277056151005e-15,6.07123025849332e-18
"t100",-0.167464150441046,-0.061911231838835,-0.0619158958357918,0.0859394602104971,-0.0637901754173416,0.144484487090526,-0.00208878141196608,0.00101685941681028,-0.00245508572963428,0.263516338059303,-0.00172783654760433,8.98367260185936e-05,-0.00828570189452305,-0.00226939846671169,0.00209224518349489,-0.000828583948528066,0.000556405744091401,-1.57163218717699e-05,0.0159171758673163,-4.85619594661446e-05,0.000686653898502729,-6.26696850021435e-06,0.00238406652948113,-0.000260612237539608,0.00120182289733809,-0.000198980620964401,0.000104919359653458,-0.000305636106236533,-0.00185780608604947,0.00304367526160246,-0.5949674862559,4.10711536847001e-16,0.00371949732516975,-0.000706852551482891,8.05424763497778e-05,0.000492934789155863,-0.282484460147375,3.66446124464403e-05,0.000213638027498707,6.60965468234031e-05,6.94232869769541e-16,-7.30984382387664e-05,-0.000283101825006828,-9.21755607592049e-06,0.00110050874328974,-2.27937438915206e-16,-7.80832606157197e-05,-2.5308666723757e-05,-7.0462202071138e-17,3.48579359413698e-07,0.000244364790380301,-4.70455195888222e-06,-2.46364206478912e-05,9.61967511552137e-07,2.08170215506268e-07,3.31048497826681e-05,-3.46944695195361e-18,-1.19081008077366e-05,-1.37730398307034e-17,8.46476091310106e-17,4.77490874836297e-05,2.03487897309406e-08,7.55288733037849e-17,5.8263886753656e-16,-1.67841392893956e-18,5.22206046225542e-18,3.33323566964368e-17,2.49775739154813e-16,-2.96939928026099e-08,7.13123375827731e-07,-6.50000580650053e-17,-2.45881586727811e-16,-1.7377993889395e-16,-8.1343312184574e-06,3.74311840533526e-06,-1.48427470862182e-16,-3.81346467992279e-17,8.67047933557208e-17,-1.40671918792114e-17,-5.45528269625568e-16,-2.08523906776659e-16,-4.47524463181691e-16,-9.28346841014874e-16,-7.68626106988874e-18,-2.07172740618443e-17,-7.36506701147596e-17,-1.58131644372305e-16,-1.55277056151005e-15,6.07123025849332e-18
"t26",-0.174886253734484,-0.065965707706608,-0.0691187137470047,0.0968191972369882,-0.0728862240825007,0.166868354066973,-0.00241426599026206,0.00128720784013669,-0.00354581789569631,0.385388311247203,-0.00255906981251132,0.000148025068325716,-0.0165046802082827,-0.00486950209037853,0.0045347838354101,-0.00372891406550456,0.00320866397016914,-0.000106153438376493,0.147453076174856,-0.00128155910346753,-0.0157164165420682,1.98025550238745e-05,-0.0050640367985252,0.000466678601880335,-0.00140439989552422,0.000155768520104247,-7.45687217801093e-05,0.000180169657773083,0.00108937974469008,-0.00139878482808045,0.232063411341363,-1.70420827605229e-16,-0.000815426441199783,0.000112061288741406,-1.23534388117236e-05,-5.04636784181207e-05,-0.0999842518700269,-8.64960109456554e-06,-1.34890578369414e-05,-3.25646927121852e-06,2.98715917246829e-16,-3.69696335552748e-07,-2.72265325811817e-06,-1.12358979828728e-07,2.24791268510951e-05,2.04008706603019e-16,-2.07127775959606e-06,-1.04498415220038e-06,-3.92371795035555e-17,1.71648230456766e-08,7.9756648919176e-06,-1.40217331885664e-07,-3.26180893571022e-07,6.17185437791069e-09,5.21789462174738e-10,-1.42432916087438e-06,-3.46944695195361e-18,6.57082721908803e-07,1.74519827368791e-17,-9.02745857173702e-18,-1.31313099314687e-05,-7.00445034653892e-09,-1.37842114241362e-16,4.83440369357035e-17,5.63095470372484e-20,-4.85543672930256e-17,1.59851219366687e-17,2.84470208674349e-16,-5.59909280517605e-08,1.17652465532784e-06,3.80823875261034e-16,3.0229103168086e-16,-1.2450655628107e-17,-5.8073211104979e-06,2.59043337870704e-06,-6.16912970633411e-17,-1.55832416115295e-17,7.80311759758368e-17,1.28180133150887e-16,-7.60633980646692e-16,2.61586155213056e-16,-1.99459006117008e-16,-2.44865791480012e-16,-6.8401582729077e-17,1.16325880540323e-16,-2.00285483861066e-16,4.65657257929584e-17,-5.55477762058854e-15,8.76032336294032e-17
"t41",-0.181738449890974,-0.0700791397282735,-0.0784344267151907,0.111649920786527,-0.0863842316905678,0.202430984850586,-0.00293402933768209,0.00224968652438204,0.00419568400808571,-0.302802027093596,0.00134320717648669,3.04988173542281e-05,-0.00763254497780266,-0.00245749766420577,0.00231011026343544,-0.00252820202574897,0.00229235108333301,-7.81510388869187e-05,0.114524200970843,-0.00112367887419343,-0.0173045859897309,-1.17596112905173e-05,0.000167271853276834,2.77931585607095e-05,-0.000229653655580878,2.65898595931558e-05,-1.21465655719139e-05,2.48358542181239e-05,0.000149186755115897,-0.000116889871316858,0.00781330275887604,3.42765425600342e-17,0.000204493373828218,-5.67964960663551e-05,6.64246838927903e-06,4.9972168006965e-05,-4.76299100445844e-05,5.86147078496476e-06,2.77610374746571e-05,8.78607904338816e-06,1.0269216446145e-16,-3.25723294989255e-06,0.242087472449303,-3.56195409713571e-06,0.000248103995690326,7.69528559771459e-16,-1.63790058072684e-05,-5.09043955741159e-06,-3.75024560275787e-17,6.95998460385169e-08,4.55646101937421e-05,-8.68758164426929e-07,-4.29699783408523e-06,1.63791504187434e-07,3.49519960888924e-08,4.65584437598444e-06,2.60208521396521e-17,-1.58865706058482e-06,-8.83661492977063e-17,-4.89260985192036e-17,1.60579010810826e-07,-7.6331152030658e-10,-7.0187898678267e-17,1.43753828114428e-16,6.99520345094448e-18,-3.46765794852111e-17,-7.07510518621716e-17,-1.1798563775227e-16,-3.79879038275938e-08,8.13053721197851e-07,9.59305140199734e-18,1.25479937770217e-15,-6.27576364314345e-17,-4.78469171184075e-06,2.1536840217908e-06,-2.97613689796187e-16,1.8564468160178e-16,-7.11550429581686e-17,-7.12829797530419e-18,2.19484783280204e-16,5.56489146129113e-16,3.5565250619557e-16,-1.20893656363954e-15,4.43554432094155e-17,6.25494527850424e-17,-1.74264631721414e-16,-2.1704108765054e-15,2.11443213558365e-16,3.85975671497414e-16
"t89",-0.143562574313445,-0.0484413109496224,-0.0319183238848843,0.035108366431308,-0.00392593650920171,-0.169065023014863,0.00302446439957817,0.000722168116806226,3.47507168452404e-05,-0.000145254427638979,4.31343561121643e-06,-1.60569461351619e-05,0.00499340354217826,0.00176393457424309,-0.00167621850479117,0.00214038987081351,-0.00169447381172538,5.03537652760482e-05,-0.0467326220959238,-0.000618481619474856,-0.142733109529931,2.88416723948439e-05,0.00293033884267292,-0.0183241226953686,0.00132176841114495,-0.000151066845614239,6.91360067617096e-05,-0.000140316038471911,-0.000842287061992834,0.000574772952460392,-0.00654369841015807,1.69625396774795e-16,-0.00221469918887514,0.000642583765609614,-7.56371557348495e-05,-0.000616271684730825,7.83233878600151e-05,-7.85105674890452e-05,-0.000404237217296966,-0.000134087472572312,-3.32723428008729e-16,0.000222853612734708,0.000124876937413065,3.08039197387566e-05,-0.0299702857891665,-2.47019397150951e-16,0.000262670047385095,0.000112485974381247,-3.92371795035555e-17,-2.05345872228412e-06,-0.00226018733501753,4.49663307787984e-05,0.000274634840861507,-1.12908768786245e-05,-2.51139113833213e-06,-0.000514067534068358,-4.68375338513738e-17,0.000195159669542226,2.78603235927399e-17,9.50559499868714e-17,-0.00145837970707913,-7.07805281512857e-07,7.20594263518313e-17,2.05884613200747e-17,1.56688208308285e-17,-1.03904508215358e-17,-2.56482414867746e-17,2.8967437910228e-16,-2.79507063694563e-06,5.72022949698825e-05,-7.54083989208662e-17,1.23306267758943e-16,-1.94596620605672e-16,-0.00019432391495066,8.4127028752964e-05,-4.44542235610649e-18,5.38056974275428e-17,5.37450473121615e-17,5.01175767319304e-17,-1.71615277485919e-15,1.36313556245833e-15,3.41936203250658e-20,9.54141333744578e-18,2.17827790807096e-16,-5.88811905333341e-17,1.90027298233715e-16,1.34240416234763e-15,1.21064393572101e-15,-2.8015814327768e-16
"t90",-0.143562574313445,-0.0484413109496224,-0.0319183238848843,0.035108366431308,-0.00392593650920171,-0.169065023014863,0.00302446439957817,0.000722168116806226,3.47507168452404e-05,-0.000145254427638979,4.31343561121643e-06,-1.60569461351619e-05,0.00499340354217826,0.00176393457424309,-0.00167621850479117,0.00214038987081351,-0.00169447381172538,5.03537652760482e-05,-0.0467326220959238,-0.000618481619474856,-0.142733109529931,2.88416723948439e-05,0.00293033884267292,-0.0183241226953686,0.00132176841114495,-0.000151066845614239,6.91360067617096e-05,-0.000140316038471911,-0.000842287061992834,0.000574772952460392,-0.00654369841015807,1.69625396774795e-16,-0.00221469918887514,0.000642583765609614,-7.56371557348495e-05,-0.000616271684730825,7.83233878600151e-05,-7.85105674890452e-05,-0.000404237217296966,-0.000134087472572312,-3.32723428008729e-16,0.000222853612734708,0.000124876937413065,3.08039197387566e-05,-0.0299702857891665,-2.47019397150951e-16,0.000262670047385095,0.000112485974381247,-3.92371795035555e-17,-2.05345872228412e-06,-0.00226018733501753,4.49663307787984e-05,0.000274634840861507,-1.12908768786245e-05,-2.51139113833213e-06,-0.000514067534068358,-4.68375338513738e-17,0.000195159669542226,2.78603235927399e-17,9.50559499868714e-17,-0.00145837970707913,-7.07805281512857e-07,7.20594263518313e-17,2.05884613200747e-17,1.56688208308285e-17,-1.03904508215358e-17,-2.56482414867746e-17,2.8967437910228e-16,-2.79507063694563e-06,5.72022949698825e-05,-7.54083989208662e-17,1.23306267758943e-16,-1.94596620605672e-16,-0.00019432391495066,8.4127028752964e-05,-4.44542235610649e-18,5.38056974275428e-17,5.37450473121615e-17,5.01175767319304e-17,-1.71615277485919e-15,1.36313556245833e-15,3.41936203250658e-20,9.54141333744578e-18,2.17827790807096e-16,-5.88811905333341e-17,1.90027298233715e-16,1.34240416234763e-15,1.21064393572101e-15,-2.8015814327768e-16
"t22",-0.143562574313445,-0.0484413109496224,-0.0319183238848843,0.035108366431308,-0.00392593650920171,-0.169065023014863,0.00302446439957817,0.000722168116806226,3.47507168452404e-05,-0.000145254427638979,4.31343561121643e-06,-1.60569461351619e-05,0.00499340354217826,0.00176393457424309,-0.00167621850479117,0.00214038987081351,-0.00169447381172538,5.03537652760482e-05,-0.0467326220959238,-0.000618481619474856,-0.142733109529931,2.88416723948439e-05,0.00293033884267292,-0.0183241226953686,0.00132176841114495,-0.000151066845614239,6.91360067617096e-05,-0.000140316038471911,-0.000842287061992834,0.000574772952460392,-0.00654369841015807,1.69625396774795e-16,-0.00221469918887514,0.000642583765609614,-7.56371557348495e-05,-0.000616271684730825,7.83233878600151e-05,-7.85105674890452e-05,-0.000404237217296966,-0.000134087472572312,-3.32723428008729e-16,0.000222853612734708,0.000124876937413065,3.08039197387566e-05,-0.0299702857891665,-2.47019397150951e-16,0.000262670047385095,0.000112485974381247,-3.92371795035555e-17,-2.05345872228412e-06,-0.00226018733501753,4.49663307787984e-05,0.000274634840861507,-1.12908768786245e-05,-2.51139113833213e-06,-0.000514067534068358,-4.68375338513738e-17,0.000195159669542226,2.78603235927399e-17,9.50559499868714e-17,-0.00145837970707913,-7.07805281512857e-07,7.20594263518313e-17,2.05884613200747e-17,1.56688208308285e-17,-1.03904508215358e-17,-2.56482414867746e-17,2.8967437910228e-16,-2.79507063694563e-06,5.72022949698825e-05,-7.54083989208662e-17,1.23306267758943e-16,-1.94596620605672e-16,-0.00019432391495066,8.4127028752964e-05,-4.44542235610649e-18,5.38056974275428e-17,5.37450473121615e-17,5.01175767319304e-17,-1.71615277485919e-15,1.36313556245833e-15,3.41936203250658e-20,9.54141333744578e-18,2.17827790807096e-16,-5.88811905333341e-17,1.90027298233715e-16,1.34240416234763e-15,1.21064393572101e-15,-2.8015814327768e-16
"t59",-0.12694234109301,-0.0325034124547717,0.0704477427979777,-0.178782828300399,0.338084815060288,0.0661769490429801,-0.0638289057421354,0.0056883698504449,0.0018933610735602,-0.00883151701216042,-0.000776881099958929,0.000166005409488121,-0.0210866925561285,-0.00619314007694732,0.00575856470510793,-0.00303326465097172,0.00188973291207427,-4.67152425469111e-05,0.021348502767746,0.000783761165534333,0.0155499600396824,0.000477071867149016,-0.13865629713112,-0.00768711926430529,0.00749018319973745,-0.000118659652100146,2.34438418256968e-05,0.439722864697969,-0.0089535897712865,4.92041681448519e-05,0.000382849653484244,-8.64458832435142e-18,0.156715611106954,0.000344386426492341,-3.60313564787769e-05,-0.000107161034705563,2.25373335326921e-06,-5.9366539994355e-06,-1.09432247191309e-05,-1.35831586847558e-06,3.79656483689201e-16,-9.17598901544358e-06,-1.99822758948671e-06,-1.36792553461654e-06,7.22017758074138e-05,3.21969902969442e-16,-1.59196818897354e-05,-7.03545704071605e-06,-1.14816038879266e-17,1.30108358371964e-07,0.0001324473545422,-2.61335198832467e-06,-1.53193895009433e-05,6.20821839339073e-07,1.37021246919745e-07,2.60865879059662e-05,-1.37043154602168e-16,-9.75153948114756e-06,-5.67149828667305e-16,-4.66994456229614e-16,6.18846493717146e-05,2.91752057751709e-08,-2.0269559795801e-15,8.70659137884612e-16,-1.53800020284633e-14,7.03604020756536e-14,2.13794632683939e-13,0.330543792742023,7.58475070339238e-08,-1.50903306914867e-06,-7.29185805898439e-15,-3.71968175290265e-16,7.59501291181572e-16,2.54935481816946e-06,-9.94163916099452e-07,-3.68737352311236e-16,-2.41097293488515e-16,1.52624285442839e-16,-3.76624398358364e-16,2.96151120494355e-16,3.43373798600941e-17,4.00755316570967e-16,-4.74751776334706e-16,-3.21671210221691e-16,-8.14325957210326e-17,-1.11814586586249e-16,2.7063723894187e-16,4.14405860247651e-16,5.00467420911883e-16
"t62",-0.120642049017972,-0.0301660782534236,0.0618499329711847,-0.155249595915767,0.288646700969412,0.0557730713768257,-0.0537434109121659,0.00428550784741398,0.00120767097580419,-0.00554270364047271,-0.000479645855096851,8.89847714935342e-05,-0.00865063553023204,-0.00227185791897276,0.00207996252731512,-0.000207423934770222,1.43247433874564e-05,1.12961236598984e-06,-0.00159415968626671,-0.000128284416059575,-0.00417964420836489,-0.000303180993913652,0.118995665656419,0.00762687010179462,-0.0113759471844043,0.000370465499735368,-0.000131148506182927,0.0379353940800669,0.000114262565138538,-9.38826526762126e-05,-0.000993334916321955,-1.51724149979591e-15,-0.855439450978938,-0.00276977825665503,0.000301512671534275,0.00143337159786775,-4.99056271052928e-05,0.000138086763677003,0.000588433806710338,0.000179875950712025,1.50792612240778e-15,-0.000199950252609968,-3.91852433008309e-05,-2.53632270457717e-05,0.00113344190046367,-2.59162461482789e-16,-0.000222968150965375,-7.53577832324034e-05,6.31115055790761e-17,1.12234194225164e-06,0.000936624786039139,-1.83032983502919e-05,-0.000103199739696641,4.13659529559379e-06,9.08013544874252e-07,0.000166160122222033,2.60208521396521e-17,-6.17201068936286e-05,-1.03035928787498e-17,4.64836926595208e-17,0.000376785390179783,1.77124154291112e-07,-3.82438124354092e-16,4.256198741355e-16,-3.15663363080742e-16,-2.61925354838173e-16,6.10879323120657e-17,4.16063389152934e-16,4.77889218893626e-07,-9.56989318019079e-06,-8.40820163007503e-17,-1.80740564275223e-16,4.89657913166105e-18,2.11953990253523e-05,-8.74016952194623e-06,3.37184941153833e-17,-1.28340267550022e-16,-5.23555087104995e-18,1.36883837364175e-17,-2.59023659377259e-16,-8.18890930303519e-17,1.21772579521627e-17,5.72728140684948e-16,1.64051363051815e-16,-2.20210473799177e-16,9.63522305309675e-17,1.90657824794637e-16,4.79475901196379e-16,1.37910214432731e-16
"t46",-0.120551289546273,-0.0301336347584212,0.0617403080280836,-0.154954444408437,0.288042126182053,0.0556482564189473,-0.0536225838145133,0.00427118078144804,0.00120208360775951,-0.00551646821740335,-0.000477325005087982,8.8482646960349e-05,-0.00859204132657401,-0.0022556476002378,0.0020650256822847,-0.000205494784824384,1.41860433543588e-05,1.11845717918778e-06,-0.00157794341000079,-0.000126915648352023,-0.00413275938878006,-0.000299288773284638,0.117373106943647,0.00751966360816972,-0.0112014597352137,0.000364223624059714,-0.000128885476167459,0.0372493568468115,0.000112193435815881,-9.20744528485869e-05,-0.000973399775653556,-1.47970910882679e-15,-0.835785139403558,-0.00270183773364656,0.000294071606182218,0.00139571363349717,-4.85292356222645e-05,0.000134263768061331,0.00057137863081748,0.000174542995842586,1.46971259810304e-15,-0.000193189240682619,-3.78402805502064e-05,-2.44849355685273e-05,0.00109296486084182,-2.59162461482789e-16,-0.000214796714553097,-7.23552280126875e-05,6.13767821030993e-17,1.07257431149037e-06,0.000887441707014562,-1.73308452920628e-05,-9.7416277362419e-05,3.90073758645796e-06,8.55769648951312e-07,0.000155817894032291,2.77555756156289e-17,-5.78179117847099e-05,-8.568869402773e-18,4.64836926595208e-17,0.000349105315665845,1.63789566332982e-07,-3.75499230450185e-16,4.12547227365847e-16,-3.08724469176834e-16,-2.54986460934266e-16,5.93532088360889e-17,3.99970558233234e-16,4.29015690504358e-07,-8.57321571414262e-06,-8.06125693487966e-17,-1.86714090179293e-16,3.16185565568424e-18,1.79978882524544e-05,-7.36306776192362e-06,3.02490471634296e-17,-1.23136097122091e-16,-5.23555087104995e-18,1.19536602604407e-17,-2.52041614112319e-16,-8.01543695543751e-17,1.04425344761859e-17,5.62470659647985e-16,1.60581916099862e-16,-2.16741026847224e-16,9.28827835790139e-17,1.86058322265194e-16,4.631921663615e-16,1.81278301332151e-16
