accepted_species,0,1
Psychotria_schatzii,0.890895041691871,0.10910495830812901
Palicourea_cotejensis,0.8891526485527987,0.1108473514472012
Geophila_aschersoniana,0.8882709580110851,0.11172904198891485
Psychotria_paloensis,0.8909060912863458,0.10909390871365418
Psychotria_cordatula,0.8906778829451932,0.10932211705480678
Psychotria_steinii,0.8908570104204391,0.10914298957956096
Psychotria_paracalensis,0.8912567132487662,0.10874328675123382
Psychotria_leratii,0.8916431337279236,0.1083568662720764
Gaertnera_vernicosa,0.8825793992303983,0.11742060076960167
Faramea_liesneri,0.8798218837440653,0.12017811625593464
