"","V_1","V_2","V_3","V_4","V_5","V_6","V_7","V_8","V_9","V_10","V_11","V_12","V_13","V_14","V_15","V_16","V_17","V_18","V_19","V_20","V_21","V_22","V_23","V_24","V_25","V_26","V_27","V_28","V_29","V_30","V_31","V_32","V_33","V_34","V_35","V_36","V_37","V_38","V_39","V_40","V_41","V_42","V_43","V_44","V_45","V_46","V_47","V_48","V_49","V_50","V_51","V_52","V_53","V_54","V_55","V_56","V_57","V_58","V_59","V_60","V_61","V_62","V_63","V_64","V_65","V_66","V_67","V_68","V_69","V_70","V_71","V_72","V_73","V_74","V_75","V_76","V_77","V_78","V_79","V_80","V_81","V_82","V_83","V_84","V_85","V_86","V_87","V_88","V_89"
"t25",-0.0617721782338399,-0.106674379026666,0.0818464216766071,0.00190620610889289,-0.00724148785718765,0.00655424145682427,-0.418825305427462,0.0348621548762399,-0.224215890807059,0.0149259479487861,-0.0163314698284893,0.0201945407123638,-0.00883666040449673,5.9246875894287e-05,0.00170058237372544,-0.00287874388067738,0.000148449273188893,-0.013978019797416,0.00408552549997708,-0.00641300697040962,0.00550159528875288,-0.00498722332558214,2.05123458969902e-05,-0.00140093753201028,6.83757108509148e-05,-0.000749023048391489,-0.00230308417043242,0.00378624967595226,-0.00425472452918936,0.0143035157118628,0.000604774833433362,-0.00831586737017206,0.000329097732869865,0.000356446996351423,0.000134079074771932,-0.000562326232563539,-4.47028160209138e-16,0.365411541976573,1.55009491935122e-15,-0.00157068136203242,0.323798703905867,-0.00305976716630754,-2.2534789593678e-06,-1.8393989840124e-05,-2.65533434251549e-08,-3.0509139361229e-05,0.000221819642452107,-0.707106781051921,-5.15335046907116e-06,-1.02654290854127e-05,0.000176615591309176,6.13330480068051e-05,1.67490204831438e-05,-3.05879475196352e-05,-7.23673394455649e-06,-2.97427093361717e-05,-7.12324695896741e-16,-6.77415197164163e-18,-8.6831460871062e-17,-6.42495901883153e-05,1.97459639781572e-17,3.26427577448118e-05,-3.1232915765258e-05,8.19485161024752e-17,2.91082050037004e-06,2.0481476232656e-07,1.46964702726318e-15,-2.11637035070847e-17,-1.55995797428477e-06,-1.1763225756881e-16,-5.14907992636832e-17,2.88425871991953e-17,-4.13090087724374e-18,2.27741746747751e-17,-4.26085187287297e-17,-3.63968300560239e-17,1.92292049906869e-06,9.26510968741931e-17,1.33881419051536e-16,3.39343285951636e-17,-2.86342160769224e-17,-2.65130815542406e-06,-8.54820505727535e-17,2.865580729896e-17,-9.02844829612612e-17,-2.71268657360195e-17,-2.99389121257149e-17,-3.7035639999752e-17,-4.09732571380804e-17
"t93",-0.0617721782333958,-0.106674379025419,0.0818464216753639,0.00190620610885655,-0.00724148785698277,0.00655424145662085,-0.418825305413261,0.0348621548747351,-0.224215890797107,0.0149259479479903,-0.0163314698275898,0.0201945407112001,-0.00883666040395492,5.9246875890393e-05,0.00170058237357469,-0.00287874388041529,0.000148449273171388,-0.0139780197955864,0.0040855254994154,-0.00641300696946632,0.00550159528788925,-0.00498722332471074,2.05123458930211e-05,-0.00140093753174976,6.837571083527e-05,-0.000749023048216112,-0.0023030841698339,0.00378624967493457,-0.00425472452795786,0.0143035157077005,0.000604774833224535,-0.00831586736723458,0.000329097732749286,0.000356446996212794,0.000134079074718697,-0.000562326232305557,-5.79414720732819e-16,0.365411541767547,1.38264761112831e-15,-0.00157068136103602,0.323798703580644,-0.00305976716309831,-2.25347895670695e-06,-1.83939898098448e-05,-2.65533442716975e-08,-3.05091392903331e-05,0.000221819637831143,0.707106781321175,-5.15335061299173e-06,-1.02654291357718e-05,0.000176615591891982,6.13330481539859e-05,1.67490205239244e-05,-3.05879475803834e-05,-7.23673395825168e-06,-2.97427093862526e-05,9.42812635143963e-16,-1.49025266940996e-16,6.19187960340479e-17,-6.42495902732494e-05,-8.18941021957094e-17,3.26427577811543e-05,-3.12329157973702e-05,-1.3403098014166e-18,2.91082050317572e-06,2.04814762189959e-07,-1.90087479882523e-15,2.68384992893127e-17,-1.55995797589214e-06,-2.97092561632625e-17,-7.33841362217137e-17,-4.15906635133404e-17,1.17909453229007e-16,-1.05924438240046e-16,8.5580765639695e-17,1.06448107715124e-16,1.92292049964914e-06,-3.57926712956269e-18,5.41614376172771e-17,-1.13683319020303e-16,-1.03444068921565e-16,-2.65130815618528e-06,-5.91179257360872e-17,4.28773450204986e-17,7.97881058990826e-18,-3.11443321079836e-17,5.82225366187216e-18,1.07858380174926e-17,-3.89800836170621e-17
"t15",-0.0614226683891414,-0.105689961751482,0.0808616383226162,0.00187721057136817,-0.00707746792384503,0.00639117372980894,-0.407410808578488,0.0336433620426727,-0.216148410811691,0.0142762105814528,-0.0155959995426901,0.0192407246778873,-0.00839148455393576,5.597689205955e-05,0.00157383670121577,-0.00265793350287267,0.000133346723982433,-0.0123827629829772,0.00359255157619433,-0.00557892923317037,0.00473100565928147,-0.00419739596870802,1.70587425644792e-05,-0.00116242140634488,5.32939768363251e-05,-0.000581383125395024,-0.00171508632416451,0.00277721974359724,-0.00300943877934401,0.0100882245946221,0.000380433855239954,-0.00513906383420898,0.000197765376942694,0.000200131294872077,7.37793214661373e-05,-0.000247686464378923,5.12306191439298e-16,0.0693607112479915,-2.33958722421141e-15,-2.19286835245339e-05,-0.864444519984975,0.0108106088462664,0.000450735036133238,-0.000102290747061806,-8.93335197574945e-08,-9.83979282742737e-05,0.000458162497889891,-1.82621778810343e-10,-1.00332446462224e-05,-1.82966454555072e-05,0.000303202192206257,0.00010125228881641,2.74669934701179e-05,-4.96636780999606e-05,-1.15287773570879e-05,-4.66606483774971e-05,-4.62512113677443e-16,2.42393523916269e-16,1.12491597805322e-16,-9.66570100471638e-05,-6.00969664372705e-17,4.78076477828202e-05,-4.48500144276785e-05,-1.34207887036475e-16,4.07141088253501e-06,2.86087104073413e-07,-5.08688123109014e-16,-1.4467485049952e-16,-2.1053572616337e-06,7.35295405025098e-17,3.15845201503528e-16,7.84587501045675e-17,-3.21240734457358e-17,2.41554752318794e-17,-7.03874392665936e-17,-1.09438842398016e-17,2.52634440585885e-06,5.92247106869232e-17,-1.99608463081042e-16,1.53156615534542e-17,-1.18243132476594e-16,-3.39248212485949e-06,-2.21069661427025e-16,2.92287947583023e-17,-1.5813110082808e-18,-4.10772248985905e-17,-2.74706274467431e-17,-6.91924477181931e-17,-8.55767048464815e-17
"t10",-0.0609393757216698,-0.104325368085182,0.0794938791845022,0.00183684975616752,-0.006847969485871,0.00616265115552943,-0.391387918395982,0.0319231994710909,-0.204754039350367,0.0133536136128116,-0.0145505500551392,0.0178827822572858,-0.00775626728491649,5.12949014737462e-05,0.00138981349548269,-0.00233683035272,0.000110977414606317,-0.00999804769512432,0.00285199680400895,-0.00431705551876844,0.0035562912418856,-0.00297631924200102,1.16778745966576e-05,-0.000790255387998555,2.87998239911198e-05,-0.000308401937213804,-0.000732402674863533,0.0010749753320668,-0.000861180103710307,0.00280367799837563,-3.45982218200234e-05,0.000798829692946026,-5.16884053695951e-05,-0.000108339163706353,-4.65440903720352e-05,0.000457392648303885,4.27707034097646e-16,-0.853142047374673,-7.05701155394981e-16,0.00662524072121731,0.207169625805426,0.00180714567378344,0.000446195286540668,-0.000130195298365952,-1.22234320572308e-07,-0.00013532187765856,0.000645922430192496,-7.28099802671522e-11,-1.41015799901071e-05,-2.54854007619657e-05,0.000419938441759027,0.000139218408445817,3.77138969581275e-05,-6.80440525524861e-05,-1.57261314075712e-05,-6.34041454212542e-05,3.68591607962383e-16,-9.18397497806363e-17,-3.02693863746488e-17,-0.000129786212064872,-4.2291170493021e-17,6.36324418572697e-05,-5.92748086805284e-05,1.31088188358451e-16,5.32559930265148e-06,3.74004393783733e-07,1.09865370623752e-15,4.69331450850434e-17,-2.71080090198027e-06,-5.25383391722408e-17,1.02826927718716e-16,8.18832783884358e-17,-1.04998809654062e-17,1.30885006195494e-17,-7.05182669252983e-17,4.12828038590687e-17,3.20978819110807e-06,9.34771496690705e-17,-6.55311568578857e-17,-3.11023073365099e-17,-3.90368581107202e-17,-4.24854995921502e-06,1.26209823781646e-16,4.17824308017127e-17,4.59989855731517e-17,-3.41421967086153e-17,2.46032439025161e-18,-2.38932284882353e-17,-1.01018197776263e-16
"t11",-0.0651377936548488,-0.12333412968981,0.111839262232235,0.00490547394781444,-0.000876066086172401,0.00151462851902107,-0.113328689212281,-0.0122168787223954,0.343178658601908,0.0109147222967525,-0.0112315654252329,0.012995956062595,-0.00529755286219244,3.26026169094647e-05,0.000675935638047502,-0.00109571951376226,2.5130644293239e-05,-0.000670751438348382,-8.99881725121252e-05,0.000849916481100654,-0.00358126683563239,0.00259002979256014,-1.42987326907127e-05,0.0010273254686294,-0.000155652932672444,0.00182921684382321,0.0121611765073822,-0.0286752394407125,0.180984633587664,-0.877662599852491,0.00382623465169733,-0.0964241749742957,0.000961504049532825,0.000968551103732903,0.000345433568540157,-0.000881045772574684,1.96502119067928e-17,0.010748200011098,-5.37014949423805e-16,0.0021188718462572,0.00270746267739258,0.110470747450981,0.000372995646050361,-0.000122396837563867,-1.20855728410792e-07,-0.000134474862123924,0.00153987642070531,-1.64163127536199e-12,-1.50310244477429e-05,-2.755440926264e-05,0.000456626840945241,0.000152246324801425,4.12821442354924e-05,-0.000165873549122827,-1.72806181741086e-05,-6.98088411865235e-05,3.18007360726972e-16,-1.13827526992275e-16,8.55215388986535e-17,-0.000143589843714491,2.05606793632533e-17,7.05823183380176e-05,-6.58520613677195e-05,4.34502036306345e-17,5.92578547719574e-06,4.16179877444828e-07,3.77071005741865e-16,-1.35635183364774e-16,-3.01897667466994e-06,-6.97877918392671e-17,9.82850378775692e-17,3.67215350383655e-17,-1.06773287923646e-17,8.17434915183332e-18,-8.91437289649134e-17,2.12682771019927e-17,3.57274424760735e-06,9.81115803691501e-17,-7.65711767012205e-17,7.58885035398924e-17,-8.62807930588339e-17,-4.72026175899407e-06,4.55900603848375e-18,5.41915148474772e-17,-1.71967812486926e-16,-1.01615868539527e-16,1.76631006213099e-17,-8.92495664814668e-17,-3.64800713241657e-17
"t46",-0.0678453641830226,-0.131963618492251,0.122305764929263,0.00550338871853737,-0.00104718941593249,0.00184721837849399,-0.141285969570582,-0.0164338080631442,0.466577314484362,0.0161338660346015,-0.0168997724982971,0.0200837914516176,-0.0085197056497083,5.59578092240176e-05,0.00161347637682308,-0.00274026539081778,0.000148672293867238,-0.0144638693843227,0.00431401066673247,-0.00703618140728916,0.0154499017057686,-0.00577453504450575,2.48560377957306e-05,-0.00171244214054171,0.000114290044570245,-0.00128878797994905,-0.00593483818587014,0.0124113021551817,-0.0598276298114619,0.284269496318589,-0.000560621703574033,0.012413446678978,-9.98204954449635e-05,-5.34625175387239e-05,-1.4936609327062e-05,-4.13518950223383e-05,-5.4166734849903e-16,0.00181837561601251,-2.62683494589761e-16,0.000487901780745408,0.00418261604262836,0.357228955927993,-0.000214725082326691,1.53488679686234e-05,-6.10943907233291e-10,-2.23017353845328e-06,0.000229079742965855,-2.61596300177303e-13,-2.54108620754588e-06,-5.56271352800303e-06,9.90998299439121e-05,3.55978184943347e-05,9.7750999850083e-06,-4.00274400090214e-05,-4.32313721451512e-06,-1.79822859985709e-05,7.94642176390578e-16,3.01822490458741e-16,-1.67657769922985e-16,-4.00889870570159e-05,-1.68892571472367e-16,2.07672859620082e-05,-2.01504065906142e-05,-9.22190370454165e-16,1.91285221148769e-06,1.34722261657419e-07,0.707106781186548,-2.87833532582666e-14,-1.0508202632172e-06,5.04833518882933e-16,-8.57648802281739e-19,1.78758143432065e-15,-5.91504047527497e-16,1.21579243902759e-15,5.0650751364431e-16,-1.5520281134421e-16,1.31968807073959e-06,2.19055179457269e-16,6.27961644405975e-16,2.52017091224729e-16,1.9951121429947e-16,-1.85354817310654e-06,2.01276157018771e-16,-4.66998490204808e-17,-3.17509367068303e-16,-4.29308299066959e-17,-9.84892562632194e-17,-2.97059376668177e-18,-2.67759295002467e-16
"t47",-0.0678453641830227,-0.131963618492251,0.122305764929263,0.00550338871853745,-0.00104718941593246,0.00184721837849391,-0.141285969570583,-0.0164338080631441,0.466577314484362,0.0161338660346015,-0.0168997724982973,0.0200837914516176,-0.00851970564970801,5.59578092243204e-05,0.00161347637682301,-0.00274026539081786,0.000148672293867064,-0.0144638693843227,0.00431401066673257,-0.00703618140728926,0.0154499017057682,-0.00577453504450551,2.48560377955212e-05,-0.0017124421405414,0.000114290044570184,-0.001288787979949,-0.00593483818587005,0.0124113021551814,-0.0598276298114621,0.284269496318588,-0.000560621703574023,0.0124134466789782,-9.98204954453491e-05,-5.34625175391248e-05,-1.49366093269744e-05,-4.13518950220968e-05,4.23416638099267e-16,0.00181837561601061,-4.71439654218676e-16,0.000487901780745074,0.00418261604262882,0.357228955927993,-0.000214725082326858,1.53488679677704e-05,-6.10943997207979e-10,-2.23017353837028e-06,0.00022907974296607,-2.64122057558325e-13,-2.54108620759328e-06,-5.56271352736667e-06,9.90998299439233e-05,3.55978184938232e-05,9.77509998573139e-06,-4.0027440007586e-05,-4.32313721362544e-06,-1.79822859979934e-05,-1.06593853137247e-15,-2.86030507973427e-16,2.61566036618471e-16,-4.00889870568641e-05,6.6966247391484e-17,2.07672859628851e-05,-2.01504065868466e-05,8.47903034872235e-16,1.91285219845045e-06,1.34722263700257e-07,-0.707106781186548,2.85707515753656e-14,-1.05082026535641e-06,-7.30542195957623e-16,3.46314561406183e-16,-1.88129309490598e-15,6.50384391077128e-16,-1.13464113830038e-15,-3.69529127441461e-16,1.81116997790337e-16,1.3196880704726e-06,1.49879422113746e-16,-4.04316415622284e-16,-2.61777123280249e-16,-4.01373777639887e-16,-1.85354817298225e-06,-5.05255207838893e-16,8.01655448918066e-17,1.57775030260026e-16,-1.97894425747043e-16,5.45719189398774e-17,-6.83862145028654e-17,-8.67237739490478e-17
"t18",-0.0670227827322493,-0.129357892182743,0.119160595915244,0.00532470622789483,-0.000996715843620932,0.00174950843294247,-0.133107394027438,-0.015217321396625,0.431046213527637,0.0146519657071411,-0.0152948974072081,0.018085259625081,-0.00761657441718645,4.94717522859109e-05,0.00136288369779341,-0.00230264013595957,0.000117492297433469,-0.0110776043668167,0.00324890392887033,-0.00517057854118462,0.0110554791041778,-0.00393059392401284,1.64504127285979e-05,-0.00112727463841297,6.46546117885646e-05,-0.000721548152429276,-0.00299008475461721,0.00600984690119143,-0.0262642815725035,0.123812538742438,-0.000173157390405742,0.00361293453480093,-2.63400721406392e-05,-1.08104858884198e-05,-2.7636468888066e-06,-9.64493612404694e-07,-1.03156618183009e-16,-0.000554085608510835,9.54685843120709e-16,-0.000246930356401612,-0.00894297890552231,-0.855792736672037,0.00089150654664437,-0.000155741675249206,-1.19639365508213e-07,-0.000130082316439664,0.00116339832142606,-1.21544441178401e-12,-1.10146575599515e-05,-1.93552048720429e-05,0.000315569923172853,0.000103591582780416,2.80197513669636e-05,-0.000112178447873465,-1.16107009621412e-05,-4.66744289904895e-05,3.21606140207779e-16,6.70149652662293e-17,-1.24750746279063e-16,-9.49111135018732e-05,-9.80821218208003e-17,4.63936410851253e-05,-4.31506183425386e-05,2.48209779159061e-16,3.87290999595819e-06,2.7197999279474e-07,4.11337895036304e-16,2.26261684125534e-16,-1.97269243257075e-06,1.56725984205961e-16,-1.70390264640362e-16,2.10304018755654e-16,4.64129043525547e-17,-6.44036113051735e-17,-2.1051877496231e-16,2.28991145486368e-17,2.34121726169564e-06,-4.12825095980007e-16,-1.89750105243435e-16,3.28013031649902e-19,-9.38907941146417e-18,-3.11131578906913e-06,-8.23519120818917e-17,2.52738884157696e-17,1.712293499762e-16,2.1341675444684e-16,-6.67647077324841e-17,4.62641900034915e-17,-2.87265865438826e-18
"t43",-0.0796737779660362,-0.180552135828147,0.198631138979061,0.012072406892204,0.00849002939428292,-0.00468215404366597,0.182824545758879,0.00439177818945966,-0.0992648852969693,0.000561778243566347,-0.001105487694602,0.00208619729064635,-0.00127036941544123,1.13473758252308e-05,0.000534235877246131,-0.000936025109873756,6.89779845409297e-05,-0.00820588025060015,0.00287775233476621,-0.00717688647111681,0.278365351543162,0.000857647332000104,1.02998069203354e-07,-3.62593504874484e-05,1.77250248715782e-05,-0.000200801577565124,-0.000832802602895983,0.00154810449063683,-0.0035052539967505,0.014522119796817,0.00123870211854808,-0.100710798385803,-0.000548546186356286,-0.000137701706533186,-4.06887631290841e-05,3.18139471859315e-05,4.1329561102664e-16,3.27597610005892e-05,2.44474952072778e-16,2.56945603216333e-05,3.425233998125e-05,0.000163365026705422,4.7104775779954e-06,1.8933881902243e-06,8.08463881765538e-09,1.03833783899846e-05,-0.880823080485824,-3.19794191128153e-12,-1.65245069871793e-05,-1.37966767544289e-05,0.000193687433593468,5.81018360223444e-05,1.58217152211384e-05,-0.0557333136154246,-5.64699426985459e-06,-2.24346938012212e-05,2.8026575338767e-16,-2.80840584806771e-16,-6.48911490739573e-17,-4.3606922487963e-05,-1.45419632494279e-16,2.08480952612528e-05,-1.91558305554333e-05,-5.9355993095438e-17,1.70042032866286e-06,1.19364609863718e-07,-4.59152793365118e-17,8.93135254125167e-16,-8.60998624654872e-07,-3.39152606664304e-16,3.7830323376438e-16,-1.25159064620167e-17,4.56097974571404e-17,-8.65259296720792e-17,7.65405293573609e-18,-6.24013872839675e-18,1.02402413911096e-06,-1.05087468503099e-16,4.03660346778802e-17,-1.35228550753628e-16,-2.19357932961532e-16,-1.37112430245362e-06,-9.78273681964958e-17,-6.86797795427249e-17,-2.52501830531269e-16,-7.91664771799469e-17,7.84483197021971e-17,1.28322383354186e-17,-4.12610721019572e-16
"t24",-0.0800992984292448,-0.18212459022387,0.20088630962179,0.0122456562158081,0.00867137903413839,-0.0047919979378814,0.187522243690954,0.0045364727087966,-0.102630602467395,0.000584812813726061,-0.00115237707976013,0.00217898922566646,-0.00133062761644939,1.19368874861735e-05,0.000571669839933064,-0.00100351543713735,7.55638755657508e-05,-0.0090840554282634,0.00320321952846833,-0.00805122092465921,0.314861156089118,0.000984619874223533,1.19197496197703e-07,-4.20253248342023e-05,2.13629483722164e-05,-0.000242609504782269,-0.00103011390836994,0.0019306247848901,-0.00445447027689402,0.0184811787682951,0.00166110248121605,-0.13604507041868,-0.000749302652187263,-0.000192895218718286,-5.73977491797718e-05,4.79121524384398e-05,2.14810329839325e-16,5.62246275654559e-05,-3.96518178299338e-16,4.77350220401934e-05,0.000121087546243848,0.000642600819130131,4.41950217753184e-05,-1.54801196907103e-05,-1.77029746054734e-08,-2.01757208292289e-05,0.215973707164599,5.37223043828305e-13,1.80973612101504e-06,-5.76125055431036e-07,1.04814089131983e-05,-1.37396614975721e-05,-8.7980325111733e-06,0.835555739197945,-4.80548633025904e-06,-1.46604983911461e-05,5.60404883188824e-15,-1.68902003839361e-15,-1.60555577777917e-16,-2.51152996618551e-05,1.42855255822776e-16,1.2264190950611e-05,-1.15914864872704e-05,-3.92138031409261e-16,1.07508914915715e-06,7.56466740949203e-08,8.74547139601159e-16,-2.88371356262394e-16,-5.79395134856237e-07,1.33432158996325e-17,-2.5279864125283e-16,-2.17755638946853e-17,1.45620850791807e-16,-6.17399521863319e-17,1.00762423454674e-16,2.22732088383155e-17,7.21544115961978e-07,9.21336950022413e-17,-1.923837416403e-16,1.46403527964137e-16,1.88833544696593e-16,-1.00893681127364e-06,-5.47489469351933e-17,-1.3074569822259e-17,-3.27451853280893e-17,2.11940471126487e-16,-2.77461397465171e-17,4.6942042811911e-17,6.86884064829418e-17
"t29",-0.0801883806103123,-0.182453238817539,0.201357043369403,0.0122817672837364,0.00870905284483114,-0.00481479459477509,0.188496174150149,0.00456637100490542,-0.10332575873224,0.000589555221553212,-0.00116202471137172,0.00219806401985889,-0.00134299853514408,1.2057675740214e-05,0.000579281450136755,-0.00101722707581793,7.6889508975682e-05,-0.00926004320874618,0.0032682961949414,-0.00822548561099759,0.32211106497084,0.00100969528769537,1.22386754967431e-07,-4.31598436712449e-05,2.20684165159644e-05,-0.000250709771691116,-0.00106802817515326,0.00200392173214058,-0.00463520862019447,0.0192346578438537,0.00174016988011728,-0.142644513651609,-0.000786673787483061,-0.000203094657122956,-6.04793498075684e-05,5.0829288706191e-05,1.2364141734742e-16,6.03483089640366e-05,-1.06588586425575e-15,5.15465369373512e-05,0.000134876011366414,0.000718024247043355,5.01416337269215e-05,-1.79370307526906e-05,-2.10603924661457e-08,-2.41014288629511e-05,0.296822587002199,7.68787811189497e-13,2.68041532069114e-06,-1.17773614967693e-06,3.90271444624024e-05,2.60483131465279e-05,9.61176815968755e-06,-0.386477353756875,-4.38489990173984e-07,-4.64357229237555e-06,0.707106781186545,6.80137606162279e-15,-1.6871551480434e-14,-1.54418418806111e-05,2.2967256930966e-15,8.71334498630185e-06,-8.80906759307352e-06,-4.28571435206223e-16,8.70221910578179e-07,6.13967000647308e-08,-1.19009877653179e-15,-1.28672890110736e-15,-4.96914227525578e-07,-4.17937311702153e-16,5.69066084748022e-16,2.4582389549859e-16,-6.55398904971375e-16,3.07625852895143e-16,1.33054731980928e-16,-5.52365794144349e-17,6.38338605736856e-07,2.03939156886265e-16,-3.7013845280817e-16,1.66248251891458e-16,-1.65268816422128e-17,-9.14130543378709e-07,1.77113891411882e-16,8.79152319609313e-17,5.05614278126193e-17,-1.20614105253496e-16,-7.9032862342849e-17,-2.56737566751004e-16,8.29881966008998e-17
"t30",-0.0801883806103123,-0.182453238817539,0.201357043369403,0.0122817672837364,0.00870905284483095,-0.00481479459477541,0.188496174150149,0.00456637100490542,-0.10332575873224,0.000589555221553018,-0.00116202471137158,0.00219806401985894,-0.00134299853514422,1.20576757401897e-05,0.000579281450136873,-0.00101722707581817,7.68895089754921e-05,-0.00926004320874652,0.00326829619494134,-0.00822548561099783,0.32211106497084,0.00100969528769559,1.2238675502923e-07,-4.31598436710975e-05,2.20684165159925e-05,-0.000250709771691107,-0.0010680281751532,0.00200392173214036,-0.00463520862019477,0.0192346578438532,0.00174016988011724,-0.142644513651609,-0.000786673787483088,-0.000203094657122998,-6.0479349807922e-05,5.08292887062582e-05,-3.31165164876219e-16,6.03483089637868e-05,1.00162485380852e-16,5.15465369380107e-05,0.000134876011367524,0.000718024247043031,5.01416337271046e-05,-1.79370307524993e-05,-2.10603921679266e-08,-2.41014288628389e-05,0.296822587002198,7.70300490060549e-13,2.68041532175211e-06,-1.17773614893787e-06,3.9027144458369e-05,2.60483131463545e-05,9.61176815715847e-06,-0.386477353756865,-4.38489989039606e-07,-4.64357228964937e-06,-0.707106781186551,-4.95282598694037e-15,1.71231420914548e-14,-1.54418418901872e-05,-2.71520347042323e-15,8.71334498664804e-06,-8.8090675926836e-06,9.28189369581447e-16,8.70221911037801e-07,6.13967004854118e-08,4.90419232327334e-16,3.77429971186429e-16,-4.96914227755354e-07,4.45081292348103e-16,-2.10189897742342e-16,3.28946435937082e-17,5.7411943544587e-16,-1.72875023833712e-16,-4.01486656435866e-16,1.24201690358702e-16,6.38338604844358e-07,-2.51317638476148e-16,5.07744970515728e-16,-2.66292376846998e-16,-2.36764375845792e-16,-9.14130544028658e-07,-1.86318429831773e-17,1.86709733059559e-16,-8.42918288527734e-17,-1.03926883352973e-16,1.33573391276097e-16,1.78479484229251e-16,-2.09413909281021e-16
"t83",-0.0786252961910277,-0.176533837053972,0.19269952508282,0.0116014428207961,0.00795683712277687,-0.00435139667401241,0.168311993355115,0.00390524539982079,-0.0878177876416181,0.000476397127565045,-0.000928619362145076,0.00172703857880857,-0.00102823948905822,8.83594111375876e-06,0.000328849269939041,-0.00055421416269414,1.34089067343472e-05,0.00125835105222505,-0.00119310999558629,0.00685162338052429,-0.540550751518169,-0.00787358380723181,2.60714280078427e-05,-0.00173407294197607,7.13291680126919e-05,-0.000785866912476008,-0.00274180139134818,0.00491930583981251,-0.0105437342020749,0.0435502841537634,0.00355463899274077,-0.289323813261448,-0.00158249726819784,-0.000405185061883796,-0.000120679837409451,0.000108042285934545,-4.99998849496854e-16,-0.000153305837496204,8.73828168227781e-17,3.00179816231568e-05,0.000141584722240407,0.000751910913558701,5.11203040504408e-05,-1.72263208305927e-05,-1.83087886543034e-08,-2.05762024538064e-05,0.0074859939344819,-2.72573630333284e-13,-2.64622464092675e-06,-5.29486390849626e-06,9.06453731490299e-05,3.13231202301161e-05,8.55094305903056e-06,-0.000809077369492124,-3.67288514109899e-06,-1.50737696160057e-05,-2.33249505626704e-16,1.24516841793225e-16,-1.13374625583727e-16,-3.24418352756493e-05,5.59518580713334e-17,1.64557343379323e-05,-1.57338187574447e-05,1.49959367495003e-17,1.4660306413099e-06,1.03156078200729e-07,1.87387585637466e-16,3.63175352307485e-16,-7.86667952686433e-07,-4.68006165627599e-16,4.15547454989446e-16,4.37678696546673e-16,-1.19213869416797e-16,1.75323403889327e-17,-4.28598027222707e-17,-4.56691801643723e-16,9.720012556383e-07,1.93391547819085e-16,-1.31530377223716e-16,6.31587429315541e-16,1.11007138928348e-15,-1.34521609179586e-06,0.707106781186548,4.16015525079822e-16,4.74023133098542e-15,-3.03750391875899e-17,-7.53126126767108e-16,6.86536281931061e-17,-8.68462714395137e-17
"t84",-0.0786252961910277,-0.176533837053972,0.19269952508282,0.011601442820796,0.00795683712277688,-0.00435139667401246,0.168311993355115,0.00390524539982057,-0.087817787641618,0.000476397127565253,-0.000928619362145222,0.00172703857880846,-0.00102823948905845,8.83594111376548e-06,0.000328849269938897,-0.000554214162694078,1.34089067343681e-05,0.00125835105222488,-0.00119310999558621,0.00685162338052436,-0.540550751518169,-0.00787358380723172,2.60714280078138e-05,-0.0017340729419761,7.13291680126545e-05,-0.000785866912476117,-0.00274180139134806,0.00491930583981256,-0.0105437342020747,0.0435502841537634,0.00355463899274078,-0.289323813261447,-0.00158249726819812,-0.000405185061883998,-0.000120679837409279,0.000108042285934725,-6.0956400812921e-16,-0.000153305837496454,-8.77051499147749e-18,3.00179816233199e-05,0.000141584722240296,0.000751910913558479,5.11203040502642e-05,-1.72263208306207e-05,-1.83087886505182e-08,-2.05762024538112e-05,0.00748599393448202,-2.72719347105266e-13,-2.64622464102821e-06,-5.29486390827462e-06,9.06453731491908e-05,3.13231202301134e-05,8.55094305924335e-06,-0.000809077369492058,-3.6728851413371e-06,-1.50737696161058e-05,1.40155216980965e-16,-9.23950569973303e-17,1.18508982266294e-16,-3.24418352756778e-05,-3.77883675050724e-18,1.64557343376585e-05,-1.57338187577768e-05,5.35426207152046e-17,1.46603064158818e-06,1.03156078362414e-07,8.67758043941629e-17,-3.40261870955549e-16,-7.8666795269982e-07,5.82333055942813e-16,-2.68891576064476e-16,-4.92276528463676e-16,2.18594627430054e-16,-6.33679201451605e-17,-1.30690631903967e-17,4.6776714996835e-16,9.72001254571239e-07,2.31799115831953e-17,3.84304780303273e-16,-6.82855545854806e-16,-1.18494949862421e-15,-1.34521617612295e-06,-0.707106781186548,-3.30776693135096e-16,-4.84497020239654e-15,-1.7410439167544e-16,6.03999139058975e-16,-1.59414697255223e-16,-4.5890718319722e-17
"t13",-0.0765450542284331,-0.168884963561067,0.181778497016246,0.0107671888952131,0.00709750446767303,-0.00383384982423848,0.146322583700537,0.00324483344896676,-0.0725151541476489,0.000375063633070424,-0.00072390826548463,0.00132669477720135,-0.000773045117334449,6.41949890430146e-06,0.000204510300821886,-0.000337975236834986,6.24822120273878e-06,0.000492411850142649,-0.000418720973750362,0.00199864874636255,-0.122691780186597,-0.000818571249196987,8.89780060609651e-07,-3.59357522446563e-05,-2.60109114924539e-05,0.00030765352616318,0.001827720291507,-0.00379323729561262,0.0108704585059884,-0.0458146774594954,-0.00698643994058495,0.613660567150531,0.00375770969720357,0.001229980505602,0.000391590643572904,-0.000654608729367379,-9.88427981014754e-16,0.00661125816441059,-0.707106781186547,0.0012446098562474,0.000909649639639354,0.00459778879479847,0.000262432127425699,-7.65911534094108e-05,-7.3121970105812e-08,-8.11456546590711e-05,0.0243087754310267,-8.67618477062848e-13,-8.27316235197029e-06,-1.55148025820738e-05,0.000257494201698934,8.59242809349347e-05,2.33110847360726e-05,-0.00218480852437591,-9.73494415516187e-06,-3.93326160304502e-05,-6.44523494506277e-16,1.73243338347213e-16,-4.03527483977109e-17,-8.08848415968981e-05,-8.01560447652737e-17,3.97551727679467e-05,-3.70925054669802e-05,1.59284508116455e-16,3.33885449502335e-06,2.34500582451529e-07,3.51098768360566e-16,4.79822904994518e-16,-1.7029042267954e-06,-8.97040440319777e-17,5.87378176324314e-17,-2.33908371167614e-16,2.02073286086174e-16,-3.49259420466967e-16,-4.15437147463639e-16,1.40373379618378e-16,2.01845598372066e-06,4.73801248755935e-17,-2.6837954062329e-16,-1.88954697330565e-16,-1.43971270073689e-16,-2.67330496305467e-06,5.14708340917504e-18,-8.05506941200818e-18,2.5958253271255e-16,1.58161485950415e-17,7.66523584456933e-17,-6.86382317946683e-17,1.23369444084126e-17
"t9",-0.0765450542284331,-0.168884963561067,0.181778497016246,0.0107671888952131,0.00709750446767303,-0.00383384982423841,0.146322583700537,0.00324483344896642,-0.0725151541476488,0.000375063633070216,-0.000723908265484435,0.00132669477720145,-0.000773045117334337,6.41949890432206e-06,0.000204510300821914,-0.000337975236835181,6.24822120265421e-06,0.000492411850143398,-0.000418720973750022,0.00199864874636186,-0.122691780186597,-0.000818571249198097,8.8978006029469e-07,-3.59357522444134e-05,-2.6010911492784e-05,0.000307653526163035,0.00182772029150756,-0.00379323729561201,0.0108704585059883,-0.0458146774594952,-0.00698643994058475,0.61366056715053,0.00375770969720327,0.00122998050560173,0.000391590643573874,-0.000654608729364234,1.81338081592193e-15,0.0066112581644089,0.707106781186548,0.00124460985629443,0.000909649639635191,0.00459778879480016,0.000262432127423869,-7.65911534082684e-05,-7.31219706269591e-08,-8.11456546584216e-05,0.024308775431027,-8.67398167181399e-13,-8.27316235215621e-06,-1.55148025819211e-05,0.000257494201697849,8.59242809343457e-05,2.3311084736017e-05,-0.00218480852437579,-9.73494415490691e-06,-3.93326160305554e-05,7.44780681056019e-16,-1.6981199109131e-16,1.395548329276e-16,-8.08848415970141e-05,1.35455463514796e-16,3.9755172767964e-05,-3.70925054669271e-05,-9.99410250948826e-17,3.33885449538355e-06,2.34500582222504e-07,-7.49369408447542e-17,-2.97093638414976e-16,-1.70290422668815e-06,-4.65157676926479e-17,-3.43901248556124e-16,2.8536916018162e-16,-1.61236532319792e-16,3.48867455590594e-16,4.45561751112821e-16,-2.42972895325215e-17,2.0184559837303e-06,6.38218579744324e-17,-1.74531303562814e-16,1.66480906011882e-16,-1.23091000267505e-16,-2.67330496266042e-06,-1.38425485992697e-16,-3.65769286225969e-17,7.58346609937299e-17,2.98967782109981e-17,-1.57989160726118e-16,-3.18564354196168e-17,-1.5273712889603e-16
"t77",-0.13021454228031,0.125662553697601,0.00853922954433426,0.00176724248992987,0.000324194071841082,4.77720395220503e-05,-0.00513029752052041,-0.142904381232924,-0.00543520884516858,-0.0523642136051631,0.476739989376715,0.090179926638582,-0.0190091940173179,8.69947630495766e-05,0.00179291061623649,-0.00301183035757457,0.000159876523361959,-0.0161706829767952,0.00499533465812271,-0.00875375442065418,0.00196926437880365,-0.110929574745864,-1.86879824652553e-05,0.000829255447117232,8.97486570696807e-05,-0.0193880996119672,-0.00867272460499725,0.187976457316554,0.00311737043802468,-0.00478451176761502,-9.77178159488005e-05,0.000272729797607951,-2.96558643631461e-05,6.20228409528925e-06,2.08050117711978e-06,-4.55987328051607e-05,4.24276889503537e-16,0.000325207229721132,-2.29062879214111e-16,0.00607797083554374,8.23738924959211e-05,0.000191471920775206,0.000111555464175138,-3.69300939141458e-05,-3.98808863443429e-08,-4.5010049070267e-05,9.33737242316232e-05,-2.4921384400578e-13,-9.13409881713993e-06,-3.68475616706263e-05,0.385395994185454,-0.000100620339499849,-2.13175792319089e-05,7.47439365801151e-06,3.18317055620059e-06,6.49171698478422e-06,-9.93879433355418e-16,-1.28894460405294e-16,-1.70184084249713e-17,-7.60293940469791e-06,-5.23047897459673e-16,0.000136422501335872,-9.37828254351201e-06,-1.91444069175328e-16,1.06129552690748e-06,7.52609832138423e-08,-3.91605682752443e-16,4.65054936963751e-18,-6.67597079141052e-07,4.8090976659089e-16,5.18851926971384e-16,-4.34094022776612e-16,-8.24023722022199e-17,-1.41730812770731e-16,3.50548962452362e-16,-9.38259696270589e-16,1.48453905346013e-05,-4.5427775134421e-16,0.707106781186547,1.76530929999355e-15,1.16219150819153e-14,-2.13207556856075e-05,1.54281671544431e-16,7.70568252667619e-16,1.10306161353142e-16,-3.55624666501602e-16,5.89903729566252e-16,-1.51902136760652e-16,2.37504900730899e-16
"t78",-0.13021454228031,0.125662553697601,0.00853922954433425,0.00176724248992984,0.00032419407184104,4.77720395220603e-05,-0.0051302975205204,-0.142904381232924,-0.00543520884516863,-0.052364213605163,0.476739989376715,0.0901799266385822,-0.019009194017318,8.69947630494621e-05,0.00179291061623624,-0.00301183035757416,0.000159876523361854,-0.0161706829767954,0.00499533465812269,-0.00875375442065374,0.00196926437880379,-0.110929574745864,-1.86879824652475e-05,0.000829255447117608,8.97486570695289e-05,-0.0193880996119671,-0.00867272460499718,0.187976457316554,0.00311737043802469,-0.0047845117676153,-9.77178159487779e-05,0.000272729797607674,-2.96558643635599e-05,6.20228409532568e-06,2.08050117746824e-06,-4.55987328051508e-05,7.2564745531161e-18,0.000325207229721111,3.1225523975793e-18,0.00607797083554389,8.23738924960286e-05,0.000191471920775518,0.000111555464175484,-3.69300939139387e-05,-3.9880886420887e-08,-4.50100490700026e-05,9.33737242316223e-05,-2.49457138973286e-13,-9.13409881729711e-06,-3.68475616700679e-05,0.385395994185454,-0.000100620339500016,-2.13175792316911e-05,7.47439365718231e-06,3.1831705564788e-06,6.49171698512141e-06,-1.60077665179801e-15,-1.07363311775824e-16,-2.77383766226414e-16,-7.60293940451316e-06,-2.90553332031782e-17,0.000136422501335979,-9.37828254372539e-06,1.964858370156e-16,1.0612955268028e-06,7.52609830728418e-08,6.79769679387724e-16,-4.42428934299723e-16,-6.67597079170162e-07,-6.15191593106046e-16,-1.4818445389474e-16,5.01438019104082e-16,1.02799683869888e-16,1.06486789088981e-16,-3.53265309792221e-16,8.9010538541541e-16,1.48453905367686e-05,5.02484398008724e-16,-0.707106781186547,-1.81907968090751e-15,-1.17495494579589e-14,-2.13207556847045e-05,-3.51770565130054e-16,-5.3851825411705e-16,-5.3365057776252e-18,2.62509462551015e-16,-3.76713230309771e-16,1.2642858978891e-16,-4.15781100736214e-16
"t31",-0.129100351295964,0.123920391045306,0.00838566790860342,0.00172729827512592,0.000313429049793559,4.60365555859036e-05,-0.00492700426284456,-0.135738946814774,-0.00515522745104312,-0.049143550228349,0.446484440071086,0.0842002771709366,-0.0176720057169265,8.03452725220716e-05,0.00161374435895179,-0.00270318622097798,0.000139003324241001,-0.0138476952060394,0.00424421752847781,-0.0073551150315591,0.00163545511335134,-0.0902317421542676,-1.5033824098063e-05,0.000665729155866809,6.83513860629142e-05,-0.0147179062396879,-0.00638488288705007,0.136940046394184,0.00221731544090353,-0.00339697660570817,-6.50565747540785e-05,0.000179988453302915,-1.93140794273912e-05,3.9220388303729e-06,1.30502513335986e-06,-2.65784466212723e-05,-6.53235355714985e-16,0.000165447064448026,-7.31516152232156e-16,0.00286477623878438,2.3798905490497e-05,5.19493623676332e-05,2.09523479949384e-05,-2.87889943277939e-06,2.04352569100901e-09,3.18283819373372e-06,-5.87247606416961e-05,1.89520816575028e-13,7.87441864878883e-06,5.72293081015115e-05,-0.837673343036972,0.000351180051728997,8.24088543643769e-05,-3.43230937296596e-05,-2.23247816967585e-05,-7.70599422364997e-05,2.34295383796701e-15,1.90772690558902e-16,3.33829454564059e-16,-0.000117481032882616,3.90502390220141e-16,0.00089263569112643,-4.37630246700529e-05,-2.75068107951782e-17,3.63085492766655e-06,2.54065414472654e-07,2.88953036912831e-17,5.87102518651248e-16,-1.70513047963107e-06,-2.97286782881774e-17,2.65554930848889e-17,3.7691668024834e-17,5.00481269007229e-17,6.79575492795208e-17,-1.40305723615017e-16,1.64863221172551e-16,3.21667561074745e-05,1.67393120037641e-16,1.0085953624313e-16,2.85168468159188e-17,-2.34176591099909e-17,-4.04845129404478e-05,-8.82964942269425e-17,-6.31941355888782e-17,-1.98289636151344e-16,-9.68664680895668e-17,-2.79318263664006e-16,-1.74534738897583e-17,5.87170608186507e-18
"t5",-0.122891379317962,0.114066247049386,0.00750684353554452,0.00149563762747213,0.000249015702659903,3.55542134413053e-05,-0.00368675953484963,-0.0905756391417772,-0.00338286313115074,-0.0280899278262452,0.247428389142386,0.0444876074362155,-0.00867068559272548,3.46471555561743e-05,0.000274300114659454,-0.000373589072838645,-3.72195788353562e-05,0.00691185879749642,-0.0026756528414959,0.00611421016191671,-0.00173730882355291,0.138640089756838,2.74765401207799e-05,-0.00125520393413983,-0.000263285399248232,0.0590758060518973,0.0377579467254489,-0.926879264760057,-0.0206466928113598,0.0324343884373198,0.00190170166327885,-0.00658816324880906,0.0010851528815602,0.0237089913163818,0.000294960174340936,-0.000792452895812461,-5.39277206742575e-16,0.00274632770289273,-1.12339335327471e-15,0.0427285569410166,0.000364714741866663,0.000824434278291812,0.000428407949370077,-0.000125676410840341,-1.20580649043513e-07,-0.000133872783372031,0.000182420447977117,-4.40562408603185e-13,-1.48849815760165e-05,-2.88553247867838e-05,0.0340529643432558,0.000132002900075597,3.62909604155227e-05,-1.83229440643869e-05,-1.56524821528364e-05,-6.36949365263872e-05,4.12393120687476e-16,-4.0515615755194e-17,-2.12777992053581e-17,-0.000132309877913461,2.74913474890681e-17,0.00114851837463621,-6.08110174106918e-05,6.97769699053752e-17,5.4737529989312e-06,3.84425186905407e-07,6.21098085496814e-17,-6.6143418204234e-17,-2.78500309802004e-06,-5.38762199361053e-17,-1.70839013757956e-16,-2.71598401513172e-17,6.25878522873382e-18,-1.05176161267399e-16,6.98939238837832e-17,9.42257497098451e-18,5.47465230737419e-05,-1.79072893669668e-16,-1.34988675753202e-17,4.48460959515538e-17,-1.13922605699393e-16,-7.07522038855164e-05,-7.80296611517522e-17,-4.97788254712702e-17,2.03270551093501e-17,8.26497484331415e-17,-1.09571121819379e-16,5.62492830379651e-17,1.81034012122869e-16
"t99",-0.144774372319781,0.153732600611432,0.0115604015617628,0.0028144888604367,0.00173454614048699,-0.000652634831686761,0.00851378866428939,-0.253480588055218,-0.0190160066798953,0.0290445716444294,-0.188720097261963,-0.0217565313478418,0.00191416830358343,2.46372993707028e-06,0.000404890616415188,-0.000709511952243363,4.50418084357931e-05,-0.00442322702188188,0.00130356489078092,-0.00200713035578656,0.000329375448411065,0.0196472327422296,2.03693169168744e-05,-0.00131898299612432,0.000485897866599623,-0.584704394880051,0.00147425197478894,-0.0110384100883644,-2.24566316744251e-06,9.37137362476415e-06,4.74453866768122e-05,-0.000189749842709919,3.75058010510434e-05,0.00278943717870853,1.31204309864134e-05,-5.57192172422095e-05,-1.28217670685817e-16,0.000292294673083592,-3.43609749975129e-16,0.0100027984414176,4.64736039823787e-05,0.000107038435210267,5.96665829628069e-05,-1.86500852817947e-05,-1.88349048257213e-08,-2.10424436570323e-05,3.16571000342578e-05,-7.68953450176399e-14,-2.62681114553362e-06,-5.06518016306573e-06,0.00153855567586667,2.79590857625092e-05,7.63422813276557e-06,-3.83581393759852e-06,-3.2775181030946e-06,-1.34041860889514e-05,1.92197025451328e-16,6.50914373178889e-18,1.41708904782168e-17,-2.85431943268244e-05,-2.45264181998484e-16,0.000496964430221292,-1.3630066902609e-05,5.15514769302475e-17,1.26066083416115e-06,8.86695525018511e-08,2.31483129132347e-16,1.63406790174505e-17,-6.6923542482028e-07,-1.58816103038798e-17,1.47293729222345e-17,-1.24512215655411e-16,2.33270515101705e-16,-2.35819650027049e-17,2.96518867118878e-16,1.44934661371057e-16,2.59165875478688e-05,-9.81951500495712e-18,-5.40738804555043e-16,8.08934393050717e-18,-1.54419055816993e-16,-0.000522420995174563,2.01290945881027e-16,2.44704556599013e-16,1.7265021368715e-16,4.67534972122103e-16,2.97994974456277e-16,-5.36040001984454e-15,0.707106781186547
"t100",-0.144774372319781,0.153732600611432,0.0115604015617627,0.00281448886043671,0.00173454614048701,-0.00065263483168677,0.00851378866428939,-0.253480588055218,-0.0190160066798953,0.0290445716444294,-0.188720097261963,-0.0217565313478419,0.00191416830358349,2.46372993713186e-06,0.000404890616415049,-0.00070951195224353,4.50418084359666e-05,-0.00442322702188186,0.00130356489078115,-0.00200713035578642,0.000329375448410871,0.0196472327422292,2.03693169169264e-05,-0.00131898299612421,0.000485897866599554,-0.584704394880051,0.0014742519747891,-0.0110384100883647,-2.24566316780334e-06,9.37137362436169e-06,4.7445386676853e-05,-0.000189749842709946,3.75058010511483e-05,0.00278943717870862,1.31204309865374e-05,-5.57192172423483e-05,-7.659903816588e-16,0.00029229467308364,-3.72112168751864e-16,0.0100027984414178,4.64736039823654e-05,0.000107038435210115,5.96665829625602e-05,-1.86500852818968e-05,-1.88349047943307e-08,-2.10424436567378e-05,3.16571000345076e-05,-7.68959006712533e-14,-2.62681114528851e-06,-5.06518016263422e-06,0.00153855567586658,2.79590857621276e-05,7.6342281332617e-06,-3.83581393716137e-06,-3.27751810316745e-06,-1.34041860890555e-05,4.47150974078715e-16,2.331357187125e-17,-5.47022353234017e-17,-2.85431943271575e-05,-1.09861767136262e-16,0.000496964430221292,-1.36300669023592e-05,-4.41492931113004e-17,1.26066083406401e-06,8.86695515362607e-08,8.66003965861597e-17,2.55358658001105e-16,-6.6923542475783e-07,-2.77946572529172e-16,9.1632543233259e-17,9.89327283050492e-17,-1.53915151896808e-16,6.0933970175199e-17,-4.64080517501996e-16,-2.65828313679042e-16,2.59165875481984e-05,5.15583839410709e-17,4.5420489260254e-16,3.64171241846046e-17,-1.24915639676916e-16,-0.000522420995175146,-1.5371502170117e-16,-1.36949200590586e-16,4.82953877874108e-16,-3.94938636041073e-16,-2.87454315687754e-16,5.36089588404711e-15,-0.707106781186548
"t96",-0.147428466073379,0.158444819135902,0.0120317146742204,0.00296293832612895,0.00187864167694358,-0.000713237018378064,0.00939632216080421,-0.289411679633094,-0.0218146804253456,0.0345767239266274,-0.226430343830633,-0.0264118123285354,0.0023645744097904,3.13044432835585e-06,0.00058974878878193,-0.00105249606900532,8.82387799873013e-05,-0.0107269193031287,0.00367344933938182,-0.00760004383091104,0.00212368474006584,-0.227146013386368,-8.19327442933841e-05,0.00467387990046682,-0.000265587633810795,0.291326734318982,-0.000275480519330074,0.00129837091290774,-2.7530306159762e-09,8.03787774394937e-08,8.85448673605335e-06,-3.84498062909744e-05,8.41944539071646e-06,0.000739367899194605,3.60292478656255e-06,-1.8964537147368e-05,4.10893417428822e-16,0.000119285059156025,-5.90978687799322e-16,0.00431386601219318,2.31047712008587e-05,5.36451958433352e-05,3.08570767883671e-05,-9.9338683137647e-06,-1.02800148837862e-08,-1.1519526551497e-05,1.82213627645516e-05,-4.48964324918644e-14,-1.52809268719236e-06,-3.00230823108236e-06,0.000920390277020317,1.69025481822765e-05,4.6239659686198e-06,-2.3300328242451e-06,-2.0022628634854e-06,-8.22802152830593e-06,-3.13950744307338e-16,-3.31290751586746e-18,7.30417556254963e-17,-1.77658842742123e-05,3.09908485811915e-16,0.00031224405521818,-8.62403898388431e-06,9.42099936818825e-17,8.0484398227304e-07,5.66338997434745e-08,1.95686068100553e-16,-1.37539811277664e-16,-4.30673523232894e-07,-1.93356810236283e-16,-2.59602173709089e-17,1.9174707130234e-16,-7.76897625603245e-17,-7.35914590298654e-17,-3.78355477516003e-17,1.44091564312736e-16,1.64527216091337e-05,1.56076294086534e-16,7.05881120866271e-16,-1.39363267376093e-16,-6.37301713728743e-17,0.817126673081397,-4.88548979801814e-14,-2.92007668546015e-15,2.9743771242774e-15,-1.05174384485261e-15,-3.41339902266937e-16,-1.43482928568735e-16,-1.964307775794e-16
"t87",-0.147458670909494,0.158497114038132,0.0120368428420407,0.002964517751868,0.00188009637767639,-0.0007138392562646,0.00940494634957265,-0.289744125235977,-0.0218403873982782,0.0346248746852981,-0.226755052506905,-0.0264512703505365,0.00236830661121077,3.13578013433347e-06,0.000591032483030607,-0.00105483950629393,8.84823432082454e-05,-0.0107590944354864,0.00368490954760096,-0.00762501692051454,0.00213102147770959,-0.227996364180348,-8.22515854319737e-05,0.00469219535800208,-0.000266800839847476,0.292668406141165,-0.000276842840204735,0.00130493623908003,-2.76762225637217e-09,8.0806234259434e-08,8.90683136372042e-06,-3.86799851924136e-05,8.47077870930538e-06,0.000744050128779008,3.62596540446486e-06,-1.90957251141148e-05,-1.06159643917994e-16,0.000120205531732908,1.19797694992001e-16,0.00434875889136173,2.33278910388782e-05,5.4170367128209e-05,3.11774682210852e-05,-1.00439506451066e-05,-1.04013483223775e-08,-1.16566482207714e-05,1.84788467617416e-05,-4.50546446938843e-14,-1.55070219063588e-06,-3.05106913147226e-06,0.00093614933277165,1.72122269005339e-05,4.70980230756054e-06,-2.37419142546692e-06,-2.04188853763663e-06,-8.39738909553037e-06,2.72940427568223e-16,-1.19280248055123e-16,1.80726559859596e-16,-1.81838749391261e-05,3.19206961619976e-16,0.00032048231144316,-8.87708500524331e-06,-1.79003571588608e-16,8.33307195705069e-07,5.86601317186485e-08,9.93901542331777e-17,-4.74438527626643e-16,-4.53651658759158e-07,1.38603954020301e-16,-1.16106574774794e-16,2.00661426529104e-16,2.89593409285961e-16,4.22806645176568e-17,-5.7552722219994e-17,2.26405318228332e-16,1.8113875442427e-05,4.38965980429629e-16,-5.48639276574388e-16,-1.38048336213159e-17,-8.20685971668287e-16,-0.40761707512392,2.91583140676588e-14,2.47808017690647e-15,-0.707106781186549,-2.19262700115015e-15,7.83169604877768e-16,-3.3691350250957e-16,-2.7753153233684e-16
"t88",-0.147458670909494,0.158497114038132,0.0120368428420407,0.00296451775186799,0.00188009637767644,-0.000713839256264513,0.00940494634957269,-0.289744125235977,-0.0218403873982782,0.034624874685298,-0.226755052506905,-0.0264512703505365,0.00236830661121074,3.13578013405591e-06,0.000591032483030267,-0.00105483950629421,8.84823432084209e-05,-0.0107590944354865,0.00368490954760109,-0.00762501692051429,0.00213102147770977,-0.227996364180348,-8.22515854320325e-05,0.00469219535800203,-0.000266800839847477,0.292668406141166,-0.000276842840204711,0.00130493623908004,-2.76762217657489e-09,8.08062341484117e-08,8.90683136376886e-06,-3.86799851929132e-05,8.47077870923252e-06,0.000744050128779133,3.62596540457935e-06,-1.90957251141807e-05,-3.49239719845851e-16,0.000120205531732986,-1.31534421885485e-16,0.0043487588913614,2.33278910389636e-05,5.41703671281257e-05,3.11774682212255e-05,-1.00439506452721e-05,-1.04013482981913e-08,-1.16566482208612e-05,1.84788467613994e-05,-4.51756145512794e-14,-1.55070219067714e-06,-3.0510691314059e-06,0.000936149332771474,1.72122269004593e-05,4.70980230777435e-06,-2.37419142566642e-06,-2.04188853742196e-06,-8.39738909570731e-06,1.05635017847463e-16,8.41566571273449e-17,-1.98417331708554e-16,-1.81838749398755e-05,-5.26714563454804e-16,0.000320482311443382,-8.87708500535433e-06,1.94268742933889e-16,8.33307195920174e-07,5.86601321093949e-08,2.25874484972159e-17,3.52547246695456e-16,-4.53651658752219e-07,7.26930122657216e-17,9.87078375060383e-18,-1.48328810748377e-16,-1.22274095099452e-16,-6.31368035071544e-17,1.08482066790184e-16,-1.86116431219886e-16,1.81138754418164e-05,-3.61641438344975e-16,-1.34504879192792e-16,2.92517025161444e-17,6.40358820762929e-16,-0.407617075123925,1.95362860722406e-14,5.11321252101288e-16,0.707106781186546,2.96011691092192e-15,-4.22867369083715e-16,2.83959185336811e-16,3.84391460111989e-16
"t38",-0.133546384565926,0.133893246182836,0.00958373302456861,0.00219468457312466,0.00113948226714841,-0.000403224326837126,0.00489516640545628,-0.108000847016539,-0.00770425568923366,0.00698170845489236,-0.038744711767348,-0.00331869321804188,0.000141092550505728,-1.35580301097171e-07,-0.000284605422538331,0.000562629268066203,-0.00010334947052313,0.0161981259930259,-0.00622145061133716,0.0149033919202926,-0.00476866162031835,0.62086955886951,0.00024168954882766,-0.0139446298887149,7.50839090600034e-05,0.166293753622491,-0.0107263600196806,0.152259175109751,-0.000288140172564245,0.000781582720633677,0.000470054354158728,-0.00175191030481583,0.000316936770579044,0.0203651444320032,9.28051186494449e-05,-0.00032340228612205,0.707106781186548,0.00141916900846774,-2.73928965211595e-15,0.0458587959916969,0.000182070241654354,0.000415420067128698,0.000223085829814299,-6.72584522026665e-05,-6.58727921385365e-08,-7.33108515398109e-05,0.000103226250686646,-2.49803975248264e-13,-8.44091110126135e-06,-1.58503960275436e-05,0.00475053124060038,8.49860177183082e-05,2.31391997401534e-05,-1.1575198119021e-05,-9.80392119030726e-06,-3.97948793338931e-05,1.66554963081874e-16,-4.44677065979247e-17,-1.78228105013362e-16,-8.28375885062183e-05,-5.83497075964267e-17,0.00141872540315864,-3.83994421203904e-05,2.27827566333956e-16,3.48345246015125e-06,2.44750632401227e-07,3.89608608796935e-16,9.07953732734981e-17,-1.79442135479768e-06,-8.20374232702139e-17,-6.56222932016118e-17,8.53047551177927e-17,-9.34192295733154e-17,-1.15557729340898e-18,-6.06885968236145e-17,4.17206040591549e-17,6.76969726178256e-05,3.00223180798438e-16,1.40690949862596e-19,-9.53794636032292e-17,-1.12574165107744e-16,-0.000198425409772385,1.86029087073506e-17,2.10042535707879e-16,-4.1641228185137e-16,2.0103399221473e-17,8.22896629523396e-17,7.31277758179029e-17,-3.81841178082317e-16
"t7",-0.133546384565926,0.133893246182836,0.00958373302456862,0.00219468457312468,0.00113948226714838,-0.000403224326837181,0.00489516640545626,-0.108000847016539,-0.00770425568923365,0.00698170845489231,-0.038744711767348,-0.00331869321804193,0.000141092550505636,-1.35580300930638e-07,-0.000284605422538234,0.000562629268066203,-0.000103349470522957,0.0161981259930257,-0.00622145061133789,0.014903391920293,-0.0047686616203173,0.620869558869511,0.000241689548828044,-0.0139446298887154,7.50839090597512e-05,0.166293753622492,-0.0107263600196801,0.152259175109752,-0.00028814017256433,0.0007815827206335,0.00047005435415923,-0.0017519103048145,0.000316936770578724,0.0203651444320051,9.2805118648575e-05,-0.000323402286123341,-0.707106781186547,0.00141916900846674,6.75729226275539e-16,0.0458587959916958,0.000182070241653428,0.000415420067128944,0.000223085829813915,-6.72584522044442e-05,-6.58727909798995e-08,-7.33108515396228e-05,0.000103226250686181,-2.50000405576864e-13,-8.44091110097767e-06,-1.58503960276638e-05,0.00475053124060144,8.49860177186967e-05,2.31391997396295e-05,-1.15751981188267e-05,-9.80392118991522e-06,-3.97948793345107e-05,2.48396823451368e-16,4.23792225478328e-17,2.44835436368925e-16,-8.28375885065513e-05,5.61488428123658e-17,0.00141872540315931,-3.83994421200573e-05,-1.24320763256861e-16,3.48345246012002e-06,2.44750632726921e-07,-4.31983657325361e-17,-3.6111486277856e-16,-1.79442135486707e-06,4.89497797316423e-17,4.89124755274527e-17,3.87721964205208e-18,1.00879756070085e-16,-1.2619322389813e-18,5.82246508171821e-18,1.24415673160479e-16,6.76969726171317e-05,-1.64614244888336e-16,1.67047569036846e-16,2.90795836418546e-17,4.13945958978606e-17,-0.000198425409771885,-1.01348957560518e-16,-1.2429741064434e-16,5.33691539166458e-16,-4.54561803594978e-17,-7.14949091985842e-17,-1.04238753346824e-16,1.41912239094725e-17
"t16",-0.146279744588242,0.158103267496196,0.0121718665958454,0.00309151750305527,0.00243399315817986,-0.0010891640396429,0.020013537411313,0.192507945715516,0.00957580333440461,0.00276890356163157,-0.0251615730259949,-0.00376976013751559,0.000400762934125372,5.82068106450007e-07,8.50345557730503e-05,-0.000142506106921764,2.21807567768462e-06,0.000267239554677098,-0.000176451014214762,0.000577847294462412,-0.000207351260536004,0.0249781928663491,8.13445667628416e-06,-0.00044762753311782,-1.20831666091774e-05,0.00640962015614452,0.00097281314266795,-0.0177258284822279,5.23593490531042e-05,-0.0001462476711728,-0.000213626710745626,0.000898893430697198,-0.000200531210704903,-0.152423470348853,3.01584540222284e-05,0.000338071438335266,6.50743908839437e-16,-0.00590242941391727,3.09747236814641e-14,-0.937793182639509,0.000441614081094946,0.000950631026966159,0.00041950588732011,-0.0001087495379134,-9.57103692224889e-08,-0.000105219001529162,0.000123788338803166,-2.94407171710052e-13,-9.79367680927954e-06,-1.74123824044307e-05,0.0050884127097367,8.85470088777263e-05,2.39927732793334e-05,-1.19150235049839e-05,-9.95131802058492e-06,-3.9936573455919e-05,-2.53321115798723e-16,-1.50846049043803e-16,1.20567707069487e-16,-8.08463773628448e-05,-2.33751165452685e-16,0.0197375705914281,-3.50583206863431e-05,8.58137268569358e-17,3.13170964495388e-06,2.19798691432089e-07,3.28828519529094e-16,-2.1260809146469e-16,-1.56396346134152e-06,1.0481061758706e-16,-3.40629009999887e-16,8.47626437843351e-17,1.06345677293463e-16,1.58487310652185e-18,-1.66955686775678e-16,-1.84942847303141e-16,0.000690892481312211,2.19075577887888e-16,9.62812155173561e-17,6.27219433615075e-17,7.1685719469279e-17,-7.25457077626057e-05,-3.97353603636535e-16,-6.48645793598551e-17,-1.14237993717076e-16,8.0383194099969e-17,-3.52489894754431e-17,-4.18034141470932e-17,1.69593711295739e-16
"t56",-0.153922584251572,0.172052181111007,0.0136120373662551,0.00356945444090939,0.00304212092509013,-0.00139594250346821,0.0263666493045844,0.279020709635455,0.0140665127595379,0.00452095361538444,-0.0420203206358338,-0.00651332043634893,0.000728636029709128,1.15077927945878e-06,0.000261512254822682,-0.000467963507154905,3.66305309821291e-05,-0.00409272348956134,0.00132314874301886,-0.00247481259255622,0.000603601307730343,-0.0449361491913342,-1.19753625870275e-05,0.000636500128399733,8.23545605646916e-06,-0.00419340869271628,-0.000427534886495246,0.00669772336782576,-1.2992458794138e-05,3.48937700678786e-05,-4.05109207989489e-05,0.000263019242425999,-0.000103739849276852,-0.408330880186671,0.000285115581586941,-0.000232580277971163,-5.11803210827534e-16,0.00167744882787711,-7.03463626255625e-15,0.197290023955454,-2.03706860256276e-05,-3.53481586132937e-05,-8.77860542869641e-07,-3.4331534906739e-06,-5.77358785259035e-09,-6.72956055963042e-06,1.59896540573093e-05,-4.03970205811038e-14,-1.41930825646691e-06,-3.06972980607459e-06,0.000989937817181485,1.94621090360836e-05,5.40066211320717e-06,-2.78640184545043e-06,-2.52993894566192e-06,-1.10367942084688e-05,4.73151064548428e-16,3.37071774208004e-17,-1.70871426082091e-16,-3.48144698651687e-05,1.42395131260776e-15,0.383459790653848,2.88112841079213e-06,1.9474318893742e-16,3.56192339227845e-07,2.60356697997718e-08,1.65764670080837e-16,2.6149692429156e-16,-3.07137984399686e-07,-3.78187904480625e-16,-0.707106781186548,-8.54053546934621e-16,-1.45700493714013e-15,-1.67423871749935e-15,-2.42260991348417e-15,-1.64432528303699e-15,0.00060075559857882,-5.75935230531904e-16,3.73283260144615e-16,-3.70384604788035e-16,-5.64003550537915e-16,-1.96277560339242e-05,1.76500376074863e-16,-7.9057480064318e-17,1.25386202774089e-16,9.2218134059143e-18,2.35100432962817e-16,-2.38207468293363e-16,-2.03898837357026e-16
"t57",-0.153922584251572,0.172052181111007,0.013612037366255,0.00356945444090939,0.00304212092509017,-0.00139594250346818,0.0263666493045844,0.279020709635455,0.0140665127595379,0.0045209536153845,-0.0420203206358338,-0.00651332043634895,0.000728636029709166,1.15077927945705e-06,0.000261512254822669,-0.000467963507154884,3.66305309824622e-05,-0.00409272348956144,0.00132314874301886,-0.00247481259255616,0.000603601307730406,-0.0449361491913341,-1.19753625869739e-05,0.000636500128399831,8.23545605652468e-06,-0.00419340869271621,-0.000427534886495079,0.00669772336782568,-1.29924587940807e-05,3.48937700678509e-05,-4.05109207989515e-05,0.000263019242426291,-0.000103739849276849,-0.408330880186671,0.000285115581586837,-0.000232580277970865,-4.56831559849808e-16,0.00167744882787721,-6.51892837708344e-15,0.197290023955453,-2.03706860252145e-05,-3.53481586136128e-05,-8.77860542815322e-07,-3.43315349072941e-06,-5.77358809595139e-09,-6.72956055956103e-06,1.5989654057664e-05,-4.03652399049229e-14,-1.41930825584559e-06,-3.06972980593971e-06,0.000989937817181083,1.94621090357644e-05,5.40066211298512e-06,-2.78640184493695e-06,-2.52993894553355e-06,-1.10367942081496e-05,-1.96344521356068e-16,-1.05511149674801e-16,6.13732737335736e-17,-3.48144698650021e-05,1.66842214319748e-15,0.383459790653849,2.8811284111252e-06,2.53548962288243e-16,3.56192338929473e-07,2.60356699307435e-08,3.94816359682609e-16,1.91757577821203e-17,-3.07137987223816e-07,6.79480585464842e-16,0.707106781186547,9.32614686387973e-16,1.71306505676453e-15,1.95021848166747e-15,2.38913199170722e-15,2.07272234234641e-15,0.000600755598577127,7.49309020910634e-16,-4.42655435956196e-16,3.24247986185958e-16,3.5426549223189e-16,-1.96277560339519e-05,-3.73708423450832e-16,2.15900974439125e-16,-1.48238112018684e-16,-7.08904044534012e-17,-3.09259599956879e-17,2.44229745715246e-16,-2.78444838377618e-17
"t72",-0.153398925965426,0.171105318447846,0.0135149891681912,0.00353751325878697,0.00300225669746877,-0.00137594841869248,0.025955130002337,0.273527673314495,0.0137821325530343,0.00441215134133211,-0.0409774627707818,-0.00634457165281727,0.000708633382443753,1.11651472405614e-06,0.000251403142064204,-0.000449426685897037,3.47971746324505e-05,-0.00386819926389014,0.00124732026201274,-0.00232451831862328,0.000564821639394808,-0.0417739808529573,-1.10945091328963e-05,0.000589306874911488,7.50587324640367e-06,-0.00381833331924156,-0.000385927388738411,0.00602831896109437,-1.1618249135651e-05,3.11879961381253e-05,-3.56131396095916e-05,0.000230719560709775,-9.070641026011e-05,-0.354527599474926,0.000247080742318134,-0.00019827635411554,-1.22971396743259e-15,0.00139180201771193,-5.35599272441605e-15,0.161491698936704,-1.56265177548658e-05,-2.69492152152329e-05,-6.50124745986804e-07,-2.44851352681e-06,-3.94206816030417e-09,-4.56498285399815e-06,9.05596554710841e-06,-2.19390986226555e-14,-7.47683201992319e-07,-1.31420807226133e-06,0.000353950236297862,4.77103704031785e-06,1.18676018083259e-06,-4.92441017348882e-07,-1.85503983249e-07,4.48053984761221e-07,-1.24674063329105e-16,1.96838708252611e-16,3.23683437579647e-16,2.39436895519418e-05,-3.44812459093887e-15,-0.839560894090317,-3.23026027179152e-05,-3.89014050567826e-16,1.67536456403827e-06,1.15877529901359e-07,-2.42226153593917e-16,-3.85014520008085e-16,-6.69316126578057e-07,-4.01491532328911e-16,8.84536233422183e-16,5.71917247024907e-17,-2.23223801152373e-16,-1.21851625370384e-16,-1.31399265830274e-16,-2.54406278370157e-17,0.00103486515827766,2.63054137757741e-16,-1.46999989893734e-16,-7.57065562416912e-17,-2.14388667170186e-16,-2.9321379142494e-05,7.36767935211554e-17,-8.75302796712651e-17,8.00262511641423e-17,-2.44769612537064e-16,-9.67267648901015e-17,-1.10124191650566e-16,-3.03142661281585e-16
"t73",-0.154935495606856,0.173922257609803,0.0138068738226487,0.00363478267560642,0.00312728183244477,-0.00143921736281452,0.0272698302478902,0.291635790250467,0.0147235517786477,0.00478381419036328,-0.0445623879129346,-0.00693006955939238,0.000778970152752485,1.23951914283456e-06,0.00029094563172693,-0.000522659083853287,4.29585676180455e-05,-0.00493248676315272,0.00161929099178765,-0.00310014431123112,0.000776503787166788,-0.0610223669834556,-1.68077559783569e-05,0.000899203814992255,1.45310933083106e-05,-0.00753720473563169,-0.000959988461572261,0.0167032590780276,-4.55931796690591e-05,0.000126784710615765,0.000192995859171711,-0.000858556011404915,0.000218921252500155,0.415764417200919,-0.000243914816417463,3.54331811014685e-05,4.09506236933059e-16,0.000354567587983623,-2.08159992505248e-15,0.0584163379625166,-9.61037075894e-06,-1.69664209447029e-05,-4.47763213172556e-07,-1.8375653879233e-06,-3.19441546010998e-09,-3.7369127965127e-06,9.25184849048799e-06,-2.33580516040277e-14,-8.22712921327374e-07,-1.7645926306941e-06,0.000561740219538892,1.07404989990595e-05,2.95900790359474e-06,-1.50714467079399e-06,-1.32291837468771e-06,-5.53749959414374e-06,-9.59141940848098e-17,4.17017083207143e-17,1.9813900440432e-17,-1.28488863572751e-05,-6.5497612902454e-17,0.0149897986198636,-5.75299386110228e-06,2.31390003652847e-16,5.78283793767342e-07,4.07995786920815e-08,1.63748995162171e-16,-3.48964884788061e-16,-3.33195962570754e-07,-2.25940552278656e-16,9.64944623496925e-16,-1.50407926368941e-16,1.10922743210461e-15,-4.49370736035914e-16,-1.28860039267238e-15,2.89399871908829e-17,0.407127377997188,-0.707106781186559,1.08898734337586e-16,-1.51681959618169e-15,-7.76854834294847e-16,-1.73924334735398e-05,-1.14653660774987e-16,1.41806039248698e-16,-1.1545322683036e-16,-5.47152576138507e-17,-2.0282650635401e-16,1.99072526030329e-16,9.6599836745754e-17
"t74",-0.154935495606856,0.173922257609803,0.0138068738226487,0.00363478267560642,0.00312728183244479,-0.0014392173628145,0.0272698302478902,0.291635790250468,0.0147235517786477,0.00478381419036331,-0.0445623879129346,-0.00693006955939239,0.000778970152752457,1.2395191428186e-06,0.000290945631726942,-0.000522659083853218,4.29585676180802e-05,-0.00493248676315271,0.00161929099178761,-0.00310014431123118,0.000776503787166951,-0.0610223669834557,-1.68077559782703e-05,0.0008992038149922,1.45310933081086e-05,-0.00753720473563178,-0.000959988461571956,0.0167032590780274,-4.55931796690875e-05,0.000126784710615814,0.000192995859171687,-0.000858556011404865,0.000218921252500051,0.415764417200919,-0.000243914816417363,3.54331811013991e-05,-1.31405303305243e-16,0.000354567587983653,-2.07472927726826e-15,0.058416337962517,-9.61037075898204e-06,-1.69664209451192e-05,-4.47763213431315e-07,-1.83756538773444e-06,-3.19441555716259e-09,-3.73691279636958e-06,9.25184849031192e-06,-2.32775614511819e-14,-8.2271292136814e-07,-1.76459263053885e-06,0.000561740219538975,1.07404989995244e-05,2.95900790309167e-06,-1.50714467071333e-06,-1.32291837553946e-06,-5.53749959467369e-06,-2.08166817117217e-16,-1.21380518380813e-16,-1.04676089289927e-16,-1.28488863576567e-05,1.25148760670586e-16,0.0149897986198638,-5.75299386014168e-06,-2.32996275930828e-16,5.78283793686678e-07,4.07995782947214e-08,-1.14491749414469e-16,-1.49147350334024e-16,-3.33195960350308e-07,3.84670329238154e-16,1.52655665885959e-16,5.51418718016922e-16,-6.92398555829127e-16,5.89375346862057e-16,1.05609303997204e-15,6.9666469030265e-16,0.407127377997229,0.707106781186535,1.03389519168218e-15,1.02662270032614e-15,5.63519883310707e-16,-1.73924334737618e-05,-8.56086035394554e-16,4.95469255127871e-17,4.65122731996281e-16,3.02959815634933e-16,4.75213919887911e-17,-1.62103012815449e-16,6.41847686111419e-17
"t70",-0.154902807271568,0.17386307359787,0.0138008008848561,0.0036327811111708,0.00312477445573726,-0.00143795821539351,0.0272438785109683,0.291287663515821,0.0147055161388665,0.00477687496604824,-0.0444957962926609,-0.00691927465136498,0.000777687133973139,1.2373117508371e-06,0.000290280914888587,-0.000521437021869441,4.28333934815173e-05,-0.00491683203957215,0.00161393928859545,-0.00308933498345135,0.000773652496262239,-0.0607788609727055,-1.67379340905911e-05,0.000895441279114353,1.44597557857323e-05,-0.0074998855942165,-0.000954867058791688,0.0166120414555057,-4.5331558373853e-05,0.000126054614223591,0.00019175299292342,-0.000852952797822823,0.000217464492199932,0.412883938292866,-0.000242207250150409,3.51634195011816e-05,8.10115863281169e-16,0.000351531529079026,-1.77635683940025e-15,0.0578900033919606,-9.50528316067453e-06,-1.6778080561556e-05,-4.42458219338334e-07,-1.81415628178715e-06,-3.15073543730865e-09,-3.68532320747794e-06,9.09648744764919e-06,-2.3383740419252e-14,-8.08140255291847e-07,-1.72972210443767e-06,0.000549919480036624,1.04952926900589e-05,2.89036895723127e-06,-1.47129025977744e-06,-1.28972914203128e-06,-5.39163748554308e-06,5.20417042793042e-16,1.91352385254926e-17,-5.97108185016315e-17,-1.24479894511483e-05,2.11562243819806e-16,0.0144461644676778,-5.511836263003e-06,9.13424804624121e-17,5.46524422169459e-07,3.85191016886652e-08,-1.04083408558608e-17,6.23950767139952e-16,-2.9589228142668e-07,-3.52035201185973e-16,-8.43075609324728e-16,-4.362932597074e-16,-3.46300857575035e-16,-3.11072113374165e-16,3.46413266563018e-16,-8.42390963349072e-16,-0.817613790259442,2.31759056390501e-14,-1.10328413072125e-15,4.22918738603023e-16,6.22055422049789e-17,-1.91397955546929e-05,4.10045261634018e-16,-3.44391330004498e-18,-3.82072845583892e-16,-2.76953955535614e-16,-3.71747594815382e-17,-1.18109057889923e-16,-3.15719672627779e-16
"t48",0.0742950896489655,0.00999875283598274,-0.00335778097408137,-0.0674725851544422,-0.000666279695744794,0.012472624474658,-0.00779930205029753,-0.00523813715961914,0.00423005904109375,-0.198888767746787,0.00371259080407299,-0.0837953091678958,0.551467308083621,-0.00793399484348679,0.00565451451925899,-0.0952159037708429,0.000405444378332766,-0.10198573327831,0.00740070363494557,0.00663555203564457,3.18675041885378e-05,-0.00248950597394549,0.000801776824916645,-0.0527091586221523,0.00206329632072646,-0.000488351694612271,-0.00379414602038625,0.00522422305148243,-0.317809355436749,-0.0650464145933246,-0.000215559807270164,0.000394887718872564,-0.00166381879782097,-1.24249166880246e-05,-8.36134269328527e-05,-0.00084775546143115,3.70797142990043e-17,0.000199394700294435,7.45931094670027e-16,0.000187198847192132,5.62230395701746e-05,0.000129802484835316,0.0018198443974927,-0.000559872746192037,-5.58132933184271e-07,-0.000622516719713723,3.87634287937166e-05,-9.46048320520261e-14,-7.4620734090366e-05,-0.000139824217331478,0.000103934615107795,5.44282914665822e-05,0.000215999662164138,-4.83996630243236e-06,-9.13185642991098e-05,-2.57981907677823e-05,3.12250225675825e-16,2.3620509325708e-16,4.78690659184896e-16,-0.000777189114989666,1.04209215148653e-15,1.80043797879774e-05,-0.000364433045995105,-9.75920685479348e-17,3.32427871171928e-05,2.33640564118628e-06,2.89117688123675e-14,0.707106781186547,-1.72729740232271e-05,4.40467198923679e-16,-4.20670442924376e-17,7.05464580975458e-16,-5.37558663187678e-16,1.03505621912581e-15,-7.18073524115634e-16,5.09678898883484e-16,1.03058664679967e-06,-1.31838984174237e-16,-2.41126563160776e-16,1.71720129805794e-16,-8.53277038536752e-17,-1.41396852897449e-06,-1.40404181336873e-17,-7.64983129056641e-17,-1.52113564799716e-16,9.30076598194652e-17,1.37292162484188e-16,-1.50600219020447e-16,-1.38777878078145e-16
"t49",0.0742950896489655,0.00999875283598275,-0.00335778097408133,-0.0674725851544423,-0.000666279695744754,0.012472624474658,-0.00779930205029754,-0.00523813715961918,0.00423005904109377,-0.198888767746787,0.00371259080407311,-0.0837953091678958,0.551467308083621,-0.00793399484348684,0.00565451451925901,-0.095215903770843,0.000405444378332759,-0.10198573327831,0.00740070363494558,0.00663555203564473,3.18675041883383e-05,-0.00248950597394564,0.000801776824916559,-0.052709158622152,0.0020632963207261,-0.000488351694612862,-0.00379414602038608,0.00522422305148267,-0.31780935543675,-0.0650464145933246,-0.000215559807270078,0.000394887718872793,-0.00166381879782088,-1.2424916687917e-05,-8.36134269328187e-05,-0.000847755461431067,1.40729441988618e-16,0.000199394700294366,-5.86336534880161e-16,0.000187198847192521,5.62230395703559e-05,0.000129802484835134,0.00181984439749365,-0.000559872746192277,-5.581329328426e-07,-0.000622516719713267,3.87634287924014e-05,-9.45698148629537e-14,-7.46207340890735e-05,-0.00013982421733133,0.000103934615106438,5.44282914666638e-05,0.000215999662165207,-4.83996630231982e-06,-9.13185642987136e-05,-2.57981907681858e-05,-2.35055030994857e-16,-1.10155663620507e-16,-4.30230876992699e-16,-0.000777189114990627,-1.16213805391784e-15,1.80043797883989e-05,-0.000364433045993965,1.22765106861381e-16,3.3242787115452e-05,2.33640564886129e-06,-2.87833992751452e-14,-0.707106781186547,-1.72729740257876e-05,-6.02632811670267e-16,3.07913416985883e-17,-6.23136629176038e-16,5.44825375469492e-16,-1.07254566037218e-15,6.46844757225276e-16,-4.4392588510445e-16,1.0305866455021e-06,5.55111512312578e-17,2.75821032680312e-16,-1.84516766762854e-16,5.45467746946918e-17,-1.41396852908551e-06,-1.71195523035461e-16,1.12054965476179e-16,1.29020058525775e-16,-3.02731848239466e-17,-6.07804243095125e-17,1.46074066924725e-16,-6.33174068731535e-17
"t6",0.0722841138393308,0.00955388563145477,-0.00316179002634353,-0.0624585561749674,-0.000591314678038704,0.0109233478989739,-0.00673233404645364,-0.00430245137993193,0.00345054105050873,-0.15375344044007,0.00283785412369837,-0.0629798225704198,0.404243011834894,-0.00558622943675788,0.00328324043625502,-0.0538923561647896,0.000155996970389746,-0.0291151892567344,0.00170386854855764,0.000975684705032235,1.69437414771628e-06,0.000334507249555775,-0.000197678498450031,0.0141569149648323,-0.00202445220448856,0.000506531252113455,0.00634465035086122,-0.0101673960690814,0.866353511060789,0.181877215229451,0.00164529329947994,-0.00358132004107567,0.0203311528597067,0.000432592334534361,0.00517198875412661,-0.0119407427551438,-1.94505869743899e-16,0.00123025943794797,-7.97972798949331e-17,0.000967176642346461,0.000197862209174281,0.000448001201831557,0.00583223297170202,-0.00167737637668725,-1.58390507944276e-06,-0.00175497222695845,9.81061034151e-05,-2.36476466206281e-13,-0.000184668714144793,-0.000332662877146768,0.000242542339118503,0.000124232415307364,0.000491057182944298,-1.0936241172647e-05,-0.000203863483369814,-5.70071653975689e-05,-2.64545330086463e-16,-9.95140513889769e-17,4.50996161838419e-18,-0.00166628588709814,-3.72494198298668e-17,3.77872611557811e-05,-0.000752142777143887,1.56253887655367e-17,6.69804475107037e-05,4.7014708228955e-06,-1.27068494615301e-16,-2.97498849973914e-17,-3.35705127997646e-05,-7.34844968438564e-17,1.0842021724855e-18,-6.48821846833252e-17,3.86274809020972e-17,1.96489584081888e-18,1.90260025472206e-17,3.76815848535992e-17,1.94347043777632e-06,2.53269627492614e-16,-2.68882138776405e-17,-3.65304258631382e-19,-2.54968982912547e-16,-2.58102704786892e-06,1.38181566883278e-16,6.6823272615376e-17,-7.35631174031415e-17,-1.92422396853735e-16,-7.10123954920077e-17,-1.03024964940935e-16,-5.11743425413158e-16
"t64",0.133738936575427,0.0487877727276606,0.0322235418491882,0.15054397237048,-3.9438854740764e-05,-0.00415379981813753,0.000782911604593699,0.000287383754281752,-0.000204990565243943,0.0031862103559005,4.70599303702484e-05,0.000272485472551621,0.00032216312377424,-1.2959385095354e-06,-0.000327943617933276,0.00962994283479281,-0.000181658119331886,0.190289691719288,0.538437260692963,0.0114166496475075,3.18578547281664e-05,-0.00175325875946125,-0.0342868811411641,-0.0426880243471814,0.000920512644822511,-0.000120498782374016,-0.000624357412064947,0.000671760564520105,-0.0084023191081378,-0.0011220771454652,0.000136423171881373,-0.000330264163379627,0.00334531042367558,5.34659198470483e-05,0.00106812877232229,-0.00321093500108875,-2.33753988387875e-16,0.000285311714046996,4.78783679369599e-16,0.000256833531768096,0.000132397860331913,0.000356042329881774,0.330810702878586,0.077464254158571,1.35272730405271e-05,0.000243631508080839,5.20580011612536e-06,-1.4808419518831e-14,-0.000703058517168992,-4.71932742725665e-05,2.60511628763227e-05,1.54020641738271e-05,0.00283391582240739,-1.29865617735751e-06,-0.00123019387939393,-7.47574811141511e-06,4.54497550705923e-16,2.21421977555601e-16,1.3338386100248e-16,-0.000350770045018389,-7.39860001169804e-17,5.75509295206583e-06,-0.000173438893234837,-6.36372227384708e-17,1.62188097646548e-05,1.14127394458356e-06,3.76434994286967e-16,-5.00743525146695e-16,-0.000240891259905032,8.90239560945684e-16,2.35055030994857e-15,1.88255447746524e-15,-9.67978381983861e-16,-1.22512748718973e-15,-0.707106781186547,1.04371511693762e-14,3.65862798445971e-07,1.04083408558608e-15,5.3776427755281e-16,1.75579040020264e-16,-4.62922250051637e-17,-5.11407400989594e-07,-1.96891114523368e-16,-1.59568280655163e-16,9.15066633577766e-17,4.30598226184456e-16,-2.32169435215871e-16,4.34415581128028e-17,3.38271077815477e-16
"t65",0.133738936575427,0.0487877727276605,0.0322235418491881,0.15054397237048,-3.94388547407747e-05,-0.00415379981813754,0.000782911604593702,0.000287383754281751,-0.000204990565243923,0.0031862103559005,4.70599303702357e-05,0.000272485472551605,0.000322163123774176,-1.29593850961518e-06,-0.000327943617933296,0.0096299428347928,-0.000181658119332066,0.190289691719288,0.538437260692962,0.0114166496475075,3.1857854728215e-05,-0.00175325875946116,-0.034286881141164,-0.0426880243471814,0.00092051264482264,-0.00012049878237428,-0.000624357412064527,0.000671760564520119,-0.00840231910813775,-0.00112207714546534,0.000136423171881481,-0.000330264163379711,0.00334531042367549,5.3465919846632e-05,0.00106812877232262,-0.00321093500108875,-4.70543742858709e-16,0.000285311714046931,-3.12250225675825e-16,0.000256833531768242,0.00013239786033182,0.00035604232988155,0.330810702878585,0.0774642541585707,1.35272730405838e-05,0.000243631508081057,5.20580011597769e-06,-1.4950217916399e-14,-0.00070305851716906,-4.71932742725167e-05,2.60511628762117e-05,1.54020641741914e-05,0.00283391582240666,-1.2986561778441e-06,-0.00123019387939475,-7.47574811144546e-06,6.24500451351651e-17,-2.76181393656632e-16,-8.78651488444865e-17,-0.000350770045018555,-9.56311919286704e-17,5.7550929520693e-06,-0.000173438893235155,7.91669627170734e-17,1.62188097654345e-05,1.14127394536441e-06,-8.08381139805192e-16,6.44630109214521e-16,-0.000240891259903252,-1.08174443727746e-15,-2.33493779866478e-15,-1.74029316651432e-15,1.22139907644383e-15,1.23855395501069e-15,0.707106781186548,-1.06691416641911e-14,3.65862799167616e-07,-1.06858966120171e-15,-3.88578058618805e-16,-1.6520278635087e-16,-1.82275768306806e-16,-5.11407400906327e-07,-1.17961196366423e-16,1.69382122936142e-16,1.58727198051878e-16,-2.07618131024236e-16,1.97307978337949e-16,-4.32954302355229e-17,1.92554305833426e-16
"t19",0.131922674128858,0.0477097668964077,0.0312969849123567,0.145083379808083,-3.73194681848396e-05,-0.00390897720216842,0.000732445597941325,0.000263744065150317,-0.000187648090138754,0.00286173896842392,4.21070191267688e-05,0.000242451975843233,0.000284367645433574,-1.12990541475237e-06,-0.000271926105514853,0.00793945867133507,-0.00014004416041228,0.141776471724008,0.393906389882565,0.00813309757016001,2.20523188972001e-05,-0.0011500444043012,-0.021823156899985,-0.0270146760638963,0.000495833262293454,-6.41991051445329e-05,-0.000297733612357206,0.000307326467044731,-0.00347132161434741,-0.000459795612330017,3.93116181849585e-05,-8.96164314785597e-05,0.000822414439261802,1.00816701792891e-05,0.000184519957484258,-8.66757668190193e-05,5.8113236445223e-16,-7.20976260649675e-05,-1.08940634291343e-15,-0.000106478520392632,-0.000199318362269538,-0.000586893720866302,-0.817422239300546,-0.319684034634783,-0.000108881142085313,-0.00220404067450244,5.55202747886811e-05,-1.3014075426576e-13,-0.00532165996248029,-0.000240277089875716,0.000114967667977053,5.92091016752665e-05,0.0106517550279476,-4.72135726857286e-06,-0.00420386120414287,-2.43294736444587e-05,-2.09901540593194e-16,-3.95720229015833e-17,-1.88137090461821e-17,-0.0010042946424566,2.22480807686143e-17,1.52320539474615e-05,-0.000433919098811405,1.23848789797357e-17,3.77058201939751e-05,2.64330360246059e-06,3.7470027081099e-16,-3.61264632888827e-16,-0.000508260458843985,-1.2946026133666e-17,1.87350135405495e-16,-1.1836286775387e-16,-1.56489302173375e-16,5.62766276537242e-17,-3.80259498123787e-16,1.34749669805732e-16,7.18856868947571e-07,2.08166817117217e-16,-1.33573707650214e-16,9.35646547524734e-18,5.87367612424706e-17,-9.38109161751494e-07,7.11236625150491e-17,1.9519782654401e-17,-2.03613167992778e-16,-3.36104615292544e-16,-2.83770555246592e-17,-6.52909194837242e-17,-2.47198095326695e-16
"t20",0.142547736166375,0.0545448987721874,0.0375890837946987,0.185435727900971,-5.71133733955445e-05,-0.00639409569075747,0.001297202621842,0.000662395842147028,-0.000501368797581575,0.0157070380056358,0.000299777294719884,0.00314190965270831,-0.0153856111505237,6.37413143677832e-06,0.000269037103141836,-0.007029579949629,4.52788901327307e-05,-0.0300583145019372,-0.0671048287727997,-0.00100861900184991,-1.92879356164782e-06,5.38208319931285e-05,-0.09694687826679,-0.000718350408842272,7.07092845561781e-06,-9.09874377542919e-07,-1.32506222473659e-06,-8.1019965861729e-07,9.18269368909009e-05,1.32057168370698e-05,-6.67700191360791e-06,1.81213441956207e-05,-0.000214508534233297,-4.59070038423895e-06,-9.83311791758922e-05,0.000487758309645531,-6.2905410047609e-16,-7.78673688893299e-05,-1.2941037130787e-15,-8.81297219444367e-05,-9.7165633000149e-05,-0.000272394707845612,-0.246113564148122,0.740800276651367,0.00168853839734293,-0.00211829733540123,4.5489493660828e-05,-1.39485213693056e-13,-0.547497983513544,-0.00012755795929813,6.5143802149302e-05,4.26179764286749e-05,0.0399625684609087,-2.20677503407559e-06,-0.060607291345793,-1.14302346763484e-05,-4.95263552391378e-16,-2.86338985465996e-16,3.37146084154581e-16,-0.000519661643533491,3.11845765973974e-17,7.98042781045318e-06,-0.000228460145004092,1.82085821850127e-16,1.99374699817487e-05,1.3979454208025e-06,-5.67254576644416e-16,-4.66495813708765e-16,-0.00350562679175226,9.89945731067019e-17,2.47631776195689e-16,2.18895361601736e-16,-1.93963164616032e-16,9.45405998223352e-18,1.34215088468996e-16,1.15014237625912e-17,3.8300397787322e-07,-2.22044604925031e-16,5.72458747072346e-17,-2.14190233420404e-18,3.8254665002414e-17,-5.0242600236651e-07,1.51408833387601e-16,7.12881072288105e-17,9.25908655302621e-17,1.52005409404664e-16,-7.60300583969177e-17,2.12375713455188e-16,-1.29670579829266e-16
"t55",0.14690348440919,0.0573015621791972,0.0400937157467583,0.201256895799496,-6.45940791805056e-05,-0.00732266133639608,0.00150563991041136,0.000803547650089577,-0.000611820360101406,0.020037525342811,0.000385871312602331,0.00409792252032662,-0.0204530053927024,8.72746875301159e-06,0.000416946801376004,-0.0110533846532231,8.49984150338712e-05,-0.0621031976836318,-0.146222574341015,-0.00238118053705352,-4.98606627333253e-06,0.000167197122779027,-0.337067332781037,-0.00255425938334375,5.84566577528406e-05,-8.17859688521938e-06,-6.510182061506e-05,7.72583847029745e-05,-0.00114932875495066,-0.000155184530840329,2.5019497317506e-05,-6.22500662757386e-05,0.000655033822914775,1.12665942744589e-05,0.000229135537571688,-0.000785099544203246,1.38777878078145e-16,8.1520198538938e-05,4.44089209850063e-16,7.79601676971151e-05,4.70822276515781e-05,0.000125997416810918,0.0928087982794952,-0.219832402951619,-0.000387150934989197,0.000467694922411532,-1.92509023302619e-06,-3.32936803126849e-15,-0.108112060352105,6.36249267855745e-06,4.62178654098144e-07,4.19744476740438e-06,0.00513587410908844,-4.48636049798883e-07,-0.166104053754081,3.12664692599714e-06,-2.84494650060196e-16,-1.23380401972297e-16,4.79186080498203e-17,6.09908658640024e-06,-5.68164435035276e-18,2.7203362046313e-07,-1.3143811232374e-05,4.18947303335023e-16,1.45133305042011e-06,1.01457785327838e-07,-1.26981758441502e-15,-1.6485712424462e-15,0.828121170414545,1.67160120051498e-15,1.71911096469302e-15,-5.41170523491878e-16,3.44783016979876e-17,1.13978951497684e-16,-8.88343116352249e-16,-2.81622137862794e-15,1.13189513983869e-07,-1.19348975147204e-15,-1.17961196366423e-16,-2.41922095248355e-16,-4.63472834097205e-17,-1.51834418260499e-07,-1.70870262383715e-16,-8.30155834765932e-17,4.59701721133854e-17,2.13226236451949e-17,-4.53862648860069e-17,-1.51122196743208e-16,-8.84708972748172e-17
"t66",0.147059783366468,0.0574000523430071,0.0401829009575332,0.201818140500402,-6.48571738694372e-05,-0.00735523612945204,0.00151293253119741,0.000808444318080173,-0.000615647772701197,0.0201863832614218,0.000388826082930366,0.00413065817610524,-0.0206259606322969,8.80739896597577e-06,0.000421877067194269,-0.0111872381700741,8.62905933018149e-05,-0.0631349777869333,-0.148756577449862,-0.00242481713373891,-5.08252375449637e-06,0.000170726678294008,-0.344490554580785,-0.00261094223509124,5.99931572148177e-05,-8.39552633613615e-06,-6.69717626311534e-05,7.9533794095209e-05,-0.001185027125063,-0.000160023024579177,2.58998364462705e-05,-6.44723873768046e-05,0.000678917894416844,1.16958892420194e-05,0.000237966388461737,-0.000818279209533119,3.37186875642992e-16,8.54457754848132e-05,2.08166817117217e-17,8.19349660602241e-05,5.00754609275672e-05,0.000134148511461897,0.0992860089835826,-0.236544268533545,-0.000419180152412928,0.000506835989042718,-2.13016482011695e-06,-4.13766150316364e-15,-0.120436753699615,7.19872005206065e-06,5.2824466344973e-07,4.86837265789228e-06,0.00597526512587135,-5.24612705187812e-07,-0.19645685825902,3.74025574865523e-06,-3.22658566531686e-16,-7.40851977201141e-18,2.86799199273408e-16,7.65505747874146e-06,-6.86204071437499e-17,3.61822785129029e-07,-1.88820071037873e-05,-7.62412201263515e-17,2.69414392718628e-06,1.93302763570037e-07,4.72278466334686e-16,1.00392792041742e-15,-0.396028262341732,-2.05246791039879e-15,9.2070448487469e-16,3.66661004571996e-16,1.10110132538229e-15,1.52099945437866e-15,-1.06334880799161e-14,-0.707106781186546,6.5754695671022e-08,9.67975699595058e-16,-9.36750677027476e-16,3.14520152044478e-16,-2.11024112131793e-16,-1.17569688399752e-07,-2.87638836360404e-16,-5.31050488209491e-17,-3.21845414902322e-16,1.02734208481366e-16,-1.54518524447363e-16,-8.55075354073249e-17,-8.02309607639273e-17
"t67",0.147059783366468,0.0574000523430071,0.0401829009575331,0.201818140500402,-6.48571738694356e-05,-0.00735523612945205,0.0015129325311974,0.000808444318080185,-0.000615647772701182,0.0201863832614218,0.000388826082930354,0.00413065817610522,-0.020625960632297,8.80739896600953e-06,0.000421877067194259,-0.0111872381700741,8.62905933017993e-05,-0.0631349777869333,-0.148756577449862,-0.00242481713373895,-5.08252375455232e-06,0.000170726678293937,-0.344490554580785,-0.0026109422350913,5.99931572146548e-05,-8.39552633617431e-06,-6.69717626311048e-05,7.95337940952463e-05,-0.00118502712506293,-0.00016002302457912,2.58998364460656e-05,-6.44723873768681e-05,0.000678917894416764,1.16958892422275e-05,0.000237966388461879,-0.000818279209533041,8.83624770575686e-17,8.54457754848336e-05,7.91901266783412e-16,8.19349660600593e-05,5.00754609275091e-05,0.000134148511461903,0.0992860089835827,-0.236544268533545,-0.00041918015241308,0.000506835989042307,-2.13016481991583e-06,-4.25591937281984e-15,-0.120436753699615,7.19872005206792e-06,5.28244663736827e-07,4.86837265734194e-06,0.00597526512587103,-5.24612705325722e-07,-0.196456858259021,3.74025574867442e-06,8.02309607639273e-17,-2.07742852617503e-16,3.89616127895595e-17,7.6550574785372e-06,2.6635147216263e-16,3.61822785009333e-07,-1.88820071040352e-05,-3.63781900678671e-16,2.69414392764706e-06,1.93302763514309e-07,6.40546643504436e-16,4.01918152709864e-16,-0.396028262341727,1.67676424590817e-16,-2.28484765829595e-15,-2.7047248497234e-16,-1.3916078304256e-15,-1.50547255413575e-15,1.0870497438318e-14,0.707106781186549,6.57546942693654e-08,2.18575157973078e-16,9.0205620750794e-16,-9.98357046784079e-17,1.07381481227137e-16,-1.17569688524652e-07,3.20761212729836e-16,2.34244358378434e-16,1.93530087788663e-16,-1.75313651311291e-16,2.51916597061084e-16,1.55785676343119e-16,-1.35742111995185e-16
"t35",0.145414596722151,0.056360427823546,0.0392394403805416,0.195866425031265,-6.20516138304308e-05,-0.00700730140774915,0.00143490528396039,0.000755765936766387,-0.000574443271468768,0.0185755730150574,0.000356820039015629,0.00377554948334909,-0.0187459140563215,7.9358511343327e-06,0.000367478503520934,-0.00970847446558347,7.18157533759201e-05,-0.0515031366599118,-0.120096441468676,-0.00192903699587516,-3.98150256140234e-06,0.000130110876553085,-0.258708923211445,-0.00195541385416616,4.18821887803909e-05,-5.83566946219839e-06,-4.46759517617034e-05,5.23097431845126e-05,-0.000754636776943745,-0.000101655621539691,1.5073661502372e-05,-3.70747286483224e-05,0.000383372635389041,6.34100272971921e-06,0.000127577317970523,-0.00039582384424957,2.00360561475321e-16,3.3958922630169e-05,-2.63677968348475e-16,2.90411358903897e-05,7.50028564114255e-06,1.75006686322044e-05,0.00394532258922487,0.0182847289695497,8.87391556290638e-05,-0.00011741478749502,1.64934651884861e-06,4.13500817245636e-15,0.118687664960353,-1.12694886991362e-05,-1.07513834035622e-06,-1.41331087103441e-05,-0.0186634040340239,1.84698977650968e-06,0.908033042724944,-2.30057693243056e-05,8.9078050491409e-16,5.31110783534646e-16,-5.43008522219364e-16,-0.000395115230066424,-4.67926135096158e-16,5.10707248129252e-06,-0.000136704321669272,7.79573308054127e-17,1.13825370515637e-05,7.96940782478244e-07,5.52509427098613e-16,3.88127547487241e-16,-0.0219681331551617,-9.91346674521438e-17,-8.50014503228635e-17,4.07471669746925e-16,4.81156292063098e-16,1.18630577289431e-16,4.30063620736293e-16,8.74090104312437e-16,2.1493649083465e-07,7.14706072102445e-16,5.3776427755281e-17,-3.58866020671387e-17,-1.73417964975552e-16,-2.88222665002086e-07,-1.61220863048595e-16,-6.14571572240913e-18,-1.53739868058445e-16,-1.56947489442952e-16,-2.94027110713187e-16,-1.01221114982728e-16,-3.27862736959617e-16
"t22",0.143838464409617,0.0553621525606966,0.0383318883968589,0.190129772326454,-5.93349708945677e-05,-0.00666993674221063,0.00135914000286398,0.000704380168275978,-0.000534225833466164,0.0169964861237546,0.000325417493523635,0.00342670359887279,-0.0168957643706151,7.07587470676991e-06,0.000313246102470812,-0.00823257538677121,5.71888569261859e-05,-0.0396807031395727,-0.0908797916211017,-0.00142150981531954,-2.84949374478038e-06,8.80320393665457e-05,-0.169480094325365,-0.00127303405149891,2.26757190980008e-05,-3.11793598656036e-06,-2.07572442260627e-05,2.30012361288161e-05,-0.000287629227921654,-3.82851127175739e-05,3.07737385929539e-06,-6.63399873840895e-06,5.36744511901433e-05,3.14388753596545e-07,3.04482815980897e-06,9.08173944375998e-05,-7.75204553327136e-16,-2.74899254085605e-05,-1.14491749414469e-16,-3.52434381571736e-05,-4.91980791930026e-05,-0.000139261430962383,-0.129929707806908,0.398117302570131,0.000903431088916952,-0.0011301587424159,1.05581424265162e-05,2.57331980566987e-14,0.803320682046578,-0.000140410640162174,6.47163300844002e-05,4.27602075597109e-05,0.0410384814215057,-2.42914632197079e-06,-0.256558518108444,-5.1209379960612e-06,2.7148422399037e-16,2.15344697759379e-17,-1.67568201643068e-18,-0.000372478082172816,-2.8992248649796e-17,5.9280778370429e-06,-0.000172193399019988,2.46712545203113e-17,1.52439652284135e-05,1.06957126077176e-06,-2.87096735274162e-16,3.35546065195677e-16,-0.00645303183505106,2.45255135724315e-16,-3.16587034365767e-17,3.94584323667629e-17,-2.50343999141884e-16,1.54625191858342e-16,-3.30877752875213e-16,-2.13173223982106e-16,3.01178638147104e-07,7.63278329429795e-17,3.81639164714898e-17,-2.56772230164209e-18,-1.56765401062581e-16,-4.00363620780414e-07,3.74049749507499e-18,6.22603504285868e-17,-7.68699340292223e-17,1.43951993538694e-16,6.15982632108493e-16,-1.5012711081046e-16,8.76035355368288e-17
"t27",0.144687512965186,0.0558936803305337,0.0388104479896371,0.193119834427322,-6.07090458591617e-05,-0.00683889893538439,0.00139667030567094,0.000728845065633239,-0.000553263738330684,0.0177098132867797,0.000339457456591884,0.00358023202049582,-0.0176906378096385,7.4305774929983e-06,0.000330924870133693,-0.00869610466852428,5.90246404927469e-05,-0.0393951890899451,-0.087094802449997,-0.00125313477143129,-2.10543322520275e-06,-3.62052798460327e-07,0.287491232500812,0.00317994228419838,6.83624720081212e-05,-9.30544074265877e-06,-6.2258874384314e-05,7.09709003057484e-05,-0.000980157342852882,-0.000131691962683003,1.84033030263846e-05,-4.50429210803067e-05,0.000462740148211384,7.56655038310072e-06,0.000151849187391118,-0.000464306492062994,5.9240806704608e-16,3.97860352773122e-05,-2.77555756156289e-17,3.4358448128052e-05,1.14078680055432e-05,2.8445892319681e-05,0.0142716714469991,-0.0168649923842301,0.0644690256714179,4.06240799146309e-06,-1.87161344508701e-06,8.45759094404925e-15,0.00306479446396714,5.51501064219731e-05,-5.83975613099551e-05,-0.000242031069299179,-0.909761041934411,-1.53086478309581e-05,-0.0337937542412365,-1.9556042099713e-05,1.78329573330416e-15,7.49250559583194e-16,2.41661966331875e-16,-0.000507849805155253,2.79226011214627e-16,6.62645612021368e-06,-0.000175404441478474,-1.99259823919502e-16,1.42813034755326e-05,9.9861125777811e-07,-4.42354486374086e-16,-3.43125092183736e-16,-0.00092235552300062,-3.80572893453277e-17,-8.67361737988404e-18,-2.92846314355994e-17,1.82374986821215e-16,1.92060359825364e-16,-2.98274688269355e-16,-1.24719061473387e-16,2.57208124722352e-07,-2.35922392732846e-16,-1.96023752785379e-16,-3.61623827962206e-17,-2.32719169486234e-16,-3.37483160351565e-07,-1.53631447841196e-16,8.28456422511851e-17,1.45933612416549e-16,-3.97638427657135e-16,-2.08569248748952e-17,-9.12641786424689e-17,-3.46077333457373e-16
"t60",0.145669491563151,0.056511052053771,0.03936842734768,0.196623181574705,-6.2341620672095e-05,-0.00704064338626313,0.00144173846717853,0.000758875629934353,-0.000576711006347058,0.0186137743676677,0.000357366735013668,0.00377807910033849,-0.0187314367716849,7.90816130005705e-06,0.000359323257285535,-0.0094631496783266,6.58309019718126e-05,-0.0444552716447557,-0.0988785860883118,-0.00143491686729049,-2.43250285951631e-06,-4.24999602663401e-07,0.340336539972629,0.00377040236201343,8.43636213737598e-05,-1.15116604569492e-05,-7.88177052012257e-05,9.05586672292832e-05,-0.001273238403445,-0.000171300189029834,2.51066126084505e-05,-6.18467270919375e-05,0.000641570218288045,1.07189929816377e-05,0.000216381776608338,-0.000697561980632959,5.72892427941341e-16,6.5769992212449e-05,9.99200722162641e-16,5.98413820935909e-05,2.6989926181959e-05,6.97321042342058e-05,0.0422635252103931,-0.0689872238165849,0.482230847175794,3.47563057242189e-05,4.95809064159959e-06,-1.36451476677522e-14,-0.00518166257814306,-4.40019207207959e-05,3.09714780743833e-05,7.19834463293895e-05,0.238065891366987,3.21386912562928e-06,0.00396052275047813,9.23718436655766e-07,1.74339709335669e-16,3.97446744247337e-16,-2.50699816474332e-16,-6.29192334792774e-05,-1.55296085438641e-16,1.4601181264548e-06,-5.01044396189147e-05,-1.30823715593529e-16,5.23104500585589e-06,3.69767974179973e-07,4.80518402845576e-16,7.20604601266627e-16,-0.00042926993777743,-4.2966744596697e-16,-1.27632279744994e-15,1.45264337505223e-13,0.707106781186547,-6.05223404539113e-14,-8.23100349789723e-16,1.51602210313787e-15,1.37119198717617e-07,1.11716191852906e-15,1.99493199737333e-16,9.57007974639181e-17,7.21820133024841e-17,-2.00641900698073e-07,3.87602276663568e-17,-3.00582265299726e-16,1.94289029309402e-16,-4.87011577415557e-16,-2.42728018259841e-16,1.17126404710437e-17,-8.67361737988404e-17
"t61",0.145669491563151,0.0565110520537709,0.03936842734768,0.196623181574705,-6.23416206721063e-05,-0.00704064338626312,0.00144173846717856,0.000758875629934349,-0.000576711006347056,0.0186137743676677,0.000357366735013635,0.00377807910033853,-0.0187314367716849,7.90816130007319e-06,0.000359323257285541,-0.00946314967832658,6.58309019717952e-05,-0.0444552716447557,-0.0988785860883118,-0.00143491686729049,-2.432502859551e-06,-4.24999602673809e-07,0.340336539972629,0.00377040236201342,8.43636213740218e-05,-1.15116604569171e-05,-7.88177052012022e-05,9.05586672292433e-05,-0.00127323840344517,-0.000171300189029758,2.51066126084718e-05,-6.18467270919912e-05,0.000641570218287935,1.071899298144e-05,0.00021638177660833,-0.000697561980632868,3.26561694352634e-16,6.57699922125108e-05,-1.73472347597681e-17,5.98413820936776e-05,2.69899261820563e-05,6.97321042341069e-05,0.042263525210393,-0.0689872238165849,0.482230847175794,3.47563057239513e-05,4.95809064162919e-06,-1.35252213549482e-14,-0.00518166257814305,-4.40019207208033e-05,3.09714780742792e-05,7.19834463296619e-05,0.238065891366986,3.21386912597579e-06,0.00396052275047892,9.23718436751826e-07,-8.4220824758674e-16,-8.37555246978693e-16,3.1454466188666e-16,-6.29192334790432e-05,-5.50387108994659e-17,1.46011812669419e-06,-5.01044396187737e-05,3.84294716238999e-16,5.23104500644873e-06,3.69767973201101e-07,-5.13478148889135e-16,-4.18202784560296e-16,-0.000429269937777563,5.20349211636374e-16,1.61719596047938e-15,-1.45303314520401e-13,-0.707106781186548,5.96797179732487e-14,9.03409085699008e-16,-1.36988297991472e-15,1.37119199432323e-07,-8.95117313604032e-16,-4.16333634234434e-17,-1.3254749364204e-16,-3.50306957983067e-17,-2.00641900822973e-07,-4.5102810375397e-17,4.81660749989023e-16,-4.28693539000768e-16,4.31316412971001e-16,1.14090338814416e-16,-1.3686664638106e-16,2.37657116208823e-16
"t62",0.14560215265037,0.0564687015871491,0.0393301409062973,0.196382722860625,-6.22294874670659e-05,-0.00702678370037383,0.0014386416331412,0.000756810617120712,-0.000575098533008663,0.018551565482908,0.000356134082332312,0.00376445901671545,-0.0186597660188578,7.87525983672759e-06,0.000357363437754469,-0.00941020437306936,6.53600620448246e-05,-0.044104851941489,-0.0980620796880167,-0.00142231096163392,-2.40980260808946e-06,-4.20624099747684e-07,0.336660173435914,0.0037293186028841,8.32457711375785e-05,-1.13574934351547e-05,-7.76577832975883e-05,8.91854079100324e-05,-0.00125265086554441,-0.000168517486474763,2.46330940057914e-05,-6.06588078860814e-05,0.000628913393801197,1.04952886192805e-05,0.000211799048015067,-0.000680883638543166,-3.5605199344424e-16,6.3886416761644e-05,1.80411241501588e-16,5.7978729275137e-05,2.57755611514796e-05,6.64833734049831e-05,0.0399186783455775,-0.0637591643779151,-0.515143851675985,4.11814900738009e-05,4.57738737543974e-06,-1.28796230069463e-14,-0.00470231652126533,-3.79694502177989e-05,2.54511732157882e-05,5.23166301843632e-05,0.166020460287938,2.04756711899437e-06,0.00156947830993382,-3.7906061981386e-07,-4.50160742015981e-16,-5.91574587345355e-16,-9.29210608889758e-17,-9.1538586022696e-05,2.61946895331638e-16,1.79457664139029e-06,-5.82520872350598e-05,2.81806626210651e-16,5.82281232506567e-06,4.10897418360548e-07,-1.07986536379556e-15,-1.22580179350481e-15,-0.000461735971189915,1.8092605757454e-15,-2.04610633991464e-15,1.49926308508245e-15,6.03151704333448e-14,0.707106781186547,-1.06956642155975e-15,1.31628523707347e-15,1.45064436289644e-07,-2.22044604925031e-16,1.94289029309402e-16,-7.22175505179975e-17,-1.95283336557079e-16,-2.09735788618548e-07,1.80085980849842e-16,-9.60861398711414e-17,-3.41523684332934e-17,9.65305372069819e-17,-4.38319434629671e-17,3.4006922727637e-17,-1.99493199737333e-17
"t63",0.14560215265037,0.0564687015871491,0.0393301409062973,0.196382722860625,-6.22294874670401e-05,-0.0070267837003738,0.0014386416331412,0.000756810617120732,-0.000575098533008623,0.018551565482908,0.000356134082332315,0.00376445901671547,-0.0186597660188579,7.87525983669439e-06,0.000357363437754463,-0.00941020437306932,6.53600620448523e-05,-0.044104851941489,-0.0980620796880167,-0.00142231096163389,-2.40980260808078e-06,-4.20624099752888e-07,0.336660173435914,0.0037293186028841,8.32457711375709e-05,-1.13574934352129e-05,-7.76577832975293e-05,8.9185407910107e-05,-0.00125265086554415,-0.000168517486474703,2.46330940053014e-05,-6.06588078860779e-05,0.000628913393801353,1.04952886189891e-05,0.000211799048014871,-0.000680883638543247,-6.68952740423556e-16,6.38864167615633e-05,2.0122792321331e-16,5.79787292752237e-05,2.57755611514248e-05,6.64833734051089e-05,0.0399186783455772,-0.0637591643779151,-0.515143851675986,4.11814900742472e-05,4.57738737588676e-06,-1.29676382004955e-14,-0.00470231652126508,-3.7969450217908e-05,2.54511732157396e-05,5.23166301844794e-05,0.166020460287937,2.04756711896705e-06,0.00156947830993401,-3.79060619845736e-07,-2.7148422399037e-16,3.87254488050791e-16,-1.12580343759722e-16,-9.15385860226613e-05,-4.54428489763348e-16,1.79457664163662e-06,-5.8252087234864e-05,-2.33211015851666e-16,5.82281232459816e-06,4.1089741825202e-07,1.17527515497429e-15,9.90077510198841e-16,-0.000461735971189875,-2.25376384274786e-15,1.92120624964431e-15,-1.17617557603243e-15,-6.01139184405573e-14,-0.707106781186547,1.1558895208277e-15,-1.62452822936474e-15,1.45064436705977e-07,3.05311331771918e-16,-1.61329283265843e-16,9.52643343596555e-18,-4.56795018119524e-17,-2.09735788701815e-07,-4.39372930399751e-16,3.09240557006057e-17,-6.72205346941013e-18,-3.48630863435549e-17,-2.31435891159469e-16,9.72129911061559e-18,-1.33573707650214e-16
"t58",0.100587715390239,0.0209783464299789,-0.000903090520863275,-0.160709821933734,0.00389438407116597,-0.268759099170349,0.00598393890929649,0.00230167642482521,-0.0016897694900145,0.0492510629019677,0.00176982358618555,0.00698827704812768,-0.0340443998443061,0.360809925611266,0.00063692075982112,-0.0183752658183552,5.62374719137275e-05,-0.0165429052294687,-0.00107317014862419,0.00108654020152098,5.62959504749744e-06,-0.000520201672824389,0.00024453779361775,-0.0164702452557577,0.000478280675607545,-4.74969563888927e-05,-0.000275327469436487,0.000303767376079643,-0.0039678901283502,-0.000531304967922644,6.89255063461722e-05,-0.000168496831201505,0.00211438814352439,2.70653675893337e-05,0.000674672594681623,-0.00199398030817505,-3.82289686018389e-16,0.000134121723506897,3.05311331771918e-16,0.000114304323578712,2.92787981565445e-05,6.72800895884056e-05,0.00138402557936982,-0.000418957201025655,-4.15335714094078e-07,-0.000557425251920808,1.95358352376234e-05,-4.82741559400257e-14,-5.62697295955708e-05,-0.000129886997815947,5.5954542630781e-05,3.05060841357223e-05,0.000179278977070195,-2.77842353698342e-06,-7.98127774469559e-05,-1.606134923243e-05,1.15359111152458e-16,-4.6662675519222e-18,2.75291594336817e-16,-0.00815084335668547,-5.90982000348601e-16,2.01630626009211e-05,-0.466103649922969,-1.04213436764897e-15,0.167805950936802,-1.04272691270967e-05,-8.00574884163296e-16,-1.36157945959403e-17,-5.32661477957962e-06,-4.72799449495245e-16,1.02261948908833e-15,-0.707106781186547,1.45207572112192e-13,1.28869394444504e-15,-2.56460594939172e-15,-5.8818220372396e-16,2.93525166478181e-07,6.10622663543836e-16,-4.28476698566271e-16,3.03238116812371e-16,3.71473242802282e-16,-4.55919004781896e-07,2.98480858085259e-16,1.58094806705319e-16,6.72205346941013e-18,2.71277176868041e-16,1.14352700691157e-16,1.29912045971538e-16,-2.04697370165263e-16
"t59",0.100587715390239,0.0209783464299789,-0.000903090520863326,-0.160709821933734,0.00389438407116595,-0.268759099170348,0.0059839389092965,0.00230167642482525,-0.00168976949001449,0.0492510629019676,0.00176982358618559,0.00698827704812766,-0.0340443998443061,0.360809925611265,0.00063692075982113,-0.0183752658183553,5.62374719136997e-05,-0.0165429052294687,-0.00107317014862418,0.00108654020152098,5.62959504741417e-06,-0.000520201672824333,0.000244537793617631,-0.0164702452557577,0.000478280675607597,-4.74969563889795e-05,-0.000275327469436527,0.000303767376079598,-0.00396789012835017,-0.000531304967922601,6.89255063461234e-05,-0.000168496831201532,0.00211438814352417,2.70653675894308e-05,0.000674672594681539,-0.00199398030817492,1.79977560632594e-16,0.000134121723507013,-4.85722573273506e-17,0.000114304323578661,2.92787981565927e-05,6.72800895886476e-05,0.00138402557936997,-0.000418957201025885,-4.15335714256604e-07,-0.000557425251920533,1.95358352376922e-05,-4.81991782776007e-14,-5.62697295954998e-05,-0.000129886997815851,5.59545426307845e-05,3.0506084135587e-05,0.000179278977070146,-2.77842353681342e-06,-7.98127774474915e-05,-1.60613492324899e-05,-1.82145964977565e-17,8.51930126154273e-17,-5.39422834013322e-17,-0.00815084335668525,-8.79644584727848e-16,2.01630626011536e-05,-0.466103649922969,1.50892910450095e-16,0.167805950936801,-1.04272691272592e-05,-4.56926163572291e-15,-1.11582625874759e-15,-5.32661477902624e-06,5.87890151089723e-16,-6.80878964320897e-16,0.707106781186548,-1.44960248719056e-13,-1.53350283416715e-15,1.98696222291382e-15,2.75659405951916e-16,2.93525165818986e-07,5.55111512312578e-17,5.29090660172926e-16,-3.66619189760162e-16,-6.41267421021568e-16,-4.55919004910266e-07,-1.92554305833426e-16,-7.25621648077011e-17,-1.74122868901172e-16,-3.06211314626817e-16,-2.72782089839089e-16,-6.63884224296018e-17,5.20417042793042e-17
"t50",0.100344721735502,0.0208964343411681,-0.000898525198294628,-0.159690852773666,0.00385828333966717,-0.266037258737202,0.00591793462603127,0.00226970327195258,-0.001665669509496,0.0484161234312655,0.00173889205735658,0.00686082948142394,-0.0333869122513032,0.353258856778209,0.000619674202775555,-0.017865590123056,5.42744142702084e-05,-0.0159111194832716,-0.00103039471335234,0.00104070668979211,5.37870232713254e-06,-0.000494867326740131,0.000232104497397707,-0.0156263083524114,0.000449157923139726,-4.45779140572627e-05,-0.000256971013748374,0.000282988860422544,-0.0036812829710909,-0.000492777489976003,6.32667047062212e-05,-0.000154455357748796,0.0019343137904585,2.46533628476542e-05,0.000613836925895115,-0.00179622013944378,7.97972798949331e-17,0.000118891747332303,1.49186218934005e-16,0.00010052985713261,2.48333182597797e-05,5.68754833763681e-05,0.00115214192064036,-0.000342098683492122,-3.31947675934913e-07,-0.000444120995811207,1.4381991222349e-05,-3.42545468647536e-14,-4.02809362003964e-05,-8.66848136750536e-05,3.55059061533901e-05,1.78498637885462e-05,0.00010298051218353,-1.54659572786358e-06,-4.11605709844668e-05,-7.60240662642242e-06,-2.16840434497101e-16,-2.14614406251352e-17,-2.25326953478441e-16,-0.00224654355951767,2.68206151671992e-16,-2.420240002559e-07,0.237617334288762,3.49394293687015e-15,-0.834528127336041,6.42706987286674e-05,8.41861302891544e-15,1.13748204794614e-15,-1.35781180601573e-05,-4.8825071393475e-16,-1.76074432811646e-16,-7.13304528636332e-16,-3.91824826813406e-16,1.62969641920388e-16,7.98858013375898e-16,3.98365530581497e-16,5.0330984908975e-07,-2.08166817117217e-16,-1.73472347597681e-18,-5.74485398121727e-17,-1.98708835565454e-17,-6.54092576848203e-07,-2.01770024299552e-16,-2.46597914661121e-17,2.33753988387875e-16,1.46619576411211e-17,1.89369678284521e-17,5.04554564820926e-17,-9.54097911787244e-18
"t41",0.100235889851561,0.0208597353572945,-0.000896479274451885,-0.159234075886386,0.00384208970491166,-0.264816093224017,0.00588831551955792,0.00225534625628352,-0.00165484691012045,0.0480409497900134,0.0017249915744267,0.00680354536260857,-0.0330913185227178,0.349862808771344,0.000611906925267779,-0.0176360150181724,5.3388756900221e-05,-0.0156258703221416,-0.0010110744707999,0.00101999434495749,5.2652618158476e-06,-0.000483401749721277,0.000226474824563831,-0.015244147854793,0.000435941369983819,-4.32530172421973e-05,-0.000248629503775269,0.00027354300616524,-0.00355087867924867,-0.000475246622229386,6.06861953034636e-05,-0.000148050406623901,0.00185213939066045,2.35516850896726e-05,0.00058604368755553,-0.00170568561057767,2.57389595748059e-16,0.000111896452895309,-2.61943244872498e-16,9.41929746847382e-05,2.27733514865751e-05,5.2051004628149e-05,0.00104429806853617,-0.000306220793777946,-2.92863773909036e-07,-0.000390984369174089,1.19301658604753e-05,-2.78617088439199e-14,-3.26376650623816e-05,-6.57904152367965e-05,2.55369219442185e-05,1.16045461702853e-05,6.52306462063427e-05,-9.34438524500094e-07,-2.17549839200753e-05,-3.30987561179309e-06,4.57099635919889e-16,-9.27887139777784e-17,-4.09855972025145e-18,0.000907864423517466,9.83708488250377e-16,-1.20508686058899e-05,0.713408736535445,-2.47540725682823e-15,0.497237158239206,8.85289469416888e-06,-2.79897632848858e-15,-9.14868312583736e-17,-1.632084326439e-05,2.21719320088148e-16,5.8113236445223e-17,8.63318130230703e-16,2.59268032114738e-16,-1.18797312684684e-17,-3.0535295527416e-16,-1.33166225587277e-17,5.84267005689781e-07,-4.71844785465692e-16,-1.21430643318376e-16,3.31776281350302e-17,-4.24810191319285e-17,-7.34937335983635e-07,-2.46005472936961e-16,9.08772464774048e-17,-8.10983225019157e-17,1.71316110530221e-18,1.24494058669607e-16,-1.56115713987851e-16,8.67361737988404e-19
"t89",0.101000055292962,0.0211247225051565,-0.000911619151837067,-0.162721160627762,0.00397750758885811,-0.27538074252104,0.00615519416977583,0.00240999638148996,-0.00177512878569952,0.0538934841729012,0.0019659629640443,0.00801475047281168,-0.0429846497857334,-0.36085628757979,0.000599390372351233,-0.0174054530879309,5.51222661900053e-05,-0.0163402357747126,-0.00106345027687877,0.00108100910476727,5.62145225439879e-06,-0.000522379804960698,0.000246217233677718,-0.0165912930115823,0.000486986776046511,-4.83900620192185e-05,-0.000281993433108334,0.000311656412393991,-0.0040862031041349,-0.000547297326371954,7.16528654672192e-05,-0.000175368257353427,0.00220441660283346,2.83227458466907e-05,0.000706713663554401,-0.00210639500236594,-2.60208521396521e-17,0.000143618450404368,-2.1163626406917e-16,0.000123213453286765,3.25511734586537e-05,7.50145576371552e-05,0.00156390738184079,-0.000481547840885144,-4.86695040165587e-07,-0.000655059259268015,2.47537163771778e-05,-6.18832564266416e-14,-7.33470621526159e-05,-0.000182516017244461,8.3338620415074e-05,5.03086369791263e-05,0.000303083483518866,-4.907062573493e-06,-0.000158161437427143,-3.68759608037299e-05,3.30074509391487e-15,1.09495830396379e-16,-4.9568958899612e-16,-0.489257766864388,1.60582089664108e-16,-1.72257315513196e-05,0.00170495110353743,2.07885560383925e-16,-1.4795700809801e-05,0.0239373566801742,-1.31405303305243e-16,3.11059752518057e-16,-3.46176910128327e-06,-3.09884683242877e-16,2.09034178855205e-16,3.36135427958666e-16,2.27123844571458e-16,-3.23646663371139e-16,-6.30973293378091e-17,-7.56993210100032e-18,2.15858380631789e-07,-1.2490009027033e-16,5.72458747072346e-16,4.71623139166235e-17,-3.656102058156e-16,-3.62556588605345e-07,-1.75098650856409e-16,2.08987904923957e-16,-3.03110401361772e-15,0.707106781186547,-3.05527547060749e-15,1.43433527945127e-16,-3.50847823016309e-16
"t90",0.101000055292962,0.0211247225051565,-0.000911619151837063,-0.162721160627762,0.00397750758885809,-0.27538074252104,0.00615519416977583,0.00240999638148995,-0.00177512878569952,0.0538934841729012,0.00196596296404428,0.0080147504728117,-0.0429846497857334,-0.36085628757979,0.000599390372351261,-0.0174054530879309,5.51222661900122e-05,-0.0163402357747126,-0.00106345027687875,0.0010810091047673,5.62145225446644e-06,-0.000522379804960621,0.000246217233677645,-0.0165912930115823,0.000486986776046536,-4.83900620192133e-05,-0.000281993433108308,0.000311656412393914,-0.00408620310413503,-0.000547297326371933,7.16528654672179e-05,-0.00017536825735333,0.00220441660283341,2.83227458468434e-05,0.000706713663554477,-0.00210639500236603,-6.17995238316738e-18,0.000143618450404393,2.18575157973078e-16,0.000123213453286758,3.25511734586612e-05,7.50145576369657e-05,0.00156390738184051,-0.000481547840884971,-4.86695039889757e-07,-0.000655059259268027,2.47537163771734e-05,-6.1907009348065e-14,-7.33470621518608e-05,-0.000182516017244796,8.33386204151139e-05,5.0308636979181e-05,0.000303083483518771,-4.90706257318184e-06,-0.000158161437427512,-3.68759608039022e-05,3.37707292685785e-15,7.90604349559499e-17,-6.99636461585766e-16,-0.489257766864387,7.52461877751035e-17,-1.72257315511435e-05,0.00170495110353738,-6.36246316494332e-17,-1.47957008098762e-05,0.023937356680174,-1.14058068545475e-16,4.33895905207271e-16,-3.46176910113669e-06,5.12678574889112e-16,3.59955121265187e-17,-1.34855182373078e-16,-3.83350519405114e-16,1.66862999554733e-16,-3.72932499679471e-16,-1.04286074078374e-16,2.15858381051592e-07,-1.21430643318376e-16,-8.17922118923065e-16,-3.19164635532944e-17,6.05903849102107e-17,-3.62556590209964e-07,-1.03541307472366e-16,-1.8031353386525e-16,2.4566937026349e-15,-0.707106781186548,3.19579919007439e-15,-1.66011331799028e-16,3.27862736959617e-16
"t45",0.100363142486704,0.0209093883867039,-0.000899587449475354,-0.160027345442125,0.00388122103950007,-0.268097385766786,0.00597787833365057,0.00232254856828454,-0.0017089955738669,0.0515065384596278,0.00187619392516056,0.0076328501447119,-0.0408155456761309,-0.341121647078656,0.000556963252438349,-0.0161433969303085,5.00902223647889e-05,-0.0147079072621822,-0.00095256459813562,0.000961704688266344,4.96589871427054e-06,-0.000455794982699842,0.000213448276298336,-0.0143659148620283,0.000409322900769083,-4.06007855554939e-05,-0.000232735793800926,0.000255798125847792,-0.0033126676014235,-0.000443283769622453,5.62267955423482e-05,-0.000137043474171288,0.00171202121043594,2.17013336159394e-05,0.000539533080778048,-0.00155804463627959,-5.94142790522056e-16,0.000100776703604488,4.85722573273506e-17,8.41923418611456e-05,1.95393073327788e-05,4.44680104707733e-05,0.000873452402070075,-0.000248547704025087,-2.2871421314858e-07,-0.000303475895606084,7.44995965938817e-06,-1.64343018021844e-14,-1.8058750258611e-05,-2.10181799808605e-05,2.16278481356136e-06,-5.48149751036266e-06,-4.19144009893221e-05,9.17857293029987e-07,4.74065328492264e-05,1.53763866427817e-05,-3.52582546492286e-15,-2.59875701182864e-17,7.13855114504711e-16,0.475425711066976,5.38786956170914e-17,3.10465774168642e-05,-0.0056433185289884,-1.64723173291768e-16,0.000334180612682234,-0.730290424153821,-1.0547118733939e-15,-4.1777148914049e-15,-1.63274100300932e-05,-1.57094779838459e-16,8.50014503228635e-17,-1.63839711883851e-16,5.7916994763263e-16,9.71177087953123e-17,5.70928930595861e-16,2.08154222423205e-16,6.02828537733802e-07,-1.04083408558608e-16,1.23165366794353e-16,-9.81277254844358e-17,-1.3467931232719e-16,-7.63976288033902e-07,-9.94213392169208e-17,6.99198895940129e-17,2.69966340948891e-16,1.51458622266742e-16,-6.28494241634784e-17,-5.60907196437823e-17,-2.25514051876985e-17
"t42",0.100321287451216,0.0208952357924295,-0.000898796601195863,-0.15985026043086,0.00387488979788433,-0.267618439447304,0.0059662173155205,0.00231679622624455,-0.00170464517357984,0.0513494831429197,0.00187028707066037,0.00760771923923468,-0.0406727948288537,-0.339822710597121,0.000554169214146278,-0.0160602794905137,4.9758613186679e-05,-0.0146003071104152,-0.000945254160398944,0.000953837642117324,4.9226619801869e-06,-0.000451401839597191,0.000211285839969251,-0.0142190562487141,0.00040419336492414,-4.00862948871476e-05,-0.000229480796488612,0.000252106395272376,-0.00326152683419401,-0.000436406949981908,5.52060547115504e-05,-0.000134507256069771,0.00167943076716002,2.12629274525672e-05,0.000528462974825111,-0.00152170622480848,-1.3834419720915e-16,9.79340640686711e-05,1.52655665885959e-16,8.16016286317115e-05,1.86730276289626e-05,4.24338335494826e-05,0.000827420594951307,-0.000232991896633123,-2.11464008194816e-07,-0.000279961611794478,6.28634925738916e-06,-1.30691457818615e-14,-1.43339688466658e-05,-1.00898046682088e-05,-3.34692145611062e-06,-9.28559837729513e-06,-6.54619453052279e-05,1.31609497922968e-06,6.1515135979072e-05,1.89770720298577e-05,-3.51801920928096e-15,-1.96812800594743e-16,5.71382003085877e-16,0.543196980226224,-4.19084174474084e-16,3.45397367290286e-05,-0.00620574550909489,1.30718617369788e-16,0.000436009071305698,0.682297514060136,1.11195774810113e-15,3.3871630988777e-15,-1.70807332989503e-05,-2.66497489260016e-16,-5.11743425413158e-17,4.26877846201859e-17,-3.39177327981699e-16,3.98607231584781e-17,-3.93650050262782e-16,5.3295421643835e-17,6.26839167752746e-07,4.02455846426619e-16,8.67361737988404e-17,-8.16007461664407e-18,1.16615875827949e-16,-7.8942469787513e-07,-1.51679883930722e-16,1.19804880236713e-17,1.92771146267923e-16,3.60391134828342e-17,-1.0325454431544e-16,-6.60536463833698e-17,-5.3776427755281e-16
"t53",0.0916930809174214,0.017706918605118,-0.000706217277377757,-0.11209519071423,0.00120468910715505,0.100996115863247,0.00674002821273741,0.000292670041679323,-6.12449712859965e-05,-0.0954939101432331,-0.0150953718496722,0.0131471691687233,-0.00573256730942014,9.81955140914518e-05,-0.0104037693175311,0.640564083575859,0.000374099701332124,-0.0920079358358512,-0.00572491032506078,0.0056957349758846,3.04174291796029e-05,-0.00350729043437156,0.00223278623687846,-0.164415018468576,0.0336179178486255,4.81032303289858e-05,-0.000164760697666556,0.00023966272362012,-0.00426526491378439,-0.000579943146740374,0.000114498724505747,-0.000320539660160265,0.0192528806084559,3.4042359847955e-05,0.00580212888149409,-0.0149106989460977,-7.19910242530375e-17,0.000176604031472478,-2.04697370165263e-16,0.000155063702498098,4.10393330805833e-05,9.43334463792498e-05,0.00193957411465339,-0.000585927555062643,-6.04664646590176e-07,-0.00314478360738779,2.57843056597001e-05,-6.25678106669207e-14,-7.32303927453489e-05,-0.000652119900153976,6.8282211872793e-05,3.56831806741491e-05,0.000207695957941992,-3.16675341881885e-06,-8.7458668315596e-05,-1.6844952990087e-05,-2.36789754470834e-16,2.06327065409479e-16,1.35553874624279e-16,-0.000879696178679912,5.29439166239409e-17,1.16596040138639e-05,-0.00040838279937745,1.38733408970542e-16,3.70221222479503e-05,2.60116582762824e-06,1.11889664200504e-16,6.23989262489108e-16,-1.60656604777827e-05,-0.707106781186547,5.39499001028787e-16,4.81144229744225e-16,-9.21335468825921e-16,1.92822171887779e-15,-8.11222976068547e-16,5.36653775770516e-16,6.62377147360449e-07,2.56739074444567e-16,4.9960036108132e-16,1.05066474853488e-15,-4.69320662664939e-16,-9.07549311077172e-07,-2.056731521205e-16,2.17336112944447e-16,-1.10154940724527e-16,-1.14883459120199e-16,-2.37001883921305e-16,-9.46544522519715e-17,4.42354486374086e-17
"t54",0.0916930809174214,0.017706918605118,-0.000706217277377786,-0.11209519071423,0.00120468910715505,0.100996115863247,0.00674002821273742,0.000292670041679264,-6.12449712860056e-05,-0.0954939101432332,-0.0150953718496721,0.0131471691687234,-0.00573256730942005,9.81955140914213e-05,-0.010403769317531,0.640564083575859,0.000374099701332124,-0.0920079358358512,-0.00572491032506068,0.00569573497588461,3.04174291797209e-05,-0.00350729043437157,0.00223278623687844,-0.164415018468576,0.0336179178486255,4.81032303289632e-05,-0.000164760697666515,0.000239662723620091,-0.00426526491378435,-0.000579943146740421,0.000114498724505736,-0.000320539660160182,0.0192528806084558,3.40423598480175e-05,0.00580212888149416,-0.0149106989460977,-3.92481186439753e-17,0.000176604031472511,2.32452945780892e-16,0.000155063702498022,4.10393330807422e-05,9.4333446379327e-05,0.00193957411465338,-0.000585927555062602,-6.0466464700031e-07,-0.00314478360738777,2.57843056595909e-05,-6.26755812098987e-14,-7.32303927462766e-05,-0.000652119900153903,6.82822118728294e-05,3.56831806738577e-05,0.000207695957941843,-3.16675341899709e-06,-8.74586683148997e-05,-1.68449529901341e-05,3.12250225675825e-16,-2.26332482243939e-16,-1.04666258434413e-16,-0.000879696178679638,-1.84411525678104e-16,1.16596040133192e-05,-0.000408382799377197,-1.13406869022512e-16,3.70221222473137e-05,2.60116582776241e-06,-3.92914867308747e-16,-7.84203344835744e-16,-1.6065660480992e-05,0.707106781186547,-3.33934269125535e-16,-3.67150633237655e-16,9.77401283986537e-16,-1.89985156002561e-15,7.11922473734878e-16,-4.76476373640035e-16,6.62377146964932e-07,-1.31838984174237e-16,-2.84494650060196e-16,-1.08738230360937e-15,3.26916339491488e-16,-9.07549310688593e-07,2.56955914879065e-17,-1.89348126064453e-16,2.04480529730766e-16,7.94048267608294e-17,3.18108761660885e-16,-1.2444828389078e-17,-3.64291929955129e-17
"t8",0.096633788150666,0.0195290376468594,-0.000814724625106716,-0.13789467163481,0.0018862779560997,0.17746396785721,0.0139372177733602,0.0030789524433756,-0.00228660707398911,0.142654129406527,0.0175083534069952,-0.0110537972267023,0.00322680974428451,-3.20056000091148e-05,0.000327123495926055,-0.0138644072085584,-5.53582147869158e-06,0.0047704650903335,0.000447707588690827,-0.000702155252640618,-5.47929753760834e-06,0.00108177435814266,-0.000878682972034637,0.0675744872853327,-0.0443337685648315,-7.26310331462389e-05,0.000157765837850878,-0.000319175826051211,0.00927086776535149,0.00130380499882871,-0.00117944613782448,0.00487759384452572,-0.887592124088526,0.000292596927353669,-0.326320003122628,-0.0792327082801201,3.93673808829487e-16,0.000545384308795838,9.54097911787244e-17,0.000418902187728454,8.16693298589344e-05,0.000184752579715375,0.00357349811298584,-0.00102089911795671,-1.00716156365582e-06,-0.00520944492388174,3.91001051911699e-05,-9.46656189479693e-14,-0.000109174282973476,-0.0130533907456139,9.55004172504123e-05,4.9256474077373e-05,0.000285867124199003,-4.33872474299804e-06,-0.000118713961172369,-2.268132279466e-05,1.83013326715553e-16,-1.93801027369317e-18,-9.15882449315662e-17,-0.00115615531791774,1.82009527008673e-17,1.50622052665448e-05,-0.000520453023130336,6.9175378325564e-17,4.62758968594974e-05,3.24792719856118e-06,2.06865774510234e-16,-3.35325239998679e-17,-1.95085304895998e-05,-5.84795248266149e-17,3.90312782094782e-17,-2.99490260625797e-17,4.350320259296e-17,-3.99725282214114e-17,-3.59823929218444e-17,-3.30999924135291e-17,7.85273246324547e-07,-4.5102810375397e-17,2.35055030994857e-16,-2.20856202508163e-17,8.12549651120452e-17,-1.04877596380712e-06,9.61958377537764e-17,3.37515915256664e-17,-1.01752373887765e-16,-1.8589147837006e-17,1.03921580694158e-16,3.63726921804705e-18,-2.08600497986211e-16
"t81",0.102527187648313,0.0215570676515941,-0.000928985914948393,-0.163377357577871,0.0024623178825561,0.239018765691127,0.0194316746037043,0.00485224146516733,-0.00366738053386815,0.263628043701376,0.0333763629050734,-0.0220943247820075,0.00693399985207181,-7.77780131694129e-05,0.00172081982708955,-0.0841750059669901,4.0925707807179e-05,-0.0165132728139362,-0.00120576918382454,0.00142886191832124,8.81768567200739e-06,-0.00125118960452536,0.000878472470976838,-0.0658580503660394,0.025563496343313,4.078672993318e-05,-7.06910305333479e-05,0.000133598155735359,-0.00338359060003782,-0.000471456837608182,0.000360672155244215,-0.00153006767645767,0.306829776941099,-0.000426536328621148,-0.464362244714208,0.000662228365344234,2.30718222304915e-16,3.23951802827923e-06,4.69242700251726e-16,9.05695348606735e-06,6.48218905997121e-06,1.54089324795612e-05,0.00035730075887689,-0.000119359762506494,-1.32977058743026e-07,-0.000697952108285475,6.66415806344105e-06,-1.64326278533224e-14,-1.97195085175105e-05,-0.0192025773428331,1.73697318853801e-05,9.75467655778923e-06,5.72335672236687e-05,-8.82451368694275e-07,-2.48533382022609e-05,-4.85904651142873e-06,1.59160878920872e-16,7.27678937298206e-17,8.44457940255e-17,-0.000264069754299434,-8.04065601941906e-17,3.59238574280333e-06,-0.000128347010924599,-1.66867020788785e-17,1.19629793888358e-05,8.41767526732221e-07,-4.98732999343332e-18,-8.15722283307583e-18,-5.40742214373037e-06,4.30704238892077e-16,2.62593766175989e-16,-3.26435954653519e-16,5.25751178326779e-17,-6.92193408516149e-17,-1.1804269374497e-16,2.45697629710386e-16,2.30575131243346e-07,8.04911692853238e-16,1.12522838269236e-14,-1.26058695320821e-14,-0.707106781186548,-3.27547508716802e-07,1.22975631414168e-15,-6.5738837429436e-17,3.80067071564794e-16,5.76524302365037e-18,-1.54704689500091e-16,-2.2403645456488e-16,-9.36750677027476e-17
"t82",0.102527187648313,0.021557067651594,-0.000928985914948411,-0.163377357577871,0.00246231788255609,0.239018765691127,0.0194316746037043,0.00485224146516729,-0.00366738053386815,0.263628043701376,0.0333763629050733,-0.0220943247820076,0.00693399985207178,-7.77780131694212e-05,0.00172081982708958,-0.08417500596699,4.09257078071781e-05,-0.0165132728139362,-0.00120576918382452,0.0014288619183212,8.81768567203602e-06,-0.0012511896045254,0.000878472470976855,-0.0658580503660394,0.025563496343313,4.07867299331956e-05,-7.06910305332932e-05,0.000133598155735336,-0.00338359060003778,-0.000471456837608217,0.000360672155244168,-0.00153006767645757,0.306829776941099,-0.000426536328621094,-0.464362244714208,0.000662228365344265,2.4421653935236e-16,3.23951802831826e-06,1.69135538907739e-16,9.05695348605217e-06,6.48218905986981e-06,1.54089324795287e-05,0.000357300758877025,-0.000119359762506388,-1.32977059239195e-07,-0.00069795210828558,6.66415806332873e-06,-1.63660154882845e-14,-1.97195085175374e-05,-0.019202577342833,1.73697318854062e-05,9.7546765578313e-06,5.72335672238565e-05,-8.82451368790335e-07,-2.48533382021067e-05,-4.85904651134351e-06,2.89265139619133e-16,-9.69220182700306e-17,4.55444378309772e-17,-0.000264069754299593,5.63880059960131e-17,3.59238574274782e-06,-0.000128347010924675,1.30440647888576e-16,1.19629793890008e-05,8.41767526685275e-07,-4.00070601647151e-16,-2.16739889078689e-17,-5.40742214391989e-06,-4.51092081855735e-16,-3.40656322594945e-16,4.71184354057957e-16,-1.25613962284487e-16,-4.05928648038628e-18,2.94054899830922e-17,-1.32474233074462e-16,2.30575131307531e-07,-5.72458747072346e-16,-1.18568349583015e-14,1.25268048466278e-14,0.707106781186547,-3.27547508792263e-07,-1.60532394669066e-15,7.43400724025654e-17,-4.91902525656673e-16,-7.7502189004907e-17,-4.36829219572635e-17,1.2204087773266e-16,-1.45716771982052e-16
"t23",0.101937582351959,0.0213544550179006,-0.000917582461013006,-0.160837044980113,0.0024050354678124,0.232901847101077,0.0188860542752537,0.00467651266607405,-0.00353058353897242,0.251663039522421,0.0318073962692137,-0.0210031332624691,0.00656779978650397,-7.32598614919898e-05,0.0015834641132897,-0.0772457799130833,3.63384674683474e-05,-0.0144065932632207,-0.00104181349672244,0.00121688425001875,7.3895755481816e-06,-0.0010158181038127,0.000699980166947469,-0.0522848743863603,0.0180621453632427,2.85576352675714e-05,-4.46510527563389e-05,8.06920111254971e-05,-0.00179514280162736,-0.000247176436037668,6.6830238910476e-05,-0.000167869285572458,-0.00915545341795094,0.000228232383367636,0.353387819526135,0.00559619043918757,-4.31241414106109e-16,5.71754123103447e-06,-3.51281503885303e-16,1.3651409552964e-05,7.11312744236818e-06,1.65846159666141e-05,0.000352952950655578,-0.000105613788611201,-1.01866286585996e-07,-0.000521797725592094,-4.40224856027504e-08,6.50990517392434e-15,1.2463256022269e-05,0.835738409959396,8.91176772233387e-05,2.8099104287244e-05,0.00015545228581037,-2.21898965892004e-06,-5.5468881848501e-05,-1.00359483706054e-05,4.1438207032396e-16,-1.46483613432595e-16,-8.8065946799513e-18,-0.000465870786070143,-3.23542997772932e-16,5.88288191514944e-06,-0.000200699327458159,8.21696604538447e-17,1.7736426428574e-05,1.24483600249532e-06,3.15502832193282e-16,8.00127373939402e-17,-7.54139180150337e-06,-1.02562543419494e-16,-2.01661604082304e-17,-9.06198947688566e-17,1.2941230899399e-16,-7.27389830163791e-17,-8.22320649946541e-18,-1.00582532137625e-16,3.09006109353027e-07,-5.89805981832114e-17,4.98299318474338e-16,6.13437591969582e-17,-2.28127254020134e-17,-4.23730859807833e-07,1.67997126626629e-16,6.23867659438508e-17,-7.5839941965361e-17,3.05634133349493e-17,-1.24585926914143e-16,-6.27982387136985e-17,0
"t75",0.102224407288521,0.0214521295599004,-0.000923040423465127,-0.162042954989069,0.00243170309681891,0.235732752308451,0.0191369707845828,0.00475565622836231,-0.00359202110784732,0.256925276104841,0.0324945214166751,-0.0214780589975631,0.00672576087700564,-7.51819212490782e-05,0.00163861442700504,-0.0800093470428786,3.80258741426304e-05,-0.0151491839266667,-0.00109827771012598,0.00128741531826163,7.84700801649118e-06,-0.00108585540463455,0.000750872919998598,-0.0561230546934114,0.0197128333100894,3.11991911169022e-05,-4.92503085995255e-05,8.92951572297159e-05,-0.00200129459532168,-0.00027571538076179,7.60280147931288e-05,-0.000191480617167652,-0.0104850338767771,0.000263700629145335,0.409292085059955,0.00662329447568493,-6.08128998547119e-16,7.03418095782958e-06,-1.92554305833426e-16,1.71497876915597e-05,1.00540185924153e-05,2.37489853613239e-05,0.000540337909561247,-0.000179208621145731,-2.00997335169843e-07,-0.00105713828549036,1.17523652897983e-05,-3.16348869876823e-14,-3.97415460820574e-05,-0.38770252513528,-8.04664720056858e-06,4.67632267151397e-06,3.13096759960911e-05,-5.55344009824056e-07,-1.84648284182499e-05,-3.92751699449304e-06,-1.72934583320128e-14,7.36385209057139e-15,-0.707106781186547,-0.00024318217793905,1.56101621418563e-15,3.46393506496512e-06,-0.000126757964812822,2.16344790963226e-16,1.20935548337275e-05,8.51804096484339e-07,-6.89118900831787e-16,4.74349836101818e-16,-5.58135317737466e-06,-2.13433717300152e-16,3.30464822173582e-16,-1.85705555054922e-16,-4.36142016756614e-16,3.36703115262545e-17,-3.39767672829134e-17,-2.1089980765584e-16,2.40347249536726e-07,5.55111512312578e-17,2.10768902331182e-16,1.06584368696102e-16,2.91033503833092e-16,-3.43504450455237e-07,1.78893358460108e-17,-1.37788257624838e-16,-2.71050543121376e-18,-3.508615406492e-17,1.40877237722211e-16,-5.03646440223657e-17,-7.15573433840433e-17
"t34",0.102224407288521,0.0214521295599004,-0.000923040423465118,-0.162042954989069,0.0024317030968189,0.235732752308451,0.0191369707845828,0.0047556562283623,-0.00359202110784731,0.256925276104841,0.0324945214166751,-0.0214780589975631,0.00672576087700561,-7.51819212490623e-05,0.00163861442700503,-0.0800093470428785,3.80258741425991e-05,-0.0151491839266668,-0.00109827771012594,0.00128741531826159,7.84700801648684e-06,-0.0010858554046346,0.000750872919998598,-0.0561230546934114,0.0197128333100894,3.11991911168576e-05,-4.92503085994965e-05,8.92951572296933e-05,-0.00200129459532167,-0.000275715380761713,7.60280147931052e-05,-0.0001914806171677,-0.0104850338767773,0.000263700629145481,0.409292085059955,0.00662329447568492,6.19079440489223e-17,7.03418095778438e-06,-2.75821032680312e-16,1.714978769161e-05,1.00540185925573e-05,2.37489853611196e-05,0.000540337909561285,-0.000179208621145987,-2.00997335266704e-07,-0.00105713828549022,1.17523652896765e-05,-3.17931165538777e-14,-3.97415460816211e-05,-0.38770252513528,-8.04664720004036e-06,4.67632267186265e-06,3.13096759960415e-05,-5.55344009612636e-07,-1.84648284174371e-05,-3.92751699398856e-06,1.68372260578309e-14,-7.25884918290376e-15,0.707106781186548,-0.000243182177940818,-1.48517009919622e-15,3.46393506540487e-06,-0.000126757964812585,-3.20684382851425e-16,1.2093554833405e-05,8.51804096737067e-07,2.81458883977237e-16,-5.73097881433974e-16,-5.58135317725757e-06,1.7102434015491e-16,-8.45677694538693e-18,3.17364249320613e-16,5.14486434764295e-16,1.1129917249736e-16,-6.73702907661781e-17,4.14901623925176e-16,2.4034724951244e-07,-5.55111512312578e-17,-1.51788304147971e-16,-1.57473054699164e-16,-4.0298632602582e-17,-3.43504450543708e-07,1.9298798670242e-17,2.53024273743622e-16,-8.8037216405823e-17,-1.33531716997517e-16,4.28653600227136e-17,4.86297906378873e-17,-1.48318857196017e-16
"t3",0.0883370348912558,0.0166445858596599,-0.000650875692539907,-0.101006203129812,0.00103318661269156,0.0856608988947073,0.0056803570916487,0.000345564670900524,-0.000150884863813704,-0.0494434049866889,-0.00782487367258161,0.00671332810493858,-0.00280870162404091,4.3886093000686e-05,-0.0021755000506902,0.113618862533,-0.000100932592075789,0.0517372758148989,0.00425109399172113,-0.00593109801494642,-4.33397716616754e-05,0.00836882914841157,-0.00699781975499775,0.542773694763168,-0.79383538424666,-0.00149288313937449,-0.00361709091598499,0.00360661304949669,-0.0401984491665743,-0.00533415236701721,0.000658963234775387,-0.00181770766416563,0.11976772544925,0.000144920671162591,0.031352170169495,-0.0551066388548115,-9.19403442267708e-17,0.000570801071351201,-9.71445146547012e-17,0.000478313955183166,0.000110856001348065,0.000252762951276981,0.00503251135344341,-0.00147356818972766,-1.480832715005e-06,-0.00767601067595153,5.94329496912916e-05,-1.43590156854567e-13,-0.000166679290690209,-0.00169535280114463,0.000150135616251858,7.74152342228433e-05,0.000449498831629131,-6.82776080766084e-06,-0.000187155524020294,-3.58159654202141e-05,2.42861286636753e-17,-9.60270383703246e-18,3.65710990099428e-17,-0.00183454832761992,-2.8842614495642e-17,2.39773301094551e-05,-0.000830450015846357,3.16451159857532e-17,7.40623215597716e-05,5.1989338614363e-06,7.63278329429795e-17,1.47232740174402e-16,-3.13368837025138e-05,-1.97622877144943e-16,1.49186218934005e-16,-2.30823001368326e-17,4.8845718243273e-17,-6.00351191501587e-17,8.59368874985352e-17,-1.26804608231766e-16,1.26412308432133e-06,-5.55111512312578e-17,2.15105711021124e-16,-2.89633850610994e-17,-1.66493886453483e-16,-1.69051223676553e-06,-5.94142790522056e-17,4.57609076866638e-17,8.06646416329215e-17,5.82417041677727e-17,-1.30031869146848e-18,-3.88883210609174e-17,-1.45716771982052e-16
"t91",0.0972577763023239,0.019591471967806,-0.00081042693782245,-0.134636438985476,0.00164627668846033,0.144546725872379,0.0101755973823026,0.000465860443994674,-2.44685992531754e-05,-0.371078426867265,-0.0705719619239662,0.0918769429827381,-0.221108201083096,-0.000497330330835482,0.00380427979603593,-0.178126367321532,7.70644034560394e-05,-0.0288280739820826,-0.00204440170643826,0.00233623357452462,1.39218201290862e-05,-0.00185587348975115,0.00125560575676342,-0.0934283560717164,0.0216854670426086,3.00225389237374e-05,-0.000156243512749103,0.000229546672103638,-0.0043984724697077,-0.000602136478153763,0.000161000415104352,-0.000472634680451056,0.029595843248836,7.33073193074051e-05,0.0125382320855319,-0.30694270519784,2.54787510534094e-16,-0.000170674148691855,4.78783679369599e-16,-7.06196431396588e-05,1.12490366948842e-05,2.98281791799408e-05,0.00103192827585153,-0.000600266537606989,-4.46543536840207e-06,-0.320704306211775,-3.88978234336791e-06,6.10368850121191e-15,3.94814211772062e-06,-3.91266216593825e-05,7.25731146597811e-06,5.30037021056768e-06,3.22967747536603e-05,-5.25172949337278e-07,-1.61989874520252e-05,-3.37988222360913e-06,-5.72458747072346e-17,4.71994789961992e-18,-2.00433559145529e-17,-0.000212859923915337,1.38971772993866e-16,3.12571236880076e-06,-0.000117302560725315,1.41365416442389e-16,1.15849073138745e-05,8.17437558516454e-07,-2.7148422399037e-16,-3.68007802478703e-18,-5.59723368008091e-06,4.39930851221908e-16,-1.23599047663348e-16,-1.59916300747867e-16,-1.41067271436262e-16,4.38545567197074e-17,1.50250829550373e-16,7.63403975686935e-17,2.48980509227198e-07,1.04083408558608e-16,4.97865637605344e-16,4.60716531576359e-17,-1.84524999054621e-16,-3.66546303209175e-07,-7.55634704113772e-16,6.94226180223499e-17,-5.39607421246036e-16,-3.24788244844445e-15,-0.707106781186548,9.23855135058295e-17,2.7148422399037e-16
"t92",0.0972577763023239,0.019591471967806,-0.000810426937822417,-0.134636438985476,0.00164627668846032,0.144546725872379,0.0101755973823026,0.00046586044399471,-2.4468599253147e-05,-0.371078426867265,-0.0705719619239662,0.0918769429827382,-0.221108201083096,-0.000497330330835482,0.00380427979603596,-0.178126367321532,7.70644034559908e-05,-0.0288280739820826,-0.00204440170643826,0.00233623357452463,1.39218201289431e-05,-0.00185587348975112,0.00125560575676342,-0.0934283560717164,0.0216854670426087,3.002253892374e-05,-0.000156243512749115,0.000229546672103472,-0.00439847246970768,-0.000602136478153722,0.000161000415104428,-0.000472634680450977,0.0295958432488361,7.330731930753e-05,0.0125382320855318,-0.306942705197841,1.48535697630514e-16,-0.000170674148691875,1.31318567131444e-15,-7.06196431397733e-05,1.12490366948827e-05,2.98281791797674e-05,0.00103192827585151,-0.000600266537607064,-4.46543536885415e-06,-0.320704306211774,-3.88978234299402e-06,6.0776782369841e-15,3.9481421172073e-06,-3.9126621659119e-05,7.25731146550192e-06,5.30037021038727e-06,3.22967747533878e-05,-5.25172949447433e-07,-1.61989874519033e-05,-3.37988222350722e-06,-1.0321604682062e-16,-1.08677711443027e-16,9.12322123421195e-17,-0.000212859923915174,-5.21750009240039e-17,3.12571236876086e-06,-0.00011730256072539,-1.49300568320735e-16,1.1584907313869e-05,8.17437558533801e-07,1.00613961606655e-16,-3.54527855712253e-16,-5.5972336800757e-06,-5.03325695813334e-16,2.47414935761192e-16,4.81931324149447e-16,4.27921806989352e-16,-8.45152207720386e-17,-1.11260083785446e-16,-1.07541129999803e-16,2.48980509362506e-07,-1.21430643318376e-16,-5.51642065360625e-16,-1.23670060494031e-17,-2.14615383703978e-17,-3.66546302581205e-07,4.58454888635496e-16,3.0587864851007e-17,5.46058424172324e-16,3.38049733432154e-15,0.707106781186548,-2.04536796673488e-16,-2.58907478789538e-16
"t51",0.0958453422191062,0.0191292993600498,-0.000785578665267671,-0.129436364135924,0.00155238249723303,0.135513515121478,0.00948085069155033,0.000425405112075291,-2.2284172459427e-05,-0.331329112235404,-0.0627641554858632,0.081241469163038,-0.193900820511896,-0.00043063318158644,0.0031293739914343,-0.145678512242589,5.89226624470029e-05,-0.0213105896321087,-0.00148445072521745,0.00165297561496484,9.58024870753322e-06,-0.00121308485103425,0.000797705233731227,-0.059036741416038,0.0118191987639352,1.62034106907449e-05,-7.64931851268363e-05,0.000108445626106242,-0.0019071939188329,-0.000259328322562641,5.26918339136844e-05,-0.000148082012036933,0.00865000545317408,1.80088123528542e-05,0.00292076729208844,-0.0364584800020496,4.13514708585971e-16,1.46889077209778e-05,-3.4477629085039e-16,1.38995844998888e-05,-9.26147946315922e-06,-2.66260958158896e-05,-0.00128756876200952,0.00107599609226312,1.15258459447005e-05,0.871476128071098,4.49415725265277e-05,-1.01497512473606e-13,-0.000111567061297679,-0.000794226545614729,8.19853629020007e-05,4.02219319397357e-05,0.000231720367999963,-3.47985113408527e-06,-9.34438636619554e-05,-1.76066929834381e-05,7.93635990259389e-17,4.59943118685323e-17,-5.52192108566969e-17,-0.000868873650050265,-1.19717482101913e-16,1.11348700612812e-05,-0.000380963543687604,1.88835046844913e-17,3.35305184753247e-05,2.35236648180102e-06,-5.85469173142172e-17,2.56449094603422e-16,-1.40241083345127e-05,-5.94196278541537e-17,7.23162849047831e-17,-2.86634799343786e-16,-2.28660727287009e-16,2.59898250471134e-17,-2.93669099826302e-16,2.17503692487346e-16,5.63911378993406e-07,-3.98986399474666e-17,2.02962646689286e-16,-6.18554464883326e-18,3.6972220756762e-18,-7.55766310352266e-07,-3.04796335739987e-17,2.2601100325369e-17,3.29326409892472e-17,-1.06623860612507e-16,5.20513421997578e-17,-4.49106517008435e-17,1.16009632455949e-17
"t12",0.0938950617434892,0.0184871138282858,-0.000750881736684327,-0.122134639319402,0.00141881372784926,0.12261327044954,0.00848457585478116,0.000366609080206488,-1.91037941130972e-05,-0.272695155178689,-0.0512169515597167,0.0654525435269235,-0.15329019906985,-0.000330250238564466,0.00207939256441822,-0.0950105087414407,2.93651290504543e-05,-0.0088043253315495,-0.000542620426137994,0.000485515465908217,2.03697630165277e-06,-6.17641154796317e-05,-3.61452843931371e-05,0.00378715312953344,-0.00775686350499432,-1.13611712279933e-05,9.09543104849544e-05,-0.000150483695072496,0.00365017096307425,0.000507885047030841,-0.000221423061177982,0.000688096138325497,-0.0468183524099334,-0.000138063564241765,-0.0247190615992265,0.893449574566023,-8.95117313604032e-16,0.000998306786003418,-2.02268757298896e-15,0.000649044907431076,0.000104575623009385,0.000236144751463239,0.00462373783524493,-0.00144552252272506,-3.57337202619785e-06,-0.18616332871051,3.61358201145978e-05,-8.84412502746303e-14,-0.000103255165554279,-0.000866965744357807,9.46943256113914e-05,4.88965033501459e-05,0.000283941312294752,-4.31343814370636e-06,-0.00011823574734793,-2.26229982436717e-05,1.11022302462516e-16,4.98792255816632e-17,2.94372931598104e-17,-0.00115755694080809,-9.52319948267932e-17,1.51142683234018e-05,-0.000523073381965039,1.16663578245903e-16,4.66039175528697e-05,3.27129385782886e-06,6.93889390390723e-17,-1.53421421950566e-16,-1.97016247782417e-05,7.50680008671059e-18,-8.67361737988404e-17,-3.779712330944e-17,-4.68195815977955e-18,-1.21435008154175e-17,6.24194814739219e-17,-1.31436772652517e-16,7.94812130250344e-07,1.94289029309402e-16,-3.29597460435593e-17,-7.21555198139897e-17,-1.29386864094171e-16,-1.06408108688921e-06,7.54604712049911e-17,2.58903654353282e-17,9.97465998686664e-18,-2.60489085638712e-16,1.46896837940936e-16,2.73296571577109e-17,-7.37257477290143e-17
"t2",0.0857508776163021,0.0157676709853396,-0.000602150893278974,-0.0903426287736427,0.000806949684157333,0.0621297300272197,0.00365225747903191,-0.000190601620441645,0.000248053313976843,-0.0603127874482733,-0.00775197450533836,0.00372326171411884,0.0111863911263222,9.01211057451711e-05,-0.00226399866711933,0.106805259875618,-0.000177035267210759,0.0800338314893297,0.0063686992797737,-0.00862302082126816,-6.17619093996602e-05,0.0117179545736958,-0.00978738844580427,0.759546197109209,0.601684152521747,-0.000642192407808585,-0.00399498934304492,0.00405388214437936,-0.0456169182507143,-0.00605165728901934,0.000664649816703478,-0.00169196997098807,0.0624687579303074,0.000196282582082638,0.0174225774451264,-0.0431569023175933,-5.19549681055054e-16,0.000740215346224726,1.2490009027033e-16,0.000610252947009979,0.000137729774887772,0.000313646420209757,0.00621410391808732,-0.00180971975602895,-1.77659670692318e-06,-0.00640821968717222,7.25195401082139e-05,-1.75256266747234e-13,-0.000203016281265708,-0.00116846431297466,0.000182176526663774,9.37631483232601e-05,0.00054424981740241,-8.26306261531452e-06,-0.000226286527634542,-4.32701901459153e-05,1.73472347597681e-16,-1.82108288872157e-18,2.72126170423406e-17,-0.00221113930666865,-5.12442245352849e-17,2.88502597759199e-05,-0.000997861412548842,-3.29862508549466e-17,8.88148812793216e-05,6.2338296053251e-06,6.24500451351651e-17,-4.5426439221079e-17,-3.74617847024444e-05,1.16805747290856e-17,1.05818132034585e-16,8.93427650166389e-17,7.51410459366411e-17,5.1060438304418e-17,-5.09989823258684e-17,1.42567606165224e-16,1.50706492985098e-06,1.38777878078145e-16,2.08166817117217e-17,-3.54979346524873e-17,-1.26997516090727e-16,-2.0091363136937e-06,-4.16333634234434e-17,1.08746609575336e-17,-4.0766001685455e-17,-1.00648324799257e-16,-5.12355931096743e-17,8.33870469766422e-19,-1.56125112837913e-16
"t1",0.0376027761493949,-0.0061544908730012,-0.0110015908772613,-0.0388332265012202,-0.00224807904654873,0.0066438173121614,-0.0140039488069746,-0.00513853442993753,0.00384413467263957,-0.0588265399546201,0.00866600425869123,-0.0335205913658733,0.0891336859018449,-0.000581273066019761,-0.00664897338044213,0.0531785658148868,-0.00212312650206962,0.888610301218003,-0.34224976648829,-0.204474869703688,0.0113167208930195,-0.0347994022066421,0.00212327891162948,-0.135298070325155,0.00274825705417368,-0.00250271678138397,-0.0101375935905904,0.0100162237109712,-0.0376905302851605,0.00183490704403235,0.00185069018085166,-0.0042829870530384,0.00783591447968213,0.00066845110135802,0.00243046198371472,-0.00683261185676672,8.67361737988404e-18,0.00257988895169699,-6.52256026967279e-16,0.00208732587408045,0.000453374637406881,0.00102812779282521,0.00462403203211044,-0.00135551757607375,-1.29957477846585e-06,-0.0014425846836176,0.000236856004508654,-5.71192293902798e-13,-0.000157256867778865,-0.000286215530605868,0.000588364887870563,0.000301402536511439,0.000427209112701724,-2.65689290296356e-05,-0.000178169633715519,-0.000138471213537375,1.38777878078145e-16,-7.97359357309494e-17,4.19763708508604e-17,-0.00147027856208433,1.48412186977869e-17,9.19902586309432e-05,-0.000669371479926086,3.81423259600893e-17,5.99171034556811e-05,4.20683041891666e-06,1.2490009027033e-16,-4.80580002141345e-17,-3.02508796098527e-05,1.45171005353169e-17,1.66533453693773e-16,3.18888495219756e-18,-1.6275675230709e-17,-2.60198751367589e-17,-5.88195972787451e-17,6.18058422879412e-17,4.70086736778508e-06,2.77555756156289e-17,-9.0205620750794e-17,1.00502395736445e-17,-2.93394474727278e-17,-6.21934629317644e-06,-2.70616862252382e-16,2.45147847453021e-17,1.50487261540988e-16,-3.5812038173991e-17,-5.41431848344543e-17,-1.07646988981468e-17,-1.49186218934005e-16
"t97",-0.0376062162010888,-0.0783672234674957,-0.13082017934428,0.0220066295036241,-0.0569502778834247,-0.000103414265754421,-0.0061011807528573,-0.00750051049576464,0.00615223717959512,-0.0735764884237437,0.0897404323223975,-0.643639546499082,-0.146688505855703,0.000373317769790995,0.0220698418705937,-0.00812909012813886,0.00120999480515264,-0.0428128380119668,0.0151908624537504,-0.0913626577026802,-0.000564855802722329,-0.00238276637436148,2.10178384872681e-05,-0.00145883577251837,8.0709525962936e-05,-0.000556172176530253,-0.00998714573176272,0.00212903123561786,-0.0018724827931752,0.00215715570013448,0.00360509963964116,-0.00129271543138064,0.000377403420997707,0.000218425230016757,0.00012727885145304,-0.000393521748640163,-1.32706345912226e-16,0.000960985393928921,-3.46944695195361e-17,0.000795329584105666,0.000185074083199816,0.000421368027022518,0.000349973648045783,-0.000105597760851517,-1.03793509687152e-07,-0.000115580114737104,0.00010706482675591,-2.59400695910329e-13,-1.34941241813812e-05,-2.5159864238677e-05,0.000274727254945255,0.000729943626854378,3.83933057649844e-05,-1.25510037099819e-05,-1.62806386734833e-05,-0.00023434414288369,8.32667268468867e-17,1.59248137447866e-16,-2.08119788744578e-16,-0.000138241507505949,1.40868753330574e-16,4.50788001728625e-05,-6.47568194443076e-05,-7.04319789348053e-17,5.90710783652994e-06,4.15176631437478e-07,2.74086309204336e-16,3.20235436651873e-16,-3.07269410067604e-06,-3.29980958339316e-17,-7.45931094670027e-17,2.08998036666732e-16,-1.9474354609961e-16,7.92149076977779e-17,-1.27214763706092e-17,-3.62214895579148e-16,2.44242281821627e-06,1.66533453693773e-16,1.35308431126191e-16,-1.6691298496808e-16,-5.36842846933555e-16,-3.29723865342274e-06,-6.84131570838353e-17,-3.32554734299105e-17,-2.59124319224036e-16,-2.01939206317949e-16,1.28322591363312e-16,0.707106781186548,5.23366072702203e-15
"t98",-0.0376062162010888,-0.0783672234674957,-0.13082017934428,0.0220066295036241,-0.0569502778834248,-0.000103414265754448,-0.00610118075285731,-0.00750051049576464,0.00615223717959517,-0.0735764884237438,0.0897404323223977,-0.643639546499083,-0.146688505855703,0.000373317769791056,0.0220698418705937,-0.00812909012813888,0.00120999480515268,-0.0428128380119667,0.0151908624537505,-0.0913626577026801,-0.000564855802722294,-0.00238276637436141,2.10178384872772e-05,-0.00145883577251833,8.07095259629537e-05,-0.00055617217653014,-0.00998714573176275,0.00212903123561775,-0.00187248279317521,0.00215715570013461,0.00360509963964124,-0.00129271543138072,0.000377403420997635,0.000218425230016757,0.000127278851453042,-0.000393521748640054,-1.77809156287623e-17,0.000960985393928935,1.04083408558608e-16,0.000795329584105674,0.000185074083199876,0.000421368027022449,0.000349973648045799,-0.000105597760851317,-1.03793509696465e-07,-0.000115580114737121,0.000107064826755747,-2.59369084640738e-13,-1.34941241815399e-05,-2.51598642387752e-05,0.0002747272549453,0.000729943626854374,3.83933057648725e-05,-1.25510037100058e-05,-1.62806386734696e-05,-0.000234344142883739,-2.34187669256869e-16,-1.442842356279e-16,3.22022577719716e-16,-0.000138241507506029,-1.88116490977727e-16,4.50788001730117e-05,-6.47568194444966e-05,1.05347059830175e-16,5.90710783636688e-06,4.15176631428588e-07,-4.68375338513738e-17,-3.99674806189603e-16,-3.07269410089114e-06,-4.16717085839468e-17,1.42247325030098e-16,-1.8651891540768e-16,2.11181748904244e-16,-1.18543566797035e-16,-7.9508319803452e-17,4.06267610818071e-16,2.44242281836893e-06,-2.22044604925031e-16,-1.45716771982052e-16,1.19316388890403e-16,3.09702210613383e-16,-3.29723865352682e-06,6.98226199080665e-17,8.86359557466377e-17,3.13334427848311e-16,1.06841565320766e-16,-1.66580406745339e-16,-0.707106781186548,-5.46264422585097e-15
"t39",-0.0440133216502546,-0.104887234735645,-0.200565227409932,0.0414716941842334,-0.347311933165611,-0.00466639516103547,0.0401349669844158,0.00761893845134701,-0.0053807611334146,0.0230740581672377,-0.0226030419020079,0.113397160077163,0.0131492779819646,3.74129374052773e-06,0.00525047303047779,-0.00207952969473145,0.000539503926492135,-0.0245591695478753,0.0102963094727868,-0.0881431927347418,-0.00138941090112258,0.000958349505926067,-1.60209485738275e-06,6.11285191462014e-05,2.46216748364381e-05,-0.00017630643340824,-0.00429252316619723,0.00100965490418574,-0.00113988896842163,0.00134194803872119,0.371312291990606,0.00403834937728984,-0.000407401257418994,-6.91923969753459e-05,-3.038610614557e-05,-1.74392389573222e-05,1.3986208025063e-16,0.000167659693484756,5.24753851482984e-16,0.000164208229183667,5.28347755141864e-05,0.000122294157838857,0.000108420801125014,-3.49181230839205e-05,-3.64717698177534e-08,-4.09490188888766e-05,4.61766267864807e-05,-1.16365130278087e-13,-6.28773238221092e-06,-1.52326120683467e-05,0.000231933007581,0.388790841979885,-9.47527787060319e-05,9.53661933984209e-06,2.49245789395093e-06,-1.95839582659598e-06,3.20490162186715e-16,9.93802991683523e-16,-3.29382322913864e-16,-2.51368094807598e-05,-2.23425582581564e-15,1.04708295610399e-05,-1.67443676812274e-05,0.707106781186547,1.68929366257421e-06,1.19252493501073e-07,6.71121144768527e-16,-2.34774434179246e-16,-9.69303464009967e-07,5.27520597350056e-16,1.78893358460108e-16,-3.00981215337472e-16,2.55171742192382e-16,2.27715842522585e-16,-4.08190361519408e-16,1.97340072091172e-16,8.17304240365718e-07,-1.73472347597681e-18,4.33680868994202e-18,1.89144991039354e-16,-7.76853798555264e-17,-1.16194171176798e-06,2.89210929510508e-17,7.25967992601611e-17,4.82198916212928e-17,8.07430962636329e-18,7.19509557347827e-17,-1.20527815030863e-17,-2.21827764490534e-16
"t40",-0.0440133216502546,-0.104887234735645,-0.200565227409931,0.0414716941842334,-0.347311933165611,-0.00466639516103548,0.0401349669844158,0.00761893845134702,-0.00538076113341455,0.0230740581672377,-0.0226030419020079,0.113397160077162,0.0131492779819646,3.74129374054285e-06,0.00525047303047778,-0.00207952969473147,0.000539503926492165,-0.0245591695478753,0.0102963094727868,-0.0881431927347417,-0.00138941090112258,0.000958349505926114,-1.60209485735469e-06,6.11285191461615e-05,2.46216748364071e-05,-0.000176306433408117,-0.0042925231661973,0.00100965490418569,-0.00113988896842159,0.00134194803872117,0.371312291990605,0.00403834937728982,-0.000407401257419032,-6.91923969754916e-05,-3.03861061457027e-05,-1.74392389571509e-05,3.2233330587994e-16,0.000167659693484627,-4.01588484688631e-16,0.000164208229183608,5.28347755144203e-05,0.00012229415783847,0.000108420801124918,-3.49181230837638e-05,-3.64717696976149e-08,-4.0949018888877e-05,4.61766267866358e-05,-1.16439098700756e-13,-6.28773238232385e-06,-1.52326120682054e-05,0.00023193300758105,0.388790841979884,-9.47527787059146e-05,9.53661933908217e-06,2.49245789415813e-06,-1.95839582647987e-06,-4.9439619065339e-16,-1.6222674329896e-16,1.88301703179904e-16,-2.51368094808782e-05,2.50851544443733e-15,1.04708295617841e-05,-1.67443676819603e-05,-0.707106781186548,1.68929365648468e-06,1.19252493801681e-07,-8.39823002807272e-16,2.03026393442196e-16,-9.69303463293526e-07,-4.92496693173351e-16,5.60532523175006e-17,4.55358230990737e-16,-7.78951260170129e-17,-3.56885926296565e-16,8.36039986624635e-17,1.55706869924327e-16,8.17304240273778e-07,-1.66533453693773e-16,-4.33680868994202e-18,-2.63184167866336e-16,-4.29909445075261e-17,-1.16194171167257e-06,-3.72830022063453e-16,-5.60099078060728e-17,-4.43709739089693e-17,-1.15091134855466e-16,1.99091686996024e-17,-4.87530255281291e-17,-1.52438825451462e-16
"t26",-0.0438455085548657,-0.104238996967212,-0.198956827615346,0.0410535298203334,-0.342162708866848,-0.00459068554935993,0.0394245020144118,0.00744813251625585,-0.00525681964451387,0.0224389483963115,-0.0219609845483519,0.1100308637466,0.0127350320812301,3.61316085490954e-06,0.00501492794134354,-0.00198384086403547,0.000507803344362467,-0.0229696438106778,0.00959839942168011,-0.0817897209179339,-0.00128307402478853,0.000877501134956223,-1.46035121621605e-06,5.56735402528694e-05,2.19561814603511e-05,-0.000157018483948579,-0.00377726316126967,0.000884838747229945,-0.000989821800756348,0.00116447560439287,0.314507161560256,0.00340950299273543,-0.000342295111108828,-5.75165025088753e-05,-2.51853992885613e-05,-1.40865298962848e-05,-3.22441726097189e-16,0.000129460393430662,-5.13478148889135e-16,0.00012381878938663,3.50801668185607e-05,8.01174423084305e-05,6.64416630499738e-05,-1.9421423867179e-05,-1.78059014680011e-08,-1.95665619773014e-05,7.57766413149485e-06,-1.0504113177141e-14,-1.45464507538437e-07,6.61407181770353e-06,-0.000209595923096325,-0.834600341785041,0.000244634316923294,-3.39616145732329e-05,-2.29673055768502e-05,-0.000250999804742824,1.90819582357449e-17,-1.42710340120892e-16,1.87476483037083e-16,-9.95624028318817e-05,-4.29539604936432e-16,2.82938651781552e-05,-3.78099634458821e-05,1.0118229966873e-15,3.21131314197885e-06,2.25009093302085e-07,4.78783679369599e-16,-1.05642962743609e-16,-1.5649301726376e-06,-1.60338573666162e-16,-1.30104260698261e-16,-5.16135854608993e-17,-4.30487372908331e-17,-4.95417926864241e-17,1.49891051903948e-16,-1.26052494799812e-16,1.20518876568776e-06,3.12250225675825e-16,-5.72458747072346e-17,1.27853134462588e-17,-1.33649760801932e-16,-1.59536168306551e-06,-1.04300248993106e-16,5.14239015516543e-17,-1.53739868058445e-16,1.38004549407434e-17,-1.43293759770991e-16,2.63149425822337e-18,1.67400815431762e-16
"t32",-0.043444925618526,-0.102666830293243,-0.195007117076985,0.0400120790979241,-0.328909627329624,-0.00439389796465519,0.0375584113349929,0.00698402930183078,-0.00491854084887157,0.0206471520741607,-0.0201376190889896,0.100378549813692,0.0115307756987704,3.23273859057884e-06,0.00425394596150092,-0.00167174730901832,0.000392435865836071,-0.0168607445748996,0.00683758318587202,-0.0555867212703915,-0.000824497912788399,0.000498859489509549,-7.6553714155275e-07,2.87011342753989e-05,5.2302302515433e-06,-3.40423423639972e-05,7.75087727910748e-05,-0.00010599116829056,0.000387598136245816,-0.00048353518330641,-0.558618405149211,-0.00714647442559982,0.000923848009620961,0.000287518189270509,0.000153197191143387,-0.000320680766607656,-1.4968766243878e-16,0.000639178235544756,1.34766330039948e-16,0.000505145991518486,0.000107377828449853,0.000243511765206459,0.000199419374257088,-5.94926252453926e-05,-5.80227840507704e-08,-6.45570438315363e-05,5.92965107599305e-05,-1.43413772540045e-13,-7.47962679435977e-06,-1.40910147687124e-05,0.000157474348049681,0.0235865749072341,1.4365449640793e-05,-5.97216206576505e-06,-8.32770699109675e-06,-0.000122029025251049,-5.76931081033849e-15,0.707106781186547,7.09284751824645e-15,-7.32709169821187e-05,1.30139712772726e-15,2.4002570478446e-05,-3.45595505699332e-05,-3.72245664517941e-16,3.16027026401179e-06,2.22143575678357e-07,-1.57371945336271e-16,-3.34308866027249e-16,-1.64903684354308e-06,5.26993460116064e-17,1.8398910867079e-16,2.42710509382692e-16,-6.14890027647035e-16,3.34867781766065e-16,1.16290867927793e-16,-1.16269851337919e-17,1.31441009597289e-06,-9.10729824887824e-18,8.66277535815918e-17,-8.11109177520005e-17,-1.63426734060554e-17,-1.78064829664971e-06,-1.10341287972923e-16,1.34630564288738e-16,5.04018484934199e-17,-2.18836363968853e-17,3.42818434551097e-19,-9.72102255080695e-17,-7.93093889173146e-17
"t33",-0.0434449256185259,-0.102666830293243,-0.195007117076985,0.0400120790979242,-0.328909627329624,-0.00439389796465519,0.0375584113349929,0.00698402930183079,-0.00491854084887155,0.0206471520741607,-0.0201376190889897,0.100378549813692,0.0115307756987705,3.23273859056892e-06,0.00425394596150094,-0.00167174730901835,0.000392435865836058,-0.0168607445748997,0.00683758318587202,-0.0555867212703915,-0.000824497912788432,0.000498859489509557,-7.65537141540526e-07,2.87011342754058e-05,5.23023025160033e-06,-3.40423423640499e-05,7.75087727912885e-05,-0.000105991168290501,0.000387598136245613,-0.000483535183306312,-0.55861840514921,-0.00714647442559981,0.000923848009620912,0.00028751818927043,0.000153197191143391,-0.000320680766607512,-1.34305544116642e-16,0.000639178235544795,-1.66425033476525e-16,0.000505145991518475,0.00010737782844948,0.000243511765206371,0.000199419374257156,-5.94926252454708e-05,-5.80227842036682e-08,-6.45570438314504e-05,5.92965107604899e-05,-1.4356316162337e-13,-7.47962679400526e-06,-1.40910147689417e-05,0.000157474348049262,0.0235865749072346,1.4365449639792e-05,-5.97216206886632e-06,-8.32770699044674e-06,-0.000122029025248871,5.77635812445965e-15,-0.707106781186548,-7.11804247860917e-15,-7.32709169823924e-05,-1.30770731325931e-15,2.40025704781744e-05,-3.455955057006e-05,6.8071499244955e-16,3.16027026400176e-06,2.22143575519923e-07,3.93890649263984e-16,2.95612596160831e-16,-1.64903684356249e-06,-1.45926491401255e-16,-4.22838847269347e-18,-2.56889851634444e-16,6.20233087481974e-16,-2.47999305906611e-16,-1.02284288366766e-16,-1.01832604802609e-16,1.31441009593083e-06,1.05167610731094e-16,5.83300768797201e-17,1.08294262144951e-17,-1.27364976653611e-16,-1.78064829660233e-06,-1.1790359812601e-16,-6.54724991681376e-17,1.03405782200805e-17,-4.09655945665678e-17,1.4220606235859e-17,-4.7743501389378e-17,-9.25095503673257e-17
"t17",-0.0370235354659257,-0.0772429776300214,-0.130674511838673,0.0229043054353599,-0.106500801319393,-0.00106882499263645,0.00578995085550368,-0.00112577785466338,0.00101428760587736,-0.0116941416885433,0.0129743444318464,-0.0765122009951077,-0.0108399933661411,-3.99081683311523e-06,-0.0117976397290826,0.00500298687922236,-0.00262323664492331,0.16669460149606,-0.0839133657137773,0.952180598622052,0.0211679017551246,-0.0370795713044045,0.000207805427409592,-0.0135878742550768,0.000367770730242747,-0.00247949878683031,-0.0379812549867242,0.00777731047623072,-0.00635502138316811,0.00728677604348812,0.0316277277011989,-0.00351053031419692,0.00104912040453859,0.000595507440174975,0.000344661200685371,-0.0010094367545328,2.54136989230602e-16,0.00231255058915347,4.85722573273506e-16,0.00186967843512581,0.000405274477283856,0.000918516694429897,0.000748978518517826,-0.000221895043439491,-2.1466214368285e-07,-0.000238557123905282,0.000213286422225047,-5.14729172506516e-13,-2.66680365183108e-05,-4.90093869662984e-05,0.000531437131921282,0.00328091056775542,7.28741523371088e-05,-2.38664808726186e-05,-3.0850118797744e-05,-0.000442314960062314,3.81639164714898e-17,-2.7662337588814e-17,5.80438393439396e-17,-0.000257617011445183,-7.34800621558635e-17,8.32086062027837e-05,-0.000118608702497759,1.38248441140964e-16,1.06962200368457e-05,7.51300212503952e-07,1.59594559789866e-16,-1.58339034575255e-17,-5.46455735371543e-06,-4.09222692798949e-17,3.46944695195361e-18,3.77657129737585e-17,1.29940196435409e-17,3.37433118118658e-18,-8.66543993454844e-17,1.30668780527834e-17,4.27543996509017e-06,-1.11022302462516e-16,1.38777878078145e-16,-2.28202390725707e-17,-4.67746957343961e-17,-5.6692463837188e-06,-1.50053580671994e-16,6.75935368289189e-17,-2.34187669256869e-17,2.02213944735567e-17,-1.88026278263338e-18,2.04325023481334e-17,1.11022302462516e-16
"t37",-0.0448069749676158,-0.10912426796637,-0.214889633320429,0.0473666287873261,0.241728758702237,-0.00200236192485869,0.0251141537907111,0.00576741060742816,-0.00408904857284895,0.0166352281312391,-0.0156582277285626,0.0705464097832203,0.00472208649512293,2.44785011062496e-05,0.439916390649622,0.00639426290513802,0.00657212920503801,-0.00791743581196419,0.00289769226235089,-0.0156010283841603,3.28837582979401e-05,-0.00113999639873297,9.41186035155359e-06,-0.000651880393078938,4.93990524355898e-05,-0.000357341060695237,-0.0643565797204173,-0.00189493709967811,-1.2623034664652e-06,3.88872802291793e-05,0.000534796192658454,-0.000313151333585324,9.55740692758462e-05,5.97511563114606e-05,3.53876310036918e-05,-0.000120561471233613,2.66063213127943e-16,0.000319915932847918,-7.11236625150491e-17,0.000271902799034936,6.83172327607655e-05,0.000156320901847916,0.000132555353118027,-4.08866386248817e-05,-4.10484115418847e-08,-4.58417931015443e-05,4.53436841079968e-05,-1.11005589655433e-13,-5.84600300488747e-06,-1.16043843442793e-05,0.00013392700142208,0.00027974656980423,2.21277463070175e-05,-7.8436406873556e-06,-1.45226688361868e-05,-0.404772172526737,-3.26388222005036e-15,-1.91568936324274e-15,1.6993228905437e-15,-3.32247105913419e-05,0.707106781186547,1.4067291241331e-05,-2.19148873094102e-05,2.25607374769161e-15,2.13341075417772e-06,1.50342357443071e-07,6.93889390390723e-17,-7.9761162177703e-16,-1.1743857806553e-06,-4.75467841563254e-17,-3.12250225675825e-17,-5.66890350883295e-17,1.74082159340712e-16,-7.12929428223336e-17,-9.18555994926393e-17,-1.72850334660209e-16,9.64292620753149e-07,-1.42247325030098e-16,-2.60208521396521e-18,-7.33944370723362e-17,-1.88369737276805e-16,-1.33929990062294e-06,-9.611452259084e-17,-3.02785369403741e-16,3.77519196459453e-16,4.85652930208403e-17,4.30801021657607e-17,-1.39012054884894e-16,-2.29850860566927e-17
"t68",-0.0448069749676158,-0.10912426796637,-0.214889633320429,0.0473666287873261,0.241728758702237,-0.00200236192485867,0.0251141537907111,0.00576741060742819,-0.00408904857284896,0.0166352281312391,-0.0156582277285626,0.0705464097832202,0.0047220864951229,2.44785011061901e-05,0.439916390649622,0.00639426290513795,0.006572129205038,-0.00791743581196413,0.00289769226235093,-0.0156010283841603,3.28837582977441e-05,-0.00113999639873292,9.41186035157256e-06,-0.00065188039307891,4.93990524355498e-05,-0.000357341060695121,-0.0643565797204173,-0.00189493709967826,-1.26230346643682e-06,3.88872802291385e-05,0.000534796192658398,-0.000313151333585301,9.55740692757987e-05,5.97511563112697e-05,3.53876310035785e-05,-0.00012056147123373,8.06646416329215e-17,0.000319915932847952,-1.73472347597681e-18,0.000271902799035178,6.83172327607534e-05,0.00015632090184802,0.000132555353117886,-4.08866386249005e-05,-4.10484116069557e-08,-4.5841793101738e-05,4.53436841080518e-05,-1.11111507313839e-13,-5.846003005028e-06,-1.16043843446833e-05,0.000133927001421258,0.000279746569804932,2.21277463066322e-05,-7.84364068658039e-06,-1.45226688368545e-05,-0.404772172526738,1.85268467234323e-15,6.65502067700247e-16,-1.35799480783704e-15,-3.32247105917947e-05,-0.707106781186548,1.40672912470764e-05,-2.19148873073239e-05,-2.34691802150679e-15,2.13341075417251e-06,1.50342356994808e-07,-9.0205620750794e-17,9.08488915093285e-16,-1.1743857807299e-06,-2.05406616551709e-16,2.43728648374741e-16,-2.89334596109595e-17,-2.14495899822899e-16,2.40957282157022e-16,-2.94055674392871e-17,1.89706862368365e-16,9.64292620506818e-07,-4.5102810375397e-17,-2.27248775352962e-16,-1.40340263890358e-18,6.14304749999438e-17,-1.33929990016844e-06,-1.38561037643647e-16,2.89527829655801e-16,-5.01226664340049e-16,-1.04153293764882e-17,-7.48811158358983e-17,5.82043202107742e-17,-2.18141477104083e-16
"t28",-0.044738562898762,-0.108854286286803,-0.214199960420736,0.0471755416433361,0.240295826214681,-0.00198937511837358,0.0249364736890006,0.00571576857893703,-0.00405143264237603,0.01645247808633,-0.0154807270581882,0.06971081086803,0.00466274577892163,2.4144213953201e-05,0.43205863023022,0.00627713245047681,0.00641867062479923,-0.00771397035480872,0.00281973839788314,-0.015154978194597,3.18861171680644e-05,-0.00110191447154128,9.08231786817082e-06,-0.000628861113559601,4.72884312927542e-05,-0.000341914683956071,-0.061312667709792,-0.00180267927763513,-1.19692767523702e-06,3.68642751011903e-05,0.000502704526715758,-0.000294031344698018,8.95887320711045e-05,5.58048135120316e-05,3.30178283190528e-05,-0.000111518796919355,-5.62809347737225e-16,0.000291616578467902,6.93889390390723e-17,0.00024600089525236,5.95331992892712e-05,0.000135717325611774,0.000113051294771776,-3.40425233737024e-05,-3.31950901744121e-08,-3.69056215881317e-05,3.17513989147068e-05,-7.54259241192044e-14,-3.8336865666936e-06,-6.05305287395934e-06,5.33063590939121e-05,3.50658307297471e-05,9.92261267664628e-07,8.97456329354432e-07,9.90690039770074e-06,0.819942150753972,1.65752828129584e-15,1.26434685052336e-15,-2.83516952936704e-16,-0.000100640045536292,4.43832158759586e-17,2.66705134115627e-05,-3.53286708810871e-05,9.64131701002498e-17,3.0149688787515e-06,2.11351798498985e-07,6.33174068731535e-16,-1.69209893356902e-16,-1.49079782786003e-06,4.5205953624321e-17,-1.17961196366423e-16,1.2722936955519e-16,1.08076386617326e-16,-2.19468679461668e-16,5.19721111972356e-17,6.70612300533338e-17,1.16073120438528e-06,3.36536354339501e-16,1.75207071073658e-16,-1.21679224812696e-17,-1.49881995604556e-16,-1.5505134917139e-06,-2.21177243187043e-17,5.6974101557358e-17,1.03541307472366e-16,-1.18761332593697e-16,3.64594508195483e-17,-5.46398993121074e-17,-4.7271214720368e-17
"t4",-0.0424964879187878,-0.099804234225985,-0.190660937839508,0.0405165464632318,0.187779739622268,-0.00150590414109463,0.0182084094154609,0.00364356253604006,-0.00252983571137074,0.00857768707575686,-0.00772811049094077,0.0324611816899598,0.00193432735435424,7.95028991869366e-06,-0.125842925991746,-0.00291311312669872,-0.0432570120298224,0.00145915930460391,-0.00108106360800123,0.00997807839757708,-3.08488107650237e-05,0.00178856230162462,-1.8656792685412e-05,0.00134768808060238,-0.000292670741019834,0.00227408259918209,0.939338066203241,0.0422450279535055,-0.0114015555223355,0.0125653137638622,0.00635395637162103,-0.00338866841921862,0.000919329987437639,0.000472776603668323,0.000268384816534837,-0.000701675345788233,1.11293353005637e-16,0.00146810695209544,-3.66026653431106e-16,0.00115652304132089,0.000235865022122954,0.000532904425686506,0.000429487303034538,-0.000125938275699667,-1.20870660258219e-07,-0.000134199050054904,0.000118284296381924,-2.84867095952818e-13,-1.47500862448318e-05,-2.69846589220061e-05,0.000291881476053431,0.000531792152224785,4.03654129063014e-05,-1.31466066786344e-05,-1.69721364081125e-05,-0.00276923234137179,1.01047642475649e-16,1.11593383146602e-16,-1.37379721729825e-19,-0.000140628733565664,-6.43348680626364e-17,4.53818183211406e-05,-6.46456575383816e-05,-4.69527550050953e-17,5.82550671621423e-06,4.091697544553e-07,1.53523027623947e-16,-1.03630096168973e-16,-2.97481330997036e-06,-1.82580803771785e-16,-8.93382590128056e-17,3.74595159684811e-17,8.41970004915485e-17,9.7840932306342e-17,-1.4172984461845e-16,1.18456191022104e-17,2.32821953974338e-06,8.67361737988404e-17,8.23993651088983e-17,-1.07509231756277e-17,-9.01552396934865e-17,-3.09083934275662e-06,-1.0714627969588e-16,5.15465729082896e-17,-5.44269490587723e-17,-6.89999808302983e-17,-3.84018475907001e-17,-4.125483877137e-17,-2.69749500514394e-16
"t79",-0.0441009442201471,-0.106171211429663,-0.206980970844451,0.0450505037774816,0.221783232062675,-0.00181343472042321,0.022400792567421,0.00483259774253452,-0.0033914885126463,0.0125234902059417,-0.0114930816912309,0.0496429062886978,0.00308559392118165,1.36031758659534e-05,-0.315621930757802,-0.00774412446173215,-0.494730280256171,-0.018550551088919,0.00622422480623279,-0.0311420131416367,6.27727842918077e-05,-0.00209986012090992,1.72734380780913e-05,-0.00119674117111155,0.000102022240083194,-0.000750398052064047,-0.180190771777833,-0.00659029168525901,0.00101668740549238,-0.00106548439339216,0.000197681322286576,-0.000144244592661931,5.37877535390224e-05,4.21198872928574e-05,2.58928678677796e-05,-0.000104895351852841,-2.25514051876985e-17,0.000305887887633996,-1.45716771982052e-16,0.00026551785286613,6.92070581746907e-05,0.000158534682475562,0.000134826217999648,-4.1586680909269e-05,-4.16229311034975e-08,-4.6453201861293e-05,4.46670774317089e-05,-1.0857706996269e-13,-5.67491947842988e-06,-1.07332407000792e-05,0.000118034118685433,0.000219208641283429,1.66967200465455e-05,-5.46699951610137e-06,-7.13288822954414e-06,-0.00117434899437852,1.85615411929518e-16,-2.73442160317813e-17,-1.06721664829188e-16,-6.12590551615725e-05,9.42284134369347e-17,2.01513761410969e-05,-2.91457243302368e-05,-1.66210953942774e-16,2.68491431849958e-06,1.88808396522498e-07,-1.09287578986539e-16,-1.96218431200838e-16,-1.4177990758299e-06,1.2437536682595e-15,-5.29958021910915e-16,4.29389666542867e-16,7.52261554310685e-17,1.26874017965193e-16,1.04399970399702e-16,1.74416584158342e-16,1.14168889455563e-06,-9.99200722162641e-16,-1.6826817716975e-15,0.707106781186548,-1.25198126216459e-14,-1.56370677016626e-06,-8.23885230871735e-16,5.70152027162444e-16,4.25007251614318e-17,-4.23972045990999e-17,-5.84624496367194e-18,3.77920913164722e-17,-1.30104260698261e-16
"t80",-0.0441009442201471,-0.106171211429663,-0.206980970844451,0.0450505037774816,0.221783232062675,-0.00181343472042318,0.022400792567421,0.00483259774253448,-0.00339148851264624,0.0125234902059416,-0.0114930816912309,0.0496429062886978,0.00308559392118166,1.36031758659724e-05,-0.315621930757802,-0.0077441244617322,-0.494730280256171,-0.018550551088919,0.00622422480623281,-0.0311420131416367,6.27727842917574e-05,-0.00209986012090995,1.72734380780558e-05,-0.00119674117111161,0.0001020222400832,-0.000750398052064179,-0.180190771777833,-0.00659029168525911,0.00101668740549238,-0.00106548439339235,0.000197681322286584,-0.000144244592661974,5.37877535390244e-05,4.21198872928297e-05,2.58928678678098e-05,-0.000104895351852922,-1.92337465398928e-16,0.000305887887633992,9.0205620750794e-17,0.000265517852866012,6.92070581746281e-05,0.000158534682475614,0.00013482621799964,-4.15866809092661e-05,-4.16229309958125e-08,-4.64532018613034e-05,4.46670774318888e-05,-1.08721128244161e-13,-5.67491947834988e-06,-1.07332406999879e-05,0.000118034118685374,0.000219208641283383,1.66967200464514e-05,-5.46699951583293e-06,-7.13288822960529e-06,-0.00117434899437853,1.28369537222284e-16,-1.55663763030011e-17,1.23704743620893e-16,-6.12590551616592e-05,-6.61676953657755e-17,2.01513761412201e-05,-2.91457243302054e-05,1.57855738428716e-16,2.68491431856636e-06,1.88808396587551e-07,3.81639164714898e-16,1.9734693244394e-16,-1.41779907620633e-06,-1.23516579082148e-15,7.50267903359969e-16,-4.03277559744283e-16,-5.66126752935922e-17,-1.95784380548864e-16,-2.46013054174099e-16,-9.96690017060321e-17,1.14168889382704e-06,1.10328413072125e-15,1.80064296806393e-15,-0.707106781186547,1.23838769409737e-14,-1.56370677031892e-06,6.53123388705268e-16,-6.33000672765805e-16,-3.70797142990043e-17,-6.14789488014574e-17,-3.01322159038358e-17,-1.25380335361858e-16,-7.97972798949331e-17
"t85",-0.0440872811280742,-0.106121828573627,-0.206864825613747,0.0450217531137892,0.221637692718138,-0.00181233259996213,0.0223890704972773,0.0048327789265557,-0.00339200145658485,0.0125407007441611,-0.0115127845217652,0.04975621985563,0.00309566932080746,1.36745468076776e-05,-0.323677708707988,-0.00797978263026762,0.50421648827904,-0.0151834520946731,0.00533361214673324,-0.0273724925625095,5.57123207785629e-05,-0.00186529805852942,1.52779686751268e-05,-0.00105733570590957,8.4839774209805e-05,-0.00061996795442729,-0.135361066441971,-0.00467444133066323,0.000548520162309515,-0.000552979463059324,0.00041249766825045,-0.00025657683832105,8.34286259274453e-05,5.65543812890146e-05,3.39777698195078e-05,-0.000124031977058327,8.5868812060852e-17,0.000341493173292443,3.46944695195361e-17,0.000292350870711822,7.39631041759371e-05,0.000169180407718426,0.000143084578753769,-4.39163918720784e-05,-4.37835469496456e-08,-4.88415578949065e-05,4.66124260272856e-05,-1.13286326662836e-13,-5.91309779369829e-06,-1.11543931157654e-05,0.000122510003293101,0.000227194220022684,1.73005209517648e-05,-5.66247775567706e-06,-7.38222838121737e-06,-0.00121461079777384,1.11022302462516e-16,4.26435208417235e-17,-3.59907287143617e-16,-6.32392703397364e-05,2.0841728508496e-16,2.0775404802241e-05,-3.00175421211893e-05,-3.1359978579441e-16,2.76123149558875e-06,1.94160094024211e-07,1.52655665885959e-16,1.84416397867228e-17,-1.45500423508194e-06,2.65176997860899e-16,1.96023752785379e-16,1.66339548292961e-16,3.77852158903044e-16,9.36153301281049e-17,-2.04667616972999e-16,-2.92407845269275e-16,1.16961881191369e-06,-8.32667268468867e-17,-7.49400541621981e-16,-1.74382435450886e-16,-3.86470530209346e-16,-1.59903836826486e-06,-4.54497550705923e-16,0.707106781186548,8.94683632735038e-16,-1.71944986610075e-16,-1.04483690950546e-17,-1.11383128711854e-17,-2.94902990916057e-16
"t86",-0.0440872811280742,-0.106121828573627,-0.206864825613747,0.0450217531137892,0.221637692718138,-0.00181233259996213,0.0223890704972773,0.00483277892655568,-0.00339200145658486,0.0125407007441611,-0.0115127845217652,0.0497562198556301,0.00309566932080744,1.36745468077011e-05,-0.323677708707988,-0.00797978263026762,0.50421648827904,-0.0151834520946731,0.00533361214673321,-0.0273724925625094,5.57123207785629e-05,-0.00186529805852945,1.5277968675145e-05,-0.0010573357059096,8.48397742097512e-05,-0.000619967954427265,-0.135361066441971,-0.0046744413306631,0.000548520162309528,-0.000552979463059298,0.000412497668250432,-0.000256576838321146,8.34286259274158e-05,5.65543812890562e-05,3.39777698195867e-05,-0.000124031977058372,8.93382590128056e-17,0.000341493173292439,-6.93889390390723e-18,0.000292350870711947,7.39631041759283e-05,0.000169180407718406,0.000143084578753755,-4.3916391872055e-05,-4.37835468085426e-08,-4.88415578949464e-05,4.66124260274331e-05,-1.13285869265045e-13,-5.91309779368544e-06,-1.11543931157702e-05,0.000122510003293309,0.000227194220022608,1.73005209517874e-05,-5.66247775585227e-06,-7.38222838130584e-06,-0.00121461079777379,1.2490009027033e-16,-7.82611849910902e-17,4.17926377784763e-16,-6.32392703397086e-05,-3.22669866551661e-16,2.07754048024006e-05,-3.00175421211624e-05,3.63793763191021e-16,2.76123149570325e-06,1.94160093955906e-07,-2.08166817117217e-17,-9.01954180691168e-17,-1.45500423527622e-06,-2.86465065338878e-16,1.47451495458029e-16,-7.65217382017217e-17,-3.50731700498911e-16,-1.21490380358866e-16,2.67177169806165e-16,3.11275924914299e-16,1.16961881199695e-06,-1.94289029309402e-16,5.89805981832114e-16,-4.55792138552985e-17,2.58846613995317e-16,-1.59903837331637e-06,2.92084065267595e-16,-0.707106781186547,-1.16009632455949e-15,1.22957990053273e-16,3.118498069041e-17,-5.49671857608768e-17,3.12250225675825e-17
"t94",-0.0617503456479317,-0.10661370816006,0.0817863588177712,0.00190445823330585,-0.00723186281516522,0.00654474775961641,-0.418166294205816,0.034793640465674,-0.223763952762706,0.0148904616662794,-0.0162915004878839,0.0201430786808286,-0.00881288669217372,5.90749346622486e-05,0.00169430562936142,-0.00286787985686481,0.000147757944429078,-0.0139074284089418,0.0040640877826216,-0.00637761449057212,0.0054697190758629,-0.00495598812470767,2.03789702026906e-05,-0.00139176682463235,6.78568214108568e-05,-0.000743294167548931,-0.00228422347538503,0.00375457459883787,-0.00421749230221671,0.0141779454254144,0.000598902252189361,-0.00823414646539653,0.000325806996654237,0.000352752261698876,0.00013267635665831,-0.000555990164582385,-4.79464682693062e-16,0.360848950937818,1.52766353580886e-15,-0.00155018717355738,0.318818898335223,-0.00301211412707043,-2.21643439795576e-06,-1.80730852611111e-05,-2.60627791045876e-08,-2.99411455863278e-05,0.000217002850620362,0.691424231505366,-5.0367878329547e-06,-1.00133988331642e-05,0.000172075083548348,5.96611954410433e-05,1.62872851427393e-05,-2.97295793214702e-05,-7.02600468152078e-06,-2.88472190140028e-05,1.21361816863554e-15,-1.54080360753633e-16,5.18355184263977e-17,-6.20860934666049e-05,-6.94114486576064e-17,3.14353158417619e-05,-2.99747323889918e-05,1.6127009854768e-17,2.775214693357e-06,1.95188427861712e-07,-1.37013937626654e-15,-2.70730560223844e-17,-1.46214726434246e-06,-1.78955234763166e-17,-1.94823732020095e-16,-1.75724162776721e-16,5.25405578544769e-17,-1.997593748154e-16,1.75392373863931e-16,8.09048222975827e-17,1.7454413772017e-06,-1.45170009863075e-16,-4.4717786113564e-17,-6.88502840791954e-17,-1.01503975693473e-16,-2.08930802266852e-06,5.39730772164831e-17,0,-2.28282305605249e-16,-1.34073082790169e-16,-1.29661097423678e-16,-1.03370054849808e-16,3.14039753400732e-18
"t36",-0.0791660624980552,-0.178700671167613,0.196003011921594,0.0118728221921545,0.00828657047053727,-0.00455987518992187,0.177637893633028,0.00423615983572239,-0.0956574306550802,0.000537697149186791,-0.00105670695908418,0.00199034532042209,-0.00120874801158175,1.07536270329546e-05,0.000498683999938714,-0.000872335600895548,6.31862350525498e-05,-0.00745870243736186,0.00260549677988092,-0.00646275515713395,0.249285915787238,0.000760800159298667,9.09231796104941e-08,-3.19798133019481e-05,1.52997970089493e-05,-0.000173110844982873,-0.000709837274564646,0.00131459667620208,-0.00295220988081495,0.0122235017130025,0.00102183439586221,-0.0828667099782893,-0.000449651240879183,-0.000111966934145116,-3.30137945991947e-05,2.53508341220799e-05,1.72791344274217e-16,2.53847492279368e-05,2.49172334013953e-16,1.96498354856407e-05,2.47546010117393e-05,0.000117492357157437,3.31433879075533e-06,1.29781885795441e-06,5.39167313964097e-09,6.89803977745071e-06,-0.535966207397965,-1.91911036867811e-12,-9.78556918653956e-06,-7.68946650176262e-06,0.000103909498482142,2.95465803935622e-05,7.95759699938319e-06,-0.0275344954032408,-2.68221512158732e-06,-1.02562086649322e-05,-1.96712017333603e-16,-8.46914217145612e-17,-8.34729126997933e-17,-1.71320385671972e-05,-1.63086516360354e-16,6.9441346876842e-06,-5.24269101002774e-06,-8.275222827591e-17,2.72145144764361e-07,1.82141177758076e-08,-1.04001593309863e-15,7.6916501945097e-16,1.12350648246155e-07,-1.72285912838252e-16,7.05497752011868e-16,1.03566316855545e-16,-2.0317828136549e-17,-1.75473246151725e-16,-3.45091667292627e-17,3.4284806717008e-16,-6.80051502761175e-07,-3.49867380028338e-16,-7.42080852051698e-17,-1.57321181354013e-16,-4.59928244622152e-17,3.869050444442e-06,2.39588489146001e-16,-7.97972798949331e-17,-2.42160093413064e-16,-3.51938446594909e-17,7.67190939656331e-16,9.04504284692718e-16,1.0777507906826e-14
"t44",-0.0793310754664206,-0.179302417024743,0.196857181381348,0.0119376893586533,0.00835269680125788,-0.0045996171278716,0.179323611160148,0.00428673746847496,-0.0968298920753887,0.000545523762941229,-0.00107256122091882,0.00202149823800667,-0.0012287756282429,1.09466017537236e-05,0.000510238741079006,-0.00089303537388456,6.50686157073629e-05,-0.00770154323429379,0.00269398275302697,-0.00669485548764301,0.258737044057089,0.000792276528354033,9.48476480829104e-08,-3.33707087517496e-05,1.60880220558747e-05,-0.000182110629838341,-0.000749802324112372,0.00139048921843556,-0.00313195514556018,0.0129705772249163,0.00109231872994282,-0.0886662299488103,-0.000481793158032837,-0.000120331010974996,-3.55082416252398e-05,2.74514151340577e-05,2.14424707697661e-16,2.77817070936108e-05,3.13357102625095e-16,2.16144358396435e-05,2.78414679657152e-05,0.000132401466385496,3.76809885939972e-06,1.49138527373924e-06,6.26691582525997e-09,8.03081217931631e-06,-0.64804838704029,-2.33464888959642e-12,-1.19757961940556e-05,-9.67437528588177e-06,0.000133088289558275,3.88273445044187e-05,1.05135197022552e-05,-0.0366994135336503,-3.64580011885288e-06,-1.4214346853275e-05,-1.58548100862113e-16,-8.81608686665148e-17,-8.86770831277237e-17,-2.57366595772727e-05,-1.80433751120122e-16,1.14630708852327e-05,-9.76461047183169e-06,-9.48952926077476e-17,7.36349886537742e-07,5.10891117372785e-08,-1.136326151173e-15,8.69778981057625e-16,-2.03998296965318e-07,-1.8963314759802e-16,7.99172819714615e-16,1.33056615947151e-16,-1.68483811845954e-17,-2.3271912085896e-16,-3.1039719777309e-17,3.22031385458359e-16,-1.26208656256414e-07,-3.65479891312129e-16,-1.24515066008497e-16,-1.53851734402059e-16,-7.02789531258905e-17,2.16593749207879e-06,2.37853765670025e-16,-7.97972798949331e-17,-3.27161543735927e-16,-6.1214696799143e-17,6.80454765857491e-16,6.78990232815733e-16,8.26215886665958e-15
"t95",-0.147390995575042,0.158380016305035,0.0120253653180871,0.00296098462048535,0.00187684605609173,-0.000712494097309025,0.00938569019296663,-0.289002664279206,-0.021783060763023,0.0345176088462278,-0.226031840279365,-0.0263634121450404,0.0023599997617931,3.12391127214086e-06,0.000588183481216537,-0.00104963976767549,8.79432769826761e-05,-0.0106879630710627,0.00365958814902491,-0.00756988175449867,0.00211483635563406,-0.226122987877027,-8.15496420284721e-05,0.00465187813803535,-0.000264138272434002,0.289724408598688,-0.00027385820639414,0.00129055997717649,-2.73570634276414e-09,7.98713414151023e-08,8.7926574020023e-06,-3.81780900349381e-05,8.35890467959235e-06,0.000733856717384161,3.57581909766775e-06,-1.88108740497685e-05,1.43301045182612e-16,0.000118214005613606,-6.43838462554797e-16,0.00427338930868302,2.28492453785494e-05,5.3044397260107e-05,3.0492304723738e-05,-9.80924072310074e-06,-1.01434412098028e-08,-1.13653053560502e-05,1.79368287489788e-05,-4.31148597052919e-14,-1.50323757249597e-06,-2.94930201565772e-06,0.000903374831368254,1.65712252343492e-05,4.53229871135389e-06,-2.28301297602095e-06,-1.96033533806311e-06,-8.04987733061689e-06,-3.41383414309205e-16,-8.36358877158165e-18,1.88757723828383e-17,-1.73356860693262e-05,1.19673410223866e-16,0.000303938484855721,-8.37421277116374e-06,8.37812254178635e-17,7.77880843754407e-07,5.47197669764029e-08,-7.83046055974745e-16,6.82519593244546e-19,-4.11254939041298e-07,-1.26913530483862e-17,-3.69638957062059e-17,1.59077468086803e-16,-1.1644210756665e-17,-8.70023488769076e-17,3.65474974222717e-18,1.22538185721026e-16,1.53607293442458e-05,2.57285836563544e-16,3.74889340963052e-16,-7.05850075551722e-17,1.70847610034886e-16,0.692571586810771,-4.09485045476667e-14,-2.54483933925798e-15,1.55327870422293e-15,-8.52248601844567e-16,-5.92832265509485e-16,-1.15513119181645e-16,-1.54748053852527e-15
"t14",-0.137240862992921,0.140838435688407,0.010307630940246,0.00243278730597932,0.00139218077062503,-0.000512070969209545,0.00651902220772616,-0.17892913029616,-0.0132758437661879,0.018644618957039,-0.119074129809856,-0.0133809108713446,0.0011340442216048,1.37564718316514e-06,0.00017202675715544,-0.000290874754536622,1.02932404567216e-05,-0.000518960147169192,5.54541217859459e-05,0.000224033185028165,-0.000154390208876284,0.0318149741770442,1.39283690979501e-05,-0.000818197802155665,5.57749199216345e-05,-0.0588147397265128,-1.90665138722041e-05,0.000508938190839219,2.57386553174173e-07,-1.11958902548609e-06,-1.29106838568102e-05,5.51215853503996e-05,-1.19039388838352e-05,-0.00104292932963815,-5.0989222824928e-06,2.84235080002881e-05,9.12593409033074e-17,-0.000201705496395815,6.96129156338095e-17,-0.00772291431213404,-5.15274804236097e-05,-0.000121669852231013,-7.52133829632471e-05,2.6193629643012e-05,2.92149364895307e-08,3.3065984572133e-05,-6.36825484193848e-05,1.61415946268044e-13,5.62099907678666e-06,1.2225941161844e-05,-0.00396572283133231,-7.8200044146196e-05,-2.16865935737528e-05,1.11646828966534e-05,1.00296740020419e-05,4.28921566569389e-05,-5.25591965036696e-18,-2.05066531034193e-17,-1.23492501847442e-17,0.000105717925631782,-3.12475321861167e-17,-0.00207343984336775,6.32076141048567e-05,-1.16285657608609e-17,-6.96770385871778e-06,-4.95251861964826e-07,-6.41452319223512e-16,-3.0542502974338e-17,5.22038071009346e-06,5.14934155627557e-17,1.81611262266872e-16,1.08770487283475e-16,-6.44004032873454e-18,-2.45523037417426e-17,-2.06313789214482e-17,-4.93288648250741e-16,-0.000310340033468919,1.77488556668611e-16,-2.30653915414689e-16,9.59484461386013e-17,-8.93609113616354e-17,0.010969810106795,-2.5019850064526e-16,-7.11236625150491e-17,-1.0858638576285e-16,1.52156290746004e-16,1.28812700496867e-16,-1.55411759129112e-16,-2.44108498011731e-15
"t71",-0.153086715172657,0.170544920011268,0.013457876120481,0.00351883432568155,0.00297927744055332,-0.0013644714175768,0.0257199521417725,0.27043209140636,0.0136221611823136,0.00435174503036048,-0.0403999519773466,-0.00625146760068615,0.000697654862996985,1.09785555230367e-06,0.000246059703765496,-0.000439659715599288,3.38639979887038e-05,-0.00375570555390171,0.00120963062791027,-0.00225064364366656,0.000545976353312473,-0.0402673575564205,-1.06790935522938e-05,0.000567092254274868,7.17786290864547e-06,-0.00365015818938265,-0.000367727580577195,0.00573790467196409,-1.10327832730871e-05,2.96113113224608e-05,-3.36217377414254e-05,0.000217663163530709,-8.54834167689077e-05,-0.333365845137359,0.000232195304185956,-0.000185411178124105,-9.12910193848149e-16,0.00129172829298576,-5.19173804534922e-15,0.149357638372861,-1.42425919651747e-05,-2.45322986485868e-05,-5.88581420853041e-07,-2.20252447468572e-06,-3.52268112553063e-09,-4.07558049638253e-06,7.92355065808988e-06,-1.78905369270749e-14,-6.50296161264906e-07,-1.12840490068206e-06,0.000301550272883521,4.02212710218911e-06,9.98360550841066e-07,-4.12863409920767e-07,-1.54397647890499e-07,3.7037132683394e-07,8.0247659282587e-17,1.42557353638401e-16,2.65206505971545e-16,1.93007790832045e-05,-2.56220908363628e-15,-0.660729008555803,-2.48091446778259e-05,-3.15205174056802e-16,1.22591026709676e-06,8.45149160396637e-08,-1.68769973438536e-15,-2.1962736185581e-16,-4.27648682690347e-07,-3.4749298391191e-16,1.57625322548087e-15,-1.20213011545463e-16,-3.23894436432491e-16,-1.9455520438747e-16,3.08966081514145e-16,-6.48119496844691e-17,0.000484839373777762,3.31878946030547e-16,-8.75093141738651e-16,1.26817192917145e-17,2.33961145768571e-17,6.46963006176365e-06,5.15237605303585e-16,-7.97972798949331e-17,7.55118495053929e-16,2.38892464544845e-16,1.7044606392031e-16,-1.76228440840833e-16,1.18228681584515e-16
"t21",0.0730901068590381,0.00973779257440158,-0.00324470583310597,-0.0646335126709983,-0.000625640989166075,0.0116435772741229,-0.0072361520267206,-0.00476573373795951,0.00383879727352536,-0.177189888138371,0.00329563764796246,-0.0739963234625959,0.483384559577653,-0.00687738424295617,0.00469679009932722,-0.0787264737213223,0.000318798820760347,-0.0783508226387288,0.00561868559213726,0.00495506638233013,2.33945550552547e-05,-0.0017740101095124,0.000562542590043069,-0.0368755969801908,0.00134476939241298,-0.00031694973868149,-0.00236830734637507,0.00321864942922038,-0.190188188990609,-0.0388419122507529,-0.000119506665506656,0.00021681077080132,-0.000900365155695695,-6.51487909075518e-06,-4.34719000399252e-05,-0.000409416026679728,-1.33398789774104e-16,8.51459775208089e-05,4.3558556591192e-17,7.51121003211274e-05,1.65441002902709e-05,3.70354485312067e-05,0.000447024208524264,-0.000111646029704392,-8.49559682563971e-08,-9.06864323554892e-05,1.36681832204184e-07,1.17867992959108e-15,2.83225865478854e-06,1.77069636497391e-05,-1.86805336002268e-05,-1.3654389191654e-05,-5.72535598531434e-05,1.39270365912544e-06,3.07067190353662e-05,9.8451270604613e-06,6.30490280260502e-17,2.04475208427919e-18,3.26326109904707e-18,0.000423750263567978,-6.96140352244136e-18,-1.25565145688522e-05,0.000309253159150239,4.56173089463737e-17,-3.78243433309656e-05,-2.70273421833121e-06,6.43229895298916e-16,4.43037005967331e-16,3.24261941797e-05,-1.09566295724094e-17,2.09590290036047e-16,2.02995900086584e-17,1.47950349033201e-16,-7.2050689819745e-18,-6.22647423448916e-17,1.84547771624176e-17,-3.33435994762217e-06,-2.47082708230478e-17,6.02319315936176e-16,-1.33391328479376e-17,-2.51761427504935e-17,1.23398862371989e-05,4.21368779022364e-16,1.21430643318376e-17,-3.77609908397712e-16,1.67768802029796e-16,2.67590578575011e-16,-5.04212779095578e-15,-5.13669890417132e-16
"t76",0.102045709292615,0.021391784280147,-0.000919690153202853,-0.161308062798328,0.0024157171562561,0.234043923281356,0.0189880395093379,0.00470942973294254,-0.00355621111689873,0.253904084753136,0.0321011845320694,-0.0212073511815219,0.00663626498964659,-7.41027737288819e-05,0.00160870098697562,-0.0785159295827332,3.71500063196264e-05,-0.0147707865403871,-0.00106977438010944,0.00125227377985471,7.62213621877505e-06,-0.00105221894331631,0.000726724950490962,-0.0543059573975306,0.0189729302177474,3.00189499560672e-05,-4.72554613190631e-05,8.56003723988531e-05,-0.00191467594697284,-0.000263743623709349,7.23765948251473e-05,-0.000182173755838076,-0.00996648364784466,0.000250181389330433,0.388113567445552,0.00625418231027424,-2.59702822483597e-16,6.59977514634195e-06,-1.66167056431886e-16,1.60430258162715e-05,9.2892504923914e-06,2.19196215511892e-05,0.000496405078808902,-0.000163744983733842,-1.82631081013513e-07,-0.000959796749370707,1.04901437738308e-05,-2.86735928323652e-14,-3.52955631353673e-05,-0.340623538181305,-7.02348797336604e-06,4.0458579887158e-06,2.70405876654529e-05,-4.78264626136759e-07,-1.58054485677885e-05,-3.34265783752863e-06,-1.45071633070733e-14,6.1186797283785e-15,-0.592130072135332,-0.000202680737664244,1.78327322368562e-15,2.83020839605798e-06,-0.000101502259066689,1.78617333307448e-17,9.30698663045267e-06,6.53791765102057e-07,-8.24832757544002e-16,5.27757138650208e-16,-3.85047758978249e-06,-2.72354358511961e-16,-1.59924034419996e-16,9.38900130528119e-17,-6.40690121167772e-16,2.38878384230687e-16,-3.42808620199614e-16,-2.0050459596102e-16,1.3062923798433e-07,-2.91581070930656e-16,1.42293853146764e-18,1.21969298278253e-16,-5.80645292153661e-16,1.66272952575864e-08,1.53686980548071e-16,5.20417042793042e-18,4.28448330489683e-16,1.02521729921079e-15,7.67709962175625e-17,9.61231448875251e-17,-6.08602755599076e-16
"t52",0.095507911171104,0.0190209264076586,-0.00077983620829772,-0.128254142969086,0.00153182949207956,0.133558287533966,0.00933225405850431,0.000417077275995109,-2.18367572025196e-05,-0.323482540575365,-0.0612340718660807,0.0791792611012763,-0.188704567966563,-0.000418184486335633,0.00301432150688537,-0.140202241092237,5.61893412120026e-05,-0.0202385686065396,-0.00140686208057929,0.00156210625020788,9.02733592985444e-06,-0.00113740532043218,0.000746039147325789,-0.0551872069983139,0.010925764144752,1.49689342402415e-05,-7.02533604177391e-05,9.94086687343129e-05,-0.00174095060750898,-0.000236650789983156,4.75952357017412e-05,-0.000133586629575658,0.00778844387882615,1.61494025059587e-05,0.00261639289635801,-0.0323665160353716,1.64527810984636e-16,1.28619834715362e-05,9.46146706758365e-17,1.20930502149926e-05,-7.84268529038271e-06,-2.24955117864067e-05,-0.00107673355810587,0.000889008667154987,9.40479035584718e-06,0.709865158185624,3.52206493916456e-05,-7.98394556916874e-14,-8.64303778902037e-05,-0.000599994078927144,6.09904761792715e-05,2.93007870868005e-05,0.000168089224998694,-2.50713582005129e-06,-6.6339773572204e-05,-1.23263764203579e-05,-1.29429140829603e-16,1.93919868440473e-17,-6.01588959863904e-17,-0.000577436911474601,-8.84934068933513e-17,7.03220235575281e-06,-0.000228095532051946,3.00047976625824e-17,1.79706860451193e-05,1.2510644418744e-06,-2.53824905997005e-17,2.96211617810227e-16,-5.26518845886507e-06,-2.09926815761846e-16,-4.79534963841281e-17,-2.86113589698621e-16,-2.98607250954859e-16,8.05170784827869e-17,-6.4231229005139e-16,-2.59404471782225e-16,4.54712891392904e-08,-4.34511930911831e-16,5.83303154500622e-16,-1.50738563239144e-17,-1.19024225259141e-16,8.39986119139261e-07,-1.16439575204422e-15,-2.25514051876985e-17,-4.20322544520054e-16,1.26604326942687e-16,-3.28560511407399e-16,-3.39811158107354e-17,-1.76161860346917e-15
"t69",-0.0447102936974771,-0.108745366855107,-0.2139268995008,0.0471014751458296,0.239767261875756,-0.00198465512907768,0.0248729062439804,0.00569821268909307,-0.0040387310511518,0.016393775577082,-0.015424274643985,0.0694488900872563,0.00464452838186275,2.40448066603657e-05,0.430003704165531,0.00624694259348124,0.00638527748495397,-0.00767333170711954,0.00280486675435792,-0.0150753901271821,3.17205861766168e-05,-0.0010964077481745,9.03824794155892e-06,-0.000625828670683527,4.71104199763204e-05,-0.000340655454622114,-0.0611390297985487,-0.00179815663875644,-1.1948668462207e-06,3.68030959645655e-05,0.000503092628838538,-0.000294364035249874,8.97397161459715e-05,5.59700484870356e-05,3.31274389474376e-05,-0.000112268226613141,2.52906818723572e-17,0.000295529425653229,-8.22511320714161e-17,0.000250243681268584,6.19028925766791e-05,0.000141457996321884,0.000119252259053229,-3.6531862740829e-05,-3.64186535465529e-08,-4.06315302625964e-05,3.9332517822736e-05,-9.57482928744281e-14,-5.03874249120907e-06,-9.86505339100036e-06,0.000112907226954814,0.000233193030451539,1.84036115031325e-05,-6.49986904253917e-06,-1.19409248538295e-05,-0.33037173137534,1.21978199073967e-15,3.45588887101385e-16,-1.28089536221599e-15,-2.63945396630062e-05,-0.550305280751324,1.08906047072929e-05,-1.65253046744366e-05,-2.35444529510236e-15,1.5266439384765e-06,1.07203810372356e-07,1.05732247934201e-16,8.90137590416416e-16,-7.24845332835448e-07,7.76728623687379e-17,1.7597035880664e-16,-3.17559132897893e-16,-5.46665503548073e-16,2.54740710115495e-16,2.28356514737546e-16,4.62170759319364e-16,4.20943139424206e-07,-5.77315624100859e-16,-9.06893411628843e-16,-5.67072197473578e-17,2.7095649026861e-16,3.93859539663677e-07,-2.93377485505738e-16,2.1163626406917e-16,-1.10682233665885e-15,-2.3127391634067e-16,-1.45866007868053e-16,-3.93358046550596e-17,-2.93444363777508e-16
