accepted_species,estimate
Asclepias_cordifolia,-0.3823354426945587
Asclepias_incarnata,-0.3844191402669042
Asclepias_speciosa,-0.3823354426945587
Cicendia_quadrangularis,-0.4188645639979382
Coprosma_foetidissima,-0.33481251545894974
Galium_sylvaticum,-0.41019107432514185
Gentiana_scabra,-0.42095730561417216
Gentianella_amarella,-0.4214257138599883
Plumeria_rubra,-0.3445121598499546
Psychotria_horizontalis,0.27580164159667153
