accepted_species,0,1
t105,0.9298181,0.07018193
t14,0.4016189,0.5983811
t57,0.05101949,0.9489805
t91,0.0028309226,0.9971691
t24,0.08776653,0.9122335
t17,0.79657066,0.20342934
t70,0.23242098,0.767579
t5,0.0014176369,0.99858236
t67,0.54861945,0.45138055
t89,0.9097049,0.09029507
t96,0.8659154,0.13408458
t98,0.9700068,0.02999315
t125,0.08666223,0.91333777
