accepted_species,0,1
t67,0.45526221864143657,0.5447377813585634
t31,0.742445543250841,0.25755445674915906
t2,0.7270583068659057,0.27294169313409433
t94,0.6918187086974319,0.30818129130256816
t87,0.3986265843813852,0.6013734156186148
t66,0.42870453815341025,0.5712954618465897
t83,0.45525506291514484,0.5447449370848552
t12,0.42163414412091027,0.5783658558790897
t81,0.4440227461025632,0.5559772538974368
t43,0.6548480650061258,0.3451519349938742
