accepted_species,0,1
t67,0.5033075945048351,0.4966924054951649
t31,0.5043727492012207,0.4956272507987794
t2,0.505897739241019,0.494102260758981
t94,0.5049674698817295,0.49503253011827053
t87,0.5052862058298643,0.4947137941701357
t66,0.5073353590654761,0.49266464093452395
t83,0.5072294312102256,0.49277056878977443
t12,0.5071474357221155,0.4928525642778845
t81,0.5048430364065122,0.49515696359348776
t43,0.5050048814701238,0.49499511852987615
