accepted_species,0,1
t67,0.9408129651451204,0.0591870348548796
t31,0.848974794550981,0.15102520544901898
t2,0.5370366294684892,0.4629633705315108
t94,0.001586481992223554,0.9984135180077764
t87,0.012869733509467296,0.9871302664905327
t66,0.9544649350848489,0.04553506491515118
t83,0.9875391312412842,0.012460868758715733
t12,0.6092714141366307,0.3907285858633694
t81,0.033019209690340556,0.9669807903096594
t43,0.9172971293952145,0.08270287060478554
