accepted_species,estimate
Coprosma_quadrifida,0.3653208554568015
Exostema_caribaeum,-0.006332187887808226
Geniostoma_rupestre,-0.6436309620704648
Gentiana_lutea,-0.4151892489578348
Gentianella_germanica,-0.4919622694947441
Gentianella_insubrica,-0.39508247328164425
Psychotria_flava,0.23549568121621786
Psychotria_micrantha,0.16222537198406048
Stephanostegia_capuronii,0.30730641120647584
Tabernaemontana_cymosa,0.017888913006154562
