accepted_species,0,1
t61,0.7779372751810658,0.22206272481893413
t36,0.7780946917469789,0.22190530825302118
t76,0.78135603119281,0.21864396880719
t77,0.78135603119281,0.21864396880719
t50,0.7806897245948716,0.21931027540512843
t64,0.7805965738548932,0.21940342614510683
t65,0.7805965738548928,0.21940342614510716
t46,0.773851746826077,0.22614825317392298
t57,0.7737123018173313,0.22628769818266875
t34,0.7742584506066879,0.22574154939331215
