"accepted_species","0","1"
"t9",0.494293630216871,0.505706369783129
"t27",0.792634391988158,0.207365608011842
"t74",0.930486844157447,0.0695131558425534
"t23",0.876411417638719,0.123588582361281
"t15",0.512366716164214,0.487633283835785
"t97",0.00297852292922142,0.997021477070778
"t87",0.991574892887583,0.00842510711241725
"t41",0.0891220141376336,0.910877985862366
"t59",0.0605610625289886,0.939438937471011
"t18",0.15156783461128,0.84843216538872
