accepted_species,0,1
t9,0.15732718,0.8426728
t27,0.76781017,0.23218983
t74,0.6820542,0.31794578
t23,0.9668557,0.033144295
t15,0.49940234,0.50059766
t97,0.058592975,0.941407
t87,0.8600379,0.13996209
t41,0.01694405,0.98305595
t59,0.01694405,0.98305595
t18,0.039455473,0.9605445
