accepted_species,estimate
t16,6.008771012974606
t31,6.0900180186133595
t29,6.090018018613359
t25,6.064039613942767
t10,5.952984898068453
t39,6.218991455152468
t75,6.365285760235079
t76,6.3652857602350785
t72,6.359283962055195
t23,4.989658246688985
