"accepted_species","0","1"
"t32",0.0523694959056095,0.947630504094391
"t2",0.136143560946636,0.863856439053364
"t54",0.079466701947245,0.920533298052755
"t55",0.079466701947245,0.920533298052755
"t91",0.00377372234461824,0.996226277655382
"t26",0.0599576360599162,0.940042363940084
"t41",0.131266047594097,0.868733952405903
"t39",0.131266047594097,0.868733952405903
"t65",0.898441253168148,0.101558746831852
"t12",0.3449027839632,0.6550972160368
