accepted_species,0
t18,-0.034058951425414194
t1,-0.034058951425414194
t22,-0.034058951425414194
t42,-0.034058951425414194
t76,-0.0368166003218467
t93,-0.0368166003218467
t55,-0.034058951425414194
t86,-0.133394115445218
t87,0.820632286198147
t90,0.820632286198147
