accepted_species,0,1
t48,0.9999999999819986,1.8001407124132245e-11
t56,0.9999999999870048,1.2995119627592922e-11
t22,0.999999999950353,4.964690087626126e-11
t10,0.999999999970935,2.906492930929406e-11
t84,0.9998414499201702,0.0001585500798297697
t1,0.999781542491457,0.00021845750854297078
t18,0.9996806393312345,0.00031936066876551647
t27,0.9998091699216111,0.0001908300783889458
t7,0.5815291673459992,0.4184708326540008
t96,0.9934893111637714,0.006510688836228619
