accepted_species,0,1
t48,0.983889999299945,0.016110000700055027
t56,0.9841232450574504,0.015876754942549535
t22,0.9853210360351012,0.014678963964898753
t10,0.9845305692517828,0.015469430748217107
t84,0.9821012623751311,0.017898737624868957
t1,0.9817166372197799,0.0182833627802201
t18,0.9826663096005763,0.017333690399423656
t27,0.9821155146947971,0.01788448530520298
t7,0.8259319028693008,0.17406809713069912
t96,0.9852342627756959,0.014765737224304121
