accepted_species,0,1
t48,0.99869186,0.0013081677
t56,0.99869186,0.0013081677
t22,0.99869186,0.0013081677
t10,0.99869186,0.0013081677
t84,0.9968018,0.0031982271
t1,0.9968018,0.0031982271
t18,0.9968018,0.0031982271
t27,0.9968018,0.0031982271
t7,0.987525,0.012475017
t96,0.99600935,0.003990627
