accepted_species,estimate
t48,-0.18077481279445276
t72,-0.18531973324021425
t31,-0.35720565464050197
t75,0.39144412507482423
t76,0.3217819436938281
t65,-0.09559056144588465
t80,0.13674869931033026
t70,0.13676343942636313
t47,-0.028950639526044347
t27,-0.18850034317656747
