"accepted_species","estimate"
"t48",-0.0196366745907254
"t72",-0.158758024099968
"t31",-0.0153932696045809
"t75",-0.0944999795844284
"t76",-0.0944999795844284
"t65",-0.0351695868426874
"t80",0.31051324048835
"t70",0.113311207910914
"t47",-0.0170140472094284
"t27",-0.0153008774772642
