accepted_species,0,1
t62,0.9803982,0.019601839
t63,0.93803436,0.061965663
t70,0.87662303,0.12337698
t74,0.9836058,0.016394218
t87,0.99071443,0.00928557
t92,0.965911,0.034089047
t95,0.93803436,0.061965663
t113,0.98302907,0.016970936
t114,0.98302907,0.016970936
t115,0.9405134,0.059486635
