accepted_species,0,1
t173,0.5631523271931885,0.43684767280681147
t201,0.5627650063641876,0.4372349936358125
t208,0.5636342704680781,0.43636572953192193
t209,0.5634621551116323,0.4365378448883676
t240,0.5655833785934228,0.4344166214065772
t266,0.5634395323977488,0.43656046760225126
t276,0.563665702135369,0.43633429786463096
t289,0.5657795590005656,0.43422044099943435
t294,0.5656965725124233,0.43430342748757667
t295,0.565698165761823,0.434301834238177
