accepted_species,0,1
t173,0.40999578865017794,0.5900042113498221
t201,0.07436916256237658,0.9256308374376234
t208,0.15932523430070888,0.8406747656992911
t209,0.15828859336625678,0.8417114066337432
t240,0.8145186823058239,0.18548131769417608
t266,0.5113632783156996,0.48863672168430045
t276,0.10422729260229457,0.8957727073977054
t289,0.9195428357395005,0.08045716426049954
t294,0.8331958813913442,0.16680411860865582
t295,0.8731441235024235,0.12685587649757643
