accepted_species,0,1
t173,0.5222222222222221,0.4777777777777778
t201,0.5222222222222221,0.4777777777777778
t208,0.5222222222222221,0.4777777777777778
t209,0.5222222222222221,0.4777777777777778
t240,0.5222222222222221,0.4777777777777778
t266,0.5222222222222221,0.4777777777777778
t276,0.0,1.0
t289,1.0,0.0
t294,0.5222222222222221,0.4777777777777778
t295,0.5222222222222221,0.4777777777777778
