accepted_species,0,1
t173,0.45792687,0.54207313
t201,0.42120725,0.57879275
t208,0.46074998,0.53925
t209,0.434209,0.565791
t240,0.4383046,0.5616954
t266,0.41942412,0.5805759
t276,0.45216173,0.5478383
t289,0.513576,0.48642403
t294,0.45589995,0.54410005
t295,0.45589995,0.54410005
