accepted_species,estimate
t57,-0.49277034
t74,-0.24601674
t37,0.53974193
t3,-1.7337606
t18,-1.1173296
t88,1.0799981
t34,0.49431646
t63,-0.08803591
t86,0.8052221
t51,1.236638
