accepted_species,estimate
t57,-0.46455416
t74,0.05471999
t37,0.043953992
t3,-1.140332
t18,-1.0716951
t88,0.8345706
t34,0.8185347
t63,0.47811183
t86,0.49555004
t51,0.6963797
