accepted_species,0,1
Asclepias_viridis,0.0030893683,0.99691063
Gentiana_algida,0.44069558,0.5593044
Gentianopsis_paludosa,0.114831805,0.8851682
Galium_bifolium,0.06900203,0.93099797
Galium_mollugo,0.936694,0.06330599
Galium_saxatile,0.6354362,0.36456385
Galium_tinctorium,0.08861381,0.9113862
Sherardia_arvensis,0.074810326,0.9251897
Cynanchica_pyrenaica,0.13035876,0.86964124
Coprosma_petriei,0.65383935,0.34616068
