"accepted_species","estimate"
"t19",1.19129184308563
"t100",0.424969941375508
"t134",0.916521522037999
"t132",-0.00984252901753406
"t63",0.207984513055115
"t64",0.207984513055115
"t45",0.238831489986641
"t42",0.159273592480862
"t115",-0.872934914927222
"t96",0.0548159317950798
"t130",1.11367409431008
"t37",0.778571178229734
"t38",0.778571178229734
