"accepted_species","estimate"
"t70",-0.1901581298824
"t29",0.375194528449266
"t55",0.393600807774882
"t59",0.00605802243552409
"t37",-0.213201735631494
"t96",0.222261633149661
"t81",-0.362283912159542
"t14",-0.12866328819412
"t17",-1.39347138004362
"t87",-2.88436392207383
