accepted_species,estimate
t70,-0.34665206
t29,0.09272134
t55,0.4681443
t59,0.24860239
t37,-0.13586184
t96,0.08762935
t81,-0.19815555
t14,-0.06748515
t17,-1.8190771
t87,-2.5612288
