"accepted_species","0","1"
"t67",0.991214969815949,0.00878503018405104
"t96",0.998453467861039,0.00154653213896132
"t81",0.996012420111477,0.00398757988852351
"t56",0.854457990934193,0.145542009065807
"t38",0.583169466785923,0.416830533214077
"t70",0.831831013001316,0.168168986998684
"t80",0.0105870668441744,0.989412933155826
"t69",0.0398330592247759,0.960166940775224
"t65",0.0749642266410425,0.925035773358957
"t83",0.028121365951869,0.971878634048131
