accepted_species,0,1
Oncinotis_glabrata,0.6933261988557886,0.30667380114421133
Peponidium_viguieri,0.9861587210917321,0.013841278908267904
Stephanotis_stelostigma,0.69635301064601,0.30364698935399004
Tabernaemontana_brasiliensis,0.71948070428633,0.2805192957136699
Machaonia_martinicensis,0.9763158649660846,0.02368413503391539
Lomatogonium_graciliflorum,0.8288683861034181,0.17113161389658188
Psychotria_exilis,0.9786181268909693,0.021381873109030714
Manettia_zimapanica,0.9760652137514925,0.02393478624850759
Spermacoce_tenuior,0.9775959815306142,0.022404018469385792
Ophiorrhiza_lancilimba,0.9676590241607487,0.03234097583925132
