accepted_species,0,1
t9,0.864508,0.13549204
t10,0.864508,0.13549204
t18,0.69467014,0.30532986
t29,0.85149115,0.14850883
t38,0.8207134,0.1792866
t58,0.8239276,0.17607243
t71,0.9004078,0.09959221
t72,0.9004078,0.09959221
t73,0.8239276,0.17607243
t78,0.89789987,0.10210016
t83,0.8925619,0.10743807
t110,0.7710536,0.2289464
t126,0.8821133,0.11788672
t130,0.88251024,0.11748975
t158,0.8797676,0.12023239
t168,0.55908394,0.44091606
t169,0.55908394,0.44091606
