accepted_species,0
t28,-0.03536321681908135
t61,-0.03536321681908135
t62,-0.03536321681908135
t39,-0.03536321681908135
t49,-0.03536321681908135
t63,-0.03536321681908135
t41,-0.03536321681908135
t58,-0.03536321681908135
t56,-0.03536321681908135
t22,-0.03536321681908135
