"","Alpha","Theta"
"1",1.31606989917184,4.72174793016165
