accepted_species,estimate
t40,-0.105780676
t71,-0.1117441
t99,-0.10472741
t100,-0.10472741
t95,-0.10472741
t88,-0.09126687
t74,-0.13262618
t93,-0.1117441
t20,-0.1117441
t21,-0.1117441
