accepted_species,estimate
t40,-0.23396966
t71,-0.0810226
t99,0.51537746
t100,0.51537746
t95,0.51537746
t88,-0.25852686
t74,-0.3725164
t93,-0.29132736
t20,0.08284836
t21,0.08284836
