accepted_species,estimate
t54,-0.3883489
t200,-0.16445793
t201,-0.16445793
t113,-0.28461063
t114,0.14682733
t182,-0.54462034
t122,-0.04223956
t88,-0.7491074
t93,-0.6024145
t56,-0.69063336
t151,-0.90304404
t89,-0.9830159
t65,-0.9389923
t109,-0.0178791
t168,-0.27289107
t38,-0.094464414
t188,-0.07467833
t73,0.022180326
t80,0.017171511
t178,-0.24773335
