accepted_species,0,1
t13,,
t18,,
t21,1.0,0.0
t23,1.0,0.0
t37,,
t48,0.0,1.0
t67,0.0,1.0
t74,0.0,1.0
t83,0.0,1.0
t91,0.11679784361277945,0.8832021563872205
t104,0.0,1.0
t116,0.0,1.0
