accepted_species,0,1
t12,0.6454534309313715,0.3545465690686284
t13,0.6454889690262726,0.35451103097372744
t51,0.6454841788754759,0.3545158211245241
t52,0.6454990436143634,0.3545009563856366
t22,0.6454815411040908,0.3545184588959091
t71,0.6457297526566095,0.35427024734339047
t8,0.6457100146112298,0.3542899853887702
t91,0.6457638704380709,0.35423612956192907
t92,0.6458051438538988,0.3541948561461013
t16,0.6458720600361619,0.35412793996383807
