accepted_species,0,1
t4,0.056066692,0.9439333
t7,0.05958563,0.94041437
t25,0.8657748,0.13422517
t35,0.08815217,0.91184783
t61,0.6936544,0.30634558
t67,0.08279276,0.91720724
t69,0.33227277,0.66772723
t79,0.057183504,0.9428165
t93,0.057183504,0.9428165
t96,0.13880146,0.86119854
t103,0.19102561,0.8089744
t106,0.71257186,0.2874281
t115,0.9223827,0.07761732
t127,0.2352221,0.7647779
t150,0.08012658,0.9198734
t153,0.11689681,0.8831032
