accepted_species,0,1
t4,0.110340714,0.8896593
t7,0.17016023,0.82983977
t25,0.46689093,0.53310907
t35,0.37357366,0.62642634
t61,0.19771338,0.8022866
t67,0.07254332,0.9274567
t69,0.26284808,0.7371519
t79,0.06286442,0.9371356
t93,0.06948984,0.93051016
t96,0.80094516,0.19905485
t103,0.0899415,0.9100585
t106,0.6558704,0.34412962
t115,0.99452513,0.0054748645
t127,0.23321062,0.7667894
t150,0.00570637,0.99429363
t153,0.0443812,0.9556188
