accepted_species,0,1
Asclepias_asperula,0.09122433240675731,0.9087756675932427
Cicendia_quadrangularis,0.8385058500659559,0.16149414993404412
Gentiana_pyrenaica,0.5943659937021368,0.4056340062978631
Halenia_elliptica,0.68906937567868,0.31093062432132
Phyllangium_divergens,0.983159181431139,0.01684081856886104
Diodia_virginiana,0.5400726896011188,0.4599273103988812
Galium_album,0.4584598391124838,0.5415401608875162
Galium_concinnum,0.4600129202067511,0.5399870797932489
Leichhardtia_australis,0.767490419799224,0.23250958020077594
Centaurium_tenuiflorum,0.8681339560330364,0.13186604396696355
