accepted_species,0,1
Diodia_virginiana,0.8585236,0.14147636
Stenaria_nigricans,0.8585236,0.14147636
Kohautia_caespitosa,0.8585236,0.14147636
Kohautia_tenuis,0.8585236,0.14147636
Mitracarpus_hirtus,0.8585236,0.14147636
Richardia_humistrata,0.8585236,0.14147636
Richardia_stellaris,0.8585236,0.14147636
Spermacoce_chaetocephala,0.8585236,0.14147636
Spermacoce_quadrisulcata,0.8585236,0.14147636
Spermacoce_radiata,0.8585236,0.14147636
