accepted_species,0,1
t25,1.397908062639175e-07,0.9999998602091937
t305,0.00020477718609868134,0.9997952228139013
t289,0.0002627399156206467,0.9997372600843794
t275,0.0005772915769375331,0.9994227084230625
t204,9.199676950855107e-05,0.9999080032304914
t361,0.017875371169828957,0.982124628830171
t481,1.0821226862467448e-05,0.9999891787731375
t422,0.00017951531544069255,0.9998204846845593
t451,0.00010623051943470241,0.9998937694805653
t408,6.263559051100653e-05,0.999937364409489
t429,3.361836461157619e-05,0.9999663816353884
t449,1.4109388015715041e-05,0.9999858906119843
t450,7.39503925772933e-06,0.9999926049607423
t182,5.6091968591354124e-05,0.9999439080314086
t91,2.6654270510850786e-05,0.9999733457294891
t99,6.403961864132057e-06,0.9999935960381359
t229,2.919562607006654e-06,0.999997080437393
t461,0.9820711449014435,0.01792885509855645
t323,0.9615649879919146,0.03843501200808544
t487,0.30979925216640336,0.6902007478335966
t360,0.31762223836093706,0.6823777616390629
t410,0.13812633817774,0.86187366182226
t455,0.09416690942922112,0.9058330905707789
t219,0.00029617990630059765,0.9997038200936994
t66,2.4586661681036404e-06,0.9999975413338319
t178,1.1468887333165867e-06,0.9999988531112667
t391,0.0033074059247417686,0.9966925940752582
t478,0.0016271850231845963,0.9983728149768154
t388,0.0007718249301937874,0.9992281750698062
t121,2.81044395222807e-06,0.9999971895560478
t76,2.070601555437257e-06,0.9999979293984446
t54,7.953475473110316e-06,0.9999920465245269
t315,0.19177242198571853,0.8082275780142815
t265,0.13626646780036367,0.8637335321996363
t132,0.0002402858621082249,0.9997597141378918
t139,0.0001768998368776309,0.9998231001631224
t398,0.00013384307536723483,0.9998661569246328
t191,0.0001923317793196544,0.9998076682206803
t318,0.0001421593381353281,0.9998578406618647
t213,0.00020029334812521338,0.9997997066518748
t131,0.00022577889671882012,0.9997742211032812
t263,0.00019894913868689912,0.9998010508613131
t234,0.0001997663303607844,0.9998002336696392
t358,8.275009874159078e-05,0.9999172499012584
t184,0.001329550963245607,0.9986704490367544
t162,0.0015765076607786588,0.9984234923392213
t249,0.00011617917086781393,0.9998838208291322
t31,1.2110522547015279e-06,0.9999987889477453
t32,1.2156253159645303e-06,0.999998784374684
t18,1.162843979329864e-06,0.9999988371560207
