accepted_species,estimate
t175,0.004424183
t167,0.004424183
t168,0.004424183
t189,0.004424183
t89,0.004424183
t142,0.004424183
t143,0.004424183
t59,0.33048037
t70,0.2486709
t91,0.2486709
t19,0.004424183
t85,-0.113264516
t185,-0.9928222
t36,0.21279971
t114,-0.113264516
t80,0.35444507
t97,0.004424183
t81,-0.113264516
t74,-0.16915326
