accepted_species,0,1
t51,0.3397550617615872,0.6602449382384128
t43,0.364662972725061,0.635337027274939
t45,0.0008581308822496192,0.9991418691177504
t4,0.04379765942961911,0.9562023405703809
t52,0.13753970821329697,0.862460291786703
t61,0.0027651626342553026,0.9972348373657447
t7,0.004534952633366562,0.9954650473666334
t93,0.011936405488206736,0.9880635945117933
t15,0.014801099410273744,0.9851989005897263
t75,0.015957961017287414,0.9840420389827126
