accepted_species,0,1
t51,0.13366967923243311,0.8663303207675669
t43,0.20160621272715884,0.7983937872728412
t45,0.039418436821163416,0.9605815631788366
t4,0.04082282039479457,0.9591771796052054
t52,0.039293492369977034,0.960706507630023
t61,0.03982125564453132,0.9601787443554687
t7,0.04017095817383465,0.9598290418261654
t93,0.04163380306461617,0.9583661969353838
t15,0.04219592880250189,0.9578040711974981
t75,0.04208533683813709,0.9579146631618629
