accepted_species,0,1
t51,0.03739786,0.96260214
t43,0.11939019,0.8806098
t45,0.0060370564,0.99396294
t4,0.00022643805,0.99977356
t52,0.047308803,0.9526912
t61,0.0018274784,0.9981725
t7,0.0018274784,0.9981725
t93,0.0010882616,0.99891174
t15,0.0025808811,0.9974191
t75,0.0025808811,0.9974191
