accepted_species,0,1
t42,0.37998098138024217,0.6200190186197578
t63,0.37978573364318746,0.6202142663568125
t76,0.37998098138024217,0.6200190186197578
t108,0.37998098138024217,0.6200190186197578
t110,0.38004095647861036,0.6199590435213896
t112,0.37998098138024217,0.6200190186197578
t113,0.37998098138024217,0.6200190186197578
t130,0.37978573364318746,0.6202142663568125
t135,0.37978573364318746,0.6202142663568125
t136,0.37978573364318746,0.6202142663568125
