accepted_species,0,1
t18,0.9788410395556101,0.02115896044438987
t44,0.9666833185759084,0.033316681424091596
t51,0.9559214744662846,0.04407852553371536
t63,0.955773166037184,0.04422683396281597
t83,0.9880691469222379,0.011930853077762085
t90,0.9588775215883742,0.04112247841162576
t96,0.9793741908009476,0.020625809199052474
t114,0.9521252558407882,0.04787474415921174
t118,0.9802430192381939,0.019756980761806132
t122,0.9522938315231148,0.047706168476885295
