accepted_species,0,1
t33,0.9682322988500888,0.03176770114991128
t79,0.9682224844684846,0.031777515531515414
t69,0.9683554661109894,0.03164453388901055
t20,0.9682455012468307,0.031754498753169325
t34,0.9682091278271052,0.03179087217289482
t18,0.9682155226745444,0.03178447732545565
t59,0.9697592598111949,0.03024074018880508
t86,0.9696228420937943,0.03037715790620565
t64,0.9666383208358126,0.033361679164187426
t71,0.9676875589089181,0.03231244109108192
