accepted_species,0,1
t33,0.9999529228049888,4.707719501121372e-05
t79,0.9960490956315348,0.003950904368465262
t69,0.9999999948113284,5.188671614758978e-09
t20,0.9999999943668474,5.63315262030484e-09
t34,0.9999999959447144,4.05528558848896e-09
t18,0.9999999959560515,4.043948465888638e-09
t59,0.7193889596865501,0.2806110403134499
t86,0.734241848609575,0.2657581513904251
t64,0.9524662932462775,0.047533706753722496
t71,0.958808485732154,0.041191514267846
