accepted_species,0,1
t73,0.8138034501724931,0.18619654982750683
t24,0.2042819881957234,0.7957180118042766
t53,0.7707737212669296,0.22922627873307042
t30,0.30301408994757684,0.6969859100524232
t68,0.4712976166528574,0.5287023833471426
t93,0.17153053441939548,0.8284694655806045
t58,0.8144624770301211,0.18553752296987894
t64,0.8196427497331958,0.18035725026680413
t16,0.612061707756028,0.3879382922439721
t62,0.2328644135588469,0.7671355864411531
