"accepted_species","0","1"
"t59",0.576160964041821,0.423839035958179
"t60",0.554211369363937,0.445788630636063
"t67",0.573653493774061,0.426346506225939
"t68",0.573653493774061,0.426346506225939
"t74",0.576160964041823,0.423839035958177
"t75",0.576160964041823,0.423839035958177
"t94",0.346229036691131,0.653770963308869
"t103",0.44978902349878,0.55021097650122
"t104",0.44978902349878,0.55021097650122
"t109",0.245850011394029,0.754149988605971
