accepted_species,0,1
t59,0.6128629,0.38713712
t60,0.8238941,0.17610593
t67,0.8238941,0.17610593
t68,0.8238941,0.17610593
t74,0.6128629,0.38713712
t75,0.6128629,0.38713712
t94,0.31633925,0.68366075
t103,0.7772721,0.2227279
t104,0.8238941,0.17610593
t109,0.3828355,0.6171645
