accepted_species,0,1
t4,0.66803586,0.33196416
t29,0.6592366,0.3407634
t32,0.67119133,0.32880864
t36,0.6592366,0.3407634
t42,0.56514764,0.43485236
t50,0.6592366,0.3407634
t60,0.55191135,0.44808862
t62,0.55191135,0.44808862
t68,0.56514764,0.43485236
t69,0.55191135,0.44808862
t71,0.56514764,0.43485236
t105,0.5719793,0.4280207
t112,0.6592366,0.3407634
t120,0.56514764,0.43485236
t121,0.56514764,0.43485236
