accepted_species,0,1
Solenandra_mexicana,0.8567325,0.14326753
Woodia_mucronata,0.8965134,0.10348659
Asclepias_stathmostelmoides,0.898101,0.101899035
Sericanthe_andongensis,0.86263984,0.13736016
Cyclophyllum_rostellatum,0.8585721,0.14142787
Hedyotis_shoolamudi,0.8752819,0.124718115
Faramea_foreroana,0.87165475,0.12834525
Timonius_sylvestris,0.84119725,0.15880278
Malanea_obovata,0.82673514,0.17326489
Warszewiczia_cordata,0.8653934,0.13460663
