accepted_species,0
t12,
t7,
t107,
t85,
t159,
t66,
t94,-0.2744895984395207
t112,
t21,
t263,0.679065855085046
t183,0.469513000424822
t174,
t36,
t177,0.8791532955740965
t61,
t260,-0.40431002562245943
t196,0.248515556231347
t91,
t22,-0.173492980068019
t163,
t204,0.5673775584867555
t223,0.7219350280310751
t134,
t170,
t192,-0.712407483838024
t135,
