accepted_species,estimate
t12,0.67761064
t7,0.44901255
t107,-1.3841902
t85,-1.3026106
t159,-1.3097053
t66,-0.020648442
t94,-0.32518536
t112,-0.969314
t21,0.38770238
t263,0.55266744
t183,0.3793572
t174,-0.08534929
t36,1.2607739
t177,0.72724104
t61,0.7897742
t260,-0.18685047
t196,0.11942427
t91,-0.6917223
t22,-0.3828763
t163,-1.324533
t204,0.7527466
t223,0.71392775
t134,0.007848428
t170,0.31789058
t192,-0.8806927
t135,-0.90056694
