accepted_species,estimate
t44,0.49813315
t16,0.5270116
t22,-0.07501146
t60,0.35943067
t70,-0.21402657
t96,-0.21402657
t82,-0.49990344
t24,1.8192046
t53,1.7893654
t57,-2.279188
