"accepted_species","estimate"
"t5",-0.114234088605295
"t33",-0.107251455829848
"t14",-0.111668096948436
"t43",-0.175679001619624
"t72",-0.166604910219107
"t32",-0.166911121462673
"t11",-0.136155457156545
"t19",-0.137855098459956
"t34",-0.148815234740215
"t17",-0.141251197361679
