accepted_species,estimate
t5,-0.25726622
t33,0.1938574
t14,-0.31962618
t43,-0.47867337
t72,-0.3813971
t32,-0.58339673
t11,-0.5712529
t19,-0.6165685
t34,-0.47721857
t17,-0.64622647
