accepted_species,0,1
t81,0.8244749240219098,0.17552507597809017
t83,0.8312523559015079,0.16874764409849202
t28,0.1676833020551345,0.8323166979448655
t25,0.42780349385241734,0.5721965061475827
t52,0.4577444723339935,0.5422555276660065
t62,0.8598657219316705,0.14013427806832945
t44,0.8362151943733191,0.16378480562668088
t61,0.8272704647875113,0.17272953521248863
t67,0.8339473916481598,0.16605260835184024
t54,0.8601219256773713,0.1398780743226287
