accepted_species,0,1
t50,0.9989015,0.0010984961
t52,0.9989015,0.0010984961
t31,0.99953437,0.00046561836
t67,0.998444,0.0015559759
t100,0.99866074,0.0013392626
t28,0.99949276,0.0005072182
t32,0.9941832,0.005816793
t96,0.99577886,0.0042211283
t46,0.9954033,0.0045967144
t51,0.9954033,0.0045967144
