accepted_species,0,1
t297,0.8316876276743417,0.1683123723256583
t302,0.8084207346342055,0.1915792653657945
t311,0.8565961851711794,0.14340381482882056
t327,0.8564706331061874,0.1435293668938126
t369,0.8328237596842232,0.16717624031577685
t380,0.8318458847736622,0.16815411522633786
t398,0.8344126258454219,0.16558737415457814
t401,0.8344283511158891,0.1655716488841109
t424,0.8571298217186474,0.14287017828135268
t425,0.8571311433540536,0.14286885664594637
