accepted_species,0,1
t297,0.819572,0.18042804
t302,0.8988831,0.1011169
t311,0.9956204,0.0043795747
t327,0.9928477,0.0071523245
t369,0.87301356,0.12698643
t380,0.7765363,0.22346371
t398,0.86716306,0.13283691
t401,0.800409,0.19959098
t424,0.9967419,0.003258114
t425,0.9967419,0.003258114
