accepted_species,0,1
t297,0.87144387,0.12855616
t302,0.7416619,0.2583381
t311,0.89982486,0.10017514
t327,0.8934308,0.10656918
t369,0.7992301,0.20076993
t380,0.87144387,0.12855616
t398,0.8623712,0.1376288
t401,0.8623712,0.1376288
t424,0.8744665,0.12553354
t425,0.9068651,0.093134865
