accepted_species,estimate
t45,0.015174140868742381
t68,0.014671706147251379
t6,0.03638553070217871
t60,0.5048948433540165
t3,-0.01952800494164328
t55,-0.5011453566119864
t27,-0.4477141730547114
t22,-0.4461469438972025
t40,-0.01883219019489838
t13,0.14448860101775082
