"accepted_species","estimate"
"t99",-1.0194730631149
"t100",-1.0194730631149
"t29",-0.899312356830681
"t77",-0.796234831353643
"t25",-0.854192821646271
"t39",-0.0365352255364801
"t13",-0.12908505785225
"t38",-0.280108339467408
"t59",-0.27846326783394
"t17",-0.328689798078496
