accepted_species,estimate
t73,0.18752958149743326
t21,1.88298415478802
t24,1.8901064807353352
t78,0.9814124072914312
t54,-1.5675764626896342
t3,0.6220346571626352
t6,-0.7288845090359887
t57,-0.996720087962947
t32,0.9733694494626005
t18,-0.8614964837633993
