accepted_species,estimate
t7,-0.4617128325033441
t59,-1.386356341272398
t60,-1.386356341272398
t64,-0.671321992114903
t62,-0.664162755759746
t87,-0.664162755759746
t88,-0.664162755759746
t97,-0.6441831582259976
t98,-0.6441831582259978
t30,-0.6441831582259978
