accepted_species,estimate
t7,0.48860422
t59,-1.0683621
t60,-1.0683621
t64,-0.3820307
t62,-0.3820307
t87,-0.3820307
t88,-0.3820307
t97,-1.0683621
t98,-1.0683621
t30,-1.0683621
