accepted_species,estimate
t90,-0.2570917217595887
t76,-0.25790120335817623
t31,-0.24641358765245863
t25,-0.234715763384063
t40,-0.28011275055772245
t63,0.4244128368153214
t43,0.6106700318014167
t48,0.026856716138133924
t70,0.0193166235178074
t18,0.4551398915445499
