accepted_species,0,1
Palicourea_sipapoensis,0.9766438,0.023356175
Gynochthodes_kanalensis,0.9766438,0.023356175
Hedythyrsus_spermacocinus,0.98682195,0.0131780505
Asperula_glomerata,0.98682195,0.0131780505
Leptodermis_virgata,0.98682195,0.0131780505
Palicourea_chaponiana,0.9766438,0.023356175
Crucianella_patula,0.98682195,0.0131780505
Lasianthus_vulcanicus,0.98682195,0.0131780505
Damnacanthus_macrophyllus,0.9766438,0.023356175
Oldenlandia_dusenii,0.98682195,0.0131780505
