accepted_species,0,1
Palicourea_sipapoensis,0.9964449,0.0035551297
Gynochthodes_kanalensis,0.9964449,0.0035551297
Hedythyrsus_spermacocinus,0.9964449,0.0035551297
Asperula_glomerata,0.9964449,0.0035551297
Leptodermis_virgata,0.9964449,0.0035551297
Palicourea_chaponiana,0.9964449,0.0035551297
Crucianella_patula,0.9964449,0.0035551297
Lasianthus_vulcanicus,0.9964449,0.0035551297
Damnacanthus_macrophyllus,0.9964449,0.0035551297
Oldenlandia_dusenii,0.9964449,0.0035551297
