accepted_species,0,1
t55,0.97063583,0.029364152
t53,0.66586804,0.33413193
t62,0.66586804,0.33413193
t83,0.13197756,0.86802244
t84,0.13197756,0.86802244
t61,0.89002395,0.109976076
t79,0.9723968,0.02760322
t80,0.9723968,0.02760322
t49,0.97969234,0.02030763
t34,0.9723968,0.02760322
