accepted_species,estimate
t6,0.055291753877710084
t80,0.7495540206146745
t25,-1.3006877313152876
t10,-0.7149964110168645
t64,-1.0805370542309196
t52,-1.2761859615664684
t9,0.11549933015560901
t85,0.6202508518738542
t89,0.7060306842029045
t36,0.389185428369713
