accepted_species,0,1
t82,0.65163195,0.34836805
t74,0.5509669,0.44903308
t92,0.65163195,0.34836805
t53,0.65163195,0.34836805
t79,0.5509669,0.44903308
t67,0.65163195,0.34836805
t14,0.65163195,0.34836805
t16,0.5509669,0.44903308
t25,0.5509669,0.44903308
t13,0.5509669,0.44903308
