accepted_species,0,1
t111,0.05555555555555558,0.9444444444444444
t121,0.05555555555555558,0.9444444444444444
t123,0.05555555555555558,0.9444444444444444
t132,0.05555555555555558,0.9444444444444444
t142,0.05555555555555558,0.9444444444444444
t164,0.05555555555555558,0.9444444444444444
t201,0.0,1.0
t208,1.0,0.0
t224,0.0,1.0
t228,0.0,1.0
