accepted_species,0,1
t175,0.8779062,0.122093804
t225,0.9121002,0.087899774
t234,0.93460715,0.06539285
t264,0.8498536,0.15014641
t286,0.9519828,0.048017193
t292,0.8965643,0.1034357
t306,0.8498536,0.15014641
t308,0.9131899,0.08681013
t314,0.8965643,0.1034357
t324,0.9131899,0.08681013
