accepted_species,0,1
t175,0.8863517,0.11364831
t225,0.7651913,0.23480868
t234,0.86307716,0.13692284
t264,0.7651913,0.23480868
t286,0.90427494,0.09572503
t292,0.8133799,0.1866201
t306,0.8955065,0.10449352
t308,0.8906706,0.10932938
t314,0.8133799,0.1866201
t324,0.872486,0.12751403
