accepted_species,0,1
Cruciata_laevipes,0.5666666666666667,0.43333333333333335
Galium_bifolium,0.5666666666666667,0.43333333333333335
Galium_circaezans,0.776792338828016,0.22320766117198404
Galium_mollugo,0.6657154849334619,0.3342845150665381
Galium_saxatile,0.8996232016360446,0.10037679836395547
Galium_sterneri,0.5666666666666667,0.43333333333333335
Galium_tinctorium,0.5666666666666667,0.43333333333333335
Galium_triflorum,0.8,0.2
Mitchella_repens,0.5666666666666667,0.43333333333333335
Spermacoce_radiata,0.5666666666666667,0.43333333333333335
