accepted_species,0,1
Cruciata_laevipes,0.54039466,0.45960534
Galium_bifolium,0.51615155,0.48384842
Galium_circaezans,0.7579984,0.24200161
Galium_mollugo,0.74183106,0.25816897
Galium_saxatile,0.6340745,0.3659255
Galium_sterneri,0.51615155,0.48384842
Galium_tinctorium,0.51210415,0.48789585
Galium_triflorum,0.7579984,0.24200161
Mitchella_repens,0.47544545,0.52455455
Spermacoce_radiata,0.42082727,0.57917273
