accepted_species,estimate
Blackstonia_perfoliata,-0.23488249587763227
Centaurium_pulchellum,-0.23488249587763227
Chironia_linoides,-0.23307744984060258
Cicendia_quadrangularis,-0.23488249587763227
Exacum_affine,-0.23307744984060258
Gentiana_clusii,-0.236879520491162
Gentiana_lutea,-0.236879520491162
Gentiana_triflora,-0.236879520491162
Gentiana_utriculosa,-0.23687952049116162
Gentianella_parviflora,-0.2419304214264042
