accepted_species,estimate
Asclepias_speciosa,-0.5423527028883408
Centaurium_erythraea,-0.6351887077082404
Coprosma_propinqua,-0.22191877828915516
Galium_album,-0.41803896556098885
Galium_uliginosum,-0.4176095029809963
Gentiana_scabra,-0.5899890088707689
Guettarda_uruguensis,0.2247846734796464
Randia_hebecarpa,0.19053686745367784
Tabernaemontana_cymosa,0.4047978609929517
Vinca_major,0.23527967831916666
