accepted_species,estimate
Asclepias_speciosa,-0.3302959122532513
Centaurium_erythraea,-0.42285927233706194
Coprosma_propinqua,-0.2877515969321394
Galium_album,-0.41620197481953547
Galium_uliginosum,-0.41395130124598534
Gentiana_scabra,-0.4206997257278634
Guettarda_uruguensis,0.8935605405549818
Randia_hebecarpa,0.18980497881031982
Tabernaemontana_cymosa,0.6784053259334294
Vinca_major,-0.39018329292324727
