"accepted_species","estimate"
"t49",-0.225083422310165
"t53",-1.11723947958568
"t88",1.11674758848266
"t89",1.11674758848266
"t24",0.473761286085722
"t92",1.33769872942302
"t48",1.0531399372062
"t32",-0.0700439870010032
"t21",0.0193955077707385
"t116",0.945877790299429
"t37",-0.208412280588837
"t120",-0.570131430816727
"t78",-1.04081501650079
