accepted_species,0,1
t70,0.4026001,0.5973999
t78,0.27950877,0.72049123
t85,0.29573482,0.7042652
t105,0.30403298,0.695967
t134,0.2933572,0.7066428
t154,0.2844603,0.7155397
t158,0.18910289,0.8108971
t161,0.19020939,0.8097906
t168,0.35082746,0.64917254
t176,0.27402276,0.72597724
