accepted_species,estimate
t67,-1.7583433
t85,-1.5374397
t50,0.1755516
t40,0.66427505
t73,-0.10514485
t43,-0.13302821
t6,0.10282206
t80,0.29573393
t68,0.45792517
t69,0.3730673
