accepted_species,0,1
t110,0.9999930202860609,6.97971393909481e-06
t136,0.9999921248882135,7.875111786413491e-06
t145,0.9999928121764766,7.187823523417132e-06
t169,0.9999934719941148,6.528005885228208e-06
t172,0.9999933503745673,6.6496254327581984e-06
t173,0.9999923383532696,7.661646730411737e-06
t190,0.9999922669506266,7.733049373367074e-06
t191,0.9999920556214006,7.944378599453327e-06
t215,0.9999927777228952,7.2222771047959215e-06
t216,0.9999926574024266,7.342597573431834e-06
