accepted_species,0,1
t71,0.33379521759426556,0.6662047824057344
t44,0.1540638940994492,0.8459361059005508
t93,0.10947141663196758,0.8905285833680324
t79,0.0936699106211375,0.9063300893788625
t28,0.3266010221639887,0.6733989778360113
t84,0.5212422016810505,0.47875779831894943
t99,0.4456648156893167,0.5543351843106833
t68,0.830780564166307,0.169219435833693
t52,0.8928765618606564,0.10712343813934357
t57,0.896622295857946,0.10337770414205402
