accepted_species,estimate
t189,0.1617497
t170,0.06577427
t99,0.07063989
t164,0.07790252
t131,0.07790252
t181,0.051537286
t113,0.18974921
t187,0.28254604
t98,0.25563005
t75,0.041425858
t14,-0.13596077
t110,-0.21681401
t62,-0.19497424
t177,-0.2117176
t86,-0.16934712
t108,-0.16934712
t23,-0.18987784
t102,0.20770615
t178,0.22676054
t192,-0.17513928
