"accepted_species","0","1"
"t61",0.605680222791252,0.394319777208749
"t81",0.661378634586894,0.338621365413106
"t86",0.647269172120129,0.352730827879871
"t105",0.430219225983886,0.569780774016114
"t122",0.458619874379033,0.541380125620967
"t150",0.92654853151433,0.07345146848567
"t153",0.916736125405474,0.0832638745945256
"t155",0.929809339878508,0.0701906601214919
"t157",0.949063588629638,0.0509364113703623
"t169",0.991138405230948,0.00886159476905181
