accepted_species,0,1
t61,0.6478054372865545,0.35219456271344557
t81,0.6577645226109112,0.3422354773890887
t86,0.7446001331418037,0.2553998668581962
t105,0.5110775492586959,0.4889224507413042
t122,0.4215149244734345,0.5784850755265655
t150,0.8139371045041105,0.1860628954958895
t153,0.6179575624856459,0.3820424375143541
t155,0.8501946479072822,0.14980535209271784
t157,0.7547488663909191,0.2452511336090809
t169,0.8406903042059086,0.15930969579409143
