"accepted_species","0","1"
"t61","0.544142231891827","0.455857768108173"
"t81","0.762718870137851","0.237281129862149"
"t86","0.658318902534545","0.341681097465455"
"t105","0.284492313483806","0.715507686516194"
"t122","0.270503290126054","0.729496709873946"
"t150","0.986577534715948","0.0134224652840523"
"t153","0.94084211708928","0.0591578829107198"
"t155","0.950377875375258","0.0496221246247419"
"t157","0.9799689122993","0.0200310877006997"
"t169","0.998533011131286","0.00146698886871368"
