accepted_species,0,1
t9,0.029332101,0.9706679
t40,0.0014212132,0.9985788
t49,0.0014212132,0.9985788
t52,0.0014212132,0.9985788
t72,0.029332101,0.9706679
t80,0.0014212132,0.9985788
t89,0.010787964,0.98921204
t101,0.0014212132,0.9985788
t102,0.0014212132,0.9985788
t103,0.0014212132,0.9985788
t106,0.0014212132,0.9985788
