accepted_species,0,1
t10,0.5464587,0.45354125
t11,0.5464587,0.45354125
t18,0.54152906,0.45847094
t25,0.791397,0.20860304
t26,0.54152906,0.45847094
t33,0.6193498,0.38065022
t48,0.54152906,0.45847094
t85,0.87016237,0.1298376
t95,0.6193498,0.38065022
t109,0.54152906,0.45847094
t117,0.54152906,0.45847094
t119,0.88887167,0.11112835
t142,0.89111865,0.10888134
t145,0.5476661,0.4523339
t150,0.77470523,0.22529478
