"accepted_species","0","1"
"Funastrum_cynanchoides","0.499999958340929","0.500000041659071"
"Gentiana_verna","0.500262807877409","0.499737192122591"
"Gentianella_propinqua","0.590944019753922","0.409055980246079"
"Halenia_elliptica","0.500000001274266","0.499999998725734"
"Cruciata_laevipes","0.500044427904003","0.499955572095997"
"Galium_spurium","0.500049616819495","0.499950383180505"
"Sherardia_arvensis","0.499478603516683","0.500521396483317"
"Leichhardtia_australis","0.5","0.5"
"Periploca_laevigata","0.499999999999961","0.500000000000039"
"Galium_verrucosum","0.504380645148374","0.495619354851626"
