accepted_species,0,1
Funastrum_cynanchoides,0.35380685,0.64619315
Gentiana_verna,0.692503,0.307497
Gentianella_propinqua,0.9249832,0.07501682
Halenia_elliptica,0.5817345,0.41826552
Cruciata_laevipes,0.4029324,0.5970676
Galium_spurium,0.4029324,0.5970676
Sherardia_arvensis,0.19240743,0.8075926
Leichhardtia_australis,0.4027092,0.5972908
Periploca_laevigata,0.41170567,0.5882943
Galium_verrucosum,0.3686282,0.6313718
