accepted_species,estimate
t29,-0.2961392454661475
t75,0.07229044241295798
t32,-0.9038773809563381
t3,-0.5285827965954982
t57,0.5317779921161522
t7,-0.4304190101490664
t27,-0.4304190101490664
t33,0.17109011247362704
t51,-0.1220501481164046
t80,-0.8693061441494577
