accepted_species,0,1
Palicourea_megacephala,0.9027232,0.097276784
Notopleura_pilosula,0.9027232,0.097276784
Galium_×_pomeranicum,0.9027232,0.097276784
Psychotria_pallens,0.9027232,0.097276784
Manettia_leucantha,0.9027232,0.097276784
Hedyotis_longiexserta,0.9027232,0.097276784
Faramea_vidensis,0.9027232,0.097276784
Spermacoce_brevidens,0.9027232,0.097276784
Argostemma_reptans,0.9027232,0.097276784
Faramea_areolata,0.9027232,0.097276784
