"accepted_species","0","1"
"t52",0.00362129702519496,0.996378702974805
"t186",0.00209228889512159,0.997907711104878
"t254",0.00239889940063503,0.997601100599365
"t245",0.00268223507633653,0.997317764923663
"t317",0.000377968834856211,0.999622031165144
"t178",0.000400116675651112,0.999599883324349
"t75",0.00168630851330415,0.998313691486696
"t134",0.000993224255023024,0.999006775744977
"t319",0.000287514537488679,0.999712485462511
"t112",0.00163527189283229,0.998364728107168
"t106",0.00105647945766779,0.998943520542332
"t8",0.859481547846241,0.140518452153759
"t5",0.948757870555469,0.0512421294445313
"t269",0.00210544763466113,0.997894552365339
"t107",0.00450834340879488,0.995491656591205
"t306",0.000874234986745693,0.999125765013254
"t150",0.000959697193738714,0.999040302806261
"t222",0.0036371551382478,0.996362844861752
"t193",0.00228468175726156,0.997715318242738
"t190",0.00384425424973348,0.996155745750266
"t343",2.87498474674136e-05,0.999971250152533
"t332",0.000325786244395476,0.999674213755605
"t274",0.00175336775652512,0.998246632243475
"t81",0.000859898120950837,0.999140101879049
"t131",0.00497199116278322,0.995028008837217
"t163",0.000281463811832093,0.999718536188168
"t29",0.0024395181428965,0.997560481857103
"t311",0.000788683408548925,0.999211316591451
"t179",0.00413909985971921,0.995860900140281
"t234",0.000500335274225344,0.999499664725775
"t296",0.0012045282439928,0.998795471756007
"t54",0.000911762556925453,0.999088237443075
"t258",0.00205936201836757,0.997940637981632
"t287",0.000709735937483653,0.999290264062516
