accepted_species,0,1
t15,0.7595512371162909,0.2404487628837091
t95,0.774409345530079,0.225590654469921
t62,0.7729436215838956,0.22705637841610432
t34,0.7699097083438835,0.23009029165611652
t75,0.8181696176917201,0.1818303823082798
t76,0.818169617691721,0.18183038230827894
t5,0.8227732085850462,0.17722679141495376
t98,0.8404022585637787,0.15959774143622132
t94,0.8397782018720354,0.1602217981279645
t46,0.8378312791986312,0.1621687208013688
