accepted_species,0,1
t42,0.046479311809407786,0.9535206881905922
t46,0.031544347495511826,0.9684556525044882
t56,0.9418282597837685,0.05817174021623146
t86,0.9447937546672042,0.055206245332795854
t24,0.9301621376474742,0.06983786235252575
t76,0.9465320654887937,0.05346793451120639
t71,0.025091926629287054,0.974908073370713
t73,0.931538582781957,0.068461417218043
t18,0.028886217629997546,0.9711137823700025
t43,0.8256951290379226,0.17430487096207734
