accepted_species,0,1
Tarenna_compactiflora,0.9100501,0.08994993
Crusea_hispida,0.8811615,0.1188385
Randia_portoricensis,0.9100501,0.08994993
Thevetia_bicornuta,0.8144581,0.18554193
Notopleura_acuta,0.9089682,0.09103178
Staelia_hatschbachii,0.8774653,0.122534685
Ceropegia_sankuruensis,0.83798337,0.16201665
Stevensia_grandiflora,0.88258314,0.11741689
Randia_obcordata,0.9100501,0.08994993
Gardneria_lanceolata,0.8623667,0.13763331
