accepted_species,0,1
t18,0.6388141,0.36118588
t30,0.6388141,0.36118588
t57,0.3569637,0.6430363
t17,0.37279135,0.62720865
t9,0.3955363,0.6044637
t81,0.69166434,0.3083357
t33,0.69166434,0.3083357
t2,0.34876466,0.65123534
t56,0.6860157,0.31398427
t80,0.69166434,0.3083357
