accepted_species,0,1
t18,0.6339304,0.3660696
t30,0.8125056,0.18749437
t57,0.16973507,0.8302649
t17,0.10045093,0.89954907
t9,0.3272013,0.6727987
t81,0.8280551,0.17194493
t33,0.8288449,0.17115511
t2,0.10797751,0.8920225
t56,0.15293878,0.8470612
t80,0.9214956,0.0785044
