accepted_species,estimate
t39,-0.7002934782784334
t69,-0.6911658478673516
t70,-0.6277772814240765
t73,-0.6769676696530477
t74,-0.6766734315283744
t56,-0.766035354765469
t57,-0.7014032975816045
t24,-0.6744904314806911
t30,-0.6234427913856482
t8,-0.5803864662939259
