accepted_species,estimate
t39,-0.7249186617629342
t69,-0.7254248174002031
t70,-0.7254248174002031
t73,-0.7252605455613144
t74,-0.7252605455613144
t56,-0.7249022007618708
t57,-0.7249022007618708
t24,-0.7217788666492857
t30,-0.719241766189582
t8,-0.7120993983003501
