accepted_species,estimate
t39,-0.432058
t69,-0.432058
t70,-0.432058
t73,-0.432058
t74,-0.432058
t56,-0.432058
t57,-0.432058
t24,-0.432058
t30,-0.432058
t8,-0.432058
