accepted_species,0,1
t8,0.16346153846153844,0.8365384615384616
t10,0.16346153846153844,0.8365384615384616
t27,0.16346153846153844,0.8365384615384616
t70,0.0,1.0
t71,0.0,1.0
t72,0.0,1.0
t73,0.0,1.0
t74,0.0,1.0
t75,0.0,1.0
t77,0.0,1.0
t108,0.0,1.0
t111,0.0,1.0
