accepted_species,0,1
t11,0.94416285,0.05583717
t36,0.041594803,0.9584052
t37,0.9236989,0.07630111
t44,0.9734417,0.026558308
t47,0.9791872,0.02081279
t50,0.7976047,0.2023953
t69,0.4041828,0.5958172
t88,0.8424313,0.15756872
t93,0.9659221,0.034077905
t106,0.67737186,0.3226281
t109,0.04589224,0.95410776
t114,0.8822384,0.11776158
t115,0.8035004,0.19649956
t122,0.7512749,0.2487251
t132,0.54733044,0.45266956
t168,0.034691274,0.9653087
t175,0.04589224,0.95410776
