accepted_species,0,1
Apocynum_cannabinum,0.40497386,0.59502614
Funastrum_cynanchoides,0.08845705,0.91154295
Comastoma_tenellum,0.9887725,0.011227492
Frasera_speciosa,0.9873124,0.012687622
Gentiana_septemfida,0.37177306,0.62822694
Gentiana_spathulifolia,0.91654205,0.08345792
Lomatogonium_carinthiacum,0.94869024,0.051309764
Zeltnera_davyi,0.9887725,0.011227492
Galium_saxatile,0.8401934,0.1598066
Cynanchum_viminale,0.10145748,0.8985425
