accepted_species,0,1
Cynanchum_laeve,0.5999885815342116,0.4000114184657883
Asclepias_asperula,0.194738565818945,0.805261434181055
Gentiana_dahurica,0.49966358875201644,0.5003364112479836
Sebaea_ovata,0.816023002869805,0.18397699713019494
Zeltnera_davyi,0.756779844322217,0.243220155677783
Galium_parisiense,0.6638415964033471,0.336158403596653
Vincetoxicum_hirundinaria,0.6473358022438912,0.3526641977561088
Gentiana_lutea,0.5095342591761425,0.4904657408238576
Kohautia_caespitosa,0.5754729660701633,0.4245270339298367
Spermacoce_quadrisulcata,0.6062241560339394,0.39377584396606063
