accepted_species,estimate
t88,-0.4676741
t94,-0.035629
t99,-0.035629
t23,-0.035629
t16,-0.23377319
t20,-0.23377319
t28,-0.4676741
t29,-0.4676741
t36,-0.4676741
t10,-0.4676741
