accepted_species,0,1
t53,0.10021186028490003,0.8997881397151
t60,0.07727339238964481,0.9227266076103552
t61,0.08417612228471572,0.9158238777152843
t45,0.08283038129334275,0.9171696187066573
t69,0.09483384033524811,0.9051661596647519
t31,0.10818883417045666,0.8918111658295433
t35,0.6052465381905625,0.39475346180943754
t93,0.982286795784807,0.01771320421519298
t95,0.4650451034162125,0.5349548965837875
t11,0.5291298629282253,0.4708701370717748
