accepted_species,0,1
t53,0.29608077990828296,0.703919220091717
t60,0.29985087825336665,0.7001491217466334
t61,0.29985087825336665,0.7001491217466334
t45,0.2665957268426091,0.7334042731573909
t69,0.16884644758549427,0.8311535524145057
t31,0.30611291799079654,0.6938870820092035
t35,0.560660973906965,0.439339026093035
t93,0.8123158185003323,0.18768418149966767
t95,0.1883346770465697,0.8116653229534303
t11,0.7228307687432395,0.2771692312567605
