accepted_species,0,1
Matelea_capillacea,0.8482589195078717,0.15174108049212834
Geophila_tenuis,0.8426253292458346,0.15737467075416545
Mitracarpus_polygonifolius,0.8425811011630968,0.15741889883690313
Ruehssia_zimapanica,0.8481057824707612,0.15189421752923876
Matelea_parvifolia,0.8482645724481956,0.1517354275518043
Schultesia_benthamiana,0.8468516110838967,0.15314838891610327
Plocama_pendula,0.8426521846261208,0.1573478153738792
Coprosma_temetiuensis,0.8427326257613765,0.15726737423862341
Gentianella_smithii,0.8467829129173929,0.15321708708260703
Ophiorrhiza_subbracteata,0.8433500801434202,0.15664991985657983
