accepted_species,estimate
Arachnothryx_buddleioides,0.6518370644811373
Asclepias_eriocarpa,-0.36368067753709604
Blackstonia_perfoliata,-0.40929645741132564
Cicendia_quadrangularis,-0.41375311001364085
Gentianella_campestris,-0.4205501667119845
Oldenlandia_corymbosa,-0.26935720124618756
Psychotria_tenuifolia,-0.25797249805138095
Spermacoce_leptoloba,-0.3502415740054768
Strophanthus_kombe,-0.28686530234226587
Thevetia_ahouai,0.2036622162445891
