"accepted_species","estimate"
"t56",-0.911040295631106
"t8",-0.907311178726161
"t75",-0.908067879362392
"t85",-0.908100120033957
"t14",-0.907586204493323
"t64",-0.267169477804129
"t80",-0.266437083544165
"t69",0.358450021670208
"t19",0.275565100211607
"t46",2.30898142843997
