accepted_species,0,1
t3,0.00089389086,0.9991061
t62,0.0014078021,0.9985922
t69,0.0020725727,0.9979274
t83,0.0009827614,0.99901724
t80,0.00081175566,0.99918824
t82,0.00074094534,0.99925905
t95,0.0014823079,0.9985177
t67,0.0017831922,0.9982168
t66,0.0011308789,0.9988691
t81,0.000854969,0.99914503
