accepted_species,estimate
t45,-0.9593539798533506
t52,0.6121362066835616
t77,-0.01470249951355379
t26,-0.11115270259091856
t70,0.2701813646767609
t29,0.29839956571826753
t74,0.21039650463597523
t47,0.048209715341667174
t80,-1.2270967561498969
t91,1.201846228143322
