accepted_species,0,1
t70,0.335401320707306,0.664598679292694
t86,0.31734300971425433,0.6826569902857457
t90,0.3077091946201669,0.6922908053798331
t233,0.23955102918393723,0.7604489708160628
t14,0.496062697170394,0.503937302829606
t15,0.5277017356644043,0.47229826433559574
t336,0.7466312973774188,0.25336870262258115
t353,0.3848379844420662,0.6151620155579338
t346,0.38483674131808876,0.6151632586819112
t350,0.3732062373114874,0.6267937626885126
t121,0.39070904098175885,0.6092909590182412
t169,0.3756734567862017,0.6243265432137983
t263,0.2945249697807012,0.7054750302192988
t83,0.2052612976159729,0.7947387023840271
t194,0.5310055179855916,0.4689944820144084
t275,0.3454938381567543,0.6545061618432457
t337,0.34618018923612337,0.6538198107638766
t56,0.49197873957392013,0.5080212604260799
t294,0.34646172847338885,0.6535382715266111
t220,0.35492016298799944,0.6450798370120006
t106,0.7158510387080119,0.2841489612919881
t76,0.6637605338255588,0.3362394661744413
t38,0.578087198504968,0.421912801495032
t39,0.5802482467251975,0.41975175327480246
t47,0.5877010300975165,0.4122989699024835
t78,0.6067704549638924,0.3932295450361076
t87,0.6140409050827094,0.38595909491729063
t185,0.6469332687697699,0.35306673123023014
t244,0.6625269428233056,0.33747305717669446
t318,0.4627812220443126,0.5372187779556874
t356,0.46186751050123165,0.5381324894987684
t372,0.4743770719888116,0.5256229280111884
t373,0.47437707198881174,0.5256229280111883
t287,0.4763291550043477,0.5236708449956523
t310,0.5118208151223491,0.4881791848776509
t363,0.5117070373693513,0.48829296263064864
t270,0.5135330070918519,0.4864669929081481
t123,0.5410651498114458,0.45893485018855423
