accepted_species,0,1
t42,0.6070561726365753,0.3929438273634247
t77,0.5321768749382476,0.46782312506175244
t78,0.532072530460643,0.46792746953935704
t83,0.6031328050557523,0.3968671949442477
t101,0.5804796314129156,0.4195203685870844
t102,0.38056277661384097,0.619437223386159
t103,0.35485504076467156,0.6451449592353284
t104,0.3482941281174726,0.6517058718825274
t113,0.3562183234272355,0.6437816765727645
t114,0.35646928404360334,0.6435307159563967
