accepted_species,0,1
t42,0.9960608,0.0039392295
t77,0.9960608,0.0039392295
t78,0.9960608,0.0039392295
t83,0.9960608,0.0039392295
t101,0.9960608,0.0039392295
t102,0.9960608,0.0039392295
t103,0.9960608,0.0039392295
t104,0.9960608,0.0039392295
t113,0.9960608,0.0039392295
t114,0.9960608,0.0039392295
