accepted_species,estimate
t91,0.2027327741807238
t28,0.10132605048171564
t40,0.1765619987197621
t41,0.05360266302415232
t94,0.45354078272958426
t95,0.4507436745014812
t37,0.07328938418501943
t39,0.30627938323545284
t62,0.11498765587770879
t10,0.17775832572955078
