accepted_species,estimate
t94,-0.08976139
t63,0.17776887
t71,0.45008072
t80,0.45008072
t13,-0.9687922
t10,-0.2627488
t34,0.19970441
t27,0.20363158
t38,0.19970441
t97,0.09963233
