accepted_species,0,1
t27,0.5934208,0.4065792
t112,0.2211482,0.7788518
t80,0.3649792,0.6350208
t73,0.09836143,0.90163857
t18,0.1324439,0.8675561
t54,0.102911115,0.8970889
t50,0.17072326,0.82927674
t51,0.17072326,0.82927674
t134,0.07320315,0.92679685
t138,0.012883127,0.9871169
t6,0.7409851,0.2590149
t118,0.9367357,0.06326431
t148,0.0050373077,0.9949627
t88,0.0072648525,0.99273515
t24,0.0072648525,0.99273515
