accepted_species,0,1
t95,0.99442214,0.0055778753
t66,0.99442214,0.0055778753
t80,0.99442214,0.0055778753
t67,0.9942104,0.0057895705
t56,0.99735683,0.0026431796
t64,0.98835707,0.011642943
t62,0.99697554,0.0030244845
t70,0.9980514,0.0019485941
t82,0.99818015,0.0018198548
t83,0.99914867,0.0008513096
