accepted_species,0
t211,
t101,
t41,
t64,0.853770522304732
t130,
t166,
t234,1.6522434048025698
t82,
t51,
t87,
t91,
t17,
t23,
t46,
t75,
t18,
t14,
t39,
t198,
t111,
t191,
t217,
t255,-1.8037941874447
t34,
t246,-0.385242311941948
t250,0.8386630752349161
