accepted_species,estimate
t67,-0.42735693
t81,-0.42735693
t48,-0.42735693
t75,-0.42735693
t70,-0.42735693
t71,-0.42735693
t77,-0.42735693
t78,-0.42735693
t37,-0.42735693
t11,-0.42735693
