"accepted_species","0","1"
"t40","0.999838668674879","0.000161331325121031"
"t68","0.999920281895512","7.97181044876342e-05"
"t57","0.999978584418394","2.14155816061042e-05"
"t50","0.999930002493165","6.99975068352749e-05"
"t42","0.9999138522971","8.6147702900587e-05"
"t61","0.999973469634478","2.65303655216972e-05"
"t44","0.999235727700345","0.000764272299654959"
"t45","0.999235727700345","0.000764272299654959"
"t53","0.999808636153643","0.00019136384635701"
"t19","0.999803341063891","0.000196658936108613"
