accepted_species,0,1
t40,0.9766258,0.023374178
t68,0.9766258,0.023374178
t57,0.98129517,0.018704847
t50,0.9824633,0.017536722
t42,0.9824633,0.017536722
t61,0.9172535,0.082746536
t44,0.9358188,0.06418124
t45,0.9377309,0.062269114
t53,0.9172535,0.082746536
t19,0.9803642,0.019635797
