accepted_species,estimate
t2,1.0877388770666476
t70,1.351922703571117
t33,1.3202789481411292
t34,1.3349171376827296
t42,1.2105273561759806
t43,1.2022399768567194
t16,1.3472044508541272
t15,1.369623320934865
t14,0.8448925354191894
t92,0.8446965036668866
