accepted_species,0,1
t46,0.7589729140870278,0.24102708591297212
t58,0.46245500935440864,0.5375449906455914
t65,0.669112040238729,0.330887959761271
t111,0.7633121201011254,0.2366878798988746
t112,0.9400736573732913,0.05992634262670871
t113,0.8698894395425238,0.1301105604574761
t129,0.4608971453745542,0.5391028546254458
t130,0.3997594247102525,0.6002405752897475
t134,0.9767606130562083,0.023239386943791702
t145,0.9804065563304208,0.0195934436695792
