accepted_species,0,1
t7,0.9998886246325859,0.00011137536741412111
t42,0.9999998773155172,1.226844827738708e-07
t193,0.9999999991801765,8.198235848240304e-10
t146,0.999999999696797,3.0320299416551244e-10
t211,0.9980095011936826,0.0019904988063174415
t242,0.9970733770598015,0.0029266229401985516
t243,0.9978171848866831,0.00218281511331684
t51,0.9999997071592349,2.928407650899331e-07
t231,0.9999999794579462,2.0542053834230375e-08
t84,0.9999986212912986,1.378708701371919e-06
t125,0.9997407308313903,0.00025926916860977855
t105,0.9999802189213413,1.9781078658789886e-05
t141,0.9956104212025334,0.004389578797466638
t82,0.9999994725344957,5.274655042770013e-07
t224,0.997184249399879,0.0028157506001209465
t30,0.9999963331735778,3.6668264221278826e-06
t168,0.998720676901703,0.0012793230982970781
t33,0.9999920871798319,7.912820168082124e-06
t203,0.9930841020085956,0.006915897991404347
t254,0.989284451497884,0.01071554850211602
t59,0.9999803609830376,1.9639016962417242e-05
t13,0.9999890939204037,1.0906079596312384e-05
t26,0.9999920619331816,7.938066818474708e-06
t134,0.992137051851971,0.007862948148029004
t2,0.44876383874931347,0.5512361612506865
t1,0.6126545343218535,0.38734546567814654
