accepted_species,0,1
t83,0.6703871878538177,0.3296128121461824
t199,0.662376073066431,0.337623926933569
t251,0.6578420286473774,0.3421579713526226
t205,0.6584744685343195,0.34152553146568054
t177,0.6589108343360932,0.34108916566390685
t89,0.6688005469846423,0.33119945301535764
t75,0.5632881158299732,0.4367118841700268
t107,0.6736448719088199,0.3263551280911801
t283,0.6710687891347318,0.3289312108652682
t284,0.6681170938946772,0.33188290610532273
t282,0.6723430530748935,0.32765694692510644
t130,0.6724395463753418,0.32756045362465824
t90,0.670620678763922,0.329379321236078
t91,0.68027168604931,0.31972831395069
t265,0.7930814384546198,0.20691856154538024
t266,0.7939072204556608,0.20609277954433924
t242,0.7961872674407081,0.20381273255929186
t243,0.7951094048820403,0.20489059511795968
t218,0.7951221073083021,0.20487789269169784
t295,0.797309074152379,0.202690925847621
t296,0.7956878197110293,0.20431218028897066
t305,0.7950500096400883,0.20494999035991168
t306,0.794493276199675,0.205506723800325
t150,0.7055342140976057,0.29446578590239425
t189,0.715707386789158,0.284292613210842
t210,0.722537492394693,0.277462507605307
t124,0.6971107605782654,0.3028892394217346
t202,0.7341892626996057,0.2658107373003943
t203,0.7323860882777826,0.26761391172221743
t245,0.7332059062063133,0.2667940937936867
t192,0.7338268666834646,0.2661731333165354
