accepted_species,0,1
t34,0.29691876750700286,0.7030812324929971
t86,1.0,0.0
t94,1.0,0.0
t42,0.29691876750700286,0.7030812324929971
t43,0.29691876750700286,0.7030812324929971
t118,0.29691876750700286,0.7030812324929971
t132,0.0,1.0
t110,0.29691876750700286,0.7030812324929971
t135,1.0,0.0
t170,0.0,1.0
t183,0.0,1.0
t275,0.0,1.0
t221,0.29691876750700286,0.7030812324929971
t172,0.0,1.0
t169,0.29691876750700286,0.7030812324929971
t282,0.29691876750700286,0.7030812324929971
t249,0.29691876750700286,0.7030812324929971
t230,0.29691876750700286,0.7030812324929971
t239,0.29691876750700286,0.7030812324929971
t322,0.29691876750700286,0.7030812324929971
t323,0.29691876750700286,0.7030812324929971
t268,0.29691876750700286,0.7030812324929971
t260,0.29691876750700286,0.7030812324929971
t378,0.0,1.0
t332,0.0,1.0
t354,0.0,1.0
t304,0.29691876750700286,0.7030812324929971
t163,0.29691876750700286,0.7030812324929971
t191,0.29691876750700286,0.7030812324929971
t81,1.0,0.0
t89,1.0,0.0
t122,0.29691876750700286,0.7030812324929971
t4,1.0,0.0
t97,0.29691876750700286,0.7030812324929971
t140,0.0,1.0
t59,1.0,0.0
t20,0.29691876750700286,0.7030812324929971
t13,0.29691876750700286,0.7030812324929971
t14,0.29691876750700286,0.7030812324929971
t9,0.29691876750700286,0.7030812324929971
