"accepted_species","estimate"
"t18",0.436051690823957
"t8",0.714582144989153
"t98",0.430144869117485
"t31",0.274473781069919
"t11",-0.450498626570681
"t68",-0.468027789717129
"t4",-0.169308516498439
"t10",-0.29128881533435
"t51",0.665513424090203
"t34",-0.349550549937732
