accepted_species,0,1
Asclepias_tuberosa,0.31648517,0.68351483
Gentiana_sino-ornata,0.5147758,0.4852242
Gentianella_amarella,0.6869123,0.3130877
Sinoswertia_tetraptera,0.7199478,0.28005216
Galium_boreale,0.66564226,0.33435774
Galium_spurium,0.4639294,0.5360706
Galium_sterneri,0.4639294,0.5360706
Gentiana_acaulis,0.5077604,0.49223956
Gentiana_lutea,0.5147758,0.4852242
Spermacoce_radiata,0.6794195,0.3205805
