accepted_species,0,1
t45,0.8734955,0.12650448
t49,0.17476505,0.82523495
t1,0.87489116,0.12510885
t83,0.08903843,0.91096157
t84,0.08284646,0.91715354
t68,0.05962497,0.94037503
t43,0.05962497,0.94037503
t11,0.10329932,0.8967007
t71,0.095496655,0.90450335
t30,0.10329932,0.8967007
