accepted_species,estimate
t15,0.40073553468746376
t23,0.4147438337099306
t33,0.4096918065512169
t26,0.4130684972168636
t164,0.16669846099125318
t86,0.1628373831891995
t160,0.396354879113517
t161,0.396354879113517
t48,0.1948874675687527
t49,0.1948874675687527
t167,0.14593742917170965
t168,0.14593742917170965
t46,0.347849368484123
t50,-0.29844010574130264
t73,-0.19258859433282582
t89,-0.8323993083301272
t70,-0.5694653709915697
