"accepted_species","0","1"
"t174",0.503847707859337,0.496152292140663
"t208",0.495840604064185,0.504159395935815
"t242",0.451159269081817,0.548840730918183
"t255",0.578633590782698,0.421366409217302
"t264",0.507962816111942,0.492037183888058
"t274",0.726115254580515,0.273884745419485
"t284",0.351932333808469,0.648067666191531
"t286",0.239774618016686,0.760225381983314
"t293",0.829864031733036,0.170135968266964
"t304",0.956555671496788,0.043444328503212
