accepted_species,0,1
t174,0.5582266874937956,0.4417733125062045
t208,0.4572476806245357,0.5427523193754643
t242,0.45468376538870414,0.5453162346112959
t255,0.5380273535663058,0.4619726464336941
t264,0.44192464564997014,0.5580753543500299
t274,0.5572393267380871,0.442760673261913
t284,0.5168350087203708,0.48316499127962914
t286,0.3928257307542544,0.6071742692457456
t293,0.45037143492447684,0.5496285650755232
t304,0.5388924032896809,0.4611075967103191
