accepted_species,estimate
t25,-0.35720289786122017
t95,-0.2631844149516282
t80,0.4003523609048743
t18,0.6291435532636394
t15,-1.1674671126558482
t40,-0.24723591233325654
t36,-0.203656744039573
t32,0.656433932445248
t69,-0.6323353003359025
t27,-0.9135933556573552
