accepted_species,0
t25,
t95,-0.31902828676001643
t80,0.4574531592450372
t18,
t15,
t40,
t36,
t32,
t69,-0.977303481972297
t27,
