accepted_species,0,1
Cynanchum_laeve,0.1285624835433543,0.8714375164566457
Gentiana_aristata,0.5352777830238986,0.46472221697610144
Gentianopsis_paludosa,0.6769131186658818,0.3230868813341182
Sabatia_grandiflora,0.8437982553016363,0.15620174469836373
Sebaea_ovata,0.9233191292114454,0.07668087078855458
Sinoswertia_tetraptera,0.9333521208625724,0.06664787913742759
Cynanchica_pyrenaica,0.525105421987089,0.474894578012911
Kohautia_tenuis,0.45988342723422326,0.5401165727657767
Richardia_stellaris,0.46719955690819337,0.5328004430918066
Spermacoce_stachydea,0.44739600787985334,0.5526039921201467
