accepted_species,0,1
Cynanchum_laeve,0.25809103,0.74190897
Gentiana_aristata,0.5662434,0.4337566
Gentianopsis_paludosa,0.71714973,0.28285027
Sabatia_grandiflora,0.7306092,0.26939082
Sebaea_ovata,0.7319713,0.26802868
Sinoswertia_tetraptera,0.7319713,0.26802868
Cynanchica_pyrenaica,0.37535793,0.6246421
Kohautia_tenuis,0.3448552,0.6551448
Richardia_stellaris,0.5601547,0.43984532
Spermacoce_stachydea,0.558025,0.44197503
