"accepted_species","estimate"
"t12",-0.011076003109437
"t95",-0.724494909952387
"t61",-0.277887878540377
"t33",0.0510716244846033
"t79",0.739235760850149
"t55",0.089801469392438
"t44",-0.0778695334511371
"t63",-0.38015167018653
"t67",0.150873787553266
"t35",-0.0542466859614183
