accepted_species,0
t31,-0.08772423303957172
t100,1.1311324457644
t68,-0.08772423303957172
t36,-0.08772423303957172
t95,1.79913124977958
t4,-0.08772423303957172
t1,-0.08772423303957172
t62,-0.08772423303957172
t23,-0.08772423303957172
t15,-0.08772423303957172
