accepted_species,estimate
t31,2.7581224
t100,1.1288674
t68,0.20007405
t36,-0.59807605
t95,1.7991657
t4,-0.50369126
t1,-0.24396311
t62,0.2929563
t23,0.3047105
t15,0.3047105
