accepted_species,0,1
t1,0.9823060849933439,0.0176939150066561
t12,0.9878645181860364,0.012135481813963659
t51,0.974098424490097,0.025901575509902984
t33,0.9736361507264409,0.026363849273559076
t34,0.9737026917586985,0.026297308241301512
t60,0.9713371009205309,0.028662899079469024
t10,0.9714331557323138,0.028566844267686135
t77,0.9876955648519712,0.012304435148028847
t99,0.9867138255986383,0.013286174401361688
t67,0.9882196403023039,0.011780359697696042
t2,0.9813497795535773,0.0186502204464227
