accepted_species,0,1
Asclepias_syriaca,0.142052,0.857948
Gentiana_scabra,0.25177795,0.74822205
Gentianella_amarella,0.8584333,0.14156668
Gentianopsis_paludosa,0.80715454,0.19284543
Lomatogonium_carinthiacum,0.8813461,0.11865386
Sabatia_grandiflora,0.9388801,0.061119888
Sabatia_stellaris,0.9452762,0.054723818
Galium_spurium,0.45622385,0.54377615
Edrastima_uniflora,0.21652561,0.7834744
Coprosma_petriei,0.23664773,0.7633523
