accepted_species,estimate
t60,0.6788562676919734
t61,0.7078950680946592
t53,0.6679275715583368
t43,0.8003474450487802
t22,0.58252662619416
t41,0.6703786242757352
t42,0.6660193506980119
t93,0.6603883983998862
t94,0.5725791761642534
t26,0.5749619878633361
