"accepted_species","estimate"
"t60",1.07930718522487
"t61",1.07930718522487
"t53",1.07930718522487
"t43",1.07930718522487
"t22",1.07930718522487
"t41",1.07930718522487
"t42",1.07930718522487
"t93",1.07930718522487
"t94",1.07930718522487
"t26",1.07930718522487
