accepted_species,estimate
t60,1.023895
t61,1.023895
t53,1.023895
t43,1.023895
t22,1.023895
t41,1.023895
t42,1.023895
t93,1.023895
t94,1.023895
t26,1.023895
