accepted_species,estimate
Coffea_arabica,0.38065763397818597
Coffea_congensis,0.47859707002715723
Coffea_liberica,0.394334882579637
Cyclophyllum_coprosmoides,0.2273265540946847
Gardenia_ovularis,0.41219073869685285
Gardenia_ternifolia,0.33148140335269205
Genipa_americana,0.41358050649977485
Posoqueria_latifolia,0.16991335208480665
Randia_armata,0.4594319825259304
Randia_pterocarpa,0.39382128762408886
