accepted_species,0,1
t47,0.2896213574330597,0.7103786425669403
t54,0.2900585881590997,0.7099414118409003
t81,0.2896299579051188,0.7103700420948812
t92,0.2896324258806695,0.7103675741193305
t114,0.2914517461065943,0.7085482538934057
t115,0.29101798100845555,0.7089820189915444
t116,0.29101798100845555,0.7089820189915444
t119,0.2914184747534708,0.7085815252465292
t125,0.2912195806762634,0.7087804193237366
t157,0.2910065469781473,0.7089934530218527
