accepted_species,0,1
t47,0.7059159,0.29408404
t54,0.56786686,0.43213314
t81,0.58410835,0.41589165
t92,0.13244462,0.8675554
t114,0.9518777,0.04812231
t115,0.121205926,0.8787941
t116,0.121205926,0.8787941
t119,0.1268037,0.8731963
t125,0.36199647,0.6380035
t157,0.4795645,0.5204355
