accepted_species,estimate
Centaurium_littorale,-0.6683250060176227
Cruciata_glabra,-0.3910912744435789
Galium_propinquum,-0.3910912744435789
Galium_verum,-0.41267443008781696
Gentianella_parviflora,-0.403293263850638
Hintonia_latiflora,-0.3438994871610949
Lacmellea_panamensis,0.30704424144256304
Nertera_granadensis,-0.4115321628994398
Rubia_cordifolia,-0.2238265793806225
Vinca_major,0.30704424144256315
