accepted_species,0
Centaurium_littorale,-0.42292637735375
Cruciata_glabra,-0.39605988236012446
Galium_propinquum,-0.39612626000130685
Galium_verum,-0.40110468053346376
Gentianella_parviflora,-0.42148025910677506
Hintonia_latiflora,-0.375139830844845
Lacmellea_panamensis,0.023605708838683313
Nertera_granadensis,-0.35801717501024743
Rubia_cordifolia,-0.37733645875795185
Vinca_major,0.023605708838683313
