accepted_species,0,1
t39,0.36896420051018086,0.6310357994898191
t43,0.36852520283848345,0.6314747971615166
t60,0.3660162799844616,0.6339837200155384
t71,0.3660162799844616,0.6339837200155384
t127,0.3531445986897497,0.6468554013102503
t128,0.3531445986897497,0.6468554013102503
t143,0.3660162799844616,0.6339837200155384
t151,0.3660162799844616,0.6339837200155384
t160,0.3660162799844616,0.6339837200155384
t161,0.3660162799844616,0.6339837200155384
