"accepted_species","0","1"
"t39","0.484803991533896","0.515196008466104"
"t43","0.483420178238102","0.516579821761898"
"t60","0.47335570619278","0.52664429380722"
"t71","0.47335570619278","0.52664429380722"
"t127","0.393685169975588","0.606314830024413"
"t128","0.393685169975588","0.606314830024413"
"t143","0.47335570619278","0.52664429380722"
"t151","0.47335570619278","0.52664429380722"
"t160","0.47335570619278","0.52664429380722"
"t161","0.47335570619278","0.52664429380722"
