accepted_species,0,1
t289,0.9181431,0.08185691
t354,0.9181431,0.08185691
t355,0.9181431,0.08185691
t368,0.9181431,0.08185691
t369,0.9181431,0.08185691
t370,0.9181431,0.08185691
t384,0.9181431,0.08185691
t417,0.9181431,0.08185691
t418,0.9181431,0.08185691
t419,0.9181431,0.08185691
