accepted_species,0,1
t57,0.556791,0.443209
t69,0.5546174,0.44538262
t10,0.556791,0.443209
t27,0.5546174,0.44538262
t41,0.5546174,0.44538262
t42,0.5546174,0.44538262
t38,0.5546174,0.44538262
t39,0.5546174,0.44538262
t25,0.5546174,0.44538262
t18,0.556791,0.443209
