accepted_species,0,1
t2,0.9687890824018295,0.031210917598170553
t3,0.9690510518915237,0.030948948108476263
t8,0.8895423292274853,0.11045767077251467
t12,0.9929121638240744,0.007087836175925611
t16,0.9752491916983934,0.0247508083016066
t37,0.9947081214788902,0.005291878521109818
t58,0.9982901671851445,0.0017098328148554781
t76,0.9549655155619186,0.04503448443808148
t84,0.9934095052005742,0.006590494799425735
t93,0.9972256242190708,0.0027743757809291737
t101,0.9562882901720251,0.04371170982797489
t116,0.9663959462091493,0.03360405379085074
