accepted_species,estimate
t1,0.09227812
t90,0.49804592
t195,0.20231459
t102,-0.034349006
t110,-0.057278823
t60,0.12879302
t58,0.16772938
t137,0.12433084
t202,-0.40903172
t53,-0.13144842
t174,-0.19021484
t171,-1.4676167
t164,0.35148638
t153,0.37064478
t55,0.31750533
t64,-0.10921383
t120,0.018579964
t121,0.018579964
t22,0.12836702
t103,-0.39927274
t201,0.08258186
t193,-0.7862701
