accepted_species,0
t61,
t62,
t225,
t291,
t304,
t307,0.8043378064261121
t233,
t332,0.806226017890661
t270,
t319,0.806635248971653
t310,0.810312846426808
t229,
t230,
t151,
t178,
t218,0.799476537951087
t228,
t251,
t213,
t239,
t293,
t231,0.786204277360509
t148,
t153,
t122,
t131,
t181,
t157,
t283,
t277,
t77,
t76,
t63,
