accepted_species,0,1
t33,0.4638486590454518,0.5361513409545482
t32,0.46387380420959334,0.5361261957904067
t99,0.46420242288410873,0.5357975771158913
t18,0.46357772921271656,0.5364222707872834
t12,0.4636212271055551,0.5363787728944449
t81,0.463269687862225,0.536730312137775
t31,0.46945145559369195,0.530548544406308
t23,0.4698905094553759,0.5301094905446241
t2,0.4697692686109448,0.5302307313890552
t50,0.4713596610019646,0.5286403389980354
