accepted_species,0,1
t33,0.018715918,0.9812841
t32,0.024560869,0.97543913
t99,0.035747945,0.96425205
t18,0.51169145,0.48830852
t12,0.51169145,0.48830852
t81,0.3359545,0.6640455
t31,0.3690229,0.6309771
t23,0.88533044,0.11466958
t2,0.045183957,0.95481604
t50,0.833342,0.166658
