accepted_species,estimate
t10,0.19434573759422036
t18,-0.2261289249882632
t19,0.2747894170962797
t72,-0.45902484030082547
t73,-0.362886082746289
t65,-0.7958246730305065
t23,-0.5617704987419856
t89,-0.3234427669600354
t50,-0.7678568974316546
t86,-0.20457859255170008
