accepted_species,estimate
t10,0.15117902
t18,-0.45054594
t19,-0.44889367
t72,-0.32641864
t73,-0.32641864
t65,-0.42830053
t23,-0.53708845
t89,-0.28853363
t50,-0.90361696
t86,-1.1913829
