"accepted_species","0","1"
"t1",0.878615780392174,0.121384219607826
"t3",0.909897904051768,0.0901020959482318
"t19",0.892217228352752,0.107782771647248
"t42",0.951699900871293,0.048300099128707
"t47",0.925414845594613,0.0745851544053873
"t52",0.668040029686639,0.331959970313361
"t66",0.929251635800539,0.0707483641994614
"t69",0.961822771216851,0.0381772287831491
"t77",0.968246374015054,0.0317536259849456
"t80",0.95905394308208,0.0409460569179202
"t105",0.180887376062461,0.819112623937539
"t110",0.983050708217556,0.0169492917824437
"t112",0.181660611122383,0.818339388877617
"t136",0.995283158684501,0.0047168413154989
