accepted_species,estimate
t141,-0.54792416
t139,-0.8730699
t48,-0.051142722
t62,-0.011772021
t163,0.5844069
t261,1.4324963
t211,0.5121732
t190,-0.62142193
t161,-0.62142193
t118,-0.7151585
t86,-0.030491557
t209,-0.37414214
t53,-0.69789386
t29,-0.21604094
t46,1.3475182
t77,1.6341368
t104,1.0453498
t151,1.386976
t155,1.2635084
t120,1.457775
t180,2.5883067
t59,1.4631685
t32,0.7660118
t60,-1.9975679
t73,-1.5769932
t3,-0.99323225
