accepted_species,0,1
t145,0.38427947598253276,0.6157205240174672
t187,0.38427947598253276,0.6157205240174672
t223,0.38427947598253276,0.6157205240174672
t224,0.38427947598253276,0.6157205240174672
t129,0.38427947598253276,0.6157205240174672
t121,0.38427947598253276,0.6157205240174672
t136,0.38427947598253276,0.6157205240174672
t216,1.0,0.0
t239,0.38427947598253276,0.6157205240174672
t240,0.38427947598253276,0.6157205240174672
t62,0.38427947598253276,0.6157205240174672
t63,0.38427947598253276,0.6157205240174672
t125,0.38427947598253276,0.6157205240174672
t126,0.38427947598253276,0.6157205240174672
t69,0.0,1.0
t182,0.38427947598253276,0.6157205240174672
t70,0.38427947598253276,0.6157205240174672
t210,0.38427947598253276,0.6157205240174672
t230,0.38427947598253276,0.6157205240174672
t231,0.38427947598253276,0.6157205240174672
t221,0.38427947598253276,0.6157205240174672
t165,0.38427947598253276,0.6157205240174672
t166,0.38427947598253276,0.6157205240174672
t113,0.38427947598253276,0.6157205240174672
t114,0.38427947598253276,0.6157205240174672
