accepted_species,0,1
t60,0.0,1.0
t13,0.47777777777777775,0.5222222222222223
t69,0.0,1.0
t11,0.47777777777777775,0.5222222222222223
t86,0.47777777777777775,0.5222222222222223
t87,0.47777777777777775,0.5222222222222223
t53,0.0,1.0
t97,1.0,0.0
t73,1.0,0.0
t19,0.47777777777777775,0.5222222222222223
