"accepted_species","estimate"
"t4",-0.332055069309547
"t70",0.0556581285207062
"t67",-0.168321007633816
"t68",-0.168321007633816
"t60",-0.32980251498334
"t21",-0.29315163702148
"t73",-0.512803670500781
"t74",-0.512803670500781
"t53",-0.512803670500781
"t45",-1.00869315353733
