"accepted_species","estimate"
"t4",-0.357369341420166
"t70",0.0593525779809533
"t67",-0.15899817884941
"t68",-0.15899817884941
"t60",-0.331320588412093
"t21",-0.296400994609637
"t73",-0.575958488647687
"t74",-0.575958488647687
"t53",-0.575958488647687
"t45",-1.03205700515706
