accepted_species,estimate
t34,-0.6281851637771977
t31,-0.28854258307762887
t82,-0.8062911219850591
t51,-0.7955971678638255
t74,-0.7587221750648138
t17,-0.21341946274695028
t85,1.6361336083383022
t32,1.6876890824953723
t64,-0.017327997557024483
t24,0.4092865473641542
