accepted_species,estimate
t34,-0.6566259
t31,-0.1453067
t82,-0.76115257
t51,-0.76115257
t74,-0.4967102
t17,-0.9985422
t85,1.6991426
t32,1.4855793
t64,0.2100172
t24,0.21286237
