accepted_species,estimate
t87,-0.050007276
t48,0.028794274
t72,-0.050007276
t73,-0.050007276
t67,-0.050007276
t68,-0.050007276
t32,0.03529021
t13,0.03529021
t36,0.03529021
t59,0.03529021
