"accepted_species","0","1"
"t31",0.0577395953507396,0.942260404649261
"t35",0.0238949994478948,0.976105000552105
"t51",0.00441683586582157,0.995583164134178
"t33",0.0321726239973906,0.967827376002609
"t24",0.486233476427464,0.513766523572536
"t55",0.00678859118101765,0.993211408818982
"t70",0.00139368475316331,0.998606315246837
"t97",0.00161894819116353,0.998381051808837
"t38",0.00421964588470543,0.995780354115295
"t19",0.996386546700443,0.00361345329955722
