accepted_species,0,1
t11,0.33003247,0.66996753
t16,0.7086738,0.29132622
t18,0.65710044,0.34289953
t21,0.59794223,0.4020578
t34,0.409132,0.590868
t49,0.6354935,0.3645065
t60,0.68263656,0.31736344
t61,0.7098913,0.2901087
t105,0.6354935,0.3645065
t106,0.6354935,0.3645065
t107,0.61788297,0.38211706
t108,0.61788297,0.38211706
