accepted_species,0,1
Cynanchum_laeve,0.6807222,0.31927782
Asclepias_incarnata,0.32949156,0.67050844
Gentiana_straminea,0.57296443,0.42703557
Gentianella_biebersteinii,0.725572,0.274428
Galium_aparine,0.5612631,0.43873695
Galium_sterneri,0.50597835,0.49402165
Galium_tinctorium,0.5503422,0.44965783
Cynanchum_viminale,0.5662307,0.4337693
Gentiana_clarkei,0.5613597,0.4386403
Galium_setaceum,0.45865935,0.54134065
