accepted_species,0,1
t214,0.0032747388,0.99672526
t298,0.0023909807,0.997609
t329,0.008620977,0.991379
t334,0.00366354,0.99633646
t338,0.0033437014,0.9966563
t339,0.0033437014,0.9966563
t341,0.0026751757,0.9973248
t342,0.0026751757,0.9973248
t345,0.00366354,0.99633646
t356,0.027812958,0.97218704
