accepted_species,estimate
t18,-1.6152944305193038
t37,-0.8280217499801508
t78,-1.222809347889056
t20,-1.1722642357699755
t1,-0.7783986251627858
t53,0.7440117735436366
t9,0.8063919065821799
t57,1.042705458172188
t26,0.9321613670346551
t33,1.1511437121551702
