accepted_species,estimate
t18,-1.5985012
t37,-1.0325924
t78,-0.984184
t20,-0.9662213
t1,-0.3322998
t53,0.8799541
t9,0.990533
t57,0.5978977
t26,0.6221841
t33,0.93549633
