accepted_species,0,1
t9,0.023486078,0.9765139
t19,0.898245,0.101755045
t26,0.50799847,0.49200156
t37,0.7379586,0.2620414
t39,0.72243977,0.27756026
t44,0.3288293,0.6711707
t46,0.3714422,0.6285578
t49,0.87585825,0.12414174
t50,0.7710012,0.22899878
t64,0.7379586,0.2620414
t65,0.84378415,0.15621583
t101,0.28372884,0.71627116
t112,0.34643495,0.65356505
