accepted_species,0,1
t9,0.25021714,0.74978286
t19,0.25958806,0.74041194
t26,0.27735263,0.72264737
t37,0.24999994,0.75000006
t39,0.29166317,0.70833683
t44,0.2494325,0.7505675
t46,0.29677594,0.70322406
t49,0.2669857,0.7330143
t50,0.27760893,0.72239107
t64,0.24896169,0.7510383
t65,0.25757712,0.7424229
t101,0.29166317,0.70833683
t112,0.299137,0.700863
