accepted_species,estimate
t7,1.3059071
t165,0.5659714
t212,0.5628206
t70,0.60305834
t115,0.60013133
t14,1.1433839
t17,1.1101336
t63,0.4579414
t90,0.54112995
t125,0.53765833
t29,-0.7739116
t35,-0.5713181
t218,-0.48448095
t41,-0.5433053
t118,-0.5783564
t156,-0.58060014
t159,-0.58597636
t97,-0.58924574
t150,-1.3696529
t59,-1.3944058
t144,0.5899251
t133,-1.0754138
