accepted_species,0,1
t16,0.832083,0.16791703
t23,0.8692224,0.13077757
t24,0.076349676,0.9236503
t25,0.029936373,0.9700636
t31,0.23671556,0.76328444
t33,0.058836937,0.94116306
t35,0.021021783,0.9789782
t38,0.029936373,0.9700636
t41,0.057988226,0.9420118
t63,0.04717678,0.9528232
t68,0.033304572,0.9666954
t83,0.02278328,0.9772167
