accepted_species,0,1
t16,0.023714662,0.97628534
t23,0.2185998,0.7814002
t24,0.07908696,0.92091304
t25,0.023565292,0.9764347
t31,0.3550126,0.6449874
t33,0.014819026,0.985181
t35,0.008248389,0.9917516
t38,0.028564453,0.97143555
t41,0.07908696,0.92091304
t63,0.013472736,0.98652726
t68,0.028564453,0.97143555
t83,0.014819026,0.985181
