accepted_species,0
t90,-0.634254795891743
t24,0.04417961906155437
t56,0.04417961906155437
t57,0.04417961906155437
t28,0.04417961906155437
t82,0.04417961906155437
t83,0.04417961906155437
t8,0.04417961906155437
t52,0.04417961906155437
t3,0.04417961906155437
