accepted_species,0,1
t18,0.98523104,0.014768976
t19,0.98523104,0.014768976
t97,0.98523104,0.014768976
t98,0.98523104,0.014768976
t70,0.98523104,0.014768976
t99,0.98523104,0.014768976
t100,0.98523104,0.014768976
t74,0.98523104,0.014768976
t37,0.98523104,0.014768976
t34,0.98523104,0.014768976
