accepted_species,estimate
t51,-0.6062484
t52,-0.951838
t53,-0.8605586
t153,-0.03941839
t190,0.4496706
t139,0.33437735
t199,0.20558764
t200,0.28213274
t95,-0.06503114
t81,-0.94761276
t49,-0.76179856
t131,-0.47969228
t76,-0.8220741
t215,-0.054560717
t241,-0.06032301
t231,-0.46876863
t163,-0.32022008
t237,-0.23475428
t238,-0.23475428
t94,-0.35152486
t135,-0.35944435
t65,-0.73247445
t40,-0.70978993
t14,-0.9028832
