accepted_species,0,1
t6,0.24807274,0.75192726
t18,0.3361948,0.6638052
t38,0.6680255,0.3319745
t60,0.7637476,0.2362524
t80,0.93353784,0.06646213
t81,0.61634266,0.38365734
t83,0.93353784,0.06646213
t99,0.93353784,0.06646213
t112,0.75511634,0.24488366
t121,0.75511634,0.24488366
t126,0.8208313,0.17916869
t127,0.7751953,0.2248047
t131,0.49094373,0.50905627
t133,0.8658167,0.13418326
t134,0.42840785,0.57159215
