accepted_species,0,1
t1,0.8100877298550777,0.18991227014492235
t14,0.6469930102210658,0.3530069897789342
t38,0.24766946476473273,0.7523305352352673
t223,0.016270357377279998,0.98372964262272
t213,0.022567894935161315,0.9774321050648387
t178,0.029200264234479634,0.9707997357655204
t183,0.02087121804947012,0.9791287819505299
t344,0.012346483521572638,0.9876535164784274
t234,0.017808852841078138,0.9821911471589219
t388,0.013265817653059342,0.9867341823469407
t415,0.012480082213164656,0.9875199177868353
t413,0.012293837682591735,0.9877061623174083
t284,0.01635815500287796,0.983641844997122
t182,0.028654562666178718,0.9713454373338213
t82,0.0583858265453997,0.9416141734546003
t95,0.047553293718613054,0.952446706281387
t66,0.042329720380238745,0.9576702796197613
t68,0.046322948800812336,0.9536770511991877
t92,0.04134252384006942,0.9586574761599306
t151,0.013425218429408026,0.986574781570592
t271,0.009624017230304482,0.9903759827696955
t274,0.009255763860749888,0.9907442361392501
t291,0.001764574506045169,0.9982354254939548
t369,0.0012757813332090473,0.998724218666791
t354,0.0012986106889092408,0.9987013893110908
t169,0.02000596241498276,0.9799940375850172
t206,0.015052169061243403,0.9849478309387566
t336,0.0032189400027523574,0.9967810599972476
t357,0.0031513910092216824,0.9968486089907783
t384,0.003042832309805843,0.9969571676901942
t396,0.0030533504780893006,0.9969466495219107
t185,0.008267638918822318,0.9917323610811777
t87,0.03708765863934771,0.9629123413606523
t353,0.0037032550599001013,0.9962967449400999
t426,0.0037035480673882626,0.9962964519326117
t146,0.00758666896567084,0.9924133310343292
t324,0.0029186409671926317,0.9970813590328074
t236,0.004073661044096122,0.9959263389559039
t222,0.0051603617756458275,0.9948396382243542
t44,0.11767701882825732,0.8823229811717427
t40,0.23987088003838364,0.7601291199616164
t41,0.22073358669119436,0.7792664133088056
t3,0.9914321766165205,0.008567823383479495
