"accepted_species","estimate"
"t48",0.100515056623496
"t74",0.564027705908098
"t98",0.264727941779084
"t33",-1.90174941088725
"t89",-1.5320699396624
"t17",0.119094687716489
"t59",0.0521633373764818
"t3",0.740074237415323
"t37",1.32505837942413
"t80",0.125998688641566
