accepted_species,estimate
t48,0.3171198
t74,0.38266963
t98,0.2528557
t33,-2.0220418
t89,-1.8310747
t17,0.22274518
t59,0.50825334
t3,0.73446715
t37,1.5085108
t80,0.22791046
