accepted_species,estimate
t57,0.3364529
t98,-0.2356418
t85,0.00060557405
t46,-0.62338185
t18,0.16765688
t25,-0.1021284
t23,-0.216694
t41,0.07323838
t42,0.07323838
t29,-0.30760914
