accepted_species,0,1
Asclepias_ovalifolia,0.09999999999999998,0.9
Asclepias_speciosa,0.09999999999999998,0.9
Gentiana_algida,0.5222222222222221,0.4777777777777778
Gentiana_nivalis,0.5222222222222221,0.4777777777777778
Gentianella_propinqua,1.0,0.0
Sabatia_grandiflora,1.0,0.0
Galium_bifolium,0.5222222222222221,0.4777777777777778
Galium_mollugo,0.5736415481457691,0.4263584518542309
Mitchella_repens,0.5222222222222221,0.4777777777777778
Galium_pumilum,0.5335995796200289,0.4664004203799711
