accepted_species,estimate
t43,2.3716164
t1,0.40716878
t59,-0.15879318
t60,-0.15879318
t78,0.09209557
t97,-0.25731492
t38,-0.24823532
t34,-0.59065354
t4,0.05316081
t7,0.082868315
