accepted_species,estimate
t74,-0.25797653
t75,-0.25797653
t88,-0.115958415
t72,-0.48102632
t43,-0.12805285
t21,-0.35349542
t30,-0.38558832
t66,2.3511763
t67,2.3511763
t54,2.3511763
