"accepted_species","estimate"
"t51",-0.0186382704314962
"t6",-0.0109005435966008
"t36",-0.00632462567900267
"t38",-0.0031483503210906
"t75",0.0223122703304923
"t39",-0.035858077265742
"t98",0.261402548537374
"t4",-0.0109015449002049
"t83",0.435350713238233
"t88",-0.113997163644929
