accepted_species,0,1
t19,0.7627673130681094,0.23723268693189062
t31,0.7641652977696969,0.23583470223030314
t77,0.7631100775975711,0.23688992240242887
t85,0.7693564386604721,0.23064356133952785
t86,0.7693564386604721,0.23064356133952785
t112,0.7642035219843507,0.23579647801564932
t117,0.7705525503783488,0.22944744962165126
t123,0.7654443168110041,0.23455568318899583
t129,0.7705427759511605,0.22945722404883953
t137,0.7700308418694524,0.22996915813054758
