accepted_species,0,1
t77,0.4235898900884558,0.5764101099115442
t26,0.9791702240220902,0.020829775977909817
t62,0.9853520866890846,0.014647913310915426
t18,0.984910055099212,0.015089944900787917
t15,0.984632227567174,0.015367772432826048
t31,0.9845692960869686,0.015430703913031323
t32,0.9845692960869686,0.015430703913031323
t13,0.9842683226858169,0.015731677314183144
t94,0.9849164679788264,0.015083532021173676
t91,0.1042904379696159,0.8957095620303841
