accepted_species,0,1
t30,0.5840853592185958,0.41591464078140417
t216,0.4068448428761058,0.5931551571238942
t132,0.2781239208241806,0.7218760791758194
t316,0.3942556073990645,0.6057443926009355
t244,0.3774677107738029,0.6225322892261971
t239,0.5383782018970598,0.46162179810294024
t44,0.5851110692574533,0.41488893074254674
t68,0.36154093069732607,0.6384590693026739
t48,0.253935633834351,0.746064366165649
t210,0.5985576713244769,0.4014423286755231
t144,0.6120548924371255,0.3879451075628745
t237,0.6347568528689527,0.3652431471310474
t124,0.392757734249908,0.607242265750092
t95,0.3293732400831725,0.6706267599168275
t278,0.45365500546194326,0.5463449945380567
t187,0.5574950281531108,0.44250497184688914
t153,0.3988976243494555,0.6011023756505445
t147,0.4097007853981257,0.5902992146018743
t180,0.48664905780581136,0.5133509421941886
t148,0.5997381825010102,0.40026181749898976
t221,0.5573923685781021,0.4426076314218979
t222,0.5445450397819789,0.4554549602180211
t194,0.08146220382763791,0.9185377961723621
t142,0.5161347639721637,0.48386523602783627
t185,0.3318669899010209,0.6681330100989791
t186,0.4658508462932225,0.5341491537067775
t99,0.5508655330171637,0.4491344669828363
t106,0.4930538972937515,0.5069461027062485
t119,0.26820614020597455,0.7317938597940254
t38,0.32803373284661297,0.671966267153387
t115,0.1659651560653057,0.8340348439346943
t140,0.13365230519571458,0.8663476948042854
