accepted_species,estimate
t60,-0.05124774328085696
t69,1.06636023228618
t70,1.0415207180060297
t97,1.4807037007114376
t26,-0.8232163733423661
t77,-0.7036126213142617
t28,-0.6161561569063532
t2,-0.6402490524549633
t40,-0.7219765514675123
t46,-0.6037359944489356
