accepted_species,0,1
Peplonia_asteria,0.9224558403629037,0.0775441596370963
Orbea_knobelii,0.9221232083783523,0.07787679162164775
Utania_racemosa,0.9220180155430442,0.07798198445695578
Ruehssia_spiralis,0.922452547367911,0.07754745263208893
Asclepias_cryptoceras,0.92246571052362,0.07753428947637993
Alyxia_laurina,0.9221183832498195,0.07788161675018046
Hoya_maxima,0.922444857706921,0.07755514229307899
Hoya_aurigueana,0.922444857706921,0.07755514229307899
Ruehssia_breviramosa,0.922452547367911,0.07754745263208893
Kuepferia_kanchii,0.9220180155430442,0.07798198445695578
