accepted_species,estimate
t74,-0.512105
t100,0.2350125
t8,-0.23900574
t93,0.11214674
t5,0.11214674
t2,-0.78275794
t51,0.55538803
t98,0.39701042
t53,0.51721174
t38,0.51721174
