accepted_species,0
t23,0.03238839070128298
t31,0.03238839070128298
t40,0.03238839070128298
t6,0.03238839070128298
t30,0.03238839070128298
t3,0.03238839070128298
t69,0.03238839070128298
t36,0.03238839070128298
t47,0.03238839070128298
t24,0.03238839070128298
