accepted_species,estimate
t23,0.6480677
t31,0.10605957
t40,-0.6805051
t6,1.0803126
t30,-0.21401261
t3,-0.7176169
t69,-0.23461217
t36,-1.0075922
t47,0.65097266
t24,-0.17547528
