accepted_species,estimate
t19,-0.5955226482389738
t74,-0.6269266877353258
t79,-0.627445958325279
t80,-0.6274719019849808
t81,-0.6274719019849816
t60,-0.6258500628609368
t34,-0.6201034039303167
t90,-0.6270833109935644
t97,-0.6273131866187335
t98,-0.6273131866187335
