accepted_species,estimate
Arachnothryx_galeottii,-0.1747707457021081
Asclepias_fascicularis,-0.15179007723789034
Asclepias_speciosa,-0.14331518928900827
Blackstonia_perfoliata,-0.5597766826975977
Centaurium_tenuiflorum,-0.7206854698478006
Coussarea_suaveolens,0.9636738680861928
Crucianella_gilanica,-0.4854506370045661
Cruciata_glabra,-0.5518360331195596
Galium_mexicanum,-0.5151754928632156
Tabernaemontana_siphilitica,0.3877625099311089
