accepted_species,estimate
Arachnothryx_galeottii,0.09921727424626574
Asclepias_fascicularis,-0.3600269201317371
Asclepias_speciosa,-0.3095550389430534
Blackstonia_perfoliata,-0.4059979980953972
Centaurium_tenuiflorum,-0.4093363129515687
Coussarea_suaveolens,5.261808806027729
Crucianella_gilanica,-0.36894393657655267
Cruciata_glabra,-0.38022491587204726
Galium_mexicanum,-0.40950816660992756
Tabernaemontana_siphilitica,0.37631972875990094
