accepted_species,0,1
Cruciata_laevipes,0.5346148004671865,0.4653851995328136
Galium_parisiense,0.5250547846100353,0.4749452153899647
Galium_sterneri,0.5343904172553573,0.46560958274464276
Galium_triflorum,0.5259812964765405,0.47401870352345954
Galium_verum,0.524474750440554,0.475525249559446
Edrastima_uniflora,0.6447391817641072,0.35526081823589284
Galium_setaceum,0.5343904172553582,0.4656095827446418
Galium_verrucosum,0.5251784697484356,0.4748215302515643
Richardia_stellaris,0.6511957654307907,0.3488042345692092
Spermacoce_quadrisulcata,0.6504937511499586,0.34950624885004145
