accepted_species,0,1
Cruciata_laevipes,0.13008028,0.8699197
Galium_parisiense,0.13600099,0.863999
Galium_sterneri,0.13008028,0.8699197
Galium_triflorum,0.27132243,0.7286776
Galium_verum,0.15538728,0.8446127
Edrastima_uniflora,0.071971536,0.92802846
Galium_setaceum,0.13008028,0.8699197
Galium_verrucosum,0.29036725,0.70963275
Richardia_stellaris,0.071971536,0.92802846
Spermacoce_quadrisulcata,0.071496844,0.92850316
