accepted_species,0,1
Asclepias_asperula,0.37135673251326695,0.628643267486733
Asclepias_incarnata,0.37135673251326695,0.628643267486733
Asclepias_lanuginosa,0.37135673251326695,0.628643267486733
Asclepias_mellodora,0.37135673251326695,0.628643267486733
Asclepias_ovalifolia,0.37135673251326695,0.628643267486733
Asclepias_sullivantii,0.37135673251326695,0.628643267486733
Asclepias_syriaca,0.37135673251326695,0.628643267486733
Asclepias_tuberosa,0.37135673251326695,0.628643267486733
Asclepias_verticillata,0.37135673251326695,0.628643267486733
Cynanchum_boveanum,0.4366992223007108,0.5633007776992892
