accepted_species,0
t5,
t52,0.434824226756471
t90,0.41399541644897203
t78,1.78434474095294
t25,
t42,
t91,0.6423319929291087
t44,
t75,-0.9355944985569018
t40,
