accepted_species,estimate
t11,1.2484897110039563
t94,1.475291169771767
t95,1.475291169771767
t78,0.06076490940010004
t1,0.9903261580537992
t77,-0.4206535955439502
t37,-0.6113466907192553
t25,-0.6949750816737108
t26,-0.6949750816737108
t44,-1.4065357763831439
