accepted_species,estimate
t11,1.2638651
t94,0.6191228
t95,0.6191228
t78,0.11986018
t1,1.0612146
t77,-0.5354892
t37,-0.58584386
t25,-1.0737572
t26,-0.7969679
t44,-1.3602391
