accepted_species,0,1
t81,0.546534239541184,0.45346576045881604
t84,0.5451446548905607,0.4548553451094392
t87,0.5446980899532803,0.45530191004671977
t95,0.5449384322427449,0.45506156775725515
t111,0.5448138282269177,0.45518617177308224
t116,0.545093373606644,0.454906626393356
t120,0.5451035523412608,0.4548964476587392
t123,0.5464954942532789,0.453504505746721
t134,0.5448919326848902,0.4551080673151097
t144,0.5465234912242544,0.45347650877574563
