accepted_species,0
t69,
t193,
t182,
t115,
t175,
t239,1.17369594978073
t227,-1.2934564582643873
t100,
t38,
t137,
t103,
t79,
t157,
t230,-1.12564628706014
t125,
t208,
t112,
t49,
t178,
t156,
t174,
t93,
t110,
t39,
t82,
