accepted_species,0,1
t66,0.8961732570687412,0.10382674293125885
t83,0.8961732570687412,0.10382674293125885
t84,0.8961732570687412,0.10382674293125885
t85,0.9017493727868625,0.0982506272131375
t86,0.9017493727868625,0.0982506272131375
t97,0.9017493727868625,0.0982506272131375
t113,0.9000313162981236,0.09996868370187638
t147,0.8961732570687412,0.10382674293125885
t148,0.8961732570687412,0.10382674293125885
t159,0.9017493727868625,0.0982506272131375
