accepted_species,estimate
t9,-0.029338279052762255
t19,-0.6318995299647565
t71,-0.3604659120127409
t130,-0.23757465808895734
t131,-0.2271696413526229
t132,-0.23232975735617484
t103,-0.3442479249316102
t104,-0.36277198383452675
t167,-0.37009850215466616
t168,-0.36935134297210287
t112,-0.42618591224410535
t157,-0.33284430918898605
t158,-0.33206816420056934
t146,-0.34037792993346666
t101,-0.35815738610445474
t20,-1.1756068804700899
t8,-0.1938028864190302
