"accepted_species","0","1"
"t33",0.678087147575603,0.321912852424397
"t83",0.944500540200321,0.0554994597996784
"t43",0.498698171053966,0.501301828946034
"t13",0.498698171053966,0.501301828946034
"t5",0.498698171054099,0.501301828945901
"t17",0.393520981536107,0.606479018463893
"t76",0.0799214365539681,0.920078563446032
"t94",0.00984579905926053,0.990154200940739
"t21",0.498729820593199,0.501270179406801
"t18",0.629112495283009,0.370887504716991
