accepted_species,0,1
t33,0.3512685164207101,0.6487314835792899
t83,0.35417086588236135,0.6458291341176386
t43,0.32229623609932134,0.6777037639006787
t13,0.33139507084432307,0.6686049291556769
t5,0.3174044504677035,0.6825955495322965
t17,0.2457236188109143,0.7542763811890857
t76,0.33565511224575195,0.664344887754248
t94,0.35687434319435907,0.6431256568056409
t21,0.3471225174345336,0.6528774825654664
t18,0.32810353618325794,0.6718964638167421
