accepted_species,0,1
t33,0.45002747,0.54997253
t83,0.44403762,0.5559624
t43,0.46520638,0.5347936
t13,0.45114905,0.54885095
t5,0.4227581,0.5772419
t17,0.38699234,0.61300766
t76,0.4641801,0.5358199
t94,0.47928196,0.52071804
t21,0.50793153,0.49206847
t18,0.40793717,0.59206283
