accepted_species,estimate
t97,0.06550187
t98,0.06550187
t82,-1.5191963
t46,-1.7527137
t37,-1.2526238
t41,-0.8318074
t88,-0.23650233
t87,1.2256343
t27,1.1157677
t69,-0.3988177
