accepted_species,estimate
t89,0.4830571
t10,-0.5040479
t11,-0.10290234
t28,0.5657539
t68,0.19922209
t64,-0.40919235
t65,-0.40919235
t84,0.30090693
t7,0.64375955
t5,0.64375955
