accepted_species,0,1
t34,0.719626168224299,0.2803738317757009
t55,0.719626168224299,0.2803738317757009
t56,0.719626168224299,0.2803738317757009
t57,0.719626168224299,0.2803738317757009
t63,0.719626168224299,0.2803738317757009
t76,0.719626168224299,0.2803738317757009
t97,1.0,0.0
t102,1.0,0.0
t108,1.0,0.0
t111,0.719626168224299,0.2803738317757009
t112,0.719626168224299,0.2803738317757009
