accepted_species,0,1
t52,0.00015656403655250895,0.9998434359634475
t32,0.00015737087090983426,0.9998426291290902
t79,0.00015540614909292927,0.9998445938509071
t94,0.00015494558306827777,0.9998450544169317
t71,0.00015600064535292724,0.9998439993546471
t93,0.0001574255254487289,0.9998425744745513
t84,0.00015673531551796405,0.999843264684482
t87,0.00015418088416274678,0.9998458191158373
t68,0.00014045255753092345,0.9998595474424691
t40,0.00014653045185364366,0.9998534695481464
