accepted_species,estimate
t18,-0.23031647228607316
t19,-0.22119576336302355
t90,-0.7882421538058436
t38,-0.789583818320856
t119,-0.8516479403715743
t78,-0.8415448060704348
t47,-0.08044065650695738
t48,-0.08044065650695904
t37,-0.09440127998104127
t84,-0.04982981226320242
t23,-0.263485536286364
t17,-0.24412828306415396
