accepted_species,estimate
t1,0.22510809
t9,0.1755284
t23,-0.056624208
t106,-0.18149726
t241,-1.3116748
t123,-1.2112724
t159,-1.2919652
t175,-1.1498814
t73,0.17438725
t116,-0.1163427
t111,0.085343264
t33,0.06910522
t50,-0.17758584
t44,-0.23968871
t41,0.13522375
t213,-0.32928655
t81,-0.19469588
t190,-0.29921368
t243,-0.50067574
t196,-0.27249697
t121,0.23107807
t98,0.091615334
t127,0.13459456
t80,0.5318216
t171,1.7128323
t192,0.3271704
