accepted_species,0
t100,
t101,
t121,
t139,
t235,
t250,
t348,
t349,
t274,
t304,
t305,
t342,
t383,
t384,
t296,
t297,
t214,
t315,
t184,
t225,
t226,
t266,
t251,
t308,-0.32927200774039006
t309,-0.32927200774039
t300,-0.32927200774039
t341,-0.32927200774039
t357,-0.341418354901848
t324,
t346,
t347,
t165,
t166,-0.252694591725855
t373,
t374,
t361,
t362,
t393,-0.274275212536649
t293,
t104,
