accepted_species,0,1
t56,0.14157781980108974,0.8584221801989103
t22,0.3196542406581119,0.6803457593418881
t97,0.3718264228538076,0.6281735771461924
t88,0.4030325325702566,0.5969674674297434
t58,0.999999969009485,3.099051499418616e-08
t43,0.9999999309123294,6.908767057452078e-08
t18,0.999999901161031,9.883896905111554e-08
t9,0.9999997147717152,2.852282847506399e-07
t33,0.9999992782632654,7.217367345731953e-07
t30,0.987132985818673,0.012867014181326951
