accepted_species,0,1
t56,0.10028732007517016,0.8997126799248298
t22,0.5457223079010388,0.4542776920989612
t97,0.4943391228796534,0.5056608771203466
t88,0.4959673762904495,0.5040326237095505
t58,0.9724312365210638,0.027568763478936175
t43,0.9746085960480875,0.02539140395191254
t18,0.9735484910587132,0.02645150894128676
t9,0.9728055403638939,0.027194459636106113
t33,0.9697445452725064,0.030255454727493525
t30,0.9758367083594889,0.02416329164051107
