accepted_species,estimate
t23,-1.0628561
t87,-1.057955
t15,-1.0575058
t99,-1.0438561
t89,0.9422484
t61,0.95265675
t5,0.9500824
t70,0.9477342
t75,0.9163994
t91,0.9382975
