accepted_species,estimate
t30,-0.4398869995198241
t95,-0.017363904130812728
t63,0.395597821468139
t99,0.4292051837248578
t27,0.38746966910362585
t52,0.3413637233541819
t74,0.3014608560299698
t75,0.29535937733389045
t72,-0.2937340894549519
t68,0.3144621588357103
