accepted_species,0,1
Comastoma_tenellum,0.6792104,0.32078955
Gentiana_aristata,0.5968391,0.40316096
Gentiana_squarrosa,0.5968391,0.40316096
Gentianella_propinqua,0.6683805,0.3316195
Sebaea_ovata,0.6792104,0.32078955
Galium_boreale,0.6863594,0.31364056
Galium_spurium,0.4368422,0.5631578
Vincetoxicum_hirundinaria,0.5854204,0.41457957
Mitracarpus_hirtus,0.66589355,0.33410648
Spermacoce_stachydea,0.6638297,0.3361703
