accepted_species,0,1
t44,0.9429133146217996,0.05708668537820034
t63,0.9433398752406786,0.056660124759321355
t83,0.0653173120804853,0.9346826879195147
t42,0.07766239393583896,0.922337606064161
t40,0.9283053260193515,0.07169467398064854
t24,0.8600600092045871,0.13993999079541283
t4,0.5765008045413019,0.4234991954586981
t11,0.8629024347616209,0.13709756523837913
t17,0.11762660359136001,0.88237339640864
t51,0.07924438946614709,0.9207556105338529
