accepted_species,0,1
t40,0.19323673492235183,0.8067632650776482
t65,0.1782243656868453,0.8217756343131547
t3,0.18912814067303774,0.8108718593269623
t26,0.28321612455065737,0.7167838754493426
t58,0.42011571870681597,0.579884281293184
t84,0.5202450474106504,0.4797549525893496
t97,0.36467173868226777,0.6353282613177322
t47,0.36255159220098176,0.6374484077990182
t95,0.1777454516531619,0.8222545483468381
t6,0.2029231552377071,0.7970768447622929
