accepted_species,estimate
t12,-0.6319107283844015
t13,-0.6319107283844015
t84,-1.0169288098805693
t59,-0.3663009332789622
t60,-0.36633765116624756
t86,-0.36989644171837627
t26,-0.3539032408781962
t95,-0.32170178204694566
t96,-0.3217017820469456
t92,-0.3217017820469456
