accepted_species,estimate
t12,-0.35886295517234434
t13,-0.35886295517234174
t84,-0.3728222233466074
t59,-0.5966644185674124
t60,-0.5967753424683138
t86,-0.6022788390837335
t26,-0.543016705958203
t95,-0.4912067184925397
t96,-0.49120671849253944
t92,-0.4907724812392583
