"","V_1","V_2","V_3","V_4","V_5","V_6","V_7","V_8","V_9","V_10","V_11","V_12","V_13","V_14","V_15","V_16","V_17","V_18","V_19","V_20","V_21","V_22","V_23","V_24","V_25","V_26","V_27","V_28","V_29","V_30","V_31","V_32","V_33","V_34","V_35","V_36","V_37","V_38","V_39","V_40","V_41","V_42","V_43","V_44","V_45","V_46","V_47","V_48","V_49","V_50","V_51","V_52","V_53","V_54","V_55","V_56","V_57","V_58","V_59","V_60","V_61","V_62","V_63","V_64","V_65","V_66","V_67","V_68","V_69","V_70","V_71","V_72","V_73","V_74","V_75","V_76","V_77","V_78","V_79","V_80","V_81","V_82","V_83","V_84","V_85","V_86","V_87","V_88","V_89"
"t23",-0.0855060161588181,-0.106412240862529,0.0151965184739486,-0.0043199287766821,0.000645627259074859,-0.378997852444844,0.233742114086469,-0.00673218942065712,0.00411598214189266,-0.0522556748856518,-0.0036322014226884,0.0249174466755833,-0.00910304880924449,3.7128485797009e-05,-0.00329938900346984,0.000877849518872164,-0.0651796493689129,0.00294393445217802,-0.000261010664266797,9.23411164821261e-05,-0.00683541945023417,0.00248553740532626,-0.00288771615713265,6.51068591675282e-05,-0.00121613120619964,0.000156468555904944,-0.000900249425593679,0.00558771822038352,-0.513646803144161,0.00154804802132193,-4.80994972153282e-16,-0.00146722180526815,6.78585209593746e-05,-1.8610687247164e-05,-7.29530559492284e-05,0.000873500410558757,-0.000362387175007142,-3.98250542817981e-16,0.00307889441830054,2.55585599984102e-15,-0.00275681581734862,5.63069283722735e-17,3.97105409608316e-06,7.5123613180078e-16,3.30686230189127e-05,2.89374991044108e-16,0.707106781186549,-5.37853526004506e-16,-1.37333817730466e-06,-0.000402463402099112,0.000106269698675784,6.95272898625341e-17,2.73729681205524e-05,9.72183135726512e-17,-5.577172002467e-17,-1.31632347284927e-16,-3.64491903353365e-05,-1.21900117713482e-16,-4.34295774886475e-16,-5.23345364191571e-05,3.90475443030686e-05,6.8037522946681e-06,4.1553089328384e-17,6.86645096105284e-17,0.000325648304274775,-1.5444493590257e-16,-1.61648772646974e-05,-1.23355449853114e-16,-3.25896882821173e-17,2.51616150090201e-06,3.44683094553224e-06,5.89176140719211e-17,-1.76463504944832e-18,-9.94830985904682e-07,-1.19087685854968e-16,1.32849618382795e-18,2.63021230619796e-17,1.80343075772507e-16,5.05593478623725e-16,-5.13094550708491e-17,-3.06250437606308e-16,-1.30647904555577e-15,-2.44491751528739e-08,-5.00689789031594e-18,1.62892035452367e-16,2.3146074572457e-06,-9.2597541585262e-17,-8.62966700088215e-17,1.89448569230066e-16
"t26",-0.0855060161588183,-0.106412240862529,0.0151965184739493,-0.00431992877668167,0.00064562725907477,-0.378997852444844,0.23374211408647,-0.00673218942065703,0.00411598214189264,-0.0522556748856523,-0.00363220142268849,0.0249174466755833,-0.00910304880924396,3.71284857969369e-05,-0.00329938900347019,0.00087784951887246,-0.0651796493689139,0.00294393445217785,-0.000261010664266853,9.23411164820579e-05,-0.00683541945023421,0.00248553740532619,-0.00288771615713301,6.510685916775e-05,-0.00121613120619929,0.000156468555904734,-0.000900249425593236,0.00558771822038465,-0.513646803144161,0.00154804802132152,-4.18142203718123e-16,-0.00146722180526781,6.78585209618321e-05,-1.86106872463622e-05,-7.29530559488905e-05,0.000873500410556802,-0.00036238717500745,-2.56883450801663e-16,0.00307889441830249,-7.47568592015369e-16,-0.00275681581735085,-1.80251953613748e-16,3.97105408978313e-06,-6.92743852684991e-16,3.30686230187182e-05,-2.44009738704495e-16,-0.707106781186547,6.38905716749961e-16,-1.37333817936589e-06,-0.000402463402098397,0.000106269698671998,-9.60458785937964e-17,2.73729681175686e-05,-6.61562646888642e-17,-5.22022531719647e-17,2.32000708096519e-16,-3.64491903343202e-05,1.44994847221767e-16,1.0771660124204e-16,-5.23345364209288e-05,3.90475443063008e-05,6.80375229258408e-06,-1.80055384252618e-16,1.35783862284067e-17,0.000325648304276072,2.00756970090301e-16,-1.61648772651558e-05,-1.20156795196381e-16,-1.06632049556894e-17,2.51616150094818e-06,3.44683094762597e-06,-8.01568837842616e-17,1.06195620659085e-17,-9.94830984041086e-07,1.19333630495041e-16,2.84616694872037e-17,1.99317742774384e-17,1.95691001990332e-17,8.82588739199344e-16,-2.16498608594364e-17,-1.45275618019824e-16,-7.74778187874523e-16,-2.4449176651868e-08,2.15803197826488e-17,1.69804856956658e-16,2.31460745678407e-06,-1.40559408296511e-16,1.43143770553432e-16,1.7213439696218e-16
"t78",-0.0860698806256375,-0.108349898888467,0.0156363894850478,-0.00445582432511066,0.000671970791723909,-0.402021125065222,0.248561126817635,-0.00718804392448043,0.00440089046865979,-0.0558794490731148,-0.00391792299686956,0.0272325494515643,-0.01004588125828,4.17118163369039e-05,-0.00381463056273041,0.00101787775094722,-0.0758233110919122,0.00347878295399298,-0.000310646231204685,0.000110933628772287,-0.00851833791822984,0.00321269426170262,-0.00375669720762198,9.29578392221826e-05,-0.00176162967194238,0.000230272498027362,-0.00978675518676834,-0.0100602996294948,0.48573794995257,-0.0011446335073273,6.26429598079192e-16,7.36504849333201e-05,1.24686267208722e-05,-5.35342745205968e-06,-2.36348706996199e-05,0.00031492338752417,-0.000142176817963775,-2.4222229780791e-17,0.00151836868499308,-6.51340147704629e-16,-0.00140454020919138,-5.71882376984832e-17,2.15647146733405e-06,-2.95474180209931e-17,1.81865707521046e-05,1.94868400830872e-16,2.77555756156289e-17,-6.87687849029226e-18,-8.41861469941202e-07,-0.000247004329067409,6.52795160490042e-05,1.61625866811634e-16,1.71039069310124e-05,-3.41365402689235e-16,-3.17471827705478e-16,-1.37746591294161e-16,-2.35452513538321e-05,-8.88535483995063e-17,3.52044751630994e-16,-3.41366298322556e-05,2.55401715262957e-05,4.56044733854571e-06,1.64844757474318e-16,1.92312415594686e-16,0.000219195884076447,-2.25637861699388e-16,-1.09547547355252e-05,1.75382971677631e-16,-5.99765407241094e-17,1.71906202326294e-06,2.36119618600953e-06,3.66706537550405e-16,-4.14235309036951e-16,-6.91821477300831e-07,-2.57767981674154e-16,-2.05606309404172e-16,-4.1875208945292e-16,-8.76217263769964e-16,-0.707106781186548,-3.33720857286711e-15,3.55550469158918e-15,-1.61084377990006e-15,-1.73178373089393e-08,-4.23084256628084e-16,9.43635666472199e-16,1.6449690123104e-06,1.81355947890228e-16,8.44006616046662e-16,2.14132370117407e-16
"t79",-0.0860698806256375,-0.108349898888467,0.0156363894850479,-0.00445582432511081,0.000671970791723883,-0.402021125065222,0.248561126817636,-0.0071880439244805,0.00440089046865987,-0.0558794490731148,-0.00391792299686948,0.0272325494515643,-0.0100458812582801,4.17118163371421e-05,-0.00381463056273047,0.00101787775094713,-0.075823311091912,0.00347878295399306,-0.00031064623120476,0.00011093362877239,-0.00851833791823,0.00321269426170258,-0.00375669720762163,9.29578392221424e-05,-0.00176162967194232,0.000230272498027268,-0.00978675518676859,-0.0100602996294946,0.485737949952571,-0.00114463350732737,9.90685430157979e-17,7.36504849329039e-05,1.2468626720807e-05,-5.35342745207388e-06,-2.36348706997098e-05,0.000314923387523983,-0.000142176817963808,1.7666110682703e-16,0.00151836868499196,-6.85982231764489e-16,-0.00140454020919152,1.22804331998251e-16,2.15647146716088e-06,-1.3327493657298e-16,1.81865707518974e-05,-2.06984775155845e-16,1.11022302462516e-16,-7.93492852559083e-18,-8.41861470134789e-07,-0.000247004329066871,6.52795160488693e-05,-2.40994982830155e-16,1.71039069317613e-05,3.3150596794824e-16,1.34741120699915e-16,6.61426159037895e-17,-2.35452513526601e-05,1.26685922074566e-16,-1.33190944589674e-16,-3.41366298320334e-05,2.55401715261074e-05,4.56044733788177e-06,-2.24248294896755e-16,-9.86370816252177e-17,0.000219195884075349,2.48532095477057e-16,-1.09547547369231e-05,-2.74264835620009e-16,3.02482147990741e-18,1.71906202318159e-06,2.36119618715098e-06,-3.83243272860694e-16,3.96004488748611e-16,-6.91821476200666e-07,2.25160293759956e-16,1.83210133388321e-16,4.05797790015077e-16,8.25900036160851e-16,0.707106781186547,3.24813387922916e-15,-3.52096355326749e-15,1.50010276145888e-16,-1.73178347427225e-08,4.27032238823607e-16,-6.94797981736728e-16,1.64496901743611e-06,-2.51773994801609e-16,-9.42536679452704e-16,4.49145887149852e-17
"t29",-0.0916175931571815,-0.147351150743689,0.051639185479285,-0.0333698729737613,-0.000670266526999929,0.0138689025723417,-0.00380453522467228,-4.52841028165084e-05,0.000518679673981009,0.0164704877434116,3.8401432067358e-05,-0.00259010141855867,0.0021076868761272,-2.45075562533674e-05,0.0112325329956687,-0.00377757780682034,0.383663720750635,0.0492073516169825,-0.00189397179068141,0.00041270345250026,-0.0136767568556948,-0.00464868005355896,0.549775581265567,0.000139895299777674,-0.00255356069850854,0.000322408709040696,-0.0444112304692178,-0.00269769623590418,0.00420149811839001,0.000167777349749185,-1.10942898097475e-16,-0.000732260133635811,4.27255875015377e-05,-1.27952419664955e-05,-5.1666982146331e-05,0.000637547449280132,-0.000271883421311238,-9.1925828881674e-16,0.0124369491847837,0.707106781186546,-0.0111078461581237,-1.71358992059414e-16,2.95181950020261e-06,-3.28901221218666e-16,2.49518860580381e-05,-1.39795784355736e-16,-2.16493489801906e-15,-1.38816882770709e-17,-1.13613129701465e-06,-0.00162186213186567,8.27306586601744e-05,3.62320976035821e-16,2.22011164544238e-05,-3.77374261960553e-16,-3.76681744728514e-16,1.04705398242136e-16,-0.000145738524426925,-1.28585345845623e-16,1.74483873768909e-16,-4.31815634493621e-05,3.22509960165517e-05,5.68181810120535e-06,-1.38946777744925e-16,1.00836112652466e-17,0.00128361676472321,6.59869045176328e-17,-1.34737244083368e-05,9.88926649950614e-17,-1.08259431130107e-16,2.10487812850896e-06,2.88616897573545e-06,1.86194001870525e-17,-4.89145920439739e-17,-8.37026361588447e-07,-8.46959686965729e-17,1.85260623847979e-17,6.80626016648671e-17,5.89040553191647e-17,-1.78272608819877e-16,-1.07088361264688e-16,-5.54348949375975e-16,-1.04337264657113e-15,-2.06804362503394e-08,2.11753118029551e-16,3.49742308385834e-16,8.94180631223046e-06,-2.98468398287033e-16,4.63881124764761e-17,2.04262560204796e-16
"t11",-0.0916175931571813,-0.147351150743689,0.0516391854792849,-0.0333698729737614,-0.000670266527000033,0.0138689025723417,-0.00380453522467211,-4.52841028165639e-05,0.000518679673981084,0.0164704877434117,3.84014320673545e-05,-0.0025901014185585,0.002107686876127,-2.4507556253224e-05,0.0112325329956684,-0.00377757780682058,0.383663720750634,0.0492073516169822,-0.00189397179068142,0.000412703452500732,-0.0136767568556949,-0.00464868005355951,0.549775581265565,0.000139895299777902,-0.00255356069850855,0.000322408709040542,-0.0444112304692192,-0.0026976962359043,0.00420149811838777,0.000167777349749405,-6.78523887805814e-17,-0.000732260133632897,4.27255874999105e-05,-1.27952419651896e-05,-5.16669821477503e-05,0.000637547449281384,-0.000271883421311579,-1.16501913982249e-16,0.012436949184806,-0.707106781186548,-0.0111078461581064,3.23503717659008e-17,2.95181949390155e-06,3.98382114431919e-17,2.49518860533453e-05,1.36217131984242e-16,1.55431223447522e-15,1.08014702292806e-16,-1.13613130005576e-06,-0.00162186213186777,8.27306586618987e-05,-2.81769557294127e-16,2.22011164529326e-05,3.36895165483386e-16,2.03758149270906e-16,-2.97377547791187e-17,-0.000145738524425867,3.31188618733669e-16,-1.53375106758344e-16,-4.31815634488939e-05,3.22509960172665e-05,5.6818181011495e-06,5.92480109400139e-17,1.25412047382471e-16,0.00128361676472468,4.07700145224126e-17,-1.34737244090167e-05,-2.24200865005716e-16,6.82975343673196e-17,2.10487812791118e-06,2.8861689766479e-06,8.96200253012908e-18,3.8117107914309e-17,-8.37026361125377e-07,3.59967466778616e-17,-3.99248269301381e-18,3.72774226139671e-17,1.29385772665708e-16,-3.42716825638356e-16,4.9052752742102e-17,-1.03540116143588e-16,-7.8140803297847e-16,-2.06804359481189e-08,-1.65699350414082e-16,1.29329748035165e-16,8.94180631335655e-06,-2.35262530168254e-16,-1.0766356083169e-16,1.67327099970634e-16
"t22",-0.0977513111474122,-0.180761913731163,0.0750654306421514,-0.0508699105957213,-0.00126605682045573,0.0649998546133791,-0.0229093435233344,-0.000525473330578639,0.00904008262109738,0.299857952925181,-0.000286223233088634,0.00558934613774811,-0.00282330678927746,1.77903973256134e-05,-0.00397505040351226,0.00125371012479255,-0.118568094651387,-0.010896443271025,0.000361049162251808,-6.46286358391046e-05,0.000914010100836965,7.31587242625894e-05,-0.0049586036715824,6.7530800386826e-06,-0.000135727783495304,1.86274220506324e-05,-0.00274728206116167,-4.65907742013558e-05,-3.378879959548e-05,-3.33931706581695e-06,3.0282951812536e-16,9.73458200607527e-05,-1.26858633605384e-05,6.33848341614601e-06,3.22174588255799e-05,-0.000525458411954109,0.000303734138582219,5.12920851072483e-15,-0.880920282310125,-1.49342874780966e-14,-0.100949983624876,-1.34901336502213e-16,8.50912759213219e-06,7.29030878495708e-16,6.36341624756502e-05,-7.03634471602e-16,-9.99200722162641e-16,8.90009009041143e-16,-6.02862985496755e-06,-0.207640909216356,-0.000374463449914318,1.92696661826119e-15,1.97433847199508e-05,3.97268398636141e-16,-2.32641471524805e-16,-5.07429534919558e-16,-0.00964749412506582,2.6127448937457e-16,-1.96867851606244e-16,-3.95502971168323e-05,2.93817863037022e-05,4.90507673557275e-06,8.99207401255167e-18,8.67710903426633e-17,0.00109761910596406,-2.1466399448133e-16,-1.13460702504494e-05,-3.03761782178475e-16,-2.36510016946157e-17,1.74068906187692e-06,2.37279107118725e-06,5.54021745413892e-17,9.53821953643083e-17,-6.66230747991786e-07,-5.7264392242173e-17,6.99343082119554e-17,5.03406066594062e-17,2.91372680561109e-16,-5.64504015762687e-16,2.1706862910098e-17,-3.90027970249553e-16,-4.70957680761005e-16,-1.58576463794717e-08,-9.40241821983383e-17,3.66972333155015e-16,6.81217136880369e-06,-1.16467456632589e-16,2.5304129487641e-16,1.80853013145073e-16
"t37",-0.098645070751872,-0.185305255271932,0.0780522148348753,-0.0530675165236005,-0.00133674239676591,0.0703609332675344,-0.0248792899160123,-0.000573651169733323,0.00988687040830651,0.327995885032395,-0.000316579054252155,0.00628559413077469,-0.00321371851943221,2.06996661927725e-05,-0.00478686922226799,0.0015149024408111,-0.143818555957819,-0.0134596218834506,0.00044965221220069,-8.13478712780233e-05,0.00119813509127845,9.97024555210238e-05,-0.00680322957328445,1.0157301247018e-05,-0.000206922183293602,2.88151218655246e-05,-0.00966577088096704,-0.000650192147373834,0.00104469888006142,4.22086837174901e-05,6.30396949178716e-17,-0.000197382971541968,1.21164677797002e-05,-3.77705678077835e-06,-1.55831631930792e-05,0.000198290104172202,-8.81781215797775e-05,-1.00600936076703e-15,0.0482781098046137,-4.2069994470399e-16,0.0025761128465551,7.38060498427845e-16,1.41849223061444e-07,3.44039846201157e-16,1.27953238077191e-06,1.06753951583365e-16,1.66533453693773e-16,-1.59502813771591e-15,1.54095960308652e-05,0.704312027303961,0.0016632888937095,-6.65334339833473e-15,2.80925970093595e-05,-1.22325209750534e-15,5.27576040261223e-16,-5.59720491139201e-15,-0.550619472299301,1.21846275967815e-14,-1.51894364898478e-15,-2.07418085209698e-05,1.58695016026237e-05,2.72867446877977e-06,-9.97177504191649e-17,-3.36005300350785e-16,0.000610762777318591,-3.99390710965231e-17,-6.3219727017132e-06,3.25848067262623e-16,-2.59585993079362e-16,9.73130980837506e-07,1.32849419743835e-06,8.16702886429464e-18,3.25249978549207e-17,-3.77429702639598e-07,2.43594939856154e-17,2.01008030920227e-16,5.00941347892263e-17,-4.66875525211785e-16,1.81099065162639e-16,-2.2499015053094e-16,-2.7552922351216e-16,-5.2887182933244e-16,-9.16981158539735e-09,1.11570239439526e-16,-5.52607877703533e-16,3.95609054962156e-06,-1.92421589746065e-16,5.47330522820603e-16,1.17650248138413e-16
"t97",-0.0991349958814237,-0.18778641683856,0.0796779732868377,-0.054262820187934,-0.00137508551782477,0.0732533930849835,-0.0259414097575195,-0.000599598455993351,0.0103427555847907,0.343144025240882,-0.0003328840450002,0.00665833168223252,-0.00342223397198381,2.22470663491325e-05,-0.00521601025017056,0.00165289155447711,-0.1571497074775,-0.0148087114596926,0.000496223852010808,-9.01206851969849e-05,0.00134627850133263,0.00011346404100244,-0.00775867152201059,1.18995427372235e-05,-0.000243299626509986,3.40117060658622e-05,-0.0129974998003459,-0.000932796228730069,0.00154330768812547,6.31518492459775e-05,-2.88439137719643e-16,-0.000327144000513803,2.25297759705313e-05,-7.84116670536003e-06,-3.43463596189448e-05,0.000473818557816295,-0.000232171827585868,-1.90153013807194e-15,0.31208654500251,6.16052714257284e-15,0.0291878047558982,-9.56141762399275e-16,-1.27720849795281e-06,-1.89923185609715e-16,-7.59405811391666e-06,1.35933209708941e-16,-1.38777878078145e-16,8.43390081334784e-16,-9.30536526588205e-06,-0.413564736589374,-0.000955967366679244,4.31340249450294e-15,-1.0142937751759e-05,-4.34719696052376e-16,2.39977981275496e-16,-2.0911075157595e-15,-0.126827883270965,2.93751259793494e-15,-6.489897490672e-16,1.13586936823677e-06,-3.27216416058477e-07,4.38623849724842e-07,-1.23744675933787e-16,-1.66863976543502e-16,0.000113021264896534,4.53285026191877e-17,-1.40430883409265e-06,-1.18085360285185e-16,9.21306630068261e-17,2.56377933482148e-07,3.6722048010103e-07,6.93005222202178e-17,1.0055167178463e-16,-1.29977301986381e-07,1.89716524509202e-17,-1.14471539708853e-16,-2.02216072561929e-16,4.78478721379485e-16,-2.78727464419649e-16,7.19816838871076e-16,-2.77531384638793e-16,6.37279210445376e-16,-3.82810201364681e-09,-8.76284089297867e-18,-6.8374303387823e-17,1.70010083120383e-06,8.5180385487404e-16,-0.707106781186548,-5.64587510396958e-16
"t98",-0.0991349958814236,-0.18778641683856,0.0796779732868377,-0.0542628201879336,-0.00137508551782475,0.0732533930849836,-0.0259414097575197,-0.000599598455993383,0.0103427555847907,0.343144025240882,-0.000332884045000106,0.00665833168223251,-0.00342223397198371,2.22470663491896e-05,-0.00521601025017063,0.00165289155447706,-0.157149707477499,-0.0148087114596928,0.000496223852010975,-9.01206851969343e-05,0.00134627850133287,0.000113464041002376,-0.00775867152201088,1.18995427372025e-05,-0.000243299626510075,3.40117060657562e-05,-0.0129974998003456,-0.000932796228729965,0.00154330768812556,6.31518492459054e-05,2.86699572180342e-16,-0.000327144000513727,2.25297759704634e-05,-7.84116670553334e-06,-3.43463596191158e-05,0.000473818557816117,-0.00023217182758608,-1.51720720142332e-15,0.312086545002511,5.70954296575824e-15,0.029187804755899,-2.81951949075932e-17,-1.27720849833979e-06,2.92214697250691e-17,-7.59405811395395e-06,-6.24914556012204e-18,9.71445146547012e-17,8.62826489250715e-16,-9.30536526576217e-06,-0.413564736589375,-0.000955967366679579,4.14936646217643e-15,-1.01429377517441e-05,-1.07540195507372e-16,-4.84966316801885e-16,-2.03081430181064e-15,-0.126827883270965,3.11009225059454e-15,-6.65052789096845e-16,1.13586936804101e-06,-3.27216415918442e-07,4.38623849957937e-07,7.44688976462686e-17,1.2782108964305e-16,0.000113021264896399,1.13693891199378e-16,-1.40430883445329e-06,-2.5667462381973e-16,5.0979661039891e-18,2.56377933498877e-07,3.67220479953856e-07,-2.15249099060078e-16,-2.11105629331851e-16,-1.29977302333857e-07,-1.90025595569507e-18,-1.88441383224463e-16,2.07592705946362e-16,-1.15420258330092e-16,1.8787063375256e-15,-6.94349164400829e-16,4.70102015127582e-16,-8.99774179979866e-16,-3.82810370493124e-09,1.82154841526139e-16,2.68602221793841e-16,1.70010083394167e-06,-1.10389467811594e-15,0.707106781186547,8.63355079218493e-16
"t45",-0.0987668748350608,-0.185922592781767,0.0784569914582744,-0.0533651649228825,-0.00134629563099453,0.0710823750034765,-0.0251442415631623,-0.000580125274356719,0.0100006268138953,0.331775803598881,-0.000320649482226952,0.00637870641520666,-0.00326583116706392,2.10867081344771e-05,-0.00489433555167168,0.00154946185594825,-0.147157768079054,-0.0137977428446544,0.000461327422650227,-8.35478788641466e-05,0.00123533004501836,0.000103161274763119,-0.00704341097623951,1.05962268227198e-05,-0.000216089477669643,3.0125088514547e-05,-0.0105138514582202,-0.000722444600466852,0.00117241842252816,4.75776413337229e-05,-5.67461163074485e-16,-0.000230853048079942,1.48191350707068e-05,-4.83747273827268e-06,-2.04919001820213e-05,0.000270613691651084,-0.000126114206290501,-1.04142972295887e-15,0.119285866709334,1.94726642835712e-15,0.00978461223254234,3.58010900417943e-16,-2.4994528281886e-07,-8.8677107559339e-16,-1.18395229770114e-06,4.40058403195842e-16,8.14452671971111e-16,-9.31021742067953e-16,7.49201959358629e-06,0.344577140656205,0.000817427805522838,-4.14944352303094e-15,1.44857241560521e-05,1.38090854139664e-15,-3.90816665112538e-16,1.02261210936456e-14,0.815202034222692,-1.85224518785975e-14,3.16210666327089e-15,-2.3873905452066e-05,1.66105174445764e-05,2.36017489409797e-06,-6.45208944254959e-17,5.07058672802566e-16,0.00052567363090495,9.70542335858287e-17,-5.42030753103879e-06,-1.34618182781217e-16,9.80528153124062e-17,8.33970296007041e-07,1.13908242245109e-06,9.89611911848102e-17,-3.47934874717812e-17,-3.25625887281028e-07,1.64858441001797e-17,1.4013693488106e-17,-1.3063598810417e-16,-1.83625380338055e-16,-6.2049858843316e-16,-2.04740258225332e-17,-1.36069989734999e-17,-2.93635831877999e-16,-8.00071638550954e-09,-1.52422610835406e-16,2.19829319557576e-16,3.45933932953648e-06,1.15117249508418e-16,-1.92686994645244e-16,1.41147815109997e-16
"t6",-0.0924480251568445,-0.151557924978268,0.0543990965238095,-0.0354013494729966,-0.000736252731360909,0.021052499853994,-0.0075000305398496,6.24830385574475e-05,-4.32411352020677e-05,-0.000596663779570406,2.97425531622098e-05,-0.00237436095108456,0.00202297155073497,-2.47802963121884e-05,0.0121396024173439,-0.00411125030686944,0.420934221360356,0.0563643515446241,-0.00222008518369304,0.000500999803368245,-0.0217043579078549,0.0128026641579646,-0.4100063472571,0.000112712296842614,-0.00213499740935558,0.000278483422391951,-0.321177889998031,-0.000373578984343287,0.0014523039541929,6.6894827819527e-05,-7.63644574219487e-15,-0.000429974375525402,2.80572747776426e-05,-8.81768364446628e-06,-3.62108920954102e-05,0.000454532676175765,-0.000196795625671372,-0.707106781186547,0.0096051060827636,-5.93252000124484e-17,-0.0109297838149215,1.23044054397739e-16,2.2399049920326e-06,1.13776005812613e-17,1.90478558024165e-05,-7.62410473686857e-17,-1.59594559789866e-16,-1.41378317393129e-16,-8.99590590369083e-07,-0.00127943026657502,6.55698907601834e-05,2.02783740615644e-16,1.76860145940069e-05,8.81285358254285e-17,-1.99823261213001e-17,-4.89038323913415e-17,-0.000116837378057363,1.02211110897404e-16,-2.92238872378362e-16,-3.48682042290495e-05,2.6065175424629e-05,4.63228009577338e-06,8.94202813318806e-17,2.04247910141891e-16,0.0012984475452921,1.10830998204837e-16,-1.1006334902517e-05,-3.97001165902655e-17,-1.25368416192242e-16,1.72461832912206e-06,2.36696135358423e-06,-1.19030692340761e-16,2.8518153380521e-17,-6.89993740626781e-07,-8.20931605717671e-17,1.3740656374707e-16,-1.04891531762842e-17,-1.60405485473398e-16,-8.87627925425064e-17,1.08375592856484e-18,2.48773232353834e-17,-8.7891599141376e-16,-1.71558560881128e-08,-1.27391045313651e-16,9.42800733451233e-17,9.13195811805491e-06,-1.68058536806706e-16,2.79883068938289e-16,3.43179990877458e-16
"t7",-0.0924480251568445,-0.151557924978268,0.0543990965238095,-0.0354013494729966,-0.000736252731360909,0.021052499853994,-0.00750003053984954,6.24830385577146e-05,-4.32411352021059e-05,-0.00059666377957035,2.97425531620085e-05,-0.00237436095108451,0.00202297155073494,-2.47802963121564e-05,0.0121396024173437,-0.00411125030686951,0.420934221360355,0.0563643515446241,-0.0022200851836931,0.000500999803368245,-0.0217043579078551,0.0128026641579649,-0.410006347257099,0.000112712296842709,-0.0021349974093553,0.000278483422391864,-0.32117788999803,-0.000373578984343301,0.00145230395419243,6.68948278195651e-05,6.9813619357797e-15,-0.000429974375524458,2.80572747772619e-05,-8.81768364305964e-06,-3.62108920965946e-05,0.000454532676175588,-0.000196795625673466,0.707106781186547,0.00960510608277164,1.03135942374413e-15,-0.010929783814919,-1.64270580507879e-16,2.2399049917853e-06,-2.58382486855225e-16,1.9047855802721e-05,-1.49742440657327e-18,3.29597460435593e-17,-9.91198316291579e-17,-8.99590590256766e-07,-0.00127943026657386,6.55698907613305e-05,-2.4762881560719e-16,1.76860145953408e-05,-1.76032205245076e-16,-1.2230317655347e-17,-2.07506756070666e-17,-0.000116837378057433,-2.29104634987957e-16,2.90335517132767e-16,-3.48682042287905e-05,2.60651754243929e-05,4.63228009517705e-06,-2.13195897340866e-16,-1.93269515456115e-16,0.00129844754529256,-2.63579283914056e-17,-1.10063349023279e-05,-1.39104267884606e-16,2.40453707549351e-17,1.72461832860047e-06,2.36696135388976e-06,1.27567145965352e-17,-3.92704013246668e-17,-6.89993741078361e-07,2.52183574253997e-17,-6.06279200248686e-17,9.5796467760203e-17,1.47056184482348e-16,-7.80050693831983e-17,-1.29272053736281e-16,8.97419861488262e-17,-6.88709654377858e-16,-1.71558561967042e-08,9.64696854840442e-17,1.80665525912164e-16,9.1319581183298e-06,6.44075452174059e-17,-3.13317898157822e-16,6.02905666565652e-17
"t5",-0.0915456585006264,-0.147486929897263,0.0520835475908622,-0.0337648609571225,-0.000692226840155682,0.0191890185451325,-0.00680771286647913,5.63305025231275e-05,-3.8890396333301e-05,-0.000536522066954342,2.63509056235012e-05,-0.00205586330477855,0.0017213844360664,-2.04019397050158e-05,0.00945105747495008,-0.00318207447726193,0.323645523644823,0.0419447851676954,-0.00162698765514088,0.000359727088401309,-0.0143122033016671,0.00768615901643036,-0.24184236352413,4.91645272370621e-05,-0.000879589794044455,0.000107310642941394,0.887787807063058,-0.008974922964467,0.0111853304126188,0.000418398652464461,7.35035858349119e-16,-0.00139681718283952,7.26818525167202e-05,-2.05864987457473e-05,-8.14689472666361e-05,0.000984835133389927,-0.000412507426972838,-6.46972539439898e-16,0.0180824123133783,-9.56578526015406e-16,-0.020213436828299,-1.19397574710423e-16,3.99215756175843e-06,2.06705815898166e-16,3.36890068455145e-05,4.30655114946099e-17,2.50667542278649e-16,3.28053932303226e-16,-1.48183114670831e-06,-0.00210575899329394,0.000107850627343146,-2.88286584687235e-17,2.87394007619647e-05,-1.62796734660201e-17,-2.07074455457243e-16,5.00571338705157e-17,-0.00018527050595477,1.47838574931795e-16,-7.03666988249572e-17,-5.48861725453518e-05,4.09430303940188e-05,7.13926262292945e-06,-7.71874183018929e-17,9.31626685233609e-17,0.00199451442559112,-2.50775599802063e-17,-1.68152424966633e-05,-1.21282204309083e-16,2.41209414348677e-18,2.61765497360617e-06,3.58483289019523e-06,3.29736534076144e-18,2.5571066530641e-17,-1.03216807564093e-06,9.34874205618641e-17,-4.37535344583296e-17,-1.41244976777169e-17,-2.25373408902323e-16,4.95200721783195e-17,-6.04489170461275e-18,-5.02647350819951e-16,-1.12938443600114e-15,-2.52695320323194e-08,2.10833884616547e-17,6.44459946837806e-17,1.34124729063341e-05,-1.74057141854954e-17,-2.88316033314082e-16,8.37022490563527e-17
"t25",-0.0984672991423162,-0.185497233275166,0.0792255478547822,-0.0541775352721105,-0.00141532011158712,0.118275922977731,-0.0596198443338417,0.0016827971227661,-0.00861926270107468,-0.261241657933501,-0.000141378226784811,0.0040445793152197,-0.00220767185564497,1.48924556512792e-05,-0.00354254810847574,0.00112386488173402,-0.107004115899838,-0.0101916963025527,0.000344344352503187,-6.35357158851013e-05,0.00115892124548708,-0.000169908521481216,0.0033490826060858,3.57877012755694e-06,-7.38553971585936e-05,1.03368948743462e-05,-0.000473446403560299,0.000118983008494083,-0.000305884507391869,-1.44380469383233e-05,2.13445871005128e-16,0.000152438405391947,-1.60805854013575e-05,7.28657213043332e-06,3.55970565155198e-05,-0.000553772997197,0.000303465554905458,-1.1196989174569e-15,-0.0959240454686024,9.81758030297581e-15,0.906741347037418,-1.45899988449724e-16,1.33942687889665e-05,3.32032533035014e-15,9.34800216950316e-05,7.54305067747262e-16,-1.50920942409982e-15,-3.57051387939066e-17,-1.71072124735704e-06,-0.00241675687118262,0.00012323356990392,-2.71327791435895e-16,3.03500625108612e-05,-3.38665584829446e-16,-3.9308803945504e-17,7.5108769398869e-18,-0.000172638970961367,4.59947978311515e-16,3.60875686731411e-16,-4.97718036969325e-05,3.6891224577805e-05,7.23162374366556e-06,-2.43318052595268e-16,3.21021940901653e-16,0.0819287130570109,2.24134933889308e-16,-1.08763356336805e-05,-4.85879119845412e-17,1.27983478744624e-17,1.83416789340104e-06,2.52459716779542e-06,-1.58977683191793e-17,-3.90388125185293e-17,-7.21201455634667e-07,7.59672867123654e-18,-3.65998913011399e-17,-2.52609694512342e-17,2.1577241862887e-16,7.29312295499682e-17,-2.62049081885302e-17,1.26414837799586e-16,-8.12339647633359e-16,-1.71294507423046e-08,1.60708640463564e-17,1.61751807921227e-16,0.000343190240884533,-2.33048609787264e-17,-3.80036897335568e-16,2.14398642268704e-16
"t94",-0.100168791592006,-0.194346842607859,0.0852331334877573,-0.0586422230149737,-0.00156659071044675,0.137093848063861,-0.0695192960559304,0.00198121768374013,-0.0101817812400932,-0.308686957611606,-0.000170502695231112,0.00502862781601091,-0.00280641883867386,1.97061845840464e-05,-0.00499106363899537,0.00159326136066714,-0.152756125658794,-0.0150399558753045,0.000515806913508055,-9.7033087568598e-05,0.00190614968205172,-0.000300106472626016,0.00598893485069429,7.59175814857987e-06,-0.00016070707894511,2.31218052944571e-05,-0.014172262934598,-0.000719271599261509,0.0012048216556885,4.94415695538198e-05,-5.81962133998051e-17,-0.000257200995023858,1.75349416788953e-05,-6.00239755237629e-06,-2.59937652745514e-05,0.000352118134259477,-0.000167976718869364,4.41333147473377e-16,0.0278407929907653,-2.91138616297248e-15,-0.223986009323355,-6.9240431992935e-17,-2.10453969689634e-06,-1.04431634073602e-15,-1.29327327230023e-05,-1.14391471929422e-16,9.38051719634458e-16,1.58725679056982e-16,-7.39364440716572e-08,-0.00011008959710531,5.83209716013833e-06,-5.39636068330563e-17,2.51635917730871e-06,8.60465378855322e-17,1.51976602633813e-17,9.58349994277916e-17,-2.98974777823893e-05,4.61866370366683e-17,6.68933364709652e-17,-1.06376153829208e-05,8.41741029335846e-06,5.7935452577435e-06,-5.91697710052749e-16,7.59868277363018e-16,0.261508728045376,8.49052784503475e-17,4.79420552744296e-06,-1.13048751765131e-16,4.76261086592128e-17,-1.19812702023873e-07,-5.01813010652264e-08,1.74222188269857e-17,1.96822184076436e-16,-7.65741234195995e-08,-5.21205190275432e-17,3.05329393157322e-18,2.46661179895798e-16,-9.47225138661072e-16,3.3383142512341e-15,3.42922659354009e-16,1.35040216218609e-15,-2.47582850838026e-17,-2.74964829358129e-09,9.74529508991036e-16,2.19160947654798e-15,-0.81741029171459,-9.00079643257394e-15,1.53312260024112e-15,-3.62195236312782e-16
"t95",-0.100172070705602,-0.194363747183606,0.0852445213033297,-0.0586506714830738,-0.00156687517333962,0.137128799928931,-0.0695376544879988,0.00198176972938102,-0.0101846692588825,-0.308774644945325,-0.000170556246130049,0.00503042376157142,-0.0028075058566725,1.97148442117826e-05,-0.00499363454659986,0.00159409340567663,-0.152837109351735,-0.0150484808153009,0.000516107528745405,-9.70916000169512e-05,0.00190743753526987,-0.000300328222141839,0.00599342216593918,7.59841437759576e-06,-0.000160850667361462,2.31428694403638e-05,-0.0141925068729073,-0.000720451139452793,0.00120690291073964,4.95287853251349e-05,-1.28393700887378e-16,-0.000257723149093392,1.75749004467174e-05,-6.01726864874722e-06,-2.60606262140863e-05,0.000353064388131773,-0.000168448566340177,-3.54068588803091e-18,0.0279362936739538,-1.21187217814276e-15,-0.22479000392415,4.09292760854898e-17,-2.11298846076164e-06,-8.05180965592394e-16,-1.29860702650145e-05,-2.27027993140941e-16,5.30066442128163e-16,1.83559781074648e-17,-7.43683692305721e-08,-0.000110736343989622,5.86650624903422e-06,-3.78319443779761e-16,2.53258196780768e-06,1.82050847469429e-17,2.00533802181106e-16,2.54420114235937e-17,-3.01390141122428e-05,2.39036542103653e-16,3.29753658532978e-16,-1.07311769382314e-05,8.49341636268569e-06,5.86354763770086e-06,-3.81859736522828e-16,9.05312526658504e-16,0.26487845955792,5.24706623006502e-17,4.86364770985008e-06,-4.41646236644491e-16,-2.57392715277348e-16,-1.21864570353306e-07,-5.10972178254139e-08,-3.67042597077264e-16,-4.3791062810784e-16,-7.88617900264747e-08,-2.61087345061218e-16,-8.32867927507181e-17,3.45758011910342e-16,-7.45191996505413e-16,-1.36960721832007e-15,-4.10190027693043e-17,-1.44718638944116e-15,-3.60925145625732e-16,-3.31480747660899e-09,-9.40075589672804e-16,4.45303348887971e-16,0.407329669479469,0.707106781186552,2.10555915428055e-16,2.21440675761027e-16
"t96",-0.100172070705602,-0.194363747183606,0.0852445213033297,-0.0586506714830738,-0.00156687517333959,0.137128799928931,-0.0695376544879988,0.00198176972938091,-0.0101846692588824,-0.308774644945325,-0.000170556246129883,0.00503042376157142,-0.00280750585667233,1.97148442118546e-05,-0.00499363454660007,0.00159409340567652,-0.152837109351735,-0.0150484808153011,0.000516107528745417,-9.70916000169464e-05,0.00190743753527009,-0.000300328222141849,0.00599342216593923,7.59841437751596e-06,-0.000160850667361705,2.31428694403674e-05,-0.0141925068729078,-0.000720451139453404,0.00120690291073967,4.95287853251453e-05,-3.93326887318565e-17,-0.000257723149093503,1.75749004467669e-05,-6.01726864857873e-06,-2.60606262141166e-05,0.00035306438813186,-0.000168448566340317,1.75655400972999e-16,0.0279362936739539,-1.5600236393211e-15,-0.22479000392415,9.17944825378174e-17,-2.11298846078417e-06,-6.68454076506134e-16,-1.29860702650056e-05,-1.55200570278475e-16,5.54732041552208e-16,2.73239420658941e-17,-7.43683690957787e-08,-0.000110736343989448,5.86650624925106e-06,5.61715894892735e-16,2.53258196751018e-06,2.2855102843454e-16,-3.32229618953607e-16,-2.38367693383856e-16,-3.01390141118178e-05,-1.80262918793562e-16,1.36928507825318e-16,-1.0731176938332e-05,8.49341636278284e-06,5.86354763741029e-06,-9.26930239329417e-16,8.98238380253887e-16,0.264878459557922,-2.67062009176226e-17,4.86364770963324e-06,7.72250807344602e-17,1.10861516324005e-16,-1.2186457037976e-07,-5.10972177135242e-08,3.08473409399638e-16,2.61912037269042e-16,-7.88617902341537e-08,1.56870057174434e-16,2.23992520828183e-17,-6.48198079684063e-16,1.40591879293767e-15,-1.50556350763546e-15,-9.7372409702081e-16,-3.09505385584591e-16,1.00582553006972e-16,-3.31480579758132e-09,2.67997540296089e-16,-2.58318017473941e-15,0.407329669479486,-0.707106781186543,-1.57077345068363e-15,5.70887219510137e-16
"t61",-0.0998155041986696,-0.192520228767251,0.0839995229811106,-0.0577265052104442,-0.00153569538059869,0.133282570444235,-0.0675164300144056,0.00192094281855082,-0.00986636800082419,-0.299110018637963,-0.000164644436853323,0.00483169480515858,-0.0026870252600336,1.87523195610273e-05,-0.00470669215226299,0.00150119151794,-0.143790958982367,-0.0140942990979494,0.000482430628095422,-9.05293618770654e-05,0.00176242403820662,-0.000275271456822282,0.00548608293539098,6.84049783581178e-06,-0.000144485595069022,2.07397903607617e-05,-0.0118141744212734,-0.000580166220203196,0.000958106280900535,3.90804843469691e-05,-5.46097628632562e-17,-0.000194177506274679,1.26387964152035e-05,-4.15789373482255e-06,-1.76520890452295e-05,0.000233212530506399,-0.000108230404788509,4.92170271666016e-16,0.0152564114221196,-2.0189190499158e-15,-0.116926059080505,4.16726539647037e-18,-9.46990735961736e-07,-5.15362371706004e-16,-5.57018405325819e-06,-6.5267877459251e-17,-5.61508305130243e-16,-3.80008468659985e-17,-6.38620807538043e-09,-8.68481816035382e-06,4.26462397517396e-07,-4.78973511511109e-17,-1.45179348281024e-07,-5.25958716530218e-18,-2.32654793608754e-16,1.67027696312677e-16,1.57525312258662e-05,-3.85577593088114e-16,-6.06055807493011e-16,8.30676078147213e-06,-7.33947513683816e-06,-1.52357758443685e-05,1.97162034076369e-15,-2.6640061318161e-15,-0.885757716530063,-2.28363956950466e-16,-2.73670911171975e-05,9.4497898144502e-17,-4.62512792815655e-17,2.21334884171597e-06,2.67925924086511e-06,-2.41661686878739e-17,-2.60382719920594e-18,-5.15986536501123e-07,7.74884208757799e-17,1.34970281967763e-16,1.08735978395396e-16,-6.65515380550027e-17,-6.87741117623696e-16,2.12570034699597e-16,-2.71373549287288e-16,-4.80237965587826e-16,-1.01908909979684e-08,-2.87690692012916e-16,4.68805341604096e-16,0.00231890810833218,-1.72321228527079e-15,-1.64864576143676e-16,1.70960649506659e-16
"t76",-0.112084582730306,0.125007829949534,0.0158990338516553,-0.0107190616115865,-7.74206965125608e-05,-0.185577630120095,-0.347223495315412,-0.00226412136787602,0.00215591951749831,0.00366816152107624,-0.0016353202647526,0.0134058851347103,-0.00542686059664145,2.643842206683e-05,-0.00284933247646973,0.00355883431720518,-0.0370191701211935,0.228726745048517,0.00193751652170201,-0.000195816215746129,0.00135199961656569,0.00413555446637182,-1.39295673368123e-06,2.25138182689613e-05,-0.00541291771032953,4.15062962832585e-05,-0.000846618250503445,-0.0299011748376485,2.12459752762532e-05,2.01777106842447e-05,-2.08003627336524e-16,-0.00020604301011852,1.35532484178838e-05,-4.28331465872995e-06,-1.78093523596524e-05,0.00218922331414564,-0.000933369449064199,-2.2575194349396e-16,0.000298054543777251,3.07845354742511e-16,-0.000272675158767471,-1.15707269243061e-16,1.17928140227132e-05,1.34209304457144e-16,1.01673097751066e-05,1.45613457079567e-16,-3.14635470455293e-16,3.82533042287765e-16,-4.4825078009933e-07,-4.59622217621886e-05,0.000327549275743532,2.48027022320151e-16,8.98635552032748e-06,-1.91357028009824e-16,-1.89022464446323e-16,-1.97378555965299e-16,-4.1847022083201e-06,2.37024897696611e-16,-1.68601476699236e-16,-0.000157877356743122,1.2782246394151e-05,1.93576782180765e-06,7.17581147023057e-17,1.56592976515343e-16,2.75112812925249e-05,-1.89250248599736e-15,0.500432865738243,-1.37002949969651e-15,-9.55017053332214e-16,1.15908034462302e-06,1.50702270045738e-06,3.89125552670206e-16,-5.52366161432021e-16,-3.96933259082591e-07,-2.87353293915672e-17,1.45822454035026e-15,1.62707891893319e-15,0.707106781186547,-5.7604073300828e-16,3.44049886511786e-15,8.45085732519688e-16,-1.96034373830771e-15,-9.5896145249619e-09,1.01773814085979e-16,4.82203752502708e-16,3.21759255194481e-07,3.25764456687187e-16,5.98999267566664e-16,-7.7314159118226e-17
"t77",-0.112084582730306,0.125007829949534,0.0158990338516553,-0.0107190616115864,-7.74206965125015e-05,-0.185577630120095,-0.347223495315411,-0.00226412136787635,0.00215591951749835,0.00366816152107634,-0.0016353202647526,0.0134058851347103,-0.00542686059664151,2.64384220667671e-05,-0.00284933247646957,0.00355883431720525,-0.0370191701211935,0.228726745048517,0.0019375165217021,-0.000195816215746193,0.00135199961656571,0.00413555446637175,-1.39295673332041e-06,2.2513818269055e-05,-0.00541291771032973,4.15062962834355e-05,-0.000846618250503389,-0.0299011748376488,2.12459752760479e-05,2.01777106842403e-05,2.1069957728913e-18,-0.000206043010118256,1.35532484180035e-05,-4.2833146588053e-06,-1.7809352359603e-05,0.00218922331414583,-0.000933369449064254,8.7884974398294e-17,0.000298054543776904,-8.57501503472484e-16,-0.000272675158767305,1.53381050687316e-16,1.17928140225754e-05,-1.49423944580674e-16,1.01673097753495e-05,-1.32969584654629e-16,-1.3314002678122e-16,-7.75814099589499e-16,-4.48250780051734e-07,-4.59622217628408e-05,0.00032754927574365,-3.50313785208574e-16,8.98635552044197e-06,3.04343505536238e-16,-4.18444109950072e-16,-2.4758794392796e-16,-4.18470220828193e-06,-1.87334451785472e-16,-2.01895491362937e-17,-0.000157877356743288,1.27822463940816e-05,1.93576782171571e-06,-4.06583914420726e-16,-2.19256761687531e-16,2.75112812923028e-05,-1.29678219098046e-15,0.500432865738242,-1.75722980922591e-15,-6.34047766941468e-16,1.1590803444669e-06,1.50702270017896e-06,-4.18496168178675e-16,-1.84622456030998e-16,-3.96933259087361e-07,1.50681511734046e-16,-1.15896978408984e-15,-1.37280727508587e-15,-0.707106781186548,1.71709748292682e-15,-3.11981367961134e-15,-1.35004994078638e-15,5.81166401227165e-16,-9.58961687437041e-09,-3.93589595678083e-16,4.11724603748409e-17,3.21759256762671e-07,-1.07599157433696e-15,-5.06882807506746e-16,1.05391267912592e-16
"t80",-0.11210532008759,0.125069524634573,0.0159111273854862,-0.0107278600291057,-7.75010106484511e-05,-0.185849379803018,-0.347750507498265,-0.00226775120672777,0.00215943927794002,0.00367415922080848,-0.0016382831388096,0.0134335922509351,-0.00543905198336886,2.65060659123614e-05,-0.00285792613010555,0.00356972211146641,-0.0371342117261638,0.229488793146531,0.00194416175628422,-0.000196512163968852,0.00135741290472213,0.00415375049646205,-1.39917646935217e-06,2.26326024177631e-05,-0.00544205815335402,4.17344362667743e-05,-0.000854216975549341,-0.0302145926531056,2.14822419532469e-05,2.0407538850558e-05,-1.61179263524519e-18,-0.000208804409079222,1.3761495503483e-05,-4.35611043321342e-06,-1.8126213241201e-05,0.00223033419421192,-0.000951891359266259,4.22878400435027e-16,0.000305705177185381,7.81004166791947e-17,-0.000280112209115585,-6.78890490208167e-17,1.21679867653446e-05,-1.35491672506614e-16,1.05033292542532e-05,1.07289002159841e-16,1.14383329197221e-16,4.5154212473297e-17,-4.73698669245593e-07,-4.85969931021402e-05,0.000346465877968062,1.46102973296545e-16,9.59497935696654e-06,-1.8798782603742e-16,3.11255708412455e-16,5.68126697864817e-16,-4.63915701818043e-06,1.29502037420724e-16,3.34040030666585e-16,-0.000179155357156567,1.46356659599198e-05,2.93697079694136e-06,4.90259485367287e-16,5.47410449798726e-17,5.45136374017208e-05,1.8897994469515e-15,-0.499566607046304,1.12822159004187e-15,1.51603011842029e-15,6.73842607585348e-07,1.00930650965593e-06,-4.45008696306913e-17,2.86554931286712e-16,-3.38631208178508e-07,-6.88099689732533e-16,1.08447370838197e-15,3.70965424296574e-16,-3.40315163407103e-15,-3.6753280302477e-15,0.707106781186547,3.81956767133848e-14,3.94690431675959e-16,-8.78253223599818e-09,-1.72393703317692e-17,8.6470538482365e-16,2.96745053730623e-07,-5.61694987413488e-16,6.15961321554639e-16,3.12085556447403e-16
"t81",-0.11210532008759,0.125069524634573,0.0159111273854862,-0.0107278600291057,-7.75010106484337e-05,-0.185849379803018,-0.347750507498265,-0.00226775120672779,0.00215943927793985,0.00367415922080856,-0.00163828313880961,0.0134335922509351,-0.0054390519833689,2.65060659124516e-05,-0.00285792613010533,0.0035697221114665,-0.0371342117261638,0.229488793146531,0.0019441617562839,-0.000196512163968751,0.00135741290472231,0.00415375049646205,-1.39917646930533e-06,2.26326024178377e-05,-0.00544205815335405,4.17344362666373e-05,-0.000854216975549549,-0.0302145926531056,2.14822419531795e-05,2.0407538850551e-05,8.19088192688537e-17,-0.000208804409079055,1.37614955035559e-05,-4.35611043324118e-06,-1.81262132410084e-05,0.00223033419421215,-0.000951891359266099,1.40613456082769e-16,0.000305705177185315,9.22508587820537e-17,-0.000280112209115446,-8.29511297607843e-17,1.21679867655114e-05,-1.19116311480162e-17,1.05033292542318e-05,-8.16925924408471e-17,1.19479079407903e-16,3.75905806295684e-16,-4.73698669174185e-07,-4.85969931021679e-05,0.000346465877968036,-2.00448438082049e-16,9.59497935682993e-06,5.49149585672983e-17,-5.62812547941798e-18,-2.70414445593102e-17,-4.63915701843023e-06,5.60223572807066e-17,-2.9067898726862e-18,-0.000179155357156319,1.46356659599112e-05,2.93697079699687e-06,-3.70011785287057e-16,1.96845873757023e-16,5.45136374015265e-05,1.42622155124749e-15,-0.499566607046304,1.64510169635636e-15,-4.76564810197789e-17,6.73842607793514e-07,1.00930650908347e-06,-4.3145733822169e-18,4.6565410731801e-16,-3.38631208384073e-07,5.28110094150762e-16,-1.34083296394084e-15,-5.82959282702088e-16,3.41882804084086e-15,2.63963936402391e-15,-0.707106781186547,-3.8380547945017e-14,-8.20878421271612e-16,-8.78253398952917e-09,3.94782054310633e-16,-1.01608613321497e-15,2.96745052834422e-07,6.08563065375772e-16,-7.9466679065968e-16,3.71953337650098e-16
"t9",-0.106248085623597,0.106759367643833,0.0121525020133728,-0.00796347609139357,-5.12184033422981e-05,-0.0886339040074749,-0.156916592085479,-0.00092693115007143,0.000850131501308193,0.00144176695355685,-0.000485817276541674,0.00187436028547194,-6.50666042060922e-05,-6.79221020338794e-06,0.00238516286137641,-0.00324277697474006,0.0369980150516928,-0.346861439517384,-0.00353428149519169,0.000456821772246088,-0.0119633553289119,0.0430120336567506,-1.08140556619452e-05,3.56637756695373e-05,-0.00732179736481067,4.71611940451103e-05,0.00506972592492624,0.899593826427737,0.0151025591463239,0.00146107577643432,8.47745535650123e-16,-0.00256252103634733,0.000112716859546287,-2.98512364724311e-05,-0.000116610445753011,0.0134546938158647,-0.00542582168585742,2.64083212035026e-18,0.00144586935020368,5.81068803465011e-17,-0.00128362129831155,-2.47410565680743e-17,5.21603365384359e-05,-1.91916502845581e-16,4.43936374908104e-05,-1.52173659508314e-17,6.13468694246611e-16,2.53644154984636e-16,-1.74335818258755e-06,-0.000178535468257857,0.00127113421900761,-2.79919558515662e-19,3.42737983159216e-05,-2.26738030813547e-17,-2.54004259314379e-16,-1.4531481081692e-16,-1.55565569885836e-05,-3.26015660145717e-17,-1.66275188656157e-16,-0.000586102316877835,4.74925688292716e-05,8.14408760739234e-06,-6.23268505265451e-18,4.21683508274488e-17,0.00013624648061987,-1.90323200408884e-17,-0.000433131950041885,-1.13709284288854e-16,-3.49581836146565e-17,2.97368193599452e-06,4.06573217814812e-06,5.19425878867767e-17,-3.25700634768654e-18,-1.16051789760896e-06,-2.73361841886219e-17,-1.01272699351337e-16,4.21606728983852e-17,-3.87878901131945e-16,-1.06414528796198e-16,-2.77423119001059e-16,-7.55082113823216e-17,-1.10198226155121e-15,-2.81220278928229e-08,6.94323887648043e-17,1.00458344564504e-16,9.41419349420169e-07,-6.1066189782306e-16,-9.37069349657495e-17,9.02707975088889e-17
"t90",-0.107991680766387,0.111682779120027,0.013058222531246,-0.00861102743604877,-5.67002531277455e-05,-0.103216878575816,-0.183977958731688,-0.00109887895474155,0.00101174538589288,0.00171641396766997,-0.000592438968171008,0.00237214891402027,-8.46901894926517e-05,-9.32189181704346e-06,0.00357997544961181,-0.00491285791346892,0.0566492956044079,-0.559489923070889,-0.00584186368658999,0.000780095406997017,-0.023401910694493,0.0978222791865139,-2.53067889035008e-05,0.000138656388442372,-0.0315397947427573,0.000229986119631237,-0.00396276018679562,-0.304200369104055,-0.00352049000439038,-0.000287263644318154,-3.94766109742084e-16,2.9015890973913e-05,1.02052087763245e-05,-4.38246829448808e-06,-1.96515512025583e-05,0.00257778518573076,-0.00115422717393728,-1.79366241359876e-16,0.000415350919403389,-8.90259128140259e-17,-0.000385794256218083,1.68526573247959e-16,1.71645148284026e-05,-1.31936279178695e-16,1.4879003745861e-05,-1.63627463437802e-16,-2.16759119334164e-16,-2.33592968052893e-16,-6.87423686799161e-07,-7.05275158987273e-05,0.00050283757325683,-2.15977791871788e-17,1.39225491857554e-05,-4.42809874403608e-17,-1.01951583540092e-16,-3.71817671065112e-16,-6.66033116783482e-06,-2.50774951145268e-16,2.62768835243551e-16,-0.000254867457260603,2.07440926580787e-05,3.70149426998632e-06,-3.60529840008512e-16,-1.71017192336858e-16,6.2352428445725e-05,-6.36824601772206e-17,-0.000200447786700825,-4.70947205420954e-16,2.17996846555237e-16,1.39478775601845e-06,1.91548529078142e-06,-7.81411880548078e-17,-4.62253231979263e-16,-5.60686162177568e-07,-1.82302548135653e-16,6.53470885843183e-16,1.3637145705888e-16,-3.1875418168257e-16,8.25711880086753e-16,-8.75079978352566e-16,1.21106213381239e-15,-7.31282306249331e-16,-1.40164492281052e-08,5.95947329670901e-16,0.707106781186547,4.71902464200744e-07,-1.28203628649522e-15,-3.10759209366887e-16,-1.57878531062455e-16
"t91",-0.107991680766387,0.111682779120027,0.013058222531246,-0.00861102743604876,-5.67002531277524e-05,-0.103216878575816,-0.183977958731688,-0.00109887895474153,0.00101174538589294,0.00171641396766993,-0.000592438968171013,0.00237214891402024,-8.46901894926747e-05,-9.3218918170157e-06,0.00357997544961206,-0.00491285791346898,0.0566492956044079,-0.559489923070888,-0.00584186368659002,0.000780095406997049,-0.0234019106944929,0.097822279186514,-2.53067889034175e-05,0.000138656388442435,-0.0315397947427572,0.000229986119631268,-0.00396276018679564,-0.304200369104055,-0.00352049000439028,-0.000287263644318109,-3.24761380095361e-16,2.90158909740379e-05,1.02052087763947e-05,-4.38246829446791e-06,-1.96515512025097e-05,0.00257778518573076,-0.00115422717393736,-9.09166354537143e-17,0.000415350919403007,1.22096628616571e-16,-0.000385794256218125,-1.49721782008494e-16,1.71645148285147e-05,2.07460805144468e-16,1.48790037462869e-05,2.42391313423298e-16,-1.8957274985909e-16,2.02373645106729e-16,-6.87423686883838e-07,-7.0527515898533e-05,0.000502837573257142,9.00820807661043e-18,1.3922549185863e-05,6.16287533976433e-17,9.89352609870354e-17,4.37712489779986e-16,-6.66033116732134e-06,2.51072365523997e-16,-2.16975987057948e-17,-0.000254867457260832,2.07440926578289e-05,3.70149426998914e-06,2.85758550888254e-16,2.73215960732962e-16,6.23524284451837e-05,1.39080686565615e-16,-0.000200447786700128,3.17323894308512e-16,-2.33304122101406e-16,1.39478775582937e-06,1.9154852905108e-06,4.54261083551196e-17,4.34609655446756e-16,-5.60686162293794e-07,1.62816973854285e-16,-5.91555838605974e-16,-1.06227641160764e-16,-7.06784739279523e-17,-7.622000123501e-16,8.05714016904671e-16,-1.49794687545526e-15,-4.49507807650544e-16,-1.40164506563518e-08,-6.68374379681241e-16,-0.707106781186547,4.71902460170981e-07,1.72026461278528e-15,3.19031702030767e-16,4.94884262050111e-16
"t19",-0.120351552155374,0.163038549645126,0.0297291571659553,-0.0231369646517262,-0.000749942920898631,0.0852406321221408,0.11503920046875,0.000411883410192903,-0.0003048637090406,-0.000506975561822724,-5.41006467530635e-05,0.00223899104769795,-0.00120622778084234,7.32857521457131e-06,-0.00103051089761727,0.262623112368754,-0.00656531514074294,0.0407949868972809,0.00024806372180694,-4.07484958740711e-06,-0.00356334856705567,0.12733394836358,0.00214258536226869,-4.37990919728223e-06,-0.00232474606624622,-1.13369171134692e-05,-9.5111595836847e-05,-0.00035046671786762,-9.13365725367914e-06,-2.86082875862372e-06,3.00095714689499e-15,9.94258987756791e-05,-1.75430735245494e-05,1.44157371411123e-05,0.000122237675204955,-0.516423810699174,-0.135341428880463,-3.41179380411918e-16,0.000603353011998223,2.93824275677592e-15,-0.000496170677187944,1.83149547765038e-14,-0.742725316525103,1.54988459263121e-16,1.69376062879876e-05,-8.11902997815218e-16,4.0728054609418e-15,-7.90482128384137e-17,-5.8644954231018e-07,-6.45073184066813e-05,0.0038237906224988,-1.94250497001583e-16,1.07091322320424e-05,-1.46805141040472e-16,1.50789197238407e-17,1.94356085390566e-16,-5.0999586613254e-06,-1.32563146796962e-16,-9.31119432430888e-16,-0.0480938013861776,1.034991952574e-05,2.38567244583744e-06,-6.91586380800746e-17,-2.35138214424031e-16,4.00537520025418e-05,6.93327792459785e-17,-5.13110288001897e-05,1.19063891573879e-16,-3.33981250608658e-17,8.81239345894985e-07,1.20612305572546e-06,-7.98292091731559e-17,-2.78940514416463e-19,-3.46136730802055e-07,-1.4601122771612e-17,1.26151413661481e-16,-7.11353429878839e-17,-9.97744207338998e-17,6.0020947682484e-17,-9.54965198055907e-17,-3.75311350421063e-16,-6.78818188020719e-16,-8.44587048871382e-09,-6.12033723266392e-17,2.78169681833428e-16,2.83130457565117e-07,-3.63230760705914e-16,-2.23795995002556e-16,2.26201526372032e-16
"t48",-0.121545923072592,0.167488909986958,0.0310144419003269,-0.0242231332512806,-0.000795461200060599,0.0928899648275046,0.12580311007943,0.000452981924193987,-0.000335944226185601,-0.000558753656264421,-6.03476850435858e-05,0.00254280859947417,-0.00138799326343924,8.63540267664886e-06,-0.00126023156213108,0.322349888055308,-0.00809174464654984,0.0512769239263819,0.000314573395309811,-5.22689338005797e-06,-0.00477522925100692,0.17793172782975,0.00301566778264629,-6.80423949528733e-06,-0.00366416421517972,-1.81500538660936e-05,-0.000365715632188846,-0.0062917403888807,0.000218405274735964,3.35908449047503e-05,4.44416504464488e-16,-0.000218126595201651,1.91050902619803e-05,-1.0257055404559e-05,-7.2429931595841e-05,0.24742385834851,0.0521781598584496,-2.36215230521673e-16,-7.40512085110612e-05,4.86432745756364e-16,4.27750710181446e-05,-1.01194931691952e-15,0.0146014021054624,3.53841732264599e-16,-1.34150364739048e-07,-2.07419796979907e-16,-1.44068784679874e-15,-7.13852061870113e-16,-2.35120364041989e-09,-9.38178139620049e-08,-2.24176170278423e-06,-5.64044985341093e-17,-6.98679813969372e-07,-1.5551015857491e-16,-4.40961570941721e-16,-3.19715444079454e-15,5.22268135244586e-06,4.47381576822994e-15,1.68256911708022e-14,0.847080005073044,7.5722861787475e-05,2.09604965249223e-06,8.13093356092008e-17,1.7644580116226e-16,3.25578949263855e-05,6.14527299909627e-16,-3.80095414007492e-05,-7.23962450509605e-16,-2.63837672373842e-17,6.05134960442871e-07,8.12630279286436e-07,6.3118647682529e-17,-2.01918380470729e-16,-2.17210965637593e-07,2.76804218022393e-16,-1.76818980777622e-16,7.45377774522635e-17,-1.52885215932797e-16,5.70609406969152e-17,-6.59655487996335e-18,-1.16848120699046e-15,-2.4818618213315e-16,-5.11315091151652e-09,1.21562049489183e-16,-3.03690274249287e-16,1.70923343648793e-07,-8.63207425891354e-17,-1.7631599148453e-18,1.81942632439932e-16
"t82",-0.121868723983478,0.168681859556561,0.0313565056664599,-0.0245117346961186,-0.000807484756767287,0.094886974915846,0.128609089060495,0.000463670295965129,-0.000344020643639886,-0.000572207512855873,-6.19629136930617e-05,0.00262080256207413,-0.00143441807397637,8.96621949816878e-06,-0.00131761942328033,0.337251713271776,-0.00847205171682681,0.0538713415473825,0.000330987775858826,-5.51016743879917e-06,-0.00506922523255721,0.190059407008001,0.00322451647085764,-7.36966856217103e-06,-0.00397549427920291,-1.97279818749951e-05,-0.000421345871210406,-0.00744513844166964,0.000261466438114951,4.04138307772521e-05,-4.05957937447073e-16,-0.000272629673306601,2.4832293135409e-05,-1.37944888597388e-05,-9.91032221005599e-05,0.346038325986826,0.0747740152039433,-1.8273651864004e-16,-0.000123090459774988,-2.29351357530691e-16,7.44665824480018e-05,-2.80948047376824e-16,0.0294384936208637,1.29742570422384e-16,-2.82875802546691e-07,1.49203326594318e-16,-1.7878493824286e-16,1.71732464916795e-16,-1.30501635823795e-07,-1.45993501188546e-05,0.000876543580675619,-3.46047168359532e-17,3.1657820892296e-06,-2.3308185510857e-16,-3.30716517289752e-16,1.44129388893856e-15,-3.95343651032887e-06,-1.72543469181141e-15,-7.04352227004726e-15,-0.373228356847875,-2.79053868385559e-05,1.50914231023327e-07,-7.70315445374768e-18,3.95003459502333e-17,4.03600889839484e-06,-1.57464947552581e-16,-7.54553488933191e-06,-7.42383652309624e-17,-1.76339261020785e-16,1.66521778911105e-07,2.42094225597067e-07,-9.42869012149444e-17,-5.02138738847734e-16,-8.85720818008529e-08,-8.09727802324455e-17,-4.26289844503402e-16,7.48534025495223e-16,-7.33248481624355e-16,3.60949156253756e-15,-3.78386188333522e-14,0.707106781186548,-8.750929086864e-15,-2.61053685493649e-09,-7.75932899647948e-16,-1.01590168139145e-15,8.99822506991721e-08,3.13091743743697e-18,-5.68107323625691e-16,7.47734068159085e-16
"t83",-0.121868723983478,0.168681859556561,0.0313565056664599,-0.0245117346961186,-0.000807484756767278,0.094886974915846,0.128609089060495,0.000463670295965121,-0.00034402064363986,-0.000572207512855811,-6.19629136930576e-05,0.00262080256207415,-0.00143441807397638,8.96621949821041e-06,-0.00131761942328035,0.337251713271776,-0.00847205171682682,0.0538713415473826,0.00033098777585866,-5.51016743888244e-06,-0.00506922523255721,0.190059407008001,0.00322451647085753,-7.3696685623497e-06,-0.0039754942792029,-1.97279818750793e-05,-0.000421345871210455,-0.00744513844166933,0.000261466438115198,4.04138307772816e-05,-3.95932673915172e-16,-0.000272629673306934,2.48322931354593e-05,-1.37944888598637e-05,-9.91032221007151e-05,0.346038325986826,0.0747740152039435,2.1109047112592e-16,-0.000123090459774794,-1.54001452561607e-16,7.4466582448196e-05,-1.10387197174761e-15,0.0294384936208642,-7.28587611837737e-17,-2.82875802403576e-07,3.30971947223841e-16,-2.82976767018717e-16,2.76781343703836e-16,-1.30501636047331e-07,-1.45993501192848e-05,0.000876543580675156,-1.05350609488857e-16,3.1657820893094e-06,3.76678470375265e-16,5.61385897968089e-16,1.16493889382282e-15,-3.95343651030111e-06,-1.86299494513206e-15,-7.23328185988054e-15,-0.373228356847877,-2.79053868386392e-05,1.50914230653831e-07,-2.27192519992058e-16,-6.01543167940338e-17,4.03600889859607e-06,-4.13536581082026e-16,-7.54553488946375e-06,2.2867273709641e-16,3.66906935836185e-17,1.66521779719486e-07,2.42094225798295e-07,1.01566811811283e-16,6.76856872345829e-16,-8.85720818286084e-08,-6.48212509341911e-17,6.65523533711371e-16,-7.31706279802446e-16,1.06488589614808e-15,-3.4424849945237e-15,3.78380333521362e-14,-0.707106781186547,8.67342779899275e-15,-2.61053238683091e-09,7.50203781442727e-16,1.3836256618793e-15,8.99822480693313e-08,5.70940427016163e-18,2.03147283900093e-16,-3.24589878076977e-16
"t14",-0.120204689221169,0.162491757451044,0.0295713488521691,-0.0230036243803788,-0.000744358064638657,0.0843030999912695,0.113720108231258,0.000406847944692034,-0.000301055942836838,-0.000500632112661126,-5.33356400340981e-05,0.00220180888061584,-0.00118399236273034,7.16882942768463e-06,-0.00100245999369564,0.255330679701144,-0.00637896407817751,0.0395159758288577,0.000239949981347687,-3.93434717577135e-06,-0.00341569550815568,0.121174474048122,0.00203631617380853,-4.08531728843253e-06,-0.00216202160641474,-1.05093799194766e-05,-6.24256748687768e-05,0.000366145971086291,-3.65682495650144e-05,-7.25535755589229e-06,-2.73243091959212e-15,0.000137717441166543,-2.19730908781954e-05,1.74112831140012e-05,0.000145947308448871,-0.60993144514828,-0.158464657839763,-4.44560205452817e-16,0.000696684058215241,-3.51647996086865e-15,-0.000577079908706035,-1.62598764292783e-14,0.668141088178102,-6.22503333939853e-16,1.57631357226573e-05,4.73061594742906e-16,-2.05139182550551e-15,3.678985468571e-16,-6.27289805847186e-07,-6.89951616900664e-05,0.00408960134239195,1.42867543314274e-16,1.1434333595163e-05,2.94673180083776e-16,-2.2400870772171e-16,4.86119552977438e-16,-5.35956443999119e-06,-3.25894310577749e-16,-6.22852397894895e-16,-0.0390832876471021,1.20951418549897e-05,2.5606130291296e-06,6.06724368603153e-17,3.35625345579591e-16,4.2929155396625e-05,5.37522416755438e-17,-5.48908282671789e-05,5.75616561443151e-17,-9.40225348671292e-17,9.40967650672753e-07,1.28715749536656e-06,-6.39396375602671e-17,2.79812758358603e-18,-3.6834998465296e-07,-8.46480271891772e-17,-4.81822962818393e-17,8.28879478680028e-18,-1.25234885122138e-16,5.40527427084652e-17,-1.73019866118591e-16,-3.57666018454008e-16,-3.89024884731901e-16,-8.95996965077223e-09,1.6687036534439e-17,2.02982293894101e-16,3.00200470565448e-07,-2.97644580568864e-17,4.3362177889478e-17,2.66717286455248e-16
"t43",-0.118286707853775,0.154769991002539,0.027179454776921,-0.0209492557607143,-0.000652965060028593,0.0668974400555496,0.0888215382587307,0.000309212260114236,-0.000226530081284121,-0.00037637974753741,-3.7461713773205e-05,0.00135963818361868,-0.00064636304916203,2.80506774618435e-06,-4.45986408539809e-05,-0.0175977679431753,-0.000188387754925883,-0.0101477046448682,-9.32351618783689e-05,2.27685201154015e-06,0.00548768772570267,-0.41508007141066,-0.00792932186217765,0.000359047539281832,-0.367728880516823,-0.0004820610401505,-0.000942595269110141,-0.0139245893973894,0.000459031483759556,6.91574942854878e-05,3.90663446566143e-17,-0.000387305516102721,2.85869569884526e-05,-1.21894641932265e-05,-6.97995263416011e-05,0.110452799723229,-0.342014389968564,-3.20545521538943e-16,4.95651472185998e-05,6.82319725785805e-16,-8.40799618385263e-05,3.16515730495329e-17,6.28947263227526e-05,4.67765723485782e-16,5.44445745031402e-06,9.04684295741874e-17,-6.38025873453407e-16,3.60865210742866e-17,-3.46052334941312e-07,-3.84729096968295e-05,0.00246371414085332,1.87683824975277e-16,6.67878318862895e-06,5.23337046849107e-16,1.58609543277015e-15,2.88039305054933e-16,-3.33527771395614e-06,8.17042588131671e-15,-0.707106781186548,-0.00115275178767382,1.04013668199565e-05,1.90851940023648e-06,-2.98452898202962e-16,-7.37388821769931e-16,3.22551792348684e-05,9.80491991133859e-16,-4.18226302463798e-05,4.23078012916191e-16,1.9403706918807e-16,7.29522598746923e-07,1.0037073678304e-06,2.68786495238558e-17,1.30742073477509e-16,-2.96715186670626e-07,-1.89692307533374e-17,-4.11720722950543e-16,2.53859547376312e-16,1.52546287612615e-16,-8.55537592056061e-17,1.2365162409834e-16,-5.14501262022087e-16,-5.3580060705274e-16,-7.50042619766106e-09,-2.33462745507316e-16,-2.60846822603303e-16,2.53009232620283e-07,-5.02565501939935e-17,-1.05861922097334e-16,3.61536914636723e-16
"t44",-0.118286707853775,0.154769991002539,0.027179454776921,-0.0209492557607143,-0.000652965060028578,0.0668974400555497,0.0888215382587307,0.000309212260114242,-0.000226530081284153,-0.000376379747537426,-3.74617137732154e-05,0.00135963818361868,-0.000646363049162042,2.80506774621265e-06,-4.4598640853875e-05,-0.0175977679431747,-0.000188387754925897,-0.0101477046448682,-9.32351618784036e-05,2.2768520117171e-06,0.00548768772570269,-0.41508007141066,-0.00792932186217759,0.000359047539281914,-0.367728880516823,-0.000482061040150517,-0.000942595269110131,-0.0139245893973893,0.000459031483759377,6.91574942854934e-05,-1.79571520818021e-17,-0.000387305516103047,2.85869569884444e-05,-1.2189464193295e-05,-6.97995263418258e-05,0.110452799723229,-0.342014389968564,-8.70831184940357e-16,4.95651472186866e-05,2.72785266597353e-16,-8.4079961838757e-05,-1.85935092836169e-16,6.28947263225988e-05,-6.10030883719963e-16,5.44445745046017e-06,-1.72354475491024e-16,1.6268453598145e-16,7.59040839614737e-17,-3.46052334415013e-07,-3.84729096971417e-05,0.00246371414085191,-2.88099551978628e-16,6.67878318938171e-06,-3.40093730236802e-16,-1.74988922665986e-15,-5.73609721893024e-17,-3.33527771946562e-06,-8.35365760022142e-15,0.707106781186547,-0.0011527517877019,1.04013668203382e-05,1.90851940079723e-06,2.13920384935705e-16,7.42319634661146e-16,3.22551792337365e-05,-9.36477255220816e-16,-4.1822630246293e-05,-5.39878652664739e-16,-2.40442502184337e-16,7.29522599291627e-07,1.00370736842714e-06,-2.94050115391804e-17,-1.51982445127641e-16,-2.96715186661953e-07,-6.47131249093012e-17,4.83961389188808e-16,-1.51261876806727e-16,3.33066907387547e-16,3.81639164714898e-16,-3.71230823859037e-16,1.90819582357449e-16,-1.09725599018844e-16,-7.50042607373675e-09,2.39043501395633e-16,5.79397640976254e-16,2.53009232176193e-07,-8.62482828212219e-17,-2.41126563160776e-16,1.31448203627504e-16
"t17",-0.117558181851913,0.152194567728624,0.0264745382980955,-0.0203614499161524,-0.000629596313589074,0.0634551640542506,0.084073303745879,0.000291686981524648,-0.000213438698413487,-0.000354593196419184,-3.50401468196517e-05,0.00125824001555394,-0.000593544358868119,2.54029040858954e-06,-3.95303751776096e-05,-0.015565080376498,-0.000166234317705939,-0.00885478869299775,-8.09494551720705e-05,1.96410669380974e-06,0.00461985077452409,-0.341523886709135,-0.0064986904577967,0.000279270298734563,-0.283889783852242,-0.0003691799671942,-0.000501315396374559,-0.00549249133621116,0.000150025768817757,2.04917470344495e-05,2.360758737403e-17,-8.39329086719381e-06,-1.03809359263944e-05,1.01907144395647e-05,8.03361315000831e-05,-0.183696716299077,0.841581590602323,9.44340092234874e-16,0.000916896513034469,-7.74391401697772e-17,-0.000748350874402459,9.80786732852688e-19,0.000283638296996416,1.63622577661509e-16,2.24326074182475e-05,1.82117754228437e-16,-3.80529551553994e-17,1.18623159138095e-16,-8.38169230466655e-07,-9.27873798159413e-05,0.00592280995985637,-1.97485990285786e-17,1.51389432588688e-05,-1.51343197059704e-16,-1.42851804429915e-17,-3.34299646011958e-16,-6.81809482682826e-06,-3.28148248363017e-17,-9.54097911787244e-18,-0.00229209192585366,2.0523296499075e-05,3.52888252707002e-06,-5.71304155721195e-17,1.34096082446747e-16,5.90114628815038e-05,-5.14815091929901e-17,-7.52405134619456e-05,-2.4992789314152e-16,1.42344723854864e-17,1.28698059983319e-06,1.75950728528327e-06,3.62011171004075e-17,2.54802964828168e-17,-5.02419895866872e-07,3.69683680472164e-17,-1.04995487191594e-16,-5.36691315330006e-17,3.37186875642992e-17,-2.68882138776405e-17,2.79290479632266e-16,1.99493199737333e-17,-4.97765130870323e-16,-1.21999307752698e-08,1.70173363836976e-17,-5.70290342727375e-17,4.08639750940076e-07,-1.91171948063507e-16,-9.53013709614758e-17,4.73885566878449e-17
"t99",-0.121389762099092,0.166879638562835,0.0308301019664361,-0.0240655371735463,-0.000788546866237754,0.0915835281317793,0.123931073107808,0.000445608260267314,-0.000330304157982483,-0.000549348550959291,-5.91221319245946e-05,0.00247388334123167,-0.00134060292985882,8.13920624177631e-06,-0.000572179694456179,-0.372139711860249,-0.0159548921732372,0.0581638544099261,0.000346365475509038,-5.64264718529335e-06,-0.00505811766247602,0.191018639268798,0.00325408161946057,-1.60034783754583e-05,0.00588328723836176,-5.40396793762086e-06,-0.000300952351690149,-0.0048827255749602,0.000163995018737012,2.48328069798874e-05,-1.99821795462368e-16,-0.000137932835929227,9.26358870859641e-06,-3.2543176443782e-06,-1.56099280667454e-05,0.0163502033192173,-0.00782754150487684,-1.55257751099924e-16,0.000189634658893087,3.13876528934554e-16,-0.000181158636053442,3.54775418099455e-16,9.25225225531881e-05,-8.14400959846057e-17,7.79995773385572e-06,4.51550887436587e-16,-1.5148015356176e-15,-1.60486149713327e-16,-5.09057027762954e-06,-0.00116596409253573,0.491914940597381,1.03172857283049e-15,-6.57898445608889e-06,-2.74264158111568e-16,6.28383544181791e-17,6.47956759371383e-16,-6.63057794393976e-07,-4.93797571183786e-16,6.48786580015326e-16,-0.000336069625087417,3.24878675724352e-06,8.32121088951455e-07,1.72768738291583e-16,9.65023086841649e-17,1.4518688763739e-05,1.2257253709615e-16,-1.9663939888905e-05,4.2125903946791e-16,-3.25892742976355e-18,3.5787177440948e-07,4.98395581419002e-07,2.21376259452719e-17,-1.7154690289085e-16,-1.55864250810621e-07,-1.37099747502491e-16,7.3926884644655e-18,-1.0861960010367e-16,1.98842678433842e-16,1.63931368479808e-16,2.60208521396521e-17,-1.10154940724527e-15,-4.20251484634361e-16,-4.1405004994814e-09,-4.74043344972415e-17,4.05925293378573e-16,1.40720975407016e-07,1.66533453693773e-16,-7.38124839028131e-16,0.707106781186548
"t100",-0.121389762099092,0.166879638562835,0.0308301019664361,-0.0240655371735463,-0.000788546866237758,0.0915835281317793,0.123931073107808,0.000445608260267322,-0.000330304157982475,-0.000549348550959314,-5.91221319245959e-05,0.00247388334123168,-0.00134060292985881,8.13920624178846e-06,-0.000572179694456207,-0.372139711860249,-0.0159548921732372,0.0581638544099261,0.0003463654755094,-5.64264718537575e-06,-0.00505811766247599,0.191018639268797,0.00325408161946063,-1.60034783756313e-05,0.00588328723836171,-5.40396793742353e-06,-0.00030095235169026,-0.00488272557496027,0.000163995018736958,2.48328069799922e-05,-3.75093933265131e-16,-0.000137932835929147,9.26358870860763e-06,-3.2543176443138e-06,-1.56099280667952e-05,0.0163502033192172,-0.00782754150487711,-5.20417042793042e-16,0.000189634658893178,7.95750184495736e-16,-0.000181158636053304,6.25071250239679e-16,9.25225225532079e-05,2.06047498646231e-17,7.79995773410997e-06,-1.33695381645549e-16,-1.49903825246919e-15,2.19946856875219e-16,-5.09057027755519e-06,-0.00116596409253562,0.491914940597381,4.78168176318042e-16,-6.57898445637989e-06,-6.44010123770547e-16,-9.4164078410065e-17,7.62321360610528e-16,-6.63057794798166e-07,-2.36604880072114e-16,3.81639164714898e-17,-0.000336069625087424,3.24878675724526e-06,8.3212108882352e-07,-1.54316006458196e-16,1.08886098972285e-16,1.4518688763739e-05,6.27304012919578e-17,-1.96639398891002e-05,-5.67261934912013e-17,7.22367678212604e-17,3.57871774694842e-07,4.98395581496197e-07,1.31249160119393e-18,1.56758393277428e-16,-1.55864250860928e-07,2.31701659710901e-17,1.08349285277271e-16,8.50533994500096e-17,-6.2233204700668e-17,4.85722573273506e-17,-3.41740524767431e-16,4.35415592470179e-16,1.26405427791423e-16,-4.14050023339108e-09,-2.09110385906239e-18,-6.24500451351651e-17,1.40720976440911e-07,-2.2215302514228e-16,7.86697096355482e-16,-0.707106781186548
"t57",-0.12112058061342,0.165889018714077,0.0305471672369245,-0.0238270452798659,-0.000778645860965488,0.0899522497578854,0.121641634674846,0.000436904442366556,-0.000323731935681702,-0.000538401065589602,-5.78138974809177e-05,0.00241125156457387,-0.00130363382320078,7.88263848673014e-06,-0.000550803012472314,-0.358029477509268,-0.0153400459730902,0.0557544046060426,0.000331577619422034,-5.39263583573812e-06,-0.00480428003603724,0.18043424064021,0.00307095502363602,-1.49288073706278e-05,0.0054796375739698,-5.024898943903e-06,-0.0002649525763933,-0.00418728328931257,0.000139006672399402,2.09434784863944e-05,2.11722418596768e-16,-0.000111823629647144,7.1985257950834e-06,-2.43333511897243e-06,-1.14402215421012e-05,0.0116742701659441,-0.00542470925758586,1.31838984174237e-16,0.000107241214680698,-9.32413868337534e-17,-9.52930537821556e-05,-4.96956607907522e-17,3.71990054539406e-05,-3.01173139843366e-16,2.84494030216437e-06,-5.65660668678435e-17,1.16497523433567e-15,-3.49436554699227e-16,4.75569627201295e-06,0.00115300924134092,-0.50790444468164,-9.1018635147053e-16,1.70217218022979e-05,-2.41234831546294e-16,-1.09149295035918e-15,-6.15410956022899e-16,-4.23070698046119e-06,-4.12386408176481e-16,-9.85322934354826e-16,-0.00133810832820365,1.18178715294917e-05,1.87999830040825e-06,-1.74623949012659e-15,-2.51987628497939e-15,3.11958728456147e-05,-1.29347761865361e-15,-3.93751738096415e-05,-0.707106781186548,5.87117240048322e-15,6.67588887268145e-07,9.10659747499487e-07,-2.44786643247755e-15,-5.910842037909e-17,-2.58070203897759e-07,1.65090270295302e-16,-3.33788594327058e-16,4.84932460134372e-16,9.8879238130678e-17,-2.1163626406917e-16,-6.24500451351651e-17,-7.63278329429795e-17,-3.43123005489993e-16,-6.26469368546732e-09,1.83195517880789e-16,-4.19803081186387e-16,2.09998871188166e-07,-2.65954792910694e-16,-2.4459601011273e-16,3.93963795272273e-16
"t58",-0.12112058061342,0.165889018714077,0.0305471672369245,-0.0238270452798659,-0.000778645860965468,0.0899522497578854,0.121641634674846,0.000436904442366554,-0.000323731935681704,-0.000538401065589594,-5.78138974809169e-05,0.00241125156457387,-0.00130363382320081,7.88263848671973e-06,-0.00055080301247231,-0.358029477509268,-0.0153400459730902,0.0557544046060426,0.000331577619422228,-5.39263583568261e-06,-0.00480428003603724,0.18043424064021,0.00307095502363602,-1.49288073706079e-05,0.00547963757396978,-5.02489894392902e-06,-0.000264952576393238,-0.00418728328931251,0.000139006672399264,2.09434784864179e-05,1.61133107437581e-16,-0.000111823629647151,7.19852579524906e-06,-2.43333511880427e-06,-1.14402215419403e-05,0.0116742701659443,-0.0054247092575857,2.32452945780892e-16,0.000107241214680528,-6.89986262569775e-16,-9.52930537821695e-05,-7.08526365966831e-16,3.71990054532909e-05,2.3348814674275e-16,2.84494030210105e-06,-2.24965849146009e-16,1.15527162489193e-15,3.10079012043438e-16,4.75569627223329e-06,0.00115300924134024,-0.507904444681641,-7.64983480883789e-16,1.70217218024948e-05,1.04642155096746e-15,8.49519512116893e-16,-7.10536643744517e-16,-4.23070698010036e-06,1.50328412655347e-15,-3.05311331771918e-16,-0.00133810832820273,1.18178715289158e-05,1.87999829854082e-06,1.50611510957302e-15,2.4719586510859e-15,3.1195872845946e-05,1.118475506316e-15,-3.93751738054365e-05,0.707106781186548,-5.89275754192539e-15,6.67588892241597e-07,9.10659751263837e-07,2.35647482166789e-15,7.39059683025942e-17,-2.58070205975958e-07,-1.44223402889582e-16,1.6009870448706e-16,-4.57613895977563e-16,-2.73218947466347e-16,6.24500451351651e-17,-6.24500451351651e-17,2.08166817117217e-17,-1.41370265439533e-16,-6.26469340758631e-09,-1.27384595749408e-16,4.23272528138341e-16,2.0999887141715e-07,-1.31188462870746e-17,-2.51534904016637e-16,2.23658863149851e-16
"t41",-0.115397218273565,0.143832371010287,0.0239772089961215,-0.0182348316151221,-0.000537973133990914,0.047185297603958,0.0610206574070882,0.000202697723924962,-0.000145887707132007,-0.00024202225904821,-2.11519129397503e-05,0.00056168297563925,-0.000168486003868438,-5.95046304256264e-07,0.000389855079031435,-0.00379985969208253,0.00568475663208754,-0.0376897229281375,-0.000259810926969944,4.97765168612843e-06,0.00708477879944165,-0.349096341754787,-0.00608280270227006,-0.000337863902017449,0.568570406418308,0.0012339163449216,-0.00172683400855944,-0.0220853312493484,0.000691764344833506,0.000102058077080079,-2.09648652098104e-16,-0.00048620789086995,2.90784782660369e-05,-9.19371477900953e-06,-4.05556962329505e-05,0.026582481329561,-0.0109756464815804,-1.17961196366423e-16,0.000490258894552002,5.39932681897781e-16,-0.000447420786232302,1.84650013415249e-16,0.000116558838173318,2.73422934699259e-16,1.64809688100317e-05,-4.6722969507169e-17,2.24429849704499e-17,-2.68674266748336e-16,-7.32179374003992e-07,-7.82363372024142e-05,0.00294320426420906,-1.4233182559669e-15,1.41026710028518e-05,-3.09978756465747e-16,-3.78485892694995e-15,6.44108706612849e-15,-6.61834297593228e-06,0.707106781186547,7.99360577730113e-15,-0.00137634325389779,2.03196486481469e-05,3.58047113147106e-06,-7.04485402361483e-16,-5.40217610550288e-16,6.01419565921029e-05,-1.1360070614087e-16,-7.72261565537523e-05,-6.54632122472739e-16,2.38734455656618e-16,1.33185013080107e-06,1.82567885873702e-06,-6.24864587734276e-16,-5.1770956794712e-16,-5.28867776660932e-07,1.5858722422964e-16,-8.49747202949947e-17,2.84752094483905e-16,-4.2934406030426e-16,-3.46944695195361e-17,1.38777878078145e-17,-2.74086309204336e-16,-4.21438188173611e-16,-1.30535199069186e-08,-2.34902788482382e-16,1.97758476261356e-16,4.38464715354914e-07,-2.31856634586025e-16,-7.45931094670027e-17,2.99147401606252e-16
"t42",-0.115397218273565,0.143832371010287,0.0239772089961215,-0.0182348316151221,-0.000537973133990848,0.047185297603958,0.0610206574070881,0.000202697723924966,-0.000145887707131933,-0.00024202225904825,-2.11519129397195e-05,0.000561682975639197,-0.000168486003868473,-5.95046304226882e-07,0.000389855079031408,-0.00379985969208251,0.00568475663208757,-0.0376897229281374,-0.000259810926969896,4.97765168603823e-06,0.00708477879944156,-0.349096341754786,-0.00608280270226978,-0.000337863902017625,0.568570406418308,0.00123391634492143,-0.00172683400855924,-0.0220853312493485,0.000691764344833517,0.000102058077079639,-6.14530130216651e-17,-0.000486207890869957,2.90784782662285e-05,-9.19371477891239e-06,-4.05556962329834e-05,0.0265824813295613,-0.0109756464815801,-3.2612801348364e-16,0.000490258894551922,-4.03323208164608e-17,-0.000447420786231801,-2.79095497244257e-16,0.000116558838173244,-1.21439674933566e-16,1.64809688100486e-05,7.67805427414277e-17,-2.36633900408539e-16,3.00814081092416e-16,-7.32179374062538e-07,-7.8236337203115e-05,0.00294320426420804,1.37104766050254e-15,1.41026710016152e-05,2.67804222221726e-16,3.59655125531699e-15,-6.391164276185e-15,-6.6183430078165e-06,-0.707106781186547,-8.10462807976364e-15,-0.00137634325389008,2.0319648644733e-05,3.58047113196026e-06,5.7781270477548e-16,6.39470394810165e-16,6.0141956592717e-05,1.577156693847e-16,-7.72261565534539e-05,4.06460053203633e-16,-2.8680969407801e-16,1.33185013193732e-06,1.82567885841783e-06,6.3068261645785e-16,4.83906251292871e-16,-5.2886777670777e-07,-1.22271021838729e-16,7.76632876564843e-17,-2.93264349191397e-16,-1.11022302462516e-16,-1.38777878078145e-17,-1.73472347597681e-16,2.08166817117217e-16,-7.14955371130028e-16,-1.30535199137491e-08,2.28928992540279e-16,5.89805981832114e-17,4.38464715410425e-07,-2.31910844694649e-16,-5.20417042793042e-18,2.56094471064213e-17
"t15",-0.0306504575456079,-0.0410321731840469,-0.187904033124569,0.164596826770237,0.0108758180429025,0.0193677279183617,-0.00208263691035227,-0.00344854258081634,0.0528160121587649,-0.00131072081789089,0.00164126164194218,-0.124026960620813,0.627116388934045,0.000322258157926226,-0.00921810203912845,0.000478322576808597,-0.0222501403512255,0.0104886329150282,-0.00389222168334238,0.00297098500966967,-0.105626821161821,0.000311958709161911,-0.000177007919279003,0.00026400248605157,-0.000904681802289202,0.000672170569077512,-0.00124554579992406,-0.00179815637706893,0.000888464741852685,0.000562784211447238,-1.76202958444239e-16,-0.00499200895953285,0.000128756815141378,-3.83667651115068e-05,-0.000154233651614985,0.000423999115221143,-0.000180303863496621,-2.61943244872498e-16,0.000563770531460624,-3.18755438710738e-17,-0.000512180390066626,5.64278576226194e-14,2.24953466720261e-06,-0.707106781186547,8.22835699526637e-05,3.09038772755834e-15,9.93637409765075e-16,2.00910810487715e-15,-3.47535054462389e-06,-8.22086284662932e-05,6.32558798333849e-05,1.93289215605866e-16,7.0095154695802e-05,-5.49516495318646e-17,-2.73226909155287e-16,1.74047126202054e-16,-7.66281093115412e-06,1.65282360224906e-17,-3.19189119579733e-16,-3.17827035502122e-05,0.000101091303853502,1.77029567509646e-05,-5.88717079005931e-16,1.50220840164267e-16,7.0254379701977e-05,-9.82892088601067e-17,-9.98922666392565e-06,1.57409362125048e-16,5.28683812157813e-17,6.58241743036955e-06,9.02214520959871e-06,1.05929740865831e-16,-1.22913695749472e-16,-2.61229624138985e-06,-1.6253199452063e-16,1.21991627233559e-17,6.36077891336768e-17,-1.32706345912226e-16,1.11022302462516e-16,-1.87350135405495e-16,-6.93889390390723e-17,-2.74052709323017e-15,-6.44420774100298e-08,1.16937233797035e-16,9.71445146547012e-17,5.18435346465174e-07,2.61292723569007e-17,1.40512601554121e-16,2.26786265486809e-16
"t16",-0.0306504575456078,-0.0410321731840469,-0.187904033124569,0.164596826770237,0.0108758180429026,0.0193677279183616,-0.00208263691035237,-0.0034485425808163,0.0528160121587649,-0.00131072081789095,0.00164126164194213,-0.124026960620813,0.627116388934045,0.000322258157926251,-0.00921810203912855,0.000478322576808701,-0.0222501403512254,0.0104886329150282,-0.00389222168334247,0.00297098500966973,-0.10562682116182,0.000311958709161921,-0.00017700791927891,0.000264002486051695,-0.000904681802289321,0.000672170569077585,-0.00124554579992451,-0.00179815637706864,0.000888464741852861,0.000562784211447193,-7.17326664742623e-18,-0.00499200895953274,0.000128756815141929,-3.83667651113847e-05,-0.000154233651614905,0.000423999115220605,-0.000180303863496864,1.17961196366423e-16,0.000563770531462136,9.19403442267708e-17,-0.000512180390071899,-5.64482534173538e-14,2.24953466775165e-06,0.707106781186547,8.2283569962843e-05,-3.07341062092958e-15,-4.62086965913322e-16,-1.95857364705528e-15,-3.47535054405682e-06,-8.22086284660364e-05,6.32558798336676e-05,-2.36410196779135e-16,7.00951546951915e-05,6.65075966231638e-17,2.00266167450997e-16,-4.12610845102449e-16,-7.66281092976634e-06,3.35547196563515e-17,3.60822483003176e-16,-3.17827035503718e-05,0.000101091303853565,1.7702956750965e-05,5.2906416649746e-16,-5.47288330055437e-17,7.02543797019015e-05,1.36947600345238e-16,-9.98922666393953e-06,-3.21324603421473e-16,-1.13886504125367e-16,6.58241743046323e-06,9.02214520967157e-06,-9.45433571052642e-17,1.6621592518914e-16,-2.6122962408677e-06,1.24023147837701e-16,-4.91544258760115e-19,1.03376919530671e-17,-1.96891114523368e-16,-2.28983498828939e-16,3.46944695195361e-17,-1.6306400674182e-16,-2.83142224560681e-15,-6.44420774289492e-08,-1.19563543430235e-16,-1.31838984174237e-16,5.18435346534563e-07,-3.06341323835779e-16,-2.18575157973078e-16,9.13315076620288e-17
"t38",-0.0317295992502642,-0.0458449656609923,-0.231212904935388,0.20823949399806,0.0156578658671757,0.0507046774370525,-0.0064564578021348,-0.0162714211030298,0.313529933725232,-0.00795997204112155,-0.00890372108886614,0.0975996981429989,-0.166192621228317,3.40783442287478e-05,-0.00306234535163984,0.000165906131006675,-0.00806825643696982,0.00460737243692914,-0.00193558488030428,0.49779599304389,-0.0482790778172161,0.000156521483353999,-8.97792187972268e-05,0.000146595289681754,-0.000506491529196686,0.000379349822027577,-0.000787847099978321,-0.00115980176587746,0.000576668693217786,0.000366156565248182,-4.97778502393599e-17,-0.00329438583871124,8.57982583269931e-05,-2.57224117124337e-05,-0.000103664222233176,0.000285774677392345,-0.000121847751513623,-1.01481323344643e-16,0.000384923006796007,3.87439646337695e-16,-0.000350396851599674,-3.92909559596688e-16,1.54586022144674e-06,-2.45482266318616e-16,5.66004666479955e-05,2.81293090936296e-17,-2.51290958527828e-16,-1.21247731219438e-16,-2.41536883170884e-06,-5.71426958553452e-05,4.3973252772746e-05,2.67411699837281e-16,4.88255779214057e-05,-2.40443321800798e-17,7.43445884580628e-15,-0.707106781186547,-5.36059695075905e-06,6.12573047129606e-15,-1.45716771982052e-16,-2.22641818031291e-05,7.08437720011532e-05,1.24521959360164e-05,-5.25565696935875e-17,1.3114275602808e-16,4.94500692354177e-05,5.90768215532029e-16,-7.0389869116505e-06,-2.44090252365372e-16,-1.04772751302581e-16,4.64474496321204e-06,6.36924071579625e-06,-7.36493301067968e-17,-2.42545445074537e-16,-1.8491848203005e-06,-1.68953511617968e-16,-1.39692860523016e-16,-2.38283813514128e-16,6.70036942596042e-17,2.69749500514394e-16,1.17961196366423e-16,-3.55618312575245e-17,-1.96139528651376e-15,-4.57806532586471e-08,3.16348835504338e-16,-1.38777878078145e-17,3.68556379465659e-07,-1.07308910021753e-16,-4.55364912443912e-17,2.36596056788987e-16
"t39",-0.0317295992502642,-0.0458449656609923,-0.231212904935387,0.20823949399806,0.0156578658671757,0.0507046774370525,-0.00645645780213481,-0.0162714211030298,0.313529933725231,-0.00795997204112152,-0.00890372108886614,0.0975996981429986,-0.166192621228317,3.40783442287113e-05,-0.00306234535163984,0.000165906131006623,-0.00806825643696981,0.00460737243692911,-0.00193558488030421,0.49779599304389,-0.0482790778172161,0.000156521483353976,-8.97792187972944e-05,0.000146595289681838,-0.000506491529196746,0.000379349822027626,-0.000787847099978401,-0.00115980176587727,0.000576668693217905,0.000366156565248183,-5.33975667823615e-18,-0.00329438583871138,8.57982583269108e-05,-2.57224117122879e-05,-0.000103664222233095,0.000285774677392446,-0.000121847751512924,-4.5102810375397e-17,0.000384923006795879,1.32489505477729e-16,-0.000350396851599723,9.41389020616245e-17,1.54586022125852e-06,2.14142505872518e-16,5.66004666478714e-05,-1.42434260337982e-16,1.17376743632817e-16,1.33312881609395e-16,-2.41536883264854e-06,-5.7142695857347e-05,4.39732527707961e-05,-3.56236286204578e-16,4.88255779189005e-05,-2.06649811846461e-16,-7.67086709062941e-15,0.707106781186547,-5.36059696773158e-06,-5.97485819758589e-15,3.12250225675825e-17,-2.22641817977688e-05,7.08437720025046e-05,1.2452195935917e-05,-2.737003963105e-17,-8.6128897263854e-18,4.94500692356638e-05,-5.41286756063122e-16,-7.0389869109783e-06,1.78441300616863e-16,1.02386827660796e-16,4.6447449638643e-06,6.3692407155291e-06,5.75275558161204e-17,2.31608568721447e-16,-1.84918482059974e-06,1.9261819437123e-16,1.52658822292571e-16,2.61885685539967e-16,-1.30104260698261e-18,-5.98479599211998e-17,-2.75821032680312e-16,1.73472347597681e-17,-2.04617897046309e-15,-4.57806532601921e-08,-3.10259328913533e-16,6.85215773010839e-17,3.68556379621784e-07,-2.93276687657329e-17,-3.77302356024956e-17,2.30807951677431e-16
"t33",-0.031704068788585,-0.0457367322630597,-0.230291896243741,0.207324856684443,0.0155635466803213,0.0501865286618401,-0.0063862994124488,-0.01607659141497,0.309649242071417,-0.00786117412339013,-0.00876902657244455,0.0956316540492425,-0.162059272970973,3.28182233963027e-05,-0.00282062388988781,0.000151516825406334,-0.00728487330405529,0.00369533121971314,-0.00128402640768462,-0.502161316297399,-0.0550156306692317,0.000168927152844759,-9.64681760113415e-05,0.000153329639820136,-0.000528818192368799,0.000395416094058801,-0.000807199794276446,-0.00118581070296228,0.000589226500458351,0.000374041526500812,3.00695403759894e-17,-0.00336076085788531,8.74499922687329e-05,-2.62035826924598e-05,-0.000105580496832933,0.000290988308796881,-0.00012404296163691,-3.7470027081099e-16,0.000391527869962997,-4.45715513108791e-16,-0.000356352448373789,-3.05138782322423e-17,1.57158026024471e-06,9.13709982170942e-17,5.75377432005343e-05,-1.57915794777533e-16,5.77913639252664e-17,7.06849747103794e-16,-2.45343375751474e-06,-5.80426497692188e-05,4.4665456888489e-05,3.13554426498058e-15,4.95867551838152e-05,-0.707106781186547,2.46405413237168e-15,-3.5721099104291e-16,-5.44244789481979e-06,-6.07254385248603e-16,-5.27355936696949e-16,-2.26018974132935e-05,7.19163063719608e-05,1.26373419316519e-05,-9.0211123508164e-17,-9.92514121373507e-17,5.01829033070287e-05,6.98789031709618e-17,-7.14273603275722e-06,3.26376748453966e-16,3.55134296680353e-17,4.71274595694512e-06,6.46227793788326e-06,1.40070422445478e-16,-1.26446507343678e-16,-1.87583947614759e-06,6.54769687355303e-17,-1.2184488998116e-16,-3.55571388043639e-16,1.75207071073658e-16,3.57353036051222e-16,4.33680868994202e-17,-2.86229373536173e-16,-1.7326161052842e-15,-4.64290506177532e-08,-1.24191428134667e-16,1.35308431126191e-16,3.73758760375403e-07,1.92445885616177e-16,-1.51788304147971e-16,2.11157243767555e-16
"t40",-0.031704068788585,-0.0457367322630597,-0.230291896243741,0.207324856684443,0.0155635466803213,0.0501865286618401,-0.00638629941244882,-0.01607659141497,0.309649242071417,-0.00786117412339012,-0.00876902657244453,0.0956316540492424,-0.162059272970973,3.28182233963004e-05,-0.00282062388988781,0.000151516825406338,-0.00728487330405524,0.00369533121971318,-0.00128402640768466,-0.502161316297398,-0.0550156306692318,0.000168927152844828,-9.64681760113346e-05,0.000153329639820171,-0.000528818192368759,0.000395416094058798,-0.000807199794276473,-0.00118581070296226,0.000589226500458381,0.000374041526500737,-7.38376242160719e-17,-0.00336076085788535,8.74499922687842e-05,-2.62035826926243e-05,-0.00010558049683287,0.000290988308797023,-0.000124042961636494,-5.89805981832114e-17,0.000391527869963489,4.08310538158041e-16,-0.000356352448373256,2.90275645137636e-16,1.57158025967507e-06,-8.53606241066097e-18,5.75377432000294e-05,3.31651721397387e-16,-1.04771199311779e-16,-7.00164517520119e-16,-2.45343375873004e-06,-5.80426497688545e-05,4.46654568897736e-05,-3.19519326962215e-15,4.95867551909596e-05,0.707106781186547,-2.57359573846905e-15,2.30026730208303e-16,-5.44244789766821e-06,6.04166915223485e-16,8.81239525796218e-16,-2.26018974128078e-05,7.19163063710414e-05,1.26373419321406e-05,-1.5695296182773e-17,1.67811995079424e-16,5.01829033069589e-05,-1.75470101903121e-17,-7.14273603270345e-06,-6.44909660169271e-16,-1.44325172032083e-16,4.71274595679593e-06,6.46227793757448e-06,-1.65748361770547e-16,1.14189695413334e-16,-1.87583947609989e-06,-9.11067969601393e-17,1.27128347071114e-16,3.18532957768803e-16,-7.37257477290143e-18,-2.75821032680312e-16,-3.12250225675825e-17,2.02962646689286e-16,-2.1932642658035e-15,-4.64290504772948e-08,1.62810538578294e-16,1.07552855510562e-16,3.73758760420506e-07,-4.24112784822017e-16,2.42861286636753e-17,-4.62206526476579e-17
"t1",-0.0294083083385688,-0.0362136333020862,-0.151060063450457,0.129083945115582,0.0076733885443841,0.00899864979851609,-0.000828213996680699,-0.000255525817255565,-0.0407777810838359,0.00132947316232226,0.000772733276410091,-0.0312353924245499,0.0606415308420414,-7.42831954441875e-05,0.00895115178064582,-0.000510842472882793,0.0263396150611371,-0.0195558354660037,0.00882030304005581,-0.00627485785654758,0.968756435964265,0.024977278408254,-0.00628059447421498,0.00159715247868437,-0.00508234732923403,0.00352950767467492,-0.00339960672633145,-0.00454485137509252,0.00219481955671337,0.00137873033073457,1.59892422824541e-18,-0.0161948336946578,0.000287150831460856,-8.40347143394286e-05,-0.000335207153617009,0.000913590496654231,-0.000385313220886056,9.97465998686664e-17,0.00116740156072548,-6.9334728930448e-17,-0.00105419402548294,-1.80428298783326e-17,4.56846406271278e-06,-7.80189501685431e-17,0.000166614515107213,4.96946941432822e-18,-1.51193687018998e-16,2.34688662293125e-17,-6.82802285879189e-06,-0.000161452710225071,0.00012419414257663,-2.97237883197161e-17,0.000136831786920074,4.97606038535472e-17,-1.17890868595262e-16,1.84979556820138e-17,-1.47769869777784e-05,-4.48229847050552e-17,3.46944695195361e-17,-6.10554430169157e-05,0.000193983268289868,3.36198872125449e-05,-8.08460671697146e-17,6.11447894653128e-17,0.000133171284476794,3.17521377551742e-17,-1.88768205642729e-05,-8.0653422237983e-17,-4.27113827855499e-17,1.23918213489394e-05,1.69631496247597e-05,-3.07254755317053e-17,5.18417798995466e-18,-4.87522359943118e-06,-3.58177054282823e-18,-2.83673528088621e-18,-1.28756434934653e-17,-7.58941520739853e-18,4.5102810375397e-17,-7.97972798949331e-17,-1.40512601554121e-16,-5.11370568859406e-15,-1.19106285625568e-07,3.00049230696723e-17,1.67400815431762e-16,9.56448502066956e-07,2.79995211044382e-17,-4.03323208164608e-17,1.79825815405032e-16
"t8",-0.031380916363946,-0.0443449391467786,-0.217985433945382,0.194933196214599,0.0141839282330588,0.0370987228903764,-0.00417692845636094,-0.0020661078844515,-0.421135773079868,0.0140614236099577,-0.00952552162700451,0.0810993025360226,-0.0939707419188364,6.0748788785051e-05,-0.00351771125197797,0.000188104488098501,-0.00902270319125233,0.00477881119002686,-0.00185153940602147,0.00107859967415876,-0.0693449682949064,-0.00035781821811022,4.25827900592118e-05,9.20666857480226e-05,-0.000320684414708134,0.000240850278039245,-8.37908386869327e-05,0.000685275850147465,-0.000671030287063459,-0.000554210933270865,5.02656838800981e-16,0.837160046390544,0.000397002058298626,-8.21039715404412e-05,-0.000298599845593809,0.000749639403159488,-0.000296613076322561,-8.74300631892311e-16,0.000763263542395226,1.65926300477182e-15,-0.000674595890991274,-1.73162186231622e-16,2.80837931852622e-06,-8.0231640987137e-17,0.000101646927508465,4.93075737008877e-17,1.37463282944006e-16,-1.34029178315326e-17,-3.92754785482632e-06,-9.2816607221935e-05,7.13667547921418e-05,-7.35210416793936e-17,7.80095723495354e-05,4.15816235619427e-17,-3.50939921224199e-16,1.38389950644052e-16,-8.30650325314708e-06,-1.01287279811029e-16,5.55111512312578e-17,-3.41919807872737e-05,0.000108521162234448,1.86486041982223e-05,-4.16248813008285e-17,-5.80439176431997e-21,7.37702257105413e-05,-3.56801147256072e-17,-1.0435185540475e-05,-7.5530690984719e-17,1.19858301668555e-17,6.83428786039594e-06,9.34859775559432e-06,-6.34465192072955e-18,-1.32267366225404e-17,-2.67663799017465e-06,-1.88106272283126e-17,2.62308612659019e-17,5.0088340546602e-17,1.99493199737333e-16,2.91433543964104e-16,2.77555756156289e-17,-1.11022302462516e-16,-2.85396991087186e-15,-6.51458780152273e-08,2.78853867392701e-17,3.19189119579733e-16,5.22831906796251e-07,-3.63207727782644e-16,2.77555756156289e-17,2.10194732827051e-16
"t47",-0.0316659964486023,-0.045457193273464,-0.226675799454663,0.203378849074111,0.0149809463920189,0.0402017463749553,-0.00454153461979816,-0.00225872260495927,-0.461269918820139,0.0154039309043669,-0.0105570530590683,0.091470875971712,-0.107366162320859,7.10679458588955e-05,-0.00427338260632436,0.000229378439184885,-0.0110493646055429,0.00597282931845972,-0.00233573462981427,0.00137721299429869,-0.0928105195925678,-0.000501629830816773,6.01854611102098e-05,0.000146101531737707,-0.00051800014453849,0.000396652499864376,-0.00112397907227934,-0.00203220904561129,0.00116217946408038,0.000796602590023747,-4.25802185068385e-16,-0.38651011772528,-5.29976620139534e-05,-9.68806967348692e-07,-1.86674400800392e-05,8.5104474976859e-05,-4.68281310223584e-05,1.59594559789866e-16,0.000227669306202459,-5.80698683583236e-16,-0.000216541045005379,3.79409890039161e-16,1.03254935407415e-06,1.01412353705255e-16,3.83494424958937e-05,-2.23123596291846e-17,-2.66781497067214e-17,-2.85106349544332e-16,-1.82566828292688e-06,-4.32382761973715e-05,3.33004635528072e-05,-1.98605543790163e-15,3.75439321467106e-05,2.41106057463546e-15,0.707106781186547,7.55561906216393e-15,-4.24119709917931e-06,3.66654046050132e-15,1.9151347174784e-15,-1.77569187557874e-05,5.66294453980959e-05,1.01504559945655e-05,-2.174740936489e-16,5.48448939025649e-16,4.04418548020039e-05,2.47108660531047e-16,-5.78700866808377e-06,-1.07903359486345e-15,-5.49163283528563e-16,3.84236104417068e-06,5.27961148335393e-06,-5.4450052293303e-16,4.42820787261391e-17,-1.55014409641829e-06,-4.31416041699644e-17,2.10800223882929e-17,1.10039708188643e-16,-2.15105711021124e-16,-2.08166817117217e-17,-1.94289029309402e-16,1.2490009027033e-16,-1.80600419403399e-15,-3.88933127258226e-08,-6.70114269074475e-17,2.32452945780892e-16,3.13857540727713e-07,1.6750923564901e-16,1.87350135405495e-16,-7.23915112333368e-17
"t36",-0.0316659964486023,-0.045457193273464,-0.226675799454663,0.203378849074111,0.0149809463920189,0.0402017463749553,-0.00454153461979815,-0.00225872260495925,-0.461269918820139,0.0154039309043669,-0.0105570530590683,0.091470875971712,-0.107366162320858,7.10679458589111e-05,-0.00427338260632438,0.000229378439184927,-0.011049364605543,0.00597282931845968,-0.00233573462981429,0.00137721299429856,-0.0928105195925679,-0.000501629830816752,6.0185461110078e-05,0.000146101531737636,-0.000518000144538538,0.000396652499864349,-0.00112397907227958,-0.00203220904561156,0.00116217946408031,0.000796602590023726,-5.76515245557145e-17,-0.386510117725281,-5.29976620137053e-05,-9.68806967120792e-07,-1.86674400797912e-05,8.51044749769839e-05,-4.68281310222751e-05,3.08780778723872e-16,0.000227669306202577,-9.69710423071035e-16,-0.000216541045005212,-2.88846652428382e-16,1.0325493536717e-06,-4.86276554728044e-17,3.83494424961816e-05,-1.83288743688212e-17,-3.1319890257675e-17,4.97915126013841e-16,-1.82566828258276e-06,-4.32382761967331e-05,3.33004635531577e-05,1.91818488902479e-15,3.75439321464901e-05,-2.43377230398842e-15,-0.707106781186547,-7.54631258009397e-15,-4.24119710001197e-06,-3.57634170972952e-15,-1.74860126378462e-15,-1.77569187565091e-05,5.66294453990118e-05,1.0150455994575e-05,1.39747316039047e-16,-4.24101605785389e-16,4.04418548022329e-05,-1.81758811346399e-16,-5.78700866898235e-06,8.60385591615547e-16,5.0963649841689e-16,3.84236104434763e-06,5.27961148345801e-06,5.27163732895716e-16,-7.26853840759363e-17,-1.55014409621013e-06,4.63861905590746e-17,-7.04189105017742e-17,-1.51570217259727e-16,2.68882138776405e-16,5.55111512312578e-17,6.24500451351651e-17,-4.64905891561784e-16,-1.52710437416928e-15,-3.88933130691894e-08,6.56970144399711e-17,-1.38777878078145e-17,3.13857540602813e-07,-2.34296089474118e-16,-1.70002900645727e-16,3.31421481977504e-16
"t12",0.102678570056454,0.00496547456273891,-0.112181694176363,-0.163129794258992,0.0605915125010881,0.000956544370149606,-0.000131860344144398,-0.00643409419254209,9.33305928319143e-05,1.17145532608645e-05,-0.000882567104780132,-0.00837942602817379,-0.00318405457175507,0.0120209501210927,0.128195438566134,0.000162849026048118,-0.00286640968997135,-0.00325111988183171,0.51876056752613,0.000493478661180166,-0.0111806781171725,0.000411401712039743,-0.00012384224766558,0.152431083889311,-0.000134833066685532,0.00857599516048266,-0.000348544685441645,-0.000865499237213128,0.00110996743552903,0.355206717965093,-6.96491791210482e-16,-1.82069060470384e-05,0.000401834975162018,-0.000147816025780068,-0.000626005355194071,4.89153433634497e-05,-2.17573598049661e-05,-5.94142790522056e-17,7.6422455699999e-05,1.42030484595601e-17,-7.06153924213207e-05,0.707106781186547,3.25507599096783e-07,5.66102224438389e-14,0.00337971749238377,3.28129855541461e-15,-1.97791510546299e-16,2.56029437006829e-15,-0.000138514303840137,-1.23357916932678e-05,9.49760090732934e-06,4.0621736187164e-16,0.000347508286430894,5.45526072521029e-17,-2.20740854974583e-16,-1.04182122827017e-16,-1.18044334536122e-06,-4.12674056991319e-16,7.28583859910259e-17,-4.95196608897748e-06,0.000502120428602074,8.78756627121939e-05,-8.32951686818904e-17,-6.18706678769495e-17,1.10213892219459e-05,1.00956522710863e-16,-1.57294138646751e-06,3.4083998069946e-16,2.06070659374194e-16,3.26359669568762e-05,4.4721317108799e-05,-9.87432062275393e-17,-2.42459707744408e-16,-1.2926967294098e-05,-3.94743697327693e-17,2.80897317767696e-17,4.10076149318123e-17,3.79470760369927e-17,-4.55364912443912e-17,1.48318857196017e-16,-4.42354486374086e-16,-1.01048883599599e-13,-3.17993491483123e-07,3.58684947551745e-17,-2.88831458750138e-16,8.37187898745234e-08,-1.18449087344041e-16,-3.98335878171174e-16,2.28486939697078e-16
"t13",0.102678570056454,0.00496547456273891,-0.112181694176363,-0.163129794258991,0.060591512501088,0.000956544370149594,-0.000131860344144403,-0.00643409419254209,9.33305928319309e-05,1.171455326087e-05,-0.000882567104780141,-0.00837942602817377,-0.00318405457175506,0.0120209501210926,0.128195438566134,0.000162849026048084,-0.00286640968997147,-0.00325111988183173,0.518760567526129,0.000493478661180012,-0.0111806781171724,0.000411401712039778,-0.000123842247665649,0.15243108388931,-0.000134833066685505,0.00857599516048262,-0.000348544685441762,-0.00086549923721313,0.00110996743552918,0.355206717965092,-8.24741433566829e-16,-1.82069060472379e-05,0.000401834975161735,-0.000147816025780163,-0.000626005355193742,4.89153433631201e-05,-2.17573598050051e-05,-2.89698820488127e-16,7.64224556997501e-05,2.4549047690503e-16,-7.06153924216386e-05,-0.707106781186548,3.2550756547318e-07,-5.65744955368929e-14,0.00337971749237782,-3.30644597724822e-15,3.56287468603576e-17,-2.4762693091369e-15,-0.000138514303840883,-1.23357916917352e-05,9.49760090802171e-06,-5.15729587167262e-16,0.00034750828643017,-4.51795782818139e-17,-2.42376520177652e-17,1.43717575097092e-16,-1.1804433453725e-06,4.21695514882736e-16,8.50014503228635e-17,-4.95196608948922e-06,0.000502120428601682,8.7875662711198e-05,-6.48578447418723e-17,1.34765544492174e-16,1.10213892219588e-05,-1.13934790992973e-16,-1.57294138650481e-06,-4.12952868746243e-16,-3.55485685683452e-16,3.26359669567916e-05,4.472131710943e-05,1.43890621346961e-16,2.30992917108737e-16,-1.29269672940837e-05,7.92424335725527e-17,4.32658620515507e-18,-4.044146237009e-17,3.25260651745651e-17,2.80591522239249e-16,-2.97505076130022e-16,-4.59701721133854e-17,-1.01192502958207e-13,-3.17993491420659e-07,2.84698218394866e-17,3.79904441238921e-16,8.3718789892738e-08,-1.49159113879693e-16,3.03576608295941e-17,2.53886430892872e-16
"t24",0.101846167366232,0.00485550876563243,-0.108271061960213,-0.156963658253829,0.0576458514664298,0.000888533400708072,-0.000122098719434804,-0.00592729983238235,8.58255249152017e-05,1.07709185864318e-05,-0.000802577861722434,-0.00749342609974983,-0.00281216514793909,0.0103754410766174,0.106589032176349,0.000134889652762298,-0.00236415005705478,-0.00262664240385215,0.41516403229182,0.000390055867936523,-0.00841310007412497,0.000294514601362782,-8.78709219296753e-05,0.0948260409743365,-8.21349255895889e-05,0.0051042113220839,6.73118551970577e-05,0.000985644078596075,-0.00214771851820691,-0.863548263831432,1.66933642661502e-15,-0.0013597007828825,0.00211759761626953,-0.0005381658710115,-0.00204987667632986,0.000145202427404957,-5.96500619933424e-05,-1.38777878078145e-17,0.00016752897908685,-2.40042360988291e-16,-0.000149788492718678,7.39830642886971e-17,6.46841987045387e-07,1.51908131792444e-16,0.00662888477630788,-3.66872516076054e-17,2.67482840347541e-16,-3.63550851618756e-18,-0.000242441272413342,-2.15640698873198e-05,1.65868190172133e-05,-1.87569992748572e-16,0.00059595009556746,-6.10630089328561e-17,-2.92941361376914e-17,-5.35660391272727e-17,-1.95330886474873e-06,2.90110766034777e-16,-6.93889390390723e-18,-8.10859605836906e-06,0.000819745447996862,0.00013969751402487,-6.87797125522304e-18,6.82260161427217e-17,1.74407679615391e-05,3.50994187006272e-17,-2.47071043925871e-06,-2.07109110235161e-16,-5.43457558525959e-17,5.08098950840865e-05,6.94217093624855e-05,4.30439650431878e-18,5.63019240231766e-17,-1.97376482533301e-05,8.47522604722161e-17,3.661286631533e-17,5.25242474143052e-18,-1.02348685082632e-16,-8.67361737988404e-18,-2.98372437868011e-16,-6.07153216591882e-17,-1.51476534989102e-13,-4.75770086888461e-07,-5.57120389417753e-18,8.67361737988404e-17,1.24794124471694e-07,-1.09097843606354e-16,-8.32667268468867e-17,4.05904615586661e-16
"t31",0.109695332587227,0.00607572449587181,-0.160241993547741,-0.242908671204243,0.107871267960772,0.00313275536497357,-0.000490526289329259,-0.0309228861913212,0.000500573632531694,6.34535434543582e-05,-0.0191406422146105,0.0458269409329394,0.00862045175826186,-0.0158679860769568,-0.0829527287422271,-9.93366425106196e-05,0.00163880166707097,0.00138697975858988,-0.195008785295705,-0.000157813737953767,0.00187150065407628,-2.80427389961063e-05,6.54400869449373e-06,0.159059959362832,0.000122251107230807,-0.002582711297701,-3.29513906062728e-05,-6.40317064938695e-05,4.72746686538702e-05,0.00752634609563665,-4.91240723509306e-16,-6.74879125375852e-05,0.000159239356452813,-4.5988560810488e-05,-0.000180197061976947,1.29114250803433e-05,-5.22537372599219e-06,2.04697370165263e-16,3.56270799350272e-06,1.99016150781439e-15,4.93767574900883e-06,1.02242622858104e-15,-6.53866232296595e-07,3.40929434380501e-15,-0.380276415419677,1.2880845583599e-15,6.34481887602095e-16,7.92680860644887e-16,-0.402305871144581,1.59910034323862e-06,1.74696665509316e-06,0.707106781186559,0.000181160055019956,2.24495712014911e-15,1.49194918791072e-15,-9.20274029229163e-17,-5.96628668282639e-07,1.09482621730851e-15,4.44089209850063e-16,-2.46988789458225e-06,0.00024953998925089,4.24639903825828e-05,1.68942667774597e-16,6.02482276743399e-17,5.30427212804777e-06,-5.63093246400077e-16,-7.52413764036619e-07,-9.2636779520093e-17,5.194296846698e-16,1.55095042080021e-05,2.12107053308118e-05,-1.10889878499785e-16,-1.69659093608538e-16,-6.07224896172903e-06,-8.7214139282808e-18,1.22805930779579e-16,-3.56136129028109e-17,8.67361737988404e-18,-5.55111512312578e-17,-1.80411241501588e-16,1.66533453693773e-16,-1.79166241682461e-13,-1.48119201584963e-07,1.23251646419465e-16,-6.59194920871187e-17,3.89506970358e-08,8.87961579265628e-17,-1.52655665885959e-16,-8.06983373443867e-17
"t32",0.109695332587227,0.00607572449587181,-0.160241993547741,-0.242908671204243,0.107871267960772,0.00313275536497354,-0.000490526289329288,-0.0309228861913212,0.000500573632531713,6.34535434543193e-05,-0.0191406422146105,0.0458269409329393,0.00862045175826186,-0.0158679860769568,-0.0829527287422271,-9.93366425105502e-05,0.00163880166707107,0.00138697975858984,-0.195008785295705,-0.000157813737953739,0.00187150065407627,-2.80427389961202e-05,6.544008694577e-06,0.159059959362832,0.000122251107230817,-0.00258271129770098,-3.29513906062937e-05,-6.40317064938695e-05,4.7274668653852e-05,0.0075263460956367,-4.52748158236906e-16,-6.74879125376338e-05,0.000159239356452907,-4.59885608104951e-05,-0.000180197061976776,1.2911425080267e-05,-5.2253737259228e-06,-1.59594559789866e-16,3.56270799369007e-06,2.77989437025283e-15,4.93767574865148e-06,2.89258903489164e-15,-6.53866232358177e-07,2.31339858316574e-15,-0.380276415419677,4.51066444828341e-16,8.18030539140313e-16,-1.0340010569196e-15,-0.402305871144623,1.59910032923594e-06,1.74696665725983e-06,-0.707106781186535,0.000181160055021964,-2.91588055634019e-15,-1.95830956568247e-15,-5.66340033797231e-16,-5.96628669434496e-07,-1.12525350980337e-15,1.80411241501588e-16,-2.46988789505409e-06,0.000249539989250973,4.24639903835993e-05,-1.85027603241588e-16,1.73295619475689e-17,5.30427212810675e-06,6.16755401819099e-16,-7.52413764376625e-07,-2.80023262337375e-17,2.91727159732711e-16,1.55095042073811e-05,2.12107053307563e-05,1.04247409986329e-16,8.61028794153821e-17,-6.07224896156944e-06,-3.90318745404607e-17,-1.38888611157413e-16,3.42825537862876e-17,-1.13624387676481e-16,-1.59594559789866e-16,-4.85722573273506e-17,-3.46944695195361e-16,-1.78924068945619e-13,-1.48119201674409e-07,-9.28834633800207e-17,1.00613961606655e-16,3.89506971537612e-08,-3.21357523924704e-16,-6.59194920871187e-17,4.1591375004497e-17
"t46",0.109682516208595,0.00607382068202385,-0.160164240677411,-0.242781347376346,0.107799534193564,0.00312979222176276,-0.000490044927791589,-0.0308907844236455,0.000500044165959093,6.3386323013119e-05,-0.0191181022355717,0.045765096814927,0.00860776567025008,-0.0158412393934324,-0.0827865192856303,-9.91345836245522e-05,0.00163541262885051,0.00138389193864032,-0.194561047982501,-0.00015743740002995,0.00186643051774884,-2.79586307894916e-05,6.52406582656723e-06,0.158478287140578,0.000121793996927957,-0.00257283007830011,-3.27307543608706e-05,-6.35149427633472e-05,4.68643104785274e-05,0.00745903916636727,8.71875639143982e-17,-6.67453387789146e-05,0.000157136887531982,-4.52898821419823e-05,-0.000177273529485651,1.268468605789e-05,-5.12565680853283e-06,-3.15719672627779e-16,3.45864606746127e-06,-5.78963960107259e-16,4.77627403577124e-06,1.09094969662301e-15,-6.2452058613308e-07,2.30905852223709e-15,-0.36164909154103,8.10000142443748e-16,-1.0524282725681e-15,6.0198043010975e-16,0.822297090994739,-2.57430570923117e-05,1.36699568742769e-05,-2.43013381329109e-14,0.000224311474656078,5.5474491683954e-16,-4.66321549584382e-17,3.94892136613008e-16,-6.42430842322239e-07,-1.75349945722883e-17,-2.91433543964104e-16,-2.62554564528505e-06,0.000264483784610539,4.4191341095093e-05,-1.12039309252257e-17,6.78061755734306e-18,5.50799826686942e-06,-2.48561276352641e-17,-7.78860730289016e-07,-2.16697058545627e-16,6.41458864023181e-16,1.60026568602287e-05,2.18640428139363e-05,-1.55533050079022e-19,-4.52142853588337e-17,-6.23008923003598e-06,-1.22530938241212e-17,6.4545959362358e-17,-4.11618151775873e-17,1.13624387676481e-16,1.94289029309402e-16,-2.77555756156289e-17,-9.0205620750794e-17,-1.83019817704707e-13,-1.51302433386053e-07,4.74743080927418e-17,-5.20417042793042e-17,3.97606523053207e-08,-1.69460799559484e-16,-2.96637714392034e-16,-1.83954764128728e-16
"t84",0.110070625492907,0.00613183259569901,-0.16254649948063,-0.24668726724756,0.110010083860058,0.00322193739839194,-0.000505031140844632,-0.0318920578098644,0.000516569099397308,6.54844213006045e-05,-0.0198243483020754,0.0477138341014202,0.00900912514535819,-0.016693478875561,-0.0881392941144228,-0.000105648570100425,0.00174479386997662,0.00148408744799271,-0.209124007358692,-0.00016971516223277,0.00203369584267518,-3.07615267285191e-05,7.18978178374657e-06,0.178318969710324,0.000137431960385268,-0.00291192954387422,-4.11796633655592e-05,-8.44717364353494e-05,6.39544746614942e-05,0.010295104510214,2.33073871289848e-16,-0.000101221379886052,0.000266722980034299,-8.62721897587404e-05,-0.000360724408019197,2.8331012089898e-05,-1.28907548194168e-05,-8.67361737988404e-17,6.36872349852116e-05,-1.77462211592427e-15,-7.03795350168943e-05,-2.1619919980474e-15,1.21378989401079e-06,-4.15043638536386e-15,0.538343208600744,-1.18834428281766e-15,3.35763860291605e-17,7.86796742754281e-17,-0.00796731120174765,-4.94512014712067e-07,4.70562215573386e-07,1.1653628492145e-16,3.8099010230278e-05,2.9074288916274e-16,7.53873695751425e-16,3.26152668950743e-16,-2.15175936194023e-07,-7.24134721971e-17,2.35922392732846e-16,-9.82974618937704e-07,0.000101837956867086,2.07898760537107e-05,4.66424007278263e-16,1.18095636855054e-15,2.66394417832057e-06,9.80945009190229e-17,-3.9268046659463e-07,6.2081183331444e-15,0.707106781186547,8.4414897084592e-06,1.16953528742428e-05,7.02000346314714e-16,6.38644126485732e-16,-3.57834731709583e-06,5.48957946939253e-18,-4.55774557674825e-16,1.48361602483608e-16,-6.76542155630955e-17,-1.59594559789866e-16,-1.66533453693773e-16,-2.22044604925031e-16,-1.12729885203719e-13,-9.34831272558128e-08,1.09326657326434e-16,6.93889390390723e-17,2.48607550171198e-08,-2.88397777881144e-17,-6.41847686111419e-17,3.61290930665903e-16
"t59",0.110070625492907,0.00613183259569901,-0.16254649948063,-0.24668726724756,0.110010083860058,0.00322193739839194,-0.000505031140844626,-0.0318920578098644,0.000516569099397281,6.54844213006221e-05,-0.0198243483020754,0.0477138341014202,0.00900912514535817,-0.016693478875561,-0.0881392941144228,-0.000105648570100453,0.00174479386997656,0.00148408744799268,-0.209124007358692,-0.0001697151622327,0.00203369584267516,-3.07615267285608e-05,7.18978178373963e-06,0.178318969710323,0.000137431960385252,-0.00291192954387426,-4.11796633654968e-05,-8.44717364353563e-05,6.39544746614697e-05,0.010295104510214,4.46173808330334e-16,-0.00010122137988601,0.000266722980034358,-8.62721897587093e-05,-0.000360724408019028,2.83310120899119e-05,-1.28907548193335e-05,-1.07552855510562e-16,6.36872349852879e-05,-1.5634195327241e-15,-7.03795350168492e-05,-2.20917270098751e-15,1.21378989394834e-06,-4.03036893774319e-15,0.538343208600741,-1.15634163089177e-15,2.68475562961723e-17,-2.84688367224863e-16,-0.00796731120174762,-4.94512014989623e-07,4.70562215658388e-07,1.57067485142395e-16,3.80990102300043e-05,-2.0323225013342e-16,-6.13714574753148e-16,-2.34326115856625e-17,-2.15175935860956e-07,8.21436456392167e-17,-3.33066907387547e-16,-9.82974618923826e-07,0.000101837956866718,2.07898760533074e-05,-6.40225620219617e-16,-1.03448961567368e-15,2.66394417836047e-06,-3.10777826459713e-17,-3.92680468572215e-07,-6.29449586250244e-15,-0.707106781186548,8.44148971762201e-06,1.16953528760885e-05,-7.68078105827986e-16,-5.26382008414338e-16,-3.5783473170195e-06,-7.91323448586004e-17,4.71967096070563e-16,-6.47992729844224e-17,-1.52655665885959e-16,3.88578058618805e-16,7.63278329429795e-17,-1.17961196366423e-16,-1.12578448866201e-13,-9.34831271498862e-08,-1.42042643975314e-16,-7.28583859910259e-17,2.48607549754865e-08,-8.89045781438114e-18,-3.66026653431106e-16,4.46915790667555e-16
"t92",0.106772015160097,0.00561876746967603,-0.140691963173404,-0.210547381272667,0.0888975533023488,0.0022804788261143,-0.000350539544989846,-0.0214187866195386,0.000342838709092126,4.3417194050824e-05,-0.0121594374420153,0.0255250888260295,0.00427214472008806,-0.00593815246088127,-0.012663028012631,-1.27435677345564e-05,0.000164466016704351,-5.7775286897087e-05,0.0216489310984831,3.25526423833183e-05,-0.00119710978593298,3.35205440326267e-05,-8.57484637495701e-06,-0.634360850131091,-0.000575074360019073,0.0146344840552558,-0.000148730500042174,-0.000240033690614594,0.000169441530594939,0.0265697349077863,-9.75361564449099e-17,-0.000223242913109621,0.000522350586575074,-0.000154563435655425,-0.000619244745618883,4.61038281230029e-05,-1.9765104745148e-05,1.33573707650214e-16,6.35573438024437e-05,3.67327696038089e-16,-5.82196600229512e-05,-2.93738238352568e-17,2.77959481719036e-07,-2.17477034268374e-17,0.0121181366165214,-5.78576132417475e-17,-3.4088332742481e-16,-3.51287883219078e-16,-0.00045110112129554,-9.34830988245927e-06,7.19868849749505e-06,-1.54505899363049e-16,0.000262533244330263,-5.34197767149533e-17,-7.85200513466435e-17,9.4620081209965e-17,-8.85310947901924e-07,3.55638803366013e-16,1.66533453693773e-16,-3.70612314933016e-06,0.000375573611586574,6.5399107925915e-05,-9.00788023293172e-17,-3.12755290494636e-17,8.19561598448164e-06,1.30161246079894e-16,-1.16813225258493e-06,-2.02518225265886e-16,-1.20205896762484e-16,2.42003126788319e-05,3.31458381697194e-05,-6.07549989604438e-17,-8.00866337430913e-17,-9.55612454019671e-06,2.8864198151614e-16,-4.68860149306833e-16,1.82088481815423e-16,-9.96598636948676e-16,1.00267016911459e-15,4.85722573273506e-16,-9.09342046107042e-15,-0.707106781185859,-2.3440355550146e-07,9.83598092160444e-16,7.28583859910259e-17,6.16825376852093e-08,-4.99329310538199e-16,-6.39245600897453e-16,2.00192401613055e-16
"t86",0.106772015160087,0.00561876746967479,-0.140691963173354,-0.210547381272587,0.0888975533023061,0.00228047882611273,-0.000350539544989683,-0.0214187866195227,0.000342838709091848,4.34171940507292e-05,-0.0121594374420052,0.0255250888260053,0.0042721447200837,-0.00593815246087427,-0.0126630280126136,-1.27435677344731e-05,0.000164466016704226,-5.77752868968534e-05,0.0216489310984495,3.2552642383268e-05,-0.00119710978593086,3.35205440326197e-05,-8.5748463749119e-06,-0.634360850129611,-0.000575074360017684,0.0146344840552203,-0.0001487305000416,-0.000240033690613699,0.000169441530594156,0.0265697349076608,-1.39089464948567e-16,-0.000223242913108303,0.000522350586571815,-0.000154563435654396,-0.000619244745614575,4.61038281224929e-05,-1.97651047450717e-05,-2.48065457064683e-16,6.3557343802003e-05,-3.84674930797857e-16,-5.82196600223614e-05,4.31186495712131e-17,2.77959481445817e-07,2.42090216579101e-17,0.0121181366163855,-6.12185974779534e-17,1.76020222703022e-16,3.98935695711218e-16,-0.000451101121288204,-9.34830988209845e-06,7.19868849760087e-06,-1.37795569347076e-16,0.000262533244325637,8.82342492939715e-17,-2.09420281259461e-17,-3.98181481567305e-17,-8.85310947999068e-07,-3.53741711366903e-16,-2.08166817117217e-16,-3.70612314916363e-06,0.000375573611577074,6.53991079235983e-05,-5.3049568416288e-17,1.14063075046939e-16,8.19561598407355e-06,-1.05594775852952e-16,-1.1681322523837e-06,-3.59710062708434e-17,-4.48534001739242e-17,2.42003126775863e-05,3.3145838167891e-05,5.03204846964387e-17,2.18699391304707e-17,-9.55612453935363e-06,-3.15029569491206e-16,4.74833664697383e-16,-1.78723374962667e-16,8.10115863281169e-16,-1.04777297948999e-15,-5.16947595841089e-16,8.85055917443367e-15,0.707106781187237,-2.34403555131422e-07,-1.01306689901669e-15,1.16226472890446e-16,6.16825375880647e-08,1.97866896478605e-16,2.94035629178069e-16,3.3657482658542e-17
"t88",0.124383756922361,0.0154216288099852,0.0967768207153215,0.0688288565707941,0.0710846732795306,-0.000381832394965334,0.000123702655667879,0.044815980152538,0.000476345242928016,4.68361753164577e-05,0.391866287004566,0.0634010195006135,0.0104462822991041,-0.221662699701108,-0.0236073454009815,-3.35934345779762e-05,0.000737714576472758,-5.8058581988007e-05,-9.03078604158683e-05,1.90386341266703e-06,-0.000553194668030726,3.46796890149416e-05,-1.10291770141369e-05,0.00074042870794136,-4.29826123469128e-05,0.00564724165295614,-6.14331022767128e-05,-9.61139739378333e-05,5.0899395158532e-05,0.00124890814740327,1.31432962643471e-16,-0.000128877007461076,0.000804226235280508,-0.00125588052812361,-0.00500996762991534,2.53870170906292e-05,-1.12749364529e-05,-2.25514051876985e-17,3.8760908401804e-05,4.17959937493162e-16,-3.59249326718544e-05,-2.18272192379468e-16,1.66575079180902e-07,-2.0988009635698e-16,0.000210878012244987,1.37502961520679e-16,1.07904204777083e-15,-8.01797931872052e-17,-1.11469060559171e-05,-8.05289312125201e-06,6.22985140471058e-06,2.46477217617904e-17,0.00307289066077627,3.62110677199597e-16,4.62857320156717e-16,-3.15548554771836e-16,-1.74612537318791e-06,-8.01171162319091e-16,2.15105711021124e-16,-2.53600499593234e-05,0.279237489684961,-9.99091665744483e-05,1.5568484377448e-16,-8.30004236845483e-17,-1.8943027772951e-07,5.07820624560191e-18,-1.1008235671281e-07,-8.46692306088917e-17,-7.97348497792895e-17,1.11771070934489e-05,1.72217449956446e-05,-7.3388544600276e-17,4.83983026739719e-17,-3.36868236501028e-05,8.2232489073352e-17,2.1761440942599e-16,-6.60261991343972e-16,3.4781205693335e-16,1.17267306976032e-15,6.59194920871187e-17,-1.90819582357449e-15,-4.88238204758047e-15,-0.408154046097336,-0.707106781186544,1.2264494975156e-15,2.34466436127567e-08,-1.19847708146548e-15,-3.17454396103756e-16,-2.80317377692023e-16
"t89",0.124383756922361,0.0154216288099852,0.0967768207153215,0.0688288565707941,0.0710846732795305,-0.000381832394965322,0.000123702655667892,0.044815980152538,0.000476345242928016,4.68361753164417e-05,0.391866287004565,0.0634010195006134,0.010446282299104,-0.221662699701108,-0.0236073454009815,-3.3593434577997e-05,0.000737714576472772,-5.80585819880402e-05,-9.03078604158891e-05,1.90386341266877e-06,-0.000553194668030768,3.46796890149312e-05,-1.10291770141734e-05,0.000740428707941347,-4.29826123468919e-05,0.00564724165295608,-6.14331022767423e-05,-9.61139739379582e-05,5.08993951585294e-05,0.00124890814740327,1.16553982093631e-16,-0.000128877007461104,0.000804226235280522,-0.00125588052812351,-0.00500996762991531,2.53870170905737e-05,-1.12749364529208e-05,-1.33573707650214e-16,3.87609084016687e-05,3.41523684332934e-17,-3.59249326718301e-05,-6.20224733106501e-18,1.66575079148809e-07,1.91708390390322e-16,0.000210878012245044,1.79136325773637e-16,1.08649254957488e-15,4.19013742697908e-17,-1.11469060559305e-05,-8.0528931212312e-06,6.22985140462731e-06,1.44900141685002e-16,0.00307289066077609,7.23775453673207e-18,2.49141835400053e-17,-1.14077535525556e-16,-1.74612537316363e-06,-4.80963920533578e-16,-2.22044604925031e-16,-2.53600499594483e-05,0.279237489684961,-9.99091665746079e-05,-1.15744957881697e-16,1.32372950378786e-16,-1.8943027818184e-07,3.81667081543331e-17,-1.10082356357191e-07,2.26354479005748e-16,-1.09709659535649e-16,1.11771070935721e-05,1.72217449957608e-05,9.66143359991198e-17,-1.27377956788649e-16,-3.36868236501166e-05,-3.34100907078872e-16,-2.9586365678204e-16,8.66294874581786e-16,5.19983361924048e-16,3.33066907387547e-16,7.52869988573934e-16,-1.02348685082632e-15,-2.4954008149888e-15,-0.408154046097322,0.707106781186552,-2.39391839684799e-16,2.34466452884996e-08,9.89876583479266e-17,-7.55472073787899e-16,3.02549681679823e-16
"t87",0.124383177844394,0.0154214379917342,0.0967749809441404,0.0688274455919877,0.0710828362886842,-0.000381818535713666,0.000123698004703858,0.0448142021190228,0.000476326004356205,4.68342808992457e-05,0.391848759829426,0.0633977942112454,0.0104457058804137,-0.221648819665454,-0.0236056119942082,-3.35909337195947e-05,0.000737658822111445,-5.80538897541668e-05,-9.03003554035831e-05,1.90369969003956e-06,-0.000553141348762614,3.46760322909451e-05,-1.10279976944759e-05,0.000740336006091457,-4.29771279158498e-05,0.00564650688584158,-6.14205379789005e-05,-9.60913831092695e-05,5.08867877568013e-05,0.0012485921955593,9.3839428350626e-17,-0.000128839436608276,0.000803962746970067,-0.00125543275036819,-0.00500811224215863,2.53771889485999e-05,-1.12703711967754e-05,-6.93889390390723e-17,3.87416846994934e-05,5.19549681055054e-16,-3.59062738019139e-05,-1.57496485878088e-16,1.6647811552483e-07,-4.00748412501503e-17,0.000210751837860188,-1.381852373487e-17,-2.22935683585543e-16,5.56289169424823e-17,-1.11373784550346e-05,-8.04597018425751e-06,6.22447204261245e-06,-2.19260979802745e-17,0.00306998339810012,1.0249907283409e-16,-2.41494784071756e-16,-2.35008559960346e-16,-1.74403825954628e-06,-6.62818915688248e-16,-1.87350135405495e-16,-2.53269300861253e-05,0.278862653857819,-9.97269020094702e-05,-2.75756299836615e-18,2.75966902262718e-17,-1.89060215860341e-07,-1.33141706447348e-16,-1.09838619522656e-07,-9.81848202834372e-17,-4.01834051004125e-17,1.11474413249822e-05,1.71727390864771e-05,-1.68793882027647e-17,-7.12938982344194e-17,-3.35196587031329e-05,2.59347047113715e-16,1.00588889553373e-16,-2.5536154130291e-16,-1.51875040321769e-15,-1.51961776495568e-15,-1.14491749414469e-15,2.40779618465581e-15,-3.86229257354667e-15,0.816590767714641,-7.95091718328514e-15,-7.73686670285656e-16,2.40544451614311e-08,6.15501573320021e-16,9.38485400503453e-16,2.8927318083912e-16
"t62",0.12380037611619,0.0152286439226251,0.0949099065742838,0.0673959803227803,0.0692141092780943,-0.00036764447869492,0.000118938229309642,0.0429926355785349,0.000456609190105318,4.48927117216403e-05,0.373845851627233,0.060074476087732,0.00985044646588888,-0.20725983799736,-0.0217985212419833,-3.09823836657508e-05,0.000679469213991091,-5.314327530707e-05,-8.2436648175456e-05,1.73189197688259e-06,-0.000496882335420059,3.07991681914657e-05,-9.77669663453085e-06,0.000641013119292919,-3.70934297658412e-05,0.00485718413095446,-4.73614554597282e-05,-7.03737344488545e-05,3.64302848882813e-05,0.000885198233585174,-3.70520213595002e-16,-8.46475803513019e-05,0.000487317098523373,-0.000707803537598285,-0.00271968193130676,1.31283305326024e-05,-5.51696016988512e-06,-3.85108611666851e-16,1.3040188135173e-05,-4.03323208164608e-16,-1.05630156072879e-05,3.65970880201532e-16,2.89189671254936e-08,1.00921671170645e-16,2.96681749974363e-05,-1.68936984799985e-16,-1.94657658048047e-15,5.44588678074817e-17,5.619659134879e-06,4.18327517262562e-06,-3.31006398620118e-06,-2.76757140761453e-16,-0.00249002436914799,-5.47215193461427e-16,-5.62973400330723e-16,7.50860888718459e-16,3.49605149173315e-06,2.07933112067674e-15,2.77555756156289e-16,7.12478596742866e-05,-0.875327490049775,0.00207560514609688,-2.40407798909387e-16,1.09003426221202e-16,1.91232009646488e-05,1.54118939353965e-16,-2.30310504932552e-06,-4.32064868405258e-16,1.5384425025901e-16,0.000100734542129055,0.000131980133081265,-7.19583882953434e-17,1.17761527484021e-16,-0.000146071681992252,-8.38913103222272e-17,1.1965663016321e-17,1.03000098735481e-16,-6.24500451351651e-17,-1.38777878078145e-17,-9.71445146547012e-17,2.77555756156289e-17,-1.13660675181218e-14,-0.000259554356758148,2.30883032223228e-16,9.71445146547012e-17,6.76016049666606e-08,-3.41415264115685e-16,-7.28583859910259e-17,3.15183129520341e-16
"t56",0.132079936452944,0.0188969642331629,0.145767183178204,0.110730625794109,0.163944178893391,0.00148665352260305,-0.000305901068849495,-0.0643358958419212,-0.00058207903200057,-5.64856358976778e-05,-0.196391117846778,-0.00508976565354315,0.000956417417943274,-0.0866313544613954,0.000158830278020661,-1.35188686197288e-06,5.87759706341038e-05,-1.0727311289488e-05,-1.91818484872493e-05,4.56773050078185e-07,-0.000167851877039921,1.16691458712315e-05,-3.75832826048908e-06,0.000279539691397853,-1.63672377326406e-05,0.00216804181095035,-2.47596195854815e-05,-3.69690723834807e-05,1.89402622938453e-05,0.000456805965197547,-1.73545203839347e-16,-3.68142322264538e-05,1.38660170828689e-05,0.383013046642224,-0.010922388185735,2.29751162774488e-05,-8.45727753148815e-06,-8.68229099726392e-16,2.12563685898048e-05,1.49809635183185e-16,-1.89654338808277e-05,8.62099247954911e-16,8.10505242679034e-08,-1.30965513491217e-16,0.000100747683190704,2.36413947110768e-17,1.38797529242521e-15,4.84756879936383e-17,-4.89074466065032e-06,-3.57978412346416e-06,2.80136623595235e-06,-2.21947166756738e-16,0.0476878939732814,-2.85610165928949e-17,-2.63206439697094e-16,-4.68983824666564e-18,-3.06249109856271e-08,-3.3657003669716e-16,3.67761376907083e-16,1.17289587016692e-07,-0.000268612841948485,-0.84341311876063,-1.8720091929431e-15,-5.40514221868126e-16,1.84852460665778e-05,1.98928843999588e-16,-1.22876487528879e-06,-1.20148389649452e-15,2.20140467693746e-16,4.40840134507702e-05,5.61083245445883e-05,-9.38906148694438e-17,-1.38208355806542e-16,-0.00365458427394397,1.34425156906378e-16,1.02338838497488e-19,6.1222970486848e-16,9.43255890062389e-17,-4.1286418728248e-16,-5.63785129692462e-17,-8.67361737988404e-19,-4.68591098426192e-15,-1.24252599549621e-06,-1.80807928350666e-16,7.76288755499621e-17,2.83481226557095e-08,1.98205709657506e-16,9.28077059647592e-17,1.39559401914253e-16
"t74",0.132297096826629,0.0189800490836493,0.146757106282466,0.111542496339148,0.165466008498974,0.00150620134409327,-0.000310071943232061,-0.0652631064510886,-0.000590623877538769,-5.73161074152251e-05,-0.199595247803661,-0.00518469017592597,0.000975834188275467,-0.0886395547317163,0.000163186857477405,-1.38951438940701e-06,6.04383666711681e-05,-1.10531991189475e-05,-1.97822201113479e-05,4.71603058683438e-07,-0.000174014246896791,1.21414850006102e-05,-3.91279601227434e-06,0.00029320806084236,-1.71845670259678e-05,0.00227868529460249,-2.68853239751084e-05,-4.0724873887656e-05,2.09932673110243e-05,0.000507642934698763,2.13985429680087e-16,-4.17225119158813e-05,1.60237807573337e-05,0.449942847627238,-0.0129354715198657,2.74864061602441e-05,-1.02300654708544e-05,-4.78783679369599e-16,2.73610679599806e-05,4.3023852709656e-16,-2.4848976451314e-05,-4.39936134386044e-16,1.11822472577308e-07,-4.3587645929716e-18,0.00014102261380631,1.5366800261769e-16,-5.09024449652472e-16,6.02146785132538e-16,-9.43351481268263e-06,-6.96510257289749e-06,5.48749464788969e-06,2.06375775561086e-16,0.110810619439101,-7.90478064523692e-16,-2.24543078001887e-16,-5.53102691691773e-17,-2.67589921948939e-07,1.56312877860891e-17,-6.93889390390723e-18,-1.50468094934318e-06,0.00177760559989524,0.377858238798264,7.09352528130273e-16,3.98491600972637e-16,-4.8054673094035e-06,-5.04136773188717e-18,4.47081138161068e-08,1.00729046303714e-15,-1.24581657842316e-16,6.65149580967076e-06,1.12118860169609e-05,-1.26960633943255e-15,7.85946310796701e-16,-0.00147373375459111,4.97305112088019e-16,-9.3183617547066e-17,0.707106781186547,-1.45836034221025e-15,-5.59014640133526e-16,-3.46077333457373e-16,-1.10371781159024e-15,-2.42790212714949e-15,-6.89687805268083e-07,-6.84859717151208e-16,-2.22478285794026e-16,1.63266459570627e-08,-2.2329143742339e-16,-1.74122868901172e-16,8.24035368261452e-17
"t75",0.132297096826629,0.0189800490836493,0.146757106282466,0.111542496339148,0.165466008498974,0.00150620134409326,-0.00031007194323208,-0.0652631064510886,-0.00059062387753877,-5.73161074152356e-05,-0.199595247803661,-0.00518469017592598,0.000975834188275522,-0.0886395547317163,0.000163186857477407,-1.38951438940268e-06,6.04383666712623e-05,-1.10531991189504e-05,-1.97822201113756e-05,4.71603058689075e-07,-0.00017401424689682,1.21414850006055e-05,-3.91279601225352e-06,0.00029320806084235,-1.7184567026009e-05,0.0022786852946025,-2.68853239751453e-05,-4.07248738876157e-05,2.09932673109908e-05,0.000507642934698768,1.2704784097876e-16,-4.17225119157877e-05,1.60237807573438e-05,0.449942847627238,-0.0129354715198657,2.7486406160254e-05,-1.02300654708865e-05,-4.46691295064028e-16,2.73610679599064e-05,1.33465287432966e-16,-2.48489764513348e-05,-3.91363877727841e-16,1.11822472681554e-07,6.15607149888353e-17,0.000141022613806395,-3.36821378179001e-17,-4.9297402233495e-16,-4.85524851106463e-16,-9.43351481278012e-06,-6.96510257292959e-06,5.48749464778669e-06,2.93979314210464e-16,0.110810619439102,-2.35366558214501e-16,1.39748838338348e-16,4.82454023493422e-16,-2.67589922164045e-07,1.07571702859375e-16,-3.95516952522712e-16,-1.50468094929895e-06,0.00177760559989508,0.377858238798263,7.69245377952274e-16,1.7293434658425e-16,-4.80546730957621e-06,-2.502269553097e-16,4.47081139730993e-08,-2.62527045203083e-16,-1.20461641382901e-16,6.65149580983664e-06,1.12118860168004e-05,1.33031059352698e-15,-7.76941394415489e-16,-0.00147373375459001,-4.91488732903748e-16,-2.62319664615271e-16,-0.707106781186548,1.29876578242039e-15,8.15320033709099e-16,4.48859699408999e-16,6.657001339061e-16,-2.82689915130717e-15,-6.89687805701357e-07,8.17410606003253e-16,4.30645102911242e-16,1.63266456023117e-08,3.87873327206689e-17,4.70543742858709e-17,2.14242696338843e-16
"t68",0.13178155906782,0.0187829814488936,0.144411245534106,0.109619000441067,0.161863549043206,0.00146001876009028,-0.000300220764284257,-0.063074115872346,-0.000570454118627448,-5.53558396256722e-05,-0.192039681349626,-0.00496120370444517,0.000930175430994509,-0.0839281583825599,0.000153005946964259,-1.30161816799292e-06,5.65568689053333e-05,-1.02939937228364e-05,-1.83850148009201e-05,4.37137373480046e-07,-0.000159770817092854,1.10558072049472e-05,-3.55810180458632e-06,0.000262269168740344,-1.53385980349344e-05,0.0020293956744794,-2.27734267425925e-05,-3.46833534938269e-05,1.81384934737611e-05,0.00044279734040182,2.43100945434904e-16,-4.48471785153273e-05,0.000321775407297209,-0.127489973022744,0.00104640702850722,4.44704169103721e-07,-5.34318912058171e-07,6.77409517368943e-16,-1.69670345582119e-06,9.76649316974942e-16,3.13371454285089e-06,3.29352855515402e-16,-3.88322975483201e-08,-4.40160356016783e-16,-5.88147063716282e-05,-4.78350511266083e-17,1.82672480657578e-15,-2.19613176671027e-16,3.04325377161132e-05,2.34139276425287e-05,-1.9047175380362e-05,-1.15658366487848e-15,-0.919178101479247,4.40165946128216e-15,2.13288368482067e-16,-1.83044633893574e-15,-1.5226727441281e-06,8.20374315505757e-16,3.01841884819964e-16,-5.51515422451965e-06,0.00583243157514263,0.0534016678534808,1.30436342163759e-16,2.72183255716236e-16,6.06420914248422e-06,-4.5666820382949e-18,-8.93734939999991e-07,-9.0596990555949e-17,8.49071617735058e-17,4.3864010749366e-05,5.9100883331783e-05,4.73916899310392e-17,-1.40672859009489e-16,-0.0116592881375711,-4.51464758662807e-17,-8.56333443211497e-17,-2.89945617085138e-16,9.73613550891983e-17,6.14959472233778e-16,6.67868538251071e-17,-5.29090660172926e-17,-6.15452484609686e-15,-1.60709536536011e-06,-1.48463203798766e-16,1.99493199737333e-17,3.67461639276534e-08,5.82758667710959e-17,-3.8294020732188e-16,2.45926350722157e-16
"t67",0.132570452928773,0.0190869407312769,0.148055366385964,0.112611904101254,0.167502595521838,0.00153320778832332,-0.000315857608461235,-0.0665576747156826,-0.000602580960281723,-5.84784324589491e-05,-0.204141039439272,-0.00532206425284687,0.001004335888271,-0.0916622166631529,0.000169996502088917,-1.44854346902784e-06,6.30569183328528e-05,-1.15764137059804e-05,-2.07542994255065e-05,4.95875537775622e-07,-0.000184511502830546,1.29759050686538e-05,-4.1873461611025e-06,0.000319496221102158,-1.87737332800319e-05,0.00249631757685083,-3.33536315088624e-05,-5.56420499563011e-05,3.0355963681752e-05,0.000754950648813934,-1.97475612337518e-16,-8.92721088709483e-05,0.000772442290926252,-0.372323686329443,0.00342883739712555,1.72297381231812e-06,-2.59274944321153e-06,1.31838984174237e-16,1.65965834485193e-05,8.52182907573606e-17,-1.60699631589246e-05,-1.78308005614721e-16,8.12533773272318e-08,2.54766071613259e-16,0.000104903944824342,-9.4513829655122e-17,4.72796850498405e-16,-3.01907756180178e-17,-1.06414453027523e-05,-7.9734361761799e-06,6.35597780516452e-06,2.44140240319706e-16,0.19495469211384,-8.57323040590569e-16,-5.04865652061518e-18,6.38663626408575e-16,2.41074736770375e-08,-3.03742035361698e-16,-6.93889390390723e-17,-1.78922369559187e-07,0.000264932231169267,0.00769798812909085,1.90628528513325e-16,-5.00544496325928e-17,9.52602131622585e-07,1.06209646806904e-16,-1.55084124632554e-07,1.11969797301302e-15,-2.83753932993996e-17,7.88756053266178e-06,1.03660025140943e-05,1.91461926299716e-16,1.11194839352592e-14,0.822825717674848,2.44540052838709e-16,1.19554947053765e-15,6.89439056100558e-16,6.67868538251071e-17,-6.07153216591882e-16,-1.59594559789866e-16,-3.08780778723872e-16,-2.90131606932218e-15,-7.60786540179815e-07,1.91311728812025e-16,1.99493199737333e-16,1.7335043542982e-08,-3.49492570300702e-16,2.4459601011273e-16,1.65102546188433e-16
"t72",0.132614967005233,0.0191040071631892,0.148259097134511,0.112779065756265,0.167816457161823,0.00153725352218475,-0.000316721237321776,-0.0667498088682731,-0.000604352064196218,-5.86505694213895e-05,-0.204806248368318,-0.00534181944220856,0.00100838404946589,-0.0920822756503391,0.000170912530116551,-1.45645925971744e-06,6.34068445783233e-05,-1.16452030009405e-05,-2.0881187496281e-05,4.99014982609063e-07,-0.000185824279812044,1.30771386539896e-05,-4.22048694539816e-06,0.000322470960858389,-1.89519859724605e-05,0.00252050233971879,-3.38715205413552e-05,-5.66429990753459e-05,3.09333699504149e-05,0.00076963808332135,-1.78580862771189e-16,-9.12942770857159e-05,0.000792299697317349,-0.382822497620207,0.00352964627360479,1.77617286176504e-06,-2.67689239148369e-06,4.16333634234434e-17,1.72734532532491e-05,-7.41269025328339e-16,-1.67609347198573e-05,-1.46924718785563e-16,8.52407847336603e-08,1.31547363413418e-16,0.000110220713557644,1.18516633188729e-16,-1.1612974172787e-15,2.75560040636968e-16,-1.14746806708966e-05,-8.60237141413894e-06,6.86015462344255e-06,-5.79802790124891e-17,0.212356997093664,-1.23544924762023e-15,-2.03716558694336e-16,5.46111862147582e-16,2.70675883113497e-08,-9.81139524346721e-17,-5.3776427755281e-16,-2.03912638239989e-07,0.000303486287211937,0.00955748952196629,-2.26853565882967e-16,-9.07674100842237e-17,1.21456612530075e-06,1.18871706276539e-16,-2.10469007363816e-07,-8.61515001668454e-16,5.20288824070442e-16,1.23672171665431e-05,1.77234294493683e-05,-1.04001022577441e-15,-6.18474560189603e-15,-0.401748754337947,4.30946721520909e-16,0.707106781186546,-1.6951017649844e-16,-1.26309553094561e-15,-2.08166817117217e-16,-1.15359111152458e-15,3.36536354339501e-16,-2.44738163645547e-15,-5.41199791453001e-07,5.53480976321835e-16,-3.38271077815477e-16,1.30064140846375e-08,-4.51163629025531e-16,8.37004077158809e-17,4.28533274384437e-17
"t73",0.132614967005233,0.0191040071631892,0.148259097134511,0.112779065756265,0.167816457161823,0.00153725352218476,-0.000316721237321781,-0.0667498088682731,-0.000604352064196183,-5.86505694214177e-05,-0.204806248368318,-0.00534181944220854,0.0010083840494659,-0.0920822756503391,0.000170912530116533,-1.45645925966539e-06,6.34068445783534e-05,-1.16452030009079e-05,-2.08811874962828e-05,4.99014982623808e-07,-0.000185824279812056,1.30771386540364e-05,-4.22048694538255e-06,0.000322470960858433,-1.8951985972459e-05,0.00252050233971867,-3.38715205414324e-05,-5.66429990754829e-05,3.09333699503979e-05,0.000769638083321301,-3.06331040595518e-16,-9.12942770856864e-05,0.00079229969731731,-0.382822497620207,0.00352964627360468,1.77617286176504e-06,-2.67689239159818e-06,-4.5102810375397e-17,1.72734532531606e-05,-8.15428453926348e-16,-1.67609347198451e-05,-2.15909479126658e-17,8.52407846588504e-08,-9.61576442376425e-18,0.000110220713557666,-5.92925251010812e-17,-1.16409432007053e-15,1.17917038106033e-16,-1.14746806708369e-05,-8.60237141380935e-06,6.86015462366806e-06,4.86045267295806e-16,0.212356997093664,-1.10122502109657e-15,-1.8658616983233e-16,1.77916810425152e-16,2.70675880754273e-08,-7.62130401867249e-17,1.52655665885959e-16,-2.03912638475912e-07,0.000303486287211914,0.00955748952196608,6.83280977392603e-17,1.57707585885356e-16,1.21456612510234e-06,-1.37321048939772e-16,-2.10469007025545e-07,-3.79045004470199e-16,-7.10673645724975e-16,1.23672171665474e-05,1.7723429449037e-05,8.46935284484656e-16,-4.66438079748636e-15,-0.401748754337945,-8.91888933659187e-16,-0.707106781186548,-3.3909345693437e-16,1.46996130545585e-15,5.60315682740509e-16,9.52363188311267e-16,-5.27355936696949e-16,-1.58674619415648e-15,-5.41199791362769e-07,-5.59994737487015e-16,6.44449771325384e-16,1.30064138990221e-08,2.96393768903225e-16,-2.66713734431434e-16,2.111215746106e-16
"t54",0.12359065744627,0.0152096818036992,0.0961315418005555,0.0688103873971116,0.0760343827769635,2.24553934506332e-05,1.8338855650338e-05,0.0123603230429935,0.000140587089319882,1.38824282059891e-05,0.117122809555991,0.00681028506347952,-0.00206615889697433,0.444172126439246,-0.0996129006259656,-0.000125781314374088,0.00248241140683275,-0.000144118359687704,-0.000206812136726721,4.03206792029889e-06,-0.000992366512693899,5.76947927681329e-05,-1.81823760494332e-05,0.00113673803088982,-6.5621106942102e-05,0.00857660300115982,-9.28021216454571e-05,-0.000152779307343653,8.34700453451132e-05,0.00207947121639796,-2.39647460846662e-16,-0.000253616311796961,0.00223784207094302,-0.0115353546641269,-0.481932926013741,-0.000104262886764163,1.65938510755803e-05,-4.37150315946155e-16,8.47335118422943e-06,6.40546643504436e-16,-1.11070009303875e-05,-2.45707004261605e-16,7.32954549384664e-08,-5.84677382360218e-18,9.68349417446602e-05,7.3070388630446e-16,9.9082526038019e-17,-3.9939589676465e-18,-5.57136802442715e-06,-4.01187007127712e-06,3.09569195421772e-06,8.84090547660086e-16,0.00200490762534236,4.44225973574251e-16,-3.28134784199979e-16,4.55390603524759e-16,-4.14989524459564e-07,-3.05071559082572e-16,1.08246744900953e-15,-1.8919283805291e-06,0.0021116650201414,0.000536408682796759,-7.22467087487429e-15,-7.46884540325474e-15,3.97452720542375e-06,0.707106781186547,-5.73891643835395e-07,-1.0159677585192e-15,-8.05116330827634e-17,2.97390139933889e-05,4.08674736111572e-05,-8.42810104546119e-16,-2.53240340970973e-16,-7.97036070955166e-05,1.42227413804822e-16,1.41330172885835e-16,-9.19478433274585e-17,4.5102810375397e-17,-2.42861286636753e-16,-4.09394740330526e-16,2.35922392732846e-16,-5.37944781860377e-15,-1.39154401704311e-06,1.69257502144514e-16,4.16333634234434e-17,3.24093332379483e-08,-4.76290014372882e-16,-1.52655665885959e-16,7.78634685287486e-17
"t55",0.12359065744627,0.0152096818036992,0.0961315418005555,0.0688103873971116,0.0760343827769635,2.24553934505911e-05,1.83388556503074e-05,0.0123603230429934,0.000140587089319922,1.38824282059492e-05,0.117122809555991,0.00681028506347951,-0.00206615889697434,0.444172126439246,-0.0996129006259657,-0.000125781314374011,0.00248241140683282,-0.000144118359687698,-0.000206812136726749,4.03206792029889e-06,-0.00099236651269389,5.76947927681468e-05,-1.81823760494054e-05,0.00113673803088981,-6.56211069420733e-05,0.00857660300115981,-9.28021216455299e-05,-0.000152779307343726,8.34700453450931e-05,0.00207947121639792,-1.93667331168959e-16,-0.000253616311797045,0.00223784207094303,-0.011535354664127,-0.481932926013741,-0.000104262886764288,1.65938510753721e-05,-5.79397640976254e-16,8.47335118453474e-06,7.03430369508595e-16,-1.11070009300544e-05,1.0574101779068e-18,7.32954550104574e-08,-3.27349880345396e-17,9.68349417446918e-05,4.30596724825627e-16,-2.63122314735076e-16,-1.68959651785814e-17,-5.57136802448765e-06,-4.011870071291e-06,3.09569195445537e-06,-1.10314361428706e-15,0.00200490762534238,-6.02300173699706e-16,2.53864941488455e-16,-2.65820681083974e-16,-4.14989524313847e-07,3.10430016649218e-16,-1.06858966120171e-15,-1.89192837943275e-06,0.00211166502014117,0.0005364086827964,7.14681898006736e-15,7.51851226088964e-15,3.97452720578197e-06,-0.707106781186548,-5.73891648474045e-07,1.03100594584828e-15,-5.77975958624757e-17,2.97390139931721e-05,4.08674736112544e-05,8.49737911075232e-16,1.61374659760942e-16,-7.97036070953744e-05,1.36409875188689e-17,-3.4012440271385e-17,8.7677309566347e-17,-2.72351585728359e-16,9.71445146547012e-17,2.08166817117217e-16,-3.33066907387547e-16,-5.24240501301366e-15,-1.3915440172348e-06,9.44609512489019e-18,-7.28583859910259e-17,3.24093331199871e-08,2.89915660922624e-16,-4.16333634234434e-17,1.21231561158959e-16
"t20",0.122941666548409,0.0149937728057101,0.0940035551856545,0.0671623198392162,0.0737106187546713,2.1467841165945e-05,1.75008706868232e-05,0.0117614102879653,0.000133640738927385,1.31953890799663e-05,0.110647471975716,0.00637565773028511,-0.00192161916942805,0.408255249358089,-0.0899052269589611,-0.00011332083176975,0.00223202143595911,-0.000128360137575622,-0.000183419217114518,3.55651016303513e-06,-0.000857461065623102,4.8896835277458e-05,-1.5358952480081e-05,0.000918863151787827,-5.27113156757156e-05,0.00684304987897247,-5.48165431120996e-05,-7.12725470213768e-05,3.37804305705669e-05,0.000783222868643865,1.99108368231055e-16,-3.03977911836964e-05,-0.000567761512131872,0.00849323167508417,0.517136182566184,0.000171946015830038,-4.35403548892377e-05,2.4980018054066e-16,7.35858343578859e-05,-4.11563144675497e-16,-6.35994599585132e-05,-2.98829770727115e-15,2.57743452369147e-07,3.15243919619993e-15,0.000317363885304339,0.707106781186547,-9.54301199694585e-17,-1.0621883131787e-15,-1.18445668346092e-05,-8.49862358372894e-06,6.54016602022293e-06,-3.9946031090911e-16,0.00403146902292647,-1.40244139589106e-16,-1.61224430450037e-16,-3.68342108607225e-17,-7.64702268736539e-07,1.59813129108786e-16,-1.38777878078145e-17,-3.4052631000675e-06,0.00377602968771776,0.000907623351069131,-1.41030258395929e-16,1.90811392160136e-16,6.66458110424022e-06,-6.48051945340597e-17,-9.48630378232868e-07,-1.06105759868108e-16,2.59009083661449e-17,4.83433036016553e-05,6.60755911416969e-05,-4.14794373580016e-20,1.71834288881165e-17,-0.000125106969719801,-2.26674879335017e-16,-1.29555755636059e-16,-7.62522222223229e-17,-1.196959198424e-16,7.63278329429795e-17,-2.77555756156289e-17,-9.71445146547012e-17,-7.99472415371037e-15,-2.1104515112296e-06,-7.14220135706569e-17,2.53269627492614e-16,4.88567271500484e-08,-2.0415526907902e-16,-6.59194920871187e-17,1.4070024189887e-16
"t21",0.122941666548409,0.0149937728057101,0.0940035551856545,0.0671623198392162,0.0737106187546712,2.14678411659319e-05,1.75008706868035e-05,0.0117614102879653,0.0001336407389274,1.31953890799512e-05,0.110647471975716,0.0063756577302851,-0.00192161916942806,0.408255249358088,-0.0899052269589611,-0.000113320831769785,0.00223202143595906,-0.000128360137575653,-0.000183419217114497,3.55651016299002e-06,-0.000857461065623109,4.88968352774719e-05,-1.53589524800359e-05,0.000918863151787843,-5.27113156757308e-05,0.00684304987897247,-5.4816543112006e-05,-7.12725470214289e-05,3.37804305705346e-05,0.000783222868643843,1.71604329897905e-16,-3.03977911836478e-05,-0.000567761512131939,0.00849323167508417,0.517136182566182,0.000171946015830302,-4.35403548890365e-05,3.81639164714898e-16,7.35858343588781e-05,-5.29307500607423e-16,-6.35994599571567e-05,3.22895123062365e-15,2.57743453826748e-07,-3.17583204428108e-15,0.000317363885301135,-0.707106781186549,4.23489368572838e-16,1.10968547854819e-15,-1.18445668346106e-05,-8.49862358322934e-06,6.54016602043631e-06,5.26882025334626e-16,0.00403146902292666,2.58742259902238e-16,-2.24465524080445e-17,-9.23453620374921e-17,-7.64702268486739e-07,-3.44758999159702e-17,-6.93889390390723e-17,-3.40526310046996e-06,0.00377602968771815,0.000907623351069138,-3.96912366023377e-17,-6.30748753400365e-17,6.66458110422374e-06,2.10040055988525e-16,-9.48630378288379e-07,-2.72639213175226e-16,8.5536738515927e-18,4.83433036015564e-05,6.60755911415095e-05,-2.60623309340569e-17,1.17624174542255e-17,-0.000125106969719818,6.47586569324293e-17,4.56513127575414e-17,9.11485864930393e-17,-4.25007251614318e-17,2.53269627492614e-16,7.63278329429795e-17,-1.66533453693773e-16,-8.05023536121253e-15,-2.11045151114612e-06,-4.36664390524156e-17,7.63278329429795e-17,4.88567271014761e-08,1.04083408558608e-17,-5.3776427755281e-17,3.3498927213976e-16
"t70",0.114840687296132,0.0107494202404585,0.0200752220608492,-0.000709641599886716,-0.168388266761346,-0.00183026343952688,0.000662109660148335,0.419323984011255,0.00864128314068571,0.000938584109469278,-0.117288670550407,0.0488230040735923,0.00828255130744503,-0.0301011197925178,-0.0632003750976268,-8.34595932347054e-05,0.00171924240061242,-0.000114415054425715,-0.000170821827414736,3.46520589376842e-06,-0.000931544190238625,5.65929573304452e-05,-1.79420702027672e-05,0.00127263089016969,-8.01986734013742e-05,0.0171081732960855,-8.43572219868943e-05,-0.000129943777816607,6.83777498694478e-05,0.00167331949542047,-9.61676963518029e-17,-0.000169340214279813,0.00182744241832216,-0.000300527568974988,-0.00120105071170629,3.35823068900835e-05,-1.44719868971355e-05,-2.22044604925031e-16,4.6916817506161e-05,5.73759789679329e-16,-4.29178284469638e-05,5.23995762219062e-16,1.91843722562816e-07,-2.28929569007283e-16,0.00024044373209523,1.41451404915786e-16,9.6117910722629e-16,3.70706269128886e-18,-1.02175588829775e-05,-7.33667725731635e-06,5.64879320066707e-06,-2.46676401249566e-16,0.000519517676697192,4.38913492701777e-16,8.11509170060196e-17,-2.93622344663574e-17,-7.12505740907421e-07,-3.46080215445151e-17,-2.63677968348475e-16,-3.04347367693913e-06,0.000761921783677059,0.000141101937636502,-4.02362452804169e-16,2.08521243995858e-16,7.32790789371215e-06,3.44664609576596e-17,-1.138640670615e-06,-1.3107891863113e-15,5.67546371256134e-16,0.000161526336009531,0.499498467580937,7.56253668267727e-16,4.43400262291672e-16,-1.46763351114229e-05,0.707106781186548,-8.53848958242095e-16,-5.29318965268109e-16,-1.83013326715553e-16,-5.20417042793042e-16,1.38777878078145e-16,2.04697370165263e-16,-6.96914479906498e-15,-4.06120504316753e-07,-2.86377586358828e-17,3.67761376907083e-16,4.41412825250009e-08,3.15177571541536e-16,8.15320033709099e-17,-1.35214397489772e-16
"t71",0.114840687296132,0.0107494202404585,0.0200752220608492,-0.00070964159988671,-0.168388266761346,-0.00183026343952687,0.000662109660148357,0.419323984011254,0.00864128314068571,0.000938584109469319,-0.117288670550407,0.0488230040735923,0.00828255130744501,-0.0301011197925178,-0.0632003750976268,-8.34595932347401e-05,0.00171924240061243,-0.000114415054425697,-0.000170821827414722,3.46520589379791e-06,-0.000931544190238602,5.65929573304556e-05,-1.79420702027984e-05,0.00127263089016966,-8.01986734013365e-05,0.0171081732960856,-8.43572219867347e-05,-0.000129943777816634,6.83777498694363e-05,0.00167331949542044,-9.90350899404957e-17,-0.000169340214279869,0.00182744241832212,-0.000300527568974954,-0.00120105071170631,3.35823068901286e-05,-1.44719868970314e-05,-1.17961196366423e-16,4.69168175062894e-05,8.76035355368288e-17,-4.29178284468111e-05,-6.75449438508784e-17,1.91843722464804e-07,1.28423452802911e-16,0.000240443732095211,-1.46512697817212e-16,7.28976883197785e-16,-3.05537447142002e-17,-1.02175588829865e-05,-7.33667725724002e-06,5.6487932005387e-06,1.33444883674558e-16,0.000519517676697282,-3.69359234111061e-16,-1.88598599425189e-16,2.09162261051936e-16,-7.12505740907421e-07,-1.51484933551112e-16,-2.4980018054066e-16,-3.04347367664076e-06,0.000761921783677094,0.000141101937636316,7.61834188219251e-17,-1.08392325927649e-16,7.3279078935751e-06,3.78240502609847e-17,-1.13864067060113e-06,-1.59701847200583e-15,7.9056681371414e-16,0.000161526336009334,0.49949846758094,-4.94102345176009e-16,-4.01237401425946e-16,-1.46763351108591e-05,-0.707106781186546,6.32835581281858e-16,4.47071390304563e-16,-2.22044604925031e-16,-1.70002900645727e-16,-7.80625564189563e-16,1.04083408558608e-17,-7.26926417486485e-15,-4.06120504309381e-07,-2.51983644176193e-16,-4.71844785465692e-16,4.41412826290843e-08,-3.73453438312632e-16,7.63278329429795e-17,3.81733399860016e-16
"t65",0.114810945540521,0.0107420026976854,0.020053892794811,-0.00070882816498397,-0.168144523104546,-0.00182652960036478,0.000660709898745272,0.418387905195048,0.008621641102292,0.000936447460119224,-0.116993001442994,0.0486827388463148,0.00825670433532599,-0.0299942596322096,-0.062936339911535,-8.31059653974026e-05,0.0017118441985761,-0.000113887641238808,-0.000170011512458706,3.44818022256959e-06,-0.000926396447028662,5.62497923489568e-05,-1.7831687592092e-05,0.0012634069553636,-7.96057947792235e-05,0.0169790972579198,-8.33309889563144e-05,-0.000128107627569757,6.73550130669994e-05,0.0016477092025781,5.58235448486899e-17,-0.000166312446066328,0.00179024144642468,-0.000293799401775068,-0.00117297976848412,3.27567316603687e-05,-1.4097418716344e-05,7.15573433840433e-17,4.53772143645314e-05,-3.05473962097791e-16,-4.14294774922167e-05,-2.56423517197671e-16,1.84200891173132e-07,-2.91738394014799e-17,0.00023053357360799,-6.7343759299479e-18,-6.30199289020777e-16,3.00118133640929e-17,-9.54694194024545e-06,-6.85127753173066e-06,5.27277323767502e-06,2.7904843831924e-16,0.000480165819611536,5.53272399450492e-17,2.83831620558111e-17,1.08322068241327e-16,-6.35351460550465e-07,-1.33175992673752e-16,2.18575157973078e-16,-2.66103426255909e-06,0.000661464864633488,0.00010618766517999,3.02616819259371e-16,-4.09832962811245e-16,5.16529678465383e-06,-1.23895324434682e-16,-6.4440458445638e-07,1.48715017932094e-15,-3.76024115545975e-16,-7.46670541766636e-06,-0.500500938598727,3.26698317873179e-16,-0.707106781186547,-2.1349551985299e-05,-7.63356227520728e-16,-6.29898896316457e-16,7.17479037952819e-16,1.88651178012478e-17,8.38738800634786e-16,-6.93889390390723e-18,-8.46545056276682e-16,-8.34496811923983e-15,-4.75884695353608e-07,3.59798378883111e-17,-1.10154940724527e-16,5.09095092141726e-08,-1.44442834429381e-16,-4.19803081186387e-16,8.81668738174933e-17
"t66",0.114810945540521,0.0107420026976854,0.020053892794811,-0.000708828164983968,-0.168144523104546,-0.00182652960036478,0.000660709898745278,0.418387905195048,0.00862164110229199,0.000936447460119231,-0.116993001442994,0.0486827388463148,0.00825670433532593,-0.0299942596322095,-0.062936339911535,-8.31059653973922e-05,0.00171184419857609,-0.000113887641238825,-0.000170011512458722,3.44818022256959e-06,-0.000926396447028668,5.62497923489395e-05,-1.78316875920903e-05,0.00126340695536353,-7.96057947792132e-05,0.0169790972579198,-8.33309889563521e-05,-0.000128107627569761,6.73550130670111e-05,0.00164770920257817,6.00182944355123e-17,-0.000166312446066321,0.00179024144642477,-0.000293799401775042,-0.00117297976848422,3.27567316603982e-05,-1.4097418716337e-05,7.28583859910259e-17,4.53772143647066e-05,-2.26869304592592e-16,-4.14294774921226e-05,-2.40811005857736e-16,1.84200891199479e-07,-3.95821792079475e-17,0.000230533573607833,6.95934574340569e-17,-6.10283850364934e-16,3.08791764547616e-17,-9.54694194024243e-06,-6.85127753171678e-06,5.27277323765377e-06,-2.83652489417283e-16,0.000480165819611582,-1.16518803830829e-16,-1.94528803401522e-16,-2.80255991701374e-16,-6.35351460481076e-07,3.91577852632527e-16,2.91433543964104e-16,-2.66103426224164e-06,0.000661464864633728,0.000106187665179856,-1.29799852822075e-16,4.9988084637636e-16,5.16529678465144e-06,6.82795143438205e-17,-6.44404583404271e-07,1.07081653852305e-15,-1.0835202473533e-15,-7.46670541774139e-06,-0.500500938598727,-6.35693751121014e-16,0.707106781186547,-2.13495520044304e-05,-1.52620075060201e-15,8.27919388351614e-16,-6.26524971094704e-16,7.5243630770494e-17,9.19403442267708e-17,4.28476698566271e-16,3.17454396103756e-16,-8.53752151542823e-15,-4.75884695339812e-07,1.2445075288723e-16,5.99780641818981e-16,5.09095095680562e-08,1.42016932068445e-16,-1.25333771139324e-16,2.98068399409001e-16
"t50",0.119084575049007,0.0121735417548757,0.0259402674704635,-0.000957640687069415,-0.291141335415995,0.00402091266215246,-0.000772172242507948,-0.19595139369688,-0.0028391393828476,-0.000298720120640731,-0.014915119676051,0.0186346662759237,0.00394967341224545,-0.0175151973482064,-0.0431507744960524,-5.76738921380451e-05,0.00120373288918541,-8.48997404641278e-05,-0.000129941509166098,2.72082687392296e-06,-0.000830456602285248,5.86985892628306e-05,-1.92050223522689e-05,0.00342390118464457,-0.000318514051532219,0.161954857530995,-1.50137594221514e-05,-1.44089961541475e-05,3.03269182923526e-06,1.19677011141759e-05,2.06371873893868e-16,0.000111215026857629,-0.567159939829264,-0.000729889506468002,-0.00225852934441698,5.23563436404979e-05,-1.98680497078864e-05,-1.83880688453542e-16,4.89319009732581e-05,7.57965738784616e-16,-4.33339604815697e-05,1.59201514761559e-16,1.82516274847789e-07,1.51775305076652e-16,0.000226197131704448,1.00090724858887e-16,-1.04312107454367e-15,-1.96338027460335e-17,-8.76194544399595e-06,-6.28492131882208e-06,4.83518066534891e-06,9.96849239566557e-18,0.000437828454849801,1.18203074063957e-16,1.94274622752674e-17,-2.18148049867741e-17,-5.78888851861248e-07,5.5552265927683e-16,-1.17961196366423e-16,-2.43707743222479e-06,0.00060720824291265,0.000104244107695308,0.707106781186547,-1.47943079495246e-13,5.25776193159577e-06,7.17340817990392e-15,-7.49122782828585e-07,-1.85193483258681e-15,-8.1549968974493e-16,0.00514473504513465,8.70849684114477e-05,-5.32374826229575e-16,2.03797484362369e-17,-1.48812908310099e-05,4.65439953543802e-18,5.10908602872826e-16,-2.11349158142412e-16,-2.86229373536173e-17,1.21430643318376e-16,1.21430643318376e-17,1.73472347597681e-18,-6.49824632295258e-15,-3.61925619620331e-07,1.7756934876589e-16,2.77555756156289e-16,3.89560899129171e-08,-2.37331855557077e-16,-2.98372437868011e-16,9.19689474856131e-17
"t51",0.119084575049007,0.0121735417548757,0.0259402674704635,-0.000957640687069394,-0.291141335415995,0.00402091266215247,-0.000772172242507936,-0.19595139369688,-0.0028391393828476,-0.000298720120640722,-0.0149151196760511,0.0186346662759238,0.00394967341224548,-0.0175151973482064,-0.0431507744960524,-5.76738921380313e-05,0.00120373288918539,-8.48997404641675e-05,-0.000129941509166115,2.72082687393337e-06,-0.000830456602285293,5.86985892628254e-05,-1.92050223522533e-05,0.00342390118464463,-0.00031851405153222,0.161954857530995,-1.50137594221392e-05,-1.44089961540868e-05,3.03269182929164e-06,1.196770111412e-05,1.75017656967238e-16,0.000111215026857622,-0.567159939829264,-0.000729889506468109,-0.00225852934441707,5.23563436404893e-05,-1.98680497079003e-05,-3.53883589099269e-16,4.89319009731384e-05,6.66242234992342e-16,-4.33339604817345e-05,1.66574089532893e-16,1.82516274940163e-07,4.45160412921457e-16,0.000226197131704329,1.07524658347063e-17,-8.40371880157093e-16,1.62403741986057e-16,-8.76194544399847e-06,-6.2849213189678e-06,4.83518066554754e-06,-9.33830796966666e-17,0.000437828454849749,-1.24739527758144e-16,-3.02797423427421e-16,-9.9877361363315e-17,-5.78888851895942e-07,-5.63753453293119e-16,6.93889390390723e-18,-2.43707743198193e-06,0.000607208242912851,0.000104244107698333,-0.707106781186548,1.48027636896624e-13,5.25776192837005e-06,-7.16057802080557e-15,-7.49122783133896e-07,1.46941010275574e-15,6.76403157273167e-16,0.00514473504513488,8.70849684111042e-05,2.7500342683365e-16,4.289261338641e-17,-1.4881290830702e-05,3.27352325879961e-17,-5.09705113316813e-16,2.28403240207798e-16,-1.3314002678122e-16,-5.03069808033274e-17,-5.3776427755281e-17,-2.39391839684799e-16,-6.32303927536795e-15,-3.6192561964955e-07,-1.74796357749918e-16,2.09901540593194e-16,3.8956089919856e-08,-1.52601455777335e-16,8.67361737988404e-17,1.16255076537635e-16
"t63",0.119906364992047,0.0124038652255357,0.0267153725536102,-0.000988691813842714,-0.303317302777286,0.00426832282606,-0.00082168089533994,-0.209335910383284,-0.00303720959960914,-0.000319596762768686,-0.016091118962259,0.020355802696916,0.00435385826946064,-0.0196275310900351,-0.0496149947331078,-6.64828214250214e-05,0.00139155802792442,-9.94910574204874e-05,-0.000153210188356226,3.23359327480521e-06,-0.0010173426811365,7.40241818437256e-05,-2.43408061495112e-05,0.00464703008453237,-0.000436660444679063,0.224448384025752,-3.77492399775102e-05,-7.99517504297739e-05,4.71534597011638e-05,0.0012121663114293,-1.76170418242646e-16,-0.000202272253732361,0.347620411236071,0.000188648621591424,0.000341613286060721,-2.64913122465914e-06,-6.28812735915807e-07,1.22298005056365e-16,1.2958710981178e-05,-3.34476370211778e-16,-1.29689590493993e-05,-4.02743185568783e-17,6.71396282057781e-08,3.43323761615325e-17,8.63317647877124e-05,-5.48818045381995e-17,5.52023230186889e-16,-9.31868285305999e-17,-4.43232609280455e-06,-3.188533877806e-06,2.45842316209726e-06,-1.94044803478272e-18,0.000232168008944326,-2.0392884208577e-16,-4.10030287144028e-17,-3.78572335823593e-16,-3.35390416829687e-07,1.13897343694293e-15,-6.93889390390723e-17,-1.45596973619502e-06,0.000366256030348264,7.19129527195246e-05,5.96007911477541e-16,1.66712271403757e-16,3.8103709343899e-06,1.26715544758508e-15,-6.34693382877381e-07,-4.60434701414297e-15,1.80230673091197e-15,0.403743543810807,-1.53128790103497e-05,0.707106781186548,5.63405157273241e-16,-7.50803394597519e-06,-6.17812191533728e-16,9.20514540545775e-16,1.10696249390464e-15,-4.0766001685455e-16,5.08273978461204e-16,1.02348685082632e-16,5.98479599211998e-17,-3.75188874090475e-15,-2.1123315911215e-07,-2.03897628827345e-16,-1.21430643318376e-17,2.30641031672557e-08,-6.20163642661709e-17,1.17093834628434e-17,2.16336849671581e-16
"t64",0.119906364992047,0.0124038652255357,0.0267153725536102,-0.000988691813842716,-0.303317302777286,0.00426832282606,-0.000821680895339913,-0.209335910383284,-0.00303720959960914,-0.000319596762768645,-0.016091118962259,0.0203558026969159,0.00435385826946067,-0.0196275310900351,-0.0496149947331079,-6.64828214250093e-05,0.00139155802792439,-9.94910574205341e-05,-0.000153210188356191,3.23359327482949e-06,-0.00101734268113655,7.40241818436831e-05,-2.43408061494626e-05,0.00464703008453237,-0.000436660444679096,0.224448384025752,-3.77492399774798e-05,-7.99517504297045e-05,4.71534597011622e-05,0.00121216631142932,3.15893246681332e-17,-0.000202272253732354,0.347620411236071,0.000188648621591397,0.000341613286060693,-2.64913122453424e-06,-6.28812735893255e-07,1.80411241501588e-16,1.29587109810895e-05,-3.63749828868887e-16,-1.29689590493785e-05,-4.47934335348585e-16,6.71396282806965e-08,-2.91795636147766e-16,8.63317647876522e-05,-3.40651223557874e-17,7.03150848636001e-16,1.82691562869157e-17,-4.43232609280756e-06,-3.18853387766029e-06,2.45842316221826e-06,-1.09493303765738e-16,0.000232168008944251,1.94190196310532e-16,1.41142937644113e-16,2.38835090932889e-17,-3.35390416647541e-07,-3.92353718504936e-16,-2.42861286636753e-16,-1.45596973611523e-06,0.00036625603034836,7.19129527196685e-05,-4.59357447568173e-16,-9.34522039249707e-18,3.81037093442589e-06,-1.35861280336384e-15,-6.3469338288779e-07,1.44810318610423e-15,3.49398737593808e-15,0.403743543810806,-1.53128790099351e-05,-0.707106781186547,-5.55823511057379e-16,-7.50803394563432e-06,5.68738807863168e-16,-9.92234882945246e-16,-1.02571726629264e-15,2.33753988387875e-16,-3.963843142607e-16,-2.16840434497101e-17,4.75314232417645e-16,-3.70851962642648e-15,-2.11233159158256e-07,1.30036660319253e-16,-1.54390389361936e-16,2.3064103064907e-08,-2.90457762008867e-16,-1.22298005056365e-16,1.00110359839394e-16
"t60",0.119850972442446,0.0123885952189242,0.0266647267499967,-0.000986669610871883,-0.302533788537558,0.00425278027916167,-0.00081858017898111,-0.208501729724737,-0.00302488583891141,-0.000318298019983861,-0.0160187027298564,0.020251386026008,0.0043295968878479,-0.0195030901684278,-0.0492447235729075,-6.59796060427653e-05,0.00138086070148143,-9.86716766845446e-05,-0.000151911653936444,3.20520473380548e-06,-0.00100729510692942,7.32218005209326e-05,-2.40731089385e-05,0.00458679555918523,-0.000430887174537681,0.221419642245744,-3.69264736946352e-05,-7.79262111438028e-05,4.58885620289064e-05,0.00117888913088542,-1.90101796174872e-16,-0.000195779016383048,0.334903642300474,0.000181053162677727,0.000327249237088278,-2.53191402757938e-06,-5.99505479162432e-07,-3.15719672627779e-16,1.21909734617578e-05,-9.25908655302621e-17,-1.21564188446388e-05,8.94412769038459e-17,6.22979777777609e-08,-3.05696518086854e-16,7.98875666795347e-05,4.68131697518668e-17,5.58608064318844e-16,1.06180887028276e-16,-3.90062342840267e-06,-2.80288935334411e-06,2.15921439309166e-06,5.81919490264864e-17,0.000199902715595075,-1.288992388472e-16,-2.6636354227865e-16,4.31802975383811e-16,-2.67926666103202e-07,-5.70660992844633e-16,1.52655665885959e-16,-1.11383786122188e-06,0.000275736994037823,3.6997679038136e-05,-1.20487588066544e-16,-5.25129979278478e-17,1.56046315781359e-06,1.39252068763726e-16,-4.99719885575789e-08,2.96063242974836e-15,-5.36555756194796e-15,-0.820930929801523,0.000192085926518485,2.25765961051635e-16,-6.84322938726726e-17,-1.2724548351814e-05,5.70134509234736e-17,-4.16161480585439e-17,-9.32171678121945e-17,7.28583859910259e-17,1.73472347597681e-17,-8.32667268468867e-17,-4.44089209850063e-16,-4.78957365257103e-15,-2.72106700089682e-07,6.99607607111935e-17,1.83880688453542e-16,2.90349560921888e-08,-2.12286785372662e-16,-1.23165366794353e-16,1.0542505723477e-16
"t52",0.115956197322295,0.0112694869276181,0.0228111074557723,-0.000831460533704999,-0.240445569526405,0.00293636738708433,-0.000553663708572653,-0.136221149250398,-0.00195180455866728,-0.000205164430210881,-0.00951805836485782,0.010444155369607,0.00197356383302638,-0.00665662587749187,-0.00707715928970765,-8.10162523165751e-06,0.000136688913522429,1.89280898977948e-06,1.14333448216117e-05,-4.82875648768962e-07,0.000475970757526714,-6.17298907949797e-05,2.20201505319808e-05,-0.0102822477578957,0.00108370928126603,-0.629767260084487,-0.000177043008655567,-0.000242317519832707,0.000123562086194077,0.00299073860236978,-1.34536459275654e-16,-0.000289772653938265,0.0372209466013351,-0.000426258309564904,-0.00172504117459922,4.83352697177084e-05,-2.0771839294471e-05,2.02352782967263e-16,6.56460432574944e-05,1.1700574320192e-16,-5.96852334924369e-05,4.65662892618422e-17,2.6296493800021e-07,-1.51298731471043e-16,0.000328481870105772,-1.29998848090109e-16,1.55678435307134e-16,2.03160301088896e-17,-1.34126274231405e-05,-9.62487604478396e-06,7.40703713083651e-06,-1.59517609239346e-16,0.000674464415959936,1.11263791759855e-16,-3.82740803609121e-16,1.52700633872429e-16,-8.99451379648319e-07,5.81327314489772e-16,-4.69784801337969e-16,-3.79376348095671e-06,0.000945684946816511,0.000162816855436589,1.48700437658999e-13,0.707106781186548,8.21263812075962e-06,7.54447748549387e-15,-1.16925746743637e-06,-2.52973224066086e-15,-9.98142963914289e-16,0.000914050641067775,0.000137613166386412,-2.74279396870241e-16,-1.77774342743185e-16,-2.33438115439549e-05,-1.9984415534611e-16,2.2115665131235e-16,-7.67227781435781e-17,-2.37680833131346e-16,8.48117149426786e-17,-4.51299154297091e-17,-2.21719344273286e-17,-9.99020809481803e-15,-5.66882457215844e-07,-8.13205173122584e-17,9.93535765811404e-17,6.09960861842071e-08,-8.59403863448949e-17,-1.89830247875056e-16,2.76684656979263e-17
"t53",0.115956197322295,0.0112694869276181,0.0228111074557723,-0.00083146053370499,-0.240445569526406,0.00293636738708433,-0.000553663708572656,-0.136221149250399,-0.00195180455866728,-0.00020516443021091,-0.00951805836485784,0.010444155369607,0.00197356383302637,-0.00665662587749189,-0.00707715928970769,-8.10162523164599e-06,0.000136688913522414,1.89280898977905e-06,1.1433344821614e-05,-4.8287564874538e-07,0.000475970757526725,-6.17298907950191e-05,2.20201505320236e-05,-0.0102822477578958,0.00108370928126605,-0.629767260084486,-0.000177043008655456,-0.000242317519832686,0.000123562086194088,0.00299073860236974,-1.71280061129918e-16,-0.000289772653938372,0.0372209466013351,-0.000426258309564887,-0.00172504117459918,4.83352697175459e-05,-2.07718392943657e-05,-2.08410762606026e-16,6.5646043257459e-05,6.41068415799945e-17,-5.96852334924007e-05,-2.00596806770667e-18,2.62964938526613e-07,1.523472218082e-17,0.000328481870105853,1.33679120242404e-16,2.19316047104129e-16,4.20000735190283e-17,-1.34126274232032e-05,-9.62487604483996e-06,7.40703713092033e-06,3.52051009389712e-17,0.000674464415959633,1.08666705566697e-17,2.74719393730469e-16,-2.77106075701087e-17,-8.99451378737643e-07,-7.2665418612403e-16,6.99527241687647e-16,-3.79376348075787e-06,0.000945684946816433,0.000162816855437568,-1.4877989155646e-13,-0.707106781186547,8.2126381250862e-06,-7.48469237194794e-15,-1.16925746762598e-06,2.55300754415314e-15,1.03506137027768e-15,0.000914050641067914,0.000137613166386409,1.05408204299663e-16,1.19967902285767e-16,-2.33438115440477e-05,1.10671342446331e-16,-1.06922927617415e-16,8.92685706139202e-17,2.69356477226868e-18,-8.73324849937074e-17,7.02020906684364e-18,-1.89599854913403e-16,-9.95898310450161e-15,-5.66882457201931e-07,6.43962540409359e-17,-2.4624941842577e-17,6.09960863471627e-08,-4.76371329535819e-18,-3.27564581362183e-17,4.96043804745009e-16
"t27",0.102714523206333,0.00715820671759859,0.00291261805184713,-0.00639453101988997,-0.0432163740111787,-0.00143177984321312,0.000283175023791071,0.0464546548521167,0.000236687118063502,1.94493180263983e-05,0.0362771067972753,-0.0554145569427891,-0.0143519178345531,0.0848825684224524,0.646340437402707,0.000980151664663399,-0.0239318770186525,0.00610714306275074,-0.206660619200543,0.00015010778448421,-0.0107953205510756,0.000444335371483636,-0.000134593579753196,0.00598622682830633,-0.000327791875539105,0.0336455548119166,-0.000308550205552715,-0.000445704404792812,0.000229795750311132,0.00558006181819074,9.46318399248438e-17,-0.000538979419621673,0.00257862852245949,-0.00074152129423421,-0.00294021146592828,0.000100553946444024,-4.29081657988759e-05,1.73472347597681e-17,0.00013429770076185,-3.10081821330854e-17,-0.000122003981563611,2.77069994873641e-15,5.36749179741013e-07,-2.40780594023976e-15,0.000670286750661859,-1.12119555839907e-15,-6.51436099074337e-16,-0.707106781186548,-2.72818183485988e-05,-1.95761211573969e-05,1.50644718926764e-05,8.11999480418054e-16,0.00112740192441641,-6.48687278204293e-16,-3.78046983157159e-16,4.90307754160348e-17,-1.82532440566596e-06,-4.98524149736262e-16,2.77555756156289e-17,-7.67288296944779e-06,0.00158083287637049,0.000272101622054219,3.49712744191992e-17,-9.83691124044585e-17,1.66432016402837e-05,-2.72105530944739e-17,-2.36771217100584e-06,6.08854125674e-17,3.02835355839059e-16,9.97176325973279e-05,0.000136385618643299,2.92988597367921e-16,5.78151967791416e-17,-3.89992293950772e-05,1.7292354968951e-16,5.13737883471826e-17,1.10807904460531e-16,5.49039980146659e-16,2.53269627492614e-16,-2.0122792321331e-16,-1.70002900645727e-16,-2.02994046865132e-14,-9.46397691587168e-07,-1.28515023666323e-17,5.20417042793042e-17,1.23005131490161e-07,-2.93005637114208e-16,5.20417042793042e-18,1.3141618101242e-16
"t28",0.102714523206333,0.00715820671759859,0.00291261805184714,-0.00639453101988999,-0.0432163740111787,-0.00143177984321313,0.000283175023791089,0.0464546548521168,0.000236687118063575,1.94493180264269e-05,0.0362771067972754,-0.0554145569427891,-0.0143519178345531,0.0848825684224525,0.646340437402707,0.000980151664663378,-0.0239318770186526,0.00610714306275076,-0.206660619200543,0.000150107784484176,-0.0107953205510756,0.000444335371483733,-0.000134593579753293,0.00598622682830635,-0.000327791875538993,0.0336455548119166,-0.000308550205553249,-0.000445704404793131,0.000229795750311219,0.0055800618181907,-1.54834328562933e-16,-0.000538979419621527,0.00257862852245959,-0.000741521294234134,-0.00294021146592832,0.000100553946444339,-4.29081657987995e-05,-3.81639164714898e-17,0.000134297700762433,8.56519716263549e-17,-0.000122003981563409,-2.63209631716541e-15,5.36749179244449e-07,2.39564336530576e-15,0.000670286750662187,1.20506862311421e-15,5.29504012251186e-16,0.707106781186547,-2.72818183494661e-05,-1.95761211541634e-05,1.50644718925237e-05,-7.52992146002787e-16,0.00112740192441604,6.56583716920051e-16,1.85304465583476e-16,-3.51033132082077e-17,-1.82532440547167e-06,4.45815942042638e-16,-3.46944695195361e-16,-7.67288296840696e-06,0.00158083287637055,0.000272101622054226,-1.10497210968086e-16,1.56890195569181e-16,1.66432016401328e-05,3.60306214135415e-17,-2.36771217047502e-06,-2.45293282256307e-16,-3.14184101360099e-16,9.97176325975308e-05,0.00013638561864341,-3.62276092957935e-16,-2.01618072180887e-17,-3.89992293948135e-05,-1.80960010840523e-16,-8.27962204685356e-17,-1.03701470136718e-16,-2.34187669256869e-16,4.5102810375397e-17,-2.15105711021124e-16,-7.28583859910259e-17,-2.00990439109855e-14,-9.46397691753485e-07,6.087424954544e-17,1.94289029309402e-16,1.23005131552612e-07,-2.07136825053356e-16,9.19403442267708e-17,8.84817713948858e-17
"t34",0.0365168028581277,-0.0140722693620376,-0.0793228175393788,0.0272235474188066,-0.0102225830106422,-0.0138603797213197,0.00225813592873734,0.0400356297834689,-0.00588334185014292,-0.000695266803664597,0.050794132631301,-0.654813691341741,-0.184162864666718,-0.0471538691259533,-0.0927991251712319,0.000255239375025251,-0.0146247639102656,0.00747831725128647,-0.0267389603919645,0.000652802678213053,-0.0350047652637313,0.00146783094722204,-0.00044545962070516,0.00241262447142403,-0.000946637179966078,0.00572802598458226,-0.00108714417520029,-0.00154447764720134,0.000763524559149326,0.00314292057943051,0.707106781186548,-0.00189880457384931,0.000690368124063697,-0.00020166601457112,-0.00080470836115135,0.000353467726466779,-0.000150021438609885,-7.51829154488348e-15,0.000465519892049363,1.6826817716975e-16,-0.000422321983588408,-6.8538576237447e-17,1.84958537689968e-06,-3.97676412885916e-17,0.000405980664682754,3.83989742725198e-17,1.74366814389981e-16,1.49576692845923e-16,-1.67138415982173e-05,-6.70457248773959e-05,5.15856323035236e-05,-1.22686811047239e-17,0.000335525754502591,-7.36482580247478e-18,7.4251424394108e-17,-2.15783090851621e-17,-6.22326869279682e-06,9.90612408578447e-17,-1.66533453693773e-16,-2.58149018898465e-05,0.000477016175465229,8.28011683434429e-05,-7.59288084387266e-17,4.52845867897027e-17,5.68051448329885e-05,4.55148640834976e-17,-8.07141841047479e-06,-3.76036980659953e-17,1.09976491590162e-16,3.05614691322488e-05,4.18431309939585e-05,9.6601631137792e-17,-1.92479686052222e-17,-1.20382112472547e-05,-3.10392775971454e-17,-7.72765245782609e-17,-2.21685272203023e-17,9.62771529167128e-17,4.54497550705923e-16,6.24500451351651e-17,2.77555756156289e-17,-1.2625940446378e-14,-2.94481438210554e-07,-1.83258690078366e-17,1.76941794549634e-16,4.16568355504632e-07,-1.19099608647533e-16,-5.03069808033274e-16,9.62266850182142e-17
"t4",0.0365168028581277,-0.0140722693620376,-0.0793228175393788,0.0272235474188067,-0.0102225830106422,-0.0138603797213197,0.00225813592873735,0.040035629783469,-0.00588334185014296,-0.000695266803664646,0.0507941326313011,-0.654813691341741,-0.184162864666718,-0.0471538691259533,-0.092799125171232,0.000255239375025286,-0.0146247639102657,0.00747831725128659,-0.0267389603919646,0.000652802678213067,-0.0350047652637313,0.001467830947222,-0.000445459620705194,0.00241262447142411,-0.000946637179966282,0.00572802598458255,-0.00108714417519894,-0.00154447764719998,0.000763524559150489,0.00314292057942768,-0.707106781186548,-0.00189880457384844,0.000690368124063196,-0.000201666014570771,-0.000804708361150808,0.000353467726466505,-0.000150021438609829,7.34828864423775e-15,0.000465519892048981,-8.8037216405823e-17,-0.000422321983588018,6.33004079356007e-17,1.84958537091011e-06,8.29640446062039e-17,0.000405980664683986,8.90867516790571e-18,1.2252162175444e-16,-1.05752918825771e-16,-1.67138415979181e-05,-6.70457248778955e-05,5.15856323026493e-05,8.71063094605089e-18,0.000335525754502281,-1.39242489564913e-17,-2.4623873782389e-16,-3.36371255112119e-18,-6.22326869326867e-06,-2.25862427213533e-17,-2.77555756156289e-17,-2.58149018891041e-05,0.000477016175465715,8.28011683434889e-05,-4.46138945075605e-17,8.44638839958462e-17,5.68051448329894e-05,-1.46988144233476e-19,-8.07141841053724e-06,-1.43855510771413e-16,-1.63865871999664e-16,3.05614691325073e-05,4.18431309937191e-05,-1.1099597951237e-16,-1.52381149227163e-17,-1.20382112472235e-05,5.82359236935389e-18,6.18808229033623e-17,3.19196052611808e-17,-7.19910242530375e-17,-5.55111512312578e-17,-7.63278329429795e-17,-2.67147415300428e-16,-1.27243860321257e-14,-2.94481438315938e-07,-1.09532947902933e-17,7.28583859910259e-17,4.16568355372793e-07,-8.83082669489443e-17,6.07153216591882e-17,1.97708008834306e-16
"t10",-0.0849202051441589,-0.104505749298626,0.0147845060040656,-0.00419407988450269,0.000622232006087788,-0.360260550112079,0.221818591524039,-0.00637211732845122,0.00389237976178652,-0.0494131946128405,-0.00341674978169685,0.0232724551146001,-0.00846186465618716,3.42525755755906e-05,-0.00301540567260478,0.000801676468067362,-0.0594746587241204,0.00267701648051577,-0.000237039053072135,8.37401779483888e-05,-0.00617987690855338,0.00224854888254486,-0.00261355700601076,5.98854513165191e-05,-0.00112300577926392,0.000145166432758254,-0.00413448947447105,-0.0033989832253143,0.147138429420844,-0.000330027546841135,1.17961196366423e-16,1.34322014554163e-05,1.04373791964459e-06,-2.72424432722028e-08,7.63248158469259e-07,-2.44676783914848e-05,1.78584700643524e-05,1.15663070786625e-16,-0.000560350446542687,-3.46687889275912e-16,0.000605547608485018,9.91022675105595e-17,-1.28577985698375e-06,-1.08400223945851e-16,-1.16158026357587e-05,-3.87467287121375e-18,1.23370369228578e-15,-3.61659297003876e-17,1.09096107399965e-06,0.000323164841374576,-8.60302739031899e-05,7.29802451764775e-17,-2.60665744638706e-05,-5.52949863611135e-17,-6.91401803094588e-18,4.0712193864043e-16,5.01664252079035e-05,-2.16418631121711e-16,1.83560256547318e-16,8.16924735078288e-05,-6.32990391053972e-05,-1.62711821579586e-05,-3.62904314256227e-17,5.64499438017703e-17,-0.000843397983932244,4.26790974242619e-17,4.81661355300647e-05,-4.58463686579388e-17,2.97569529521497e-17,-9.0785936448207e-06,-1.33407282440918e-05,1.51921924980155e-16,-1.09482764905681e-16,6.35687762039983e-06,4.57181143111973e-17,-1.83663005708888e-16,-4.34398812778151e-17,1.00576556435456e-15,1.71389870259617e-15,-7.59406352717306e-16,-3.54696247171963e-16,2.18820467995578e-14,5.99976352801602e-07,1.16331251363195e-15,2.07602024965026e-16,-0.000111816323753097,3.52101227160744e-16,-7.2811193314676e-15,-1.46673692733932e-15
"t3",-0.089681548717826,-0.139080538210584,0.0471884121699211,-0.0302687689537147,-0.000591778269512673,0.0115897569928967,-0.00315697024744435,-3.71520814780497e-05,0.000423865962921367,0.0134552642385602,3.06301664860448e-05,-0.0019942384786888,0.00158192371327462,-1.75741299119437e-05,0.00750941676925024,-0.00250820719976231,0.252793051775158,0.0312656791353884,-0.00118400185232885,0.000252654963053102,-0.00773697125310002,-0.00244161488023258,0.28511386349005,6.11553686261448e-05,-0.00108906160924777,0.000133897326335816,-0.00383338110921868,0.000128189305251068,-0.000431913155686568,-2.11204210465579e-05,-1.04083408558608e-17,0.000214915519385434,-1.92090750897428e-05,7.34409663750768e-06,3.27108924438452e-05,-0.000449429610201488,0.000212268953515075,-2.85058052164018e-16,-0.0144997768476341,-5.30568577729454e-16,0.0140412907687808,5.57341806111392e-17,-4.50238032862178e-06,-7.78626233919563e-18,-3.973493189914e-05,2.90850731723456e-17,2.69235425637449e-16,5.92438614783368e-17,2.9904675034931e-06,0.0043009161366683,-0.000220636775721956,-1.61286429052522e-18,-6.64488868455832e-05,-7.61116680728353e-17,-2.25265293147372e-17,1.41709246815978e-16,0.00057606616744702,1.49608022309395e-16,2.11315832162947e-16,0.000188615424631004,-0.000145223678128812,-3.53778560150827e-05,-1.00475200036765e-16,4.77763264218863e-17,-0.00856063394000574,5.13527148041459e-17,0.000101563485804492,9.11967859442289e-17,9.39417215632916e-17,-1.88110556210056e-05,-2.74775482560162e-05,1.83482173299404e-17,1.36826018886721e-17,1.26546663607374e-05,3.70444969313132e-17,1.06260236005142e-17,-6.07871160375832e-17,-7.86203786329481e-16,-3.73382789705181e-16,-1.95621223024843e-16,2.96382976237167e-15,4.29311814570603e-14,1.14551310716761e-06,-1.80826880071632e-15,7.45366302517836e-16,-0.000966783656550994,-8.63939929498997e-16,4.58612396768974e-15,6.21870137736751e-16
"t30",-0.0912865109198043,-0.145936796379564,0.0508780603959096,-0.0328395543320892,-0.000656844279365377,0.013479146736984,-0.00369379537947557,-4.38934488810095e-05,0.000502465616620689,0.0159548554966071,3.70724708392703e-05,-0.00248820311948454,0.00201777631377168,-2.33218736010353e-05,0.0105958442786118,-0.00356050321281693,0.361283576467443,0.0461391528986348,-0.00177256009636197,0.000385333620022498,-0.0126609963354964,-0.00427125066156303,0.504515879634767,0.000126430013523659,-0.00230311725555198,0.000290171447804295,-0.0374720275868017,-0.00221444260364321,0.00340914018479732,0.000135474012429363,-6.24500451351651e-17,-0.000570283978534268,3.21341639549116e-05,-9.35122118407795e-06,-3.72375532880021e-05,0.000451663907810286,-0.00018908870429412,-7.6210700805764e-16,0.00783050971411041,0.441427482651288,-0.00680710163356114,-7.78395270390749e-17,1.67707956717874e-06,-4.58814366093166e-16,1.38898174485988e-05,1.26229587827047e-16,-1.5061257473539e-15,5.57744145263832e-17,-4.30443175489258e-07,-0.000609010029520882,3.08519068711018e-05,4.07781876040001e-16,7.04111245890949e-06,-4.71628620595547e-16,-2.25489176004024e-16,1.90281504143329e-16,-2.2302973322082e-05,-8.80490938994276e-17,5.09688270030958e-16,-3.54204698440209e-06,1.90111819383252e-06,-1.33978145314276e-06,-3.03437846726051e-16,2.86943681861414e-17,-0.000399844876120319,1.69313911170569e-16,6.19874599911512e-06,5.21408207986477e-16,1.39044531938689e-16,-1.47194789977965e-06,-2.30631898137954e-06,-1.01347702512459e-16,-1.95185919142371e-19,1.47018297773964e-06,-1.48570914998205e-16,1.38995560822798e-16,6.58476977087238e-17,1.90445530645461e-16,-2.67535070332351e-15,-3.43072718482872e-16,3.05923955355039e-15,6.2140243645353e-15,1.78749885883018e-07,-2.32695112003338e-15,-7.41291716394287e-16,-0.000157916641119404,-8.34449630407392e-16,2.54608915994102e-15,-1.21867147027464e-15
"t18",-0.116881172763137,0.14986653817136,0.0258526825090315,-0.0198457753925895,-0.000609504250753951,0.0606133076123226,0.0801734793485285,0.000277412018790655,-0.00020280583401884,-0.000336902348731341,-3.31076648834921e-05,0.00117935431381557,-0.000553194460991694,2.34443459763841e-06,-3.5959579319805e-05,-0.0141396973520267,-0.000150781151754869,-0.00797492311035177,-7.26798346857678e-05,1.7565275347571e-06,0.004073060494233,-0.29733513020787,-0.00564610734353612,0.000236433022174646,-0.239518920450218,-0.000310353314629382,-0.000376487268411621,-0.00392452730075577,0.000104937066750535,1.42042515817908e-05,7.97972798949331e-17,-5.43457947238099e-06,-6.27995793716167e-06,5.81945555610864e-06,4.45815584530034e-05,-0.0983445685168381,0.433167457791677,5.54615096980655e-16,0.000375698160966259,2.35740376288566e-16,-0.000286604286617683,-2.23283758078171e-17,8.84376296782689e-05,1.88237490446184e-16,6.58377181202579e-06,1.12351800019232e-16,9.72692265647818e-16,8.17952666660353e-17,-8.50831292991616e-09,-4.44025370120543e-07,3.9853642602284e-06,-3.9776780762015e-17,-1.33527052868797e-06,-1.03867243688464e-16,5.38013036282424e-17,-1.98296554475476e-16,2.38456915586374e-06,-1.78254714650222e-16,-8.16160603780724e-16,0.00106100920733839,-1.0255070252755e-05,-3.42088965806101e-06,5.04457423732176e-17,-7.73482480937155e-18,-6.43242535148984e-05,-1.23854356269512e-16,9.98278317449189e-05,-2.43604844919295e-16,-1.18764104712936e-17,-2.19821773259497e-06,-3.28512422932122e-06,4.9573239897523e-17,7.26632000718835e-17,1.70456484272372e-06,7.34736899268262e-17,2.76038715424966e-16,-3.47016489573756e-16,-1.71532875363698e-16,-8.66993958541616e-16,1.7834290178626e-15,-1.53881937999686e-15,6.4985190145955e-15,1.7528807932806e-07,4.31259206769739e-16,-1.49076467424364e-15,-1.17433721617208e-05,-1.00197001955552e-15,-3.1701420828449e-15,-1.74602740697159e-15
"t49",-0.0311554906540797,-0.0434988237697225,-0.211598609964075,0.188775064615982,0.0136193097868663,0.0350262430733876,-0.00393524876321601,-0.00193998115973434,-0.394966272700446,0.013186351740808,-0.00887023021035539,0.0747569831889845,-0.0860022139742975,5.49064477758876e-05,-0.00312135066747875,0.000166617499246656,-0.00797646723715913,0.00418649420538402,-0.00161559982999447,0.000936407680465402,-0.0591072310656709,-0.00030006857151048,3.56142600412988e-05,7.44511523462718e-05,-0.000258163956062774,0.000192978523224112,-5.77656349410083e-05,0.000441254216822717,-0.000419471100645485,-0.00034209662098364,3.12250225675825e-16,0.469052254742845,0.000201370068417979,-3.81738659350055e-05,-0.000132829651320635,0.000315167542981084,-0.000117060759001624,-6.83502014236049e-16,0.000201301672189324,1.2124532086487e-15,-0.000155391565382983,-1.36547584279331e-17,3.97539360018852e-07,8.97959341826062e-17,1.20675487027066e-05,-2.46913545829354e-17,-2.55632109302748e-16,-5.17784409841788e-17,9.21836313057234e-07,2.24062422195599e-05,-1.75942760742013e-05,-2.76337164301773e-17,-2.78800061471533e-05,-6.58234349863024e-17,-5.0282104930366e-17,1.44480192053134e-16,5.67857669326984e-06,-3.13527388708398e-16,6.16381757878891e-16,2.82009042826234e-05,-9.44849309522604e-05,-2.71630406100586e-05,-6.80013233401701e-18,-4.93681882328149e-17,-0.000118552133711909,-1.18650185841581e-16,1.98515341112755e-05,-1.26449787497323e-17,4.5369464235941e-17,-1.62515133009564e-05,-2.40848403371854e-05,6.17163042293606e-17,-5.39716136744234e-17,1.19895863746064e-05,-1.84666542999446e-17,-2.92726163469524e-17,3.98268455690716e-17,1.06530393631007e-16,2.19561006119823e-16,1.06703260187987e-15,2.02765421256641e-16,4.40951809094408e-14,1.18367245408257e-06,2.47378518316197e-16,-2.46843498552576e-15,-1.88710990458899e-05,-3.48701004552404e-16,1.88603663469593e-15,5.64148636308031e-16
"t85",0.110045551272201,0.00612812242407264,-0.162395472938397,-0.246440135761322,0.10987121360973,0.00321622962616935,-0.000504104482869731,-0.0318303194836796,0.00051555116472725,6.53551891383048e-05,-0.0197811006219022,0.0475955044764763,0.00898489889230638,-0.0166425675603646,-0.0878243612193241,-0.000105265870323164,0.00173837800402624,0.00147825417916517,-0.208278942751674,-0.000169005660128659,0.00202417460929409,-3.06040874999005e-05,7.15247043443578e-06,0.177237015153875,0.000136582290495016,-0.00289357552206065,-4.07740627751695e-05,-8.35178591443113e-05,6.31941708281026e-05,0.0101701523326356,3.72965547335014e-16,-9.98099576491483e-05,0.000262554999000918,-8.48083717400599e-05,-0.000354373869094899,2.78103097588921e-05,-1.26432992372432e-05,-4.96578209090188e-17,6.22002625765091e-05,-1.83171803083762e-15,-6.8661788055568e-05,-2.34371050997423e-15,1.18074728624955e-06,-3.76664800012532e-15,0.52329824246003,-1.14011854963602e-15,-4.04787537955412e-16,-5.52478879361324e-17,-0.00765535396045565,-4.75044614686892e-07,4.51961095421346e-07,6.15652862241847e-16,3.64590353300055e-05,3.87026727520052e-16,3.23223907128605e-16,9.79490947850401e-17,-2.03687561131948e-07,-1.24254964423321e-16,-1.22536447499756e-18,-9.26093085835361e-07,9.57967667945959e-05,1.91703063696387e-05,5.60454444310399e-16,7.60747675048354e-16,2.44370632202629e-06,4.09443739482851e-17,-3.5653868658838e-07,5.28569299062595e-15,0.633376118492772,7.53723877846692e-06,1.03689786277975e-05,7.71218205903875e-16,2.14910525101982e-16,-2.95657789033905e-06,-8.09166994351097e-17,-7.8040788144491e-16,1.95951958406984e-16,1.7327469740096e-15,1.87664198615378e-15,-1.88768122784393e-16,1.53225779877228e-16,-5.34916882316345e-14,-3.66549472523369e-08,-7.27536075182768e-16,3.18116023815263e-15,-4.3832099719309e-09,1.99869805205664e-15,5.76185074376767e-15,9.50814877385935e-16
"t93",0.106756606437512,0.00561661370645395,-0.140609150246425,-0.210413757300326,0.0888264614683986,0.00227791948150216,-0.000350132078859111,-0.021392519021636,0.00034241071820608,4.33629130862576e-05,-0.0121426327496302,0.0254849864946974,0.00426486687557886,-0.0059266795929231,-0.0126343638531061,-1.2714323597829e-05,0.000164082891682977,-5.76314243326604e-05,0.0215935099315813,3.24664294387233e-05,-0.0011935592461945,3.34118591068469e-05,-8.5466557448219e-06,-0.631922472119006,-0.000572821990306863,0.0145760479875451,-0.000147802455093859,-0.000238316547560685,0.000168165417112596,0.0263654419116395,-1.2490009027033e-16,-0.000221270873789275,0.000517179514714794,-0.000152902027962884,-0.000612338364030099,4.55670218192988e-05,-1.95247397536472e-05,7.74258635046705e-17,6.26172537832504e-05,-2.31983525423549e-16,-5.73194669892614e-05,-1.47263655960064e-16,2.73165840896004e-07,-1.00754784174775e-17,0.0119035903273199,2.5615626220392e-17,-1.24429565960449e-15,3.49577328146615e-17,-0.000439911628943086,-9.11516955847857e-06,7.01841635866364e-06,-2.25869554388839e-16,0.000255374101940645,4.81402523000331e-17,2.23351645107815e-17,2.16467042270907e-16,-8.55366664764567e-07,3.2439814468395e-16,4.74499899781236e-16,-3.57025989108733e-06,0.000361459255178935,6.2171559626711e-05,-7.96585183250429e-17,-1.0661406294005e-16,7.766374548555e-06,-5.89315990308872e-18,-1.10002153681636e-06,-5.67191183706964e-16,7.52187081561002e-17,2.25580446693254e-05,3.07644239456438e-05,-2.67545930454565e-17,-1.38973063997287e-16,-8.50420660449082e-06,5.43917316910813e-17,-3.64074247210476e-16,7.79907620405614e-17,-1.26558289327686e-15,-1.38786884669514e-15,1.49127435742597e-15,-5.63546129739821e-15,-0.469374004024167,-1.44132631206419e-07,7.64326114157286e-16,2.27883315543305e-15,1.57164686185137e-08,7.26901298236976e-17,-1.88081144247128e-15,-1.28635353824393e-15
"t69",0.131701583838925,0.0187527044322098,0.144053790421937,0.109326442409434,0.16131920857582,0.00145312822716093,-0.000298753234661525,-0.0627488276639044,-0.000567459392969915,-5.50648075212857e-05,-0.190923590070665,-0.0049284258085343,0.000923511763254105,-0.0832462594686701,0.000151549476743837,-1.28905720231304e-06,5.60028286080401e-05,-1.0186203035975e-05,-1.81870924482518e-05,4.32268866310941e-07,-0.000157778082286135,1.09050630903378e-05,-3.50891048691836e-06,0.000258029776950426,-1.50859633394938e-05,0.0019953186275897,-2.21758564330379e-05,-3.36399626751234e-05,1.75640301609472e-05,0.000428479981435415,9.71445146547012e-17,-4.31812181382446e-05,0.000308379782070885,-0.121727125390868,0.000997329742096573,4.22929905912871e-07,-5.06993652591183e-07,6.78033284586153e-16,-1.59116729334684e-06,5.57628110078017e-16,2.92995541660457e-06,3.32010866212316e-16,-3.60160633719734e-08,-2.67742449786891e-16,-5.44358293349557e-05,4.79894450867029e-18,3.83546258182188e-16,-2.23516065105883e-16,2.72581037329882e-05,2.09583695133314e-05,-1.70413299448511e-05,-1.01391029917416e-15,-0.813771449869177,4.14162742656174e-15,1.93744831950913e-16,-1.72764261094281e-15,-1.30609375912769e-06,8.35507701492048e-16,5.1735577269579e-16,-4.66493387714036e-06,0.00491069395041764,0.0423189213288505,1.73611109167571e-16,1.41451394124634e-16,4.72858007202729e-06,9.64555251795428e-17,-6.74593846136183e-07,3.13763179919028e-16,1.39741306645788e-16,3.13463537056767e-05,4.12445796503449e-05,-2.50198695694797e-17,-9.04008066699363e-17,-0.00626214733771414,-2.1102096013337e-16,-7.43754267223493e-17,-4.856208937984e-16,9.94897382764114e-16,1.92467923310176e-15,9.08861795997174e-16,2.54319812077326e-16,2.74412101882982e-15,9.95562001565459e-07,6.15449948037023e-17,1.89911628425286e-15,-7.84077759983406e-08,5.99469484352969e-16,7.06673868249615e-15,1.26541297179295e-15
"t35",0.0364224256313202,-0.0139756673205401,-0.0784866520385437,0.0269141301713973,-0.0100761780394149,-0.0135818040926909,0.00221112813749951,0.0391563290650229,-0.00575180906337579,-0.000679699888259178,0.0495369571539739,-0.636389629687652,-0.17854431600656,-0.0455223083598895,-0.0890371944387959,0.000244749731884846,-0.0140146393976727,0.00714483337585824,-0.0255130774738234,0.000621840363069997,-0.0331454508564974,0.00138259955891154,-0.00041923241363554,0.00224654358364529,-0.000880237727258043,0.00531841290551019,-0.000965659531455561,-0.00134660709295951,0.000660543415577254,0.00271014282295105,0.606222684937395,-0.00159841598800968,0.000567972896216037,-0.000162844950243401,-0.00064398018307932,0.000279762946501401,-0.000117348312615108,-9.67765821693016e-15,0.000342207360302884,-9.17264022247816e-18,-0.00030537879271719,-1.35190506646702e-16,1.27833876712343e-06,-5.98370710692466e-17,0.000277257774761089,4.58840950154368e-17,-2.64645506015682e-16,6.2560289772876e-17,-9.28915669681247e-06,-3.71009775646148e-05,2.8450645477016e-05,6.47900515308961e-17,0.00017166768855147,-1.36995014053392e-16,1.10524888880601e-16,-1.18934807727234e-18,-2.45361107712183e-06,-1.22857158796901e-16,-2.97328080889142e-16,-8.86692252777535e-06,0.000155972304279661,9.61944059201715e-06,-4.7988042051704e-16,-3.02899810539969e-16,3.52406991384532e-06,-9.69593313739044e-18,3.56853994605462e-07,-2.02316855806317e-17,4.11298321207566e-17,-6.58029702230627e-06,-1.19956700444303e-05,5.85740927940541e-17,1.35877278206412e-16,1.16934033811895e-05,1.96178221048639e-16,-2.47235643925122e-16,-1.71377350047776e-16,4.01047797633661e-16,6.969150814012e-16,-1.40548178588428e-16,6.57763581316192e-16,6.32702784022759e-14,1.73650437255322e-06,1.01595400975571e-17,-2.58570001215755e-15,-5.14281570500467e-06,2.26447205441227e-15,1.1452287004474e-15,-1.20140598181303e-15
"t2",0.0355286633169136,-0.0130608357758302,-0.0705680763552645,0.0239839161301873,-0.00868970748554389,-0.0109436634415741,0.00176595938532061,0.0308292583111762,-0.00450617966846749,-0.000532279553804923,0.0376313724886927,-0.461911818230942,-0.125336066262619,-0.0300712554343091,-0.0534113127320022,0.000145411702492122,-0.00823669576765704,0.00398670582324542,-0.0139038366519466,0.000328623965663455,-0.015537546873386,0.000575449301869397,-0.000170857990229531,0.000673740020105283,-0.000251427891076284,0.0014393337468335,0.000184812886853974,0.000527247972441454,-0.00031469890010471,-0.00138830827949105,-2.08166817117217e-17,0.00124629567372246,-0.000591122849799726,0.000204794632683952,0.000878132653707649,-0.000418229111045831,0.000192069644405835,6.49354947708179e-16,-0.000825575350603565,-1.24104992446538e-16,0.000802085586807075,1.26092315555948e-17,-4.13142704671971e-06,3.13208102009158e-17,-0.000941761599983613,5.54241109360986e-17,-2.43443314718955e-16,2.03350260972048e-17,6.10233941710896e-05,0.000246478944929677,-0.000190640125353233,4.16497434155976e-17,-0.00138008551730707,1.84927134196325e-18,-3.57196530030753e-17,1.21740215007608e-17,3.32454450278157e-05,-3.2029381794944e-17,-2.20777485441876e-16,0.000151632233584264,-0.00288434709312949,-0.000683419257193741,-2.96703214178287e-16,-1.53670673113162e-16,-0.000501053341860995,-3.73971853309953e-17,8.01734846023919e-05,-1.02504073485989e-17,-5.31888482856033e-17,-0.00035831674873231,-0.00052185480713812,-1.45523842120746e-17,6.76314849237224e-17,0.000236434302562776,1.565835005149e-16,-1.17276299727244e-16,-9.99019840412502e-17,6.92499097315618e-16,4.82471463083946e-16,3.19652987746351e-17,3.01483412120733e-17,7.86382270804576e-13,2.09701546900478e-05,8.72313074650435e-17,-1.7702417283151e-15,-5.77907704295865e-05,1.27504691425077e-15,-4.39265136609172e-16,-2.16657486566083e-15
