accepted_species,0
t40,0.019420896171832194
t36,0.019420896171832194
t23,0.019420896171832194
t31,0.019420896171832194
t12,0.019420896171832194
t41,0.019420896171832194
t58,0.019420896171832194
t84,0.48671411991308805
t46,0.019420896171832194
t2,0.019420896171832194
