accepted_species,0,1
t2,0.9447880650929568,0.05521193490704322
t5,0.9439361663617519,0.056063833638248094
t8,0.9438611151508451,0.0561388848491548
t9,0.9437387677681457,0.056261232231854315
t12,0.9451012253213107,0.05489877467868935
t26,0.9445763194463622,0.05542368055363777
t33,0.9426824420013288,0.05731755799867125
t39,0.9457534612844825,0.05424653871551751
t49,0.9456121715101289,0.05438782848987109
t55,0.9574116008517559,0.04258839914824409
t60,0.9565207425599096,0.04347925744009037
t83,0.9557043396679802,0.04429566033201984
t99,0.9766622483144816,0.02333775168551846
t100,0.9796540921811935,0.02034590781880648
t120,0.9463968606544936,0.05360313934550645
t129,0.9569492566856916,0.0430507433143084
t134,0.9316067491954879,0.06839325080451208
t146,0.9527318619423674,0.04726813805763268
t158,0.9666997215382709,0.033300278461729074
t168,0.9435050871775865,0.05649491282241342
t184,0.982832598210434,0.017167401789565957
t196,0.9843815787278603,0.0156184212721397
t197,0.9845187066726997,0.015481293327300309
t218,0.9454623645801481,0.05453763541985195
t219,0.87321441309284,0.12678558690716002
t245,0.8982223030721247,0.10177769692787526
t248,0.8458039967590655,0.15419600324093455
t250,0.8941514715113236,0.10584852848867647
t259,0.9406936692889575,0.059306330711042535
t268,0.6682953753342309,0.3317046246657691
t281,0.8929313474670164,0.10706865253298362
t282,0.9399525909248889,0.06004740907511111
t283,0.9398867424301414,0.06011325756985858
t292,0.9547852035455761,0.045214796454423896
t305,0.9419434397424316,0.05805656025756841
t307,0.9466485420120837,0.05335145798791631
t313,0.9590285530297586,0.040971446970241354
t320,0.9263590703668283,0.07364092963317169
t346,0.6875643853163498,0.31243561468365016
t353,0.9435599106438745,0.05644008935612554
t375,0.9463909161093402,0.05360908389065981
t378,0.9522953220602597,0.04770467793974031
t405,0.38176050445185494,0.6182394955481451
t417,0.47150480737230394,0.5284951926276961
t418,0.944219133584677,0.05578086641532295
t431,0.9651968231252163,0.034803176874783785
t432,0.40646343536382024,0.5935365646361798
t445,0.9440797217725496,0.05592027822745043
t490,0.9106705420452417,0.08932945795475837
