accepted_species,0,1
t22,0.05226960377518197,0.947730396224818
t99,0.05285882702053135,0.9471411729794686
t100,0.05280372259514243,0.9471962774048576
t50,0.048045993309381085,0.9519540066906189
t95,0.04248497457145872,0.9575150254285413
t96,0.04240348775651215,0.9575965122434879
t57,0.05663071081224458,0.9433692891877554
t72,0.057572222323546196,0.9424277776764538
t75,0.0550912024247453,0.9449087975752547
t76,0.0537764413066657,0.9462235586933343
