accepted_species,0,1
t22,0.27958095,0.72041905
t99,0.27958095,0.72041905
t100,0.27958095,0.72041905
t50,0.008831501,0.9911685
t95,0.008831501,0.9911685
t96,0.008831501,0.9911685
t57,0.0047234297,0.9952766
t72,0.0047234297,0.9952766
t75,0.0047234297,0.9952766
t76,0.0047234297,0.9952766
