"","turnover.rates","eps.values","transition.rates"
"1",0.514640471432358,1.03122210524749,NA
"2",1.00410976423882,0.0322752238771645,0.955518667120486
"3",0.514640471432358,1.03122210524749,0.414171669399366
"4",1.00410976423882,0.0322752238771645,NA
