"accepted_species","0","1"
"t13",0.974099592507916,0.0259004074920839
"t47",0.926456871494337,0.0735431285056628
"t207",0.94909971973869,0.0509002802613101
"t211",0.976732228880002,0.0232677711199977
"t126",0.751223160767585,0.248776839232415
"t101",0.469357168951614,0.530642831048386
"t102",0.477149135908985,0.522850864091015
"t107",0.307166608159204,0.692833391840797
"t187",0.0496989473694428,0.950301052630557
"t236",0.0288844242358992,0.971115575764101
"t227",0.037105838323618,0.962894161676382
"t62",0.951053712622742,0.0489462873772582
"t119",0.844742052429831,0.155257947570169
"t137",0.535751550444227,0.464248449555773
"t37",0.982945145314422,0.0170548546855785
"t80",0.943714322754057,0.0562856772459428
"t148",0.967350292276726,0.0326497077232745
"t240",0.973515055803593,0.0264849441964065
"t151",0.982525375068848,0.0174746249311518
"t206",0.945292305728944,0.0547076942710561
"t152",0.87275302756128,0.12724697243872
"t140",0.851305877617437,0.148694122382563
"t276",0.998169511276404,0.0018304887235958
"t104",0.893358643356785,0.106641356643215
"t22",0.982009710605423,0.0179902893945771
"t52",0.0792540263734534,0.920745973626547
"t162",0.110782066074809,0.889217933925191
"t179",0.913509256944421,0.0864907430555787
