accepted_species,estimate
t37,-0.43065783
t61,-0.39092088
t158,-0.19569907
t100,-0.40134278
t49,-0.3619007
t59,0.41068915
t53,-0.6498306
t124,-0.5212335
t152,-0.5212335
t153,-0.5212335
t113,-0.5212335
t105,-0.5212335
t185,0.7307686
t67,-0.49381775
t48,0.310517
t140,0.37319404
t141,0.37319404
t42,0.11244927
t30,-0.22080395
