accepted_species,estimate
Centaurium_pulchellum,0.1394595279312148
Cicendia_quadrangularis,0.17276373249703442
Exacum_affine,0.03494549358536418
Gentiana_affinis,-0.4978162827215415
Gentiana_clusii,-0.4326373170131363
Gentiana_lutea,-0.47407361576385737
Gentiana_scabra,-0.674887046369613
Gentiana_triflora,-0.2139454730003693
Gentianella_campestris,-1.2475271425892211
Swertia_bimaculata,0.03533516131574914
