accepted_species,0,1
t28,0.46460965938629606,0.5353903406137039
t2,0.46468320938430363,0.5353167906156964
t15,0.46450051309498364,0.5354994869050164
t60,0.4644946982002819,0.5355053017997181
t1,0.4645756426005745,0.5354243573994255
t63,0.46400158229486066,0.5359984177051393
t52,0.4640018745310759,0.5359981254689241
t50,0.4640481327935754,0.5359518672064246
t89,0.464033569425508,0.535966430574492
t42,0.46423969976681423,0.5357603002331858
