accepted_species,0,1
t28,0.4666666666666667,0.5333333333333333
t2,0.4666666666666667,0.5333333333333333
t15,0.4666666666666667,0.5333333333333333
t60,1.0,0.0
t1,0.4666666666666667,0.5333333333333333
t63,1.0,0.0
t52,0.0,1.0
t50,1.0,0.0
t89,1.0,0.0
t42,0.4666666666666667,0.5333333333333333
