accepted_species,0,1
t15,0.5724403691489132,0.42755963085108684
t54,0.5722940908326564,0.42770590916734363
t65,0.5726296426806063,0.4273703573193937
t64,0.5722439851936773,0.42775601480632275
t62,0.5729061620954825,0.4270938379045175
t18,0.5721276849005048,0.42787231509949514
t19,0.5719818873841573,0.4280181126158427
t93,0.5719714058416827,0.42802859415831723
t94,0.5719244754246857,0.4280755245753143
t27,0.5723907719816941,0.427609228018306
