"","V_1","V_2","V_3","V_4","V_5","V_6","V_7","V_8","V_9","V_10","V_11","V_12","V_13","V_14","V_15","V_16","V_17","V_18","V_19","V_20","V_21","V_22","V_23","V_24","V_25","V_26","V_27","V_28","V_29","V_30","V_31","V_32","V_33","V_34","V_35","V_36","V_37","V_38","V_39","V_40","V_41","V_42","V_43","V_44","V_45","V_46","V_47","V_48","V_49","V_50","V_51","V_52","V_53","V_54","V_55","V_56","V_57","V_58","V_59","V_60","V_61","V_62","V_63","V_64","V_65","V_66","V_67","V_68","V_69","V_70","V_71","V_72","V_73","V_74","V_75","V_76","V_77","V_78","V_79","V_80","V_81","V_82","V_83","V_84","V_85","V_86","V_87","V_88","V_89","V_90","V_91","V_92","V_93","V_94","V_95","V_96","V_97","V_98","V_99","V_100","V_101","V_102","V_103","V_104","V_105","V_106","V_107","V_108","V_109","V_110","V_111","V_112","V_113"
"t12",-0.129292435292529,0.0335987987421376,-0.00549685057890945,0.00139310659817688,-0.00149953364154982,0.00761015784144504,-0.000859787913222202,1.97969792934514e-05,-0.00243280248776379,0.000471936177819664,-0.00233508332064069,0.00511887664045705,-0.000522307315597192,0.0279702800541761,-0.0202275879819033,0.0389143289491993,-0.200755092683495,0.000320593302698372,-1.99818712443169e-06,2.99145737604187e-05,-0.0186834701135873,0.0378154935407382,-0.0165087051977042,0.148233631047786,-0.00328251611143618,0.713561931324049,-0.522908572353751,0.160876664632702,-0.00148657521813061,0.00114616711689203,-0.0678391810154643,0.00505754722153597,-0.238436967590376,1.6005246880801e-15,0.00906729900455548,-0.0119093212708076,0.019647994459327,-0.000713294734535465,-0.00119268646607893,-0.000294123311237762,0.059320428667167,-6.45044409881515e-07,-0.00116536641467628,0.0218596681999309,-0.0847293087897448,0.0565281743373578,-4.91453621810834e-17,0.00155127355476586,0.0504835680222183,-0.00208435731992382,0.136639587004126,0.000413167780972596,-2.72005092641867e-17,4.53600217793875e-05,0.00026025337345463,0.000449632151388631,-0.000659640927411046,-0.00434299394115167,9.15181952461265e-17,0.000205356187316249,0.000614971215955385,-1.9585538842492e-05,-0.000195584744971414,-0.000770522158805166,-0.000134008208272864,0.000499262335887455,3.73209318680245e-17,0.000341318616203801,-0.000625760740546766,0.00136373358839397,1.44666722933157e-05,2.07328378994279e-05,0.000477485963006727,-1.32816676127226e-05,-2.87231887280296e-05,-0.00130244856065666,4.35179870067988e-06,0.000310409386766306,7.74465929229523e-05,2.06564022641703e-08,3.27113047021939e-06,3.23193039588799e-06,-4.19370512955549e-06,-3.12704875692198e-16,-0.00068126355046672,1.45615214073208e-05,1.51453692637655e-06,-0.00123065984881419,8.95760730784745e-07,4.85278380730885e-08,-9.5572232426766e-18,3.64403689253133e-17,5.72518158802881e-18,-7.78841596808803e-18,2.19287496984599e-08,-0.000881089644762186,-2.35074021811428e-17,1.99663537594621e-17,1.05993013917408e-16,1.37043171617522e-17,2.57825175823049e-16,3.12497684092943e-17,-5.11044978666525e-18,3.6845031908853e-17,-7.51577645552684e-17,-2.80428621772173e-16,4.00855018667272e-17,-6.29465874458783e-18,-2.15574102990005e-17,1.18101584540681e-17,1.61778623731497e-17,6.63231725074143e-07,-1.63191520790534e-16
"t43",-0.163190615088308,0.0480017389029916,-0.014562669860874,0.00513249059421015,-0.00598234980667585,0.236082970634722,0.00930213664369159,-0.000126074838538895,0.00298855035225421,-0.000546082812253323,0.00191746421780923,-0.00240737363276652,0.000210847492355821,-0.00930784700887689,0.00540168022340172,-0.00968782518606415,0.0459047891131971,-0.000394484040729423,2.06539779861513e-07,-3.04126281047365e-06,0.00110344320458666,-0.00163988723952901,0.000585055476578739,-0.00485061717717833,8.8807901295348e-05,-0.0185929397063643,0.0120858773221644,-0.00267899864291418,6.36109538410651e-06,-4.20759074995091e-06,-0.000130657055065889,1.37479993778523e-05,-0.00173095926276487,1.39400404769114e-17,-0.192281883754349,-0.00106592487061924,0.00107060638173527,-2.86887578163274e-05,-4.55006094063312e-05,-1.06568165587245e-05,0.00122900470750429,-1.06032845627226e-08,-1.32974608612149e-05,-0.000435429470914291,0.00623731352046111,-0.00467010313105301,-1.7972953851949e-17,-0.000692054815121706,-0.231003513566465,-0.00141898743194539,0.0757088107568012,0.000154365901914237,1.08123984458273e-15,1.89803098429592e-05,0.000151588277236189,0.00030406267130013,-0.552985446497646,0.00109478444028939,8.94016380176489e-15,0.29636083940628,0.0603474960343952,-3.64532057536036e-06,-3.85625683041288e-05,-0.000278147841495905,-4.99580756826015e-05,0.640255615909364,-8.48735452337186e-15,0.00199593485904441,-6.39497038082566e-05,0.000180935483955591,1.57168920532386e-06,2.4582769999766e-06,5.91938546253363e-05,-1.67754015042396e-06,-3.65527418297088e-06,-0.000196000175365724,5.6123152087e-07,4.72924781695004e-05,1.02142018209483e-05,2.75866084689696e-09,4.48985226977477e-07,4.44551324600877e-07,-5.79286489868192e-07,5.60309430895262e-16,-9.59894132112093e-05,2.08538426993575e-06,2.17291540709433e-07,-0.00020748472548601,1.31874949988358e-07,7.21898190712946e-09,5.90117559452339e-16,1.08604422937447e-16,-1.94587800387265e-16,-1.72437779717296e-16,3.31668850857468e-09,-0.000154561381144769,-1.4018825239047e-16,1.42315255051766e-17,1.19982045197593e-18,-5.61455494875999e-17,1.0843984680522e-16,-3.29735048369625e-16,-8.89798209531447e-17,-1.08196501964207e-16,-2.29517254979232e-17,5.07060729895232e-16,9.0659301962392e-17,-6.08372951734544e-16,1.24360381385384e-16,5.62373249862415e-17,5.38302149030138e-17,1.05937865651148e-07,1.4223787369577e-16
"t44",-0.163046867223062,0.0479414257338456,-0.0145263529635859,0.00511774517087064,-0.00596473111132684,0.235138214892644,0.00926246600100865,-0.000125513759996679,0.00296938947926518,-0.000542504357493074,0.0019030588882927,-0.0023839869182778,0.000208637632960806,-0.00920019723304496,0.00533150141485587,-0.00955694600182224,0.0452519672307816,-0.000387995986864838,2.0278238250895e-07,-2.98502773119182e-06,0.00107780040241742,-0.0015981094035973,0.00056925752997771,-0.00471809253769855,8.6280266750949e-05,-0.0180596468055659,0.0117322223960378,-0.00259623962767403,6.13948484968666e-06,-4.05998999511778e-06,-0.000125732546003874,1.32235992923435e-05,-0.00165317417131908,-2.14169328501287e-16,-0.182540648268987,-0.00101062089674915,0.00101344763990214,-2.70756755940382e-05,-4.28994662606902e-05,-1.00356697915058e-05,0.00114273183427049,-9.83331228247997e-09,-1.22996078423868e-05,-0.000398475981440893,0.00565503368252314,-0.00422751146397175,-3.79316757473365e-16,-0.000616530433091733,-0.20383383614509,-0.00123179070057801,0.0653349872020097,0.000130884125882931,7.48542323057087e-16,1.55625841779411e-05,0.000121241925910665,0.000241962942341381,-0.431884692558135,0.000841157542502778,2.96939190416024e-15,0.222531316538813,0.0358516707011399,-1.08131434444019e-06,-8.96127608340342e-06,0.000105111100744138,2.01406558260985e-05,-0.766167249479139,1.31814405531837e-14,0.0197477294827343,-0.000119760084363847,0.000298119007611798,2.58755067497857e-06,3.69736986222807e-06,8.35438057664101e-05,-2.30782332994343e-06,-4.98299285531295e-06,-0.000265991790960823,7.49876444113276e-07,6.30189949469698e-05,1.3257245326174e-05,3.52499011130421e-09,5.55476555851008e-07,5.48676880692092e-07,-7.11627425957106e-07,-9.14857069846714e-16,-0.000115476208793767,2.46950035316348e-06,2.56889731144433e-07,-0.000242987202748162,1.52451458895645e-07,8.27906797600274e-09,-4.13556232528336e-16,3.21569512692967e-16,6.79440713665634e-17,8.4822054674802e-17,3.75981691219046e-09,-0.000174800319915541,-3.09581443600132e-17,2.81929822854047e-16,3.15107350240757e-16,1.81176839581871e-16,5.60860009973863e-16,6.97962406484238e-18,3.67384042528241e-16,-4.41565458582338e-16,-1.38543742329888e-16,-9.20474210765618e-16,4.37855767787446e-17,-4.91815926368231e-16,-1.39205955479445e-16,-3.32734086811627e-16,-1.6080613956981e-16,1.1648395632158e-07,-2.44321754990232e-16
"t110",-0.164703931354422,0.0486397552614971,-0.0149530513288845,0.00529178216205863,-0.00617286106989477,0.246442389145509,0.00973866059421846,-0.00013226413695199,0.00320561714630972,-0.000586700934127687,0.00208316690886003,-0.00268492096945502,0.000237366173016778,-0.0106203933373742,0.00627579975755779,-0.0113308559481523,0.0541899630860464,-0.00047974722685005,2.5733039101969e-07,-3.80515850768223e-06,0.00148131703949679,-0.00228114221260495,0.000834624118388158,-0.00695702619757223,0.00012988529360096,-0.0272974668717014,0.0179251752209679,-0.00409148551768,1.04792054935475e-05,-6.96536300805889e-06,-0.000228437769845484,2.42751049078873e-05,-0.00360085848105543,-2.06423937408628e-16,-0.473155885867103,-0.00273143943633366,0.00289170554397334,-8.63806306655371e-05,-0.000142466897150283,-3.50400234845365e-05,0.00899614840392279,-1.04596117633279e-07,-0.000202616910580104,0.00519761046933716,-0.0284863732607496,0.019289524682401,9.32420082982321e-17,0.00142235532126252,0.360966338292995,0.00155067377549429,-0.0743335444473157,-0.000114974764703483,-2.70651021540102e-16,-9.38028499826568e-06,-5.85093925717187e-05,-0.000112038514836497,0.173240237775849,-0.000300563893546852,-1.56776754764562e-15,-0.0684034758488367,-0.00310966774177996,-1.12341478455242e-07,-1.45272903321518e-06,-1.50431943442155e-05,-2.69112631674067e-06,0.0226100290407706,-2.20239928068409e-16,0.00118583774723103,-1.78888440455241e-05,5.25828946910998e-05,4.56919270697089e-07,7.52739281572965e-07,1.91318353820981e-05,-5.57040617065706e-07,-1.22656197963014e-06,-6.61236873202786e-05,1.93067750157124e-07,1.6326396209145e-05,3.6595899092121e-06,1.01295531494906e-09,1.74641042973808e-07,1.73727583122848e-07,-2.28507749993818e-07,-3.65597361893521e-16,-3.96024560144296e-05,8.93287913648293e-07,9.34653271659809e-08,-9.14615147932888e-05,6.02619995472678e-08,3.37777438147606e-09,2.07428122139971e-16,1.27777104881913e-17,1.48824288802603e-18,1.3386978468731e-16,1.60991972419983e-09,-7.56101380608201e-05,1.20797420562338e-16,-5.55533441455841e-16,1.7346213739369e-16,4.79870143944943e-17,2.75556990343956e-16,-4.68297075368057e-16,9.78422931448181e-17,1.74540409295469e-15,4.76098671387624e-15,-0.707106781186548,-4.93960485839791e-15,-2.00766669173329e-15,1.06721573870567e-15,1.24400134124413e-15,-1.31069461848472e-16,5.74944137670538e-08,6.46078527347329e-17
"t111",-0.164703931354422,0.048639755261497,-0.0149530513288844,0.00529178216205861,-0.00617286106989465,0.246442389145509,0.00973866059421832,-0.000132264136952031,0.00320561714630971,-0.000586700934127753,0.00208316690885992,-0.00268492096945476,0.000237366173016753,-0.0106203933373739,0.00627579975755798,-0.011330855948152,0.0541899630860456,-0.000479747226850191,2.57330390969523e-07,-3.80515850767064e-06,0.00148131703949667,-0.00228114221260497,0.000834624118388619,-0.00695702619757236,0.000129885293600998,-0.0272974668717016,0.0179251752209677,-0.00409148551767989,1.04792054935128e-05,-6.96536300819517e-06,-0.000228437769845227,2.42751049078938e-05,-0.00360085848105532,-4.58625461545937e-16,-0.473155885867103,-0.00273143943633368,0.00289170554397328,-8.63806306654494e-05,-0.000142466897150388,-3.50400234847525e-05,0.00899614840392281,-1.04596117666099e-07,-0.000202616910580255,0.00519761046933724,-0.0284863732607502,0.0192895246824007,-3.24610443251332e-17,0.00142235532126227,0.360966338292994,0.00155067377549397,-0.0743335444473157,-0.000114974764703361,-2.91499309261785e-16,-9.38028499789201e-06,-5.85093925719296e-05,-0.00011203851483589,0.173240237775848,-0.000300563893547289,-1.84873474327801e-15,-0.0684034758488365,-0.00310966774177936,-1.12341478281509e-07,-1.45272903331184e-06,-1.50431943447207e-05,-2.69112631647303e-06,0.0226100290407689,-1.04779124205109e-16,0.00118583774723114,-1.78888440455912e-05,5.2582894691362e-05,4.56919270388622e-07,7.52739280982337e-07,1.91318353827576e-05,-5.57040616256215e-07,-1.22656197913832e-06,-6.61236873193716e-05,1.93067749985686e-07,1.63263962098994e-05,3.65958990907316e-06,1.01295510980352e-09,1.74641042956678e-07,1.73727583247312e-07,-2.28507750257872e-07,2.18671203246602e-16,-3.9602456014627e-05,8.93287913885547e-07,9.34653275449416e-08,-9.14615147930722e-05,6.02619998004368e-08,3.37777442199088e-09,-2.1866357119164e-16,-6.3336667616389e-17,-1.29960826496756e-17,-2.36329984131822e-16,1.60991967798623e-09,-7.56101380613476e-05,-7.96240913309334e-17,4.43833909046752e-16,-3.67368396326624e-16,1.84313379123333e-18,4.84871251422868e-16,5.02774745601905e-16,-2.71826437877208e-16,-1.61043166705275e-15,-4.71939673676035e-15,0.707106781186548,4.97673446748442e-15,1.99607751732275e-15,-1.10622729116621e-15,-1.1694385009121e-15,2.85175784396571e-16,5.749441454877e-08,-2.96461172580361e-16
"t45",-0.163631097791096,0.0481884409755353,-0.0146789615455916,0.00518020596088216,-0.00603947739900293,0.239238443083867,0.00943562729940856,-0.000127972854739237,0.00305715768357899,-0.000558949431391793,0.00197076257392865,-0.00249995301722618,0.000219809905984907,-0.00975995783123723,0.00571066472308658,-0.0102742361425492,0.0489020474866982,-0.000426724213651408,2.26470529689716e-07,-3.34300239263433e-06,0.00127107255118289,-0.00194318214761923,0.000708936827415901,-0.00590737630306344,0.00011025224636101,-0.0231737636768154,0.0152260747104495,-0.00349018607209173,9.24723070892472e-06,-6.16885756943373e-06,-0.000214390697591521,2.31180491236864e-05,-0.00767816634590815,1.47048701535298e-16,0.191259545099543,0.000544758098472308,-0.000173413831670202,-5.83122616827408e-06,-1.29495825664833e-05,-3.9171120605029e-06,0.00132884254215898,-1.44863011087821e-08,-2.57404926039206e-05,0.00034821416958556,-0.000175078896078651,-8.50558620499181e-05,-2.70333931723948e-17,-0.000161479371527982,-0.064043841380878,-0.000432859919857431,0.0232279198248858,4.56896120117582e-05,-2.0358786928999e-16,4.334036899587e-06,2.12846602856726e-05,3.56921197738198e-05,-0.00552949046528551,-0.000144057229710139,-1.93138373640014e-15,-0.165474607642459,-0.824670638573859,-4.78068343044005e-06,-4.60475641281807e-05,-0.000172987349907703,-3.0157675079087e-05,0.0271845027662293,4.79995526543154e-14,0.389287933814913,-8.00449185506542e-05,0.000215958864919888,1.87529152274623e-06,2.81458136539705e-06,6.55981424014378e-05,-1.8333089166956e-06,-3.97445365562729e-06,-0.00021257584932835,6.03329637621557e-07,5.07613957886504e-05,1.07962991531007e-05,2.8888360639565e-09,4.61040075195575e-07,4.55817575184353e-07,-5.92259261276143e-07,-5.00133114670199e-16,-9.68815420939473e-05,2.08447079602357e-06,2.16976464308223e-07,-0.00020599477434525,1.29914395275043e-07,7.07842407968768e-09,-3.50450470067362e-16,-1.10059042809496e-16,-1.5198027249455e-17,-2.2936683824805e-16,3.23062907767289e-09,-0.000150354364598648,-4.94568295127804e-17,-8.63507743794499e-18,3.79436770419093e-16,1.540838222289e-16,7.48807965109432e-16,-1.64595664798926e-16,-3.60228463311138e-17,-8.77423289659931e-17,1.00856863421623e-16,3.15957317770809e-17,-3.01028617039368e-17,9.12404310921886e-17,2.08631965826083e-18,-1.33692017873122e-16,-2.28631508830675e-18,1.0159616902092e-07,-2.65833520919252e-16
"t100",-0.165270203646557,0.048879746707568,-0.0151025149953744,0.00535311028287713,-0.00624628740019284,0.250499361000405,0.00991030932060082,-0.000134704931141806,0.00329398301854814,-0.000603275624707295,0.0021519075388111,-0.0028047730731232,0.000248988005265111,-0.0112082210490528,0.00667918369591965,-0.0120976935470843,0.0581189576176924,-0.000522383478323575,2.83906371623611e-07,-4.20812176168859e-06,0.00171195484162269,-0.00270598286280248,0.00101056711883008,-0.00846249461807227,0.000160787621798434,-0.0339139597137234,0.0224891902170364,-0.00529280807794642,1.49896341700536e-05,-1.00418165429057e-05,-0.000365655823251501,3.97582823621519e-05,-0.0150830473822346,5.01426622410363e-16,0.426434536512791,0.0012505088475353,-0.000413096781389802,-1.49515913563543e-05,-3.4063492078852e-05,-1.06312352996511e-05,0.00543004875942305,-6.59136691193616e-08,-0.000132110561602227,0.00368956498011533,-0.0209889949442214,0.0142739989233611,6.57581402828219e-16,0.0010772409734786,0.273482174918376,0.00115400844611849,-0.0546552333227009,-7.99117461508102e-05,3.28370009414163e-16,-5.15743176583979e-06,-2.06302326195204e-05,-3.33564688593264e-05,0.00457193462482395,0.000108414738881932,1.39523846281397e-15,0.110859811026975,0.27696730296333,7.62886211305529e-07,6.44134471785836e-06,6.16398007553462e-06,9.9228368521221e-07,0.000792551345762552,2.41966267942525e-14,0.208152990094246,4.61580127296066e-06,1.57805340307744e-06,1.4484117221995e-08,1.64484118119352e-07,6.57390648384931e-06,-2.18703713351599e-07,-5.02785966072258e-07,-2.76687200664728e-05,8.64391815356707e-08,7.39169397429896e-06,1.83555883681493e-06,5.37113148682201e-10,1.02809993651228e-07,1.03017206216744e-07,-1.37416834993402e-07,6.13020876404098e-17,-2.52881865448965e-05,5.95183611541153e-07,6.25455143912894e-08,-6.27152582838861e-05,4.26788667498588e-08,2.43883648114235e-09,-2.17288887443815e-16,-3.18575190877569e-16,2.26741115797073e-16,5.68233224123864e-16,1.19466098240554e-09,-5.64135702332083e-05,-1.00491881694572e-16,1.42657155420321e-17,3.71700148889208e-15,8.20200213582106e-16,-0.707106781186548,-2.6579199830433e-15,-4.93793018576956e-15,3.95024869091095e-16,9.66513447570175e-17,3.10592160217261e-16,-9.67261870743669e-16,-6.12862551555723e-16,1.71280865496729e-16,5.28028092428546e-16,-4.34469687405811e-16,4.56863145792647e-08,5.04933790861332e-16
"t101",-0.165270203646557,0.0488797467075681,-0.0151025149953745,0.00535311028287722,-0.00624628740019273,0.250499361000405,0.00991030932060072,-0.000134704931141767,0.00329398301854814,-0.000603275624707258,0.00215190753881113,-0.00280477307312313,0.000248988005265179,-0.0112082210490528,0.00667918369591959,-0.0120976935470842,0.0581189576176923,-0.000522383478323586,2.83906371678186e-07,-4.20812176191052e-06,0.00171195484162266,-0.00270598286280247,0.00101056711883013,-0.00846249461807252,0.000160787621798401,-0.0339139597137237,0.0224891902170364,-0.00529280807794645,1.49896341700147e-05,-1.0041816543121e-05,-0.000365655823251845,3.97582823620308e-05,-0.0150830473822349,2.95473404244705e-16,0.426434536512792,0.00125050884753532,-0.000413096781389748,-1.49515913562815e-05,-3.40634920787022e-05,-1.06312352996642e-05,0.00543004875942298,-6.59136693352533e-08,-0.00013211056160225,0.00368956498011529,-0.0209889949442214,0.014273998923361,-5.70073930841069e-17,0.00107724097347879,0.273482174918377,0.00115400844611849,-0.0546552333227004,-7.99117461510724e-05,1.40163841680671e-16,-5.15743176580233e-06,-2.06302326201156e-05,-3.33564688592626e-05,0.00457193462482459,0.000108414738882254,1.22033976295978e-15,0.110859811026976,0.276967302963331,7.62886211169638e-07,6.44134471770944e-06,6.16398007568185e-06,9.92283685622634e-07,0.000792551345763087,2.41665457054687e-14,0.208152990094245,4.61580127253652e-06,1.57805340361087e-06,1.44841167622289e-08,1.64484118342501e-07,6.57390648349336e-06,-2.18703712287654e-07,-5.02785964915001e-07,-2.76687200672214e-05,8.64391819681242e-08,7.39169397388068e-06,1.83555883701361e-06,5.37113094638514e-10,1.02809993790943e-07,1.03017205919617e-07,-1.37416834688409e-07,-4.36908000053585e-16,-2.52881865455595e-05,5.95183611352746e-07,6.25455155867265e-08,-6.27152582844304e-05,4.2678866904123e-08,2.43883676645736e-09,-1.27807612801948e-18,3.43799399091518e-16,4.17603581081169e-17,-4.24803682227386e-16,1.19466037446359e-09,-5.64135702333938e-05,6.52415345865662e-18,1.75842953763993e-16,-3.52996417401556e-15,-7.19474770957047e-16,0.707106781186547,2.95173395608008e-15,5.13236867605796e-15,-5.32084358862187e-16,-4.26375878332825e-16,-2.5313315747841e-16,1.19468600974256e-15,7.18125631145217e-16,-2.0790224864174e-16,-4.80203374938333e-16,3.29845493438944e-16,4.56863155840345e-08,-3.36136789589496e-16
"t55",-0.16423034881902,0.0484413035739247,-0.0148341367161873,0.00524358328721106,-0.00611528981318332,0.243372137914291,0.00960993455755947,-0.000130445525365572,0.00314436392685924,-0.000575274659454436,0.00203756051287268,-0.00261267571298596,0.000230610612117793,-0.0102968000166233,0.00607033122854689,-0.0109518381225761,0.0523301892755754,-0.000462404726539308,2.47941359987017e-07,-3.66652613642803e-06,0.00143693744642245,-0.00223096292381111,0.000822949927970131,-0.00687356883454049,0.000129388902860228,-0.0272419629263883,0.017979201560302,-0.00417486633220962,1.14390148767973e-05,-7.64754429282734e-06,-0.000272329191949611,2.94952411872629e-05,-0.0105396351943694,4.81054044865802e-16,0.282768973385899,0.000819777946295704,-0.000266983258898169,-9.40380711724815e-06,-2.12294829107664e-05,-6.55358924311763e-06,0.00296204173784849,-3.50237149587887e-08,-6.833885342511e-05,0.00170154028478191,-0.00868674728454033,0.00579632830470646,-7.25130133653092e-16,0.000354065046001811,0.0777418400473633,0.000244085776239218,-0.0101767759637419,-9.03953377513473e-06,-2.20360627008875e-16,7.91633259107085e-08,2.11949096721076e-06,3.99659012898066e-06,-0.000826751221193256,-2.51119455277147e-05,-2.41908035041057e-15,-0.0331787326920472,-0.224002106727475,-1.11063250951027e-06,-1.00513788479189e-05,-1.37272528865119e-05,-2.22881067425532e-06,-0.0021205662505553,-1.03760421818473e-13,-0.872078273500911,-9.11353132588542e-05,0.000212882633458801,1.84709802026002e-06,2.54924289305551e-06,5.65749575853376e-05,-1.55456579990022e-06,-3.35130093330141e-06,-0.000178764907577327,5.02913042852153e-07,4.2251608907134e-05,8.87129223892032e-06,2.35843779204165e-09,3.72598628273826e-07,3.68172982574883e-07,-4.77898769082388e-07,6.83821403137014e-16,-7.79385463945694e-05,1.67604522884274e-06,1.74470399121072e-07,-0.00016574565624842,1.04741795344481e-07,5.71812456618988e-09,1.90381045248216e-16,3.25746637351681e-17,-1.25182729859653e-16,-1.13315118918715e-16,2.62014608824287e-09,-0.000122061027506626,9.44458089549776e-17,-3.27430664802766e-17,1.55195370428e-17,-8.19825969996873e-17,-2.72294007435464e-16,8.91187218311665e-17,-2.56632381828893e-16,5.93776134071708e-16,-1.31390102726801e-16,3.83869863566258e-17,1.00674080806757e-16,-1.50330573931297e-16,9.81530849935713e-19,2.63879992292143e-16,1.1643455412233e-16,8.38832091728604e-08,-1.93838914280798e-16
"t41",-0.16246833891788,0.0476977449315248,-0.0143777231469773,0.00505715850793056,-0.00589228385665758,0.231209984691609,0.00909705902659547,-0.000123169734827061,0.00288764816829568,-0.000527215242012588,0.001840871065838,-0.00228057641507871,0.000198783610449362,-0.00871439784595368,0.00500975194669855,-0.00895343850360349,0.0422177316479301,-0.000357081747427252,1.84527516142349e-07,-2.71090857715839e-06,0.000946191883553396,-0.00137877721396345,0.000485125461323089,-0.00401033870384936,7.26523236593475e-05,-0.0151794035328515,0.00981394588956021,-0.00214280114378586,4.92223124893068e-06,-3.25049067347841e-06,-9.98208523823596e-05,1.05031817313923e-05,-0.00198640914972625,1.10632577720539e-16,0.00828891739032902,-5.7836663015301e-06,1.41733967323129e-05,1.35177817493543e-06,3.71434348499992e-06,1.39532789293601e-06,-0.00200841213801918,2.76118414590546e-08,6.18640694699315e-05,-0.00247520583865679,0.0178325786314018,-0.0125588996177433,-9.6537115544155e-16,-0.00128566727828669,-0.379084062451332,-0.00199249056878796,0.101308776075763,0.000179912056888818,2.6413546570917e-16,1.60381248905141e-05,8.01686421066138e-05,0.00013563307035289,-0.0220488115665966,-0.000612142718951509,-3.1652061347405e-15,-0.802624299846939,0.325262776845592,-4.16886411730865e-06,-4.21329262807585e-05,-0.000174475730059567,-3.04161186510802e-05,0.0266705357238089,2.55098624871547e-15,0.0261821238877641,-0.000129875376773106,0.000336427177993906,2.92074808614794e-06,4.28404922118687e-06,9.83824945633991e-05,-2.73327421747513e-06,-5.91275739502707e-06,-0.000315907134291292,8.93215804392087e-07,7.51009913160009e-05,1.58646904584072e-05,4.22654866160365e-09,6.67713346170479e-07,6.5960026236136e-07,-8.556104896718e-07,-5.17203137501547e-17,-0.000138818069700964,2.96545501352813e-06,3.08429233887053e-07,-0.00029139093154588,1.82399066598895e-07,9.8870016048897e-09,1.54958960652883e-16,-3.1040073280903e-17,1.30634053537476e-17,2.59515134560241e-16,4.47480089175496e-09,-0.000207875301650398,1.8246153997374e-16,-1.41057990996046e-16,1.44637168864168e-16,1.06498035248506e-16,2.19632136488115e-16,4.40173630672048e-16,-1.88862779857544e-18,1.79266301251162e-16,-1.40855439537032e-16,-1.73746266770741e-16,-9.98699809810794e-17,7.53828573461379e-17,1.77761494534939e-16,9.30597696007557e-17,-8.20209281858439e-17,1.36725979690404e-07,-4.79981379994837e-16
"t39",-0.16166846250492,0.0473605444065084,-0.0141714429686805,0.00497299094954751,-0.00579162080927942,0.225736420173908,0.00886641294855822,-0.000119899467026542,0.00277292077258393,-0.00050574633679659,0.00175326050704824,-0.00213366127004974,0.000184738506330011,-0.00801857243438719,0.00454562985428383,-0.00808048084190793,0.0378113630861882,-0.000311560798996102,1.57304410396883e-07,-2.30115777894702e-06,0.000740078178361302,-0.00102482427653142,0.000345966642535088,-0.0028330258190097,4.94791485178018e-05,-0.0102592637586304,0.00649546242043041,-0.00132584137162528,2.38407380919142e-06,-1.54180715526773e-06,-3.463759600561e-05,3.36740301530927e-06,0.000791055773280425,-2.11954426128822e-16,-0.0354121022762578,-3.13223590508241e-05,-0.000137476300097181,1.17396718354406e-05,2.30801081520994e-05,6.72394025204667e-06,-0.00430132031483367,5.57761661824394e-08,0.000119136242124593,-0.00418688940080235,0.0281452573577295,-0.0196354645051334,1.20758686439091e-15,-0.00186220223750999,-0.529849419640046,-0.00263596652653383,0.1313969195237,0.000218306232044609,-1.81188937912234e-15,1.51281136564318e-05,1.8897101482624e-05,-2.10441144267506e-05,0.668532308855216,-0.0048679707570821,-3.37035309671423e-15,0.394990295483814,0.0745931848689483,-6.44645284369775e-06,-6.39573736178974e-05,-0.000247743736910059,-4.31146071804251e-05,0.0240431169161222,3.17213260168376e-17,0.0139723729248821,-0.000176473013732885,0.00045196909645767,3.92352759695638e-06,5.69516312855228e-06,0.000129581374560402,-3.58435711685743e-06,-7.74095386210259e-06,-0.000413233718792753,1.16483904901848e-06,9.78851482591463e-05,2.055932270738e-05,5.45663274150687e-09,8.54440903063014e-07,8.43449015932758e-07,-1.09251100398112e-06,-5.67761983937546e-18,-0.000176016751807201,3.73775706346431e-06,3.88495706814501e-07,-0.000365583051998864,2.2748850393186e-07,1.22821889442246e-08,-2.1466221743819e-16,-1.82189588298298e-16,-3.15614410873686e-17,-1.40266399347867e-17,5.52390144835629e-09,-0.000256262024076171,-6.36355369755813e-17,-2.51811676854407e-17,-6.31676994553772e-17,-1.85055383310583e-16,-5.57094726337758e-17,3.70535949291431e-17,1.74219462847609e-16,1.18593603749553e-16,-8.89572736436698e-17,-4.56207636022126e-16,6.96809982251962e-18,1.71546068128811e-16,-5.73978399024438e-17,6.76352952110916e-17,7.69135089327244e-17,1.6536548219854e-07,-2.67173313163408e-16
"t69",-0.170183146420249,0.0511693909527005,-0.017438590136576,0.00661088027177026,-0.00785398827732603,-0.193420327053506,0.00345785769814844,-7.40608029121239e-05,0.0030460030839754,-0.000563034177422372,0.00211442384121447,-0.00304043800992448,0.0002802352112324,-0.0134326530564184,0.00898522958323746,-0.0172595306660892,0.0923635017986171,-0.00386485448722022,-5.04999919562623e-08,-9.28108312945474e-08,0.00154059965689189,-0.00332860091971637,0.341864212238541,-0.00663146299219988,0.000462333692250885,-0.14177752118512,-0.149487395783378,-0.000114310635487148,1.05306376636569e-05,-7.2586723247337e-06,-0.000341174959196527,3.86640355362886e-05,-0.057729885354539,4.78486007265064e-16,-0.000589428979803189,0.00045420972560551,-0.000523245672036925,8.22164944356001e-06,8.95031868170513e-06,9.06394749009963e-07,0.00225725586027391,-3.08454121105021e-08,-6.89411713116078e-05,0.0032955326487911,-0.151950813663145,-0.150577021928594,8.32578352602176e-16,-0.000156874828616802,-0.00325694499443751,6.18733164102249e-05,-0.00314679127985693,-0.0473087426462723,1.33785704766276e-16,7.53682615115377e-08,2.33310237035653e-06,4.58073980874455e-06,-1.47391324966562e-05,-7.43514130275534e-05,4.74186887783567e-16,6.03198063282991e-06,3.11711181996722e-05,-1.10936553407793e-06,-1.15405117616057e-05,-5.61326460321422e-05,-9.8126656111466e-06,4.94032936824177e-05,7.74700531769683e-16,4.44043753727945e-05,-0.00020323370426678,0.429456516020828,-0.000614005074100112,-4.7306920916917e-06,-4.44889034929364e-05,9.29038396146604e-07,2.26039829813235e-06,0.00476060463721146,-1.28090141285301e-07,-0.000645632509542712,-9.51315620123039e-07,-5.79648982867667e-11,5.96882880419759e-08,6.47694392135273e-08,-9.96123170963597e-08,0.707106781186549,-3.22452933974532e-05,1.48579382469762e-06,1.77401903137983e-07,-0.132221615632393,-3.73229490655101e-08,-5.49593855276849e-10,1.93218834565403e-16,6.04326794202727e-16,8.55702646036677e-16,1.10182499577878e-16,2.16503079358786e-10,-0.000522643605871816,-7.63781882884645e-16,4.31973773385739e-16,3.08990466772497e-16,7.03715999022964e-16,5.97509427670121e-17,1.47691717709478e-17,1.17398675695929e-16,-2.37472919411344e-17,-1.14041918425624e-17,-7.33443268432341e-16,2.03349557488187e-16,1.27852031926379e-16,-3.7777015594047e-16,-1.13704531858237e-16,1.92010489893771e-16,2.50338845652057e-08,-9.63547066280774e-17
"t70",-0.170183146420249,0.0511693909527005,-0.017438590136576,0.00661088027177037,-0.007853988277326,-0.193420327053506,0.00345785769814833,-7.40608029119807e-05,0.0030460030839752,-0.000563034177422317,0.00211442384121463,-0.00304043800992432,0.00028023521123245,-0.0134326530564187,0.00898522958323753,-0.0172595306660892,0.092363501798617,-0.00386485448722028,-5.04999917937438e-08,-9.28108313959881e-08,0.00154059965689206,-0.00332860091971619,0.34186421223854,-0.00663146299219979,0.000462333692250695,-0.14177752118512,-0.149487395783377,-0.000114310635487086,1.05306376636043e-05,-7.25867232474059e-06,-0.000341174959196611,3.86640355363832e-05,-0.0577298853545389,2.76548086297553e-16,-0.000589428979803724,0.000454209725605316,-0.000523245672036699,8.22164944359904e-06,8.95031868187275e-06,9.06394748662422e-07,0.00225725586027423,-3.08454115241068e-08,-6.8941171311847e-05,0.00329553264879093,-0.151950813663145,-0.150577021928594,6.70760509976635e-16,-0.000156874828616955,-0.00325694499443758,6.18733164102867e-05,-0.00314679127985704,-0.0473087426462722,3.65083306120754e-16,7.53682613602237e-08,2.33310237022686e-06,4.58073980806107e-06,-1.47391324965122e-05,-7.43514130277963e-05,8.20011888266604e-16,6.0319806330512e-06,3.1171118199811e-05,-1.10936553501451e-06,-1.15405117607577e-05,-5.61326460321015e-05,-9.81266561127085e-06,4.94032936838012e-05,1.58945659973655e-15,4.44043753717463e-05,-0.000203233704266078,0.429456516020827,-0.000614005074101736,-4.73069209195036e-06,-4.44889034924133e-05,9.29038396000427e-07,2.26039829966199e-06,0.00476060463721508,-1.2809014024791e-07,-0.000645632509539454,-9.51315622039692e-07,-5.79695402205735e-11,5.96882968703868e-08,6.47694308093477e-08,-9.96123109205002e-08,-0.707106781186547,-3.22452933791215e-05,1.48579382304155e-06,1.77401909216684e-07,-0.132221615632408,-3.73229470896465e-08,-5.49593113517921e-10,-3.83309528723423e-16,-4.50508473862694e-16,-8.86217224809285e-16,-2.34977696603272e-16,2.1650268363934e-10,-0.000522643605870482,6.7193333500396e-16,-3.10315943942302e-16,1.95759489554334e-16,-4.44751863351854e-16,-2.73159854362586e-16,6.5798962173244e-17,1.64097573956877e-16,-2.82129540870478e-17,6.03236599763272e-17,-1.37722319489342e-16,1.01030881564588e-16,-4.07447468140339e-16,3.39701955336038e-16,-9.84207802361052e-18,-1.93791196629997e-16,2.50338845318184e-08,1.9398595640026e-17
"t54",-0.169316988897229,0.0507984181737428,-0.0171887896518069,0.00650193634311966,-0.00772134268020323,-0.188998604687472,0.00337369598027615,-7.21809980596452e-05,0.00293540597373132,-0.00054215036597597,0.00202481890303824,-0.0028751286445583,0.000263841597678774,-0.0125688457968119,0.00833940024773952,-0.0159718845142172,0.0851278247369343,-0.00351740185406644,-4.55084802084634e-08,-8.34962636868885e-08,0.00134940596010344,-0.00287914919831059,0.293187248924063,-0.0056771024433038,0.000393282744703809,-0.120454066450666,-0.126594404642868,-9.59290829854464e-05,8.64550113147296e-06,-5.95129604599124e-06,-0.000275708571926991,3.11667140058865e-05,-0.0448244133251581,3.18329890556058e-16,-0.000443515067929614,0.000339491250386067,-0.000387885387660235,6.00107801567665e-06,6.49953992992551e-06,6.54204401753225e-07,0.00152719715758393,-2.05978088298432e-08,-4.54379155771303e-05,0.00205990458472587,-0.0907365847411649,-0.0892334165199735,-1.95091415274409e-16,-8.60552604334073e-05,-0.00170682336317199,3.00130702766666e-05,-0.00148476940607029,-0.0205567143526364,4.59490611039142e-17,2.80379940932845e-08,7.73636125009792e-07,1.4836089090144e-06,-4.37472754767805e-06,-2.0434355363981e-05,-4.28945477180863e-16,1.48582002986722e-06,1.74612034010632e-06,1.51838791918456e-07,1.89306219411638e-06,1.7770654050564e-05,3.14496816324929e-06,-1.98981032466152e-05,-2.1265075827346e-15,-2.78043134491861e-05,0.000262183766668603,-0.737621932894308,0.00105703664384616,1.14654437067029e-05,0.000162465998822137,-4.37407665638168e-06,-1.19197956810976e-05,-0.0267150253710522,9.29596151045241e-07,0.00494115044689165,1.62548046084006e-05,4.2925964659211e-09,7.01488142863999e-07,6.98639540943084e-07,-9.24309340751982e-07,5.2399417845586e-15,-0.000181921098755686,6.40175336973949e-06,7.45438127724957e-07,-0.485884296869644,-1.16515414154915e-07,-1.56653532418276e-09,-7.1820326443324e-17,3.67570978357204e-18,-9.57673072283247e-17,-5.35267855867129e-16,5.46101264103476e-10,-0.00128773774413316,5.91040033054134e-17,4.42512148674578e-17,-1.29748811507592e-16,-1.67999636112297e-16,1.11953125421454e-16,4.06619847895008e-17,-6.44104528329089e-17,1.97944968609722e-16,-2.52503644778747e-16,-1.27276109278049e-16,1.85293896209528e-17,6.29630934921547e-17,7.15005813255973e-17,9.68579487890137e-17,5.9865911473618e-18,4.78211957775844e-08,-1.43633630952193e-16
"t53",-0.168793814759512,0.0505751063368969,-0.0170400905637484,0.00643730598233183,-0.00764270245661228,-0.186401854011177,0.00332438616219788,-7.1081455771658e-05,0.00287183165006721,-0.000530160762989033,0.00197380897268884,-0.00278281684420847,0.000254747823086379,-0.0120941535091867,0.0079888220779651,-0.0152759976363528,0.0812411138430609,-0.00333425623631253,-4.29157561107881e-08,-7.86701156014568e-08,0.00125416676962822,-0.00265932124489283,0.269672304898123,-0.00521725504394406,0.000360315964561048,-0.110291732043096,-0.115734697052957,-8.73223850287042e-05,7.78998491865641e-06,-5.35910351830626e-06,-0.000246653882288436,2.78510336063388e-05,-0.039407277035527,2.81849396635e-16,-0.000384851221712999,0.000293787595570303,-0.000334557382527439,5.14436056640671e-06,5.56050674240102e-06,5.58363818247884e-07,0.00127252762130792,-1.70836637315399e-08,-3.75141909865293e-05,0.00167075718319024,-0.0725395522959367,-0.071171288677809,1.97193094060034e-16,-6.71030951352953e-05,-0.00131439481977052,2.26587862108218e-05,-0.00111343094804128,-0.0151254314535033,3.68345725678287e-17,1.99768821126651e-08,5.39577018134584e-07,1.03047072253296e-06,-2.99385531021303e-06,-1.38116314513936e-05,-1.90220920754697e-17,9.87483576938078e-07,9.00442449157032e-07,9.87172579372054e-08,1.20351684863244e-06,1.03835198731229e-05,1.83442450474303e-06,-1.12140313154735e-05,-8.24816671726299e-16,-1.44539628285038e-05,0.000112102991021289,-0.283491257298629,0.000405871165927251,3.77562038865898e-06,4.27695598538766e-05,-9.80390302080512e-07,-2.47330211283281e-06,-0.00530616930872484,1.52546267419247e-07,0.000777933677672711,1.26309390442638e-06,5.54263906540235e-11,-1.40086176803441e-07,-1.55351510637059e-07,2.50488332773964e-07,-9.00727964319502e-15,0.000107814120009764,-6.86318364950605e-06,-8.54971757806251e-07,0.852660659689174,4.64320524063733e-07,1.67474261641347e-08,2.97213695326286e-16,-3.28515455449675e-16,3.66535718444619e-16,4.58883516763886e-16,5.60592067019225e-09,-0.00978823954951846,2.39891444275491e-16,-1.25062078419476e-16,-2.95681598714435e-16,-3.27681467691463e-17,5.52064864902605e-16,-1.85381275752545e-16,-5.12888114509161e-16,-1.79629774284115e-16,-1.18132046379477e-16,-2.2298154013417e-16,-7.56818943562252e-17,-1.83815374391485e-16,-3.17909089862139e-18,9.59546125900777e-17,8.88357074301909e-17,1.04776650275088e-07,-3.54275807567291e-16
"t35",-0.166530852624237,0.0496021386268485,-0.0163765531469056,0.00614679422881169,-0.00728872564660463,-0.174473620194054,0.00309673569692607,-6.59870627522305e-05,0.00256603144164155,-0.000472333552020379,0.00172324690445985,-0.00231004554217878,0.000207495056597985,-0.00957658882696423,0.00607892400966931,-0.0114478755272392,0.0595727353515096,-0.00226980108753359,-2.73480765866559e-08,-4.9530543819393e-08,0.00062613970699818,-0.00114849814420484,0.103440149836416,-0.00194732205081119,0.000120908444444789,-0.0361910872164841,-0.0356990200359067,-2.19578450803559e-05,8.03146695248355e-07,-5.01267957886539e-07,3.41401709830907e-06,-9.25469614121931e-07,0.0138780224435941,1.99173172760523e-16,0.000256691476509082,-0.000217506992503997,0.000278991364053401,-5.2489048527316e-06,-6.03384212902637e-06,-6.5011306577294e-07,-0.00275632034818314,4.11830918994297e-08,0.00010024889435362,-0.00656621215991868,0.387310108622258,0.399351960276237,3.69894476904531e-16,0.000615962108816673,0.0161438762675573,-0.000467406541559272,0.0280924133000391,0.772723668834946,-2.91857042609555e-15,9.6537489704006e-06,5.18580825118664e-05,8.88115775895633e-05,-0.000200193013602244,-0.000822196627260199,-4.83619658263874e-15,5.4342898173995e-05,0.000138095274057788,-3.41624653363239e-06,-3.41028596496686e-05,-0.00013461857806657,-2.34156988338291e-05,0.000106434311289618,-7.75657923282854e-16,7.34050943937657e-05,-0.000130855444113905,0.0624604798144333,-8.66331679483171e-05,2.71776697746348e-06,7.49956863210777e-05,-2.3918720748633e-06,-6.86280056011717e-06,-0.0157533718673466,5.90739904908141e-07,0.00317697259335512,1.14917617452803e-05,3.15035581538339e-09,5.19317743947567e-07,5.14590144099023e-07,-6.71682586082377e-07,2.49222283074014e-16,-0.000113064865611481,2.60920556054123e-06,2.76885434831041e-07,-0.0318510573772991,1.3021807049573e-07,7.43784439851014e-09,5.6236920013279e-18,5.67970418135413e-17,-1.01109871237158e-16,-1.04943452105005e-16,3.63778520814226e-09,-0.00671650562264629,-1.20411488564649e-16,-2.63907364762511e-17,1.40160122786518e-16,-1.61158754592578e-16,1.39408637966947e-16,3.78065019159122e-16,-1.96102427475381e-16,-7.00569847620263e-17,3.98011658707346e-18,4.31944408788461e-17,-2.66696321546016e-17,2.73977591566028e-17,4.86180401768255e-17,-1.82989465913325e-16,-1.00903490439313e-16,1.09164996330656e-07,-1.95222712440422e-16
"t32",-0.165932066318927,0.0493450409400411,-0.0162019961347385,0.00607047139094416,-0.00719575292888923,-0.171352121842356,0.00303721550412849,-6.46559550226133e-05,0.00248665032465228,-0.000457329413750929,0.00165843583307701,-0.00218859477183087,0.000195384328805791,-0.00893341620663929,0.00559299742850057,-0.0104753257036476,0.054078688992213,-0.00200151958976356,-2.34420193859232e-08,-4.22246645747693e-08,0.000470434700540867,-0.000775725216913187,0.0625527568620549,-0.00114354172808323,6.21906523623477e-05,-0.0180246150313703,-0.0160989837167969,-5.99822629332447e-06,-8.91589615703743e-07,6.76614623394516e-07,6.38162671116604e-05,-7.87189590294862e-06,0.0266387767683032,-3.34302116986529e-16,0.000409626094581322,-0.00033930494248274,0.00042503768413308,-7.72034334850969e-06,-8.79027970258038e-06,-9.37362888064983e-07,-0.00371752867181593,5.51145333267392e-08,0.000133276923297106,-0.00857541320869705,0.502331287534293,0.517674098281665,-3.57513838815762e-15,0.000802208088083407,0.021316910603094,-0.000659688814772732,0.04211195675485,-0.63066144969336,1.92653202646682e-15,9.83163734487926e-06,5.54220851605768e-05,9.53818400940649e-05,-0.0002176693809177,-0.000899744031745642,4.33911500640643e-15,5.98023221032645e-05,0.000153497274936316,-3.79003273710517e-06,-3.78140050926769e-05,-0.000148721082353025,-2.5865924889441e-05,0.000117289995417182,1.1374786050728e-15,8.02449304170179e-05,-0.000134958386925038,0.042783380006833,-5.81476694498525e-05,3.38326503759086e-06,8.77243267608727e-05,-2.76521553054291e-06,-7.90672359389467e-06,-0.0181206944283971,6.76068082318881e-07,0.00363288152810489,1.30435347728917e-05,3.56095600945213e-09,5.81626588392757e-07,5.75871568203026e-07,-7.50423475258648e-07,2.3891845295213e-16,-0.000124973505496478,2.81591197879736e-06,2.96985950035101e-07,-0.023703791939292,1.51026317345349e-07,8.47863197214913e-09,-1.65708497557359e-16,1.23832862915588e-16,8.39515823417271e-18,-1.73790102492359e-16,4.10127537029926e-09,-0.00756059479157445,2.96224705378716e-17,6.38131245642593e-17,2.22236604554384e-16,2.44013374513238e-16,1.69379468636773e-16,-1.57363504075168e-16,-1.95365941257886e-16,4.59639852760752e-16,-1.3047405856167e-16,1.42272999246847e-16,-9.4615018985285e-17,3.39759997820913e-16,-7.53920739309194e-17,2.61288995973204e-16,6.50530880197753e-17,1.21244127892551e-07,-6.60241124127988e-17
"t116",-0.169422666305016,0.0508427003126522,-0.0172163459921894,0.00651363922634598,-0.00773551772522694,-0.189433913988259,0.0033817986673349,-7.23590542002217e-05,0.00294394212955629,-0.000543733981446221,0.00203076010534681,-0.00288202611498629,0.000264367603439689,-0.0125837462171429,0.00833626224586398,-0.0159541596783723,0.084932970633492,-0.00349059740749283,-4.4854650574217e-08,-8.21727417465697e-08,0.00124997956638383,-0.00225304661205429,-0.462298107209555,-0.0215314611420494,0.000536958770749118,-0.158669315179498,-0.156877821758847,-0.000110270773720278,9.40988673591575e-06,-6.46634742060823e-06,-0.000295264697609682,3.33109678409696e-05,-0.0468159015361323,2.12671500629738e-16,-0.000455099863240915,0.000346945709744195,-0.0003943350424414,6.03618839328346e-06,6.51279351739477e-06,6.52457126632412e-07,0.0014239996299448,-1.88501596581712e-08,-4.07186068759778e-05,0.00164381886876557,-0.0614944015504521,-0.058315608833332,1.66417355803639e-16,-2.6958350342996e-05,1.51958728377491e-05,-2.93199363762037e-05,0.00236197577364543,-0.00161434698638662,-3.71739705757181e-17,1.47935372093945e-06,9.58276366661991e-06,1.68848140767526e-05,-4.15569000955917e-05,-0.000181348066922965,-1.84547805166193e-16,1.28308500221335e-05,4.36499836699404e-05,-1.28006576740616e-06,-1.30257545684891e-05,-5.65022101198034e-05,-9.84947238149951e-06,4.67598689117797e-05,-5.84735038669021e-16,3.56802563131337e-05,-7.60847302225809e-05,0.0159023948405336,-2.05937631968748e-05,3.45221989999072e-06,0.000153622045178041,-1.02873011801406e-05,-6.2195473586258e-05,-0.377069457181327,-2.36635190373484e-06,-0.0102219864475032,-9.54117020906739e-06,-1.39653938195843e-09,-3.43084643908507e-08,-2.48820242174964e-08,1.07961861776917e-08,-1.46585319007527e-15,-1.10645831612743e-05,4.08921227196875e-07,4.4528234528047e-08,-0.00251962726935878,3.51555843779096e-08,2.14076362927444e-09,6.29030360537537e-16,1.43811004683931e-16,1.82587552302377e-16,-3.72395913779707e-17,1.15696765900556e-09,-0.00217808998185542,8.04162795515189e-17,7.86458708396841e-16,-5.49652399819453e-16,-6.15733336062189e-16,-7.35314912661179e-16,-2.60043608936088e-16,3.76887040043605e-16,2.63848958618834e-15,-3.87638797054599e-16,-1.86491587189023e-15,-1.24834665009402e-15,0.707106781186547,-1.6719053466154e-14,-6.44401646271077e-15,-8.64649026765168e-16,4.37641738940101e-08,1.90081534451932e-16
"t117",-0.169422666305016,0.0508427003126522,-0.0172163459921894,0.00651363922634599,-0.00773551772522693,-0.189433913988259,0.00338179866733488,-7.23590541999997e-05,0.0029439421295563,-0.000543733981446227,0.00203076010534683,-0.00288202611498622,0.000264367603439659,-0.0125837462171429,0.00833626224586399,-0.0159541596783725,0.0849329706334919,-0.00349059740749288,-4.48546504652886e-08,-8.21727418674582e-08,0.00124997956638384,-0.00225304661205469,-0.462298107209555,-0.0215314611420493,0.000536958770749122,-0.158669315179498,-0.156877821758847,-0.000110270773720274,9.40988673606711e-06,-6.46634742053538e-06,-0.000295264697609737,3.33109678407901e-05,-0.0468159015361322,4.05029159958087e-16,-0.000455099863240742,0.000346945709744528,-0.000394335042441671,6.03618839327023e-06,6.512793517596e-06,6.52457126878851e-07,0.00142399962994491,-1.8850159566627e-08,-4.07186068759366e-05,0.00164381886876588,-0.061494401550452,-0.0583156088333317,-9.71652200705513e-17,-2.6958350343181e-05,1.51958728375479e-05,-2.93199363760057e-05,0.00236197577364547,-0.00161434698638665,8.10712134986865e-17,1.479353720971e-06,9.58276366641196e-06,1.6884814077296e-05,-4.15569000947408e-05,-0.000181348066922715,1.37117629354763e-16,1.28308500222884e-05,4.36499836700306e-05,-1.280065767623e-06,-1.30257545684839e-05,-5.65022101200324e-05,-9.84947238110746e-06,4.67598689114848e-05,-4.49449831379556e-16,3.56802563132273e-05,-7.60847302225809e-05,0.0159023948405334,-2.0593763196926e-05,3.45221990015075e-06,0.00015362204517845,-1.02873011802959e-05,-6.21954735855901e-05,-0.377069457181326,-2.36635190304626e-06,-0.0102219864475036,-9.54117020925821e-06,-1.39653995938079e-09,-3.43084646196173e-08,-2.48820239669373e-08,1.07961861551403e-08,-9.72572026880655e-16,-1.1064583160858e-05,4.08921227432364e-07,4.45282344653259e-08,-0.00251962726935873,3.51555848620059e-08,2.14076417610705e-09,9.66011614280092e-18,-1.9647790533635e-16,-6.55035218782101e-17,2.77450410090944e-16,1.15696740239862e-09,-0.00217808998185781,-1.96074425136524e-16,-7.23521750956632e-16,6.20961618150117e-16,7.54115212479515e-16,6.01679207656008e-16,2.21241960220301e-16,-3.24581017948429e-16,-2.4341975655137e-15,1.65289508578247e-16,2.0556875688021e-15,1.196404039303e-15,-0.707106781186548,1.66864324391713e-14,6.59140355508407e-15,9.79283407812485e-16,4.37641694324707e-08,-4.17857718726396e-16
"t68",-0.168634502131038,0.0505058768343703,-0.0169912008220976,0.006415671111388,-0.0076162875928024,-0.185484778435714,0.00330675289067542,-7.06847703123292e-05,0.00284663716795275,-0.000525376655710841,0.00195248078446914,-0.0027397181185625,0.000250329871240552,-0.0118497838958656,0.00779333511377089,-0.0148760343918717,0.0789091454462084,-0.00320691758442416,-4.08514099105978e-08,-7.47276535164069e-08,0.00111036439490251,-0.00197962937034102,-0.403194383874599,-0.0187497362691662,0.000465015733376073,-0.137264160770892,-0.135336038371964,-9.4387105984306e-05,7.90448239569369e-06,-5.42565592236187e-06,-0.000244715062765341,2.75494213673481e-05,-0.0375160300846378,1.71950892694651e-16,-0.000355293846062243,0.000269366248014221,-0.000304090320102927,4.5960228627704e-06,4.93818862249945e-06,4.92258348277788e-07,0.00101988208789383,-1.33612331105213e-08,-2.8564895384219e-05,0.00110649939550246,-0.0399720742585494,-0.0376877305844191,4.88550523104477e-16,-1.64489416193334e-05,8.96927419889552e-06,-1.6384098522953e-05,0.00129482774187238,-0.000837008102409424,6.35628901621126e-17,6.9426255125487e-07,4.19622864129409e-06,7.29316505123403e-06,-1.70845702231398e-05,-7.15067820513995e-05,4.5927469906657e-17,4.78121432019611e-06,1.01122222489888e-05,-1.21648116086848e-07,-9.93485109910056e-07,1.52364388529558e-06,2.91259180638676e-07,-3.91617398242707e-06,1.11539191869982e-15,-8.06419802724424e-06,4.64861031936048e-05,-0.0132422624610964,1.71895349324197e-05,-4.00934222647364e-06,-0.000252407178270207,2.04340682511241e-05,0.000133631961869769,0.844468435197762,6.21583985094861e-06,0.0276833573062491,3.72816255460526e-05,7.44843308872327e-09,7.89556884217188e-07,7.62344775990381e-07,-9.47555926769628e-07,2.07462386438063e-15,-0.000131052151738698,2.59427268184832e-06,2.69273789848059e-07,-0.0120123330676615,1.29672539788181e-07,6.92410606715518e-09,-9.63580591354796e-16,1.24463782460183e-16,-2.32736585440113e-16,-1.01802586539143e-16,3.16963960869811e-09,-0.00578699690677123,1.47534970728761e-16,-4.41525093434317e-17,9.6738948983792e-17,3.0230176163347e-17,3.62483778819677e-16,8.82658465761284e-17,2.28078352723504e-16,-1.66929307166287e-16,4.09670676407455e-17,-6.43666601952765e-16,1.7422648545626e-16,3.81892207976871e-16,5.03188624077516e-17,-1.12886719226733e-16,-1.01651974334095e-16,8.51377387793496e-08,-2.38136050727412e-16
"t76",-0.167824490680341,0.0501538485873469,-0.0167422035054483,0.00630538937806627,-0.00748161574526272,-0.180793521138871,0.00321645797956148,-6.86518913940726e-05,0.00271618361260857,-0.000500583087487017,0.00184122253940903,-0.00251083240539296,0.000226701614886358,-0.0105290290284896,0.00672137992831048,-0.0126711301882979,0.0659598044499294,-0.0024849742544362,-2.90239151412526e-08,-5.21210675313855e-08,0.00037648552236863,0.000200523155659341,-0.026499917298399,0.00768965151992965,-0.000699179512238004,0.24791790841036,0.403523721050804,-0.0143246507461033,2.40731663752238e-05,-1.59926347740721e-05,-0.000570451085598889,6.25178012695019e-05,-0.0685168897146334,4.81893607007328e-16,-0.000602473374907635,0.000451916043614664,-0.000504328467660665,7.48740206275335e-06,8.00442890932325e-06,7.9351992004833e-07,0.00157998527507455,-2.05754937779123e-08,-4.37299628117721e-05,0.00164743307610623,-0.0569903830906024,-0.0531334864523269,2.06196376877651e-16,-1.44663556393976e-05,0.000359599440056188,-3.90438806432753e-05,0.00293828488028686,-0.00135559128674626,1.92206359975189e-17,1.53242890780451e-06,9.57544873705181e-06,1.67696842687157e-05,-4.04592096433657e-05,-0.000173948955738926,9.49061360621172e-17,1.20877042671971e-05,3.72345536234046e-05,-1.00499733049681e-06,-1.01158159896437e-05,-4.13765844785412e-05,-7.20224243622647e-06,3.31745011986073e-05,7.21090213069654e-16,2.34034260702346e-05,-4.01241753469565e-05,0.00647529782752797,-8.24121932611545e-06,1.32222952866075e-06,3.86251085774522e-05,-1.48538260034251e-06,-4.86595824844658e-06,-0.0115310934315557,2.17335930433305e-06,0.236110670729921,-3.86372241744162e-07,2.70846055943072e-10,7.43200356255773e-08,7.35338152573622e-08,-9.47577750590265e-08,1.03191965360676e-15,-1.21490184210662e-05,1.0602372247856e-07,8.39246192300361e-09,0.000547836518248052,-4.22655531618005e-08,-5.41703544961784e-09,1.20205294575514e-15,-2.94469444283705e-16,8.60739350659519e-16,-6.40879235503222e-16,-2.21233642539394e-08,0.794239301613235,-1.51197262320156e-15,6.26061981605078e-16,6.51232039185001e-16,2.43325475928761e-16,3.97353958280744e-16,6.19416181639261e-16,2.02128665244922e-16,1.18920164429863e-16,4.72072220965473e-17,2.9553248787473e-16,7.49331550217775e-17,-1.59775167695103e-15,-3.34198177132284e-17,-9.08191087364345e-17,-1.95485639680078e-17,1.15663747895115e-07,-6.01908242584445e-17
"t77",-0.168333067113776,0.0503701894999458,-0.0168845535070933,0.00636702083427203,-0.00755655074603591,-0.183239676707254,0.00326276862860362,-6.96823246685123e-05,0.00277428956881177,-0.000511519761208667,0.00188710122258418,-0.00259077967279805,0.000234457540342865,-0.0109242421955836,0.00700266310426367,-0.0132210343606854,0.0689619063857815,-0.00261427284636524,-3.067941214392e-08,-5.51381853228835e-08,0.000403226280822955,0.000215964469886559,-0.0286466408569374,0.00831895009526859,-0.000758456428326269,0.269076845451707,0.438560012325442,-0.0156273916594507,2.6496205303793e-05,-1.76116459530331e-05,-0.00063174436281016,6.93016419320638e-05,-0.0770079430721177,4.67777974107271e-16,-0.000684530428330617,0.000514615770421861,-0.000575860183603755,8.59222921349018e-06,9.20047924767367e-06,9.13836961623227e-07,0.00185461053276309,-2.42392361442528e-08,-5.16992742728749e-05,0.001974237575216,-0.0690360847969894,-0.0644750296343938,2.07854595305207e-16,-1.78437537400791e-05,0.000447476415886328,-4.92504021844672e-05,0.0037231285961323,-0.00173914224113345,-2.03096871343031e-17,2.00551872468898e-06,1.2686647879334e-05,2.22695154044415e-05,-5.41571578334676e-05,-0.000234318226034452,5.03579370221062e-16,1.64140845212235e-05,5.31095615853711e-05,-1.49664491655931e-06,-1.51492516013291e-05,-6.38292208707675e-05,-1.1118504269509e-05,5.19745294524573e-05,1.09458019006431e-15,3.80268414319762e-05,-7.09530872361891e-05,0.0119335170311324,-1.51932637433227e-05,2.57066987135622e-06,8.01660589783634e-05,-3.20634838757059e-06,-1.06819616619261e-05,-0.0255426170473881,4.98700977552812e-06,0.545501913139683,-9.69937607205387e-07,7.28565939925373e-10,2.54069425452808e-07,2.58257625833315e-07,-3.5303767488959e-07,6.8585211560519e-16,-7.05033667340732e-05,1.7981436144913e-06,1.9172851768956e-07,-0.00899156472935625,1.49171133079592e-07,1.06712598531915e-08,-1.01831315754751e-15,1.09371452594451e-16,-6.50867898796035e-16,5.81594821701993e-16,1.9468546454692e-08,-0.584860145062277,9.93872229932063e-16,-5.28246224982474e-16,-6.58167167098135e-16,-2.10993876382663e-16,2.14462161948144e-16,-3.29109374926965e-16,4.74999824738538e-16,-1.84306379821317e-16,-1.2213721853396e-16,-4.63937277367227e-16,1.38801328406809e-16,6.47238751065937e-16,-2.58198284581786e-19,-4.20698098945186e-17,-1.12666444233093e-16,2.47690684085377e-08,-2.70968824536161e-16
"t57",-0.168002108965818,0.0502292871312937,-0.0167915876260788,0.00632673712508943,-0.00750756380841657,-0.181636879722804,0.00323240718904001,-6.90064977063778e-05,0.00273601958959473,-0.000504314444054237,0.00185681410292357,-0.00253775961856981,0.000229305803990762,-0.010661148031029,0.00681487312048756,-0.0128535278081393,0.0669527299670225,-0.00252735977879424,-2.95628478751012e-08,-5.31020996710242e-08,0.000385018964978001,0.000205407780686173,-0.0271749725815308,0.00788729461750595,-0.000717714283780428,0.254528249833339,0.414445009188615,-0.014728184026329,2.4812435921619e-05,-1.64861403796645e-05,-0.000588949635598163,6.45616712136414e-05,-0.0710105172471902,5.6604920544395e-16,-0.0006260647914655,0.000469861177301363,-0.000524688386493728,7.79861778188277e-06,8.3401882826099e-06,8.27158517302377e-07,0.00165355159821678,-2.15485650322245e-08,-4.58285662450408e-05,0.00173059679902406,-0.0599678864603925,-0.0559234782115294,1.15188070515796e-16,-1.52581733092703e-05,0.000379635285451457,-4.12659394180425e-05,0.00310640396988518,-0.00143395423709438,9.96443121888009e-17,1.62120233088224e-06,1.01255584773726e-05,1.7730752315176e-05,-4.27531058158313e-05,-0.000183700796328012,-5.75758299071364e-16,1.27532251016447e-05,3.88508869542462e-05,-1.02863488880009e-06,-1.03192953732657e-05,-4.13105659189394e-05,-7.18633088335821e-06,3.26529785397434e-05,-1.8445599210125e-15,2.20426713403998e-05,-3.09867425124788e-05,0.00410002644305774,-5.20669601757062e-06,4.74268993553434e-07,-9.31970068315802e-06,1.30933760595763e-06,6.20214231980727e-06,0.0176227013258918,-6.49257279160481e-06,-0.803524806010584,1.89207927815942e-05,3.7749538985558e-09,4.58591205441429e-07,4.48227645504016e-07,-5.70816000088385e-07,-1.93205078671772e-15,-8.8384245071526e-05,1.91548803006559e-06,2.00757353189743e-07,-0.00848823451446906,1.17628224858364e-07,7.10373685867404e-09,-5.50398635889844e-17,2.36121523303831e-16,-2.9982452087808e-16,2.15357445323479e-16,7.3061333948402e-09,-0.163900815370222,3.25441037015323e-16,-5.38996594218857e-17,1.03609605170511e-16,-3.93543495437893e-17,-5.24485681369154e-17,-1.26840867363776e-17,-2.97888607048949e-16,-8.89363734622002e-18,-1.41917627028588e-16,2.90194747464913e-16,-1.70054337809708e-17,2.37892605592401e-16,9.01065499804087e-17,1.15226408072822e-16,1.84691957625737e-16,6.38541030894852e-08,-1.5638572683745e-16
"t20",-0.150341817013916,0.0426387049982491,-0.01162063265737,0.00406353307649559,-0.00475011780497208,-0.088805887481539,0.00146116189841811,-2.93763040590415e-05,0.000361993213362373,-5.54568236009467e-05,-8.57278541372586e-05,0.00111456094400672,-0.000135155626662331,0.00870428807049659,-0.00780848749357121,0.0163966097971749,-0.0980759560532654,0.00546430166154794,8.52260518907307e-08,1.60908814886979e-07,-0.00360759511754619,0.00767657142017914,-0.0073463330818622,0.0298631478151889,-0.000680366592843015,0.154368163987883,-0.0630280881539882,0.0250625517553879,-0.000108645053052827,7.47321466269654e-05,0.00369694945312116,-0.000426270862962846,0.945931236129737,-6.45546724906212e-15,0.0164959308319351,-0.0148917883895468,0.0216958923465985,-0.000674855403421274,-0.0010874265378149,-0.000258213894650004,0.0427787473141114,-4.57451706755514e-07,-0.00081644525058153,0.01535869284031,-0.116743601382781,-0.0287229607222169,1.94161029971292e-16,0.000866873497614597,0.0306090928308253,-0.00116823970551501,0.0767437273070231,-0.00118064919743921,-4.58462551591718e-18,2.54230175518205e-05,0.000145584315428834,0.000251443068347744,-0.000580731636532993,-0.00242168107376567,5.08256513742107e-17,0.000162578099671265,0.000433140131405517,-1.08198433942423e-05,-0.000108017963468595,-0.00042503407025489,-7.39197328873571e-05,0.000334704769903306,-4.11956700525131e-17,0.000227000600214855,-0.000346101583379763,0.00666250370967342,-5.21309292729737e-07,1.13111443825688e-05,0.000262237866747186,-7.38154879696739e-06,-1.65198523788598e-05,-0.0059246944265384,2.35053249549163e-06,0.00139714297631043,4.20527900692746e-05,1.12342872222593e-08,1.78201753131785e-06,1.76083093937163e-06,-2.28526172074131e-06,-7.84160853719338e-17,-0.000371666759125783,7.96787799127647e-06,8.29450176702768e-07,-0.00491177975049808,4.85947153803365e-07,2.63802860683244e-08,5.05238335113232e-17,1.17851734644383e-17,-4.25682841090476e-18,8.81400171055683e-18,1.20030666539348e-08,-0.00331358832575918,3.0036915215556e-17,5.14041170228737e-17,1.70535117685096e-16,2.95849268457096e-17,1.58359310290821e-16,2.43705730265374e-17,4.00324163170131e-17,4.07167426609093e-18,-1.24482892680247e-16,-1.24221860575046e-16,3.08851025501452e-17,-8.12123892670685e-17,-1.52776236990802e-17,-2.38841186846509e-17,1.37552363706313e-17,3.6084994934466e-07,2.85952692625221e-17
"t96",-0.143337980724935,0.0394819744396796,-0.00910790194215402,0.00291007559945072,-0.00333194783570659,-0.0342417633469959,0.000384630126912617,-4.71166408823595e-06,-0.00154745319294693,0.000312511650387569,-0.00190294752945251,0.00585642620542338,-0.000671703737117335,0.0432742587228636,-0.0427299222970475,0.0951853220831612,-0.632204107314727,0.0649262440694414,7.11848936149682e-06,-8.9511920255234e-05,0.0127577631273297,-0.0164704104008494,0.00688861725980492,-0.0455833766775978,0.000823607283792262,-0.173834490820969,0.100161026706244,-0.0234095092721256,5.75844080929644e-05,-3.82910560839304e-05,-0.00129975434884012,0.000139928504061089,-0.0746892866810812,5.57184852315739e-16,0.000756423589156403,-0.000992846297084425,0.00195660621710823,-8.71067397526168e-05,-0.000152904623120955,-3.96554219928616e-05,0.0108404764811408,-1.22292983185499e-07,-0.000228264153354487,0.00475927237657103,-0.0226878436248508,0.00955139714788267,5.01421193741653e-18,0.000378198731234311,0.0135675413333503,-0.000536237501261326,0.0356323624126524,-3.34169026211116e-06,-1.62560548207025e-16,1.26609004141624e-05,7.40495846238251e-05,0.000128362714224927,-0.000300060170782816,-0.00126250548096304,3.05693366799537e-16,8.56621829515374e-05,0.00024014608613307,-6.18807250692453e-06,-6.19872682424702e-05,-0.000247837471640439,-4.3117811338921e-05,0.000196579497491474,1.48781017146693e-16,0.000135268798772431,-0.000210685123141575,0.00120333264897635,3.84755268881655e-06,7.0926493113627e-06,0.000165152035475624,-4.6276936050034e-06,-1.01000076668592e-05,-0.00113679977508627,1.51727644429815e-06,0.000270593851313013,2.72431217812966e-05,7.30431569688831e-09,1.17123180477048e-06,1.15841170336933e-06,-1.50632583831669e-06,4.08585126311011e-17,-0.000247320111220195,5.3390422836534e-06,5.56004308198654e-07,-0.001065918758276,3.33605459952402e-07,1.82062725375567e-08,7.50241191094862e-16,-7.49740134305802e-17,-1.03952128848116e-16,1.11809596929273e-15,8.33325678637176e-09,-0.000764379032061224,-3.28581732997398e-16,-9.37871218947359e-15,-0.707106781186548,-3.86921153199051e-16,-3.22688489874623e-15,2.52164245885463e-16,1.90740599608764e-15,4.9597079114533e-16,8.22124280869818e-16,-1.62165980872153e-16,-6.8978657394455e-16,-5.49295419664234e-16,4.85964083405797e-16,3.20473280037091e-16,1.46684360181803e-16,2.6197381720552e-07,5.41618285379573e-18
"t97",-0.143337980724935,0.0394819744396796,-0.00910790194215401,0.00291007559945075,-0.00333194783570653,-0.0342417633469959,0.000384630126912646,-4.71166408824317e-06,-0.00154745319294687,0.000312511650387557,-0.00190294752945248,0.00585642620542344,-0.000671703737117557,0.0432742587228638,-0.0427299222970475,0.0951853220831611,-0.632204107314728,0.0649262440694414,7.11848936159635e-06,-8.95119202551191e-05,0.0127577631273299,-0.0164704104008496,0.00688861725980499,-0.0455833766775978,0.000823607283792315,-0.173834490820969,0.100161026706244,-0.0234095092721255,5.75844080929486e-05,-3.8291056084082e-05,-0.00129975434884033,0.000139928504061037,-0.0746892866810814,4.51721003239505e-16,0.000756423589156324,-0.000992846297084727,0.00195660621710807,-8.71067397525096e-05,-0.000152904623120891,-3.9655421992817e-05,0.0108404764811407,-1.22292983059342e-07,-0.000228264153354548,0.00475927237657123,-0.0226878436248508,0.00955139714788263,-1.38053756523667e-16,0.000378198731234318,0.0135675413333505,-0.000536237501261386,0.0356323624126523,-3.34169026224018e-06,1.2582717989327e-16,1.26609004141334e-05,7.40495846238073e-05,0.000128362714225101,-0.000300060170782629,-0.00126250548096296,-1.8556778624349e-16,8.56621829512759e-05,0.000240146086133389,-6.18807250708894e-06,-6.19872682428614e-05,-0.000247837471640679,-4.31178113382679e-05,0.000196579497492078,-1.81203475056702e-16,0.000135268798772344,-0.000210685123142044,0.00120333264897554,3.84755268822569e-06,7.09264931151075e-06,0.000165152035475541,-4.62769360540314e-06,-1.01000076670856e-05,-0.00113679977508621,1.51727644515364e-06,0.000270593851313408,2.72431217813712e-05,7.30431582575421e-09,1.1712318049458e-06,1.15841170408729e-06,-1.50632583878051e-06,-1.98898350740809e-16,-0.000247320111220362,5.33904228294758e-06,5.56004308227304e-07,-0.00106591875827561,3.33605458528652e-07,1.82062720390956e-08,-8.96008525467987e-16,1.08064229670973e-16,1.48020897390919e-16,-1.16365395035778e-15,8.33325614607838e-09,-0.00076437903206289,3.41327838956885e-16,9.39075854176046e-15,0.707106781186548,4.81269749952007e-16,3.52522893054392e-15,-1.52842404697547e-16,-1.79935392905516e-15,-4.96742427433942e-16,-9.15735001180152e-16,3.61626641791795e-16,7.64305231407737e-16,3.30390243068886e-16,-4.60495431255096e-16,-2.85165811553547e-16,-1.0505635641238e-16,2.61973816584164e-07,-4.09794449353244e-16
"t5",-0.0796089019583529,0.0129442727015494,0.00681243380573732,-0.00369372134476311,0.00461840946751497,0.00488066355707319,-0.00786374233721241,0.000134687974140155,-0.00662919027874055,0.00124733970552481,-0.00518384816682222,0.00831561112997668,-0.000762557840152611,0.0344484812469612,-0.0180643129943338,0.0287336428299679,-0.0921322275077216,-0.0182567311065719,-3.98954355362948e-06,5.4030558567719e-05,-0.013865876429744,0.0186992952121819,-0.00389501727650002,0.0468598840934967,-0.000684946954623297,0.131869524640283,-0.0912885188530482,0.00267700316152126,0.000420588805801225,-0.000343776134176741,0.0320961933363634,-0.00253241850729747,0.051303538821149,-4.06110547758217e-16,-0.00362854652862099,0.0204096054270025,-0.03496324008643,0.00137444738205386,0.00235990378443472,0.000600348293817115,-0.160939665310258,1.83571683237118e-06,0.00346919475416775,-0.0760397380781062,0.301832533147577,-0.25649209640741,4.83145943053699e-16,-0.00707976226927297,-0.162775228340305,0.012578819907695,-0.846231041732569,-0.00437071951275478,6.17987215131566e-16,-0.000350387027826065,-0.0021807461459877,-0.003823392957434,-0.0115441436664544,0.0405974374429006,-5.61631403723037e-16,0.00236562556542121,0.00347932741838472,0.000323946300210495,0.00333221841524033,0.0153177929489848,0.00267397411925871,0.00182904902604403,3.85209409673392e-16,0.00114481993186066,0.025290101738309,0.00384472756679013,-0.000845244801426994,-0.0014775037199845,-0.0559876254096758,0.00231439413228249,0.00616661480079885,-0.00327969160905544,-0.00221037422434099,0.000766471985564513,0.0307577026181824,3.86914103247181e-06,0.000264985877630775,0.000249761423509605,-0.00029652852474824,-4.9059371985059e-16,-0.0337753519436639,0.00056932008241942,5.78098522005175e-05,-0.0024804978810157,2.5090728937977e-05,1.22106138655417e-06,-2.11516694831901e-17,3.37657387099057e-18,1.60125914556972e-17,-3.39699010863045e-17,4.72373021428856e-07,-0.00162189025019321,-2.29985791064565e-17,-1.71503116109051e-18,1.09527742502392e-17,1.12395563571183e-16,-2.03084113089145e-16,2.85933102479864e-17,7.25237019960358e-17,-1.68051249804233e-17,-4.42733330441429e-17,4.85492413224588e-17,6.09844900402883e-17,-1.7412952638383e-16,6.14461815580225e-18,4.58888449467123e-17,-4.32107988695513e-17,9.48867172614117e-06,-1.74911429880448e-16
"t104",0.0194381904518784,-0.153029141422823,-0.0637470872202774,0.13350652668347,0.0519241127742179,-0.000425066192994954,0.00403808469834814,0.352174011858555,0.0074367559153335,-0.0349692217892712,0.00314358961419982,-0.01247697396588,0.000384422779159357,-0.0326072340684768,-0.000764673103190366,-0.00086592725940654,0.00103797856861989,0.00468590913401538,9.3653282872818e-07,-1.26828119263768e-05,0.0324273922413674,-0.00469204993668451,0.00111738445855585,-0.0726077525747735,-0.000153370228150608,0.0134163940447995,-0.00709336768248842,-0.013966473826143,1.80529623547932e-05,-1.39844684906533e-05,0.000991851280951195,-0.000113534698323444,-2.1343002836155e-05,-2.06404226965715e-16,5.64850173644452e-06,-0.000530826533782461,0.000139801683665106,-7.18573932481301e-06,-6.73197005554042e-05,-1.56947080827219e-05,0.000641390880301351,1.72493790095097e-08,-1.12909808327685e-05,0.000140204535736162,-0.000228231996120126,0.000195212317846361,2.75585182690441e-16,-3.03223625370847e-06,2.3966087633772e-05,0.000695610744311556,-0.000428646757661515,-6.01034269771426e-06,1.65588791694726e-16,5.77178614306212e-06,0.000380956310325025,0.556269550060462,0.000185701544891826,0.00189170764870844,-2.51796079396579e-15,-1.32148211271464e-05,-9.34908694603942e-06,1.01085219437807e-05,0.00193085889829197,0.00239545396728255,9.50182476590067e-05,-2.166922462285e-06,-1.69256909053463e-16,-1.44528027633262e-06,0.000968030879525628,-3.57906480052961e-06,-3.70394650771764e-05,-0.000451227360429046,-0.00622430246271423,0.0017234389025701,-0.00209563241322746,-4.58923216400953e-07,0.000113274035898338,2.94401489081206e-08,-0.000164944385568435,5.67068368015849e-05,4.02228079657133e-06,3.94017445645408e-06,-5.00832712665251e-06,-2.49364016840792e-16,-0.000716587551635867,1.36935398665945e-05,1.40705090754753e-06,-7.88086735203919e-07,6.55694006618563e-06,3.61300925428497e-08,5.8036677900247e-17,-5.72647035704522e-16,-4.2186378226568e-16,-2.28693606315758e-16,1.49947065837454e-08,-1.23290037151724e-06,-1.20853488884733e-16,-1.73885851519444e-16,-1.94043895152794e-15,-1.37359019350196e-15,4.96863147579016e-15,-8.70349088780468e-15,-0.707106781186547,-3.86901328903849e-16,-1.81154504066798e-16,-4.68666808224345e-16,-4.33820370546418e-18,6.19945929839972e-16,-6.74624180936759e-16,3.04841479247504e-17,-6.50616093003979e-17,0.00161318171227956,1.50854039309547e-17
"t105",0.0194381904518784,-0.153029141422823,-0.0637470872202775,0.13350652668347,0.0519241127742179,-0.000425066192994946,0.00403808469834816,0.352174011858555,0.00743675591533352,-0.0349692217892712,0.00314358961419986,-0.01247697396588,0.000384422779159333,-0.0326072340684769,-0.000764673103190387,-0.000865927259406651,0.00103797856861985,0.00468590913401512,9.3653282866096e-07,-1.26828119265399e-05,0.0324273922413678,-0.0046920499366841,0.0011173844585559,-0.0726077525747732,-0.000153370228150742,0.0134163940447994,-0.00709336768248839,-0.0139664738261429,1.80529623547373e-05,-1.39844684905923e-05,0.000991851280951195,-0.000113534698323564,-2.13430028361099e-05,1.22729659116415e-17,5.64850173633002e-06,-0.0005308265337826,0.000139801683665147,-7.18573932470719e-06,-6.73197005555213e-05,-1.56947080827024e-05,0.000641390880301143,1.72493788749895e-08,-1.12909808327542e-05,0.000140204535736113,-0.000228231996119922,0.000195212317846305,2.96902260667147e-16,-3.03223625367638e-06,2.39660876342196e-05,0.000695610744311265,-0.000428646757661501,-6.01034269738249e-06,2.34373289667533e-16,5.77178614327354e-06,0.000380956310325085,0.556269550060462,0.000185701544891788,0.00189170764870825,-2.4654813617588e-15,-1.3214821127587e-05,-9.34908694607064e-06,1.01085219433867e-05,0.00193085889829203,0.00239545396728249,9.5018247658985e-05,-2.16692246210806e-06,-2.79558785740443e-16,-1.4452802766067e-06,0.000968030879525322,-3.57906480102921e-06,-3.70394650772135e-05,-0.000451227360429668,-0.0062243024627144,0.00172343890257033,-0.00209563241322778,-4.58923216484219e-07,0.000113274035898865,2.94401484857154e-08,-0.000164944385568908,5.67068368016136e-05,4.02228079675936e-06,3.94017445607882e-06,-5.00832712646974e-06,-2.22485101940543e-16,-0.000716587551635617,1.36935398662762e-05,1.40705090803417e-06,-7.88086734537785e-07,6.55694006596746e-06,3.61300929929274e-08,-7.91932064444191e-17,4.71111034697494e-16,4.2306728068072e-16,1.68051073800502e-16,1.49947060102456e-08,-1.23290037110091e-06,2.88409894198364e-16,2.27850677603335e-16,2.12568948511841e-15,1.22717944624819e-15,-4.68956651220927e-15,9.00707401315683e-15,0.707106781186547,5.60361723737539e-16,4.1952213433627e-18,-2.79382364580559e-16,4.51500265634548e-17,4.26342746301336e-17,5.81244992625607e-16,6.00496284949614e-18,2.32413635720395e-16,0.0016131817122808,-4.45515209325144e-16
"t124",0.0195744055641303,-0.15456456596058,-0.0650325441712286,0.136619946806104,0.0531663283792212,-0.0004390345843886,0.00417988460480318,0.36510409003709,0.00783826516670202,-0.0369017684115152,0.00334480400040786,-0.0135345269529558,0.000419873314714141,-0.0359654865933472,-0.000854569870438106,-0.000972407096446269,0.00117343405323477,0.00541163617930573,1.10032790992618e-06,-1.4945482472134e-05,0.0401384462810405,-0.00595108126206211,0.00144166647589304,-0.0940195658865761,-0.000201219403567051,0.0176472919243407,-0.00939366999632567,-0.0188577231899156,2.56024970296358e-05,-1.98943331713762e-05,0.00146048813601343,-0.000168209022055736,-3.4891468854166e-05,8.8120763921173e-17,1.0140215521523e-05,-0.000973631904196026,0.000263507452324674,-1.4295352054829e-05,-0.000136452986433101,-3.25461765964033e-05,0.00177869510818365,5.14672772378809e-08,-3.64937923649639e-05,0.0006931548284555,-0.00215181766594211,0.00217730061664428,-1.62835152139218e-16,3.67734373217399e-05,-0.000126509765310312,-0.00183320313186512,0.000951928000781961,8.96598943743269e-06,-1.07619014188788e-16,-5.13577755638719e-06,-0.000255031343374441,-0.353606990411668,-9.8845564124192e-05,-0.000874639457577375,1.59747496428704e-15,5.09884137330635e-06,8.71564910479017e-07,4.25861370338416e-07,0.000107077861218257,0.000275629734843741,1.10529388712734e-05,-3.04327413033767e-07,1.22062167893376e-16,-2.73344277920695e-07,0.000256095125928486,-1.03740338255887e-06,-1.0743067978326e-05,-0.000142473019870926,-0.0021166764985763,0.000606467146864829,-0.00074700431766258,-1.6465670846233e-07,4.15991791065112e-05,1.08566601056403e-08,-6.34807591125188e-05,2.24288736060384e-05,1.69211837930362e-06,1.66567084479679e-06,-2.13779562695363e-06,-8.59909492191416e-18,-0.000320047685385615,6.34264199764895e-06,6.54292336993586e-07,-3.74919501583415e-07,3.22050143896355e-06,1.80966260167096e-08,3.4266442882519e-16,-3.348282071968e-17,-4.21383196353804e-17,-2.91087138923578e-16,7.71409957390712e-09,-6.37303868317174e-07,1.90685911679448e-17,1.62073214528601e-17,-2.5235722467758e-16,1.74633765995273e-16,6.9400435956985e-16,-2.78092278118695e-17,6.98199660029483e-16,2.0504416478657e-16,-6.29591584375433e-17,6.37919893484397e-16,6.98664015909861e-18,3.08083375149928e-15,-7.32937135109818e-17,-1.92076967420469e-16,-1.79068389724111e-16,-0.81771819241513,-2.28757662895254e-15
"t125",0.0195771283572486,-0.154595120846566,-0.0650577540503457,0.136680735323279,0.0531905617743288,-0.00043930375049319,0.00418260873354604,0.365351958088369,0.00784579095186997,-0.0369379333264457,0.00334852875640213,-0.0135536274588862,0.000420508184792415,-0.0360249159064217,-0.000856136216346528,-0.000974252031678139,0.00117576313494926,0.00542382231767635,1.1030283298759e-06,-1.49826701419976e-05,0.0402591538787085,-0.00597035259842088,0.00144655554835974,-0.0943413708144483,-0.000201930539315392,0.017710036149068,-0.00942759136585077,-0.0189287221850866,2.57080375139682e-05,-1.99767640715624e-05,0.00146686720665301,-0.000168950128265406,-3.50641230684942e-05,1.03114035078905e-16,1.01946432819466e-05,-0.000978941079757371,0.000264971589119138,-1.43774903315059e-05,-0.000137245378874185,-3.27375173428639e-05,0.00179041088977311,5.18130638002013e-08,-3.67436671881087e-05,0.000698238002713878,-0.00216841640329221,0.00219422720451201,-2.62647767416189e-16,3.70800967535449e-05,-0.000127602568949989,-0.00184987196474255,0.000960725305053485,9.05248320983917e-06,-1.5313231436453e-16,-5.18858487096887e-06,-0.000257751655774987,-0.357403915563022,-9.99310873019896e-05,-0.000884413080959601,1.62809137325808e-15,5.15705298247474e-06,8.82759228826302e-07,4.31832720650636e-07,0.000108595180514516,0.000279746787832325,1.12182379452055e-05,-3.08991423669802e-07,1.26276549379047e-16,-2.77775459904539e-07,0.000260734594645314,-1.05708863795337e-06,-1.09469987905776e-05,-0.000145326017671659,-0.00216158630989913,0.000619742385082464,-0.000763564010450583,-1.68331021316304e-07,4.25507561140221e-05,1.11061555091441e-08,-6.50170389005465e-05,2.29924979406006e-05,1.739219923784e-06,1.71247135846849e-06,-2.199026266463e-06,1.79577731363774e-16,-0.00033021772370119,6.56667725305784e-06,6.77706311440508e-07,-3.89505233372445e-07,3.36583674312002e-06,1.90179003205006e-08,-9.90057859678937e-17,1.57362845719788e-16,4.32286605779368e-17,7.7037700064442e-17,8.21481392265362e-09,-6.81404013491704e-07,-1.82102827219613e-17,-1.30395308105348e-16,3.66424506487288e-16,1.52141984978357e-16,6.23918831591484e-17,-1.03815092263987e-16,-2.46696764008089e-16,-2.34123039567103e-16,-1.49665512767333e-16,2.58303917415167e-16,6.24700559526154e-17,-1.94384927331218e-15,6.08512828716935e-17,-4.17730955015539e-16,-1.60091181523128e-16,0.40702070958993,0.707106781186548
"t126",0.0195771283572486,-0.154595120846566,-0.0650577540503457,0.136680735323279,0.0531905617743288,-0.000439303750493184,0.00418260873354604,0.365351958088369,0.00784579095186996,-0.0369379333264458,0.00334852875640213,-0.0135536274588862,0.0004205081847924,-0.0360249159064217,-0.000856136216346521,-0.000974252031678118,0.00117576313494926,0.00542382231767607,1.10302832986115e-06,-1.49826701419872e-05,0.0402591538787086,-0.00597035259842094,0.00144655554835956,-0.0943413708144485,-0.000201930539315344,0.0177100361490681,-0.0094275913658507,-0.0189287221850866,2.57080375140259e-05,-1.9976764071508e-05,0.00146686720665298,-0.000168950128265457,-3.50641230683901e-05,2.3693084621516e-17,1.01946432821409e-05,-0.00097894107975724,0.000264971589119256,-1.4377490331393e-05,-0.000137245378874148,-3.27375173427681e-05,0.00179041088977316,5.18130636183088e-08,-3.67436671880658e-05,0.000698238002713764,-0.00216841640329223,0.00219422720451194,-1.67367823391509e-16,3.70800967535324e-05,-0.000127602568949559,-0.00184987196474247,0.000960725305053409,9.05248320986736e-06,-1.38192658288251e-16,-5.18858487084847e-06,-0.000257751655775019,-0.357403915563022,-9.99310873019384e-05,-0.000884413080959545,1.68081477687241e-15,5.15705298242183e-06,8.82759228826302e-07,4.31832720798955e-07,0.000108595180514467,0.00027974678783213,1.12182379449627e-05,-3.0899142380858e-07,-2.24491752796562e-17,-2.77775459661678e-07,0.000260734594645179,-1.05708863756826e-06,-1.09469987906021e-05,-0.000145326017671256,-0.00216158630989943,0.000619742385082198,-0.000763564010450535,-1.68331021122015e-07,4.25507561140211e-05,1.11061551760772e-08,-6.50170389007235e-05,2.29924979403706e-05,1.73921992393709e-06,1.712471358381e-06,-2.19902626627457e-06,1.05956158369123e-16,-0.00033021772370101,6.56667725302206e-06,6.77706310936354e-07,-3.89505233788778e-07,3.36583674314539e-06,1.90179004515824e-08,-1.64177916214416e-16,5.12529076645584e-17,-3.96339720156346e-17,2.66826524611374e-16,8.21481384383628e-09,-6.81404013491704e-07,-1.9799993558707e-16,1.38429674629036e-16,-8.85322596478638e-17,5.03669845138911e-18,-3.33237729859791e-16,5.52535285863135e-17,-8.91723693354218e-16,-9.57162495738895e-17,4.19229371313262e-17,-5.27413460723752e-16,9.01223987525454e-17,-1.12384349897562e-15,1.20493073531741e-16,6.26164472615507e-16,2.26841632768604e-16,0.407020709589934,-0.707106781186547
"t13",0.0173193020542166,-0.128948967042053,-0.0430231945048587,0.0828755337077906,0.0316893846059156,-0.000191823411437152,0.00165536689447044,0.133929310026982,0.000318995525414221,-0.000584060160070014,-0.000528518209297906,0.00804970365864242,-0.000319428252414398,0.0363237541107538,0.00116742465979258,0.00146271297095085,-0.0019979260263608,-0.0129694478921759,-3.33993051109492e-06,4.71486009268485e-05,-0.22512126521851,0.043530880173184,-0.012712223159849,0.862888754013281,0.00213939839635279,-0.193205798697782,0.111229273992119,0.282531033189655,-0.000804609303249947,0.000663706953252849,-0.125230513957677,0.0192050727690713,-0.00126698974808703,1.16638654572061e-16,0.000199514577191163,-0.0176350469917652,0.00436387234736368,-0.000205577059727359,-0.00188422215580134,-0.000429593606977317,0.0166221388154808,4.56715057629353e-07,-0.000308627704739949,0.00495512078411479,-0.0135937135742445,0.0134895374363197,-7.23052824952471e-17,0.000188821370527424,-0.000582648868026017,-0.00696796192802528,0.00336091214733452,2.47147079731006e-05,-7.69363008653415e-17,-6.90102563211756e-06,-7.27391183245793e-05,-0.0228688111607378,7.60371442521876e-05,0.0013365807768689,1.80993631877303e-16,-1.35268729412e-05,-1.9988475762454e-05,2.61070579058095e-05,0.00506522363325107,0.00670012837927277,0.000266102789504058,-6.21199927175464e-06,-5.47630130043488e-17,-4.32525066185532e-06,0.00306381529408899,-1.15096576136162e-05,-0.00011912620784357,-0.00147272589442754,-0.020570965561688,0.00572780510136055,-0.00697920909170452,-1.52996661584304e-06,0.000379017829237227,9.85707263694013e-08,-0.000555817679580524,0.000191832934707855,1.37168190952114e-05,1.34446524017017e-05,-1.71087416883328e-05,-1.04517089427603e-16,-0.00245965524267613,4.71497509255016e-05,4.84619296895253e-06,-2.71842385413806e-06,2.26503362081684e-05,1.24860656728015e-07,-1.34488026423576e-16,1.24603831066883e-17,3.70977118956219e-17,-6.99885398114458e-17,5.18055054710891e-08,-4.25865930902235e-06,1.44706771159639e-17,3.55119610370733e-17,-6.04984812246911e-17,1.58311108975225e-17,1.31838984174237e-16,-4.2270271368903e-19,-8.5868812060852e-17,6.43788472268706e-17,-9.76719913433184e-17,-1.45525342535972e-16,4.24840803663627e-17,1.2490009027033e-16,1.96226928410853e-17,1.01206077171187e-17,-1.89104396657061e-17,0.000173073519997423,-1.2490009027033e-16
"t80",0.019917092830135,-0.158879669771441,-0.0707862351252816,0.153602173131863,0.0602384660564862,-0.000704335459661227,0.0152540944813172,-0.214914791703349,0.0240591224018145,-0.302975148299504,0.000822396846931348,-0.00849923415203587,0.000275167991698608,-0.0243061465088193,-0.000586110642404721,-0.000667695014007484,0.000804969884157032,0.00365347288142384,7.28061499861461e-07,-9.85467108331837e-06,0.0383505749022689,-0.000864819365279809,0.00024242773213513,-0.0147904788717213,-1.92911056999262e-05,0.00141869963294525,-0.000323272144282623,0.00266423404943141,-2.90506528876137e-05,2.49372906797806e-05,-0.00655866383933442,0.00105158740956396,-0.000107990265506658,-3.88028560604886e-17,2.10153082631157e-05,-0.00192489572183687,0.000496030569049306,-2.50136013759167e-05,-0.000234016177269629,-5.46115782821428e-05,0.00256402504381293,7.26559029010931e-08,-5.05389159881755e-05,0.000898372451067032,-0.00265350543699678,0.00266344047127524,7.90439176658371e-17,4.14792250355277e-05,-0.000136049531400798,-0.00480267858470931,0.000785527817888385,6.5818374758342e-06,-2.80200786564436e-18,-2.06531955713419e-06,-2.01506450530781e-05,-0.00146891582299934,2.98113756657665e-05,0.000533601045901924,1.90735468163359e-15,-5.69929675542976e-06,-1.51428232075673e-05,0.000143451703623174,0.404328257167676,-0.00707102146389313,0.00160138981381599,3.74203200603079e-06,-3.23976073986698e-15,1.16052483842884e-06,-6.24083616493614e-05,-9.39056877544489e-07,-9.8597112560891e-06,-0.127228670546333,0.00183450706762631,-0.000163937292923203,7.45258818171769e-05,2.96776968798651e-09,1.13224360423915e-05,3.55126133708139e-09,-8.32247612226509e-05,0.335205768038699,-1.89846424597656e-07,-9.73629629249975e-08,-6.92551872581948e-08,-3.98335878171174e-16,-9.91801637344608e-05,2.86833986204947e-06,3.04479592478885e-07,-2.0075838665784e-07,2.00013045284676e-06,1.21148949468574e-08,-0.707106781186548,2.86740808690451e-15,2.01494716659089e-15,4.22003111207909e-15,5.68446127047066e-09,-4.78323349888902e-07,3.53683591367549e-17,3.0419280032573e-16,-6.33716169817777e-16,2.78131818914676e-16,3.10949183068843e-16,-8.27483777972822e-16,-1.77375475418629e-16,5.21362846589918e-16,-1.72225547772222e-16,-2.72157615183437e-16,-2.72640028025061e-16,1.59594559789866e-16,-4.34130895712145e-17,3.01145559623585e-16,5.64023364746905e-17,5.56929609541248e-06,-1.52655665885959e-16
"t81",0.019917092830135,-0.158879669771441,-0.0707862351252816,0.153602173131863,0.0602384660564862,-0.000704335459661225,0.0152540944813172,-0.214914791703349,0.0240591224018145,-0.302975148299504,0.000822396846931334,-0.00849923415203589,0.000275167991698635,-0.0243061465088193,-0.000586110642404715,-0.000667695014007544,0.00080496988415695,0.00365347288142383,7.280614997905e-07,-9.85467108306163e-06,0.0383505749022688,-0.000864819365279809,0.000242427732135437,-0.0147904788717211,-1.92911057000166e-05,0.00141869963294534,-0.000323272144282578,0.00266423404943164,-2.90506528874197e-05,2.49372906798569e-05,-0.00655866383933438,0.00105158740956386,-0.000107990265506719,-1.15547612223081e-16,2.10153082634322e-05,-0.00192489572183685,0.000496030569049458,-2.50136013757414e-05,-0.000234016177269572,-5.46115782821447e-05,0.00256402504381271,7.26559028719909e-08,-5.05389159881202e-05,0.000898372451067109,-0.00265350543699699,0.00266344047127504,5.67814332360984e-16,4.14792250352899e-05,-0.000136049531401228,-0.00480267858470944,0.000785527817888489,6.58183747573142e-06,-1.75710787691497e-17,-2.06531955724195e-06,-2.01506450527344e-05,-0.00146891582299933,2.98113756662486e-05,0.000533601045902092,1.38719255221709e-15,-5.69929675510537e-06,-1.51428232078154e-05,0.000143451703623341,0.404328257167676,-0.00707102146389359,0.00160138981381575,3.74203200525017e-06,-3.11922689410726e-15,1.16052483885905e-06,-6.24083616499078e-05,-9.39056877172391e-07,-9.8597112561952e-06,-0.127228670546334,0.00183450706762674,-0.000163937292923767,7.45258818171769e-05,2.96777106709167e-09,1.1322436041528e-05,3.55126185402899e-09,-8.32247612223233e-05,0.335205768038701,-1.89846424344603e-07,-9.73629635502975e-08,-6.92551871599525e-08,-1.41640171813506e-15,-9.918016373291e-05,2.86833986269673e-06,3.04479592531317e-07,-2.00758387337852e-07,2.00013045592322e-06,1.21148884902547e-08,0.707106781186548,-2.89538054824057e-15,-2.62238863826005e-15,-4.65146659489478e-15,5.68446697450763e-09,-4.78323352089399e-07,5.1869091166263e-17,-3.03889644492818e-16,8.63675450601953e-16,-5.25376186961749e-16,2.17490955800592e-16,6.35444792136915e-16,-1.72171304990698e-16,-2.75768487525324e-16,2.54577312453185e-17,1.33700762592302e-16,1.37591554431273e-16,-2.1163626406917e-16,1.81511019382576e-16,-7.19026006555195e-17,1.30678263243994e-16,5.56929609604739e-06,-3.95516952522712e-16
"t66",0.0198709794957587,-0.158355811493711,-0.0703254529937386,0.152452167865442,0.0597762819035358,-0.000697025527169544,0.0150855690002559,-0.212439017654897,0.0236631398051883,-0.297881529745477,0.000806609615398075,-0.00829019047221358,0.000267889467549572,-0.0235998615829678,-0.00056709083241522,-0.000645212228734493,0.000776520025471997,0.00350548546896123,6.95670181212655e-07,-9.40957701117467e-06,0.0362143640615519,-0.00081247091671293,0.000226966233209654,-0.0138372204601058,-1.80015727791773e-05,0.00132321114664646,-0.00030112368410453,0.00247273186431874,-2.67307597220095e-05,2.29339098232842e-05,-0.00599805702953814,0.000960774346435373,-9.72742660135611e-05,-2.23917779232205e-17,1.87121594055735e-05,-0.00170978382517253,0.000439291725272847,-2.20301263462939e-05,-0.000205730069450464,-4.79073892731569e-05,0.00219994847969669,6.20687914779762e-08,-4.29890914253498e-05,0.000751321978300391,-0.00218824339635699,0.00219141232389447,2.88153808548595e-16,3.33720073225846e-05,-0.000108089049269722,-0.00373927075831602,0.000607378504228205,4.99006046751497e-06,1.79288136732116e-16,-1.51429875941423e-06,-1.44528990967504e-05,-0.00104911897331662,2.09758219276762e-05,0.000370885271293755,9.42880515131044e-16,-3.89842025436387e-06,-9.26682784489416e-06,7.77142832840036e-05,0.215132717990512,-0.00338514103194182,0.000764480579133083,1.68130892701755e-06,-1.25211323142523e-15,4.35527454822893e-07,-1.07911061887562e-05,-5.15968094786171e-08,-5.31340678827229e-07,0.0154980557602087,-0.000706412767594586,9.44004464767844e-05,-4.97020894559328e-05,-2.13158442806394e-09,-1.06302779721721e-05,-3.50057592548442e-09,0.000140997821375965,-0.86636418209306,3.99395672098106e-06,3.76483761415732e-06,-4.48963853687458e-06,2.65488585976525e-15,-0.000542725940011259,9.79140382555291e-06,1.00212789428326e-06,-5.51933677065894e-07,4.54570043491275e-06,2.50355493371895e-08,8.28653416615234e-16,1.98326860871463e-16,3.35932892527257e-16,5.1944673677172e-16,1.0447572388739e-08,-8.6064921177775e-07,-1.8255413834822e-17,1.15411554257874e-16,1.65449251521288e-16,2.88706621363646e-16,6.0281640790194e-17,3.09683969330394e-17,3.61798264958413e-16,-3.67978447530429e-18,-1.17875421861957e-16,-3.78714783464502e-16,1.02011465938699e-16,1.30104260698261e-16,-2.47560765011292e-16,-1.95722244729741e-16,-1.60356266795183e-16,8.14303685016046e-06,-1.00613961606655e-16
"t56",0.0197588357763773,-0.157081327021169,-0.0692029669615327,0.149649593118906,0.0586498495290726,-0.000679190223782903,0.0146742764153858,-0.206395641146807,0.0226945970946422,-0.285421136760288,0.000767952042395415,-0.00777717927231318,0.000250013712030815,-0.0218633920562942,-0.000520263268459312,-0.00058983071712373,0.0007063914380579,0.00313991568051134,6.15521815814923e-07,-8.3079354074268e-06,0.0309036864899792,-0.000682066116621482,0.000188397308094762,-0.011458626206854,-1.47806288463203e-05,0.00108465713255556,-0.000245762960026011,0.00199338064536274,-2.09039775139911e-05,1.79010633076659e-05,-0.00458660019676153,0.000732044622487921,-7.01331211422221e-05,3.00627508567486e-16,1.28523362671739e-05,-0.00116196277561467,0.000294628527745556,-1.44069303642914e-05,-0.000133403966031421,-3.07507717676353e-05,0.0012602005204962,3.46956111722931e-08,-2.34364290206458e-05,0.000367998121806053,-0.00096889360107208,0.000953248660044533,-4.440222436122e-16,1.19243703729056e-05,-3.37669482419383e-05,-0.00089105477045765,0.000128989261904214,6.84211636241229e-07,-4.40847518027613e-17,-5.24287421908238e-09,1.27716527839016e-06,0.000111619893306041,-3.5870535181214e-06,-8.34633402571905e-05,-1.42684344808967e-15,1.1590726229744e-06,7.88918213574319e-06,-0.000122146894704857,-0.363419567946263,0.00826395045183806,-0.00188280803663699,-4.95625893812829e-06,2.59938496536323e-15,-2.02037096432624e-06,0.000194742732887921,3.91511891298466e-06,4.12109396388548e-05,0.808320304149148,-0.0241616268885282,0.00519063279939837,-0.00589285246479301,-1.25139382193586e-06,0.000281861445897235,7.22724805436031e-08,-0.000376488542485148,0.151328114589489,6.46329405486606e-06,6.30356653693375e-06,-7.93474636266317e-06,-7.67615138119737e-16,-0.00107830005167571,1.97770709164265e-05,2.02341941656874e-06,-1.10591711078439e-06,8.9018578687916e-06,4.80766044458102e-08,1.66902022412782e-16,1.84725791255292e-16,8.46177564535471e-17,5.71595410269064e-17,1.93860809067447e-08,-1.58479132698398e-06,1.83550383992881e-16,-1.63630575082304e-16,-4.27175655959289e-17,-7.27041365385736e-17,1.43223106985335e-16,4.27853427966787e-16,2.01119502996061e-16,6.49295959210434e-17,-2.19442756799414e-17,7.37670405851929e-17,3.78272059700226e-17,-2.30718222304915e-16,1.64814273927456e-16,-7.33063097156167e-17,-4.56625285249409e-17,1.34767390865143e-05,-9.19403442267708e-17
"t52",0.019754850144839,-0.157035331263136,-0.069160430380599,0.149541843052163,0.0586064235645207,-0.000678475271800791,0.014657632479982,-0.20614945603611,0.0226523993425481,-0.284875719811117,0.000766206589420082,-0.00775239952276046,0.000249130750206142,-0.0217749434563114,-0.000517783463447067,-0.000586857443127216,0.000702556084569279,0.003118780168147,6.10692720772904e-07,-8.24110141353813e-06,0.0305466381359902,-0.000672899264908457,0.000185605896340508,-0.0112854462712692,-1.45411374469341e-05,0.00106684831835904,-0.000241586746886399,0.00195616692330875,-2.04208585330348e-05,1.74821573586347e-05,-0.0044642351664153,0.000712078228851772,-6.75228789030881e-05,-1.26394021534752e-16,1.2245658365224e-05,-0.00110439275698562,0.000279149496529241,-1.35639344007759e-05,-0.000125320497768626,-2.88092197512925e-05,0.00114005924155371,3.11159786720136e-08,-2.0822483158385e-05,0.000312290703222696,-0.000779701941345492,0.000759130119883541,-7.17268967088887e-16,8.21598630803726e-06,-2.02271241669231e-05,-0.000328802921039747,3.201348147502e-05,-2.5476884962588e-07,-1.55610047842504e-16,3.64760389797032e-07,5.42560796620784e-06,0.000421953719183884,-1.04735083224602e-05,-0.000215776061241339,-2.82681568101747e-15,2.70521946718117e-06,1.50368998466596e-05,-0.000234556733157521,-0.702790550777902,0.0169370927647608,-0.00386609443321552,-1.0632074258586e-05,5.24640157047572e-15,-5.10804393470454e-06,0.00302965134823748,-1.35841909637357e-05,-0.000141004746192907,-0.559972088580307,-0.000240411630491536,0.00101469303370342,-0.00148844940843945,-3.4946919292623e-07,0.000102541882688132,2.72624429663304e-08,-0.000182213411035367,0.0422146856211559,4.57019715372775e-06,4.4963963865487e-06,-5.75736845872394e-06,-3.7501197893558e-16,-0.000840099856352154,1.61401279674477e-05,1.65879310492516e-06,-9.29163329081045e-07,7.7100348817843e-06,4.2353030052602e-08,-3.4007505098913e-16,-2.96300613555287e-16,1.97960348093989e-16,-1.12815141998339e-16,1.74673749790001e-08,-1.4340341939468e-06,-2.33559232931816e-16,1.03705026638158e-16,-9.35056611132967e-17,1.70514106738479e-16,1.55935377457728e-16,-1.89878428345651e-16,-4.02401636317995e-16,-1.11043246966329e-16,-6.70796628328709e-17,-1.9647691541216e-16,1.47791505772835e-16,-1.50704101975485e-16,-3.16520901603668e-17,1.08872725160556e-16,7.69971625010257e-17,1.27397827413239e-05,-1.53956708492942e-16
"t27",0.0185986682588031,-0.143480328031023,-0.0557297201985475,0.114555289022369,0.0444240923639963,-0.000418445487690792,0.00838398248167791,-0.110693889936195,-0.0105690943753734,0.208090309249372,0.00318325150301533,-0.0059876067161052,0.000141189230354056,-0.00670855467689298,2.2798892408735e-05,0.000108744523017376,-0.000279399201364889,-0.00397593212636315,-1.44618423265046e-06,2.15587181190162e-05,-0.595722793773553,-0.0365581795309835,0.0035101668844172,-0.190952508223359,-0.000183763011694127,0.0129093223976224,-0.00264431731730988,0.0173836993586736,-0.000137256508600492,0.000116176738857511,-0.0268800571905784,0.00423020553941101,-0.000354198702426469,-3.52822921441138e-16,6.17784550600905e-05,-0.00555110741417763,0.0013992221656601,-6.79466661697395e-05,-0.000628392805855028,-0.000144727707392128,0.00607181596354307,1.68932504658851e-07,-0.000115503576659079,0.00193401853727707,-0.00548645801085896,0.00547556184927987,-0.707106781186548,8.22763643163482e-05,-0.00027458182567517,-0.044754962380041,0.000470820880417536,8.25460756224364e-06,2.27182851839235e-16,-2.54473644971892e-06,-2.3439477548962e-05,-0.00168730470300651,3.26612255256587e-05,0.00056071719957838,2.81795880485054e-16,-5.64901061477115e-06,-8.57656835409441e-06,1.24937685491687e-05,0.00564470067807921,0.00425162800329566,-0.00619791216263045,-2.59673778470193e-06,2.94230341984574e-16,-1.86653482580484e-06,0.00135209229601767,-5.11576368960633e-06,-5.29518505561969e-05,-0.00140957334120943,-0.00923000852450458,0.00257932741713543,-0.00314702135112781,-6.90345169623158e-07,0.000171431415023332,4.46033239301369e-08,-0.000252678048458692,0.000263893429342396,6.29974362760519e-06,6.17861999091814e-06,-7.87241524607867e-06,-2.36789754470834e-16,-0.00113888941884903,2.19530333758955e-05,2.25782647237199e-06,-1.2713572755986e-06,1.06559303723031e-05,5.89822337903923e-08,2.69933399065453e-16,5.93187253809704e-17,-2.43480601775464e-16,1.72093215900569e-16,2.46373810790921e-08,-2.02832950108207e-06,-8.0362582113948e-17,6.1523994112535e-17,1.3986208025063e-16,1.33623745264014e-16,-3.68628738645072e-17,1.13123222158169e-16,-3.03576608295941e-18,-1.81221264336551e-16,-7.56774496652202e-17,-2.27853556877301e-16,-1.54875234648698e-16,3.46944695195361e-17,-4.72855375848708e-17,-2.49811673891536e-16,-2.27165552403574e-16,1.87087774166164e-05,2.77555756156289e-17
"t28",0.0185986682588031,-0.143480328031023,-0.0557297201985475,0.114555289022369,0.0444240923639963,-0.000418445487690772,0.0083839824816779,-0.110693889936195,-0.0105690943753734,0.208090309249372,0.00318325150301529,-0.00598760671610522,0.00014118923035408,-0.00670855467689296,2.27988924089377e-05,0.000108744523017397,-0.000279399201364969,-0.00397593212636325,-1.44618423304126e-06,2.15587181190907e-05,-0.595722793773553,-0.0365581795309836,0.00351016688441694,-0.190952508223359,-0.000183763011693828,0.0129093223976224,-0.00264431731730974,0.0173836993586737,-0.000137256508600336,0.000116176738857466,-0.0268800571905784,0.00423020553941093,-0.000354198702426473,3.74346030456502e-16,6.17784550602223e-05,-0.005551107414176,0.00139922216566139,-6.79466661677426e-05,-0.000628392805853357,-0.000144727707392246,0.00607181596354304,1.68932504990562e-07,-0.000115503576650092,0.00193401853727597,-0.00548645801085819,0.00547556184928434,0.707106781186547,8.22763642853819e-05,-0.000274581825675226,-0.0447549623800447,0.000470820880417666,8.25460755839256e-06,-3.56551185532444e-16,-2.54473645103285e-06,-2.34394775484228e-05,-0.00168730470300667,3.26612255242076e-05,0.000560717199578812,1.49518803950861e-16,-5.64901061681292e-06,-8.57656835413431e-06,1.24937685486992e-05,0.00564470067807777,0.00425162800329481,-0.00619791216263193,-2.5967377850003e-06,-2.29785044692647e-16,-1.86653482651088e-06,0.00135209229601667,-5.11576369047542e-06,-5.29518505567797e-05,-0.00140957334120931,-0.00923000852450487,0.002579327417135,-0.00314702135112745,-6.90345170452356e-07,0.000171431415023967,4.46033239596272e-08,-0.000252678048459302,0.00026389342934253,6.29974362738368e-06,6.17861999061776e-06,-7.87241524604477e-06,-1.36175792864179e-16,-0.00113888941884893,2.19530333746736e-05,2.25782647188978e-06,-1.27135727577207e-06,1.06559303714109e-05,5.89822334158284e-08,-2.90245821342618e-16,-4.87461805580875e-17,1.95396199612788e-16,-7.05659851014927e-17,2.46373807860841e-08,-2.02832950111417e-06,5.67452752318498e-17,1.70768200336621e-18,2.60208521396521e-16,-7.5995659326131e-17,2.55004350968591e-16,-7.07252543034093e-17,-1.60461921527855e-17,1.53504156681068e-16,-4.79533108241038e-17,2.22075098111132e-17,1.67435278344662e-16,-2.84494650060196e-16,9.61472117227826e-17,2.43501170185395e-16,2.51378098287468e-16,1.87087774161654e-05,-1.94289029309402e-16
"t87",0.0195347848274755,-0.154107024140405,-0.0648773286912068,0.137022771039723,0.0534194501418566,-0.000547047417387407,0.0112124976826459,-0.150511410617281,-0.0176874303845809,0.354515866174724,0.00620812865519846,-0.0184858145227609,0.000562300398946237,-0.0477072200142357,-0.00114127404210995,-0.00130717204645117,0.00159685114635737,0.00786029006002084,1.75150941239739e-06,-2.42992363764429e-05,0.258109880609416,0.0103778187809105,-0.000729935954967005,0.0370460299907191,2.72842124870367e-05,-0.00181205623462918,0.000317445886445972,-0.00120459992177172,-3.49789876811688e-06,3.52377998833809e-06,-0.00209079975018886,0.000360484480455859,-6.28092216390947e-05,8.79546331696413e-17,1.46721138014824e-05,-0.00138305456813886,0.000368127232023022,-1.95965843113768e-05,-0.00018637092797575,-4.43162741134019e-05,0.00247018503893671,7.23122571268748e-08,-5.19785969797417e-05,0.00106475048784255,-0.00363893383574863,0.00375509225640333,-1.45743331773912e-15,8.51113826347977e-05,-0.000408832080381144,-0.328238102559381,-0.00646559003110377,-1.05707615693073e-05,-3.06795903300578e-16,9.22600131700786e-07,4.23792836555081e-06,0.000263494568637265,-2.75476981041137e-06,-2.13020039648987e-05,9.20434666737862e-16,-6.66515818630725e-08,-2.04540553112517e-06,7.14822875667539e-06,0.00378720408200446,0.0740234779172475,-0.329145248143631,3.09144204493905e-06,1.22247577003289e-15,4.60292399306894e-07,1.56266053356752e-05,-2.74795724390653e-07,-2.85929722714434e-06,-0.000124830008967604,-0.00107344500551014,0.000331520967453552,-0.00041877509079169,-9.34413200565087e-08,2.45921594519726e-05,6.4623532393393e-09,-4.03045049709189e-05,4.45397217740288e-05,1.19471672749516e-06,1.18196169720169e-06,-1.53187014497851e-06,-4.68809019382732e-16,-0.000239342257330924,4.8954826896438e-06,5.06684009393856e-07,-2.9591711743493e-07,2.61094776038695e-06,1.4930027392722e-08,4.39138136264989e-15,3.25742338020271e-15,-2.27722260701449e-14,0.707106781186548,6.54934628231071e-09,-5.44703024204715e-07,5.78410447920209e-16,5.39456074959298e-16,1.17614251671228e-15,-1.74294664651693e-15,8.70831184940357e-16,2.77735294956436e-16,-1.64365049348802e-16,2.65404643187695e-17,2.61872923270265e-16,2.81667254082262e-16,1.85983590792139e-16,-9.0205620750794e-17,1.77932035856832e-16,-1.35919205894321e-16,-6.38065050270268e-17,5.728379972883e-06,-4.16333634234434e-17
"t88",0.0195347848274755,-0.154107024140405,-0.0648773286912068,0.137022771039723,0.0534194501418565,-0.00054704741738741,0.0112124976826459,-0.150511410617281,-0.0176874303845809,0.354515866174724,0.00620812865519844,-0.0184858145227609,0.000562300398946241,-0.0477072200142357,-0.00114127404210999,-0.00130717204645113,0.00159685114635741,0.00786029006002081,1.75150941275116e-06,-2.42992363764186e-05,0.258109880609415,0.0103778187809104,-0.000729935954967115,0.0370460299907189,2.72842124870344e-05,-0.00181205623462904,0.000317445886446159,-0.00120459992177172,-3.49789876833437e-06,3.52377998840856e-06,-0.00209079975018874,0.000360484480455778,-6.28092216391155e-05,-5.36156348219303e-19,1.46721138014547e-05,-0.00138305456813909,0.000368127232023147,-1.95965843113014e-05,-0.000186370927975806,-4.43162741133173e-05,0.00247018503893693,7.23122570029025e-08,-5.19785969798053e-05,0.00106475048784259,-0.00363893383574874,0.00375509225640313,-8.36402313339432e-16,8.51113826350056e-05,-0.000408832080381283,-0.328238102559381,-0.00646559003110375,-1.05707615693992e-05,-3.25153098008172e-16,9.22600131680084e-07,4.23792836519931e-06,0.000263494568636974,-2.75476981044e-06,-2.13020039651034e-05,1.44004491419818e-15,-6.66515823123659e-08,-2.04540553076088e-06,7.14822875654594e-06,0.00378720408200472,0.0740234779172475,-0.32914524814363,3.09144204472395e-06,1.43122477153239e-15,4.60292399469958e-07,1.56266053354566e-05,-2.74795724425347e-07,-2.8592972269874e-06,-0.000124830008967889,-0.00107344500551043,0.000331520967454058,-0.000418775090792354,-9.34413204659035e-08,2.4592159451615e-05,6.46235332607548e-09,-4.03045049710404e-05,4.45397217733144e-05,1.19471672710127e-06,1.18196169740671e-06,-1.53187014503424e-06,2.44162329243736e-16,-0.000239342257330924,4.89548268858277e-06,5.06684009230836e-07,-2.9591711649124e-07,2.61094776272464e-06,1.49300260513276e-08,-4.4986893387256e-15,-3.4223519227117e-15,2.28614685030651e-14,-0.707106781186548,6.54934400038605e-09,-5.44703025556065e-07,-5.97493533979054e-16,-5.0686162673033e-16,-1.05688027773887e-15,1.86408356392632e-15,-1.91686944095437e-16,-2.57663435047326e-16,-8.06646416329215e-17,5.62481240239057e-17,-4.14380342711752e-16,-1.6061438745836e-17,7.66772027159692e-18,-2.08166817117217e-17,-1.44173879639736e-16,-1.78842219078297e-16,-4.09945817071958e-17,5.72837997359077e-06,-3.33066907387547e-16
"t50",0.0194265374867077,-0.152889415099308,-0.0638612568709767,0.134551547081971,0.0524319011952764,-0.000533321097204583,0.0109127588008953,-0.14631349150253,-0.016978188597274,0.339988627503165,0.00591676863749164,-0.0173665401505553,0.000525598457494023,-0.0442749568798209,-0.00104917533008393,-0.00119754206410034,0.00145597686329945,0.00706018071273589,1.55465941375534e-06,-2.15243121883101e-05,0.221246605859694,0.00875671344597671,-0.000609271278001302,0.0308517479993901,2.25372537416301e-05,-0.00149441821810288,0.000260710184657231,-0.000977693853757088,-2.7578227406273e-06,2.77325050187832e-06,-0.00161360789419546,0.000277258228512292,-4.58425106731348e-05,-4.25352685176487e-17,1.02295521514466e-05,-0.00095470118167628,0.000250980656519566,-1.30476098905681e-05,-0.000123105509545202,-2.89952693061078e-05,0.00145372508081777,4.16039932056141e-08,-2.92224497547774e-05,0.000542588751694318,-0.00169191982611425,0.00171820595894142,5.71553375782924e-16,3.26721270210487e-05,-0.0001395195128749,-0.0889312336732637,-0.00159256789219939,-1.84755994030693e-06,-1.88328437151114e-16,4.37222041616602e-08,-1.71556762316002e-07,-1.52221033275848e-05,3.30181717961633e-07,3.662360784501e-06,-2.24369397889599e-16,1.61174612631904e-08,1.61349773568006e-06,-1.10148348056741e-05,-0.00632116850024236,-0.187520291697078,0.84239569793101,-9.78610999652352e-06,-2.04218483686853e-15,-2.61018544621405e-06,0.00111518500728658,-3.82276393233807e-06,-3.95422929495261e-05,-0.000972202160508536,-0.00599051519261816,0.00163194443029581,-0.00197289054545646,-4.30808348404754e-07,0.000105295690278945,2.73206167238083e-08,-0.000150633670244965,0.000154801662549616,3.57544474266817e-06,3.49826649882962e-06,-4.43639930838271e-06,-1.3834419720915e-16,-0.000628807779975871,1.19448927347389e-05,1.22668997025267e-06,-6.85081626587702e-07,5.68234163067152e-06,3.12695109124855e-08,-1.03229709731956e-16,-1.36936922555647e-17,-1.63349453493809e-16,-7.18416591791823e-17,1.29644479837663e-08,-1.06590804210827e-06,-2.69650217402739e-17,1.16261590513805e-16,-1.36392633298676e-16,4.23344016444926e-17,-1.31838984174237e-16,-2.83949668415551e-17,2.92734586571086e-16,7.65276265116067e-17,-3.25346072793044e-18,-2.22507084914232e-16,-2.05211648512398e-16,0,2.6211004900235e-17,5.36994172448088e-17,1.60488733706253e-16,9.74104560263339e-06,-2.35922392732846e-16
"t40",0.019248824092996,-0.150886544604871,-0.0621791630251071,0.130452413519074,0.0507931943338002,-0.000510418577991454,0.0104119555393761,-0.139292820244663,-0.0157798073892489,0.315424214266028,0.00542160914846293,-0.0154420942550496,0.000462236986327721,-0.0383152392594123,-0.000888032157012865,-0.0010051913789654,0.00120785937912221,0.00563392742470745,1.20041395124007e-06,-1.65224977964791e-05,0.153040959245004,0.00571967410163195,-0.000381270066845431,0.0191263715692526,1.34935598311041e-05,-0.000888512587133156,0.000152129208731623,-0.000539396863893205,-1.29549315325142e-06,1.2881932504108e-06,-0.000654939808224037,0.000109614061000943,-1.02592400360538e-05,-6.10263732943407e-17,5.82039584395497e-07,-1.74360731688139e-05,-7.7518570527485e-06,1.67621015267124e-06,1.99794984007263e-05,5.90270807902685e-06,-0.00104902754110387,-3.52528344972234e-08,2.86836915488154e-05,-0.000881441912914387,0.00396213392940152,-0.00426092449856151,2.16208008190063e-15,-0.000139927627621322,0.000813750971201233,0.87855122817002,0.01914019262104,4.19276533436905e-05,9.77381876787615e-16,-6.43874843156945e-06,-4.82880420365839e-05,-0.00337335638386232,5.97093576397189e-05,0.000966805016140233,-2.49540832318094e-15,-9.15415262643833e-06,-1.13366536371971e-05,1.65644414334726e-05,0.00766655373527786,0.038974610839601,-0.160817036091963,-1.0311816887737e-06,-1.0298490633888e-15,-1.4827729356813e-06,0.00114590396055255,-4.32477363305345e-06,-4.47629050386686e-05,-0.00118372860369186,-0.00768476849487118,0.00213732015704032,-0.0026027420345689,-5.70382475660602e-07,0.000141120599483439,3.66921227568096e-08,-0.000206339217224095,0.000214413156706697,5.05577677228282e-06,4.95347073300401e-06,-6.29837693036709e-06,-9.75781955236954e-17,-0.000902021281355022,1.72377439545452e-05,1.77116304210273e-06,-9.91645763663562e-07,8.24171161210826e-06,4.53663975064393e-08,4.0332613218173e-17,2.58916615757492e-16,1.23817654208536e-16,-1.95818008773082e-16,1.87877100880249e-08,-1.54394053018814e-06,1.2446578356635e-17,-1.14641988788355e-16,1.84314369322536e-17,-1.22395845307139e-16,1.54390389361936e-16,1.53045346283262e-16,1.6002824065886e-16,-5.55072932017794e-17,-1.27502914216069e-16,2.47513191583074e-16,2.26129621279091e-16,-5.06539254985228e-16,-9.0770535809337e-17,3.34797148379521e-16,-5.50571283336547e-18,1.39116656038274e-05,-2.4980018054066e-16
"t6",0.0143699298028416,-0.0946412230232132,-0.00560782811692625,-0.0540699064821671,-0.0360492967479428,3.65718811600349e-05,-0.0019605674436014,0.000686452903126735,-0.00593354952460389,0.00651237033143909,-0.0054576626091048,0.058373062153931,-0.00139568166852654,0.184801408729178,0.0237446274880858,-0.0158543632070246,0.00340767311135595,-0.00853310319684772,-2.89213447679135e-06,4.118313167761e-05,-0.0608702547531589,0.0271290429588598,-0.00336178187887507,0.16453265122172,-0.000219651438060126,0.0323544886464081,-0.0396609665302874,-0.347397846589318,0.00126867003164455,-0.00117852708913455,0.586842991330698,-0.10561542816022,-0.0175576886530881,-1.20621073835953e-16,-0.000577062655649777,0.474085796291683,0.109696953423054,-0.00201845561435026,0.174861473372109,0.063395812307548,0.0998777041152887,2.73875694835705e-05,-0.00173660036184396,0.0257480086880961,-0.0679181136381914,0.0670635645301765,-7.54218870712421e-16,0.000906065176651068,-0.00275542266448818,-0.0065682446739027,0.0164271123367841,0.000117417557932677,-9.64620012886391e-17,-3.21698486969477e-05,-0.000280733509568468,-0.00457574705127597,0.000409361331215765,0.00697756082292756,-5.579410631032e-16,-7.01283101634167e-05,-0.000109921182491188,0.000154772114933588,0.00880542812657108,0.0886460239125973,0.0179184499032132,-2.58647119031827e-05,-1.45039023213833e-15,-2.67604006957516e-05,0.0248474199331368,-0.000106441573631339,-0.00110294914835508,-0.00756277920128986,-0.305343574892632,0.104654938849795,-0.141241426053993,-3.28367420266776e-05,0.0106095559764576,2.92962280375869e-06,-0.0601355707114455,-0.000624772935154411,-0.000198967024094715,-0.000179535220691299,0.000195680817178729,-2.81892564846231e-16,0.0150363638908537,-0.000182415565036645,-1.78422682671229e-05,7.44849540434966e-06,-0.000379238254448112,-1.51515251515739e-07,7.06454719032978e-17,6.69738381303078e-17,1.46674284555975e-16,1.37307646370315e-16,-3.06092243117128e-08,2.04081417934203e-06,-8.87739821121764e-17,3.24116389871331e-17,2.81458883977237e-16,1.62755578817809e-16,1.40512601554121e-16,-1.09163071149927e-16,-4.46691295064028e-17,-7.08382659578599e-17,3.3843719205901e-17,1.29518113898761e-16,3.75925732118348e-17,-7.63278329429795e-17,5.8078334771156e-17,-3.85618689857277e-17,-4.21732031258888e-17,4.78973248774911e-06,-1.38777878078145e-17
"t7",0.0141071819905912,-0.092180589775852,-0.00532140948098475,-0.0508984237625052,-0.0338830007375057,3.3611470708837e-05,-0.00179180128116543,0.000624883422827991,-0.00517890222561506,0.00566678354335158,-0.00465143361447628,0.0474144004655764,-0.00111467945790406,0.144086525604418,0.0179318857417261,-0.0118343962650334,0.00250301302099426,-0.00595649695981611,-1.93852994608806e-06,2.74113546987927e-05,-0.0361464014733086,0.0152371733826724,-0.0018162797630111,0.0881672759373865,-0.000114272834525222,0.0167354173515042,-0.0202047132316735,-0.169449993941055,0.000554685279544431,-0.000511731401473641,0.236075759411906,-0.0419128558744129,-0.00560078831926047,2.78662421531007e-17,-0.000149035474024056,0.116542687663995,0.0253123132331589,-0.00040981424779746,0.0339317106069129,0.0116318649355836,0.00786716675893908,1.61853315097122e-06,-6.92522537337217e-05,-0.00085791235205291,0.00618568026709698,-0.00672445190556906,-3.77078813392848e-16,-0.000169412811340228,0.000642705449106804,0.00199784369879412,-0.00538028260543292,-4.59684639438547e-05,3.52292697502177e-16,1.58550068372095e-05,0.000155754107258986,0.00259138287489955,-0.000248085488859106,-0.00444781155013562,3.12296126645001e-16,4.74878006865133e-05,0.000100614509728637,-0.000172939076783857,-0.0100663737128777,-0.113280743688385,-0.0229561427898151,3.48412380116996e-05,2.15186750775771e-15,4.03217141571287e-05,-0.0462459841471737,0.00021565715394503,0.00223614718947137,0.0168784469567619,0.754690811601347,-0.273128655878976,0.37679266285141,8.86064887787603e-05,-0.0298799593877216,-8.31667696860137e-06,0.186535011446931,0.00206639666749944,0.000782693081221595,0.000717514023945046,-0.000807900812222375,-6.2525939287239e-16,-0.0740695714838767,0.00107835588567956,0.000107900694450658,-5.22196732217813e-05,0.00349745518300851,1.77470603107067e-06,-5.02941872441647e-16,-2.18497006297407e-16,-2.13228800500561e-16,-5.70765503683902e-16,6.29275065314916e-07,-5.0138093846068e-05,1.69925633609913e-16,-3.56637415866888e-17,-2.1467203015213e-17,1.33054113507366e-16,2.40692882291782e-16,3.37492854838078e-16,1.68159756952502e-16,-8.59931704876642e-17,-1.21118410514235e-16,-4.68441407083624e-16,8.52106164290802e-17,3.12250225675825e-17,-9.12876957054803e-17,1.60119620061619e-16,1.26843031301552e-16,6.77671659820543e-05,-4.23272528138341e-16
"t8",0.0160166177096155,-0.112226085981674,-0.00943813243891484,-0.112174905805809,-0.0787590545513478,-0.000409709200089371,0.00599827922391947,-0.00126259831355866,-0.000855163558772589,0.00115489514227641,-0.00188616157643923,0.0565886408587846,-0.000715005202061838,0.125951240017483,0.0225717974307054,-0.0180513594185121,0.00585953941456319,0.0035057693109747,-3.53976740391016e-07,6.62808439114105e-06,-0.0271355640083351,0.0144109209031206,-0.00201115302798747,0.101100656885945,-0.000150210415808016,0.0226529777389097,-0.0297291082601028,-0.345532478636232,-0.000403404326795909,0.000238650467848248,0.162809138587791,-0.0333828851036749,-0.0148761074863053,6.01125655497319e-16,0.00308222748915552,-0.740007168869509,-0.0805731582976628,0.000596331541131504,-0.0100963122643453,0.465242968516571,0.014874965849159,0.000935546763204342,-0.000319334201536681,0.00582440056541366,-0.0168197192304882,0.016795004099519,9.09545981361158e-16,0.000245487984941004,-0.000768041634955339,-0.00189076405800524,0.00476858583170993,3.47302245154737e-05,-8.62773748841911e-17,-9.71241595547997e-06,-8.54963112692254e-05,-0.00139544617273779,0.000125375909017108,0.00214332059233122,5.75992759467288e-16,-2.16121754973205e-05,-3.44712507914244e-05,5.09279195161718e-05,0.00294473441641051,0.0459294483411977,0.00973901257089228,-1.70395456160904e-06,-9.81520483119036e-17,-6.28161991144283e-06,0.00605382141794948,-2.53835471294081e-05,-0.000262969076611748,-0.00173905801117692,-0.0666965462063298,0.0221141969064775,-0.0294120442166561,-6.78403021390356e-06,0.0021239613234451,5.82863577168816e-07,-0.0110743426698043,-0.000107622574298262,-2.68119944929085e-05,-2.35051586689648e-05,2.40312298918973e-05,-1.2793585635329e-17,0.00109791032270146,-1.84942038086001e-06,-2.47088456446401e-08,-4.54715179738774e-07,0.00202035288409044,5.60962662714205e-08,1.80323629341235e-16,-6.25578137750587e-17,1.00230858436627e-16,4.1518618829834e-16,2.9364626096595e-08,-2.50444837385493e-06,5.61718668146352e-18,3.13555638945261e-18,-5.11743425413158e-17,-3.71468699671274e-17,3.07913416985883e-17,-1.02399952232602e-19,-1.17310675062932e-16,-3.38853895111432e-17,-1.31307372198954e-16,4.00553410427086e-17,-4.27440851197834e-17,-6.59194920871187e-17,-3.8226819315729e-18,1.21700359261295e-16,1.27120532130353e-16,6.60448363769967e-06,-2.42861286636753e-16
"t71",0.0174407288996937,-0.127513019803319,-0.0128342780422416,-0.16405452096618,-0.116945642518226,-0.000817784941685922,0.0133216055011074,-0.00306430846577832,0.00412076178291727,-0.00411967365451441,0.00174310884667823,0.105941185234478,0.000637788965164835,-0.0198088641044833,0.00221079985979372,-0.00279500391833576,0.00128571022157327,0.00129468797816907,-1.63848748248378e-07,3.16891385623592e-06,-0.0199676965873542,0.0129852697210284,-0.00211750139549455,0.110273099759216,-0.000187929308109721,0.0291714009202988,-0.0414787929295165,-0.632405765233674,-0.00376971154091139,0.00304589315520731,-0.65128140230363,0.107395552444429,0.0105395088551573,-3.35970153902769e-16,-0.00114492987848106,0.247890968455009,0.024511642174953,-0.000234888848178212,-0.0899104118178786,0.0101648983896551,7.41489747935049e-05,0.000581947130977528,-1.07689031889809e-05,0.000450055124302999,-0.00175060057642591,0.00181163622207646,-1.54761407462691e-16,3.400921099978e-05,-0.000116667753615764,-0.000320250761541895,0.000831985901019796,6.49657536347728e-06,-4.75981561353812e-17,-1.97824268090465e-06,-1.81489037317131e-05,-0.000298298468973468,2.7414789651836e-05,0.000476447824525338,-5.56559646486279e-17,-4.89759368911113e-06,-8.53120605326949e-06,1.32638128912466e-05,0.000771146387780756,0.0123399552715899,0.00261807401687351,-4.63108891802719e-07,-1.20809064471336e-16,-1.74735497018418e-06,0.00175143755034668,-7.44879191646487e-06,-7.7176598163772e-05,-0.000518114279118891,-0.0201679406718964,0.006737000195141,-0.0089864642756697,-2.07588606456095e-06,0.00065350897981897,1.79517815993534e-07,-0.00344772580386505,-3.37523200152825e-05,-8.56190837989795e-06,-7.51739814414371e-06,7.70935180889329e-06,-1.2338220722885e-16,0.000357689986666271,-6.11029572235846e-07,-8.17700634068978e-09,-1.52076501388348e-07,0.00452308920360447,1.90365913292267e-08,-8.14091041962084e-17,3.64748631212596e-18,-9.13322956206606e-18,-1.35915629105167e-16,1.01555930116385e-08,-8.69337386108764e-07,-5.68904948343817e-18,1.38843497791376e-18,1.67400815431762e-16,1.13243497867989e-18,-6.91720986045752e-17,5.16300510410806e-18,2.53920148796105e-16,-3.45630491696053e-16,-4.36324748386794e-17,9.55071999676586e-18,5.52778094483716e-17,8.67361737988404e-17,1.09400886372689e-17,7.82250566597095e-17,1.85943885559532e-17,2.41359097645152e-06,-1.17961196366423e-16
"t106",0.0184347371676317,-0.138230791882712,-0.0152446247194043,-0.200972018312174,-0.144130597053367,-0.00110889475275911,0.0185402071240495,-0.00434654815229937,0.00743039414168648,-0.00758462079989209,0.0037603919710648,0.399382828681124,0.0033464334506332,-0.249888358941715,-0.0282870557852111,0.0201562097207269,-0.00571311649459812,-0.00248047401890462,2.07949438411307e-07,-3.7868925160502e-06,0.0111718032974023,-0.00543569670952711,0.000734816957286987,-0.0368206561756083,5.47223171557647e-05,-0.00827310315758993,0.0109768777043775,0.137604945016335,0.000496548106738051,-0.000388141730219502,0.0561300678708188,-0.00857695718633269,-6.32417511556736e-05,-9.67680353457458e-17,-4.13685914096521e-05,0.0108014278311041,0.00127804822468442,-1.56716552594345e-05,-0.00639717734383909,0.000774496323569629,8.75098517924468e-06,7.24771302423395e-05,-1.40630616560206e-06,6.79936527095762e-05,-0.000288678882589214,0.000302441428583163,2.8461256256339e-16,6.2707628729721e-06,-2.24639131311231e-05,-6.52681941950004e-05,0.000172406538741874,1.40298730595418e-06,-1.0777480026391e-16,-4.514255990543e-07,-4.2627695538571e-06,-7.04169440153696e-05,6.58002891582151e-06,0.000115784548741678,3.3530903252292e-16,-1.20801228375555e-06,-2.26571955505833e-06,3.69777493617734e-06,0.000216179705268639,0.00355395456661742,0.000754478905148132,-1.35091800652215e-07,8.31225369102521e-16,-5.23791285519416e-07,0.000553186513151315,-2.4041885263457e-06,-2.49140230993645e-05,-0.000171536790798928,-0.00686736240098732,0.00233018435777221,-0.00312841178715588,-7.25137220117245e-07,0.000231273464041181,6.36876502715933e-08,-0.00125879438367272,-1.26024116842726e-05,-3.42885209372412e-06,-3.03257684288834e-06,3.15887348796559e-06,4.13731549020468e-16,0.000162470216118066,-3.26452669373228e-07,-4.48841080433128e-09,-1.06731673445506e-07,0.403224185578197,-4.43443749408914e-09,-1.34381365987299e-15,8.06595475098757e-17,-2.81327329209426e-16,6.8577995802496e-16,1.22218422534066e-09,-1.27796164297624e-07,4.04593733337429e-16,4.19994836856806e-16,-1.0245710529988e-16,4.57582679501132e-16,-9.28077059647592e-17,-3.95129258906999e-16,-1.83447007584547e-16,-0.707106781186547,-3.52872540852715e-16,-1.76267895136799e-15,1.108487305152e-15,2.08166817117217e-15,-3.39245949451338e-16,-5.11020554494819e-17,4.50710079050283e-16,6.85500163417896e-07,-8.32667268468867e-17
"t107",0.0184347371676317,-0.138230791882712,-0.0152446247194043,-0.200972018312174,-0.144130597053367,-0.00110889475275911,0.0185402071240495,-0.00434654815229934,0.00743039414168644,-0.00758462079989207,0.00376039197106487,0.399382828681124,0.00334643345063321,-0.249888358941715,-0.028287055785211,0.0201562097207268,-0.00571311649459818,-0.0024804740189046,2.07949438345821e-07,-3.78689251607622e-06,0.0111718032974022,-0.00543569670952715,0.000734816957286994,-0.0368206561756082,5.47223171554021e-05,-0.0082731031575899,0.0109768777043775,0.137604945016334,0.00049654810673784,-0.000388141730219476,0.0561300678708185,-0.0085769571863327,-6.32417511556849e-05,7.2693084368948e-17,-4.13685914096278e-05,0.0108014278311045,0.00127804822468443,-1.56716552595774e-05,-0.00639717734383938,0.000774496323569975,8.75098517909073e-06,7.24771302425161e-05,-1.40630616563887e-06,6.79936527096716e-05,-0.000288678882589299,0.000302441428582837,1.33908460588906e-16,6.2707628729862e-06,-2.24639131312342e-05,-6.52681941948911e-05,0.000172406538741889,1.40298730630286e-06,1.17230876651966e-16,-4.51425598937152e-07,-4.26276955409623e-06,-7.04169440153488e-05,6.58002891525036e-06,0.000115784548741841,6.84815910135273e-16,-1.20801228370784e-06,-2.26571955505919e-06,3.69777493617745e-06,0.000216179705268459,0.00355395456661781,0.0007544789051482,-1.35091801037324e-07,6.44520641470014e-16,-5.23791285018949e-07,0.000553186513151352,-2.40418852602304e-06,-2.49140230992746e-05,-0.000171536790798945,-0.00686736240098749,0.00233018435777185,-0.00312841178715563,-7.25137219756422e-07,0.000231273464040774,6.36876505925171e-08,-0.00125879438367274,-1.26024116841913e-05,-3.42885209385019e-06,-3.03257684359601e-06,3.15887348809052e-06,4.39101879856629e-16,0.000162470216118628,-3.26452668989691e-07,-4.48841068561622e-09,-1.06731673081215e-07,0.403224185578196,-4.43443751182643e-09,-3.08539690862416e-16,-8.93588203112081e-17,3.47335078481482e-16,5.88588051965708e-16,1.22218425903632e-09,-1.27796164598598e-07,-1.61054198898374e-16,-4.30624143688618e-16,1.0212100262641e-15,-6.76260401261213e-17,3.51281503885303e-16,9.40032435560181e-16,3.3285006695305e-16,0.707106781186549,2.22852108843955e-16,1.5366253395036e-15,-1.11247313206225e-15,-2.07125983031631e-15,3.66815770199329e-16,1.35792106821019e-16,-4.75613315310923e-16,6.8550016389668e-07,-2.15105711021124e-16
"t82",0.0184011378688594,-0.137872366800463,-0.0151668460542385,-0.199793885105251,-0.143264891862033,-0.00109991054822993,0.0183804174829355,-0.00430750612985153,0.00733552150838006,-0.00748573625898854,0.00370454881075003,0.391825604898729,0.0032784626219657,-0.244327337600143,-0.0275864619104124,0.0196388449954899,-0.005559457708671,-0.0024044094620944,2.00973300301254e-07,-3.65800934799126e-06,0.0107077644378095,-0.00519150811369616,0.000700146790346417,-0.0350662062153799,5.20243099137319e-05,-0.00786258093411341,0.0104230810611674,0.130345424722445,0.000467668613228538,-0.000365442053886349,0.0526546560657477,-0.00804086894108805,-5.87550865864366e-05,-8.33052197715698e-19,-3.8158730166409e-05,0.00994854543762711,0.00117500943718728,-1.43601668478384e-05,-0.00585545806339978,0.000708002901686208,7.89719014961305e-06,6.52450236601574e-05,-1.26292103631783e-06,6.04945045921575e-05,-0.000254924407444313,0.000266756761163262,-4.85535301969267e-16,5.46769951723634e-06,-1.94651431906154e-05,-5.600790616163e-05,0.000147465902041671,1.18927514994142e-06,1.10517221130002e-17,-3.77114026686093e-07,-3.52865212320419e-06,-5.81899809985222e-05,5.40515768681499e-06,9.46585110095178e-05,-9.92085504353714e-16,-9.81598527521541e-07,-1.77217435763048e-06,2.79374125031732e-06,0.000162579042238278,0.00260775464126069,0.000553271409880175,-9.78364663312137e-08,-1.69907094740022e-15,-3.67596832339875e-07,0.000359569602052917,-1.50234751984061e-06,-1.55632172522878e-05,-0.000101652616750563,-0.00380141216502132,0.00123575092097199,-0.00162810770749734,-3.73550834702197e-07,0.000114383109944235,3.12457090010515e-08,-0.000557639317782656,-5.09418205936204e-06,-9.4859415823763e-07,-7.97648446142836e-07,7.38468217941651e-07,-1.15424163282807e-15,6.48759828482913e-06,8.16547028556513e-08,1.32644680371727e-09,7.10041265766098e-08,-0.821449057414378,2.79933982869957e-08,1.66732806432501e-15,1.00879886764106e-16,-3.31428822239076e-17,-1.29454020330315e-15,7.74367532665268e-09,-6.18436735483688e-07,-2.67080536691504e-16,4.95231182294289e-17,-7.48858440535738e-16,-3.54724080359345e-16,1.56125112837913e-16,-4.31436721000485e-16,-7.58941520739853e-17,-4.62131631761266e-16,-8.46819635314708e-17,1.42301535138722e-16,7.74538280893527e-17,-5.34294830600857e-16,-2.36924711434781e-18,-2.24925580516733e-17,5.49194672979903e-17,1.16919887818007e-06,-1.2490009027033e-16
"t75",0.0181923001445302,-0.135742063319009,-0.0147992275388712,-0.194821503521814,-0.139702431770394,-0.00108081711026566,0.0181471857608212,-0.00427104328005084,0.00832115826295291,-0.0086771230839476,0.00560051178769356,-0.186498326528597,-0.000188929983699168,-0.0296919207016903,-0.00502686523291299,0.00364536243108716,-0.00100937371078736,-0.000313158308518531,1.33127150637519e-08,-1.97053825646914e-07,-0.00195506928596074,0.00162716446795992,-0.00028504511812244,0.0149712360430568,-2.590922545709e-05,0.00402350047066213,-0.00570624917627513,-0.0839518318924104,-0.000370938928045792,0.000290026596505242,-0.0336530456787723,0.00453543541600763,-0.00213983724199607,7.4063311555604e-16,0.000902467952214782,-0.260078062935904,-0.0378650587629344,0.001006941772127,0.701266425756249,-0.555455672364246,0.000120516482221627,-0.017091062120895,-1.45831476640112e-05,0.000499820023288142,-0.00177385833237817,0.00181459368587746,-4.04100279244124e-16,3.13455359825333e-05,-0.000104236360283591,-0.000275842806037843,0.000709578868701949,5.41517609841009e-06,2.98849152548763e-18,-1.60454603971287e-06,-1.45323445440404e-05,-0.000238344229484834,2.17544526936559e-05,0.000376210160228702,-5.00251895339919e-16,-3.84523420437067e-06,-6.53329883580156e-06,1.00227121881323e-05,0.000581907069447903,0.00925306464088164,0.00196288486374679,-3.46303759377053e-07,-6.23927611016336e-16,-1.29960472521062e-06,0.00129148556593853,-5.4765243947979e-06,-5.67407627691341e-05,-0.000379778605776581,-0.0147409630705794,0.00491729061723749,-0.00655563025264933,-1.51394349530301e-06,0.00047612861664712,1.30768142811823e-07,-0.00250668975162668,-2.45088226181639e-05,-6.19846728865886e-06,-5.44093718019346e-06,5.57709571352709e-06,9.38105929743083e-17,0.000258125918152062,-4.39952909339293e-07,-5.88596272335737e-09,-1.09251221876942e-07,0.00176767485285278,1.3702807713735e-08,8.9256507602527e-17,9.03936563701075e-17,-1.51479008750347e-16,-1.60975535698252e-16,7.28480533088638e-09,-6.23294582673085e-07,2.19875141005456e-17,2.70601473264871e-17,9.22927099328286e-17,1.24332476294926e-18,1.79814930306721e-16,1.66961401242443e-16,-1.23571942609035e-16,1.14756411438072e-17,-4.80235580129557e-17,9.16823168152134e-17,8.15923884366484e-17,-1.43548367637081e-16,-1.39774673571408e-18,-1.59509946548665e-16,-1.79219923122058e-16,1.72236380990842e-06,-1.30104260698261e-16
"t102",0.0188482167576712,-0.142865333481076,-0.0164514648544081,-0.220443115143992,-0.1586176951541,-0.00129304392630315,0.0220092718295311,-0.00523112979946718,0.0114134955639014,-0.0120083942298107,0.00825959369821405,-0.326237684883876,-0.000354343996315893,-0.062201195290099,-0.0125234486743171,0.00977058815328851,-0.00302638427889559,-0.0015311946639121,1.36623953665604e-07,-2.50811385036129e-06,0.00795710782974233,-0.00391064003132997,0.000528116546745571,-0.0264338292279023,3.9015816224525e-05,-0.0058872679558244,0.00776433576032995,0.0947926470192262,0.000287537419958452,-0.000220253045708452,0.0207346480925077,-0.00270033098074574,0.000800310379701433,6.88714310010467e-17,-0.000237583872058516,0.0636619696291305,0.00847817609368336,-0.00019071266028806,-0.125652071767748,0.0931588280416863,-1.14618147250295e-05,-0.49608809427519,2.93581356641191e-07,8.94519807655451e-07,-4.73336327311354e-05,5.51550886210895e-05,2.87567597772156e-16,1.93838460156022e-06,-7.94846563641856e-06,-2.64024800230956e-05,7.20369504869542e-05,6.28733433995579e-07,-9.81534892660923e-17,-2.18065472139169e-07,-2.12721431938609e-06,-3.53245161009187e-05,3.3558277672003e-06,5.97362350032606e-05,1.92993373083342e-16,-6.31381780559059e-07,-1.24733093456286e-06,2.08418548032561e-06,0.000122110890492371,0.00202578435605091,0.000430135715461348,-7.72671622990308e-08,8.35352789309056e-17,-3.01204207207536e-07,0.000319029518473039,-1.38416653624877e-06,-1.43434875899608e-05,-9.8349387421467e-05,-0.00390902192766939,0.00131954002228801,-0.00176736826861371,-4.09126870631448e-07,0.000129796430872625,3.57051411418834e-08,-0.000696175319235599,-6.88584433412041e-06,-1.7913697970961e-06,-1.57617690308551e-06,1.62335742066502e-06,-1.76643638952201e-16,7.69344583601982e-05,-1.33889701365353e-07,-1.7955026029457e-09,-3.38048630295004e-08,0.00055900371235386,4.39848209260655e-09,-5.31049973836062e-16,-6.230526454647e-16,1.12171835328533e-16,-3.08174283348083e-16,2.39560989019072e-09,-2.06059005891798e-07,-7.59290206780416e-16,7.59615814702817e-16,1.1666015375944e-16,8.25308224711192e-17,-2.64759460015529e-15,0.707106781186547,-9.11346464873425e-15,-4.51061250521331e-16,-7.09105768111097e-16,-5.10788872221162e-16,-1.450729575289e-16,1.59160878920872e-16,-1.6043128369316e-16,-2.597581481701e-17,2.67619558456558e-16,6.1502904835772e-07,-1.21430643318376e-17
"t103",0.0188482167576712,-0.142865333481076,-0.0164514648544081,-0.220443115143992,-0.1586176951541,-0.00129304392630314,0.0220092718295311,-0.00523112979946714,0.0114134955639014,-0.0120083942298107,0.008259593698214,-0.326237684883876,-0.000354343996315899,-0.062201195290099,-0.0125234486743171,0.00977058815328854,-0.0030263842788956,-0.0015311946639121,1.36623953660112e-07,-2.50811385036753e-06,0.00795710782974234,-0.00391064003133,0.000528116546745643,-0.0264338292279022,3.90158162244616e-05,-0.00588726795582435,0.00776433576033006,0.0947926470192262,0.000287537419958295,-0.000220253045708495,0.0207346480925077,-0.00270033098074577,0.000800310379701409,8.43749542333436e-17,-0.00023758387205829,0.0636619696291305,0.00847817609368339,-0.000190712660288265,-0.125652071767748,0.0931588280416864,-1.14618147250902e-05,-0.49608809427519,2.93581356567567e-07,8.9451980755874e-07,-4.73336327311208e-05,5.51550886211879e-05,1.0011841615607e-17,1.93838460140316e-06,-7.9484656363522e-06,-2.64024800229079e-05,7.2036950486867e-05,6.28733433933075e-07,2.05633549501695e-16,-2.18065472080999e-07,-2.12721431936397e-06,-3.53245161008168e-05,3.35582776756196e-06,5.97362350031804e-05,-6.01696676308569e-17,-6.31381780868707e-07,-1.24733093456633e-06,2.08418548016761e-06,0.000122110890492103,0.00202578435605115,0.000430135715461457,-7.72671623025002e-08,-2.70942418846303e-16,-3.01204207758853e-07,0.000319029518472532,-1.38416653602e-06,-1.43434875900206e-05,-9.83493874206949e-05,-0.00390902192766898,0.00131954002228788,-0.00176736826861371,-4.0912687049202e-07,0.000129796430872834,3.57051411005753e-08,-0.000696175319235916,-6.88584433359306e-06,-1.79136979717162e-06,-1.57617690319998e-06,1.62335742085655e-06,-1.2603850255144e-16,7.6934458360121e-05,-1.33889701305581e-07,-1.79550258130317e-09,-3.38048632764817e-08,0.00055900371235463,4.39848172856171e-09,4.87659943818352e-16,6.05764784564536e-16,-2.50572411456185e-17,3.4113110295154e-16,2.3956102029092e-09,-2.06059004927346e-07,7.25038676919897e-16,-8.11231810676805e-16,-5.78692909564138e-17,-1.64728154609986e-16,2.79851554256527e-15,-0.707106781186548,9.09630714935467e-15,7.83999428740016e-16,5.80077332866071e-16,3.68952358170482e-16,1.35647412556486e-16,-4.66857455472258e-16,3.95762505035501e-16,2.25679205686384e-16,-1.01817085036364e-16,6.15029048320424e-07,-2.31585584042904e-16
"t98",0.0188409060248008,-0.142785880497643,-0.0164329902630236,-0.220156404206596,-0.15840599828814,-0.00129066348718838,0.0219659286715562,-0.0052203507419029,0.0113786276215098,-0.0119708201549613,0.00822953526390073,-0.324649690232842,-0.000352460622421938,-0.0618300149648554,-0.0124375278112206,0.00970028465396209,-0.00300318731338454,-0.00151709435966774,1.351886292056e-07,-2.48118736265028e-06,0.00783965826805947,-0.00384442977675162,0.000518330069605623,-0.0259348041904644,3.8229199334335e-05,-0.00576706580798133,0.00760050247960291,0.0926007732467725,0.000279279270698991,-0.000213843815794292,0.0200394740115527,-0.00260754149270639,0.00076027841577263,-3.26529396284569e-16,-0.000220868159444701,0.0588186766796463,0.00776543092589091,-0.000171096613706311,-0.111767798333161,0.0819050396269673,-4.23930120270623e-06,0.503735977344382,8.51286241832743e-07,1.11416021180983e-06,-5.45767800633166e-05,6.31450140639395e-05,-5.67281068882183e-17,2.13041407439216e-06,-8.63287329103297e-06,-2.83250457352975e-05,7.70459863648425e-05,6.67916785830342e-07,-1.66939140402293e-16,-2.29922537038282e-07,-2.23533625773341e-06,-3.70994785726078e-05,3.5182579734932e-06,6.25494312883233e-05,4.72169287424554e-16,-6.60173449514934e-07,-1.29625903729619e-06,2.15892021683913e-06,0.000126447017806992,0.0020944842384408,0.000444707955953067,-7.98333941057303e-08,2.26956597694323e-16,-3.10792438834606e-07,0.000328471289027139,-1.42405101511203e-06,-1.47567070616788e-05,-0.000101103079168161,-0.00401541031072801,0.00135494209179426,-0.00181451917439663,-4.20010242713686e-07,0.000133212708270885,3.66430877067007e-08,-0.000714085487496167,-7.06048116384244e-06,-1.83522635179027e-06,-1.61464988088989e-06,1.66274371478548e-06,-4.03268998055983e-16,7.87456474886123e-05,-1.36958184515261e-07,-1.83652524065198e-09,-3.45630218382374e-08,0.000571186102519057,4.49245220272898e-09,2.49599407583224e-16,-3.33051113837155e-16,1.11656220549279e-16,1.97972827542406e-15,2.44514801614203e-09,-2.10289476428342e-07,-2.70162223596336e-15,-2.10455175421464e-14,-6.07329399444911e-16,0.707106781186548,1.03525044439778e-15,8.67590937509592e-17,-1.32993659487934e-15,1.44996398452638e-16,-3.01814682808857e-16,-4.61419080434412e-17,2.18484899479938e-16,6.76325315196458e-16,3.0310917890164e-16,4.5739785849873e-16,3.04893530770542e-16,6.26367279803457e-07,-3.12250225675825e-16
"t99",0.0188409060248008,-0.142785880497643,-0.0164329902630236,-0.220156404206596,-0.15840599828814,-0.00129066348718837,0.0219659286715562,-0.00522035074190287,0.0113786276215097,-0.0119708201549613,0.00822953526390071,-0.324649690232842,-0.000352460622421929,-0.0618300149648555,-0.0124375278112206,0.0097002846539621,-0.00300318731338458,-0.00151709435966771,1.35188629173307e-07,-2.48118736266464e-06,0.00783965826805946,-0.00384442977675164,0.000518330069605672,-0.0259348041904645,3.82291993343967e-05,-0.00576706580798135,0.0076005024796029,0.0926007732467725,0.00027927927069889,-0.000213843815793953,0.0200394740115528,-0.00260754149270652,0.000760278415772639,-3.53795734686389e-16,-0.000220868159444841,0.0588186766796459,0.00776543092589076,-0.000171096613706523,-0.111767798333161,0.0819050396269674,-4.23930120267192e-06,0.503735977344383,8.51286242151491e-07,1.11416021183986e-06,-5.45767800633567e-05,6.3145014064169e-05,-9.83614703121349e-17,2.13041407461977e-06,-8.63287329102517e-06,-2.83250457356491e-05,7.70459863647187e-05,6.67916785615182e-07,7.85169181886071e-17,-2.29922537245887e-07,-2.23533625778633e-06,-3.7099478572927e-05,3.51825797287341e-06,6.25494312883173e-05,-2.06180011249038e-16,-6.60173449896898e-07,-1.29625903725348e-06,2.15892021679539e-06,0.000126447017807256,0.00209448423844101,0.000444707955953142,-7.98333946369894e-08,1.3422276017104e-16,-3.10792438152642e-07,0.000328471289027661,-1.42405101490549e-06,-1.47567070611692e-05,-0.000101103079168452,-0.00401541031072795,0.00135494209179393,-0.00181451917439657,-4.20010242613723e-07,0.000133212708270875,3.66430879390452e-08,-0.000714085487495265,-7.06048116390904e-06,-1.8352263515541e-06,-1.61464988144748e-06,1.66274371489167e-06,4.08608693755474e-16,7.87456474885882e-05,-1.36958184402892e-07,-1.83652526738349e-09,-3.45630218052777e-08,0.000571186102518893,4.49245146220341e-09,-3.82395375683328e-16,3.66841607295443e-16,-5.7876816226555e-17,-1.94331905691918e-15,2.44514851052433e-09,-2.10289475983982e-07,2.71363267304518e-15,2.11590616907513e-14,7.51921311673009e-16,-0.707106781186548,-6.55074952615742e-16,1.98288777198635e-16,1.49980397025351e-15,-2.57010659557231e-16,1.25532712361359e-16,1.0890937877559e-17,-4.43806898446596e-17,-6.8586629431433e-16,-5.2552660331721e-16,-5.18588132537072e-16,-3.05801459838578e-16,6.26367279708915e-07,-1.98625837999344e-16
"t25",0.0154385934417262,-0.105757119634937,-0.00778177811182416,-0.0857039388282999,-0.0591046876276632,-0.000170154317007606,0.00155001606095915,-0.00014108917811629,-0.0049780718819754,0.00562877246042294,-0.00556274243541607,0.0984828202512867,-0.0020786540069578,0.353841636216724,0.0710582955888918,-0.0608604807656363,0.0223638947253511,0.0330222545996678,4.13481020182936e-06,-5.21033077935276e-05,0.0160702454194581,-0.00279003796280028,7.96143004272178e-05,-0.00149269581741633,-8.71496053659788e-06,0.00157445380810588,-0.00285344635178617,-0.0492475337464581,0.000122810213325539,-0.000132984170605791,0.121901163235805,-0.0231951865656463,-0.00766994244897637,-5.50114291531843e-16,0.00104787619569277,-0.187831129012149,-0.00638156667543,-0.000804749313864495,-0.587563659389172,-0.614271980138054,0.0176782725439897,3.62031801636365e-05,-0.000355714086609462,0.00616468530211184,-0.0175519443099033,0.0175059416548215,8.29744555741333e-16,0.000255363246785455,-0.000801640336932086,-0.00199137129680192,0.0050414543331458,3.71698842131047e-05,-1.45475743519018e-16,-1.06540971448673e-05,-9.55301302261567e-05,-0.0015650554681612,0.000142556041640807,0.00246602938082892,1.00505159089856e-15,-2.52764085713576e-05,-4.68037308256411e-05,9.32946957132358e-05,0.00578013794485116,0.204407380199212,0.0453286131811536,4.24578950736654e-05,-1.16847821859593e-15,2.85394984830909e-06,0.00260470135508252,-1.34953778313466e-05,-0.000139977568905126,-0.00105403260436894,-0.0439610009834153,0.0150536503078844,-0.0202492246194086,-4.69662842102724e-06,0.00149869740352968,4.12621069113654e-07,-0.00809111640534009,-8.00955893186653e-05,-2.07179321181551e-05,-1.82128424592209e-05,1.87211528923487e-05,-2.30609802087667e-16,0.000876058587392751,-1.50243923749493e-06,-2.01108034600011e-08,-3.74060782190946e-07,0.000428241833249353,4.73320574235204e-08,3.56676954303529e-17,1.03981597414069e-16,-2.25176038054279e-16,-6.9639236709149e-17,2.51053647318262e-08,-2.1470774540437e-06,-9.19681317449265e-17,1.79797438245407e-17,1.50378841323739e-16,-3.21951975038833e-17,1.34224228953705e-16,8.23667109591835e-17,-4.86806775445991e-17,1.47256164573631e-16,-6.78418080376624e-17,-1.699728309761e-16,7.67074728192505e-17,-5.03069808033274e-16,2.83591294001735e-17,-6.28745896802022e-17,-7.73040276587673e-17,5.85944348979045e-06,-2.35922392732846e-16
"t21",0.0158885015974671,-0.110211438143101,-0.00846207949819048,-0.0944587634562779,-0.0653108893357162,-0.000195446378366667,0.00179813864677927,-0.000164834857640658,-0.00628986181383929,0.00715438756770207,-0.00736922804268136,0.144659664115283,-0.0031750297545415,0.573099731221507,0.125152978755712,-0.110742461663897,0.0426492779169096,0.0743554413626009,1.08954481360206e-05,-0.000141477049727875,0.0880841981680812,-0.0312736443448595,0.00344323986201951,-0.165011862028898,0.000206707008602237,-0.0301471402286918,0.0361702814447533,0.315783050777563,-0.000344208961098013,0.000359607524923657,-0.235800260589409,0.0426544200992878,0.00765082713768396,2.4054626579104e-16,-0.000696688381710469,0.115188997083097,0.00354837442003073,0.00037299854136915,0.256451527269561,0.249561923389753,-0.00308754439840633,-5.09726774547662e-06,3.9044046955964e-05,-3.75966290493768e-05,-0.00112054010455316,0.00130005706249155,-9.80507410845523e-17,4.22869119755746e-05,-0.000168816994163379,-0.0005508766255982,0.00150200582996528,1.32291636584995e-05,1.01152165084416e-16,-4.7867789890131e-06,-4.86364603696745e-05,-0.000814763998160273,8.0002876620024e-05,0.00146647180229173,3.99332694384769e-16,-1.61514325148523e-05,-4.59643396868697e-05,0.000139763069961313,0.0092194642471418,0.47960416315753,0.107526660154852,0.000129085441942321,-3.88556792829913e-15,2.47618368534709e-05,-0.00805755443190923,2.60982022837557e-05,0.000269869665519337,0.00139845693117561,0.0428931688538439,-0.0127597797957294,0.0162709698356602,3.67283711711578e-06,-0.0010627099747543,-2.87474983808652e-07,0.0046811550416157,4.09090145269549e-05,7.77593065792839e-06,6.65685043283843e-06,-6.48376332277077e-06,4.450649918053e-17,-0.00022926141401954,2.98503126200522e-07,3.862867481751e-09,5.7757140283117e-08,-4.39688325854787e-05,-3.34382119317483e-09,2.87452377183878e-16,-4.91178971747853e-17,-1.16032423264661e-16,5.61712565199039e-17,-5.90594060653943e-10,2.9823873631124e-08,1.55173575635433e-17,1.1669975823813e-17,-3.25260651745651e-19,1.12960066345049e-16,3.24176449573166e-17,2.00392180130165e-16,5.7516925250356e-17,-1.30620253425495e-16,-1.22031570603326e-16,-1.34571300703843e-16,1.03292468062688e-16,-1.65666091955785e-16,7.07473709831537e-17,5.37745102257949e-17,7.31463381246992e-17,6.20746599505964e-07,-2.53269627492614e-16
"t22",0.015567443127644,-0.107044027165514,-0.00798399783013163,-0.0883287657376608,-0.0609684321349813,-0.000177931104246148,0.00162675301606166,-0.000148463083082463,-0.00540306783286018,0.00612453177253115,-0.00616175270455488,0.114502602551721,-0.00246490431833956,0.432761597759501,0.0910763935706326,-0.0795036183448988,0.0300486191188619,0.0493428963507574,6.89008507468174e-06,-8.87223216075456e-05,0.0481080068747516,-0.0159421322373344,0.00167181303240803,-0.079294245703491,9.56674220338065e-05,-0.0138501207650388,0.016296240214805,0.134498087289807,-0.00012678973996523,0.000131229210079152,-0.0774526361560153,0.0137455239991954,0.00178312824382604,-1.26481995978155e-17,-0.000113708576729987,0.0171487172347316,0.00046654260142194,3.71026877437767e-05,0.0228456032701095,0.0191804843855012,0.000137964319139936,3.44566915464088e-07,-3.51443347645745e-06,6.6021366997987e-06,0.000272736845274514,-0.000330488514875431,-5.61093919180919e-16,-1.50739735556246e-05,6.94269027636529e-05,0.000272961204198241,-0.00078604251827652,-7.93393889522362e-06,-1.00281703012474e-16,3.45305553240083e-06,3.87189830960729e-05,0.000659967282497079,-6.86474277840111e-05,-0.00131419980004786,-1.31575848899093e-15,1.52539101361607e-05,5.6826563772136e-05,-0.000207854672729696,-0.0140087445052783,-0.809899846144011,-0.182018777132901,-0.000229267809974593,6.04435730640056e-15,-4.90125343255363e-05,0.0196406941518725,-6.92669009046999e-05,-0.000716743597146296,-0.00409382572380488,-0.139421989775308,0.0438783178473917,-0.0572449846185358,-1.3076811500784e-05,0.00395684329241129,1.07934572061985e-06,-0.0193004256757574,-0.000180619743425782,-4.14436322237688e-05,-3.61027148502991e-05,3.64516808306567e-05,-1.28369537222284e-16,0.00157225568554793,-2.53153554683768e-06,-3.36589145443847e-08,-6.02305296984462e-07,0.00065336833853338,6.98234844838564e-08,-3.85000034217234e-16,8.41332545856477e-17,1.83872860350154e-16,-4.38879471924671e-17,3.52403676444304e-08,-2.98344500561376e-06,-4.04337134200629e-17,3.42237347937035e-17,-1.96891114523368e-16,-1.33849993165779e-16,2.94902990916057e-16,-1.97350729793341e-16,-1.90819582357449e-17,8.57993992124218e-17,-2.97551210371888e-17,-4.62103906572267e-16,-7.83114031941822e-17,-6.93889390390723e-17,-8.32230788393569e-17,-7.04244539675326e-17,-3.5747847285914e-17,7.19879965634107e-06,-1.11022302462516e-16
"t73",0.0347000587426129,0.00162353364041482,0.120875574236719,-0.0396240290361919,0.0920726499841978,0.00405593386294284,-0.37842737285287,-0.00776963645000189,0.289502714593009,0.0140529456149817,0.0131993616464803,-0.00720018801030072,0.00131370853633386,-0.0261282263815623,0.0236821277664608,-0.0262137881857717,0.00167875924587558,0.0321056272975244,4.8829096744573e-06,-6.33090326326489e-05,0.00335961102275333,-0.00939487927912666,0.000208079082434403,-0.00622716237286512,9.20801651883707e-05,-0.00487366494205384,0.00382047060963722,0.00601805664416758,-0.000431885871013949,0.00033928066615382,-0.0124017921942387,-0.000785483494864439,-0.00362514845594557,-7.58637944661048e-17,0.000811274056823474,-0.0320932466653198,0.232474184324906,0.0030986046669058,0.00168844367267932,0.000307355221079238,-0.0161711134730391,2.00671559436375e-07,0.000171402942281144,-0.000598850412902336,-0.000946907160546802,0.00133600346171765,-2.72653787768968e-16,4.23544538263219e-05,-0.00118078091258074,0.000151073151247852,-0.0034519787558997,-1.34686229316648e-05,1.13368320304499e-16,-1.65498062096871e-05,-0.000293701152739336,3.32901255840985e-05,-3.50991361390513e-05,-0.00467870274731461,5.9642446610448e-17,-1.63120333984538e-06,-7.41201223223263e-08,5.21526021257262e-06,9.34633448319098e-06,6.81743409912112e-05,1.20064734250477e-05,-4.75959858303515e-07,-9.16632770931535e-17,-3.4612480342153e-07,0.000748461987194254,-6.36213643043779e-07,-2.24036332584977e-05,-1.25168393680178e-05,-0.000316112592809459,8.15372967634836e-06,-0.000137695669755536,2.97430735255854e-08,0.000230857305039806,4.85183195724805e-09,-0.00320672398238947,9.08364919001824e-07,-0.823871105882186,0.00108992994686455,-0.000466086094509979,-5.42813949171161e-15,-0.0182565238935324,0.000263599179897362,4.48170381224566e-06,3.09820877890789e-06,-9.97646869151654e-07,-2.71651690239732e-06,1.35469017893666e-16,2.62025421386728e-16,-2.29497429297334e-16,3.51125879834653e-16,-3.45882613442303e-08,7.76153304422184e-08,-6.64207769921833e-17,-2.00696677493615e-16,3.24406842534819e-16,-2.83532905388718e-16,4.17499151569856e-16,3.62292123396289e-16,2.67011890028868e-16,-5.39124392560421e-17,-4.97400182990271e-17,-1.47766009379256e-16,-1.31759976244537e-16,-4.28259858131774e-16,-1.93128043292172e-16,2.86968246126999e-16,-1.06785564362442e-16,2.07002470500048e-07,-4.61002763740836e-16
"t85",0.0347713941087636,0.00162828978625752,0.121576113128637,-0.0398883196549513,0.0927020756626576,0.00409350516259686,-0.382160572074772,-0.00784958257494154,0.293772347745994,0.0142646978223566,0.0134268144551673,-0.00735971778721197,0.00134504941153892,-0.0268141573865916,0.0243779832915515,-0.0270136620157706,0.00173258435993763,0.0332894091236147,5.08117776862546e-06,-6.59198891194425e-05,0.00353168096603823,-0.00991945960686593,0.000220347343011276,-0.00659835521467373,9.7782065434337e-05,-0.00517763357894403,0.00406321899793574,0.00642012931238116,-0.000464116320697967,0.000364760683006404,-0.0133962062207629,-0.000849154275973999,-0.00396578465286046,-1.51747484552705e-16,0.000896068572108709,-0.0355188157062336,0.25791905925804,0.00345345026202222,0.00188460971764291,0.000343670000694503,-0.0184111364606387,2.29272332165609e-07,0.000196512850460655,-0.000695963263562625,-0.00111278158288876,0.00157287885413679,-1.29288910538241e-17,5.07471358205917e-05,-0.00142863621423282,0.000185645053906244,-0.00426435862873378,-1.68873754006609e-05,3.50316009768291e-17,-2.12736826442851e-05,-0.000383660894660451,4.36205784902681e-05,-4.64896421772924e-05,-0.00625156226569427,1.76865796452955e-16,-2.20448485432206e-06,-1.08080539379602e-07,8.21742551774544e-06,1.48888537154254e-05,0.000115529389774207,2.03788466831684e-05,-8.35444929825433e-07,3.70987248202351e-17,-6.66215846774777e-07,0.0019187259298624,-1.99175335423166e-06,-7.02733922821416e-05,-5.70143100531937e-05,-0.00382093349060365,-0.000964216844288478,0.00276158191089844,-4.0953766362482e-07,-0.00139029344895749,-2.62235520238734e-08,0.00729019432350174,-1.30996515909711e-06,0.400386154578662,-0.000476730646814271,0.000162225430646365,2.04204058176782e-15,0.000442342681015795,4.23559634254984e-05,7.97289263140037e-07,8.34976907116303e-07,-3.78130369212123e-07,-1.1918405400267e-06,2.63040947596213e-15,8.2414339117721e-16,0.707106781186548,2.25136977731995e-14,-1.78806992200377e-08,4.12656794824239e-08,-2.56623051864543e-15,1.09060113669015e-15,1.2362615271766e-16,-3.88255089440306e-16,9.43255890062389e-18,1.05967253558283e-16,-3.52365706057789e-16,-1.68276162238088e-16,4.3619349823113e-17,9.58447425971395e-17,2.16124899948118e-16,-7.11236625150491e-17,-2.37192226533041e-17,-4.06370781953019e-16,5.27258902962969e-17,1.41594652481279e-07,-5.72458747072346e-17
"t86",0.0347713941087636,0.00162828978625753,0.121576113128637,-0.0398883196549514,0.0927020756626576,0.00409350516259687,-0.382160572074772,-0.00784958257494156,0.293772347745994,0.0142646978223566,0.0134268144551674,-0.00735971778721202,0.00134504941153894,-0.0268141573865917,0.0243779832915515,-0.0270136620157706,0.00173258435993756,0.0332894091236147,5.08117776842245e-06,-6.59198891194296e-05,0.00353168096603825,-0.00991945960686591,0.000220347343011322,-0.00659835521467367,9.77820654343685e-05,-0.00517763357894409,0.00406321899793564,0.00642012931238116,-0.000464116320697968,0.000364760683006384,-0.0133962062207629,-0.000849154275973999,-0.00396578465286045,1.88804015425174e-17,0.000896068572108824,-0.0355188157062336,0.25791905925804,0.00345345026202238,0.00188460971764284,0.000343670000694663,-0.0184111364606387,2.29272332295189e-07,0.000196512850460614,-0.000695963263562603,-0.00111278158288874,0.00157287885413694,-3.05851762950283e-16,5.07471358205661e-05,-0.00142863621423272,0.000185645053906473,-0.00426435862873384,-1.68873754007572e-05,-1.02267726455164e-16,-2.12736826446628e-05,-0.000383660894660309,4.36205784899654e-05,-4.64896421773782e-05,-0.00625156226569411,3.27350232867643e-18,-2.20448485443981e-06,-1.08080539248847e-07,8.21742551797992e-06,1.48888537150963e-05,0.000115529389774206,2.03788466825275e-05,-8.35444929863163e-07,6.02924454659599e-18,-6.66215846372321e-07,0.00191872592986274,-1.99175335417918e-06,-7.02733922822294e-05,-5.70143100526911e-05,-0.00382093349060421,-0.000964216844288716,0.00276158191089775,-4.09537664004724e-07,-0.00139029344895759,-2.62235519386551e-08,0.00729019432350197,-1.30996515977885e-06,0.400386154578662,-0.000476730646814028,0.000162225430645931,3.00329422789347e-15,0.000442342681015835,4.23559634251128e-05,7.97289262167649e-07,8.34976907710012e-07,-3.78130368937616e-07,-1.19184054265382e-06,-2.70162743362288e-15,-1.01640741240889e-15,-0.707106781186548,-2.29741270358376e-14,-1.78807088255777e-08,4.12656810306646e-08,2.58873796857973e-15,-8.3361092434551e-16,-3.0495896606586e-16,7.19984938412307e-16,-1.5634195327241e-16,-4.11698282115962e-16,4.66044303842894e-16,2.93691372021143e-16,-2.39133906380207e-16,-3.69958156855787e-16,-3.31253973933512e-17,-4.0766001685455e-17,2.67054906139474e-16,1.78427964593291e-16,8.50772549183725e-17,1.41594652463932e-07,-2.25514051876985e-17
"t26",0.0337016343632417,0.00155655816486903,0.11080929671161,-0.0358026376713328,0.0829609489032525,0.00350247535327606,-0.323193858597921,-0.00658316362914111,0.224024382387243,0.0107977969799942,0.00964561262233445,-0.00461191814024921,0.000798430765306239,-0.0146353710466314,0.0117261564228466,-0.0123436401628712,0.000733472758910029,0.0104617297769854,1.13943582114506e-06,-1.37393828021394e-05,-0.000216774588147152,0.0020011784809702,-6.67767316329428e-05,0.00214320976771831,-3.95500867643037e-05,0.00217574861053627,-0.00187754344307425,-0.00375040682482323,0.000421870701253541,-0.000339341617875983,0.0157222012617559,0.0010345649299653,0.00791134799902632,2.53087459829566e-16,-0.0025590750726377,0.109156702714247,-0.866824137434863,-0.0137201575247025,-0.00791364959532375,-0.00154167327596262,0.176264992411415,-2.63086626196097e-06,-0.00275345545121579,0.0353016428830515,-0.0815576901560713,0.0851491915602639,5.2524309701769e-16,0.000863759450111301,-0.0185476840471746,0.00182613392144463,-0.0391161881914926,-0.000132388288340033,-5.92622304669205e-17,-0.00013908055396837,-0.00230330582629875,0.000258163927911614,-0.000262762960379206,-0.034175202262074,5.641334550954e-16,-1.1592227303639e-05,-4.75385668455286e-07,3.24588921797454e-05,5.81120344191922e-05,0.000425640154246149,7.4982921773447e-05,-2.99561795011338e-06,2.1926980395051e-16,-2.25418832743018e-06,0.00578218261551514,-5.69770427728128e-06,-0.000200940265384053,-0.000152552999586732,-0.00939218803871118,-0.00224398423253672,0.00627015849525983,-9.17310710599195e-07,-0.00294443940507771,-5.490446177564e-08,0.01300572598427,-1.95680740606701e-06,0.0167501903223778,9.24737337928392e-05,-0.000129020777651392,-3.05311331771918e-16,-0.0173687946037941,0.000346023863180604,6.02778799308112e-06,4.68339381752558e-06,-1.69243890484316e-06,-4.85760132725633e-06,-1.86229907375932e-16,3.43968834104518e-18,-5.41252099914985e-17,8.89969031773113e-17,-6.55471650409061e-08,1.48485041602531e-07,1.43858595186542e-17,-2.32971791058497e-18,2.68882138776405e-17,8.13899518803497e-17,2.20309881449055e-16,5.3592602304768e-17,-1.42247325030098e-16,9.05905927013489e-17,-6.95615788258784e-17,-2.40103347360493e-16,8.75888718253229e-17,8.32667268468867e-17,-1.94637413068663e-17,2.59256493454608e-17,-8.5452222215946e-18,4.22555242740597e-07,-1.66533453693773e-16
"t9",0.0305724652628596,0.00134655369076794,0.0789220423732485,-0.0236120546209679,0.053846462710642,0.00166334162333012,-0.136651868930883,-0.00252031281997461,-0.171827739393292,-0.0123287889175101,0.0176494878055037,-0.000958285100695067,-7.00638093570539e-08,0.00419201407196937,-0.00822286505329483,0.0107727179400066,-0.000832746069866576,-0.0240033859237269,-4.55264462209453e-06,6.09641462782379e-05,-0.00473647123880755,0.0149584005499169,-0.000354714733364311,0.0107536209877152,-0.000165956690303161,0.00885136520963718,-0.00707298443488649,-0.0116787324229243,0.000902203249710482,-0.000710631528277557,0.0263442881684243,0.00166782433516765,0.00665737525966289,-2.23845044196075e-17,-0.000845525630023231,0.0250385187199855,-0.0932865301641203,0.00158563471530644,0.00148833114013427,0.000421828066118264,-0.204033741224115,3.51284442475512e-06,0.00416806835917928,-0.0793465988713818,0.236789772950656,-0.256753932215252,3.7145095140264e-16,-0.00362818800367199,0.0918269722913706,-0.0115385396798291,0.267615974590559,0.00112760327321346,7.14153690590529e-16,0.00170411057067007,0.0360043445201658,-0.00423411498852748,0.00513072945786846,0.775409586133588,-9.468312252939e-15,0.000324730444623146,-0.000145224447086346,0.00122984319246398,0.00201047946431571,0.0104428456250175,0.00182789105118008,-6.49140207383547e-05,7.28419806671484e-16,-3.94360998701021e-05,0.0754954105125322,-6.76871786403459e-05,-0.00238539685651525,-0.00163627559507464,-0.0889522257028606,-0.0189126130844436,0.0480225386019447,-6.43981440910657e-06,0.116840813491853,-1.83046748921528e-06,0.135434738907818,-1.8670953046917e-05,0.00374532410968375,0.000971085132018485,-0.00115933310420119,-1.89778748271863e-15,-0.138805748437881,0.00260209956566315,0.00531590000160116,3.37689357660237e-05,-1.15797153538407e-05,-3.21225687247547e-05,3.7008576563589e-17,1.21703714919187e-16,3.31912297193129e-17,-1.51554302944737e-16,-4.11172379863607e-07,9.21056724417779e-07,-6.60254659298872e-18,9.32854865039444e-17,-1.18828558104411e-16,7.94390967470198e-17,-1.54390389361936e-16,-8.84110284696635e-17,-2.94902990916057e-17,-1.00203806430077e-16,-7.83530999815387e-17,2.52229471033386e-16,1.67494256102154e-16,-5.55111512312578e-17,-6.89191395347193e-19,4.021100865297e-17,4.09704368690752e-17,2.25141754711666e-06,-1.94289029309402e-16
"t64",0.0337144768730215,0.0015520069698868,0.106530886247084,-0.0336027210093765,0.0774259834558793,0.00281469417544749,-0.241722998740991,-0.00460487959045558,-0.475349832959151,-0.0353901066701052,0.0677464088064287,-0.0145925576581079,0.00246927008617137,-0.0459471638600261,0.039516345810861,-0.0431532628170151,0.00272106637759432,0.0502980227234578,7.51092701522122e-06,-9.71168051271047e-05,0.00496170131533599,-0.0136187346530166,0.000297340842341168,-0.00886999394393274,0.000129568505992001,-0.00684072031137216,0.00532605836805164,0.00821349509522494,-0.00055086861775683,0.000430561858564294,-0.0147642504086308,-0.00092301183315727,-0.0031333256516448,-1.10486900269857e-16,0.000357565435373448,-0.0103766967154355,0.0377513386412248,-0.000615363885538637,-0.000570095004029323,-0.000159157613747957,0.067303738411978,-1.13295342116402e-06,-0.00131596680830333,0.0232411291711712,-0.0657665959491857,0.070742028303708,-2.73535070249233e-16,0.000931919769003184,-0.0228037635036368,0.00273324084412191,-0.062483423631031,-0.000253723456384131,1.06753845997929e-16,-0.000364277420225148,-0.00748917474612927,0.000876550055852295,-0.00104568239996408,-0.156215701682332,1.83583268922607e-15,-6.45343358100132e-05,2.71825714176464e-05,-0.000225036803031148,-0.000367491657270684,-0.00191170977863932,-0.000334682826110212,1.19487838688478e-05,-6.82371742208095e-16,7.44908744606133e-06,-0.0163626747247539,1.64765526778519e-05,0.000581325599535409,0.000496656555052024,0.0428745077083539,0.0153490008715057,-0.056653962075018,1.01195663867511e-05,0.517695853853839,-4.58532558496663e-06,0.0511620071004279,-3.98432229150137e-06,0.000303615658660861,7.35589872437583e-05,-7.69599229350409e-05,-2.35748920385248e-15,-0.00542093037515923,0.000243435568266661,-0.592760323720017,-9.02940451592144e-08,-9.26206512846101e-11,6.2629939171054e-09,1.83550047767231e-16,3.78499264761594e-16,3.21381508474849e-16,2.60387703283956e-17,-1.4831804433222e-10,6.16786576240064e-10,1.03806616671898e-16,1.15050540441356e-17,-1.7726705520138e-16,6.41241869265269e-17,6.51822346098285e-16,-1.4974908203312e-16,4.77048955893622e-18,3.63013866371684e-16,1.83220162635898e-17,9.32269872736501e-17,1.29527637736196e-16,6.24500451351651e-17,-1.18387795572077e-16,9.9674442707408e-17,-1.18616330704953e-16,2.57863612129761e-08,4.16333634234434e-17
"t65",0.0336503741545995,0.00154780781479103,0.10596328212054,-0.0333969585785941,0.0769401878049748,0.00279085630081975,-0.239544930279772,-0.00456163053175708,-0.468995868963094,-0.0349070294569424,0.0666924632639327,-0.0143029084468967,0.00241663532354096,-0.0448734100711978,0.038487744034699,-0.0419888136134073,0.00264409739253814,0.0486738829749637,7.24535442162013e-06,-9.36325585561507e-05,0.00474391732192946,-0.0129715147553411,0.000282488423508023,-0.00842248167748226,0.000122800736468729,-0.00648106810332776,0.00504127925539015,0.00775391557247884,-0.000516827391292896,0.000403804711816448,-0.0137917558613144,-0.000861627279626144,-0.00289614380589778,2.26133236325753e-16,0.00032789797422547,-0.00950015435741617,0.0344934938905677,-0.000560185812206071,-0.000518350848151726,-0.000144506059790233,0.060235325582322,-1.01117153159781e-06,-0.00117132611709633,0.0204701726469159,-0.0574352602934188,0.0616958491746478,5.73400378686485e-17,0.000802135006474462,-0.0194873158160719,0.00230956067086279,-0.0525987107161684,-0.000211348603202905,2.33574642558326e-17,-0.000298255657199949,-0.00606547933065166,0.00070846149973848,-0.000839138933317514,-0.124642240757084,1.57994925487862e-15,-5.11131289325688e-05,2.05431024223246e-05,-0.000162770983685189,-0.000264243711487064,-0.00133126172386345,-0.000232877841646428,8.17813222432108e-06,3.13662410362743e-16,4.88695474811039e-06,-0.00963270126755408,9.14671398102862e-06,0.000322549145651078,0.00025381924951457,0.0195641099640789,0.00649238118612851,-0.0231489501518594,4.05676938530948e-06,0.191820389723008,-1.6718573269299e-06,0.0149508629025277,-9.21383787098371e-07,5.04180338081639e-06,-5.65314538335514e-07,4.67878055025457e-06,3.43648720591005e-15,0.00243613737365804,-0.000287919193115511,0.781742491996669,2.48043911786969e-07,1.37354868652227e-08,4.14598956102714e-08,-3.46456979834067e-17,2.70964426441967e-17,-4.64609225470881e-16,-1.8043706033195e-16,-4.51715500231038e-10,1.72029525173645e-09,2.90875348571792e-17,-4.60144700233058e-17,-1.33356867215717e-17,7.45924608434271e-17,-5.47305256670683e-16,1.73614359845432e-16,-2.7451999007333e-16,-2.282886824748e-16,-9.97939251378874e-17,-2.54397028345409e-16,1.96588694639354e-16,-6.24500451351651e-17,3.7213465298519e-18,6.45467531563733e-17,1.1065168144386e-16,4.12419020219545e-08,-1.52655665885959e-16
"t46",0.0333860084098833,0.00153049540669517,0.103625486921861,-0.0325497408220807,0.0749400609500157,0.00269279289763797,-0.230586726202488,-0.00438377692598885,-0.442906170368199,-0.0329237054442658,0.0623685477958826,-0.013116554712513,0.0022011741634217,-0.0404814644001661,0.0342848049886975,-0.0372325483140309,0.0023298712086631,0.0420536103610627,6.16412434580477e-06,-7.94499494814697e-05,0.0038601951638932,-0.0103489599989309,0.000222363191512187,-0.00661122893640651,9.54281385337838e-05,-0.0050266314061602,0.00389003452300461,0.00589784042595378,-0.000379663608619155,0.000296005861766696,-0.00987955027197284,-0.000614748314514529,-0.00194571398433817,-4.94053062247839e-17,0.000209360073769611,-0.0059999886028469,0.0214939443640302,-0.000340310335010889,-0.000312249866432404,-8.61781349139199e-05,0.0322430019078019,-5.2937410514113e-07,-0.00059965725002841,0.00955997749974931,-0.0247321498757856,0.0262042123961534,-1.45346657896343e-16,0.000295329793125907,-0.00656983611932985,0.000665920800503684,-0.0143027990945643,-4.77853054826885e-05,-3.85456048590592e-16,-4.49495942015063e-05,-0.000623806373796702,6.64476379773488e-05,-5.21954365713031e-05,-0.00458331694691073,1.77442530286331e-16,-2.07685737245097e-07,-4.24238234692387e-06,6.63135403003195e-05,0.00011488544309482,0.000778129713439206,0.000136994106973748,-5.44905344522159e-06,2.99930173443208e-16,-4.24989442155028e-06,0.0135940726451604,-1.57259982255468e-05,-0.000555442801355723,-0.000551589417227831,-0.0555035124752463,-0.0215045729183242,0.0819040542859462,-1.48689651109125e-05,-0.807644647153282,7.23265926940234e-06,-0.0909455064764215,7.69030509303397e-06,-0.00071193826594983,-0.000175024471164537,0.000188222275761027,-1.13862912154428e-15,0.0137070162805328,-0.00010731245012503,-0.193603353843754,-1.6681465987399e-06,2.88761299478768e-07,3.81228436518053e-07,-2.12041231286404e-16,-4.01638979332582e-16,1.07512084497812e-16,1.77057857186334e-16,-2.50474572636986e-09,8.88071073276708e-09,-1.62878352455874e-16,4.21069294603107e-17,4.67941657644744e-16,5.2139249078729e-18,4.10695782937509e-16,1.57006266858938e-16,3.4781205693335e-16,-4.35736245421153e-17,-9.60765469107785e-17,-9.70064482842987e-17,-2.75665451444948e-16,-3.43475248243408e-16,1.42212485339685e-16,-8.39300133009433e-17,1.29432342312085e-17,1.18711368873869e-07,-7.63278329429795e-17
"t1",0.0278430284553878,0.00116898725994212,0.0553017072529414,-0.0150612659568356,0.0336576589869522,0.000651379450020665,-0.0426037272420839,-0.000618743775534054,-0.0235862139933665,-0.000298667392749598,-0.0126320901549773,0.00744283991143086,-0.00150501840655614,0.034129389933292,-0.0358249529369031,0.0415598907880707,-0.00282538713816846,-0.0632259145633668,-1.06064027911584e-05,0.000139587707082899,-0.00888021651427313,0.0262473461152012,-0.000598173720864154,0.0179924306774202,-0.000270251245295184,0.0143410700537323,-0.0113109597699528,-0.0180316573289677,0.00128882885907564,-0.00101060026324035,0.0357241755454854,0.00224342008007096,0.00792646390787254,-8.89846654554227e-17,-0.000870445889780038,0.0241024290953953,-0.0710681654605616,0.0021740121979128,0.00184182286641137,0.000490312495153058,-0.187302403764298,3.11853184573083e-06,0.00358150253983569,-0.0600436232012335,0.160951983526984,-0.171428047139079,5.34885461805207e-17,-0.00201724606075193,0.0456820049499111,-0.0047169993137631,0.101640892383669,0.000339136289852097,-1.05520590903159e-16,0.000300510765855345,0.00362186903432942,-0.000366369469010433,0.000195313521635418,-0.000203011265476718,-4.69853209385748e-16,-1.58165815432733e-05,4.93599953382917e-05,-0.000724402213508194,-0.00124865183753615,-0.00824185483096293,-0.00145008149376039,5.68832537958813e-05,-2.50457117173572e-15,4.25732486668992e-05,-0.116727733328313,0.000120132004337078,0.00423825515982728,0.00340442345275937,0.223572631720486,0.0551537698370231,-0.155551376613472,2.28070702413641e-05,0.0359500309710842,1.84580886738141e-06,-0.377377864790884,5.93747700580691e-05,-0.00621949939383901,-0.00414590489685912,0.00517295647407194,1.06749292294161e-14,0.790549481410689,-0.019053222573257,-0.00166452521332626,-0.000313559789379855,0.000160807629910512,0.000656692198988556,-6.65807126698323e-16,-1.05059323081196e-17,-5.85090363191351e-17,-1.23118352463312e-19,3.03395560011698e-05,-0.000150392824525887,3.0614815277367e-17,-3.5627285102354e-17,1.47603961388534e-16,-4.04226909172446e-16,6.00553135866877e-16,3.16833106943172e-16,-4.30380828631699e-16,-2.55768525926706e-16,1.88151670994357e-17,5.85039303921441e-17,7.69340232047437e-17,3.97468516433186e-16,9.84414382904926e-17,-2.21791164127273e-16,-1.86165407003074e-16,2.46927179323956e-05,-6.8738417735581e-17
"t120",0.0768716664057751,0.0706962893984291,0.129452520745865,0.132089412937735,-0.185054641140776,-0.000459568932258115,0.0252122040419135,0.000293097476526401,0.00955128315244001,-6.46134725369788e-05,0.0265071550869287,-0.000845264088840798,7.01570248948356e-05,0.00721646477942576,-0.333528165650402,-0.33670531240704,-0.0263922279166476,-0.00120343431076669,-0.00251252532670288,-0.158092427920581,0.000652830916671294,-0.00224142810953624,4.36010455939382e-05,-0.0013142121348073,0.000119642342420834,-0.00104206217904831,0.000818110711538937,0.00128197077030836,-0.000457416303508944,0.00035063040036631,-0.00264131748845647,-0.0022369492320058,-0.000455951125209807,-5.01159522638836e-17,4.6727402402857e-05,-0.00126386800330632,0.00344770554857519,-0.000453579650383048,-9.91057333771821e-05,-2.60119628987441e-05,0.00944076769730767,-1.59882837424287e-07,0.000250276027322028,0.00582001512052286,-0.00565578628075963,0.00612480493034036,6.44743947416884e-16,-7.77424278708492e-05,-0.00166470014690457,0.000169226545063551,-0.00362817031755159,-1.19683165290207e-05,8.48353916890242e-18,6.5071170743104e-05,0.0162563040825222,-2.65887372339485e-06,2.51651099903371e-06,0.0017517706920866,6.9973182381259e-16,1.9356533298774e-06,-8.20105985258231e-07,2.42228916476705e-05,2.84725383013365e-05,0.000197083920823575,3.47069111534747e-05,-1.38565596031776e-06,1.13165632990305e-15,-1.08114953263887e-06,0.00376508302304607,-3.34160202860321e-06,-0.000142723622313781,-0.000112369176558372,-0.0101675325416571,-0.011094621777952,0.00856814001164785,-2.03128883762959e-06,0.00036482702853356,1.9254914082438e-09,0.0150677634523262,-4.11116481664875e-06,-0.000437820192744836,-0.000496805452626802,-2.65924465176256e-05,-4.33680868994202e-16,0.020583185077347,0.398246534838135,0.0001057291430908,7.4488105606535e-07,-5.01467572003977e-09,5.64932200792738e-06,-3.2542842912961e-16,3.06301163414601e-17,-1.68497907499917e-16,-3.52512971961681e-16,-9.59102982026564e-05,1.02660158167369e-08,-3.68812593403942e-16,5.2317890007757e-17,-2.7148422399037e-16,5.28721040404654e-16,-2.14129929065887e-16,-1.95237675881667e-16,5.33427468862868e-17,6.34079759505194e-16,4.33434658784665e-16,-1.33299311326951e-15,-1.53491319161312e-15,-6.85562717706034e-15,3.26035950876766e-15,-0.707106781186548,-4.05155255215478e-15,3.26227072074831e-08,-8.11850586757146e-16
"t121",0.0768716664057751,0.0706962893984291,0.129452520745865,0.132089412937735,-0.185054641140776,-0.000459568932258116,0.0252122040419134,0.000293097476526404,0.00955128315244002,-6.46134725369538e-05,0.0265071550869287,-0.000845264088840823,7.01570248948248e-05,0.0072164647794258,-0.333528165650403,-0.33670531240704,-0.0263922279166477,-0.00120343431076673,-0.00251252532670291,-0.158092427920581,0.000652830916671289,-0.00224142810953631,4.36010455939783e-05,-0.00131421213480731,0.000119642342420833,-0.00104206217904829,0.000818110711538987,0.00128197077030844,-0.000457416303508886,0.000350630400366299,-0.00264131748845644,-0.00223694923200582,-0.000455951125209768,1.52666590684051e-17,4.67274024026727e-05,-0.00126386800330634,0.00344770554857518,-0.000453579650383002,-9.9105733377208e-05,-2.60119628987746e-05,0.00944076769730761,-1.59882837273511e-07,0.000250276027322034,0.00582001512052292,-0.00565578628075969,0.00612480493034033,1.03510222912476e-16,-7.77424278709795e-05,-0.00166470014690464,0.000169226545063613,-0.00362817031755155,-1.19683165286386e-05,8.27830604925016e-17,6.50711707429872e-05,0.0162563040825223,-2.65887372360996e-06,2.51651099879378e-06,0.00175177069208664,6.94932023415321e-16,1.9356533303037e-06,-8.20105985325885e-07,2.42228916475255e-05,2.84725383011884e-05,0.000197083920823641,3.47069111532611e-05,-1.38565596034899e-06,1.52974513622389e-15,-1.08114953261112e-06,0.00376508302304628,-3.34160202846226e-06,-0.000142723622313946,-0.000112369176558273,-0.0101675325416569,-0.0110946217779521,0.00856814001164775,-2.03128883733382e-06,0.000364827028533567,1.92549154572064e-09,0.0150677634523261,-4.11116481674091e-06,-0.000437820192744903,-0.000496805452626874,-2.65924465177483e-05,-9.11814027060309e-17,0.0205831850773472,0.398246534838135,0.000105729143090633,7.44881056001165e-07,-5.01467588804028e-09,5.64932200838352e-06,-7.90976955020745e-17,-1.40909334726089e-17,-7.65575632553152e-17,-3.17818502440386e-16,-9.59102982027851e-05,1.0266015904991e-08,1.75865419694088e-16,3.14528128616976e-17,9.98279150316028e-16,-1.80943491478491e-16,8.81131105578969e-16,-9.48646506394578e-19,-1.37585255688411e-16,-9.88537211585148e-16,-5.67405495557198e-16,1.28557112668453e-15,1.59829024123319e-15,6.70470623465036e-15,-3.2476114649295e-15,0.707106781186548,4.09025063914865e-15,3.26227068709467e-08,2.77555756156289e-16
"t79",0.0766480632086972,0.0704036703120086,0.128397470972934,0.130852217454117,-0.183278641211936,-0.000453616080045927,0.0248647533941593,0.000288887374452613,0.0093560531445042,-6.32648006151924e-05,0.0258766180534396,-0.000819614833600049,6.78709455610189e-05,0.00695868367885064,-0.320259183324001,-0.322819381512481,-0.0252513260289817,-0.0011440568904158,-0.00237679602127065,-0.149426998875966,0.000609066400017225,-0.00207875966671783,4.02755143729342e-05,-0.00121297031539901,0.000110100919906922,-0.000958415108126006,0.000751326305063262,0.00117246709835633,-0.000414275730886151,0.00031737479275347,-0.00237583051429214,-0.00200993984269592,-0.000403304379409372,3.49365849001035e-17,4.08152120910522e-05,-0.00110107282593759,0.00299405361515152,-0.000391574955078522,-8.53927976854827e-05,-2.23616952835584e-05,0.00793012426436226,-1.33700890701445e-07,0.000208372311465697,0.00476338261647785,-0.00456509627809515,0.00493257933092228,-7.75296813701087e-16,-6.12689299344758e-05,-0.0012964193248253,0.000129338701920329,-0.00275551256203098,-8.93032733114058e-06,6.34144370198647e-17,4.71566718813988e-05,0.0115636990813252,-1.8846977528561e-06,1.76195372193733e-06,0.00121439546182558,-1.4971591046944e-15,1.32480873795814e-06,-5.16581832136175e-07,1.40803371028978e-05,1.63689976260847e-05,0.000106623782363181,1.87478721137314e-05,-7.2494915425575e-07,-2.6676330094342e-15,-5.19894297997241e-07,0.00143397636940714,-1.10679237633757e-06,-4.72124695116166e-05,-2.99144191672459e-05,-0.00188910927672634,-0.00152007826015048,0.000993872241162566,-2.12731466068573e-07,2.20626457536482e-05,9.98581985330038e-11,-0.000801473031169151,5.80606274759948e-07,0.000196084857833349,0.000239584638648969,1.48174599324253e-05,6.83047368665868e-16,-0.022569965453712,-0.825346594807897,-0.000237659283524097,-2.97096718003109e-06,1.59901806664764e-07,6.82290210285757e-05,3.70037595614759e-16,3.16040217604516e-17,2.59615781295633e-16,6.26099020776567e-16,-0.000422702128079753,4.05231999831002e-08,2.15385025299035e-16,-4.73495624206897e-17,-3.25640122506021e-16,-2.89525305577749e-16,8.1748843805407e-17,2.85212027626734e-16,-2.28441397742696e-16,3.57117539219169e-16,-5.78054884106489e-17,1.54132467829497e-16,5.77609110463745e-17,-1.83880688453542e-16,4.11349114582234e-17,-9.46041844083492e-17,2.32557738223895e-17,6.32699114141988e-08,-1.35308431126191e-16
"t67",0.0787825065940766,0.0733130551762905,0.140530604588719,0.145789123510572,-0.204925356212606,-0.000537867063618512,0.0299859204106007,0.000352806183051669,0.0136751880253201,-9.4109252540294e-05,0.0445560548349564,-0.00314549612492975,0.000807553528220156,-0.0241452264678837,0.236054083286594,0.142714609444435,0.00433134305504899,-0.000388455126659134,-0.00240012692152357,-0.207054172535323,7.90720044655333e-05,-0.000499003707477123,1.14574535852938e-05,-0.000354207994928701,3.47319395881611e-05,-0.000306162642295051,0.000247350260295324,0.000412946643583108,-0.000161414891473442,0.000124201875180752,-0.000966754181593822,-0.0008223638365731,-0.000174055360670364,4.20972786220772e-17,1.7965888225396e-05,-0.000485841992266686,0.00132417541110076,-0.000173640892881202,-3.78836851859022e-05,-9.9233617166523e-06,0.00348602680306069,-5.85411884438638e-08,9.08280038695411e-05,0.00203044948672207,-0.00190102215884906,0.0020454851285279,1.45644369214819e-16,-2.42712477414595e-05,-0.0004987897952555,4.72815778227418e-05,-0.000988971200672583,-3.04124180054623e-06,-2.52372894656834e-16,1.52557685699022e-05,0.00544571007162548,-1.85581498635817e-06,1.92647461821991e-07,0.00017234572175283,-4.97003907313813e-17,1.83089102151826e-07,1.49507034582358e-08,-3.76018524396676e-06,-4.99345519539181e-06,-5.75782148557295e-05,-1.0246606333069e-05,5.00135502339016e-07,6.58721176793265e-17,5.9418025341075e-07,-0.0046117238239351,5.98924426038067e-06,0.000256655284153179,0.000351968742612116,0.0910935259588922,0.792472148414621,0.365536382411915,-4.77266907316747e-05,0.00325394471147797,1.54341415307957e-08,0.0576656581967837,-1.14741628705892e-05,-0.000676366522501992,-0.00073199165360172,-3.55387959721627e-05,5.35812713642336e-16,0.0145769068223888,0.0053627577313862,-9.93829876470497e-06,-8.01245329761641e-07,7.70774451529715e-08,3.90904676285897e-05,6.4099532757733e-16,-4.8757586805244e-17,-1.45514728026714e-16,9.4932223425677e-17,-0.0203073177234055,2.69849856357821e-08,1.73334364140809e-17,2.04894723578204e-16,8.95550994473027e-17,-4.63315414788285e-17,-5.43402128849735e-16,-5.09012711558594e-17,7.32920668600201e-17,3.06758674500501e-16,-2.72547808622484e-17,-5.01897514434274e-16,-2.1932084369396e-17,-1.38777878078145e-16,4.17035563738604e-17,3.91625606166951e-16,3.7882347954893e-16,4.89945001305725e-08,-4.30211422042248e-16
"t92",0.0792797786612336,0.0739737721571526,0.143052387725467,0.148805949797511,-0.209273211326244,-0.000553415987960973,0.0309103457950928,0.000364161770760022,0.0143125615847642,-9.85939864034913e-05,0.046996481454663,-0.00336957678738431,0.000869746347978652,-0.0262031146047611,0.258740754938683,0.156996884968493,0.00478850898139488,-0.000436158394718947,-0.00272769175502258,-0.235799686798004,9.30495422653676e-05,-0.000596306190598805,1.38355534583046e-05,-0.000428661270800722,4.23616358519392e-05,-0.000373982204098492,0.000303339828745669,0.000512082210928699,-0.000205610483323159,0.000158467652197949,-0.00125548313500967,-0.00107125046035517,-0.00023736251749012,-6.03722247716058e-17,2.5459785454084e-05,-0.000694152985604067,0.00191108366732289,-0.000255399915088654,-5.60720639455666e-05,-1.47977495156544e-05,0.00562722826613515,-9.60295175343561e-08,0.00015141027082649,0.00361297404122178,-0.00357905981799201,0.00388754909175935,-4.13849852460029e-16,-5.07753424558218e-05,-0.00110483000281515,0.000115443794400891,-0.00250100092619838,-8.54664343932342e-06,1.75014592054397e-16,5.25459039112392e-05,0.0219142601471869,-7.71434062627613e-06,9.05158134260724e-07,0.000904940758447541,-2.49554795232304e-16,1.13309048337985e-06,-5.69784452553873e-07,1.80347405550128e-05,2.13809948986371e-05,0.000154987413755314,2.73252757906498e-05,-1.11766865526844e-06,-4.55274841503603e-16,-9.31058484247849e-07,0.003985192287944,-4.10636147538633e-06,-0.000175644487346066,-0.000184400411405275,-0.0353482881692946,-0.258973043865111,-0.111092612639865,1.39547026076284e-05,-0.000818158942561875,-3.76868850536505e-09,-0.00980873276287216,1.41413366136814e-06,1.26072437521128e-05,7.62524332280679e-06,-2.09901013105689e-07,-2.80591522239249e-16,0.00120575822073326,0.00078340587017835,-1.52180680293511e-06,-1.56588048003808e-07,2.0355003092857e-08,1.27323541058927e-05,1.79789173158545e-15,4.99798302767021e-17,1.6043665420914e-15,6.85282462953364e-17,-0.400538231375558,-9.91285959567323e-10,-3.03427418037544e-14,0.707106781186547,-9.54011175613445e-15,2.10259057659397e-14,-2.60208521396521e-18,-7.78518826413741e-16,-3.76868675155961e-16,3.29700239925652e-16,-4.4533463122961e-16,-1.05591127204721e-16,2.38986779776836e-16,-5.82867087928207e-16,1.85663082211122e-16,-1.41261918706647e-16,-2.12592804739599e-16,2.06001183472582e-08,5.55111512312578e-17
"t93",0.0792797786612336,0.0739737721571526,0.143052387725467,0.148805949797511,-0.209273211326244,-0.000553415987960957,0.0309103457950928,0.000364161770760028,0.0143125615847642,-9.859398640348e-05,0.046996481454663,-0.00336957678738432,0.000869746347978677,-0.0262031146047611,0.258740754938683,0.156996884968493,0.00478850898139491,-0.000436158394718951,-0.00272769175502259,-0.235799686798004,9.30495422653589e-05,-0.000596306190598833,1.38355534583141e-05,-0.000428661270800698,4.23616358519354e-05,-0.000373982204098509,0.000303339828745652,0.000512082210928739,-0.000205610483323141,0.000158467652197948,-0.00125548313500968,-0.00107125046035515,-0.000237362517490068,-3.64908604277834e-17,2.54597854541169e-05,-0.000694152985604074,0.0019110836673229,-0.000255399915088668,-5.60720639455688e-05,-1.47977495156836e-05,0.00562722826613518,-9.60295171752932e-08,0.00015141027082652,0.00361297404122179,-0.00357905981799198,0.00388754909175941,-2.02213588390868e-16,-5.07753424558647e-05,-0.00110483000281508,0.000115443794400786,-0.00250100092619837,-8.54664343932429e-06,1.13620614508587e-16,5.2545903911419e-05,0.0219142601471871,-7.71434062620674e-06,9.05158134111104e-07,0.000904940758447634,-3.56165052081255e-16,1.1330904836817e-06,-5.69784452477545e-07,1.80347405549663e-05,2.13809948986622e-05,0.000154987413755102,2.73252757912248e-05,-1.11766865583396e-06,-4.01448701163056e-16,-9.31058483951211e-07,0.00398519228794404,-4.10636147532041e-06,-0.000175644487346258,-0.000184400411405972,-0.0353482881692946,-0.258973043865111,-0.111092612639865,1.39547026075729e-05,-0.000818158942562234,-3.76868866669433e-09,-0.00980873276287185,1.41413366099031e-06,1.26072437528033e-05,7.62524332296075e-06,-2.09901012464031e-07,3.51281503885303e-17,0.0012057582207333,0.000783405870178445,-1.52180680308721e-06,-1.56588048201567e-07,2.03550030165156e-08,1.27323541061907e-05,9.93847400469783e-16,7.486050585132e-16,3.99308076851163e-15,1.1215053962133e-15,-0.400538231375557,-9.91284823323446e-10,2.91007292650239e-14,-0.707106781186548,9.23349938175555e-15,-2.13909970150345e-14,4.85722573273506e-17,7.34160044636591e-16,2.13370987545147e-16,-5.99623652225429e-16,2.70833525617111e-16,2.28698895758661e-16,2.5952289303659e-17,3.88578058618805e-16,-2.43937364388028e-16,-1.12169301591527e-16,2.45831835172794e-17,2.06001183333804e-08,-1.66533453693773e-16
"t89",0.0792438959162417,0.0739261497336981,0.142871301044969,0.148589559303117,-0.208961415891053,-0.000552304411820121,0.0308443105232922,0.000363351037698602,0.0142673133428654,-9.82757360648819e-05,0.0468237722895158,-0.00335381561853542,0.000865381069995021,-0.0260590971996324,0.257159122627365,0.156002540840716,0.00475674023608365,-0.000432862518875712,-0.00270515983802936,-0.233823874438652,9.20998828231462e-05,-0.000589730044932055,1.36753968441351e-05,-0.000423650765334599,4.18495078295134e-05,-0.000369432221162737,0.000299588406282109,0.000505463958601774,-0.000202685106031145,0.000156200705567311,-0.0012364855418188,-0.00105488968877482,-0.000233256943260591,5.98241612773428e-18,2.49789994096281e-05,-0.000680818128196536,0.00187361497374013,-0.000250206465209561,-5.49185988781963e-05,-1.44892224909919e-05,0.00549430663929517,-9.37109443469975e-08,0.000147677040665823,0.00351681986198483,-0.00347825211735884,0.00377708919910252,2.36033976433423e-16,-4.92135169424843e-05,-0.00106945540394734,0.000111523777204282,-0.00241447432797169,-8.23590643802326e-06,1.33054526773822e-16,5.04878552993316e-05,0.0210180735131232,-7.39637527367998e-06,8.66842242496207e-07,0.000865834651315423,5.52262414680098e-16,1.08285611952891e-06,-5.40652372380337e-07,1.70068038816934e-05,2.01461389680658e-05,0.000145419794881401,2.56358096251434e-05,-1.04637163806862e-06,9.16035514502921e-16,-8.67194789914982e-07,0.00366843251623423,-3.7586990518472e-06,-0.000160766078159504,-0.00016757703028595,-0.0318473427076831,-0.232139229669131,-0.0993667423576109,1.2467427225455e-05,-0.000727704167101588,-3.3491470031316e-09,-0.008628016522323,1.23369478206891e-06,1.07101979150086e-05,6.45981371337687e-06,-1.76764168155654e-07,-1.73038666728687e-16,0.000977124945419502,0.000601262914002579,-1.15845299753997e-06,-1.11828597035291e-07,1.18971788024726e-08,4.92989914978791e-06,-3.30281928214293e-15,-6.96611525610106e-16,-5.5034886532897e-15,-1.3741943989042e-15,0.823847372348029,2.89778392982554e-08,1.18440821635659e-15,8.22587908487193e-16,3.77302356024956e-16,4.45801461382879e-16,7.3595643468316e-16,2.46195434340056e-16,4.62737487216813e-16,-5.78478206572674e-18,-9.32131758597298e-17,4.05000333400171e-17,-9.00902087038895e-17,-2.91433543964104e-16,4.94467175596137e-18,-6.72881451317602e-17,-1.02250076000573e-16,2.50564158379984e-08,-4.16333634234434e-17
"t42",0.0766423147113944,0.0704263672935704,0.128930092487103,0.131680908809675,-0.184527961316675,-0.000461338373286964,0.0253793770844205,0.000295715778078165,0.0101331373249388,-6.89927328584742e-05,0.0301217554521177,-0.00161860910423107,0.000359440514723048,-0.00798034994203685,0.0331430844833829,0.0080514734579261,-0.000331511992564968,0.000273933015051093,0.00409400303798027,0.409384402380241,0.000790146469185215,-0.00224769160798425,4.02759060999696e-05,-0.00119637464954473,0.000103876020069639,-0.000897142617385287,0.00068954359702453,0.00102346002388096,-0.000326197685849159,0.000248434456792856,-0.0017469732228932,-0.00146205439705184,-0.000247631306109734,3.9268085111951e-17,2.11636470962163e-05,-0.000547903025871561,0.0014116824964497,-0.000164880005159998,-3.44966763136598e-05,-8.5726144331891e-06,0.00112784346867018,-1.17076690224965e-08,6.36790825693664e-06,-0.00107843378919413,0.00222904524691208,-0.0026451275483773,5.17134250005882e-16,6.79039947283308e-05,0.00199626672591478,-0.000323736388386232,0.00811935113310934,4.25524245336473e-05,-2.11790912586888e-15,-0.00065155994025433,-0.859924828784529,0.00047301974784391,6.86316687866844e-05,0.0262376512729151,1.91803276667501e-15,1.91216324589337e-05,-3.26074618705284e-06,7.22781234832523e-05,8.2746597687997e-05,0.000510193358274822,8.96291614752042e-05,-3.41697711595326e-06,2.77411660171946e-16,-2.42848911215232e-06,0.0072771293112735,-6.12115346925769e-06,-0.000261333992476784,-0.000194712919019186,-0.0170919032504399,-0.0253518389066446,0.00898881237476924,-2.5191344399482e-06,0.000491747076055449,2.59684682091255e-09,0.0194800662349919,-5.04702952876507e-06,-0.000441031895892152,-0.000488797988754728,-2.48235747242988e-05,2.18575157973078e-16,0.0121657073707757,0.00501369264935187,-9.39450656204033e-06,-8.04246109060297e-07,8.33191775530864e-08,4.40045378678297e-05,-6.90843397712831e-17,8.03409229825879e-17,1.22563369534593e-16,2.45553666611762e-16,-0.000635076477073431,3.3145380218258e-08,2.44666064840424e-16,-8.65436664719322e-17,6.04984812246911e-17,2.50009828882546e-16,-1.70870262383715e-16,7.09972320094294e-17,4.05491612509579e-17,-2.39834551091453e-16,-1.02522833133084e-16,-1.36190192424283e-16,1.0937158367497e-16,2.42861286636753e-17,-5.26005074761287e-17,1.59171776175669e-17,-5.45405276339668e-16,6.57610472049042e-08,-3.46944695195361e-16
"t122",0.0774270436674864,0.0714600890500079,0.132749145451969,0.136197617892605,-0.191022694697757,-0.000483724198597589,0.026696566207083,0.000311773031838698,0.0109480637829353,-7.46752463807848e-05,0.0330057456097335,-0.00182563011244753,0.000409616563149955,-0.00923025022689448,0.039105701947164,0.00957010354152404,-0.000398088019007114,0.000339921454095539,0.00521762760142909,0.524176377972119,0.00109351512202745,-0.0032353885215014,5.96154858946082e-05,-0.00178140955853988,0.000158054432810016,-0.00137087817646348,0.0010655849921604,0.00163384183796406,-0.000566476255497721,0.000433777598252047,-0.00324197268782803,-0.00274332684898663,-0.000558676300049357,5.30959716325344e-17,5.78228986536575e-05,-0.00156852488253114,0.0042954540109278,-0.000569744624921567,-0.000124852215738879,-3.28882210405461e-05,0.0124991124709108,-2.13987642575337e-07,0.000338793791621234,0.00828855495227224,-0.0084683768516472,0.00925313137979535,-1.24688261545222e-16,-0.000129979258636194,-0.00298581815924561,0.000349394280969932,-0.00794276784693242,-3.22941802151019e-05,8.72440798914276e-16,0.000339651389028577,0.358233344399265,-0.000188980599538063,-2.37075544056828e-05,-0.00806000975797055,-9.7068783674939e-16,-5.04267584455764e-06,2.59552366842219e-07,1.20458598632488e-06,2.19936996642429e-06,3.67066026788869e-05,6.53617119938509e-06,-3.13646857125205e-07,-1.21805790925244e-16,-3.17632576640053e-07,0.00141045797498956,-1.32053541445493e-06,-5.64219478671012e-05,-4.64576977792313e-05,-0.00445249371175404,-0.00687841796515387,0.00247661296602531,-6.99502098012311e-07,0.000140405623313272,7.45160001411338e-10,0.00588456676296303,-1.57590492195075e-06,-0.0001485020111689,-0.000165578440329502,-8.51014969120888e-06,-9.60603124822157e-17,0.00441396999837107,0.0019057968877032,-3.58930465509905e-06,-3.16631343925261e-07,3.42646933509507e-08,1.86180882155315e-05,-2.88360579058247e-16,6.68235724124197e-18,-1.85570965025573e-18,-1.42869514495768e-16,-0.00028070652043003,1.47860290877419e-08,-1.1373244950545e-16,4.41509148094448e-17,5.07623457157713e-16,-3.62011081019737e-16,-6.20163642661709e-17,-1.61994721932282e-16,-8.67361737988404e-18,4.22467100191255e-16,2.77959269483442e-16,-3.29802442408829e-16,-2.35572015017833e-16,7.63278329429795e-16,1.91222857848288e-15,-3.56473759413671e-15,0.707106781186548,3.31250345902978e-08,-1.66533453693773e-16
"t123",0.0774270436674864,0.0714600890500079,0.132749145451969,0.136197617892605,-0.191022694697757,-0.000483724198597583,0.026696566207083,0.000311773031838687,0.0109480637829353,-7.46752463807784e-05,0.0330057456097335,-0.00182563011244753,0.000409616563149957,-0.00923025022689447,0.039105701947164,0.00957010354152405,-0.000398088019007117,0.000339921454095546,0.00521762760142908,0.52417637797212,0.00109351512202746,-0.0032353885215014,5.96154858946178e-05,-0.00178140955853991,0.000158054432810019,-0.00137087817646347,0.00106558499216039,0.00163384183796405,-0.000566476255497717,0.000433777598252038,-0.00324197268782804,-0.00274332684898662,-0.000558676300049377,-4.57198686815998e-17,5.78228986535569e-05,-0.00156852488253114,0.0042954540109278,-0.000569744624921562,-0.000124852215738807,-3.28882210405224e-05,0.0124991124709108,-2.13987642527384e-07,0.000338793791621256,0.00828855495227221,-0.00846837685164725,0.00925313137979537,-3.60610654278206e-16,-0.000129979258636188,-0.00298581815924548,0.000349394280969953,-0.0079427678469324,-3.22941802152355e-05,9.57690116683771e-16,0.000339651389028728,0.358233344399266,-0.000188980599538112,-2.37075544055939e-05,-0.00806000975797059,-5.87448591329405e-16,-5.04267584458713e-06,2.59552366769361e-07,1.20458598634461e-06,2.19936996638439e-06,3.67066026788661e-05,6.53617119919774e-06,-3.13646856944794e-07,3.65804484650859e-17,-3.17632576759749e-07,0.00141045797498962,-1.32053541448615e-06,-5.64219478673249e-05,-4.64576977793969e-05,-0.00445249371175408,-0.00687841796515393,0.0024766129660261,-6.99502098199661e-07,0.000140405623312935,7.45159716916688e-10,0.00588456676296315,-1.57590492204038e-06,-0.000148502011168723,-0.000165578440329199,-8.51014969115255e-06,-6.96057794735694e-17,0.00441396999837092,0.00190579688770319,-3.58930465495546e-06,-3.16631343824647e-07,3.42646932965034e-08,1.86180882156633e-05,-9.40715497639997e-17,-1.0967083534202e-17,-1.26755799927615e-16,-1.46338961448421e-16,-0.000280706520430006,1.47860291146301e-08,-9.70667051856898e-17,5.15966985789057e-17,-4.41053443767103e-16,4.38075912120446e-16,7.28583859910259e-16,2.23113889708992e-16,8.89045781438114e-17,-1.40450667860952e-16,-4.03728928974496e-16,2.15009149265137e-16,2.60134297353442e-16,-1.04777297948999e-15,-1.86709563653619e-15,3.71827763224001e-15,-0.707106781186548,3.31250348609147e-08,-9.71445146547012e-17
"t4",0.0572431466752994,0.0453360356210211,0.0213673819771362,0.00966442416338462,-0.00975592967948987,0.00012858468900758,-0.00930115286508216,-0.000127008842681432,-0.0117726360940966,8.43350132733843e-05,-0.0533145401614668,0.0040597058927762,-0.00106068757330692,0.0286446096591206,-0.078713052402164,0.0819533389544268,0.0195788180469469,0.0079449066378922,0.00196513999567156,0.00174818738292222,-0.00231763362696409,0.00874958884502904,-0.000181421430847063,0.00553924512407326,-0.000635962674274837,0.00463070738329433,-0.00371509658193295,-0.00616759971230313,0.00292504714421531,-0.00225475189397556,0.0158961468360063,0.0158583046465996,0.00312057269266898,-2.16181978652623e-16,-0.000354087957991083,0.0097655549540823,-0.0272615946551342,0.00423924487567472,0.000826054986589472,0.000220151080605516,-0.0916692886663748,1.59125624885312e-06,-0.00326549374674921,-0.0693565739676648,0.0633650034154046,-0.0694675139118977,9.21050354641719e-17,0.00127123338309505,0.0213080103927792,-0.00226974425650575,0.0492838136348759,0.000166568362444035,-4.95909808655378e-16,-0.000991896880275422,-0.0161179201580493,-9.63351561749856e-05,-6.41811838239131e-05,-0.038838236205322,5.5912985898213e-17,-4.07932784806013e-05,1.78846946362471e-05,-0.000570056659558144,-0.000676571505569607,-0.0049179029955759,-0.000867044196821278,3.54153963715853e-05,-2.62350466112343e-15,2.91086581457288e-05,-0.111831075968463,0.000102992646970099,0.00440016430761578,0.00359004595870554,0.325611165436742,0.184066487107849,-0.402579865747616,8.58544338882411e-05,-0.0158005278753929,-1.74271452848401e-07,-0.559393190424117,0.000153998103119175,0.0160227147288065,0.0180500792472657,0.000704537068280478,-7.18652568010292e-15,-0.556986802049447,0.0337804164414606,0.000640984106141785,5.68486798936535e-05,-8.08468079412154e-06,-0.00407407729355113,4.37382490668551e-16,8.31436261723819e-17,-3.79978757750872e-17,1.58204110497237e-16,-0.000781209605328247,-1.49671908900202e-05,6.61170362185889e-17,-5.0783768279992e-17,-5.33427468862868e-17,-5.84390010334869e-16,9.32413868337534e-17,4.55581427752094e-16,6.00648003556969e-17,4.74685947135918e-16,3.94051746594737e-18,-2.05906086180995e-16,-1.70130361342172e-17,-1.14491749414469e-16,1.19134507915366e-16,-1.72246177965954e-16,-1.4275765744304e-16,5.52936549838567e-06,-1.45716771982052e-16
"t18",0.0628291670824582,0.0529196246649506,0.0159148501425426,0.00932649750596168,-0.00963053353437781,0.000151652536424849,-0.0113110638180302,-0.000157704697226983,-0.018302725531667,0.000133694592758807,-0.104240336979007,0.00834399685788813,-0.00247478476742166,0.0808808777008158,-0.301567844149513,0.359718696052024,0.10727946484131,0.188658768219384,-0.305617496736457,-0.0172845026724286,0.00577365700918627,-0.0157447944205434,0.000272640927424407,-0.00804109466334495,0.00109716218256298,-0.00584949108488621,0.00444130181491388,0.00637271326886858,-0.00281193509543847,0.00212431553333882,-0.0101016338257014,-0.0120789886849064,-0.00105022837961436,3.34653325792751e-16,5.98020170680495e-05,-0.00130891315497931,0.00247402851503543,-3.29246433554821e-05,1.87761400336716e-05,1.2903791225843e-05,-0.0573423753986352,1.3312168422566e-06,-0.00503381557530005,-0.713883495530327,-0.203135935402748,0.188906501666986,-1.19103168480863e-15,-0.0022124972008133,-0.0208867446561733,0.0017469539674081,-0.0355793351588037,-0.000103506059645672,2.34211696381741e-17,0.000630045859412447,0.00756398029247213,4.44813213375458e-05,2.80945385452594e-05,0.0163393290080044,-5.33406653989119e-17,1.63676873425698e-05,-5.66720576321462e-06,0.000154362684343584,0.000179920014962321,0.00119701082470488,0.000210611017445796,-8.2648938081048e-06,4.04386502664676e-16,-6.20936514674625e-06,0.020113025877592,-1.7292968390533e-05,-0.000738406932870501,-0.000557635876220346,-0.0467111662191471,-0.0254362645735914,0.0550062001077272,-1.16881562419041e-05,0.00236906849423849,4.09472392971788e-08,0.0641088029681922,-1.68728441265293e-05,-0.0015260891148233,-0.00169677099776721,-3.29183037176809e-05,5.41667405373758e-16,0.0439517820589512,-0.00228704154165984,-4.25771535080904e-05,-3.33725475666971e-06,3.78478020364498e-07,9.01468219939587e-05,-5.30224025631824e-17,-2.82533375188336e-17,1.63807209433443e-16,-8.33359986476986e-17,1.96988758801301e-05,3.33265477301531e-07,-7.75447281770087e-18,2.51957198329009e-17,1.20996962449382e-16,1.39365910779769e-16,1.25767452008319e-16,1.50685372191793e-17,5.89805981832114e-17,3.20348961392743e-17,-9.91010427657907e-17,-5.67977942781371e-17,1.50842078936438e-17,-3.60822483003176e-16,-1.52265722787879e-17,1.04798140134717e-16,6.95159474376854e-17,1.18338147413188e-07,-2.77555756156289e-16
"t19",0.0634483083676403,0.0536685533850536,0.0163721366012423,0.00963740330825886,-0.00996008169776082,0.00015884596989679,-0.0118857152609216,-0.00016609548659602,-0.0197606443287006,0.000144610105073212,-0.114188941314999,0.00942227357029519,-0.00282557330731172,0.093837585285991,-0.357618220944888,0.430079244621136,0.129740744684599,0.236883117204426,-0.395971046044742,-0.0225192737894991,0.00828560845683188,-0.0237969705446083,0.000428093120978999,-0.0127307970986975,0.00179093997381315,-0.00960668005545415,0.00741365007575999,0.0111625226710099,-0.00563097790742243,0.00429296647268722,-0.0227246465308844,-0.0277330942705998,-0.00360112129311324,-1.06964311037549e-16,0.000385851233856599,-0.0105797088961386,0.0294148360823085,-0.00552987491715737,-0.000893927977673471,-0.000239764792367959,0.124457401340156,-2.38198850935836e-06,0.00758516065118444,0.610548612238906,0.116114740030866,-0.101346733639609,7.60820230501502e-16,0.00063533362722094,0.00406948682378495,-0.000150542038306911,0.0020197593803594,-1.23168081261893e-06,1.05776737824683e-16,5.97124508689453e-05,0.00101727062317229,6.27921144122703e-06,4.57141423338011e-06,0.00291365369835368,-2.51974085861906e-17,3.21545403470132e-06,-1.57617728803287e-06,5.00552650750081e-05,5.9224019889025e-05,0.000421283018436842,7.42285115808523e-05,-2.99271984072896e-06,1.75252852318022e-16,-2.37451068672151e-06,0.00837182722336804,-7.40668628741465e-06,-0.00031633252781163,-0.000245956513684469,-0.0211821135774211,-0.0116918773037649,0.0254166315064707,-5.41521868228055e-06,0.00110834438600205,1.91905073741727e-08,0.030610207249161,-8.15692377255782e-06,-0.000759915169547393,-0.000846967566943999,-1.65121134736265e-05,2.14455189717633e-16,0.0225773219766252,-0.00119899311475741,-2.23722317146121e-05,-1.77754763817754e-06,2.05732079813703e-07,4.9674079281898e-05,-7.40993513113021e-17,-1.38504803849974e-17,-4.87122138182899e-17,-3.33559734092067e-17,1.10916046896357e-05,1.88521287346546e-07,-3.48951693494857e-17,3.05689148441243e-17,5.31259064517897e-18,1.17758177685241e-16,2.97071395261028e-16,-2.85861609200057e-17,1.17310675062932e-16,2.93766838467125e-17,-7.4564000418121e-17,-8.36648323320963e-17,3.94169601828374e-17,-5.55111512312578e-17,-2.07268671136333e-17,3.62618851734918e-17,1.03141437537852e-17,7.13997737496197e-08,-6.24500451351651e-17
"t29",0.101356333488777,0.116796853590676,-0.146546803998187,-0.0331513185771018,0.0306665251631004,-0.000195272377764025,0.0128076457007708,0.000165126351429793,0.0136111451806747,-0.000100940742952826,0.129056143479787,0.000884690176165137,-8.38645468202291e-05,-0.000139164521537744,0.00420815075836046,-0.00534999128599395,-0.0015836258507649,-0.00188614457029026,-0.00593447814220235,0.000177113188472294,6.98176858214897e-06,-1.74119204772831e-05,-2.64571279562321e-07,1.37364234175522e-05,-0.00229795330887391,2.29145013239886e-05,-3.48831862688713e-05,-0.000133106525572161,0.0608473740185235,-0.141219940643637,-0.00193228679775238,-0.00703689669551519,4.36484141826173e-05,-6.17702891939052e-17,-1.95426445644704e-05,0.00071712473177727,-0.00310288818126344,0.222598335796188,-0.00024364960415687,-2.58976050481439e-05,-0.0139858430145885,5.54942605401675e-07,-0.405477553047885,0.00777924606313218,-0.00149597161862393,0.000887459723079216,2.09060065294057e-14,0.826304913511616,-0.00427080430588506,0.000244854305129422,-0.00477387695073945,-1.31381449389365e-05,2.0982351090295e-15,0.0741121631820211,0.000810702617351714,4.81576579427698e-06,3.09546025677935e-06,0.00181190358934977,-3.9580487075224e-16,1.82403426555056e-06,-6.41903546576544e-07,1.77221385058377e-05,2.06946603330223e-05,0.000139092432856598,2.44792567634009e-05,-9.65784507176576e-07,-2.650978796467e-16,-7.35954041979937e-07,0.00248428198107143,-2.19579928451008e-06,-9.37851063939748e-05,-7.44689678064033e-05,-0.00698446587484737,-0.00439388845021139,0.010605794326175,-2.45001082138652e-06,0.00132255964583261,5.97632541093907e-08,0.00327073996161854,-1.3218493982263e-06,-0.000152842774267913,-0.000173421236457986,0.0077262668994743,-1.79977560632594e-17,0.00459927155874649,-0.000247522528350248,-4.62296073385305e-06,-3.69232461812016e-07,4.35540955495854e-08,-0.0131013623390355,-1.60047640277275e-16,2.19235469532521e-17,2.68363832962946e-16,-8.22712375841825e-17,2.19281992126789e-06,3.73663395021769e-08,7.99036228782263e-17,3.73781779653473e-17,6.04984812246911e-17,8.00645879541665e-17,1.28369537222284e-16,-6.34047607958172e-17,-2.25622472094233e-16,8.61543863447901e-17,-6.03126643966846e-17,1.51699365688509e-17,4.6301846690288e-17,-1.59594559789866e-16,5.10542460620331e-17,-7.30280689443833e-17,4.90832318472462e-17,1.39984298406365e-08,-1.94289029309402e-16
"t90",0.103654845540172,0.120628407407852,-0.156557709192668,-0.0358003736318902,0.0331859631940355,-0.00021805781653252,0.0144185318995505,0.000186976625236253,0.0164541560751465,-0.000122641677604903,0.162471349722563,0.00122076293355087,-0.000119972199218941,-0.00021048650175094,0.00692077857309589,-0.009103815180851,-0.00283550772147195,-0.00413657980816059,-0.0166180203564193,0.000524460847597216,-2.29693046695477e-05,4.09500752096559e-06,-1.12672137474179e-07,7.29066181895041e-06,-0.00198170142295132,2.11162057050787e-05,-3.74230496067753e-05,-0.000199020881452527,0.176999044450605,-0.429242014504345,-0.0104936935456605,-0.0437157749177425,-0.000283514833576425,1.0482753521138e-16,5.04835249098522e-05,-0.00166510331293813,0.00648224335828463,-0.412623229460303,0.000447269720261979,4.84879238105805e-05,0.00506594662643535,-2.10068280219107e-07,0.152316793482226,-0.00269385125978856,0.000878484774987767,-0.000856201695213431,-6.36532810289028e-16,0.000105470201649707,9.82905903491871e-06,5.09297128354461e-06,-0.000143817908206455,-7.50298942198135e-07,9.18127467661172e-16,0.0219579989231667,6.91995735031139e-05,4.3930327629782e-07,3.30287609673916e-07,0.000211155952916742,-7.72383256553446e-17,2.32510431134175e-07,-1.13318420713777e-07,3.64899169092196e-06,4.32755457499415e-06,3.12027152291165e-05,5.49971545914761e-06,-2.2334984126765e-07,-4.3145221244196e-16,-1.80614089669538e-07,0.00067053163012362,-6.12515956375376e-07,-2.61678127159321e-05,-2.14993819474444e-05,-0.00208409252133171,-0.00133271285303697,0.00323742666007774,-7.50319068992464e-07,0.000409910062828239,1.85632254307705e-08,0.00103996186921446,-4.27125946026589e-07,-5.19469064772148e-05,-5.96046390546377e-05,0.0044883297195512,3.253690719629e-16,0.0015906902445963,-8.82131765921397e-05,-1.65304199583182e-06,-1.34758310198213e-07,1.65385372089589e-08,-0.00812831829804926,-1.50438187092864e-16,4.20349196940821e-16,2.16846624840153e-15,-1.00244125749569e-15,8.40182501235775e-07,1.44448929800985e-08,0.707106781186548,2.95872886207484e-14,-2.4980018054066e-16,3.07528706087246e-15,6.89552581700781e-17,3.58670286609247e-16,-6.96057794735694e-17,2.7426250522811e-16,3.42896492135448e-16,1.43747420379686e-16,5.37575811848509e-17,-5.77662917500277e-16,-1.983288986863e-16,-2.25252986894574e-16,1.64728034373734e-17,5.95444488854513e-09,-7.63278329429795e-17
"t91",0.103654845540172,0.120628407407852,-0.156557709192668,-0.0358003736318901,0.0331859631940355,-0.000218057816532527,0.0144185318995505,0.00018697662523624,0.0164541560751465,-0.000122641677604938,0.162471349722563,0.00122076293355087,-0.000119972199218969,-0.000210486501750969,0.00692077857309587,-0.00910381518085102,-0.00283550772147195,-0.00413657980816061,-0.0166180203564192,0.000524460847597216,-2.29693046695494e-05,4.09500752092742e-06,-1.12672137412596e-07,7.29066181896602e-06,-0.00198170142295129,2.11162057049789e-05,-3.7423049606836e-05,-0.000199020881452523,0.176999044450605,-0.429242014504345,-0.0104936935456605,-0.0437157749177425,-0.0002835148335764,1.07724715987615e-16,5.04835249098548e-05,-0.00166510331293819,0.00648224335828458,-0.412623229460303,0.000447269720262093,4.8487923810584e-05,0.00506594662643537,-2.10068280260802e-07,0.152316793482226,-0.00269385125978861,0.000878484774987702,-0.000856201695213551,-4.83877144403136e-16,0.000105470201649815,9.82905903488748e-06,5.09297128353178e-06,-0.000143817908206407,-7.50298942338648e-07,5.07559509914681e-16,0.0219579989231669,6.91995735028887e-05,4.39303276429659e-07,3.30287609741787e-07,0.000211155952916764,-8.98570242021133e-17,2.32510430998867e-07,-1.13318420676481e-07,3.64899169091404e-06,4.32755457502668e-06,3.12027152292362e-05,5.49971545918361e-06,-2.23349841135811e-07,2.19356302879261e-16,-1.80614089756274e-07,0.000670531630123546,-6.12515956574869e-07,-2.61678127160795e-05,-2.14993819471688e-05,-0.0020840925213316,-0.00133271285303724,0.00323742666007808,-7.50319068754807e-07,0.000409910062828231,1.85632253136767e-08,0.00103996186921419,-4.27125945792827e-07,-5.19469064771001e-05,-5.96046390546937e-05,0.00448832971955085,-3.58545658440956e-16,0.00159069024459621,-8.82131765924312e-05,-1.65304199595132e-06,-1.34758309950148e-07,1.6538537696589e-08,-0.00812831829804879,9.76272699734699e-17,-2.66821408675583e-16,-2.02262566955309e-15,7.42690559337867e-16,8.40182503336423e-07,1.44448903897226e-08,-0.707106781186548,-2.95375674828389e-14,3.49113099540332e-16,-2.87936811086718e-15,2.66063213127943e-16,-5.76633476322474e-17,1.26526393529058e-16,-2.80090065586245e-16,-4.4695122268433e-16,-8.97880335077976e-17,-2.099537928641e-17,2.9316826744008e-16,1.62535512408088e-16,1.85450419307903e-16,-1.31701793472076e-16,5.95444477058393e-09,-9.0205620750794e-17
"t38",0.103569372482616,0.120498420251083,-0.156332328076892,-0.035750584117178,0.0331404245054291,-0.000217897437836221,0.0144118583533136,0.000186931634251788,0.0165169743516039,-0.000123162639348379,0.163729276918177,0.00124570195296664,-0.000123186606808714,-0.000218494452881081,0.00732166717326997,-0.00971315774814566,-0.00306587160250049,-0.00473993620208735,-0.0204514298755453,0.000655552711943955,-5.10500470256347e-05,4.13790162622253e-05,3.9089025738806e-07,-1.85772076398355e-05,0.00230095057573141,-2.16865405480923e-05,2.85024252198434e-05,7.13160241495652e-05,-0.00608615649008506,0.0110300849128964,-0.000336461019735023,-0.0016162038099472,-1.39362965073274e-06,7.99430181260172e-17,-7.45850593479765e-06,0.000332890148522301,-0.00180630586186427,0.203783384262823,-0.000266600515885144,-3.64198673538818e-05,0.00893027900152189,-2.53158245945265e-07,0.138251349323002,-0.000935284003391084,4.56023571620526e-05,-4.78279808400995e-06,-2.05238005711053e-15,-5.1896363313166e-05,-8.36813002315709e-06,-8.59689614343836e-06,0.000302258366819932,3.05450147250344e-06,-6.71758777699341e-15,-0.920946890112099,0.00103479315310728,5.40234579821802e-06,2.61085472380313e-06,0.00133693668466556,-1.02373868703809e-15,1.20351217715049e-06,-3.35975970357227e-07,8.91028681001364e-06,1.03816661931673e-05,6.9333015624156e-05,1.22012209783345e-05,-4.80947425697542e-07,-8.67551216932485e-17,-3.66895226925484e-07,0.00125064057652866,-1.11181084130538e-06,-4.74890443673983e-05,-3.79909720661783e-05,-0.00359531133883141,-0.00227374906484942,0.00550061511291948,-1.27220402586226e-06,0.000689991819714535,3.12076029922517e-08,0.00172759439181834,-7.05665920705605e-07,-8.99500933285874e-05,-0.000107115169471699,0.02325491537258,3.51498344319801e-16,0.00239978896980053,-0.000134097559633725,-2.51451816627928e-06,-2.06532482258798e-07,2.69431769660187e-08,-0.0404891987745115,-4.33407677078542e-16,-2.36618509785607e-17,2.41144176425003e-16,-6.51269366137508e-17,1.05183932557693e-06,1.83789886092252e-08,-1.82282693946219e-16,4.18585425866354e-17,6.1257422745431e-17,7.67425769363002e-17,1.21430643318376e-17,-3.82097891861365e-18,-6.37510877421477e-17,1.06495787356969e-16,-6.59682174673732e-17,1.8225396167834e-16,4.09831714049048e-17,-4.42354486374086e-16,1.92716939974066e-16,6.46660298860311e-17,6.7781252223183e-17,7.66045758424094e-09,-2.8796409701215e-16
"t62",0.103908167427196,0.121064628653905,-0.157824255990126,-0.0361464045524563,0.0335170650351589,-0.000221328846438314,0.0146549014712836,0.000190232634474885,0.0169526577874623,-0.000126491800113877,0.168893684337682,0.00129861310181959,-0.000128911879937852,-0.000229926466535078,0.00776348202975301,-0.0103284949415027,-0.00327303721828583,-0.00512597613231721,-0.0223548533159967,0.000717914594493396,-5.77278237555278e-05,4.75744593478496e-05,4.5479843417337e-07,-2.16696122862566e-05,0.00270904936962849,-2.55797275366208e-05,3.37830729015822e-05,8.5728709360332e-05,-0.00759060362184591,0.0137894399646442,-0.000432067988349306,-0.00208556698818589,-1.94980156410871e-06,-2.03165826527314e-16,-1.13262584080995e-05,0.000515459144772922,-0.00286796308198214,0.340423777620762,-0.000453429786193,-6.33304014001105e-05,0.0211136983650082,-6.51688903774991e-07,0.392128643035665,-0.00486315570552074,0.00140692192995022,-0.00135413664576327,-2.50563220584077e-15,0.000157008406844442,1.46788298917809e-05,8.04547421339707e-06,-0.000235665859020533,-1.47437495212881e-06,1.90571395869424e-15,0.19831252552764,-0.000117088147650576,-5.25936480257408e-07,-1.27595742959244e-07,-2.14663835505398e-05,-4.87606070654259e-16,2.37756460669432e-08,-5.10451494996345e-08,1.82707971092203e-06,2.17658948089639e-06,1.58110805058703e-05,2.78660596693316e-06,-1.12764328584827e-07,-2.38056499867465e-17,-8.92871697358993e-08,0.000303383038444128,-2.6190697763849e-07,-1.1183486501677e-05,-8.45378775513675e-06,-0.000727658907549551,-0.000429132339315475,0.00100441943893385,-2.28055295184784e-07,0.000114420265939021,5.09193089255622e-09,0.000223986188490771,-7.09808568208307e-08,2.75128218700197e-07,1.57444570451207e-06,-0.000930145039099963,2.76146293332058e-16,-0.000519758692561876,6.75593839937559e-05,1.38537823088299e-06,1.97458531910749e-07,-7.63141457028463e-08,0.773936031701405,3.52777511799002e-15,1.37209954588777e-15,-1.3616532277605e-15,-8.17695985852655e-16,3.80106285967017e-06,5.54705344036482e-08,3.80951333609029e-16,1.57705127191524e-16,1.92174835073056e-16,-2.47413998218798e-16,-1.13841228110978e-16,-1.30736771006221e-16,-3.39030019336217e-16,-2.71107503271363e-17,-1.9292956369817e-16,6.70045412925514e-18,-1.63946084189029e-16,3.13984949151802e-16,-1.34894049101891e-16,1.05442729602232e-16,2.14548025309027e-16,9.83053259628885e-09,-2.08166817117217e-17
"t63",0.104339853336563,0.121780940354588,-0.159668128057937,-0.0366321395306509,0.0339786408374014,-0.000225452360690826,0.0149455529244976,0.000194166781601586,0.0174536882093362,-0.000130310535574901,0.174716438175982,0.00135599128931595,-0.000135038051704151,-0.000241931440729519,0.00821624049458066,-0.0109535517469429,-0.00348095844779663,-0.00549927534949879,-0.0241433252697949,0.000776225147851622,-6.35135158975619e-05,5.27571714775618e-05,5.07009790178719e-07,-2.41836464451896e-05,0.00303506386272727,-2.86793682328359e-05,3.79503848807238e-05,9.68251531355069e-05,-0.00868260044144185,0.0157851823913791,-0.000498618687853525,-0.00241013386058994,-2.29870168337891e-06,-1.47199047522352e-16,-1.35658319134957e-05,0.000619401368903075,-0.00345999428690992,0.413718656076166,-0.000552371725412436,-7.73668998045838e-05,0.0265318012227408,-8.23338242227234e-07,0.498033622523935,-0.00630335715369165,0.00185350493890365,-0.00178863083088762,-3.718988895762e-15,0.000212620202198182,2.01485652774509e-05,1.12780607932877e-05,-0.000332676940572803,-2.12208622127254e-06,2.60144972508975e-15,0.294546269709769,-0.000177355331651459,-7.9958761456389e-07,-1.96484292132489e-07,-3.33958989455199e-05,-1.53364136966634e-15,3.74747950119408e-08,-8.72984349852349e-08,3.36511705338637e-06,4.04845394396921e-06,3.10007944284135e-05,5.47081542946358e-06,-2.27389692812954e-07,-1.65380921747036e-15,-1.92647107872916e-07,0.000773345681682932,-7.28406182312798e-07,-3.11264732227985e-05,-2.64979608973598e-05,-0.0026728930961234,-0.00174808060344976,0.00428646792271553,-9.98395875435182e-07,0.00055596872947591,2.52699367212644e-08,0.00147850601259423,-6.29196737463514e-07,-9.02247502391447e-05,-0.000108677025937962,0.0241660006612476,-4.93745669349899e-16,0.00287824001098724,-0.000193032838933973,-3.71575752568652e-06,-3.71654264471472e-07,8.73576985622586e-08,-0.630845430183739,-2.93171172319814e-15,-1.14715732302826e-15,8.07608265623128e-16,6.54190298863376e-16,-1.67991489102382e-06,-2.09737164584729e-08,-1.48468604410667e-16,-1.11077424886008e-16,-1.72604985859692e-16,-6.52903288552988e-17,4.72278466334686e-16,4.81819759314633e-17,2.19659360145563e-16,7.52604618737776e-17,-3.32704965175875e-17,-2.11399518360413e-16,1.25547325980701e-16,-3.36536354339501e-16,-2.94917042047273e-17,5.81878114658975e-17,-1.8958540543758e-17,1.86666198123686e-09,-2.8796409701215e-16
"t118",0.105790548951494,0.124223585525993,-0.166270911553796,-0.038398201305856,0.0356617540513204,-0.000241150975294498,0.0160641905778831,0.000209425558385737,0.0195662300279078,-0.000146511593696474,0.200491100880036,0.00163712204401599,-0.000166179904998557,-0.000306318250865164,0.0108294686583033,-0.014661914246374,-0.00476315754064714,-0.00811559784692171,-0.0381228152018073,0.00124100862738242,-0.000129478502935521,0.000125815504260173,1.37944531137168e-06,-6.78576686513489e-05,0.00962225315497654,-9.33262986379723e-05,0.000132838226370578,0.000435355077208713,-0.165839515395351,0.384005340012137,0.00567974304971136,0.0215971250360408,4.33653859287144e-06,1.42404727134542e-16,1.35201508067121e-05,-0.000550996679562411,0.00269317822605674,-0.253966165892307,0.000314359496931429,4.02912532320281e-05,-0.00539818116912416,1.3542865408416e-07,-0.0649252754310611,0.000173364847530456,5.93847005261857e-05,-7.19274549058355e-05,9.56291330256707e-16,2.20746346017117e-05,2.6125884230524e-06,1.81105171490365e-06,-5.61046963541362e-05,-3.93097146915954e-07,6.01810655576315e-16,0.0556023184809627,-2.78689725684196e-05,-1.14692493821678e-07,-6.86813783146514e-09,1.47734465616818e-05,2.74144011032856e-16,3.27405272068995e-08,-3.52271811113886e-08,1.3754032268424e-06,1.66102327251632e-06,1.30025460953181e-05,2.295879894807e-06,-9.65215836180866e-08,1.53870585503726e-16,-8.41072933270223e-08,0.000360094262412712,-3.50273428056762e-07,-1.49721291275139e-05,-1.33176470720402e-05,-0.00142652244994606,-0.000971575678005814,0.00242728568470919,-5.71233789943559e-07,0.000332091849606928,1.52287839005893e-08,0.0010087357063348,-4.90741592940495e-07,-0.000200483566025199,-0.0003250330221141,0.379547533796366,1.50704101975485e-15,-0.000992493422253002,8.91338728283692e-06,1.16633554177909e-07,-8.88255158315587e-09,3.3105694337598e-09,-0.00565729389635461,-1.67256784033959e-16,-4.73201435315313e-17,-2.43183531618178e-16,-2.95023050917189e-16,2.26857497762316e-07,4.10494853646942e-09,1.9180236395763e-16,5.88622781005667e-16,-1.65015570652294e-16,2.42708515184043e-16,-3.46944695195361e-17,-1.47156121987528e-16,5.94793311825548e-16,1.82370765346894e-16,7.04839098373768e-16,-1.17561650925203e-15,1.43439364593227e-15,-1.67331426492723e-14,-0.707106781186547,-3.12953823937684e-15,2.01838065323261e-15,2.3905084682585e-09,-2.91433543964104e-16
"t119",0.105790548951494,0.124223585525993,-0.166270911553796,-0.038398201305856,0.0356617540513204,-0.000241150975294497,0.0160641905778831,0.000209425558385736,0.0195662300279078,-0.000146511593696467,0.200491100880036,0.001637122044016,-0.000166179904998565,-0.000306318250865185,0.0108294686583033,-0.0146619142463739,-0.00476315754064712,-0.00811559784692172,-0.0381228152018073,0.00124100862738242,-0.000129478502935479,0.000125815504260135,1.37944531133959e-06,-6.78576686513471e-05,0.00962225315497656,-9.33262986379697e-05,0.000132838226370549,0.000435355077208719,-0.165839515395351,0.384005340012138,0.00567974304971135,0.0215971250360407,4.33653859289182e-06,1.53765077293098e-16,1.35201508066592e-05,-0.000550996679562449,0.00269317822605671,-0.253966165892307,0.000314359496931398,4.0291253232146e-05,-0.00539818116912412,1.35428654204089e-07,-0.0649252754310611,0.000173364847530468,5.93847005261805e-05,-7.19274549057696e-05,7.06491149716491e-16,2.20746346016128e-05,2.61258842312526e-06,1.81105171493812e-06,-5.61046963541553e-05,-3.93097147084655e-07,5.91692537650781e-16,0.0556023184809629,-2.78689725682635e-05,-1.14692493773105e-07,-6.86813787309851e-09,1.47734465616393e-05,3.53101685619108e-16,3.27405274818532e-08,-3.52271812180741e-08,1.37540322682158e-06,1.66102327239402e-06,1.30025460952764e-05,2.29587989511839e-06,-9.65215836232908e-08,5.5516150294485e-17,-8.4107293328757e-08,0.000360094262412941,-3.50273427921453e-07,-1.49721291274276e-05,-1.33176470719637e-05,-0.00142652244994614,-0.000971575678006261,0.00242728568470943,-5.71233790091011e-07,0.000332091849607304,1.52287839630394e-08,0.00100873570633496,-4.90741593040778e-07,-0.000200483566025179,-0.000325033022113915,0.379547533796366,1.67704392040058e-15,-0.000992493422253021,8.91338728291762e-06,1.16633554125709e-07,-8.8825515554003e-09,3.31056943883183e-09,-0.00565729389635458,-1.77665124841798e-16,5.33429759537642e-17,2.85907128576357e-16,1.24780030271297e-16,2.26857497709669e-07,4.10494859458266e-09,-3.7729630894467e-16,-3.33696001521509e-16,6.15826833971767e-16,-5.92959998151107e-17,4.69676381120721e-16,4.84283223350332e-16,-4.24139889876329e-16,-3.02592866092274e-16,-7.87108191195283e-16,1.11681294095479e-15,-1.36246420014029e-15,1.68511038456387e-14,0.707106781186548,3.33476861039279e-15,-1.93743738140152e-15,2.39050833641952e-09,4.85722573273506e-17
"t78",0.105410701665126,0.123588694535125,-0.16459589136394,-0.037953508851185,0.035238549553563,-0.000237285107678758,0.0157901478987511,0.000205701185487001,0.0190702981285292,-0.000142719018146183,0.194572056363986,0.00157536083056795,-0.000159443854050568,-0.000292695576675649,0.0102925147363225,-0.0139080272920177,-0.00450630491967436,-0.00761529543600447,-0.0355465212539519,0.00115589650229792,-0.000118582803570871,0.000114337052276151,1.24705268505186e-06,-6.12784188790284e-05,0.00865575780479422,-8.38896925136551e-05,0.000119173613581259,0.000388447710305734,-0.146063697831261,0.33794935296185,0.00495674113116615,0.0188207140300746,3.69986566515264e-06,1.30964861552785e-16,1.13386089441916e-05,-0.000460431816793151,0.00224064363028403,-0.2095707513773,0.000258712214769476,3.30539393722062e-05,-0.00428664739102552,1.06861223430627e-07,-0.0509087735543906,0.000132625085082769,4.4515873355988e-05,-5.37401123963817e-05,7.59597819081669e-16,1.59697319122062e-05,1.85630513167487e-06,1.25025467418902e-06,-3.83531524512249e-05,-2.61351883388411e-07,2.07239623898542e-16,0.0352700473272432,-1.71435998565499e-05,-7.01390874442709e-08,-4.11394699946846e-09,8.70064398924945e-06,2.66050954967145e-16,1.88609866986697e-08,-1.74392755783112e-08,5.78563225827461e-07,6.82237166719536e-07,4.64708912716917e-06,8.17514565625097e-07,-3.17480956767147e-08,-7.95123912318371e-17,-2.18777254290189e-08,3.25271363545007e-05,-7.32228088058673e-10,-1.99562112234434e-08,1.5672165115394e-06,0.000389349801476256,0.00036064072642723,-0.00100612422864676,2.5019271134713e-07,-0.000176656026731874,-8.38451198227619e-09,-0.000793759159009131,4.90249251449932e-07,0.000372659769761994,0.000640008668037292,-0.842907943434115,-3.67652956689835e-15,0.00462910775791511,-0.000157014243347242,-2.83827150055941e-06,-1.95361426348628e-07,2.1157253768013e-08,-0.0256236895332612,2.63987340352707e-16,-1.17388336121434e-16,1.85917588947296e-16,2.13493357619386e-16,7.33128717923168e-07,1.25647938555365e-08,2.19813659370162e-16,-2.50731826352579e-16,-2.54136989230602e-16,1.51371922985723e-16,3.42607886505419e-16,-1.08836280044349e-16,-1.49836740237497e-16,-6.88118325317868e-17,-1.0313651036941e-16,-2.68204512418602e-17,8.67245354393887e-17,-2.63677968348475e-16,-1.05653555269434e-16,-1.78824887610999e-16,-2.16859548792518e-16,4.61808352669735e-09,-2.08166817117217e-16
"t33",0.102195076670122,0.118195101109298,-0.150201705947591,-0.034118677883624,0.0315865944004651,-0.000203600493687377,0.0133965865261942,0.000173116466092911,0.0146538988038446,-0.000108902422885805,0.141342526894238,0.00100915161105956,-9.72817748239425e-05,-0.000165819011890659,0.00523167523745651,-0.00677229676098875,-0.00206102348180425,-0.00276770749178729,-0.0102516180742638,0.000318392329641734,-7.8453405469082e-06,-3.84833374680871e-06,-1.26728199340486e-07,7.09349411666393e-06,-0.00143766066311047,1.47457179423874e-05,-2.39623890027282e-05,-0.000105303658194,0.0624146607395419,-0.147293073987924,-0.00254801685067927,-0.00985926531539107,1.23230106967506e-05,-1.82676468162593e-16,-1.49589311434916e-05,0.000588919199570851,-0.00275797842539915,0.231319739910441,-0.000269863536450531,-3.15400579173864e-05,-0.0114926089376814,5.18283467582135e-07,-0.420804732377594,0.0129397201754203,-0.00766318087275476,0.00841706730720257,-6.26255426878467e-15,-0.398136726240988,0.000232730149654622,5.27461975695668e-05,-0.00128088393020459,-4.93933450148166e-06,0.707106781186546,0.077049814374491,0.000354190168214623,2.16763608035762e-06,1.49152562796536e-06,0.000905555649615064,2.36307443313363e-15,9.44857465661093e-07,-3.74967031974496e-07,1.09086164441805e-05,1.28039044939136e-05,8.80604223219787e-05,1.55055562978397e-05,-6.17488028050762e-07,9.63922481019077e-16,-4.79557416787485e-07,0.00166786391975726,-1.48932071192742e-06,-6.36155237626866e-05,-5.10478206956867e-05,-0.00483667689231714,-0.00305809136736019,0.00739602797101848,-1.71025950489959e-06,0.000926650899628189,4.19013878958513e-08,0.00231000527574545,-9.38400397864846e-07,-0.000110655721036041,-0.000126308379408092,0.00802721114775872,2.17707796235089e-16,0.00332414326494557,-0.000180737343906706,-3.37940552033443e-06,-2.71823107777722e-07,3.25850704826916e-08,-0.0136044402331598,-3.99621169862062e-17,3.0760239054538e-16,-4.44682885564225e-16,-7.13745672188058e-17,1.62475699555827e-06,2.77835380396718e-08,-1.58711015377737e-16,3.06202004245237e-17,-2.25188791225239e-16,-2.52911287770166e-17,2.18791998407575e-16,4.76869331231144e-16,-7.35089072945172e-17,8.77212664425508e-18,-1.21209112281228e-16,-2.04056166224192e-16,3.45136391258405e-17,-1.09287578986539e-16,-1.76021793643872e-16,1.7644883314956e-16,-2.73697519181645e-17,1.0733230299334e-08,-1.97758476261356e-16
"t34",0.102195076670122,0.118195101109298,-0.150201705947591,-0.034118677883624,0.0315865944004651,-0.000203600493687389,0.0133965865261941,0.000173116466092903,0.0146538988038446,-0.0001089024228858,0.141342526894238,0.00100915161105956,-9.7281774823957e-05,-0.000165819011890691,0.0052316752374565,-0.00677229676098876,-0.0020610234818043,-0.00276770749178729,-0.0102516180742638,0.00031839232964176,-7.84534054686656e-06,-3.84833374682085e-06,-1.26728199404888e-07,7.09349411659455e-06,-0.00143766066311059,1.4745717942482e-05,-2.39623890027725e-05,-0.000105303658193934,0.0624146607395417,-0.147293073987924,-0.00254801685067926,-0.00985926531539116,1.23230106967407e-05,-2.51228082873259e-16,-1.49589311433497e-05,0.000588919199570979,-0.00275797842539905,0.23131973991044,-0.00026986353645038,-3.15400579172617e-05,-0.0114926089376813,5.18283467592546e-07,-0.420804732377591,0.0129397201754203,-0.00766318087275492,0.00841706730720202,-6.78991020548162e-15,-0.398136726240984,0.000232730149654966,5.27461975710182e-05,-0.00128088393020549,-4.93933450637662e-06,-0.707106781186549,0.0770498143745015,0.000354190168218238,2.16763608075661e-06,1.49152562472653e-06,0.000905555649616288,7.07055171638841e-16,9.44857465141544e-07,-3.74967031461452e-07,1.09086164444554e-05,1.28039044941259e-05,8.80604223221547e-05,1.55055562975574e-05,-6.17488027846065e-07,1.1379033091544e-15,-4.79557416475668e-07,0.00166786391975736,-1.48932071181206e-06,-6.36155237624239e-05,-5.10478206956192e-05,-0.00483667689231709,-0.00305809136736049,0.00739602797101865,-1.71025950479811e-06,0.000926650899628841,4.19013878234266e-08,0.00231000527574548,-9.38400398239605e-07,-0.000110655721036104,-0.000126308379408231,0.00802721114775893,1.52438825451462e-16,0.00332414326494564,-0.000180737343906733,-3.37940552032116e-06,-2.71823107793334e-07,3.25850704740604e-08,-0.0136044402331597,-1.78739995064358e-16,-3.26791405736299e-16,1.81552289263385e-16,3.17203491399997e-16,1.62475699551664e-06,2.77835380574527e-08,1.85523241646553e-16,-7.67156134398514e-17,1.85723832146767e-16,-5.19625022201288e-17,1.32272665043232e-16,-4.66820239700229e-16,1.61762964134837e-16,-2.59223428752369e-17,-2.4002076007095e-17,-2.5839629440587e-16,1.17833781987978e-16,-1.83880688453542e-16,5.6900408389862e-17,5.75273131792487e-17,9.76497699977489e-17,1.07332302507618e-08,-1.42247325030098e-16
"t47",0.09109608291031,0.0990065831105406,-0.0930742067509892,-0.018326514921408,0.0164383428032338,-4.6930174121306e-05,0.00191014122102038,1.31293638098771e-05,-0.0143782052003164,0.000119178922326842,-0.296429368320094,-0.00900723366196694,0.00181922933057624,-0.0401364997119843,0.100496821763738,-0.105516944725306,-0.026612632317138,-0.0276710982540572,-0.0994037821343848,0.00310254523700362,-0.000149587452381699,4.4087425560696e-05,-1.31558262771669e-06,0.000106590368982564,-0.422953380315744,-0.00223893876519754,0.000739129427594118,0.00093602661613108,-0.377073684802702,-0.141525950554406,-0.000773278405334503,-0.00552393068116535,-0.000122680375170933,7.66927934946055e-17,1.69218371646493e-05,-0.000477652252406083,0.00137890135624839,-0.00668073537596381,-3.23348988638994e-05,-9.75082279326602e-06,0.00449930354671092,-8.25153228086097e-08,0.00648207027449828,0.00333290278605527,-0.00249346010956642,0.00274321801640109,2.28464864508079e-16,-0.00211688999100966,-0.000792473991740844,8.17902730176209e-05,-0.00175494150637404,-5.7374182967035e-06,3.50183161095526e-16,0.000680482286046005,0.000509136902270606,3.025935578908e-06,1.97701210574947e-06,0.00117816281406106,2.44734672683017e-16,1.21403162808408e-06,-4.78046557965319e-07,1.40518579688207e-05,1.65166272036467e-05,0.000114414081021059,2.01492334155828e-05,-8.05076530390955e-07,0.707106781186548,-6.29859975514666e-07,0.00221944694466898,-1.99135380667863e-06,-8.50627057119746e-05,-6.85989038407632e-05,-0.006530350933103,-0.00413816759443975,0.0100165579383465,-2.31720076346396e-06,0.00125733408211225,5.68684989038851e-08,0.00314216498496186,-1.27733580356964e-06,-0.000147413804865095,-0.000165592771436969,0.000270662152504013,3.77302356024956e-16,0.00465185714409172,-0.000252009484452136,-4.71047297331004e-06,-3.77652479237496e-07,4.41902039773681e-08,-0.000553689854157388,1.27008248584205e-16,-3.50262545374718e-16,1.3402626274766e-16,-1.95004638021172e-16,2.40682061248281e-06,4.09727600719084e-08,2.82261517393464e-16,-8.66773063940348e-17,1.37856306231532e-16,-1.2813454985349e-17,1.45283091113058e-17,-1.71470397827728e-16,-4.85722573273506e-17,6.12131626372577e-17,3.42511490637399e-17,-2.68527655487979e-16,9.72741407110273e-17,-1.90819582357449e-16,-9.87479332728962e-17,2.65086727187207e-18,2.42857894684877e-16,1.58119999663087e-08,-1.90819582357449e-16
"t48",0.09109608291031,0.0990065831105405,-0.0930742067509892,-0.018326514921408,0.0164383428032338,-4.69301741213175e-05,0.00191014122102041,1.31293638098224e-05,-0.0143782052003164,0.000119178922326861,-0.296429368320095,-0.00900723366196694,0.00181922933057632,-0.0401364997119844,0.100496821763738,-0.105516944725306,-0.026612632317138,-0.0276710982540571,-0.0994037821343849,0.0031025452370036,-0.000149587452381748,4.40874255607272e-05,-1.31558262776526e-06,0.000106590368982585,-0.422953380315744,-0.00223893876519745,0.000739129427594178,0.000936026616131073,-0.377073684802702,-0.141525950554407,-0.000773278405334531,-0.00552393068116521,-0.000122680375170987,2.26050673817115e-16,1.69218371643591e-05,-0.0004776522524066,0.00137890135624819,-0.00668073537596422,-3.23348988649522e-05,-9.75082279312773e-06,0.00449930354671097,-8.25153227643398e-08,0.00648207027449592,0.0033329027860553,-0.00249346010956625,0.00274321801640147,-2.57257708765433e-16,-0.00211688999101134,-0.000792473991740528,8.17902730156953e-05,-0.00175494150637434,-5.7374182988062e-06,-1.35991727772973e-16,0.000680482286045612,0.000509136902270156,3.02593557852983e-06,1.97701210427267e-06,0.00117816281406061,3.23722744945602e-16,1.21403162707447e-06,-4.7804656094037e-07,1.40518579661667e-05,1.65166271926703e-05,0.000114414081012097,2.01492334099102e-05,-8.05076549819858e-07,-0.707106781186547,-6.29859806561273e-07,0.00221944694468746,-1.99135380255823e-06,-8.50627057134928e-05,-6.8598903840686e-05,-0.00653035093310057,-0.00413816759443994,0.0100165579383462,-2.31720076157484e-06,0.00125733408211124,5.68685021408791e-08,0.00314216498496659,-1.27733580440576e-06,-0.000147413804865063,-0.000165592771437442,0.000270662152504217,-5.48714719494914e-16,0.00465185714409173,-0.000252009484447572,-4.71047297254512e-06,-3.77652479208873e-07,4.41902068256739e-08,-0.000553689854156144,-2.43355213535756e-16,3.79330130657169e-16,-1.49601025573552e-16,2.24798443165357e-16,2.40682061408586e-06,4.09727603845923e-08,-3.1198967077936e-16,1.10457859497293e-16,2.98155597433514e-17,1.84251201109567e-17,3.92481186439753e-17,3.87110561437744e-16,8.64109131470947e-17,-1.94008028761212e-16,-1.66934157802662e-16,-6.64332175696284e-17,1.66776393107404e-19,-9.0205620750794e-17,1.30567390722921e-16,1.13915474104821e-16,-2.28901843375848e-16,1.58119999541656e-08,-1.87350135405495e-16
"t36",0.0907755504383873,0.098504605856541,-0.0921051132140628,-0.0181043307719173,0.0162336268095993,-4.61115145728655e-05,0.00187435677181419,1.28712806539717e-05,-0.0139459979155063,0.000115501043036746,-0.285615693778156,-0.00854982813988582,0.00171684200899389,-0.0375441106625741,0.0928024696350521,-0.0969454787005704,-0.0242717420560785,-0.0245830752235794,-0.0861553978541589,0.00267659276129767,-0.000118799865596884,4.1096446877182e-05,-5.35241027567338e-07,4.62174133146814e-05,-0.177516207844711,-0.000914131863693261,0.000273401315839634,0.000184841714400344,0.515375115848328,0.234972445918705,-0.00871860321383483,-0.0372997492606446,-0.000229429948157733,-3.14451970261676e-16,2.6447129620175e-05,-0.000729975632900645,0.00205838590843038,-0.00962795455059125,-4.61511464411466e-05,-1.37720107974229e-05,0.00592353337972399,-1.07679579518698e-07,0.00839329474221913,0.00421412443094298,-0.00310857816374058,0.00341323733431151,-6.1113170692782e-17,-0.00259297522759225,-0.000964218126149005,9.86596194831561e-05,-0.00211162713589955,-6.86148111881876e-06,-8.65762755299659e-16,0.000807352670304007,0.000601613449835564,3.57304791154082e-06,2.32912571761744e-06,0.00138564946027686,0.707106781186547,1.42497662347944e-06,-5.55779049953627e-07,1.62422516662057e-05,1.90791202947464e-05,0.000131769230070081,2.32040717039498e-05,-9.25932880303099e-07,-2.94627335829411e-16,-7.22403568199567e-07,0.00253339539136242,-2.26905038769884e-06,-9.69234850161903e-05,-7.80177948657312e-05,-0.00741317683679107,-0.00469318669891597,0.0113558079040973,-2.62652014339226e-06,0.00142418115952182,6.44067060812797e-08,0.00355381260292497,-1.44332736755682e-06,-0.000166186906619297,-0.000186644569116328,0.000304951482529117,-3.02492406123456e-17,0.00523091842470007,-0.000282886091754556,-5.28655659360155e-06,-4.23330177001455e-07,4.94435088282794e-08,-0.000618721387292805,-1.00711863500277e-17,1.14336949451795e-16,3.85202553469488e-16,1.56358282372067e-16,2.68389868328412e-06,4.56686377603432e-08,-2.26626581507755e-16,-6.24926336951573e-17,2.47306515543944e-16,-2.70634434584211e-16,2.29417179697933e-16,-8.16451249569745e-17,8.35919874986324e-17,-1.42439823597462e-16,2.37168143405739e-18,1.3908323345563e-16,1.75399715763649e-16,7.11236625150491e-17,-1.79951920017811e-18,-1.19099222688193e-16,5.24887479853995e-18,1.75049094143509e-08,-1.2490009027033e-16
"t37",0.0907755504383873,0.098504605856541,-0.0921051132140628,-0.0181043307719172,0.0162336268095993,-4.61115145728677e-05,0.00187435677181416,1.28712806539793e-05,-0.0139459979155063,0.000115501043036734,-0.285615693778156,-0.00854982813988584,0.0017168420089939,-0.0375441106625741,0.092802469635052,-0.0969454787005705,-0.0242717420560785,-0.0245830752235793,-0.0861553978541588,0.00267659276129766,-0.000118799865596961,4.10964468772496e-05,-5.35241027452629e-07,4.62174133146788e-05,-0.177516207844711,-0.000914131863693323,0.000273401315839669,0.000184841714400344,0.515375115848327,0.234972445918704,-0.0087186032138348,-0.0372997492606446,-0.000229429948157757,-1.69956332017957e-16,2.64471296194313e-05,-0.00072997563290161,0.0020583859084301,-0.00962795455059201,-4.61511464425108e-05,-1.37720107975043e-05,0.00592353337972409,-1.07679579560346e-07,0.0083932947422158,0.00421412443094274,-0.0031085781637402,0.00341323733431147,-4.14996759792059e-16,-0.00259297522759439,-0.000964218126149182,9.86596194789186e-05,-0.00211162713589888,-6.86148112814941e-06,8.65474333066162e-16,0.000807352670304726,0.000601613449832032,3.57304790525072e-06,2.32912570483925e-06,0.00138564946025897,-0.707106781186547,1.42497663140366e-06,-5.5577904681291e-07,1.62422516683179e-05,1.90791203004974e-05,0.000131769230072146,2.3204071703785e-05,-9.25932875994046e-07,-6.88000536089095e-17,-7.22403565541537e-07,0.0025333953913653,-2.26905038653311e-06,-9.69234850159309e-05,-7.80177948656301e-05,-0.00741317683679034,-0.00469318669891619,0.0113558079040972,-2.62652014328991e-06,0.00142418115952144,6.44067070371124e-08,0.00355381260292629,-1.44332736738998e-06,-0.000166186906619558,-0.000186644569116389,0.000304951482529198,-1.19153818756157e-16,0.00523091842470003,-0.00028288609175201,-5.28655659348688e-06,-4.23330176912116e-07,4.94435105689931e-08,-0.000618721387292001,-1.88747704375244e-16,-3.43232619960012e-17,-3.63330626414129e-16,-1.83647518919334e-16,2.68389868431808e-06,4.5668637578631e-08,2.69938005167032e-16,9.66682177219566e-17,-6.28837260041593e-17,5.13081105797328e-16,7.9580439460436e-17,1.33460586064411e-16,-1.81387023456825e-16,1.07902458030653e-16,-1.50292904767145e-16,-1.40657444188102e-16,-1.22980451279732e-16,-3.12250225675825e-17,-8.80638749548032e-18,1.5840698204278e-16,5.23166944260901e-18,1.75049094681273e-08,-3.12250225675825e-17
"t83",0.09171819907973,0.0999855615447022,-0.0949961463620554,-0.018769563713763,0.0168469892661873,-4.85908649603139e-05,0.00198303787169382,1.36566987027763e-05,-0.0152926437561089,0.000126981718477124,-0.31982285366446,-0.0100493160117454,0.00205739110925888,-0.0463653319025678,0.119914512646281,-0.127584587953776,-0.0328209135550338,-0.0368503315256266,-0.143897434520529,0.00456927712618644,-0.000386106837936078,0.00040539709208485,5.99811496413013e-06,-0.000339447802615901,0.536638361845976,0.00244297979297285,-0.00054794688910993,-0.000191532020235255,-0.118588280954391,-0.0480372270268664,-3.08576065060958e-05,-0.00112956182485638,-6.30641547842473e-05,1.33504655552392e-16,9.91468240180713e-06,-0.000285010169406165,0.000839123216664689,-0.0041920743814507,-2.04667720938158e-05,-6.23120885487403e-06,0.00307816212930371,-5.69701528822117e-08,0.00451201630685121,0.00238023216077834,-0.00180896718243592,0.0019945932954316,-1.85990615049603e-16,-0.00156720452932011,-0.000591335285814966,6.16636648433034e-05,-0.00132708118822823,-4.37100122327016e-06,7.86994401988444e-17,0.000523536437137207,0.000393703223932772,2.34193955833163e-06,1.53454551318072e-06,0.000916445017159624,1.87688406827334e-16,9.46752760396918e-07,-3.77404793252493e-07,1.11780003755316e-05,1.31496548091885e-05,9.14520707617061e-05,1.61068591121513e-05,-6.44670090112903e-07,-1.33594858073681e-16,-5.06236439396651e-07,0.00179534850308365,-1.6146763439865e-06,-6.89738128070041e-05,-5.57658950406381e-05,-0.0053222191293877,-0.00337694175920981,0.00817812814966245,-1.89239725789832e-06,0.00102781566014346,4.64956500956931e-08,0.00257387811137704,-1.04767084939454e-06,-0.000121296033449376,-0.000136291131311946,0.000222890452571506,5.33210628428371e-16,0.00384130724078191,-0.000208607801812681,-3.90031319573075e-06,-3.1322842143286e-07,3.67476653853691e-08,-0.000461271436011522,-2.78309646378948e-15,-0.707106781186548,8.95520524806262e-16,3.30950913567096e-15,2.01105165286915e-06,3.42578068694872e-08,6.03873183192582e-16,-3.92945927359837e-16,1.32597925694977e-16,-2.8703010882537e-16,4.45607092891542e-16,-5.07071841388029e-16,6.50846564143048e-16,3.47445623691451e-17,-1.34033754120026e-16,-1.93733375696004e-16,-5.34610792184898e-17,3.64291929955129e-17,-2.0132917887283e-17,6.21160577011546e-18,2.59671153087038e-17,1.33505062734074e-08,-8.67361737988404e-17
"t84",0.09171819907973,0.0999855615447022,-0.0949961463620554,-0.018769563713763,0.0168469892661873,-4.85908649603195e-05,0.00198303787169384,1.36566987027753e-05,-0.0152926437561089,0.000126981718477127,-0.319822853664461,-0.0100493160117454,0.00205739110925889,-0.0463653319025677,0.119914512646281,-0.127584587953776,-0.0328209135550338,-0.0368503315256266,-0.143897434520529,0.00456927712618643,-0.000386106837936083,0.00040539709208489,5.99811496414878e-06,-0.000339447802615904,0.536638361845976,0.0024429797929728,-0.000547946889109942,-0.000191532020235277,-0.118588280954391,-0.0480372270268663,-3.08576065060706e-05,-0.00112956182485631,-6.3064154784266e-05,1.90031191358113e-16,9.91468240175509e-06,-0.000285010169406191,0.000839123216664678,-0.00419207438145075,-2.04667720937022e-05,-6.23120885478407e-06,0.00307816212930377,-5.69701529030278e-08,0.00451201630685119,0.00238023216077833,-0.00180896718243605,0.00199459329543151,-1.89460062001556e-16,-0.00156720452932015,-0.000591335285815033,6.16636648429163e-05,-0.00132708118822829,-4.37100122328707e-06,-9.43392261751109e-17,0.00052353643713731,0.000393703223932841,2.3419395584548e-06,1.53454551342943e-06,0.000916445017159703,-1.17622924910893e-16,9.46752760451561e-07,-3.77404793338795e-07,1.11780003755793e-05,1.31496548089536e-05,9.14520707617442e-05,1.61068591122706e-05,-6.4467008988045e-07,-2.16861585206877e-16,-5.06236439303843e-07,0.00179534850308378,-1.61467634413655e-06,-6.89738128069773e-05,-5.57658950410246e-05,-0.00532221912938742,-0.00337694175920995,0.00817812814966267,-1.89239725807873e-06,0.00102781566014256,4.64956503576364e-08,0.00257387811137714,-1.04767084909617e-06,-0.000121296033448822,-0.000136291131311802,0.000222890452571415,-6.62230686954146e-16,0.00384130724078204,-0.000208607801812684,-3.90031319561647e-06,-3.13228421068568e-07,3.67476654953614e-08,-0.00046127143601406,2.75067142457657e-15,0.707106781186548,-8.1231473729287e-16,-3.51836246577375e-15,2.01105165410775e-06,3.42578073335258e-08,-5.75536727648367e-16,4.19193427321972e-16,6.26126754610379e-17,4.04555351948848e-16,-1.28152696787787e-16,4.95598327726586e-16,-5.08816079547447e-16,1.83388680217014e-16,2.65805274592491e-17,1.95694256968897e-17,1.8444495879773e-16,-2.04697370165263e-16,2.45439407949717e-17,8.24893578902621e-17,-1.21506643368684e-17,1.33505061762629e-08,-1.70002900645727e-16
"t23",0.0798191072428446,0.0808700255924577,-0.0527141223658134,-0.00835215226437575,0.00708810513294368,1.62288147594353e-05,-0.00209463960249891,-3.64444493998265e-05,-0.0109678783535585,8.50357056016389e-05,-0.132698296855911,0.000348619171297149,-0.000379936636578449,0.0186420719978992,-0.0845285144722639,0.104780913218274,0.0324322983834306,0.0581222705500381,0.308066418440717,-0.0102804206121906,0.00202058054998582,-0.00505050355186072,7.94420529652173e-05,-0.00228335295168594,0.0102415780100939,-0.00137025217576162,0.000964960182533116,0.000839459969729888,0.0142485302291535,-0.0122552139454122,0.0694043993780615,0.435848156179578,-0.00200775036068542,3.22126183749568e-16,0.000150762135834113,-0.00391351124180301,0.0102395551130842,-0.0130552388182033,-0.000249032701242131,-6.56467577042834e-05,0.0202094999990433,-3.38808528502614e-07,0.00861199915399866,0.0124357880779381,-0.0081952600206133,0.00884567893064306,3.62446395431223e-16,-0.001928912001313,-0.00198003729211611,0.00017551767552599,-0.00357494133875846,-1.00319944964314e-05,-3.7633357087396e-16,0.000330414317550979,0.000531161289759748,3.00651864772704e-06,1.62525500849013e-06,0.000807732832139979,4.21114461702845e-16,6.20971056265567e-07,2.86186199830894e-07,-2.3707654800655e-05,-3.0389857710013e-05,-0.000309032072188882,-5.48707589908752e-05,2.56947926982262e-06,2.01056452580292e-15,2.82481251367159e-06,-0.0190717240638522,2.29169162565138e-05,0.000981321813295126,0.00115989907475454,0.186868171867848,0.174268345918998,-0.513318740467828,0.000133406414883283,-0.129680731228765,-6.83027782800993e-06,0.539065213620539,-8.5446603401074e-05,-0.00411729268575331,-0.00441815672744491,0.00215053898829089,-6.27427797217361e-16,0.0823312571631734,-0.00362454052786681,-6.63795777714025e-05,-4.75522361837594e-06,4.81132706338088e-07,-0.00193365939054805,-3.00850377561175e-16,-4.83037867939138e-17,2.82289759400405e-16,4.05627952901975e-16,2.1394705601363e-05,3.55657157120014e-07,-2.58433586165696e-16,1.93385978398577e-16,-2.72676846380104e-17,4.32243013741669e-17,3.12575486327571e-16,-7.22287979059027e-17,3.29055359349351e-16,1.91496857304575e-16,6.28217814592248e-17,-8.9644461423238e-17,-2.317553427093e-16,-3.61689844741164e-16,-8.95720395304645e-18,-1.23476465504264e-17,-1.78388238234999e-16,1.04047035036359e-07,-3.05311331771918e-16
"t24",0.0805831207372086,0.081975525017314,-0.0541501201331544,-0.00861458745987196,0.00731646968209097,1.69417248715226e-05,-0.0021927832132301,-3.82274708077398e-05,-0.0117459192462052,9.12040106692498e-05,-0.143768713224243,0.000386502771430297,-0.000424593759897032,0.0210687732478102,-0.0969484297915973,0.120817869873431,0.0376701476825273,0.0690604513801002,0.372577417309956,-0.0124707761501211,0.00257059106849085,-0.00656946172419189,0.000104902637254934,-0.00302462248651977,0.0137192464072363,-0.00183951626900707,0.00130279531072133,0.00115153882044333,0.0203079638378904,-0.0175076425087013,0.101670251399257,0.6412516764472,-0.00315103527955964,8.01649875247153e-16,0.000249681022056895,-0.00655566656559145,0.0173949774318775,-0.0227705803329556,-0.000438155175151324,-0.000116702587519155,0.0400788317766768,-6.86903381187271e-07,0.0178497363112868,0.0281798547901009,-0.0200552010243886,0.021926703156932,-4.62731752590504e-16,-0.00544824732318267,-0.00604515235088547,0.000612145460699201,-0.0130840986954069,-4.2486264727577e-05,3.11456432179384e-16,0.00186762920387452,0.00378131964978642,2.24916728977635e-05,1.47491405502886e-05,0.0088221556193961,-4.28014775169141e-16,9.14170658660276e-06,-3.78941568943494e-06,0.000118791495549741,0.000140963057508554,0.00103107902400434,0.000181837712242975,-7.48457424812506e-06,-1.28649244726533e-15,-6.34796346394423e-06,0.0282142496939201,-2.91579638078162e-05,-0.00124711353426175,-0.0012531705489194,-0.171165186647122,-0.146542948008077,0.417189433654247,-0.000106525220331135,0.096976760216818,5.04624279033458e-06,-0.348500222454841,5.02254461275765e-05,0.00187862103694713,0.00197021243604634,-0.000914884080593013,6.03900610074426e-16,-0.0271255309641484,0.000913975855266741,1.61816490188939e-05,9.26490177913719e-07,-6.00394104865102e-08,0.000154421861152723,2.52213016740932e-16,5.15855303622412e-17,-3.38879811915168e-16,-3.32419560359045e-16,-2.52565113912665e-07,8.41268033642713e-10,2.27963137507391e-16,-9.98865399204617e-17,-9.04360137124471e-17,-1.78011374623055e-17,5.36137974294082e-17,1.13519378486844e-16,-1.64256629131554e-16,-2.10332458277075e-16,-2.05554041409065e-16,-2.4241024159234e-18,2.42016444046385e-16,1.59160878920872e-16,2.63831684190459e-17,1.17384523462925e-16,1.52382584889944e-16,1.90855564117555e-08,-1.24032728532342e-16
"t16",0.0808799609101338,0.0824165447220506,-0.0547748633209775,-0.00873182613817369,0.00741900307358425,1.72863056541423e-05,-0.00224109850147881,-3.91166871188145e-05,-0.0121910671633211,9.47684880317211e-05,-0.150615217451195,0.000413950919818641,-0.000458821599961718,0.0230855429850516,-0.108462492008978,0.136301266991532,0.0430225392998149,0.0825226013855944,0.46549655522229,-0.0157157844209959,0.00394383176033176,-0.0118233244495175,0.000221371656909322,-0.00665115869868999,0.0361613112107565,-0.00506165155593777,0.00408270361715958,0.00668760664917835,-0.0495987875873947,0.037890730115764,-0.0787556221332634,-0.424591395044274,-0.000135814095541674,0.707106781186547,5.58187689648719e-05,-0.00162366484884039,0.0047526214647486,-0.00710052071887168,-0.000141289400933947,-3.89777154876735e-05,0.0163936966655372,-2.86993337535859e-07,0.00759138020109584,0.0125732332297747,-0.00915325316912334,0.0100346683276058,-5.03480914167532e-16,-0.00253548386237459,-0.00282390879160507,0.000286156598656614,-0.00611097639917584,-1.97494494834358e-05,9.19735098817571e-17,0.000856684662260744,0.00171554660847229,1.01812966516138e-05,6.62178676563143e-06,0.00393317727137357,1.50860445148795e-18,4.03738282169778e-06,-1.56234151349051e-06,4.55179766044023e-05,5.34590001487842e-05,0.000369186156122872,6.50133186968533e-05,-2.59557163895978e-06,-4.40567742144206e-17,-2.03053721850778e-06,0.00723296162492328,-6.56902195531644e-06,-0.000280638061680516,-0.000232236498301935,-0.023473476266702,-0.0159206761231573,0.0402760858819415,-9.59751207577693e-06,0.00631118637705721,3.04110119910223e-07,-0.00103085638770025,-2.16409377665839e-06,-0.000357591092653719,-0.000405230894888545,0.00021804906672305,-1.73438466279791e-17,0.0120958744221045,-0.000666802108589497,-1.24801370952393e-05,-1.00664356341497e-06,1.18306752628785e-07,-0.00051829227942864,4.5513995537838e-17,1.79866260444117e-17,9.39871222416246e-17,1.95433587927567e-16,6.45979181786434e-06,1.09916048136998e-07,1.94493937367746e-17,1.27937960147985e-17,1.06827795307712e-17,-6.3331346849333e-17,7.30074637897427e-17,6.49119792965899e-17,-5.6717326148148e-18,1.7353882904281e-16,-1.19501195261167e-16,1.91782235302003e-16,8.23300109144825e-17,1.72171304990698e-16,-1.0560373343915e-16,-4.48980862941647e-17,2.17733838074758e-18,4.18414461543937e-08,-1.795438797636e-16
"t17",0.0808799609101338,0.0824165447220506,-0.0547748633209775,-0.00873182613817367,0.00741900307358425,1.72863056541513e-05,-0.00224109850147881,-3.9116687118773e-05,-0.0121910671633212,9.47684880317247e-05,-0.150615217451195,0.00041395091981863,-0.000458821599961741,0.0230855429850516,-0.108462492008978,0.136301266991532,0.0430225392998149,0.0825226013855943,0.46549655522229,-0.0157157844209958,0.00394383176033177,-0.0118233244495179,0.000221371656909344,-0.0066511586986899,0.0361613112107567,-0.00506165155593782,0.00408270361715967,0.0066876066491785,-0.0495987875873953,0.0378907301157639,-0.0787556221332633,-0.424591395044272,-0.000135814095551338,-0.707106781186548,5.58187689660145e-05,-0.00162366484884126,0.00475262146474801,-0.00710052071887238,-0.000141289400932494,-3.89777154875492e-05,0.0163936966655375,-2.8699333829914e-07,0.00759138020109594,0.0125732332297743,-0.00915325316912336,0.0100346683276059,4.40208656763852e-16,-0.00253548386237429,-0.002823908791605,0.000286156598656472,-0.00611097639917583,-1.97494494829879e-05,5.89053539537991e-17,0.000856684662260917,0.00171554660847243,1.01812966512371e-05,6.62178676531229e-06,0.00393317727137357,-5.4002544090794e-17,4.03738282167704e-06,-1.56234151343034e-06,4.55179766044014e-05,5.34590001486917e-05,0.000369186156122834,6.50133186968122e-05,-2.5955716389928e-06,-1.58548529349416e-16,-2.03053721865046e-06,0.00723296162492334,-6.56902195530739e-06,-0.000280638061680322,-0.000232236498300939,-0.0234734762667022,-0.0159206761231573,0.0402760858819418,-9.59751207589728e-06,0.00631118637705718,3.04110119755399e-07,-0.0010308563877002,-2.16409377660442e-06,-0.000357591092653638,-0.000405230894888697,0.000218049066723267,3.15035270006397e-16,0.0120958744221046,-0.00066680210858961,-1.24801370950129e-05,-1.00664356341969e-06,1.18306752600738e-07,-0.000518292279428699,2.46973138259461e-17,7.83972519250793e-17,-3.1367289461309e-16,-4.39582517572522e-17,6.45979181792676e-06,1.09916048179784e-07,-1.76963987480591e-17,-1.00043058644514e-17,-5.84317208333907e-17,1.66085832848432e-16,9.24079064136551e-17,5.10341914886687e-17,9.22622167467274e-17,5.33008081136075e-17,-7.26244596664081e-17,-2.12955663468307e-16,2.79097057702474e-17,-1.52221985016965e-16,4.29592810027503e-17,1.74568362096693e-16,3.31843029035873e-17,4.18414461473464e-08,-1.77158634984131e-16
"t10",0.0334352617038776,0.00449673547547625,0.0979635067354336,-0.0325525622344529,0.0808201127429422,-0.00109569507982219,0.0311431699064608,0.000239221973966663,-0.00928228639754999,6.72897656927796e-05,-0.0112056383277795,0.00786020135151948,-0.00480599643045841,0.0478963216679924,-0.0688085930074099,0.0872732764114193,-0.0039182446027864,-0.324315130672652,-0.00326573328874143,-0.00419252730342961,0.00271850164363486,0.281099799211917,0.00150752591293713,-0.0384037149632227,0.000433301650409657,-0.0194879788648062,0.0134700456821214,0.0160667915624099,-0.000777115987202794,0.000592777049158133,-0.0146551872949575,-0.00121670118950232,-0.00166640111821879,8.44081779935883e-18,0.000100310615045611,-0.00235773957103231,0.00527936469462283,-0.000121059616059784,-7.31315472613952e-05,-1.31426294579474e-05,-0.0235747777596483,6.09153057452626e-07,0.00125599115711992,0.000811395076909024,0.0117147648468874,-0.0140066107461642,-7.02430774848093e-16,-0.000278086240056872,0.00813795562897077,-0.00104768508308768,0.0240375501438727,9.35752303429628e-05,-5.51301590259393e-17,6.65300867976103e-05,0.000313904792185244,-8.92969829599244e-05,-6.23861410795731e-05,-0.0417859483036543,-1.09181588659789e-15,-5.18737892305646e-05,-1.05833226597615e-05,-0.0140977871536785,-0.00025815771857871,-0.00306199918166443,-0.000544620835829361,2.63267104845359e-05,-1.08471976207447e-14,3.19661241558449e-05,-0.840881211701025,-0.00031979105732465,0.0319318601389791,-0.0040906874103245,-0.160990786212205,-0.0363910611162764,0.0902359673445949,-1.37155282163778e-05,-0.0109977692803769,-7.48236434821442e-07,0.130119535927899,-1.8870390656056e-05,0.000492033592175568,0.024776822134181,-0.000781728803574435,-1.66511769650324e-15,-0.0743525668670516,0.000980721944731651,0.000122232235602194,1.27542167079921e-05,-2.16185244046336e-06,2.0438870257849e-05,-1.89195029716364e-16,4.93218460164567e-17,-1.90618451117414e-17,1.86051914422913e-16,1.83488889676187e-06,-5.09549755628707e-06,2.35627960829816e-17,1.22248883746155e-17,-2.03613167992778e-16,-1.13969127400606e-16,-1.99059518868339e-16,3.07004708660429e-16,-1.18828558104411e-16,1.42165672125768e-16,-1.71902377711378e-16,-7.77813414804679e-17,-6.80310777111874e-17,-7.63278329429795e-17,5.60063543478382e-17,1.83899907282979e-16,6.24440732503108e-17,2.43518515748858e-06,-1.52655665885959e-16
"t11",0.0342331894627147,0.00465077763121901,0.104765725555982,-0.0351735773174474,0.0874992236466984,-0.00122102582241713,0.0349571616187416,0.000269895047712404,-0.0110588251210348,8.04870367280161e-05,-0.0137706754484476,0.0102872224651063,-0.00643142043685297,0.0661659973115076,-0.0991736018156422,0.127760158165779,-0.00586097127545755,-0.519629765012851,-0.00553043029558057,-0.007168538613327,0.00545089888881489,0.610492795959736,0.00346463842923857,-0.0893302603952802,0.00105304608701919,-0.0477709793686128,0.0337811967490974,0.0430402848027976,-0.00247275149314998,0.00190739696519874,-0.053532832975624,-0.00454880709823609,-0.00935641799257775,-3.61640763247684e-17,0.000918949876672962,-0.0247875819761992,0.0675659368174915,-0.00257401316485447,-0.00197775019930412,-0.000522197959819185,0.259726734854688,-5.42272310895984e-06,-0.00941946173683618,-0.00381354097606677,-0.0426302212397919,0.0492110619443404,2.87740233379291e-16,0.000738452854516315,-0.0191411994241034,0.00209987869872174,-0.0459565158898806,-0.000158957695575101,8.07620824576997e-17,-9.62294414881882e-05,-0.000416666362023459,0.000116753180344618,7.7575957216944e-05,0.0500326877084714,2.88129250918407e-16,5.93436208929906e-05,9.5949441875666e-06,0.0109199214984992,0.000196370000010292,0.00213153209480161,0.000378357925159533,-1.75722941678086e-05,5.62509007212838e-15,-1.95114175455518e-05,0.433805310077893,0.000154260896485221,-0.0153951170131198,0.00182869600315941,0.0664585672134372,0.0144027864642337,-0.035113944775602,5.29042617354245e-06,0.0041051559742586,2.77601134024419e-07,-0.0451311091111178,6.23698060326718e-06,-0.000143117607951277,-0.00712475376502499,0.000219583975364601,5.76795555762288e-16,0.0184428608188448,-0.000215137112283335,-2.64173838396196e-05,-2.50844170980591e-06,3.61314514281649e-07,-3.00523885367676e-06,1.3002779037641e-16,-4.69496161959881e-17,2.06556943236687e-17,-1.08646560836518e-16,-2.10488766792465e-07,5.48683885041867e-07,-2.80892920198659e-17,4.36695739180696e-17,2.17707796235089e-16,9.75240422180324e-17,3.19189119579733e-16,-9.66851482848907e-17,1.01047642475649e-16,2.7158111334926e-17,3.83773741520283e-17,-1.45020510899409e-16,1.05372874801223e-16,8.32667268468867e-17,-2.90756272120189e-17,-9.71443578493228e-18,-7.09153893845315e-18,-1.71897763800999e-08,-1.2490009027033e-16
"t3",0.0346008201618522,0.00472955053440085,0.11002435707998,-0.0375543571087482,0.0937729731404416,-0.0014528291791544,0.0442406857042982,0.000366119367949466,-0.00860547243224509,6.41761653343649e-05,-0.012009063563549,0.00971041116940853,-0.00687213903152491,0.0653577318095461,-0.101752213941061,0.13311799953255,-0.00625037601416732,-0.609944369292992,-0.00730369730797527,-0.00972013905954959,0.0485216057092856,-0.729440927837152,-0.00120099701808276,0.0231454059051242,-4.40712404343054e-05,0.000542504161680911,0.00192665511582969,0.00815186834786175,-0.000853488649941861,0.000669457336811733,-0.0214156774207615,-0.00184941122848368,-0.00437030882134469,3.26148985150738e-16,0.000451557810773245,-0.0122739368035052,0.0337433540602819,-0.00130398679244448,-0.00100634951382864,-0.000267084911816635,0.142688108402932,-3.06187030163648e-06,-0.00553161967224692,-0.00827784781457098,-0.0112536653748002,0.0143009562746027,-8.74146108418849e-17,0.000273444878508261,-0.00724323890982206,0.000797319906426074,-0.0173972672074145,-5.93193341526625e-05,3.84163057815076e-17,-3.46948189356404e-05,-0.000146407808837728,4.08161035264087e-05,2.66301652446163e-05,0.0169176202227937,-1.3388744175269e-16,1.96705187211349e-05,2.77551821276784e-06,0.00346773680870085,4.81843283074226e-05,0.000472396687358462,8.36261807583838e-05,-3.66975750749898e-06,6.29956242513171e-16,-3.49907658434706e-06,0.0498070083374889,1.34413903092948e-05,-0.00112712331907004,9.02754594947855e-05,0.000551189514870806,-0.000214730645932537,0.000861439180991478,-1.56624726688204e-07,-0.000200958922578538,-1.46061998954061e-08,0.00427858765468138,-7.91859126282839e-07,3.22860915281682e-05,0.00252375657132838,-5.36034783908164e-05,-2.4459601011273e-16,-0.00652807706130198,0.000102077658955148,1.29477768555237e-05,1.49235570665041e-06,-2.89511272228245e-07,2.97341675471286e-06,-5.51146144578902e-17,1.98337639938292e-17,-2.75874532033541e-19,3.66856736256164e-17,3.01244355817454e-07,-8.57383500411923e-07,2.44387625925822e-17,1.593095453178e-17,6.33174068731535e-17,5.68230781896078e-17,2.4980018054066e-16,-1.92521918505037e-18,1.09287578986539e-16,4.96835416749101e-17,-1.07208283151345e-16,-1.34386859279578e-16,3.2065252700359e-17,2.4980018054066e-16,-4.15610528706526e-17,1.43342054642695e-17,-7.7278816777275e-18,5.53917048812247e-07,0
"t58",0.0401613957002934,0.00591311542819783,0.188345448541931,-0.0730696461724242,0.187412558499496,-0.00497359818619726,0.186281584862088,0.00184718513105485,0.0335983644521497,-0.000219866866975464,0.0220291622337911,-0.00868135753067095,0.406965719246437,-0.0277080181609832,0.0337874560462932,-0.0400099617295663,0.0016360098424984,0.102541762067438,0.000841915946153147,0.00104497756097026,-0.000754479922143634,-0.0106893337988537,-3.88979324019941e-05,0.000829886638508593,-2.10190248305952e-06,2.70652421586678e-05,0.00010696963446752,0.000574337314984463,-8.74716886831341e-05,6.98286357972474e-05,-0.00264087315189136,-0.000233978576893118,-0.00075692544780719,-7.38875140295294e-17,9.68828313475632e-05,-0.00275083992360172,0.00797804025477512,-0.000341173488100122,-0.000272416377315824,-7.53265545217426e-05,0.0674093068829722,-1.66128295573579e-06,-0.00352297741332605,-0.018230841650573,0.0202745141466962,-0.019595422844293,-2.98739439901425e-16,-0.00010369608382033,0.00185335270355202,-0.000125262235082668,0.0023657785334063,5.54234386757231e-06,-2.11381811973078e-16,1.81436564526369e-06,5.27117557304787e-06,-1.3664188554148e-06,-6.85911945370616e-07,-0.000348465348295532,-1.71487878224669e-16,-2.97004098519064e-07,7.00659211205767e-10,-0.00133015166953112,3.77270981780607e-07,-7.22414657670055e-06,-1.31868456428692e-06,9.79484819849108e-08,5.77736884096037e-16,2.39355738573116e-07,-0.02497212045392,-0.00120061867341283,-0.83121248072598,6.29569968007905e-05,0.000229565927927181,-7.77420956441172e-05,0.000298669440562373,-5.32181156122358e-08,-6.40804376548621e-05,-4.61132457739433e-09,0.00124784481883845,-2.25562160956166e-07,1.79901673466248e-05,0.0119277851183794,-2.83004440280756e-06,6.37510877421477e-16,-0.00125917373522979,2.03858886178595e-05,2.58940662414712e-06,2.9992671300369e-07,-5.83731585474395e-08,6.0074808764119e-07,-4.46201063623201e-17,2.66867806108571e-17,3.94998926019488e-17,-5.99489376108302e-17,6.11550127270607e-08,-1.74290858466139e-07,8.14727570606008e-17,1.37737515050157e-16,1.82145964977565e-17,-1.88298707647927e-16,-1.95590071916385e-16,2.89657580984974e-16,5.65953534037433e-17,1.3793799956936e-16,-2.65649219194967e-16,-2.30717375271968e-16,3.67017284090006e-16,-1.83880688453542e-16,-3.99092119248849e-17,1.05357070351066e-16,2.30285591831394e-17,1.16208195316547e-07,-1.87350135405495e-16
"t112",0.0403757381986737,0.0059581746686464,0.191203161012447,-0.0743481042364865,0.190774591057258,-0.00509516445430749,0.191137147638399,0.0018974538377757,0.0349223327392353,-0.000228725397043653,0.0230492702782711,-0.00920419990006165,0.433462102226968,-0.029704400734415,0.0365324776145708,-0.0433946736914357,0.00178197619491916,0.113185484384233,0.000939032168641965,0.00116759394807198,-0.000867182188434142,-0.0124505261109899,-4.57193558590732e-05,0.000977268632652404,-2.49199533566857e-06,3.21303347967051e-05,0.000127425410692807,0.000690811225593635,-0.000107699068064912,8.60989910733236e-05,-0.00330689625608403,-0.000293774248435779,-0.000989302034820204,2.55714374205381e-17,0.00013097928567507,-0.00374589566689623,0.010960932779157,-0.000476655540778694,-0.000382713927080446,-0.000106527064426421,0.102287354075743,-2.55723473631012e-06,-0.00550149563987805,-0.0301824483258087,0.0353130012062295,-0.0344215606251764,2.42407500546727e-16,-0.000198654692706485,0.00373941253830601,-0.000276156742031404,0.00538542894942269,1.38934793216532e-05,1.03843743503593e-16,5.48068241368401e-06,1.83661709964624e-05,-4.90479015290493e-06,-2.75454570025386e-06,-0.00154901955315185,2.01371743441056e-16,-1.53332552816927e-06,-4.23949175487603e-08,0.00572254712165538,-1.43404053581887e-06,1.65604986993566e-05,2.99225951637394e-06,-1.83125974861573e-07,-3.76841635048559e-16,-3.01704063548208e-07,0.0157436037410283,0.000567081162798569,0.3916742553491,-2.07661860738533e-05,-4.83878663265157e-05,1.22309202295884e-05,-4.10390904921094e-05,6.77869036944112e-09,5.88250639527613e-06,3.94283298718601e-10,-2.67298522702293e-05,-4.26400670344751e-09,1.94502693965982e-06,0.00137244985152224,-3.64558851386322e-07,-7.15573433840433e-16,-0.000242580617441765,4.96372668852363e-06,6.44694193275588e-07,8.42353766843107e-08,-1.90371208913871e-08,2.13234143585313e-07,-4.60686310362627e-16,-3.13774863604484e-16,-4.90012630681305e-17,-4.83080978671198e-17,2.43568930512603e-08,-7.09809679817763e-08,-3.61757841994931e-16,-2.05821598084609e-16,-7.35089072945172e-16,-7.25990859982165e-17,-7.92334947652407e-16,1.71443802113375e-16,-9.4542429440736e-17,1.28551693023655e-15,-1.58999680793927e-15,-5.00160673375929e-15,0.707106781186547,1.0547118733939e-15,1.64259488268177e-15,-1.61116253467303e-15,2.98827260185421e-16,6.04852656606314e-08,-9.71445146547012e-17
"t113",0.0403757381986737,0.00595817466864641,0.191203161012447,-0.0743481042364865,0.190774591057258,-0.00509516445430748,0.191137147638399,0.00189745383777572,0.0349223327392353,-0.000228725397043629,0.023049270278271,-0.00920419990006169,0.433462102226968,-0.029704400734415,0.0365324776145708,-0.0433946736914358,0.00178197619491914,0.113185484384233,0.000939032168641973,0.001167593948072,-0.000867182188434089,-0.01245052611099,-4.57193558590866e-05,0.000977268632652432,-2.49199533564454e-06,3.21303347967121e-05,0.000127425410692834,0.000690811225593647,-0.000107699068064939,8.60989910733326e-05,-0.00330689625608406,-0.00029377424843575,-0.000989302034820204,6.02312616330899e-17,0.000130979285675458,-0.00374589566689617,0.010960932779157,-0.000476655540778691,-0.000382713927080404,-0.000106527064426476,0.102287354075743,-2.55723473624194e-06,-0.00550149563987815,-0.0301824483258087,0.0353130012062294,-0.0344215606251765,2.45876947498625e-16,-0.000198654692706465,0.00373941253830612,-0.000276156742031197,0.00538542894942267,1.38934793216996e-05,9.58097247642724e-17,5.48068241368096e-06,1.83661709964244e-05,-4.90479015281819e-06,-2.75454570046658e-06,-0.00154901955315175,2.22200121483503e-16,-1.53332552812677e-06,-4.23949175236069e-08,0.00572254712165534,-1.43404053594334e-06,1.65604986995405e-05,2.99225951608511e-06,-1.83125974804327e-07,-9.07723123953161e-18,-3.01704063684384e-07,0.0157436037410284,0.000567081162798656,0.391674255349099,-2.07661860739402e-05,-4.83878663265274e-05,1.22309202292979e-05,-4.10390904920576e-05,6.778690508219e-09,5.8825063960329e-06,3.94283392393668e-10,-2.67298522703893e-05,-4.26400650562148e-09,1.94502693980258e-06,0.00137244985152169,-3.64558851432509e-07,-2.9316826744008e-16,-0.000242580617441725,4.96372668848358e-06,6.44694193460266e-07,8.42353765160425e-08,-1.9037121005889e-08,2.13234143256491e-07,4.10470135223751e-16,2.98685057321749e-16,6.7550470471643e-17,9.30718654247671e-17,2.43568927937823e-08,-7.09809680077972e-08,2.49311116691335e-16,1.2340039105931e-16,3.95842213174458e-16,3.24283283617367e-16,1.44849410244063e-15,-3.74126731091449e-16,-1.39645239816133e-16,-1.37588769512913e-15,1.62930006606084e-15,4.97210118807464e-15,-0.707106781186547,-1.30798150088651e-15,-1.58739406844776e-15,1.7052243592764e-15,-3.02384916968823e-16,6.0485265820226e-08,-2.08166817117217e-16
"t15",0.0375170894302989,0.00535618161504536,0.15280032271308,-0.0571362333121303,0.145495632701258,-0.00344926084306229,0.125307317084315,0.00121526432119261,0.0167481518517087,-0.000107008211688943,0.00892972385767681,-0.00164365719106524,-0.0641136817160814,-0.003307532420583,-0.00104575517737792,0.00319712408893172,-0.000239357636831934,-0.036259495656321,-0.000436672231953668,-0.000571827563563654,0.000766067003753559,0.0133169307498794,5.47253692709855e-05,-0.00119580926681684,3.2871320019043e-06,-4.29765355690406e-05,-0.000176628745625924,-0.0010521384460149,0.00019991666048343,-0.000161581803438108,0.00693985780647857,0.000627870876493742,0.00269171769129723,-1.57256190682951e-16,-0.000421645926405266,0.0124605337623252,-0.0379138313484937,0.00176845220652554,0.00145190567877835,0.000414757494054842,-0.508653383286558,1.32879409661029e-05,0.0298271191010738,0.191707007842169,-0.253461295899876,0.251884793537062,-5.46145303322319e-16,0.00174328667245604,-0.0361691590521835,0.0031073753131204,-0.063751502472011,-0.000189621621722262,-1.0132536167121e-16,-9.51419908050642e-05,-0.000374486295219047,0.000103208677416705,6.49135914368148e-05,0.0401720245643286,-6.66943585655753e-16,4.53230199236024e-05,5.55903528006623e-06,-0.0623975542301338,0.000123335120009829,0.000948419717212319,0.000167669888498248,-7.20736465753026e-06,9.88019208000129e-16,-6.70341411594146e-06,0.095353024986451,6.71223643051455e-05,0.0264790784132199,0.000174887510231623,0.00112116481224207,-0.000452551911845637,0.00184684762900954,-3.39052498493642e-07,-0.000453497582829238,-3.32529952306454e-08,0.0110940798189325,-2.39088048493231e-06,0.000671678336462711,0.688308167571035,0.000505913644142462,-4.37486418619626e-15,0.00270371604949731,3.15336671020177e-05,4.5692962598926e-06,8.16522479727723e-07,-2.06469877871706e-07,2.32254440657669e-06,2.38184713916962e-16,-4.8187904701958e-17,1.49465090782912e-16,-1.19400669910227e-16,2.5618565151288e-07,-7.38351366395308e-07,-1.22619777171208e-16,-1.16155282173408e-17,-3.64291929955129e-17,-2.32470354608261e-16,3.89228579922296e-16,-8.84829872940618e-17,7.44304791411299e-17,1.59716624627657e-16,3.58881542001039e-18,7.23281433660447e-18,-3.01492545588794e-16,3.05311331771918e-16,-1.20191602157037e-17,5.41333482571895e-17,1.80751645738723e-16,5.15715400731254e-07,-9.71445146547012e-17
"t108",0.0405725290210817,0.00599892702059874,0.193627234278436,-0.0754051095001165,0.193539584296678,-0.00518585760946615,0.194645843522792,0.00193288049336295,0.035466132544106,-0.000232072744188632,0.0231233330482251,-0.00754027222200593,-0.399116021408639,-0.0410929815729889,0.045220888517546,-0.0530878381236601,0.00216041642195806,0.136405520495262,0.00113682989265892,0.00141516909653601,-0.00107790629945746,-0.0156965256840612,-5.82208949754195e-05,0.00124714413254403,-3.20469396310377e-06,4.13813989207407e-05,0.000164763134141668,0.000903298868831526,-0.000144766987053957,0.000115929725947691,-0.0045357761599565,-0.000404245781387168,-0.00142912954509304,9.11968064831389e-17,0.000197164769541523,-0.00568862325160006,0.0168271935434647,-0.00074688738902276,-0.000603767326766055,-0.000169418449043908,0.177269334724175,-4.50981595019098e-06,-0.00987327935247727,-0.0581441130178309,0.0723228879544629,-0.0712218342760195,8.22284930639485e-17,-0.000455988710377498,0.0091279992017507,-0.000748147802271242,0.0151449313462919,4.36689719862157e-05,5.04189106595338e-18,2.12479567228398e-05,8.315639137898e-05,-2.29226253176517e-05,-1.44769110538052e-05,-0.00902574197314535,-3.91303931143268e-16,-1.03412342038923e-05,-1.79785407107514e-06,-0.372145526061607,0.000147193428790233,0.000159981238623794,2.75126334402219e-05,-7.13781523619533e-07,6.5533997162132e-16,-2.3633026314477e-07,-7.5859933559162e-05,-3.7321285597039e-07,-0.000147941270351807,-1.42825462717371e-06,-1.00050882379397e-05,3.97243104080732e-06,-1.59532043372772e-05,2.89864765870562e-09,3.68717587054466e-06,2.6732130875215e-10,-7.52951041125904e-05,1.35681824078512e-08,-1.46368586369794e-06,-0.00126635019194082,-5.74948804110317e-07,5.79831321845248e-16,7.36024937514953e-06,2.07875052215878e-07,3.2248019349772e-08,8.1370957632533e-09,-3.04604585179906e-09,4.24047925459851e-08,-2.98248842755208e-16,-5.66188641232742e-17,-1.35953411409677e-16,-1.95811394866162e-16,6.22731682494615e-09,-1.89693341796134e-08,-6.96538425743025e-16,2.47620671075733e-16,7.80815299569748e-16,1.40470319516336e-16,3.28296417828611e-16,1.01955467607231e-15,5.31259064517897e-18,-3.99375795192138e-17,0.707106781186548,4.82312312748742e-15,1.98395859485426e-15,3.46944695195361e-16,9.58269028244429e-16,2.44056809280964e-16,-5.44249098946754e-16,2.48077108699202e-08,-3.81639164714898e-17
"t109",0.0405725290210817,0.00599892702059873,0.193627234278436,-0.0754051095001165,0.193539584296678,-0.00518585760946615,0.194645843522792,0.00193288049336295,0.0354661325441059,-0.000232072744188624,0.0231233330482251,-0.00754027222200593,-0.399116021408639,-0.041092981572989,0.045220888517546,-0.0530878381236602,0.00216041642195801,0.136405520495262,0.00113682989265888,0.00141516909653602,-0.0010779062994575,-0.0156965256840611,-5.82208949754842e-05,0.00124714413254398,-3.20469396309545e-06,4.13813989207346e-05,0.000164763134141657,0.000903298868831452,-0.000144766987053976,0.00011592972594768,-0.00453577615995646,-0.000404245781387176,-0.00142912954509309,3.99141020922804e-17,0.000197164769541447,-0.00568862325159996,0.0168271935434648,-0.000746887389022763,-0.000603767326766062,-0.00016941844904384,0.177269334724175,-4.5098159502052e-06,-0.00987327935247731,-0.0581441130178309,0.072322887954463,-0.0712218342760195,1.37739644295122e-16,-0.000455988710377486,0.00912799920175069,-0.000748147802271307,0.0151449313462919,4.36689719864258e-05,-1.58840135969797e-16,2.12479567228508e-05,8.31563913790382e-05,-2.29226253176621e-05,-1.4476911053924e-05,-0.00902574197314538,-3.08023474591453e-16,-1.0341234203943e-05,-1.79785407113738e-06,-0.372145526061607,0.000147193428790259,0.000159981238623646,2.75126334403915e-05,-7.13781523504174e-07,6.58814846119658e-16,-2.36330263027676e-07,-7.58599335589946e-05,-3.73212855868908e-07,-0.00014794127035155,-1.4282546270688e-06,-1.00050882378671e-05,3.97243104080118e-06,-1.59532043373624e-05,2.89864774110499e-09,3.68717587000112e-06,2.67321310053192e-10,-7.52951041125626e-05,1.35681825188543e-08,-1.46368586386752e-06,-0.00126635019194047,-5.74948804027233e-07,1.15467531369706e-17,7.36024937525144e-06,2.07875052201672e-07,3.22480192504171e-08,8.13709580748875e-09,-3.04604582238499e-09,4.24047923779642e-08,2.22168200029423e-16,9.17901431611388e-17,6.00703413724028e-17,4.09607098249461e-16,6.22731681134421e-09,-1.89693340180673e-08,7.16926745763134e-16,-2.72037861831683e-16,-9.37834879199961e-16,-5.58244838397195e-17,-1.25875872225567e-16,-7.49863269439383e-16,-3.9193908535351e-17,7.80236167893588e-17,-0.707106781186547,-4.64426809726817e-15,-1.85273877462978e-15,-5.39499001028787e-16,-1.00297392783033e-15,-3.61240664093377e-16,5.57992016543631e-16,2.48077110433925e-08,-2.1163626406917e-16
"t51",0.0402783300425271,0.00593690400902909,0.189659250298989,-0.073625660763664,0.188857997307557,-0.00501560442360415,0.187837730710461,0.0018623450696808,0.0336055595182447,-0.000219631254695125,0.0217036094986893,-0.00694305705969079,-0.365039726913531,-0.0372259482303738,0.0404478833707053,-0.0472645012086641,0.00191114481790866,0.118247327253456,0.000969752164417594,0.00120383874045652,-0.000876633574430041,-0.0124911000312409,-4.563958873048e-05,0.000974552777916593,-2.47587830862408e-06,3.18996295009676e-05,0.000126272014525646,0.00068090570152583,-0.00010473933230171,8.36617796093059e-05,-0.00318305920214826,-0.000282294438408746,-0.000924813297102207,-3.34746261811849e-17,0.000119193332504907,-0.00338762615581216,0.00983416217286683,-0.000420956612475984,-0.000336146216556364,-9.29416520949122e-05,0.0820654030188776,-2.01047379999328e-06,-0.00423271814879587,-0.0209476058604058,0.0218585278521037,-0.0208424638363861,1.39510754378261e-16,-8.97958089853535e-05,0.00129271282005861,-3.77128435586286e-05,0.000280120905245341,-3.23874714593152e-06,1.96036934533324e-16,-5.0776119446592e-06,-2.9311858451525e-05,8.59165395060077e-06,6.58594742852163e-06,0.0047120207201889,1.2358905341727e-15,6.33000480262502e-06,2.36259950035528e-06,0.845252481031459,-0.000358195411785162,-0.000563182137248696,-9.77503653141232e-05,3.07496197119676e-06,-1.69872545963728e-15,1.74129175575105e-06,-0.0129070067764027,-7.25429729801427e-06,-0.00285672343276878,-1.4699068795767e-05,-7.18123159267049e-05,2.48951961599209e-05,-9.53365637536431e-05,1.69218874884747e-08,1.98654923314096e-05,1.42053285193816e-09,-0.000349885995182592,5.82400002700762e-08,-5.33045958709907e-06,-0.00455568563804086,-2.01926995929797e-06,-6.86571025726446e-16,2.32003627198981e-05,6.03281654239432e-07,9.27726855999906e-08,2.2261253283893e-08,-7.77113939997973e-09,1.03568974067963e-07,1.11651625747449e-17,-1.7196310081967e-17,1.05410494493924e-16,-2.27155645602019e-16,1.42604671190569e-08,-4.28703306701739e-08,3.34890662264176e-18,5.21802831411943e-17,-1.79435459546351e-16,-2.83172746357428e-17,2.76579974201052e-16,-2.19013060035346e-16,3.0216714547171e-16,6.17026827447466e-18,-3.40590648029417e-16,-9.71055511391275e-17,6.71518018920742e-18,-1.6306400674182e-16,5.22479595175212e-17,2.47338152986489e-16,-3.65851014557286e-18,4.76520273769501e-08,-1.73472347597681e-16
"t14",0.0373294729520263,0.00531714516757901,0.150410121837928,-0.0560788381597535,0.142720936078132,-0.00335215990587164,0.121461792695688,0.00117569499485429,0.0157786482460465,-0.000100560320043285,0.00822080715682785,-0.00137058376069176,-0.0490172335807835,-0.00167083859613363,-0.00294475223457718,0.00546138657821385,-0.000333221190128798,-0.0424194033219285,-0.000488647196394028,-0.00063657084080317,0.000813328344702228,0.0139686037958445,5.70223096792972e-05,-0.00124441620589987,3.40614988876493e-06,-4.44977522533914e-05,-0.00018251667846719,-0.00108158250125175,0.000203325408440736,-0.000164240249870459,0.00701178707633084,0.000633754686377542,0.00268127950958506,-1.35277509220543e-16,-0.000416013368417609,0.01227062130129,-0.0372502585475143,0.00173024210728585,0.00141862095691863,0.000404608770614269,-0.488558912678016,1.27258764067835e-05,0.0284841616716452,0.181085582811662,-0.237333190084031,0.235525725452812,-4.84656888984752e-16,0.00160825993690701,-0.0331227085401314,0.00281288920620507,-0.0574852986041388,-0.000169128545478503,9.44130893043928e-17,-8.33398740592152e-05,-0.000324250969717334,8.91668134476338e-05,5.56495883041216e-05,0.034223396809062,-6.10875819412069e-16,3.82981011181267e-05,4.43810871597703e-06,-0.0638245964340817,0.000100805842855471,0.000707276783283867,0.000124887091843694,-5.24296321310295e-06,1.12991490443394e-15,-4.60689298996874e-06,0.0563111447918606,3.61970831460642e-05,0.0142675963107577,8.18261861461548e-05,0.000416923268820171,-0.000139792156180212,0.000518158821536849,-8.98668571181968e-08,-9.15553650521218e-05,-6.29002352026814e-09,0.000234167716754827,3.36635064372968e-07,-0.00062595854745521,-0.724574653129589,-0.000682513237405082,3.82463158365987e-15,-0.020183411894567,0.000232652328914285,2.88409617221529e-05,2.97220558067874e-06,-5.12771840503435e-07,4.96418705403369e-06,-1.94455993038262e-16,1.09295339406799e-16,-2.22276822347357e-16,-6.55296646773118e-17,4.66728120322834e-07,-1.31001989993459e-06,5.52105038290198e-17,1.78288410422907e-17,2.50667542278649e-16,3.98902150085001e-16,-6.97141996908179e-17,2.10728150399675e-16,-6.74373751285984e-17,-2.2875133449935e-16,-2.31479050718457e-16,-1.36151228908709e-16,3.19122157145293e-16,-4.58834359395865e-16,-8.65994252250545e-18,-8.25073592591045e-17,-1.77463813313377e-16,7.28973310050798e-07,-2.15105711021124e-16
"t2",0.0301625206749736,0.00382970012814598,0.0602361081887795,-0.0163308145185552,0.0384937173618514,0.000252491016018992,-0.020820658809718,-0.000284771703948965,-0.0189110620702379,0.000129553504173436,-0.01662029931563,0.00833207244911121,-0.00216688447849923,0.0402105581576349,-0.047200413295831,0.0550714887806293,-0.002174495116365,-0.0984745406826979,-0.000248209924718861,-0.000135514197438763,-0.00898788232240173,0.0393905934127569,-0.000603154900816284,0.0185166308737284,-0.000324071733621005,0.0155226039883423,-0.0124217369974871,-0.0204626909118148,0.00172157463197887,-0.00135155313784291,0.0447823501239353,0.00390181056075812,0.0107156146404957,-7.08575409646951e-17,-0.00123380922374145,0.034173914110426,-0.0959187603599335,0.00382271279857681,0.00297244724578078,0.000794407520045066,-0.355143713200139,6.34867768976928e-06,0.00782865987826393,-0.109284510939914,0.318959941434568,-0.345541120812044,9.98804384172859e-16,-0.00437968371537336,0.115319685758454,-0.0135164027704995,0.304320205509001,0.00115067958050475,-5.2708492964651e-16,0.000825755488446364,0.00404068300201069,-0.00116037561907567,-0.000843395087821285,-0.587761439047176,8.33794072382032e-15,-0.000776613299186744,-0.000448522082549307,0.0140174948109856,0.00463240392264212,0.0225543820477476,0.00394332409953791,-0.000137256066710056,3.15905338917019e-15,-8.12861886790653e-05,0.22455178329196,-9.15079301089528e-05,-0.00635179893590875,-0.00260925522430816,-0.154544663821486,-0.0399161233144187,0.103463458176792,-1.60656582467791e-05,-0.0138310707063466,-9.52231577304452e-07,0.184854099564971,-2.84695568863017e-05,0.000799248816906508,0.00256840583465626,-0.0013931866511425,-1.77809156287623e-15,-0.13874389224904,0.00191156604035883,0.000239304382664877,2.55900196458186e-05,-4.47529730737196e-06,4.30660144923942e-05,1.49084672874769e-16,2.0563828118394e-18,-8.45191919008142e-17,-5.07872089508555e-17,3.95737830556032e-06,-1.10372816112345e-05,-6.07186327593283e-18,-3.17638837581851e-17,5.11743425413158e-17,2.59544001441789e-16,-2.60208521396521e-17,-2.41766952562621e-16,-7.37257477290143e-17,-1.16904185811673e-17,-7.0857309907197e-17,-9.59230931447605e-17,3.32888449127295e-17,-4.16333634234434e-16,-3.52534373739405e-17,1.06450212102301e-16,9.20458827616067e-17,5.48388114880727e-06,-1.94289029309402e-16
"t60",0.0157736880198322,-0.109883148892498,-0.00911219215786045,-0.108113049932956,-0.0758981389007001,-0.000399498279300068,0.00590728196286592,-0.00125634515048722,-0.000376491451065002,0.000606308800074638,-0.00129761035208948,0.0429244759449474,-0.000484869972860077,0.0857600933860217,0.0150016317892122,-0.0118699248497957,0.00379358701752754,0.00215309213011081,-2.08014792998887e-07,3.86503211051459e-06,-0.0139240133974923,0.00694583865805664,-0.000928500151128063,0.0462588238739605,-6.65728696300899e-05,0.00997869451695432,-0.0128900335810085,-0.143645204221264,-0.000175738010388829,0.00011094991281501,0.0446810893881651,-0.0092266583089559,-0.00331158026965944,9.56504171088771e-17,0.000512825225574368,-0.114550334177499,-0.0113546809720058,7.1354557927011e-05,0.00194634113496407,0.041248985003999,-8.71020975115782e-05,-5.42436173358267e-05,1.35439098103934e-05,-0.000645411346334516,0.00276350095834971,-0.00290174102670968,1.31914191394759e-16,-6.1883493181244e-05,0.000225776242409247,0.000676011817817792,-0.0018040016069741,-1.5100691669853e-05,1.64489653183315e-17,5.08037230971037e-06,4.92726503316322e-05,0.000817939655238473,-7.77212009025409e-05,-0.0013855667761869,-2.05930994661631e-17,1.46924888243088e-05,3.01760118761781e-05,-5.27301969265093e-05,-0.0031080458395116,-0.0532231600491623,-0.0113095751257566,2.06348302681259e-06,6.09266081221466e-16,8.35049233462343e-06,-0.00957482469828418,4.30078511230019e-05,0.000445795893169446,0.0031842927272164,0.132406663990546,-0.0458115186214274,0.0619792901003135,1.44232180549887e-05,-0.00466736267681308,-1.28869267230424e-06,0.0261966492231256,0.000267155669427084,7.55722940736008e-05,6.70070015489648e-05,-7.01129368863868e-05,7.29899964841147e-17,-0.00362027958147984,6.87550531233249e-06,9.31975196417734e-08,1.87908237020413e-06,-0.0113303749722022,-3.058872757846e-07,-2.43575930786964e-16,-1.30759392289088e-16,-1.52148227221662e-16,-5.6745042834566e-17,-2.01862633133802e-07,1.82476331348157e-05,6.7002358679403e-17,-7.30650341615803e-18,-2.68210317734541e-16,-3.12035494742799e-17,-3.17494101328462e-16,1.0541788021478e-18,-5.19257978642559e-16,-1.70933546143259e-16,-9.68956656919848e-17,-1.22980958780688e-15,-3.18817583737708e-17,1.0688116741947e-15,5.34341936858782e-17,-3.9108210046212e-16,-5.4676105657409e-17,-0.000316846180055586,-7.53407394556833e-16
"t61",0.0157736880198322,-0.109883148892498,-0.00911219215786045,-0.108113049932956,-0.0758981389007001,-0.000399498279300068,0.00590728196286592,-0.00125634515048722,-0.000376491451065002,0.000606308800074638,-0.00129761035208948,0.0429244759449474,-0.000484869972860077,0.0857600933860217,0.0150016317892122,-0.0118699248497957,0.00379358701752754,0.00215309213011081,-2.08014792998887e-07,3.86503211051459e-06,-0.0139240133974923,0.00694583865805664,-0.000928500151128063,0.0462588238739605,-6.65728696300899e-05,0.00997869451695432,-0.0128900335810085,-0.143645204221264,-0.000175738010388829,0.00011094991281501,0.0446810893881651,-0.0092266583089559,-0.00331158026965944,9.56504171088771e-17,0.000512825225574368,-0.114550334177499,-0.0113546809720058,7.1354557927011e-05,0.00194634113496407,0.041248985003999,-8.71020975115782e-05,-5.42436173358267e-05,1.35439098103934e-05,-0.000645411346334516,0.00276350095834971,-0.00290174102670968,1.31914191394759e-16,-6.1883493181244e-05,0.000225776242409247,0.000676011817817792,-0.0018040016069741,-1.5100691669853e-05,1.64489653183315e-17,5.08037230971037e-06,4.92726503316322e-05,0.000817939655238473,-7.77212009025409e-05,-0.0013855667761869,-2.05930994661631e-17,1.46924888243088e-05,3.01760118761781e-05,-5.27301969265093e-05,-0.0031080458395116,-0.0532231600491623,-0.0113095751257566,2.06348302681259e-06,6.09266081221466e-16,8.35049233462343e-06,-0.00957482469828418,4.30078511230019e-05,0.000445795893169446,0.0031842927272164,0.132406663990546,-0.0458115186214274,0.0619792901003135,1.44232180549887e-05,-0.00466736267681308,-1.28869267230424e-06,0.0261966492231256,0.000267155669427084,7.55722940736008e-05,6.70070015489648e-05,-7.01129368863868e-05,7.29899964841147e-17,-0.00362027958147984,6.87550531233249e-06,9.31975196417734e-08,1.87908237020413e-06,-0.0113303749722022,-3.058872757846e-07,-2.43575930786964e-16,-1.30759392289088e-16,-1.52148227221662e-16,-5.6745042834566e-17,-2.01862633133802e-07,1.82476331348157e-05,6.7002358679403e-17,-7.30650341615803e-18,-2.68210317734541e-16,-3.12035494742799e-17,-3.17494101328462e-16,1.0541788021478e-18,-5.19257978642559e-16,-1.70933546143259e-16,-9.68956656919848e-17,-1.22980958780688e-15,-3.18817583737708e-17,1.0688116741947e-15,5.34341936858782e-17,-3.9108210046212e-16,-5.4676105657409e-17,-0.000316846180055586,-7.53407394556833e-16
"t114",0.0157736880198322,-0.109883148892498,-0.00911219215786045,-0.108113049932956,-0.0758981389007001,-0.000399498279300068,0.00590728196286592,-0.00125634515048722,-0.000376491451065002,0.000606308800074638,-0.00129761035208948,0.0429244759449474,-0.000484869972860077,0.0857600933860217,0.0150016317892122,-0.0118699248497957,0.00379358701752754,0.00215309213011081,-2.08014792998887e-07,3.86503211051459e-06,-0.0139240133974923,0.00694583865805664,-0.000928500151128063,0.0462588238739605,-6.65728696300899e-05,0.00997869451695432,-0.0128900335810085,-0.143645204221264,-0.000175738010388829,0.00011094991281501,0.0446810893881651,-0.0092266583089559,-0.00331158026965944,9.56504171088771e-17,0.000512825225574368,-0.114550334177499,-0.0113546809720058,7.1354557927011e-05,0.00194634113496407,0.041248985003999,-8.71020975115782e-05,-5.42436173358267e-05,1.35439098103934e-05,-0.000645411346334516,0.00276350095834971,-0.00290174102670968,1.31914191394759e-16,-6.1883493181244e-05,0.000225776242409247,0.000676011817817792,-0.0018040016069741,-1.5100691669853e-05,1.64489653183315e-17,5.08037230971037e-06,4.92726503316322e-05,0.000817939655238473,-7.77212009025409e-05,-0.0013855667761869,-2.05930994661631e-17,1.46924888243088e-05,3.01760118761781e-05,-5.27301969265093e-05,-0.0031080458395116,-0.0532231600491623,-0.0113095751257566,2.06348302681259e-06,6.09266081221466e-16,8.35049233462343e-06,-0.00957482469828418,4.30078511230019e-05,0.000445795893169446,0.0031842927272164,0.132406663990546,-0.0458115186214274,0.0619792901003135,1.44232180549887e-05,-0.00466736267681308,-1.28869267230424e-06,0.0261966492231256,0.000267155669427084,7.55722940736008e-05,6.70070015489648e-05,-7.01129368863868e-05,7.29899964841147e-17,-0.00362027958147984,6.87550531233249e-06,9.31975196417734e-08,1.87908237020413e-06,-0.0113303749722022,-3.058872757846e-07,-2.43575930786964e-16,-1.30759392289088e-16,-1.52148227221662e-16,-5.6745042834566e-17,-2.01862633133802e-07,1.82476331348157e-05,6.7002358679403e-17,-7.30650341615803e-18,-2.68210317734541e-16,-3.12035494742799e-17,-3.17494101328462e-16,1.0541788021478e-18,-5.19257978642559e-16,-1.70933546143259e-16,-9.68956656919848e-17,-1.22980958780688e-15,-3.18817583737708e-17,1.0688116741947e-15,5.34341936858782e-17,-3.9108210046212e-16,-5.4676105657409e-17,-0.000316846180055586,-7.53407394556833e-16
"t115",0.0157736880198322,-0.109883148892498,-0.00911219215786045,-0.108113049932956,-0.0758981389007001,-0.000399498279300068,0.00590728196286592,-0.00125634515048722,-0.000376491451065002,0.000606308800074638,-0.00129761035208948,0.0429244759449474,-0.000484869972860077,0.0857600933860217,0.0150016317892122,-0.0118699248497957,0.00379358701752754,0.00215309213011081,-2.08014792998887e-07,3.86503211051459e-06,-0.0139240133974923,0.00694583865805664,-0.000928500151128063,0.0462588238739605,-6.65728696300899e-05,0.00997869451695432,-0.0128900335810085,-0.143645204221264,-0.000175738010388829,0.00011094991281501,0.0446810893881651,-0.0092266583089559,-0.00331158026965944,9.56504171088771e-17,0.000512825225574368,-0.114550334177499,-0.0113546809720058,7.1354557927011e-05,0.00194634113496407,0.041248985003999,-8.71020975115782e-05,-5.42436173358267e-05,1.35439098103934e-05,-0.000645411346334516,0.00276350095834971,-0.00290174102670968,1.31914191394759e-16,-6.1883493181244e-05,0.000225776242409247,0.000676011817817792,-0.0018040016069741,-1.5100691669853e-05,1.64489653183315e-17,5.08037230971037e-06,4.92726503316322e-05,0.000817939655238473,-7.77212009025409e-05,-0.0013855667761869,-2.05930994661631e-17,1.46924888243088e-05,3.01760118761781e-05,-5.27301969265093e-05,-0.0031080458395116,-0.0532231600491623,-0.0113095751257566,2.06348302681259e-06,6.09266081221466e-16,8.35049233462343e-06,-0.00957482469828418,4.30078511230019e-05,0.000445795893169446,0.0031842927272164,0.132406663990546,-0.0458115186214274,0.0619792901003135,1.44232180549887e-05,-0.00466736267681308,-1.28869267230424e-06,0.0261966492231256,0.000267155669427084,7.55722940736008e-05,6.70070015489648e-05,-7.01129368863868e-05,7.29899964841147e-17,-0.00362027958147984,6.87550531233249e-06,9.31975196417734e-08,1.87908237020413e-06,-0.0113303749722022,-3.058872757846e-07,-2.43575930786964e-16,-1.30759392289088e-16,-1.52148227221662e-16,-5.6745042834566e-17,-2.01862633133802e-07,1.82476331348157e-05,6.7002358679403e-17,-7.30650341615803e-18,-2.68210317734541e-16,-3.12035494742799e-17,-3.17494101328462e-16,1.0541788021478e-18,-5.19257978642559e-16,-1.70933546143259e-16,-9.68956656919848e-17,-1.22980958780688e-15,-3.18817583737708e-17,1.0688116741947e-15,5.34341936858782e-17,-3.9108210046212e-16,-5.4676105657409e-17,-0.000316846180055586,-7.53407394556833e-16
"t94",0.0173194854550594,-0.126253520646779,-0.0125858638914618,-0.160410610212608,-0.114284818511403,-0.000792772235336066,0.0128885362697521,-0.00296054850504347,0.00392363387246218,-0.00391852845466447,0.00164644980567944,0.0985045414969792,0.000589838663708575,-0.0181822077272569,0.00200955715217387,-0.00253170907235202,0.00115904566968313,0.00115012437431728,-1.4392443784223e-07,2.77827467919991e-06,-0.0169984580257561,0.01090777626013,-0.00176292235442846,0.0916384471896636,-0.000155151786973262,0.0240531947807683,-0.0340888691300324,-0.515000292177655,-0.00300446141689496,0.0024244519425923,-0.511324391654479,0.0841187525534794,0.00797904023086259,-1.86242147737354e-16,-0.000843680388090108,0.181649291718295,0.0178399623011287,-0.000168821595760599,-0.0643573401754759,0.00724093366543279,5.03139885892579e-05,0.000391229158430884,-7.17386825870698e-06,0.000289423817128492,-0.00109427963161053,0.00112727310657064,-2.46971553759684e-16,2.02563322761045e-05,-6.78504319845078e-05,-0.000179426949630807,0.00046034849481964,3.47179321208028e-06,-2.51843981051119e-17,-9.98759522724328e-07,-8.83985525727955e-06,-0.000144312558831061,1.29535736119058e-05,0.000220895315557243,-2.00136979229763e-16,-2.2160661618355e-06,-3.30296890390829e-06,4.42690020113556e-06,0.000252210974859877,0.00361036439013486,0.000763832287354785,-1.27429520491468e-07,-1.36665013448561e-16,-4.11811983078831e-07,0.000265416399408791,-8.48862883925652e-07,-8.77133511044029e-06,-3.54244887156809e-05,-0.000342328229837649,-7.96461649340654e-05,0.000213149032950446,6.22327246446499e-08,-3.51512254673897e-05,-1.0463104600513e-08,0.000378571279600831,5.02024512845912e-06,2.2330083721605e-06,2.04110027791375e-06,-2.26494198509945e-06,1.48542229845191e-16,-0.000150361657093788,3.42406769251201e-07,4.72977334036202e-09,1.06229212691837e-07,-0.00421141642838079,-2.16814189255625e-08,-1.32912237123002e-16,5.05192109504878e-17,-1.41739886365801e-16,-1.85850734829147e-16,-1.63748417425529e-08,1.5209671303468e-06,5.74613795615306e-17,2.23447570171441e-18,-1.30078729622652e-16,2.6235583072678e-18,-8.22696280576025e-16,-8.04778245687621e-17,-6.07044705040881e-17,-4.79714324867131e-16,6.87704262638003e-17,-1.44476446960684e-15,-1.62692470899796e-17,1.74686944293141e-15,-1.33526601392289e-17,3.39251511521981e-17,1.73149185956284e-17,-3.69404831704275e-05,-8.93720036963442e-16
"t95",0.0173194854550594,-0.126253520646779,-0.0125858638914618,-0.160410610212608,-0.114284818511403,-0.000792772235336066,0.0128885362697521,-0.00296054850504347,0.00392363387246218,-0.00391852845466447,0.00164644980567944,0.0985045414969792,0.000589838663708575,-0.0181822077272569,0.00200955715217387,-0.00253170907235202,0.00115904566968313,0.00115012437431728,-1.4392443784223e-07,2.77827467919991e-06,-0.0169984580257561,0.01090777626013,-0.00176292235442846,0.0916384471896636,-0.000155151786973262,0.0240531947807683,-0.0340888691300324,-0.515000292177655,-0.00300446141689496,0.0024244519425923,-0.511324391654479,0.0841187525534794,0.00797904023086259,-1.86242147737354e-16,-0.000843680388090108,0.181649291718295,0.0178399623011287,-0.000168821595760599,-0.0643573401754759,0.00724093366543279,5.03139885892579e-05,0.000391229158430884,-7.17386825870698e-06,0.000289423817128492,-0.00109427963161053,0.00112727310657064,-2.46971553759684e-16,2.02563322761045e-05,-6.78504319845078e-05,-0.000179426949630807,0.00046034849481964,3.47179321208028e-06,-2.51843981051119e-17,-9.98759522724328e-07,-8.83985525727955e-06,-0.000144312558831061,1.29535736119058e-05,0.000220895315557243,-2.00136979229763e-16,-2.2160661618355e-06,-3.30296890390829e-06,4.42690020113556e-06,0.000252210974859877,0.00361036439013486,0.000763832287354785,-1.27429520491468e-07,-1.36665013448561e-16,-4.11811983078831e-07,0.000265416399408791,-8.48862883925652e-07,-8.77133511044029e-06,-3.54244887156809e-05,-0.000342328229837649,-7.96461649340654e-05,0.000213149032950446,6.22327246446499e-08,-3.51512254673897e-05,-1.0463104600513e-08,0.000378571279600831,5.02024512845912e-06,2.2330083721605e-06,2.04110027791375e-06,-2.26494198509945e-06,1.48542229845191e-16,-0.000150361657093788,3.42406769251201e-07,4.72977334036202e-09,1.06229212691837e-07,-0.00421141642838079,-2.16814189255625e-08,-1.32912237123002e-16,5.05192109504878e-17,-1.41739886365801e-16,-1.85850734829147e-16,-1.63748417425529e-08,1.5209671303468e-06,5.74613795615306e-17,2.23447570171441e-18,-1.30078729622652e-16,2.6235583072678e-18,-8.22696280576025e-16,-8.04778245687621e-17,-6.07044705040881e-17,-4.79714324867131e-16,6.87704262638003e-17,-1.44476446960684e-15,-1.62692470899796e-17,1.74686944293141e-15,-1.33526601392289e-17,3.39251511521981e-17,1.73149185956284e-17,-3.69404831704275e-05,-8.93720036963442e-16
"t49",0.0173194854550594,-0.126253520646779,-0.0125858638914618,-0.160410610212608,-0.114284818511403,-0.000792772235336066,0.0128885362697521,-0.00296054850504347,0.00392363387246218,-0.00391852845466447,0.00164644980567944,0.0985045414969792,0.000589838663708575,-0.0181822077272569,0.00200955715217387,-0.00253170907235202,0.00115904566968313,0.00115012437431728,-1.4392443784223e-07,2.77827467919991e-06,-0.0169984580257561,0.01090777626013,-0.00176292235442846,0.0916384471896636,-0.000155151786973262,0.0240531947807683,-0.0340888691300324,-0.515000292177655,-0.00300446141689496,0.0024244519425923,-0.511324391654479,0.0841187525534794,0.00797904023086259,-1.86242147737354e-16,-0.000843680388090108,0.181649291718295,0.0178399623011287,-0.000168821595760599,-0.0643573401754759,0.00724093366543279,5.03139885892579e-05,0.000391229158430884,-7.17386825870698e-06,0.000289423817128492,-0.00109427963161053,0.00112727310657064,-2.46971553759684e-16,2.02563322761045e-05,-6.78504319845078e-05,-0.000179426949630807,0.00046034849481964,3.47179321208028e-06,-2.51843981051119e-17,-9.98759522724328e-07,-8.83985525727955e-06,-0.000144312558831061,1.29535736119058e-05,0.000220895315557243,-2.00136979229763e-16,-2.2160661618355e-06,-3.30296890390829e-06,4.42690020113556e-06,0.000252210974859877,0.00361036439013486,0.000763832287354785,-1.27429520491468e-07,-1.36665013448561e-16,-4.11811983078831e-07,0.000265416399408791,-8.48862883925652e-07,-8.77133511044029e-06,-3.54244887156809e-05,-0.000342328229837649,-7.96461649340654e-05,0.000213149032950446,6.22327246446499e-08,-3.51512254673897e-05,-1.0463104600513e-08,0.000378571279600831,5.02024512845912e-06,2.2330083721605e-06,2.04110027791375e-06,-2.26494198509945e-06,1.48542229845191e-16,-0.000150361657093788,3.42406769251201e-07,4.72977334036202e-09,1.06229212691837e-07,-0.00421141642838079,-2.16814189255625e-08,-1.32912237123002e-16,5.05192109504878e-17,-1.41739886365801e-16,-1.85850734829147e-16,-1.63748417425529e-08,1.5209671303468e-06,5.74613795615306e-17,2.23447570171441e-18,-1.30078729622652e-16,2.6235583072678e-18,-8.22696280576025e-16,-8.04778245687621e-17,-6.07044705040881e-17,-4.79714324867131e-16,6.87704262638003e-17,-1.44476446960684e-15,-1.62692470899796e-17,1.74686944293141e-15,-1.33526601392289e-17,3.39251511521981e-17,1.73149185956284e-17,-3.69404831704275e-05,-8.93720036963442e-16
"t72",0.0173956631824298,-0.127044868860776,-0.0127419434676412,-0.162700093497952,-0.115956624573857,-0.0008084878159258,0.0131606353505577,-0.00302574129154564,0.00404749010456642,-0.00404490876530526,0.00170718105671986,0.103177013653267,0.000619966024430453,-0.0192042422496471,0.0021359987273253,-0.00269713824714911,0.00123862949980681,0.00124095424833724,-1.56442959519837e-07,3.02371479218357e-06,-0.0188640421513592,0.0122130734739753,-0.00198570574369195,0.103346671806406,-0.000175746030864483,0.0272689835856707,-0.0387319869677293,-0.588766607092528,-0.0034852710432904,0.00281490587116647,-0.599259925265961,0.0987436563699049,0.0095877926165312,-2.31344958112751e-16,-0.00103295661344566,0.223269194602363,0.0220318046895061,-0.000210331907167234,-0.0804124343780806,0.00907807206309537,6.52896030355855e-05,0.000511058001640756,-9.43264267434254e-06,0.000390349091579562,-0.00150664863145559,0.00155726111122217,-2.91887693064195e-16,2.88973194167193e-05,-9.85225448513233e-05,-0.000267907097843298,0.000693849721179158,5.37227559104045e-06,-3.21232920090192e-17,-1.61417259693006e-06,-1.46887665852364e-05,-0.000241062504505509,2.20396118401496e-05,0.000381459949923614,-2.24423107893438e-16,-3.90088032690738e-06,-6.58789061978197e-06,9.97916678120676e-06,0.000578260111187198,0.00909520026087961,0.00192885957090163,-3.38338174377336e-07,-1.98247696845738e-16,-1.25093883124783e-06,0.00119908926266563,-4.99562393978457e-06,-5.1750627684142e-05,-0.000338700359578138,-0.0127988375621011,0.00420327923004026,-0.00556700375511346,-1.28115561840146e-06,0.000397536657390034,1.0890264595301e-07,-0.00202550604550068,-1.93407082070757e-05,-4.54947976832618e-06,-3.96454142133718e-06,4.00194556201404e-06,1.69057915509835e-16,0.000168849164779351,-2.56640988552152e-07,-3.3796064150171e-09,-5.60652710600041e-08,0.00127650739921901,3.90186528081383e-09,-1.40772149417135e-16,1.49573796929633e-17,-1.53882950697638e-16,-2.01092965339651e-16,2.94333443448568e-10,1.91295145598753e-08,6.17981882514726e-17,1.36711396372601e-18,-9.72485235281451e-17,1.12971756871518e-17,-9.08445556791937e-16,-5.70590576430753e-17,2.87994457606843e-17,-5.10071985696725e-16,9.8260725355406e-17,-1.47569123957865e-15,-1.2799800138026e-17,1.8206135209342e-15,-1.85568305671593e-17,5.38744711259314e-17,2.25190890235588e-17,-1.22141654680266e-05,-9.02470719293458e-16
"t59",0.0182671509074529,-0.136445523434925,-0.014858963332327,-0.195138267381733,-0.139845001047411,-0.00106458573960578,0.0177528707520927,-0.00415430007858433,0.00696636573203974,-0.00710120095293149,0.00348826524321159,0.362819661172285,0.00301838047479806,-0.223140003747037,-0.0249319855553321,0.017682490352976,-0.00497998346953334,-0.00211992147999828,1.75046033887677e-07,-3.17951605792955e-06,0.00901288397345029,-0.00430614039640391,0.000575053420180294,-0.0287423483116973,4.23340735495163e-05,-0.00638914694674786,0.00843895943380807,0.104464878256294,0.000365897195424944,-0.000285503441526766,0.0405050939124429,-0.00616911683436878,-4.33679963734897e-05,-6.69826797375457e-18,-2.73036654469074e-05,0.00707256173836208,0.000828764674986312,-9.98131789629438e-06,-0.00405050661566793,0.000486996092661666,5.12765571265405e-06,4.1892951793778e-05,-8.0201124754895e-07,3.67980343073188e-05,-0.000149701152240489,0.000155756900719271,-6.07233883478084e-17,3.02029635079112e-06,-1.04257653625866e-05,-2.85606541748122e-05,7.39529993924709e-05,5.68915409895316e-07,1.64489653183315e-17,-1.66595324864936e-07,-1.47986668661827e-06,-2.41619034510999e-05,2.16680758524926e-06,3.68713451613959e-05,-1.10798720216957e-16,-3.68248697680885e-07,-5.11434209256017e-07,5.98641794609357e-07,3.32796826214049e-05,0.000402454153374985,8.47098329103207e-05,-1.25405455982927e-08,-1.67022674278155e-16,-2.45798212793393e-08,-2.70934291788762e-05,2.18495225989679e-07,2.27267761977936e-06,2.415970762461e-05,0.00134541733104425,-0.000526925725029891,0.000746033263036769,1.77606785855877e-07,-6.22738444872746e-05,-1.74388914178284e-08,0.000409107374680023,4.56654133518559e-06,1.58514655630973e-06,1.42884983892076e-06,-1.54526459657251e-06,-3.37998603141138e-17,-9.39794933829717e-05,2.09341930361484e-07,2.89752524926552e-09,6.85268035437384e-08,-0.130585067897622,-6.24414554928941e-09,2.01468601613586e-16,6.96011691862327e-17,1.37480040228577e-18,-1.76001334710302e-16,-6.44623990256607e-09,6.083517199528e-07,-5.61630081149503e-17,1.52449017715405e-17,-5.8897551842181e-16,-6.41632955178393e-17,-1.03268932389992e-16,-5.96611428570405e-17,-8.56109478165675e-16,-4.60334558729291e-17,5.66273619319627e-17,-1.45638668861873e-15,2.10273076435218e-17,1.4415033442398e-15,-1.33526601392289e-17,-2.67901705069903e-17,-1.56448274479309e-17,-1.55516454122576e-05,-1.63032102143651e-15
"t74",0.0181495344385065,-0.135288673049884,-0.0147023644455792,-0.193358212129675,-0.13862757531202,-0.00106963849047895,0.0179476942387333,-0.00422213913301382,0.00818655090815305,-0.00853385910290437,0.00549549467128887,-0.182071408434199,-0.000184126795245755,-0.0288674239706624,-0.00487213244010754,0.00352924028628578,-0.000975747465064756,-0.000301334097054149,1.27652943538946e-08,-1.8883963776352e-07,-0.00185676019625044,0.00153913368974283,-0.00026890460408553,0.0141157286369763,-2.43811302274548e-05,0.00378478589227295,-0.00536247046326761,-0.0786815105235816,-0.000345475779677952,0.000270017033178731,-0.0312075620799882,0.00420302826187341,-0.00196404721792087,7.14946698032597e-16,0.000822172006244299,-0.236576933568516,-0.0343799541010655,0.000911168879695692,0.633870976743896,-0.501425930599777,0.000107416503229744,-0.0151970116781305,-1.2936891880824e-05,0.000439495689885507,-0.00154897227655945,0.00158279584135137,-4.09590114924133e-16,2.70591906681844e-05,-8.94875581546356e-05,-0.000234825986179604,0.000602397690737024,4.56259322616399e-06,-2.08475894151699e-17,-1.33589780761264e-06,-1.20117384659504e-05,-0.00019673889668884,1.78739994366524e-05,0.000307974763702582,-8.52393006197042e-16,-3.13330517459704e-06,-5.17938268437444e-06,7.76467112647037e-06,0.000449489835442083,0.00703956069875704,0.00149278117965457,-2.61422241340901e-07,-1.0309149653146e-15,-9.63710597047857e-07,0.000920946255039248,-3.83565940632844e-06,-3.97343210922476e-05,-0.000260135564039736,-0.00984085888801835,0.00323483165936426,-0.00428623798957065,-9.86650039552765e-07,0.000306463675338013,8.39710590314769e-08,-0.00156596850813196,-1.49883665916501e-05,-3.55576991248939e-06,-3.10150623364909e-06,3.13711278442698e-06,1.18690892476152e-16,0.000134147214589537,-2.07812864689377e-07,-2.74432987964728e-09,-4.65013855074616e-08,0.000613371496524338,3.79171970065718e-09,1.33200024119622e-16,1.07765085657722e-16,2.74593747868633e-16,-6.07737347092589e-17,8.49465864383202e-10,-4.37689812809508e-08,1.58280161380872e-17,-1.00114209380917e-16,-3.10713416376123e-16,-5.49018507053357e-16,-1.67915260435403e-16,-4.03136391100448e-16,-2.20833323989383e-16,-5.54928943503284e-17,-4.22518761987153e-17,-1.34703532191372e-15,-6.91783131072722e-17,1.23889389907943e-15,1.89609986550058e-16,-1.47353452087378e-16,3.29565144271454e-16,-7.77417431328229e-06,-1.10437955401298e-15
"t30",0.0154019010636752,-0.105399988710697,-0.00773028392256512,-0.0850531279489237,-0.0586449304416385,-0.000168375058541854,0.00153278898960638,-0.000139455879797751,-0.00489665653719174,0.00553481418314169,-0.00545728397654338,0.0961193664374849,-0.00202522574564485,0.343907738686923,0.0688469327688348,-0.0589004187649016,0.0216106537669156,0.0317616610920861,3.9629124306995e-06,-4.99074452417115e-05,0.0152532603380826,-0.00263743136975655,7.50565039023831e-05,-0.0014064580455789,-8.19529787922616e-06,0.00148001186700729,-0.00267964303660188,-0.0461218034483523,0.000114286982131761,-0.000123708190060867,0.112945282025866,-0.0214764499058954,-0.00703290394288069,-4.44715945657898e-16,0.000953615226624598,-0.170671311087604,-0.00578773330897915,-0.000727363927298343,-0.530473330310316,-0.553862612950623,0.0157354905355117,3.21468872846815e-05,-0.000315115847284008,0.00541245662193125,-0.0153022219607718,0.0152450717666635,1.05530810472257e-15,0.000220058756809456,-0.000686963113861984,-0.00169199827471802,0.0042715552811832,3.12532417952075e-05,-1.17124742331883e-16,-8.85062868546928e-06,-7.8778010884423e-05,-0.00128884878166185,0.000116847347486564,0.00201382210977496,1.29606201880023e-15,-2.05450118191404e-05,-3.69975518868405e-05,7.20444662705524e-05,0.00445032922372529,0.15497046415623,0.0343529352200539,3.19364719141153e-05,-1.37532375186549e-16,2.10819246462826e-06,0.00184915213097998,-9.40735827127145e-06,-9.75608739468729e-05,-0.000718317338505447,-0.0291866938370747,0.009846255318186,-0.013162205371813,-3.04280547947428e-06,0.000958761910928941,2.63331891631346e-07,-0.00502118331219518,-4.86395528914174e-05,-1.17875586638861e-05,-1.029559270856e-05,1.04403704397574e-05,-1.29589348024417e-16,0.000450647579879725,-7.00944117224107e-07,-9.25836158257836e-09,-1.56846402760331e-07,0.000145515175309633,1.27200139209217e-08,6.98682804502455e-17,1.55469981247085e-16,6.1286482568411e-16,-3.08412473968735e-16,2.68306704326041e-09,-1.28771132619395e-07,4.53183152296929e-17,-5.15419520535666e-17,1.70485781454637e-16,9.63758213706624e-17,-4.43270109029426e-17,-1.76520446895274e-16,-5.62008164519457e-16,1.08590498849806e-16,-7.00074518143443e-17,-1.53110433906945e-15,-7.59562971009554e-18,1.76856603437281e-16,-6.19249174665795e-17,-7.70821227124537e-18,1.08387901084411e-16,-2.68036181012691e-05,-6.89975760930487e-16
"t31",0.0154019010636752,-0.105399988710697,-0.00773028392256512,-0.0850531279489237,-0.0586449304416385,-0.000168375058541854,0.00153278898960638,-0.000139455879797751,-0.00489665653719174,0.00553481418314169,-0.00545728397654338,0.0961193664374849,-0.00202522574564485,0.343907738686923,0.0688469327688348,-0.0589004187649016,0.0216106537669156,0.0317616610920861,3.9629124306995e-06,-4.99074452417115e-05,0.0152532603380826,-0.00263743136975655,7.50565039023831e-05,-0.0014064580455789,-8.19529787922616e-06,0.00148001186700729,-0.00267964303660188,-0.0461218034483523,0.000114286982131761,-0.000123708190060867,0.112945282025866,-0.0214764499058954,-0.00703290394288069,-4.44715945657898e-16,0.000953615226624598,-0.170671311087604,-0.00578773330897915,-0.000727363927298343,-0.530473330310316,-0.553862612950623,0.0157354905355117,3.21468872846815e-05,-0.000315115847284008,0.00541245662193125,-0.0153022219607718,0.0152450717666635,1.05530810472257e-15,0.000220058756809456,-0.000686963113861984,-0.00169199827471802,0.0042715552811832,3.12532417952075e-05,-1.17124742331883e-16,-8.85062868546928e-06,-7.8778010884423e-05,-0.00128884878166185,0.000116847347486564,0.00201382210977496,1.29606201880023e-15,-2.05450118191404e-05,-3.69975518868405e-05,7.20444662705524e-05,0.00445032922372529,0.15497046415623,0.0343529352200539,3.19364719141153e-05,-1.37532375186549e-16,2.10819246462826e-06,0.00184915213097998,-9.40735827127145e-06,-9.75608739468729e-05,-0.000718317338505447,-0.0291866938370747,0.009846255318186,-0.013162205371813,-3.04280547947428e-06,0.000958761910928941,2.63331891631346e-07,-0.00502118331219518,-4.86395528914174e-05,-1.17875586638861e-05,-1.029559270856e-05,1.04403704397574e-05,-1.29589348024417e-16,0.000450647579879725,-7.00944117224107e-07,-9.25836158257836e-09,-1.56846402760331e-07,0.000145515175309633,1.27200139209217e-08,6.98682804502455e-17,1.55469981247085e-16,6.1286482568411e-16,-3.08412473968735e-16,2.68306704326041e-09,-1.28771132619395e-07,4.53183152296929e-17,-5.15419520535666e-17,1.70485781454637e-16,9.63758213706624e-17,-4.43270109029426e-17,-1.76520446895274e-16,-5.62008164519457e-16,1.08590498849806e-16,-7.00074518143443e-17,-1.53110433906945e-15,-7.59562971009554e-18,1.76856603437281e-16,-6.19249174665795e-17,-7.70821227124537e-18,1.08387901084411e-16,-2.68036181012691e-05,-6.89975760930487e-16
