"accepted_species","0","1"
"Hyperacanthus_microphyllus",0.895882548776099,0.104117451223901
"Tarenna_barbellata",0.894570025594884,0.105429974405116
"Chaetostachydium_barbatum",0.887410025872098,0.112589974127902
"Geophila_cordifolia",0.887410059015124,0.112589940984876
"Psychotria_sitae",0.887405625434867,0.112594374565133
"Galium_fruticosum",0.887213183415479,0.112786816584522
"Gynochthodes_rigida",0.887410025778004,0.112589974221996
"Ophiorrhiza_reticulata",0.887410086258759,0.112589913741241
"Sabicea_tchapensis",0.889161380075909,0.110838619924091
"Praravinia_teysmannii",0.887410307714972,0.112589692285028
