accepted_species,estimate
t94,0.04691422
t57,1.1344086
t50,-0.010512346
t46,0.61390847
t67,0.13723277
t61,-1.9404244
t89,-0.50026906
t56,-0.73450905
t29,-0.85763425
t70,-1.474257
