accepted_species,estimate
t22,-0.4120611511745548
t82,-0.018522500879217724
t83,-0.007847631627237256
t52,0.2989300516032415
t41,-1.3209595196648543
t64,-0.440150301038679
t89,0.3133110823862414
t97,0.5251296831858528
t98,0.524900042800644
t3,0.11624338137359422
