accepted_species,0,1
t10,0.24356021882845125,0.7564397811715488
t4,0.2577899693543271,0.7422100306456729
t66,0.7615211230496733,0.23847887695032663
t77,0.475946108973486,0.524053891026514
t31,0.48772420839800534,0.5122757916019947
t63,0.21502486912693164,0.7849751308730684
t79,0.2098641278541188,0.7901358721458812
t46,0.22681111950703692,0.7731888804929631
t41,0.7396621901714393,0.26033780982856075
t47,0.7433779205344799,0.25662207946552
