accepted_species,0,1
t10,0.4869931206592366,0.5130068793407634
t4,0.4874358364537872,0.5125641635462128
t66,0.47915020994080504,0.520849790059195
t77,0.4745040861573394,0.5254959138426606
t31,0.47549975184979043,0.5245002481502096
t63,0.47330201540740047,0.5266979845925995
t79,0.47285500757026355,0.5271449924297364
t46,0.4731781426019709,0.5268218573980291
t41,0.4927827109455215,0.5072172890544785
t47,0.49273757506957894,0.5072624249304211
