"accepted_species","estimate"
"t7",0.488102848082006
"t26",0.488102848082006
"t27",0.488102848082006
"t24",0.488102848082006
"t23",0.488102848082006
"t28",0.488102848082006
"t40",0.488102848082006
"t41",0.488102848082006
"t86",0.488102848082006
"t87",0.488102848082006
