accepted_species,estimate
t7,0.8807686
t26,0.79212314
t27,0.94282645
t24,0.94282645
t23,1.1672752
t28,0.79212314
t40,0.94282645
t41,0.8807686
t86,0.75283164
t87,0.75283164
