accepted_species,0,1
Diodia_virginiana,0.45085114,0.54914886
Edrastima_uniflora,0.4814418,0.5185582
Kohautia_caespitosa,0.4847132,0.5152868
Mitracarpus_hirtus,0.45085114,0.54914886
Richardia_humistrata,0.45085114,0.54914886
Richardia_stellaris,0.45085114,0.54914886
Spermacoce_chaetocephala,0.45085114,0.54914886
Spermacoce_quadrisulcata,0.45085114,0.54914886
Spermacoce_radiata,0.45085114,0.54914886
Spermacoce_stachydea,0.45085114,0.54914886
