accepted_species,0,1
t58,0.4452403182462682,0.5547596817537318
t89,0.4461467727809245,0.5538532272190755
t9,0.2607232692971351,0.7392767307028649
t52,0.2651446864294045,0.7348553135705955
t50,0.7511279702664138,0.24887202973358624
t76,0.3303084345917593,0.6696915654082407
t21,0.29472727149931244,0.7052727285006876
t82,0.3125419159848136,0.6874580840151864
t66,0.30577985078565273,0.6942201492143473
t70,0.3538922332185178,0.6461077667814822
