accepted_species,0,1
t58,0.9343041,0.065695904
t89,0.08479279,0.9152072
t9,0.044591606,0.9554084
t52,0.29793417,0.7020658
t50,0.98296577,0.017034233
t76,0.8757719,0.12422815
t21,0.049387038,0.95061296
t82,0.024164021,0.975836
t66,0.035849035,0.96415097
t70,0.10077435,0.89922565
