accepted_species,0,1
t58,0.50170493,0.49829507
t89,0.25878394,0.74121606
t9,0.12507915,0.87492085
t52,0.31335688,0.6866431
t50,0.96940917,0.030590829
t76,0.38760656,0.61239344
t21,0.16860557,0.83139443
t82,0.10859954,0.89140046
t66,0.100734174,0.8992658
t70,0.21007138,0.7899286
