accepted_species,0,1
t39,0.34201264,0.65798736
t73,0.34201264,0.65798736
t74,0.34201264,0.65798736
t35,0.34201264,0.65798736
t84,0.9399397,0.060060315
t89,0.85938466,0.14061536
t60,0.34201264,0.65798736
t61,0.46636713,0.5336329
t27,0.34201264,0.65798736
t5,0.7368194,0.2631806
