accepted_species,0,1
t39,0.040753484,0.9592465
t73,0.040753484,0.9592465
t74,0.040753484,0.9592465
t35,0.040753484,0.9592465
t84,0.87133294,0.12866704
t89,0.87133294,0.12866704
t60,0.040753484,0.9592465
t61,0.040753484,0.9592465
t27,0.040753484,0.9592465
t5,0.1350702,0.8649298
