"accepted_species","0","1"
"t109",0.791386091209172,0.208613908790828
"t125",0.775707039129622,0.224292960870378
"t376",0.770786336543449,0.229213663456551
"t397",0.755204817757401,0.244795182242599
"t314",0.456122904077515,0.543877095922485
"t359",0.460133081723915,0.539866918276085
"t462",0.468954668563109,0.531045331436891
"t463",0.468954668563109,0.531045331436891
"t403",0.468482133002957,0.531517866997043
"t334",0.328469579398716,0.671530420601284
"t402",0.541973571744514,0.458026428255486
"t424",0.5387064518595,0.4612935481405
"t425",0.54096726653925,0.45903273346075
"t421",0.54254417841949,0.457455821580511
"t269",0.813751263324839,0.186248736675161
"t271",0.883383558830042,0.116616441169958
"t381",0.995053358095151,0.0049466419048487
"t451",0.956021818727569,0.0439781812724311
"t407",0.939119389452874,0.0608806105471256
"t408",0.901703794982214,0.098296205017786
"t414",0.921271501598158,0.078728498401842
"t445",0.960019530546197,0.0399804694538026
"t369",0.860606283231121,0.139393716768879
"t318",0.861668071546515,0.138331928453485
"t290",0.944355686120365,0.0556443138796345
"t275",0.889149837836302,0.110850162163698
"t276",0.875670027472091,0.124329972527909
"t141",0.709381778877869,0.290618221122132
"t137",0.726550403122004,0.273449596877996
"t138",0.706139959041212,0.293860040958788
"t130",0.74789739203632,0.25210260796368
"t262",0.595491496591212,0.404508503408788
"t227",0.150585948648389,0.849414051351611
"t231",0.0702491696435259,0.929750830356474
"t191",0.0410177937137865,0.958982206286213
"t179",0.232453229698805,0.767546770301195
"t165",0.33863172176505,0.66136827823495
"t155",0.280401901192464,0.719598098807536
"t225",0.2390869736177,0.760913026382301
"t348",0.395975066845519,0.604024933154481
"t349",0.390616006250034,0.609383993749966
"t335",0.393358212194666,0.606641787805334
"t293",0.379217328017234,0.620782671982765
"t253",0.317761144900052,0.682238855099948
"t267",0.323353023492562,0.676646976507438
"t268",0.319483970945788,0.680516029054212
"t192",0.224932177679637,0.775067822320363
"t124",0.712658355638893,0.287341644361107
