accepted_species,estimate
Coffea_canephora,0.3387476511006215
Gardenia_ternifolia,0.410281760341284
Genipa_americana,0.312361906598205
Pavetta_australiensis,0.28112594745273295
Randia_armata,0.39401095455124263
Randia_pterocarpa,0.4185671968428068
Randia_thurberi,0.39562136685379506
Rothmannia_urcelliformis,0.395576728088121
Tarenna_mollissima,0.3014339030513899
Tocoyena_pittieri,0.3921243059492449
