accepted_species,estimate
Asclepias_fascicularis,-0.383671313355153
Asperula_molluginoides,-0.5859165452186672
Aspidosperma_megalocarpon,0.27879569357602446
Coussarea_suaveolens,0.2804277911681656
Galium_aparine,-0.377093574023598
Nerium_oleander,-0.22245738914813884
Nertera_dichondrifolia,-0.15993193948421186
Palicourea_acuminata,0.10986118773340653
Randia_thurberi,0.4373689705147868
Rubia_tinctorum,-0.6160376832048982
