accepted_species,0
t18,-0.022937365038140166
t94,0.564080498698826
t88,-0.501965809544456
t14,-0.022937365038140166
t59,-0.022937365038140166
t80,1.84467190755428
t16,-0.022937365038140166
t17,-0.022937365038140166
t2,-0.022937365038140166
t90,0.7712950866485029
