accepted_species,estimate
t7,-0.5185199
t76,0.4342704
t77,0.4342704
t82,0.22000787
t27,1.0935106
t48,0.7088079
t34,1.1623931
t100,0.577395
t61,-1.1013159
t50,-1.4647558
