accepted_species,estimate
t7,0.68666476
t76,0.17821346
t77,0.17821346
t82,0.14963467
t27,0.82195246
t48,0.44054684
t34,1.2328656
t100,0.55976206
t61,-1.2027233
t50,-1.3562315
