"accepted_species","estimate"
"t17",0.280578543319636
"t63",-0.524674726309784
"t37",-0.825331317861931
"t92",-0.870738492723509
"t56",-1.08831014778318
"t19",0.0105797116942636
"t84",0.322617514540233
"t4",-0.54607519998303
"t28",-1.29000237654635
"t73",0.748389565970486
