accepted_species,estimate
t64,-1.2142698
t156,-1.4044329
t46,-2.7841814
t281,1.3789352
t110,0.4661033
t173,0.657618
t232,0.35047084
t219,0.48330292
t65,0.19715935
t141,0.26919284
t145,-0.07688966
t153,-0.39334565
t253,-0.18489267
t160,0.06792606
t143,-0.2837251
t165,0.8178567
t51,1.3237792
t47,0.83032566
t49,1.3130836
t215,1.4581496
t55,-0.19253424
t113,-0.8168845
t205,-0.9081609
t234,-0.9193261
t129,0.003112054
t79,-0.30247775
t38,-0.25628868
t8,0.21387646
