accepted_species,estimate
t31,0.7314256872409446
t7,0.5347880583893131
t87,-0.10621222504169094
t73,-0.009424163581694886
t5,0.08634956989277462
t42,0.36387022376075007
t80,2.933267893887483
t75,-0.22916374128158717
t27,-0.3749948684283567
t89,-0.98366088013375
