accepted_species,0,1
t47,0.9957892402919564,0.004210759708043668
t5,0.9912268346853707,0.008773165314629313
t22,0.9899368407756296,0.010063159224370441
t40,0.3247789880213615,0.6752210119786385
t81,0.7712913283107498,0.22870867168925021
t16,0.7301709076167405,0.2698290923832595
t35,0.8510013839387883,0.14899861606121168
t57,0.8828578992291435,0.11714210077085653
t45,0.8882894443957572,0.11171055560424278
t62,0.9724974608552943,0.027502539144705632
