accepted_species,0,1
t47,0.99414676,0.0058532646
t5,0.9877963,0.012203678
t22,0.99843496,0.0015650548
t40,0.2752154,0.7247846
t81,0.27543944,0.72456056
t16,0.9879143,0.012085665
t35,0.93159413,0.06840589
t57,0.98810494,0.011895087
t45,0.9713602,0.02863981
t62,0.9588791,0.041120887
