accepted_species,estimate
Coussarea_suaveolens,-0.3460729991721372
Faramea_luteovirens,-0.2302050168504465
Faramea_occidentalis,-0.14416032671047121
Psychotria_chagrensis,0.06267398291543311
Psychotria_grandis,0.22604589530804206
Psychotria_horizontalis,0.10598260701780057
Psychotria_marginata,0.11243451765417808
Psychotria_papantlensis,0.07726958029351291
Psychotria_serpens,0.024820959744721087
Psychotria_suterella,0.26897575293469456
