accepted_species,0
t135,0.027334939247786762
t60,0.027334939247786762
t105,0.027334939247786762
t157,0.027334939247786762
t65,0.027334939247786762
t30,0.027334939247786762
t47,0.027334939247786762
t64,0.027334939247786762
t35,0.027334939247786762
t182,1.57250679411078
t26,0.027334939247786762
t171,0.027334939247786762
t172,0.027334939247786762
t143,0.027334939247786762
t56,0.027334939247786762
t74,0.027334939247786762
t33,0.027334939247786762
t83,0.027334939247786762
