accepted_species,0,1
t97,0.598902141846605,0.401097858153395
t98,0.5046090107525067,0.4953909892474932
t104,0.5424999225956598,0.4575000774043402
t125,0.4201297123654619,0.5798702876345381
t137,0.5414522738038718,0.45854772619612816
t148,0.7414250153699328,0.25857498463006723
t164,0.6884572773853057,0.3115427226146943
t166,0.7310450647747392,0.2689549352252608
t197,0.4656263876389204,0.5343736123610796
t198,0.3850696495180058,0.6149303504819942
