accepted_species,0,1
t77,0.9229910230802904,0.07700897691970965
t101,0.9228540838993375,0.07714591610066242
t102,0.9228540838993375,0.07714591610066242
t104,0.9211802231811137,0.07881977681888636
t131,0.9210981645313108,0.07890183546868924
t154,0.9210372837361864,0.07896271626381356
t155,0.9210372837361864,0.0789627162638136
t161,0.9208673097438851,0.07913269025611487
t176,0.9208369484362228,0.07916305156377727
t177,0.9208369484362228,0.07916305156377727
