accepted_species,0,1
t77,0.93990403,0.060095955
t101,0.93659467,0.06340534
t102,0.93659467,0.06340534
t104,0.9104668,0.08953324
t131,0.9104668,0.08953324
t154,0.9104668,0.08953324
t155,0.9104668,0.08953324
t161,0.9104668,0.08953324
t176,0.9104668,0.08953324
t177,0.9104668,0.08953324
