accepted_species,estimate
t59,0.0020224088380274632
t44,0.40265520849781644
t57,-0.8916707200366553
t169,0.34426846955732315
t123,-0.42118670620919596
t65,-0.34650106205216136
t50,-0.22748416092676815
t42,0.014007100052905959
t30,-0.7890585035693034
t174,-0.17814795570297193
t141,0.06295036830089762
t139,0.20438026049919178
t22,0.14126845729167867
t161,-0.32971036632539197
t96,-0.2680502896244594
t88,0.08466704499172129
t134,-0.5757651366516439
t8,0.6479407338807954
