accepted_species,0,1
t43,0.8528795553015588,0.14712044469844124
t54,0.6959322698443654,0.3040677301556346
t57,0.6072638192202535,0.3927361807797465
t79,0.598347408194787,0.401652591805213
t89,0.7223345695677132,0.2776654304322868
t90,0.49614457020477876,0.5038554297952212
t103,0.5167447311464828,0.4832552688535172
t110,0.7228351346287096,0.27716486537129037
t116,0.47508845505122876,0.5249115449487712
t118,0.47377098973614895,0.526229010263851
