accepted_species,0,1
t8,0.997187,0.0028129593
t18,0.9835484,0.016451586
t26,0.9814949,0.01850511
t32,0.9808719,0.019128103
t43,0.9953284,0.0046715634
t44,0.9964825,0.0035175283
t45,0.9932206,0.006779389
t59,0.99539495,0.0046050455
t77,0.3244735,0.6755265
t79,0.9976551,0.0023449254
t95,0.99411374,0.005886242
t112,0.9966718,0.0033282072
t117,0.9881835,0.011816494
t121,0.9938231,0.00617687
t135,0.99706477,0.0029352335
t147,0.99706477,0.0029352335
