accepted_species,0,1
t8,0.98944986,0.01055014
t18,0.87093383,0.12906617
t26,0.9495451,0.050454922
t32,0.8685981,0.13140188
t43,0.97594625,0.02405376
t44,0.97594625,0.02405376
t45,0.98944986,0.01055014
t59,0.94975185,0.050248146
t77,0.9397774,0.060222648
t79,0.97594625,0.02405376
t95,0.9857517,0.014248327
t112,0.9937652,0.006234839
t117,0.9795835,0.020416506
t121,0.98857945,0.011420552
t135,0.94975185,0.050248146
t147,0.94975185,0.050248146
