accepted_species,0,1
t8,0.99226755,0.007732439
t18,0.99063563,0.009364389
t26,0.9899905,0.010009506
t32,0.9876977,0.0123022925
t43,0.9897662,0.010233817
t44,0.9897662,0.010233817
t45,0.998904,0.0010960203
t59,0.9145101,0.085489914
t77,0.8631968,0.13680321
t79,0.987377,0.012623036
t95,0.998904,0.0010960203
t112,0.99929345,0.00070657424
t117,0.997927,0.0020730055
t121,0.99707985,0.0029201573
t135,0.9786001,0.021399887
t147,0.9786001,0.021399887
