"accepted_species","0","1"
"t34",0.0565228455882583,0.943477154411742
"t92",0.00497950344322807,0.995020496556772
"t83",0.68407343626444,0.315926563735561
"t84",0.68407343626444,0.315926563735561
"t2",0.807822039155875,0.192177960844125
"t38",0.498783775990965,0.501216224009035
"t65",0.979532422928165,0.0204675770718351
"t15",0.534004773676792,0.465995226323208
"t11",0.906783955432933,0.0932160445670672
"t16",0.921390292975707,0.0786097070242927
