accepted_species,0,1
t33,0.32807654388197016,0.6719234561180298
t75,0.3287581725175026,0.6712418274824974
t104,0.3284772325358629,0.6715227674641371
t23,0.3309265937018794,0.6690734062981206
t96,0.3295745340601627,0.6704254659398373
t97,0.3295843112966832,0.6704156887033168
t53,0.32858758682093303,0.671412413179067
t11,0.3336652082202759,0.6663347917797241
t20,0.3366992711374469,0.6633007288625531
t27,0.3373117782392002,0.6626882217607998
t50,0.34143942180633224,0.6585605781936678
t59,0.3417914573421885,0.6582085426578115
