accepted_species,0,1
Spermacoce_dussii,0.80381024,0.19618979
Plocama_vassilczenkoi,0.9858211,0.014178842
Rubia_agostinhoi,0.9840204,0.015979571
Psychotria_multicostata,0.81935537,0.18064466
Psychotria_pleeana,0.962219,0.03778099
Psychotria_filipes,0.88710254,0.11289747
Asperula_pugionifolia,0.92667615,0.07332382
Hedyotis_yangchunensis,0.74218786,0.2578121
Leptopetalum_strigulosum,0.9457749,0.054225087
Oldenlandia_aretioides,0.652918,0.347082
