accepted_species,estimate
t96,-0.3527594897270324
t75,-0.2969156911200938
t39,-0.2628644210522186
t31,-0.2636033442002715
t61,-0.5124509519281928
t53,-0.20306252719030668
t15,-0.5764862725823791
t69,-0.6559136444579462
t70,0.35371030762343925
t12,0.1277779234417096
