"accepted_species","estimate"
"t96",-0.203011100908151
"t75",-0.0911639664897996
"t39",-0.388327023817938
"t31",-0.37583023633691
"t61",-0.602426181140877
"t53",0.288995064407702
"t15",-0.618862531355295
"t69",-0.735506457824362
"t70",0.624438173009357
"t12",-0.541965531520104
