accepted_species,estimate
t96,-0.37854177
t75,-0.11936947
t39,-0.40629548
t31,-0.3275203
t61,-0.5565177
t53,0.3017176
t15,-0.65101886
t69,-0.75940263
t70,0.4786879
t12,0.27280903
