accepted_species,estimate
t95,0.44319093
t49,-1.6346394
t78,-0.41575786
t37,-0.7147847
t54,0.18783873
t55,-0.12294723
t70,0.27362853
t50,1.1275721
t80,1.2733808
t20,0.49113405
