accepted_species,0,1
t15,0.79133725,0.20866275
t74,0.7750044,0.2249956
t75,0.7750044,0.2249956
t88,0.80397105,0.19602895
t89,0.80397105,0.19602895
t96,0.80397105,0.19602895
t99,0.77964425,0.22035573
t119,0.80397105,0.19602895
t120,0.80397105,0.19602895
t121,0.77964425,0.22035573
