accepted_species,estimate
t1,0.8915832881199592
t95,-0.7685719322142
t98,-0.6324743126111401
t57,0.9377641661380312
t91,0.9730650111660137
t39,0.896289465714064
t19,-0.8608171527514138
t23,-1.0857816538432894
t2,-0.8211084892945695
t8,0.36432255440922795
