accepted_species,estimate
t1,0.9747683
t95,-0.06553004
t98,-0.74798286
t57,0.58046526
t91,0.58046526
t39,0.58046526
t19,-0.29298565
t23,-0.7713264
t2,-0.7713264
t8,0.20770036
