accepted_species,0
t139,-0.863232311519711
t194,
t128,
t7,
t51,
t100,
t243,1.3638683049664029
t174,
t205,0.154803843640879
t241,-0.837955629316132
t20,
t147,
t93,
t32,
t240,-0.939195387060023
t84,
t125,-0.257935530623384
t166,
t56,
t37,
t3,
t53,
t118,
t35,
t10,
