accepted_species,0,1
t22,0.12179525050046658,0.8782047494995334
t90,0.5476161746908148,0.45238382530918514
t95,0.6635368266039077,0.33646317339609233
t117,0.7600127453554577,0.23998725464454232
t136,0.2598227343129069,0.7401772656870931
t137,0.35327630282963607,0.6467236971703639
t145,0.6224833701842009,0.37751662981579914
t147,0.03088088408557177,0.9691191159144282
t156,0.33353052544200956,0.6664694745579904
t162,0.544160197287881,0.455839802712119
