accepted_species,0,1
t22,0.3381541242250835,0.6618458757749165
t90,0.5155064797910762,0.4844935202089238
t95,0.4386383530277307,0.5613616469722693
t117,0.47482725471594256,0.5251727452840574
t136,0.32959397350890574,0.6704060264910943
t137,0.32959397350890574,0.6704060264910943
t145,0.33099432535095097,0.669005674649049
t147,0.4178291106594346,0.5821708893405654
t156,0.46025866575067675,0.5397413342493232
t162,0.41839918109887275,0.5816008189011272
