accepted_species,0,1
t22,0.018651664,0.98134834
t90,0.6475457,0.35245433
t95,0.8841008,0.11589919
t117,0.88009936,0.119900644
t136,0.025993586,0.9740064
t137,0.025993586,0.9740064
t145,0.43926543,0.56073457
t147,0.18483746,0.81516254
t156,0.0691275,0.9308725
t162,0.12033093,0.8796691
