accepted_species,0,1
t139,0.09440434,0.90559566
t101,0.09440434,0.90559566
t108,0.09440434,0.90559566
t50,0.09440434,0.90559566
t122,0.21139318,0.7886068
t135,0.13484758,0.8651524
t61,0.21139318,0.7886068
t97,0.21139318,0.7886068
t56,0.23418772,0.7658123
t79,0.23418772,0.7658123
t80,0.23418772,0.7658123
t120,0.23418772,0.7658123
t121,0.23418772,0.7658123
t41,0.24381793,0.7561821
