accepted_species,0,1
t139,0.124069095,0.8759309
t101,0.124069095,0.8759309
t108,0.124069095,0.8759309
t50,0.124069095,0.8759309
t122,0.23826659,0.7617334
t135,0.23826659,0.7617334
t61,0.18358755,0.81641245
t97,0.18358755,0.81641245
t56,0.12270993,0.87729007
t79,0.14909679,0.8509032
t80,0.14909679,0.8509032
t120,0.14909679,0.8509032
t121,0.14909679,0.8509032
t41,0.18358755,0.81641245
