accepted_species,estimate
Catharanthus_roseus,2.3269015166159965
Centaurium_littorale,-0.947630480400252
Crucianella_gilanica,-0.3308279903425244
Galium_angustifolium,-0.3261939070452182
Galium_mexicanum,-0.20220056042495818
Galium_sterneri,-0.24947207292647702
Gentiana_affinis,0.8530833064594205
Gentiana_nivalis,0.3112024567128515
Gentianella_parviflora,-0.8905399008155126
Spermacoce_leptoloba,0.8037331316378655
