accepted_species,estimate
Catharanthus_roseus,0.8199508603972676
Centaurium_littorale,-0.5517753409729195
Crucianella_gilanica,-0.550464199273508
Galium_angustifolium,-1.0059311135556572
Galium_mexicanum,-0.14625844556306103
Galium_sterneri,-0.7162277553872802
Gentiana_affinis,-0.3812505389163413
Gentiana_nivalis,-0.010647486376632737
Gentianella_parviflora,-0.7690126079910903
Spermacoce_leptoloba,0.7979025300635078
