accepted_species,0
t23,-0.0021228483097999623
t97,-0.37328131959551786
t19,0.016894003215766503
t11,-0.050746410041278986
t21,-0.050746410041278986
t43,-0.050746410041278986
t91,-0.05074641003990163
t92,-0.05074641003990163
t25,-0.11789309773551758
t14,0.06575375450878472
