accepted_species,0,1
t44,0.9345057,0.065494314
t46,0.942739,0.057260968
t78,0.9384418,0.061558202
t88,0.9602846,0.03971544
t122,0.94882685,0.051173173
t154,0.9384403,0.061559677
t160,0.9466326,0.0533674
t169,0.94882053,0.051179472
t170,0.94882053,0.051179472
t184,0.932607,0.06739302
