accepted_species,0,1
t74,0.08687878,0.9131212
t75,0.77740866,0.22259136
t78,0.2708149,0.7291851
t79,0.2382918,0.7617082
t90,0.38578266,0.61421734
t91,0.77740866,0.22259136
t93,0.77740866,0.22259136
t99,0.3460042,0.6539958
t110,0.29403245,0.70596755
t111,0.3460042,0.6539958
t116,0.6857573,0.31424275
t136,0.5779607,0.42203927
t137,0.67375374,0.3262463
t159,0.67375374,0.3262463
t160,0.77740866,0.22259136
t175,0.67375374,0.3262463
t176,0.3717909,0.6282091
