accepted_species,0,1
t48,0.0036506675555211254,0.9963493324444789
t16,0.004793446517300959,0.995206553482699
t18,0.9955381545805484,0.004461845419451639
t80,0.0029217247502834054,0.9970782752497166
t6,0.49650195728407986,0.5034980427159201
t10,0.5081832411510223,0.49181675884897763
t39,0.5060341796749595,0.4939658203250406
t32,0.3492813440485608,0.6507186559514392
t87,0.13891885748909982,0.8610811425109002
t30,0.21407868719315581,0.7859213128068442
