accepted_species,0,1
t18,0.0001798781555018003,0.9998201218444982
t8,5.2089826101386905e-06,0.9999947910173899
t17,1.310456188008402e-10,0.9999999998689544
t75,6.923925877089232e-10,0.9999999993076074
t177,0.1801193770859747,0.8198806229140253
t238,0.9898715204091867,0.010128479590813328
t386,0.9938814272796583,0.006118572720341718
t399,0.99545149036984,0.004548509630159979
t400,0.9954514903698399,0.004548509630160107
t179,0.7967584504316493,0.20324154956835072
t341,0.9855463940087795,0.014453605991220485
t294,0.9843975999168064,0.015602400083193569
t235,0.9830988086790233,0.016901191320976616
t340,0.9892642552556652,0.010735744744334825
t395,0.986464007715518,0.01353599228448194
t33,1.0867973188055657e-11,0.999999999989132
t352,0.9119200553846372,0.08807994461536282
t415,0.9145188668363254,0.08548113316367452
t393,0.8983187095270706,0.10168129047292941
t371,0.8998197683196111,0.10018023168038889
t247,0.839461339445995,0.16053866055400498
t236,0.9851348907542108,0.014865109245789255
t332,0.9896146426473759,0.0103853573526241
t380,0.9892986474898741,0.010701352510125921
t274,0.9884016190455124,0.011598380954487621
t254,0.9901080877777907,0.00989191222220927
t250,0.9899775250447014,0.01002247495529864
t405,0.9919701346253877,0.0080298653746123
t411,0.9852198618712684,0.014780138128731586
t164,2.0151794544176482e-06,0.9999979848205456
t98,1.5627373105564502e-06,0.9999984372626894
t195,0.6522091555001267,0.3477908444998733
t200,0.7371918064517506,0.2628081935482493
t201,0.672591259089171,0.32740874091082905
t117,0.014178726345636328,0.9858212736543637
t112,0.009625207283782578,0.9903747927162174
t30,2.2426061008218312e-11,0.9999999999775739
t51,5.10524955643632e-12,0.9999999999948948
t31,3.3544966804299747e-10,0.9999999996645503
t14,2.9680673474530295e-09,0.9999999970319327
t15,2.959037681549148e-09,0.9999999970409623
t6,9.468492945319262e-05,0.9999053150705468
