accepted_species,0,1
t6,0.0859921,0.9140079
t7,0.020270705,0.9797293
t8,0.020270705,0.9797293
t14,0.6070975,0.3929025
t23,0.37320483,0.6267952
t29,0.14761698,0.852383
t50,0.9383714,0.06162858
t59,0.9860914,0.013908637
t65,0.0742808,0.9257192
t83,0.98249584,0.017504176
t86,0.99872917,0.0012708174
t97,0.5255176,0.47448242
t109,0.87914914,0.12085086
t131,0.97833836,0.021661658
t141,0.99655706,0.0034429203
