accepted_species,0,1
t6,0.70733684,0.29266316
t7,0.45767868,0.5423213
t8,0.44844818,0.5515518
t14,0.78200257,0.2179974
t23,0.6687265,0.3312735
t29,0.49129915,0.50870085
t50,0.7305814,0.2694186
t59,0.787221,0.21277899
t65,0.48990887,0.5100911
t83,0.731143,0.268857
t86,0.8234597,0.17654032
t97,0.70515776,0.29484227
t109,0.7629899,0.23701014
t131,0.82419235,0.17580765
t141,0.79890275,0.20109722
