accepted_species,estimate
t18,-0.001216575322920986
t49,-0.13129230950161666
t50,0.1373682232862756
t72,-0.1676692632688868
t73,0.04252188943685629
t67,0.016817980399285927
t46,0.04789183472034562
t47,-0.035105451248555485
t92,-0.08872501534362648
t93,-0.0032882437955916097
