accepted_species,0,1
t112,0.7888888888888889,0.2111111111111111
t129,0.7888888888888889,0.2111111111111111
t130,0.7888888888888889,0.2111111111111111
t165,0.7888888888888889,0.2111111111111111
t187,0.7888888888888889,0.2111111111111111
t192,0.7888888888888889,0.2111111111111111
t202,0.7888888888888889,0.2111111111111111
t225,0.7888888888888889,0.2111111111111111
t226,0.7888888888888889,0.2111111111111111
t241,1.0,0.0
