"accepted_species","estimate"
"t38",0.0449696428308512
"t22",0.981164810247799
"t49",1.35555792644636
"t74",0.413062992892997
"t77",-0.28776352000192
"t54",0.196482027107781
"t20",1.22349718895675
"t46",1.07145439210871
"t52",1.06761916997116
"t69",1.20360727695973
