"accepted_species","0","1"
"Vincetoxicum_forsteri",0.946344165026395,0.0536558349736052
"Strychnos_usambarensis",0.93235848306546,0.06764151693454
"Crawfurdia_lobatilimba",0.92700185490393,0.0729981450960702
"Ixora_phuluangensis",0.937426332733257,0.0625736672667424
"Hoya_palawanica",0.947110848024145,0.0528891519758553
"Telectadium_linearicarpum",0.900451491011199,0.0995485089888015
"Wendlandia_amocana",0.934003442063607,0.0659965579363927
"Oldenlandia_lecomtei",0.93135589458436,0.0686441054156399
"Sabicea_rufa",0.912488761212859,0.0875112387871407
"Sabicea_mattogrossensis",0.912488761212859,0.0875112387871407
