accepted_species,0,1
t20,0.12856675975566867,0.8714332402443313
t21,0.37496300553569384,0.6250369944643062
t27,0.6294567805111668,0.37054321948883323
t30,0.142534305255253,0.857465694744747
t46,0.15211185104325065,0.8478881489567494
t50,0.13838376017427756,0.8616162398257224
t53,0.2962852504297053,0.7037147495702947
t66,0.13806280211601551,0.8619371978839845
t72,0.2869253175266848,0.7130746824733152
t73,0.285397621978595,0.714602378021405
