accepted_species,0,1
t20,0.28889775,0.71110225
t21,0.3466199,0.6533801
t27,0.36055094,0.63944906
t30,0.26167345,0.73832655
t46,0.1421758,0.8578242
t50,0.12613708,0.8738629
t53,0.55997914,0.44002086
t66,0.11447072,0.8855293
t72,0.2530787,0.7469213
t73,0.2530787,0.7469213
