accepted_species,estimate
t24,0.61776125
t77,0.9936604
t70,-0.45534804
t100,0.8060588
t15,0.29388455
t94,-0.79259074
t54,-1.2609167
t55,-1.2609167
t62,-1.3470663
t29,-1.2609167
