"accepted_species","estimate"
"t84",-0.41384945286661
"t19",-0.097561387570633
"t26",1.02614931806595
"t67",1.71331082266028
"t68",-0.347580628599208
"t70",-0.56552246447885
"t86",-0.0475142397310366
"t28",-0.179890978724078
"t47",1.16084331690119
"t94",0.0572893888700228
