accepted_species,estimate
t84,-0.5038005
t19,1.1588044
t26,1.0950233
t67,0.8701315
t68,-0.20987473
t70,-0.28834954
t86,0.091414
t28,-0.37779078
t47,1.2405837
t94,0.03643767
