accepted_species,estimate
t53,1.0562959
t70,0.8165796
t63,0.9862001
t67,0.40701723
t10,0.52636313
t13,0.29649377
t92,1.1673151
t79,0.48692805
t46,0.58892447
t22,-0.22472622
