accepted_species,0,1
t2,0.6659913,0.3340087
t18,0.6852468,0.31475317
t20,0.781247,0.21875298
t28,0.42534322,0.5746568
t34,0.79087675,0.20912324
t45,0.42472827,0.5752717
t48,0.79581827,0.20418173
t56,0.58476996,0.41523
t60,0.79087675,0.20912324
t62,0.41104192,0.5889581
t80,0.5377315,0.46226844
t90,0.484788,0.515212
t115,0.79581827,0.20418173
