accepted_species,0,1
t78,0.7711834702769848,0.22881652972301522
t89,0.7077744849980168,0.29222551500198324
t102,0.6730487484188556,0.32695125158114435
t137,0.7031968876589303,0.2968031123410697
t144,0.5493598031169922,0.45064019688300777
t148,0.6917886371807196,0.30821136281928035
t163,0.7702270067317407,0.22977299326825928
t164,0.7697882788958029,0.23021172110419705
t172,0.6727529190604263,0.32724708093957366
t184,0.6828097953520489,0.31719020464795117
