accepted_species,estimate
t68,-0.9647268179231246
t95,-1.0687068053159032
t110,-1.2165168888635167
t69,-1.0898715433936292
t83,-0.9161684382120715
t84,-1.078675342553303
t160,-0.8083656381154191
t177,-1.4328057156920992
t183,-0.9755223954494902
t87,-0.06820130631666584
t101,0.03530279395680662
t107,0.030011529675281576
t23,-0.1204373036200826
t93,0.45656381917069083
t94,-0.0677853244851477
t44,0.07262254944268103
t132,0.03729229480726774
t133,0.29565489918914295
t73,0.057016397289842466
