accepted_species,estimate
t68,-0.13557434
t95,-0.14129785
t110,-0.14129785
t69,-0.13557434
t83,-0.14129785
t84,-0.14129785
t160,-0.13557434
t177,-0.14129785
t183,-0.14129785
t87,-0.115574054
t101,-0.09018091
t107,-0.03014851
t23,-0.115574054
t93,-0.05994328
t94,-0.022248933
t44,-0.07455216
t132,-0.021735791
t133,-0.04438957
t73,-0.06019844
