"accepted_species","estimate"
"t42",0.292853792753861
"t14",-0.0481583066995021
"t32",0.395989726511097
"t2",0.172608538856321
"t58",0.200465465312136
"t26",0.890148168495827
"t54",-0.669596702023781
"t75",-0.477663301545698
"t69",-0.896547085318154
"t85",-0.802467932002269
