accepted_species,estimate
t82,2.450122023522162
t27,-0.39526525801060663
t92,-0.4263836267119438
t98,-0.42905671370698417
t74,-0.38733596337130327
t75,-0.38733596337130327
t73,-0.3890969942433755
t52,-0.5267054516469382
t70,-0.5268219802053136
t37,-0.559935538497758
