accepted_species,0,1
t72,0.5029032131673656,0.49709678683263436
t101,0.4758451617421151,0.5241548382578849
t120,0.4449944886080085,0.5550055113919915
t125,0.5375943988290636,0.46240560117093643
t158,0.6140859198694126,0.38591408013058737
t196,0.6126101507016535,0.3873898492983465
t197,0.6126101507016535,0.3873898492983465
t199,0.8509068759618696,0.14909312403813033
t209,0.4006086103417775,0.5993913896582225
t210,0.4006086103417775,0.5993913896582225
