accepted_species,0,1
t123,0.9999825588601505,1.7441139849459407e-05
t134,0.9999926238457688,7.37615423116342e-06
t147,0.9999942894582549,5.710541745095931e-06
t153,0.9999896510592452,1.0348940754770556e-05
t159,0.9999928831155396,7.11688446041446e-06
t160,0.9999942720091107,5.7279908892502825e-06
t165,0.9999928496883321,7.150311667899982e-06
t182,0.9999944584174664,5.541582533590604e-06
t183,0.9999944925814338,5.5074185661584254e-06
t184,0.9999893181816953,1.0681818304617342e-05
