accepted_species,0,1
t123,0.98118484,0.018815171
t134,0.99690163,0.0030983961
t147,0.997964,0.0020360015
t153,0.99686295,0.003137033
t159,0.99690163,0.0030983961
t160,0.997964,0.0020360015
t165,0.9989553,0.001044696
t182,0.997964,0.0020360015
t183,0.997964,0.0020360015
t184,0.99555093,0.0044490765
