accepted_species,0,1
t24,0.45400655992269745,0.5459934400773025
t76,0.6425962277778481,0.35740377222215186
t162,0.6928370157060355,0.30716298429396444
t211,0.0682232437304452,0.9317767562695548
t212,0.06819966834956348,0.9318003316504365
t180,0.05805284202778116,0.9419471579722188
t213,0.05641819260974534,0.9435818073902547
t214,0.05639455911068314,0.9436054408893169
t137,0.06363915434041056,0.9363608456595894
t143,0.3287862002649051,0.6712137997350949
t144,0.3434856835572754,0.6565143164427246
t94,0.31822110719914354,0.6817788928008565
t107,0.3736077193059628,0.6263922806940372
t70,0.18732056456713964,0.8126794354328604
t202,0.3780665154019759,0.6219334845980241
t57,0.17933539248225494,0.8206646075177451
t190,0.34143239896812194,0.6585676010318781
t95,0.27282931235821173,0.7271706876417883
t96,0.2658685423037589,0.7341314576962411
t108,0.29575088483501033,0.7042491151649897
t54,0.2781551238139849,0.7218448761860151
