accepted_species,0,1
t79,0.26525558186674003,0.73474441813326
t107,0.5101663564950133,0.4898336435049867
t140,0.9924333540930211,0.007566645906978849
t169,0.33540077134046,0.66459922865954
t174,0.7457085160817363,0.2542914839182638
t196,0.6459376019374339,0.35406239806256606
t226,0.5617971798595416,0.4382028201404584
t232,0.27282692327356073,0.7271730767264393
t234,0.3760159314814666,0.6239840685185334
t236,0.351081181095969,0.648918818904031
