accepted_species,0,1
t79,0.033423185,0.9665768
t107,0.8015997,0.19840032
t140,0.9422178,0.057782173
t169,0.43629426,0.56370574
t174,0.90280616,0.09719382
t196,0.8675403,0.1324597
t226,0.46226573,0.53773427
t232,0.039114833,0.96088517
t234,0.30508983,0.69491017
t236,0.0480361,0.9519639
