accepted_species,0,1
t79,0.4268443,0.5731557
t107,0.48809373,0.51190627
t140,0.6198317,0.3801683
t169,0.39332908,0.6066709
t174,0.52484727,0.47515276
t196,0.5244232,0.47557682
t226,0.49683326,0.50316674
t232,0.4259925,0.5740075
t234,0.5521084,0.44789162
t236,0.45094502,0.549055
