accepted_species,0,1
t79,0.36340785,0.63659215
t107,0.49789935,0.50210065
t140,0.6533204,0.34667963
t169,0.4336586,0.5663414
t174,0.571662,0.428338
t196,0.5514852,0.4485148
t226,0.53113186,0.46886814
t232,0.369978,0.630022
t234,0.44652456,0.55347544
t236,0.4529282,0.5470718
