accepted_species,0,1
t41,0.59336305,0.40663692
t61,0.6141447,0.38585532
t74,0.588182,0.41181803
t87,0.6293222,0.37067783
t118,0.8617647,0.13823527
t122,0.51082313,0.48917684
t148,0.70293105,0.29706898
t152,0.4433834,0.5566166
t162,0.2256859,0.7743141
t165,0.5798998,0.4201002
