"","turnover.rates","eps.values","transition.rates"
"1",0.960252153454348,0.206533389483134,NA
"2",0.379466712241992,0.221524159096519,0.641496721887961
"3",0.960252153454348,0.206533389483134,0.420758088584989
"4",0.379466712241992,0.221524159096519,NA
