accepted_species,0,1
Eumachia_domatiicola,0.9101596357642049,0.08984036423579511
Gynochthodes_elmeri,0.9101729994754696,0.0898270005245304
Psychotria_limitanea,0.9101652271739243,0.0898347728260757
Psychotria_friburgensis,0.9101627159045151,0.08983728409548489
Psychotria_sumatrensis,0.9101602602005624,0.08983973979943762
Psychotria_condorensis,0.9101585356313945,0.0898414643686055
Psychotria_boivinii,0.9101610975964743,0.08983890240352564
Palicourea_calophylla,0.9101634362936597,0.08983656370634029
Palicourea_tunquiensis,0.9101617074715702,0.08983829252842974
Coussarea_camposiana,0.9102059612009541,0.08979403879904593
