accepted_species,0
t55,-0.009078523432441733
t18,-0.009078523432441733
t4,-0.009078523432441733
t1,-0.009078523432441733
t84,-1.4246963239246
t11,-0.009078523432441733
t52,-0.009078523432441733
t10,-0.009078523432441733
t46,-0.009078523432441733
t90,-0.5267245107970346
