accepted_species,0
t44,
t41,
t39,
t126,1.2326569545966677
t13,
t6,
t107,0.288076355911624
t102,
t103,
t98,
t47,
t112,-0.348442066027617
t109,0.0982299912058899
