accepted_species,0,1
t29,0.9580258393475702,0.04197416065242981
t31,0.9666577067369924,0.03334229326300763
t18,0.9635407198733452,0.03645928012665475
t201,0.9872013767072076,0.01279862329279234
t239,0.9890191067418661,0.010980893258133907
t119,0.9757057744466752,0.024294225553324795
t178,0.812080686354566,0.18791931364543407
t254,0.8517177946933984,0.1482822053066016
t147,0.758757910518137,0.24124208948186293
t72,0.9923646079206873,0.0076353920793127755
t186,0.9913139132884207,0.008686086711579326
t225,0.8126267148648723,0.1873732851351277
t137,0.8666298979620405,0.13337010203795954
t177,0.8635860749813702,0.13641392501862987
t101,0.997178540738008,0.0028214592619919855
t215,0.9691444814041068,0.030855518595893243
t140,0.9850850512527853,0.014914948747214652
t198,0.9598105352984364,0.04018946470156357
t199,0.964568344807004,0.03543165519299601
t117,0.992895945599331,0.007104054400668997
t113,0.9953222045227458,0.004677795477254169
t86,0.9999928313819126,7.168618087309499e-06
t180,0.9999364150054604,6.358499453960958e-05
t85,0.9999947250056257,5.274994374273482e-06
t79,0.9908102431950957,0.009189756804904265
t207,0.998571497535682,0.001428502464318065
t170,0.9985392610459731,0.001460738954026876
