accepted_species,0,1
t62,0.8695049,0.13049504
t93,0.61473536,0.3852646
t16,0.6403438,0.35965618
t20,0.075746894,0.9242531
t74,0.9244484,0.07555163
t82,0.9958409,0.004159067
t46,0.53993374,0.46006626
t37,0.07157117,0.9284288
t51,0.9072474,0.0927526
t85,0.9211356,0.07886441
