accepted_species,0,1
t62,0.5863909,0.4136091
t93,0.6756662,0.3243338
t16,0.6015032,0.3984968
t20,0.087167144,0.91283286
t74,0.50861216,0.4913878
t82,0.98022616,0.019773824
t46,0.8289339,0.1710661
t37,0.01602596,0.98397404
t51,0.9403563,0.05964371
t85,0.91393155,0.086068474
