accepted_species,0,1
t50,0.7104052174013525,0.28959478259864746
t70,0.7103043297732241,0.2896956702267759
t77,0.7141692813405053,0.2858307186594947
t81,0.7139695286600509,0.2860304713399491
t82,0.7139695286600508,0.2860304713399492
t85,0.7109480584247632,0.2890519415752369
t105,0.7133269711202899,0.28667302887971013
t145,0.7153294391743756,0.28467056082562436
t156,0.7153790017424833,0.28462099825751674
t157,0.7153790017424837,0.28462099825751624
