accepted_species,0,1
Raphionacme_angolensis,0.97198206,0.02801792
Secamone_leonensis,0.9829024,0.017097598
Psychotria_kuruvolii,0.995602,0.004397997
Psychotria_exannulata,0.995602,0.004397997
Galianthe_ramosa,0.9902899,0.009710062
Gymnema_spirei,0.9886449,0.011355101
Wendlandia_junghuhniana,0.98536706,0.0146329515
Vincetoxicum_stauropolitanum,0.9902899,0.009710062
Macroscepis_hatschbachii,0.97267336,0.027326655
Gentiana_recurvata,0.9520906,0.04790937
