accepted_species,0,1
Kadua_munroi,0.8503172073899973,0.14968279261000275
Landolphia_robustior,0.9980821542257188,0.0019178457742812427
Prestonia_portobellensis,0.9989165649042043,0.0010834350957956967
Strychnos_vanprukii,0.9999509731977378,4.9026802262189604e-05
Hancornia_speciosa,0.9983235722019628,0.0016764277980372048
Pachypodium_lamerei,0.9989687948039421,0.0010312051960579115
Psychotria_pulchrebracteata,0.836087585690313,0.16391241430968692
Psychotria_conocarpa,0.8425276135153085,0.1574723864846915
Kopsia_grandifolia,0.998173546979309,0.00182645302069098
Gymnema_molle,0.9990632324428639,0.000936767557136141
