accepted_species,0,1
t7,0.02158469,0.9784153
t49,0.92755973,0.07244028
t70,0.05855131,0.9414487
t12,0.9815072,0.018492837
t51,0.51358736,0.4864126
t67,0.5507482,0.44925174
t33,0.020040035,0.97995996
t60,0.99170756,0.008292445
t58,0.078443706,0.9215563
t63,0.98624384,0.013756176
