accepted_species,estimate
t8,0.8189294967274724
t19,0.7847412823667069
t54,0.9034915093654643
t70,0.7950020415811095
t58,0.8142693838047007
t92,0.8122500078114152
t93,0.8107772012119904
t97,0.7165917685400062
t91,0.7159743406838727
t78,0.7139981378723467
