accepted_species,0
t8,-0.03873266703870712
t19,-0.03873266703870712
t54,-0.03873266703870712
t70,-0.03873266703870712
t58,-0.03873266703870712
t92,-0.03873266703870712
t93,-0.03873266703870712
t97,0.09692114735753059
t91,0.09742313491274332
t78,0.09768016312738921
