accepted_species,0,1
t16,0.68269503,0.31730494
t46,0.5557187,0.44428128
t8,0.46017206,0.53982794
t29,0.8122864,0.18771361
t48,0.4234205,0.5765795
t88,0.73101914,0.26898086
t11,0.7500901,0.24990991
t90,0.44941837,0.55058163
t17,0.54343444,0.45656556
t57,0.49848586,0.50151414
