accepted_species,0,1
t6,0.41919059701508565,0.5808094029849143
t50,0.4310529069967338,0.5689470930032662
t54,0.43044270154966646,0.5695572984503335
t55,0.4304204054522618,0.5695795945477382
t83,0.42714707579077327,0.5728529242092267
t84,0.42708602076794444,0.5729139792320556
t97,0.4285647853475264,0.5714352146524736
t98,0.4285490773873645,0.5714509226126355
t2,0.3991698069204066,0.6008301930795934
t12,0.4015749254316273,0.5984250745683727
