accepted_species,0,1
t6,0.5521617983348257,0.44783820166517435
t50,0.5307178735057783,0.4692821264942218
t54,0.6208260247653472,0.37917397523465274
t55,0.5904804489818938,0.40951955101810616
t83,0.5623998328073476,0.4376001671926524
t84,0.5375486256420963,0.4624513743579037
t97,0.5354490674411215,0.46455093255887847
t98,0.5243031894942143,0.4756968105057857
t2,0.5239809220953524,0.47601907790464765
t12,0.6125234884404916,0.38747651155950835
