accepted_species,0,1
t6,0.62081987,0.37918013
t50,0.5566425,0.44335753
t54,0.62081987,0.37918013
t55,0.57768816,0.42231184
t83,0.62081987,0.37918013
t84,0.62081987,0.37918013
t97,0.59177315,0.40822685
t98,0.5566425,0.44335753
t2,0.5484133,0.45158672
t12,0.5566425,0.44335753
