accepted_species,0,1
t13,0.625262884768402,0.37473711523159803
t100,0.2853494610471785,0.7146505389528215
t81,0.9999999999997128,2.871839407303478e-13
t89,0.9999999999916881,8.311874560549866e-12
t57,0.524478554464515,0.475521445535485
t98,0.9999994307476983,5.69252301692457e-07
t8,0.9999988378703513,1.1621296487734824e-06
t84,0.13936752849026468,0.8606324715097353
t74,0.24730571566321724,0.7526942843367828
t22,0.04186488202159622,0.9581351179784038
