accepted_species,0,1
t13,0.6474890293056703,0.35251097069432974
t100,0.6241221125712627,0.3758778874287373
t81,0.97968805705806,0.02031194294194006
t89,0.9792189323311788,0.020781067668821127
t57,0.8246920456429248,0.1753079543570753
t98,0.9829074456459768,0.017092554354023234
t8,0.9778778450549998,0.02212215494500029
t84,0.17682200241968626,0.8231779975803137
t74,0.15708025268350434,0.8429197473164957
t22,0.15745157725451264,0.8425484227454874
