accepted_species,0,1
t61,0.9995511450661564,0.00044885493384365306
t111,0.9995455152071485,0.00045448479285143995
t115,0.9995450420832221,0.000454957916777905
t171,0.9995354900822996,0.00046450991770046547
t131,0.9995482811905659,0.00045171880943409493
t306,0.9995372464528994,0.00046275354710056114
t190,0.9995413096629909,0.0004586903370091038
t227,0.9995319531727894,0.0004680468272105438
t191,0.999541150042855,0.00045884995714497314
t143,0.999549378209506,0.0004506217904940641
t290,0.9995403724181995,0.000459627581800526
t93,0.9995454703083323,0.00045452969166773986
t313,0.9995380046148012,0.00046199538519871606
t136,0.9995471227718972,0.0004528772281028841
t180,0.9995454307269674,0.0004545692730325306
t321,0.999521026771609,0.0004789732283909381
t263,0.9995473260200575,0.00045267397994254964
t44,0.9995002401084602,0.0004997598915398182
t82,0.9995545311590418,0.0004454688409581593
t33,0.9982658515216724,0.0017341484783276906
t58,0.999660988001956,0.0003390119980440294
t197,0.9995522216583635,0.00044777834163648177
t220,0.9995447389549249,0.00045526104507507366
t107,0.9995487268615341,0.00045127313846598187
t151,0.9995785489943982,0.00042145100560178226
t169,0.9995362271427773,0.00046377285722263727
t324,0.9995538132095155,0.0004461867904844246
t104,0.9995146822490938,0.0004853177509062352
t100,0.9994419594434316,0.0005580405565683819
t86,0.9995311450709006,0.000468854929099463
t87,0.9995362482217568,0.00046375177824323395
t85,0.999530536329814,0.00046946367018601935
t18,0.9621835783685388,0.0378164216314612
