accepted_species,estimate
t25,0.46519825
t95,0.46519825
t96,0.46519825
t85,0.4790975
t22,0.47888836
t50,0.4790975
t56,0.47888836
t57,0.47888836
t31,0.4646891
t32,0.4646891
