accepted_species,0,1
t85,0.24843812,0.7515619
t20,0.9250433,0.07495674
t54,0.97649986,0.02350016
t55,0.97649986,0.02350016
t65,0.95304203,0.046957962
t61,0.9719443,0.028055752
t100,0.9082623,0.09173771
t48,0.9685905,0.031409472
t5,0.910359,0.089641
t10,0.9658515,0.03414849
