"","turnover.rates","eps.values","transition.rates"
"1",1.44929671357386,0.468451032452845,NA
"2",1.38665855210274,1.90462148511095,0.166837441036478
"3",1.44929671357386,0.468451032452845,0.373677880270407
"4",1.38665855210274,1.90462148511095,NA
