accepted_species,0,1
t66,0.4866154978253837,0.5133845021746163
t103,0.4862547361380646,0.5137452638619354
t121,0.5387972373379053,0.4612027626620947
t128,0.4866154978253837,0.5133845021746163
t146,0.4866154978253837,0.5133845021746163
t156,0.4866154978253837,0.5133845021746163
t157,0.4866154978253837,0.5133845021746163
t185,0.4862547361380646,0.5137452638619354
t194,0.5069008415182346,0.4930991584817654
t195,0.5069008415182346,0.4930991584817654
