accepted_species,0,1
t66,0.48888888888888893,0.5111111111111111
t103,0.48888888888888893,0.5111111111111111
t121,0.48888888888888893,0.5111111111111111
t128,0.48888888888888893,0.5111111111111111
t146,0.48888888888888893,0.5111111111111111
t156,0.48888888888888893,0.5111111111111111
t157,0.48888888888888893,0.5111111111111111
t185,0.0,1.0
t194,0.48888888888888893,0.5111111111111111
t195,0.48888888888888893,0.5111111111111111
