accepted_species,estimate
t55,-0.3891572961416976
t5,0.008410043998150667
t85,-0.05249189928453005
t36,-0.004423313466584589
t43,-0.004423313466584589
t44,-0.004423313466584589
t17,-0.004423313466584589
t54,1.1347953251061018
t90,1.0350566845685913
t2,0.4584070530345154
