accepted_species,0,1
Strychnos_myrioneura,0.7210411193237907,0.27895888067620933
Cynanchum_maasii,0.7096902071581781,0.29030979284182196
Galium_mexicanum,0.943849786223431,0.05615021377656905
Psychotria_pallens,0.944730576708027,0.055269423291973
Hedyotis_longiexserta,0.940822605004928,0.05917739499507207
Cephalanthus_salicifolius,0.8730123501560155,0.12698764984398445
Schizoglossum_austromontanum,0.7465614123414535,0.25343858765854654
Duvalia_eilensis,0.7414274932142964,0.2585725067857036
Gentianella_impressinervia,0.8537505506582301,0.1462494493417699
Argostemma_fallax,0.9417870528619022,0.0582129471380978
