accepted_species,estimate
t87,1.2081419
t64,0.43364257
t94,-2.2199757
t97,-0.20612328
t98,-0.20612328
t100,-0.45953572
t18,0.4937583
t90,0.6357074
t86,0.89129764
t27,0.4408582
