accepted_species,0,1
Asclepias_lanuginosa,0.027143836,0.97285616
Asclepias_ovalifolia,0.027143836,0.97285616
Asclepias_tuberosa,0.027143836,0.97285616
Gentiana_nivalis,0.69390833,0.30609164
Gentiana_spathulifolia,0.8686068,0.13139322
Gentiana_verna,0.8319095,0.16809052
Sebaea_ovata,0.9891479,0.010852124
Galium_album,0.11078113,0.88921887
Galium_circaezans,0.86331856,0.13668141
Spermacoce_quadrisulcata,0.68833196,0.31166807
