accepted_species,0,1
Asclepias_lanuginosa,0.16492915,0.83507085
Asclepias_ovalifolia,0.16492915,0.83507085
Asclepias_tuberosa,0.16140252,0.8385975
Gentiana_nivalis,0.14953643,0.85046357
Gentiana_spathulifolia,0.5342587,0.46574125
Gentiana_verna,0.14953643,0.85046357
Sebaea_ovata,0.9362732,0.06372681
Galium_album,0.31354588,0.6864541
Galium_circaezans,0.88208175,0.117918275
Spermacoce_quadrisulcata,0.6382705,0.36172953
