accepted_species,0,1
t353,0.7226394033979796,0.2773605966020204
t415,0.7276960065981987,0.27230399340180134
t440,0.7835794158011189,0.2164205841988811
t489,0.7245518385423197,0.2754481614576803
t513,0.7766166781638574,0.22338332183614262
t525,0.7383214004339141,0.26167859956608586
t526,0.7996586491641284,0.20034135083587157
t533,0.6717967313371753,0.3282032686628246
t545,0.707567213101995,0.29243278689800495
t546,0.6472785757857801,0.3527214242142199
