accepted_species,0,1
t353,0.78817785,0.21182214
t415,0.78817785,0.21182214
t440,0.8377119,0.16228811
t489,0.78817785,0.21182214
t513,0.78817785,0.21182214
t525,0.78817785,0.21182214
t526,0.78817785,0.21182214
t533,0.78817785,0.21182214
t545,0.78817785,0.21182214
t546,0.78817785,0.21182214
