accepted_species,0,1
t2,0.9851376615049152,0.014862338495084738
t55,0.979956661949583,0.02004333805041698
t57,0.6899238608361196,0.3100761391638804
t44,0.7941731982296028,0.2058268017703973
t98,0.691282003114889,0.308717996885111
t40,0.7016666620841909,0.2983333379158091
t12,0.679695635807654,0.32030436419234604
t26,0.7355264924463687,0.26447350755363125
t41,0.9928141824326104,0.007185817567389535
t72,0.6794253261035712,0.3205746738964288
