accepted_species,0,1
t2,0.7555555555555555,0.24444444444444444
t55,0.7555555555555555,0.24444444444444444
t57,0.7555555555555555,0.24444444444444444
t44,0.7555555555555555,0.24444444444444444
t98,0.0,1.0
t40,0.7555555555555555,0.24444444444444444
t12,0.7555555555555555,0.24444444444444444
t26,0.7555555555555555,0.24444444444444444
t41,0.7555555555555555,0.24444444444444444
t72,1.0,0.0
