accepted_species,0,1
t2,0.9769196,0.023080425
t55,0.9769196,0.023080425
t57,0.6909622,0.30903783
t44,0.9578961,0.04210388
t98,0.33212537,0.66787463
t40,0.36948323,0.63051677
t12,0.52057123,0.47942874
t26,0.2035957,0.7964043
t41,0.997106,0.00289396
t72,0.707572,0.29242802
