accepted_species,0,1
Gentiana_pyrenaica,0.53504235,0.46495765
Gentiana_spathulifolia,0.79920566,0.20079431
Gentiana_verna,0.25986874,0.74013126
Gentianella_amarella,0.9218346,0.07816541
Sabatia_stellaris,0.95252764,0.04747235
Swertia_perennis,0.95708424,0.042915743
Centaurium_tenuiflorum,0.9790124,0.020987561
Gentiana_clusii,0.42895174,0.57104826
Gentiana_lutea,0.24277884,0.75722116
Gentianella_germanica,0.9218346,0.07816541
