accepted_species,0,1
t6,0.2636637333073598,0.7363362666926402
t12,0.2142403259658905,0.7857596740341095
t14,0.35357046513696355,0.6464295348630364
t19,0.35678978490518176,0.6432102150948182
t36,0.344765843869562,0.655234156130438
t57,0.8216486747836949,0.1783513252163052
t58,0.8062966459097594,0.1937033540902407
t82,0.7210550055687156,0.2789449944312844
t86,0.6810246513914615,0.31897534860853843
t89,0.9390918807250705,0.06090811927492949
t120,0.7400472262211903,0.25995277377880965
t132,0.7174684017495158,0.28253159825048424
t135,0.8551688987065466,0.14483110129345345
t142,0.6443122294276697,0.3556877705723302
t144,0.9395209780936793,0.06047902190632072
t145,0.7226878740305297,0.2773121259694703
t151,0.7309726997536092,0.2690273002463907
t159,0.753023623177197,0.24697637682280305
t180,0.7463525994125317,0.2536474005874682
t208,0.8222902279831931,0.17770977201680693
t215,0.8045136209082243,0.19548637909177566
t226,0.9441613245185476,0.055838675481452396
t231,0.9279034872798959,0.07209651272010406
t241,0.9042522583535789,0.09574774164642112
