accepted_species,estimate
t65,0.26983260600676723
t55,-1.0645704316044389
t49,0.28756951895544663
t70,0.24296498253815552
t30,0.11639576542930959
t3,0.4741668579479224
t35,0.34386086293269674
t23,0.07219082220049551
t86,0.9288265601262601
t52,0.6947633684481002
