accepted_species,0,1
t149,0.1472646,0.8527354
t154,0.12450683,0.87549317
t156,0.21206021,0.7879398
t174,0.12769872,0.8723013
t181,0.2151047,0.7848953
t188,0.19933057,0.80066943
t211,0.1270358,0.8729642
t219,0.21856922,0.7814308
t227,0.22101092,0.7789891
t228,0.12769872,0.8723013
