accepted_species,estimate
t57,-0.20116684
t10,-0.20116684
t27,-0.20116684
t41,-0.20116684
t42,-0.20116684
t38,-0.20116684
t39,-0.20116684
t25,-0.20116684
t18,-0.14027745
t19,-0.14027745
