accepted_species,0
t16,
t128,
t157,
t98,
t80,
t103,
t132,
t277,
t308,-0.39016261547192
t256,
t267,
t246,
t247,
t243,
t77,
t319,-0.437451627591274
t298,-0.615471490673383
t244,
t231,
t279,
t73,
t322,-1.37151843295662
t34,
t96,
t237,
t169,
t126,
t129,
t164,
t120,
t316,-0.03515694016032467
t285,
