accepted_species,estimate
t83,-0.09424603384777144
t88,0.7155503346627925
t56,1.3800402330500594
t67,-0.14512239049519557
t41,-0.601835659151314
t75,-0.9537217016644494
t76,-0.9537217016644521
t3,-0.8976177270805592
t12,-1.3498899898463836
t4,0.28737630204975717
