accepted_species,estimate
t83,-0.46138993
t88,0.8287546
t56,1.5367515
t67,0.06326907
t41,-0.36207074
t75,-0.81790346
t76,-0.57652247
t3,-0.95505345
t12,-1.5528318
t4,0.59719473
