accepted_species,0,1
t9,0.977770687073325,0.022229312926674953
t95,0.9761899963083066,0.023810003691693383
t7,0.11424556342348569,0.8857544365765143
t61,0.9797395356342932,0.02026046436570686
t41,0.9776125297376249,0.022387470262375034
t82,0.9728051820258833,0.02719481797411669
t2,0.9764152110854925,0.023584788914507524
t40,0.024413605961239315,0.9755863940387607
t17,0.30478553335051783,0.6952144666494822
t69,0.9767472203913227,0.02325277960867732
