accepted_species,0,1
t9,0.981910534973533,0.01808946502646701
t95,0.7169209822688287,0.2830790177311713
t7,0.8071702259146314,0.1928297740853686
t61,0.838432799611369,0.16156720038863098
t41,0.9199190538456169,0.08008094615438312
t82,0.9320616073098554,0.06793839269014461
t2,0.9276595493787467,0.07234045062125329
t40,0.40412582660517504,0.595874173394825
t17,0.8538980456134446,0.14610195438655535
t69,0.8894256743282305,0.11057432567176956
