accepted_species,estimate
t57,1.1442535125939526
t12,0.9914644411965656
t48,0.41426873735691716
t95,0.6713480410283235
t81,0.4297243014835943
t5,0.6174839147859879
t71,0.6296075762557547
t52,-1.1431949663915488
t84,-1.1303428796718484
t36,-0.1849948540626989
