accepted_species,0,1
t86,0.8881781,0.11182191
t13,0.8881781,0.11182191
t21,0.3083182,0.6916818
t71,0.7142029,0.2857971
t72,0.7142029,0.2857971
t69,0.7142029,0.2857971
t79,0.84477013,0.15522987
t66,0.84477013,0.15522987
t37,0.6109674,0.38903257
t62,0.23641807,0.76358193
