accepted_species,0,1
t6,0.7696335078534031,0.23036649214659685
t9,0.7696335078534031,0.23036649214659685
t53,0.7696335078534031,0.23036649214659685
t65,0.7696335078534031,0.23036649214659685
t69,0.7696335078534031,0.23036649214659685
t77,0.7696335078534031,0.23036649214659685
t90,0.7696335078534031,0.23036649214659685
t91,0.7696335078534031,0.23036649214659685
t104,0.7696335078534031,0.23036649214659685
t106,0.7696335078534031,0.23036649214659685
t112,0.7696335078534031,0.23036649214659685
t115,0.7696335078534031,0.23036649214659685
t133,0.7696335078534031,0.23036649214659685
t138,0.7696335078534031,0.23036649214659685
t170,0.7696335078534031,0.23036649214659685
t178,0.7696335078534031,0.23036649214659685
t191,0.7696335078534031,0.23036649214659685
t195,0.7696335078534031,0.23036649214659685
t201,0.7696335078534031,0.23036649214659685
t204,0.7696335078534031,0.23036649214659685
t211,1.0,0.0
