accepted_species,0,1
t16,0.36004482915770375,0.6399551708422963
t21,0.36437301589923854,0.6356269841007615
t43,0.3651195965063987,0.6348804034936013
t48,0.4370492846834806,0.5629507153165194
t53,0.332126030470246,0.667873969529754
t67,0.322487059893833,0.677512940106167
t72,0.4076169179234279,0.5923830820765721
t99,0.35854313027600226,0.6414568697239977
t133,0.36856152246626617,0.6314384775337338
t136,0.35947035899712776,0.6405296410028722
