"accepted_species","estimate"
"t3",-0.560871494714405
"t96",-0.999526625388722
"t88",-1.69598106403278
"t75",-1.86701505934455
"t18",-0.176504038842932
"t55",-0.698361390190087
"t8",0.736766435555457
"t78",0.859334183526118
"t27",0.777943959854834
"t15",1.16103611962394
