"accepted_species","0","1"
"t59",0.342847442068874,0.657152557931126
"t86",0.934427433875981,0.0655725661240189
"t96",0.0104992883799339,0.989500711620066
"t66",0.666445442533072,0.333554557466928
"t57",0.313243639299525,0.686756360700475
"t23",0.314992608835874,0.685007391164126
"t47",0.268306339701684,0.731693660298316
"t53",0.470116626203065,0.529883373796935
"t32",0.399614857765842,0.600385142234158
"t68",0.793392846073834,0.206607153926166
