accepted_species,0,1
t59,0.26600376652118707,0.7339962334788129
t86,0.3757547560308747,0.6242452439691253
t96,0.33860976131058285,0.6613902386894172
t66,0.3594489854896369,0.6405510145103631
t57,0.3641238103841675,0.6358761896158325
t23,0.31918827718516796,0.680811722814832
t47,0.31487680442677946,0.6851231955732205
t53,0.33408291389493794,0.6659170861050621
t32,0.33324053643347984,0.6667594635665202
t68,0.28484974511721095,0.715150254882789
