accepted_species,0
Asclepias_cordifolia,-0.12035013901976771
Aspidosperma_spruceanum,-0.12035013901976771
Blackstonia_perfoliata,-0.12035013901976771
Coffea_congensis,-0.12035013901976771
Cynanchum_acutum,-0.12035013901976771
Galium_lucidum,-0.41389769309146923
Galium_mollugo,-0.4142418128952831
Rudgea_jasminoides,-0.12035013901976771
Spermacoce_brachystema,-0.12035013901976771
Wrightia_tinctoria,-0.12035013901976771
