accepted_species,0,1
t21,0.9742437,0.025756275
t22,0.9807882,0.019211855
t41,0.9742437,0.025756275
t45,0.9742437,0.025756275
t46,0.9742437,0.025756275
t47,0.9742437,0.025756275
t59,0.9807882,0.019211855
t72,0.9742437,0.025756275
t91,0.9742437,0.025756275
t98,0.9742437,0.025756275
t106,0.9807882,0.019211855
t114,0.9742437,0.025756275
t125,0.9742437,0.025756275
