accepted_species,estimate
Asclepias_albicans,0.24683962116670463
Asclepias_vestita,0.2335538650089561
Cyclophyllum_coprosmoides,0.27856850830536184
Exostema_caribaeum,0.46214596879926984
Galium_concinnum,-0.3650241035672309
Gentiana_nivalis,-0.1441889858818536
Neolamarckia_cadamba,0.655196100747934
Opercularia_varia,-0.2137578279058324
Psychotria_brachypoda,-0.11413012680775314
Rothmannia_urcelliformis,0.6415795675487445
