accepted_species,0,1
t140,0.5432214919717835,0.45677850802821657
t143,0.5555734612694048,0.4444265387305952
t165,0.5428387243655115,0.45716127563448855
t195,0.5393324809541009,0.46066751904589903
t201,0.5557936956170477,0.4442063043829522
t210,0.5418206207928263,0.45817937920717366
t211,0.5420750434636816,0.45792495653631843
t216,0.55536693590501,0.4446330640949901
t224,0.5418300652373768,0.45816993476262324
t230,0.5544672303288223,0.44553276967117766
