accepted_species,0,1
t140,0.5383457295868039,0.4616542704131961
t143,0.5447294228414419,0.45527057715855807
t165,0.5379904525031611,0.4620095474968389
t195,0.5417496035742119,0.45825039642578813
t201,0.5443624828060964,0.4556375171939036
t210,0.5330562707969634,0.4669437292030366
t211,0.5363080458352565,0.46369195416474357
t216,0.5457232163747235,0.45427678362527646
t224,0.5322408034956656,0.46775919650433445
t230,0.545340151396993,0.454659848603007
