"","V_1","V_2","V_3","V_4","V_5","V_6","V_7","V_8","V_9","V_10","V_11","V_12","V_13","V_14","V_15","V_16","V_17","V_18","V_19","V_20","V_21","V_22","V_23","V_24","V_25","V_26","V_27","V_28","V_29","V_30","V_31","V_32","V_33","V_34","V_35","V_36","V_37","V_38","V_39","V_40","V_41","V_42","V_43","V_44","V_45","V_46","V_47","V_48","V_49","V_50","V_51","V_52","V_53","V_54","V_55","V_56","V_57","V_58","V_59","V_60","V_61","V_62","V_63","V_64","V_65","V_66","V_67","V_68","V_69","V_70","V_71","V_72","V_73","V_74","V_75","V_76","V_77","V_78","V_79","V_80","V_81","V_82","V_83","V_84","V_85","V_86","V_87","V_88","V_89"
"t7",-0.00615586449127783,0.137256252039433,0.068469477771755,0.0807551884077743,-0.316003454272484,0.3584511895438,-0.170781393243164,0.0481342048147765,-0.000414755380042296,0.00226262625245338,-0.00348623142220997,0.00409831263472987,-0.00137175128617115,0.0144987234927349,-0.00240028329030999,0.00713852704650178,-2.10288406616674e-05,0.00301239495031337,-0.000840587671220467,0.00147617420420586,-0.000599085965682752,0.000237278499270829,-9.29281052753555e-07,1.32381597091806e-13,0.000856639699217986,-0.000170218011767125,0.00302941566594393,-0.000672065617067906,0.000717790825883684,1.29902659183357e-12,0.0545479408770321,-0.549559764560036,0.62740753918449,-0.0022404117361608,0.000476702436292454,5.33493414464761e-05,-0.00137993767631394,-8.67301606081408e-05,0.000294002467699064,0.00279067986340136,-0.00040942405025587,-8.72953713220483e-05,5.94046186582776e-05,0.000387148292537436,-0.000142393566674183,-1.81666679039636e-05,-0.000182337937460352,0.000422219710607302,-4.04839513623906e-18,7.12832952977283e-14,0.000130787041542009,-9.92983451781762e-05,-0.000138987312470109,7.20219640360779e-05,2.07268155564843e-05,6.83830456775792e-17,1.23094083535337e-05,-1.77507026818075e-15,-2.52815287352845e-05,-9.47506372014987e-17,-9.57571839025915e-17,-8.91828074264619e-17,-1.51094913563939e-17,-4.21647611349171e-17,-4.2575948196203e-18,5.11397372679952e-07,-3.53721316243483e-17,-6.72915253376576e-18,2.09384402292896e-14,-3.01821493313877e-18,2.43625455712345e-15,-5.02458364266216e-17,9.03726351080428e-17,-5.14547439122708e-17,-1.88223871036434e-17,-7.65065824480988e-06,1.58481254676003e-05,-1.1905160791405e-16,-5.72593602946393e-17,2.00315807494027e-17,-9.21767704620659e-17,-1.16047662984158e-06,1.70384445426023e-06,1.28196510953436e-16,3.70794884635762e-16,-5.49475579099449e-17,-6.10065686919159e-19,-8.64936337174858e-17,-1.34356545864645e-16
"t28",-0.00627900148984203,0.141342802332426,0.0721683504932878,0.0866719913300611,-0.340528108480301,0.386571959303769,-0.190300589367804,0.0550294470155112,-0.000482968514363687,0.00286154401376163,-0.00480098942885732,0.00591663269690087,-0.00219839797406179,0.0238652257040889,-0.00417970934091245,0.0126046941990312,-4.11630646737228e-05,0.00615903065992474,-0.00174736804929745,0.00416800824469445,-0.00172414546917086,0.000729297096128146,-1.68227346128753e-05,-3.82388323556398e-12,-0.00319445364626309,0.000564509809696159,-0.0052424150533292,0.000971318517320161,-0.00073892225908412,-1.08653155078371e-12,-0.0263687231886001,0.259488757259127,-0.28733649121234,0.000531121597832891,6.70952469333584e-05,9.55814824035913e-06,-0.000265229213985139,-1.74769393577325e-05,7.30577702661757e-05,0.000729375690448077,-0.000143054828651941,-3.06497019727595e-05,2.17319913660925e-05,0.000144687358809095,-5.5921599555712e-05,-7.20544948729257e-06,-7.52301823641896e-05,0.000180891283837537,3.21372227095193e-16,3.1192760521524e-14,5.7383033980096e-05,-4.55842409996287e-05,-6.62237356231095e-05,3.47877852144168e-05,1.00792429862717e-05,-1.46134981624698e-15,6.11089701587987e-06,0.707106781186548,-1.26417497663074e-05,-4.43450536297692e-14,-2.10843592847854e-16,1.02989244425627e-15,-1.46432180830009e-15,4.91918238904996e-17,-8.07925375001313e-16,2.75714045685393e-07,-6.29316580841174e-16,2.62625585814266e-16,1.12620712502907e-14,2.49472506153886e-16,9.34479475663975e-16,-3.27763891143293e-16,-1.7208708009242e-16,-2.03119914681555e-16,-7.21041848629495e-17,-4.39551891852367e-06,9.1561620358588e-06,-4.86596645146233e-16,-1.84171754553493e-16,1.19136465544904e-16,-4.20380807255473e-16,-6.84382173695099e-07,1.00519382389358e-06,1.13331315453396e-16,-2.01765834261664e-16,-1.44680504877604e-16,3.53641685260054e-16,2.96491612813276e-17,-2.44441145031104e-16
"t29",-0.00627900148984212,0.141342802332426,0.072168350493288,0.0866719913300611,-0.340528108480301,0.386571959303769,-0.190300589367804,0.0550294470155112,-0.000482968514363781,0.00286154401376157,-0.00480098942885746,0.0059166326969009,-0.00219839797406179,0.0238652257040889,-0.00417970934091267,0.012604694199031,-4.11630646738112e-05,0.00615903065992471,-0.00174736804929724,0.00416800824469448,-0.00172414546917089,0.00072929709612842,-1.68227346126045e-05,-3.82372618275016e-12,-0.003194453646263,0.000564509809696069,-0.00524241505332921,0.000971318517320127,-0.000738922259084096,-1.08638231887378e-12,-0.0263687231886004,0.259488757259128,-0.287336491212342,0.000531121597833123,6.70952469337036e-05,9.55814824034846e-06,-0.000265229213985115,-1.74769393576694e-05,7.30577702669513e-05,0.000729375690448034,-0.000143054828652051,-3.06497019731827e-05,2.17319913663803e-05,0.000144687358808691,-5.59215995557352e-05,-7.20544948656055e-06,-7.52301823645544e-05,0.000180891283836622,-3.36962300826809e-16,3.08396224708469e-14,5.73830339798454e-05,-4.55842410014495e-05,-6.62237356214827e-05,3.47877852197325e-05,1.00792429884668e-05,1.60623317668459e-15,6.11089700032392e-06,-0.707106781186546,-1.26417498503677e-05,4.44593355904031e-14,4.04585207256006e-16,-9.6981396180602e-16,1.45539878669084e-15,-5.60614958111382e-17,8.29938069804365e-16,2.75714046733303e-07,6.92684341941314e-16,-3.0418138390148e-16,1.14789247987851e-14,-2.79483600566743e-16,2.2465926731186e-15,4.02837502476365e-16,1.200084000008e-17,2.08743898940974e-16,3.10689664565666e-17,-4.39551891871829e-06,9.15616203509957e-06,3.86054842103021e-16,2.75279839239243e-17,1.91970573964711e-17,2.93999186674563e-16,-6.84382173740353e-07,1.00519382409662e-06,1.57105873158858e-16,2.00828607006096e-17,5.679886247518e-17,-3.3772423836167e-16,-1.31266060605788e-16,-6.32301380016282e-17
"t86",-0.115420348032324,-0.0557097972045781,0.00025850963557375,0.254986454441482,0.0662713849892078,-0.0261514808239618,-0.0245835818141043,0.00759162305777942,-0.00148076009762514,0.278708712824428,-0.00217343564052567,0.0256850097401998,-0.00635302617542807,0.0043728096930845,-0.00337019344565911,0.00322046306784154,-0.000165900333676259,0.0186137336582807,-0.0822771362367324,-0.00380610202874922,0.00195677721175025,-0.000173980482980028,-7.43397271786415e-07,-8.43449240172376e-14,-0.000447853242277708,8.15072178435499e-05,-0.000247214093119234,0.00317221138192709,-9.45552417694913e-05,-2.30146653086347e-12,-0.000216538376146467,0.000594487852081771,0.000242674148473287,-0.000221366253033623,0.360199956173762,-0.000579703946720468,0.000218932727031861,0.000520299964797025,-1.50995309701396e-05,-0.000100412799824755,-0.00012651236467881,-3.02856754066519e-05,0.431503787877507,-0.0139788886799558,0.000140059590861573,1.33506827427545e-05,7.25835585682219e-06,4.79595553379334e-06,-9.14305133433994e-16,3.10254563786961e-15,6.81778820031092e-06,-8.22192667866159e-06,-4.3638196756139e-06,0.000506186342500842,2.6812974564925e-05,1.12721929652201e-15,5.41532242254206e-07,3.85901716009823e-16,-3.30307024263959e-06,4.4298615871666e-17,3.21463298070989e-17,-2.25412192160237e-16,3.2804750968786e-16,-9.24820544159916e-17,-1.23746211364681e-16,9.43676444827964e-07,1.3482686324144e-16,-1.58583637230541e-16,1.0402381763914e-15,-3.64947263396722e-16,5.83228999359325e-15,1.32658843013534e-16,7.33334254600692e-16,2.59229277310071e-16,-1.77440842215874e-16,-1.54718276232545e-06,3.25043026012417e-06,3.83886357444559e-16,2.9776841143788e-16,1.19876379434445e-16,2.39687301216435e-15,-2.50351684245131e-07,3.67894983993491e-07,1.36419785751684e-15,0.707106781186548,-2.03790949694813e-15,-1.67875575722242e-15,-4.40444068179659e-15,-1.45762253078521e-15
"t87",-0.115420348032324,-0.0557097972045781,0.000258509635573834,0.254986454441482,0.0662713849892079,-0.0261514808239617,-0.0245835818141048,0.00759162305777913,-0.00148076009762503,0.278708712824429,-0.00217343564052578,0.0256850097402001,-0.00635302617542811,0.0043728096930848,-0.00337019344565914,0.00322046306784129,-0.000165900333676207,0.0186137336582808,-0.0822771362367327,-0.00380610202874957,0.00195677721175038,-0.000173980482980084,-7.43397271873457e-07,-8.44160071829964e-14,-0.000447853242277826,8.15072178435405e-05,-0.000247214093119106,0.00317221138192718,-9.45552417694752e-05,-2.30151202527614e-12,-0.00021653837614641,0.000594487852081521,0.000242674148473426,-0.000221366253033787,0.360199956173763,-0.000579703946720411,0.0002189327270318,0.000520299964797241,-1.50995309711717e-05,-0.000100412799824599,-0.000126512364678789,-3.02856754068113e-05,0.431503787877508,-0.0139788886799562,0.000140059590861312,1.33506827421858e-05,7.25835585667005e-06,4.79595553407836e-06,-3.19271787882192e-16,3.12182656441707e-15,6.81778820033195e-06,-8.22192667884544e-06,-4.36381967461659e-06,0.000506186342500978,2.68129745651733e-05,2.56687059032212e-16,5.41532242657552e-07,-7.26529918125091e-17,-3.30307024280303e-06,1.55723403372549e-16,2.30232665026905e-16,8.33397066782665e-18,1.75506509531229e-16,9.18846581063714e-17,3.98875129836891e-16,9.43676444781871e-07,-1.8249644275548e-16,2.03648073468693e-16,1.2135096519505e-15,4.02520868687694e-16,4.67852250246768e-15,-9.45074360230663e-17,-8.92284524865769e-16,-2.08289460716195e-16,-3.44603647772331e-16,-1.54718276243401e-06,3.25043026049403e-06,-5.67423864075984e-16,-2.2347728796304e-16,3.23481407439171e-16,-2.59039601731855e-15,-2.50351692721978e-07,3.67894983968901e-07,-1.03554346070485e-15,-0.707106781186546,1.96349092149789e-15,1.83887024551782e-15,4.07673574067258e-15,1.24888532200197e-15
"t49",-0.114765928164792,-0.0552471103103762,0.000254761539048798,0.250118662839656,0.0649400534210446,-0.0256210947849202,-0.0238943676131278,0.00733545432667676,-0.00142501517899827,0.263811094619044,-0.0020272341425276,0.0237837127441248,-0.00579967913165964,0.00397888974635475,-0.00304681337593177,0.00290704233360468,-0.000148219450935319,0.016565095792727,-0.0731173347991021,-0.00331120890680895,0.00170053788483579,-0.000150674740004278,-6.1989630545915e-07,-6.88704237609064e-14,-0.000360012838227289,6.53014524266758e-05,-0.000193124642718235,0.00245528338159672,-7.17095078930579e-05,-1.72094951634843e-12,-0.000155023119802459,0.000424757082522077,0.000172939437567299,-0.000149074112264942,0.165445475326228,-0.000231262549362046,8.18085630011853e-05,0.000184055056991392,-3.30546953402843e-06,-1.6817834483951e-05,9.30732757686837e-05,2.35634847483913e-05,-0.548454729783818,0.0235479137009876,-0.000553054792267999,-6.72119869214082e-05,-0.000591145974981701,3.70161870317768e-05,6.19459474841646e-16,1.84245403730924e-14,3.31794124760505e-05,-2.5109261741233e-05,-1.06282780121833e-05,0.00115591431897717,5.9466857680478e-05,-3.95247011174835e-15,1.10858050298676e-06,4.34331093378932e-16,-6.59378233303688e-06,-1.57637387377502e-15,1.31583102552804e-16,2.77244937156439e-16,6.60625987809938e-15,-3.38151247316667e-15,0.707106781186547,1.53993042909664e-06,3.93217228614893e-15,-4.11634061754128e-15,5.74094786987507e-15,5.06153442637172e-15,9.33209028710852e-15,-3.54729960866497e-15,-2.87776869364354e-16,-5.97132960410497e-19,-4.86323130964295e-16,-2.25095900421611e-06,4.6890110542448e-06,4.48380377867777e-17,-1.72707366974926e-16,2.36673643367885e-16,1.4398607798854e-16,-3.5066272278296e-07,5.15047417245201e-07,-1.2811967201916e-16,3.8141447330518e-16,2.37740717238612e-16,1.71033542733457e-16,-3.89663190528499e-17,-1.21196969752737e-17
"t50",-0.114765928164792,-0.0552471103103762,0.000254761539048964,0.250118662839656,0.0649400534210448,-0.0256210947849202,-0.0238943676131277,0.00733545432667682,-0.00142501517899824,0.263811094619044,-0.00202723414252756,0.0237837127441249,-0.0057996791316598,0.00397888974635524,-0.00304681337593161,0.00290704233360459,-0.000148219450935318,0.016565095792727,-0.0731173347991019,-0.00331120890680899,0.00170053788483585,-0.000150674740004367,-6.19896305452432e-07,-6.8775522138908e-14,-0.000360012838227295,6.53014524265975e-05,-0.000193124642718565,0.00245528338159663,-7.17095078929927e-05,-1.72118531935969e-12,-0.000155023119802453,0.000424757082522138,0.000172939437567285,-0.000149074112265015,0.165445475326228,-0.00023126254936206,8.18085630010677e-05,0.000184055056991478,-3.30546953383878e-06,-1.68178344844977e-05,9.30732757687433e-05,2.35634847480767e-05,-0.548454729783818,0.0235479137009874,-0.000553054792267555,-6.72119869204762e-05,-0.000591145974981571,3.70161870317329e-05,8.67270415790902e-16,1.81020072671806e-14,3.31794124758326e-05,-2.51092617413591e-05,-1.06282780124155e-05,0.00115591431897828,5.94668576802264e-05,1.60253087052503e-15,1.10858050344404e-06,-4.62422482245615e-16,-6.59378233261112e-06,1.28715746254035e-15,-3.81667981370763e-17,-1.18355451527411e-16,-6.702701870413e-15,3.45838197744305e-15,-0.707106781186548,1.5399304415146e-06,-3.94450510365924e-15,4.01166530687186e-15,-1.96403258204097e-15,-5.20766203294233e-15,6.30923063184845e-15,3.26483720782304e-15,4.38503661867307e-16,2.6642914598896e-18,6.59067030784276e-16,-2.25095900391918e-06,4.6890110535562e-06,-1.84214446768764e-16,1.31106053902028e-16,-1.77683177826288e-16,-1.72285429400843e-16,-3.50662723124702e-07,5.15047417163834e-07,1.62636183533482e-16,1.30039382054898e-16,-2.23378500380017e-16,-2.00674202432701e-16,4.19290650777575e-16,-3.82786256757583e-16
"t24",-0.113342598296301,-0.0542389472998647,0.000246559311949564,0.239431700007243,0.0620151305315764,-0.0244556835816837,-0.0223716127582683,0.00676715735303354,-0.00130100010807333,0.230284441787127,-0.00169481659628831,0.0194386886685634,-0.00452243480110923,0.00306754199073422,-0.00229524693323038,0.00217784449370773,-0.000106783422047644,0.0117507358423272,-0.0515698216787191,-0.00212934853885799,0.00108814784156292,-9.48386847819697e-05,-3.1590892543668e-07,-3.27517072823519e-14,-0.000138028170018178,2.42480840771705e-05,-5.3575836220305e-05,0.000593145891946219,-1.14835243785324e-05,-1.73227396661723e-13,1.41426481309707e-05,-4.26840182768395e-05,-1.94788037096646e-05,5.89416731156108e-05,-0.584846665373153,0.00126740968441068,-0.000539087156646132,-0.00140560023465449,7.80735925969148e-05,0.000692668368712381,-0.000272325017451129,-5.9017245251085e-05,0.111177511581328,0.0104792273168918,-0.000700876095023889,-9.15478644958808e-05,-0.000951672615294853,6.37089007207636e-05,-1.34051462283202e-15,3.18380617085155e-14,5.81821280756078e-05,-4.43588956527351e-05,-1.85806015969383e-05,0.00200825711807938,0.000102960610688869,0.707106781186548,1.89685624168943e-06,1.6479802294899e-15,-1.12315796409389e-05,-2.70615166335913e-15,2.14238988619227e-15,-4.15390888446359e-16,1.60815492292866e-16,-1.32343048297802e-16,3.07437913562697e-15,2.48283140351711e-06,6.84970009185287e-16,4.31411579348779e-16,3.51518887341688e-15,-9.65608671832325e-16,1.40225114855879e-14,3.32461827025564e-16,1.07355101387067e-16,-8.71667601492534e-17,4.44406959942829e-16,-3.44403024219497e-06,7.14059098175181e-06,-5.32262927539791e-17,-2.88018075667612e-16,2.87052802244273e-16,-2.38017151433173e-16,-5.24775118504152e-07,7.70542992847048e-07,2.96425583321859e-16,-3.51594494220615e-16,-1.13734213053017e-16,9.79875028848508e-17,-5.20124324307226e-17,-2.32322159115366e-16
"t25",-0.113342598296301,-0.0542389472998647,0.00024655931194956,0.239431700007243,0.0620151305315763,-0.0244556835816837,-0.0223716127582684,0.00676715735303346,-0.0013010001080734,0.230284441787127,-0.00169481659628817,0.0194386886685635,-0.00452243480110911,0.0030675419907345,-0.00229524693323045,0.00217784449370798,-0.000106783422047694,0.011750735842327,-0.051569821678719,-0.00212934853885795,0.00108814784156282,-9.48386847821753e-05,-3.15908925368458e-07,-3.29213770545706e-14,-0.000138028170018113,2.42480840773945e-05,-5.35758362204958e-05,0.000593145891946112,-1.14835243783078e-05,-1.73268784590886e-13,1.41426481313489e-05,-4.26840182769991e-05,-1.94788037098659e-05,5.89416731159396e-05,-0.584846665373154,0.0012674096844096,-0.00053908715664653,-0.00140560023465602,7.80735925967465e-05,0.000692668368712755,-0.000272325017451376,-5.90172452518867e-05,0.111177511581331,0.0104792273168906,-0.000700876095024529,-9.15478644921212e-05,-0.000951672615295093,6.37089007200376e-05,1.03137114582263e-15,3.17112960197782e-14,5.81821280765658e-05,-4.43588956539989e-05,-1.85806015898802e-05,0.00200825711806933,0.000102960610644032,-0.707106781186546,1.89685628235192e-06,-1.89083074010912e-15,-1.12315796369377e-05,2.81969592592122e-15,-1.59218589916164e-15,4.01566356351453e-16,-5.55296624014736e-16,5.27256036152284e-17,-2.64200040413796e-15,2.48283140561707e-06,-7.14902898033909e-16,-5.07664026881279e-16,3.45819396140279e-15,9.05540749885503e-16,1.2034052429682e-14,4.43000670234928e-17,-2.35644288294519e-16,-8.4941675797936e-17,9.75824380008833e-18,-3.4440302413916e-06,7.14059098160728e-06,1.60476845852414e-16,-8.49358764784929e-17,-4.52314626452188e-16,-1.28995774820205e-16,-5.24775119537469e-07,7.70542992726317e-07,2.55060822555549e-16,9.29029254561216e-17,-8.93597424078877e-17,-1.94099021846027e-16,-2.64893452996025e-16,-2.3752189908294e-16
"t30",-0.105165309742225,-0.0483316778172611,0.000196099086471902,0.171094526075733,0.043147888396194,-0.0169254397056528,-0.0117907511388763,0.00257325926439879,-0.000342950369486441,-0.11494636125373,0.000476323856505367,-0.0215614555678008,0.0122037604037087,-0.00976568810870018,0.0100414580567351,-0.0102619930533293,0.0008504979637413,-0.11642626633786,0.555766530054056,0.255586468046763,-0.200212431052149,-0.0280191596349799,-5.57484982715488e-06,-5.24220138218912e-13,-0.00209308029423653,0.000369997586617864,-0.000934614381344304,0.0113448520175933,-0.000303548050930729,-6.90857472084128e-12,-0.000543846933028599,0.00148184769707344,0.000599002448360919,-0.000445909926264157,0.021829686895701,0.000332349627859699,-0.000190947229821214,-0.000586128821187446,5.46485735889932e-05,0.00053191375061673,-0.000289577871448815,-6.23809924319794e-05,0.00294435529628079,0.0230102395141835,-0.00095728562760488,-0.000125773817573905,-0.00133751855211584,9.16029920946249e-05,5.35464847121313e-18,4.62750038376552e-14,8.48674246149497e-05,-6.64348888775278e-05,-2.84353913850739e-05,0.00391219731859113,0.000157979124719048,2.82952236576033e-15,2.95000372249913e-06,4.47559410258697e-14,-1.75283548203902e-05,0.707106781186547,1.21867020854103e-15,-5.31572105797651e-16,5.45404763833427e-16,2.08738420277818e-16,1.49405590985318e-15,3.99024170690346e-06,-1.33277125193125e-16,7.84447845636689e-17,5.13156124182365e-15,-7.28195994618322e-16,2.15270910122039e-14,-6.93298652096854e-18,2.33722479174862e-16,1.22527497454877e-16,2.98009995950182e-16,-5.62791059223976e-06,1.16811958922596e-05,-8.72612107400434e-17,3.28582218167286e-16,-4.43446238177394e-17,-3.16945113301858e-16,-8.61450694089556e-07,1.26496119483399e-06,5.94100825651697e-16,1.77417418261029e-16,-3.03225672181226e-17,-5.3120664599949e-17,2.79788779813603e-17,6.19716270519012e-17
"t31",-0.105165309742225,-0.0483316778172611,0.000196099086471883,0.171094526075733,0.0431478883961938,-0.0169254397056527,-0.0117907511388763,0.00257325926439887,-0.000342950369486531,-0.11494636125373,0.000476323856504993,-0.021561455567801,0.0122037604037087,-0.00976568810870022,0.010041458056735,-0.0102619930533293,0.000850497963741394,-0.11642626633786,0.555766530054056,0.255586468046763,-0.200212431052149,-0.0280191596349795,-5.57484982715548e-06,-5.24505852271015e-13,-0.00209308029423641,0.000369997586617511,-0.000934614381343832,0.0113448520175932,-0.000303548050930552,-6.90795985325813e-12,-0.000543846933028037,0.00148184769707321,0.000599002448360669,-0.000445909926264254,0.0218296868957005,0.000332349627859405,-0.000190947229821062,-0.000586128821187429,5.46485735881744e-05,0.000531913750616175,-0.000289577871448989,-6.23809924328329e-05,0.00294435529628112,0.0230102395141827,-0.000957285627604557,-0.000125773817572265,-0.0013375185521145,9.16029920948469e-05,-7.92806055908685e-17,4.59360731897668e-14,8.48674246160773e-05,-6.64348888782355e-05,-2.843539138183e-05,0.00391219731858874,0.000157979124724521,-2.52827520326387e-15,2.95000373256487e-06,-4.43450205175373e-14,-1.75283548061985e-05,-0.707106781186548,-1.34404710103146e-15,6.38516813941999e-16,-6.06307523463698e-16,-3.47201236868912e-16,-1.5298036261174e-15,3.99024170768267e-06,2.69335116903475e-16,-1.42725138998141e-16,5.52997884829045e-15,8.24814675579966e-16,2.00025997067061e-14,1.39340156664509e-17,-1.12489461478668e-16,-1.43061635978801e-16,-3.28555912276742e-16,-5.62791059190799e-06,1.16811958924801e-05,-1.46834876551101e-16,-6.16524530601137e-16,2.46414203912851e-16,1.714035453579e-16,-8.61450693999655e-07,1.26496119553886e-06,-1.54982423354729e-16,-1.09959841347021e-16,-3.39792790554676e-17,1.58436933747583e-16,-1.08538236167037e-16,-1.63763311384583e-16
"t38",-0.110169702808427,-0.0518584260617759,0.000224156671095608,0.206550362259988,0.0527659056657693,-0.0207506818270397,-0.01624139281174,0.00395264175585962,-0.000576684879700959,-0.368463748726922,-0.0120193772546811,0.0809205049985826,-0.0139889997648906,0.00925233632610198,-0.0067477617130934,0.00638934037718827,-0.000320190496215034,0.0361727483152021,-0.160774944127206,-0.0186221502895724,0.0131017623973999,0.00119640763432225,-6.33353058132226e-07,-7.34250604235994e-14,-0.000393187853591739,7.13301205956429e-05,-0.000209012386350745,0.00264034148950103,-7.57832625187284e-05,-1.79287924491002e-12,-0.000153500914136032,0.000419504199097281,0.000170222429584782,-0.000135064343997744,0.00747514439854055,0.000115106652528545,-6.63755915078779e-05,-0.000204265107088529,1.9279566207682e-05,0.000188295654992066,-0.00011556677523776,-2.52133423245503e-05,0.00155421048348379,0.0261701558201544,-9.17898785635293e-05,-1.51212159035198e-05,-0.00018503413099346,8.74087611191232e-06,4.13534339454311e-16,2.05721983680092e-15,2.92322894435842e-06,1.82220975502648e-05,6.07405698989788e-05,-0.869856397370649,0.000918251078377974,6.10195720369328e-15,5.14870368203144e-06,-3.33547974302009e-15,-2.58556155469016e-05,1.36019168817277e-15,2.53535858768913e-16,3.5496891462281e-16,1.00209263760975e-15,4.09733087543781e-17,-6.97094233967955e-16,3.16021073275795e-06,-5.87560827263706e-16,3.00027623247869e-16,4.53779744778333e-15,-1.53989975339627e-16,1.65101634730495e-14,-6.17907941349687e-17,-2.34507813844987e-16,3.3440036994462e-17,-4.72465215435223e-17,-3.90124967937391e-06,8.04398528056775e-06,-5.45958636207466e-17,-2.20814476476683e-18,7.11980575823978e-17,-2.44580533189106e-16,-5.81499905674378e-07,8.53625939779352e-07,1.84555829276937e-16,-3.01969831352489e-17,-9.60654236641382e-17,4.42142119191889e-17,-1.58068202284137e-16,-1.42228764284984e-16
"t95",-0.111051021206697,-0.0524665189405677,0.000228752700051979,0.212133252702349,0.0542671290124357,-0.0213467305182271,-0.0168875941329442,0.00414220966153477,-0.000607572911324003,-0.396602188811859,-0.0131787212001333,0.0895251310036146,-0.0157453710981966,0.0104547579348339,-0.0076832878126185,0.00728813787530361,-0.000369637038287152,0.041946915356932,-0.186743569917535,-0.0221528947663443,0.0156041099441545,0.00143034900089561,-7.88286401385131e-07,-9.2898984806876e-14,-0.000507677827220651,9.24006595663298e-05,-0.000277329153618083,0.0035335523735591,-0.00010330981736234,-2.4751671802437e-12,-0.000219840202144092,0.000601784384665488,0.000244704886462221,-0.000202976712215303,0.0141015557501426,0.000230652575463881,-0.000136350172415658,-0.000427840063203243,4.59078075122493e-05,0.000470220690593659,-0.000630961655422285,-0.000142764778933307,0.013712839547503,0.354590364522725,0.00213128587717679,0.000210249739838368,0.00086561521979564,-2.1360730417419e-05,-4.25939242451919e-16,-3.80209682305861e-15,-5.01386088562483e-06,-1.61390800769573e-05,-2.86916196641923e-05,0.309255281039348,-0.000278056264460218,-2.056784708022e-15,-8.2013066379609e-07,1.40304471424512e-15,2.96238261388894e-06,-5.79889356256341e-16,-4.5226539508249e-16,-8.32134851631705e-17,-2.70686283412471e-16,-2.50735737814144e-16,1.85738529855743e-16,7.44386254948061e-07,-1.09644707031032e-16,3.01829836463323e-17,8.93404102300822e-16,1.14401211445466e-16,3.86635487285311e-15,1.12689839488074e-16,-7.46362461759398e-17,-1.82050043680379e-16,-1.71299412081361e-17,-1.66580782351607e-06,3.54643995551483e-06,1.18038181192017e-15,1.9559375159682e-16,1.89603900765491e-15,-2.76137967760097e-15,-2.84246912589603e-07,4.17952799226622e-07,-6.46647739155083e-15,-4.35901157067395e-15,3.14905788702843e-15,-2.07968047183479e-14,-0.707106781186547,-8.69054460526706e-16
"t96",-0.111051021206697,-0.0524665189405677,0.000228752700051971,0.212133252702349,0.0542671290124357,-0.021346730518227,-0.0168875941329442,0.00414220966153478,-0.000607572911323684,-0.396602188811859,-0.0131787212001336,0.0895251310036149,-0.0157453710981964,0.0104547579348339,-0.00768328781261838,0.00728813787530348,-0.000369637038287119,0.0419469153569318,-0.186743569917535,-0.0221528947663444,0.0156041099441546,0.00143034900089544,-7.88286401281644e-07,-9.28560004665595e-14,-0.000507677827220623,9.24006595663194e-05,-0.000277329153618194,0.00353355237355914,-0.000103309817362247,-2.47531421092211e-12,-0.000219840202143926,0.000601784384665072,0.00024470488646211,-0.000202976712215211,0.0141015557501425,0.000230652575463649,-0.000136350172415887,-0.000427840063203293,4.59078075125477e-05,0.000470220690593992,-0.000630961655422216,-0.000142764778933591,0.0137128395475034,0.354590364522725,0.00213128587717676,0.000210249739838148,0.000865615219795543,-2.13607304169194e-05,-1.89800228295336e-16,-3.76084692611088e-15,-5.01386088561095e-06,-1.61390800767769e-05,-2.86916196639564e-05,0.309255281039347,-0.000278056264460081,-2.63400441667918e-15,-8.20130663624352e-07,8.63818208012564e-16,2.9623826139219e-06,-9.75298095633986e-16,-2.24399656132869e-17,-1.37018889869086e-16,-4.83507425638302e-17,-1.90213860373409e-16,1.30865735545522e-16,7.44386255059626e-07,1.30755359755615e-16,-2.07818353612361e-16,9.22521770995671e-16,-1.81465033417388e-16,4.12369591342273e-15,2.59727882414629e-16,2.91257299566318e-16,9.96275247483605e-17,-2.65144570505114e-16,-1.66580782328014e-06,3.54643995570739e-06,-1.13031696517817e-15,-3.28346644148873e-16,-1.91377369967172e-15,2.67099947654237e-15,-2.84246913341579e-07,4.17952799264135e-07,6.58130931932823e-15,4.08728158117838e-15,-3.14027631382655e-15,2.06100766195529e-14,0.707106781186547,5.81496256307432e-16
"t20",-0.109105921070475,-0.0511228147715786,0.000218568107323089,0.19973602473324,0.0509320435758523,-0.0200224465378296,-0.0154468625074971,0.00371848077971445,-0.000538410961480662,-0.333156992117097,-0.010548985717758,0.0699506421947628,-0.0117275888429751,0.00770070212561216,-0.00553525588489641,0.00522325685600919,-0.000255601734327549,0.0286111544509121,-0.126736238933448,-0.0139317169410835,0.00977533359642038,0.000884762997403452,-4.22321819874084e-07,-4.76739154891385e-14,-0.000234104689551703,4.20014300277721e-05,-0.000112693326698773,0.0013752685708184,-3.64158286854021e-05,-8.10182780143036e-13,-5.61670186064039e-05,0.000151836781076886,6.07306993988532e-05,-3.29640892040781e-05,-0.00361523988951704,-8.34365470026922e-05,5.51405458439208e-05,0.00018717404305628,-2.98114334953293e-05,-0.000340976728479839,0.00109991648009899,0.000254173068320738,-0.0296926925221513,-0.863021937460756,-0.00724199254567969,-0.000775264938729929,-0.00484289731847963,0.000244197989634071,2.12890716635387e-16,1.08755343144515e-13,0.000196841725460598,-0.000129829920506822,-6.2433682396168e-05,0.228086603040442,1.10997863874002e-05,-8.76548288107586e-16,3.02192075834345e-06,1.10594902207568e-15,-1.8707488116259e-05,2.13852354700547e-16,1.43090175945238e-16,-2.40319592608045e-16,-8.15056247910429e-16,4.26264714476391e-16,1.7583286800466e-16,4.14419705498483e-06,6.13095701831676e-16,-8.57618903473833e-17,5.35341101822803e-15,8.45209078529461e-17,2.1506381685205e-14,-3.16851342888261e-16,-1.44824192323635e-16,1.6899415585196e-17,2.1844485411519e-16,-5.38815103571198e-06,1.1110762986587e-05,-1.01303526455936e-16,-1.18416372264002e-16,6.62395749611069e-17,3.19711203642512e-17,-8.00822538620243e-07,1.17547807724128e-06,1.72723000012331e-16,2.83810830441406e-16,-2.0722155234369e-16,7.54467764669798e-17,-7.98692197846595e-17,-1.33058002664495e-16
"t63",-0.142159959886488,-0.0832629112729957,-0.0102587161001012,-0.14283299284812,-0.0241586514863902,0.00875023462564606,-0.0037783672762036,0.00184069261808253,-0.000391533758394291,0.0132379868356645,-0.0027417702879276,0.0117154405224149,-0.255224156708585,-0.0108698311534807,0.00113161817764031,-0.000693428893260462,-1.23116084546312e-05,0.00156721054204839,-0.00652978843672819,0.0114936762754841,-0.00978049307957146,-0.00175224524152315,1.49128391348875e-06,4.9663084415121e-14,6.12246924005383e-06,1.50375337524405e-06,-8.1863528740525e-05,0.00617168121691998,1.23177936139059e-05,4.80359566220483e-13,-2.71498027635403e-06,7.84925333703612e-06,3.38686541519195e-06,-2.69460718510181e-06,-0.000403374335784093,-0.0172794709506056,0.000130051779203819,0.156839911872129,9.10456494786216e-07,-1.77198946433865e-05,0.000168772781887358,3.8035634648749e-05,-0.000538324573753208,-0.00523480516841648,0.755294788429244,0.525606272146995,-0.054400855060947,0.000106605278702487,4.67448902633425e-16,4.58556800198121e-14,8.26507930426212e-05,-4.97020677609067e-05,-1.81183644547556e-05,0.000347999813402763,0.00715049189245932,6.61421962217201e-16,1.64923634583466e-06,5.91807724199968e-16,-9.6138942416793e-06,9.54749212431818e-16,2.70924671599426e-16,2.09961332702788e-16,-9.0722685648186e-17,5.37368670595217e-16,4.52143295714371e-16,0.000856834151428586,-3.007581065835e-16,1.23602240392763e-16,2.59029158799894e-15,9.86049911667264e-19,4.19925760168997e-12,4.1946487260154e-17,-1.70725831160463e-16,8.10449249289853e-17,2.90515910454139e-17,-2.41616154499601e-06,4.98589948961028e-06,-1.45156745440227e-16,-3.29469677191861e-16,6.12753647354746e-17,1.09934905648706e-16,-3.60676666243684e-07,5.29455833159827e-07,2.17482777458271e-16,-4.24310348424444e-16,1.30455217771574e-16,-6.88078640476232e-17,-3.99190381132414e-17,7.40353113670273e-17
"t58",-0.143745701537867,-0.0846309025307801,-0.0105568419122064,-0.1483525210693,-0.0251431860096143,0.00911039398239781,-0.00399703380011028,0.00197055639299354,-0.000422625914705183,0.0147868003508723,-0.00315935765722691,0.0137128997382343,-0.308213438102788,-0.0132228146380646,0.00139677505982601,-0.000858857122944479,-1.5613646307441e-05,0.0020057175682025,-0.00838478163476274,0.0155321405614377,-0.013251644216226,-0.00239460254695752,2.25038877428636e-06,7.71257795222971e-14,1.02909077816654e-05,2.55452232631598e-06,-0.000151394333346377,0.0118057262663964,2.55351965042158e-05,1.06041890000391e-12,-7.58940927074458e-06,2.22336459010652e-05,9.7645280240366e-06,-1.40489409215022e-05,-0.000601085116457067,-0.0411830292400475,0.000375059487783103,0.530002104199433,3.50844408403758e-05,0.000295333074564363,-0.000139789382733353,-3.03648007510936e-05,0.000308770812371842,0.00248009929482057,-0.20815924984055,-0.126509729987096,0.00619130832653662,-8.51124580647511e-07,-6.93193072355263e-17,2.18635145999027e-15,4.3396914685967e-06,-7.76478073369335e-06,-4.20807289236436e-06,8.98919668202436e-05,0.00193697182345188,1.17601563666688e-16,5.08097269057151e-07,-9.27448520488741e-16,-3.08269407078843e-06,5.73272903716108e-16,-3.40963414643074e-17,7.4057441555225e-16,-4.64472723461946e-16,-2.94815884100993e-15,1.47914129823719e-15,0.000535368482580757,6.26328712492145e-15,-1.44117821602656e-15,3.1058976642096e-14,5.77883066772284e-15,-0.707106781192658,-7.55224251544357e-15,-5.08764447766447e-16,-6.78956811851381e-16,-4.22113919093893e-16,-1.27382520052552e-06,2.66422758607443e-06,-4.71512988138456e-16,-1.90121720246081e-16,2.51502639120559e-16,-2.65411783281432e-16,-2.01984283397863e-07,2.96738329726674e-07,2.42423906396895e-16,5.15120925249429e-16,-3.37242012346474e-16,-1.56480027213782e-16,2.07541840715611e-16,-5.83051919045581e-16
"t99",-0.143745701537921,-0.0846309025308271,-0.0105568419122165,-0.148352521069486,-0.0251431860096474,0.0091103939824099,-0.00399703380011748,0.0019705563929978,-0.000422625914706237,0.0147868003509214,-0.00315935765723996,0.0137128997382957,-0.308213438104374,-0.0132228146381346,0.00139677505983379,-0.000858857122949142,-1.56136463074195e-05,0.00200571756821513,-0.00838478163481554,0.0155321405615502,-0.0132516442163221,-0.00239460254697531,2.25038877411696e-06,7.73274153949812e-14,1.02909077817764e-05,2.55452232640618e-06,-0.000151394333348098,0.0118057262665279,2.55351965043234e-05,1.05985795622785e-12,-7.58940927069601e-06,2.22336459010097e-05,9.76452802442518e-06,-1.40489409217459e-05,-0.000601085116468522,-0.0411830292408842,0.000375059487790909,0.530002104210582,3.5084440840865e-05,0.000295333074571053,-0.000139789382737978,-3.0364800752144e-05,0.000308770812380929,0.00248009929490311,-0.208159249848078,-0.126509729991763,0.0061913083267864,-8.51124580564244e-07,-1.93044063118386e-16,2.48820685491853e-15,4.33969146855506e-06,-7.76478073415132e-06,-4.20807289239211e-06,8.98919668277931e-05,0.0019369718236073,-1.6856314134886e-15,5.08097269723284e-07,6.39481195069016e-16,-3.08269407117007e-06,-8.09148470773559e-16,5.93854337950184e-16,-1.05564257050942e-15,2.07039866848189e-16,2.50109148299346e-15,-1.52873637769183e-15,0.00053536848298243,-5.96541556379152e-15,1.17491159204025e-15,-2.89917360349812e-14,-5.6624423376339e-15,0.707106781180438,7.13691573559728e-15,4.10710061367351e-16,4.90263899526468e-16,7.80016712976242e-16,-1.27382520030694e-06,2.66422758575524e-06,2.6926537615716e-16,1.21787460146041e-17,-7.16304443046497e-17,3.21710345029231e-16,-2.01984282983698e-07,2.96738330005965e-07,-2.41946811970021e-16,-2.53746958490278e-16,-1.40389766815625e-16,2.18672809179448e-16,-1.45176211290009e-16,2.73241794294212e-16
"t52",-0.144748848509716,-0.0855012600537697,-0.0107491052399088,-0.151948398799653,-0.0257860179344904,0.00934565330897012,-0.00414237292446587,0.00205799809200507,-0.000443749509462638,0.0158786825435181,-0.00346372684206447,0.015193264014046,-0.348801291609521,-0.0150389731136965,0.00160457588474243,-0.000988966395425062,-1.82751121445379e-05,0.002362483794146,-0.009899173274021,0.0190043712491957,-0.0162439389588538,-0.00295311495832948,2.97705766384682e-06,1.04046408606454e-13,1.46918835111642e-05,3.67418682634124e-06,-0.000230937482251392,0.018426214287612,4.20346781037015e-05,1.81731414657385e-12,-1.490378436559e-05,4.3964435901267e-05,1.94850126022383e-05,-3.53358341461524e-05,0.00116258067722698,0.0421236737935533,-0.000307085264824064,-0.367522188224903,-8.15114420401339e-06,-4.14478473863833e-05,-3.96002153224273e-05,-8.77837162893691e-06,0.000104043187752385,0.000895037962139522,-0.0861993730258336,-0.0536835464976348,0.00287270927455343,-4.25732559601599e-07,-2.14962196438643e-17,8.93824000450575e-16,2.26660546993537e-06,-4.36989872049098e-06,-2.50308886312611e-06,5.45075918660654e-05,0.00118553954843509,2.03790895760545e-16,3.19826198927342e-07,6.00725702790331e-16,-1.95930868997218e-06,1.69973750536843e-16,6.18098013141315e-16,-9.3433268262144e-17,3.71975377456303e-15,-1.39843962332667e-15,-8.49189018916763e-16,0.407447421835944,0.707106781186535,-1.24608094798492e-14,2.52801267614106e-15,-4.94709092639865e-15,1.74879876357748e-12,9.34962599177354e-15,2.00945574650045e-16,6.45109426017522e-17,-3.39096246402774e-16,-9.20123284064989e-07,1.93569210124589e-06,-2.91914276426896e-16,2.23875636937946e-16,-1.73181422631563e-16,-4.42077558696758e-16,-1.49728824914985e-07,2.20043630127717e-07,-1.82682128498868e-17,-1.52117075191062e-16,2.52269960660233e-16,-3.2690657690183e-17,-1.67361945184387e-16,-2.03771735667571e-16
"t53",-0.144748848509716,-0.0855012600537697,-0.0107491052399088,-0.151948398799653,-0.0257860179344904,0.00934565330897011,-0.00414237292446585,0.0020579980920051,-0.000443749509462646,0.0158786825435181,-0.00346372684206446,0.0151932640140462,-0.348801291609521,-0.0150389731136966,0.0016045758847425,-0.000988966395425339,-1.82751121446281e-05,0.00236248379414589,-0.00989917327402089,0.0190043712491955,-0.0162439389588538,-0.00295311495832944,2.97705766392493e-06,1.04115438867906e-13,1.46918835111781e-05,3.67418682637594e-06,-0.000230937482251253,0.0184262142876121,4.20346781038368e-05,1.8173166813373e-12,-1.49037843654564e-05,4.39644359013225e-05,1.94850126023008e-05,-3.53358341462426e-05,0.00116258067722684,0.0421236737935536,-0.000307085264824147,-0.367522188224902,-8.15114420461144e-06,-4.1447847385967e-05,-3.96002153223718e-05,-8.77837162897854e-06,0.000104043187752215,0.000895037962139245,-0.0861993730258335,-0.0536835464976352,0.00287270927455398,-4.25732559733438e-07,-2.6189406296702e-16,4.43962872471e-16,2.26660547018864e-06,-4.36989872071303e-06,-2.50308886234896e-06,5.45075918666205e-05,0.00118553954843539,1.54294685143635e-15,3.19826200106954e-07,6.24146492786539e-18,-1.95930869026362e-06,-2.31866552077269e-18,-6.2194062200966e-16,-6.7256709896598e-16,-3.99902807480404e-16,-1.592346053414e-15,7.89375560075834e-15,0.407447421835903,-0.707106781186561,1.33259093789367e-14,-1.18851156037681e-15,5.15343225993201e-15,1.73679772503192e-12,-9.055065143692e-15,-3.46389948625894e-17,-1.33344110539708e-16,6.28052028155635e-16,-9.20123283509877e-07,1.93569210010791e-06,-3.66604957848955e-16,-4.56914736789692e-16,-6.71838473120169e-17,-8.1002250168462e-17,-1.4972882375619e-07,2.20043630889261e-07,3.22564885359481e-16,9.29378105246642e-17,-1.96956288061212e-17,2.50655350278817e-17,1.32875497599084e-16,-2.11175786403322e-16
"t51",-0.144735437266115,-0.0854897039830008,-0.0107465933970223,-0.151901978015659,-0.02577774084034,0.00934262562571905,-0.00414053971347256,0.0020569113218074,-0.000443489605777872,0.0158657831958468,-0.00346025595749093,0.0151766710890183,-0.348361243173001,-0.0150194312212166,0.00160237299529743,-0.000987591889705541,-1.82476471744877e-05,0.00235883447454277,-0.00988373234885416,0.0189706013879003,-0.0162149045527571,-0.00294773663700093,2.9706053290964e-06,1.03804444777914e-13,1.46556557080735e-05,3.66503245614186e-06,-0.000230319204744811,0.0183756870001591,4.19136594889055e-05,1.81184278264133e-12,-1.48556784396597e-05,4.38220400109934e-05,1.94216217494769e-05,-3.52105458657492e-05,0.0011570045570251,0.0419100908431493,-0.000305495419310018,-0.365589580920148,-8.10429006919272e-06,-4.12028434360057e-05,-3.92985310109714e-05,-8.71106901988508e-06,0.000103197492343506,0.000887511148751852,-0.085405469974505,-0.053178868112966,0.00284311102802426,-4.20855533173059e-07,1.00341864268355e-18,1.28946257457306e-15,2.23849622662392e-06,-4.30447394542306e-06,-2.45679767944817e-06,5.3396793668864e-05,0.00116005514239638,-9.727400865746e-16,3.11497549324025e-07,-5.36150888785489e-16,-1.90402947204682e-06,-3.027682640333e-16,7.10271585524004e-17,7.67098708338236e-16,-3.18186513319746e-15,2.9706374756324e-15,-7.1691028645385e-15,-0.817295461773397,2.38741077498537e-14,-8.55943561028953e-16,9.33288600409876e-16,-3.81148268199798e-16,2.0818139352656e-12,3.51909278387975e-17,-2.88199734949161e-17,7.23240435608531e-17,-6.69589668561413e-16,-9.44984230255574e-07,1.98323509048581e-06,5.40608736106742e-16,2.52402342804197e-16,3.20153192120229e-16,-5.04728489120272e-18,-1.52448937359301e-07,2.24022122387313e-07,2.03041373702233e-16,1.7840495047522e-16,7.74310756240939e-19,-3.60288897237276e-17,-4.2034479116645e-17,-1.166573854627e-16
"t74",-0.146339571938996,-0.0869557294808458,-0.0111145365566326,-0.159511499546091,-0.027169241093012,0.00985411910993022,-0.00452172897834761,0.00232441824934214,-0.000516015065895283,0.0227479677698768,-0.00889614351649032,0.168728418670619,0.201723551449026,0.00477306301038955,-4.61853219113489e-05,-1.55499041409046e-05,-3.84370780169433e-06,0.00060281846042437,-0.00266406972604205,0.00744026216461302,-0.0064165815060151,-0.00119727134202025,1.36194629407041e-06,4.80531552652225e-14,6.74961065274399e-06,1.68446732943996e-06,-0.000103321777671139,0.00814321090931409,1.79859091189623e-05,7.5692943772956e-13,-5.61707529572568e-06,1.64819046596376e-05,7.25358835130044e-06,-1.09369183027563e-05,-0.000633557203867194,-0.576677517314616,-0.00028024154210754,-0.0654440712329861,1.49365321471216e-05,0.000137084627337504,-7.38093936800688e-05,-1.59938523430631e-05,0.000157351950925404,0.00122786996978241,-0.103741457177625,0.123029932474767,0.000116121613806381,6.8309123899199e-06,1.67099510727956e-16,4.78286094660443e-15,8.60543193469121e-06,-8.80660907114084e-06,-4.44977346725217e-06,0.000108960675652178,0.0281080735735686,1.92083774804635e-16,4.1160633119583e-07,5.99775081166279e-16,-2.54884278808563e-06,3.08406055016022e-16,-8.46965683765682e-17,-2.94204016654348e-16,-1.98443050783531e-16,2.94840050020879e-16,6.71122714437141e-17,4.07166724446274e-05,1.00549094827609e-16,-1.55449508777975e-16,4.97475138614553e-16,4.84362157582172e-16,2.10911617198854e-13,-2.35174232481656e-16,-3.69811359682876e-16,1.68313416911759e-16,2.41900041319341e-16,-1.05715478390667e-06,2.21073088574331e-06,0.707106781186548,3.15622131472216e-15,1.50303362512322e-15,-4.4073232543109e-16,-1.67588802196805e-07,2.46208540811976e-07,-1.14713594285917e-15,-1.54877750914882e-16,-9.59677231189488e-16,6.93142551488264e-16,9.11165618876531e-16,-2.90075761080516e-16
"t75",-0.146339571938996,-0.0869557294808458,-0.0111145365566326,-0.159511499546091,-0.027169241093012,0.00985411910993024,-0.00452172897834763,0.00232441824934207,-0.000516015065895279,0.0227479677698767,-0.00889614351649035,0.168728418670619,0.201723551449026,0.00477306301038957,-4.61853219114045e-05,-1.55499041408769e-05,-3.84370780182009e-06,0.000602818460424481,-0.00266406972604202,0.00744026216461297,-0.00641658150601473,-0.00119727134202006,1.36194629409854e-06,4.82226257813624e-14,6.74961065275093e-06,1.68446732945471e-06,-0.000103321777671306,0.00814321090931405,1.79859091188686e-05,7.56626957683848e-13,-5.61707529578639e-06,1.64819046595405e-05,7.25358835122758e-06,-1.0936918302798e-05,-0.00063355720386727,-0.576677517314616,-0.000280241542107568,-0.0654440712329859,1.49365321471112e-05,0.0001370846273374,-7.38093936799855e-05,-1.5993852343188e-05,0.000157351950925165,0.00122786996978264,-0.103741457177625,0.123029932474767,0.000116121613806683,6.83091239003786e-06,-1.28033193851711e-16,4.54498169358444e-15,8.60543193466519e-06,-8.80660907090491e-06,-4.44977346747422e-06,0.000108960675652081,0.0281080735735691,-1.03741999519226e-16,4.11606331088277e-07,-2.94149918504296e-16,-2.54884278809431e-06,6.17122765727669e-16,3.16587466549639e-16,4.24198016226731e-17,-1.14950096460956e-16,-3.63240452862965e-16,-1.73010473152595e-17,4.07166724434661e-05,-2.01766235069354e-16,-1.34066303300681e-16,1.39002082034388e-15,-3.00138930462084e-16,2.11550975175775e-13,8.54984566524614e-17,3.273450322242e-16,-2.61991903380251e-16,2.03559335901654e-16,-1.05715478471158e-06,2.21073087752766e-06,-0.707106781186547,-3.20034404323696e-15,-1.22646220702341e-15,-2.09974896978897e-17,-1.67588800923518e-07,2.46208540964632e-07,1.2247863653255e-15,1.84140022978488e-17,5.77619020362067e-16,-7.08789066660098e-16,-1.22496595010945e-15,-1.10602466023547e-16
"t34",-0.146118094261594,-0.0867646160262881,-0.0110727821140772,-0.158735296474551,-0.0270306222639024,0.00980339765571869,-0.00449049090830918,0.00230553149779279,-0.000511413863730339,0.0224804040319347,-0.00877398442298163,0.166281651860301,0.198577885144879,0.00469781489621099,-4.54458171767064e-05,-1.53003055477219e-05,-3.78168650051226e-06,0.000593124764026454,-0.00262131609944985,0.00733051251311473,-0.00632261567581959,-0.00118018919566955,1.35239041432612e-06,4.78291424924293e-14,6.79312352375172e-06,1.6980310187098e-06,-0.00010564635713,0.00837897466426624,1.88070577109567e-05,8.0163347047823e-13,-6.27684916930729e-06,1.84724972847952e-05,8.1617651251642e-06,-1.37756374157805e-05,0.000295062436330346,0.0866716316526206,2.55343038234046e-05,0.00382829272644109,1.96003065694016e-07,1.19673501058903e-06,3.79954605481542e-05,8.71368631473121e-06,-0.000142209376142161,-0.00149016184491505,0.309157325137925,-0.474434214947878,-0.0175937168538243,3.91634220078263e-05,1.16962431130034e-17,1.72545379684095e-14,3.25038657215393e-05,-2.26190167855033e-05,-1.08271652495828e-05,0.000335182027200537,0.193581672591953,-9.38077270931338e-15,4.39000860524841e-07,6.94871987197837e-16,-3.05748368284453e-06,-8.75900149636941e-16,0.707106781186546,-2.82487601518949e-16,-8.8147561106487e-16,1.00187929827075e-15,-4.02347611179078e-16,5.17314594738949e-05,-1.51970691084401e-16,4.60518649204202e-17,8.23643878077158e-16,-8.8248983218635e-16,2.6555627490038e-13,1.97251729898372e-16,-1.06844118390704e-16,4.20870094764366e-17,-1.00198156742506e-16,-1.26457397868485e-06,2.63190005869718e-06,4.88662584685206e-17,6.66536937033372e-17,-1.58397046726643e-16,7.20138555381588e-17,-1.96222138777041e-07,2.88193453185093e-07,5.64810538106514e-16,1.78140819100821e-16,-9.98334495759124e-18,2.06738856811061e-16,-2.29458925890285e-16,-2.45620038086235e-16
"t35",-0.146118094261594,-0.0867646160262881,-0.0110727821140772,-0.158735296474551,-0.0270306222639024,0.0098033976557187,-0.00449049090830921,0.0023055314977928,-0.000511413863730334,0.0224804040319348,-0.00877398442298163,0.166281651860301,0.198577885144878,0.00469781489621102,-4.54458171766647e-05,-1.53003055478329e-05,-3.78168650040357e-06,0.000593124764026426,-0.0026213160994501,0.0073305125131147,-0.00632261567581947,-0.00118018919566956,1.35239041443122e-06,4.79925874407156e-14,6.79312352358519e-06,1.69803101865776e-06,-0.000105646357129785,0.00837897466426624,1.88070577109324e-05,8.02228063825953e-13,-6.27684916933852e-06,1.84724972849756e-05,8.16176512509481e-06,-1.37756374159748e-05,0.000295062436330484,0.0866716316526203,2.55343038236822e-05,0.0038282927264415,1.96003065494957e-07,1.19673501089435e-06,3.79954605485011e-05,8.71368631486652e-06,-0.000142209376141771,-0.00149016184491525,0.309157325137925,-0.474434214947877,-0.0175937168538254,3.91634220083259e-05,1.35922385451152e-16,1.69916073627076e-14,3.25038657212062e-05,-2.2619016785231e-05,-1.08271652485281e-05,0.000335182027199843,0.193581672591949,-5.78727227749663e-15,4.39000862328953e-07,-6.72620034836798e-16,-3.05748369172631e-06,1.5052621267344e-15,-0.707106781186548,1.11457439865141e-15,1.27512799007049e-15,-1.11713028208242e-15,-5.20202823341506e-17,5.17314594736789e-05,6.85515045394996e-16,9.98147732240566e-18,1.45372535879432e-15,1.17752023234142e-16,2.66330504831472e-13,8.31711012141878e-17,8.06432867088856e-17,9.56750251899286e-17,-3.06360923701366e-16,-1.26457397871954e-06,2.63190005861391e-06,-1.34063357415359e-16,-2.71405204454219e-16,1.39832972982371e-17,-4.56027712837276e-17,-1.96222138853369e-07,2.88193453372443e-07,-1.4133062878231e-16,2.79506201262979e-16,-2.10968925593329e-16,-1.4896213348645e-16,5.98699827558161e-17,-2.27331469846032e-16
"t32",-0.146400929304087,-0.0870125022859216,-0.0111289960678708,-0.15981028093496,-0.0272237995566462,0.00987416746544464,-0.00453628767132628,0.00233428492458813,-0.000518606758116213,0.0229491235888412,-0.00901289397727385,0.171354218106596,0.20595482102077,0.00487972225135259,-4.73489938914856e-05,-1.5952497415944e-05,-3.96247485700933e-06,0.000622670176826351,-0.00275382631815681,0.00778440539795712,-0.00671780366404727,-0.00125622461137356,1.46952169026091e-06,5.21158474801696e-14,7.54144313852567e-06,1.88891456152918e-06,-0.000119376977927299,0.00952406817480146,2.16630812019669e-05,9.33316100177096e-13,-7.52277451118721e-06,2.21707622654204e-05,9.81405637110345e-06,-1.72772369853025e-05,0.000527879471524301,0.182366649329807,5.83032697897695e-05,0.00939313338156475,1.10034094737838e-06,1.51327146318547e-05,-1.1505374578058e-05,-2.43051668171596e-06,1.59785256433967e-05,6.9538708435124e-05,0.0192995289085358,-0.0367938058616997,-0.00203149002863224,4.34969337156921e-06,-4.7370485843011e-16,1.63530139731212e-15,2.50718714195353e-06,3.15490882318858e-06,1.06019796898491e-05,-0.000791848943863305,-0.908659385836282,2.86572609632355e-14,1.93231607664712e-06,-1.43662025812384e-15,-9.16993982280623e-06,-3.48761256528654e-15,2.58379228227841e-15,-1.02561351806096e-15,-1.10984610664028e-16,1.71641072007541e-16,1.46897247983009e-16,6.12802551589846e-05,-7.4256760955131e-17,2.27034033144483e-16,1.25421826169892e-15,4.95515120813004e-16,3.05850890415021e-13,-2.03641035210822e-16,8.40899369747281e-17,-3.31338581891883e-16,5.52356118576409e-17,-1.3072977860934e-06,2.70392347956339e-06,-4.07337472531256e-16,-4.84038005406165e-17,3.86273985574183e-16,-1.30216678523505e-16,-1.9787344052169e-07,2.90538490002601e-07,5.20468529141716e-16,-9.77641011610418e-17,-1.33586899940213e-17,5.7989366575816e-17,-1.15952654462055e-17,5.05168154946344e-17
"t83",-0.147572578393807,-0.0880333829459664,-0.0113573825444283,-0.164134679399936,-0.0279992450405917,0.0101581324952486,-0.00471706229177385,0.00244644919620971,-0.000546442511673571,0.0247068464166805,-0.00988545578806613,0.189649054064957,0.231936719761282,0.00551701730587179,-5.39481239839046e-05,-1.82085380656394e-05,-4.5779745084587e-06,0.000722666355562673,-0.00320134909618613,0.00927089621908023,-0.00801011755073415,-0.00150367673216506,1.83231824931948e-06,6.58974784128152e-14,9.76149243103741e-06,2.45310266981658e-06,-0.000158876712545997,0.0127870906845516,2.96394782501874e-05,1.29341176453373e-12,-1.08269707517232e-05,3.19622741336775e-05,1.41792276602548e-05,-2.61296335273623e-05,0.00101168844386842,0.372485915865281,0.000122260536884855,0.0201077431724872,2.70180232362152e-06,3.91164162161783e-05,-7.29160447713317e-05,-1.61150266788021e-05,0.000191640458382207,0.0016933226879921,-0.227705542403434,0.317210396199625,0.00750863997612418,-8.94431302540799e-06,-5.62860861315017e-17,-1.74526166092438e-15,-3.68182469778766e-06,-2.40838940099297e-06,-4.20641406629479e-06,0.000230580080772994,0.221059028562955,-6.41561170868702e-15,-2.16281283701991e-07,6.67198538110774e-16,6.48614877418741e-07,1.64702831887884e-15,-6.48396536373124e-16,2.8613005166589e-16,-9.38305456733213e-17,-1.05452833115697e-16,-2.65639411773192e-17,1.57124046611112e-05,-4.64822986073842e-16,-4.03474734638869e-16,3.48872483867079e-16,6.36844081837842e-16,8.80552283350315e-14,-4.67401438274841e-17,-1.10428651390026e-16,2.79716964244804e-16,-2.57149286420822e-16,-5.7360660105088e-07,1.2224442765274e-06,-1.21786305793014e-15,1.5071735896985e-16,2.38135368234031e-16,-1.21384095900916e-15,-9.85816282217389e-08,1.44972873650229e-07,-0.707106781186547,1.21971071341357e-15,-3.95087217627711e-15,5.159627072443e-15,6.38678586387441e-15,-1.03436346871305e-15
"t84",-0.147572578393807,-0.0880333829459664,-0.0113573825444283,-0.164134679399936,-0.0279992450405917,0.0101581324952486,-0.00471706229177383,0.00244644919620969,-0.000546442511673577,0.0247068464166805,-0.00988545578806613,0.189649054064957,0.231936719761282,0.00551701730587177,-5.39481239841821e-05,-1.82085380655561e-05,-4.57797450842228e-06,0.00072266635556276,-0.00320134909618597,0.00927089621908017,-0.00801011755073416,-0.00150367673216498,1.83231824911164e-06,6.57407056448579e-14,9.76149243092639e-06,2.45310266989984e-06,-0.000158876712545955,0.0127870906845519,2.96394782499376e-05,1.29321212837821e-12,-1.08269707518836e-05,3.19622741336428e-05,1.41792276602442e-05,-2.61296335273553e-05,0.0010116884438687,0.372485915865281,0.000122260536884772,0.0201077431724873,2.70180232353305e-06,3.9116416216109e-05,-7.2916044771637e-05,-1.61150266789062e-05,0.000191640458382129,0.00169332268799249,-0.227705542403434,0.317210396199626,0.00750863997612457,-8.94431302540799e-06,1.80997373258002e-16,-1.83594625289202e-15,-3.68182469778766e-06,-2.40838940072929e-06,-4.20641406656541e-06,0.000230580080773079,0.221059028562956,-6.17610341012887e-15,-2.16281284090569e-07,4.5063055330372e-16,6.48614877390985e-07,4.43359057447631e-16,-1.00287459714107e-15,1.39878467257558e-16,1.17083740101556e-16,-1.6001343248769e-17,2.65103480192949e-16,1.57124046613055e-05,4.07065088108707e-16,3.44582642896618e-16,4.31627227687416e-16,-6.53030668790646e-16,8.8731162922651e-14,1.50626729089109e-16,-1.85101201260343e-17,-1.73711361700634e-16,2.32055214652263e-16,-5.73606601272925e-07,1.22244427622209e-06,1.23845618227481e-15,-3.09165405211335e-16,-2.98605301437208e-16,1.16523897620817e-15,-9.85816546172913e-08,1.44972895577133e-07,0.707106781186547,-1.04248573311594e-15,4.21978393271417e-15,-5.20572953070337e-15,-6.66711957724257e-15,7.50392030501126e-16
"t21",-0.127210490383688,-0.0699468050849735,-0.00711493206878012,-0.0807626194590881,-0.0129239077534264,0.00462868009099866,-0.000948715634549977,-2.17909467846831e-05,9.05446925590095e-05,-0.0232936595176421,0.0182432754358917,-0.432094697773824,0.12971326764424,0.0377524741792072,-0.0163928636600282,0.0142711470879317,-0.000398670730794194,0.0320285630286896,-0.119448036277884,0.104272740983031,-0.0872821278413683,-0.0148986280419508,9.87196274101609e-06,3.19800866832335e-13,3.88949636045965e-05,9.56394158798529e-06,-0.00053554543574949,0.0411214024071985,8.6679493948208e-05,3.55616403966002e-12,-2.51932994760444e-05,7.3839756718784e-05,3.24525821303392e-05,-4.92987398461597e-05,0.000413896439808714,0.00123319402501226,-2.19158868328129e-05,-0.00168825484014516,2.37739219951724e-06,1.15588133311889e-05,0.000111052073094892,2.50032834553729e-05,-0.000330664517413835,-0.0028763050163273,0.0418675307591999,0.00669475448690901,0.846894022956093,0.000343869678588793,1.11628924307462e-15,1.20469704776689e-13,0.000206780056153551,-0.000103635903783421,-3.55493071214907e-05,0.00066719954926036,0.002834329378172,-1.58119402132222e-16,3.17683576362554e-06,-2.44346872256119e-16,-1.84352510586849e-05,8.73784385476617e-16,-8.21509203089567e-16,-7.60881170871362e-17,1.10055788771198e-16,-6.85378468661362e-17,1.11915622493398e-16,4.63767088498476e-05,4.08589419178966e-16,1.63531534061103e-17,4.54334205696001e-15,-7.59192556270766e-17,2.35107876304326e-13,9.86412878401534e-17,-1.26046273309065e-16,-1.07238208544119e-16,-6.78339235568917e-16,-4.53087096136118e-06,9.34722129485033e-06,5.70828118454691e-17,2.14749667944511e-16,-7.66859544023645e-17,-1.77490062926503e-16,-6.75439338126971e-07,9.91491222568364e-07,6.11747189821218e-17,-1.91138897751939e-16,-1.71909499767735e-16,-7.91980508624606e-17,-4.07330795674956e-18,-2.90653294393569e-16
"t71",-0.128382822981187,-0.0708938804594847,-0.00728430871981014,-0.0833075580618592,-0.0133529585224042,0.00478384889660632,-0.000993078521119749,-2.30256228952123e-05,9.62947265175676e-05,-0.0254340472677096,0.0203886044399965,-0.488477826533296,0.149956626633563,0.0438690223464539,-0.0192429316184352,0.0167921107085359,-0.000476710826369443,0.038532418953277,-0.144023468825154,0.12995161250587,-0.10895603154728,-0.0186983934499664,1.3134684174348e-05,4.32488374166833e-13,5.47351687944396e-05,1.35278559529987e-05,-0.000787152706235465,0.0612962361026116,0.000133250434206492,5.58715340220242e-12,-4.2237987840664e-05,0.000124166360107973,5.47838670250864e-05,-9.05705488418729e-05,0.00134688690734343,0.00498639910860915,-9.82728139958811e-05,-0.00826906550806838,2.84633263376022e-05,0.000285678673300177,-0.000210958216143531,-4.57534489632953e-05,0.000440170579935926,0.00323092082310544,-0.0307558538054078,-0.00448154102245195,-0.373205424146623,-8.93245888573362e-05,-4.94109559538852e-16,-2.1527209328597e-14,-3.31663827528028e-05,-3.21224207663895e-07,-4.17244664016603e-06,0.000103709454900833,0.000492078992640858,2.58268162791684e-16,7.19860531100958e-07,1.75268283309788e-16,-4.50267023824336e-06,-8.84023886506644e-17,3.39185084943927e-16,6.11643489492506e-16,-4.13234957406787e-16,8.21601951634009e-16,-9.12594664442249e-16,1.87986859047395e-05,-6.96536389594311e-16,1.65769197710261e-16,1.84991640058592e-15,1.51255945483696e-16,1.00839757154359e-13,1.86152830294817e-16,-8.30093296031689e-17,-5.19249183718919e-15,-0.707106781186548,-2.33453748735291e-06,4.89773097350071e-06,-2.77404579955051e-16,-1.7791128217558e-16,-3.42929583375815e-16,2.41289783077402e-16,-3.74850203488375e-07,5.50777397079205e-07,4.04166688028627e-16,1.98158905632948e-16,-6.60446670066483e-16,1.13539507504045e-16,1.82309911774307e-16,-1.91592800236848e-16
"t72",-0.128382822981187,-0.0708938804594847,-0.00728430871981014,-0.0833075580618592,-0.0133529585224042,0.00478384889660634,-0.000993078521119747,-2.30256228952175e-05,9.62947265176035e-05,-0.0254340472677095,0.0203886044399965,-0.488477826533296,0.149956626633563,0.0438690223464539,-0.0192429316184353,0.0167921107085358,-0.000476710826369485,0.0385324189532771,-0.144023468825154,0.12995161250587,-0.10895603154728,-0.0186983934499665,1.31346841742426e-05,4.32467392008816e-13,5.47351687944231e-05,1.35278559528704e-05,-0.000787152706235583,0.0612962361026115,0.000133250434206478,5.58703063527944e-12,-4.22379878405633e-05,0.000124166360107897,5.47838670250517e-05,-9.05705488417063e-05,0.00134688690734408,0.00498639910860975,-9.82728139959851e-05,-0.00826906550806869,2.84633263378763e-05,0.000285678673300042,-0.000210958216143808,-4.57534489632164e-05,0.000440170579936457,0.00323092082310577,-0.0307558538054075,-0.00448154102245235,-0.373205424146622,-8.93245888574784e-05,-4.64902962758483e-16,-2.17211528491108e-14,-3.31663827524836e-05,-3.21224208121862e-07,-4.17244664044358e-06,0.000103709454900958,0.000492078992641122,-9.00471786788635e-17,7.19860531323002e-07,1.04820338861409e-16,-4.50267023743844e-06,-4.2869691137513e-16,5.75051601645782e-17,-5.73236078527394e-16,3.04513813692957e-16,-8.93438760645038e-16,8.17178661428624e-16,1.87986859037717e-05,4.36413882839487e-16,-1.87947467233802e-16,2.09364086628312e-15,-1.26070863707355e-16,9.90762210397604e-14,-2.45504463671312e-16,1.98955947684007e-16,5.21862257107402e-15,0.707106781186549,-2.33453748693657e-06,4.89773097433425e-06,1.36139753379968e-17,-1.79601841811718e-16,5.40665247685982e-16,-3.69995083629742e-16,-3.74850204820643e-07,5.50777396468582e-07,5.52841843870784e-17,-1.28911715417269e-16,6.43474734582331e-16,-3.2570377238364e-17,-3.44501089660358e-16,5.39421335548272e-17
"t13",-0.108488685029987,-0.0539105989567064,-0.00370007363163201,-0.0190741942176297,-0.00199052001135986,0.000634177094983465,0.00131755882770703,-0.00126590283324082,0.000366437716880769,-0.0283466946272084,0.0114756409954859,-0.166385840081048,0.0336784583815397,-0.00463756556320636,0.00619974886433754,-0.00620332364751715,0.000330772065176198,-0.0316495716227583,0.125117631055342,-0.21369314926859,0.183836251539679,0.0342237190473216,-5.03318212934471e-05,-2.00487062424046e-12,-0.000393522554138118,-0.000103162152585234,0.00967092175107542,-0.919647336022475,-0.00341740970872204,-2.46794613681239e-10,-0.00260709293437397,0.00701912803367804,0.00279510182951048,-0.00167541293610668,0.00878877506943714,0.00707287756082254,-0.000544879048430036,-0.0112717418011695,0.000139828556296959,0.00133908834234457,-0.00062031460309836,-0.000132487976580907,0.001084400009435,0.00706511896884318,-0.0134556104574821,-0.00169768055536901,-0.0163741981498066,0.000203655045878465,-9.98227824430419e-17,1.01537625408645e-13,0.000187179415128019,-0.000143110451193251,-5.96398355264816e-05,0.00117813103172959,0.00157693805015759,1.03520734342859e-16,6.13844442123868e-06,6.82170085012754e-17,-3.62946246771911e-05,6.64188785508256e-17,7.25299035951946e-17,-1.66796200264429e-16,3.00203074106506e-16,3.52286242790685e-17,6.08155473183984e-17,3.40068740374982e-05,1.785590238503e-18,6.28556270778009e-17,1.03493450007448e-14,-5.6541650006858e-17,1.75667562404499e-13,-2.72521093472951e-17,-1.9681019182532e-17,2.80493209986524e-17,-1.51754125782172e-16,-1.07108200269046e-05,2.21519861767494e-05,-2.2629366148695e-16,-1.3653365099833e-16,-1.21280526354022e-16,1.16210567771155e-16,-1.61195009013015e-06,2.3664345364105e-06,1.18405390503901e-16,-1.77346956557553e-16,-9.75111653692722e-17,-3.39163030579714e-18,-2.20818771973642e-16,-4.01187739825183e-17
"t68",-0.0981160354985915,-0.044846721896241,-0.00166534410652597,0.019407507390545,0.00490469816263184,-0.00189039469266721,0.00290208422227007,-0.0022273271415491,0.000599502975523805,-0.040103412639575,0.0141485038899767,-0.167381119759459,0.0387989254792287,-0.0155000285375498,0.013855438408912,-0.0134363330597302,0.000650137916098095,-0.0613953439080455,0.241948092488488,-0.418942604661456,0.361436744943125,0.0679984502955735,-0.000132081814496512,-6.38520780939815e-12,-0.0155938467137752,0.00268624313703091,-0.0075971558519687,0.26684159388977,-0.000779424219454137,-0.707106781055577,-0.00179281547967464,0.00488021322822286,0.00196999415772069,-0.00140884113863934,0.00899771401415531,0.00237645841870165,-0.000566037184021866,-0.00391357129099764,0.000149820714375725,0.00144006126509202,-0.00068211951660225,-0.000145722210268345,0.00119366444503724,0.00776604516174966,-0.00591021756352365,-0.000749851066799459,-0.00738153610117609,0.000235797579775533,-6.58185502350195e-18,1.17463401721664e-13,0.000215613799379067,-0.000164761624282737,-6.87958928510196e-05,0.00135968316787885,0.000772255123070903,8.04478011984244e-17,7.10712851280989e-06,1.40295761119624e-16,-4.20455455461977e-05,-3.25694332614646e-16,-1.57426155444895e-16,1.05691108982572e-16,-1.46391169478275e-16,-7.37740471136594e-17,6.46184494801361e-17,1.76420258712238e-05,1.87350135405495e-16,-4.9745573141273e-17,1.25477823247779e-14,1.12449232579791e-16,9.13305889249649e-14,-9.62965965662323e-18,1.20380319460809e-17,-1.08706513124665e-17,-1.95481651699136e-16,-1.25670545736739e-05,2.60044545444902e-05,-2.1467203015213e-17,-6.34702192106192e-17,1.06180399213877e-16,1.97806267165396e-17,-1.8958456251229e-06,2.78330069117434e-06,2.55438031837585e-16,9.97465998686664e-17,2.56133968298689e-16,-4.63202842914762e-17,-7.63278329429795e-17,8.49364935349149e-17
"t3",-0.0981160354981762,-0.04484672189596,-0.00166534410650725,0.0194075073902524,0.00490469816255371,-0.0018903946926368,0.00290208422220329,-0.00222732714148591,0.000599502975504477,-0.040103412637591,0.01414850388903,-0.167381119746667,0.0387989254754638,-0.0155000285359658,0.0138554384073472,-0.0134363330581773,0.000650137916010784,-0.0613953438993034,0.241948092453326,-0.41894260457948,0.361436744871357,0.0679984502814106,-0.000132081814449398,-6.38440490321382e-12,-0.0155938467037629,0.00268624313519605,-0.00759715584285838,0.266841593468898,-0.000779424216239279,0.707106781317518,-0.00179281548263695,0.00488021323596784,0.00196999416069974,-0.00140884113977984,0.00899771401726256,0.0023764584194554,-0.000566037184197453,-0.00391357129217868,0.000149820714414333,0.0014400612654726,-0.000682119516748899,-0.000145722210301434,0.00119366444528362,0.00776604516332852,-0.00591021756467062,-0.000749851066943853,-0.0073815361025387,0.000235797579817161,-6.22647753060062e-17,1.17126381819057e-13,0.000215613799415977,-0.00016476162430989,-6.87958928618677e-05,0.00135968316808818,0.000772255123188859,8.95550994473027e-17,7.10712851391664e-06,1.43114686768087e-16,-4.20455455519119e-05,1.44415729375069e-16,1.93855348440408e-16,-5.66356759738323e-17,-1.69402056978459e-17,-7.7976575492076e-17,-3.12250225675825e-17,1.76420258736622e-05,2.34187669256869e-16,-3.72492377446551e-17,1.21349388407276e-14,-2.48406565777121e-18,9.17590656235312e-14,-5.38052219269443e-17,-1.85850363236544e-17,7.61687648645581e-19,7.37257477290143e-17,-1.25670545747961e-05,2.60044545473872e-05,-2.00360561475321e-16,-5.93870943671877e-17,3.67655965542926e-17,-1.11856869378946e-16,-1.89584562552449e-06,2.78330069096444e-06,9.2374025095765e-17,-7.02563007770607e-17,-1.7188978823428e-16,6.8726902574216e-17,-1.7130394325271e-17,-3.05874548851602e-16
"t41",0.110522874634091,-0.0527770444415508,-0.00462126360967086,-0.00972266692096701,0.0456001131773921,0.0396445508653598,-0.000259805584567442,-0.000543359607756901,0.00489061618668405,-0.00284548446046939,0.248630402672865,0.00721453511662018,0.00405132230533786,-0.0382045222118038,0.530738846502308,0.143207392442809,0.0214179788580277,0.0145818557343713,-0.0217279043116998,0.202046727038895,0.231219089112078,-0.0722952962986957,-0.00214019142115009,-1.54132341508766e-12,-0.046810532610334,-0.00307275676651691,-0.000440001547842817,0.000406945247389948,-0.0058793292196197,-3.52764525460884e-13,-0.00632800838244823,0.000885367744894088,0.000529586464178957,-0.0396817666282888,0.000212274043426865,2.52153315867427e-05,-0.000188700978145974,-4.30819918878097e-05,5.18252229949757e-05,0.000502086609903828,-0.00342487285351847,-0.00395292324297922,3.49036902581546e-05,0.000232253025129521,-8.80251354516077e-05,-1.12860341718616e-05,-0.000115401224461742,9.30717228519451e-05,2.20640109713594e-18,2.42503994074624e-12,0.00105220135336296,-0.00338920053399289,-2.73976752183797e-05,4.80992559522275e-05,1.38832109848178e-05,-2.01011082778813e-16,2.88779863426639e-06,1.13060602546788e-15,-0.00020443368717687,-7.1427239123345e-16,-3.55618312575245e-16,-0.707106781186547,-3.4045187506683e-15,-4.44179486627736e-15,5.46437894932694e-17,3.55648614733272e-07,5.16947595841089e-16,-5.96430972748236e-16,9.0673442700825e-15,-1.48142301247588e-16,8.5868812060852e-16,2.4153195896037e-15,-4.0356922642889e-16,-1.60298741910838e-16,-6.34149850686772e-16,-0.000237124473338578,0.000127566299737448,1.18611717669914e-16,-2.11237584556667e-16,1.99968594215426e-16,-2.30902433175657e-16,-9.31320228850577e-06,5.18657820426007e-05,1.76074432811646e-16,-1.57859836313889e-16,1.05091642347719e-16,2.97325971720811e-16,-7.65446733774766e-17,-6.1922771936435e-16
"t42",0.110522874634091,-0.0527770444415508,-0.00462126360967086,-0.00972266692096702,0.0456001131773921,0.0396445508653598,-0.000259805584567422,-0.000543359607756872,0.00489061618668405,-0.00284548446046941,0.248630402672865,0.00721453511662016,0.0040513223053378,-0.0382045222118038,0.530738846502307,0.143207392442809,0.0214179788580277,0.0145818557343712,-0.0217279043116999,0.202046727038895,0.231219089112078,-0.0722952962986959,-0.00214019142115012,-1.54117162101216e-12,-0.0468105326103339,-0.00307275676651683,-0.000440001547842931,0.000406945247389559,-0.00587932921961991,-3.52523906052661e-13,-0.00632800838244816,0.000885367744893921,0.000529586464178958,-0.0396817666282884,0.000212274043426874,2.52153315864695e-05,-0.000188700978145993,-4.308199188749e-05,5.18252229950535e-05,0.000502086609903783,-0.00342487285351806,-0.00395292324297858,3.49036902585736e-05,0.000232253025129374,-8.80251354523172e-05,-1.12860341718833e-05,-0.000115401224461396,9.30717228523692e-05,-8.65212884763225e-17,2.42562894789675e-12,0.00105220135336235,-0.00338920053399285,-2.73976752178124e-05,4.80992559528546e-05,1.38832109829643e-05,4.46040773760537e-16,2.88779863205548e-06,-1.34050756606108e-15,-0.000204433687177805,6.26668855696622e-16,5.42968447980741e-16,0.707106781186548,3.44611818549551e-15,4.44619264039605e-15,7.50267903359969e-17,3.55648616081044e-07,-6.29704621779581e-16,6.06681062890435e-16,1.39555888474638e-15,2.67592893806201e-16,2.81285411629639e-15,-2.40591230811677e-15,3.03320777929809e-16,1.46483706621096e-16,4.59213830156235e-16,-0.000237124473339289,0.000127566299737098,-3.22658566531686e-16,2.98623816971035e-17,-2.1046655896073e-17,2.04597550083704e-16,-9.31320228866016e-06,5.18657820427672e-05,4.84855211535518e-16,3.26995375221628e-16,-9.13948548338517e-17,-2.26159420321555e-16,-2.84060969191202e-17,3.90017409773206e-16
"t62",0.114617309374091,-0.0560289490311988,-0.0053425740549285,-0.0126799186195414,0.0618658886943822,0.0542416547963314,-0.00139944132818603,0.000110521088769016,0.00127910592546272,-0.00178436357262643,0.192033764511145,0.00786018664459292,0.00106634426898572,-0.0118458896812273,0.17456751288376,0.046596692442959,0.000491849301167766,0.00266544625859408,-0.00338286558223828,-0.309161361632583,-0.434592778571014,0.316806193792151,-0.0118766559353901,-2.11212736127482e-12,-0.0617697603396002,-0.0259506383768826,-0.000500054705702635,0.000459756804056605,-0.00659113656205552,-3.95049436599391e-13,-0.00734226284012827,0.00103079667098518,0.000619562142884436,-0.0791934718452972,0.000189555702032294,2.26622902567905e-05,-0.000169888116749999,-3.88300963845428e-05,4.69188486719838e-05,0.000454997067682459,-0.00335266693626828,-0.00661603492348905,3.13450459396569e-05,0.000209340261766538,-7.95924422550848e-05,-1.02082992254997e-05,-0.000104490540392702,8.43589774917504e-05,-2.93687906135853e-15,0.707106781171695,0.000954849474793185,-0.0052619502598226,-2.46644156168749e-05,4.33451050946224e-05,1.25147675983287e-05,-3.20923843055709e-17,2.60449822017672e-06,-6.07153216591882e-18,-0.000184395288156489,-2.8796409701215e-16,-1.80411241501588e-16,5.07328113042169e-17,6.50142001565443e-16,-1.7038452036963e-16,-2.53269627492614e-16,3.20763555609199e-07,-3.60822483003176e-16,9.10803567042818e-17,4.26169247621193e-15,-2.0885472538557e-17,1.5404344466674e-15,-1.17096055935536e-17,2.11513170079426e-16,1.23044260508716e-16,2.10335221462188e-17,-0.000347634970997424,0.000114964263083975,-4.33680868994202e-18,4.03843952071478e-17,2.12227445146853e-16,-7.36644531101782e-16,-8.39210107732996e-06,7.54230882482401e-05,3.12250225675825e-17,1.90819582357449e-16,7.76606220746344e-17,1.48400001986808e-16,-1.02348685082632e-16,-1.1348020484869e-16
"t19",0.114617309373854,-0.0560289490310293,-0.00534257405490034,-0.0126799186194536,0.0618658886939309,0.0542416547959319,-0.00139944132817175,0.000110521088767663,0.00127910592544528,-0.00178436357259216,0.192033764506506,0.00786018664438428,0.00106634426895255,-0.0118458896808461,0.174567512877784,0.0465966924413415,0.000491849301148579,0.00266544625848966,-0.00338286558210422,-0.30916136161835,-0.434592778550869,0.31680619377714,-0.0118766559346974,-2.11212958974174e-12,-0.0617697603353741,-0.0259506383750838,-0.000500054705664638,0.000459756804021105,-0.00659113656150625,-3.95225840066634e-13,-0.0073422628394144,0.00103079667088448,0.000619562142823708,-0.0791934718365313,0.000189555701998571,2.26622902528666e-05,-0.000169888116716067,-3.88300963761485e-05,4.69188486608354e-05,0.00045499706756686,-0.00335266693475499,-0.00661603492045715,3.13450459219385e-05,0.000209340261642453,-7.95924421912019e-05,-1.02082992148693e-05,-0.000104490540238911,8.43589771264835e-05,3.01984424709298e-15,-0.707106781201401,0.000954849488572121,-0.00526195026738855,-2.46644156385104e-05,4.3345105124052e-05,1.25147676059477e-05,2.28983498828939e-16,2.60449822088796e-06,1.57859836313889e-16,-0.000184395288243114,2.1163626406917e-16,-3.29597460435593e-17,5.96144357456938e-17,-4.3205771648642e-16,1.98812036206192e-16,2.70616862252382e-16,3.20763554664209e-07,4.1286418728248e-16,-1.02743521133946e-16,4.72013101303767e-15,-2.152555205551e-16,1.91860416443035e-15,2.77342759588093e-18,-1.85387761531634e-16,-1.67572758043072e-16,8.65193333643433e-17,-0.000347634971061652,0.00011496426310478,-4.77048955893622e-17,-1.2052068483002e-16,-1.21317636370268e-16,4.13024452774106e-16,-8.39210107879407e-06,7.54230882602305e-05,3.7470027081099e-16,-1.04083408558608e-17,-1.01826282614437e-16,-1.66531503908305e-16,2.68882138776405e-17,-2.18810748984956e-16
"t15",0.124034665623239,-0.0633616187636675,-0.00688745511718137,-0.0187443828717779,0.0948851840790823,0.0838147628071144,-0.003509256329957,0.00122490974090408,-0.00446935608927441,-0.000785345815635292,0.254606910474275,0.0190586976132338,-0.00429429688876598,0.0281848648206101,-0.218270293278987,-0.0519015055736198,0.0378807380511257,-0.00122678765021001,0.00145505644375554,0.0442681559645876,0.0583598260262388,-0.0339953029135736,-0.289852788225497,-1.37569814177771e-13,-0.0106693823056765,-0.0179748378246827,-7.48659877877374e-05,7.44941372100988e-05,-0.0012165643570252,-7.75440754863447e-14,-0.00183457188822986,0.000260710796113254,0.000159279919423238,-0.0419450548408499,6.63667443344049e-06,1.3983712511545e-07,1.49225394207447e-06,8.40505251174448e-07,-6.21510729718845e-06,-8.47433660501589e-05,0.0687903644013929,0.858876893213038,0.000101704827632419,0.000463101696424585,-0.000107522419167807,-1.29081608367561e-05,-0.000107478511677575,7.55362343401907e-05,-3.8567756224763e-16,3.2265381241498e-12,0.000800525236015756,-0.0106466037968828,-1.68889629329795e-05,2.92248979060546e-05,8.37193148968212e-06,-4.51461784622964e-16,1.70241516229616e-06,-2.09901540593194e-16,-0.000119614580740349,-5.67254576644416e-16,7.19910242530375e-17,-2.84768950859689e-16,1.56856879863305e-15,-2.21795989023426e-17,-1.82145964977565e-16,1.95615199182105e-07,-2.86229373536173e-16,3.66346950602752e-17,2.82054491623974e-15,-1.22757153642191e-16,8.96852037080009e-16,-4.56947516554634e-17,8.92079437233889e-17,-8.29824970563e-17,-1.24683249835833e-17,-0.000495120467788916,6.79451529333039e-05,-2.28549817959944e-16,-5.21321274863605e-17,2.22545766024209e-17,-1.28607949420479e-16,-4.93619009277364e-06,0.000104855682344231,1.16226472890446e-16,2.94902990916057e-17,6.28981410213925e-17,-1.364277737141e-16,1.56125112837913e-16,-1.21265257216867e-16
"t43",0.125110845348608,-0.0641704201398988,-0.00704252691853592,-0.0193043690827065,0.0978731956740877,0.0864802776639473,-0.0036655781661931,0.00129123186221599,-0.00474116910232937,-0.000855081521086294,0.2837800956421,0.0214919885736681,-0.00495549229384852,0.0326988607682209,-0.255928879555765,-0.0610080604065545,0.0452925132024065,-0.00147639331848422,0.00175527605978763,0.0553499586423074,0.0731012550091999,-0.0428347746014946,-0.390070428655752,-1.89509807885396e-13,-0.0153390436069751,-0.0260016872436462,-0.000113525418248238,0.000114970780592905,-0.00195304371970907,-1.30338732210679e-13,-0.00330963911447964,0.000472300847459406,0.00029013089243983,-0.0864893742395475,5.34310799076773e-05,7.39564384091146e-06,-5.82250696346508e-05,-1.37890435114067e-05,2.03858885335818e-05,0.000211764676805284,-0.0297522708020123,-0.355719015045141,-2.74182107072706e-05,-9.3246913983284e-05,6.28079273187082e-06,4.15849546468467e-07,-7.04025017325607e-06,1.13197972823947e-05,1.61947792286099e-16,6.09130707452953e-13,0.000159429771065105,-0.00303770943560309,-5.90475714868765e-06,1.08671763889303e-05,3.20313154729328e-06,3.22658566531686e-16,7.05689812506745e-07,-1.49923476411296e-15,-5.08771148133406e-05,7.1730815731641e-16,-2.06171885119844e-15,3.60990752027403e-15,-0.707106781186548,9.29927486486861e-15,6.67738433990372e-15,1.0343158767331e-07,1.67661023953158e-15,1.72246210890894e-15,2.53345167942258e-15,3.8945706849788e-16,1.15272374978659e-15,1.26694206577203e-15,-1.16068578281017e-16,1.97939076198499e-16,1.82118859923253e-16,-0.000299277133628636,4.14911484438966e-05,-1.23815888097845e-16,1.88735725373738e-16,-5.75586879905247e-17,4.66841376399469e-17,-3.12426365427481e-06,6.64067292170589e-05,-1.54390389361936e-16,1.06685493772574e-16,-1.7313561648933e-16,-2.06977755119887e-16,-1.94289029309402e-16,-3.65847480295677e-16
"t44",0.125110845348608,-0.0641704201398988,-0.00704252691853592,-0.0193043690827065,0.0978731956740876,0.0864802776639473,-0.0036655781661931,0.00129123186221599,-0.00474116910232938,-0.000855081521086351,0.2837800956421,0.0214919885736681,-0.00495549229384859,0.0326988607682208,-0.255928879555765,-0.0610080604065546,0.0452925132024067,-0.00147639331848422,0.00175527605978756,0.0553499586423076,0.0731012550092004,-0.0428347746014948,-0.390070428655753,-1.89193630124071e-13,-0.0153390436069752,-0.0260016872436462,-0.000113525418248184,0.000114970780593436,-0.00195304371970924,-1.30286963270166e-13,-0.0033096391144796,0.000472300847459379,0.000290130892439823,-0.0864893742395476,5.34310799070303e-05,7.39564384081258e-06,-5.82250696349422e-05,-1.3789043511223e-05,2.03858885330576e-05,0.000211764676805272,-0.0297522708020128,-0.355719015045144,-2.74182107075777e-05,-9.32469139842268e-05,6.28079273161494e-06,4.15849546682272e-07,-7.04025017353362e-06,1.13197972826332e-05,1.6069808020886e-16,6.067971808054e-13,0.000159429771064522,-0.00303770943560306,-5.90475714760171e-06,1.08671763907431e-05,3.2031315467841e-06,2.53703308361608e-16,7.05689811491498e-07,1.67379131388312e-15,-5.08771148130284e-05,-4.9960036108132e-16,2.13110779023751e-15,-3.60894715729903e-15,0.707106781186546,-9.3416004319921e-15,-6.6045259539127e-15,1.0343158184014e-07,-1.63280847176317e-15,-1.76104280869644e-15,5.28552150291313e-16,-3.63920894194661e-16,-3.98986399474666e-17,-1.19182794007723e-15,2.75522454723973e-17,-1.20766767889074e-16,-1.02701050788689e-16,-0.000299277133628794,4.14911484438406e-05,-1.33248446998468e-16,-5.67980121143223e-16,-7.21908601417204e-17,2.00595442767446e-18,-3.12426365429823e-06,6.64067292168689e-05,1.21864324187371e-16,6.24500451351651e-17,9.77901252694216e-17,3.58773119279579e-16,5.44269490587723e-17,-1.03375477595273e-16
"t79",0.124630808293963,-0.0638075483555661,-0.00697195276034313,-0.0190466443386668,0.0964945531253363,0.0852498338775656,-0.00359192189916779,0.00125946836669421,-0.0046094458803115,-0.000819408229196904,0.267969540136666,0.0201292333862578,-0.00455643256737343,0.0299205390990726,-0.231758189763648,-0.0551015283288981,0.0400885035209274,-0.00129501831563007,0.00153422346833445,0.0448034246638898,0.0588341041059036,-0.0337634404088318,0.552818807689599,-3.84091267375185e-13,-0.0184387623354658,-0.0306419765099084,-0.000122460165363445,0.000121672059474567,-0.00200324210567772,-1.31039256496604e-13,-0.00321650136715075,0.000458360627282801,0.00028105595623878,-0.0809798926333445,4.32217282005549e-05,5.74208725629723e-06,-4.44184765510738e-05,-1.03721860708916e-05,1.38555877384345e-05,0.000138004082468072,-0.0030249664664785,-0.0257616760758886,8.14595491063774e-06,6.11121551715652e-05,-2.58479986951653e-05,-3.35910956267543e-06,-3.5907586816375e-05,3.00377307151474e-05,4.45808099267766e-17,1.37624070856522e-12,0.000347998136787018,-0.0053154993887601,-9.24221489477517e-06,1.6475962824497e-05,4.78670237143286e-06,-3.92264346005256e-16,1.01366628762426e-06,2.56739074444567e-16,-7.21799740650113e-05,1.6306400674182e-16,1.50053580671994e-16,-9.07649547861885e-17,2.97620998393376e-16,4.28034378415559e-16,3.29597460435593e-17,1.32931570554981e-07,1.51788304147971e-16,-1.8529010392663e-16,1.84840886408756e-15,1.56573434914758e-16,6.50521303491303e-16,-2.54588770148802e-16,-2.21765581683264e-16,-2.93786807483479e-16,-6.80770544103648e-16,-0.000363743224603217,5.0221099788088e-05,-1.70414897471272e-15,-1.31083810257057e-15,0.707106781186548,-2.83387288756036e-17,-3.72784290262468e-06,7.92167724314903e-05,5.68989300120393e-16,2.37657116208823e-16,-5.71012517956893e-16,3.44146454452115e-16,1.64365049348802e-15,-1.37993774313971e-16
"t80",0.124630808293963,-0.0638075483555661,-0.00697195276034316,-0.0190466443386668,0.0964945531253362,0.0852498338775656,-0.00359192189916783,0.0012594683666942,-0.00460944588031149,-0.000819408229196837,0.267969540136666,0.0201292333862578,-0.0045564325673734,0.0299205390990726,-0.231758189763648,-0.055101528328898,0.0400885035209273,-0.00129501831563005,0.00153422346833457,0.0448034246638899,0.0588341041059036,-0.0337634404088318,0.5528188076896,-3.8399004346148e-13,-0.0184387623354659,-0.0306419765099084,-0.000122460165363325,0.000121672059474859,-0.00200324210567758,-1.31044426981568e-13,-0.00321650136715083,0.000458360627282847,0.000281055956238756,-0.0809798926333445,4.32217282008793e-05,5.74208725635621e-06,-4.44184765509611e-05,-1.03721860709016e-05,1.38555877385825e-05,0.00013800408246811,-0.00302496646647822,-0.0257616760758885,8.14595491084591e-06,6.11121551712382e-05,-2.58479986952904e-05,-3.35910956254445e-06,-3.59075868165614e-05,3.00377307151777e-05,-1.60263374305117e-16,1.37696951797707e-12,0.000347998136787076,-0.00531549938876074,-9.24221489492089e-06,1.64759628245898e-05,4.78670237101799e-06,6.15826833971767e-16,1.01366628784544e-06,-7.84962372879505e-17,-7.21799740650737e-05,-3.30464822173582e-16,-2.25947732745979e-16,1.74882837995308e-16,8.34245413238002e-18,-4.49096799871812e-16,1.86482773667507e-17,1.32931570047141e-07,-7.45931094670027e-17,1.97917732024706e-16,1.95879733596774e-15,-6.3379058916909e-18,7.12971348626468e-16,1.98935565815884e-16,1.49308591086487e-16,2.1938603516287e-16,3.78820239066435e-16,-0.000363743224602881,5.02210997885186e-05,1.57165946923499e-15,1.2558597976756e-15,-0.707106781186547,-6.86554993018382e-17,-3.72784290135052e-06,7.92167724313949e-05,-4.25874613352306e-16,-7.19910242530375e-17,5.57491595477754e-16,-2.91318495031316e-16,-1.85225099147424e-15,1.32905607374754e-16
"t36",0.119477597941697,-0.0599160310332911,-0.00621728856803289,-0.0162980902051894,0.0818012356540117,0.0721376542052643,-0.00281161935059217,0.000924785622558172,-0.00322745217482371,-0.000453748656921351,0.11077541387404,0.00684257291274266,-0.000853885941171878,0.00450180067651925,-0.0174285546053064,-0.00314765604379591,-0.00284370434394562,0.000158130953987909,-0.000216593448627456,-0.0205818329307142,-0.0280969954005106,0.0182053454014466,0.00824041317518686,3.32573833323145e-13,0.0289854716351422,0.0507260179199905,0.000284091007135751,-0.000315089705270832,0.0065160478368616,4.95865149418089e-13,0.0191713345458724,-0.00278988801356621,-0.0017583087052404,0.969131096309925,0.000482742006605294,5.14543323054048e-05,-0.000372117095499128,-8.29712200961959e-05,8.937224690388e-05,0.000842247760423555,-0.00702001174403412,-0.0331500943895467,4.43367592315447e-05,0.000297665652665827,-0.000111379653348493,-1.4218514768391e-05,-0.000142631489291271,0.000112951055669677,3.56325803727227e-18,5.04448584191219e-12,0.00126583326838085,-0.0181790224297629,-3.00651379487871e-05,5.26248409711619e-05,1.51509696660515e-05,3.24393290007663e-16,3.12069092411188e-06,1.97758476261356e-16,-0.000220067319521011,-1.17961196366423e-16,-1.38777878078145e-17,-3.52167621756273e-16,1.16554870302355e-16,-1.24159658989402e-16,-6.93889390390723e-18,3.65973825330705e-07,-2.08166817117217e-17,-4.03899067420611e-17,5.27486420075202e-15,-8.25944786746486e-17,2.05391259555654e-15,-1.26642057131055e-17,2.21622428448454e-17,-1.75690673988986e-17,-1.34441069388203e-17,-0.000917126291122526,0.000125639086158216,-9.0205620750794e-17,-1.30863893155853e-17,5.85559962610232e-17,-5.96901778531663e-17,-9.05994356082546e-06,0.000192425295703569,2.63677968348475e-16,-3.46944695195361e-17,-6.11173057167418e-17,-6.8519041818023e-17,-1.94289029309402e-16,-1.43037962102121e-16
"t97",0.135257786197194,-0.0723025235544884,-0.00889120161260503,-0.0270517644715902,0.140711680442388,0.124963994985968,-0.00682125374126231,0.00319038687473022,-0.0156653200955468,0.00344238493400148,-0.267800902793766,-0.0126917039806946,0.00117101516591261,-0.00594244782140974,0.0211910273488573,0.003588417226617,0.350831803881021,0.000262288711267194,-0.000213852025235179,0.00461004229442991,0.00645508761765185,-0.00443842334500992,-0.00203217650132087,-9.1379775960737e-14,-0.0202128497202224,-0.0837681841155656,1.12403420101173e-07,8.39781537972234e-06,-0.000291931230545719,-2.30581649622714e-14,-0.000741706252067084,0.000106489195297271,6.59129105500861e-05,-0.0216789062211842,1.71805144297691e-05,2.36042084479377e-06,-1.84966655288202e-05,-4.36116668299687e-06,6.15364569412605e-06,6.23189331540415e-05,-0.000856387884139476,-0.00395741101787827,6.22482816009778e-06,4.43665428485488e-05,-1.96444192055297e-05,-2.61059992012671e-06,-3.186701966062e-05,3.36195112353981e-05,5.44711420785165e-17,1.8678396574687e-12,0.000508849720789479,-0.246513734051105,7.60753853643568e-06,-7.7291498856596e-06,-1.70670065106566e-06,1.7499023063916e-16,-1.3486643007498e-07,5.908901840046e-16,5.79064322280345e-06,2.26381413614973e-16,7.28583859910259e-17,-2.20545875390384e-16,-5.28716367830671e-17,8.02390942066269e-17,-2.14238349283136e-16,2.61307746858693e-08,3.12250225675825e-16,-2.53593668102332e-17,3.66061642938373e-16,-1.47405251768957e-16,-2.22044604925031e-16,-4.05801897850799e-17,-9.1777597607402e-17,-8.3290193277421e-17,-1.98896888542466e-16,-0.000597492379850227,1.61777670128547e-05,-6.74373751285984e-17,-7.04405184704247e-16,2.05387929504681e-16,4.92758025571717e-16,-7.27905822404864e-06,0.405705310442726,-6.92675083957539e-15,1.09894732203131e-15,1.71457060619896e-15,-9.21439954861105e-16,-6.01298524860461e-16,0.707106781186547
"t98",0.135257786197194,-0.0723025235544884,-0.00889120161260503,-0.0270517644715902,0.140711680442388,0.124963994985968,-0.00682125374126228,0.00319038687473023,-0.0156653200955467,0.00344238493400133,-0.267800902793766,-0.0126917039806947,0.00117101516591257,-0.00594244782140976,0.0211910273488573,0.00358841722661698,0.350831803881021,0.000262288711267157,-0.000213852025235096,0.00461004229442988,0.00645508761765172,-0.00443842334500996,-0.00203217650132091,-9.14004415762467e-14,-0.0202128497202225,-0.0837681841155661,1.12403420052601e-07,8.39781537977091e-06,-0.000291931230545613,-2.31496348920309e-14,-0.00074170625206749,0.000106489195297129,6.59129105499447e-05,-0.0216789062211842,1.71805144298081e-05,2.36042084483627e-06,-1.84966655288089e-05,-4.36116668293442e-06,6.15364569387251e-06,6.23189331540961e-05,-0.000856387884139438,-0.00395741101787809,6.22482816018018e-06,4.43665428488836e-05,-1.9644419205672e-05,-2.61059991921164e-06,-3.186701966047e-05,3.36195112353331e-05,-2.52609981962464e-17,1.86778993682509e-12,0.000508849720789472,-0.246513734051104,7.60753853647211e-06,-7.72914988555942e-06,-1.70670065113925e-06,7.9580439460436e-17,-1.3486642997957e-07,2.75170511376821e-16,5.79064322255365e-06,4.38885039422132e-16,7.37257477290143e-18,2.51310365511395e-16,1.12762225846012e-16,-1.54081412849656e-17,1.50920942409982e-16,2.61307747441994e-08,1.52655665885959e-16,-3.55058559028115e-17,4.09360990172462e-16,-4.38458268372129e-17,4.79651041107587e-16,-1.15048898955632e-16,-3.48271876620036e-18,8.21500099816171e-17,6.50521303491303e-18,-0.000597492379849891,1.6177767012529e-05,6.657001339061e-17,2.97570129380695e-16,-9.52160884905658e-17,3.33794839225997e-16,-7.27905822256285e-06,0.405705310442726,-4.99253416386125e-15,-9.02923569245928e-16,-1.24801707561891e-15,4.69184068077654e-16,5.78747119672762e-16,-0.707106781186548
"t88",0.135206725346828,-0.0722628022358508,-0.00888280288236725,-0.0270184905490828,0.140529986133746,0.124801166148323,-0.00680919180971135,0.00318368683748956,-0.0156289470100552,0.00343143495447111,-0.266760817283174,-0.0126382401403209,0.00116536783497831,-0.0059129897373375,0.0210804682459156,0.00356948111079986,0.348841725003249,0.000260762807207788,-0.000212596717408697,0.00457955905269564,0.0064121764141193,-0.00440841192134436,-0.00201610969735099,-9.06099794249806e-14,-0.0200337325565096,-0.0830190890581642,1.1133320104717e-07,8.31618047447691e-06,-0.000288971589689074,-2.29722237156788e-14,-0.000733416696275002,0.000105295571514634,6.51713228454103e-05,-0.0214167462331524,1.69151286816202e-05,2.32234133066417e-06,-1.8193406688901e-05,-4.288799230057e-06,6.04436188768646e-06,6.11886940140652e-05,-0.000837723100134899,-0.00387077639673257,6.08294043735746e-06,4.33315663171605e-05,-1.915749071091e-05,-2.545015552715e-06,-3.10179334525977e-05,3.26629786071495e-05,9.75961018766139e-18,1.81281597821351e-12,0.000493670037275487,-0.238335332946884,7.32615791244201e-06,-7.42974716016337e-06,-1.63895437620322e-06,2.64545330086463e-16,-1.29055772266767e-07,2.77555756156289e-16,5.53314703156949e-06,-1.07552855510562e-16,-1.17961196366423e-16,1.89726542763398e-16,-6.84804261009988e-17,-8.13798950510201e-17,1.04083408558608e-16,2.4253015034649e-08,-3.95516952522712e-16,-4.34330785724389e-17,2.44483207389198e-16,1.03813447887235e-16,2.0122792321331e-16,3.30970932228283e-17,1.04724026857422e-16,-4.17964933425763e-17,-3.57136195616725e-16,-0.00047297785639072,1.20235550915837e-05,-1.50920942409982e-16,2.86887799620862e-16,1.61106361547214e-16,-7.43533858596733e-16,1.11240970045723e-05,-0.8190098804428,1.26461341398709e-14,1.2490009027033e-16,-5.87512858423941e-16,3.21240927396665e-16,6.76542155630955e-17,-3.72182372022209e-16
"t33",0.133038813213119,-0.0705701617037298,-0.00852186920042222,-0.0255797275078274,0.132663115362053,0.117749324778007,-0.00628149327061343,0.00288842338934772,-0.014018151283252,0.00293710816545933,-0.219050167402281,-0.0101671247770115,0.000900613588741427,-0.00452758400952169,0.015848914882062,0.00267217332302548,0.253647836094039,0.000187518015052309,-0.000152265014917982,0.00308788437676498,0.00431053353647289,-0.00293443828100092,-0.00120418988811335,-5.20521287278223e-14,-0.0107583305190585,-0.0441465026611939,5.49499406948817e-08,3.99259012143216e-06,-0.000130470538617165,-1.0000559323137e-14,-0.000276782301444143,3.94852174814657e-05,2.42363761081693e-05,-0.00660153937487132,3.47478388416922e-07,-1.06895365756948e-07,1.31617345021373e-06,3.96706353625494e-07,-1.30879451435133e-06,-1.58367749665215e-05,0.000615425713774903,0.00289972727445094,-5.41074404836542e-06,-4.23606865373703e-05,2.3750490898017e-05,3.32089557470057e-06,5.04727529642233e-05,-6.78563706230338e-05,7.23787858153982e-17,-4.31514281811499e-12,-0.00122619753751077,0.904915531729418,-4.62883088318891e-05,6.10310018962492e-05,1.57559040806555e-05,-7.79758202451575e-16,2.51276219477223e-06,-1.02608893604028e-15,-0.000165226497932117,-4.25007251614318e-16,1.16226472890446e-16,4.33608487596754e-17,-2.34890275142976e-16,1.07156131690818e-17,-1.16226472890446e-16,1.78315635403865e-07,-2.09901540593194e-16,6.21836436973657e-17,2.58051602707679e-15,-3.21868698771965e-17,7.97972798949331e-16,4.87619363734258e-17,-1.16064924717147e-16,-6.45071994359057e-17,3.2612801348364e-16,-0.00202059145230928,5.17194715915327e-05,4.38017677684144e-17,-3.84766995701392e-16,-1.73876205447492e-16,7.85722630274963e-17,-3.71267339498854e-06,0.00536789811704732,-2.48065457064683e-16,1.56125112837913e-17,4.64455456737557e-17,8.65787491639101e-17,-1.77809156287623e-16,-2.28140325194614e-16
"t73",0.133441717257021,-0.0708556139376745,-0.00856676674324173,-0.025705830475046,0.133285813437339,0.11829583019678,-0.00628372445034409,0.00287097178219,-0.0138441629164037,0.00275343967813138,-0.183458474207686,-0.00764883332240458,0.000397846115211778,-0.00145542944663918,-0.000351941047306832,-0.000354800550589128,-0.407194706052707,-0.000569903507555661,0.000596055759015744,0.0179386383338032,0.0239245886854825,-0.0144700403744452,-0.00442182954573719,-1.9971206739576e-13,-0.0537497345408241,-0.236132826105899,4.68882114028762e-05,-2.41515009734156e-05,2.59631109883456e-05,-6.77785524649852e-15,-0.000499647772865105,7.25376505423523e-05,4.55071179094276e-05,-0.0173074232746556,1.44211586738351e-05,1.95794410949579e-06,-1.52613280177509e-05,-3.58300609016801e-06,4.91104782619539e-06,4.92050733732884e-05,-0.000589657565689829,-0.00271248705695687,4.07866122111716e-06,2.82313509273272e-05,-1.14014374061394e-05,-1.47912046711933e-06,-1.58930086175228e-05,1.36250213136936e-05,-1.49147915319668e-17,6.41210275674357e-13,0.000163883279606417,-0.0144709567343345,-3.29689190628132e-06,6.16235459805631e-06,1.81573414035466e-06,5.28223298434938e-16,3.94174213125612e-07,-1.02348685082632e-16,-2.81950164729913e-05,1.89084858881472e-16,6.07153216591882e-18,3.38366329157027e-16,7.07673306866678e-17,-3.82459794547734e-17,2.35922392732846e-16,4.89383837698823e-08,1.42247325030098e-16,-4.69952088554577e-17,6.98913077815511e-16,1.74488889032496e-18,2.89698820488127e-16,-6.61427823453121e-19,-6.81071411616355e-17,-1.27094039283861e-16,-2.86229373536173e-16,0.820674943417636,7.78660568701885e-05,-4.70543742858709e-16,-1.08920859094002e-16,3.46766865579046e-16,-6.18197968981621e-16,-2.6786536782078e-06,0.000289798693758628,2.8796409701215e-16,-1.09287578986539e-16,-1.47459994602305e-16,3.6417395341316e-17,-1.53523027623947e-16,-5.83725866938711e-17
"t81",0.133588922290785,-0.0709694959889157,-0.00859050483086757,-0.0257987610661904,0.133791865127442,0.118749093339584,-0.00631650248756186,0.00288879810189901,-0.0139393475285703,0.00277952854523881,-0.185591184761067,-0.00774549703298152,0.000403626664472982,-0.00147718708777874,-0.000357488371383676,-0.000360459359294212,-0.414195225598225,-0.000579962365916524,0.000606674749874905,0.0183005293388084,0.0244099369344219,-0.014768866389919,-0.00452947397944001,-2.04907698138328e-13,-0.0552263822154936,-0.242683071571309,4.82788362671891e-05,-2.48838756241711e-05,2.67866912963119e-05,-6.96674116517464e-15,-0.000517252703069928,7.51015420826371e-05,4.71221432720028e-05,-0.0179717000820067,1.51460496955699e-05,2.06126393043776e-06,-1.60814141111963e-05,-3.77816549856051e-06,5.19989294623067e-06,5.21691281056733e-05,-0.000633579138745662,-0.00291558571795309,4.3989260454869e-06,3.0509779343005e-05,-1.23907263800876e-05,-1.60955219309167e-06,-1.73980392973621e-05,1.50235907174934e-05,-7.21905027301158e-17,7.09432763057106e-13,0.00018172689090274,-0.0162742159638384,-3.77062342796089e-06,7.10455021446456e-06,2.10272582020117e-06,-1.60570341745103e-16,4.63980771391536e-07,-3.49113099540332e-17,-3.34172970012075e-05,-1.57642995879392e-16,1.6826817716975e-16,-6.19378165179648e-17,7.86950678884477e-17,1.41267515924781e-16,1.86970664645125e-16,6.88487489100618e-08,-2.11744684286419e-16,-8.56280325714808e-17,1.33292781874035e-15,-7.37165764959364e-17,7.17741838185404e-16,6.68145388461071e-17,2.47809798107752e-16,-1.17059228189499e-16,4.65529307810963e-17,-0.404027715813321,-1.56120626848246e-06,-6.0319587866231e-16,-1.96739381657765e-16,2.2039691246908e-16,-0.707106781186547,-1.45032138718841e-06,0.000158237870070386,1.35221694952392e-15,2.81166149390666e-15,-1.71941305472434e-15,9.24792084150083e-16,2.85031330135577e-15,-7.60191627924684e-17
"t82",0.133588922290785,-0.0709694959889157,-0.00859050483086759,-0.0257987610661904,0.133791865127442,0.118749093339584,-0.00631650248756188,0.00288879810189902,-0.0139393475285703,0.00277952854523886,-0.185591184761068,-0.00774549703298151,0.000403626664473013,-0.00147718708777877,-0.000357488371383653,-0.000360459359294203,-0.414195225598225,-0.000579962365916549,0.000606674749874935,0.0183005293388084,0.0244099369344218,-0.0147688663899191,-0.00452947397943983,-2.04854661347536e-13,-0.0552263822154936,-0.242683071571309,4.82788362672368e-05,-2.4883875624067e-05,2.67866912964851e-05,-6.85567461500595e-15,-0.000517252703069861,7.51015420825881e-05,4.7122143271992e-05,-0.0179717000820067,1.51460496955426e-05,2.06126393054661e-06,-1.6081414111162e-05,-3.77816549856208e-06,5.19989294617092e-06,5.21691281055983e-05,-0.000633579138745538,-0.00291558571795311,4.39892604549882e-06,3.05097793429862e-05,-1.23907263794343e-05,-1.6095521930972e-06,-1.73980392973192e-05,1.50235907174895e-05,3.10822713171678e-17,7.09820687118056e-13,0.000181726890902394,-0.0162742159638386,-3.77062342787502e-06,7.10455021461347e-06,2.10272582008835e-06,-2.21204348241355e-16,4.63980771540505e-07,2.52293845537377e-16,-3.3417297001083e-05,-7.57857318567368e-17,-2.96746134609283e-16,-5.57442049904672e-16,-1.57898967738696e-16,-1.36312719327671e-16,-2.24646690138997e-16,6.88487489034211e-08,2.93276687657329e-16,1.07472797168437e-16,8.79913908124988e-16,2.26609529094086e-16,1.19262238973405e-16,-3.05212273516584e-17,-3.36778343832221e-16,2.05897939163079e-16,1.51374952069711e-16,-0.404027715813321,-1.56120626833474e-06,7.81140560221494e-16,-1.17213611650058e-17,-1.69621260633692e-16,0.707106781186547,-1.45032138945092e-06,0.000158237870069062,-1.28477957439532e-15,-2.55112771185839e-15,1.70450876894279e-15,-9.31717661466977e-16,-2.90745075584575e-15,-1.25715466872525e-16
"t76",0.131008627584426,-0.06894001039216,-0.00815053016338903,-0.0240248085290377,0.124069284360784,0.110029877314796,-0.00565317010938701,0.00251407234784318,-0.0118850869215356,0.00215106089219447,-0.128754615353751,-0.0050336773852729,0.000223753849508293,-0.000783355413483203,-0.000171658616943664,-0.000168665229300878,-0.156828293152852,-0.000198242905500112,0.000198957357884342,0.00160330892150953,0.00179853350079289,-0.000394457024278581,0.0031885917434894,2.12690749534923e-13,0.125916970884778,0.612739061854965,-0.000290525454973202,0.000230154778513948,-0.00285934110468671,-1.66788933716043e-13,-0.00334866565482711,0.000474268809383664,0.000288556611727492,-0.0731471704404839,3.64579523435341e-05,4.73520979140567e-06,-3.6367908701099e-05,-8.44961364353572e-06,1.09993748591926e-05,0.000108699167460995,-0.0011915432343716,-0.00547239471241139,8.11620993397544e-06,5.57753839797179e-05,-2.21521613285257e-05,-2.86432372898068e-06,-3.0379073030743e-05,2.57355490400355e-05,-5.33223513277784e-17,1.20429724053687e-12,0.000307370919507878,-0.0268256616672926,-6.07174416772729e-06,1.13349757969625e-05,3.33889385404424e-06,5.6920614055489e-16,7.25483562288333e-07,1.58293517182884e-17,-5.19513058495156e-05,-6.53123388705268e-16,-1.17961196366423e-16,-8.72603182701264e-17,4.61681787837581e-16,1.549835965041e-16,-1.19912760276897e-16,9.80550668834785e-08,-3.38704758684472e-16,2.81889890706465e-17,1.34132015631915e-15,-4.31287481541276e-17,3.22658566531686e-16,1.81766639724242e-16,-1.98680088804609e-17,2.74738257867119e-16,3.2271277664031e-16,-0.00210951208384047,3.71430855679452e-05,-3.47302481912282e-15,0.707106781186548,1.195912029853e-15,-1.12794510509758e-16,-2.77104972145562e-06,0.000301063858871842,-5.46437894932694e-17,-2.1467203015213e-16,-4.35978996626775e-16,3.62711347395772e-16,4.06575814682064e-16,1.09501650529053e-16
"t77",0.131008627584426,-0.06894001039216,-0.00815053016338904,-0.0240248085290377,0.124069284360784,0.110029877314796,-0.00565317010938701,0.00251407234784318,-0.0118850869215355,0.00215106089219452,-0.128754615353751,-0.00503367738527289,0.0002237538495083,-0.000783355413483211,-0.000171658616943657,-0.000168665229300887,-0.156828293152852,-0.000198242905500111,0.000198957357884298,0.0016033089215095,0.00179853350079291,-0.000394457024278593,0.00318859174348971,2.12560753629383e-13,0.125916970884778,0.612739061854966,-0.000290525454973161,0.000230154778514118,-0.00285934110468649,-1.67014763083965e-13,-0.00334866565482718,0.000474268809383614,0.00028855661172749,-0.0731471704404839,3.64579523437865e-05,4.73520979143213e-06,-3.63679087009659e-05,-8.44961364355481e-06,1.09993748593611e-05,0.00010869916746091,-0.00119154323437145,-0.00547239471241136,8.11620993409774e-06,5.57753839798194e-05,-2.21521613283588e-05,-2.86432372861205e-06,-3.03790730306016e-05,2.57355490397588e-05,9.31241796267462e-18,1.20402692590214e-12,0.000307370919507361,-0.026825661667293,-6.07174416780015e-06,1.13349757969949e-05,3.33889385375528e-06,-2.00252141258073e-16,7.25483562090141e-07,8.67361737988404e-17,-5.19513058498088e-05,6.97792518211671e-16,2.94902990916057e-17,-2.18461638788149e-17,-3.85472183851235e-16,-1.37418229619446e-16,8.50014503228635e-17,9.80550663349806e-08,4.13731549020468e-16,-9.78748449420101e-17,1.56786440745581e-15,-1.08731638180161e-16,6.53990750443256e-16,-2.08227432504317e-16,7.53165931575109e-17,-2.744453228287e-16,-3.8876779399899e-16,-0.00210951208384046,3.71430855676056e-05,3.48224053758894e-15,-0.707106781186547,-1.38531625966327e-15,-1.45145313631066e-16,-2.77104972245049e-06,0.000301063858871286,2.0122792321331e-16,1.9298798670242e-16,2.89114803683147e-16,-3.57218753136229e-16,-6.19729961792714e-16,-4.27418855748916e-16
"t89",0.11809896020679,-0.0569241537806273,-0.00361674175193465,0.0157775383845512,-0.167843605808673,-0.16989600140867,-0.0191192993592907,0.00757244962195234,-0.297870747573209,0.00199070153189027,-0.0385269312508904,0.00222694509709751,-0.0012440981727182,0.00778814741338679,-0.0360434581827107,-0.00601318580151082,-0.000825066198193717,0.00253088462647421,-0.00425343706154329,0.0830356624992471,0.0639343631743605,0.187191906325897,0.000135517424558035,4.23635110935032e-13,0.00206304055486359,-4.15973515937327e-05,8.79611912423649e-05,-4.48662166083122e-05,-0.00273440398038169,1.45959207628263e-14,-0.00238375846789476,-0.00024531767276221,-2.90301076717365e-05,-0.000579937259684204,5.75825513553715e-05,7.79637286831697e-06,-6.13796455597266e-05,-1.45673320133097e-05,2.23974766612295e-05,0.000237429569629019,-0.17316107810799,0.0139041637451493,-4.87866325859336e-05,-0.000198498907464423,3.22398037196053e-05,3.5480708050848e-06,1.93116749429628e-05,-7.22095008311337e-06,-4.03991226685842e-17,-2.59834446245789e-14,-0.00012415149876603,-2.38804339166288e-05,-1.97520548731248e-06,4.1298809675145e-06,1.28361437515822e-06,3.5973828083069e-16,3.23315321673276e-07,3.55618312575245e-17,-7.98339758190311e-05,4.20670442924376e-17,1.47451495458029e-17,1.51925100497451e-16,1.13997231664484e-16,1.10553393888834e-16,6.24500451351651e-17,6.68702917537654e-08,-5.27355936696949e-16,2.30293999278539e-17,9.52136569335309e-16,-1.92034606118585e-16,7.90166543307436e-16,8.15403976266253e-18,1.07102914897569e-16,2.14984893767963e-16,7.26415455565288e-17,-3.20299621344704e-05,0.299211395610028,-2.99066327258402e-15,-1.75163547410292e-16,-9.53763803891931e-16,9.07292610685879e-16,-0.395715031805145,-4.08625972577945e-06,-3.2083710688191e-15,3.85108611666851e-16,-0.707106781186548,8.74805942163112e-15,-3.53580012490973e-15,9.67379103813508e-16
"t90",0.11809896020679,-0.0569241537806274,-0.00361674175193468,0.0157775383845512,-0.167843605808673,-0.169896001408671,-0.0191192993592907,0.00757244962195239,-0.297870747573209,0.00199070153189022,-0.0385269312508905,0.00222694509709752,-0.00124409817271815,0.00778814741338677,-0.0360434581827108,-0.00601318580151076,-0.000825066198193746,0.00253088462647422,-0.00425343706154336,0.0830356624992473,0.0639343631743605,0.187191906325897,0.000135517424558077,4.23621256788479e-13,0.00206304055486356,-4.15973515937558e-05,8.79611912424725e-05,-4.48662166083261e-05,-0.00273440398038172,1.50146908558974e-14,-0.00238375846789476,-0.000245317672762157,-2.90301076717096e-05,-0.000579937259684259,5.75825513551989e-05,7.79637286767165e-06,-6.13796455597188e-05,-1.45673320133739e-05,2.23974766612819e-05,0.000237429569628986,-0.17316107810799,0.0139041637451488,-4.87866325862736e-05,-0.000198498907464623,3.2239803719473e-05,3.54807080425821e-06,1.9311674943138e-05,-7.2209500831897e-06,-1.40597479857526e-17,-2.59624858313149e-14,-0.000124151498766084,-2.38804339165663e-05,-1.9752054870488e-06,4.12988096747851e-06,1.28361437513607e-06,3.52365706057789e-16,3.23315321657663e-07,5.03069808033274e-17,-7.98339758189687e-05,4.54497550705923e-16,1.21430643318376e-17,-7.66643153672336e-18,9.30238482922417e-19,-1.32945897134994e-16,-2.39391839684799e-16,6.68702915820277e-08,-6.82613687796874e-16,-5.20004923474307e-17,1.28438121493982e-15,3.49976898704432e-16,3.33066907387547e-16,1.43067514379363e-17,-2.15810430115498e-16,1.80744830281553e-17,-1.03286519961832e-15,-3.20299621343893e-05,0.29921139561003,-1.51723252017621e-15,4.00059993065435e-16,4.52655656914166e-16,-2.28225020783221e-15,-0.395715031805145,-4.08625972656701e-06,-1.13468262563643e-14,4.65859989473572e-15,0.707106781186547,-8.90140441465464e-15,2.78618274285325e-15,-2.1933106642244e-15
"t85",0.118071386929126,-0.0569048119340174,-0.00361462857727167,0.0157655340908277,-0.167709542435581,-0.169759063167619,-0.0190983842893801,0.00756261102565784,-0.297442839526866,0.00198678307792209,-0.0384343259417224,0.002221138895324,-0.0012403842776683,0.00776424845433941,-0.0359270464497942,-0.0059935420026478,-0.000822168676898989,0.00252176874165276,-0.00423797881669921,0.0826956715762109,0.0636711835112481,0.186408108470074,0.000134853804236659,4.21530113652963e-13,0.00205171511292347,-4.13669061462771e-05,8.74422979569786e-05,-4.45959826790021e-05,-0.00271722618243266,1.45823226676979e-14,-0.00236724659716891,-0.000243613442645494,-2.88276744686701e-05,-0.000575589927941891,5.70308161621791e-05,7.71834471688729e-06,-6.07553021231069e-05,-1.44173577758706e-05,2.21506353831333e-05,0.000234757100784239,-0.170817161441259,0.0137151153922158,-4.80958475113091e-05,-0.000195622150026709,3.17431964029242e-05,3.49267515955404e-06,1.89917975378304e-05,-7.09318554781291e-06,-1.60856801356841e-17,-2.52820593435095e-14,-0.000121847668022589,-2.33872819587408e-05,-1.92969626035613e-06,4.03019169908057e-06,1.25185796261362e-06,-4.98732999343332e-16,3.14627582022331e-07,-5.98479599211998e-17,-7.76193043461951e-05,4.85722573273506e-17,-7.45931094670027e-17,4.48734923632226e-17,-9.45089597621287e-17,1.64681904317179e-18,-3.07046055247895e-16,6.38562318716618e-08,4.75314232417645e-16,1.85392062739755e-17,1.05905191537776e-15,-9.60023016098422e-17,-8.67361737988404e-17,-3.948416060015e-17,3.15215653364972e-17,-3.97403570672124e-17,3.62340366044656e-16,-2.77266992964875e-05,0.249184040001599,-7.75421393761633e-16,-6.98239282954217e-16,8.86824085156614e-16,1.34801670836866e-15,0.828004988695045,1.45343969413375e-05,1.58293517182884e-14,-4.91273688396632e-15,-6.25995109866023e-16,-3.57158628456458e-17,4.08527378592538e-16,4.41917113160669e-16
"t78",0.117856210782899,-0.0567538095348666,-0.00359811519675481,0.0156716619044525,-0.166661027041026,-0.168688032848809,-0.0189346175898401,0.00748551203572436,-0.294087784171918,0.00195599586372516,-0.0377054815874534,0.00217540490137518,-0.00121108724843751,0.00757565966869732,-0.0350078468664622,-0.00583840977285485,-0.000799264026222439,0.00244968283473276,-0.00411572359341146,0.0800018696997286,0.0615857885814995,0.180195674607876,0.000129579067826018,4.04418908027416e-13,0.00196148312626974,-3.95305352992454e-05,8.33014209682733e-05,-4.24383919612852e-05,-0.00257993395833699,1.39146886477496e-14,-0.00223493585331359,-0.00022995622480189,-2.72052618641373e-05,-0.000540674811882894,5.25621935067054e-05,7.08528413073412e-06,-5.56864948824381e-05,-1.31991636233813e-05,2.01396934858008e-05,0.000212964446610534,-0.151524321562406,0.0121586660046768,-4.23953553327829e-05,-0.0001718499033112,2.76239491257279e-05,3.03278130035431e-06,1.63256545056144e-05,-6.02324515835886e-06,-5.19008395870733e-18,-2.16223774704902e-14,-0.000102484695157653,-1.92056933393334e-05,-1.53986031594527e-06,3.17220890763388e-06,9.77835076543052e-07,2.49366499671666e-16,2.38966328754489e-07,6.64832772168111e-16,-5.82584387948046e-05,-5.20417042793042e-18,2.52402265754625e-16,-1.58504645663933e-16,-2.43441801283318e-17,-6.85104074122474e-17,3.4477629085039e-16,3.53471965671868e-08,4.13297868151474e-16,-5.2118723619831e-17,4.22423909214434e-16,1.99051287090227e-16,2.40259201422788e-16,9.93246676266561e-18,-1.32622008528599e-16,-1.9654437917101e-16,5.9051071324423e-16,4.27216152503844e-05,-0.870976618297296,4.96488700846287e-15,1.54133740265611e-16,-2.85103772189893e-16,-2.83447635839299e-17,-0.0350130508199464,5.87438349956577e-06,-7.16440795578421e-16,-1.62196645003831e-16,8.80929217588381e-16,1.08337399669753e-16,6.8738417735581e-17,1.13308818853747e-16
"t39",0.113891122177828,-0.0539570891714544,-0.00328863963590487,0.0138971725357379,-0.146803728080924,-0.148397073897351,-0.0157873513676686,0.00598842253496021,-0.228483489185759,0.00133713570912059,-0.0227098562584095,0.00122394164427383,-0.00058864700934364,0.00355003531461551,-0.0152060104068895,-0.00248938901224952,-0.000297745389602926,0.000862976794013367,-0.00141960044078317,0.0189416917581126,0.0142535495420824,0.0385840237523677,3.88528052858595e-06,-9.05690845594771e-15,-0.000273889456836957,6.11668801186365e-06,-2.21827266962335e-05,1.29994241827858e-05,0.00101274808562461,-6.57662386571145e-15,0.00139466433958965,0.00014526387147014,1.74571350843259e-05,0.0004600554744673,-0.000101020922644239,-1.56071768276818e-05,0.000129058794087835,3.17713608110094e-05,-6.01866417289905e-05,-0.00068138833032548,0.931574310105766,-0.0760905749098343,0.000313933615528304,0.00141050522684268,-0.000306066822888355,-3.61878690190061e-05,-0.000283227826899286,0.000188061954443493,5.45345055243037e-17,1.10029996493581e-12,0.00657153492816552,-0.00120652842766163,-3.69731744933599e-05,6.2360369017498e-05,1.76622868689555e-05,-2.34187669256869e-17,3.48011794619463e-06,1.42247325030098e-16,-0.000796951816024419,6.93889390390723e-18,5.20417042793042e-17,-1.30198677744556e-16,6.93697166880336e-17,1.74390971072091e-17,1.05818132034585e-16,3.57224745145979e-07,1.00613961606655e-16,-2.93324950727917e-17,4.98661401246827e-15,-3.39380601729883e-16,1.97758476261356e-15,4.53738031883394e-17,6.30361642330002e-17,-1.08518173394569e-16,2.87530416143156e-16,-5.6490273590247e-05,0.0156139395657171,-2.16840434497101e-16,-1.19968466322242e-17,1.24034848267227e-16,-1.59705549137605e-16,-0.00100501239745547,1.17777305700673e-05,1.94289029309402e-16,3.46944695195361e-17,6.94434819909579e-17,-1.16837455232076e-17,-6.93889390390723e-17,-1.14405186359233e-16
"t56",0.110443085030863,-0.0514629261957524,-0.00299571458841437,0.0121413213297098,-0.126963601301393,-0.128085770367846,-0.0123888473698113,0.00427790306177913,-0.150545429782528,0.000472655960983039,0.00158926734116467,-0.000438909868426213,0.000679607311510666,-0.00495788503034449,0.0298528991470136,0.00526683184939985,0.00101674247918976,-0.00350416128193683,0.00613680593152216,-0.210630584301549,-0.166585789924115,-0.532216845993957,-0.00108664686713108,-5.08069584469377e-12,-0.230475807788353,0.0465564927655679,0.00172058526094316,-0.000668177228525663,-0.0278771830352976,1.24937551862689e-13,-0.0145281478666999,-0.0014782084064161,-0.000172414070587868,-0.00271038794298877,0.000150811160224779,1.84976312790804e-05,-0.000140141815175675,-3.22979019392426e-05,4.12983986164275e-05,0.000409690178591497,-0.0763364525134,0.00555117330510662,1.0673521774994e-06,6.08982659180343e-05,-4.14995107315538e-05,-5.573298891089e-06,-6.43721818494765e-05,5.58301205266995e-05,-2.65746897899357e-16,3.63577273857507e-13,0.00223785609561182,-0.000509937153466696,-1.80816272388439e-05,3.19946821229992e-05,9.27065198477124e-06,-3.10081821330854e-16,1.95142147556976e-06,5.65519853168439e-16,-0.000456770408137651,-8.96852037080009e-16,-7.54604712049911e-16,2.7129896496754e-17,-3.52124054644852e-16,8.3516991286939e-16,5.71938330029553e-15,2.49380681741898e-07,-5.08447450808802e-15,1.4940508637662e-14,2.04586311613575e-14,-0.707106781186548,-4.90926743701436e-15,4.97966403013697e-15,1.67605702796619e-16,2.11871268685725e-16,-1.9819215713035e-16,-4.43721200422261e-05,0.00186558907443598,2.03830008427275e-17,-1.29431019316542e-16,-1.45248492809544e-16,-2.99070461531579e-17,-0.000132131374079306,9.90095331704355e-06,-1.28369537222284e-16,1.87350135405495e-16,-3.2050631453769e-17,7.08506736896411e-17,-1.57859836313889e-16,-8.17794992889488e-17
"t57",0.110443085030863,-0.0514629261957523,-0.00299571458841439,0.0121413213297098,-0.126963601301393,-0.128085770367846,-0.0123888473698113,0.00427790306177914,-0.150545429782528,0.000472655960983048,0.00158926734116465,-0.000438909868426178,0.000679607311510643,-0.0049578850303445,0.0298528991470135,0.00526683184939977,0.00101674247918979,-0.0035041612819368,0.00613680593152214,-0.210630584301549,-0.166585789924114,-0.532216845993957,-0.00108664686713127,-5.08071634888957e-12,-0.230475807788352,0.046556492765568,0.00172058526094309,-0.000668177228525579,-0.0278771830352976,1.24993062677681e-13,-0.0145281478666999,-0.00147820840641614,-0.000172414070587905,-0.00271038794298874,0.000150811160224792,1.84976312793093e-05,-0.000140141815175666,-3.22979019391524e-05,4.12983986163622e-05,0.000409690178591602,-0.0763364525133996,0.00555117330510667,1.06735217750981e-06,6.08982659180586e-05,-4.14995107312294e-05,-5.57329889162503e-06,-6.43721818497558e-05,5.58301205268626e-05,2.62378949000516e-16,3.6344349831708e-13,0.00223785609561187,-0.000509937153466759,-1.80816272391492e-05,3.19946821229575e-05,9.27065198530434e-06,6.58761240002192e-16,1.95142147538241e-06,-4.83987849797529e-16,-0.000456770408137054,7.12971348626468e-16,7.04297731246584e-16,-3.20609184806813e-17,2.13731195416368e-16,-9.47360190364916e-16,-5.75234304633909e-15,2.4938068110352e-07,4.97865637605344e-15,-1.49462086194117e-14,-1.33337632920384e-14,0.707106781186548,7.40033034851706e-15,-5.00854839090931e-15,-1.61991621419534e-16,-1.94054092725121e-16,-8.14235831536614e-17,-4.43721200421967e-05,0.00186558907443617,-3.37403716077489e-16,-1.00374397523645e-16,2.4029380210154e-16,-2.86646091104475e-16,-0.000132131374079313,9.90095331720314e-06,3.98986399474666e-16,6.93889390390723e-18,-3.20507117492573e-17,2.92172939931964e-17,1.20563281580388e-16,-1.92801812872964e-16
"t9",0.0997903840255544,-0.0439646804421251,-0.0021710227139806,0.0074399575471486,-0.0744279844221873,-0.0744178832330513,-0.00417506394037202,0.000420393256808609,0.0167363304890084,-0.00101108655909843,0.0343551579178737,-0.0023826080204724,0.00171680556487709,-0.0112235410953334,0.055735453484229,0.0094255785284365,0.00137445715079083,-0.00424530315966951,0.00713403000412622,-0.104535103531766,-0.0772986983311761,-0.19064457200322,0.00106476960427429,7.58005278431066e-12,0.721950466008981,-0.159064631259555,-0.0112987564065763,0.00569117497124842,0.478217254693704,-4.69960528281196e-12,-0.359443097932801,-0.0345442587753002,-0.00376303348646218,-0.0279668163802977,0.000706242723264628,8.03102055444774e-05,-0.000592347861738063,-0.000133858011303679,0.000153157039272125,0.00146471810494164,-0.0331078982379176,0.000275006382624129,8.19207434360099e-05,0.00055576020105553,-0.000211293389557202,-2.70407826843851e-05,-0.000273633741891099,0.000218684603290626,-3.08219279805368e-17,1.37830120124212e-12,0.00841486252792867,-0.00179676598282425,-6.08338263866151e-05,0.000105943566784937,3.04614447440333e-05,1.06685493772574e-16,6.26537613963168e-06,2.29850860566927e-16,-0.00145495519591006,-2.25514051876985e-17,5.3776427755281e-17,-1.2525564882489e-16,-8.32720690664532e-17,-6.62251748893879e-17,-1.99493199737333e-17,7.33252181261274e-07,-3.29597460435593e-17,-5.1646275632245e-17,1.05535276908095e-14,3.67412752198552e-18,4.0089459529824e-15,2.66522605095609e-17,-1.45620478867509e-17,-6.37238304696391e-17,-1.00722381823903e-16,-0.000121819462202564,0.000840018620754449,-1.47451495458029e-16,-3.111413287091e-17,1.46895320993821e-16,-1.81392466794072e-16,-5.96897077959346e-05,2.65088414162437e-05,8.67361737988404e-17,1.90819582357449e-17,3.59816758053267e-17,7.52581407586033e-17,-8.5868812060852e-17,-2.66072592336654e-17
"t8",0.103792900063851,-0.0467555810745295,-0.00246711430029481,0.00904666570568566,-0.0921126847305073,-0.0924268077989373,-0.00629562675200853,0.000676683733410917,0.110017375337047,0.000144037172250573,0.0105522131341051,-0.000927318079267846,0.000819014224862985,-0.00549939353660858,0.0284620242881183,0.00485161886496616,0.000737195226932603,-0.00230201358506996,0.00388179697892806,-0.0577764561658249,-0.0426378319584245,-0.103971702221438,0.000646710955296054,4.56224417677835e-12,0.428358921355244,-0.0942946416225995,-0.00696219424618295,0.00386726242748698,-0.200888956828743,-1.53182791472166e-13,0.826167024831084,0.107456872883154,0.0195541799817007,-0.035924610017076,0.000598328441236314,6.70986521340575e-05,-0.000492811739501711,-0.0001110444897763,0.000125416683616099,0.00119563448873514,-0.0240058999625905,2.38598814637195e-06,6.6863455429742e-05,0.000451378458048904,-0.000170982547233345,-2.18806862947504e-05,-0.000222003900118405,0.000180749248785571,-1.16712645577976e-17,1.26078385553007e-12,0.0231784038191884,-0.00140622644899336,-4.79838516019883e-05,8.36801632711527e-05,2.40749116771601e-05,3.24393290007663e-16,4.96743865776791e-06,2.09684700158697e-16,-0.00366251359686089,1.14491749414469e-16,4.59701721133854e-17,-6.82659690432456e-17,9.34481260702345e-17,9.56205237095589e-18,2.51534904016637e-17,5.81257379832114e-07,2.34187669256869e-17,-2.70339009520053e-18,8.45025361156484e-15,-1.8193966893975e-16,2.68968874950204e-15,1.68549516375768e-17,1.05970624712752e-17,3.1862412735137e-17,-7.58941520739853e-19,-9.68137938037283e-05,0.000613389472466525,-1.29020058525775e-16,-2.01496223040198e-16,7.66241868921311e-17,-4.6338087125358e-17,-4.36861255816295e-05,2.10971365417322e-05,2.34187669256869e-16,1.64798730217797e-17,-9.06126620181488e-17,-8.38265446850957e-17,-2.60642202265515e-16,-2.203128428751e-16
"t23",0.113420886912298,-0.0534651605161296,-0.0031788017116502,0.0129160229026471,-0.134738417997315,-0.135842289434405,-0.0115310749973229,0.00152954051455697,0.297917939604446,0.00271615098460519,-0.0420172665914253,0.00226316393935086,-0.00111339767806768,0.00676031464960128,-0.0293284789058872,-0.00481414607525145,-0.000581767531023116,0.00168283398993751,-0.00276282793822128,0.0292678441224831,0.0212859152129114,0.0495547351378814,-0.00020740340616619,-1.34977659270158e-12,-0.112483974599523,0.0245998290880843,0.00193759095569936,-0.00120281089080503,0.145160319283996,-1.21530227449364e-13,0.0283081044859618,0.00335309395472921,0.000540502738935357,-4.03920955115225e-05,4.873316782757e-06,5.21586696451692e-07,-3.56214821334473e-06,-7.39746757499622e-07,5.59303965947809e-08,-3.23416624017914e-06,0.00176815867219763,-1.83558710430739e-07,-7.54596399565356e-06,-6.30873394726148e-05,4.21139646701648e-05,6.14530324715302e-06,0.000118268252056505,-0.000278603708870395,-3.09308801690941e-16,-7.97905158111187e-12,-0.838285565381765,-0.00160274663040248,-3.51216096945665e-05,5.69991453289852e-05,1.61519810214682e-05,-1.36436001385576e-15,4.29146943014928e-06,1.92025215173253e-14,-0.321139824930979,-3.95083271653718e-15,2.25514051876985e-15,-7.44812003117297e-16,-1.66476088693302e-16,3.43082629674393e-16,7.37257477290143e-17,2.13454295822525e-07,-1.12757025938492e-17,-3.94105604881324e-17,3.3307358209661e-15,2.00004018866487e-16,9.85322934354826e-16,-5.26451860712667e-17,4.51007573191751e-17,-1.0059687330627e-16,5.00034041950315e-16,-3.44969045769504e-05,0.00021836097219209,-5.05238212378245e-17,4.61125818176392e-16,1.39581537597262e-16,-1.28588426045672e-16,-1.55392313892552e-05,7.50445296223735e-06,8.67361737988404e-17,8.15320033709099e-17,-4.13746653606641e-17,-2.85414876295392e-16,-1.09721259855533e-16,5.47080919533837e-17
"t93",0.114909646085629,-0.0544965313572884,-0.00328668872838057,0.0134965762595656,-0.141119609706403,-0.142338905857779,-0.0123009956266944,0.00165336953762132,0.32496323366046,0.00307362798990318,-0.0491072052031394,0.00268730201863407,-0.00136341247812304,0.00833695250550998,-0.0366747527812628,-0.00603958665839506,-0.000746100632455018,0.0021762128254426,-0.00358368491538472,0.0397077382342464,0.028943136993096,0.0678728994197055,-0.000307328587948804,-2.0453090280724e-12,-0.17966390824146,0.0395603885058469,0.00327920697771287,-0.00207398183549021,0.260731232256022,-2.24747705871499e-13,0.0570158895367962,0.00678013729484827,0.0010985446573035,-9.17728707884209e-05,2.39390034477722e-05,3.51794526527033e-06,-2.81962077964687e-05,-6.75505763769518e-06,1.03161073388134e-05,0.000106752524518772,-0.0040009553916972,4.03608723123072e-07,1.29993798055218e-05,9.55147608429005e-05,-4.6571838979304e-05,-6.35980850067358e-06,-9.21920391228253e-05,0.000158563957499271,3.6573109809317e-17,3.79413665024346e-12,0.376663293656705,0.000385446129663163,2.46143118310532e-06,1.95762662669706e-07,7.64676773124556e-07,-5.88938620094126e-16,1.39214386085836e-06,1.58436631869652e-14,-0.261995626833386,-2.47111359152896e-15,1.39818712163731e-15,2.64704177121666e-17,7.15801360313381e-17,-8.76329774369559e-17,-3.39138439553466e-16,3.20203283031301e-08,2.08166817117217e-16,-8.7606821353939e-17,6.74144482100892e-16,5.14307575086684e-16,5.55111512312578e-17,-1.3694766240283e-18,-3.31958994063618e-16,-9.18366689830275e-17,1.91903784529934e-17,-1.10401188787418e-05,7.26334713418734e-05,-8.30282023689399e-16,-7.15636397616461e-16,-7.53172103731139e-16,1.11509389006736e-15,-5.85691824934835e-06,2.83417639502202e-06,5.54677831443584e-15,2.06605565988838e-15,8.98477290091182e-15,0.707106781186547,-2.05118040608188e-14,4.12572376090269e-16
"t94",0.114909646085629,-0.0544965313572884,-0.00328668872838056,0.0134965762595656,-0.141119609706403,-0.142338905857779,-0.0123009956266944,0.00165336953762131,0.32496323366046,0.00307362798990322,-0.0491072052031393,0.00268730201863407,-0.00136341247812298,0.00833695250551002,-0.0366747527812627,-0.00603958665839505,-0.000746100632454984,0.0021762128254426,-0.00358368491538463,0.0397077382342464,0.028943136993096,0.0678728994197054,-0.000307328587948795,-2.04530540567479e-12,-0.17966390824146,0.0395603885058469,0.00327920697771288,-0.00207398183549017,0.260731232256022,-2.24847237770985e-13,0.0570158895367961,0.00678013729484823,0.00109854465730346,-9.17728707885146e-05,2.3939003447904e-05,3.5179452653189e-06,-2.81962077964045e-05,-6.75505763769518e-06,1.03161073388248e-05,0.000106752524518697,-0.00400095539169716,4.03608722984294e-07,1.29993798055495e-05,9.55147608429283e-05,-4.65718389791856e-05,-6.35980850069353e-06,-9.21920391229371e-05,0.000158563957499249,3.20848904450389e-16,3.79419321066755e-12,0.376663293656706,0.000385446129663259,2.46143118304461e-06,1.95762662572561e-07,7.64676772952466e-07,-1.80844922370582e-16,1.3921438609555e-06,1.54880448743899e-14,-0.261995626833386,-1.9897278269454e-15,1.81972492629967e-15,-1.64348925193862e-16,1.97998136210513e-16,-3.58060061532243e-16,1.64798730217797e-17,3.20203282660504e-08,2.51534904016637e-16,-3.32154214246507e-17,4.62094492584812e-16,-2.05257067584751e-16,4.8919202022546e-16,-1.25591784163674e-16,3.91421363289911e-16,1.61432387796868e-16,2.69749500514394e-16,-1.1040118878728e-05,7.26334713416358e-05,7.97972798949331e-16,3.60759591735336e-16,9.72877821752689e-16,-1.12963703539148e-15,-5.85691824926335e-06,2.83417639447905e-06,-5.14865927669916e-15,-1.86829718362702e-15,-9.12618054656892e-15,-0.707106781186548,2.0493155783452e-14,-7.4102018918929e-16
"t40",0.114094792288368,-0.0539323682010352,-0.00322775821113228,0.0131797954898708,-0.137638480761474,-0.138794963623519,-0.0118817314029682,0.00158602332995321,0.310266909698206,0.00288004062624906,-0.0452789301975641,0.00245860611961058,-0.00122896382416851,0.00748960533013576,-0.0327312116096099,-0.00538193903257656,-0.000658070094825977,0.00191209765173266,-0.00314437273790896,0.0341403947251979,0.0248604356407447,0.0581114754139752,-0.000254392219032695,-1.677513558486e-12,-0.144260019069057,0.0316797574999439,0.00257484757976084,-0.00161714852405376,0.200278895794915,-1.71144157285714e-13,0.0420975212480531,0.00499960863957559,0.000808692608250243,-6.52362921667593e-05,1.43475771918061e-05,2.0199261603765e-06,-1.59110056420567e-05,-3.76088716073572e-06,5.26921028675851e-06,5.28719028731056e-05,-0.0013070062354766,1.29840217615723e-07,3.56151707682495e-06,2.33481023517862e-05,-7.37832043391264e-06,-8.74366207444244e-07,-3.3313453481551e-06,-1.57366237192799e-05,-1.3818521469143e-16,-7.08340194643823e-13,-0.0812399849528323,-0.00021548182635038,-2.72108997102782e-06,-2.82306692845485e-07,-1.26845643446511e-06,2.57953380877751e-15,-3.76687883198168e-06,-5.17155762658206e-14,0.871452102403011,8.76382300063483e-15,-5.41927613895155e-15,3.87006334969634e-16,-1.57238542685287e-16,3.27748249188398e-16,3.19189119579733e-16,1.72240319830548e-07,-2.63677968348475e-16,4.70796366790463e-17,2.20474864586782e-15,-3.30955260082715e-16,8.74300631892311e-16,1.39170787938529e-16,-9.00090876027584e-17,-3.58600947882955e-17,-5.68555619251399e-16,-2.64360709414137e-05,0.000167510802047344,-9.54097911787244e-17,-1.63302701949808e-16,4.94781587308582e-17,-1.12198814579646e-16,-1.20020581641997e-05,5.79711431490659e-06,1.38777878078145e-16,9.0205620750794e-17,-2.91239631192578e-17,3.44364082614283e-17,-1.6826817716975e-16,-1.0969945468473e-16
"t45",0.111845600257508,-0.052358241837785,-0.00305907043103435,0.0122554744737656,-0.127438393657548,-0.128402439090001,-0.0106112087581306,0.00137687581014708,0.26384727383868,0.00222415832837774,-0.0314578595194359,0.00160618576494521,-0.00069498999793834,0.00407402681188855,-0.0163583446622222,-0.00263240879484831,-0.000271956724023976,0.000732101498923023,-0.0011683277089143,0.00637272559008483,0.00438954785320235,0.00831023282368359,7.55518377223853e-05,7.64827619313376e-13,0.130072776589265,-0.0307065470203586,-0.00404514256680839,0.00298009869358734,-0.515729967059166,5.5378989541596e-13,-0.285001410662112,-0.0351462164452236,-0.00597623277319028,0.00281337990724147,8.0515392125502e-05,1.02728407934891e-05,-7.85646508674881e-05,-1.82054863979812e-05,2.34723840929692e-05,0.000231551809641026,-0.00582157235486155,5.8120897165892e-07,1.69514784182437e-05,0.000117065550357214,-4.71912569457418e-05,-6.13093813916533e-06,-6.7487570869643e-05,6.73177666934283e-05,1.35057880816187e-17,8.30374265933406e-13,0.0559275380007553,-0.000328756939905913,-1.29591389903469e-05,2.33253125355142e-05,6.80851758279636e-06,1.73472347597681e-18,1.48446802010135e-06,4.7271214720368e-16,-0.00837073169572229,-4.31946145518225e-16,-1.32879818259823e-15,-4.66525687490073e-15,1.00471744352263e-14,0.707106781186548,3.0964814046186e-15,1.88770393647238e-07,-4.09394740330526e-16,-1.08613242412294e-15,9.23949189749345e-16,7.07562173386882e-16,-1.64451785522601e-15,1.52090616631822e-14,1.44956072333753e-16,-3.96188872288293e-16,2.80591522239249e-16,-3.40351985997711e-05,0.000217129531452099,-2.04697370165263e-16,-3.81539290419751e-17,-4.06375659550457e-16,5.15073441687516e-17,-1.58625024205515e-05,7.66385537395026e-06,1.52655665885959e-16,1.94289029309402e-16,3.0626943419559e-18,-4.72487193105612e-17,1.55257751099924e-16,-1.950197719466e-16
"t46",0.111845600257508,-0.052358241837785,-0.00305907043103435,0.0122554744737656,-0.127438393657548,-0.128402439090001,-0.0106112087581306,0.00137687581014706,0.26384727383868,0.0022241583283778,-0.0314578595194359,0.00160618576494528,-0.000694989997938385,0.00407402681188851,-0.0163583446622222,-0.00263240879484826,-0.000271956724023984,0.000732101498923093,-0.00116832770891444,0.00637272559008484,0.00438954785320234,0.00831023282368371,7.55518377223908e-05,7.64872704187322e-13,0.130072776589265,-0.0307065470203586,-0.00404514256680829,0.00298009869358754,-0.515729967059166,5.53826292217645e-13,-0.285001410662112,-0.0351462164452235,-0.00597623277319037,0.00281337990724128,8.05153921255367e-05,1.0272840793548e-05,-7.85646508675956e-05,-1.82054863982093e-05,2.34723840930847e-05,0.000231551809641259,-0.00582157235486147,5.81208971617286e-07,1.6951478418098e-05,0.000117065550356382,-4.71912569451885e-05,-6.13093813869349e-06,-6.7487570869669e-05,6.73177666929599e-05,8.80769825301345e-18,8.29877700066854e-13,0.0559275380007545,-0.000328756939905889,-1.29591389897467e-05,2.33253125355454e-05,6.8085175824032e-06,2.60208521396521e-18,1.48446802059748e-06,7.90166543307436e-16,-0.00837073169572183,2.1163626406917e-16,1.37563571644961e-15,5.16715429141427e-15,-1.00790876060975e-14,-0.707106781186548,-3.13984949151802e-15,1.88770388519829e-07,3.19189119579733e-16,1.03184325170476e-15,4.47684055051264e-15,-8.13790226969934e-16,3.49026363366534e-15,-1.52466101740679e-14,-1.46476251128185e-16,3.3933330006223e-16,-4.47341816367519e-16,-3.40351985997816e-05,0.000217129531452193,1.86482773667507e-16,-2.636679531102e-16,2.25063701762692e-16,-8.72703783010889e-17,-1.58625024205168e-05,7.66385537407516e-06,1.12757025938492e-16,-6.93889390390723e-18,-1.04490256514096e-16,9.15291448159788e-17,-1.8474805019153e-16,-2.01958626271854e-16
"t14",-0.00560411432749212,0.118257428204437,0.00700130989440619,0.0208100828164207,-0.0483188783006742,0.0469945139742852,0.430651742243386,0.298089287302133,-0.00259972814371138,0.00551119310016104,-0.0074984216842739,0.00857214436491251,-0.00269329943171534,0.0265765758629634,-0.00508932740358301,0.0132668124329422,-5.32818865828775e-05,0.00624339466363079,-0.0025124378916032,0.0044445769268634,-0.00182559485716612,0.000754835938126942,-1.358914576441e-05,-2.39311451873321e-12,-0.00194188430050325,0.000332997379808487,-0.0020332011588801,0.000404175184408599,-0.000227282154050289,-2.54771339416477e-13,-0.00058058303319463,0.00302134383902316,0.00155701275116212,-0.000110006973476658,-0.000376307254504864,-7.66696308098476e-05,0.00215172664255539,0.000192185230924173,-0.00507774262176115,-0.833260655538285,-0.00115231787837473,-0.000242429705216972,0.000148852065928902,0.000925522241838876,-0.000309402934468948,-3.88062921546349e-05,-0.00036597348574503,0.00112929018018933,-3.13747204980877e-16,1.32424519079492e-13,0.000241620466875958,-0.00017443943227708,-0.000202504718867428,0.000120504714675348,3.44748394826157e-05,-1.28803218091278e-16,2.80746376451263e-05,9.56266316132215e-17,-4.10897342279157e-05,2.5804011705155e-16,-3.07479736116889e-16,-3.7245718908459e-17,-3.1170379753227e-17,-1.59018145269489e-16,2.57172755313562e-16,7.8808193626251e-07,-1.59594559789866e-16,6.63298254046198e-18,2.73015243297164e-12,4.40223154352412e-17,4.01415012341033e-15,-1.91395616151389e-17,2.25827931601805e-16,-5.37241315409992e-17,-7.67615138119737e-17,-1.13701545125934e-05,2.3485656425625e-05,7.0906822080552e-17,-2.08265551788299e-18,-5.13857312682472e-18,-1.21996031131377e-16,-1.70238966931257e-06,2.49906290202169e-06,1.61762964134837e-16,1.26634813746307e-16,-6.64266446276912e-17,4.37501943282849e-17,1.77809156287623e-16,-1.7700309048782e-16
"t55",-0.00567364513797538,0.120422100824093,0.00722888460102001,0.0217122139939778,-0.0505293204787981,0.0491661173588454,0.458775798811878,0.321911898018802,-0.00283420414801374,0.00625167770472518,-0.00882326466780723,0.0102762526868285,-0.00335193316432217,0.0333688843120008,-0.00650393632019754,0.0170254515351101,-7.0382923434023e-05,0.00834001195720042,-0.00336997772139038,0.00635172608938887,-0.00261750098460026,0.00109396734080837,-2.23284543931599e-05,-4.09070767207172e-12,-0.00366394344007979,0.000636923938110511,-0.00433672649475425,0.000900081447328255,-0.00056035601945573,-6.79284077923436e-13,-0.00204945129034215,0.0108260274770618,0.00569090584497684,-0.000711934095672075,0.000614245997188186,8.78188202829821e-05,-0.00217556097839344,-0.000177342341488979,0.00280660437139653,0.390820383601908,3.47249427534706e-05,5.6779608269416e-06,4.86178717988041e-06,5.66795721313341e-05,-3.90207403436638e-05,-5.38675698970184e-06,-6.90260181237133e-05,0.000265355177394304,1.19060738107549e-16,3.43129755440185e-14,6.37077236604319e-05,-5.52860656124624e-05,-7.28026732852386e-05,4.51692953575061e-05,1.31820928375059e-05,2.49366499671666e-17,1.13755460940052e-05,1.98408997564847e-16,-1.69736260044531e-05,-2.34187669256869e-17,4.48426018540005e-16,3.91595862304752e-15,1.07891409937036e-15,1.76420858109159e-15,-3.96687890868996e-15,3.88537661144702e-07,-1.74556549770166e-15,-2.10969128645714e-15,0.707106781184921,1.68150950877621e-14,3.24774929172378e-14,-3.4668741105486e-16,-1.55957544475256e-15,-3.2594527829627e-16,-2.90024081139872e-18,-6.33499810203265e-06,1.3214164974967e-05,3.03468188078693e-16,9.21394997120747e-17,2.43974992901875e-16,1.71829763807345e-16,-9.91914062482488e-07,1.45697940076399e-06,4.25007251614318e-17,1.72604985859692e-16,-6.14194773701573e-17,-8.00966521223747e-18,-1.26851654180804e-16,-5.74828211427981e-17
"t91",-0.00567364513797414,0.120422100824057,0.00722888460101647,0.021712213993963,-0.0505293204787623,0.0491661173588102,0.45877579881143,0.321911898018427,-0.00283420414801009,0.00625167770471385,-0.00882326466778776,0.0102762526868037,-0.0033519331643128,0.033368884311905,-0.00650393632017778,0.0170254515350579,-7.03829234338232e-05,0.00834001195717203,-0.00336997772137883,0.00635172608936411,-0.00261750098458977,0.00109396734080403,-2.23284543931052e-05,-4.09064208877172e-12,-0.00366394344005993,0.000636923938106977,-0.00433672649472869,0.000900081447322894,-0.000560356019452216,-6.79269538712146e-13,-0.0020494512903277,0.010826027476985,0.00569090584493627,-0.000711934095666528,0.000614245997180869,8.78188202819022e-05,-0.00217556097836879,-0.000177342341487039,0.00280660437136166,0.390820383596894,3.47249427527412e-05,5.67796082690539e-06,4.86178718004174e-06,5.66795721303132e-05,-3.90207403428062e-05,-5.38675698928074e-06,-6.90260181223407e-05,0.000265355177387927,1.52695160332278e-16,3.38604503117034e-14,6.37077236585272e-05,-5.52860656104406e-05,-7.2802673282267e-05,4.51692953549812e-05,1.31820928371495e-05,1.70002900645727e-16,1.13755460936444e-05,1.30104260698261e-17,-1.69736260037922e-05,-2.95336671785051e-16,-1.26634813746307e-16,-3.94549997951963e-15,-1.07902507143854e-15,-1.66597585692108e-15,3.58090293528512e-15,3.8853766077217e-07,2.02051916864399e-15,2.07825669831312e-15,-0.707106781188175,-1.68984071729387e-14,-2.84113010895481e-14,3.35521965263375e-16,1.32673010857596e-15,2.91753087155244e-16,1.85398571495021e-17,-6.33499810245722e-06,1.32141649760303e-05,-5.95118572477293e-16,-2.9644572169893e-16,-1.30730026000019e-16,-2.46297251418985e-16,-9.91914062439987e-07,1.45697940088889e-06,2.22478285794026e-16,7.11236625150491e-17,1.50658065076935e-17,-3.57333666332384e-17,-2.32019264911898e-16,-1.66748948664327e-16
"t11",-0.00750142730490691,0.20343520247888,-0.251974384387847,-0.0237540167961967,0.0421317567066792,-0.0390277731196432,-0.0580580344451646,0.00391290567455055,-0.000177432446206839,0.000846604021071192,-0.00116856715190003,0.00124250621760953,-0.000289393460184744,0.0025546753158539,-0.000360940859481587,0.000855436361165691,-8.06095384222986e-07,-3.86895596132808e-05,3.60496540120492e-05,-0.000719726952273426,0.000311665079464282,-0.000151303108086427,8.97842345320282e-06,2.0565265053448e-12,0.00293941900166816,-0.000541578801780818,0.00570368772081037,-0.00139641252545886,0.00128716467039846,2.14769990204494e-12,0.0487024087564902,-0.340806874884667,-0.306972533552795,-0.00323017539634252,0.000496364494833788,4.97646173003852e-05,-0.00102510695027734,-7.01652644429177e-05,-0.801984275135658,0.00963414867901649,-0.000518365998383927,-0.000110304033015232,7.41179118335135e-05,0.000481585355148893,-0.000178909940748715,-2.29922001607312e-05,-0.000251385098769912,0.143554788990689,1.00660353668878e-15,3.94809292704824e-14,8.842289665724e-05,-9.20333976859554e-05,-0.000114864091137722,6.95463212420627e-05,2.00470074215875e-05,2.8796409701215e-16,0.00221448769905309,-6.71337985203024e-16,-2.44969522428737e-05,5.84601811404184e-16,6.07153216591882e-17,-1.09387575901633e-16,-2.96585093510422e-16,-6.81896952038402e-17,-7.97972798949331e-17,4.90712975104862e-07,2.70616862252382e-16,-6.01422265256513e-17,2.775249614277e-14,-1.01479837163514e-16,2.29330443524134e-15,-5.7175317922392e-17,1.12569129818633e-16,-9.94567257462435e-18,-6.61363325216158e-17,-7.21701831369725e-06,1.49244303788085e-05,-4.16333634234434e-17,-2.35149088033733e-16,7.89400146694109e-17,-8.28957432784781e-17,-1.08577788982336e-06,1.593982730759e-06,1.28369537222284e-16,7.28583859910259e-16,1.42255295616465e-16,7.61237445942047e-17,-2.1163626406917e-16,1.08272540101679e-16
"t65",-0.00789311024980847,0.21940006932113,-0.288746303072253,-0.0285503853968029,0.0511840841354655,-0.0475116801217723,-0.0771676023598862,0.00558012766958282,-0.00026637140645203,0.00161988626466532,-0.00295470411296884,0.00373458213463313,-0.00137821302292714,0.0140566102504284,-0.00286556719009275,0.00757693087365155,-3.34198460315103e-05,0.0040537050871805,-0.00165181396950088,0.00351275459264549,-0.00145617300254373,0.000620461019383518,-1.57595899316813e-05,-3.09493166477475e-12,-0.00331960096014043,0.000592290913502876,-0.00503722382843262,0.00115174461103056,-0.000926806240797089,-1.42046824191724e-12,-0.0257695351684448,0.17868702858432,0.159057960670011,0.00133137733025572,-8.38727991073068e-05,-6.84702104630786e-06,0.000129680947076044,8.31105250905656e-06,0.0606174377128359,-0.000607647493656232,-2.09776804035167e-05,-4.75114376432065e-06,5.03635269938005e-06,4.02857644393045e-05,-2.4163474605223e-05,-3.44962260107398e-06,-6.47180242972622e-05,0.159999543821603,1.12485591266812e-15,-3.59453835739583e-14,-4.87485229161632e-05,5.20984160105875e-06,-1.45940523179136e-06,1.52227267875404e-06,4.1316662708493e-07,-1.44498128740178e-14,-0.508040371509337,5.33340732689069e-15,-5.0273472806811e-06,-3.53363172056476e-15,-6.12357387019813e-16,-2.38653343669251e-16,-2.48777440149408e-16,7.11850171619542e-17,-5.65519853168439e-16,8.3018984331799e-08,-3.93782229046735e-16,8.10218905250046e-17,3.23245090075766e-15,-5.36182920577638e-16,1.38430933382949e-15,-1.36525040452334e-16,-0.707106781186547,1.32861189609662e-15,4.31729305083728e-16,-1.57401768697326e-06,3.32231727649419e-06,-4.20670442924376e-16,-5.0532940815619e-17,-1.7071788607553e-16,-3.34900784705475e-16,-2.60044843710533e-07,3.82242130284732e-07,1.35308431126191e-16,3.64291929955129e-16,-1.89942204442904e-16,2.24149557428429e-16,4.64038529823796e-16,-2.41153724086332e-16
"t66",-0.00789311024980849,0.21940006932113,-0.288746303072253,-0.0285503853968029,0.0511840841354655,-0.0475116801217722,-0.0771676023598862,0.00558012766958277,-0.000266371406452109,0.0016198862646653,-0.00295470411296884,0.00373458213463321,-0.00137821302292716,0.0140566102504283,-0.00286556719009273,0.00757693087365157,-3.34198460315337e-05,0.00405370508718053,-0.00165181396950098,0.00351275459264549,-0.0014561730025437,0.000620461019383529,-1.57595899316829e-05,-3.09490608837925e-12,-0.00331960096014042,0.000592290913502848,-0.00503722382843259,0.00115174461103061,-0.000926806240797129,-1.42049925679719e-12,-0.0257695351684448,0.17868702858432,0.159057960670011,0.00133137733025565,-8.38727991073832e-05,-6.84702104636684e-06,0.000129680947075956,8.31105250926906e-06,0.0606174377128359,-0.000607647493655845,-2.09776804036693e-05,-4.75114376438223e-06,5.03635269956046e-06,4.02857644390339e-05,-2.41634746050746e-05,-3.44962260101847e-06,-6.47180242970558e-05,0.159999543821603,1.08591917147391e-15,-3.64397811925643e-14,-4.87485229160987e-05,5.20984160120794e-06,-1.45940523190238e-06,1.52227267826138e-06,4.13166627187143e-07,-1.47729051214185e-14,-0.508040371509337,5.84688547577983e-15,-5.02734728063253e-06,-3.83200415843277e-15,-6.17561557447743e-16,-1.5292896214637e-15,-5.12455787984963e-16,-5.93215275320542e-16,2.16840434497101e-16,8.30189843018751e-08,-6.33174068731535e-16,3.23958535955431e-17,6.23032424041823e-15,3.10362270420103e-16,-2.08166817117217e-17,3.08432893095462e-16,0.707106781186548,-6.14279592949814e-16,-2.73218947466347e-16,-1.57401768689173e-06,3.32231727637883e-06,2.74086309204336e-16,2.68656249100897e-16,2.4561580483028e-16,3.17356111288547e-16,-2.60044843818086e-07,3.82242130409632e-07,1.38777878078145e-17,-8.15320033709099e-16,1.01487744374538e-16,-3.86473854824933e-16,-4.9439619065339e-16,-3.93810085475888e-16
"t69",-0.00789975708656085,0.219670082565688,-0.289363326867454,-0.0286303965906938,0.0513348990120677,-0.0476529902017252,-0.077482755768427,0.00560742321886912,-0.000267820244191168,0.00163223037696704,-0.00298271450479324,0.0037733242853765,-0.00139485643879963,0.0142317481465673,-0.00290341578302974,0.00767832243467533,-3.39059372173247e-05,0.00411442421195845,-0.0016768156075137,0.00357393679301741,-0.00148169692309142,0.000631559890292164,-1.61005809718082e-05,-3.16505568186141e-12,-0.00340249248065779,0.000607253242601919,-0.00517519209228069,0.00118415742328334,-0.00095437465489114,-1.46426550170346e-12,-0.026643884046138,0.184774071873111,0.164504389596199,0.00138179945484339,-8.84608465708679e-05,-7.2489377672489e-06,0.000137499479820719,8.82229387123119e-06,0.0648074778753879,-0.000651246440889026,-2.31293057049646e-05,-5.24309558490912e-06,5.60608864249245e-06,4.50900358452896e-05,-2.74993184671842e-05,-3.9424241159141e-06,-7.55566662899775e-05,0.192702200027597,1.38401273526157e-15,-4.46784326094135e-14,-6.04750943759262e-05,7.19230764850503e-06,-2.65284683877327e-06,3.79327437742419e-06,1.47645281032422e-06,1.40706673742996e-14,0.491381866624336,-5.82227408646441e-15,9.93703320479461e-07,3.55282209901775e-15,8.98803600990483e-16,1.33012825421085e-15,3.27247844994638e-16,-1.58208032794087e-16,1.26092712660064e-16,6.540590113667e-08,4.79867881542084e-16,-8.65398954197703e-17,3.5288236562231e-15,-4.79906734062754e-16,8.11416905888152e-16,-1.2620070361003e-16,-7.63533967130447e-16,-0.707106781186548,5.4151561706961e-15,-1.39593306385671e-06,2.96305959922923e-06,1.18828558104411e-16,8.87055628205843e-17,-1.28291067091136e-16,-3.86471335486864e-16,-2.36034942701323e-07,3.47044269529816e-07,5.20417042793042e-18,-1.43114686768087e-17,-2.3322676264013e-16,3.32690925279182e-17,2.01498973756431e-16,-3.80351162367404e-16
"t70",-0.00789975708656085,0.219670082565688,-0.289363326867454,-0.0286303965906938,0.0513348990120677,-0.0476529902017251,-0.0774827557684269,0.00560742321886912,-0.000267820244191158,0.00163223037696705,-0.00298271450479325,0.00377332428537652,-0.00139485643879964,0.0142317481465673,-0.00290341578302975,0.00767832243467532,-3.39059372173384e-05,0.00411442421195846,-0.00167681560751375,0.00357393679301746,-0.00148169692309142,0.00063155989029223,-1.6100580971839e-05,-3.16514546407714e-12,-0.00340249248065773,0.000607253242601941,-0.00517519209228075,0.0011841574232833,-0.00095437465489115,-1.46431291429931e-12,-0.026643884046138,0.184774071873111,0.164504389596199,0.00138179945484347,-8.84608465708892e-05,-7.24893776725584e-06,0.000137499479820732,8.82229387138775e-06,0.0648074778753879,-0.000651246440889056,-2.31293057047827e-05,-5.24309558484141e-06,5.6060886425382e-06,4.50900358453562e-05,-2.74993184672161e-05,-3.94242411590477e-06,-7.55566662898127e-05,0.192702200027597,1.28239307068304e-15,-4.51173169853124e-14,-6.04750943761878e-05,7.19230764864771e-06,-2.65284683884743e-06,3.79327437764656e-06,1.4764528098656e-06,1.41109454850075e-14,0.491381866624337,-5.21002511966184e-15,9.93703320613035e-07,3.23796978812796e-15,6.11598445499073e-16,1.92150567237895e-16,4.10514748059262e-16,3.19275170658284e-16,1.94831130395645e-16,6.54059011710663e-08,2.58907478789538e-16,-4.45272730347602e-17,4.38911235251793e-15,5.67866178692223e-16,-5.04587691074754e-16,3.33931706278265e-17,5.13221322889411e-16,0.707106781186548,-5.46296948650271e-15,-1.39593306378364e-06,2.96305959884889e-06,-2.56305393575573e-16,-4.66405990341352e-16,2.88042529344366e-16,1.8251733266017e-16,-2.36034942552787e-07,3.47044269547164e-07,3.10949183068843e-16,1.34441069388203e-17,1.20659739104449e-16,1.4429200472362e-16,-3.74862901136863e-16,2.02516520111434e-16
"t22",-0.00776119116634872,0.214036576972055,-0.276465466564606,-0.0269555662163548,0.0481770225745374,-0.0446939609612927,-0.0708681026763653,0.00503355536226447,-0.000237324543928532,0.00137121341224396,-0.00238810930791964,0.00294935287884298,-0.0010396076854665,0.0104904492743579,-0.0020936113705611,0.00550816206040494,-2.34760738974452e-05,0.00281039909835672,-0.00113969254606482,0.00225313952179491,-0.000930558115520496,0.000391717854906017,-8.67270543532966e-06,-1.63342995404505e-12,-0.00158390148510375,0.000278782953127758,-0.00213245362578458,0.000468167833327204,-0.000343285079598965,-4.91433958471495e-13,-0.00708632251102202,0.0485780259509789,0.0425952082172179,0.00024422467780863,1.89677282051715e-05,2.2464421349129e-06,-4.78765215471931e-05,-3.33255029013636e-06,-0.0365423850903171,0.00040967408557532,3.31341620077377e-05,7.65115408764283e-06,-9.67564877569355e-06,-8.57135626761672e-05,6.76727931459677e-05,1.02896241551444e-05,0.00025816403989434,-0.92188652445075,-6.43854321362658e-15,2.65034626307943e-13,0.00038437908085208,-0.00011971099408949,-0.000106966884001261,5.98690745800684e-05,1.66957009532194e-05,1.41206490944512e-15,0.0295142840323924,3.83373888190874e-16,-1.80646248804095e-05,2.28983498828939e-16,-8.67361737988404e-18,3.05761468435501e-16,1.00872327118594e-16,2.78340764177405e-16,-1.73472347597681e-17,3.11362148770408e-07,2.77555756156289e-16,-1.28192750150572e-17,1.74029171793655e-14,1.36526117034666e-16,1.58206781009085e-15,-6.4103483032837e-17,-2.25134338901733e-16,-5.94642496420863e-17,-2.58473797920544e-16,-4.36346752926906e-06,9.00565704468198e-06,-4.5102810375397e-17,-2.36786200047954e-16,5.74988742084965e-17,-1.05852694773403e-16,-6.52052053896207e-07,9.57199604918746e-07,1.38777878078145e-16,-1.94289029309402e-16,-9.18572027589018e-17,-6.37894239627997e-17,8.50014503228635e-17,-6.73943404647137e-17
"t10",-0.00737556242181005,0.198298932471301,-0.240110719597879,-0.0222032959234097,0.0392036781626699,-0.0362833112994451,-0.0518536817741399,0.00337012037664091,-0.000148422229928735,0.000592370743010043,-0.000577081515125413,0.000414238396413693,7.51209147933272e-05,-0.00130246690659632,0.000481820175510086,-0.0014080251971912,1.02368125487881e-05,-0.00142727363654995,0.000609196929716657,-0.00217386062276231,0.000919394493742884,-0.000417130119083071,1.7689151525633e-05,3.88266682333636e-12,0.00519392115944127,-0.000950875700201484,0.00964547778773574,-0.00233740958795881,0.00211631934045119,3.50062155181291e-12,0.0777990025183651,-0.54408729168657,-0.489698816334689,-0.00510277588488284,0.000874165015451088,9.87006364248991e-05,-0.00221071942720823,-0.000166113700991366,0.582832972783652,0.00251269478607552,-0.000557359274753165,-0.000118889131565743,8.11319133456959e-05,0.000529458841729939,-0.000196044508259175,-2.50868462736767e-05,-0.000260635040974826,0.063601281621346,4.15276566940617e-16,7.56902194523571e-14,0.000145567725310364,-0.000120693787088677,-0.00014611455912944,8.79373726891258e-05,2.52855554380289e-05,1.16226472890446e-16,0.0012976509567951,4.18068357710411e-16,-3.06677832334901e-05,0,-1.38777878078145e-17,-6.34976864827611e-17,1.93185893042368e-16,9.33748223316434e-17,3.12250225675825e-17,6.06147654581488e-07,-2.42861286636753e-16,2.69709615849197e-17,3.44509735950146e-14,-1.98694428535885e-17,3.32373017997156e-15,2.75131788181449e-17,-8.98652118992932e-17,-4.86276181879942e-17,-6.91720986045752e-17,-8.83481455684655e-06,1.82552254224533e-05,-1.28369537222284e-16,7.582752930135e-17,3.678219925525e-17,-9.73878558561651e-17,-1.32407166930637e-06,1.94370499986829e-06,1.28369537222284e-16,-4.02455846426619e-16,-1.01078833301355e-16,-1.60858802095094e-17,-2.34187669256869e-16,-1.60220440870058e-16
"t1",-0.00550402717300395,0.117353410399406,0.0827568682960156,-0.00453016930113467,0.00201635376359979,-0.000794209710745996,0.0466165473607304,-0.0491269902364158,-0.0001299134157807,-0.00505668742058311,0.01913917900857,-0.0354637739879622,0.0401341193473077,-0.72950535503015,0.080263051517208,-0.605919163687291,-0.00131042336919027,0.221429941892254,-0.0122795895843308,0.0353914667449432,-0.0143322228576045,0.00568068730356946,-8.18315452643557e-05,-2.50627860840301e-11,-0.0116662596101232,0.0020200356804341,-0.0574072321493314,0.0017796182244495,-0.00128492872692817,-1.53809243410992e-12,-0.00371450638160981,0.01849001814255,0.00613396252426262,-0.00147560246984916,0.000759753479716243,9.05744131255697e-05,-0.00827698131837354,-0.00014263902137944,0.000521281595861496,0.00501145706946582,-0.00078869176101122,-0.000168348683737078,0.000115634787461199,0.000757191196500357,-0.000281487058974535,-3.59866611912511e-05,-0.000364097705956924,0.000849214712997518,-5.06747024366348e-17,1.43717839802494e-13,0.000264193002478652,-0.000202124548130642,-0.000928277173085636,0.00014760753336595,4.25214364553268e-05,2.05998412772246e-16,2.53189993575818e-05,1.346579098227e-16,-5.20438851633071e-05,-6.33174068731535e-17,1.21430643318376e-17,-1.88934675996114e-17,-3.89618738944026e-17,-9.54331583605604e-18,-3.46944695195361e-17,1.05920536596618e-06,-7.45931094670027e-17,-6.16582517425983e-17,4.36227130673935e-14,-4.0985790262476e-17,5.58234014569337e-15,-1.10222480743104e-17,-2.96951201018756e-17,-1.4105749186027e-17,4.06575814682064e-18,-1.58623455263679e-05,3.28541484681593e-05,-1.12757025938492e-17,-7.53094992234809e-17,5.10214029642832e-17,-7.23634949780866e-17,-2.40375479410287e-06,3.52919095492413e-06,1.18828558104411e-16,5.63785129692462e-17,-1.77715115222381e-17,-2.21365132757716e-17,-1.17527515497429e-16,-1.28254465256575e-16
"t4",-0.00687966636592793,0.169792959724098,0.215649871579406,-0.0474251752663313,0.0831427574586777,-0.078339934445612,-0.0674532183482853,0.0341067594181178,6.08724268973545e-05,0.000547837389381272,2.75460333315537e-06,-0.00115053708512528,0.00407196953611279,-0.106434401440102,-0.0388619733942254,0.110928248838151,1.23490815525122e-05,-0.000489875953836785,1.18215652461576e-05,-0.000800224218841288,0.000359219260886945,-0.000192388525576036,1.9127117891094e-05,8.8547384999543e-12,0.0114295991203334,-0.00232019961607362,0.924833216623889,0.0127962325541029,-0.00270606679031822,-2.36634819084204e-12,-0.00371025623213026,0.0182539816861661,0.00596759085397204,-0.00116706406808453,0.000515867781345731,8.60320462617685e-05,-0.106176323576998,3.85540830005488e-06,0.000233757417663332,0.0023142804195581,-0.00037830881791643,-8.07399825787066e-05,5.53679510958138e-05,0.000362146600627007,-0.000134197386293827,-1.71441130897634e-05,-0.000172928962588486,0.000402104824378042,6.47550548466588e-17,6.80354020994173e-14,0.000124859231962247,-9.5271576101303e-05,-0.00669517460855197,6.8507618129288e-05,1.9774826332717e-05,-6.46184494801361e-17,1.17846616097261e-05,5.98479599211998e-17,-2.42182632787108e-05,1.71737624121704e-16,7.97972798949331e-17,4.12609468552983e-17,-6.53552239081621e-17,7.24676959501906e-17,-2.0122792321331e-16,4.9081747965354e-07,2.30718222304915e-16,9.22539037092026e-17,2.01860129885526e-14,1.34546629445821e-17,2.53963516883005e-15,1.29429052947098e-17,-3.24472013411792e-17,2.63771381690664e-18,6.61363325216158e-17,-7.3317374395818e-06,1.51837921682167e-05,-1.37476835471162e-16,-6.57156638014211e-17,1.01822105697587e-16,-1.34330236513612e-16,-1.11066350935024e-06,1.63067363375541e-06,9.54097911787244e-17,1.90819582357449e-16,-8.48203468130931e-17,-1.67625564134583e-17,-2.94902990916057e-17,-2.0597316578127e-16
"t54",-0.00741151596405651,0.189875214728404,0.265377921081942,-0.0631917466058673,0.112843530790335,-0.106708015689917,-0.107875471250761,0.0628911534722518,0.000125736861377669,0.00232726644562767,-0.00583387660541517,0.00941249590610645,-0.011085071197904,0.251113127892703,0.0730241873594403,-0.199445463224946,-1.8416302166778e-05,0.000770782199698197,-2.02997591814413e-05,0.000454138610828612,-0.000201708958517746,0.000103839992690147,-6.14015330937384e-06,-2.44643220523562e-12,-0.00222266425152054,0.000430492958814522,-0.118096322250837,-0.00140491214309456,0.000203166742610089,1.26916701369856e-13,-7.82390900432202e-07,4.37795329294643e-05,3.11604591969401e-05,-7.02084079031023e-05,0.000246209967012335,9.59584948131316e-05,-0.26030642723804,0.000201813338330843,-7.86446882167864e-05,-0.000521089780535968,-1.92384017523341e-05,-4.33912941183272e-06,4.3082856866633e-06,3.26777210578645e-05,-1.60911782907695e-05,-2.1625838483863e-06,-2.64916925936439e-05,7.46034917811535e-05,5.3994340346994e-16,1.46500576598429e-14,2.66576787544077e-05,-3.13740509331785e-05,-0.385377349071179,-2.12689374423369e-05,-2.8796139710454e-06,-1.85355203408122e-15,3.20066572251018e-07,-2.81892564846231e-16,-1.3197974057938e-06,-5.62050406216485e-16,-5.10008701937181e-16,8.20893918848547e-16,-1.9178079268189e-15,-1.26999793870717e-15,-3.10862446895044e-15,8.50440530703652e-08,-1.25715410304039e-14,-0.707106781186548,1.42679567881787e-15,-1.47648963703806e-14,1.79023462720806e-15,-1.10535501692801e-14,-7.51573134872582e-17,-5.65830059102138e-17,-3.53992009316517e-16,-1.64409656558829e-06,3.46659080419955e-06,-2.76688394418301e-16,-1.69036776988056e-16,-7.79541913288477e-17,4.65449819556785e-17,-2.69973234729576e-07,3.96796001139732e-07,3.60822483003176e-16,-2.84494650060196e-16,3.71928398863153e-17,-1.38899666966714e-16,-1.24032728532342e-16,-1.85222646815846e-16
"t64",-0.00741151596405651,0.189875214728404,0.265377921081942,-0.0631917466058673,0.112843530790335,-0.106708015689917,-0.107875471250761,0.0628911534722519,0.000125736861377704,0.00232726644562778,-0.00583387660541523,0.0094124959061064,-0.011085071197904,0.251113127892703,0.0730241873594403,-0.199445463224946,-1.84163021667823e-05,0.000770782199698259,-2.02997591813719e-05,0.000454138610828615,-0.000201708958517769,0.000103839992690171,-6.14015330940984e-06,-2.44638816080313e-12,-0.00222266425152049,0.000430492958814556,-0.118096322250838,-0.00140491214309447,0.000203166742610112,1.26881556868362e-13,-7.82390900464294e-07,4.37795329294743e-05,3.11604591969146e-05,-7.02084079030468e-05,0.000246209967012263,9.59584948128471e-05,-0.26030642723804,0.000201813338331026,-7.86446882168735e-05,-0.000521089780535935,-1.92384017523549e-05,-4.33912941189777e-06,4.30828568657657e-06,3.26777210577778e-05,-1.6091178291113e-05,-2.16258384840538e-06,-2.64916925935832e-05,7.46034917811465e-05,-3.1606845155921e-16,1.44527324798077e-14,2.66576787544429e-05,-3.1374050933286e-05,-0.385377349071179,-2.12689374418269e-05,-2.87961397073039e-06,-1.77809156287623e-15,3.20066572415817e-07,-5.76795555762288e-16,-1.31979740593258e-06,-1.13277442981286e-15,-3.27862736959617e-16,-5.39129780827085e-16,2.36695896775338e-15,8.9027460646051e-16,3.62383734131555e-15,8.50440515180045e-08,1.20615323284667e-14,0.707106781186548,5.61100947056025e-15,1.45311137220561e-14,-7.70217223333702e-16,1.08414793224335e-14,8.10984918606838e-18,-4.96443282598136e-17,-6.48352899146332e-17,-1.64409656551717e-06,3.46659080413536e-06,1.28369537222284e-16,-1.6381099881933e-17,1.64907102646969e-16,-1.47743958439078e-16,-2.69973234785087e-07,3.96796001105038e-07,-1.70002900645727e-16,1.45716771982052e-16,1.18724617777807e-16,1.8028940718594e-16,9.54097911787244e-17,-1.60936546722213e-16
"t26",-0.00738205003541935,0.188772106942934,0.262701545896071,-0.0623561069737399,0.111274652772943,-0.105210505226777,-0.105797298269194,0.0614403249877587,0.000122512004826706,0.00224368968049212,-0.00557337391834891,0.00895267014765226,-0.0104549626982845,0.236387441944987,0.0684855416306001,-0.18688709890689,-1.71562681455899e-05,0.000716479469597742,-1.88546629688383e-05,0.000416959254840947,-0.000185090796248764,9.51100588543474e-05,-5.51637758760789e-06,-2.18630003795303e-12,-0.00196230884273195,0.000379481792353583,-0.10293226957534,-0.00121959553253932,0.000174853062598868,1.08745870554105e-13,-6.58156014124098e-07,3.68002542423971e-05,2.61674066209219e-05,-5.77775936310282e-05,0.000183522272278702,6.97686532352831e-05,-0.187366037443768,0.000144134711879264,-5.34376920662987e-05,-0.000347841085934443,-1.01678854297765e-05,-2.27436241867322e-06,2.07404344458942e-06,1.48412448839515e-05,-5.97268504948321e-06,-7.57118427703943e-07,-6.43427826565839e-06,6.31062017861228e-06,-1.03516515670939e-16,-1.47325654718186e-15,-1.80265875678674e-06,1.98204075792172e-05,0.836929295472906,8.60001084995714e-05,1.78945882648155e-05,4.24139889876329e-15,6.55673778200347e-06,1.1145598333151e-15,-1.22734921421397e-05,1.72084568816899e-15,4.49293380277993e-16,-3.00339042273104e-16,-6.03351526941516e-16,3.25614802587443e-16,-7.63278329429795e-17,1.75340811097487e-07,3.60822483003176e-16,-2.94092534433384e-17,7.15992122722569e-15,1.74152499194006e-16,8.74300631892311e-16,3.7108528032035e-16,-7.32934268709629e-18,3.2076313348583e-17,2.94144049395317e-16,-2.54974180102785e-06,5.28916721841133e-06,-1.22298005056365e-16,-1.25513429235262e-16,-1.45770629870416e-17,-9.1019096733711e-17,-3.90644896347547e-07,5.73667631145053e-07,3.12250225675825e-16,5.55111512312578e-16,-2.01559859582568e-16,-5.26619906030613e-17,-1.8474805019153e-16,-6.01580394020862e-17
"t12",-0.00723830627575834,0.183366631509894,0.249447869225359,-0.0581855239440784,0.103431264902327,-0.0977214648130623,-0.0952666304209254,0.0540170309121592,0.000105902157128456,0.00180153399584813,-0.00416258525450036,0.00643377773852841,-0.00692604286391544,0.153498819169353,0.0426832389272274,-0.115326986629217,-9.86302757679906e-06,0.000400308928027601,-1.04227031353654e-05,0.000193045488609689,-8.48507728943362e-05,4.21826393216945e-05,-1.52248298805353e-06,-4.93364249290503e-13,-0.000207996401561612,3.41811828380818e-05,0.00327712004051356,9.44827762462686e-05,-3.13702304156824e-05,-2.68642156627535e-14,3.1560336675486e-07,-1.80390837279491e-05,-1.31917543874302e-05,4.71688182249741e-05,-0.000603302211915173,-0.000301651579793262,0.903376035613988,-0.000756022187761862,0.00048611424600735,0.00390468077860168,-0.000325524342757691,-6.89938422806288e-05,4.47783876528218e-05,0.000285345755028379,-0.000100155960350906,-1.26705295284864e-05,-0.000123330330332464,0.000278688421600858,-2.47058873845777e-16,4.65584040522541e-14,8.52761836328821e-05,-6.4257169228317e-05,-0.0495197448213092,3.96586458097595e-05,1.1784778037713e-05,-4.7271214720368e-16,7.1835547224286e-06,8.50014503228635e-17,-1.47876868594327e-05,1.73472347597681e-17,8.88178419700125e-16,-5.10979894547361e-17,1.99212703858913e-16,-6.83275608528893e-17,-3.81639164714898e-17,2.97717459097138e-07,-1.52655665885959e-16,-8.66893528366688e-17,1.23315036528686e-14,-1.04841503448783e-17,1.49186218934005e-15,-3.54547734196696e-19,4.51133255252321e-17,4.51149060456434e-17,1.79977560632594e-17,-4.42711393060582e-06,9.16819046847643e-06,-1.47451495458029e-16,2.41250600327614e-17,1.29665804689165e-16,-2.89913394310824e-17,-6.70973316387047e-07,9.85138738480995e-07,3.81639164714898e-17,1.21430643318376e-16,9.04737966829592e-18,4.29132596144694e-17,1.21430643318376e-16,-9.12947312203756e-17
"t59",-0.00710874610806148,0.178299446507155,0.235803043189875,-0.0535758329053756,0.0946253568326129,-0.0892879559776596,-0.0818364711609483,0.0436025813609202,8.09748163819692e-05,0.000908336212493126,-0.000288888175865885,-0.00180747445538242,0.0106240080114782,-0.310380348319201,-0.14688850057686,0.450603929382642,0.000104784135473922,-0.00730792638948158,0.000245613030271636,0.00304765074435974,-0.00128408364470496,0.000570758684020581,-1.69400028593605e-05,-6.15704250565047e-12,-0.00479143605896162,0.000913056980501343,-0.225645131075781,-0.00259877521161485,0.000352609315848036,2.11806222529447e-13,-1.17208908974442e-06,6.52880764451149e-05,4.61962612411015e-05,-9.21875333434337e-05,0.000124246619210045,2.30534465655975e-05,-0.030899963247544,3.49159901434436e-06,6.71033629684256e-05,0.000684007993301036,-0.000132587406850563,-2.83843169747917e-05,1.99861023393276e-05,0.000132571205499576,-5.07950732140426e-05,-6.53356352940687e-06,-6.77498415518912e-05,0.000161875780628299,-1.53868429779876e-16,2.79740086926201e-14,5.11560319463814e-05,-4.03986971379223e-05,-0.00314014489095385,3.0207163479818e-05,8.76859033703469e-06,-6.76000054544712e-17,5.31502889636727e-06,2.45680212285215e-16,-1.09879614903353e-05,-3.28567468371732e-16,-3.81476534389025e-16,2.4308407202224e-15,1.43612400429972e-15,-1.54616194910374e-14,3.2588406799483e-15,2.37383244505959e-07,-8.93577746519103e-15,-1.09542579863734e-14,1.01505518882221e-14,5.21021426762868e-15,-6.20532271400354e-15,0.707106781186548,-3.68102671348717e-16,-2.07165683154887e-16,1.99093400186229e-16,-3.75396215193717e-06,7.81445004871014e-06,9.57079467761579e-17,-2.4936465389575e-16,2.8269267023056e-16,-3.22558795549107e-17,-5.82667644462992e-07,8.55763185725247e-07,-3.55076211489003e-17,-1.24032728532342e-16,-1.37603271734103e-16,1.11801920971659e-16,-1.87350135405495e-16,-1.60638938676277e-16
"t60",-0.00710874610806151,0.178299446507155,0.235803043189875,-0.0535758329053756,0.0946253568326129,-0.0892879559776596,-0.0818364711609482,0.0436025813609202,8.09748163819462e-05,0.000908336212493136,-0.000288888175865853,-0.00180747445538241,0.0106240080114782,-0.310380348319201,-0.146888500576859,0.450603929382641,0.000104784135473868,-0.00730792638948162,0.000245613030271582,0.00304765074435979,-0.00128408364470499,0.000570758684020583,-1.69400028594345e-05,-6.15695366800146e-12,-0.00479143605896154,0.000913056980501304,-0.225645131075781,-0.00259877521161486,0.000352609315848037,2.11761936894156e-13,-1.17208908974802e-06,6.52880764451972e-05,4.61962612410581e-05,-9.21875333434454e-05,0.000124246619209755,2.30534465657596e-05,-0.030899963247544,3.49159901410446e-06,6.71033629685156e-05,0.000684007993301015,-0.000132587406850566,-2.83843169748849e-05,1.9986102339598e-05,0.000132571205500069,-5.07950732139141e-05,-6.53356352934941e-06,-6.77498415517308e-05,0.000161875780628391,2.69707174429438e-16,2.75515504391081e-14,5.11560319463604e-05,-4.03986971378123e-05,-0.00314014489095327,3.02071634799208e-05,8.76859033741095e-06,2.63786388565723e-16,5.3150288962028e-06,-1.83175957041426e-16,-1.09879614901198e-05,3.23038037292056e-16,3.74537640485118e-16,-2.49577245716455e-15,-1.46975438178278e-15,1.54397695919296e-14,-3.47269955847107e-15,2.37383244446125e-07,9.06056913524411e-15,1.09929481371455e-14,9.40660207575978e-15,-5.22328017147772e-15,8.74463262218184e-15,-0.707106781186548,3.10172832857314e-16,1.8921932846736e-16,-2.3549548812743e-16,-3.75396215196276e-06,7.81445004868542e-06,-3.56973565290852e-16,7.65464816034933e-17,-2.22979248955186e-16,-9.0369454892311e-17,-5.82667644514817e-07,8.5576318559666e-07,3.80012861456169e-16,-2.13587827979644e-17,4.06406138629845e-17,-1.17181363310679e-16,8.83353720032565e-17,-9.60203237259647e-17
"t2",-0.00551210514013188,0.114979144868903,0.0549166032928582,0.0125864545759296,-0.0347233416019075,0.0351803717216171,0.189734544486086,-0.346469097757206,-0.00593011814511167,0.00505000149372046,-0.00436495551714329,0.00292416813208587,0.00194297336512939,-0.0389645114466219,0.0112884255991441,-0.0529738905794588,0.000395641833337723,-0.53995377656395,-0.130951467809045,0.0191153041258699,-0.00767679442179757,0.00297956436307367,-4.14390411244683e-05,-0.707106781071805,-0.00588581707716909,0.00101439137426023,-0.0109620260129829,0.00123177217655682,-0.00075700798809851,-8.92602339558155e-13,-0.00214699274231669,0.0106892358058149,0.0035470114654145,-0.00085989861655595,0.000455968625360587,5.38858642840888e-05,-0.00199589804883766,-8.92854831878124e-05,0.000321131510849224,0.00309171328544169,-0.000494255822869546,-0.000105538927329994,7.27280755915133e-05,0.000477092386944256,-0.000178163221307789,-2.27991306527252e-05,-0.000231605477553562,0.000542463171723712,1.28670781842377e-16,9.22861316871491e-14,0.000169240600657529,-0.000130231366998815,-0.000255069048525357,9.58483587381199e-05,2.76371179826902e-05,1.81278603239576e-16,1.65089932128125e-05,1.02348685082632e-16,-3.39747220950218e-05,-2.60208521396521e-17,2.51534904016637e-17,-1.59765122088766e-17,2.31340124047179e-17,-4.41400488577325e-17,-1.27502175484295e-16,7.01055140528949e-07,2.94902990916057e-17,5.47708206310948e-17,2.88218449848061e-14,-4.59025451775337e-17,3.94476118437126e-15,-1.24117483330369e-17,-2.71889212369928e-17,-5.57211023477312e-17,2.34187669256869e-17,-1.06467562271213e-05,2.20813738267085e-05,-4.90059381963448e-17,-3.63104850817291e-17,-8.2030552840196e-17,-4.40400919853694e-18,-1.62392118840948e-06,2.38446334269518e-06,2.46330733588707e-16,1.11022302462516e-16,-1.27058670923027e-16,-3.19498171113618e-18,7.84962372879505e-17,-1.03356133536452e-16
"t48",-0.00551210514007881,0.114979144867257,0.0549166032914333,0.0125864545754869,-0.0347233416006143,0.0351803717202924,0.189734544475691,-0.346469097733438,-0.00593011814464513,0.00505000149308296,-0.0043649555163606,0.00292416813147072,0.00194297336457724,-0.0389645114347658,0.0112884255952146,-0.0529738905604275,0.000395641833161106,-0.539953776301712,-0.130951467743437,0.0191153041100611,-0.00767679441527094,0.00297956436029385,-4.14390409088229e-05,0.70710678130129,-0.00588581709307547,0.00101439137672167,-0.0109620260288321,0.00123177217813418,-0.000757007988891932,-8.93355153763649e-13,-0.00214699274392891,0.0106892358137791,0.00354701146803022,-0.000859898617090148,0.000455968625554855,5.38858643064025e-05,-0.00199589804963511,-8.9285483223055e-05,0.000321131510968187,0.00309171328656811,-0.000494255823027492,-0.000105538927364029,7.27280756152165e-05,0.000477092387090936,-0.000178163221361521,-2.27991306596693e-05,-0.000231605477620219,0.00054246317187605,6.14132763557127e-17,9.18329011143001e-14,0.000169240600703786,-0.000130231367033617,-0.00025506904859059,9.58483587627026e-05,2.76371179896963e-05,1.05384451165591e-16,1.65089932167052e-05,1.0321604682062e-16,-3.39747221032999e-05,1.56125112837913e-17,6.41847686111419e-17,-9.27518591443914e-17,-4.19046212902168e-18,-8.70824366378285e-18,-1.30104260698261e-17,7.01055140760534e-07,5.89805981832114e-17,1.11437316696199e-17,2.88131401604866e-14,-3.83465641661576e-18,3.51281503885303e-15,7.24624577209193e-17,-3.0647586679482e-17,6.72456231295379e-18,-2.16840434497101e-18,-1.06467562293617e-05,2.20813738313792e-05,-3.46944695195361e-17,-4.71524047249301e-17,1.41748733832563e-16,-1.6139911052555e-16,-1.62392118872e-06,2.38446334319825e-06,-1.56125112837913e-17,3.12250225675825e-17,7.93967867714647e-17,-2.40066546257407e-17,-7.80625564189563e-17,-1.95290609599362e-16
"t17",-0.00570965918881104,0.121236524005538,0.0606254542682867,0.0144385606306028,-0.0401894602662033,0.0407893438410707,0.237760067660235,-0.464976794421464,-0.00840033394095756,0.0097982742145951,-0.0150243210490383,0.0193034856046349,-0.00971182927965316,0.129383381716828,-0.0212399443749578,0.0894357841493233,-0.00035961107186079,0.400024410382707,0.0902318985628792,-0.00442793232508673,0.0016719776403767,-0.000524444576825295,-3.64479171987387e-06,-7.09751670256392e-11,-0.00118916733938705,0.00021245974639199,-0.00280015497536308,0.000331279074194404,-0.000222604968701629,-2.75662276899605e-13,-0.000736243893767407,0.00367929252511231,0.00122674709562705,-0.000322408199375471,0.000203530057368718,2.45663536442928e-05,-0.000916629920506704,-4.12227193626827e-05,0.000152395175639367,0.00147860425288696,-0.000249939495654614,-5.34300015629261e-05,3.71839482753884e-05,0.0002452330502246,-9.27825277686348e-05,-1.190547057295e-05,-0.000122307366055348,0.000289734861174451,0.707106781186547,5.24382096415658e-14,9.10735738830174e-05,-7.1141867985642e-05,-0.000141182138654425,5.33191934279694e-05,1.54129959925819e-05,2.87530416143156e-16,9.27980004437542e-06,-5.74627151417317e-16,-1.91512571047631e-05,-1.04083408558608e-17,1.39645239816133e-16,9.3549067969279e-17,4.55216554089168e-17,-2.25426079883961e-17,-1.99493199737333e-17,4.07788316684728e-07,-4.25007251614318e-16,2.10002183895007e-16,1.68282279752368e-14,-3.77252868622325e-16,2.10075012940791e-15,1.05823212045975e-16,-2.16187870358804e-17,-3.1432304791464e-17,-8.34835672813838e-18,-6.38005855559121e-06,1.32689547369547e-05,-4.25007251614318e-17,-4.06478089514831e-18,-7.78867420677464e-19,-1.05799561657773e-17,-9.86071924656898e-07,1.44815746989588e-06,-4.85722573273506e-17,1.64798730217797e-16,4.13368409333784e-17,-1.66444759057106e-16,-2.60208521396521e-18,-1.8268786929519e-16
"t18",-0.00570965918881102,0.121236524005538,0.0606254542682867,0.0144385606306028,-0.0401894602662033,0.0407893438410707,0.237760067660235,-0.464976794421464,-0.00840033394095757,0.00979827421459509,-0.0150243210490383,0.0193034856046349,-0.00971182927965312,0.129383381716828,-0.0212399443749579,0.0894357841493234,-0.000359611071860696,0.400024410382707,0.0902318985628791,-0.00442793232508676,0.00167197764037663,-0.000524444576825333,-3.64479171997741e-06,-7.09752359305018e-11,-0.00118916733938708,0.000212459746391967,-0.00280015497536309,0.000331279074194418,-0.000222604968701627,-2.75723320869456e-13,-0.000736243893767404,0.00367929252511233,0.00122674709562709,-0.000322408199375478,0.000203530057368742,2.45663536437984e-05,-0.00091662992050702,-4.12227193627591e-05,0.000152395175639335,0.00147860425288751,-0.000249939495654519,-5.34300015635806e-05,3.71839482731437e-05,0.000245233050224144,-9.27825277679114e-05,-1.19054705724712e-05,-0.000122307366053578,0.000289734861184285,-0.707106781186548,4.64015887810228e-14,9.10735738835818e-05,-7.1141867985557e-05,-0.000141182138654647,5.3319193427377e-05,1.54129959931717e-05,-5.09141340199193e-16,9.27980004437542e-06,8.05779054591227e-16,-1.91512571049088e-05,3.46944695195361e-17,3.81639164714898e-17,-2.96162988133613e-17,-7.24395409514981e-17,3.57332588079433e-17,3.64291929955129e-17,4.0778831663312e-07,3.27862736959617e-16,-2.44166718040711e-16,1.67883293267074e-14,3.77351843423219e-16,2.08340289464815e-15,-5.04103210554319e-17,-5.6313256639427e-17,-1.06156230366263e-17,-3.2309224740068e-17,-6.38005855558947e-06,1.32689547369383e-05,-8.63024929298462e-17,-1.79271851970856e-16,1.17182328944767e-16,-7.99688952089896e-17,-9.86071924641285e-07,1.44815746990282e-06,3.24393290007663e-16,3.03576608295941e-16,-6.10118442033754e-17,1.94377723933347e-16,-5.50774703622636e-17,-8.55433546598759e-17
"t6",-0.00592790216900846,0.129850894159057,0.0620993434063412,0.0709491154567893,-0.275699169471712,0.312312022704751,-0.140815186363995,0.0380665270947238,-0.000318580100533041,0.00153429398409941,-0.00209521602698051,0.00230865732606814,-0.000671091189811246,0.00684173941761948,-0.00104901056607998,0.00306051694059614,-7.78386828761997e-06,0.00104422807589534,-0.000283981157667397,0.000268184637601363,-0.000103019493921465,3.27908488595813e-05,1.65024728706405e-06,5.11375533791112e-13,0.000661304165265502,-0.000121716767312883,0.00143216825747362,-0.000282777583946844,0.000239670955056176,3.72001254532524e-13,0.00965286412494539,-0.0949409547561772,0.105000351092943,-0.0001504658470347,-0.000128201283249163,-1.77365487558179e-05,0.000492037991657511,3.24952128936268e-05,-0.000141089764300947,-0.00143317649599962,0.000341092257349187,7.34531863578604e-05,-5.45719678830512e-05,-0.000373261096369368,0.000154868356954975,2.02706717526691e-05,0.000226689074945377,-0.000588200702622793,3.12250225675825e-17,-1.05615844620084e-13,-0.000197045240930614,0.000176616740242781,0.000289586506764732,-0.000160021598613066,-4.76112448283255e-05,1.72200446523479e-16,-3.15253208895475e-05,-3.36013619145655e-16,6.74438411653287e-05,-1.74495070066222e-16,1.07016017584242e-16,-1.94277184746286e-16,1.61797757597935e-16,-5.37307656267095e-17,2.41419834685079e-16,-2.38513501082002e-06,1.57049903082264e-16,-2.27306775560402e-18,-1.05023198770842e-13,2.67968485011332e-17,-1.41854197857891e-14,-1.0196777894509e-17,-7.33583494808906e-18,-6.31299690258483e-17,4.09477061212621e-16,9.3289414519998e-05,-0.000224756005798992,1.71023292989926e-16,8.81625061597368e-16,2.50030003745526e-16,-1.42903053587176e-16,4.09404729805728e-05,-6.17257071131125e-05,7.65814267973248e-16,3.7829149513358e-14,-1.42049549950768e-15,-1.25085731757074e-16,1.15396463565918e-15,-8.57545929774609e-16
"t100",-0.143745066583294,-0.0846303587018586,-0.0105567253694888,-0.148350389802694,-0.0251428068610598,0.00911025535449434,-0.00399695134294982,0.00197050814771079,-0.000422614480004502,0.014786253252338,-0.00315921514646038,0.0137122292984079,-0.308196208972025,-0.0132220550628267,0.00139669066055815,-0.000858804639308051,-1.56126215313109e-05,0.00200558259798072,-0.00838421238698255,0.0155309545680122,-0.0132506270291396,-0.00239441562954927,2.25018387478679e-06,7.73390464843353e-14,1.02898596632833e-05,2.55425981953181e-06,-0.000151377788947919,0.0118044096191756,2.55322290313486e-05,1.06006197404397e-12,-7.58843907974984e-06,2.22307955861735e-05,9.76327163124409e-06,-1.40470013996704e-05,-0.000600979851462679,-0.0411755075923742,0.000374989908836105,0.529902632711971,3.5077410480393e-05,0.00029527268441964,-0.000139755288348904,-3.03573633495082e-05,0.000308692211512944,0.00247945386871122,-0.208101859383577,-0.12647440293848,0.00618948030619687,-8.50857212410098e-07,-1.57859836313889e-16,2.35160980123727e-15,4.33826606227046e-06,-7.76196324383346e-06,-4.20638339398706e-06,8.98542989513594e-05,0.00193614166731031,-2.32172989012816e-15,5.07862472435136e-07,9.31221891164839e-16,-3.08122775048455e-06,-4.99558847240823e-16,5.45901057006373e-16,-7.87552613530354e-16,7.39460675098212e-16,1.79895390671652e-15,-1.37240762543828e-15,0.000534977789644404,-5.88325724026898e-15,9.37947056223826e-16,-2.80535181417508e-14,-6.13841038512044e-15,0.706545917714269,7.10910836751431e-15,2.30321281260733e-16,4.20857880771681e-16,1.55265983188134e-15,-1.27167250171456e-06,2.65904944496469e-06,1.76227463417856e-16,1.39163413879294e-16,-1.42017501825233e-16,5.4404744289964e-16,-2.01048040908161e-07,2.95326979835394e-07,-1.99760022925781e-15,-1.38684270381201e-15,1.38628708462279e-15,4.95945272642623e-16,8.07211175454313e-16,2.47138842062488e-15
"t27",-0.143009874663313,-0.0840069766754549,-0.0104263721050094,-0.146011577315207,-0.0247285011023347,0.00895889748372083,-0.00390996816468006,0.001920969831537,-0.00041109812061311,0.0142810209807016,-0.00303885494153611,0.0131733137422391,-0.295781633761332,-0.0126898302903091,0.00134093570793179,-0.000824634277236543,-1.50136333246199e-05,0.00193020499923411,-0.00807177020304185,0.0150587547494553,-0.012853686242922,-0.00232635114923795,2.24008129229053e-06,7.74223132111822e-14,1.06237464616524e-05,2.64770282926623e-06,-0.000162328312439297,0.0128395240181103,2.87550078274531e-05,1.22781667306483e-12,-9.72470274519155e-06,2.86433305493488e-05,1.26697863855618e-05,-2.20756057977161e-05,0.000609272940209729,0.0212164153543561,-0.000152273049652397,-0.180079998978811,-3.71291569323022e-06,-1.84189953889902e-05,-1.33640075033935e-05,-2.93778938896944e-06,3.21043800990703e-05,0.000262396809316239,-0.0216592773253624,-0.0129743468833816,0.000569709139184546,-6.26749121780657e-08,-2.60208521396521e-17,8.43262181355823e-17,2.45867734569094e-07,-6.78465693691792e-08,2.21938770463336e-07,-7.40697308806094e-06,-0.000191538309915255,1.99785282964928e-16,-8.04339548461732e-08,2.68008635203581e-16,5.63753093092507e-07,-2.65376366882218e-16,2.72187376893089e-17,2.77674201787452e-17,-4.46343360433054e-17,5.72915368358061e-17,-2.39960259083827e-16,-0.00335693853811194,-1.70812833877352e-16,1.27831192942657e-16,-8.16624845438972e-16,-1.48365149223102e-17,-2.13662449180286e-12,1.38989441039496e-16,1.69502937155862e-17,2.18714812970152e-17,-1.28287216340189e-16,3.32776082504455e-06,-8.33779507363372e-06,-5.83581419059986e-16,-1.66147917892624e-16,-5.35466045504155e-17,4.54844187085297e-18,1.74349562515565e-06,-2.63485177702803e-06,6.47853071606825e-16,-7.44994028149767e-16,-1.73229320280356e-16,2.41004871769315e-17,2.69636847351323e-16,1.96831861259161e-15
"t67",-0.097918883312381,-0.0447156293954379,-0.00165698097504597,0.019280676095482,0.00487105357577686,-0.00187730950957105,0.00287485003725066,-0.00220252073748395,0.000592124377681144,-0.0394284394983456,0.013858186386966,-0.163658481878264,0.0378123159293228,-0.0150949929288597,0.0134745951277897,-0.0130628270640351,0.000630727093440445,-0.0595159516213349,0.234475941968359,-0.404390717494798,0.348816226558869,0.0655839395262692,-0.00012661114434252,-6.11063296331248e-12,-0.0148713701341889,0.00256067180325107,-0.00721949130112072,0.253303919421582,-0.000738220610086895,-0.668729673613957,-0.00168856011948716,0.00459561330064482,0.00185468788260839,-0.00132036485091074,0.00828092059393648,0.00217901678040467,-0.000518269246590239,-0.00357944696456241,0.000136163917463042,0.0013061093957941,-0.000606439192789404,-0.000129485786331203,0.00105543927255528,0.00684667329987117,-0.00516897342268699,-0.000654599467164179,-0.00639011267123103,0.000202102206248506,-1.38777878078145e-17,1.00127563801194e-13,0.000183397908113359,-0.000137565747463097,-5.62312279406275e-05,0.00110050301125292,0.000621694591005496,-8.35351666407777e-16,5.6131142273455e-06,-6.29217011141776e-17,-3.29478290787928e-05,-4.01171285405042e-16,-2.85548051258645e-16,-1.78664673462495e-16,-2.14637236689032e-16,-2.42404665351038e-17,1.51204086827386e-16,1.17854275375103e-05,2.17704698290755e-16,-2.30897494673257e-17,8.18832471835664e-15,-3.58311763165718e-16,5.78971855516385e-14,8.88518034123586e-18,4.14201969714275e-16,-3.00787085234671e-16,-4.59905528709937e-17,-2.90608483252851e-06,3.01313331769392e-06,4.60385448435566e-16,1.07938391311712e-16,2.81255026313108e-16,-2.8168093166532e-16,2.10164276307099e-06,-3.23862241650915e-06,-3.34709883150744e-16,5.99277908204498e-16,2.88682289134273e-15,8.96666395593266e-16,-2.37330595295944e-17,9.34423420909434e-16
"t61",0.114311130431483,-0.0558112165983691,-0.00530690603547376,-0.0125697553956208,0.0613017087109872,0.0537425132167227,-0.00138198219930776,0.000108884692566923,0.00125817673104078,-0.00174443792097024,0.186795302473376,0.00762778420309924,0.00103029582195986,-0.0114343687819636,0.16818850770921,0.0448746834643953,0.000472326865085618,0.00255697481043185,-0.0032439753657592,-0.294885132638791,-0.414418830388424,0.301851163416941,-0.0112226899151802,-1.99132737223539e-12,-0.057965152199973,-0.0243379266716967,-0.000467007388519861,0.000428748200417612,-0.00612791882738299,-3.66650132659033e-13,-0.00677464474602173,0.000950880899060159,0.0005713522261059,-0.0725817015881371,0.000169480395662987,2.0159203930037e-05,-0.000150828330154114,-3.44228551835629e-05,4.12330976493179e-05,0.000398731861910829,-0.00285815540687931,-0.00563603526239255,2.65196017471336e-05,0.000176393892418031,-6.63217633754297e-05,-8.48439092868846e-06,-8.58330636328367e-05,6.83329551831526e-05,-2.32106001085697e-15,0.568107599003198,0.000765182369558215,-0.00410728195928653,-1.86758510905452e-05,3.23609263628444e-05,9.27109780922048e-06,-3.24001963892007e-16,1.87663772080917e-06,-9.66441922937851e-16,-0.000131352575122339,2.36775219843653e-16,-2.56927738705278e-16,1.6467490951389e-16,1.35528750906998e-15,-1.71691961993132e-16,-1.02020166167352e-16,1.79201940785225e-07,5.83419061986516e-16,2.72172313360017e-17,2.06822029511046e-15,-1.08511582625058e-16,6.98866678214239e-16,-1.03871845597257e-16,1.67871236125569e-16,2.92488343549397e-16,9.55411034553936e-16,7.64782948550071e-06,-2.01628643419627e-05,4.52959069765935e-17,-6.31053809454408e-16,1.00116526884348e-15,2.75165304123235e-16,1.5132293225379e-05,-0.000141518538986768,-1.38056164387503e-15,9.32125626477606e-16,1.84123715770866e-16,7.78769149322126e-17,8.67740364161207e-16,6.23907918709584e-16
"t37",0.118920412765087,-0.0595095487255018,-0.00614482538103568,-0.0160508922638833,0.0804989260497319,0.0709787679930368,-0.00275038256854477,0.000900881525742406,-0.00313526005975146,-0.000436024239115242,0.105499987718311,0.00648937736294251,-0.000803492160029324,0.0042287781785608,-0.0163167233897109,-0.00294458146925852,-0.00264665529008435,0.000146896541636847,-0.000201068856777363,-0.0189226269507216,-0.0258200310169915,0.0167050370723485,0.0074482804467447,2.99369773621559e-13,0.0258687188995141,0.0452226642338841,0.000251314389238397,-0.00027798950788928,0.00571658718374647,4.33441075002316e-13,0.0165839164503996,-0.00241228606735058,-0.00151945356248351,0.827877711939371,0.000393487864147686,4.15327271699748e-05,-0.000299234703845301,-6.6530766757911e-05,7.04648766063342e-05,0.000660420439346993,-0.00521237229628887,-0.0245777251861473,3.24210391175822e-05,0.000215881061641322,-7.89594949185019e-05,-1.00266915082385e-05,-9.81704804691281e-05,7.54906313998037e-05,5.20417042793042e-18,3.31318582278309e-12,0.000826876682370735,-0.0112148583984967,-1.73212170876028e-05,2.93435912749646e-05,8.29542070121392e-06,6.43273590639664e-16,1.59817162831879e-06,1.40253635272062e-16,-0.000109552778283776,-1.72739133079106e-16,-2.01751661817046e-17,-2.76679291317518e-16,1.77219409308036e-17,-1.55668491552197e-17,5.43617013080512e-17,8.40067005151629e-08,1.75050827981821e-17,-5.95189424628387e-17,1.20085855712205e-15,-1.58818563428385e-16,4.93251880294869e-16,9.56213541400762e-17,1.4011566050994e-16,8.08520794802266e-17,7.35010692115387e-17,0.000719192168940136,-0.000132166554410704,-2.62443437430073e-16,-1.69617364844577e-16,7.29979872763398e-17,-4.55153279263001e-16,3.52765351895409e-05,-0.000773822923890462,-3.43140480485545e-16,1.24792187698916e-15,6.17804584765067e-16,4.31824454126764e-17,-1.95096038775579e-16,1.17728470754619e-15
"t16",0.108526038918664,-0.0501634328916833,-0.0028657581505174,0.0114559040572336,-0.119440194058876,-0.12042697221807,-0.0113845375747392,0.00386633357637664,-0.134539441381614,0.000403936028437807,0.00130756394378546,-0.00035458569486318,0.000530322342012763,-0.00383873171879717,0.0227645522365293,0.00400209930321319,0.000754512802224329,-0.00257754801320915,0.0044996191737697,-0.147430356008488,-0.116338196266548,-0.368967604143531,-0.000697853935625178,-3.19484382539858e-12,-0.138233898739522,0.0277564919147524,0.000981722448137701,-0.00037534785673244,-0.0151467646953147,6.61081887213026e-14,-0.00723012070261364,-0.000733538026573618,-8.52388340601442e-05,-0.00124001078051123,4.70277994250533e-05,5.22194231259379e-06,-3.79792731995823e-05,-8.47791150049589e-06,8.77899114312568e-06,8.0493240616655e-05,-0.0031742276195063,0.000208214288688882,-3.3750811696072e-10,-1.37887216907701e-06,3.46120397549575e-06,5.42342665719443e-07,1.03144860345342e-05,-1.30877614062051e-05,8.67361737988404e-18,-1.00679445515372e-13,-0.000650549506977542,0.000217166087465135,1.04455194703337e-05,-2.06887731682428e-05,-6.34258836980345e-06,-2.2054334116076e-16,-1.59217357503336e-06,-2.34459432251388e-16,0.000397003327751725,2.92842087290615e-16,3.77559777711419e-17,-9.63351796814093e-17,1.30299516448336e-16,-5.37307656267095e-17,-3.36638164635214e-17,-4.65761206852355e-07,2.45455665002688e-16,-2.13550259913489e-17,-7.63755755297978e-15,1.01558922980791e-15,-2.92334685935962e-15,5.39879907166328e-17,-7.49900505111846e-17,2.88103752009224e-17,2.73819578875971e-16,0.000250293742041909,-0.0123827615832206,7.58136370734324e-17,-1.83516220194592e-16,1.44024934380492e-16,1.09861733501855e-16,0.00227457227234167,-0.000175147097857589,2.03224394818901e-16,1.44990000613794e-15,-3.81731559483451e-17,1.76756153062891e-16,5.85178001725357e-16,2.57095378175546e-16
"t92",-0.0056718121640888,0.120365504809814,0.00722304788269553,0.0216894004224482,-0.0504735917836054,0.0491113999237802,0.458083589599777,0.321335464354528,-0.00282859565568746,0.00623476028032646,-0.00879415585379331,0.0102395065573182,-0.00333822897119406,0.0332286885461114,-0.00647519314052966,0.0169493579652694,-7.00450622872586e-05,0.00829896498000001,-0.00335324436956922,0.00631625381340979,-0.00260280616535826,0.00108772184398745,-2.21797620283754e-05,-4.06245015939709e-12,-0.00363665040858142,0.000632136917877162,-0.00430206480564242,0.000892739608375863,-0.000555593268101452,-6.73339848365691e-13,-0.00203028964032258,0.0107245200977019,0.00563735061259571,-0.000704745614107829,0.000606378498792802,8.66457375883864e-05,-0.00214604240997788,-0.000174908009600162,0.0027654713427402,0.384975477756256,3.41055066024249e-05,5.57624476742637e-06,4.77126951755613e-06,5.56007487200442e-05,-3.8233901459703e-05,-5.27674066011945e-06,-6.75354296640486e-05,0.000259258531081646,1.97758476261356e-16,3.31175362255698e-14,6.21772770307818e-05,-5.38188457795415e-05,-7.06648675909232e-05,4.37849646711032e-05,1.27688862734235e-05,-3.2748435351517e-16,1.09910735425327e-05,-3.1335348116129e-16,-1.63831264992833e-05,-2.70108055388829e-17,-1.3255009472777e-16,-3.58979296281453e-15,-1.07883809203354e-15,-1.76267682001858e-15,2.65227421591773e-15,3.67799864335344e-07,2.09223561629935e-15,1.97010752443003e-15,-0.667178221278419,-1.60355585962869e-14,-2.67974530810696e-14,4.52974390191299e-16,1.34054430588589e-15,3.11570301785142e-16,2.01298507934048e-16,-5.5519900779064e-06,1.13357635555649e-05,-7.2626153667592e-16,-3.97922524988936e-16,-1.94511632664424e-16,-1.90943030251523e-16,-6.55641998070619e-07,9.5015094171544e-07,3.74635073122583e-16,1.17477501635105e-15,-6.82485148802973e-16,1.34232101848521e-16,-7.2097138855684e-18,5.34228968229243e-16
"t47",-0.00549372025245697,0.114421255479403,0.054458829959806,0.0124499202149477,-0.0343279692381765,0.0347761593320049,0.186779032921413,-0.340063993665552,-0.00580896694345296,0.00490891723839375,-0.00421628515242918,0.00281621666553656,0.00186096194207065,-0.0372744136820321,0.0107733852127476,-0.0505295564510066,0.000376034319176785,-0.512517796931909,-0.124238482989237,0.0180131866494256,-0.00723184905463728,0.00280394807618546,-3.85900630095162e-05,0.656672371478178,-0.00543317060485123,0.000935680886369176,-0.0100574857798837,0.0011280425521049,-0.000690581131272365,-8.12959661101241e-13,-0.00193975194520727,0.00965451180398338,0.00320239781597731,-0.00077026023707411,0.000395673991112367,4.64545563254114e-05,-0.00171631440473652,-7.66323645510472e-05,0.000272542082424241,0.00261435012286353,-0.000403231767434019,-8.60198543114747e-05,5.87486650535007e-05,0.000383341440031143,-0.000141073143676937,-1.79918726385336e-05,-0.000179970601707,0.000413791462062553,6.76542155630955e-17,6.91234374309801e-14,0.000127266631692993,-9.45497538278348e-05,-0.000177742603899172,6.55212793479687e-05,1.86932583191584e-05,5.30655082526184e-16,1.07484551351243e-05,-2.46052313110341e-17,-2.17721832228575e-05,-7.35108978213972e-18,-3.84559363397846e-16,-3.13191392730473e-16,-7.55312458278097e-18,1.13124328066252e-17,-1.37445589265392e-16,3.14749504567428e-07,2.01537007678081e-16,-2.81509485833364e-16,1.21243426388336e-14,-6.78113346420461e-17,1.02057328950178e-15,4.22928691439386e-16,-4.2640806626398e-17,7.54261101211181e-17,8.29534239172619e-17,2.93908116515536e-06,-1.03245309803233e-05,1.31914686935308e-16,2.18971066335111e-16,-1.76659368046752e-16,-2.14455367529299e-16,4.05977780314561e-06,-6.17896385462053e-06,1.27426191480312e-15,9.51806729695248e-16,5.79131555080393e-16,3.57700236022694e-16,8.32425242023539e-16,6.01035548586055e-16
"t5",-0.00538616888106843,0.111157609272736,0.0517808614775169,0.0116511958485166,-0.0320150456748636,0.0324115217238285,0.169489325888316,-0.302594211931851,-0.00510023387411756,0.0040835760459249,-0.00334656531216782,0.00218470188864764,0.00138119610713215,-0.027387362163063,0.00776040517205808,-0.036230231320063,0.000261330598277735,-0.352017647716359,-0.0849676029448864,0.0115658127649054,-0.00462892404832353,0.00177659492709258,-2.19235765760941e-05,0.36163168081791,-0.00278519409478435,0.000475225464817663,-0.00476593620657348,0.000521225487863371,-0.000301984813416203,-3.42184409585834e-13,-0.000727395766117124,0.00360138879603038,0.00118641209770848,-0.00024587679247062,4.29511050635445e-05,2.98149405056632e-06,-8.07534459084929e-05,-2.61177255608591e-06,-1.17054899508583e-05,-0.000178218641382695,0.000129257862626838,2.81664882027566e-05,-2.30307185423838e-05,-0.000165100472298339,7.59033645247684e-05,1.0130528945407e-05,0.00012209280113785,-0.000338936492225609,3.12250225675825e-17,-6.28724772308336e-14,-0.000118280582006244,0.000114187254121955,0.000274616167189718,-0.000111891770347859,-3.36282131443812e-05,4.12126194864724e-16,-2.29506233356179e-05,-8.01294485756862e-17,4.96125224109895e-05,1.64969466242185e-17,-2.74258799081217e-16,-1.83308572499962e-16,-7.38229414822678e-18,-4.99080391057864e-18,-1.05318728053763e-16,-1.94513381772395e-06,1.18512412666335e-16,-2.23061998313068e-16,-8.61210796580656e-14,-4.39779653780319e-17,-1.17051006519678e-14,2.99835441341943e-16,3.21519547533259e-17,5.40584908638649e-17,-5.10271412792619e-17,8.24160664655758e-05,-0.000199898684235079,6.8267484318777e-17,1.19592790272277e-16,-1.53400538802059e-16,-1.21226025879168e-16,3.73093485243297e-05,-5.62749099253353e-05,7.36751574532552e-16,1.62277816427038e-15,3.11984417140365e-16,1.67148208447727e-16,3.71095214172953e-16,1.25135092256838e-16
