accepted_species,0,1
Gentianella_rima,0.9212164171538585,0.07878358284614152
Petchia_ceylanica,0.9210748495313357,0.07892515046866429
Tapanhuacanga_asparagoides,0.9230452175403121,0.07695478245968791
Pseudolithos_migiurtinus,0.921147302084334,0.07885269791566596
Pentagonia_pachiteana,0.9230854482959856,0.07691455170401437
Amphidasya_spathulata,0.9226607165716555,0.07733928342834454
Galium_ephedroides,0.9230662646762172,0.07693373532378282
Manettia_dominicensis,0.9230066111035214,0.07699338889647855
Hoya_dictyoneura,0.9210810153420201,0.07891898465797992
Gentiana_siphonantha,0.9212630496062857,0.07873695039371428
