accepted_species,0,1
t53,0.26822528966491377,0.7317747103350862
t74,0.23962477115146408,0.7603752288485359
t87,0.2925181421824863,0.7074818578175137
t96,0.2750764373169834,0.7249235626830166
t119,0.31191516900032246,0.6880848309996775
t120,0.2873183141668635,0.7126816858331365
t121,0.32841328159329763,0.6715867184067024
t152,0.3025359294061598,0.6974640705938402
t166,0.3360204029925603,0.6639795970074397
t167,0.3303770962774468,0.6696229037225532
