accepted_species,0,1
t53,0.16075310115182218,0.8392468988481778
t74,0.1610448284486261,0.8389551715513739
t87,0.16087035945049855,0.8391296405495015
t96,0.16045325014967438,0.8395467498503256
t119,0.16048953467093885,0.8395104653290612
t120,0.16076560670630524,0.8392343932936948
t121,0.16080331033038353,0.8391966896696165
t152,0.16065060005753118,0.8393493999424688
t166,0.16086647253699138,0.8391335274630086
t167,0.16086581019881308,0.8391341898011869
