accepted_species,0,1
t53,0.18706107,0.8129389
t74,0.18706107,0.8129389
t87,0.18706107,0.8129389
t96,0.18706107,0.8129389
t119,0.18706107,0.8129389
t120,0.18706107,0.8129389
t121,0.18706107,0.8129389
t152,0.18706107,0.8129389
t166,0.18706107,0.8129389
t167,0.18706107,0.8129389
