accepted_species,0,1
t16,0.85684913,0.14315087
t61,0.9930281,0.0069719185
t62,0.9930281,0.0069719185
t68,0.9930281,0.0069719185
t73,0.9825577,0.017442297
t74,0.9825577,0.017442297
t83,0.98402697,0.015973018
t85,0.98425084,0.015749183
t86,0.99245155,0.0075484416
t88,0.99245155,0.0075484416
t103,0.98425084,0.015749183
t104,0.98425084,0.015749183
t117,0.99245155,0.0075484416
t123,0.99245155,0.0075484416
