"accepted_species","0","1"
"t111",0.500112912019515,0.499887087980485
"t122",0.502086878720085,0.497913121279915
"t133",0.504320828670666,0.495679171329334
"t160",0.474091743395299,0.525908256604701
"t174",0.505262859705223,0.494737140294777
"t195",0.612244083947475,0.387755916052525
"t219",0.500112912019486,0.499887087980514
"t224",0.500112912019495,0.499887087980505
"t225",0.500112912019495,0.499887087980505
"t226",0.209135903878427,0.790864096121573
