accepted_species,0,1
t111,0.721831102400401,0.27816889759959895
t122,0.721831102400401,0.27816889759959895
t133,0.4971630639391389,0.5028369360608611
t160,0.49716306393913845,0.5028369360608616
t174,0.7124748626389101,0.28752513736108987
t195,0.7124748626389101,0.28752513736108987
t219,0.721831102400401,0.27816889759959895
t224,0.721831102400401,0.27816889759959895
t225,0.7218311024004012,0.2781688975995989
t226,0.1961667607826515,0.8038332392173485
