accepted_species,0,1
t111,0.4555555555555556,0.5444444444444444
t122,0.4555555555555556,0.5444444444444444
t133,0.4555555555555556,0.5444444444444444
t160,0.4555555555555556,0.5444444444444444
t174,0.4555555555555556,0.5444444444444444
t195,0.4555555555555556,0.5444444444444444
t219,0.4555555555555556,0.5444444444444444
t224,0.4555555555555556,0.5444444444444444
t225,0.4555555555555556,0.5444444444444444
t226,0.0,1.0
