accepted_species,0,1
t111,0.60601723,0.39398274
t122,0.60601723,0.39398274
t133,0.639915,0.360085
t160,0.639915,0.360085
t174,0.65711325,0.34288675
t195,0.65711325,0.34288675
t219,0.60601723,0.39398274
t224,0.60601723,0.39398274
t225,0.60601723,0.39398274
t226,0.36202073,0.63797927
