accepted_species,0,1
t73,1.0,0.0
t159,1.0,0.0
t76,1.0,0.0
t108,1.0,0.0
t5,1.0,0.0
t100,0.8234791042110196,0.17652089578898045
t161,1.0,0.0
t162,1.0,0.0
t43,0.9808917197452229,0.01910828025477707
t47,0.9808917197452229,0.01910828025477707
t171,1.0,0.0
t119,1.0,0.0
t138,1.0,0.0
t109,1.0,0.0
t148,1.0,0.0
t127,0.5371794705884478,0.46282052941155216
t19,1.0,0.0
