accepted_species,estimate
t10,-0.160672380389822
t86,-0.28755432187869934
t87,-0.2875543218786998
t81,-0.28672988499948937
t25,-0.24649286430718303
t15,-0.2088224878216714
t53,-0.28203264595153443
t112,-0.3282387416564466
t113,-0.3282387416564464
t63,-0.31815401657234654
t39,-0.29869071271979075
