accepted_species,estimate
t10,0.27333546
t86,0.27333546
t87,0.27333546
t81,0.27333546
t25,0.27333546
t15,0.27333546
t53,0.43972173
t112,0.25906613
t113,0.25906613
t63,0.25906613
t39,0.25906613
