accepted_species,estimate
t10,0.32528898
t86,0.1051263
t87,0.16800115
t81,0.16800115
t25,0.5982238
t15,0.17134035
t53,0.27489442
t112,0.3472786
t113,0.3472786
t63,0.3840964
t39,0.34332392
