accepted_species,0,1
Palicourea_aetantha,0.9111111111111111,0.08888888888888889
Notopleura_aneurophylloides,0.9111111111111111,0.08888888888888889
Psychotria_macroglossa,0.9111111111111111,0.08888888888888889
Palicourea_ruelliifolia,0.9111111111111111,0.08888888888888889
Psychotria_malmei,0.9111111111111111,0.08888888888888889
Psychotria_marafungaensis,0.9111111111111111,0.08888888888888889
Psychotria_ampullacea,0.9111111111111111,0.08888888888888889
Psychotria_koroiveibaui,0.9111111111111111,0.08888888888888889
Palicourea_obesiflora,0.9111111111111111,0.08888888888888889
Rudgea_cardonae,0.9111111111111111,0.08888888888888889
