accepted_species,0,1
Breonia_cuspidata,0.94018644,0.059813548
Guettarda_viburnoides,0.94018644,0.059813548
Mycetia_fangii,0.9463198,0.05368017
Homollea_leandrii,0.9232905,0.07670949
Geophila_melanocarpa,0.9228829,0.077117056
Psychotria_gigantopus,0.8139284,0.18607159
Galium_alboflorum,0.94700164,0.05299838
Timonius_xanthocarpus,0.94018644,0.059813548
Tricalysia_faranahensis,0.9232905,0.07670949
Ophiorrhiza_deflexa,0.94700164,0.05299838
