accepted_species,estimate
t38,-0.41368663
t26,0.7309728
t24,0.5474273
t85,0.04125177
t22,1.4502171
t17,1.3862193
t37,-0.6165323
t29,-1.024278
t80,-1.1539469
t47,-1.1539469
