accepted_species,0,1
Gentiana_spathulifolia,0.4848593,0.5151407
Gentianella_propinqua,0.77041286,0.22958714
Galium_album,0.39102286,0.60897714
Galium_spurium,0.39755803,0.60244197
Galium_pumilum,0.39102286,0.60897714
Kohautia_caespitosa,0.69456685,0.30543318
Richardia_humistrata,0.5033314,0.49666858
Spermacoce_chaetocephala,0.69456685,0.30543318
Spermacoce_quadrisulcata,0.69456685,0.30543318
Spermacoce_radiata,0.69456685,0.30543318
