accepted_species,0,1
t11,0.9326935284442935,0.06730647155570647
t30,0.944146456515341,0.05585354348465893
t41,0.9398920112376423,0.0601079887623577
t47,0.6650228042223933,0.3349771957776067
t56,0.93876538739692,0.061234612603080045
t57,0.93876538739692,0.061234612603080045
t65,0.3338240847116464,0.6661759152883536
t73,0.7301125179655639,0.2698874820344361
t90,0.9372429742231178,0.06275702577688222
t100,0.31909045280661263,0.6809095471933874
t107,0.9392829502978061,0.060717049702193916
