accepted_species,0,1
t11,0.8557715560952273,0.14422844390477269
t30,0.8276563234711615,0.17234367652883853
t41,0.9903097212803983,0.009690278719601693
t47,0.8777021098370508,0.12229789016294919
t56,0.9901799667450735,0.009820033254926513
t57,0.9936120200288915,0.006387979971108495
t65,0.6732798370616948,0.32672016293830525
t73,0.845877172133161,0.15412282786683892
t90,0.9938966859839975,0.0061033140160025555
t100,0.4531411656312898,0.5468588343687102
t107,0.9518763630003004,0.04812363699969961
