accepted_species,0,1
t11,0.98858434,0.0114156585
t30,0.984692,0.0153080225
t41,0.9775429,0.022457121
t47,0.8616143,0.13838573
t56,0.99609584,0.003904139
t57,0.99609584,0.003904139
t65,0.0675658,0.9324342
t73,0.65486753,0.34513247
t90,0.99622494,0.0037750455
t100,0.5933347,0.40666533
t107,0.9774305,0.022569496
