"accepted_species","estimate"
"t39",-0.269225761517261
"t62",-0.196711014945509
"t1",-0.314993923240216
"t73",-0.926530869118879
"t92",-0.0309490921227669
"t20",-0.132546201098931
"t48",1.61167204750982
"t88",2.90203866888218
"t79",-0.291633378942299
"t70",-0.453614463251317
