"accepted_species","0","1"
"t28","0.194163798645221","0.805836201354779"
"t30","0.562005767774609","0.437994232225391"
"t32","0.180049773241543","0.819950226758458"
"t42","0.144426266367795","0.855573733632205"
"t45","0.00382907725919544","0.996170922740805"
"t52","0.0781808439984605","0.92181915600154"
"t57","0.841251525540025","0.158748474459975"
"t59","0.0781191323009039","0.921880867699096"
"t60","0.0865890409682342","0.913410959031766"
"t62","0.0202631082944275","0.979736891705573"
"t92","0.927250168096524","0.0727498319034763"
"t119","0.989889428391556","0.0101105716084435"
