accepted_species,estimate
t20,-0.7063734379584005
t24,0.09613734417145359
t36,-0.20846915368362418
t95,0.20793243184694787
t32,0.21644672454770209
t89,-0.3007409842010499
t90,-0.2991421373814368
t34,0.5119930980055071
t40,0.6997758996963491
t80,0.12237481978581577
