accepted_species,estimate
t115,0.03509758689063486
t83,0.008135185748456564
t47,-0.05764574714902154
t84,-0.10891831793290968
t100,-0.1507903347929987
t125,-0.165394976072534
t126,-0.1627457984684622
t94,-0.1374395743438624
t141,-0.1542594576403265
t142,-0.15439788563168239
t143,-0.15546113216281593
t64,-0.0393061218223269
t81,-0.05147227444295449
t82,-0.16595191548339422
