accepted_species,estimate
t115,-0.015853766
t83,-0.043366097
t47,0.27991626
t84,0.26092768
t100,0.26790747
t125,0.27011314
t126,0.26790747
t94,0.27011314
t141,0.28534982
t142,0.1943311
t143,0.1943311
t64,0.19883858
t81,0.1990904
t82,0.051025882
