accepted_species,0,1
t52,0.04756254,0.95243746
t13,0.114762425,0.8852376
t45,0.16497236,0.83502764
t93,0.430485,0.569515
t92,0.09586829,0.9041317
t97,0.78682876,0.21317126
t58,0.34116578,0.6588342
t9,0.10504186,0.89495814
t35,0.10504186,0.89495814
t14,0.14925748,0.8507425
