accepted_species,0,1
t21,0.025020778,0.9749792
t24,0.025020778,0.9749792
t59,0.15808952,0.8419105
t65,0.025020778,0.9749792
t77,0.068942726,0.9310573
t80,0.15808952,0.8419105
t93,0.084908724,0.9150913
t96,0.26324427,0.7367557
t97,0.26324427,0.7367557
t110,0.068942726,0.9310573
t111,0.068942726,0.9310573
t117,0.084908724,0.9150913
t119,0.068942726,0.9310573
t123,0.068942726,0.9310573
t137,0.025020778,0.9749792
