accepted_species,estimate
t61,0.068261564
t30,-0.36122772
t92,0.11486345
t13,-0.58126235
t48,-0.0075759203
t73,-0.44295266
t74,-0.44295266
t7,-0.58126235
t97,-0.6808085
t21,-0.6576416
