accepted_species,0,1
t5,,
t67,0.0,1.0
t145,,
t317,0.0,1.0
t239,0.0,1.0
t209,0.0,1.0
t49,,
t132,0.0,1.0
t243,,
t22,,
t292,,
t350,1.0,0.0
t311,1.0,0.0
t278,,
t79,,
t378,0.0,1.0
t324,0.0,1.0
t388,0.0,1.0
t121,1.0,0.0
t114,,
t33,,
t56,,
t334,0.5894538767701613,0.41054612322983874
t327,0.0,1.0
t88,0.0,1.0
t192,,
t84,0.0,1.0
t241,0.0,1.0
t359,0.0,1.0
t312,,
t343,0.0,1.0
t196,0.0,1.0
t240,,
t340,1.0,0.0
t45,,
t14,,
t9,,
t6,,
t1,,
