accepted_species,0,1
t32,0.9505901964803627,0.04940980351963726
t41,0.8377100073515044,0.1622899926484956
t53,0.5585485464363394,0.44145145356366056
t54,0.49976469956527425,0.5002353004347257
t58,0.581069702984158,0.4189302970158419
t62,0.8381376098143567,0.16186239018564325
t63,0.5175828001968841,0.482417199803116
t64,0.20695042529808438,0.7930495747019156
t69,0.5478382453611464,0.45216175463885355
t76,0.6587974945883666,0.3412025054116335
t77,0.4141831704231692,0.5858168295768308
t78,0.24524298559035584,0.7547570144096442
t86,0.32894199842651406,0.6710580015734859
t95,0.13981053357657625,0.8601894664234238
t96,0.07539023085978414,0.9246097691402159
t100,0.11852912226432799,0.881470877735672
t101,0.35877738505287826,0.6412226149471217
t102,0.1735334916243132,0.8264665083756868
t108,0.10848474810688913,0.8915152518931109
t112,0.11524481788403895,0.884755182115961
t113,0.10495322415602282,0.8950467758439772
t114,0.09144237680750822,0.9085576231924918
t127,0.08307429906179975,0.9169257009382002
t128,0.09955247862305472,0.9004475213769453
t142,0.33937493216142933,0.6606250678385707
t155,0.33640364743451245,0.6635963525654875
t161,0.3255569638980541,0.6744430361019459
t179,0.33572597864875586,0.6642740213512441
t184,0.3658244547073942,0.6341755452926058
t192,0.3593213213381825,0.6406786786618175
t201,0.33684960425231136,0.6631503957476886
t233,0.4190539203424418,0.5809460796575582
t234,0.39122425145470086,0.6087757485452991
t240,0.3554685580838973,0.6445314419161027
t256,0.3772977478275862,0.6227022521724138
t259,0.4945956849496077,0.5054043150503923
t268,0.41176294666072133,0.5882370533392787
t330,0.4935963740518329,0.5064036259481671
t365,0.4946391177028431,0.5053608822971569
t398,0.4954099935367542,0.5045900064632458
t399,0.4954206784146845,0.5045793215853155
