accepted_species,estimate
t13,-1.0107961555568397
t21,-1.0107961555568397
t22,-1.0107961555568397
t20,-1.0329972555031632
t75,-1.032620432223809
t47,-1.0358621595703479
t85,-1.037910643825404
t33,-1.0348519483039287
t32,-1.0345523281149795
t28,-1.0342389508908145
