accepted_species,0,1
Galianthe_angustifolia,0.8893273649940505,0.11067263500594944
Spermacoce_cupularis,0.8893265832370296,0.11067341676297038
Galium_huber-morathii,0.889309154683325,0.11069084531667495
Asperula_insolita,0.889309154683325,0.11069084531667495
Hedyotis_devicolamensis,0.889319781578185,0.11068021842181493
Spermacoce_occidentalis,0.8893265832370296,0.11067341676297038
Spermacoce_latimarginata,0.8893265832370296,0.11067341676297038
Otomeria_guineensis,0.8893047460734718,0.11069525392652825
Argostemma_trichosanthes,0.8893098012954688,0.11069019870453119
Argostemma_pusillum,0.8893098012954688,0.11069019870453119
