accepted_species,0,1
t68,0.573186,0.42681402
t38,0.5060611,0.49393892
t15,0.54285514,0.4571449
t80,0.37134063,0.62865937
t96,0.33056748,0.6694325
t124,0.34366697,0.656333
t138,0.36573857,0.6342614
t115,0.6062986,0.39370137
t121,0.5274635,0.4725365
t53,0.31520796,0.68479204
t151,0.47163123,0.5283688
t177,0.40473467,0.5952653
t101,0.3773576,0.6226424
t135,0.40343773,0.59656227
t166,0.71982145,0.28017852
t50,0.64738905,0.35261098
t158,0.5261797,0.47382033
t76,0.6291745,0.3708255
