accepted_species,0,1
t69,0.97897345,0.021026567
t70,0.97897345,0.021026567
t86,0.9739005,0.026099516
t87,0.9739005,0.026099516
t55,0.9739005,0.026099516
t93,0.9739005,0.026099516
t94,0.9739005,0.026099516
t76,0.9739005,0.026099516
t51,0.9739005,0.026099516
t15,0.97897345,0.021026567
