accepted_species,0
t16,
t85,-0.0980929874663108
t99,0.08248639936039376
t39,
t40,
t97,0.27171056269610505
t71,
t30,
t90,-1.8185822282804702
t69,
