"accepted_species","estimate"
"t16",0.239289169832942
"t85",-0.0664729134962945
"t99",0.0827208618579561
"t39",0.275664512360684
"t40",0.275664512360684
"t97",0.271929861787923
"t71",0.363357950574065
"t30",-0.433927078396822
"t90",-1.56421268852105
"t69",-0.594225316548342
