accepted_species,estimate
t62,-0.1509175400709997
t90,-0.05668066210929859
t42,0.027065933321918284
t80,-0.2133798851762321
t74,-1.4664328035116863
t17,-1.087251886927477
t91,1.3226789937444487
t92,1.3212541610571749
t29,-0.28301176575717446
t13,1.140147583294272
