"accepted_species","0","1"
"Centaurium_pulchellum",0.953887021947945,0.0461129780520545
"Frasera_speciosa",0.738109570911368,0.261890429088632
"Gentiana_sino-ornata",0.421420389682656,0.578579610317344
"Sebaea_ovata",0.738109570911368,0.261890429088632
"Asperula_conferta",0.417225670520357,0.582774329479643
"Diodia_virginiana",0.543384779897897,0.456615220102103
"Galium_porrigens",0.410094986678788,0.589905013321212
"Galium_texense",0.410190508524324,0.589809491475676
"Galium_pumilum",0.407991547580175,0.592008452419825
"Kohautia_tenuis",0.41193057347567,0.58806942652433
