accepted_species,0,1
Kadua_degeneri,0.8447675714036829,0.1552324285963172
Galium_sphagnophilum,0.9433144886708579,0.056685511329142124
Leichhardtia_dognyensis,0.9752858520771084,0.024714147922891578
Acranthera_maculata,0.9590408054885335,0.04095919451146648
Psychotria_klainei,0.9935938186295684,0.006406181370431551
Manettia_canescens,0.8988832157560995,0.10111678424390041
Dolichopentas_decora,0.9190562743243221,0.08094372567567786
Matelea_callejasii,0.9682706268926501,0.03172937310734996
Timonius_morobensis,0.8002920041735598,0.19970799582644014
Coffea_microdubardii,0.9989179671272891,0.0010820328727108711
