accepted_species,0,1
Kadua_degeneri,0.9555885088260777,0.04441149117392225
Galium_sphagnophilum,0.9555877016687924,0.044412298331207675
Leichhardtia_dognyensis,0.9558212174495433,0.04417878255045668
Acranthera_maculata,0.9555783162659968,0.04442168373400323
Psychotria_klainei,0.9555857697629674,0.04441423023703257
Manettia_canescens,0.9555883722110161,0.044411627788983866
Dolichopentas_decora,0.9555880970088425,0.044411902991157534
Matelea_callejasii,0.9557815438438806,0.044218456156119454
Timonius_morobensis,0.9551231187474856,0.04487688125251441
Coffea_microdubardii,0.9550285451143283,0.044971454885671676
