accepted_species,estimate
t86,-0.051388908651087986
t87,-0.24632366477837492
t96,-0.011699972723533028
t97,-0.1445607447777602
t98,-0.2640024869957905
t80,0.09698167534073614
t81,-0.060549051273548996
t94,-0.23629509601106108
t95,0.05214267273373034
t20,0.09611952097091551
