"accepted_species","estimate"
"t6",-0.636580607077514
"t58",-1.03098273441733
"t91",0.191300827667306
"t12",-0.781216230582612
"t48",-0.612684337834076
"t55",-0.776984312813605
"t27",-1.24819829252816
"t85",1.67461394152561
"t43",0.596423074437699
"t44",0.596423074437699
