accepted_species,estimate
t94,-1.145780285136308
t51,-1.1071210388813142
t26,-0.5541005723479401
t54,-0.5688090050281508
t35,-0.5627264771923751
t34,-0.5146334794739813
t74,-0.5227683344514972
t86,-0.4068913542261983
t7,0.5909450246023304
t67,-0.48454460563045626
