accepted_species,estimate
t94,-1.5544393
t51,-1.2545388
t26,-0.5335095
t54,-0.5332001
t35,-0.5332001
t34,-0.6005067
t74,-0.35348496
t86,-0.21969637
t7,0.6889865
t67,-0.3539915
