accepted_species,estimate
Alstonia_scholaris,0.05050596398789453
Alstonia_spectabilis,0.07958272958941806
Centaurium_erythraea,-0.4406837363352879
Coprosma_rhamnoides,-0.3455978238150014
Galium_labradoricum,-0.4141068218159007
Galium_sterneri,-0.3679005400143586
Galium_tinctorium,-0.4027763643193312
Guettarda_tikalana,-0.2291499021384517
Knoxia_sumatrensis,0.5007789613775271
Rubia_tinctorum,-0.4594268574333091
