accepted_species,estimate
t67,0.07268317142046095
t2,1.235670539568208
t3,-0.28468224486726507
t43,0.5204584436913134
t45,-0.6969071140862287
t73,-0.9018916014389671
t25,0.13175309354545622
t35,0.1153221128966508
t92,-0.7510726360501903
t54,-0.5980312973309552
