accepted_species,estimate
t67,0.30554444
t2,0.96842426
t3,0.1904881
t43,1.3464171
t45,-1.2153219
t73,-1.6685749
t25,-0.09014742
t35,0.7569855
t92,-0.5129782
t54,-0.78910846
