accepted_species,estimate
t14,-0.78436255
t163,-1.0102222
t115,-1.0930439
t77,-2.2148662
t52,-1.0848986
t166,-0.42619187
t148,-0.42385256
t60,0.72831136
t206,0.86993325
t117,0.5773796
t113,0.18633951
t75,0.4086272
t126,-0.2771208
t20,0.4295064
t3,-0.8513621
t110,-1.3375262
t226,-0.5360615
t195,-0.5331843
t168,-0.54537576
t173,0.32741454
t236,0.2563378
t31,0.6167278
t23,0.38042516
t5,-0.6394692
