accepted_species,0,1
Galium_album,0.46735692,0.5326431
Galium_bifolium,0.37804043,0.62195957
Galium_concinnum,0.37572247,0.62427753
Galium_mollugo,0.46735692,0.5326431
Galium_parisiense,0.47124696,0.52875304
Galium_porrigens,0.43407667,0.56592333
Galium_saxatile,0.47124696,0.52875304
Galium_spurium,0.37572247,0.62427753
Galium_richardianum,0.42330498,0.576695
Galium_verrucosum,0.4580052,0.5419948
