accepted_species,0,1
t51,0.07554974233301748,0.9244502576669825
t34,0.07542069142216079,0.9245793085778392
t10,0.05929356041440148,0.9407064395855985
t97,0.06199551148790705,0.938004488512093
t98,0.06188615797903063,0.9381138420209694
t33,0.06210670404169549,0.9378932959583045
t48,0.05951601962785624,0.9404839803721438
t49,0.0593927719480557,0.9406072280519443
t39,0.04727949047245372,0.9527205095275463
t12,0.047493313652095526,0.9525066863479045
