accepted_species,0,1
t25,0.3712859547177503,0.6287140452822497
t29,0.36472067371520034,0.6352793262847997
t30,0.3485823806294217,0.6514176193705783
t52,0.4325343129433904,0.5674656870566096
t66,0.47654366145716087,0.5234563385428391
t72,0.45819307616930416,0.5418069238306958
t73,0.4653887974264337,0.5346112025735663
t103,0.5176891708048694,0.4823108291951305
t104,0.43588813566973283,0.5641118643302672
t105,0.4357182562307038,0.5642817437692962
