"accepted_species","estimate"
"t19",-0.333006782808407
"t15",-0.0943414126595864
"t16",-0.0943414126595864
"t112",0.559082202536845
"t127",0.308814061322334
"t66",0.882063976837802
"t76",-0.747676223678884
"t125",-0.489709989185163
"t70",-1.62761599356771
"t68",-1.39656438387468
"t47",-0.754866927694352
"t35",-1.11056616470335
"t31",0.436037363177363
"t3",0.653233231521449
