"accepted_species","0","1"
"t458",0.18405694393574,0.81594305606426
"t468",0.184056943934592,0.815943056065408
"t478",0.184056943934592,0.815943056065408
"t483",0.184056943935166,0.815943056064834
"t486",0.184056943935741,0.815943056064259
"t502",0.0684443905703987,0.931555609429601
"t540",0.184056943936889,0.815943056063111
"t541",0.184056943936889,0.815943056063111
"t542",0.184056943932869,0.81594305606713
"t543",0.184056943932869,0.81594305606713
