accepted_species,0,1
t458,0.45288426,0.54711574
t468,0.8128861,0.18711387
t478,0.7036302,0.2963698
t483,0.84269136,0.15730864
t486,0.84269136,0.15730864
t502,0.5596649,0.4403351
t540,0.77722454,0.22277543
t541,0.77722454,0.22277543
t542,0.82077646,0.17922351
t543,0.62957966,0.3704203
