accepted_species,0,1
t76,0.9069501190399355,0.09304988096006447
t93,0.909436973515238,0.090563026484762
t39,0.914003328836859,0.08599667116314108
t80,0.8976752090735212,0.10232479092647885
t81,0.901775319073066,0.09822468092693408
t82,0.9031752974348046,0.09682470256519536
t83,0.8993631221342222,0.10063687786577778
t24,0.889905242201529,0.11009475779847101
t25,0.8892335946230827,0.11076640537691726
t77,0.8924524845913381,0.10754751540866192
