accepted_species,0,1
t76,0.5482216552090663,0.4517783447909337
t93,0.5482838728018902,0.4517161271981098
t39,0.5484735965509835,0.45152640344901657
t80,0.5501828860746591,0.4498171139253409
t81,0.550326144769298,0.4496738552307021
t82,0.54914655707947,0.4508534429205299
t83,0.5490800700373426,0.4509199299626574
t24,0.5502886146937049,0.44971138530629506
t25,0.5509599969870485,0.44904000301295155
t77,0.5371199219191194,0.4628800780808806
