accepted_species,0,1
t76,1.0,0.0
t93,1.0,0.0
t39,0.4222222222222223,0.5777777777777777
t80,0.4222222222222223,0.5777777777777777
t81,0.4222222222222223,0.5777777777777777
t82,0.4222222222222223,0.5777777777777777
t83,0.4222222222222223,0.5777777777777777
t24,0.4222222222222223,0.5777777777777777
t25,0.4222222222222223,0.5777777777777777
t77,0.4222222222222223,0.5777777777777777
