accepted_species,0,1
t30,0.22551513,0.7744849
t96,0.23518085,0.76481915
t100,0.24418199,0.755818
t80,0.93637556,0.06362443
t81,0.93637556,0.06362443
t67,0.77664924,0.22335076
t9,0.09309417,0.90690583
t29,0.73334503,0.26665494
t34,0.6915089,0.3084911
t44,0.92893636,0.07106362
