accepted_species,0,1
t58,0.4555555555555556,0.5444444444444444
t2,0.4555555555555556,0.5444444444444444
t54,0.4555555555555556,0.5444444444444444
t94,0.4555555555555556,0.5444444444444444
t95,0.4555555555555556,0.5444444444444444
t73,1.0,0.0
t30,0.4555555555555556,0.5444444444444444
t80,0.0,1.0
t48,0.4555555555555556,0.5444444444444444
t37,0.4555555555555556,0.5444444444444444
