accepted_species,estimate
t80,-0.32489294
t81,-0.32489294
t50,-0.32934788
t21,-0.32934788
t86,-0.3339292
t87,-0.33223447
t88,-0.3355686
t51,-0.33223447
t68,-0.33223447
t69,-0.33223447
