"accepted_species","estimate"
"t14",-0.368616808506024
"t85",-0.408016486688444
"t161",-0.407954259025474
"t100",-0.408535198067309
"t141",-0.449726198076085
"t108",-0.441336354167693
"t154",-0.404198040495697
"t147",-0.401383625139197
"t71",-0.438880088058951
"t53",-0.690519614768822
"t58",-0.68987034573728
"t40",-0.697648050563698
"t130",-0.709310259356017
"t8",-1.09519335963075
"t115",1.00553203507676
"t163",1.06966269835105
"t157",1.06932852070111
"t127",1.10197113410196
