accepted_species,0,1
t3,0.05736041,0.9426396
t63,0.28528047,0.71471953
t100,0.009763658,0.99023634
t81,0.005212903,0.9947871
t4,0.015699565,0.98430043
t97,0.5066017,0.4933983
t49,0.72616136,0.27383864
t88,0.008299649,0.99170035
t78,0.83797383,0.16202615
t74,0.02302593,0.97697407
