accepted_species,0,1
Cruciata_laevipes,0.63689435,0.36310565
Galium_aparine,0.60912126,0.39087874
Galium_bifolium,0.12010467,0.8798953
Galium_mollugo,0.5779771,0.42202288
Galium_porrigens,0.18819016,0.81180984
Galium_sterneri,0.869969,0.13003097
Galium_tinctorium,0.21681345,0.78318655
Galium_richardianum,0.7207905,0.27920952
Galium_setaceum,0.65316665,0.34683338
Galium_verrucosum,0.5616046,0.43839538
