accepted_species,estimate
t30,-1.3517903
t92,-1.0463783
t13,-1.5425981
t6,-1.8488218
t36,1.1856076
t47,0.43126333
t45,0.4676726
t80,0.4676726
t88,0.7484373
t66,0.7484373
