accepted_species,estimate
t75,-0.862708
t46,0.03601502
t19,-0.0138391
t36,-0.34467956
t10,0.31418368
t29,-0.56422704
t44,-0.956813
t18,-0.32187194
t6,0.22443423
t51,0.07292959
