accepted_species,estimate
t75,-0.2950316
t46,-0.45951492
t19,-0.33631092
t36,-0.18963446
t10,-0.8581073
t29,-1.1184716
t44,-0.86129016
t18,-1.1184716
t6,0.06562526
t51,0.49151433
