accepted_species,0,1
t66,0.98770875,0.012291272
t95,0.98770875,0.012291272
t39,0.98770875,0.012291272
t35,0.98770875,0.012291272
t96,0.9941311,0.005868926
t43,0.9941311,0.005868926
t14,0.9941311,0.005868926
t2,0.9941311,0.005868926
t15,0.9941311,0.005868926
t7,0.9941311,0.005868926
