accepted_species,0,1
t97,0.9788834376299007,0.021116562370099293
t21,0.7308171709450869,0.2691828290549131
t22,0.7128266042534066,0.2871733957465934
t79,0.9352239255269321,0.06477607447306782
t40,0.5780003711854936,0.42199962881450637
t27,0.27103091073080576,0.7289690892691942
t28,0.4621928262701338,0.5378071737298662
t87,0.44852033214069487,0.5514796678593051
t67,0.40149548458093665,0.5985045154190634
t68,0.24180696511881528,0.7581930348811847
