accepted_species,estimate
Carissa_macrocarpa,0.283508892806862
Coprosma_quadrifida,-0.2825893111551462
Galium_aparine,-0.41639778980888187
Galium_divaricatum,-0.42070162832990043
Galium_parisiense,-0.42070162832990043
Gardenia_ovularis,-0.2525968680990279
Guettarda_aromatica,-0.3971420159455953
Nertera_granadensis,-0.26383646795546944
Psychotria_horizontalis,-0.04850125720561769
Randia_pterocarpa,0.16847719354258625
