accepted_species,0
Carissa_macrocarpa,-0.056589397229210026
Coprosma_quadrifida,-0.056589397229210026
Galium_aparine,-0.056589397229210026
Galium_divaricatum,-0.056589397229210026
Galium_parisiense,-0.056589397229210026
Gardenia_ovularis,-0.258492676883531
Guettarda_aromatica,-0.056589397229210026
Nertera_granadensis,-0.056589397229210026
Psychotria_horizontalis,-0.056589397229210026
Randia_pterocarpa,-0.056589397229210026
