accepted_species,estimate
Centaurium_pulchellum,-0.35206895767153423
Gentiana_andrewsii,-0.4022974909409845
Gentiana_lutea,-0.4022974909409845
Gentiana_scabra,-0.4220816627461187
Gentiana_sceptrum,-0.4022974909409845
Gentiana_triflora,-0.4022974909409845
Gentianella_amarella,-0.4208989824990567
Gentianella_germanica,-0.42049110046318605
Gentianella_insubrica,-0.42089434558683053
Swertia_bimaculata,-0.4102332192470654
