accepted_species,0
Centaurium_pulchellum,0.05978243938466146
Gentiana_andrewsii,0.05978243938466146
Gentiana_lutea,0.05978243938466146
Gentiana_scabra,-0.42234218388974004
Gentiana_sceptrum,0.05978243938466146
Gentiana_triflora,0.05978243938466146
Gentianella_amarella,-0.421337631077213
Gentianella_germanica,-0.421337631077213
Gentianella_insubrica,-0.42133763107721295
Swertia_bimaculata,0.05978243938466146
