accepted_species,0,1
t35,0.8833287,0.11667132
t46,0.82580256,0.17419747
t70,0.7864915,0.21350852
t73,0.8497445,0.15025552
t102,0.88956696,0.11043302
t119,0.9001357,0.09986431
t124,0.77984166,0.22015837
t135,0.903171,0.096829
t142,0.8950911,0.104908876
t143,0.8950911,0.104908876
