accepted_species,0,1
t79,0.2873399648695727,0.7126600351304273
t108,0.300154070852545,0.699845929147455
t109,0.2903146234980276,0.7096853765019724
t116,0.35215502677642985,0.6478449732235702
t125,0.3361160560438615,0.6638839439561385
t131,0.2751586149326203,0.7248413850673797
t140,0.3538428316997103,0.6461571683002897
t141,0.34696060853431376,0.6530393914656862
t158,0.3283385018852404,0.6716614981147596
t159,0.32991391384299673,0.6700860861570033
