accepted_species,0,1
t79,0.2917656269597425,0.7082343730402575
t108,0.32959490711295025,0.6704050928870497
t109,0.31634565568031137,0.6836543443196886
t116,0.37735450041011354,0.6226454995898865
t125,0.3803401332937042,0.6196598667062958
t131,0.3592410487196327,0.6407589512803673
t140,0.36844676819729383,0.6315532318027062
t141,0.3735152336594244,0.6264847663405756
t158,0.4071975542603531,0.5928024457396469
t159,0.35421696996500274,0.6457830300349973
