accepted_species,0,1
t55,0.0357154,0.9642846
t3,0.0028687716,0.9971312
t62,0.0028687716,0.9971312
t33,0.0028687716,0.9971312
t39,0.0053952336,0.99460477
t98,0.0077698827,0.9922301
t7,0.010167003,0.989833
t80,0.008095384,0.9919046
t51,0.016259074,0.9837409
t64,0.06407583,0.9359242
