accepted_species,estimate
t71,1.5202
t68,-0.5235897
t99,-0.05571634
t33,0.07697021
t86,0.049202945
t20,-0.80909914
t10,-1.0130007
t23,-0.001727208
t97,-0.27115998
t30,-0.3615914
