accepted_species,estimate
t71,0.10368772
t68,-0.8822229
t99,-0.21395302
t33,-0.17178845
t86,0.5971164
t20,-1.773652
t10,-1.5947332
t23,0.11569984
t97,-0.79149646
t30,0.30127952
