accepted_species,0,1
t217,0.5016275381922981,0.4983724618077019
t253,0.4984907231753076,0.5015092768246924
t308,0.4985845885260308,0.5014154114739692
t312,0.49853588114419023,0.5014641188558098
t313,0.5022989010160344,0.4977010989839657
t349,0.5016203122234981,0.4983796877765019
t353,0.5016229000664989,0.49837709993350104
t356,0.4984510196305012,0.5015489803694988
t365,0.4984893356727489,0.5015106643272511
t368,0.49850803455460624,0.5014919654453938
