accepted_species,estimate
Centaurium_pulchellum,-0.4473140244545804
Exostema_caribaeum,-0.37881969605940596
Galium_lucidum,0.06072814963649323
Genipa_americana,1.3033336089231133
Gentiana_andrewsii,-0.028308324498835215
Gentianella_insubrica,-0.9735648785443279
Nerium_oleander,0.08190915814547961
Rosenbergiodendron_formosum,1.2029013605367174
Rubia_tinctorum,-0.9744025542472688
Tabernaemontana_sananho,0.24285919668097553
