accepted_species,0,1
t51,0.6663458656512795,0.33365413434872054
t29,0.6187072714944142,0.3812927285055858
t11,0.8899912514482464,0.11000874855175362
t34,0.8184093066766847,0.18159069332331534
t88,0.9946658424368661,0.00533415756313389
t35,0.6793576204276989,0.32064237957230113
t32,0.8062683050052188,0.19373169499478118
t58,0.8215028456197723,0.1784971543802277
t99,0.6882697882905311,0.31173021170946885
t16,0.8592503121959132,0.14074968780408686
