accepted_species,0,1
t28,0.68076473,0.31923527
t30,0.8212701,0.1787299
t32,0.014456987,0.985543
t41,0.01995349,0.9800465
t42,0.74399436,0.25600561
t49,0.42255753,0.57744247
t57,0.78974545,0.21025455
t59,0.69261634,0.3073837
t95,0.55906653,0.4409335
t110,0.76141155,0.23858844
t114,0.8970434,0.10295661
t135,0.72897613,0.2710239
t137,0.7074908,0.29250917
t138,0.7074908,0.29250917
