"","turnover.rates","eps.values","transition.rates"
"1",0.590595023240894,0.385888350263954,NA
"2",0.821746752597392,0.97098995323235,0.543185987742618
"3",0.590595023240894,0.385888350263954,0.289786045206711
"4",0.821746752597392,0.97098995323235,NA
