accepted_species,0,1
Asclepias_incarnata,0.2592453325027554,0.7407546674972446
Asclepias_lanuginosa,0.3205268261178902,0.6794731738821098
Asclepias_mellodora,0.29127549021067056,0.7087245097893294
Asclepias_ovalifolia,0.3302948931350156,0.6697051068649844
Asclepias_speciosa,0.33680939246489605,0.663190607535104
Asclepias_stenophylla,0.2897444067278765,0.7102555932721235
Asclepias_syriaca,0.28030756658259237,0.7196924334174076
Asclepias_tuberosa,0.26112421640158845,0.7388757835984116
Asclepias_verticillata,0.3134569462586144,0.6865430537413856
Asclepias_viridiflora,0.3512766607593083,0.6487233392406917
