accepted_species,estimate
t97,1.8004986
t65,1.8330858
t66,1.8330858
t18,1.8330858
t30,1.8330858
t31,1.8330858
t52,1.8330858
t63,1.8330858
t64,1.8330858
t46,1.8859892
