accepted_species,0,1
t65,0.5760351467673904,0.4239648532326096
t76,0.6379251391919657,0.3620748608080343
t98,0.6430188236025769,0.35698117639742305
t90,0.6419551612035811,0.3580448387964189
t49,0.635172042826353,0.3648279571736471
t57,0.2052663020039619,0.7947336979960381
t26,0.5744906342909073,0.42550936570909265
t6,0.5405284042397089,0.4594715957602911
t91,0.5394875860750801,0.4605124139249199
t100,0.4279450064795606,0.5720549935204394
