accepted_species,0,1
t65,0.7423469928446685,0.25765300715533146
t76,0.7941238401742898,0.20587615982571014
t98,0.7594717966536862,0.24052820334631375
t90,0.7742170440811271,0.22578295591887285
t49,0.7669777972916607,0.2330222027083393
t57,0.003347562956022232,0.9966524370439778
t26,0.5070549806637963,0.4929450193362037
t6,0.726092679412764,0.273907320587236
t91,0.7506583528980085,0.24934164710199147
t100,0.4451915369552768,0.5548084630447232
