accepted_species,0,1
t25,0.7695677726758584,0.23043222732414162
t64,0.7695677726758584,0.23043222732414162
t65,0.7695677726758584,0.23043222732414162
t10,0.7695677726758584,0.23043222732414162
t50,0.8086348122993812,0.1913651877006188
t82,0.800635512238862,0.19936448776113802
t31,0.8068396383309482,0.19316036166905184
t15,0.8023461385335874,0.19765386146641262
t32,0.7540047459107145,0.24599525408928546
t33,0.7540047459107145,0.24599525408928546
