accepted_species,0,1
t25,0.6119091544254939,0.3880908455745061
t64,0.6222347459794948,0.3777652540205052
t65,0.617519601235486,0.38248039876451395
t10,0.6017825308520496,0.3982174691479504
t50,0.615284492686023,0.3847155073139769
t82,0.6209286203303559,0.37907137966964416
t31,0.628052613498683,0.37194738650131703
t15,0.6234333100535665,0.37656668994643355
t32,0.6347222828250649,0.3652777171749351
t33,0.6317164111624739,0.3682835888375261
