accepted_species,0,1
t89,5.271282819485634e-05,0.9999472871718051
t54,0.03406710020985659,0.9659328997901434
t74,0.03773421563104562,0.9622657843689544
t22,0.4017892972432082,0.5982107027567918
t14,0.7190887209132155,0.2809112790867845
t60,0.08742826667141945,0.9125717333285805
t53,0.011718213484853801,0.9882817865151462
t24,0.7178170000772495,0.2821829999227505
t23,0.7231219067582513,0.2768780932417488
t31,0.1693478602621541,0.8306521397378459
