accepted_species,0,1
t89,0.017650545,0.98234946
t54,0.054259658,0.94574034
t74,0.0019214153,0.9980786
t22,0.12098122,0.8790188
t14,0.988879,0.011120949
t60,0.010702908,0.9892971
t53,0.008714378,0.9912856
t24,0.86145985,0.13854015
t23,0.9017878,0.09821219
t31,0.17381412,0.8261859
