accepted_species,0,1
Asclepias_syriaca,0.09902567,0.90097433
Asclepias_viridis,0.1410191,0.8589809
Gentiana_spathulifolia,0.4882058,0.5117942
Sinoswertia_tetraptera,0.89900124,0.10099879
Leichhardtia_australis,0.4242217,0.5757783
Centaurium_erythraea,0.8904355,0.109564476
Centaurium_tenuiflorum,0.89900124,0.10099879
Galium_richardianum,0.36990076,0.63009924
Galium_setaceum,0.27262348,0.7273765
Kohautia_caespitosa,0.6832749,0.31672508
