accepted_species,estimate
t52,0.27201346529571
t108,-0.5578075848288357
t126,0.9054779200276748
t64,0.7952467163519181
t49,0.08591124294602338
t35,-0.12649619087897412
t134,-0.14155809469531377
t92,-0.8680724452629074
t144,-1.0365529558965756
t145,-1.0368165211808718
t37,0.3761685412876516
t77,0.38272220680491736
t19,-0.1434992027079922
t148,-0.3023304625763385
t105,0.5144089694417329
