accepted_species,estimate
t52,0.21394657
t108,-0.15485896
t126,0.30357367
t64,0.5970317
t49,0.04705406
t35,0.13463658
t134,0.12025302
t92,-0.80972755
t144,-0.34980378
t145,-0.34980378
t37,0.056360483
t77,0.17418425
t19,0.07328482
t148,-0.20355392
t105,0.053947665
