accepted_species,0,1
t82,0.005660623364195261,0.9943393766358047
t84,0.005682903602894918,0.9943170963971051
t87,0.014848080255727925,0.9851519197442721
t14,0.0010467458720693212,0.9989532541279307
t43,0.001105906630231579,0.9988940933697684
t63,0.0020158285919082974,0.9979841714080917
t53,0.0022633163535782375,0.9977366836464218
t45,0.4787592989838405,0.5212407010161595
t58,0.6862414887132887,0.3137585112867113
t34,0.32799416776336376,0.6720058322366362
