accepted_species,0,1
t82,0.0074074864,0.9925925
t84,0.019295394,0.9807046
t87,0.007986844,0.99201316
t14,0.0163517,0.9836483
t43,0.008676767,0.99132323
t63,0.012976766,0.98702323
t53,0.012976766,0.98702323
t45,0.2032916,0.7967084
t58,0.25704366,0.74295634
t34,0.40133512,0.5986649
