accepted_species,0,1
t82,0.008304775,0.9916952
t84,0.012395501,0.9876045
t87,0.013162196,0.9868378
t14,0.011405587,0.9885944
t43,0.012131691,0.9878683
t63,0.008996487,0.9910035
t53,0.008441806,0.9915582
t45,0.15338498,0.846615
t58,0.8478613,0.15213871
t34,0.21650088,0.7834991
