accepted_species,0,1
Asclepias_lanuginosa,0.28822118,0.7117788
Asclepias_speciosa,0.26944667,0.7305533
Frasera_speciosa,0.7521627,0.24783729
Gentiana_verna,0.3572622,0.6427378
Asperula_conferta,0.53927696,0.46072307
Galium_aparine,0.5293625,0.4706375
Galium_parisiense,0.38031816,0.61968184
Spermacoce_chaetocephala,0.5305446,0.46945542
Spermacoce_quadrisulcata,0.5306108,0.46938917
Spermacoce_stachydea,0.5128845,0.48711547
