accepted_species,0,1
t116,0.02368635,0.97631365
t137,0.22681338,0.7731866
t144,0.044523895,0.9554761
t162,0.045849264,0.95415074
t192,0.044523895,0.9554761
t196,0.13103658,0.8689634
t213,0.32997948,0.6700205
t222,0.066566944,0.93343306
t226,0.04823643,0.9517636
t229,0.14599842,0.8540016
