accepted_species,0,1
t19,0.6636435026375199,0.3363564973624801
t24,0.6597538762688386,0.34024612373116137
t25,0.6580149381806606,0.34198506181933935
t37,0.6015363452576892,0.3984636547423109
t42,0.6406788352746315,0.3593211647253685
t47,0.362509551228834,0.637490448771166
t59,0.5526539396936501,0.44734606030635
t77,0.4619777379576999,0.5380222620423001
t79,0.581654526486532,0.418345473513468
t83,0.6106286156810177,0.3893713843189823
t87,0.6826871447560406,0.31731285524395936
t90,0.3760814370998419,0.6239185629001581
t94,0.6708547484737755,0.3291452515262246
t100,0.5271134777692902,0.4728865222307098
t106,0.37914101743937556,0.6208589825606244
t111,0.5659533355006041,0.4340466644993959
t114,0.5350308244053369,0.4649691755946631
t146,0.2605153573207589,0.7394846426792411
t151,0.7328926031156215,0.26710739688437846
t171,0.230483332145607,0.769516667854393
t186,0.33422456448336346,0.6657754355166365
t200,0.31656692788447627,0.6834330721155237
t220,0.32455732211267463,0.6754426778873254
t233,0.6713781655882212,0.3286218344117789
t237,0.4323082494639383,0.5676917505360617
t246,0.29331094936030633,0.7066890506396937
t251,0.25200089881646637,0.7479991011835336
t263,0.43681246108002014,0.5631875389199799
t271,0.26289106863612055,0.7371089313638794
t272,0.6642883740591469,0.33571162594085313
