accepted_species,estimate
t14,0.17714990083298407
t57,1.5927475419171317
t92,-0.7119165717141615
t30,-0.7305721905216437
t78,-0.7268165767427094
t79,-0.7050207508816186
t99,-0.6772930969775566
t87,-0.6458645038485372
t80,-0.7687166515038067
t48,-0.7104926338332989
