accepted_species,0,1
t36,0.344288,0.655712
t59,0.48461658,0.5153834
t68,0.03718537,0.9628146
t83,0.15466666,0.84533334
t84,0.3701834,0.6298166
t89,0.038400233,0.96159977
t90,0.5768187,0.4231813
t107,0.019173384,0.9808266
t139,0.09419632,0.9058037
t143,0.28339726,0.71660274
t148,0.05284798,0.947152
t149,0.056025386,0.9439746
t150,0.043839455,0.95616055
t154,0.3701834,0.6298166
t155,0.3701834,0.6298166
