accepted_species,estimate
t41,-0.92247826
t98,-1.7684609
t14,0.4464092
t33,-0.56649965
t45,0.7452487
t56,0.7452487
t17,0.05597234
t82,0.5192234
t70,0.517695
t60,0.54007536
