accepted_species,estimate
t61,0.14515963
t20,1.6874752
t63,1.6874752
t76,1.719416
t8,1.185191
t72,0.35467204
t70,-0.5856837
t23,-0.6112306
t57,-1.4415753
t90,-1.6217175
