"accepted_species","estimate"
"t48",0.0774358217486655
"t5",0.0223460627381017
"t66",0.0316178368023197
"t67",0.0316178368023197
"t91",0.0316178368023197
"t92",0.0316178368023197
"t78",0.0316178368023197
"t79",0.0316178368023197
"t45",0.241916885147854
"t97",0.154825299432896
