accepted_species,estimate
Coffea_liberica,2.0796892390575827
Cyclophyllum_coprosmoides,1.785966759109865
Gardenia_jasminoides,2.0374376809247914
Gardenia_ovularis,2.242758734594728
Genipa_americana,1.8871679131345767
Ixora_javanica,1.9703578928622596
Ixora_peruviana,1.9101688285340184
Pentagonia_macrophylla,1.397896581360171
Randia_hebecarpa,2.224433084737956
Randia_thurberi,2.274868053936793
