accepted_species,0,1
t37,0.59890735,0.40109262
t38,0.59890735,0.40109262
t46,0.59890735,0.40109262
t58,0.59890735,0.40109262
t62,0.59890735,0.40109262
t63,0.59890735,0.40109262
t66,0.779732,0.220268
t67,0.779732,0.220268
t77,0.5255997,0.4744003
t122,0.78456974,0.21543024
t126,0.78456974,0.21543024
t127,0.78456974,0.21543024
