accepted_species,estimate
t52,0.7221979059421336
t38,0.38120545952127693
t64,0.9008387469080227
t94,1.0485439193746204
t53,0.013639877477706355
t54,-0.06472860481786978
t25,0.08425633143726365
t23,0.24064374044702974
t29,-0.0963500192998704
t55,0.6383720550174549
