accepted_species,0,1
t31,0.15752447,0.84247553
t46,0.07942462,0.9205754
t66,0.39306587,0.60693413
t113,0.91851693,0.08148308
t135,0.060295463,0.93970454
t147,0.07942462,0.9205754
t148,0.07942462,0.9205754
t150,0.059064448,0.94093555
t166,0.059064448,0.94093555
t167,0.059064448,0.94093555
