accepted_species,0,1
Palicourea_urceolata,0.94086033,0.059139688
Simira_hexandra,0.9231534,0.07684662
Bouvardia_juarezana,0.9469844,0.053015575
Coptophyllum_bracteatum,0.9042099,0.09579008
Psychotria_malaloensis,0.93857616,0.06142382
Psychotria_prainii,0.93857616,0.06142382
Psychotria_marcgraviella,0.93857616,0.06142382
Coprosma_decurva,0.9213079,0.07869206
Hoya_tangerina,0.8965163,0.10348369
Mussaenda_philippinensis,0.9201307,0.07986928
