accepted_species,estimate
t86,1.4284881674956118
t62,-0.39152305654350816
t33,-0.37422672039183225
t8,-0.38771486920286835
t82,-0.847131292022692
t38,-0.5275666034498622
t53,0.8617538427949669
t19,1.153035729905798
t48,1.193776604283251
t18,1.03985006978283
