accepted_species,0
t86,-0.03696881967370875
t62,-0.03696881967370875
t33,-0.03696881967370875
t8,-0.03696881967370875
t82,-0.03696881967370875
t38,-0.03696881967370875
t53,-0.03696881967370875
t19,-0.03696881967370875
t48,-0.03696881967370875
t18,-0.03696881967370875
