accepted_species,estimate
t137,-0.20337026
t157,0.7864212
t212,0.7216045
t269,0.628689
t245,0.5198805
t246,0.5198805
t222,0.5198805
t223,0.5198805
t221,0.5198805
t281,0.5198805
t247,0.7925969
t248,0.7925969
t178,0.8017016
t182,0.8017016
t196,0.8017016
t197,0.8017016
t108,-0.008873582
t260,0.7784395
t287,0.9426474
t288,0.9426474
t219,0.8193641
t279,0.8955057
t280,0.8955057
t278,0.8955057
t112,-0.07040672
t160,-0.07040672
t121,-0.07040672
t84,-0.3736867
t91,-0.4541416
