accepted_species,0,1
t14,0.5985911764748953,0.40140882352510465
t34,0.967001293431931,0.032998706568068976
t48,0.7781962025401891,0.2218037974598109
t65,0.7846907736528206,0.21530922634717947
t70,0.8623598300222384,0.13764016997776166
t77,0.9125384660665028,0.08746153393349719
t79,0.5784393294317967,0.4215606705682033
t94,0.7404351725313824,0.25956482746861764
t102,0.9612691066335982,0.03873089336640183
t109,0.7715584189723549,0.22844158102764514
