accepted_species,0,1
t14,0.6923852,0.3076148
t34,0.915318,0.084681965
t48,0.80696887,0.19303113
t65,0.8037003,0.1962997
t70,0.9103535,0.089646496
t77,0.898243,0.101756975
t79,0.8674623,0.13253772
t94,0.72943693,0.27056307
t102,0.915318,0.084681965
t109,0.78559077,0.21440926
