accepted_species,0
t56,-0.05244170690625235
t74,-0.05244170690689594
t75,-0.05244170690689594
t68,-0.11301520856314867
t72,-0.10061580641775965
t73,-0.10061580641775965
t54,-0.019207541926791007
t55,-0.019207541926791007
t20,-0.01920754192662801
t21,-0.01920754192662801
