accepted_species,0,1
Galium_aparine,0.7475455,0.2524545
Galium_bifolium,0.93339133,0.06660865
Galium_circaezans,0.7255818,0.27441818
Galium_saxatile,0.66033244,0.33966753
Galium_sterneri,0.46028095,0.53971905
Galium_texense,0.7436135,0.25638652
Galium_triflorum,0.6808043,0.3191957
Galium_pumilum,0.832942,0.16705796
Galium_richardianum,0.7383142,0.2616858
Galium_verrucosum,0.67511326,0.32488674
