accepted_species,estimate
t85,0.019578423
t91,-0.09263656
t76,-0.14582367
t77,-0.14582367
t66,-0.14582367
t31,2.1397064
t32,2.1397064
t9,2.1397064
t79,2.1397064
t7,0.3939066
