accepted_species,estimate
t85,0.96743786
t91,0.6406525
t76,0.96743786
t77,0.6406525
t66,0.6406525
t31,0.6406525
t32,0.6406525
t9,0.80744755
t79,0.7250469
t7,0.45678878
