accepted_species,estimate
t35,-0.4284650666392083
t52,-1.4599474163524695
t66,-1.6873749647481309
t102,-1.8458744423855253
t149,-1.8926777413196023
t150,-1.892677741319602
t120,-1.8759850672304932
t80,-1.7937151541235625
t129,-1.9005948463419307
t180,-1.921821894402851
t81,-1.7854710858129583
t82,-1.7854710858129585
t72,-1.763515080774477
t39,-0.7582065816896738
t45,-0.814622720075086
t46,-0.8192156468516357
t154,-1.0087251745486474
t155,-1.0087251745486474
t47,-0.8338472611616558
