"accepted_species","estimate"
"t6",-0.625536579590384
"t68",-0.989807534575128
"t75",-0.993594547900379
"t22",-0.93165949917988
"t66",-1.12806111430257
"t67",-1.12806111430257
"t50",-0.855673253327611
"t51",-0.855673253327611
"t15",-0.817996081215348
"t10",-0.495661815377292
