accepted_species,0,1
t94,0.9598345905264318,0.04016540947356815
t51,0.9566713027852141,0.043328697214785925
t10,0.3651019046169608,0.6348980953830392
t90,0.2930241562581274,0.7069758437418726
t14,0.3412509797356653,0.6587490202643347
t78,0.8220355453883276,0.1779644546116724
t38,0.4032512047528477,0.5967487952471523
t89,0.7477628822962131,0.2522371177037869
t41,0.8363432010786441,0.1636567989213559
t62,0.744997696652576,0.25500230334742396
