accepted_species,0,1
t94,0.9954731,0.0045269164
t51,0.9962457,0.0037542935
t10,0.6984663,0.30153367
t90,0.043290377,0.9567096
t14,0.09939331,0.9006067
t78,0.98986155,0.010138462
t38,0.9893473,0.010652717
t89,0.9687645,0.031235535
t41,0.95812356,0.041876443
t62,0.13804936,0.86195064
