accepted_species,0
t55,0.013651256868150146
t53,-0.16355103253831216
t57,-0.35832594236378057
t40,-0.27063671240758447
t61,-0.03278503154563517
t115,-0.131660172404316
t9,-0.008728777710121084
t1,-0.019604689161922928
t34,0.1584101666420125
t24,-0.026324227150314013
t17,0.1473081540296737
t10,-0.007849638388895413
t109,0.3658982681040705
