accepted_species,0,1
Cynanchum_thesioides,0.7070867,0.29291335
Gentiana_macrophylla,0.18115568,0.8188443
Gentianopsis_barbata,0.8854659,0.1145341
Gentianopsis_paludosa,0.87647957,0.12352041
Galium_album,0.77491987,0.22508012
Galium_aparine,0.77491987,0.22508012
Galium_porrigens,0.5990732,0.4009268
Cynanchum_viminale,0.7759178,0.22408216
Gentiana_clusii,0.5082499,0.49175012
Richardia_humistrata,0.914392,0.085608035
