accepted_species,estimate
t3,0.3505866
t9,0.20236418
t128,-0.26669177
t55,-0.15836056
t19,0.11336522
t16,0.22224338
t39,0.08463344
t29,0.19553576
t66,0.11911781
t38,-0.15682036
t212,0.23004662
t101,-1.4708246
t206,-1.9740771
t151,-0.98577344
t44,0.46078712
t33,-0.09781809
t119,1.6369365
t115,0.82297957
t20,0.27931827
t14,0.5219299
t2,0.32582772
