"accepted_species","estimate"
"t16",0.236651809873398
"t17",0.236651809873398
"t37",0.296279168427051
"t18",0.143168242967665
"t13",0.170152631230195
"t36",-0.240312284882799
"t70",-0.208799194233618
"t59",-0.771806249851986
"t80",-0.803847845917745
"t95",-0.52295506757866
