accepted_species,estimate
t54,-0.7034075309080067
t47,-0.48595331583497453
t59,-0.06887763797663295
t40,-0.05874117492079832
t53,1.5915434041841248
t65,-0.10056528153022978
t14,0.06357771465127272
t45,0.8964991052985151
t99,-0.4540623139165358
t96,-0.4541539831950454
