"accepted_species","estimate"
"t80",-0.359260392453723
"t74",-1.21160055234022
"t21",0.288210543419351
"t18",0.618212715345796
"t94",-0.0460834769955546
"t87",0.810001696869535
"t90",0.813836455063386
"t16",0.108201780610585
"t58",0.387083519160294
"t99",-0.693532686233778
