accepted_species,0,1
t84,0.96180063,0.03819938
t85,0.96180063,0.03819938
t63,0.96180063,0.03819938
t19,0.96180063,0.03819938
t18,0.9824886,0.017511427
t57,0.9824886,0.017511427
t39,0.35361797,0.64638203
t22,0.9517892,0.048210803
t26,0.91615653,0.083843455
t6,0.91615653,0.083843455
