accepted_species,estimate
t21,-0.3626102095709817
t69,-1.3095389892595972
t34,-0.002326318721769454
t48,0.0006204393606415327
t82,-0.8838736645144456
t37,-1.1641024548511538
t38,-1.1641024548511538
t27,0.09079284631941101
t44,-0.7003557740932294
t94,0.8118314331313067
