accepted_species,estimate
t15,0.97903484
t17,0.97903484
t9,1.3015187
t74,0.3769808
t100,-0.13986343
t10,-0.07748307
t21,0.5091775
t63,0.2878283
t23,-1.5756924
t45,-1.2753427
