"accepted_species","0","1"
"t1622",0.269828968051682,0.730171031948318
"t1667",0.220907016498967,0.779092983501033
"t1708",0.101975341409203,0.898024658590797
"t1710",0.27809025864951,0.72190974135049
"t1714",0.0777660173648479,0.922233982635152
"t1725",0.860602427761894,0.139397572238106
"t1727",0.0724421140882768,0.927557885911723
"t1737",0.0190829678184804,0.98091703218152
"t1743",0.00415112815867649,0.995848871841324
"t1748",0.00142853359675713,0.998571466403243
