accepted_species,0,1
t1622,0.029421031,0.97057897
t1667,0.047923386,0.9520766
t1708,0.049838424,0.9501616
t1710,0.14942956,0.85057044
t1714,0.055619836,0.94438016
t1725,0.9658553,0.034144673
t1727,0.080515385,0.9194846
t1737,0.29084575,0.70915425
t1743,0.04514146,0.95485854
t1748,0.0975315,0.9024685
