accepted_species,0,1
t1622,0.7579755,0.2420245
t1667,0.05684495,0.94315505
t1708,0.15940505,0.84059495
t1710,0.05074525,0.94925475
t1714,0.09686798,0.903132
t1725,0.41132975,0.58867025
t1727,0.09627497,0.903725
t1737,0.6458175,0.35418248
t1743,0.06780338,0.9321966
t1748,0.07394868,0.9260513
