accepted_species,0,1
t22,0.39367658,0.6063234
t36,0.19205475,0.80794525
t37,0.2990846,0.7009154
t67,0.13858795,0.86141205
t97,0.13968027,0.86031973
t102,0.19370967,0.8062903
t105,0.40497047,0.59502953
t127,0.13968027,0.86031973
t128,0.17752421,0.8224758
t132,0.44073653,0.55926347
