accepted_species,0,1
t23,0.9125736,0.08742645
t28,0.8996345,0.10036552
t20,0.6073123,0.39268765
t22,0.2551834,0.7448166
t18,0.44008732,0.5599127
t15,0.10584873,0.8941513
t66,0.14412254,0.85587746
t67,0.22036403,0.77963597
t100,0.068382084,0.9316179
t8,0.16951448,0.8304855
