accepted_species,0,1
Galium_album,0.36741040832133787,0.6325895916786621
Galium_aparine,0.4005005922833521,0.5994994077166479
Galium_bifolium,0.5170631852609768,0.48293681473902317
Galium_concinnum,0.5125877190582215,0.4874122809417784
Galium_porrigens,0.5190237565566315,0.48097624344336853
Galium_texense,0.5190311594755659,0.48096884052443406
Galium_tinctorium,0.5170631852609768,0.48293681473902317
Galium_triflorum,0.43497080923467324,0.5650291907653268
Galium_pumilum,0.4283491530378498,0.5716508469621502
Galium_verrucosum,0.4005005922833521,0.5994994077166479
