accepted_species,estimate
t74,-0.39596732657735134
t75,-0.39596732657735134
t70,-0.7468261089213231
t71,-0.7468261089213231
t99,-0.7583095386289431
t94,-0.7612177380642897
t98,-1.5240950738526289
t7,-0.6224298926889082
t51,-0.659014011639794
t35,-0.8072647755980276
