accepted_species,0,1
t21,0.03244490447888981,0.9675550955211102
t30,0.041688210735230546,0.9583117892647695
t37,0.04778539208239396,0.952214607917606
t39,0.03213062974216818,0.9678693702578318
t46,0.03689104285878597,0.963108957141214
t47,0.03689104285878597,0.963108957141214
t60,0.03191916802483685,0.9680808319751631
t74,0.03219313963921788,0.9678068603607821
t94,0.032250208607236486,0.9677497913927635
t98,0.03149350167430642,0.9685064983256936
