accepted_species,0,1
t21,0.037755728,0.9622443
t30,0.037755728,0.9622443
t37,0.037755728,0.9622443
t39,0.037755728,0.9622443
t46,0.037755728,0.9622443
t47,0.037755728,0.9622443
t60,0.037755728,0.9622443
t74,0.03738612,0.9626139
t94,0.03738612,0.9626139
t98,0.03738612,0.9626139
