accepted_species,0,1
t88,0.97846866,0.02153137
t33,0.9869979,0.013002126
t78,0.04207331,0.9579267
t51,0.05495107,0.9450489
t35,0.24353623,0.75646377
t49,0.20641679,0.7935832
t31,0.8068668,0.19313319
t62,0.091409504,0.9085905
t84,0.9810158,0.018984176
t47,0.9788662,0.021133753
