accepted_species,0,1
t5,0.9697486,0.030251412
t7,0.9697486,0.030251412
t8,0.9934411,0.0065588844
t9,0.9697486,0.030251412
t12,0.97364926,0.026350724
t30,0.9858187,0.014181309
t38,0.79096216,0.20903784
t40,0.990946,0.009054019
t45,0.92792624,0.072073765
t55,0.9350007,0.06499928
t58,0.923586,0.07641401
t74,0.987402,0.012597962
t78,0.92792624,0.072073765
