accepted_species,0,1
t93,0.984690203964456,0.015309796035544054
t97,0.9844635527211767,0.01553644727882331
t63,0.7955567018760817,0.2044432981239183
t5,0.8057885551817736,0.1942114448182264
t79,0.934004016110189,0.06599598388981093
t4,0.9339861650410453,0.06601383495895477
t23,0.9333846453512813,0.0666153546487187
t16,0.9812847746936119,0.018715225306388125
t21,0.9842999593590804,0.01570004064091961
t38,0.9837113704092747,0.016288629590725266
