accepted_species,0,1
t93,0.99977624,0.0002237278
t97,0.97111446,0.028885515
t63,0.980384,0.019616006
t5,0.25631088,0.7436891
t79,0.99152577,0.008474258
t4,0.7003809,0.29961908
t23,0.9877921,0.01220792
t16,0.996827,0.0031730102
t21,0.99346745,0.0065325643
t38,0.9936969,0.0063030506
