accepted_species,0,1
t88,0.03670074024016878,0.9632992597598312
t64,0.18998445546551135,0.8100155445344887
t65,0.18998445546551135,0.8100155445344887
t29,0.18998445546551135,0.8100155445344887
t31,0.18998445546551135,0.8100155445344887
t97,0.8012148877978634,0.19878511220213654
t40,0.7428496085364487,0.2571503914635513
t30,0.11994285834383067,0.8800571416561693
t89,0.08554455611473655,0.9144554438852635
t90,0.08554455611473655,0.9144554438852635
