accepted_species,0,1
t88,0.0,1.0
t64,0.4666666666666667,0.5333333333333333
t65,0.4666666666666667,0.5333333333333333
t29,0.4666666666666667,0.5333333333333333
t31,0.4666666666666667,0.5333333333333333
t97,1.0,0.0
t40,0.4666666666666667,0.5333333333333333
t30,0.4666666666666667,0.5333333333333333
t89,0.0,1.0
t90,0.0,1.0
