accepted_species,0,1
t88,0.33899146,0.66100854
t64,0.7851527,0.21484733
t65,0.75636107,0.24363895
t29,0.75636107,0.24363895
t31,0.7851527,0.21484733
t97,0.36259043,0.63740957
t40,0.36259043,0.63740957
t30,0.7831224,0.21687758
t89,0.36259043,0.63740957
t90,0.36259043,0.63740957
