accepted_species,estimate
t7,-0.449881912576717
t4,-0.449881912576717
t57,-0.449881912576717
t25,-0.449881912576717
t26,-0.449881912576717
t27,-0.449881912576717
t18,-0.449881912576717
t20,-0.449881912576717
t21,-0.4498819125767169
t31,-0.4498819125767169
