accepted_species,estimate
t98,-1.0047556049542263
t94,-1.0046521477532502
t70,-0.4314383912974799
t16,-0.1601149445432481
t37,-0.06883766209017943
t43,-0.1820800385579151
t9,-0.11539998929691943
t35,1.3557901503025074
t48,1.363040286771317
t29,1.5287786958043326
