accepted_species,estimate
t98,-1.0569677
t94,-1.0508649
t70,-0.6428081
t16,-0.21695383
t37,-0.2936287
t43,-0.04541086
t9,0.2326648
t35,1.6849543
t48,1.3835965
t29,1.2714589
