accepted_species,0,1
t7,0.7671832683732951,0.23281673162670485
t49,0.9377821390612926,0.0622178609387074
t67,0.9383719950365906,0.061628004963409325
t33,0.9301240564039325,0.06987594359606751
t55,0.9274845599796709,0.07251544002032909
t66,0.9304512625572471,0.06954873744275293
t10,0.9253670825955987,0.07463291740440127
t64,0.3513274147125637,0.6486725852874363
t12,0.38648248444197075,0.6135175155580292
t48,0.9301977091483276,0.0698022908516725
