accepted_species,estimate
t87,-0.04770892460227891
t97,-0.016280686875935667
t89,-0.017179714453939336
t93,-0.2887639197742099
t35,-0.2459579262627981
t58,1.279558749958989
t4,-1.309681850280632
t10,-1.3635097342995026
t5,-0.9338504899952025
t78,-0.2688465792213194
