"accepted_species","estimate"
"t11",0.715421325367802
"t13",0.366256442656983
"t19",-0.37556619724219
"t94",-1.92373526167953
"t8",-0.309129200125405
"t31",-0.442463564367715
"t34",0.230025900057538
"t42",1.73508775162493
"t16",0.994724096913329
"t92",1.70643140818742
