accepted_species,0,1
t64,0.6216729748588077,0.37832702514119226
t58,0.6555424351476511,0.3444575648523489
t97,0.6232163806441052,0.37678361935589477
t87,0.5149217891169371,0.48507821088306285
t88,0.6004927539110807,0.3995072460889193
t26,0.5928243398180874,0.40717566018191265
t41,0.7342758906622031,0.26572410933779694
t33,0.7346865239056772,0.2653134760943227
t83,0.725075252447632,0.2749247475523679
t40,0.760984536831718,0.23901546316828204
