accepted_species,estimate
t87,-0.05055921947135372
t88,-0.13615630280462993
t19,0.4399998464381279
t31,0.3811390747303128
t9,0.5139352977931635
t72,0.7003270056244686
t42,0.631697138744225
t20,0.15236572878098814
t2,-0.6295731795479336
t3,0.9190939191167322
