accepted_species,0,1
t21,0.24831323321387677,0.7516867667861232
t70,0.2429432056346401,0.7570567943653599
t58,0.32255244953346496,0.677447550466535
t57,0.2786525317926718,0.7213474682073282
t82,0.3749112700674042,0.6250887299325958
t26,0.40802957112025473,0.5919704288797453
t32,0.8741377204784438,0.12586227952155618
t12,0.69451033621969,0.30548966378031
t48,0.09554570438522669,0.9044542956147733
t100,0.12893160130262682,0.8710683986973732
