accepted_species,0,1
t26,0.18089999908965548,0.8191000009103445
t50,0.011478042607856898,0.9885219573921431
t72,0.004961766605818374,0.9950382333941816
t29,0.10934400261235688,0.8906559973876431
t30,0.10481121191115994,0.8951887880888401
t73,0.4289089881439362,0.5710910118560638
t36,0.45948626198933684,0.5405137380106632
t37,0.47450073706224916,0.5254992629377508
t6,0.9428925865225366,0.057107413477463384
t25,0.9499051835847185,0.05009481641528146
