accepted_species,estimate
t29,-0.5345451939343949
t116,-0.9004165566500338
t117,-0.9050713602707142
t81,-0.9757559609657982
t102,-0.9965056712517092
t110,-1.0054257794100796
t168,-1.078018775243838
t175,-1.079706156449947
t176,-1.0797061564499468
t151,-1.0723769120681008
t91,-0.9891766847821134
t141,-1.0041274059446241
t142,-1.0041274059446241
t54,-0.8436590720000455
t55,-0.8543047823057849
t68,-0.7451382217881382
t139,-0.7784416841799621
t140,-0.7784416841799616
