accepted_species,estimate
t29,-1.4364835736289574
t116,-1.2904105111666186
t117,-1.5791999695766028
t81,-1.5617931798627767
t102,-1.4199779409032744
t110,-1.4618043858767489
t168,-1.7766698490885655
t175,-1.8357138962247952
t176,-2.2461963502604143
t151,-2.0443142457151904
t91,-1.3940577546095534
t141,-1.4072530618500465
t142,-1.1825666160555597
t54,-1.5760569512857143
t55,-0.8989853911108748
t68,-0.36414780565232246
t139,-0.4785070301156285
t140,-0.36570002258505335
