accepted_species,0
t29,
t116,
t117,
t81,
t102,
t110,
t168,
t175,-1.42595003655026
t176,-1.42595003655026
t151,
t91,
t141,
t142,
t54,
t55,
t68,
t139,
t140,
