accepted_species,0,1
t5,0.11327934,0.88672066
t4,0.8358688,0.16413122
t16,0.011709213,0.9882908
t41,0.025183141,0.97481686
t30,0.006071329,0.9939287
t73,0.000600338,0.99939966
t36,0.006071329,0.9939287
t29,0.006071329,0.9939287
t11,0.020186543,0.97981346
t6,0.8497776,0.15022244
