accepted_species,0,1
t52,0.9874711,0.012528912
t53,0.9874711,0.012528912
t31,0.9874711,0.012528912
t23,0.52749884,0.47250116
t19,0.39819413,0.60180587
t99,0.9742194,0.025780635
t100,0.9742194,0.025780635
t68,0.39819413,0.60180587
t69,0.39819413,0.60180587
t9,0.46291584,0.53708416
