accepted_species,0,1
t21,0.9883572,0.0116428
t30,0.97600615,0.02399386
t33,0.97665966,0.023340322
t35,0.9682454,0.031754598
t38,0.9575158,0.042484198
t40,0.9861616,0.013838403
t43,0.9230434,0.07695664
t56,0.72486055,0.27513948
t60,0.99819016,0.0018098595
t64,0.9983601,0.0016398762
t83,0.80260724,0.19739276
t106,0.9937733,0.0062267426
t109,0.9580151,0.04198494
t123,0.97330123,0.02669878
t140,0.98149145,0.018508568
t150,0.1393919,0.8606081
