accepted_species,0,1
t21,0.85003924,0.14996077
t30,0.85003924,0.14996077
t33,0.85003924,0.14996077
t35,0.85003924,0.14996077
t38,0.85003924,0.14996077
t40,0.85003924,0.14996077
t43,0.85003924,0.14996077
t56,0.85003924,0.14996077
t60,0.85003924,0.14996077
t64,0.85003924,0.14996077
t83,0.85003924,0.14996077
t106,0.85003924,0.14996077
t109,0.85003924,0.14996077
t123,0.85003924,0.14996077
t140,0.85003924,0.14996077
t150,0.7436327,0.25636733
