"accepted_species","0","1"
"t85","0.977163864064712","0.0228361359352877"
"t63","0.205450911998171","0.794549088001829"
"t50","0.18351643779922","0.81648356220078"
"t24","0.631124022736682","0.368875977263318"
"t6","0.470293410158449","0.529706589841551"
"t2","0.526464131673589","0.473535868326411"
"t7","0.42632975379085","0.57367024620915"
"t64","0.999249545623005","0.000750454376995411"
"t93","0.872216685224819","0.127783314775181"
"t95","0.00879960306420128","0.991200396935799"
