accepted_species,0,1
t10,0.8702619916421234,0.12973800835787663
t58,0.8445347155740847,0.1554652844259153
t72,0.6312076057915659,0.3687923942084342
t53,0.8130145295606126,0.18698547043938746
t84,0.3411943131527795,0.6588056868472205
t7,0.9834734628058016,0.01652653719419837
t20,0.9682610904628737,0.03173890953712634
t100,0.9775602845827669,0.022439715417233063
t81,0.968240139082721,0.03175986091727902
t76,0.9731355198824004,0.026864480117599572
