accepted_species,0,1
t10,0.77427685,0.22572315
t58,0.9489486,0.051051393
t72,0.96987486,0.030125113
t53,0.9715241,0.02847591
t84,0.18130338,0.8186966
t7,0.9860077,0.013992319
t20,0.9860077,0.013992319
t100,0.981852,0.018147977
t81,0.9377966,0.062203407
t76,0.9681121,0.03188787
