accepted_species,0,1
t50,0.023079349774790314,0.9769206502252097
t29,0.06615100518348738,0.9338489948165126
t73,0.023346751274139654,0.9766532487258603
t72,0.023398297612760022,0.97660170238724
t6,0.7852630888327847,0.21473691116721527
t36,0.031234189435371373,0.9687658105646286
t37,0.03167667841707256,0.9683233215829274
t25,0.07275736064296823,0.9272426393570318
t26,0.07275736064296823,0.9272426393570318
t30,0.03744188602127285,0.9625581139787271
