accepted_species,estimate
t31,-0.16250433659355146
t4,-0.26439009295511484
t68,-0.25874477633918813
t14,-0.24165507253564478
t25,-1.264879707005786
t6,-1.0059923457476132
t15,1.6188559543021341
t84,1.3488006221029827
t38,0.9762337227363296
t88,1.4613042648941645
