accepted_species,estimate
t56,-0.321811173350674
t57,-0.27165533941886577
t14,-1.09482318463101
t59,-0.81590285235628
t60,-1.051005400902469
t51,-1.1971943766865991
t36,0.2761834882535722
t97,0.05457994422613109
t98,0.25883580670155715
t72,0.4851833784120899
