"accepted_species","estimate"
"t51",1.56309925791533
"t93",0.098868936563919
"t89",-0.533330836257479
"t11",-0.864488500508688
"t54",-0.86986016355034
"t63",1.15316590538468
"t58",-0.698207143144982
"t15",-0.183828442060103
"t16",0.343924615548299
"t85",0.609527473157168
