accepted_species,estimate
t10,-0.1937589120857059
t57,0.16982275627841004
t31,-0.08352409580099701
t117,0.11392303429543427
t72,-0.143243718691351
t148,-0.6236618673798985
t44,-0.7541584986606882
t40,-0.7126176891058201
t130,-0.6406527521552852
t38,-0.7450405319368193
t106,0.7821205588340425
t61,0.8902672385717224
t24,1.061703061526729
t115,0.6768635159297951
t127,0.09998058664996387
t143,0.5639705588798755
t42,0.7807274014006801
t43,0.5440187133434461
