accepted_species,estimate
t10,-0.042979114
t57,0.14076883
t31,-0.019093966
t117,0.3067566
t72,0.026087191
t148,-0.6579633
t44,-0.4017905
t40,-0.18957108
t130,-1.2019676
t38,-0.48885933
t106,1.5386775
t61,0.5380221
t24,1.1618812
t115,-0.0025669243
t127,-0.24547125
t143,0.69435567
t42,0.69565976
t43,0.69565976
