accepted_species,estimate
t10,-0.03562552
t57,-0.10608338
t31,-0.6669453
t117,0.30540696
t72,-0.25887662
t148,-0.8797786
t44,-0.69189507
t40,-0.60490745
t130,-1.4398077
t38,-0.78304845
t106,1.7245665
t61,1.5970724
t24,0.40692905
t115,0.40156212
t127,-0.14834836
t143,0.7879402
t42,0.81866086
t43,0.81866086
