"accepted_species","0","1"
"t12",0.994657965276686,0.00534203472331384
"t33",0.983635625031986,0.0163643749680141
"t7",0.999839619757662,0.000160380242337997
"t48",0.897564269412835,0.102435730587165
"t49",0.997691372782739,0.00230862721726097
"t51",0.984527297097991,0.0154727029020093
"t39",0.977251032395881,0.0227489676041187
"t98",0.967259474437992,0.0327405255620083
"t97",0.966319896922524,0.0336801030774758
"t35",0.978590925106634,0.021409074893366
