accepted_species,0,1
t12,0.9999999998640702,1.3592986064964138e-10
t33,0.9999999435179687,5.648203125629974e-08
t7,0.9999999999554934,4.450665887846732e-11
t48,0.9999487866758546,5.1213324145395284e-05
t49,0.9999999536318628,4.636813716784133e-08
t51,0.9999997894101694,2.1058983058600074e-07
t39,0.9999999122480597,8.775194022716666e-08
t98,0.9730260392524763,0.02697396074752362
t97,0.9669900089033437,0.03300999109665622
t35,0.9999993130623768,6.869376232076013e-07
