accepted_species,estimate
t10,0.26073887827159287
t23,0.15359982081422993
t51,0.19332652420789473
t52,0.31264190578885315
t2,0.330555117581593
t39,0.1572067375621524
t40,0.17198879501562578
t88,0.22985960423902704
t96,0.19445567667535313
t15,0.3341588477568124
