accepted_species,0,1
t66,0.8733725,0.12662749
t100,0.93560284,0.06439716
t103,0.96425027,0.035749715
t124,0.9480346,0.051965434
t142,0.96425027,0.035749715
t147,0.96545166,0.03454837
t189,0.93598604,0.06401394
t190,0.96545166,0.03454837
t196,0.93598604,0.06401394
t199,0.96431744,0.03568258
