accepted_species,0,1
t66,0.9540603,0.045939658
t100,0.9647769,0.03522314
t103,0.9783451,0.021654904
t124,0.9083938,0.09160621
t142,0.93060714,0.06939284
t147,0.9749177,0.025082279
t189,0.49667698,0.503323
t190,0.9749177,0.025082279
t196,0.9837978,0.016202187
t199,0.9749177,0.025082279
