accepted_species,0,1
t94,0.008469224,0.9915308
t33,0.20482683,0.79517317
t111,0.28995872,0.7100413
t59,0.22034138,0.7796586
t128,0.0055743456,0.99442565
t152,0.00761801,0.992382
t118,0.0041382313,0.99586177
t76,0.72451746,0.27548254
t147,0.93517846,0.06482152
t84,0.9470717,0.0529283
t103,0.32692152,0.6730785
t145,0.95507014,0.044929843
t92,0.025218844,0.97478116
t12,0.01633519,0.9836648
t13,0.307743,0.692257
t126,0.010082185,0.9899178
