accepted_species,estimate
Arachnothryx_buddleioides,0.04010899245664293
Arachnothryx_galeottii,0.04010899245664293
Blepharidium_guatemalense,0.04010899245664293
Exostema_caribaeum,0.04010899245664293
Guettarda_aromatica,0.04010899245664293
Guettarda_uruguensis,0.04010899245664293
Hintonia_latiflora,0.04010899245664293
Isertia_haenkeana,0.04010899245664293
Macrocnemum_roseum,0.040108992456642845
Timonius_wallichianus,0.040108992456642845
