"accepted_species","estimate"
"t72",0.986642988641299
"t68",0.275067239455343
"t36",-0.339716485436828
"t42",0.415749098764367
"t45",0.416337435315952
"t48",0.0503422804916616
"t67",-0.493121836604428
"t82",-0.456117189823383
"t91",-0.661968857718153
"t56",-1.52971465306873
