accepted_species,0,1
t83,0.9613641101254051,0.03863588987459485
t35,0.9814995438219793,0.01850045617802067
t33,0.8915118612889772,0.10848813871102285
t44,0.8809349411066207,0.1190650588933793
t32,0.948839713548695,0.051160286451305007
t13,0.9634031731007339,0.036596826899266105
t98,0.9721305545215662,0.027869445478433875
t47,0.156279875999082,0.843720124000918
t10,0.17183288223951898,0.828167117760481
t68,0.19228498301492614,0.8077150169850739
