accepted_species,0,1
t99,0.021585194682460118,0.9784148053175399
t100,0.01772776227913786,0.9822722377208621
t10,0.04039744399706158,0.9596025560029384
t44,0.7207931657491612,0.2792068342508388
t97,0.7907271196602854,0.20927288033971458
t96,0.38716110115147173,0.6128388988485283
t37,0.4139762567440408,0.5860237432559592
t72,0.2586541372690494,0.7413458627309506
t20,0.3485475425702791,0.6514524574297209
t52,0.7788582440876347,0.2211417559123653
