accepted_species,0
t91,-1.57468108566299
t83,-0.8832376911895002
t98,-1.483646585749813
t10,0.010581399951959052
t34,0.010581399951959052
t44,0.010581399951959052
t7,0.010581399951959052
t95,1.1467198185845
t27,0.010581399951959052
t26,0.010581399951959052
