accepted_species,estimate
t91,-1.4820836
t83,-0.7804767
t98,-1.4631962
t10,-0.16054691
t34,-0.24308239
t44,0.33927566
t7,1.2337538
t95,1.1581825
t27,-0.44727114
t26,0.445319
