accepted_species,0,1
t71,0.40274618112068106,0.5972538188793189
t98,0.726937812085038,0.273062187914962
t145,0.5761233435493888,0.42387665645061123
t319,0.8024600061071987,0.19753999389280125
t187,0.7532450936343611,0.24675490636563893
t224,0.6697492865792691,0.3302507134207308
t149,0.40326335152659154,0.5967366484734085
t425,0.6536096535597853,0.34639034644021466
t382,0.6289232263064345,0.3710767736935655
t466,0.6468751975765288,0.3531248024234713
t416,0.6343590448940604,0.3656409551059396
t360,0.6248321368064824,0.3751678631935176
t327,0.6356898931589965,0.3643101068410035
t222,0.6045536162127367,0.39544638378726327
t194,0.6171606967072771,0.38283930329272287
t238,0.6513437993408955,0.34865620065910446
t299,0.6049400598390948,0.39505994016090523
t451,0.6513214597617654,0.3486785402382347
t355,0.656567810497338,0.3434321895026619
t365,0.6670822261374205,0.3329177738625794
t402,0.6798483583197912,0.3201516416802089
t334,0.6668806893545711,0.3331193106454289
t328,0.6795830131117271,0.32041698688827286
t445,0.6898527810490559,0.3101472189509441
t272,0.6585316238604118,0.34146837613958825
t273,0.6521915269972852,0.3478084730027148
t321,0.6729189856829279,0.32708101431707215
t312,0.6733197872119587,0.3266802127880412
t473,0.6623805841377692,0.3376194158622307
t456,0.6655614222320152,0.33443857776798486
t196,0.31020673578183255,0.6897932642181674
t486,0.43877993444040575,0.5612200655595943
t420,0.440039292468142,0.559960707531858
t454,0.43848543860772704,0.561514561392273
t76,0.11137406489473467,0.8886259351052653
t391,0.38867908379021954,0.6113209162097805
t471,0.41451101103017685,0.5854889889698232
t441,0.4152052979571995,0.5847947020428005
t323,0.37423464981612997,0.62576535018387
t444,0.42613386297106615,0.5738661370289339
t437,0.4250825360414967,0.5749174639585033
t342,0.40752464213282236,0.5924753578671776
t325,0.39393023987569287,0.6060697601243071
t243,0.2900837130185112,0.7099162869814888
t176,0.24868919217840468,0.7513108078215953
t129,0.0138594422198286,0.9861405577801714
t59,0.4493910218555832,0.5506089781444168
t77,0.5288420599257344,0.4711579400742656
t100,0.6106511304339927,0.38934886956600734
