accepted_species,estimate
t12,0.48390668688748406
t95,-0.12436654673257838
t36,-0.659715813007302
t68,0.15168169843518606
t19,0.10377925328277923
t97,0.1051730732890821
t4,0.909923945009693
t27,-0.4705121963205545
t65,-0.16651575691955903
t114,-0.7540027850089598
t2,-0.9493241570533264
t32,-0.17215601123402927
