accepted_species,0,1
t29,0.3222222222222222,0.6777777777777778
t30,0.3222222222222222,0.6777777777777778
t7,0.3222222222222222,0.6777777777777778
t34,0.0,1.0
t35,0.0,1.0
t89,0.0,1.0
t74,0.0,1.0
t87,0.0,1.0
t88,0.0,1.0
t70,0.0,1.0
