accepted_species,0,1
t29,0.1244688,0.8755312
t30,0.1244688,0.8755312
t7,0.1244688,0.8755312
t34,0.11781925,0.88218075
t35,0.11781925,0.88218075
t89,0.09318638,0.9068136
t74,0.09318638,0.9068136
t87,0.1032204,0.8967796
t88,0.1032204,0.8967796
t70,0.1032204,0.8967796
