accepted_species,0,1
t41,0.3400763206000803,0.6599236793999197
t42,0.6361491936463212,0.36385080635367884
t65,0.6906676295090843,0.30933237049091566
t66,0.714116647852362,0.2858833521476381
t67,0.6335175900144033,0.36648240998559667
t33,0.09892260412653275,0.9010773958734672
t52,0.6217317767096794,0.3782682232903206
t2,0.578319008033475,0.4216809919665249
t44,0.2732036563649497,0.7267963436350503
t83,0.6869071889261693,0.3130928110738307
