accepted_species,0,1
t41,0.07021147,0.92978853
t42,0.095751464,0.90424854
t65,0.48864895,0.51135105
t66,0.7683891,0.23161091
t67,0.7683891,0.23161091
t33,0.07800746,0.92199254
t52,0.59340686,0.40659314
t2,0.1937018,0.8062982
t44,0.24841398,0.751586
t83,0.4117524,0.5882476
