accepted_species,0,1
t41,0.13634193,0.8636581
t42,0.1371249,0.8628751
t65,0.57061154,0.42938846
t66,0.8698208,0.13017924
t67,0.8698208,0.13017924
t33,0.24704295,0.75295705
t52,0.84458125,0.15541875
t2,0.6678827,0.33211735
t44,0.07351905,0.92648095
t83,0.33586657,0.6641334
