accepted_species,estimate
t71,0.7046853147813189
t72,0.7046853147813191
t2,0.8127048026339486
t100,1.3302839308508978
t43,1.3098619277568677
t45,0.3300814001754923
t46,0.3300814001754923
t8,0.3248808688210073
t59,0.2765877956627218
t27,0.43586345705236945
