accepted_species,0
t71,-0.09357452322835635
t72,-0.09357452322835635
t2,-0.09357452322835635
t100,2.3226780864225
t43,-0.09357452322835635
t45,-0.09357452322835635
t46,-0.09357452322835635
t8,-0.09357452322835635
t59,-0.09357452322835635
t27,-0.09357452322835635
