accepted_species,estimate
t93,-0.1908998
t94,-0.1908998
t122,-0.8778067
t143,0.8724024
t164,0.6489708
t176,0.6489708
t245,1.4792293
t246,1.4792293
t163,0.9017145
t103,0.37695438
t216,-1.5057801
t123,0.37695438
t141,0.37695438
t142,0.37695438
t119,0.37695438
t228,-0.8407872
t229,-0.8407872
t156,0.7197591
t237,0.8644551
t212,0.78880954
t220,0.8529949
t231,0.8529949
t232,0.8529949
t174,0.78880954
t96,0.47580135
t97,0.47580135
t92,0.47580135
