accepted_species,0,1
t27,0.9996160992671735,0.00038390073282648895
t20,0.9993058652858312,0.0006941347141687745
t47,0.9992244887469044,0.000775511253095653
t60,0.9995837446970501,0.0004162553029498592
t9,0.9999075157558909,9.248424410916985e-05
t64,0.9998705722378546,0.00012942776214539307
t57,0.9998642875988668,0.0001357124011331629
t40,0.9999531924535139,4.6807546486086385e-05
t88,0.9999509433182739,4.90566817260471e-05
t95,0.9999509703409944,4.9029659005575114e-05
