accepted_species,0,1
t87,0.87993276,0.12006724
t88,0.87993276,0.12006724
t40,0.90348184,0.09651816
t69,0.9028376,0.097162426
t85,0.90184873,0.09815127
t32,0.83356297,0.16643703
t57,0.8371805,0.16281947
t99,0.8371805,0.16281947
t100,0.8371805,0.16281947
t45,0.673187,0.32681298
