accepted_species,estimate
t11,0.38050497
t7,-0.44761568
t91,-1.4753025
t39,0.20356692
t24,0.08637646
t46,1.425321
t88,-0.109470464
t21,0.8800738
t65,1.559445
t66,1.559445
