"accepted_species","0","1"
"Asclepias_ovalifolia",0.39246535939681,0.60753464060319
"Asclepias_tuberosa",0.297518872592113,0.702481127407887
"Gentiana_pyrenaica",0.434082176193142,0.565917823806858
"Gentianopsis_paludosa",0.929543321431386,0.070456678568614
"Asperula_conferta",0.402780175174932,0.597219824825068
"Galium_bifolium",0.404462271124204,0.595537728875796
"Galium_concinnum",0.409589258782441,0.590410741217559
"Cynanchum_boveanum",0.428642101418999,0.571357898581001
"Galium_setaceum",0.409589258782441,0.590410741217559
"Spermacoce_chaetocephala",0.566075632307573,0.433924367692427
