accepted_species,0,1
t204,0.8654142411066416,0.13458575889335847
t220,0.8654110176066717,0.13458898239332825
t252,0.8654801500262447,0.13451984997375532
t254,0.8655076255243962,0.1344923744756038
t259,0.8653762406662282,0.13462375933377183
t260,0.8653890765399569,0.1346109234600431
t271,0.8654779982930759,0.13452200170692405
t282,0.8653885015032687,0.13461149849673124
t306,0.8655214888855907,0.13447851111440937
t314,0.8654473929185655,0.13455260708143446
