"accepted_species","0","1"
"t16",0.765581815699693,0.234418184300307
"t93",0.98147626589106,0.01852373410894
"t82",0.0549420230203095,0.945057976979691
"t43",0.2237932546343,0.7762067453657
"t99",0.913877565186587,0.0861224348134132
"t100",0.913877565186587,0.0861224348134132
"t12",0.693659533098906,0.306340466901094
"t92",0.978190641873943,0.0218093581260572
"t75",0.941441098197409,0.0585589018025912
"t2",0.590592344141917,0.409407655858082
