accepted_species,estimate
t86,1.2388405994709506
t31,1.2593210920246216
t38,1.079464901584012
t91,1.0789281839962805
t5,-0.5111106468126855
t54,-0.5449862824139816
t55,-0.5450873614734778
t44,-1.188154960499166
t66,-1.1870276078810067
t11,-1.1705714667810483
