"accepted_species","estimate"
"t86",1.44587536853091
"t31",1.25136434161408
"t38",1.05602370739636
"t91",1.05581388186652
"t5",-0.532536677257071
"t54",-0.531063275519627
"t55",-0.531063275519627
"t44",-1.20710265633084
"t66",-1.18650988364409
"t11",-1.17559353120021
