accepted_species,0,1
t37,0.6895977017086623,0.3104022982913377
t51,0.29008865417379304,0.709911345826207
t55,0.5991193789565441,0.40088062104345595
t60,0.27624299781565,0.72375700218435
t82,0.8883944652073471,0.1116055347926529
t94,0.9345999109333105,0.06540008906668943
t99,0.8505796772621208,0.14942032273787917
t125,0.8514322919674815,0.14856770803251854
t132,0.6584545941397376,0.3415454058602624
t133,0.8655706552573701,0.13442934474262996
