accepted_species,0,1
t37,0.728467,0.27153304
t51,0.06552994,0.93447006
t55,0.7593874,0.24061263
t60,0.09185982,0.9081402
t82,0.67837083,0.3216292
t94,0.93702024,0.062979735
t99,0.6342035,0.3657965
t125,0.9100089,0.08999112
t132,0.46991664,0.53008336
t133,0.82321024,0.17678973
