"","turnover.rates","eps.values","transition.rates"
"1",1.46536439284682,0.582132181218969,NA
"2",1.28041099221446,0.530100313897441,0.469410483492538
"3",1.46536439284682,0.582132181218969,0.409084896324202
"4",1.28041099221446,0.530100313897441,NA
