accepted_species,0,1
t31,0.46055049400779435,0.5394495059922056
t36,0.46096999286422147,0.5390300071357785
t39,0.5190778859361721,0.4809221140638279
t42,0.40482995016674583,0.5951700498332542
t63,0.3992654733155887,0.6007345266844113
t91,0.8196499623068951,0.18035003769310481
t96,0.42340665464828586,0.5765933453517141
t101,0.22255587095652407,0.7774441290434759
t109,0.528510878105465,0.47148912189453496
t117,0.6191944394742064,0.3808055605257937
