accepted_species,0,1
t437,0.6732827224698686,0.32671727753013136
t455,0.5897448653388245,0.41025513466117547
t460,0.5826546766040032,0.41734532339599684
t467,0.7259517610409539,0.27404823895904606
t474,0.7775267213771284,0.2224732786228716
t506,0.8990810580488278,0.10091894195117222
t511,0.7430679590013711,0.25693204099862893
t536,0.6425604953402271,0.357439504659773
t541,0.879977075714603,0.12002292428539699
t549,0.8732302121137534,0.12676978788624665
