accepted_species,0,1
t437,0.6564288963090976,0.3435711036909024
t455,0.5806991545776999,0.41930084542230006
t460,0.8883482752015289,0.11165172479847107
t467,0.879681736832837,0.12031826316716299
t474,0.8367662195311499,0.16323378046885004
t506,0.7634384792427575,0.2365615207572425
t511,0.6212242642548715,0.3787757357451284
t536,0.885647001534263,0.11435299846573697
t541,0.8872219174408672,0.1127780825591328
t549,0.571468704146098,0.428531295853902
