accepted_species,0,1
t3,0.9847212,0.01527881
t12,0.98046273,0.019537248
t17,0.98046273,0.019537248
t81,0.98046273,0.019537248
t82,0.98046273,0.019537248
t73,0.98046273,0.019537248
t47,0.98046273,0.019537248
t15,0.98046273,0.019537248
t16,0.98046273,0.019537248
t1,0.7844665,0.21553352
