accepted_species,estimate
t21,1.0371154667616003
t22,1.278919594269499
t83,1.3022559930105193
t81,1.3019252491177238
t64,1.2999231431782177
t69,1.1947182151936275
t86,1.4186920966994878
t53,1.4183810763457252
t84,1.5744060971078173
t89,1.56938029147259
