accepted_species,0,1
Ruehssia_otoniensis,0.83641255,0.16358742
Ruehssia_ulei,0.83641255,0.16358742
Kuepferia_chateri,0.9152033,0.08479674
Rhytidocaulon_elegantissimum,0.8657821,0.1342179
Ditassa_dolichoglossa,0.8200665,0.17993347
Strychnos_moandaensis,0.909351,0.090648994
Spigelia_speciosa,0.9101788,0.08982122
Huernia_lenewtonii,0.7796349,0.22036509
Landolphia_axillaris,0.7900912,0.2099088
Ochrosia_compta,0.7272084,0.27279162
