accepted_species,0,1
t7,0.45850807,0.5414919
t33,0.45109737,0.54890263
t41,0.45850807,0.5414919
t53,0.50078213,0.4992179
t62,0.45109737,0.54890263
t66,0.45850807,0.5414919
t67,0.45109737,0.54890263
t74,0.36960274,0.63039726
t81,0.45850807,0.5414919
t90,0.45850807,0.5414919
t96,0.45850807,0.5414919
t104,0.45850807,0.5414919
t140,0.50078213,0.4992179
t150,0.45850807,0.5414919
t154,0.3626666,0.6373334
t159,0.53442526,0.4655747
t171,0.45850807,0.5414919
t175,0.45850807,0.5414919
