accepted_species,0,1
Rudgea_palicoureoides,0.92424023,0.075759776
Leuconotis_griffithii,0.89984685,0.100153156
Houstonia_serpyllifolia,0.92405933,0.07594065
Psychotria_dolichocalyx,0.92405933,0.07594065
Galium_intricatum,0.92405933,0.07594065
Hoya_baishaensis,0.90772027,0.092279725
Myrmephytum_beccarii,0.8510599,0.14894012
Scyphostachys_pedunculatus,0.8525317,0.1474683
Gentianella_undulatisepala,0.89984685,0.100153156
Parsonsia_longiloba,0.8917551,0.10824489
