accepted_species,estimate
t83,0.11687889
t86,0.020925611
t88,0.020925611
t35,-0.41178328
t49,-0.41956303
t26,-0.41178328
t9,-0.41178328
t67,-0.42836884
t74,-0.362727
t100,-0.362727
