accepted_species,0,1
t66,0.31294748748716117,0.6870525125128388
t31,0.3192462934856596,0.6807537065143404
t74,0.32005655339069594,0.6799434466093041
t75,0.32006727639750276,0.6799327236024972
t41,0.31450257691924743,0.6854974230807526
t16,0.3678872081294978,0.6321127918705022
t92,0.39429874250270036,0.6057012574972996
t69,0.3795333135628326,0.6204666864371674
t70,0.3849433918939448,0.6150566081060552
t5,0.37401631539107805,0.625983684608922
