"accepted_species","0","1"
"t66","0.843809565152955","0.156190434847045"
"t31","0.00916099364441839","0.990839006355582"
"t74","0.00252373627253873","0.997476263727461"
"t75","0.00252373627253873","0.997476263727461"
"t41","0.00252373627253873","0.997476263727461"
"t16","0.929027297163924","0.0709727028360763"
"t92","0.998506607099788","0.00149339290021184"
"t69","0.974049931142933","0.0259500688570666"
"t70","0.974049931142933","0.0259500688570666"
"t5","0.41131831834317","0.58868168165683"
