accepted_species,estimate
t83,1.1007901
t11,1.1161748
t74,-0.5908098
t8,-0.5920137
t15,-0.86322474
t77,-0.93872976
t45,-0.9354705
t79,-1.0550686
t91,-1.0643477
t18,-1.0255189
