accepted_species,0,1
t3,0.5620960318726547,0.4379039681273454
t69,0.42216168843793545,0.5778383115620646
t93,0.3170238303253813,0.6829761696746187
t43,0.2144229929151067,0.7855770070848933
t84,0.2586179123443143,0.7413820876556857
t97,0.3577762551734174,0.6422237448265826
t20,0.6132319117748797,0.3867680882251203
t56,0.0015091470551584774,0.9984908529448415
t44,0.0015293883762094174,0.9984706116237906
t40,0.6821035816389383,0.3178964183610618
