accepted_species,0,1
t25,0.934220953045596,0.06577904695440401
t73,0.933598281697557,0.06640171830244304
t36,0.9335921647011272,0.06640783529887281
t37,0.9335926370584139,0.06640736294158613
t72,0.9335775623444627,0.06642243765553739
t50,0.9334060798106866,0.06659392018931341
t29,0.933406327200448,0.06659367279955201
t26,0.9330061780004211,0.0669938219995789
t30,0.9330037452000339,0.06699625479996608
t6,0.9334220240704195,0.06657797592958044
