accepted_species,0
t68,0.376974662590571
t98,0.910824543439292
t53,-0.028971885355360785
t7,-0.028971885355360785
t73,-0.0995709569042724
t16,-0.028971885355360785
t4,-0.028971885355360785
t18,-0.028971885355360785
t81,1.64001765871828
t14,-0.028971885355360785
