accepted_species,0,1
t7,0.9624297,0.03757028
t4,0.9219737,0.0780263
t57,0.9233989,0.07660108
t26,0.90076697,0.09923304
t18,0.45174098,0.548259
t21,0.64834386,0.35165614
t80,0.9624297,0.03757028
t51,0.29789478,0.7021052
t54,0.3714381,0.6285619
t56,0.42430824,0.57569176
