accepted_species,estimate
t39,1.0709174
t93,-0.70884895
t78,0.07677063
t36,-0.70884895
t3,0.004609637
t38,0.003280306
t82,0.27305454
t83,0.27305454
t41,-0.05134227
t96,-0.59185785
