accepted_species,0,1
t44,0.7689955581387344,0.23100444186126556
t10,0.6525708070814659,0.34742919291853414
t39,0.7208103710932823,0.27918962890671767
t51,0.7995663192132954,0.2004336807867046
t28,0.31412706107326105,0.685872938926739
t90,0.196639440534515,0.803360559465485
t74,0.7684356836674046,0.23156431633259547
t75,0.7684356836674046,0.23156431633259547
t38,0.35076149235329335,0.6492385076467067
t91,0.8172174865357752,0.18278251346422483
