accepted_species,0,1
t44,0.5571062817420589,0.4428937182579411
t10,0.5584593559176959,0.4415406440823041
t39,0.5583074120590057,0.44169258794099436
t51,0.5513426140773663,0.4486573859226337
t28,0.5511632458997464,0.4488367541002536
t90,0.5570957202156215,0.4429042797843786
t74,0.5571914310659991,0.44280856893400095
t75,0.5571914310659991,0.44280856893400095
t38,0.5550264572207546,0.4449735427792454
t91,0.5561588237766204,0.44384117622337954
