accepted_species,0,1
t16,0.9998304300013541,0.00016956999864589314
t13,0.9997012645880793,0.0002987354119207358
t25,0.965327058566707,0.03467294143329305
t11,0.9147795099167779,0.08522049008322213
t30,0.9983662392893236,0.0016337607106764894
t5,0.7810385284047635,0.21896147159523646
t42,0.9956210100102384,0.004378989989761573
t4,0.8689487428539553,0.13105125714604474
t26,0.9981228789623863,0.00187712103761375
t72,0.9994255563249432,0.0005744436750568122
