accepted_species,0,1
t46,0.7048657797596943,0.29513422024030567
t85,0.9967622386248153,0.0032377613751847114
t78,0.8496142293286862,0.15038577067131378
t15,0.9507897167556693,0.04921028324433073
t7,0.6218047909122829,0.3781952090877171
t60,0.6644157670551148,0.33558423294488515
t67,0.6255270795029325,0.3744729204970675
t83,0.9838760656264247,0.016123934373575326
t72,0.999999969596172,3.0403828054115595e-08
t34,0.8670951700202809,0.13290482997971903
