accepted_species,0,1
t16,0.744084149450785,0.25591585054921495
t91,0.6730851063359787,0.32691489366402127
t72,0.6722802257170986,0.3277197742829015
t74,0.6734518357723653,0.32654816422763466
t76,0.6599089411931655,0.34009105880683455
t30,0.7314385406100472,0.26856145938995274
t45,0.7220668741216951,0.2779331258783049
t20,0.7057848915471912,0.2942151084528088
t63,0.19499654956561907,0.8050034504343809
t3,0.21134067626766073,0.7886593237323393
