accepted_species,estimate
t56,-0.104347
t77,-0.104347
t72,-0.8019948
t73,-0.8019948
t10,-0.7504757
t81,-1.6915096
t97,-0.45812064
t33,-0.019965816
t61,-0.019965816
t20,0.4392717
