accepted_species,0,1
t26,0.16199738233883354,0.8380026176611665
t37,0.0016874803117588044,0.9983125196882412
t61,0.0814065525632035,0.9185934474367965
t99,0.16376708042017252,0.8362329195798275
t100,0.11616253292191892,0.8838374670780811
t117,0.21969721804252007,0.7803027819574799
t54,0.1538787178255191,0.8461212821744809
t141,0.46831553588443664,0.5316844641155634
t65,0.026713396646669163,0.9732866033533308
t104,0.0018613753834135771,0.9981386246165864
t108,0.06459949099809892,0.9354005090019011
t109,0.09288724589519504,0.907112754104805
t181,0.16317864063956133,0.8368213593604387
t60,0.41438427437926517,0.5856157256207348
t88,0.07750447041771746,0.9224955295822825
t170,0.12130539597721701,0.878694604022783
t189,0.07452334122198012,0.9254766587780199
t172,0.04865534954592532,0.9513446504540747
t118,0.1276106099664086,0.8723893900335914
t9,0.2870754826326677,0.7129245173673323
