accepted_species,estimate
t16,0.38259152
t45,-0.1317459
t23,0.122804895
t52,-0.0133745335
t41,-0.081465214
t8,-0.05577953
t38,0.016967982
t39,-0.06772182
t25,-0.07742765
t12,-0.09518953
