accepted_species,0,1
t9,0.90387416,0.09612581
t33,0.9302544,0.06974561
t84,0.9145915,0.08540851
t85,0.7433748,0.25662515
t54,0.9145915,0.08540851
t55,0.93580043,0.06419958
t83,0.9342949,0.0657051
t31,0.9289036,0.07109642
t66,0.9003463,0.09965375
t67,0.90564597,0.09435404
