accepted_species,estimate
t13,0.6599897
t1,1.1242518
t64,0.82854736
t91,0.49442214
t92,0.49442214
t98,0.033671755
t89,-1.1050392
t12,-1.2359182
t35,-0.99371123
t16,-0.4358279
