accepted_species,estimate
t215,-0.46767163
t289,-0.2349786
t140,0.5340967
t153,0.5568961
t194,0.63776976
t292,-0.83749807
t143,-0.30906662
t124,-0.53554493
t135,-0.5222592
t97,-0.27602714
t204,0.14129287
t6,-0.3780009
t37,0.2524202
t24,-0.50722265
t232,0.36406636
t115,-0.7847606
t157,0.8631542
t221,0.44692498
t161,-0.25999334
t91,-0.54194397
t229,-1.3158472
t170,-0.4715238
t213,-0.5107687
t159,-0.78120303
t180,-0.8861235
t251,-0.71450084
t32,0.3989386
t206,0.4689143
t162,1.6110904
