accepted_species,0,1
Pseudodiplospora_andamanica,0.9207476392236934,0.07925236077630655
Orbea_semota,0.7809777622670175,0.21902223773298252
Molongum_lucidum,0.7846832445826929,0.21531675541730708
Microplumeria_anomala,0.7839332848704899,0.2160667151295101
Leichhardtia_speciosa,0.7906470295815846,0.20935297041841536
Strophanthus_luteolus,0.8283771309719867,0.1716228690280133
Gynochthodes_epiphytica,0.9078572845006507,0.09214271549934923
Ixora_aurorea,0.9294244203332975,0.07057557966670244
Gentianella_fabrisii,0.7813240632252578,0.21867593677474215
Argostemma_acuminatissimum,0.9164537910392376,0.08354620896076237
