"accepted_species","0","1"
"t11",0.0334010737148057,0.966598926285194
"t13",0.197220813294562,0.802779186705438
"t15",0.26508129717733,0.73491870282267
"t23",0.0866429311610187,0.913357068838981
"t30",0.0735615998076387,0.926438400192361
"t47",0.0613281749427548,0.938671825057245
"t63",0.048444680136449,0.951555319863551
"t74",0.0355802756657303,0.96441972433427
"t85",0.0508651191349226,0.949134880865077
"t88",0.0300437914849572,0.969956208515043
"t100",0.0202132054823415,0.979786794517658
