accepted_species,0,1
t188,0.48940963249993685,0.5105903675000631
t40,3.980569739125972e-05,0.9999601943026087
t7,1.908029290120794e-12,0.999999999998092
t181,0.8187094967539065,0.18129050324609353
t157,0.8371585359259142,0.16284146407408587
t81,0.3046984264548045,0.6953015735451955
t122,0.1404275691150373,0.8595724308849627
t17,1.6449976936172561e-09,0.9999999983550023
t41,0.0023168531629567113,0.9976831468370433
t177,0.8914476535266936,0.10855234647330636
t93,0.039129309356299324,0.9608706906437007
t35,0.002545194766647274,0.9974548052333527
t173,0.8280799658514931,0.17192003414850685
t145,0.846500938457375,0.153499061542625
t129,0.7462299378898468,0.2537700621101532
t153,0.8511139323426489,0.1488860676573511
t154,0.8089616212215396,0.19103837877846044
t172,0.69202728300653,0.30797271699346995
t54,0.00046687098606168487,0.9995331290139383
t55,4.5438225988458925e-06,0.9999954561774012
