accepted_species,0,1
t95,0.9989635195717921,0.0010364804282078956
t100,0.0,1.0
t31,1.0,0.0
t92,1.0,0.0
t48,0.0,1.0
t62,0.0,1.0
t70,0.0,1.0
t56,0.3666666666666667,0.6333333333333333
t57,0.3666666666666667,0.6333333333333333
t45,1.0,0.0
