accepted_species,estimate
Asclepias_amplexicaulis,-0.3152228413886012
Asclepias_cordifolia,-0.3152228413886012
Asclepias_erosa,-0.3152228413886012
Asclepias_fascicularis,-0.3152228413886012
Asclepias_incarnata,-0.3152228413886012
Asclepias_ovalifolia,-0.3152228413886012
Asclepias_tuberosa,-0.3152228413886012
Cynanchum_acutum,-0.2416685014909108
Mandevilla_benthamii,-0.24166850149091088
Strophanthus_kombe,-0.24166850149091088
