"accepted_species","0","1"
"t7",0.86717395077065,0.132826049229351
"t119",0.791894170125753,0.208105829874247
"t58",0.577069340229116,0.422930659770884
"t66",0.0402211394969983,0.959778860503002
"t24",0.119477601730892,0.880522398269108
"t26",0.233786129625911,0.766213870374089
"t169",0.239072074591734,0.760927925408266
"t228",0.934393400877346,0.0656065991226542
"t185",0.807312391237333,0.192687608762667
"t180",0.203083596141553,0.796916403858447
"t158",0.245900460652171,0.754099539347829
"t91",0.390831551842489,0.609168448157511
"t75",0.752359897868497,0.247640102131503
"t32",0.598132742245633,0.401867257754367
"t233",0.0726946017591751,0.927305398240825
"t103",0.834259836050493,0.165740163949507
"t104",0.866828417851426,0.133171582148574
"t194",0.16279810520215,0.83720189479785
"t190",0.81732222602535,0.18267777397465
"t100",0.864641633514291,0.135358366485709
"t116",0.690068215953967,0.309931784046033
"t145",0.501706788307728,0.498293211692272
"t146",0.503446737276246,0.496553262723754
"t249",0.0192388504495921,0.980761149550408
"t184",0.174623919807402,0.825376080192598
"t163",0.293241328960218,0.706758671039782
