accepted_species,0,1
t27,0.2007981228466652,0.7992018771533348
t48,0.2008953683665735,0.7991046316334265
t54,0.19979735771370166,0.8002026422862983
t77,0.20091864830563144,0.7990813516943686
t91,0.20002617261161304,0.799973827388387
t95,0.2026885141771474,0.7973114858228526
t109,0.20092261540710787,0.7990773845928921
t124,0.19995995421701274,0.8000400457829873
t145,0.19995620995320962,0.8000437900467904
t150,0.19994988936810743,0.8000501106318926
