accepted_species,0,1
t27,0.5257858,0.47421423
t48,0.10907924,0.89092076
t54,0.16107571,0.8389243
t77,0.22267216,0.77732784
t91,0.5257858,0.47421423
t95,0.2567848,0.7432152
t109,0.22267216,0.77732784
t124,0.056283116,0.9437169
t145,0.056283116,0.9437169
t150,0.056283116,0.9437169
