accepted_species,0,1
t77,0.0093025565,0.99069744
t96,0.0051887035,0.9948113
t85,0.005040884,0.9949591
t14,0.002537489,0.9974625
t80,0.01532048,0.9846795
t25,0.0027557611,0.99724424
t84,0.81304723,0.18695275
t60,0.02278012,0.9772199
t100,0.30677468,0.6932253
t29,0.69816726,0.30183274
