accepted_species,0,1
t437,0.6675043,0.3324957
t454,0.78421676,0.21578324
t462,0.7766819,0.22331813
t463,0.7766819,0.22331813
t474,0.78421676,0.21578324
t475,0.7766819,0.22331813
t499,0.7766819,0.22331813
t511,0.7766819,0.22331813
t526,0.7766819,0.22331813
t527,0.6675043,0.3324957
