accepted_species,estimate
t22,0.23712126772595557
t50,0.8598267003178518
t93,0.041683298723729445
t90,-0.5139165737082119
t94,2.008425468140887
t17,0.330745585741825
t2,0.2976519767368946
t63,0.08538398517919185
t84,0.463620532969812
t80,-0.5065133468816639
