accepted_species,estimate
t27,-1.2479516
t87,0.16255465
t88,-1.4572177
t75,1.3126676
t90,-1.1864947
t43,-0.048570555
t55,-0.08416249
t15,2.3560963
t60,1.7719274
t69,1.7603463
