"accepted_species","estimate"
"t28",-0.652018038425979
"t58",-0.65737881096288
"t8",-0.586452622919958
"t62",-0.228748988074748
"t56",-0.272136292991221
"t68",-0.272136292991221
"t43",-0.217308304813111
"t88",-0.110191315694567
"t57",-0.176835378727734
"t70",-0.177794165642844
