accepted_species,0,1
t10,0.40319897829225626,0.5968010217077437
t65,0.4034927617714926,0.5965072382285074
t66,0.4034907208581816,0.5965092791418184
t81,0.40350679777200116,0.5964932022279988
t82,0.40350260392081516,0.5964973960791848
t54,0.40349095402758073,0.5965090459724193
t45,0.4034773255585492,0.5965226744414508
t60,0.4034826824233009,0.5965173175766991
t61,0.40346872366426856,0.5965312763357314
t29,0.4033833191983677,0.5966166808016323
