accepted_species,0,1
t10,0.2609884,0.7390116
t65,0.25753403,0.742466
t66,0.25753403,0.742466
t81,0.25753403,0.742466
t82,0.25753403,0.742466
t54,0.25753403,0.742466
t45,0.25753403,0.742466
t60,0.24187213,0.75812787
t61,0.24187213,0.75812787
t29,0.24899769,0.7510023
