accepted_species,0
t60,
t23,
t43,
t48,
t34,-0.654157593716597
t32,-0.654157593716597
t123,
t206,0.978419559356023
t250,0.581836516194961
t125,
t128,
t129,
t85,
t86,
t46,
t69,
t116,
t132,
t138,
t149,
t150,
t145,
t117,
t76,
t65,0.529867759970294
t49,
t45,
t40,0.03549766915272348
t2,
