accepted_species,0
t61,0.10303949848258061
t81,0.10303949848258061
t82,0.10303949848258061
t85,0.10303949848258061
t47,0.10303949848258061
t20,0.10303949848258061
t63,0.10303949848258061
t76,0.10303949848258061
t68,0.10303949848258061
t72,0.10303949848258061
