accepted_species,estimate
t61,-0.9017389
t81,-0.9058792
t82,-0.9058792
t85,-0.93438727
t47,-0.93438727
t20,-0.9058792
t63,-0.9058792
t76,-0.9058792
t68,-0.9386692
t72,-0.9058792
