accepted_species,estimate
t7,0.7162812754255652
t60,0.35973444888163186
t5,0.5527087544822213
t44,1.1419113138937496
t10,0.3845094720078923
t4,0.30288597328548017
t77,-0.8885485554365917
t62,-0.9793594838483101
t78,-0.9846008937518572
t46,-0.9671331213223577
