"accepted_species","estimate"
"t31",-0.396359107435714
"t39",-1.07998188846131
"t125",-1.14112082526651
"t126",-1.14112082526651
"t104",-1.14112082526651
"t67",-1.07159510599917
"t68",-1.07159510599917
"t91",-1.07159510599917
"t92",-1.07159510599917
"t48",-1.08963237580397
"t128",-1.1360968585159
"t28",-0.626329177569553
"t44",-0.576071511511332
