accepted_species,estimate
t31,-0.5518789
t39,-0.80260086
t125,-1.1134919
t126,-1.1322479
t104,-1.132033
t67,-1.0192133
t68,-1.0192133
t91,-1.0192133
t92,-1.0566651
t48,-1.0192133
t128,-1.0192133
t28,-0.9131074
t44,-0.58367515
