accepted_species,0,1
t110,0.5706497247190596,0.4293502752809404
t117,0.825943829580708,0.17405617041929203
t130,0.5280751178952201,0.4719248821047799
t134,0.6000749896198937,0.3999250103801063
t142,0.5433408680275627,0.4566591319724373
t161,0.6292397031912187,0.3707602968087813
t174,0.8494014447503373,0.1505985552496627
t186,0.8635227462395931,0.13647725376040687
t198,0.9587016448744189,0.04129835512558112
t204,0.7626703368129023,0.2373296631870977
t205,0.776503099874316,0.22349690012568402
t208,0.8557818851562832,0.14421811484371685
t217,0.5260656285867439,0.4739343714132561
t232,0.571680983870477,0.42831901612952294
t233,0.6541046528218503,0.34589534717814974
t255,0.9820045298605083,0.01799547013949167
t259,0.9656636398963484,0.03433636010365161
t265,0.9163580959507301,0.08364190404926988
t269,0.9373244692525642,0.06267553074743579
t271,0.9515611992552743,0.048438800744725764
t272,0.9245944096622949,0.07540559033770514
t275,0.8766346172032504,0.1233653827967496
t287,0.9887773244006449,0.011222675599355098
t304,0.9978688422944728,0.0021311577055272055
t317,0.959700984132965,0.04029901586703501
t318,0.8729226096531457,0.12707739034685422
t320,0.996253879018659,0.003746120981340996
t321,0.9916575107357593,0.008342489264240754
t323,0.7409788179128558,0.2590211820871442
t341,0.9759446753576386,0.024055324642361337
t347,0.8725227018456059,0.12747729815439413
t348,0.9183985361987188,0.08160146380128122
t355,0.9933693265521817,0.006630673447818272
t356,0.9896521317000341,0.0103478682999659
t362,0.7948861478243086,0.20511385217569142
t363,0.8523404175095337,0.14765958249046635
