"accepted_species","estimate"
"t27",-0.0396759517275869
"t28",1.64790693554457
"t12",0.72933076810352
"t73",-0.632476459409743
"t91",-0.7966372353379
"t56",0.119151779412292
"t10",1.29845361375036
"t22",0.423959915675962
"t52",-0.738589309526918
"t6",-0.236188635577387
