accepted_species,estimate
t27,-0.056666397
t28,0.75710195
t12,-0.10243663
t73,-0.19517268
t91,-0.29482904
t56,0.13311552
t10,0.72811747
t22,0.1704999
t52,-0.2460168
t6,-0.0052957465
