accepted_species,estimate
t27,0.20595749
t28,0.52900517
t12,0.22745006
t73,-0.15484391
t91,-0.14697215
t56,-0.07897011
t10,0.63988185
t22,0.2607644
t52,-0.2669317
t6,0.017616974
