accepted_species,0,1
t32,0.5064252424231754,0.4935747575768246
t34,0.20392853002581368,0.7960714699741863
t42,0.5147901680701734,0.48520983192982664
t52,0.4144846036439539,0.5855153963560461
t61,0.5714110415019262,0.42858895849807377
t79,0.7982965346854122,0.20170346531458783
t82,0.7325950716208802,0.26740492837911983
t83,0.7325950716208802,0.26740492837911983
t90,0.743935744329645,0.2560642556703549
t110,0.18093944357329683,0.8190605564267032
