"accepted_species","0","1"
"t29",0.81492623023753,0.18507376976247
"t3",0.767672375756825,0.232327624243175
"t45",0.920114799761482,0.0798852002385176
"t85",0.989579006993257,0.0104209930067433
"t42",0.92139134952957,0.0786086504704297
"t16",0.353091710788828,0.646908289211172
"t18",0.573436563353236,0.426563436646764
"t57",0.699545909583251,0.300454090416749
"t36",0.824599789396396,0.175400210603604
"t37",0.858008762900726,0.141991237099274
