accepted_species,estimate
t42,0.42132068
t57,0.4012633
t58,0.4012633
t27,0.65418196
t37,0.48065916
t40,0.5002761
t41,0.5002761
t124,1.2046
t132,1.1362787
t140,1.0786763
t141,1.0786763
t192,1.1480144
t218,1.010681
t239,1.010681
t240,1.010681
t227,1.010681
t139,1.1203517
t207,1.2046
t208,1.1362787
t34,0.6986584
t43,0.6954739
t254,2.0774806
t243,1.9664786
t244,1.9664786
t245,1.9664786
t224,1.9664786
