accepted_species,estimate
t13,0.675945329521837
t1,0.6698684110295405
t38,0.6016219520336948
t56,0.6730376507335145
t33,0.6149359755947289
t21,0.4458188522042663
t17,-1.5349840427304655
t24,-1.565343270415326
t18,0.31754980357708296
t59,0.3886317306759668
