accepted_species,0,1
Sinoswertia_tetraptera,0.9304881,0.06951187
Atractocarpus_hirtus,0.9267513,0.07324868
Psychotria_diversinodula,0.8689537,0.1310463
Gentianella_rapunculoides,0.92978823,0.070211776
Pauridiantha_rubens,0.93492943,0.06507055
Psychotria_dudleyi,0.8689537,0.1310463
Ixora_fuscovenosa,0.880539,0.119461015
Hoya_kingdonwardii,0.8984864,0.10151362
Galianthe_bisepala,0.90643054,0.09356946
Stapelia_remota,0.86782366,0.13217635
