accepted_species,0,1
t69,0.89531547,0.104684554
t95,0.99381834,0.006181672
t71,0.968913,0.031086957
t82,0.9743556,0.025644451
t39,0.98025674,0.01974326
t84,0.98694235,0.013057634
t47,0.9675602,0.03243985
t65,0.8947302,0.10526978
t34,0.8344854,0.16551459
t20,0.98345304,0.016546983
