accepted_species,estimate
t43,-0.53388
t72,-0.38604262
t17,0.42232472
t80,0.39809695
t54,0.36661604
t46,0.39809695
t83,-0.71222883
t84,-0.71222883
t3,0.20783688
t56,1.069887
