accepted_species,estimate
t15,-0.3934110054570861
t100,-0.4105055177524189
t85,-0.37592296330493624
t86,-0.37592296330493663
t17,0.406904669255013
t96,0.06061461507354882
t72,0.20628686375564909
t51,-0.7184560617686939
t84,0.12579645093076997
t73,0.1307963497060752
