"accepted_species","estimate"
"t15",-0.196984964593168
"t100",-1.46733607840305
"t85",-0.367916872493739
"t86",-0.367916872493739
"t17",0.0328502666542892
"t96",0.8003288331256
"t72",0.112081128116714
"t51",0.05417762756463
"t84",0.475666962306308
"t73",0.494547144317575
