accepted_species,estimate
t15,-0.666493
t100,-0.9264553
t85,-0.115433715
t86,-0.115433715
t17,0.18289833
t96,0.8580655
t72,0.14429502
t51,-0.09097291
t84,-0.28728953
t73,0.39453626
