accepted_species,estimate
t218,0.085663326
t34,-0.03274182
t120,0.2872802
t37,-0.36647052
t46,-0.51652884
t213,-0.50632024
t159,-1.0351493
t133,-0.7158227
t164,-0.86264044
t112,-0.98463076
t61,-0.8550098
t129,-0.8141681
t67,-1.0658313
t149,-0.58526707
t76,-1.0851601
t43,0.35382286
t242,0.691963
t245,0.8943203
t77,0.31555623
t265,0.6370191
t185,1.6459255
t31,0.26112592
t81,-1.5733883
t212,-1.1002334
t142,-2.1409645
t201,-0.5522809
t202,-0.32476062
