accepted_species,estimate
t41,-0.4255992753804539
t95,-0.6286125894162122
t23,-0.6208655331650184
t28,-0.6012408855793951
t49,-0.4614972098698225
t84,-0.47222600745710486
t85,-0.472226007457104
t60,1.9243173882423892
t36,1.945399746533747
t97,1.971922342066195
