"accepted_species","estimate"
"t37",0.46172859745614
"t38",0.46172859745614
"t19",-0.23423079902412
"t1",0.321683741459276
"t91",0.518182372417203
"t92",0.518182372417203
"t73",0.522316468838547
"t4",0.350983082367151
"t96",0.0481109764122678
"t85",0.176886252561956
