accepted_species,0
t37,-0.04257032214646371
t38,-0.04257032214646371
t19,-0.04257032214646371
t1,-0.04257032214646371
t91,-0.04257032214646371
t92,-0.04257032214646371
t73,-0.04257032214646371
t4,-0.04257032214646371
t96,0.0429115398606824
t85,-0.04257032214646371
