accepted_species,estimate
t37,0.53841776
t38,0.53841776
t19,-0.32319814
t1,0.110922456
t91,0.5563675
t92,0.5563675
t73,0.5465502
t4,0.6035839
t96,0.11054294
t85,0.11827173
