accepted_species,estimate
t37,-0.14401849
t38,-0.14401849
t19,-0.31699717
t1,-0.54438937
t91,0.49939027
t92,0.49939027
t73,0.6390586
t4,0.6340664
t96,0.13370545
t85,0.30917424
