accepted_species,estimate
t60,-0.37864694
t90,-0.4788849
t97,-0.4788849
t28,-0.11286791
t39,-0.19011557
t84,-0.41755095
t36,0.5660319
t37,0.76148444
t92,0.73613054
t11,0.3473776
