accepted_species,estimate
t75,-1.4752325
t90,-1.4752325
t45,1.4238683
t16,1.4238683
t109,-0.67161244
t24,-0.52318424
t104,-0.8938425
t105,-0.98840445
t33,-0.7454142
t29,-0.9445888
t8,-0.9445888
