"","V_1","V_2","V_3","V_4","V_5","V_6","V_7","V_8","V_9","V_10","V_11","V_12","V_13","V_14","V_15","V_16","V_17","V_18","V_19","V_20","V_21","V_22","V_23","V_24","V_25","V_26","V_27","V_28","V_29","V_30","V_31","V_32","V_33","V_34","V_35","V_36","V_37","V_38","V_39","V_40","V_41","V_42","V_43","V_44","V_45","V_46","V_47","V_48","V_49","V_50","V_51","V_52","V_53","V_54","V_55","V_56","V_57","V_58","V_59","V_60","V_61","V_62","V_63","V_64","V_65","V_66","V_67","V_68","V_69","V_70","V_71","V_72","V_73","V_74","V_75","V_76","V_77","V_78","V_79","V_80","V_81","V_82","V_83","V_84","V_85","V_86","V_87","V_88","V_89"
"t9",-0.0991541027560595,-0.00353249844913416,0.177276541587678,-0.0209358624483956,0.00108130907681511,-0.015289439921408,0.00131634539695147,-0.00293627873893962,0.0466744260317051,-0.00268903176216868,0.00284179144481446,-0.000980900756675873,0.971839941171282,-0.00122012834462801,0.000724109921035462,-0.00067749593903171,0.000638005380260787,-6.83649600983748e-05,6.71311389450613e-05,-0.00173918655643259,0.0142036380554776,-0.00155673972929923,0.00169585789221662,-0.000431666591450049,3.53995938819181e-05,-0.00360507641620497,1.04692432330439e-05,0.000344427334019965,-7.95552141456236e-05,0.00180664193935562,-0.000910064132803514,0.00149332782392789,-0.00416867234730765,-0.000113622696221,0.00218499434074878,-0.000376323542573022,-0.000120744422566333,0.000592667229503559,-0.00189481973208496,-3.90824507042245e-05,7.70039372854815e-05,5.52672199628951e-05,1.06548851643826e-05,1.88524676242797e-05,-0.00156701432654993,-2.23519727211122e-05,-4.0123882809867e-18,0.000302600303630852,5.58693375607168e-06,9.92736562724741e-06,1.60346469723227e-15,-0.000322074530092239,-4.52086056700144e-17,-6.14865301097056e-06,-5.65130077710649e-06,1.94298198426469e-17,7.28986629636713e-05,1.65163295563857e-18,4.67604689347861e-16,-0.00226479204675058,5.21249358461703e-05,2.26596194810543e-18,-9.2325460256216e-18,-1.11963016911705e-17,-1.49806683959993e-18,8.16338365279782e-18,1.0308891151494e-17,-6.3773921748269e-05,-1.67747321598552e-17,1.96190578685958e-05,-3.88549682755376e-17,-6.83699001955194e-05,-1.43716912824965e-18,2.4967278935857e-16,-1.5000559955465e-17,-4.3698760814123e-17,-9.11345739429447e-18,-1.23535217786203e-17,3.38893092218305e-17,-3.04258104425211e-17,9.51381798490563e-18,5.38183221934402e-17,-2.55249723213638e-17,8.59210195348087e-17,3.67615207143094e-17,-1.85941113581618e-18,3.31255523297425e-17,-8.41172737787525e-17,-1.01531671597702e-16
"t23",-0.105759834140999,-0.0059660207897663,0.328411107746071,-0.0442600856769617,0.00801065470503187,0.054770833585207,-0.0023935984680497,0.00291127804925935,-0.0257937978676457,0.00090481276241604,-0.000912430083645074,0.00030937615664879,-0.0796779320640009,5.10639771958437e-05,2.01432647404058e-05,-3.15285413846901e-05,3.1480342243444e-05,-3.71218715299537e-06,3.29614785587168e-06,0.317798632959291,0.00212384513081194,-0.000139464631619871,0.000154776762228644,-4.10621135194867e-05,3.59437887496826e-06,-0.000368298221030359,1.07890835744319e-06,3.55093405693522e-05,-8.52508454438312e-06,0.00019703695902825,-0.00010105521121158,0.000167326023851499,-0.000469550930007895,-1.28590786799164e-05,0.000247426917469964,-4.17710327230761e-05,-1.33158198745957e-05,6.50922581689115e-05,-0.000183041233133171,-3.16625893817333e-06,5.77383187906933e-06,3.32747417164756e-06,-8.6127404362219e-07,-3.10889999988364e-05,0.506544448082242,-1.13321260655234e-05,-1.15599122774547e-15,7.79960695550825e-05,1.18796330342507e-06,2.09293148380121e-06,0.707106781186547,-6.73876233624429e-05,4.03317962171869e-15,-1.21019356513341e-06,-1.11018581188425e-06,-2.28349616417361e-16,1.4361973963374e-05,-5.20228460026949e-16,2.22536479804566e-15,-0.0131576937299465,9.1885335332485e-06,6.65625147862651e-16,3.13616467921142e-16,3.21014372866069e-16,-1.40382862673798e-16,-2.61372096064175e-17,5.19272227542611e-17,-1.12851846826616e-05,1.53880826891651e-16,3.47441966485873e-06,2.97823254481939e-17,-1.21245620663157e-05,3.40218199877491e-16,-2.35129821555186e-16,-7.71294548583417e-17,3.09112596264757e-17,1.53180701007693e-16,-1.78333035667058e-16,-1.62487949715127e-17,-3.09131851773281e-16,-1.37081729529706e-16,1.03271574308019e-16,9.2641949127237e-17,5.24873645664402e-16,1.38341457474161e-16,1.31272707004481e-16,-1.80209145314553e-16,-7.16419014262119e-18,-1.0537865914581e-16
"t24",-0.105759834140998,-0.00596602078976628,0.328411107746069,-0.0442600856769617,0.00801065470503177,0.0547708335852075,-0.00239359846804974,0.00291127804925957,-0.0257937978676457,0.000904812762415995,-0.000912430083645149,0.000309376156648878,-0.0796779320639993,5.10639771958698e-05,2.01432647399964e-05,-3.15285413843535e-05,3.14803422435838e-05,-3.71218715284264e-06,3.29614785599211e-06,0.317798632959291,0.00212384513081214,-0.000139464631619235,0.000154776762228275,-4.10621135191459e-05,3.59437887268442e-06,-0.000368298221030969,1.07890835673474e-06,3.55093405692418e-05,-8.5250845432404e-06,0.0001970369590293,-0.000101055211212607,0.000167326023852321,-0.00046955093000773,-1.28590786795574e-05,0.000247426917467382,-4.17710327206421e-05,-1.33158198729768e-05,6.50922581669211e-05,-0.00018304123312949,-3.16625894283487e-06,5.77383187799817e-06,3.32747417182637e-06,-8.61274048228992e-07,-3.10890000053271e-05,0.506544448082241,-1.13321260585036e-05,-4.14656276837396e-16,7.7996069548362e-05,1.18796339101799e-06,2.09293142898657e-06,-0.707106781186548,-6.73876234048831e-05,-6.43224849735213e-15,-1.21019355111589e-06,-1.11018580382979e-06,-1.60707745760324e-15,1.43619739604557e-05,-1.30623130949012e-15,3.44280500628083e-15,-0.0131576937299478,9.18853353391839e-06,-6.30646250089992e-16,1.07588476318456e-16,-1.10016703783881e-16,1.30858543354662e-16,-8.4303795966573e-17,1.37501956552292e-17,-1.12851846816504e-05,-1.38788363903333e-16,3.47441966555109e-06,-1.55512943977309e-16,-1.21245620668767e-05,-1.01326644813893e-16,6.31028642513941e-16,2.72296447133068e-16,4.87675688528963e-17,-2.04058763320976e-16,8.5115197453217e-17,1.56397821434837e-16,-1.44779161360417e-16,4.64833659785494e-16,5.06091259541755e-17,2.05661728761501e-17,1.13222561114761e-16,-4.14672683747128e-17,-3.83738196527375e-17,2.40023168006606e-16,1.83107220922525e-17,-4.7623498317432e-17
"t28",-0.105793304429725,-0.00597768177533439,0.329129419888773,-0.0443698007907811,0.0080416383643545,0.0550662397309296,-0.00240867991047276,0.00293368882386471,-0.0260463430609229,0.000915883258166999,-0.000923832438474303,0.000313273522533594,-0.081368577132711,5.2338338111033e-05,2.0912948088001e-05,-3.29767958768001e-05,3.29779728496802e-05,-3.90327726701372e-06,3.48583277541568e-06,0.336993638332129,0.00225376053360692,-0.000149843293924686,0.000166903257040218,-4.46512810577538e-05,3.9783619848109e-06,-0.000408527781831544,1.20072477731348e-06,3.95249466574549e-05,-9.67488454285524e-06,0.000226574680382507,-0.000118534379731407,0.000199341232129436,-0.000566991993957999,-1.58798902631625e-05,0.000315932239131988,-5.83553050593272e-05,-1.89500452780383e-05,9.36563169338293e-05,-0.000339858059172534,-7.74520450937135e-06,1.57803446861426e-05,1.22067389516172e-05,3.86180907190278e-06,3.56391365489168e-05,-0.493260030312691,4.58618170207955e-06,7.80857981099718e-16,1.2507468967684e-05,5.04742088145794e-07,9.18819779134153e-07,-2.6811360188913e-16,-3.04510461033498e-05,2.11464520261532e-15,-7.02444917449516e-07,-6.9393926116678e-07,0.707106781186548,9.05365752422034e-06,-9.19915358977801e-15,8.27190181367927e-15,-0.00880514622289077,6.70857174931731e-06,4.1391122503237e-16,-2.16487274098179e-16,5.34692611834726e-16,2.26098904133911e-16,-9.28703277600453e-17,-6.36107295801056e-16,-8.81803641631926e-06,-2.29133606390672e-16,2.76027713376236e-06,2.62786172345078e-16,-9.79493986380947e-06,-6.37098944108539e-17,8.59480228654407e-16,1.31429116174627e-16,-1.7940141926529e-16,-2.50758862978451e-16,3.88616762780023e-17,1.28639734173051e-16,-1.59364566191295e-16,-3.44914314215723e-17,-2.17080699210762e-16,1.09022696707115e-16,-3.60941600204557e-17,7.50717225958294e-17,2.91875654343065e-16,6.38078914794355e-19,-1.71287621264295e-16,-1.69933703537633e-16
"t56",-0.105793304429725,-0.00597768177533448,0.329129419888773,-0.0443698007907806,0.00804163836435443,0.0550662397309292,-0.00240867991047281,0.00293368882386479,-0.026046343060923,0.000915883258167056,-0.000923832438474229,0.000313273522533528,-0.0813685771327111,5.23383381109577e-05,2.09129480882404e-05,-3.29767958765865e-05,3.29779728496038e-05,-3.90327726697225e-06,3.48583277537048e-06,0.336993638332129,0.0022537605336072,-0.000149843293924449,0.000166903257039236,-4.46512810571564e-05,3.97836198475254e-06,-0.000408527781831688,1.20072477730938e-06,3.95249466574141e-05,-9.67488454273871e-06,0.000226574680382533,-0.000118534379731374,0.0001993412321289,-0.000566991993957929,-1.58798902631482e-05,0.000315932239131935,-5.83553050599553e-05,-1.89500452775759e-05,9.36563169334041e-05,-0.000339858059172532,-7.74520450941186e-06,1.57803446855253e-05,1.22067389514764e-05,3.86180907197704e-06,3.56391365483716e-05,-0.493260030312693,4.58618170075451e-06,7.08964277478646e-16,1.25074689657825e-05,5.04742088243873e-07,9.18819778922e-07,1.33109944842214e-15,-3.04510461016449e-05,5.97043198930531e-17,-7.02444920551122e-07,-6.9393926262948e-07,-0.707106781186546,9.05365757965311e-06,1.04255952032383e-14,-4.97072964623643e-15,-0.00880514622288253,6.70857175027801e-06,-3.45744978171167e-16,3.6909624822486e-16,-7.2286614710308e-16,-3.26926195214896e-16,2.58355495599768e-16,6.17921560367851e-16,-8.81803641657553e-06,1.2382611837095e-16,2.76027713347167e-06,-3.53584883677983e-16,-9.7949398634096e-06,-1.7014212597974e-16,4.30432055561802e-16,-2.40731363538235e-16,-3.33525325333422e-17,2.75580374297156e-16,6.08556595236858e-17,-4.4007618170705e-17,8.56245834755034e-17,-2.93883548521515e-16,-2.37390214152993e-16,-2.91278542843202e-16,9.21711509104846e-17,7.968273870669e-17,-3.78137298352405e-16,-1.8484120253425e-17,-9.32717197531798e-17,-1.44216953435609e-16
"t40",-0.105749978583511,-0.00596281743244909,0.328215841970454,-0.0442306576026544,0.00800288911592927,0.0547027175778679,-0.0023903066375842,0.00290682521548614,-0.0257514114056806,0.000903382617096476,-0.000911006340385084,0.000308896046642452,-0.0797557763187171,5.12439697930149e-05,2.06936776492306e-05,-3.37438664856715e-05,3.42265577415214e-05,-4.29415429815727e-06,5.9626563367138e-06,-0.406882149914615,-0.00042925530483065,-0.000112186497153772,0.000128155058831925,-3.51226381289736e-05,3.1440156924927e-06,-0.000322531894839374,9.462311648785e-07,3.11445842384275e-05,-7.50559971378345e-06,0.000173520351607647,-8.89177018226842e-05,0.000147078293037721,-0.000412365967031942,-1.1279438942926e-05,0.000216863448346632,-3.68002554266883e-05,-1.17588822669066e-05,5.75730377414363e-05,-0.000173883992599528,-3.4284543979027e-06,6.66303340049842e-06,4.6517368616075e-06,8.09700446698966e-07,1.52334341425846e-06,-0.00378711340904178,-1.29404920248772e-06,-2.12358686716765e-16,1.18885262174049e-05,-2.27352834565245e-08,-9.22638405057228e-08,-8.85895851295383e-16,4.72022059653046e-06,2.98256014808422e-16,9.57487107123928e-07,2.25636731533065e-06,4.70616218047011e-15,-3.39579184474736e-05,6.86818782718259e-15,-1.7215162542893e-13,0.832059951486014,2.32080168007973e-05,-6.24857014922763e-16,-6.60661836829686e-16,2.77465135248942e-15,9.77583326898637e-16,-1.72447064929928e-16,-1.36813565280322e-16,-1.82845542371976e-05,-9.28029936737448e-17,5.25271475544961e-06,-1.0750396655325e-16,-1.7253706162961e-05,-2.02903218811608e-16,-2.90634343500634e-16,2.54831378884784e-16,1.23937754103613e-16,-3.19912390413804e-16,-1.93888670913797e-16,3.06657248558698e-16,7.67874237947362e-17,1.44437498058906e-16,1.60222747299299e-16,-2.41293858390161e-17,6.91603412860838e-16,7.45207659110663e-18,5.09161623567574e-17,-4.374950736591e-17,-1.10083338000156e-16,-2.43218899017263e-18
"t67",-0.105814958211876,-0.00598538327207343,0.329605260178407,-0.0444427577243949,0.00806262749751934,0.0552706568176305,-0.00241925365733859,0.00294973239360805,-0.0262331794426626,0.000924416497895656,-0.000932661744227632,0.000316296761102192,-0.0829286880893829,5.36270747234511e-05,2.21359354321592e-05,-3.6536601330385e-05,3.71527311126447e-05,-4.68897180713735e-06,6.56976852990898e-06,-0.450172532331655,-0.000475453407649068,-0.000126581346204462,0.000145365144181099,-4.03140699018912e-05,3.69609146547888e-06,-0.000380240948017557,1.12031499123541e-06,3.68820494815315e-05,-9.10492460002253e-06,0.000213778973045576,-0.000111998811917858,0.000188314790982596,-0.000535208497894644,-1.49564288914506e-05,0.000296139965203838,-5.37366125129895e-05,-1.73773572740124e-05,8.56661444310234e-05,-0.000291599015471416,-6.21069656361395e-06,1.23417436079009e-05,9.00232924361613e-06,1.8445354960962e-06,3.91672315426112e-06,-0.00993990274553768,-3.83211298670994e-06,1.81280649359322e-16,5.70514328180585e-05,1.19037630474089e-06,2.14244130794078e-06,-1.19466853338204e-16,-7.04079744053246e-05,-5.17825070587371e-16,-1.77350752855369e-06,-2.28698140420084e-06,-1.83451850847003e-15,3.17996103496812e-05,-2.61278836325992e-15,8.12113521928444e-14,-0.391898960159075,6.96572657647195e-07,3.38508765126732e-16,9.90576727498804e-16,-9.1807611958131e-16,-1.932976476036e-16,5.91007796982582e-16,7.25119824522523e-16,-5.91599469147236e-06,-1.20339005830964e-17,2.02642081110831e-06,3.65545492567974e-16,-7.68311403442698e-06,6.89521351640121e-16,-0.707106781186547,-6.39429652332762e-16,4.03301322816786e-16,4.28595735601064e-15,2.05275505812827e-16,-3.23768774099302e-16,1.88419145773192e-15,-4.193621845426e-16,1.08747574769242e-15,5.04830757576304e-16,8.34275379709325e-16,3.21653161723286e-16,8.75778622595419e-17,4.26836347204366e-16,-1.82524585234208e-16,-1.49906080234442e-17
"t68",-0.105814958211876,-0.00598538327207342,0.329605260178407,-0.044442757724395,0.00806262749751951,0.0552706568176308,-0.0024192536573386,0.00294973239360792,-0.0262331794426622,0.000924416497895458,-0.000932661744227764,0.000316296761102002,-0.0829286880893829,5.36270747233565e-05,2.21359354321653e-05,-3.65366013305377e-05,3.71527311124886e-05,-4.68897180711057e-06,6.56976852959467e-06,-0.450172532331655,-0.000475453407647763,-0.000126581346204552,0.000145365144181467,-4.03140699018929e-05,3.69609146581894e-06,-0.000380240948018168,1.12031499154897e-06,3.68820494816707e-05,-9.1049246001354e-06,0.000213778973044587,-0.000111998811918049,0.000188314790984107,-0.000535208497895623,-1.49564288918005e-05,0.000296139965203668,-5.37366125131292e-05,-1.73773572743983e-05,8.56661444312498e-05,-0.000291599015470462,-6.21069656314634e-06,1.23417436078709e-05,9.00232924283106e-06,1.84453549488561e-06,3.91672315403217e-06,-0.00993990274553708,-3.83211298638441e-06,1.75627002103798e-16,5.70514328177181e-05,1.19037630501331e-06,2.14244130923948e-06,4.22089818346098e-16,-7.0407974404366e-05,3.68297433207719e-16,-1.77350752868826e-06,-2.28698140413217e-06,-2.53001629973396e-15,3.17996103495917e-05,-3.72552012755798e-15,8.10008643340317e-14,-0.391898960159075,6.96572660681362e-07,1.75844387316685e-16,-9.00831800394822e-16,-1.89530479720167e-15,-6.7769344987002e-16,-5.47647480680226e-16,-5.70775919190751e-16,-5.9159946923091e-06,9.27386786059574e-17,2.0264208100883e-06,-2.79711764303777e-16,-7.68311402517664e-06,-4.9206496611274e-16,0.707106781186548,2.72599336030541e-16,-7.45901447459122e-16,-4.00358657226435e-15,-1.46976402842337e-16,2.11529201381922e-17,-1.9888183434601e-15,6.63159347198474e-16,-1.21598007534062e-15,-7.05960511596298e-16,-1.58656569131435e-15,-2.83304451416906e-16,-1.35179200319509e-16,-2.50946444012738e-16,3.38097781761928e-17,1.48290536000039e-16
"t7",-0.120640190708532,0.000753685434978705,-0.0154155068757968,0.000158634852941614,-0.00116598616109387,-0.162233867737259,-0.00108346130380742,-0.0215077933154933,0.500725737596534,0.00264015563176495,-0.0544606322883326,0.000705515513673599,-0.0440101369940256,-1.63311787490206e-05,0.000514066009320697,-7.05294618239868e-05,6.75887234576084e-05,-7.49150579083878e-06,8.00930042289035e-06,-7.52623827937199e-05,0.00992691700546072,-0.000133030737701649,0.000137251171356025,-2.85759685191393e-05,3.65230469709409e-06,-0.000185244453954389,-5.23377846041125e-08,-1.94851604875049e-06,9.25138890677793e-06,-0.00273678325607252,0.000603077009988188,-0.0161772360732986,0.831334056781856,-0.000199484612922789,0.0126291678824851,-0.00137224022362442,-6.91856579743168e-05,0.00033333892445082,-0.00530102626248345,-1.6976855203616e-05,0.000200175014979827,2.33715897017472e-05,2.57274669326252e-05,7.45930209348025e-06,-0.00018806530894426,-8.74910036601715e-06,1.92404510376286e-16,0.000115264581409995,2.0766271451734e-06,3.69020771676291e-06,-1.07505649922898e-16,-0.000698244440434124,-8.89244322121796e-17,-2.22252631253338e-06,-2.022294765872e-06,-8.48800346677597e-17,2.60508006904461e-05,2.67819821766468e-16,1.28937516328454e-16,-0.00024862696007568,0.000104745415743533,8.69910550339127e-17,-9.57698893398327e-18,-3.50807516179655e-17,2.88139171223552e-17,1.17466563313779e-16,3.94840591819873e-17,-2.17841835475737e-05,-3.61184172306149e-17,6.66624140640133e-06,-2.29150245528587e-17,-0.000131760725527799,-1.16262876100959e-17,8.60713689801979e-16,-2.21236156957457e-17,-9.41516609341687e-17,-3.0208523712966e-18,-6.36920894570024e-18,1.19957290118806e-16,-1.20972918948619e-16,3.20611579211769e-16,1.93194141232409e-16,2.78836134184226e-16,-3.98887146972904e-17,9.63862238536542e-17,-3.78018182094903e-18,5.42666250621069e-17,-1.38351723917889e-16,9.93821237971186e-17
"t31",-0.120874115837465,0.00076284623177792,-0.0156256277755043,0.000161091988731647,-0.00119452939495121,-0.167851551142346,-0.00112766718627644,-0.0225943465636905,0.533561910320717,0.00286183808415602,-0.0591435553159017,0.000766732615027008,-0.0510564118809173,-1.95393059344365e-05,0.000696647274032229,-0.000104191339947986,0.000101854479245603,-1.18683341414152e-05,1.38292191013213e-05,-0.000135866608323484,0.0181462314106051,-0.000314913667246907,0.00035824191231091,-9.92150585970037e-05,6.06129536117181e-05,-0.00627370370778743,2.79785574105833e-06,9.23877849254382e-05,-2.710610300371e-05,0.00453830090973464,-0.00055283757864686,0.0102313795997509,-0.392485424711037,5.9156441909851e-05,-0.00177358690099882,-7.2486893231298e-05,-5.1956192563124e-06,2.8929650064291e-05,-0.00114979522008257,-4.44638627777969e-06,5.44429883002021e-05,6.75697172601922e-06,8.55146770969712e-06,2.62903625224348e-06,-6.68073169660943e-05,-3.22758333751432e-06,9.46188368375175e-17,4.59518190916372e-05,8.91758762396164e-07,1.59325017468754e-06,-6.20944133001149e-16,-0.000303005991976621,-2.12565813464495e-15,-1.02642514093634e-06,-9.60485940901441e-07,9.43622145236191e-15,1.24178095555942e-05,0.707106781186547,1.20559450450375e-14,-0.000121958718610163,5.4252757052971e-05,-4.25805060653165e-16,-4.59161387854188e-16,5.13089715357549e-16,-2.7480988500841e-17,-3.06257345541868e-16,2.45696988615699e-16,-1.19569481382095e-05,1.89215849210533e-16,3.72223361863144e-06,3.62670236741222e-16,-7.49645464168281e-05,2.63986700579575e-16,9.56138914589936e-17,-4.45707400695187e-17,-1.34277107975388e-16,-3.72251147917872e-16,-1.76965645534126e-16,-1.44461057992914e-16,5.20410851248885e-16,4.86659626681161e-17,9.85484176859514e-17,-4.56038618542362e-17,1.29555963640254e-16,1.04061220383845e-16,7.62764481209732e-18,1.51590335470257e-16,-1.76165360214781e-16,3.1197914991327e-19
"t32",-0.120874115837465,0.000762846231777958,-0.0156256277755043,0.000161091988731582,-0.00119452939495102,-0.167851551142346,-0.00112766718627605,-0.0225943465636909,0.533561910320717,0.0028618380841563,-0.0591435553159016,0.000766732615026994,-0.0510564118809173,-1.95393059344989e-05,0.000696647274032576,-0.000104191339947997,0.000101854479245676,-1.18683341412897e-05,1.38292191013902e-05,-0.000135866608323869,0.0181462314106046,-0.000314913667247138,0.000358241912310639,-9.92150585969291e-05,6.06129536116638e-05,-0.00627370370778749,2.7978557411687e-06,9.23877849254399e-05,-2.71061030037633e-05,0.00453830090973489,-0.000552837578646811,0.0102313795997509,-0.392485424711036,5.91564419097114e-05,-0.00177358690099888,-7.24868932316519e-05,-5.19561925618056e-06,2.89296500649155e-05,-0.00114979522008377,-4.44638627797658e-06,5.44429882998621e-05,6.75697172528543e-06,8.55146770944917e-06,2.62903625263987e-06,-6.6807316968287e-05,-3.22758333807681e-06,-2.45516468080859e-16,4.59518190920119e-05,8.91758763016219e-07,1.5932501745545e-06,7.76722913141859e-16,-0.000303005991982436,2.19606693543207e-15,-1.02642514564135e-06,-9.60485932445152e-07,-9.88575573329752e-15,1.24178095219493e-05,-0.707106781186548,-1.20283867241888e-14,-0.00012195871859863,5.42527570545365e-05,3.55451252866925e-16,3.13866807778735e-16,-4.90938174141485e-16,2.21363916180567e-17,1.66222857281263e-16,-2.31624909076671e-16,-1.19569481388197e-05,-1.00060301312324e-16,3.72223361881402e-06,-4.49844235719944e-16,-7.49645464159011e-05,-2.15214253543126e-16,-4.99741822302433e-16,6.25750834028172e-17,6.13423900047721e-17,3.48622623119016e-16,1.10969935365231e-16,1.20160279162171e-16,-5.41175871932281e-16,-9.22964381534543e-17,-2.64206334927368e-16,-2.54142218281339e-16,-6.32069510330743e-17,-6.48106095065099e-17,2.02021196328609e-17,-9.74779920672233e-17,9.34588747528559e-17,-2.49394841381463e-16
"t50",-0.136387378988826,0.00310843956428713,-0.105944551649564,0.00712081932679244,0.00202506791756446,0.147753380043442,0.00118143560545392,0.21618697627475,-0.0151640693997023,0.000144028768141735,-0.110395509588113,-0.000170118929506441,-0.00319573600068423,-1.67383464129769e-06,0.000913198207366776,-2.09206113634709e-05,2.18408575162476e-05,-3.06166850402986e-06,6.04756657750574e-06,-0.000132849741969504,0.0343528501048155,-5.55617488942443e-05,8.42675484660545e-05,-3.93314907151784e-05,0.0014139245851792,-0.345395174457775,-9.03326485905849e-06,-0.000284289686142161,1.93718287312982e-05,-0.207624450270669,-3.1031088521323e-05,0.000101652284951168,-6.25730150709825e-05,5.82685346353293e-08,-5.09226317948752e-05,-0.0188349555505781,1.56904413986525e-06,-5.03034980892797e-06,-1.02195497323487e-05,-2.36096801105572e-07,0.026868388617329,-9.09416986464781e-08,0.00200019562454032,3.54621130019533e-08,-9.25861706246867e-07,-4.92974745155191e-08,2.98762272848072e-16,7.4439591337544e-07,1.1592324604035e-08,2.01483262553476e-08,-3.38974090625777e-16,-2.67565850658007e-05,3.78721422362888e-16,2.09036521951625e-09,1.63582139274141e-08,-5.13887057730191e-16,-2.46293467498319e-07,-8.21162040594052e-16,-1.4754495601242e-16,6.89535974848776e-06,-0.84459014033417,-1.64198928102927e-15,2.43401227096856e-14,2.79501656000774e-16,6.24511600916333e-16,6.57416171677294e-16,1.23745733599032e-15,-2.09913276638923e-06,-3.11219507467837e-17,5.69812183274479e-07,-1.02959862031888e-16,-0.000127090438389089,9.05254137749471e-17,1.75190668882474e-15,-1.83932198044133e-17,1.0568994539215e-16,9.64774695010369e-17,1.66241276032899e-16,1.06176483290603e-16,-2.03461113848606e-16,1.27685827262202e-16,-1.49801308081949e-16,-2.51432413049661e-16,-1.82788894369865e-16,6.0144861717181e-17,-3.45309769146287e-17,-1.3240360085704e-17,-6.09677806674625e-17,-6.32452023156455e-17
"t87",-0.136473267350794,0.00312048331610453,-0.106403653092159,0.00715576757697593,0.00204052583377273,0.149320591103613,0.00119604446024957,0.219442543486746,-0.0154531298688076,0.000147440667693177,-0.113064996743718,-0.000174264834800597,-0.00332440610763937,-1.75244774951178e-06,0.000977004411585977,-2.26492930285038e-05,2.37035438270458e-05,-3.34190955720041e-06,6.65868151658296e-06,-0.000146857745144808,0.0380155185375627,-6.25791538325163e-05,9.53858393939883e-05,-4.50194877036313e-05,0.00165478144337161,-0.405286662164982,-1.06413718740101e-05,-0.000334962538108106,2.33309440143756e-05,-0.25356424770526,-3.86499302216805e-05,0.000128443598906403,-8.00051553307597e-05,7.58866928048888e-08,-6.79914291947317e-05,-0.0265717823020338,2.23489496096671e-06,-7.20424141035375e-06,-1.60401081426148e-05,-3.91745432927384e-07,0.0452793296752418,-1.57918959296441e-07,0.00385560394941432,7.33634916421245e-08,-1.93752899363409e-06,-1.10000264056786e-07,5.08207498238483e-17,2.04687793977504e-06,5.06978676434759e-08,9.35637933615523e-08,3.66392992374822e-16,-0.000132335607524469,-3.74011224040192e-16,-7.4454782448218e-08,-7.99971605309016e-08,2.18398836674614e-16,1.05638993749997e-06,4.05913469093839e-16,-4.50630007016344e-17,-1.28921209633648e-05,0.377648084756063,1.1390144019269e-15,-1.10621303815988e-14,-4.34991487181328e-17,-3.68163583875208e-16,-5.23246296406419e-16,-3.33165476290168e-16,-2.37289007270526e-07,-4.96841632421024e-17,1.22399896481567e-07,2.37470667207024e-16,-3.90770790621169e-05,-5.73466282698433e-17,-2.14770995406989e-15,-6.95268987738452e-17,6.87596127771529e-17,4.98330026222454e-16,-1.45900975938052e-16,2.8500892328415e-16,-1.9536779577638e-16,9.01622851502521e-16,-5.48369618302315e-16,5.55839022273361e-15,-0.707106781186547,2.24465402436907e-16,1.42722055640482e-15,-2.36653025519844e-16,-5.08442412797278e-17,4.21084122594055e-17
"t88",-0.136473267350794,0.00312048331610452,-0.106403653092159,0.00715576757697593,0.0020405258337727,0.149320591103613,0.00119604446024958,0.219442543486746,-0.0154531298688076,0.000147440667692705,-0.113064996743718,-0.000174264834800951,-0.00332440610763936,-1.75244774955341e-06,0.000977004411586158,-2.26492930286148e-05,2.37035438269417e-05,-3.34190955725202e-06,6.65868151623547e-06,-0.000146857745145074,0.0380155185375628,-6.25791538327453e-05,9.53858393939744e-05,-4.50194877037249e-05,0.00165478144337134,-0.405286662164981,-1.06413718740843e-05,-0.000334962538107969,2.33309440146809e-05,-0.253564247705261,-3.86499302217347e-05,0.000128443598906389,-8.00051553309089e-05,7.58866928931429e-08,-6.79914291945635e-05,-0.0265717823020347,2.23489496083574e-06,-7.20424141024967e-06,-1.6040108142823e-05,-3.91745432980727e-07,0.0452793296752416,-1.57918959657263e-07,0.00385560394941441,7.33634910182746e-08,-1.9375289941892e-06,-1.10000263681652e-07,-7.63282431294393e-18,2.04687794007341e-06,5.06978676516074e-08,9.35637931324604e-08,1.44770624424957e-16,-0.000132335607524556,-9.03905597205872e-17,-7.44547823255948e-08,-7.9997160633196e-08,2.20485207520046e-16,1.05638993763355e-06,4.16979947837451e-16,1.82317137830369e-17,-1.28921209651134e-05,0.377648084756062,4.67025726939588e-16,-1.05621001683062e-14,-1.50444659976054e-16,-1.34079091004091e-16,-7.55112547437457e-17,-6.62433176961088e-16,-2.37289006926183e-07,-1.53782380440876e-17,1.22399896174737e-07,-1.03837604920648e-16,-3.90770790618736e-05,-7.14413058910618e-17,3.85294821875574e-16,3.34945634905307e-17,-2.42364281673465e-16,-6.73744836591773e-16,1.97711598245399e-18,-2.47386924859012e-16,2.8562705032498e-16,-5.76943507797458e-16,6.88525901545162e-16,-5.26121374748849e-15,0.707106781186547,-1.05145659123507e-16,-1.35401435814156e-15,2.65368867632281e-16,-2.68651614798866e-17,-1.21339242087172e-16
"t16",-0.136065776698127,0.00306284814953642,-0.104203941260875,0.00698806159013881,0.00196580442572508,0.141683934083188,0.00112451882647364,0.203385748762339,-0.0140117012520813,0.000130207218634715,-0.099562938207594,-0.000153284070625218,-0.00264311374515014,-1.32794430429684e-06,0.000607505952316678,-1.22191394402171e-05,1.23661237077105e-05,-1.60017904442863e-06,2.7342682534261e-06,-5.55006595472903e-05,0.0140282401427162,-1.31477788423567e-05,1.53272353022038e-05,-1.90185812076228e-06,-0.000392626734321161,0.111344156621616,3.54871114587768e-06,0.000112676624370313,-1.69713649737337e-05,0.266908777144277,6.52012864370624e-05,-0.000305908214916578,0.000259014175745087,-4.44425830518902e-07,0.00301626581121023,-0.0966581923785395,6.57886363232118e-06,-1.88867006634189e-05,1.35483134656895e-05,1.64029608859485e-06,-0.273878436299915,2.35446228324617e-06,-0.84813291054876,6.75761124308656e-07,-1.64709193005985e-05,-6.9838444210395e-07,6.08682076279042e-16,8.76487563896897e-06,1.62444000253504e-07,2.93784648035516e-07,3.0090943933281e-15,-0.000407650200874292,1.50897155890018e-15,-1.78297880800305e-07,-1.65936767078942e-07,8.14083997108353e-17,2.14429803204602e-06,1.72730273827859e-16,2.98696542210155e-16,-2.10381216109723e-05,0.0192539953336187,-8.36968484135253e-17,-5.57907413372282e-16,-3.41632906698363e-16,1.73681026149186e-16,5.22767505357872e-17,4.11250602686495e-16,-1.97987953315208e-06,8.28801877009138e-17,6.18483304420329e-07,-5.97159108922286e-17,-0.00015264115198765,-5.65785406389261e-17,-1.93731065826505e-16,-3.7580402504069e-17,-1.29520272352541e-16,-2.49930251506831e-16,-1.50075416596511e-16,3.07355008459124e-16,-2.35999723511348e-16,-2.78979102009677e-16,-7.69422044660694e-17,-2.10285514360055e-16,5.50046965643453e-17,1.33252946743749e-16,-3.074199048687e-18,1.63656854989235e-16,1.96258138350888e-17,9.10433890509879e-17
"t26",-0.136148412439674,0.00307436290092934,-0.104642472057652,0.00702140496399061,0.00198046842667287,0.143160907292409,0.00113823069743351,0.206421670905634,-0.0142785105083499,0.000133316357286861,-0.101992071188315,-0.000157054600878226,-0.00275398629748993,-1.39381642827452e-06,0.000654551108265233,-1.33698285155748e-05,1.35751680487295e-05,-1.77046235334127e-06,3.06256134283318e-06,-6.25252454511289e-05,0.0158285177485276,-1.52430252506885e-05,1.7914714110695e-05,-2.26522952611469e-06,-0.000487243212934894,0.138888599304887,4.46169220391461e-06,0.000141719620650408,-2.23849354039889e-05,0.364063834052469,9.37524239176951e-05,-0.000459297708023602,0.000404379839604257,-7.42932811582941e-07,0.00563329887761074,-0.262538585391664,1.96915224076749e-05,-6.01571220912381e-05,-9.76215678570591e-05,-2.79423674935664e-06,0.363684889569055,-2.0462777362831e-06,0.179348854210505,-1.85579383097691e-08,9.09293341212758e-08,-6.4361062365029e-08,-6.5701003391171e-16,2.27851616403998e-06,6.32023181626191e-08,1.16772422768525e-07,4.26372887153414e-15,-0.000165218090978886,-0.707106781186549,-8.7926408382801e-08,-8.76956224270253e-08,1.02036224032419e-15,1.1426968953409e-06,-2.43954135861978e-15,-3.95278346477259e-17,-1.19163107446529e-05,0.0120209944971919,-1.04068712916353e-15,-4.27557792777185e-16,8.77399812022398e-16,5.49708530379279e-16,7.67370514800769e-17,-4.54183231058598e-16,-1.3442917848553e-06,6.92834570138432e-18,4.29155597378439e-07,-2.05398901323316e-17,-0.000108315760939901,7.48335593809223e-17,8.07949460625742e-16,1.52422146760608e-16,-8.71086623470278e-17,-1.69213936546315e-17,2.04820174288713e-16,-1.86962206311172e-16,4.91521514636084e-17,1.18951743315336e-16,-3.88093479817763e-17,1.78025642974325e-16,2.34027291554137e-16,-5.19177953247224e-17,-6.76924576458151e-17,1.08052493881041e-16,-1.31665936427983e-16,-2.09961914136704e-16
"t51",-0.136148412439674,0.00307436290092934,-0.104642472057652,0.00702140496399062,0.00198046842667286,0.143160907292409,0.00113823069743347,0.206421670905634,-0.0142785105083499,0.000133316357286972,-0.101992071188315,-0.000157054600877921,-0.0027539862974899,-1.39381642849656e-06,0.000654551108265213,-1.33698285155123e-05,1.35751680486393e-05,-1.77046235331005e-06,3.06256134278027e-06,-6.25252454511636e-05,0.0158285177485277,-1.52430252503555e-05,1.79147141104452e-05,-2.26522952577468e-06,-0.00048724321293511,0.138888599304888,4.46169220396373e-06,0.000141719620650183,-2.23849354043558e-05,0.36406383405247,9.37524239178434e-05,-0.000459297708023276,0.000404379839604424,-7.42932811790241e-07,0.00563329887761166,-0.262538585391665,1.96915224075778e-05,-6.01571220916891e-05,-9.76215678558934e-05,-2.79423674935837e-06,0.363684889569056,-2.04627773666387e-06,0.179348854210507,-1.85579392033685e-08,9.09293377121534e-08,-6.43610635767469e-08,9.34349141006818e-16,2.27851616573524e-06,6.32023238711604e-08,1.16772425944858e-07,-6.18314743646753e-15,-0.00016521809097295,0.707106781186547,-8.79264074215473e-08,-8.76956206289844e-08,-1.07131364577115e-15,1.14269689768971e-06,2.40863164101622e-15,4.57922294881546e-17,-1.19163107445419e-05,0.0120209944971925,9.92378244978037e-16,-3.32123716072028e-16,-7.37155020846952e-16,-7.67022498654675e-16,-1.67493143797104e-16,3.51781190715301e-16,-1.34429178503051e-06,-9.64804941381547e-17,4.2915559762477e-07,-3.50395369680359e-18,-0.000108315760941547,2.96778446843749e-17,6.36507669677063e-17,-6.30505525118037e-17,-9.83377703559864e-17,1.301141741912e-16,-2.0410222604447e-16,4.49967963717001e-17,1.73715872015977e-16,2.07575323211416e-17,-2.15093396188579e-17,-1.13180621742165e-16,-1.91977299997133e-17,-1.37492995247374e-16,1.04468655204323e-16,2.42027887736366e-17,-5.39958823129974e-17,-2.4124392665762e-16
"t15",-0.136021178750973,0.00305663041625357,-0.10396712563425,0.00697005378312378,0.0019578812538164,0.140885510042756,0.00111710427108912,0.201743363173387,-0.013867264106302,0.000128522759542407,-0.0982467794326048,-0.000151241046320527,-0.00258287176600806,-1.29211013827346e-06,0.000581805046081518,-1.1588970353138e-05,1.17036526732506e-05,-1.50676047715875e-06,2.55381890901588e-06,-5.16360593892633e-05,0.0130375711323086,-1.19899908288257e-05,1.38956936655832e-05,-1.70025221653703e-06,-0.000339815308862122,0.0959584984950259,3.03816575921811e-06,9.64346865467008e-05,-1.39236851915431e-05,0.211963842771487,4.89424456650706e-05,-0.000218080482357823,0.000175382752683528,-2.71311270989708e-07,0.00148016182014135,0.0040020063653223,-1.4340803263721e-06,6.43845653167108e-06,8.90630799125769e-05,5.0314289075145e-06,-0.78620340652605,6.40055039071233e-06,0.464922240537315,7.30542251606032e-07,-1.85167643263762e-05,-8.63229090940481e-07,-9.01245607728989e-16,1.12378012653638e-05,2.05489802338583e-07,3.7104710372824e-07,-7.10570654869702e-16,-0.000514069239672817,-1.04994817906219e-17,-2.20181601574024e-07,-2.02853618829629e-07,4.36344171517239e-16,2.61788401691426e-06,-4.33687593637411e-17,-1.27743561280407e-16,-2.54170442752777e-05,0.0228074311600763,2.45980005404137e-16,-6.12306284667827e-16,7.53262942375772e-17,-2.19512535753323e-17,-6.39824643995856e-17,-2.26989794484431e-16,-2.29808318822841e-06,-2.19292065036999e-17,7.13718713830046e-07,4.2534390517553e-17,-0.000175045275655986,-5.74579250614297e-17,7.12428018733436e-16,1.9310388034135e-16,3.57281834708663e-17,9.4700915879712e-17,-6.0756396593397e-17,-5.90251207290611e-17,-1.17433657078705e-16,8.27032517276832e-17,1.91736133860633e-16,2.70274396804125e-16,1.26923910456374e-16,2.13536239441383e-16,-3.74613613554529e-17,-1.02631352860277e-16,-4.35243988832553e-16,4.66485889263425e-17
"t11",-0.135647898864734,0.00300423130127145,-0.101969423795618,0.00681795685627103,0.00189055844702804,0.134055433586771,0.00105341676965884,0.187545112426822,-0.0126061726139158,0.000113637214905017,-0.08660051270138,-0.000133153734987235,-0.00202355745136919,-9.51551072672641e-07,0.000311552189648567,-4.42664002366436e-06,4.02971288107623e-06,-3.69460003429509e-07,1.42748745053656e-07,2.7787531172753e-06,-0.0011268517927135,1.25990412061516e-05,-2.35724825470851e-05,1.5408397196201e-05,-0.00080424694191208,0.201372883908046,5.42700246651279e-06,0.000171004159945396,-1.12239669987234e-05,0.0805396579502196,-1.15883778753767e-05,0.000169876949086087,-0.000234202795357852,6.91356057796674e-07,-0.00837210092425827,0.902529031046439,-7.85334473791255e-05,0.000261910341354483,-0.00191610982085083,-5.4685106868034e-06,0.192832307287697,4.0643842335597e-06,0.0121567257513882,1.48286218463588e-06,-3.73748100039872e-05,-1.7342148995866e-06,-3.6094384010628e-16,2.2681214930334e-05,4.10643702567111e-07,7.40505232752712e-07,1.50503486125752e-15,-0.00102458251284698,2.10058700524859e-16,-4.29485157611817e-07,-3.90558233125931e-07,-5.26953441103064e-16,5.03084987388464e-06,-2.72931059214327e-16,-9.5075652566596e-17,-4.80313027304557e-05,0.0147761431507232,-1.16846140021365e-16,-4.50267979629607e-16,-4.05101666317283e-17,-4.29383988537746e-17,-3.3735283758705e-17,-1.66935578291063e-16,-4.15290680336189e-06,5.22573723044054e-17,1.2726543645921e-06,-2.1517538173856e-16,-0.000307763322224965,4.56750278746869e-17,4.85552228065064e-16,-3.11353308316948e-16,6.40673267249019e-18,4.01585675157371e-18,-2.27530790261308e-17,-3.1660101837688e-17,1.72579580622033e-16,-9.43213928707051e-17,1.49778896440694e-16,-1.02928387672708e-16,6.86792914386439e-16,4.16095676353669e-17,-9.12378485198736e-19,-4.85751045296999e-17,1.13971177545873e-16,-2.18872478456877e-17
"t3",-0.134629567940641,0.00286066176119545,-0.0964924792395276,0.00640063964143112,0.0017051506247401,0.11516730560414,0.000876855467595182,0.148031234900249,-0.00907597284849691,7.16778302997517e-05,-0.0537473997947975,-8.21162355111316e-05,-0.000404520429635551,4.57415845547815e-08,-0.000515326087362274,1.81047183225036e-05,-2.02593936525775e-05,3.28442924365374e-06,-7.7937946408803e-06,0.000184035527370932,-0.048462807345067,9.98584519091919e-05,-0.000159147722987091,8.03799802110722e-05,-0.00280950790317753,0.665694562196233,1.63133881563723e-05,0.000511442039258212,4.29659231808606e-07,-0.662219651782867,-0.000488457437636253,0.00468758358617739,-0.00895493520550247,-3.57896626125556e-05,0.0524355337687666,-0.189691096133996,-5.84133318100929e-06,5.44323656122441e-05,-0.00218938292083312,-5.74931438310222e-06,0.0181890192259751,7.79291525866178e-06,0.00206919401312826,2.60896399412571e-06,-6.58646630682103e-05,-3.08243584384946e-06,1.24421672289648e-16,4.10473797929287e-05,7.54232448166889e-07,1.36134711868326e-06,-9.35440636575013e-16,-0.00188519402357264,9.02229735530504e-17,-7.96922543028471e-07,-7.26391796284834e-07,7.01727435731887e-17,9.35880756453846e-06,-1.68601595800461e-16,5.72606465649e-17,-8.94142932211656e-05,0.00569024678258365,-6.65752794859842e-18,-1.81374282914145e-16,9.72965611917598e-17,-1.13028185089889e-17,-3.91835925569468e-17,-8.1923653308278e-17,-7.79253603789762e-06,-4.79888450640323e-17,2.38236284430017e-06,-8.86418076589569e-17,-0.000574579112385114,3.97665677081493e-17,6.02161665115111e-17,1.04232255025476e-16,-1.18510102587568e-16,2.56885723801694e-17,6.98030196359639e-17,5.94251734333052e-17,-1.15024716971055e-17,2.20040504307585e-16,-2.33967764057012e-16,-6.67539510941176e-17,-9.88305091594829e-16,1.03645542877021e-17,6.51075944490387e-18,5.83644318574602e-17,-1.90025500612109e-17,-8.02722507766237e-17
"t66",-0.133289785171684,0.00262404531391351,-0.0871686857986167,0.00566060131917184,0.00130397299067751,0.0636504336385979,0.000318856134334614,-0.0119369504459061,0.0133004519981871,-0.000519990318193556,0.471617653361496,0.00077789723099464,-0.0113004384062446,-4.66744781103812e-06,0.00173484239887406,-3.43119444728979e-05,3.4769150975944e-05,-4.54011307104291e-06,8.00521500980873e-06,-0.000166273056309604,0.0423334256647458,-5.03887998479779e-05,6.83498184109732e-05,-2.32135616257886e-05,0.000180414731209324,-0.0255439618328675,4.52572148069118e-08,2.48379471994367e-06,-5.91191348491872e-06,0.0153609484454644,-8.84776063871315e-05,0.00143756089206381,-0.00388313240422589,-2.76056843688246e-05,0.24090356043133,0.00308225226971935,7.72938677451838e-06,-3.41225186059058e-05,0.000139976151005364,-1.73774370303571e-08,1.60707254672383e-05,3.01227134793906e-07,1.10579677543477e-05,2.85874539907981e-07,-7.40530773102321e-06,-3.88977097696627e-07,-9.50641679372404e-17,6.34396224878653e-06,1.36722565522145e-07,2.49344292570491e-07,-6.49593521271909e-16,-0.000348624020161351,1.03288030548687e-15,-1.634615072626e-07,-1.54449448026579e-07,2.25740859016312e-16,1.99788072144727e-06,4.64446302938128e-16,-3.72220154572095e-17,-1.9553675829731e-05,0.000101867343065512,-4.65929755381634e-17,2.55757542731725e-16,-1.19318367327071e-16,1.80819404959958e-16,1.34191051130674e-16,-2.88770959757155e-17,-7.25814191374075e-07,7.35704118827452e-17,-3.02590055047125e-07,-1.18141650880478e-16,0.822080330831347,-2.40032521598042e-15,-5.10151279719539e-15,-3.90379301046071e-16,7.39777816952375e-16,3.83648397065133e-16,2.70910193289572e-16,-3.28517016805532e-17,-5.26457229267566e-16,1.29632141008431e-16,-1.13884211918147e-15,-1.58056763794231e-16,-1.25064585142285e-16,3.53051371672511e-16,1.25898029031711e-18,1.25541887932976e-16,-1.73942176829604e-16,-9.98799983918443e-17
"t83",-0.133318663445374,0.00262752949269568,-0.0872980635949415,0.00567011013299103,0.00130736864550676,0.0638799352944725,0.000320193597410928,-0.0119977325577587,0.0133857735479333,-0.000524113059826767,0.475432336362631,0.000784237153802596,-0.0114498008736937,-4.73885600761614e-06,0.00177331722947552,-3.51992083967301e-05,3.56944076664867e-05,-4.66889834288206e-06,8.25332907167242e-06,-0.000171625079603955,0.0437095247523191,-5.22889264802651e-05,7.10264824547724e-05,-2.41969415076676e-05,0.00018918444762595,-0.0268040092912501,4.75386153556937e-08,2.60913099639189e-06,-6.24528605688325e-06,0.016283587474641,-9.42408787065613e-05,0.00153641343087453,-0.00416153436916956,-2.9708452443402e-05,0.260670075001772,0.00337321796875609,8.47498981430828e-06,-3.74537267409381e-05,0.000156210893126674,-1.95693092910898e-08,1.81413854360652e-05,3.41572795578955e-07,1.27199163464115e-05,3.31687396364772e-07,-8.60345483699732e-06,-4.55115347267228e-07,-9.79815103429523e-17,7.56807372782886e-06,1.67912460521773e-07,3.07067244941991e-07,-2.47467081493983e-16,-0.000430486850191147,-5.72687541254525e-16,-2.1093424971497e-07,-2.05431105421627e-07,-3.16833233862714e-17,2.66978389455372e-06,1.21970452747407e-16,1.85223299877478e-16,-2.73424552281604e-05,0.00016907987566761,-2.29917417797874e-18,-9.63852800630221e-17,1.22582197302833e-16,-1.44114223431328e-16,-3.96745755679765e-16,1.12918381782328e-16,-3.65198748925044e-06,1.21102349380784e-16,1.4131636791731e-06,-2.74851290462144e-17,-0.402497192892544,1.27787189640079e-15,1.86792499174524e-15,2.16420040386358e-16,1.44455109003158e-16,-3.33392513058142e-16,-8.34451247339768e-16,2.14147454114669e-16,4.02248777988032e-17,-8.492034830872e-16,-0.707106781186547,-1.76543555577543e-15,8.77954852079632e-16,-1.73303424981973e-16,3.56346442181354e-16,2.01503971310535e-16,6.8179733656059e-17,1.82825315071634e-16
"t84",-0.133318663445374,0.00262752949269568,-0.0872980635949415,0.00567011013299103,0.00130736864550674,0.0638799352944725,0.000320193597410859,-0.0119977325577587,0.0133857735479334,-0.000524113059826651,0.475432336362631,0.000784237153802527,-0.0114498008736937,-4.73885600758969e-06,0.00177331722947553,-3.51992083968966e-05,3.56944076664728e-05,-4.66889834280053e-06,8.25332907169497e-06,-0.000171625079603853,0.0437095247523192,-5.22889264800708e-05,7.10264824544948e-05,-2.41969415077578e-05,0.000189184447625463,-0.0268040092912498,4.75386152882021e-08,2.6091309963186e-06,-6.24528605700121e-06,0.0162835874746409,-9.4240878706655e-05,0.00153641343087453,-0.00416153436916969,-2.97084524432606e-05,0.260670075001771,0.00337321796875596,8.47498981414521e-06,-3.74537267411879e-05,0.000156210893126674,-1.95693093266516e-08,1.81413854362534e-05,3.41572795513334e-07,1.27199163465615e-05,3.31687396520463e-07,-8.60345483738589e-06,-4.55115347476262e-07,-7.26349683085344e-17,7.56807372774559e-06,1.67912460556034e-07,3.07067245148424e-07,-2.48227413103657e-16,-0.000430486850191009,-6.28865473284852e-16,-2.10934249561881e-07,-2.0543110548733e-07,-2.62175274193974e-16,2.66978389442188e-06,-5.43653058861477e-16,-1.92101008992251e-16,-2.73424552283616e-05,0.000169079875667402,4.09990153916157e-17,-8.48855939653676e-17,-2.35168665437186e-17,4.01996881080112e-17,2.72854550603694e-16,-1.44773188817031e-16,-3.6519874890284e-06,-2.7942386109326e-16,1.41316367907596e-06,8.46873175779129e-18,-0.402497192892542,1.04133902776347e-15,3.82786026667411e-15,9.33892848038709e-17,-9.87471405804702e-16,-6.25525877016109e-17,4.6797799659712e-16,-9.32200719172084e-17,2.30102224404936e-16,9.1435412458843e-16,0.707106781186548,1.95705215819786e-15,-5.47033724260725e-16,7.19302356839191e-17,-3.81815095510651e-16,-1.92538576581415e-16,-1.76956928827143e-16,-2.405282655416e-16
"t12",-0.132756777328786,0.00255909096778759,-0.0847533247954479,0.00548276601772398,0.00123993098467023,0.0592821625082087,0.000293260813207955,-0.010764046351821,0.0116335572666204,-0.000438287781558272,0.395905178762846,0.000651991076221567,-0.00818495421016674,-3.14675992813186e-06,0.000855102407507843,-1.32001162551909e-05,1.25696824491706e-05,-1.38907656578591e-06,1.74998152464856e-06,-2.9459787773703e-05,0.0070253005652993,1.51088043187642e-06,-6.09199805085003e-06,5.27481697876891e-06,-9.59011567975695e-05,0.0145598618835445,-2.84734253150711e-08,-1.56984343961664e-06,5.85984431784176e-06,-0.0191650564289157,0.000146415263259314,-0.00286309981443103,0.00892298324901485,7.83250677031649e-05,-0.895615693866064,-0.0205450803013986,-5.72322084555349e-05,0.000268504679691861,-0.00423739110620459,-9.72100118556106e-06,0.00165196394903644,1.28956265384728e-05,0.000189497201067698,3.82322951662968e-06,-9.6103010382681e-05,-4.40678537505599e-06,2.54317086017719e-16,5.63714091618272e-05,9.98901829014779e-07,1.79838226479438e-06,1.59272742664535e-15,-0.00248446509073162,2.69235589060109e-16,-1.02103199138906e-06,-9.19474768673644e-07,5.02608042970587e-18,1.18282217664439e-05,1.37899809332596e-16,6.90479867896353e-17,-0.000111658424834807,0.000583083012188318,-1.7819913397336e-17,-1.15473804155244e-16,7.08137829332453e-18,-6.38934207086414e-17,-7.10248648203456e-18,1.06645346847805e-16,-9.38122060523128e-06,6.10526262095328e-17,2.86037082858348e-06,1.67640134869577e-17,-0.0132261939716641,8.56236911815118e-17,3.5257288926284e-17,1.27205866184332e-17,-8.94686338477658e-17,-1.85315275819714e-17,4.98690699909221e-17,1.03797693974783e-17,6.21576244091911e-17,-1.81592884864819e-16,-1.99147616395108e-16,2.61010921693367e-17,7.76600113744179e-17,-9.22105008485847e-17,5.94392639424477e-17,-2.54234184081242e-17,-9.78800202546892e-17,-7.69428426441982e-17
"t33",-0.133716275816222,0.00266913995114417,-0.0887585849527948,0.00576741565056089,0.00130229395528799,0.0501949390362189,2.14729921866084e-05,-0.27974060551594,-0.0630813592628216,0.000155280872712885,-0.0959305086021356,-0.000132850409002506,-0.00609676751489332,-2.76342240802512e-06,-0.403613366197538,-3.3184365447414e-05,3.41489336898038e-05,-4.81135924304543e-06,1.09199476415189e-05,-0.000285180680917957,0.0791297118189775,3.30449551176754e-05,-1.87799139587386e-05,-5.61308308083541e-07,0.00161184431183279,-0.00252917124779292,6.93175301840062e-08,2.38983293845627e-06,-1.27239692986059e-06,0.00166763311283591,-1.635205623432e-05,0.000219784211630771,-0.000487519177371193,-2.1854048422084e-06,0.00202859356675256,-0.000299921718603949,-1.78613189317188e-06,8.69746527724924e-06,-0.000140491391223518,-1.91091447367987e-07,1.31092237274687e-05,3.4103504058941e-08,-5.7835952917769e-06,-4.15267641179756e-07,1.1397367158883e-05,7.99909317729733e-07,1.27310781999166e-16,-2.8393781799016e-05,-5.40738512415503e-06,-2.01122564528278e-05,-2.51475294079489e-14,0.836608317973586,-3.71277661738107e-15,-1.23087623053655e-06,-8.38701454969733e-07,9.55313086565705e-16,1.04954139290233e-05,-3.4732444316631e-15,-5.6253141035848e-17,-8.32362267148487e-05,0.000205310845742148,4.97501943492359e-18,3.13037971615266e-16,4.36079040706023e-17,-3.48264420651837e-16,-8.87793898230269e-17,-3.96226506299551e-17,-5.12485050727096e-06,-6.37421102285095e-17,1.52660509565583e-06,-6.49967058640653e-18,-0.00020961107814349,2.14778349073239e-17,-3.90989337734127e-16,1.14827446223962e-17,3.87174638402061e-17,5.90195021139753e-17,4.44972018178546e-17,5.85488568472207e-17,-1.6987691236354e-16,-2.35960355399864e-16,7.89094932371606e-17,-3.29085694888681e-17,6.12499099415351e-17,-4.31312940533047e-17,-5.81543616752498e-17,3.79944560166599e-17,-1.74956850846596e-16,-7.16259316686576e-18
"t81",-0.133850039570494,0.00268563968082245,-0.0893726222586315,0.00581263945920534,0.00131823470030236,0.0510521512229142,2.19015162744752e-05,-0.286564376946993,-0.0650398767129917,0.000161310458323726,-0.0997354786517834,-0.000138162451875676,-0.00650857627392689,-2.98323734449938e-06,-0.452991866843803,-3.80777552460576e-05,3.93671376360261e-05,-5.60794930268282e-06,1.29453407053115e-05,-0.000340751180444465,0.0947496841405431,4.10169465472621e-05,-2.35562744249213e-05,-7.21076394614995e-07,0.00217636756520209,-0.00343565227036627,9.50308008189994e-08,3.27779860328798e-06,-1.8405812765368e-06,0.00249974401794623,-2.5843873728254e-05,0.000361841711296634,-0.000831284161545279,-3.94731052756787e-06,0.00398617216990316,-0.000734319071976384,-4.5713704838234e-06,2.2850515466499e-05,-0.000675029215536027,-1.89265766894261e-06,0.000185408702900847,2.85503144667291e-06,2.94446569530196e-05,1.22035691782355e-06,-3.13248102379038e-05,-1.61149942515346e-06,-2.46570242206019e-17,3.03557659506043e-05,2.8278240991747e-06,9.88475861759749e-06,1.18656495926482e-14,-0.387011408885264,1.44634247144938e-15,1.99389762334159e-07,4.3817687990803e-08,-4.26604836906438e-16,-4.08832028675477e-07,1.455635225556e-15,-1.77277807419521e-16,-4.92862440095582e-06,4.47562761131393e-05,1.84587026577872e-16,-2.24797665548149e-16,-9.41337633155318e-17,-8.6015309845447e-17,3.34017068479794e-16,2.04033072534979e-16,-1.82643481385497e-06,-9.88387539108979e-18,5.99026591510676e-07,3.73580490902488e-16,-9.00496831938713e-05,2.00583603043688e-16,5.79376768724626e-16,-4.42244273013825e-16,-2.77069297202491e-16,1.07475915923463e-15,2.54099142689124e-15,-1.99147977062062e-15,5.40442242552362e-15,-0.707106781186548,6.76403479468902e-16,-9.70554173558016e-16,-2.72706274659822e-16,-6.20445022462199e-16,5.95420467053136e-17,-4.59383425760849e-17,-5.20160802542912e-17,-4.52015165904779e-16
"t82",-0.133850039570494,0.00268563968082244,-0.0893726222586315,0.00581263945920533,0.00131823470030236,0.0510521512229142,2.19015162744495e-05,-0.286564376946993,-0.0650398767129918,0.000161310458323719,-0.0997354786517834,-0.000138162451875704,-0.00650857627392687,-2.9832373444474e-06,-0.452991866843803,-3.80777552460021e-05,3.93671376360261e-05,-5.60794930258568e-06,1.29453407050339e-05,-0.000340751180444188,0.0947496841405431,4.10169465471788e-05,-2.3556274425296e-05,-7.21076394483156e-07,0.00217636756520222,-0.00343565227036614,9.50308008838482e-08,3.27779860329752e-06,-1.84058127655415e-06,0.00249974401794689,-2.5843873728195e-05,0.000361841711296565,-0.000831284161545209,-3.9473105275219e-06,0.00398617216990294,-0.0007343190719767,-4.57137048377743e-06,2.28505154664937e-05,-0.000675029215536194,-1.89265766897991e-06,0.000185408702900614,2.85503144672149e-06,2.94446569525861e-05,1.22035691868072e-06,-3.13248102381813e-05,-1.61149942543666e-06,-6.47079247173186e-17,3.03557659505904e-05,2.8278240989648e-06,9.88475861856547e-06,1.18237097270567e-14,-0.387011408885264,1.73612360550676e-15,1.99389762328521e-07,4.38176880864297e-08,-6.07246743116768e-16,-4.0883202852976e-07,1.58768273738229e-15,2.40209632022941e-16,-4.92862440084132e-06,4.47562761131531e-05,-1.87686755008615e-16,-1.43389799233709e-16,9.73316163546028e-17,3.80027657339389e-16,-2.74078055087677e-16,-9.4519311324174e-17,-1.82643481372313e-06,3.50792497560841e-17,5.99026591257407e-07,-4.40026528434265e-16,-9.00496831941211e-05,-2.4187184798683e-16,1.56415613835205e-16,3.59409989725109e-16,5.57830688620639e-17,-1.0936834066942e-15,-2.62116274180618e-15,1.94815369996227e-15,-4.80643674356536e-15,0.707106781186548,-7.26614597543838e-16,7.34658681925743e-16,4.17785424563501e-16,7.45376770484122e-16,-4.24289302446561e-18,1.0022669866759e-16,-4.05689302975985e-17,2.97810307184443e-16
"t79",-0.133849323035944,0.0026858213391928,-0.0893808887224107,0.00581338947947397,0.00131874840830707,0.0510958929456689,2.19285615820192e-05,-0.287132216389749,-0.065269528135788,0.000162301726661003,-0.100382357973089,-0.000139077201318646,-0.00669963799703434,-3.14133572759009e-06,0.323591508883961,-2.82315593202187e-05,3.01826324220766e-05,-4.49450946859997e-06,1.06781062535338e-05,-0.000282809401937978,0.0787305765159118,3.40687327842482e-05,-1.94452053723926e-05,-5.78111992111108e-07,-0.502441171782799,-0.0051587493803371,1.06556114816728e-07,3.65198783804088e-06,-1.69443190786017e-06,0.00224143236440372,-2.26498742838532e-05,0.000313055019640879,-0.000712359812885782,-3.33586225462288e-06,0.00330885416929444,-0.000586226282966139,-3.62445828580929e-06,1.80463076108472e-05,-0.000497725561344989,-1.33442309581486e-06,0.000129035400670734,1.93654027497853e-06,1.81301482522151e-05,6.98749389018219e-07,-1.77145116602995e-05,-8.47261266682416e-07,1.06209097433094e-16,1.19631632023998e-05,2.8587964788062e-07,6.3616306956657e-07,7.14490051249242e-16,-0.0101581487524986,2.29313201609705e-16,-2.34741258913623e-07,-2.22078582166191e-07,1.70697523489644e-17,2.87323880748813e-06,5.5294255017378e-16,1.44808961952762e-16,-2.83038395838351e-05,9.18370597676188e-05,-1.25176408557291e-16,1.96626392219298e-16,-8.97011245466847e-17,1.13566314570038e-16,-2.69139727685605e-17,4.45288292385176e-16,-2.77206381632533e-06,5.90989085893699e-17,8.62963365245994e-07,-1.78507384333247e-16,-0.000123774082009587,9.74399912444528e-17,-1.88548875226978e-15,-1.85380757750633e-15,-1.76892142894617e-15,-3.19547220211599e-15,-5.57601039729037e-15,-1.10736854357873e-15,-0.707106781186548,-4.89148475471764e-15,1.80940014840544e-17,1.26102985198633e-15,5.22800085645185e-16,5.57833321719475e-16,-7.15787045650463e-17,-3.41892637845831e-17,-3.60766050765722e-16,-1.510793769557e-16
"t80",-0.133849323035944,0.0026858213391928,-0.0893808887224107,0.00581338947947397,0.00131874840830709,0.0510958929456689,2.19285615820319e-05,-0.287132216389749,-0.065269528135788,0.00016230172666103,-0.100382357973089,-0.000139077201318612,-0.00669963799703439,-3.14133572763469e-06,0.323591508883962,-2.82315593201979e-05,3.01826324221321e-05,-4.49450946898855e-06,1.06781062536587e-05,-0.000282809401937922,0.0787305765159119,3.40687327842759e-05,-1.94452053727664e-05,-5.78111992138863e-07,-0.502441171782799,-0.00515874938033713,1.06556114832504e-07,3.65198783809639e-06,-1.69443190810997e-06,0.00224143236440399,-2.26498742838671e-05,0.000313055019640657,-0.000712359812885421,-3.33586225447283e-06,0.00330885416929483,-0.000586226282966271,-3.62445828571908e-06,1.80463076108611e-05,-0.000497725561344781,-1.33442309579318e-06,0.000129035400670307,1.9365402749395e-06,1.81301482521569e-05,6.98749389692159e-07,-1.7714511660355e-05,-8.47261266748254e-07,-1.72910692879291e-16,1.19631632019698e-05,2.85879647646866e-07,6.36163070034078e-07,1.09190157871927e-15,-0.0101581487524982,-2.6620498973426e-16,-2.34741258686375e-07,-2.22078582175732e-07,4.52565228825475e-17,2.87323880743956e-06,-7.63180424011118e-16,-1.12193813627381e-16,-2.83038395839513e-05,9.18370597676188e-05,2.29719944565156e-16,7.33203533909818e-17,-6.781847026684e-17,-7.04170529203053e-17,6.84116502627731e-17,-1.22110827925186e-16,-2.77206381676942e-06,-1.24849361105669e-16,8.62963366599079e-07,9.02921533765043e-17,-0.000123774082008615,-4.62082811517542e-17,1.81105535570383e-15,1.76784530349443e-15,1.748075645486e-15,2.96557174787339e-15,5.56156949134432e-15,1.13559315408434e-15,0.707106781186547,5.11950670463369e-15,-2.65486107930738e-16,-9.01164561635788e-16,-5.86193934600343e-16,-4.73787063095358e-16,5.20492220879356e-17,-5.39778657640589e-17,4.15083566555353e-16,6.73274528846434e-17
"t85",-0.133862169021194,0.00268743860596125,-0.0894412522519961,0.00581785169362596,0.00132034947800663,0.0511837210318298,2.19729989037991e-05,-0.287853299400123,-0.06548258533898,0.000162981201622476,-0.100812804278388,-0.000139679039648046,-0.00675348747852815,-3.17241698640712e-06,0.329464688363309,-2.89279320816911e-05,3.09756497593738e-05,-4.63158202218539e-06,1.10886304082736e-05,-0.00029494889156792,0.0822131002255326,3.66931077854793e-05,-2.12537167089133e-05,-6.68776112378033e-07,0.4975255499197,-0.000799226067296738,5.74340591720989e-08,2.00362815429636e-06,-1.45027824176346e-06,0.00200297831643684,-2.08145295616941e-05,0.000290972540230298,-0.000666474728182459,-3.14396558417137e-06,0.0031393178916756,-0.000560884083906463,-3.47117944908548e-06,1.72920483735295e-05,-0.000479693606727796,-1.28868599274558e-06,0.000124669394941133,1.87246636547921e-06,1.75647496642459e-05,6.77577716029238e-07,-1.71799552926843e-05,-8.22207390737111e-07,2.13716327366061e-17,1.16252414196216e-05,2.78197589456339e-07,6.19134603502269e-07,-1.48079058589801e-16,-0.00988724465505769,3.37413904284048e-16,-2.28775213972562e-07,-2.1656582600832e-07,-2.88160368150552e-16,2.80213942468457e-06,5.58764824254142e-17,-4.70857780416186e-17,-2.76211854640905e-05,8.97363700465836e-05,-1.22849798700634e-16,-3.55402415257913e-16,-8.02686346905246e-17,-1.96527411703508e-16,-2.27986505579199e-16,6.69492594510823e-20,-2.71256726364077e-06,1.21305579578394e-16,8.44816506820334e-07,4.38078633370092e-17,-0.000121231310058006,-3.26549717151221e-16,4.25728366470588e-16,2.40916309669702e-16,1.22919475731911e-16,1.4912343237945e-16,6.58300677018349e-17,-6.15810336037212e-17,1.03110859241523e-15,-1.27598885481065e-15,-1.82179615196055e-15,0.707106781186548,5.29591228885251e-15,8.08725083439163e-17,1.03450248166237e-15,-2.50140411473205e-16,-2.70120799440362e-16,-4.83953615252919e-16
"t86",-0.133862169021194,0.00268743860596126,-0.0894412522519961,0.00581785169362596,0.00132034947800663,0.0511837210318298,2.19729989038295e-05,-0.287853299400123,-0.06548258533898,0.000162981201622485,-0.100812804278388,-0.000139679039648044,-0.00675348747852812,-3.17241698634128e-06,0.329464688363309,-2.89279320816963e-05,3.09756497593183e-05,-4.63158202235192e-06,1.10886304083568e-05,-0.000294948891567948,0.0822131002255327,3.66931077853544e-05,-2.12537167090798e-05,-6.68776112253133e-07,0.4975255499197,-0.000799226067296835,5.74340591895546e-08,2.00362815436922e-06,-1.45027824183935e-06,0.00200297831643664,-2.08145295617912e-05,0.000290972540230153,-0.000666474728182431,-3.14396558403346e-06,0.00313931789167549,-0.000560884083906532,-3.4711794491965e-06,1.72920483735434e-05,-0.000479693606727755,-1.2886859927343e-06,0.000124669394941108,1.8724663654289e-06,1.75647496646037e-05,6.77577715956813e-07,-1.71799552924068e-05,-8.22207390914053e-07,1.32101020350228e-16,1.16252414197882e-05,2.78197589888285e-07,6.19134603399921e-07,-5.49912727940344e-16,-0.00988724465505764,1.82880814464671e-16,-2.28775213962154e-07,-2.16565825849648e-07,2.26570168510612e-16,2.80213942482205e-06,1.08849489448267e-16,3.69750393673282e-17,-2.76211854639552e-05,8.97363700467671e-05,4.26760784549032e-18,5.12056080666844e-17,7.7787965445818e-17,1.88966593358724e-16,1.69712511630308e-16,-3.10789408836672e-16,-2.71256726297464e-06,-1.05466752791895e-16,8.44816506570534e-07,-9.18619941865198e-17,-0.000121231310058256,2.92095994741434e-16,-7.60110405862783e-17,-1.38901284685262e-16,-2.94897708750894e-16,-4.26895494243358e-17,-1.53624795805212e-16,2.28599130784526e-16,-1.38812759619277e-15,1.32452471368365e-15,1.89959971846414e-15,-0.707106781186548,-5.09323266012765e-15,7.75652509077638e-17,-1.02787619799929e-15,4.6426799012497e-16,1.55405035284306e-17,2.79098531194168e-16
"t13",-0.131327994318459,0.00236739592245871,-0.0774904684487011,0.0049339209856049,0.00100232203196305,0.033684492303588,1.31026973575839e-05,-0.143497424467645,-0.0226404427154456,2.56246404615161e-05,-0.0137477562750612,-1.79201311059565e-05,0.00434596317277891,3.27524379060301e-06,-0.0126066287639913,0.0001534846419971,-0.000176995882970522,3.20704896425994e-05,-0.000106022450019436,0.00331637826220221,-0.967190666080891,-0.00115080705828102,0.00106117869178587,-0.000216353962274263,0.00366525434564299,-0.0759968017840711,1.87807782210409e-06,6.44589466601286e-05,-2.41731069751151e-05,0.0280167254257941,-0.000246244746881022,0.00314905235743253,-0.0067954169392659,-2.97231601343439e-05,0.0274308737820979,-0.00435515316614517,-2.6539440108081e-05,0.000131116610274595,-0.00328424705576333,-8.473496864724e-06,0.00081198376651811,1.19944730392939e-05,0.000107549927324908,4.05412575511322e-06,-0.000102446871708933,-4.81882743325404e-06,4.20255671607843e-18,6.503330308745e-05,1.2545091347977e-06,2.36211235899071e-06,2.48799075875918e-16,-0.0107569632158928,-3.20592085095839e-17,-1.27783657375303e-06,-1.17349749832914e-06,-2.00629555637279e-16,1.51325027161198e-05,1.48315161784402e-16,1.40175336727664e-17,-0.000145507272308717,0.000452366940639326,2.12448002220985e-17,-1.22854786609087e-17,5.80962370802181e-17,6.14428171964222e-17,-1.67302220533384e-17,3.79723681200653e-17,-1.30280994052046e-05,-3.36043795610734e-17,3.99682311530425e-06,-7.24061596477411e-17,-0.000563860870926677,1.52169751343525e-18,9.71393560390596e-16,-2.57923821601705e-17,-3.12301009312758e-17,-8.03759768392141e-17,-2.55591466974059e-17,5.58358996657475e-17,1.13808445531279e-16,2.05199025638301e-17,7.3972468016191e-17,3.33269906204957e-17,7.18257542064219e-17,4.34861053746097e-17,2.82845588534827e-17,-1.76426660762243e-17,-1.09247307088533e-16,-3.43099711489408e-17
"t42",-0.125029511645874,0.00118223066841178,-0.0301709243951482,0.0011085363891979,-0.00135005280664341,-0.368978624272239,-0.00664161693756066,0.0856535195306362,-0.167252268172269,0.000132042590645464,-0.0100158039256758,4.45611778192578e-05,-0.0161846619302427,-6.81793020399925e-06,0.000367433031481842,-4.13054288706718e-05,4.04222537301064e-05,-4.71911264636471e-06,5.59251690646686e-06,-5.97727692372846e-05,0.00917473187316435,-0.000111453579854585,0.000124600653196989,-3.26628551215388e-05,2.16958279152454e-05,-0.00217397468210518,6.86430432854845e-07,2.26241627650555e-05,-3.96522847520423e-06,0.000263313290165136,0.000137385465970134,-0.467207651654624,-0.0137433416935042,-3.49497376241803e-05,0.00465814858907794,-0.000832803205345749,-3.48988585016645e-05,0.00017653363120651,-0.286176158753104,7.04765354031089e-06,-7.11760368085415e-05,-2.82215400479978e-06,2.31083053616301e-06,8.88579391226588e-07,-2.35192895182562e-05,-1.32588635317303e-06,-5.49777931564774e-17,2.28046477126972e-05,4.88496141002725e-07,8.77933202479957e-07,-8.60422844084496e-16,-0.000216559749629516,8.50014503228635e-17,-5.93694042527889e-07,-5.63552409690122e-07,5.11309744544164e-16,7.29785681671639e-06,5.82867087928207e-16,-1.45502467789333e-15,-7.24850956147355e-05,4.21531629892849e-05,4.45321706281451e-14,0.707106781186548,6.64564805304399e-15,-6.31152664082292e-16,6.75213689017624e-16,-1.77848910109547e-16,-7.27599433548304e-06,7.33125768267796e-16,2.26848371393321e-06,8.68265756335836e-17,-5.87640665496991e-05,1.19636568016467e-16,1.56819002228303e-15,3.16233647824214e-16,1.46024203862068e-17,-8.89187736677363e-17,-1.1657939029751e-17,-2.72816834982743e-17,-9.0205620750794e-17,-5.55111512312578e-17,7.45931094670027e-17,1.35308431126191e-16,-1.21430643318376e-16,-1.0203708773551e-16,1.09236424058602e-16,4.24790886305115e-17,4.45508947388817e-17,-6.84536123375114e-16
"t43",-0.125029511645874,0.00118223066841181,-0.0301709243951483,0.00110853638919788,-0.00135005280664342,-0.368978624272239,-0.00664161693756066,0.0856535195306364,-0.167252268172269,0.000132042590645445,-0.0100158039256758,4.456117781922e-05,-0.0161846619302427,-6.81793020400339e-06,0.000367433031481865,-4.13054288707112e-05,4.04222537301333e-05,-4.71911264636471e-06,5.59251690647401e-06,-5.97727692364797e-05,0.00917473187316433,-0.000111453579854606,0.00012460065319719,-3.26628551215805e-05,2.16958279149401e-05,-0.0021739746821053,6.86430432875987e-07,2.26241627650486e-05,-3.96522847517593e-06,0.000263313290164997,0.000137385465970075,-0.467207651654624,-0.013743341693504,-3.49497376242704e-05,0.00465814858907812,-0.000832803205345969,-3.48988585013458e-05,0.000176533631206396,-0.286176158753104,7.04765354057153e-06,-7.11760368085831e-05,-2.82215400475316e-06,2.31083053627837e-06,8.88579391285704e-07,-2.35192895180827e-05,-1.32588635395528e-06,3.73801524762097e-17,2.28046477132871e-05,4.88496140699473e-07,8.77933202760115e-07,-7.07767178198537e-16,-0.000216559749628691,7.51135265097957e-16,-5.9369404278311e-07,-5.63552409640357e-07,-2.88397777881144e-16,7.29785681660797e-06,-9.71445146547012e-17,1.25656344319411e-15,-7.24850956155968e-05,4.21531629485952e-05,-4.48140564461269e-14,-0.707106781186547,-6.61035207481049e-15,6.6163701725189e-16,-7.57069489817644e-16,6.92096404518503e-17,-7.27599433498344e-06,-7.5071726515806e-16,2.26848371413443e-06,-2.40063276262079e-17,-5.87640665492412e-05,2.95411522836354e-17,-2.35922392732846e-16,-2.94964563885683e-16,-1.27313740510162e-16,4.79971477922242e-17,-1.95644062069662e-16,4.67866004015254e-17,-1.17961196366423e-16,-3.12250225675825e-16,-1.73472347597681e-16,-3.48679418671338e-16,1.66533453693773e-16,1.72136850101264e-16,-1.02268265100963e-16,2.71499523282359e-17,8.69290223759514e-17,-4.85244305242575e-16
"t99",-0.125132291668455,0.00118829709206684,-0.030344434424211,0.00111577531589459,-0.00136393498099509,-0.374323268677037,-0.00675468861622322,0.0874519998550547,-0.171783295152712,0.000136589262764826,-0.0103687011351712,4.61450338863211e-05,-0.017216013575894,-7.34361072437567e-06,0.000415730387355568,-4.82944839870227e-05,4.76139111411098e-05,-5.66182281867833e-06,6.91923626231828e-06,-7.51041653978685e-05,0.011577552225854,-0.00015279981575167,0.000175759511001992,-4.96287530589792e-05,4.10173939566563e-05,-0.00425738896283432,1.4257377406026e-06,4.71337092619924e-05,-1.46236164660871e-05,0.00335659977373973,-0.000395296264321467,0.522596535532168,0.00809665484218367,6.35840124902276e-06,0.000403785894246791,-0.000283674070157278,-1.27621039296842e-05,6.68264232423516e-05,-0.145752809105123,3.87515343077511e-06,-3.97606644472956e-05,-1.61799386217581e-06,1.40766262091575e-06,5.55524829871359e-07,-1.47554855397247e-05,-8.45990770014828e-07,7.93261503003276e-18,1.50681877874332e-05,3.33859983954097e-07,6.01497107131314e-07,-5.72458747072346e-17,-0.000148716135750793,-9.71445146547012e-17,-4.19472871946878e-07,-4.03322141294762e-07,-2.16840434497101e-16,5.2316250838888e-06,6.24500451351651e-17,1.58779888300563e-16,-5.26501743555131e-05,3.1393113096783e-05,-1.30915258944319e-18,1.07668314306661e-17,2.07513509277315e-16,-6.0566623801267e-17,5.57140781299535e-17,2.95165888303855e-17,-5.56513275064979e-06,-2.81316240090195e-17,1.7487944098879e-06,-7.6100129621976e-17,-4.56937394913513e-05,-7.04913766356375e-17,-6.93889390390723e-17,-4.43904757178964e-17,1.16952099119776e-16,-6.53712912244055e-17,1.21017906400322e-16,-9.449671302565e-17,1.94289029309402e-16,-2.56739074444567e-16,4.64905891561784e-16,5.27355936696949e-16,3.20923843055709e-16,3.3016396215512e-16,-1.33188435609537e-16,-5.97351511255347e-17,-8.42234362181176e-16,0.707106781186549
"t100",-0.125132291668455,0.0011882970920668,-0.030344434424211,0.00111577531589457,-0.00136393498099509,-0.374323268677037,-0.00675468861622323,0.0874519998550547,-0.171783295152712,0.00013658926276483,-0.0103687011351712,4.61450338863261e-05,-0.0172160135758941,-7.34361072438797e-06,0.000415730387355537,-4.82944839869507e-05,4.76139111412078e-05,-5.66182281862282e-06,6.91923626221637e-06,-7.51041653980905e-05,0.011577552225854,-0.000152799815751711,0.000175759511001877,-4.96287530593748e-05,4.10173939562331e-05,-0.00425738896283438,1.42573774052424e-06,4.71337092617929e-05,-1.46236164660666e-05,0.00335659977373973,-0.000395296264321712,0.522596535532169,0.00809665484218388,6.35840124925641e-06,0.000403785894246739,-0.000283674070157002,-1.27621039298633e-05,6.68264232419769e-05,-0.145752809105123,3.87515343084211e-06,-3.9760664447247e-05,-1.61799386224964e-06,1.40766262081687e-06,5.55524829735265e-07,-1.47554855395096e-05,-8.4599077014748e-07,1.52782608633124e-16,1.5068187787428e-05,3.33859984014053e-07,6.01497107181729e-07,-5.03069808033274e-17,-0.000148716135750633,1.91686944095437e-16,-4.19472871664335e-07,-4.03322140957846e-07,-2.81025203108243e-16,5.23162508391656e-06,1.73472347597681e-16,1.57435889111818e-16,-5.26501743556018e-05,3.1393113096613e-05,2.28686676226225e-16,-1.67583067801131e-16,-2.79035508022033e-16,-4.70866156984194e-17,5.40098926671067e-18,5.13765108052032e-17,-5.56513275058734e-06,-1.73822221925646e-17,1.74879440999545e-06,2.54350360696039e-17,-4.56937394914224e-05,3.68404937876604e-17,-1.38777878078145e-16,-4.73928022949727e-17,-2.09441604005854e-16,5.25833875387484e-17,-4.05424673972773e-17,1.25430079778069e-16,-7.97972798949331e-17,3.40005801291454e-16,-3.10515502199848e-16,-4.75314232417645e-16,1.21430643318376e-16,-2.71817989041223e-16,1.07643583066028e-16,1.66842375809436e-16,3.16156562261787e-16,-0.707106781186547
"t14",-0.124845232683705,0.00117146309199554,-0.0298633970576836,0.00109572939390935,-0.00132570461807765,-0.35969421123912,-0.00644632333698624,0.0825748833321617,-0.159600404414874,0.000124486625068725,-0.00943035184591933,4.19353382470938e-05,-0.0145727740487043,-6.01802269786008e-06,0.000301012458296214,-3.22912565139362e-05,3.12773183063983e-05,-3.56113301866468e-06,4.05217748552958e-06,-4.24582507844024e-05,0.00648165014056376,-7.12025044750444e-05,7.70357758841725e-05,-1.86023197850729e-05,9.87653076874734e-06,-0.000955557534850051,2.84519294222233e-07,9.34910252614867e-06,-7.9986594780652e-07,-0.00013131909666873,6.6503803809256e-05,-0.129219469923648,-0.0022624844309208,-3.0405157010248e-07,-0.000962172657631093,0.000662451314060047,3.22080735221863e-05,-0.000176484310057821,0.890867271067604,-4.49985034418304e-05,0.000578049410734124,4.11375967726112e-05,4.06409770137696e-05,8.0930758788406e-06,-0.000201184076184188,-8.77928937545724e-06,-7.02088357833754e-17,0.000103156467393695,1.69625065617564e-06,2.99805531898468e-06,2.34708086299662e-15,-0.000728165868145059,-7.68482499857726e-16,-1.68110064338773e-06,-1.49029621935139e-06,1.90819582357449e-17,1.9135249552292e-05,-6.38378239159465e-16,-2.27674275655655e-17,-0.000178159903779168,9.26464620269983e-05,2.65540386605983e-17,1.39002619995872e-16,-2.9196459415827e-17,9.79286310699716e-17,-1.42151120809454e-17,6.92422020810252e-17,-1.43808132928372e-05,3.56796048781793e-17,4.35469507440583e-06,-9.69309952691897e-17,-0.000109374057718851,-1.0689425984549e-16,-1.80411241501588e-16,2.78295109078105e-17,-4.82741992629124e-17,2.75425401402831e-18,-1.73875063811808e-17,1.12821272874891e-16,-6.24500451351651e-17,1.90819582357449e-16,-4.5102810375397e-17,1.90819582357449e-17,2.46330733588707e-16,7.35365419265062e-17,2.56580219061499e-17,-3.44608189481668e-20,5.32732773369582e-17,-1.13343643249069e-16
"t59",0.0819268024954171,-0.00908063620742571,0.00367097185765242,0.0455725300421501,-0.2785733741786,0.00520434436140571,-0.0957443390111481,8.61690300209752e-05,-0.000574851809742411,-0.066143088898565,0.00052411850141593,-0.464730029285256,-0.0028710267268087,-0.00102177100056324,5.31452672762932e-06,-0.00152291260506519,0.00145952612835031,-0.000161720728709888,0.00134170778177316,-5.04579727608756e-06,0.000163530556077195,-0.00416981603210173,0.00457774035651972,-0.00118255170705603,4.44797524675258e-07,-4.59780371303052e-05,2.96902834817109e-05,0.000976508200152965,-0.00022604553271637,2.49566964654431e-05,-0.00259755089863993,1.88160649043909e-05,-5.46702941552398e-05,-0.000328089187846759,2.98274302379742e-05,-5.53282323249578e-06,-0.00229178580141361,0.000866157115822072,-2.53635672728212e-05,-0.000107125082002319,1.02445238096133e-06,0.000149504728533227,1.38566546884714e-07,4.83941239380198e-05,-6.08370121623746e-06,-5.66404355650826e-05,-6.61719262329741e-17,0.000402935096762099,1.25181069969526e-05,1.21064552607663e-05,5.53376788836601e-16,-3.54604402933757e-06,3.25260651745651e-18,-1.15894835633189e-05,-9.31314685736058e-06,-1.60895602396849e-16,0.000117371150722136,-3.36536354339501e-16,1.5491430793679e-16,-4.37668582873901e-06,-1.53511799069403e-07,3.7046002628447e-17,3.34024329284539e-16,-1.83884323202265e-16,3.08623390699399e-16,-1.77520498300641e-16,-4.3945885938883e-15,0.820236515323148,8.06865944898038e-17,0.000174235512348308,-4.38702107530399e-18,-3.32428924311543e-06,-1.17663254440403e-16,5.89805981832114e-16,1.88126395169301e-16,-9.64717852573306e-17,2.92704947762212e-17,-1.8057850824002e-16,-1.42178435537388e-16,2.74086309204336e-16,8.06646416329215e-17,-2.61943244872498e-16,4.33680868994202e-16,-1.94289029309402e-16,-1.82940741988877e-16,5.84377212216133e-17,7.11034502571703e-17,1.25044111732685e-15,-3.20437018576433e-17
"t97",0.0819658612060366,-0.00910721863371859,0.00368298749378918,0.0457414107315304,-0.280176254460547,0.00524587893393814,-0.0966341598891624,8.71427010889815e-05,-0.000583053923262193,-0.067312584078876,0.000533575259458119,-0.473179967700175,-0.00295644158430716,-0.00105708667526685,5.58407708541549e-06,-0.00161357171253519,0.00154906224227994,-0.000172329381553982,0.00143833546369671,-5.42400910451268e-06,0.000175916416117894,-0.00453970042580024,0.00500057492910285,-0.00130141176508639,4.9669881329456e-07,-5.14298256688514e-05,3.32952561924916e-05,0.00109520894584927,-0.000257097893037049,2.86341744701671e-05,-0.00301673063545944,2.2044219181656e-05,-6.45058246544657e-05,-0.000391355887720581,3.60961881725047e-05,-6.904600372914e-06,-0.0028748885771391,0.0010897243667593,-3.34483430737293e-05,-0.000145089156796706,1.39754430667632e-06,0.000206748246570818,2.00362139936641e-07,7.1951328977017e-05,-9.08457253093534e-06,-8.65896235681621e-05,-1.61508508519847e-17,0.000659003259893369,2.28608223598081e-05,2.23549596960796e-05,-3.92047505570758e-16,-6.62009353923076e-06,-3.46944695195361e-18,-2.63934455783197e-05,-2.49717704358813e-05,1.58293517182884e-16,0.000323544926725629,3.33066907387547e-16,-3.27109132813533e-17,-1.65745293250214e-05,1.48857813232067e-06,-2.29682997014537e-16,-5.05123751503195e-17,9.82742413240227e-17,-4.684222584417e-17,9.63966105842363e-17,2.66870256927283e-15,-0.404476811131809,-6.416589623919e-17,-2.77351441551228e-05,-1.53434819812596e-16,-2.68013652479637e-07,1.67706785088942e-16,-4.9960036108132e-16,-6.26717454199071e-17,-1.38576122891116e-16,4.44214165572798e-17,9.14301632288305e-17,1.9159099847324e-16,-9.81853487402873e-16,1.66533453693773e-16,2.16840434497101e-16,-3.20923843055709e-16,1.2490009027033e-16,1.03217445877423e-15,-8.72006523537781e-17,-5.15873624341009e-16,0.707106781186547,6.01382102905614e-16
"t98",0.0819658612060366,-0.00910721863371859,0.00368298749378918,0.0457414107315304,-0.280176254460548,0.00524587893393813,-0.0966341598891623,8.71427010889869e-05,-0.000583053923262197,-0.067312584078876,0.000533575259458087,-0.473179967700175,-0.00295644158430717,-0.00105708667526692,5.58407708548244e-06,-0.0016135717125352,0.00154906224227993,-0.000172329381553871,0.00143833546369671,-5.42400910451268e-06,0.000175916416117933,-0.00453970042580026,0.00500057492910291,-0.00130141176508636,4.96698813350072e-07,-5.14298256688323e-05,3.32952561924625e-05,0.00109520894584939,-0.000257097893037101,2.86341744699971e-05,-0.00301673063545937,2.20442191815476e-05,-6.45058246545281e-05,-0.000391355887720607,3.60961881725082e-05,-6.90460037294435e-06,-0.00287488857713895,0.00108972436675948,-3.34483430735714e-05,-0.000145089156796732,1.39754430676653e-06,0.000206748246570815,2.00362139801333e-07,7.1951328977374e-05,-9.08457253073411e-06,-8.65896235685048e-05,-5.65842434358961e-17,0.00065900325989326,2.28608223596008e-05,2.23549596963372e-05,-9.36750677027476e-17,-6.62009353928628e-06,-2.50667542278649e-16,-2.63934455781928e-05,-2.49717704358588e-05,7.37257477290143e-18,0.000323544926725832,-1.04083408558608e-16,-1.14349836345593e-16,-1.65745293250674e-05,1.48857813197373e-06,1.56677379955922e-16,-1.93602498948286e-16,8.91880721228201e-17,-2.54386583411879e-16,7.66337584390966e-17,1.73029964822247e-15,-0.404476811131807,-4.86877980188555e-17,-2.77351441545608e-05,6.89124551861184e-17,-2.68013652635762e-07,-1.03659871325299e-16,3.46944695195361e-16,-9.1735887047323e-17,6.02967271259372e-17,-1.03649304409035e-16,1.65757036748083e-17,1.12667438338392e-17,1.80411241501588e-16,-2.39391839684799e-16,-1.92554305833426e-16,7.80625564189563e-17,4.02455846426619e-16,-6.57806858665567e-16,4.82064859251578e-17,5.25580384108983e-16,-0.707106781186549,-7.37540331286611e-16
"t34",0.0825174882610483,-0.00955596071853474,0.00389155902485265,0.0487803035799753,-0.315056737803113,0.00641481478955853,-0.126894279668506,0.000135648634292684,-0.00188061379518801,0.0571496317611614,-0.000321719057269984,0.249313118891678,-0.00162171926168103,-0.000642357979500629,3.78216841877259e-06,-0.00108257694570593,0.00102646371813291,-0.000106037682661327,-0.389034174956895,-5.85404621743224e-06,0.00017868118076088,-0.00384415863152078,0.00421208931895859,-0.00109493272711589,4.24352750310469e-07,-4.40542449859252e-05,2.86405524412141e-05,0.00094229575400034,-0.000227651111770013,2.59446947964651e-05,-0.00284563409458305,2.15745934327009e-05,-6.54843617261189e-05,-0.000427246249676153,4.56832087835889e-05,-3.30981306887086e-05,-0.383797660136163,-0.00806665707822481,-6.37287779815636e-06,-4.96280484530386e-05,5.11506211081647e-07,8.29351897700231e-05,9.34437891716988e-08,3.51147909941052e-05,-4.45766937631677e-06,-4.35137005942089e-05,-0.707106781186547,0.000343916775110813,1.21695332097958e-05,1.19079318518922e-05,-9.26342336171615e-16,-3.52808369296145e-06,1.20519913493489e-15,-1.39796616418768e-05,-1.30467060822579e-05,-2.42536025985007e-16,0.000168609633718914,3.78169717762944e-16,-4.19892856646068e-17,-8.39080096554654e-06,6.48309138441203e-07,-1.95287765399008e-16,-5.65733735530566e-17,5.16309860344082e-17,1.83713564535376e-17,-4.32518849374462e-17,1.13534645806054e-16,-0.00110557389720589,2.30433908424526e-16,2.72460705507578e-05,-1.88522264778488e-16,-9.02574819668968e-07,-3.34693021582172e-17,-1.28369537222284e-16,-3.75866404477871e-17,-9.71018540778843e-17,4.25336435347757e-17,-8.66484013692908e-17,2.14799025527539e-16,-1.38777878078145e-17,1.61329283265843e-16,-4.98732999343332e-17,1.76941794549634e-16,6.50521303491303e-17,-1.19573430523267e-16,4.0056635326219e-16,2.0660828571397e-17,-1.72657648372057e-16,-6.96235646510023e-17
"t20",0.0825174882610483,-0.00955596071853473,0.00389155902485264,0.0487803035799752,-0.315056737803112,0.00641481478955855,-0.126894279668506,0.000135648634292686,-0.00188061379518799,0.0571496317611613,-0.000321719057269896,0.249313118891677,-0.00162171926168101,-0.000642357979500612,3.78216841874087e-06,-0.00108257694570592,0.00102646371813284,-0.00010603768266141,-0.389034174956894,-5.85404621741836e-06,0.000178681180760867,-0.00384415863152084,0.00421208931895855,-0.00109493272711591,4.24352750213325e-07,-4.40542449858293e-05,2.86405524411683e-05,0.000942295754000328,-0.000227651111770221,2.59446947966993e-05,-0.00284563409458281,2.15745934328184e-05,-6.54843617265005e-05,-0.000427246249676183,4.56832087838907e-05,-3.3098130688206e-05,-0.383797660136161,-0.00806665707822437,-6.3728777980037e-06,-4.96280484524454e-05,5.11506209988771e-07,8.29351897686241e-05,9.34437907028091e-08,3.51147909908513e-05,-4.45766937412148e-06,-4.351370059815e-05,0.707106781186548,0.000343916775103655,1.21695332094405e-05,1.19079318513249e-05,-2.21177243187043e-16,-3.5280836930638e-06,-1.25160298791727e-15,-1.39796616419767e-05,-1.3046706082197e-05,-3.03576608295941e-18,0.000168609633716596,-7.70217223333702e-16,-7.27119415543378e-18,-8.39080096508684e-06,6.48309138682329e-07,1.10583201393528e-16,-3.44055775731038e-17,-8.40194698203202e-17,-4.40014934438436e-17,3.4820481655255e-18,1.04860887508192e-16,-0.00110557389720593,-2.01976015871139e-16,2.72460705507318e-05,1.75739883252085e-16,-9.02574819632539e-07,7.85053766489337e-17,2.0122792321331e-16,-6.6816824871005e-17,1.91856421328884e-17,-8.77291373794685e-17,3.89037633847063e-18,-1.03720929706119e-16,4.5102810375397e-17,3.64291929955129e-17,1.33573707650214e-16,1.78676518025611e-16,4.16333634234434e-17,3.77466003008715e-16,-4.28414107468477e-16,2.03548553500361e-17,6.88054777543596e-17,5.64726398051003e-17
"t10",0.0824438581855726,-0.00950317103600124,0.00386749362649097,0.0484382763450403,-0.311602823614226,0.00631652716727291,-0.124619885061313,0.000132671987120813,-0.00182796071376667,0.0551427691478073,-0.000310175525922663,0.24029403612503,-0.00152160386932283,-0.000595449575379687,3.35050310803947e-06,-0.000932223647619416,0.000878432765301982,-8.93875963964147e-05,-0.320073418939469,-4.75987032970415e-06,0.000144815900869771,-0.00293827629573091,0.0031602110048971,-0.000785184644551986,2.72631261306194e-07,-2.7880857900532e-05,1.77011229201151e-05,0.000581695867108631,-0.000119568533369397,1.18624515765501e-05,-0.000981889862940246,5.35183797409355e-06,-1.02350413992477e-05,6.13888081053599e-06,-1.46685002258579e-05,5.65787880098881e-05,0.838629593421852,0.0203413731808731,-6.40570262699031e-05,-0.000227319674335518,2.1103961207157e-06,0.000294675461074993,2.51993655473164e-07,8.60072197057375e-05,-1.07856656218243e-05,-9.94966673564079e-05,-7.98321670477961e-16,0.000706978263551527,2.28291955128313e-05,2.21983657371198e-05,7.84095011141517e-16,-6.53830631703461e-06,2.26381413614973e-16,-2.4180797544293e-05,-2.19155891707092e-05,2.57389595748059e-16,0.000282174392648494,1.31838984174237e-16,6.61091418971053e-17,-1.36437987090542e-05,1.00076968550036e-06,2.03412215011869e-16,1.28319839830677e-16,1.1821099917666e-17,2.42749123357611e-17,2.01343663220352e-17,-7.46607933078123e-17,-0.00162033015365024,-4.84777245650369e-17,3.93499821862587e-05,-3.95482487425841e-17,-1.28317831325601e-06,-1.83765175374397e-18,5.759281940243e-16,-1.29769454205342e-16,-4.25396560707463e-17,-3.94379102068528e-17,5.12928698125599e-17,-3.40839062909204e-17,-6.24500451351651e-17,5.03069808033274e-17,2.05998412772246e-16,-2.86229373536173e-17,5.20417042793042e-17,-6.82140773581045e-17,5.20174399431453e-17,2.4274239463849e-17,-1.22204044133383e-16,-8.14100094509038e-17
"t89",0.0825187304142413,-0.00955727568071885,0.00389218690812365,0.0487897386554833,-0.31517739541319,0.00641908695237732,-0.127005238197061,0.000135819393860677,-0.00188436176196917,0.0573281885153447,-0.000322769452211887,0.250140887318256,-0.00163929835137251,-0.000652968487751717,4.02956597115252e-06,-0.00125996729863164,0.00124033606756611,-0.00015237776751427,0.545366933684452,-1.45729774300718e-06,6.32842920649888e-05,-0.0028624963321623,0.00322931122845922,-0.000867464638182699,3.41220921368929e-07,-3.54113150097214e-05,2.29967706369703e-05,0.000756560058968598,-0.000179923884762426,2.01592018584211e-05,-0.00213908496366993,1.57087053328205e-05,-4.61649249538544e-05,-0.000282303174397257,2.64639010385537e-05,-6.69209804351686e-06,-0.0276748395274711,0.000161592185174329,-2.18995679753531e-05,-9.60446273640488e-05,9.26215611846137e-07,0.000137176771331564,1.32720129896163e-07,4.75132645307266e-05,-5.99564106207144e-06,-5.69588799692233e-05,-4.3512872436032e-16,0.000428761773294239,1.45859012614007e-05,1.42350093891917e-05,-4.85722573273506e-17,-4.20725877708222e-06,-1.31405303305243e-16,-1.62129224051533e-05,-1.49593983354208e-05,-5.03069808033274e-17,0.000193052031021935,-2.42861286636753e-16,-2.03416877755304e-16,-9.5028638546484e-06,7.20377680372281e-07,-1.8563841339987e-16,1.74469030342037e-16,-2.90522453385581e-16,8.50975996447611e-17,-8.55469634521844e-17,1.2853369435778e-16,-0.00120641689002131,1.04519452994537e-16,2.95843387931854e-05,1.34387602751075e-16,-9.74926087627531e-07,-1.87379028455666e-16,6.45317133063372e-16,3.68594702782009e-16,-8.18851858219527e-16,6.38138702880574e-16,-7.31567172144276e-17,6.38659101709723e-16,3.71230823859037e-16,-8.43075609324728e-16,-3.59087759527199e-16,-5.3776427755281e-17,4.05925293378573e-16,0.707106781186547,2.63094655155209e-13,1.81934065807936e-16,-1.00771258466808e-15,-4.02026267038282e-16
"t90",0.0825187304142413,-0.00955727568071885,0.00389218690812365,0.0487897386554833,-0.31517739541319,0.00641908695237733,-0.127005238197061,0.000135819393860671,-0.00188436176196917,0.0573281885153446,-0.000322769452211914,0.250140887318256,-0.00163929835137251,-0.000652968487751725,4.02956597123057e-06,-0.00125996729863164,0.00124033606756611,-0.000152377767514283,0.545366933684451,-1.45729774297942e-06,6.32842920649888e-05,-0.0028624963321623,0.00322931122845917,-0.000867464638182672,3.41220921632607e-07,-3.54113150098125e-05,2.29967706369884e-05,0.00075656005896868,-0.000179923884762232,2.01592018584211e-05,-0.00213908496367004,1.57087053328933e-05,-4.61649249538544e-05,-0.000282303174397229,2.64639010386751e-05,-6.69209804349778e-06,-0.0276748395274711,0.000161592185174217,-2.18995679752473e-05,-9.60446273637686e-05,9.26215612012671e-07,0.000137176771331658,1.32720130090452e-07,4.751326453087e-05,-5.99564106219287e-06,-5.69588799692067e-05,5.10913746052867e-17,0.000428761773293903,1.45859012611504e-05,1.4235009389325e-05,4.0766001685455e-16,-4.20725877712733e-06,4.33680868994202e-17,-1.62129224051286e-05,-1.49593983354966e-05,-1.06251812903579e-16,0.000193052031021909,3.46944695195361e-17,1.7725983146783e-16,-9.50286385465945e-06,7.20377680323708e-07,9.77568157651797e-17,-1.87892057775306e-16,2.73110535617796e-16,-3.79425180194107e-17,8.34601097694443e-17,-1.33497853823528e-16,-0.00120641689002171,-1.33890076161805e-16,2.95843387924394e-05,-2.18644084659665e-16,-9.74926087183442e-07,2.25410959845631e-16,-3.46944695195361e-17,-2.31404695702821e-16,6.35545830896562e-16,-5.77724421305399e-16,-1.14133341700774e-17,-5.70267140106178e-16,-4.19803081186387e-16,7.91033905045424e-16,3.98986399474666e-17,-1.196959198424e-16,-1.196959198424e-16,-0.707106781186548,-2.63124306960407e-13,-1.17812108238652e-16,6.93828029700815e-16,2.22224067826969e-16
"t4",0.0911617312677014,-0.158365785101165,-0.0217605718462675,-0.0937086798165348,0.0596896791374266,0.00054937085047881,-0.0252106061863903,1.89014990472251e-05,-0.000448291337576595,0.0636511766655954,0.000110343033706151,-0.00949225016052606,4.54516676207333e-05,0.0643878692149373,-1.2263220896391e-06,0.000783870353837346,-0.000866343312555672,0.00261199073845519,-0.000218083577225848,8.86402246030177e-06,-0.000310369018070799,0.366572445741373,0.0514405429375046,-0.00424169928061955,7.27842556880881e-07,-7.58977807221997e-05,0.000234343928061312,0.0244864220098587,0.891954668994787,7.14926707086512e-05,-0.00618915726537579,3.11827812583543e-05,-8.54164285706751e-05,-0.000496531135182454,4.07225902709311e-05,-6.8244821130616e-06,-0.000408027081553662,0.00113986445078569,-3.05058026486681e-05,-0.000132527298879591,1.22041733147116e-06,0.000184788450336849,1.68494440165286e-07,0.0208753475288937,-5.86717398971641e-06,-6.83589218855325e-05,3.38137865804693e-16,0.000493384265150961,0.00504570714310801,1.572009643479e-05,1.00440489259057e-15,-4.66999737883805e-06,8.82540568403201e-17,-0.00502851826127179,-1.66509381139529e-05,-2.42861286636753e-17,0.000255369254346586,-2.74086309204336e-16,-1.79880209546938e-17,-1.0041485688423e-05,7.40652606658759e-07,2.44607318452812e-17,5.69868390745288e-17,-2.53691350292906e-16,5.63337976014049e-17,1.27928903132865e-16,1.42920027058735e-17,-0.000173457248704673,7.93384861354581e-18,2.93876890883754e-05,4.15004447144334e-17,-9.54433762794839e-07,-5.06977358837753e-17,3.2612801348364e-16,-1.52071500372684e-17,-3.3585261852538e-17,-5.39802580841441e-18,-7.05674140337838e-18,4.43746833619879e-16,-8.67361737988404e-18,-2.60208521396521e-17,1.73906028466675e-16,1.22298005056365e-16,3.29597460435593e-17,1.6653785071319e-16,1.65625207570382e-17,-3.16057565701989e-17,-1.26330075829766e-16,-3.33392246816735e-16
"t77",0.0921436357464376,-0.169650232824515,-0.0235134800537979,-0.102375185033069,0.0688743833523094,0.000676584584711603,-0.0323700466487401,2.60095084813978e-05,-0.000694174328903995,0.116737985366243,0.000206654360753934,-0.0179247929638048,6.71154744748814e-05,0.394742664328082,2.354336803935e-06,-0.000829960214179934,0.000833131086119072,-0.00204701621717871,0.000130499724947341,-4.7404255898285e-06,0.000161223584324978,-0.122370226962576,-0.0152872739295188,0.000979158658579707,-1.01264238908238e-07,9.92528304584317e-06,-2.78580148067973e-05,-0.00289732320723702,-0.0575330511616505,-2.73989933712475e-06,5.2376414765941e-05,2.95286581164e-07,-1.90761192023088e-06,-1.97076950447787e-05,2.40925696780321e-06,-6.2425199611848e-07,-3.91881470422384e-05,0.000112315569273272,-4.02860247717003e-06,-1.9556726635674e-05,1.84916228215866e-07,2.9346284578214e-05,3.07708891796586e-08,0.00511620310947326,-1.09842711429143e-06,-1.44596464705406e-05,5.96642450959292e-17,0.000135459811621568,0.496447997909499,-1.93394659960256e-05,3.0832087371483e-14,2.5079683736337e-06,-1.83770912983577e-15,-0.000578979552430539,-2.14539649699007e-06,-9.12127429250793e-17,3.3763772519732e-05,4.41541334744722e-17,4.28593481499533e-16,-1.54644447624849e-06,1.35887391250039e-07,-1.37932107144786e-16,-2.02532639913836e-16,-1.27323412379066e-18,5.54548222464639e-17,2.67448401818437e-17,3.22181936858969e-16,-3.62397656258437e-05,-4.07972094447155e-16,6.3513725082425e-06,-1.13063673660079e-15,-2.13796959475226e-07,8.48284486260276e-16,-6.28566209498471e-17,1.42353088977085e-15,1.49191256614546e-15,-6.26842908633556e-15,-2.08505548614338e-15,0.707106781186547,-1.00601764332214e-15,-1.97833692787072e-15,8.52064322960991e-17,4.72901882583865e-16,3.99752117258984e-16,-4.42312385685697e-16,-6.02621524722625e-17,-4.44795042129284e-17,-8.3229094751402e-17,3.14935857898559e-16
"t78",0.0921436357464376,-0.169650232824515,-0.0235134800537979,-0.102375185033069,0.0688743833523095,0.00067658458471161,-0.0323700466487401,2.60095084814055e-05,-0.000694174328903994,0.116737985366243,0.000206654360753928,-0.0179247929638047,6.71154744748803e-05,0.394742664328082,2.35433680402587e-06,-0.000829960214179943,0.000833131086119078,-0.00204701621717871,0.000130499724947325,-4.74042558975e-06,0.000161223584324927,-0.122370226962575,-0.0152872739295188,0.000979158658579702,-1.01264238884115e-07,9.92528304580265e-06,-2.78580148068305e-05,-0.00289732320723699,-0.0575330511616501,-2.73989933719872e-06,5.23764147659903e-05,2.95286581109449e-07,-1.90761192010047e-06,-1.97076950447254e-05,2.40925696782489e-06,-6.24251996162868e-07,-3.91881470422945e-05,0.000112315569273277,-4.02860247704391e-06,-1.95567266356336e-05,1.8491622805512e-07,2.9346284578248e-05,3.07708892675925e-08,0.00511620310947325,-1.09842711424523e-06,-1.44596464705959e-05,1.67900069498006e-17,0.000135459811621528,0.496447997909498,-1.9339465996137e-05,3.05799595444033e-14,2.50796837371484e-06,-1.97384934731617e-15,-0.000578979552430526,-2.14539649693773e-06,-1.43182449403867e-17,3.37637725195806e-05,2.84711490494693e-16,-6.70615406196916e-16,-1.54644447569271e-06,1.35887391119602e-07,-2.26543138042513e-16,2.34799767824148e-18,-2.51842190619397e-16,-1.20395700157416e-16,-3.616274601843e-16,-4.82396209782176e-16,-3.62397656261259e-05,4.27704799306257e-16,6.35137250793345e-06,2.24818893295313e-16,-2.1379695958777e-07,-7.37689188548489e-16,4.08662903864099e-16,-1.56331554457627e-15,-1.56212193237532e-15,5.53371265503866e-15,2.00932540497366e-15,-0.707106781186548,1.08592334343433e-15,2.13768754217178e-15,-2.38956464749911e-16,-2.75980274874396e-16,-2.43779470351577e-16,6.23929061340038e-16,1.44832050159996e-16,1.87120048565872e-16,4.87462478241861e-17,-2.16316457733398e-16
"t60",0.0921240571759329,-0.169428356441019,-0.0234790838986812,-0.102205561808221,0.0686968348710103,0.000674160059214627,-0.0322347887466478,2.5877106771608e-05,-0.000689698943339834,0.115802131680837,0.000204963151240007,-0.017776947521351,6.61990216030793e-05,0.388449709008741,2.29833307209584e-06,-0.000806573455973443,0.000808892587684233,-0.00198304699207453,0.000125991892101609,-4.5694642088613e-06,0.000155343340017141,-0.117069600653004,-0.0145949971771849,0.000930476842262678,-9.53137280219462e-08,9.3313575310394e-06,-2.61455354118325e-05,-0.00271899133643546,-0.0534586575909541,-2.52935883964802e-06,4.7895994688708e-05,2.68106183214068e-07,-1.72163415535496e-06,-1.76157388045455e-05,2.12449453410556e-06,-5.32901330694896e-07,-3.32526819035289e-05,9.49735565110292e-05,-3.19312974723641e-06,-1.48028068104449e-05,1.38023870307428e-07,2.12893452364214e-05,1.98326077186994e-08,0.00297650026741552,-6.27088976097546e-07,-7.3188617426759e-06,-2.6596543428235e-16,3.21991019695489e-05,-0.503506000879224,2.55026153665175e-05,-3.11444121360582e-14,-4.28888835053308e-06,2.16985446537671e-15,-0.00182916452260145,-4.56855994576783e-06,-6.71256670040088e-16,6.95849117509035e-05,-6.75241113023972e-16,-8.04302348242035e-17,-2.63930532163925e-06,1.91799853366346e-07,6.37904395168036e-16,-6.16836926203596e-18,2.81669472420529e-16,5.9954712598602e-16,5.98270699678728e-16,6.61127609520694e-16,-4.59713302452264e-05,-2.1939519278477e-15,7.8792263592667e-06,0.707106781186548,-2.59654742311107e-07,1.34650464693021e-15,5.02852967598777e-16,-2.47739065558479e-16,4.21304536055097e-16,2.00711394470113e-16,1.39616074618506e-16,6.10530515668719e-16,-3.98877979257417e-16,2.60967462917261e-16,-2.03830008427275e-17,-1.83934898562166e-16,3.23363297943802e-16,-4.63899637734593e-17,3.93009314758789e-16,4.11299043489586e-17,-8.65933170293919e-17,-7.65842391711543e-17
"t61",0.0921240571759329,-0.169428356441019,-0.0234790838986812,-0.102205561808221,0.0686968348710102,0.000674160059214594,-0.0322347887466478,2.58771067716239e-05,-0.000689698943339861,0.115802131680837,0.000204963151240001,-0.017776947521351,6.61990216030814e-05,0.388449709008742,2.29833307206815e-06,-0.000806573455973468,0.00080889258768425,-0.00198304699207451,0.000125991892101574,-4.56946420895237e-06,0.000155343340017211,-0.117069600653004,-0.0145949971771849,0.000930476842262667,-9.53137280309451e-08,9.33135753088723e-06,-2.61455354118474e-05,-0.00271899133643547,-0.053458657590954,-2.52935883964726e-06,4.78959946887471e-05,2.68106183164791e-07,-1.72163415532167e-06,-1.76157388046394e-05,2.12449453402099e-06,-5.32901330900596e-07,-3.32526819035127e-05,9.49735565110219e-05,-3.1931297473579e-06,-1.48028068104625e-05,1.38023870227197e-07,2.12893452365394e-05,1.98326076425139e-08,0.00297650026741541,-6.27088976107738e-07,-7.31886174312472e-06,1.5641100029332e-16,3.21991019696904e-05,-0.503506000879225,2.55026153665491e-05,-3.13686251453282e-14,-4.28888835049784e-06,1.98582469912445e-15,-0.00182916452260106,-4.56855994536809e-06,4.39630428415716e-16,6.9584911750971e-05,3.28730098697605e-16,3.69155972580427e-16,-2.63930532178235e-06,1.91799853449613e-07,-3.26264601922697e-16,2.15092022937081e-16,-1.8781371368086e-16,-5.33589169269734e-16,-3.83553406370884e-16,-4.10058358916369e-16,-4.59713302452143e-05,2.11364408232019e-15,7.87922636122607e-06,-0.707106781186548,-2.59654742436441e-07,-1.44556109698609e-15,-1.38777878078145e-17,1.82577759164191e-16,-6.33603848956507e-16,3.51814819546167e-16,-1.06265837387906e-16,-4.42343296241426e-16,1.04625509644851e-16,-3.71664504728031e-16,-6.67055386621707e-17,-8.71156445592103e-17,7.26415455565288e-18,2.12284646382405e-17,-3.69552424834749e-16,-4.3752961485516e-17,-2.44358285899948e-16,-1.22608621897379e-16
"t44",0.092521408626082,-0.174372031143373,-0.0242561754622634,-0.106105863095597,0.073153545084904,0.000741726606310006,-0.036265229773357,3.02877362914771e-05,-0.00087013446167769,0.16546714808223,0.000297816758187972,-0.0260036162508328,-0.00041420147027832,-0.238667296633676,7.70745116114464e-07,-0.000345570429404531,0.000356582012235307,-0.000920856013189461,6.16731324328872e-05,-2.27573599188846e-06,7.76809696098257e-05,-0.0611569638952569,-0.00767506163249864,0.000493634139370343,-5.0575184450119e-08,4.94580630203047e-06,-1.38287985549995e-05,-0.00143795798330834,-0.0277308675196438,-1.28830888876646e-06,2.35957550929135e-05,1.28165585160881e-07,-7.9974929776197e-07,-7.76392900470185e-06,8.56135121506466e-07,-1.55864908103851e-07,-8.93306962353364e-06,2.41586407591938e-05,2.97891248865305e-07,7.02083292424268e-06,-8.59120335792302e-08,-2.10772808902744e-05,-9.69522735459272e-08,-0.557357960697166,-3.8251841287655e-05,-7.08617934725677e-05,-1.39684484568423e-15,0.000227887197235477,0.00223653370310803,5.62159010789821e-06,1.43288159115684e-15,-1.66665973266693e-06,-1.88781282273176e-15,-0.176538878467681,-3.00291011931551e-06,1.2007539060277e-15,4.84126377829611e-05,7.63278329429795e-16,-2.90097059658272e-15,-2.21163725892609e-06,1.72101625470732e-07,1.10217861510353e-15,6.92465804267422e-15,-0.707106781186547,-1.4111077394252e-14,2.01053091963191e-16,-1.11783753360233e-16,-4.12868276273909e-05,4.14814570061803e-16,7.05028831348266e-06,8.56157235679364e-17,-2.31201299595325e-07,3.12230178018315e-16,-3.41740524767431e-16,4.05636620701253e-16,2.02486028096344e-16,-4.29894266114195e-16,-1.38629214247784e-16,-3.29641230213346e-17,-1.99493199737333e-17,2.46330733588707e-16,-6.54858112181245e-17,-1.81712284108571e-16,-4.33680868994202e-19,4.28125497600679e-17,1.32328893438797e-16,-2.19469851841186e-17,-3.42608180308232e-16,3.234653543266e-16
"t45",0.092521408626082,-0.174372031143372,-0.0242561754622634,-0.106105863095597,0.073153545084904,0.000741726606309982,-0.036265229773357,3.02877362914552e-05,-0.000870134461677715,0.16546714808223,0.000297816758187974,-0.0260036162508328,-0.00041420147027833,-0.238667296633676,7.707451161934e-07,-0.000345570429404588,0.000356582012235344,-0.000920856013189444,6.16731324329214e-05,-2.27573599208275e-06,7.76809696099372e-05,-0.0611569638952568,-0.00767506163249864,0.000493634139370295,-5.05751844431801e-08,4.94580630199209e-06,-1.38287985550479e-05,-0.00143795798330826,-0.0277308675196436,-1.28830888864589e-06,2.35957550928554e-05,1.28165585178662e-07,-7.99749297710796e-07,-7.76392900474183e-06,8.56135121450087e-07,-1.55864908083251e-07,-8.93306962336179e-06,2.41586407591517e-05,2.97891248935561e-07,7.02083292433202e-06,-8.59120336416802e-08,-2.1077280890646e-05,-9.69522737910653e-08,-0.557357960697165,-3.82518412879733e-05,-7.08617934721421e-05,-9.58144185631185e-16,0.000227887197235428,0.00223653370310806,5.62159010734784e-06,3.66026653431106e-16,-1.66665973267907e-06,8.65952275164172e-16,-0.176538878467679,-3.00291011845217e-06,-9.9855020085915e-17,4.84126377828975e-05,-5.20417042793042e-18,2.71392962409045e-15,-2.21163726377388e-06,1.72101625832422e-07,-1.02145906597036e-15,-6.7941948375096e-15,0.707106781186548,1.40339853750762e-14,-3.44790610872963e-16,2.48819147358995e-16,-4.12868276270639e-05,-4.62466398139182e-16,7.05028831350348e-06,-1.82614954218812e-16,-2.31201299379351e-07,-1.71120597015425e-16,5.77662917500277e-16,-4.31669000121291e-16,-1.10763696186454e-16,-1.83060394877292e-16,8.9104911033559e-17,-8.39859994180225e-17,1.98625837999344e-16,-5.63785129692462e-17,1.07119174641568e-16,1.13190706807487e-16,-2.38524477946811e-17,5.59686655192032e-17,-1.39494143641284e-16,-9.85458684218924e-17,-3.19839934227513e-16,-1.82751695652833e-17
"t73",0.092625594857872,-0.175587047348568,-0.0244453618732564,-0.107044101484604,0.0741644793887669,0.000756045586367675,-0.0370839629149743,3.11245220104276e-05,-0.000900786426956121,0.172772296596329,0.000311250232633876,-0.0271861527140673,-0.000446259056669105,-0.260492486523936,8.80455222158924e-07,-0.000405288480992923,0.000420536192906495,-0.00110046971539783,7.52285539882297e-05,-2.80270643360919e-06,9.5916747159031e-05,-0.0789374361541168,-0.0100370195427222,0.000665261967338054,-7.2672119084613e-08,7.16306682793807e-06,-2.0271859319001e-05,-0.00210916435882828,-0.0436862364768654,-2.13190065523252e-06,4.21075513415648e-05,2.42936640735582e-07,-1.59907742409635e-06,-1.70063516188525e-05,2.16274782886047e-06,-6.14356614444915e-07,-3.92307713210243e-05,0.000113554052743116,-4.94066743295758e-06,-2.80465569375798e-05,2.79392088542788e-07,4.97576055329113e-05,1.0721109643271e-07,0.420411314154203,2.72357368627631e-05,3.69746449565543e-05,9.66717679733291e-16,-4.0161176502641e-05,0.000371703049587595,1.11019955359974e-06,-5.73109268375838e-15,-3.81715250635448e-07,7.41485865762836e-16,-0.383545251419695,2.41057753964543e-06,6.22006786354934e-16,-3.07364598847218e-05,1.69655955950532e-15,4.50992247697358e-16,2.4181624410269e-07,3.14415669012622e-08,5.92458264443072e-16,8.78054209842745e-17,2.84358737806949e-16,-4.5753412768488e-16,-5.87077389033352e-18,1.2026271473602e-16,-1.41603233919712e-05,2.57688511861983e-16,2.6816382334067e-06,-4.20384726753834e-16,-9.6658128097369e-08,1.32883700948173e-17,4.55364912443912e-15,-1.54334499729679e-15,-5.93005866032199e-15,0.707106781186548,6.59254276026449e-14,5.84199951264249e-15,-2.87617152316955e-15,9.10729824887824e-16,7.87130777224476e-17,-9.49761103097302e-17,6.71771666072019e-16,-2.50005853662324e-16,-3.3304756013287e-16,1.66434438844015e-16,-3.84925032397152e-17,-4.66116822021351e-17
"t74",0.092625594857872,-0.175587047348568,-0.0244453618732564,-0.107044101484604,0.0741644793887669,0.000756045586367655,-0.0370839629149743,3.11245220104431e-05,-0.000900786426956112,0.172772296596329,0.000311250232633903,-0.0271861527140673,-0.000446259056669107,-0.260492486523936,8.80455222083092e-07,-0.000405288480992891,0.000420536192906507,-0.00110046971539786,7.52285539882508e-05,-2.80270643362654e-06,9.59167471591359e-05,-0.0789374361541168,-0.0100370195427222,0.000665261967338038,-7.26721190759394e-08,7.16306682800984e-06,-2.02718593190051e-05,-0.00210916435882825,-0.0436862364768654,-2.13190065524466e-06,4.21075513415471e-05,2.42936640758567e-07,-1.59907742406339e-06,-1.70063516186685e-05,2.16274782888128e-06,-6.14356614392223e-07,-3.92307713207629e-05,0.000113554052743178,-4.94066743293286e-06,-2.80465569376542e-05,2.7939208884116e-07,4.97576055327573e-05,1.07211096696497e-07,0.420411314154204,2.72357368627167e-05,3.69746449567244e-05,7.92697813712392e-16,-4.01611765026913e-05,0.000371703049586768,1.11019955328646e-06,-5.71201072552263e-15,-3.81715250661468e-07,5.15754973451354e-16,-0.383545251419695,2.41057754002382e-06,6.23524669396414e-16,-3.07364598846804e-05,9.85322934354826e-16,-2.47133622036666e-16,2.41816243560914e-07,3.14415667668211e-08,-3.27071347936654e-16,5.93998623686599e-17,5.74261671656702e-16,4.50790802305745e-16,3.03097926603509e-16,-8.57410111094267e-18,-1.4160323391888e-05,-2.3040008080822e-16,2.68163823333081e-06,1.80824753762847e-16,-9.66581274212605e-08,-1.13264081601279e-17,-3.73139019682611e-15,1.71563459555168e-15,5.68768261176011e-15,-0.707106781186547,-6.60196999646867e-14,-5.82488322678895e-15,2.64285121565067e-15,-9.8358821087885e-16,-3.10081821330854e-17,-2.77555756156289e-17,-3.54750950837257e-16,2.50570289157069e-16,3.44795637237787e-16,2.59218347269917e-17,2.52941035851904e-16,-2.27022933291804e-16
"t41",0.0925667995660676,-0.174902265604461,-0.0243387561600175,-0.106515529536195,0.0735955729563404,0.000747997118176464,-0.0366240902330169,3.06550168119459e-05,-0.000883615795553106,0.168687707150679,0.000303740549487528,-0.0265251326554073,-0.00042845415706022,-0.248403684278423,8.20254778611771e-07,-0.000372691958971365,0.000385665781878878,-0.00100279073378355,6.78859192554981e-05,-2.5177832147158e-06,8.60618533647015e-05,-0.0694078304291725,-0.00877412595521055,0.000573989113491363,-6.10498577333779e-08,5.99839862539106e-06,-1.68942543653559e-05,-0.00175733612459325,-0.0354176766977846,-1.69796958822844e-06,3.26877285899423e-05,1.85007233462079e-07,-1.19837014424772e-06,-1.24233284632269e-05,1.52466657826669e-06,-3.984162049006e-07,-2.505607486729e-05,7.18911522278537e-05,-2.66585161485221e-06,-1.35517875574573e-05,1.30615235538825e-07,2.17596568215846e-05,3.57233805377711e-08,0.110940799127719,6.88315263802121e-06,7.05909778173657e-06,1.35331921702717e-16,1.06868494748492e-07,-0.000141334784965687,-4.69706687683698e-07,4.45433620543945e-15,1.78102516370376e-07,-1.52850822277006e-15,0.56719248012613,-6.78574154631724e-06,-1.66175666976853e-15,9.57585759731611e-05,-1.86656246015104e-15,-1.08058814236995e-15,-2.60690356013876e-06,1.54810465198899e-07,0.707106781186548,-4.48374532512087e-14,4.91127182051573e-16,-6.56953212234133e-15,7.20251374431896e-18,2.67745799208165e-15,-3.47507380853568e-05,-8.42970526090227e-16,5.90227365211216e-06,-5.42096958449102e-16,-1.93155606869298e-07,9.07270184046164e-16,2.60208521396521e-16,4.30528037298666e-16,-1.36899986841329e-16,-4.15802151669771e-16,4.83048661636318e-16,-1.83061512565166e-17,-2.87096735274162e-16,3.19189119579733e-16,6.93889390390723e-17,6.15826833971767e-17,4.5102810375397e-16,-1.0831839061432e-16,1.06152428498298e-16,1.18546163083058e-16,-7.30282645981131e-17,-2.608994706911e-17
"t65",0.0925667995660676,-0.174902265604461,-0.0243387561600175,-0.106515529536195,0.0735955729563404,0.000747997118176474,-0.0366240902330169,3.0655016811938e-05,-0.000883615795553084,0.168687707150679,0.000303740549487525,-0.0265251326554073,-0.000428454157060219,-0.248403684278423,8.20254778644353e-07,-0.000372691958971355,0.000385665781878862,-0.00100279073378348,6.78859192555291e-05,-2.51778321462906e-06,8.6061853364679e-05,-0.0694078304291726,-0.00877412595521055,0.000573989113491316,-6.10498577507251e-08,5.99839862525011e-06,-1.68942543654808e-05,-0.00175733612459331,-0.0354176766977846,-1.69796958823017e-06,3.26877285898846e-05,1.85007233576137e-07,-1.19837014416705e-06,-1.24233284631836e-05,1.52466657830311e-06,-3.98416204915562e-07,-2.50560748673125e-05,7.18911522279006e-05,-2.66585161478325e-06,-1.35517875573452e-05,1.30615235648113e-07,2.17596568214804e-05,3.5723381144599e-08,0.11094079912772,6.88315263805677e-06,7.05909778178004e-06,3.1343471736763e-16,1.0686849475413e-07,-0.000141334784966425,-4.69706687297343e-07,5.8043847506184e-15,1.78102516377315e-07,1.1141261524461e-15,0.567192480126131,-6.78574154760351e-06,-1.03823200037212e-15,9.57585759727676e-05,-2.10248485288389e-15,1.01783761788564e-15,-2.60690356113492e-06,1.54810468090683e-07,-0.707106781186548,4.4609426612749e-14,-2.04620717234914e-15,6.69769747996906e-15,-2.4220125547825e-16,-2.63415039946168e-15,-3.47507380852666e-05,7.93006537118413e-16,5.90227365201805e-06,6.24705749465208e-16,-1.93155606944759e-07,-9.7747299136058e-16,2.46330733588707e-16,-6.56316878026852e-16,-1.27223482634262e-16,2.88075451182937e-16,-4.82084395420732e-16,2.47230207235898e-16,8.67361737988404e-18,-2.2811613709095e-16,-1.72821826294189e-16,-6.15826833971767e-17,-7.45931094670027e-17,2.35373698049454e-16,-1.16759538221021e-16,-4.79872907645371e-17,1.35138552237714e-16,-1.92623401295118e-16
"t5",0.0902907692879694,-0.148174819048976,-0.0201731778989725,-0.085832900479442,0.051191897960412,0.000428997291015456,-0.0183334428599478,1.18921850552386e-05,-0.000193731503401167,0.00416478723471557,1.27409867968685e-06,9.7626364361421e-05,0.000220154219701694,0.0572919889656308,-3.54746178101222e-06,0.00196947649808505,-0.0021403750050375,0.00626217541503764,-0.000508891107938801,2.0545118494357e-05,-0.000718459094403183,0.85581837597786,0.121681772228666,-0.0105728471480301,2.53239318990031e-06,-0.000290616480667342,0.00111098405561093,0.117662849449983,-0.428215279552386,4.3475196004214e-05,-0.0063432388827135,3.59917653455057e-05,-0.00010422077224255,-0.000638692893962531,5.45431619271668e-05,-9.52822144472884e-06,-0.000572038539584897,0.00160141961799015,-4.37298219147699e-05,-0.000190895827324952,1.75928286789973e-06,0.000266609129978658,2.41254822045409e-07,0.00932095657588893,-9.99182931585296e-06,-0.000102344312825533,-5.17215784074134e-17,0.000729110983820787,0.00245528233889666,2.34337943383636e-05,1.57859836313889e-16,-6.92850381482993e-06,-1.56558793706907e-16,-0.00253457420733668,-2.46614243728403e-05,-1.21864324187371e-16,0.000378146524590595,-3.46944695195361e-18,-1.6790605706246e-17,-1.48578164885756e-05,1.09521069721272e-06,-4.84727632392531e-18,-2.00697294050675e-17,4.638773919794e-17,-8.01357847262576e-18,2.25912634760036e-17,1.06820615837976e-16,-0.00025626015566884,-2.79076269494296e-17,4.33992794892889e-05,-7.83721616285088e-17,-1.40875955015156e-06,-3.85778195912939e-17,3.46944695195361e-16,-8.74279477710833e-17,-2.16200097100397e-17,-3.82794108313565e-17,-2.96619526905113e-17,6.81066436294481e-17,5.20417042793042e-17,1.73472347597681e-17,-1.73472347597681e-17,1.56125112837913e-17,1.17961196366423e-16,3.11752948185351e-17,-1.32032190382008e-18,1.91082516126186e-17,-7.21906481320988e-17,-1.44690909524099e-16
"t52",0.0894351258318816,-0.135375922290691,-0.0181105460539963,-0.0751554202966949,0.0371159215945576,0.000180501891429733,-0.00211395228881976,-8.54258398340187e-06,0.000854394858992487,-0.393691410741046,-0.000773842529412293,0.0699064821998989,-0.00242755748791689,-0.0366715586454089,4.38021300285916e-06,-0.00127142206894341,0.00114518418091565,0.489784024803414,0.000218943284651783,-7.07156036819367e-06,0.000233436955797837,-0.0832715619369344,-0.00585798117535699,-0.000596683917120033,1.18504595715552e-06,-0.000191040694867337,0.00188800186269046,0.217034315073421,0.00211702865623801,-3.41326799914443e-07,-0.000550186355296679,4.49161861747552e-06,-1.54841766574834e-05,-0.000113444685074713,1.13039425050157e-05,-2.39501068116828e-06,-0.000147102026255028,0.000416795552692584,-1.30629246484874e-05,-5.99241391862758e-05,5.58486870513852e-07,8.62705386825095e-05,8.17444461322092e-08,0.000614784366745285,-3.67989389153667e-06,-3.67722943385117e-05,-8.73296936855059e-17,0.000270351481920016,0.000189632255213103,9.08844069933161e-06,1.45716771982052e-16,-2.68971712555355e-06,9.48893741359313e-16,-0.00020997616808175,-1.00968972972012e-05,-6.99093560818653e-16,0.000155169219462535,3.33066907387547e-16,7.11220409141737e-17,-6.21090859331515e-06,4.75615718531497e-07,2.74655210996885e-15,-1.93021816614549e-16,9.02110921079203e-16,4.63097808854184e-16,-1.84306375296243e-16,-0.707106781186548,-0.000116379569972895,4.36007272425884e-15,1.99894978012011e-05,9.21026306187491e-16,-6.5928485797756e-07,4.48474601671417e-16,-5.27355936696949e-16,-3.21157623200827e-16,-9.82593160746142e-17,-1.12063340033684e-17,2.78551621980462e-17,6.91213409484895e-16,1.11022302462516e-16,1.59594559789866e-16,1.21430643318376e-17,2.91433543964104e-16,-1.38777878078145e-17,4.22412182721574e-17,2.70772671705665e-16,5.8519871469457e-17,9.50635022630492e-17,3.09000441221546e-17
"t53",0.0894351258318816,-0.135375922290691,-0.0181105460539963,-0.075155420296695,0.0371159215945576,0.000180501891429728,-0.0021139522888197,-8.54258398339645e-06,0.000854394858992468,-0.393691410741046,-0.000773842529412262,0.069906482199899,-0.0024275574879169,-0.0366715586454088,4.38021300288715e-06,-0.00127142206894341,0.00114518418091564,0.489784024803415,0.000218943284651861,-7.07156036819367e-06,0.000233436955797854,-0.0832715619369346,-0.00585798117535708,-0.000596683917120158,1.18504595725266e-06,-0.000191040694867252,0.00188800186269041,0.217034315073421,0.00211702865623804,-3.4132679999771e-07,-0.000550186355296637,4.4916186174998e-06,-1.54841766574904e-05,-0.000113444685074622,1.13039425051267e-05,-2.39501068116828e-06,-0.000147102026255106,0.000416795552692716,-1.30629246485464e-05,-5.99241391862103e-05,5.58486870444463e-07,8.62705386827035e-05,8.17444463733358e-08,0.00061478436674483,-3.67989389166157e-06,-3.67722943384063e-05,1.1571234399519e-16,0.000270351481920363,0.000189632255213447,9.08844069877129e-06,-2.8796409701215e-16,-2.68971712540089e-06,-8.21391565875018e-16,-0.000209976168081728,-1.00968972969263e-05,5.77662917500277e-16,0.000155169219462317,-5.13478148889135e-16,-7.84936431303712e-17,-6.21090859308487e-06,4.75615720557654e-07,-2.74283670991923e-15,1.36775865341506e-16,-9.85976756960268e-16,-4.25035302752228e-16,1.35807282052371e-16,0.707106781186547,-0.000116379569965165,-4.38218100603666e-15,1.9989497804334e-05,-9.70532096004757e-16,-6.59284857960213e-07,-4.40354338227567e-16,8.32667268468867e-16,-2.11588812992625e-17,-3.40745440989112e-17,-8.51489211922895e-17,-9.35754804743857e-17,-5.96818768630798e-16,-9.71445146547012e-17,1.38777878078145e-16,-5.03069808033274e-17,-1.83880688453542e-16,1.83880688453542e-16,9.64513272413542e-17,-2.5484854013961e-16,9.94761816713979e-18,-3.97597957303939e-16,-9.40000312589245e-17
"t18",0.089106839287974,-0.132273188518257,-0.0176453265862513,-0.0729631338911152,0.0354106734934608,0.000168816567988119,-0.00195307690892352,-7.74057662701089e-06,0.000750859864758285,-0.333024658982345,-0.000651816282347702,0.058785999077416,-0.00173392120459998,-0.0239820773844825,1.78688725799899e-06,-0.000299988622482782,0.000224631165509374,0.0470703464659814,-1.66677674737672e-05,1.16694189002814e-06,-4.43488339377331e-05,0.0581288703452217,0.00518098247782763,0.000836400897447137,-3.8220608341074e-06,0.000681741482166384,-0.00788761812929045,-0.913801457941252,-0.0287839104958325,7.98891344516231e-05,-0.00813132984148095,4.17587347636183e-05,-0.000114904948632564,-0.000668732552036242,5.4775796278524e-05,-9.15162704429062e-06,-0.000546955935283314,0.00152767092781351,-4.07835553161758e-05,-0.000176886149347695,1.62791614573624e-06,0.000246118454523245,2.20804307690756e-07,0.00161878490096965,-9.65515995220764e-06,-9.48105147868751e-05,3.23261097617397e-17,0.000670883795351503,0.000452168897022833,2.16053710486284e-05,6.11490025281825e-17,-6.37573831404128e-06,-2.04588949948015e-16,-0.000479865938113869,-2.26784339095094e-05,-2.30935062739412e-17,0.000347725815830323,2.42861286636753e-17,-1.82314802890641e-18,-1.36646372356315e-05,1.00869990061082e-06,2.88588837427435e-17,1.37943925261564e-17,6.74104009854034e-17,-1.52707102161951e-17,7.94792498133914e-18,1.89465053178685e-16,-0.000236695585995835,5.10635627069226e-17,4.01316188884527e-05,-7.94393306061263e-17,-1.30454030336036e-06,4.33763818015865e-17,2.08166817117217e-16,-3.70008005190092e-16,1.46112113677075e-17,-1.08164782561057e-17,-1.71109959795181e-17,3.19079745374866e-17,-2.69749500514394e-16,-3.03576608295941e-17,2.68882138776405e-17,-2.40259201422788e-16,2.60208521396521e-16,-3.82857938710644e-17,1.42594550379305e-18,2.41150070949584e-17,3.14935378620433e-16,8.33087870554571e-17
"t69",0.0894441061021066,-0.135464921176948,-0.0181239816345581,-0.0752192783795678,0.037167683191752,0.000180873339398696,-0.002119210769808,-8.5699690899983e-06,0.000858175785375709,-0.396094835218837,-0.000778720158536655,0.0703525263998627,-0.00246600950576781,-0.0374999647944569,4.76435252885956e-06,-0.0016734661331671,0.00173905462023524,-0.508889783739613,0.000148883851968784,-5.3052898435213e-06,0.000177972352502827,-0.0697853066604769,-0.0049352904317372,-0.000502107459853088,9.47782186400126e-07,-0.000150944913055742,0.00145841970511007,0.167443610624083,0.00101551525963163,2.23267221086815e-06,-0.000764875437811095,5.46812976009135e-06,-1.79447543015715e-05,-0.000126144128137602,1.22113903384888e-05,-2.51550399907319e-06,-0.00015407237511969,0.000435921328392562,-1.34667498826908e-05,-6.15064264143804e-05,5.72695085465647e-07,8.83268958228631e-05,8.33781398004024e-08,0.000626032745528044,-3.74637811040648e-06,-3.73958188851945e-05,3.25028243416095e-17,0.000274307949344139,0.000191978253047793,9.19937358311528e-06,1.76941794549634e-16,-2.72212795893179e-06,1.16226472890446e-16,-0.000212104730729412,-1.01905573302246e-05,-9.19403442267708e-17,0.000156591280808905,1.66533453693773e-16,-2.28849573808936e-16,-6.26237438561966e-06,4.78769556971903e-07,-6.77119402745747e-16,-3.52044006053508e-17,1.8987425628591e-16,-5.55954874895351e-17,-2.8738763573913e-17,-2.34392643915685e-18,-0.000116949514666766,1.79084649482229e-16,2.00773347438579e-05,-1.46621663222261e-17,-6.61822766871017e-07,4.63016519461718e-16,-2.77555756156289e-17,0.707106781186548,4.64347451513408e-15,1.53707232977974e-15,2.21876210712217e-15,-1.46485587472299e-15,-1.64451785522601e-15,-5.41233724504764e-16,8.84708972748172e-17,-4.16333634234434e-17,1.66533453693773e-16,-8.2684937307691e-17,-1.78337191081746e-16,-2.70630033562417e-16,-4.23229339150847e-16,-1.0317397564605e-16
"t70",0.0894441061021066,-0.135464921176948,-0.0181239816345581,-0.0752192783795678,0.037167683191752,0.000180873339398705,-0.00211921076980801,-8.56996908998635e-06,0.000858175785375725,-0.396094835218837,-0.000778720158536682,0.0703525263998627,-0.00246600950576781,-0.0374999647944571,4.76435252891289e-06,-0.00167346613316713,0.00173905462023519,-0.508889783739614,0.000148883851968818,-5.30528984343803e-06,0.000177972352502841,-0.069785306660477,-0.00493529043173719,-0.000502107459853074,9.47782186302981e-07,-0.000150944913055645,0.00145841970511012,0.167443610624084,0.0010155152596316,2.23267221081958e-06,-0.000764875437811192,5.46812976010003e-06,-1.79447543015715e-05,-0.000126144128137579,1.22113903384957e-05,-2.51550399934901e-06,-0.000154072375119692,0.000435921328392576,-1.34667498826353e-05,-6.15064264143463e-05,5.72695085229724e-07,8.83268958227102e-05,8.33781398801997e-08,0.000626032745528347,-3.74637811017403e-06,-3.73958188853591e-05,-8.21339584270947e-17,0.000274307949343997,0.000191978253048106,9.19937358266772e-06,3.12250225675825e-17,-2.72212795883464e-06,-1.81278603239576e-16,-0.000212104730729535,-1.01905573302056e-05,-3.98986399474666e-17,0.000156591280808778,-3.60822483003176e-16,2.18402068085828e-16,-6.26237438515996e-06,4.78769557006598e-07,6.2596082136247e-16,1.29300408337068e-16,-2.39083557053399e-16,3.87270309988039e-17,4.70209683968662e-18,2.59452791607518e-17,-0.000116949514666509,-2.07482552880759e-16,2.00773347443228e-05,-5.38289697912837e-17,-6.61822767512865e-07,-4.44027018721711e-16,7.21644966006352e-16,-0.707106781186547,-4.69974612822481e-15,-1.61578758831338e-15,-2.22581627909773e-15,1.59606369721248e-15,1.49880108324396e-15,5.34294830600857e-16,-8.32667268468867e-17,3.46944695195361e-18,1.38777878078145e-17,1.9812342519154e-16,1.72944312106558e-16,3.12237052312126e-16,7.63710180306481e-17,-1.30929558926226e-16
"t71",0.0814637025068965,-0.0160318365279753,0.00127227065571767,0.0264981468268804,-0.115302559489948,-0.0037835430544202,0.478361311791794,0.000562560016520437,-0.00348112631297883,0.0391159803303204,-4.50103868577688e-05,0.00792605129821435,-0.00348142748061651,-0.00166797103714321,7.54016383677506e-06,-0.0023642161048913,0.00229071810114549,-0.000312684591772227,0.000263977508818171,-8.37043847023121e-06,0.000272842405448262,-0.00924703877308368,0.00881795748124151,-0.0025051988077421,1.12287744856616e-06,-0.00011988705462248,8.90457470688322e-05,0.00334078999202029,-0.00112589560787137,0.000154701303134026,-0.294366990143965,-0.000142396850453417,0.000198549929251133,0.000593626000646164,-2.3579382132162e-05,1.25296929540651e-07,-1.60114959725866e-05,7.8855450424733e-05,-1.21738759260802e-05,-6.87148644485732e-05,6.66657634163133e-07,0.00010988377032867,1.21293040910827e-07,5.8216077127184e-05,-5.99706710578208e-06,-6.25868974558653e-05,4.88356730746562e-16,0.00052552239651835,2.78287754681277e-05,2.24844147409817e-05,-7.94720192431875e-16,-6.81252133450869e-06,-5.34999562012972e-16,-6.09575010565545e-05,-0.000293610683035682,1.49507142777061e-14,0.388184441234761,-9.23219833914857e-15,-9.59414654060128e-17,1.22595126784837e-05,1.84679648438085e-07,-2.21745071069353e-16,1.38719135505454e-17,6.83841238311414e-17,-2.939487792233e-16,3.63875641829653e-16,-1.59383052264255e-17,-0.000108875466234529,1.63035997364586e-16,2.05170286531105e-05,-6.01971805936782e-16,-7.30714799450968e-07,8.40492063376679e-17,7.07767178198537e-16,-4.67332238323506e-15,0.707106781186548,6.00076110057171e-15,-6.07550346659954e-15,-1.57501182490043e-15,-1.50704101975485e-15,-3.89445420356793e-16,4.3378928921145e-16,1.81278603239576e-16,1.28586377656781e-16,8.25203696509217e-16,-2.17209061205965e-16,9.68592888194538e-17,5.87414443911291e-17,4.55430953410961e-17
"t72",0.0814637025068965,-0.0160318365279754,0.00127227065571767,0.0264981468268804,-0.115302559489948,-0.0037835430544202,0.478361311791794,0.000562560016520433,-0.00348112631297884,0.0391159803303204,-4.50103868577237e-05,0.00792605129821436,-0.00348142748061651,-0.0016679710371432,7.54016383680774e-06,-0.00236421610489125,0.00229071810114543,-0.000312684591772246,0.000263977508818148,-8.37043847021213e-06,0.000272842405448247,-0.0092470387730837,0.00881795748124158,-0.00250519880774212,1.1228774485731e-06,-0.000119887054622505,8.90457470687314e-05,0.00334078999202025,-0.00112589560787147,0.000154701303134029,-0.294366990143966,-0.000142396850453529,0.000198549929251051,0.000593626000646138,-2.35793821320995e-05,1.2529692953729e-07,-1.60114959725081e-05,7.88554504246156e-05,-1.2173875926044e-05,-6.87148644485949e-05,6.66657634315788e-07,0.000109883770328677,1.21293040811568e-07,5.82160771270162e-05,-5.99706710557911e-06,-6.2586897455934e-05,6.04383452510233e-16,0.000525522396518256,2.78287754681335e-05,2.2484414740775e-05,-6.59411761305684e-16,-6.81252133435603e-06,-7.10802944281497e-16,-6.09575010565656e-05,-0.000293610683035667,1.52485988245965e-14,0.388184441234762,-9.18622816703518e-15,3.10366574376485e-16,1.22595126788343e-05,1.84679648256372e-07,6.15018992991161e-17,-2.14461067496488e-16,-1.43624834983221e-16,2.09226060796464e-16,-3.120159939756e-16,1.47125698136409e-16,-0.000108875466234594,-2.0163540317719e-16,2.0517028652825e-05,5.59859242092517e-16,-7.30714798116532e-07,-1.27587060529354e-16,-5.08273978461204e-16,4.65255102188034e-15,-0.707106781186547,-5.96883088579385e-15,6.02939694736236e-15,1.66545162220271e-15,1.34310965127504e-15,5.14345510627123e-16,-5.78096598369271e-16,1.16009632455949e-16,-5.07406616723216e-17,-6.04208448441263e-16,2.68513509089899e-16,-9.74297492845613e-17,3.09858520595692e-17,-1.03643156479422e-16
"t39",0.0814034585943045,-0.0159590249534126,0.00126580971798981,0.0263457916879559,-0.11427304263525,-0.0037366779400489,0.471460556941998,0.000552691590596249,-0.00340399927619592,0.0380417459323238,-4.37489413899515e-05,0.00770220120302961,-0.00332040468705031,-0.00157831138789702,6.9446513451662e-06,-0.00214490871540931,0.0020717159154989,-0.00028070787461891,0.000234325202877387,-7.39162511679756e-06,0.000240601161545455,-0.00796600890328461,0.00754557494460428,-0.00211159274050541,9.17810603220416e-07,-9.76349196260861e-05,7.21176809095756e-05,0.00270496460058504,-0.000883435493280294,0.000118938069075223,-0.219760262984971,-0.000103997624888312,0.000142368273269998,0.000413402400234426,-1.57666976155942e-05,7.61766871121023e-08,-9.56673103519757e-06,4.66468028541478e-05,-6.00391498474257e-06,-2.98866641094018e-05,2.79241615740167e-07,4.26484951439604e-05,3.44173459616024e-08,1.25548041935756e-05,-1.22818112343508e-06,-9.08470150463621e-06,-1.21173514100342e-15,-1.90619720115996e-05,-1.02494554638945e-05,-9.08998839319747e-06,2.11419423634673e-15,3.0006874654747e-06,1.37162416841141e-15,7.29435598070105e-05,0.000585533977428903,-3.27512539657904e-14,-0.834263390906738,1.97637045618038e-14,-2.24908621506526e-16,-5.51546737044292e-05,1.86754896139545e-06,1.95751146173405e-16,1.3891012226721e-16,3.56530232900543e-17,5.84702269617566e-17,-1.03095756511425e-16,-1.17719316163027e-16,-0.000335109500763086,-5.07641795499822e-17,5.43936312619306e-05,-7.84855326675862e-17,-1.70408237636175e-06,5.36879313627311e-17,2.79290479632266e-16,6.19342670849868e-17,-2.54190068376622e-17,-8.42730162421809e-17,-1.01380350955233e-17,1.97872231908161e-17,3.64291929955129e-17,6.93889390390723e-17,-4.25007251614318e-17,-1.78242837156617e-16,4.7271214720368e-17,1.35650068525044e-16,-1.44307501579461e-17,7.3436942186965e-17,-2.77847145838548e-16,-9.51512850898534e-17
"t8",0.0810823605008286,-0.0155671891843721,0.00123099264278246,0.0255233652686818,-0.108670175262454,-0.00347933822518804,0.433366367610678,0.000497768320326485,-0.00296946875099368,0.0319027517332032,-3.65290972229843e-05,0.00642025022625755,-0.00235095175433923,-0.00102671605775761,2.99041209380317e-06,-0.000622684428740597,0.000537258136380664,-5.15913218804079e-05,1.43416765730029e-05,-1.03590601374659e-08,-3.60656893820879e-06,0.00250332599439872,-0.00309078691430194,0.00135515234925993,-1.10421491343604e-06,0.000124889628556136,-0.000100863010965913,-0.00379910839245252,0.00194066399834217,-0.000337688152474962,0.882044928638202,0.000536144928849932,-0.000904903124659786,-0.00370128054399136,0.000239908084299223,-3.18867356589995e-05,-0.00186211000145956,0.00513927398132872,-0.000121318192603378,-0.000506230354867996,4.62005117409306e-06,0.000688748217426707,5.96850937427786e-07,0.000256158617705079,-2.59749195022571e-05,-0.000250452064969341,1.19693315671512e-16,0.00173714225222496,7.02012835833792e-05,5.52026825645117e-05,-4.44089209850063e-16,-1.62778084985757e-05,-2.03830008427275e-16,-7.77651826398897e-05,-9.10549138225657e-05,2.03027698819636e-15,0.0512638947156815,-1.37390099297363e-15,3.78466166137295e-17,-2.98669043231497e-05,2.29495275556185e-06,-7.8494400552387e-17,1.26046645902892e-16,-3.80390062994002e-18,6.93404848411268e-17,-6.11207143950474e-18,-1.37341682225824e-17,-0.000533963946230946,4.69632299105488e-17,9.01383830533052e-05,3.91443070651299e-18,-2.9146868435314e-06,-1.36553141995811e-17,1.45716771982052e-16,-5.21088394537826e-17,-6.21925861702632e-17,-9.22380252351465e-18,-2.57017715982291e-17,3.22582227708848e-17,-1.14491749414469e-16,1.38777878078145e-17,8.41340885848751e-17,-2.04697370165263e-16,1.38777878078145e-17,-1.47629686104083e-16,9.50645305713605e-19,2.92230985096386e-17,-8.47172958121749e-17,-7.88551459654915e-17
"t30",0.0901518938700877,0.157556180703769,-0.00964666832666902,-0.0555873284636618,0.0353828592071019,0.000250058675432608,-0.00805898877614953,7.52787520137878e-06,-4.32157764391257e-05,-0.000622716352886303,1.49337875749444e-06,-0.000247259297701419,0.000894427692643149,0.000530877596672684,-8.27756122216554e-06,0.0865073458766777,-0.0880780302959852,0.000430300224516317,-0.000718057867912487,2.79474841891891e-05,-0.0009640905902694,0.126624338053279,-0.903557200200601,0.309729854604381,3.91903220542389e-06,-0.000381640330650204,-0.0265243575656104,0.00799506629234686,-0.00134374348558473,0.000127835181426152,-0.0123976252904929,8.22494574881493e-05,-0.000236544409066092,-0.0787452490525535,0.000100574834136544,-1.77257576550374e-05,-0.00106218569967691,0.00297043292058746,-8.04725585848709e-05,-0.0147775453838055,3.15803691010308e-06,0.0200748547211346,4.16201614609167e-07,0.00015268252472769,-1.85497223783408e-05,-0.00717707320903609,-5.68368843430265e-18,0.0012618049484145,4.31439756203801e-05,4.04964298320216e-05,2.67147415300428e-16,-1.19402979429362e-05,-9.80118763926896e-17,-4.62327911147811e-05,-0.00151676646393145,7.57206797263876e-16,0.000539571715650182,-1.38777878078145e-17,-8.92535641576371e-18,-2.52233186680858e-05,1.84486590798505e-06,-3.03610190187404e-17,1.69468813102824e-17,-1.17131338679599e-17,-3.91397332565771e-17,3.64050187385825e-17,3.52870738173393e-17,-0.000427662220787474,4.20562246145756e-18,7.22097039057221e-05,-2.69455362635968e-17,-2.33589915687657e-06,-2.86421839713806e-17,2.77555756156289e-16,2.47777975593787e-18,-9.65273859686838e-17,-4.01139714369597e-17,-5.97906153439331e-17,6.50203483443217e-17,6.93889390390723e-18,-6.93889390390723e-17,4.33680868994202e-17,3.46944695195361e-18,4.5102810375397e-17,6.38032260720913e-17,2.07421742109206e-17,3.41889135370559e-17,-1.30439931656112e-16,-7.0531311133133e-19
"t6",0.0922633092948924,0.184527765127584,-0.0115440190210949,-0.0684076127640951,0.0506287503689507,0.000441794962455963,-0.0166932204747308,2.16343447247026e-05,-0.000333300141628455,0.00406671395422687,-8.05751303915252e-06,0.00124965304413257,-0.000582898817496989,-0.000228202825486313,1.25540814619069e-06,-0.0524325938618169,-0.0118528062196062,1.53036142720026e-07,-4.40660577737755e-06,3.23335511455414e-07,-1.2568837519152e-05,0.00449495596826556,-0.0390943752748192,-0.0442220345622399,6.67361624738169e-08,-6.10506369715265e-06,0.0202694220631976,-8.36267037221684e-05,3.08858654285373e-05,-8.35242126707427e-06,0.00222898637385498,-2.97961845952432e-05,0.000169566508902172,0.955760764776781,0.00011011128888747,-9.43650483738612e-06,-0.00054076073336691,0.00148052727255832,-3.73449007532482e-05,-0.128392706276007,3.57172238591753e-07,0.0342258365102741,1.17674601542866e-07,4.63449973763825e-05,-5.71096062475999e-06,-0.0255401539956178,1.26425270685693e-16,0.000361372607642112,1.26211424085976e-05,1.18564458948167e-05,6.25150972655142e-16,-3.49844611557265e-06,5.160802341031e-17,-1.36655707261882e-05,-0.00727225323633354,-9.47592698752331e-17,0.0001542834273923,-1.75207071073658e-16,-1.55518656155296e-16,-7.43292104310594e-06,5.47440933521947e-07,-1.50894393145797e-17,-1.6995510389557e-17,5.32337999234611e-17,-1.49263871255282e-16,5.13012337427161e-17,-3.70891574326137e-17,-0.000127893674006007,-2.98182484441728e-17,2.16562632634383e-05,-1.60505761214971e-16,-7.03020508141094e-07,-5.89879656682245e-17,2.75821032680312e-16,-3.96583344697473e-17,-7.1731323460746e-17,7.46194880944115e-17,-2.87073892902489e-17,-2.12069371377597e-16,-1.52655665885959e-16,-3.12250225675825e-17,-8.91214185783085e-17,1.06251812903579e-16,-7.58941520739853e-18,7.83229274530509e-17,-7.56854349642814e-17,4.91899217580597e-17,-2.22798275283274e-16,1.38692676997294e-16
"t48",0.0927923427516237,0.191274526214477,-0.0120185259922711,-0.0716129824207891,0.0544362408507464,0.000489630834493734,-0.0188463613915338,2.51503892794952e-05,-0.000405592220581828,0.00523636966400475,-1.04401347090731e-05,0.00162310748385043,-0.000958236063442133,-0.000424918885290839,4.51850130836967e-06,-0.431528975612143,-0.135021686208231,2.29964939515853e-05,3.6127971884404e-05,-1.76217883629537e-06,6.27767026768009e-05,-0.00904642653889651,0.0664457614335875,0.054863236485528,-5.0962683559308e-08,4.43749139208364e-06,-0.0137035242123303,5.63436149991236e-05,-1.43533133485446e-05,3.1178267685273e-06,-0.000613942893659623,6.53440625659899e-06,-3.05085082038577e-05,-0.121809385450476,-7.52860039154001e-06,-3.63058662815243e-07,-3.03261666627823e-05,9.79926268550669e-05,-1.2187685840037e-05,-0.25226779664986,-1.97553996221164e-06,-0.0212212791793056,-1.08234863866602e-08,-9.72762364144324e-07,7.44167942372254e-08,-0.000564249782339744,3.22529539702911e-17,3.12919822718933e-05,1.9747548290908e-06,1.93235772791685e-06,-1.45976980503448e-15,-5.92965233241205e-07,7.05381933419069e-16,-4.86826683738665e-06,-0.379472228578333,4.95263552391378e-16,-0.000250364462506253,-1.88737914186277e-15,2.65858745037917e-16,1.94152719198526e-07,6.91678149408737e-08,1.14424826798842e-16,-7.15078872782271e-16,6.28189407734298e-16,4.89625109768996e-17,0.707106781186548,1.32916996005761e-16,-2.42558247113243e-05,-3.35106396764644e-16,4.4362468524517e-06,-5.98305037963758e-16,-1.55201517687033e-07,-1.01782820787036e-16,6.86950496486816e-16,-3.16614974271096e-19,-2.60733633160012e-16,4.53634544908027e-17,4.57356800176372e-17,6.46180966050079e-17,1.57859836313889e-16,1.54390389361936e-16,7.32920668600201e-17,-2.62810606610486e-16,-1.57859836313889e-16,1.98682052822326e-16,-1.78104352002143e-16,2.10503502764908e-17,-6.56791542245238e-17,-1.18004544456029e-16
"t49",0.0927923427516237,0.191274526214477,-0.0120185259922711,-0.0716129824207891,0.0544362408507463,0.000489630834493737,-0.0188463613915339,2.51503892794797e-05,-0.000405592220581811,0.00523636966400474,-1.04401347090482e-05,0.00162310748385041,-0.000958236063442102,-0.00042491888529086,4.51850130835092e-06,-0.431528975612142,-0.135021686208231,2.29964939515714e-05,3.61279718844106e-05,-1.76217883619129e-06,6.27767026768105e-05,-0.00904642653889635,0.0664457614335874,0.054863236485528,-5.09626835974719e-08,4.43749139207496e-06,-0.0137035242123303,5.63436149991141e-05,-1.43533133483956e-05,3.11782676854812e-06,-0.000613942893659624,6.53440625670307e-06,-3.05085082036166e-05,-0.121809385450476,-7.52860039156776e-06,-3.63058662859912e-07,-3.03261666627158e-05,9.7992626854837e-05,-1.21876858400465e-05,-0.25226779664986,-1.97553996227756e-06,-0.0212212791793056,-1.0823486431763e-08,-9.72762363924109e-07,7.44167940481405e-08,-0.000564249782339839,1.98786407668303e-16,3.12919822724952e-05,1.97475482877627e-06,1.93235772699409e-06,-1.23165366794353e-15,-5.9296523327243e-07,3.64508770389627e-16,-4.86826683769706e-06,-0.379472228578335,-7.0906822080552e-17,-0.000250364462506114,-2.56392129749372e-15,-4.61339958508472e-17,1.94152718994913e-07,6.91678138653451e-08,3.91980582850619e-16,6.32801265830648e-16,-3.72746038045012e-16,-3.92068426226069e-17,-0.707106781186547,7.22016730683561e-17,-2.42558247116019e-05,3.79125336951709e-16,4.43624685162423e-06,2.91608105137902e-16,-1.55201517489274e-07,4.74033975969223e-17,-4.71844785465692e-16,7.68785793485193e-17,1.6947778736077e-16,-6.56588484104143e-17,-1.33374519163568e-16,7.15569892703404e-17,-1.2490009027033e-16,-3.15719672627779e-16,-2.60208521396521e-17,-3.23525928269675e-16,7.28583859910259e-17,-1.03159832141327e-16,2.25218855589531e-16,7.65614998588652e-17,-7.95569451269449e-17,-9.54531452758913e-17
"t37",0.0927538459491334,0.190786883744718,-0.0119842624920668,-0.0713818055220689,0.0541632083143862,0.000486222111694655,-0.0186935056727083,2.49022165923862e-05,-0.000400533651847078,0.0051553490087843,-1.02752722949332e-05,0.00159727759164395,-0.000933190336183298,-0.000411995686066138,4.3157667592343e-06,-0.408737720300516,-0.127668549209976,2.16554265088792e-05,3.38100078533168e-05,-1.64439147590928e-06,5.85355642772701e-05,-0.00832754165898554,0.0609408373490385,0.0499036407240822,-4.55852036881921e-08,3.96137466030476e-06,-0.0121964856921981,5.0139971914885e-05,-1.25577483163022e-05,2.69802951830857e-06,-0.000522979197831131,5.5015192899216e-06,-2.54370266590861e-05,-0.100008713692627,-6.05119919963419e-06,-2.77890034286639e-07,-2.30088612697651e-05,7.39748240296554e-05,-8.41776402963051e-06,-0.164379246463779,-1.26569928233719e-06,-0.0131490832852154,-5.91348980330184e-09,-4.83515743033352e-07,3.63955103737171e-08,-0.000250920941581056,1.5739442406009e-17,9.49653865810543e-06,3.54047335532402e-08,-2.96692110964458e-08,5.25707949394771e-15,2.92528489938271e-08,-1.19175502799607e-15,4.37025347131697e-06,0.841634922397232,-1.07758853923334e-15,0.000639102329745297,4.97171748214953e-15,-2.39583316548751e-16,-4.71223834943766e-06,2.13187742384782e-07,-8.03751618818195e-16,9.95357834115797e-17,-3.96274094748716e-16,-9.00100707807523e-17,-8.3977376397644e-16,-3.85492251638661e-17,-4.54849684850041e-05,-2.85899909622669e-17,7.68785393138061e-06,5.46593600332289e-17,-2.5083122122925e-07,-1.47004881933783e-17,-1.31838984174237e-16,-1.17766115576998e-16,-5.76822006172894e-17,-7.72724408950701e-17,-5.96457790301311e-17,1.34707623539515e-16,-6.76542155630955e-17,-4.5102810375397e-17,-6.72205346941013e-17,-5.8113236445223e-17,1.38777878078145e-17,3.22648326386878e-17,-5.03416589094807e-17,6.01843924132219e-17,-3.17545793378591e-17,-6.82204072620122e-17
"t17",0.0925945973348461,0.188761547465166,-0.0118418741902457,-0.0704204228659285,0.0530239172203749,0.000471945780287276,-0.0180519170024263,2.38570486000659e-05,-0.000379123037323533,0.00481043534321038,-9.57300251943565e-06,0.0014872230386425,-0.000824321554866744,-0.000355342341309639,3.40063065035786e-06,-0.30415106864654,-0.0938095012552588,1.54298524703902e-05,2.2914815106716e-05,-1.0875541602319e-06,3.84546486580403e-05,-0.00483400484384059,0.0339867758309119,0.0252032020903306,-1.78505559413761e-08,1.49546347610408e-06,-0.00434141644265858,1.77950530473264e-05,-2.84920695211988e-06,3.73351594583869e-07,-1.3964956431696e-06,-5.79094153673691e-07,5.09056061679357e-06,0.0359990029122199,3.64471415486602e-06,3.54092979380858e-07,3.25584807821187e-05,-0.000110875822535809,2.91530186935789e-05,0.903637024710673,7.92443886286562e-06,0.106465021289542,1.40739183872025e-07,4.60184774704008e-05,-5.55483505262563e-06,-0.0227491654957188,-3.85270191146527e-16,0.0002812198546039,9.02231401512862e-06,8.43693809711427e-06,-3.38314445902377e-15,-2.47928271953669e-06,4.53196508098941e-17,-9.52069639190438e-06,-0.0597675647111123,-6.53773910008759e-17,6.07675136125084e-05,-6.15826833971767e-16,-1.64943732922166e-17,-4.56901409233895e-06,3.39748789796035e-07,3.54829944035641e-16,1.65551349459448e-16,4.27821538657223e-17,-1.32396680659237e-16,3.4443077171273e-17,-6.52676539671137e-17,-7.91663041636095e-05,-4.21878641925162e-17,1.34087950285321e-05,2.76144308156619e-16,-4.35736012804108e-07,3.24283940758825e-17,-6.93889390390723e-18,4.91992081866244e-17,-9.65254050784357e-17,-4.94912597909161e-17,-1.21081524715902e-16,-6.87499927566076e-17,-7.63278329429795e-17,1.60461921527855e-16,2.34187669256869e-17,-2.03830008427275e-17,6.93889390390723e-17,8.72975354887397e-17,1.24335139049154e-17,-6.82775268438804e-17,-3.83993884848744e-17,-2.13966648286509e-16
"t46",0.0925947247891822,0.188726610229041,-0.0118390429960261,-0.070398109186018,0.0529789697784159,0.000471116334607276,-0.0180072522968243,2.376505232011e-05,-0.000376612804158941,0.00475725357009045,-9.46180434345238e-06,0.00146961954889995,-0.000788857321438936,-0.000331443665663942,2.39445855556647e-06,0.0725470050086263,0.189527355365766,3.01607595119546e-05,2.31785831922911e-05,-8.77415038694207e-07,2.89497356956124e-05,0.00388129626758067,-0.0668846648330708,-0.402369080111072,-2.391965417195e-07,2.42567365372499e-05,-0.47184918241239,0.00384598661183535,-1.59011041603123e-05,3.39087197360685e-06,-0.000597026641854955,5.70050351945354e-06,-2.37892262667204e-05,-0.0731823289314234,-1.29754245082464e-06,-7.63742123022736e-07,-5.00524772281872e-05,0.000146172270548525,-6.18361320213479e-06,-0.0136463683816638,1.89566437311384e-07,0.00927525284211614,3.32369136752872e-08,1.45558154514851e-05,-1.8448113133715e-06,-0.024169735137523,-1.32219163995453e-16,0.000102164349835851,4.00107669634134e-06,3.78416777582248e-06,-1.11022302462516e-16,-1.12363743141192e-06,9.26342336171615e-16,-4.71948812957184e-06,-0.0015109841177213,-7.63712010298789e-16,5.61442825952442e-05,2.08166817117217e-17,7.75388312981101e-16,-2.75995882968879e-06,2.16176918088617e-07,6.44315122985495e-15,7.01772942823118e-16,-1.4212326677832e-14,0.707106781186547,2.02538705369914e-17,2.23714709112866e-16,-5.40308325608849e-05,4.05996739967746e-16,9.33639114712899e-06,-4.25543163019476e-16,-3.09940087666119e-07,6.66720951393826e-17,4.30211422042248e-16,3.04146702976225e-16,-1.52105597321588e-16,1.53201990378184e-16,-1.49977898427919e-16,-3.03555659153246e-16,-8.32667268468867e-17,-1.38777878078145e-17,-1.54390389361936e-16,-2.42861286636753e-17,5.20417042793042e-17,-1.50365251482424e-16,-2.18316878282856e-16,-9.44647736247641e-17,-1.48723589072138e-16,3.62013465109911e-17
"t47",0.0925947247891822,0.18872661022904,-0.0118390429960261,-0.070398109186018,0.0529789697784159,0.000471116334607273,-0.0180072522968243,2.37650523201062e-05,-0.000376612804158949,0.00475725357009046,-9.46180434344576e-06,0.00146961954889996,-0.000788857321438928,-0.00033144366566395,2.39445855558913e-06,0.0725470050086264,0.189527355365766,3.01607595119963e-05,2.31785831923462e-05,-8.77415038680329e-07,2.8949735695543e-05,0.00388129626758073,-0.0668846648330706,-0.402369080111072,-2.39196541795827e-07,2.42567365371718e-05,-0.47184918241239,0.00384598661183538,-1.5901104160235e-05,3.39087197354787e-06,-0.00059702664185486,5.70050351929221e-06,-2.37892262666822e-05,-0.0731823289314235,-1.29754245067198e-06,-7.63742123030542e-07,-5.00524772281451e-05,0.000146172270548101,-6.18361320200989e-06,-0.013646368381664,1.89566437054645e-07,0.00927525284211618,3.32369133998998e-08,1.45558154515264e-05,-1.84481131330905e-06,-0.0241697351375228,2.04365018889391e-17,0.000102164349836566,4.00107669626404e-06,3.78416777601482e-06,3.7470027081099e-16,-1.12363743200866e-06,-7.25114412958305e-16,-4.71948812944586e-06,-0.00151098411772138,3.16153353496773e-16,5.6144282595128e-05,-1.87350135405495e-16,-1.2261335213129e-15,-2.75995882810715e-06,2.16176917082478e-07,-6.54645815826914e-15,-6.28759963457649e-16,1.40315735962716e-14,-0.707106781186547,-3.78593659618947e-17,-3.10580121587431e-16,-5.40308325603645e-05,-4.5511728299693e-16,9.33639114687398e-06,3.03040696886993e-16,-3.09940087411115e-07,-9.63919116447139e-17,0,-2.54434256314081e-16,-4.10832949660542e-17,-2.08054173524632e-16,1.91576404601549e-17,3.59108708585051e-16,-1.28369537222284e-16,2.35922392732846e-16,-1.04950770296597e-16,2.77555756156289e-17,6.93889390390723e-17,1.96579443703944e-16,2.67405694954791e-16,8.59464677764555e-17,-1.34845801450015e-16,1.08192370409407e-16
"t25",0.0926674773116058,0.189682369505005,-0.0119065450425179,-0.0708564957828197,0.053537181366597,0.00047832226410427,-0.0183368354275757,2.43166101675877e-05,-0.000388372959871193,0.00495566025379348,-9.86776195580987e-06,0.00153335852552834,-0.000862552426458776,-0.00037224545740848,3.11002279934971e-06,0.109168549974668,0.297248129541087,5.33332751011424e-05,5.43903946041691e-05,-2.53398756750942e-06,8.96834352496312e-05,-0.0146088811696645,0.12281164325826,0.256145167847467,1.2933080218748e-08,-5.76060682190137e-07,-0.00723872478000982,6.55719264326064e-05,-2.28974760323029e-06,6.1442362829945e-07,-0.000122440503746032,1.19163961906322e-06,-4.90744949032881e-06,-0.0141741249783372,-2.12748908493682e-07,-4.38477735088642e-08,-1.67979238946956e-06,2.82071071263561e-06,1.9044771006416e-06,0.00841324322301587,-1.37393473367484e-07,-0.00900335839070252,-8.47597554648884e-08,-8.21364126908666e-05,1.2266770794443e-05,0.868525255091385,2.28356137381619e-15,0.000525073613918804,1.06712374602201e-05,9.78046044514068e-06,4.51548520796763e-15,-2.82274132549359e-06,8.70831184940357e-16,-8.99818439605807e-06,-0.00262477922674177,-9.32793339097904e-16,9.64598332166525e-05,-2.95770352654046e-16,-9.43191506236329e-17,-4.37744647514176e-06,3.02993693973228e-07,1.81626294946432e-16,-4.41331770379198e-16,-1.83538913983544e-16,1.28976189465994e-16,-3.78785508443687e-17,5.50303979358354e-17,-6.84119115969845e-05,-8.97781358904463e-17,1.15254479216421e-05,1.89412795264279e-17,-3.72915980982689e-07,7.79316572769845e-17,-2.25514051876985e-17,-2.07702814788177e-16,-4.44894708877968e-17,-9.64496982804515e-17,-3.27147823721453e-16,-1.2139654935273e-16,-8.02309607639273e-17,2.81892564846231e-16,6.96057794735694e-17,3.94649590784724e-17,1.21430643318376e-16,1.83443890673423e-16,2.77518768497141e-17,2.96561956426918e-17,-5.57858909817358e-17,4.66922824857886e-17
"t75",0.0927860190973563,0.191186316321474,-0.0120122405901276,-0.0715698184822967,0.054380695018551,0.000488866546243748,-0.0188099968671811,2.50855783640293e-05,-0.000404066403903295,0.00520726470762689,-1.03797687285972e-05,0.00161357949978026,-0.0009400530834253,-0.000411921286899232,3.63349601514724e-06,0.131669957860928,0.360953616486661,6.58193552155253e-05,6.88403506658867e-05,-3.24560433591359e-06,0.000115239424036071,-0.0198472874233127,0.169652081381931,0.367784690471788,2.02008727870351e-08,-9.09324552674125e-07,-0.0116132422346124,0.000105281651880604,-4.05428279984683e-06,1.16620413073351e-06,-0.000259492634148496,2.76791646495241e-06,-1.23989755878521e-05,-0.0416467564956972,-8.09945719259034e-07,-5.55875138962339e-07,-3.72835021924844e-05,0.000110296819210477,-5.74563266884411e-06,-0.0145281781033699,2.10378767375591e-07,0.011222518794083,6.06106704540603e-08,4.35969829188461e-05,-6.22555260624495e-06,-0.347629383987734,-8.05280590839642e-16,-0.000105444720212487,-3.48468056520954e-07,-2.07544387338275e-07,-1.48926010412609e-15,2.971992917912e-08,-2.53486467927111e-16,-1.02092863324846e-06,-0.000434197555845419,2.53161207275365e-16,1.65907335721986e-05,3.29597460435593e-16,3.26994292739459e-16,-9.74338189880229e-07,9.47763570714744e-08,2.6460921185243e-16,3.11019247916608e-16,2.16095850813148e-16,1.93985756398737e-16,8.63936834551626e-17,-7.6743388704374e-17,-2.74548740640743e-05,3.38710399353551e-16,4.9106404293453e-06,9.52406780469258e-17,-1.68733331692289e-07,5.06317703207853e-16,1.73472347597681e-17,2.17142991954501e-15,-5.97303169644716e-15,6.57423158195597e-14,-0.707106781186547,-2.22626338332562e-15,5.61183044478497e-15,-2.65759636519647e-15,6.35992994379997e-16,2.38524477946811e-17,1.57859836313889e-16,2.33036057700296e-18,7.05623163758181e-17,8.8625582469552e-17,-1.89214195516663e-17,-1.0657885446549e-16
"t76",0.0927860190973563,0.191186316321474,-0.0120122405901276,-0.0715698184822967,0.054380695018551,0.000488866546243721,-0.0188099968671811,2.50855783640268e-05,-0.00040406640390328,0.0052072647076269,-1.03797687286053e-05,0.00161357949978026,-0.000940053083425308,-0.000411921286899265,3.63349601517277e-06,0.131669957860928,0.360953616486661,6.5819355215567e-05,6.88403506659426e-05,-3.2456043360142e-06,0.000115239424036082,-0.0198472874233126,0.169652081381931,0.367784690471788,2.02008727991781e-08,-9.09324552712289e-07,-0.0116132422346125,0.000105281651880633,-4.05428279985542e-06,1.16620413085407e-06,-0.000259492634148472,2.76791646471172e-06,-1.23989755879137e-05,-0.0416467564956972,-8.09945719121991e-07,-5.55875138910731e-07,-3.72835021925757e-05,0.000110296819210335,-5.74563266890395e-06,-0.0145281781033698,2.10378767207323e-07,0.011222518794083,6.06106702484956e-08,4.35969829189108e-05,-6.22555260608969e-06,-0.347629383987733,-9.30180681143803e-16,-0.00010544472021253,-3.4846805641885e-07,-2.07544387355026e-07,-1.59854768311263e-15,2.9719929016056e-08,-4.63821689389299e-16,-1.020928633257e-06,-0.000434197555845435,2.94144049395317e-16,1.6590733572196e-05,-1.85615411929518e-16,-3.82892678055749e-16,-9.7433818959259e-07,9.47763573368871e-08,-2.80093959574062e-16,1.59230944432121e-16,-3.80411383703005e-17,-2.01578629950194e-16,-5.36852369439457e-17,2.12955432447336e-16,-2.7454874063795e-05,-2.95398793786282e-16,4.9106404290478e-06,-1.80580354624641e-16,-1.68733332259544e-07,-6.64620642549087e-16,3.92047505570758e-16,-2.16190932311326e-15,5.94798803187553e-15,-6.57219680834583e-14,0.707106781186548,2.47136779077957e-15,-5.57453389005147e-15,2.67147415300428e-15,-7.01045124729127e-16,-3.58220397789211e-16,7.80625564189563e-18,4.04942771934096e-17,-9.94405836911723e-17,-2.23967182803782e-17,-1.19825223903063e-17,-2.73112301744878e-16
"t35",0.0925537588995352,0.188202019193147,-0.011802126705045,-0.0701485546811773,0.0526815379389824,0.000467366117530241,-0.0178381030540177,2.34879877132624e-05,-0.000370891730607719,0.00466427769598558,-9.27232814611308e-06,0.0014399160001504,-0.000758803152305309,-0.000315764510112344,2.17583167496637e-06,0.0629986326256144,0.162476784857795,2.48804926313018e-05,1.72444920474451e-05,-5.93469120541146e-07,1.88549575771031e-05,0.00503495555043825,-0.0713135376379062,-0.33991090188158,-2.08174644120152e-08,-4.91278783780469e-06,0.525546658464265,-0.0045730381009889,-3.14418841734782e-05,5.37660095906861e-06,-0.000837243605367591,7.62903487353146e-06,-3.10061233114584e-05,-0.0926430395011068,-1.60009862760352e-06,-9.11119770239874e-07,-5.94781696103943e-05,0.000173341161095618,-7.16028364145839e-06,-0.0156580401765766,2.1703076412416e-07,0.0105764202005595,3.73676513894076e-08,1.60993141892325e-05,-2.03088239509978e-06,-0.0232955530591741,5.99908647847446e-17,0.000117091498448088,4.51534768069301e-06,4.26734156638332e-06,9.0205620750794e-17,-1.26623105416862e-06,-4.02022165557625e-16,-5.27857619014329e-06,-0.00168477413181428,-6.5373054192186e-15,6.25772194698098e-05,-1.21083698623181e-14,0.707106781186548,-3.06673585140664e-06,2.38813995055015e-07,1.01979922289179e-15,1.46549029623664e-15,-2.76123276545204e-15,-1.36983214544372e-15,-2.56693210138042e-17,2.96585287059755e-16,-5.93134837601553e-05,-5.08090838325945e-16,1.02297186912927e-05,2.25493126465232e-16,-3.38879502298148e-07,-3.81190284470217e-17,1.59594559789866e-16,1.34188745304309e-17,-1.55533716299749e-16,-4.64272309924927e-17,8.29312451995563e-17,4.36804356075143e-17,1.38777878078145e-17,-8.32667268468867e-17,-5.20417042793042e-17,-7.63278329429795e-17,1.16226472890446e-16,-3.84798849721507e-17,-8.07909446162855e-18,2.51892523680414e-17,-4.47725973907491e-17,-3.71001407562215e-17
"t36",0.0925537588995352,0.188202019193147,-0.011802126705045,-0.0701485546811773,0.0526815379389824,0.000467366117530187,-0.0178381030540177,2.34879877132458e-05,-0.000370891730607689,0.00466427769598559,-9.27232814611321e-06,0.00143991600015039,-0.000758803152305303,-0.000315764510112321,2.17583167497348e-06,0.0629986326256144,0.162476784857795,2.48804926312879e-05,1.72444920474137e-05,-5.93469120527268e-07,1.88549575771222e-05,0.00503495555043824,-0.0713135376379063,-0.33991090188158,-2.08174644605874e-08,-4.91278783767198e-06,0.525546658464266,-0.0045730381009889,-3.14418841734999e-05,5.37660095915188e-06,-0.000837243605367553,7.62903487386887e-06,-3.10061233113647e-05,-0.0926430395011071,-1.60009862769372e-06,-9.11119770428091e-07,-5.94781696102793e-05,0.000173341161095684,-7.16028364150002e-06,-0.0156580401765766,2.17030764068649e-07,0.0105764202005591,3.73676509388132e-08,1.60993141895194e-05,-2.030882394706e-06,-0.0232955530591742,-1.34298164523528e-16,0.000117091498448258,4.51534768032265e-06,4.26734156727128e-06,-8.22258927613007e-16,-1.26623105434209e-06,4.861562541425e-16,-5.27857619027784e-06,-0.00168477413181468,6.25107604568242e-15,6.25772194702079e-05,1.20875531806064e-14,-0.707106781186547,-3.06673614411911e-06,2.38813995252773e-07,-1.17636069769318e-15,-1.47920280419862e-15,2.7924844428898e-15,1.10227078056842e-15,4.6883398229796e-18,-2.91485971286235e-16,-5.93134837598847e-05,5.24015419771245e-16,1.02297186916223e-05,-1.38798803490377e-16,-3.38879502341516e-07,7.11685505433416e-17,-3.46944695195361e-17,2.81640240777799e-17,-1.00022565063367e-16,8.17254657966508e-17,-9.9865241080815e-17,6.79665642741936e-17,-6.93889390390723e-17,4.16333634234434e-17,-2.86229373536173e-17,-2.25514051876985e-17,3.64291929955129e-17,2.91743305908218e-17,-2.87492403424087e-18,1.36211554827376e-16,-9.33448547252689e-17,2.18804574098243e-17
"t19",0.0922327537272987,0.184060359334325,-0.0115103378038928,-0.068173170801224,0.0503096572895378,0.000437188289144289,-0.0164689761385033,2.12233743777828e-05,-0.000323353697907398,0.00387424209697162,-7.6580961710673e-06,0.0011866002242044,-0.000470585376823939,-0.000153570453126111,-1.71685174939693e-06,0.265519717555071,-0.329573697789689,-0.000448322150242701,0.000284931515737954,-8.55407290029087e-06,0.000277506681893327,-0.0167076154576322,0.101570459454769,0.0170844513892865,-6.54992609646493e-08,5.27391595370923e-06,-0.00568890194915933,-2.11551034346139e-05,-1.15946390048518e-05,1.9727190862795e-06,-0.000259639010427745,1.88042469062306e-06,-5.72096948727244e-06,-0.00708542067208671,-5.63695599191394e-08,7.27026975446462e-07,5.57303774299069e-05,-0.000177236309646848,2.63814235923719e-05,0.0827910955686637,-4.25473606065901e-06,-0.861081520701563,3.48604439804365e-07,9.52313070986441e-05,-1.12502121488315e-05,-0.0221857822298381,-9.68955474181488e-16,0.00051505892373189,1.53942802094934e-05,1.4330786162359e-05,-4.90059381963448e-16,-4.19338969937649e-06,-3.84674930797857e-16,-1.49975931500787e-05,-0.00245831856837245,-2.93818788743572e-17,0.000167868939815781,2.81025203108243e-16,2.40583332405153e-16,-7.71368202591774e-06,5.44527407926251e-07,-4.99428521248769e-17,-3.73957424414466e-17,-7.82080235016284e-17,-2.19817028926438e-17,5.12450080264589e-17,1.05057052696731e-16,-0.000123270513054486,-5.07001834354944e-17,2.07255028627645e-05,-5.87623691837795e-16,-6.68277342746534e-07,8.10552023553311e-17,-4.68375338513738e-16,4.83737327603014e-17,-1.2918431975817e-17,1.1457873438984e-16,4.25464972873674e-18,1.08219460692823e-16,-1.24032728532342e-16,8.67361737988404e-17,-1.03649727689614e-16,-3.64291929955129e-17,-1.50920942409982e-16,-2.2243173367175e-18,-2.24716412052906e-17,-7.00886935922215e-17,-1.95273352981404e-16,-3.06655632478637e-16
"t63",0.0923677937828195,0.185734785429786,-0.0116276144613623,-0.0689612388638866,0.051221767557673,0.000448304036424312,-0.0169598080909998,2.20002350336757e-05,-0.000338527573965382,0.00410356173289506,-8.12154063515001e-06,0.00125901693055393,-0.000520614425158159,-0.000173062140543622,-2.06932439466867e-06,0.333279827253238,-0.417314070820962,-0.000579742942074211,0.000380937573772718,-1.1619764467341e-05,0.000378596193977461,-0.024605842759756,0.153142612896515,0.0272344912929017,-1.18616168979027e-07,9.71112266356629e-06,-0.0107499248337299,-4.00262135973339e-05,-2.58752657173851e-05,5.00314634507143e-06,-0.000825869781355847,7.43669921127264e-06,-2.85848209195909e-05,-0.0621811340232127,5.07436449022521e-06,-2.21006624037332e-06,-0.000142494351271552,0.000414641615125262,-2.24731406741428e-05,-0.0459759069110298,2.11724776728872e-06,0.34916015876618,-7.03639560035909e-08,-1.13610593763159e-05,1.2191037486722e-06,0.00125035535109562,3.02220739956256e-16,2.46789849384964e-05,2.22403547554763e-06,2.16900715067442e-06,5.08273978461204e-16,-6.618238413518e-07,1.87566975839992e-16,-3.53487221265011e-06,-0.000663624662425517,-8.16404235881585e-17,4.60558209522078e-05,1.45716771982052e-16,1.98513193704774e-16,-2.38205423938576e-06,2.03000795291619e-07,8.43430346902276e-16,-1.64004031347636e-17,-1.00717827132722e-16,1.41492568163072e-16,1.00987283472987e-17,-1.70328601778927e-16,-5.41130934126628e-05,2.68485987862815e-16,9.49479752284689e-06,1.50703608113858e-15,-3.20011239119712e-07,-0.707106781186548,-5.89805981832114e-17,4.24932870267689e-16,3.50723851619368e-16,-1.35242168114067e-16,-4.43822438355224e-16,5.57869997238562e-16,-2.28983498828939e-16,-3.64291929955129e-17,-1.92120624964431e-16,-2.19442519711066e-16,4.68375338513738e-17,-2.03981949299499e-16,2.15772516006435e-16,7.78720315319973e-17,1.73812705860504e-16,2.86599755450744e-17
"t64",0.0923677937828195,0.185734785429786,-0.0116276144613623,-0.0689612388638866,0.051221767557673,0.000448304036424313,-0.0169598080909998,2.200023503367e-05,-0.000338527573965398,0.00410356173289507,-8.12154063514563e-06,0.00125901693055389,-0.000520614425158156,-0.000173062140543605,-2.06932439465601e-06,0.333279827253238,-0.417314070820962,-0.000579742942074211,0.000380937573772713,-1.1619764467348e-05,0.00037859619397747,-0.0246058427597559,0.153142612896515,0.0272344912929018,-1.18616168937394e-07,9.71112266352639e-06,-0.01074992483373,-4.00262135972699e-05,-2.58752657173419e-05,5.00314634512868e-06,-0.000825869781355864,7.43669921136241e-06,-2.85848209195302e-05,-0.0621811340232126,5.07436449028592e-06,-2.21006624045181e-06,-0.000142494351271496,0.000414641615125226,-2.24731406739355e-05,-0.0459759069110299,2.11724776717423e-06,0.34916015876618,-7.03639561328278e-08,-1.13610593761544e-05,1.21910374837296e-06,0.00125035535109546,4.0109997803167e-16,2.46789849385831e-05,2.2240354753867e-06,2.16900715082881e-06,2.09034178855205e-16,-6.61823841402107e-07,3.77085515590458e-16,-3.53487221254418e-06,-0.000663624662425543,-3.17345975886507e-16,4.6055820952256e-05,-6.24500451351651e-16,-3.92338162440765e-16,-2.38205423902591e-06,2.03000795605604e-07,-7.57719421366318e-16,9.33208580051455e-17,2.17061829711665e-16,-7.47125915883314e-17,1.56063673505761e-18,1.57534136234911e-16,-5.41130934125014e-05,-2.60923156748014e-16,9.49479752254592e-06,-1.14015194329527e-15,-3.20011234985866e-07,0.707106781186547,8.29197821516914e-16,-4.93603209573701e-16,-3.77860005444492e-16,2.36476610842096e-17,4.29881882877894e-16,-5.41944684244078e-16,8.67361737988404e-17,2.02962646689286e-16,4.17200995972422e-16,1.39645239816133e-16,1.50053580671994e-16,3.30312881571812e-16,-1.81045478042975e-16,2.75650538906642e-17,-1.33233343400783e-16,-5.26551756557639e-17
"t29",0.0793970370741299,-0.0196896953274327,0.0275600287816642,0.295383502452916,0.113627347012628,0.00232297228854952,-0.0257211469891058,0.000117220706646926,-0.00119137804393467,0.00563414767803763,-3.43394353263242e-05,0.00185355611592119,-0.00157041558333943,-0.000288873252129831,2.62613865152343e-06,-0.000362095175173439,0.000338282010173357,-3.50653772887739e-05,3.12776303111351e-05,-1.64782005937329e-06,5.22937735213031e-05,-0.000484140569531973,0.00044466604212266,-6.13284943344252e-05,-4.31963380264841e-08,5.5928646835457e-06,-2.57125866178275e-06,-8.55729013351025e-05,4.96027221622873e-05,-1.44293052358516e-05,0.00126248095285044,-2.27992590527148e-05,8.01169587082368e-05,0.000351813062083488,-9.1861387358894e-05,8.85716704003271e-05,0.00795768758708358,-0.338341957306404,-5.96913322649473e-05,-3.47764144092508e-05,2.13812721987575e-07,-4.10710358262572e-05,-4.5013443526889e-07,-0.000158533825678067,3.97298928492137e-05,0.000336384142218485,-4.34149958454348e-15,-0.871113939466343,0.000108847830762792,-0.0824999083941641,7.7709106510726e-15,-5.42995507896347e-05,1.28781534047828e-15,-6.71133249542869e-05,-5.28192184016221e-05,1.43263764566803e-15,0.00066900918084849,-3.0964814046186e-16,-1.59201851441474e-16,-5.21479088030652e-05,3.18532696692679e-06,2.70675884977999e-17,-5.5373938796151e-17,-8.45849762693925e-17,-3.76783694385069e-16,-3.16751598728618e-16,1.91327507952205e-16,-0.000355624569747962,1.75359338914743e-16,0.0195324858315101,-7.99107579925825e-17,-3.19914026813582e-06,8.55431206643349e-17,1.49186218934005e-16,1.89980908335586e-16,-1.0568314474001e-17,-6.47496713145761e-17,-7.50171756736425e-17,5.35537953237268e-17,-1.36609473733174e-16,-1.73472347597681e-17,-1.16334893107695e-16,1.03866568124111e-16,1.42030484595601e-16,3.22502138968321e-16,1.18068566199556e-16,2.64505132631209e-17,-2.31829172986728e-17,1.06226386231193e-16
"t95",0.0797476268961648,-0.0202360074044246,0.0284178588456708,0.305835943264866,0.11999554227939,0.00250756945782532,-0.0281330286037723,0.000130862021061063,-0.00137198946992066,0.00673255181535011,-4.11985394472876e-05,0.00222722953807749,-0.00216483446381129,-0.000424194946363519,4.93686990157021e-06,-0.000803236647220391,0.000779295991071377,-8.8776196555891e-05,9.30761044385563e-05,-5.33079031967733e-06,0.000173200811913506,-0.00263882088642612,0.0029617281135107,-0.00080409803453983,6.24622268575493e-07,-6.50298769389064e-05,2.30956822357491e-05,0.000760319559447845,-0.000197000602269311,4.26774732298391e-05,-0.00276416587385656,4.21724221177179e-05,-0.000131865609158254,-0.000497185791349574,0.000110275537499581,-8.39396777255147e-05,-0.00734446477875491,0.308182576659127,5.67037152774049e-05,6.85176462345642e-05,-1.02020181217376e-06,-5.93858835053931e-05,-1.47957878472976e-08,6.46535525077404e-06,-1.85058592232896e-06,-2.21079146949092e-05,2.21350275655656e-16,0.0663681500939326,-2.32759142374189e-05,-0.386730504886263,1.4695926767172e-14,-6.95790034652448e-06,8.48225569644034e-16,-4.76801578044419e-07,-1.17337106447235e-06,-3.03739238621814e-16,1.64059147475296e-05,6.80878964320897e-17,-3.4802795577476e-16,-2.3539226741473e-06,3.14609597354106e-07,6.78438402025577e-18,-7.68822588195077e-17,1.16751699694767e-16,-4.00789225998872e-16,1.1793085260179e-16,-7.82904362728229e-16,-9.71971391680107e-05,5.23312346653268e-16,0.35142689127469,3.4538293290922e-16,4.16133377585063e-08,1.66095932907928e-16,1.12323345069498e-15,6.34339667692213e-16,-4.74499846228156e-16,4.32553544080442e-17,-6.25095875806196e-17,1.83096213097751e-17,-3.41523684332934e-16,-1.94939550612894e-16,-3.71881345162528e-17,-7.91467585914418e-17,-1.68376597386999e-16,-5.87357434396894e-16,2.54002458265771e-17,0.707106781186547,7.86927562684273e-16,-1.05914785886385e-16
"t96",0.0797476268961648,-0.0202360074044245,0.0284178588456708,0.305835943264866,0.11999554227939,0.0025075694578253,-0.0281330286037723,0.000130862021061061,-0.00137198946992067,0.00673255181535011,-4.11985394472799e-05,0.00222722953807749,-0.00216483446381127,-0.000424194946363498,4.93686990157384e-06,-0.000803236647220405,0.000779295991071404,-8.87761965558675e-05,9.30761044385734e-05,-5.33079031975192e-06,0.000173200811913556,-0.00263882088642616,0.0029617281135107,-0.000804098034539797,6.24622268669602e-07,-6.50298769388493e-05,2.30956822357884e-05,0.000760319559447847,-0.000197000602269322,4.26774732298805e-05,-0.00276416587385654,4.21724221177057e-05,-0.000131865609158241,-0.000497185791349543,0.000110275537499597,-8.39396777256661e-05,-0.00734446477875488,0.308182576659128,5.67037152773891e-05,6.85176462345347e-05,-1.02020181207358e-06,-5.93858835053753e-05,-1.47957880880446e-08,6.4653552510934e-06,-1.85058592228819e-06,-2.2107914694969e-05,2.70612465895354e-17,0.0663681500939326,-2.3275914237333e-05,-0.386730504886263,1.40906166942734e-14,-6.95790034652838e-06,8.28628615376359e-16,-4.76801577994485e-07,-1.17337106447925e-06,-1.19777235005336e-16,1.64059147474315e-05,3.16587034365767e-16,6.73726452119541e-17,-2.35392267430249e-06,3.14609597320279e-07,-5.56656612622556e-17,-1.32393413309774e-16,-1.2264014023592e-16,3.40910415487321e-17,-5.5758337123777e-17,-9.42498926741731e-16,-9.71971391679118e-05,6.05183163433033e-16,0.35142689127469,5.3967196201391e-16,4.16133378964168e-08,1.03645884740221e-16,2.26381413614973e-16,-1.97460241050177e-16,1.91633959860669e-16,8.83581622609993e-17,1.81652739976949e-16,-1.20468264019999e-16,-2.92951427005583e-16,7.04080890812087e-16,2.01065292887437e-16,4.45607092891542e-17,3.81530744497649e-16,2.86943196555268e-16,-4.16954244302651e-16,-0.707106781186548,-7.95140268800366e-16,-1.29333595084963e-16
"t62",0.0797155842442872,-0.0201862169055897,0.0283397078037253,0.30488416455432,0.119417022703299,0.00249084214931029,-0.0279148006643097,0.000129630544975085,-0.0013557390272388,0.00663409937429319,-4.05839899166302e-05,0.00219375501159617,-0.00211225673836431,-0.000412287269636466,4.73694815061123e-06,-0.000765407866175615,0.000741546317058853,-8.41978787386385e-05,8.78409465819446e-05,-5.01966209512372e-06,0.000162994433308932,-0.00245908179903714,0.0027524382021543,-0.000742768143193503,5.70191840475881e-07,-5.92820066060004e-05,2.10111111444133e-05,0.000691626329456125,-0.000177191802793633,3.81180565054411e-05,-0.00244501725884741,3.70448485641581e-05,-0.000115182411184613,-0.000430558389448684,9.44198783405514e-05,-7.01687698426326e-05,-0.00611491399187921,0.256008332846142,4.5436685006537e-05,5.38099121197588e-05,-7.96894371796197e-07,-4.59183289147202e-05,-1.1070280098429e-08,4.74057764723961e-06,-1.35264560519911e-06,-1.58892427103208e-05,2.12821341472593e-17,0.0454868673157621,-1.48045976560544e-05,-0.244192509543322,8.64065763384048e-15,-4.36192827253656e-06,7.3595643468316e-16,-2.64008009837188e-07,-5.91804553095405e-07,-2.81892564846231e-18,8.15090351782323e-06,-1.76941794549634e-16,-3.46224640314531e-16,-9.9936883729947e-07,5.27413751422179e-08,-2.48671287817456e-18,-2.34802855534523e-16,-4.54912472269394e-17,5.36023557847383e-17,6.46601698087993e-16,1.71261378722227e-15,9.043464863355e-05,-1.49314862657213e-15,-0.86369519531476,-1.25797449561461e-15,-1.81922035170316e-06,-1.53937079120028e-16,-4.23272528138341e-16,-3.30885594551109e-16,1.32760012719609e-16,1.05928159278255e-16,-1.7848095660346e-16,2.11258268168273e-16,4.30211422042248e-16,-7.63278329429795e-17,-1.21430643318376e-16,-7.54604712049911e-17,5.89805981832114e-17,4.88680603556203e-16,-7.09143162392344e-17,3.29615768374008e-18,-1.9606012434979e-16,-8.45461598071772e-17
"t91",0.0797149907981527,-0.0201851243388474,0.0283379550724934,0.304862241539578,0.119402032896164,0.00249035620137424,-0.0279080554500225,0.000129588975030467,-0.00135512167428234,0.00662987705183612,-4.05573135487202e-05,0.00219229523168064,-0.00210907780705591,-0.000411482506025783,4.71855834535774e-06,-0.000761412365137963,0.000737451960289865,-8.36706773372446e-05,8.7184662870898e-05,-4.97919181152891e-06,0.000161653928191663,-0.00243166768835935,0.00271924337579821,-0.000732200786646103,5.59294949172527e-07,-5.81122139136634e-05,2.05763875234252e-05,0.000677284127186484,-0.000172491413620896,3.69518492542671e-05,-0.00235487716144746,3.54946055932454e-05,-0.000109861068433559,-0.000407548075407905,8.83631161827272e-05,-6.37354603031225e-05,-0.00552151453337288,0.230365737110624,3.81134017650793e-05,4.26961173337055e-05,-6.21249012916318e-07,-3.44973599488236e-05,-7.03723012848712e-09,2.56505187198765e-06,-7.09267665854538e-07,-6.72682477516954e-06,1.63120323792295e-16,-0.000391805455049531,2.81338443495198e-05,0.563068469394788,-2.18774651172815e-14,1.21984714188247e-05,-1.29106794699574e-15,-2.21162556816686e-06,-2.96340486942715e-06,5.29849601693666e-16,3.9456848538635e-05,3.46944695195361e-17,4.9123645286216e-16,-4.24999223770718e-06,4.02663433358638e-07,1.08999661258322e-16,1.21729819802755e-16,1.0544830122677e-16,-3.08007312817556e-16,-6.46770382203855e-16,-3.03103586008536e-16,-6.90342900335683e-05,1.10684207877639e-18,0.0558519343646576,3.48583050295084e-18,-5.71405704816305e-07,-1.01067172961554e-16,-4.52762827229947e-16,-4.34972502384777e-16,-4.87324477054105e-16,-5.68623002439599e-16,-1.20934651385555e-16,-1.14824396887074e-16,-1.56125112837913e-17,-1.75640751942652e-16,-1.8550699171227e-16,7.70867744637194e-16,-1.17831092105725e-15,2.62913157380095e-13,-0.707106781186547,2.53990432992542e-16,-1.56841357151389e-16,-1.46101339759255e-16
"t92",0.0797149907981527,-0.0201851243388474,0.0283379550724933,0.304862241539578,0.119402032896164,0.00249035620137422,-0.0279080554500225,0.00012958897503045,-0.00135512167428234,0.0066298770518361,-4.05573135487344e-05,0.00219229523168066,-0.00210907780705591,-0.000411482506025844,4.71855834536936e-06,-0.000761412365137979,0.00073745196028987,-8.3670677337248e-05,8.71846628709232e-05,-4.97919181153411e-06,0.000161653928191694,-0.00243166768835933,0.00271924337579822,-0.0007322007866461,5.59294949150843e-07,-5.81122139136307e-05,2.05763875234697e-05,0.000677284127186476,-0.000172491413620914,3.6951849254281e-05,-0.00235487716144744,3.54946055932654e-05,-0.000109861068433497,-0.000407548075407796,8.83631161828161e-05,-6.37354603031263e-05,-0.00552151453337295,0.230365737110624,3.81134017650637e-05,4.26961173336747e-05,-6.21249012937135e-07,-3.44973599488569e-05,-7.03723010441783e-09,2.56505187183595e-06,-7.09267666009795e-07,-6.72682477521087e-06,-1.72909177896739e-17,-0.000391805455049012,2.81338443494214e-05,0.563068469394787,-2.22486959411405e-14,1.21984714189175e-05,-9.66024135684584e-16,-2.2116255681561e-06,-2.96340486934656e-06,-8.64922283100311e-16,3.94568485386063e-05,-2.61943244872498e-16,2.70966302547639e-16,-4.24999223777714e-06,4.02663433287515e-07,9.16524265519411e-17,6.36165845352196e-17,5.68760439868892e-17,3.16859056802688e-16,-2.75105876891606e-16,4.48031680524728e-16,-6.90342900336541e-05,4.9123398660048e-16,0.0558519343646577,5.20580878922475e-17,-5.71405704823677e-07,-1.95351685492544e-17,-3.12250225675825e-16,1.1146539323251e-16,2.62076067516057e-16,3.64007707188123e-16,1.68330488804596e-16,1.41914680012432e-16,-2.5283594662362e-16,-3.46944695195361e-18,1.58835618269126e-16,-9.39352762241441e-16,1.42941214420489e-15,-2.63037653300997e-13,0.707106781186549,-1.62343197480445e-16,-3.88801536083006e-17,1.20178727973904e-16
"t54",0.0795420335805351,-0.0199144685405063,0.027912711004369,0.299676856196456,0.116231507316007,0.00239809067093817,-0.0266997445009696,0.000122730488516153,-0.00126383012994899,0.00607123025708447,-3.70664757984497e-05,0.00200207132427397,-0.00179987110369855,-0.000340435485677465,3.46548980647228e-06,-0.000517721271476982,0.000492880692683472,-5.36082646924833e-05,5.20994905746789e-05,-2.87430886777504e-06,9.24298024085413e-05,-0.00115994893108136,0.00122036884372632,-0.000280823300312379,1.35816271383885e-07,-1.30961754822381e-05,4.08624815084677e-06,0.000133618830359693,-6.5491697918758e-06,-2.68156520987026e-06,0.000571802654045012,-1.34514881729227e-05,5.48492079967735e-05,0.000286649776380849,-8.98245898085211e-05,0.000121836710659436,0.0116208310360426,-0.51151825146668,-0.000196688483103044,-0.000372890374843323,6.36035979682814e-06,0.00049272568576092,8.67799335360912e-07,0.000187420767187184,-4.40463764006631e-05,-0.000272811831630496,2.11411256553909e-15,0.339316766832539,-1.40767879963644e-05,-0.0132401085386666,-3.00540842212982e-16,4.30353829830241e-06,-8.32233587599873e-16,-4.91648390893413e-06,-7.11255184719634e-06,-1.92012204747183e-16,9.51483523592758e-05,-3.36536354339501e-16,1.1780486599609e-16,-1.03789115334521e-05,9.39764141529714e-07,1.12238400695858e-15,-4.81671498954147e-16,4.13108567473485e-19,2.30693602174699e-16,6.0049287547701e-16,3.98858598430206e-15,-0.000137229693749253,0.707106781186547,0.0142904149208247,2.38612742766997e-15,-1.3739665757303e-06,1.78736850016674e-16,7.45931094670027e-17,-1.39134119039128e-16,-1.55793292353186e-16,-2.14255219733954e-16,1.77820971906175e-16,4.8325064106636e-16,1.05818132034585e-16,-1.28369537222284e-16,-3.49113099540332e-17,-1.49186218934005e-16,-4.20670442924376e-17,-4.35004186608708e-16,-5.47628342409616e-16,1.3049718126492e-16,-5.43157725627957e-17,-4.29297692727335e-17
"t55",0.0795420335805351,-0.0199144685405063,0.027912711004369,0.299676856196456,0.116231507316007,0.00239809067093818,-0.0266997445009696,0.00012273048851616,-0.00126383012994898,0.00607123025708444,-3.70664757984563e-05,0.00200207132427399,-0.00179987110369855,-0.000340435485677477,3.46548980646929e-06,-0.000517721271476989,0.000492880692683466,-5.36082646924521e-05,5.20994905746375e-05,-2.87430886777157e-06,9.24298024085704e-05,-0.00115994893108136,0.00122036884372631,-0.000280823300312344,1.3581627147756e-07,-1.30961754822123e-05,4.0862481508896e-06,0.000133618830359613,-6.54916979182171e-06,-2.68156520979133e-06,0.000571802654045086,-1.34514881728915e-05,5.48492079966711e-05,0.000286649776380801,-8.98245898086772e-05,0.000121836710659587,0.0116208310360425,-0.51151825146668,-0.000196688483103045,-0.000372890374843382,6.36035979675528e-06,0.000492725685760976,8.67799335241e-07,0.000187420767187224,-4.40463764006978e-05,-0.00027281183163062,1.80880123376416e-15,0.339316766832539,-1.40767879963076e-05,-0.0132401085386663,-3.76434994286967e-16,4.3035382982469e-06,-3.94324330132978e-16,-4.91648390897592e-06,-7.11255184724033e-06,-4.39535560725623e-16,9.51483523593221e-05,-4.5102810375397e-17,-1.05572412923717e-16,-1.03789115336215e-05,9.39764141486346e-07,-1.32010664720724e-15,8.88760047269824e-16,-9.93334912879227e-17,4.09187161088849e-16,-1.7514535865133e-16,-4.16114490568746e-15,-0.0001372296937491,-0.707106781186548,0.0142904149208271,-2.22129812450868e-15,-1.37396657554859e-06,-2.23718996358589e-16,2.41126563160776e-16,7.85736772347508e-17,6.62513127433817e-17,1.17076964227458e-16,-2.77110259635393e-16,-3.97988884585055e-16,-1.29236898960272e-16,1.12757025938492e-17,-2.47848616630186e-16,-3.55618312575245e-17,-3.33934269125535e-17,4.42765892254059e-16,-1.62519730668956e-16,7.49860302512932e-17,-1.51460286804576e-16,-1.46145815282808e-16
"t2",-0.11889597935806,0.000809243123516276,-0.0192293603417774,0.000611780042507367,-0.000630218906336978,-0.0862492988382625,-0.000688813932247739,-0.0068182375195538,0.0630637013973513,-9.14317467017513e-05,0.00640988172337436,-3.48652615235134e-05,0.0293549955580588,1.53115535258586e-05,-0.00127777372757221,0.000182496717989872,-0.000184869192678861,2.32913741540477e-05,-3.056119350345e-05,0.000336430477208658,-0.0510739327531628,0.000788567562248436,-0.00092640083386839,0.000271335603264381,-0.000219685742996303,0.0227719089206478,-7.99143287875288e-06,-0.00026407146649659,7.50342018013768e-05,-0.0142984564622274,0.0010408858733482,-0.0135519597976571,0.0320533809912326,0.00014697212455185,-0.0241094937190029,0.00473737706605367,0.000203787265456875,-0.00101412653903465,0.028696085586027,8.42108195841915e-05,-0.0012749750426534,-0.000126365515863365,-0.000199740883459017,-5.02406462246774e-05,0.00128009412516512,6.28024137548193e-05,-1.53422876547337e-16,-0.000937747088763482,-1.95866998041021e-05,-3.52485963285961e-05,-2.17856566226421e-15,0.00833279693539239,2.6079101120879e-18,2.51789089491661e-05,2.49712705855679e-05,3.98076756505256e-16,-0.000325548015038568,3.9414307953651e-16,-7.2121155232288e-16,0.00344084258939445,-0.00228051171838743,-1.14891261953174e-17,1.9788542912713e-17,2.40918013993289e-16,-1.33468087223693e-16,8.18882293105418e-17,1.40708682476329e-17,0.000567612681153617,-3.29597460435593e-17,-0.000204351112210776,2.14435548321364e-16,0.00620963484294855,2.51885466022896e-17,-1.12904025459796e-15,1.55684466172751e-15,-2.30341927830754e-16,4.17723146190036e-16,1.34891048757852e-16,-3.00058425598711e-17,-6.44944557005894e-17,2.76679898080814e-17,-1.62469453767018e-16,9.38875872218762e-16,-9.037198516698e-16,3.00185219195497e-15,-1.19220513844135e-16,-8.51907186507787e-17,-4.17662857942286e-15,-2.0916523270432e-15
"t21",-0.11889597935806,0.000809243123516276,-0.0192293603417774,0.000611780042507367,-0.000630218906336978,-0.0862492988382625,-0.000688813932247739,-0.0068182375195538,0.0630637013973513,-9.14317467017513e-05,0.00640988172337436,-3.48652615235134e-05,0.0293549955580588,1.53115535258586e-05,-0.00127777372757221,0.000182496717989872,-0.000184869192678861,2.32913741540477e-05,-3.056119350345e-05,0.000336430477208658,-0.0510739327531628,0.000788567562248436,-0.00092640083386839,0.000271335603264381,-0.000219685742996303,0.0227719089206478,-7.99143287875288e-06,-0.00026407146649659,7.50342018013768e-05,-0.0142984564622274,0.0010408858733482,-0.0135519597976571,0.0320533809912326,0.00014697212455185,-0.0241094937190029,0.00473737706605367,0.000203787265456875,-0.00101412653903465,0.028696085586027,8.42108195841915e-05,-0.0012749750426534,-0.000126365515863365,-0.000199740883459017,-5.02406462246774e-05,0.00128009412516512,6.28024137548193e-05,-1.53422876547337e-16,-0.000937747088763482,-1.95866998041021e-05,-3.52485963285961e-05,-2.17856566226421e-15,0.00833279693539239,2.6079101120879e-18,2.51789089491661e-05,2.49712705855679e-05,3.98076756505256e-16,-0.000325548015038568,3.9414307953651e-16,-7.2121155232288e-16,0.00344084258939445,-0.00228051171838743,-1.14891261953174e-17,1.9788542912713e-17,2.40918013993289e-16,-1.33468087223693e-16,8.18882293105418e-17,1.40708682476329e-17,0.000567612681153617,-3.29597460435593e-17,-0.000204351112210776,2.14435548321364e-16,0.00620963484294855,2.51885466022896e-17,-1.12904025459796e-15,1.55684466172751e-15,-2.30341927830754e-16,4.17723146190036e-16,1.34891048757852e-16,-3.00058425598711e-17,-6.44944557005894e-17,2.76679898080814e-17,-1.62469453767018e-16,9.38875872218762e-16,-9.037198516698e-16,3.00185219195497e-15,-1.19220513844135e-16,-8.51907186507787e-17,-4.17662857942286e-15,-2.0916523270432e-15
"t93",-0.11889597935806,0.000809243123516276,-0.0192293603417774,0.000611780042507367,-0.000630218906336978,-0.0862492988382625,-0.000688813932247739,-0.0068182375195538,0.0630637013973513,-9.14317467017513e-05,0.00640988172337436,-3.48652615235134e-05,0.0293549955580588,1.53115535258586e-05,-0.00127777372757221,0.000182496717989872,-0.000184869192678861,2.32913741540477e-05,-3.056119350345e-05,0.000336430477208658,-0.0510739327531628,0.000788567562248436,-0.00092640083386839,0.000271335603264381,-0.000219685742996303,0.0227719089206478,-7.99143287875288e-06,-0.00026407146649659,7.50342018013768e-05,-0.0142984564622274,0.0010408858733482,-0.0135519597976571,0.0320533809912326,0.00014697212455185,-0.0241094937190029,0.00473737706605367,0.000203787265456875,-0.00101412653903465,0.028696085586027,8.42108195841915e-05,-0.0012749750426534,-0.000126365515863365,-0.000199740883459017,-5.02406462246774e-05,0.00128009412516512,6.28024137548193e-05,-1.53422876547337e-16,-0.000937747088763482,-1.95866998041021e-05,-3.52485963285961e-05,-2.17856566226421e-15,0.00833279693539239,2.6079101120879e-18,2.51789089491661e-05,2.49712705855679e-05,3.98076756505256e-16,-0.000325548015038568,3.9414307953651e-16,-7.2121155232288e-16,0.00344084258939445,-0.00228051171838743,-1.14891261953174e-17,1.9788542912713e-17,2.40918013993289e-16,-1.33468087223693e-16,8.18882293105418e-17,1.40708682476329e-17,0.000567612681153617,-3.29597460435593e-17,-0.000204351112210776,2.14435548321364e-16,0.00620963484294855,2.51885466022896e-17,-1.12904025459796e-15,1.55684466172751e-15,-2.30341927830754e-16,4.17723146190036e-16,1.34891048757852e-16,-3.00058425598711e-17,-6.44944557005894e-17,2.76679898080814e-17,-1.62469453767018e-16,9.38875872218762e-16,-9.037198516698e-16,3.00185219195497e-15,-1.19220513844135e-16,-8.51907186507787e-17,-4.17662857942286e-15,-2.0916523270432e-15
"t94",-0.11889597935806,0.000809243123516276,-0.0192293603417774,0.000611780042507367,-0.000630218906336978,-0.0862492988382625,-0.000688813932247739,-0.0068182375195538,0.0630637013973513,-9.14317467017513e-05,0.00640988172337436,-3.48652615235134e-05,0.0293549955580588,1.53115535258586e-05,-0.00127777372757221,0.000182496717989872,-0.000184869192678861,2.32913741540477e-05,-3.056119350345e-05,0.000336430477208658,-0.0510739327531628,0.000788567562248436,-0.00092640083386839,0.000271335603264381,-0.000219685742996303,0.0227719089206478,-7.99143287875288e-06,-0.00026407146649659,7.50342018013768e-05,-0.0142984564622274,0.0010408858733482,-0.0135519597976571,0.0320533809912326,0.00014697212455185,-0.0241094937190029,0.00473737706605367,0.000203787265456875,-0.00101412653903465,0.028696085586027,8.42108195841915e-05,-0.0012749750426534,-0.000126365515863365,-0.000199740883459017,-5.02406462246774e-05,0.00128009412516512,6.28024137548193e-05,-1.53422876547337e-16,-0.000937747088763482,-1.95866998041021e-05,-3.52485963285961e-05,-2.17856566226421e-15,0.00833279693539239,2.6079101120879e-18,2.51789089491661e-05,2.49712705855679e-05,3.98076756505256e-16,-0.000325548015038568,3.9414307953651e-16,-7.2121155232288e-16,0.00344084258939445,-0.00228051171838743,-1.14891261953174e-17,1.9788542912713e-17,2.40918013993289e-16,-1.33468087223693e-16,8.18882293105418e-17,1.40708682476329e-17,0.000567612681153617,-3.29597460435593e-17,-0.000204351112210776,2.14435548321364e-16,0.00620963484294855,2.51885466022896e-17,-1.12904025459796e-15,1.55684466172751e-15,-2.30341927830754e-16,4.17723146190036e-16,1.34891048757852e-16,-3.00058425598711e-17,-6.44944557005894e-17,2.76679898080814e-17,-1.62469453767018e-16,9.38875872218762e-16,-9.037198516698e-16,3.00185219195497e-15,-1.19220513844135e-16,-8.51907186507787e-17,-4.17662857942286e-15,-2.0916523270432e-15
"t1",-0.11889597935806,0.000809243123516276,-0.0192293603417774,0.000611780042507367,-0.000630218906336978,-0.0862492988382625,-0.000688813932247739,-0.0068182375195538,0.0630637013973513,-9.14317467017513e-05,0.00640988172337436,-3.48652615235134e-05,0.0293549955580588,1.53115535258586e-05,-0.00127777372757221,0.000182496717989872,-0.000184869192678861,2.32913741540477e-05,-3.056119350345e-05,0.000336430477208658,-0.0510739327531628,0.000788567562248436,-0.00092640083386839,0.000271335603264381,-0.000219685742996303,0.0227719089206478,-7.99143287875288e-06,-0.00026407146649659,7.50342018013768e-05,-0.0142984564622274,0.0010408858733482,-0.0135519597976571,0.0320533809912326,0.00014697212455185,-0.0241094937190029,0.00473737706605367,0.000203787265456875,-0.00101412653903465,0.028696085586027,8.42108195841915e-05,-0.0012749750426534,-0.000126365515863365,-0.000199740883459017,-5.02406462246774e-05,0.00128009412516512,6.28024137548193e-05,-1.53422876547337e-16,-0.000937747088763482,-1.95866998041021e-05,-3.52485963285961e-05,-2.17856566226421e-15,0.00833279693539239,2.6079101120879e-18,2.51789089491661e-05,2.49712705855679e-05,3.98076756505256e-16,-0.000325548015038568,3.9414307953651e-16,-7.2121155232288e-16,0.00344084258939445,-0.00228051171838743,-1.14891261953174e-17,1.9788542912713e-17,2.40918013993289e-16,-1.33468087223693e-16,8.18882293105418e-17,1.40708682476329e-17,0.000567612681153617,-3.29597460435593e-17,-0.000204351112210776,2.14435548321364e-16,0.00620963484294855,2.51885466022896e-17,-1.12904025459796e-15,1.55684466172751e-15,-2.30341927830754e-16,4.17723146190036e-16,1.34891048757852e-16,-3.00058425598711e-17,-6.44944557005894e-17,2.76679898080814e-17,-1.62469453767018e-16,9.38875872218762e-16,-9.037198516698e-16,3.00185219195497e-15,-1.19220513844135e-16,-8.51907186507787e-17,-4.17662857942286e-15,-2.0916523270432e-15
"t27",-0.11889597935806,0.000809243123516276,-0.0192293603417774,0.000611780042507367,-0.000630218906336978,-0.0862492988382625,-0.000688813932247739,-0.0068182375195538,0.0630637013973513,-9.14317467017513e-05,0.00640988172337436,-3.48652615235134e-05,0.0293549955580588,1.53115535258586e-05,-0.00127777372757221,0.000182496717989872,-0.000184869192678861,2.32913741540477e-05,-3.056119350345e-05,0.000336430477208658,-0.0510739327531628,0.000788567562248436,-0.00092640083386839,0.000271335603264381,-0.000219685742996303,0.0227719089206478,-7.99143287875288e-06,-0.00026407146649659,7.50342018013768e-05,-0.0142984564622274,0.0010408858733482,-0.0135519597976571,0.0320533809912326,0.00014697212455185,-0.0241094937190029,0.00473737706605367,0.000203787265456875,-0.00101412653903465,0.028696085586027,8.42108195841915e-05,-0.0012749750426534,-0.000126365515863365,-0.000199740883459017,-5.02406462246774e-05,0.00128009412516512,6.28024137548193e-05,-1.53422876547337e-16,-0.000937747088763482,-1.95866998041021e-05,-3.52485963285961e-05,-2.17856566226421e-15,0.00833279693539239,2.6079101120879e-18,2.51789089491661e-05,2.49712705855679e-05,3.98076756505256e-16,-0.000325548015038568,3.9414307953651e-16,-7.2121155232288e-16,0.00344084258939445,-0.00228051171838743,-1.14891261953174e-17,1.9788542912713e-17,2.40918013993289e-16,-1.33468087223693e-16,8.18882293105418e-17,1.40708682476329e-17,0.000567612681153617,-3.29597460435593e-17,-0.000204351112210776,2.14435548321364e-16,0.00620963484294855,2.51885466022896e-17,-1.12904025459796e-15,1.55684466172751e-15,-2.30341927830754e-16,4.17723146190036e-16,1.34891048757852e-16,-3.00058425598711e-17,-6.44944557005894e-17,2.76679898080814e-17,-1.62469453767018e-16,9.38875872218762e-16,-9.037198516698e-16,3.00185219195497e-15,-1.19220513844135e-16,-8.51907186507787e-17,-4.17662857942286e-15,-2.0916523270432e-15
"t57",-0.11889597935806,0.000809243123516276,-0.0192293603417774,0.000611780042507367,-0.000630218906336978,-0.0862492988382625,-0.000688813932247739,-0.0068182375195538,0.0630637013973513,-9.14317467017513e-05,0.00640988172337436,-3.48652615235134e-05,0.0293549955580588,1.53115535258586e-05,-0.00127777372757221,0.000182496717989872,-0.000184869192678861,2.32913741540477e-05,-3.056119350345e-05,0.000336430477208658,-0.0510739327531628,0.000788567562248436,-0.00092640083386839,0.000271335603264381,-0.000219685742996303,0.0227719089206478,-7.99143287875288e-06,-0.00026407146649659,7.50342018013768e-05,-0.0142984564622274,0.0010408858733482,-0.0135519597976571,0.0320533809912326,0.00014697212455185,-0.0241094937190029,0.00473737706605367,0.000203787265456875,-0.00101412653903465,0.028696085586027,8.42108195841915e-05,-0.0012749750426534,-0.000126365515863365,-0.000199740883459017,-5.02406462246774e-05,0.00128009412516512,6.28024137548193e-05,-1.53422876547337e-16,-0.000937747088763482,-1.95866998041021e-05,-3.52485963285961e-05,-2.17856566226421e-15,0.00833279693539239,2.6079101120879e-18,2.51789089491661e-05,2.49712705855679e-05,3.98076756505256e-16,-0.000325548015038568,3.9414307953651e-16,-7.2121155232288e-16,0.00344084258939445,-0.00228051171838743,-1.14891261953174e-17,1.9788542912713e-17,2.40918013993289e-16,-1.33468087223693e-16,8.18882293105418e-17,1.40708682476329e-17,0.000567612681153617,-3.29597460435593e-17,-0.000204351112210776,2.14435548321364e-16,0.00620963484294855,2.51885466022896e-17,-1.12904025459796e-15,1.55684466172751e-15,-2.30341927830754e-16,4.17723146190036e-16,1.34891048757852e-16,-3.00058425598711e-17,-6.44944557005894e-17,2.76679898080814e-17,-1.62469453767018e-16,9.38875872218762e-16,-9.037198516698e-16,3.00185219195497e-15,-1.19220513844135e-16,-8.51907186507787e-17,-4.17662857942286e-15,-2.0916523270432e-15
"t58",-0.11889597935806,0.000809243123516276,-0.0192293603417774,0.000611780042507367,-0.000630218906336978,-0.0862492988382625,-0.000688813932247739,-0.0068182375195538,0.0630637013973513,-9.14317467017513e-05,0.00640988172337436,-3.48652615235134e-05,0.0293549955580588,1.53115535258586e-05,-0.00127777372757221,0.000182496717989872,-0.000184869192678861,2.32913741540477e-05,-3.056119350345e-05,0.000336430477208658,-0.0510739327531628,0.000788567562248436,-0.00092640083386839,0.000271335603264381,-0.000219685742996303,0.0227719089206478,-7.99143287875288e-06,-0.00026407146649659,7.50342018013768e-05,-0.0142984564622274,0.0010408858733482,-0.0135519597976571,0.0320533809912326,0.00014697212455185,-0.0241094937190029,0.00473737706605367,0.000203787265456875,-0.00101412653903465,0.028696085586027,8.42108195841915e-05,-0.0012749750426534,-0.000126365515863365,-0.000199740883459017,-5.02406462246774e-05,0.00128009412516512,6.28024137548193e-05,-1.53422876547337e-16,-0.000937747088763482,-1.95866998041021e-05,-3.52485963285961e-05,-2.17856566226421e-15,0.00833279693539239,2.6079101120879e-18,2.51789089491661e-05,2.49712705855679e-05,3.98076756505256e-16,-0.000325548015038568,3.9414307953651e-16,-7.2121155232288e-16,0.00344084258939445,-0.00228051171838743,-1.14891261953174e-17,1.9788542912713e-17,2.40918013993289e-16,-1.33468087223693e-16,8.18882293105418e-17,1.40708682476329e-17,0.000567612681153617,-3.29597460435593e-17,-0.000204351112210776,2.14435548321364e-16,0.00620963484294855,2.51885466022896e-17,-1.12904025459796e-15,1.55684466172751e-15,-2.30341927830754e-16,4.17723146190036e-16,1.34891048757852e-16,-3.00058425598711e-17,-6.44944557005894e-17,2.76679898080814e-17,-1.62469453767018e-16,9.38875872218762e-16,-9.037198516698e-16,3.00185219195497e-15,-1.19220513844135e-16,-8.51907186507787e-17,-4.17662857942286e-15,-2.0916523270432e-15
"t38",-0.11889597935806,0.000809243123516276,-0.0192293603417774,0.000611780042507367,-0.000630218906336978,-0.0862492988382625,-0.000688813932247739,-0.0068182375195538,0.0630637013973513,-9.14317467017513e-05,0.00640988172337436,-3.48652615235134e-05,0.0293549955580588,1.53115535258586e-05,-0.00127777372757221,0.000182496717989872,-0.000184869192678861,2.32913741540477e-05,-3.056119350345e-05,0.000336430477208658,-0.0510739327531628,0.000788567562248436,-0.00092640083386839,0.000271335603264381,-0.000219685742996303,0.0227719089206478,-7.99143287875288e-06,-0.00026407146649659,7.50342018013768e-05,-0.0142984564622274,0.0010408858733482,-0.0135519597976571,0.0320533809912326,0.00014697212455185,-0.0241094937190029,0.00473737706605367,0.000203787265456875,-0.00101412653903465,0.028696085586027,8.42108195841915e-05,-0.0012749750426534,-0.000126365515863365,-0.000199740883459017,-5.02406462246774e-05,0.00128009412516512,6.28024137548193e-05,-1.53422876547337e-16,-0.000937747088763482,-1.95866998041021e-05,-3.52485963285961e-05,-2.17856566226421e-15,0.00833279693539239,2.6079101120879e-18,2.51789089491661e-05,2.49712705855679e-05,3.98076756505256e-16,-0.000325548015038568,3.9414307953651e-16,-7.2121155232288e-16,0.00344084258939445,-0.00228051171838743,-1.14891261953174e-17,1.9788542912713e-17,2.40918013993289e-16,-1.33468087223693e-16,8.18882293105418e-17,1.40708682476329e-17,0.000567612681153617,-3.29597460435593e-17,-0.000204351112210776,2.14435548321364e-16,0.00620963484294855,2.51885466022896e-17,-1.12904025459796e-15,1.55684466172751e-15,-2.30341927830754e-16,4.17723146190036e-16,1.34891048757852e-16,-3.00058425598711e-17,-6.44944557005894e-17,2.76679898080814e-17,-1.62469453767018e-16,9.38875872218762e-16,-9.037198516698e-16,3.00185219195497e-15,-1.19220513844135e-16,-8.51907186507787e-17,-4.17662857942286e-15,-2.0916523270432e-15
"t22",-0.11889597935806,0.000809243123516276,-0.0192293603417774,0.000611780042507367,-0.000630218906336978,-0.0862492988382625,-0.000688813932247739,-0.0068182375195538,0.0630637013973513,-9.14317467017513e-05,0.00640988172337436,-3.48652615235134e-05,0.0293549955580588,1.53115535258586e-05,-0.00127777372757221,0.000182496717989872,-0.000184869192678861,2.32913741540477e-05,-3.056119350345e-05,0.000336430477208658,-0.0510739327531628,0.000788567562248436,-0.00092640083386839,0.000271335603264381,-0.000219685742996303,0.0227719089206478,-7.99143287875288e-06,-0.00026407146649659,7.50342018013768e-05,-0.0142984564622274,0.0010408858733482,-0.0135519597976571,0.0320533809912326,0.00014697212455185,-0.0241094937190029,0.00473737706605367,0.000203787265456875,-0.00101412653903465,0.028696085586027,8.42108195841915e-05,-0.0012749750426534,-0.000126365515863365,-0.000199740883459017,-5.02406462246774e-05,0.00128009412516512,6.28024137548193e-05,-1.53422876547337e-16,-0.000937747088763482,-1.95866998041021e-05,-3.52485963285961e-05,-2.17856566226421e-15,0.00833279693539239,2.6079101120879e-18,2.51789089491661e-05,2.49712705855679e-05,3.98076756505256e-16,-0.000325548015038568,3.9414307953651e-16,-7.2121155232288e-16,0.00344084258939445,-0.00228051171838743,-1.14891261953174e-17,1.9788542912713e-17,2.40918013993289e-16,-1.33468087223693e-16,8.18882293105418e-17,1.40708682476329e-17,0.000567612681153617,-3.29597460435593e-17,-0.000204351112210776,2.14435548321364e-16,0.00620963484294855,2.51885466022896e-17,-1.12904025459796e-15,1.55684466172751e-15,-2.30341927830754e-16,4.17723146190036e-16,1.34891048757852e-16,-3.00058425598711e-17,-6.44944557005894e-17,2.76679898080814e-17,-1.62469453767018e-16,9.38875872218762e-16,-9.037198516698e-16,3.00185219195497e-15,-1.19220513844135e-16,-8.51907186507787e-17,-4.17662857942286e-15,-2.0916523270432e-15
