accepted_species,0,1
t62,0.026098783170389606,0.9739012168296104
t68,0.02566618424891065,0.9743338157510893
t56,0.14866744368437113,0.8513325563156289
t77,0.04561771641666579,0.9543822835833342
t2,0.04681073647357392,0.9531892635264261
t39,0.04787833880405956,0.9521216611959404
t65,0.04851648641892137,0.9514835135810786
t4,0.2282056900685887,0.7717943099314113
t88,0.22898757385125845,0.7710124261487415
t10,0.24114678959455504,0.758853210405445
