accepted_species,0,1
t62,0.15555555555555556,0.8444444444444444
t68,0.0,1.0
t56,0.15555555555555556,0.8444444444444444
t77,0.0,1.0
t2,0.15555555555555556,0.8444444444444444
t39,0.15555555555555556,0.8444444444444444
t65,0.15555555555555556,0.8444444444444444
t4,0.15555555555555556,0.8444444444444444
t88,0.0,1.0
t10,0.15555555555555556,0.8444444444444444
