accepted_species,estimate
t88,1.1712104151541922
t94,1.197404617179256
t99,1.1833772666698112
t100,1.1913850168954667
t23,1.201016427000674
t28,1.1680256695755435
t33,1.135476698572107
t29,1.1492301304778214
t36,1.1472350293259876
t10,1.1611853029064187
