accepted_species,estimate
t88,1.1700806174534548
t94,1.162660702856919
t99,1.162660702856919
t100,1.162660702856919
t23,1.162660702856919
t28,1.1425116387765977
t33,1.1425116387765977
t29,1.1425116387765977
t36,1.1536676976250524
t10,1.1554621566805783
