accepted_species,0,1
Cicendia_quadrangularis,0.86230797,0.13769205
Comastoma_tenellum,0.87985224,0.12014776
Gentiana_macrophylla,0.26751274,0.73248726
Gentiana_nivalis,0.26751274,0.73248726
Gentiana_septemfida,0.44635522,0.5536448
Gentiana_spathulifolia,0.44635522,0.5536448
Gentianopsis_barbata,0.8656096,0.1343904
Gentiana_clarkei,0.44635522,0.5536448
Gentiana_clusii,0.44635522,0.5536448
Gentiana_lutea,0.44635522,0.5536448
