accepted_species,0,1
Cicendia_quadrangularis,0.7618484,0.2381516
Comastoma_tenellum,0.7602046,0.2397954
Gentiana_macrophylla,0.38048905,0.61951095
Gentiana_nivalis,0.3568291,0.6431709
Gentiana_septemfida,0.40073085,0.59926915
Gentiana_spathulifolia,0.40377927,0.59622073
Gentianopsis_barbata,0.7618484,0.2381516
Gentiana_clarkei,0.3998527,0.6001473
Gentiana_clusii,0.39924753,0.6007525
Gentiana_lutea,0.3815924,0.6184076
