accepted_species,estimate
t35,1.5282220684157972
t90,1.5384627723185185
t58,1.5348191551854793
t68,0.3963014075328733
t49,0.39735785762174264
t89,-0.805835214005195
t41,-0.8140230243596952
t43,-0.8144704115591476
t23,-0.6146740526878488
t92,-0.6444326790373125
