accepted_species,estimate
t35,1.47835617291488
t90,1.4825585168050632
t58,1.5632496556661446
t68,0.4043747210019809
t49,0.40725493016710806
t89,-0.8309215355417413
t41,-0.8262668947067404
t43,-0.8113526025709079
t23,-0.5576856394624505
t92,-0.6397012113652868
