accepted_species,0,1
Centaurium_pulchellum,0.72265244,0.2773476
Cicendia_quadrangularis,0.59187293,0.40812707
Gentiana_aquatica,0.5645669,0.4354331
Gentiana_dahurica,0.5645669,0.4354331
Gentiana_macrophylla,0.40420514,0.59579486
Gentiana_sino-ornata,0.5645669,0.4354331
Gentiana_spathulifolia,0.5645669,0.4354331
Gentiana_verna,0.6414426,0.3585574
Gentiana_acaulis,0.6414426,0.3585574
Gentiana_clusii,0.5645669,0.4354331
