accepted_species,estimate
t72,-0.7890492010939785
t73,-0.6909592759725824
t65,-0.8572256648009068
t66,-0.7353086752513592
t23,-0.9455043237006018
t89,-1.1884069274715543
t90,-1.190921454132157
t50,-1.1551571396680984
t85,-1.2527946767340459
t7,-1.1822891041811388
