accepted_species,0,1
Cynanchum_laeve,0.36979740244712755,0.6302025975528724
Asclepias_incarnata,0.35481656279046625,0.6451834372095337
Sabatia_grandiflora,0.6306273989000996,0.36937260109990044
Sabatia_stellaris,0.6306273989000996,0.36937260109990044
Galium_circaezans,0.48815670650087106,0.5118432934991289
Galium_parisiense,0.4873223718863523,0.5126776281136477
Galium_sterneri,0.4900811949847226,0.5099188050152774
Centaurium_erythraea,0.6308350667293585,0.3691649332706415
Galium_verrucosum,0.48735887856981475,0.5126411214301853
Mitracarpus_hirtus,0.5420115034706421,0.4579884965293579
