accepted_species,0,1
t3,0.7623177374244365,0.23768226257556344
t82,0.5215659062590188,0.47843409374098117
t38,0.4186325218591479,0.5813674781408521
t45,0.5191861142317156,0.4808138857682844
t76,0.5021734586042412,0.49782654139575877
t6,0.2623479730676016,0.7376520269323984
t35,0.38663929263987895,0.613360707360121
t81,0.8363696300261351,0.1636303699738649
t48,0.8318607695545472,0.1681392304454528
t22,0.30776972059279406,0.6922302794072059
