accepted_species,0,1
t3,0.46023889594160594,0.5397611040583941
t82,0.4708126220675384,0.5291873779324616
t38,0.47033130630553677,0.5296686936944632
t45,0.4662278084136774,0.5337721915863226
t76,0.30295365635986915,0.6970463436401308
t6,0.6653523830398347,0.3346476169601653
t35,0.6848434873068961,0.31515651269310385
t81,0.6747930028963178,0.3252069971036822
t48,0.6769918698914843,0.3230081301085157
t22,0.602494822123432,0.397505177876568
