accepted_species,0,1
t3,0.7421891,0.2578109
t82,0.33353484,0.66646516
t38,0.7163825,0.28361753
t45,0.50570166,0.4942983
t76,0.18853027,0.81146973
t6,0.26502585,0.73497415
t35,0.8176788,0.18232122
t81,0.8176788,0.18232122
t48,0.8331765,0.16682352
t22,0.14815253,0.85184747
