accepted_species,0,1
t18,0.0,1.0
t26,0.771186440677966,0.2288135593220339
t38,0.771186440677966,0.2288135593220339
t39,0.771186440677966,0.2288135593220339
t46,0.771186440677966,0.2288135593220339
t49,0.771186440677966,0.2288135593220339
t54,0.771186440677966,0.2288135593220339
t77,0.771186440677966,0.2288135593220339
t86,0.771186440677966,0.2288135593220339
t104,1.0,0.0
t115,0.0,1.0
t121,1.0,0.0
t126,1.0,0.0
