accepted_species,0,1
t18,0.14650041,0.8534996
t26,0.97377104,0.026228944
t38,0.2770571,0.7229429
t39,0.26182532,0.7381747
t46,0.86132056,0.13867943
t49,0.3030802,0.6969198
t54,0.036204517,0.9637955
t77,0.95456743,0.045432594
t86,0.92492115,0.07507883
t104,0.8981679,0.10183211
t115,0.033355117,0.9666449
t121,0.7174828,0.2825172
t126,0.9785486,0.02145139
