accepted_species,0
t69,
t44,
t93,-0.393986109377076
t4,
t28,
t10,
t11,
t82,-1.00376624231369
t96,-0.0557413277665968
t29,
