accepted_species,0,1
t15,0.82654214,0.17345789
t17,0.37562972,0.6243703
t52,0.37562972,0.6243703
t59,0.7712177,0.22878228
t64,0.7712177,0.22878228
t70,0.37562972,0.6243703
t81,0.82654214,0.17345789
t83,0.56052387,0.43947613
t84,0.56052387,0.43947613
t96,0.7712177,0.22878228
t97,0.7712177,0.22878228
t104,0.56052387,0.43947613
