accepted_species,estimate
t24,0.89680135
t59,0.110284254
t47,1.0959167
t74,-0.80163
t2,-0.15015745
t21,-2.2943738
t55,0.23385231
t14,0.59407485
t76,-0.688668
t20,0.141391
