accepted_species,0,1
t46,0.83178294,0.16821706
t69,0.861982,0.13801798
t70,0.6948993,0.30510068
t93,0.861982,0.13801798
t94,0.16078621,0.8392138
t73,0.90998554,0.090014435
t32,0.19585258,0.8041474
t47,0.16078621,0.8392138
t82,0.16078621,0.8392138
t83,0.16078621,0.8392138
