accepted_species,0,1
t73,0.05994439,0.9400556
t64,0.014608622,0.9853914
t97,0.010018647,0.98998135
t98,0.0093025565,0.99069744
t88,0.017478228,0.9825218
t36,0.086594164,0.91340584
t37,0.07469267,0.92530733
t42,0.07469267,0.92530733
t33,0.086594164,0.91340584
t66,0.37396765,0.62603235
