accepted_species,0,1
t26,0.4443382670386623,0.5556617329613377
t41,0.15306453407278442,0.8469354659272156
t1,0.978417529783515,0.021582470216484958
t4,0.987729226478966,0.01227077352103405
t5,0.9884705610458561,0.01152943895414394
t11,0.9886291643720653,0.011370835627934743
t72,0.9884040683152399,0.011595931684760105
t73,0.9884040683152399,0.011595931684760105
t36,0.9892249463949108,0.010775053605089279
t50,0.9902929977608623,0.009707002239137622
