accepted_species,0,1
t25,0.3111111111111111,0.6888888888888889
t92,0.0,1.0
t38,0.3111111111111111,0.6888888888888889
t45,0.3111111111111111,0.6888888888888889
t34,0.3111111111111111,0.6888888888888889
t42,0.3111111111111111,0.6888888888888889
t28,0.3111111111111111,0.6888888888888889
t60,0.3111111111111111,0.6888888888888889
t62,0.3111111111111111,0.6888888888888889
t63,0.3111111111111111,0.6888888888888889
