accepted_species,0
t12,
t53,
t99,
t145,
t116,
t244,1.81409636679989
t115,
t107,
t90,
t97,
t126,
t225,
t252,-0.609794791729757
t195,
t228,
t169,
t251,-0.8209773979705162
t202,
t86,
t159,
t121,
t58,
t201,
t206,
t52,
