accepted_species,estimate
t12,0.61478716
t53,-0.0104284175
t99,3.2766857
t145,1.3566595
t116,1.0061923
t244,1.6967186
t115,1.0791115
t107,0.74756026
t90,1.0223039
t97,1.0814289
t126,0.38409275
t225,-0.23327614
t252,-0.6700318
t195,-0.4888295
t228,-0.41305062
t169,-0.6013398
t251,-0.751121
t202,-0.34379086
t86,-1.8760153
t159,-1.652201
t121,-0.16786808
t58,-0.49649855
t201,-0.22356841
t206,-0.71044755
t52,-0.64240897
