accepted_species,estimate
t12,0.053601906
t53,0.16067769
t99,3.5396328
t145,1.5058783
t116,1.3073885
t244,1.7587289
t115,1.2937992
t107,1.018268
t90,0.5288196
t97,1.0154009
t126,0.3800352
t225,-0.24289525
t252,-0.617999
t195,-0.66090286
t228,-0.1497216
t169,-0.81245005
t251,-0.61201715
t202,0.15054008
t86,-2.052274
t159,-1.8891025
t121,-0.43452075
t58,-0.69388884
t201,-0.50556195
t206,-0.65717494
t52,-0.80829847
