accepted_species,0,1
t17,0.9694942,0.030505747
t22,0.65653265,0.34346738
t28,0.97365254,0.026347473
t36,0.3521672,0.6478328
t42,0.65653265,0.34346738
t45,0.9784016,0.021598373
t55,0.9795031,0.020496929
t62,0.97498995,0.025010034
t103,0.9784016,0.021598373
t105,0.97909695,0.020903042
t108,0.9784016,0.021598373
