accepted_species,estimate
Alstonia_actinophylla,0.6133005534653274
Alstonia_angustiloba,0.5926348406253351
Alstonia_muelleriana,0.7375960514691287
Alstonia_scholaris,0.5471890475012435
Alyxia_ruscifolia,0.7010519408557667
Aspidosperma_megalocarpon,0.8662563047757138
Plumeria_alba,0.8410739205582406
Tabernaemontana_sananho,0.687183117983344
Vinca_major,0.49926895298584073
Vinca_minor,0.5311676119397079
