accepted_species,0,1
Psychotria_desirei,0.9692957,0.03070432
Gentiana_meiantha,0.8054172,0.19458279
Vincetoxicum_iphisia,0.979024,0.020975994
Hedyotis_dendroides,0.9769967,0.023003295
Lachnostoma_ecuadorense,0.96953785,0.030462151
Matelea_pakaraimensis,0.92523515,0.07476485
Ophiorrhiza_peploides,0.9901398,0.009860195
Argostemma_bryophilum,0.988062,0.011938005
Chassalia_violacea,0.99533963,0.004660343
Chassalia_leptothyrsa,0.99533963,0.004660343
