accepted_species,0,1
Psychotria_desirei,0.9273963,0.07260368
Gentiana_meiantha,0.9273963,0.07260368
Vincetoxicum_iphisia,0.8643079,0.13569215
Hedyotis_dendroides,0.9273963,0.07260368
Lachnostoma_ecuadorense,0.8643079,0.13569215
Matelea_pakaraimensis,0.92181593,0.07818407
Ophiorrhiza_peploides,0.9273963,0.07260368
Argostemma_bryophilum,0.9273963,0.07260368
Chassalia_violacea,0.9273963,0.07260368
Chassalia_leptothyrsa,0.9273963,0.07260368
