accepted_species,0,1
t42,0.07765950626272333,0.9223404937372767
t43,0.07763084093710504,0.922369159062895
t59,0.07664291938990175,0.9233570806100982
t65,0.07662434427679021,0.9233756557232098
t70,0.07770090486598447,0.9222990951340155
t81,0.07878656446781251,0.9212134355321875
t97,0.0766516321626991,0.9233483678373009
t103,0.07786408179230386,0.9221359182076961
t115,0.07882047172578055,0.9211795282742195
t137,0.0781214443829451,0.9218785556170549
