accepted_species,0
t100,-0.33292212236199414
t50,-0.18416723649356728
t26,-0.28736363867788955
t24,-0.3293553666839079
t13,8.089003288252068e-06
t67,0.19056145263885566
t81,0.10886141955264404
t12,-0.007968810274068941
t41,0.21172878223191496
t90,0.9497270510790073
