accepted_species,estimate
t3,-1.2796806161235816
t43,-1.0121162757325666
t44,-0.8913294750170311
t76,-1.1137441532151764
t77,-1.106065791810938
t96,-0.843277513144866
t32,-0.8089156538162536
t33,-0.7042325193738075
t82,-0.8686642403572817
t83,-0.8734563164286675
