accepted_species,estimate
t3,-0.8847392919387305
t43,-1.203656028380845
t44,-0.7332076583862965
t76,-0.35606770982511615
t77,-0.22452513351432526
t96,-0.45351365154971957
t32,-0.5543391985279664
t33,-0.5612308203355745
t82,-0.8284603486283726
t83,-0.6457539871080136
