accepted_species,estimate
t3,-0.7818881918555718
t43,-0.7818881918555718
t44,-0.7818881918555718
t76,-0.8076845253471405
t77,-0.8076845253471405
t96,-0.8165892793443189
t32,-0.8009390054301428
t33,-0.8009390054301428
t82,-0.800939005430143
t83,-0.800939005430143
