accepted_species,0
t56,
t68,
t81,0.14476947128309997
t13,
t88,-1.38590468901082
t46,
t9,
t34,
t60,
t7,
