accepted_species,0,1
t52,0.6475299587355079,0.35247004126449216
t57,0.6567707846043693,0.3432292153956307
t46,0.976807561835099,0.02319243816490099
t94,0.9771477328436761,0.022852267156323915
t99,0.9773159898131073,0.02268401018689265
t40,0.9766628637211507,0.02333713627884929
t71,0.7841692189390861,0.2158307810609139
t84,0.4745940057064514,0.5254059942935486
t17,0.5507738882182021,0.4492261117817979
t18,0.5682862212338504,0.4317137787661495
