accepted_species,0,1
t52,0.6981945660732399,0.30180543392676007
t57,0.704277954971678,0.29572204502832194
t46,0.988669594806266,0.011330405193733996
t94,0.9887946180780087,0.011205381921991317
t99,0.9884087034893528,0.011591296510647175
t40,0.9885677258127966,0.011432274187203384
t71,0.5492936223922993,0.4507063776077007
t84,0.6596137247951088,0.3403862752048911
t17,0.6814998996899332,0.3185001003100668
t18,0.6373041553263172,0.3626958446736828
