accepted_species,0,1
t78,0.018924627525349735,0.9810753724746503
t94,0.01892827310063694,0.9810717268993631
t40,0.019013663828373994,0.980986336171626
t46,0.018880940902506915,0.9811190590974931
t93,0.01865217846819267,0.9813478215318073
t88,0.01903865238855118,0.9809613476114488
t87,0.01903865238855118,0.9809613476114488
t71,0.01843996040086493,0.9815600395991351
t52,0.06094418125619727,0.9390558187438027
t27,0.015346918048182778,0.9846530819518172
