accepted_species,0,1
t39,0.9703613024322234,0.029638697567776616
t70,0.9901425830976176,0.009857416902382449
t64,0.9999339974398387,6.60025601613501e-05
t10,0.9804746836505043,0.019525316349495735
t34,0.9972388630975825,0.002761136902417541
t38,0.9995113322528644,0.0004886677471356218
t48,0.9934333701722101,0.006566629827789881
t66,0.9969091571114642,0.0030908428885357575
t56,0.9864979277536854,0.01350207224631464
t3,0.5512503413444457,0.4487496586555543
