accepted_species,0,1
t39,0.9809523809523809,0.01904761904761905
t70,0.9809523809523809,0.01904761904761905
t64,0.9809523809523809,0.01904761904761905
t10,0.9809523809523809,0.01904761904761905
t34,0.9809523809523809,0.01904761904761905
t38,0.9809523809523809,0.01904761904761905
t48,0.9809523809523809,0.01904761904761905
t66,0.9809523809523809,0.01904761904761905
t56,0.9809523809523809,0.01904761904761905
t3,0.9809523809523809,0.01904761904761905
