accepted_species,estimate
t96,0.98280996
t231,0.9894803
t98,0.4046189
t55,0.0880125
t166,0.29589316
t40,-0.65417916
t127,-0.8036556
t163,-1.0266166
t258,-1.1074247
t65,-0.3973529
t100,-0.36535272
t216,0.07976182
t244,-1.5120219
t245,-1.8919668
t202,-1.4117827
t73,-0.6819536
t174,-0.0643428
t14,0.37756544
t48,-0.45565203
t254,0.2492104
t32,-0.06630091
t128,-0.57980806
t124,-0.17393425
t219,2.157295
t66,1.05863
t229,0.22118494
t42,0.6334778
t3,0.10392693
