accepted_species,estimate
t37,-0.38028220103693383
t19,-1.2628473951018422
t98,-1.7488098345958778
t14,-0.8344398484871376
t8,-0.18049763257340012
t53,0.2796512624993378
t38,0.9976397019823163
t79,0.8835198346153466
t41,1.12383559732784
t58,1.3609795003317149
