"accepted_species","estimate"
"t37",-0.328636093709774
"t19",-1.22703049921978
"t98",-1.74803119969496
"t14",-0.844332793468488
"t8",-0.185745982391319
"t53",0.215660462059704
"t38",0.996321614221443
"t79",0.876729558704609
"t41",1.11476921603184
"t58",1.34157195318024
