accepted_species,estimate
t37,-0.26740476
t19,-1.2788206
t98,-1.4242946
t14,-0.7321488
t8,-0.3399671
t53,0.29222453
t38,1.0655808
t79,1.1718665
t41,1.346518
t58,1.2506108
