accepted_species,estimate
t8,0.3448916
t1,0.36525252
t3,-0.36780834
t42,-0.5521508
t27,-0.69045985
t87,1.267434
t43,-0.19417305
t52,1.279188
t93,-0.65157366
t94,-0.6235699
