accepted_species,0,1
t88,0.9425425,0.057457518
t89,0.9425425,0.057457518
t85,0.9425425,0.057457518
t5,0.49734724,0.50265276
t82,0.15366632,0.8463337
t83,0.15366632,0.8463337
t50,0.15366632,0.8463337
t14,0.6276807,0.37231928
t64,0.91119486,0.08880515
t65,0.91119486,0.08880515
