accepted_species,0,1
t88,0.9635624,0.036437556
t89,0.9635624,0.036437556
t85,0.9635624,0.036437556
t5,0.9571948,0.042805173
t82,0.2109726,0.7890274
t83,0.2109726,0.7890274
t50,0.2109726,0.7890274
t14,0.9571948,0.042805173
t64,0.9329883,0.06701169
t65,0.9329883,0.06701169
