accepted_species,0,1
t47,0.8501843,0.14981571
t78,0.53394485,0.46605515
t105,0.617972,0.38202795
t107,0.7114297,0.2885703
t134,0.0892455,0.9107545
t137,0.8010237,0.19897625
t141,0.7580876,0.24191244
t171,0.8424423,0.15755774
t205,0.21117747,0.78882253
t222,0.89145327,0.10854673
