accepted_species,estimate
t9,-1.3927766994032456
t25,-0.08427048563378811
t22,0.08250438441000776
t53,0.9534817641232416
t69,0.6158269930649359
t61,0.46899686647366984
t72,-0.4526766382400744
t73,-0.3991382183760077
t39,-0.2307821600754857
t2,-0.35291750039053704
