accepted_species,estimate
t9,-1.7851456
t25,-0.15745512
t22,0.30617654
t53,1.0591534
t69,0.4678532
t61,0.48725733
t72,-0.787808
t73,-0.874662
t39,-0.24154015
t2,-0.290151
