accepted_species,0,1
t10,0.7755933,0.2244067
t13,0.8590682,0.1409318
t17,0.74863225,0.25136775
t21,0.8185628,0.18143721
t32,0.710148,0.28985205
t33,0.7130898,0.28691015
t53,0.8310393,0.16896069
t57,0.8186267,0.18137328
t69,0.6918036,0.30819646
t74,0.7440922,0.2559078
t89,0.70165676,0.29834324
t96,0.55077064,0.4492294
t98,0.8180263,0.18197371
t104,0.71201986,0.28798014
t126,0.7276194,0.27238062
t136,0.8356829,0.16431709
