"accepted_species","0","1"
"t55","0.846637113047716","0.153362886952284"
"t64","0.980349870684951","0.0196501293150494"
"t75","0.950422386532503","0.0495776134674969"
"t85","0.932109744486768","0.0678902555132317"
"t105","0.932109744486768","0.0678902555132317"
"t106","0.932109744486768","0.0678902555132317"
"t107","0.932109744486768","0.0678902555132317"
"t114","0.960655885670137","0.0393441143298634"
"t115","0.960655885670137","0.0393441143298634"
"t118","0.932109744486768","0.0678902555132317"
"t119","0.932109744486768","0.0678902555132317"
"t131","0.880456306114604","0.119543693885396"
"t144","0.983474121734295","0.0165258782657054"
"t148","0.880456306114604","0.119543693885396"
"t149","0.880456306114604","0.119543693885396"
