"accepted_species","0","1"
"t74",0.614118159648503,0.385881840351497
"t75",0.614118159648503,0.385881840351497
"t104",0.614118159650754,0.385881840349246
"t105",0.614118159650754,0.385881840349246
"t113",0.614118159653006,0.385881840346994
"t114",0.614118159653006,0.385881840346994
"t129",0.614118159650754,0.385881840349246
"t151",0.614118159648502,0.385881840351498
"t152",0.614118159648502,0.385881840351498
"t160",0.614118159650754,0.385881840349246
