accepted_species,0,1
t74,0.4825767963601536,0.5174232036398464
t75,0.4825767963601536,0.5174232036398464
t104,0.4825767963601536,0.5174232036398464
t105,0.4825767963601536,0.5174232036398464
t113,0.4825767963601536,0.5174232036398464
t114,0.4825767963601536,0.5174232036398464
t129,0.4825767963601536,0.5174232036398464
t151,0.4825767963601536,0.5174232036398464
t152,0.4825767963601536,0.5174232036398464
t160,0.4825767963601536,0.5174232036398464
