accepted_species,0,1
t74,0.4007157,0.5992843
t75,0.4007157,0.5992843
t104,0.4007157,0.5992843
t105,0.4007157,0.5992843
t113,0.4007157,0.5992843
t114,0.4007157,0.5992843
t129,0.4007157,0.5992843
t151,0.4007157,0.5992843
t152,0.4007157,0.5992843
t160,0.4007157,0.5992843
