accepted_species,estimate
t98,-0.8542689141670096
t40,-0.8509524038649299
t82,-0.6708072101051396
t27,-0.1508650019857898
t35,-0.24702973693753577
t17,-0.24959115800238213
t21,1.3763785367400827
t32,1.3763785367400831
t2,2.5381801391781744
t84,2.587301927237248
