accepted_species,estimate
t100,0.20633979623301804
t20,0.005102361898970534
t7,0.0035811005544240278
t1,-0.12156860340549579
t55,-0.8346645034390082
t35,0.577974066799469
t11,0.5431778813782049
t64,0.03807160642569029
t67,0.5326116877269819
t23,0.10836949860407898
