"accepted_species","estimate"
"t100",-2.10092856993044
"t20",0.650535649221321
"t7",-0.359662171898065
"t1",-0.103578493470498
"t55",-0.164075296274687
"t35",1.03700792958991
"t11",0.698520298096552
"t64",-0.029354385056211
"t67",-0.270798388338709
"t23",0.448743287720078
