accepted_species,estimate
t100,-0.9004224
t20,0.29298967
t7,-0.5646534
t1,0.07926844
t55,-0.135124
t35,0.4938179
t11,0.4888812
t64,0.11624353
t67,-0.17583184
t23,0.32077888
