accepted_species,0,1
t6,0.75389254,0.24610749
t9,0.6236328,0.37636718
t21,0.6791551,0.32084486
t23,0.77407813,0.22592188
t28,0.7576396,0.24236043
t34,0.8307377,0.16926226
t35,0.83249986,0.16750012
t44,0.65686387,0.34313613
t46,0.7608084,0.23919159
t73,0.7995206,0.20047939
t74,0.7995206,0.20047939
t78,0.7266513,0.27334866
t79,0.7986759,0.20132414
t82,0.7597953,0.24020466
t99,0.8153595,0.18464051
