accepted_species,estimate
t68,0.4140658
t50,0.4375527
t95,0.4375527
t96,0.4375527
t19,0.4375527
t35,0.4375527
t36,0.4375527
t63,0.4375527
t54,0.4375527
t51,0.4375527
