accepted_species,0,1
t294,0.9227365468981265,0.07726345310187356
t140,0.9380713125976685,0.06192868740233146
t37,0.9785610382947539,0.021438961705246073
t77,0.8534376081884394,0.14656239181156056
t232,0.8147936901823913,0.18520630981760863
t446,0.6673636676129159,0.3326363323870841
t83,0.5384159260183254,0.4615840739816746
t122,0.6822960131821844,0.31770398681781564
t80,0.6665688269554398,0.33343117304456016
t246,0.9175616236242418,0.08243837637575821
t134,0.9464869425541342,0.05351305744586582
t185,0.9394115297517753,0.0605884702482247
t302,0.8663631676515376,0.13363683234846233
t290,0.721585128456876,0.2784148715431241
t216,0.9078640561124651,0.0921359438875349
t439,0.9401761549852338,0.05982384501476626
t254,0.9274357171488962,0.07256428285110382
t426,0.49114147979215006,0.5088585202078499
t463,0.46592890437251033,0.5340710956274897
t316,0.8012047911168356,0.19879520888316435
t336,0.9477872021177867,0.05221279788221331
t322,0.9548192139318223,0.04518078606817771
t430,0.9531475289589658,0.046852471041034204
t431,0.9549427829974868,0.045057217002513195
t319,0.6553019212376157,0.3446980787623844
t320,0.7599812477539856,0.2400187522460144
t327,0.6463015405087646,0.3536984594912354
t248,0.8815533801200024,0.11844661987999765
t192,0.9360077391685707,0.06399226083142924
t166,0.9802322037633866,0.01976779623661335
t274,0.5893434159760957,0.41065658402390426
t422,0.9019965471097214,0.09800345289027858
t287,0.9303615116817128,0.0696384883182872
t162,0.9937822856779837,0.006217714322016348
t384,0.9230882572128107,0.07691174278718926
t408,0.9370698449683292,0.06293015503167078
t211,0.9479539520173117,0.05204604798268836
t237,0.9559340060627259,0.04406599393727403
t407,0.009920043649623844,0.9900799563503762
t338,0.9941015248995319,0.00589847510046819
t366,0.9965452080028019,0.0034547919971980893
t95,0.9863729549550924,0.013627045044907655
t103,0.7239562901936542,0.27604370980634585
t88,0.9346092600783298,0.06539073992167016
t48,0.9188859421262745,0.08111405787372548
t4,0.8257798517236825,0.1742201482763175
t3,0.7607372180744285,0.23926278192557152
