accepted_species,0,1
Palicourea_amplectens,0.91726357,0.08273642
Psychotria_maroensis,0.91726357,0.08273642
Notopleura_macrophylla,0.91530037,0.084699616
Rennellia_wallichii,0.9171975,0.0828025
Psychotria_patentinervia,0.91726357,0.08273642
Psychotria_marcgraviella,0.91530037,0.084699616
Psychotria_lavanchiei,0.9197116,0.080288425
Chassalia_pleuroneura,0.91530037,0.084699616
Damnacanthus_guangxiensis,0.91530037,0.084699616
Rudgea_obesiflora,0.91726357,0.08273642
