accepted_species,estimate
Asclepias_ovalifolia,-0.1860376608954175
Asclepias_vestita,-0.21305093874302616
Faramea_luteovirens,0.08300085194883255
Galium_circaezans,-0.532300246317245
Galium_porrigens,-0.21696316479411587
Ixora_javanica,0.22113784661336267
Mandevilla_benthamii,-0.22177606920917836
Psychotria_flava,-0.22804161260610933
Strophanthus_kombe,-0.30759226305212234
Vincetoxicum_hirundinaria,0.3277176058180943
