accepted_species,estimate
t13,-0.1964092376700063
t59,-0.4253307416006088
t64,-0.5202560231643488
t65,-0.5151062331221655
t48,-0.3502751775393972
t49,-0.3059610632244135
t50,-0.3140766563229712
t51,-0.3369243576701678
t37,-0.2594456578010771
t86,-0.3056359323751086
