accepted_species,estimate
t232,-0.11077717
t22,-0.08720878
t74,-0.08187161
t244,-0.0024730861
t245,0.09188767
t249,-0.6793273
t161,-0.6714223
t125,-0.09098317
t59,-0.084129654
t86,-0.08469324
t24,-0.07999321
t258,-0.31025404
t149,-0.10376775
t220,0.19152898
t188,-0.29980248
t169,-0.062142566
t184,0.13818868
t107,-0.07798679
t136,0.43241006
t124,-0.08439435
t72,0.002182262
t239,0.7405948
t38,-0.08457076
t79,-0.09384601
t12,-0.08369827
t10,-0.071462974
