accepted_species,estimate
t232,-0.31117046
t22,-0.07883365
t74,-0.04233827
t244,0.0032008637
t245,0.034913983
t249,-0.26424086
t161,-0.26424086
t125,-0.25075802
t59,-0.08540678
t86,-0.08958125
t24,-0.032451276
t258,0.078413434
t149,-0.12770623
t220,-0.09095569
t188,-0.41235226
t169,-0.32687426
t184,-0.11975926
t107,-0.07486951
t136,0.08101394
t124,0.0480371
t72,0.08297134
t239,0.5204781
t38,-0.05756661
t79,-0.0408252
t12,-0.07883365
t10,-0.07883365
