accepted_species,0,1
t17,0.9666855308705959,0.03331446912940411
t82,0.9668916068001093,0.033108393199890694
t40,0.9666552718084586,0.0333447281915414
t74,0.9666658474217829,0.033334152578217105
t67,0.9666322848906723,0.033367715109327664
t23,0.9666398076056384,0.03336019239436164
t43,0.9663238378895592,0.033676162110440826
t91,0.9664589857494137,0.0335410142505863
t5,0.9669418511176274,0.03305814888237254
t73,0.9669470096587995,0.03305299034120042
