accepted_species,0,1
t17,0.9667209797061834,0.033279020293816616
t82,0.9667872685752866,0.03321273142471338
t40,0.9665948062441014,0.03340519375589852
t74,0.9666086982611295,0.03339130173887048
t67,0.9666171471567792,0.03338285284322088
t23,0.9666010284351627,0.03339897156483733
t43,0.9666208642599079,0.033379135740092054
t91,0.9666716096635006,0.033328390336499314
t5,0.9667757200623168,0.0332242799376832
t73,0.9667750043838079,0.033224995616192035
