accepted_species,0,1
t17,0.9666666666666667,0.03333333333333333
t82,1.0,0.0
t40,0.9666666666666667,0.03333333333333333
t74,1.0,0.0
t67,1.0,0.0
t23,0.9666666666666667,0.03333333333333333
t43,0.9666666666666667,0.03333333333333333
t91,1.0,0.0
t5,0.9666666666666667,0.03333333333333333
t73,0.9666666666666667,0.03333333333333333
