accepted_species,estimate
Galium_angustifolium,-0.3780054927968003
Galium_bifolium,-0.3642079291002575
Galium_bolanderi,-0.37819938363168787
Galium_concinnum,-0.3625438543484731
Galium_eriocarpum,-0.3625438543484728
Galium_saxatile,-0.37637976006032864
Galium_tenuissimum,-0.36254385434847214
Galium_triflorum,-0.375155248048834
Kelloggia_galioides,-0.31091951797771566
Rubia_peregrina,-0.33528630465982506
