accepted_species,estimate
t11,0.4550339384999272
t31,0.411137187961306
t32,0.4467300437813851
t19,0.6145695891124977
t38,0.3831976004097089
t3,0.5267282019118519
t49,-0.28371447680781453
t50,-0.15945299647041028
t81,-0.16515520749605517
t82,-0.15769965288142918
