accepted_species,0,1
t54,0.8537419534003965,0.14625804659960356
t61,0.8565317880098533,0.14346821199014673
t66,0.8130911584562742,0.18690884154372575
t67,0.8130911584562742,0.18690884154372575
t72,0.6354695885086948,0.36453041149130516
t73,0.6354695885086948,0.36453041149130516
t77,0.8557109973946764,0.14428900260532357
t90,0.6225193971502773,0.37748060284972274
t127,0.836511493796727,0.16348850620327304
t128,0.8578992154822903,0.14210078451770966
