accepted_species,0,1
t56,0.9777777777777777,0.022222222222222223
t14,0.9777777777777777,0.022222222222222223
t73,0.9777777777777777,0.022222222222222223
t42,0.9777777777777777,0.022222222222222223
t90,0.9777777777777777,0.022222222222222223
t30,0.9777777777777777,0.022222222222222223
t92,0.9777777777777777,0.022222222222222223
t71,0.9777777777777777,0.022222222222222223
t43,0.9777777777777777,0.022222222222222223
t98,0.9777777777777777,0.022222222222222223
