accepted_species,estimate
Coprosma_lucida,0.4931899264206622
Coprosma_propinqua,0.4589424252118094
Galium_angustifolium,-0.23508767921593587
Galium_divaricatum,-0.17273147606323735
Galium_odoratum,-0.19406827997222187
Galium_propinquum,-0.1158546243368671
Galium_sterneri,-0.20254463247997456
Galium_trifidum,-0.2966004956998719
Opercularia_varia,0.5567743136756295
Rubia_cordifolia,-0.005932887363686912
