accepted_species,estimate
t16,0.059798304
t33,0.4955756
t239,-0.118163325
t240,-0.118163325
t195,-0.11518255
t187,-0.13272512
t257,-0.11518255
t74,0.39460844
t60,0.6155489
t51,-0.13272512
t29,0.59283215
t30,0.39270663
t49,0.11699053
t50,0.316675
t45,0.4818269
t214,1.2148063
t227,1.1068312
t228,1.1678212
t251,0.7163432
t179,0.8986403
t149,0.96699786
t87,0.99477506
t70,0.93408215
t107,0.9638113
t108,0.95094776
t96,0.9716923
t13,0.46105438
