"","Alpha","Theta"
"1",0.860236059017191,-9.91311185993254
