accepted_species,0,1
t10,0.70657694,0.29342306
t14,0.52549773,0.47450227
t21,0.79029655,0.20970348
t46,0.56584334,0.4341567
t58,0.27737534,0.72262466
t59,0.27737534,0.72262466
t73,0.79029655,0.20970348
t74,0.79029655,0.20970348
t101,0.64353466,0.35646537
t102,0.56584334,0.4341567
