accepted_species,0,1
t60,0.23097919235239983,0.7690208076476002
t92,0.31297788537443205,0.687022114625568
t93,0.18359009984863384,0.8164099001513662
t95,0.2884626601109085,0.7115373398890915
t115,0.20909218240361205,0.790907817596388
t117,0.19121864577327763,0.8087813542267224
t123,0.2220110310332709,0.7779889689667291
t136,0.41354057058905846,0.5864594294109415
t145,0.11325827240076047,0.8867417275992395
t154,0.24405980083315093,0.7559401991668491
