accepted_species,0,1
t60,0.5035545259243086,0.49644547407569145
t92,0.21648446142204536,0.7835155385779546
t93,0.26980593098067895,0.730194069019321
t95,0.1990701464578959,0.8009298535421041
t115,0.1909943525276614,0.8090056474723386
t117,0.13361555595227648,0.8663844440477235
t123,0.2715500953776183,0.7284499046223817
t136,0.23346338633160546,0.7665366136683945
t145,0.17299635959141035,0.8270036404085896
t154,0.3041859422383921,0.6958140577616079
