accepted_species,0,1
t101,0.9945953212470362,0.0054046787529638506
t103,0.9945010358876766,0.005498964112323404
t107,0.8472796312461359,0.15272036875386402
t121,0.8649688259848501,0.13503117401514989
t128,0.8524077181270272,0.14759228187297277
t130,0.8306683390801155,0.16933166091988455
t143,0.8416655268898883,0.1583344731101117
t151,0.9878546546574406,0.012145345342559429
t152,0.9874710023922529,0.012528997607747054
t198,0.9977731025788779,0.0022268974211221457
