accepted_species,0,1
t51,0.21037379483073815,0.7896262051692619
t52,0.20998431586580202,0.790015684134198
t21,0.2596293419914595,0.7403706580085405
t35,0.27336089451188716,0.7266391054881128
t28,0.2131228752959029,0.7868771247040971
t7,0.7865912577645867,0.2134087422354133
t10,0.8148414880365255,0.18515851196347458
t39,0.7728750631429023,0.2271249368570977
t64,0.7715881297944609,0.22841187020553916
t57,0.7746455763542731,0.22535442364572691
