accepted_species,0,1
t63,0.6721311475409837,0.32786885245901637
t64,0.6721311475409837,0.32786885245901637
t76,0.6721311475409837,0.32786885245901637
t77,0.6721311475409837,0.32786885245901637
t81,0.6721311475409837,0.32786885245901637
t84,0.6721311475409837,0.32786885245901637
t91,0.6721311475409837,0.32786885245901637
t92,0.6721311475409837,0.32786885245901637
t108,0.6721311475409837,0.32786885245901637
t121,0.6721311475409837,0.32786885245901637
t144,0.6721311475409837,0.32786885245901637
t145,0.6721311475409837,0.32786885245901637
t152,0.6721311475409837,0.32786885245901637
t153,0.6721311475409837,0.32786885245901637
t154,0.6721311475409837,0.32786885245901637
t158,0.6721311475409837,0.32786885245901637
t193,0.6721311475409837,0.32786885245901637
t195,0.6721311475409837,0.32786885245901637
t198,0.6721311475409837,0.32786885245901637
t199,0.6721311475409837,0.32786885245901637
