accepted_species,estimate
t59,0.44936082845681796
t23,0.2405527112921053
t86,0.18986187588734482
t25,0.20079165242460198
t12,0.12967517815558502
t64,-1.040600881705027
t82,-1.391889673608817
t43,-0.5448737310748791
t30,-0.3794521814587937
t5,-0.32086834522249885
