accepted_species,estimate
t59,0.44316223
t23,0.5294929
t86,-0.10011804
t25,-0.5322115
t12,0.06704623
t64,-0.932788
t82,-1.1247029
t43,-0.072955884
t30,-0.50256747
t5,-0.17642504
