accepted_species,0,1
t32,0.5304157302505126,0.46958426974948747
t36,0.5257951412690935,0.4742048587309064
t39,0.5203688143150327,0.47963118568496727
t44,0.5194741200610449,0.48052587993895507
t49,0.5243871612273365,0.4756128387726635
t51,0.5155991795429362,0.48440082045706384
t70,0.5176783456049617,0.48232165439503827
t71,0.5143956745834091,0.48560432541659093
t112,0.5182433058594386,0.48175669414056144
t125,0.5376390537583008,0.4623609462416992
