accepted_species,estimate
t37,0.06017536837950934
t33,0.15243236793276474
t19,0.16870417741910174
t20,0.433683591026771
t63,0.4149142912739182
t58,1.0842197549210086
t26,1.0913672043854314
t25,0.9255418667460004
t66,-1.349892955562513
t59,-1.32980548474744
