"accepted_species","estimate"
"t37",-0.981228129927569
"t33",0.260852094977297
"t19",0.302423732166408
"t20",0.302423732166408
"t63",0.417040346563244
"t58",0.4509628713246
"t26",0.454698759636376
"t25",0.454689380241988
"t66",-1.45692300923152
"t59",-1.44313131517376
