"accepted_species","0","1"
"t40",0.483964124749963,0.516035875250037
"t41",0.483964124749963,0.516035875250037
"t7",0.483964124753512,0.516035875246488
"t86",0.483964124748756,0.516035875251244
"t87",0.483964124748756,0.516035875251244
"t43",0.483964124751382,0.516035875248618
"t44",0.483964124751382,0.516035875248618
"t59",0.483964124751382,0.516035875248618
"t60",0.483964124751382,0.516035875248618
"t51",0.483964124751382,0.516035875248618
