accepted_species,0,1
t55,0.5852780777815155,0.4147219222184845
t14,0.300205366908585,0.699794633091415
t87,0.009634443625889388,0.9903655563741106
t76,0.05573569676278467,0.9442643032372153
t39,0.14839343905684932,0.8516065609431507
t57,0.09959507885129992,0.9004049211487001
t71,0.0007221869235639611,0.999277813076436
t99,0.13175485838839474,0.8682451416116053
t100,0.1316074257208416,0.8683925742791584
t32,0.060747096922567634,0.9392529030774324
