accepted_species,0,1
t24,0.32182127,0.6781787
t99,0.32182127,0.6781787
t100,0.32182127,0.6781787
t23,0.32182127,0.6781787
t33,0.32182127,0.6781787
t4,0.27571422,0.7242858
t22,0.2752918,0.7247082
t60,0.27281338,0.7271866
t61,0.27281338,0.7271866
t1,0.27571422,0.7242858
