accepted_species,0
Alibertia_edulis,-0.10358748871968886
Calycophyllum_candidissimum,-0.371522939070401
Coffea_arabica,-0.10358748871968886
Coffea_congensis,-0.10358748871968886
Coffea_racemosa,-0.10358748871968886
Gardenia_ovularis,-0.10358748871968886
Gardenia_ternifolia,-0.10358748871968886
Randia_hebecarpa,-0.10358748871968886
Tarenna_mollissima,-0.10358748871968886
Tocoyena_pittieri,-0.10358748871968886
