"accepted_species","0","1"
"t35",0.243992651494966,0.756007348505034
"t46",0.233151004338686,0.766848995661314
"t65",0.206030810420724,0.793969189579276
"t69",0.199380957282769,0.800619042717231
"t71",0.381994532499749,0.618005467500251
"t94",0.135933656733604,0.864066343266396
"t110",0.762022121834626,0.237977878165374
"t112",0.0734830637357943,0.926516936264206
"t117",0.896130923955943,0.103869076044057
"t123",0.833867900187593,0.166132099812407
