accepted_species,0,1
t35,0.19869506,0.80130494
t46,0.1125232,0.8874768
t65,0.08903414,0.91096586
t69,0.047340274,0.9526597
t71,0.78666735,0.21333264
t94,0.045268953,0.95473105
t110,0.848402,0.151598
t112,0.057414353,0.94258565
t117,0.9035944,0.09640561
t123,0.15425336,0.84574664
