"accepted_species","0","1"
"t18",0.742343720155215,0.257656279844785
"t33",0.658684886143191,0.341315113856809
"t37",0.735223581136476,0.264776418863524
"t50",0.786401704430901,0.2135982955691
"t51",0.786401704428375,0.213598295571625
"t55",0.786401704427364,0.213598295572636
"t56",0.786401704427364,0.213598295572636
"t61",0.735223581136476,0.264776418863524
"t76",0.735223581136476,0.264776418863524
"t77",0.735223581136476,0.264776418863524
"t102",0.994022612686492,0.00597738731350827
