accepted_species,0,1
t18,0.853462,0.14653802
t33,0.16727293,0.8327271
t37,0.16727293,0.8327271
t50,0.90209764,0.09790235
t51,0.90209764,0.09790235
t55,0.90209764,0.09790235
t56,0.90209764,0.09790235
t61,0.16727293,0.8327271
t76,0.16727293,0.8327271
t77,0.16727293,0.8327271
t102,0.9226619,0.077338085
