accepted_species,0,1
t18,0.6611533,0.33884668
t33,0.73609453,0.26390547
t37,0.61058164,0.38941836
t50,0.61058164,0.38941836
t51,0.61058164,0.38941836
t55,0.63935566,0.36064437
t56,0.61058164,0.38941836
t61,0.61058164,0.38941836
t76,0.61058164,0.38941836
t77,0.61058164,0.38941836
t102,0.714231,0.28576896
