accepted_species,estimate
t39,1.1150196247624122
t54,1.1195475400892312
t46,1.3589720240129755
t35,1.3309434562372717
t83,1.5257131818155427
t45,0.2618358913944533
t97,0.5523384992702165
t10,-0.14122178655300793
t11,-0.1412217865530079
t26,-0.2040859627940439
