accepted_species,estimate
t223,0.003993761
t197,-0.1605938
t133,-0.31299654
t123,-0.8634054
t207,-0.51027876
t90,-0.022154877
t99,-0.12559946
t180,0.1713216
t268,-0.23130235
t227,-0.5288908
t206,-0.12547772
t170,0.20196953
t168,0.17080753
t131,0.08082265
t175,0.114369065
t115,1.0085757
t150,0.79176706
t134,0.9976008
t202,0.80832094
t84,0.9013672
t215,-0.094395906
t216,0.045469258
t173,0.0164732
t143,0.24595954
t136,-0.095990956
t62,0.6867747
t15,-0.8490881
