accepted_species,estimate
t79,0.2688577498080926
t40,0.2597109065443619
t41,0.20539862233078404
t39,-1.0327565015958102
t52,-1.0815954184632506
t97,-1.0919630486462915
t98,-1.0919630486462912
t69,-1.041347099776906
t53,-1.0375121704009025
t11,-0.18978643755950322
