accepted_species,0,1
t48,0.442121676823389,0.557878323176611
t54,0.44294334136011315,0.5570566586398868
t91,0.4429607632488084,0.5570392367511916
t88,0.44152209209936366,0.5584779079006363
t84,0.4418148486703346,0.5581851513296654
t1,0.4430570529880181,0.5569429470119819
t16,0.4424816127357033,0.5575183872642967
t38,0.44325731421171966,0.5567426857882803
t94,0.45542589512673815,0.5445741048732619
t78,0.4550433241617533,0.5449566758382467
