accepted_species,0,1
t48,0.4444444444444444,0.5555555555555556
t54,0.4444444444444444,0.5555555555555556
t91,1.0,0.0
t88,0.0,1.0
t84,1.0,0.0
t1,0.4444444444444444,0.5555555555555556
t16,0.4444444444444444,0.5555555555555556
t38,0.4444444444444444,0.5555555555555556
t94,1.0,0.0
t78,1.0,0.0
