accepted_species,0,1
t48,0.43541133,0.56458867
t54,0.43224174,0.56775826
t91,0.4377129,0.5622871
t88,0.3799252,0.6200748
t84,0.3755538,0.6244462
t1,0.44608486,0.55391514
t16,0.44608486,0.55391514
t38,0.46513504,0.53486496
t94,0.52366596,0.47633404
t78,0.52848077,0.47151923
