accepted_species,estimate
t7,-1.0288457
t62,-1.0288457
t38,-1.0288457
t91,-0.81979346
t92,-0.81979346
t34,-0.47991395
t23,-0.47991395
t2,1.4172446
t3,1.4172446
t77,1.4172446
