accepted_species,0,1
t600,0.8222222222222222,0.17777777777777778
t621,0.8222222222222222,0.17777777777777778
t631,0.8222222222222222,0.17777777777777778
t646,0.8222222222222222,0.17777777777777778
t666,0.8222222222222222,0.17777777777777778
t686,0.8222222222222222,0.17777777777777778
t701,0.8222222222222222,0.17777777777777778
t704,1.0,0.0
t713,1.0,0.0
t719,1.0,0.0
