"accepted_species","0","1"
"t32",0.812845064220903,0.187154935779097
"t41",0.975658657031683,0.0243413429683173
"t94",0.998575149688017,0.00142485031198361
"t99",0.000215696920599689,0.9997843030794
"t79",0.00712855347483797,0.992871446525162
"t87",0.00362586566085757,0.996374134339143
"t82",0.00468819218396308,0.995311807816037
"t2",0.897336702989718,0.102663297010282
"t20",0.92708092762891,0.0729190723710895
"t19",0.945918742425915,0.0540812575740849
