accepted_species,0,1
t32,0.42577714,0.57422286
t41,0.80269927,0.19730072
t94,0.82418025,0.17581974
t99,0.04869795,0.95130205
t79,0.06231904,0.93768096
t87,0.029876113,0.9701239
t82,0.043604076,0.9563959
t2,0.9937771,0.006222926
t20,0.9724791,0.027520923
t19,0.98808897,0.0119110085
