accepted_species,0,1
t98,1.0,0.0
t38,0.9555555555555556,0.044444444444444446
t26,0.9555555555555556,0.044444444444444446
t99,1.0,0.0
t58,0.9555555555555556,0.044444444444444446
t68,0.9555555555555556,0.044444444444444446
t59,0.9555555555555556,0.044444444444444446
t30,0.9555555555555556,0.044444444444444446
t31,0.9555555555555556,0.044444444444444446
t51,0.9555555555555556,0.044444444444444446
