accepted_species,0,1
t98,0.9977379,0.0022620934
t38,0.9977379,0.0022620934
t26,0.86775315,0.13224685
t99,0.9185668,0.081433184
t58,0.9979991,0.002000942
t68,0.9979991,0.002000942
t59,0.9909201,0.0090798745
t30,0.9909201,0.0090798745
t31,0.9909201,0.0090798745
t51,0.9909201,0.0090798745
