accepted_species,0,1
t14,0.7223873,0.27761266
t19,0.09229082,0.9077092
t25,0.0850811,0.9149189
t53,0.21753138,0.7824686
t61,0.21753138,0.7824686
t62,0.11165041,0.8883496
t83,0.17912263,0.8208774
t84,0.21753138,0.7824686
t100,0.2852019,0.7147981
t105,0.15431172,0.8456883
t106,0.2852019,0.7147981
t136,0.2852019,0.7147981
t146,0.17912263,0.8208774
t147,0.17912263,0.8208774
t161,0.17912263,0.8208774
t162,0.17912263,0.8208774
t167,0.2852019,0.7147981
t168,0.2852019,0.7147981
