accepted_species,0,1
t14,0.098994315,0.9010057
t19,0.06483227,0.93516773
t25,0.12561136,0.87438864
t53,0.9480446,0.051955417
t61,0.9480446,0.051955417
t62,0.75446403,0.24553598
t83,0.80917543,0.19082458
t84,0.9480446,0.051955417
t100,0.9639069,0.03609311
t105,0.9639069,0.03609311
t106,0.9639069,0.03609311
t136,0.9639069,0.03609311
t146,0.7521698,0.2478302
t147,0.7521698,0.2478302
t161,0.6984978,0.3015022
t162,0.6984978,0.3015022
t167,0.9639069,0.03609311
t168,0.9639069,0.03609311
