"accepted_species","0","1"
"t32",0.921125387317387,0.0788746126826132
"t8",0.838461854111915,0.161538145888085
"t77",0.980448014623636,0.0195519853763643
"t78",0.980448014623636,0.0195519853763643
"t18",0.863076587220267,0.136923412779733
"t12",0.876143863623486,0.123856136376514
"t82",0.987849588508234,0.0121504114917664
"t15",0.882897595447079,0.11710240455292
"t17",0.883041258300612,0.116958741699388
"t49",0.07657807121418,0.92342192878582
