"accepted_species","0","1"
"t46","0.992634690691997","0.00736530930800287"
"t37","0.974673640467093","0.0253263595329075"
"t41","0.771378565996712","0.228621434003288"
"t83","0.000824678550336549","0.999175321449663"
"t75","0.999415522995866","0.000584477004133764"
"t78","0.998734079919","0.00126592008100044"
"t20","0.178264111219265","0.821735888780735"
"t28","0.346261647506556","0.653738352493444"
"t29","0.346261647506556","0.653738352493444"
"t23","0.346261647506556","0.653738352493444"
