accepted_species,0
t22,-0.018323325504653327
t81,-0.018323325504653327
t68,-0.018323325504653327
t29,-0.018323325504653327
t27,-0.018323325504653327
t3,-0.018323325504653327
t34,-0.018323325504653327
t37,-0.018323325504653327
t87,-0.018323325504653327
t2,-0.018323325504653327
