accepted_species,0
t35,
t111,
t120,
t258,
t113,
t164,
t305,-1.17824557435328
t307,-0.265211984915952
t225,
t134,
t289,
t314,0.114714663583116
t320,0.42089623589593406
t263,
t50,
t139,
t157,
t274,
t249,
t83,
t297,
t204,
t150,
t273,
t237,
t301,
t167,
t47,
t9,
t46,
t64,
t6,
t4,
