"accepted_species","0","1"
"t72",0.0074578086169193,0.992542191383081
"t75",0.00793607338233834,0.992063926617662
"t38",0.00889695127376229,0.991103048726238
"t43",0.0101843592737176,0.989815640726282
"t18",0.010137285443486,0.989862714556514
"t51",0.00862001374872421,0.991379986251276
"t119",0.00293434955049047,0.99706565044951
"t2",0.01020859600903,0.98979140399097
"t36",0.0102596875912598,0.98974031240874
"t90",0.00632346717322111,0.993676532826779
"t99",0.00458344917050998,0.99541655082949
"t6",0.0108875243580919,0.989112475641908
"t73",0.00823285014118701,0.991767149858813
