"accepted_species","0","1"
"Galium_album",0.323360184078864,0.676639815921136
"Galium_aparine",0.339437772557844,0.660562227442156
"Galium_bifolium",0.348960248064707,0.651039751935292
"Galium_mollugo",0.323360184078864,0.676639815921136
"Galium_parisiense",0.336078296377039,0.663921703622961
"Galium_saxatile",0.336078296377039,0.663921703622961
"Galium_spurium",0.350096867785786,0.649903132214213
"Galium_tinctorium",0.348960248064707,0.651039751935292
"Sherardia_arvensis",0.34371905176416,0.65628094823584
"Galium_pumilum",0.336078296377039,0.663921703622961
