accepted_species,0,1
Galium_album,0.3746339,0.6253661
Galium_aparine,0.3746339,0.6253661
Galium_bifolium,0.14805925,0.85194075
Galium_mollugo,0.3746339,0.6253661
Galium_parisiense,0.3746339,0.6253661
Galium_saxatile,0.3746339,0.6253661
Galium_spurium,0.6787627,0.3212373
Galium_tinctorium,0.5773616,0.4226384
Sherardia_arvensis,0.38002902,0.619971
Galium_pumilum,0.3746339,0.6253661
