accepted_species,0
t68,0.09312954716835559
t140,0.09312954716835559
t135,0.09312954716835559
t136,0.09312954716835559
t254,0.09312954716835559
t255,0.09312954716835559
t250,0.09312954716835559
t268,0.09312954716835559
t221,0.09312954716835559
t205,0.09312954716835559
t319,-0.437451627591274
t269,0.09312954716835559
t297,0.09312954716835559
t298,0.09312954716835559
t184,0.09312954716835559
t149,0.09312954716835559
t125,0.09312954716835559
t287,0.09312954716835559
t239,0.09312954716835559
t231,0.09312954716835559
t280,0.09312954716835559
t281,0.09312954716835559
t223,0.09312954716835559
t299,0.09312954716835559
t279,0.09312954716835559
t232,0.09312954716835559
t236,0.09312954716835559
t289,0.09312954716835559
t290,0.09312954716835559
t204,0.09312954716835559
t94,0.09312954716835559
t62,0.09312954716835559
