accepted_species,0,1
t43,0.1947664,0.8052336
t77,0.48659688,0.5134031
t82,0.7478261,0.2521739
t83,0.11473745,0.88526255
t85,0.11473745,0.88526255
t89,0.1947664,0.8052336
t101,0.1846013,0.8153987
t122,0.48659688,0.5134031
t140,0.22438574,0.77561426
t160,0.1947664,0.8052336
