accepted_species,0,1
t43,0.1506899,0.8493101
t77,0.35426676,0.64573324
t82,0.87228477,0.1277152
t83,0.086949885,0.9130501
t85,0.13886559,0.8611344
t89,0.17651153,0.8234885
t101,0.26178116,0.73821884
t122,0.32035273,0.67964727
t140,0.41433042,0.5856696
t160,0.32035273,0.67964727
