accepted_species,estimate
t76,-0.22074692964358034
t33,-0.2146584780570325
t27,-0.702106366744388
t39,0.35983175757959096
t40,0.35983175757959146
t52,0.3590592172761659
t99,0.3619949287897352
t30,0.22427092473157165
t46,0.22518089550475687
t71,0.22630135360478865
