accepted_species,0
t76,-0.012471192412052962
t33,-0.012471192412052962
t27,-0.012471192412052962
t39,-0.012471192412052962
t40,-0.012471192412052962
t52,-0.012471192412052962
t99,1.57767433198522
t30,-0.012471192412052962
t46,-0.012471192412052962
t71,-0.012471192412052962
