"accepted_species","0","1"
"t83","0.0089860477323832","0.991013952267617"
"t54","0.111495893309262","0.888504106690738"
"t66","0.139376193842701","0.860623806157299"
"t23","0.92110224545761","0.0788977545423899"
"t21","0.961890183503168","0.0381098164968324"
"t87","0.0877021720502336","0.912297827949766"
"t79","0.213815396756926","0.786184603243074"
"t80","0.213815396756926","0.786184603243074"
"t28","0.836558761437054","0.163441238562946"
"t44","0.876477936188488","0.123522063811512"
