accepted_species,estimate
t28,-0.3522426
t46,-1.2889915
t29,1.027502
t99,0.75524515
t30,0.57750666
t52,0.6658638
t93,-0.20103438
t15,-0.7023295
t49,-0.7023295
t88,0.27985153
