accepted_species,estimate
t31,1.5124081
t36,1.4679133
t56,1.4679133
t57,1.4679133
t44,1.5575854
t9,1.4024897
t39,1.3928111
t24,1.3928111
t20,1.3928111
t95,1.3982443
