accepted_species,0,1
t9,0.14996248,0.8500375
t111,0.2998454,0.7001546
t112,0.2998454,0.7001546
t52,0.22890615,0.77109385
t33,0.9385195,0.0614805
t34,0.9385195,0.0614805
t70,0.9172951,0.0827049
t147,0.9467478,0.05325225
t40,0.9385195,0.0614805
t53,0.9564456,0.043554444
t129,0.9518794,0.048120618
t80,0.944167,0.055832982
t44,0.9671997,0.032800328
t122,0.96939355,0.03060642
