accepted_species,0,1
t9,0.07187849,0.9281215
t111,0.5379198,0.46208018
t112,0.5379198,0.46208018
t52,0.85845196,0.14154807
t33,0.15714455,0.84285545
t34,0.04295647,0.9570435
t70,0.39736283,0.6026372
t147,0.8382031,0.16179693
t40,0.030779302,0.9692207
t53,0.96169037,0.038309656
t129,0.95927393,0.040726084
t80,0.95927393,0.040726084
t44,0.08013171,0.9198683
t122,0.94899344,0.05100658
