accepted_species,estimate
t63,0.6241162299687806
t18,-0.4742462245674184
t46,-0.7400854890892232
t59,0.3325031512889519
t69,0.2663608019475626
t87,0.6016143060777696
t65,0.6965963872872444
t58,0.5802039287320703
t9,-0.07176232904806565
t81,-0.0860052756262163
