"accepted_species","estimate"
"t63",0.332839767276423
"t18",0.271123153863092
"t46",-1.18461214454595
"t59",0.442879982840481
"t69",0.478079898153713
"t87",0.00200380965192913
"t65",0.10785616715444
"t58",0.273134141226481
"t9",1.30326935707524
"t81",-1.13974802158754
