accepted_species,estimate
t99,0.2577193215118128
t100,0.2577096666728516
t80,0.2725723537645753
t81,0.27154895459126954
t8,0.1951986162988509
t12,0.2265364861386213
t15,0.2073588347542
t40,0.21079419357079074
t90,0.1928156086106557
t50,0.227540364918669
