accepted_species,estimate
t16,-0.0013549993397186655
t29,-0.004757400474808188
t25,-0.003581186963599464
t75,0.4382089985242359
t86,0.1872023813782021
t54,0.17195550880160862
t53,0.03921274160475813
t40,-0.04139156439931839
t59,-0.3970930263210767
t100,-0.40145863630102674
