"accepted_species","estimate"
"t83",1.09041409003843
"t94",0.592054833600087
"t26",0.04912253213591
"t20",-0.485668023168424
"t84",-1.57102055444328
"t32",-0.287291924050354
"t87",-1.88938393537941
"t13",-0.595316594382744
"t37",-0.472877951742029
"t90",0.590786392015848
