accepted_species,0
t83,1.24720225365592
t94,0.603423081882998
t26,
t20,
t84,-1.8099392954893552
t32,
t87,-1.9877108124052
t13,
t37,
t90,0.622909525290215
