"accepted_species","estimate"
"t10",-0.233065648610196
"t99",0.496450574201189
"t63",-0.0721361341555594
"t68",1.93931176034757
"t67",1.43632069451881
"t91",-0.437885652889142
"t87",0.558736564686711
"t34",-0.442123329343416
"t73",-0.25490580928569
"t49",0.335416024317446
