accepted_species,estimate
t10,0.35068
t99,0.3187396
t63,0.348419
t68,0.8985355
t67,0.4815607
t91,-0.14140154
t87,0.39836508
t34,-0.97821903
t73,-0.095828
t49,-0.25287
