accepted_species,estimate
t23,-0.055251794675853054
t33,-0.02543834352602014
t34,0.0013836267574091413
t30,-0.07360144019483852
t165,-0.8820380588345477
t85,-0.9834309807610268
t152,-0.40947099002548276
t48,-0.916757125606367
t167,0.48865115702964756
t118,-0.4747916828142207
t119,-0.06052323327731992
t25,-0.28196275226752443
t46,0.11336292714409668
t83,0.17483514978234846
t50,-0.0009588653909669217
t132,-0.013235601689530328
t88,-0.047221344483597875
