"accepted_species","estimate"
"t23",-0.0683100029072374
"t33",-0.0131516628048779
"t34",-0.0131516628048779
"t30",-0.0940304620925059
"t165",-0.840532792901601
"t85",-0.843572600256648
"t152",-0.309718154587422
"t48",-0.461366157158124
"t167",-0.389344602655061
"t118",0.117230145533123
"t119",0.117230145533123
"t25",0.00495945264866594
"t46",0.32429625208604
"t83",-0.0912633772934565
"t50",0.171165310138781
"t132",0.171907295034838
"t88",0.315893136820322
