accepted_species,0,1
t21,0.16666666666666663,0.8333333333333334
t91,0.16666666666666663,0.8333333333333334
t92,0.16666666666666663,0.8333333333333334
t10,0.16666666666666663,0.8333333333333334
t76,0.16666666666666663,0.8333333333333334
t77,0.16666666666666663,0.8333333333333334
t9,0.16666666666666663,0.8333333333333334
t22,0.16666666666666663,0.8333333333333334
t58,0.16666666666666663,0.8333333333333334
t59,0.16666666666666663,0.8333333333333334
