accepted_species,0,1
t38,0.5756292089308563,0.4243707910691437
t42,0.6391448367280798,0.36085516327192024
t53,0.5518372534061895,0.4481627465938105
t62,0.4892309957042401,0.5107690042957599
t94,0.5754630519299617,0.42453694807003833
t126,0.6240355802984118,0.3759644197015882
t129,0.5736181013606239,0.42638189863937614
t135,0.47352103467927664,0.5264789653207234
t143,0.4651941990135692,0.5348058009864308
t160,0.6346307790378652,0.36536922096213476
