accepted_species,0,1
Gentiana_macrophylla,0.3832843777423066,0.6167156222576934
Gentiana_nivalis,0.28433042915488516,0.7156695708451148
Galium_circaezans,0.4572764940578534,0.5427235059421466
Galium_mollugo,0.4001388663839933,0.5998611336160067
Galium_tinctorium,0.4059697729076116,0.5940302270923884
Sherardia_arvensis,0.2915709315447066,0.7084290684552934
Cynanchum_boveanum,0.13155139194128984,0.8684486080587102
Galium_pumilum,0.463595650938863,0.536404349061137
Opercularia_ovata,0.61042429705406,0.38957570294594
Richardia_stellaris,0.694644826423804,0.305355173576196
