accepted_species,0,1
Gentiana_macrophylla,0.18774307,0.81225693
Gentiana_nivalis,0.18774307,0.81225693
Galium_circaezans,0.6761148,0.3238852
Galium_mollugo,0.6435454,0.35645458
Galium_tinctorium,0.544557,0.45544305
Sherardia_arvensis,0.080455005,0.919545
Cynanchum_boveanum,0.357773,0.642227
Galium_pumilum,0.5400106,0.45998943
Opercularia_ovata,0.33866733,0.66133267
Richardia_stellaris,0.6897458,0.31025425
