accepted_species,0,1
t6,0.0039636493,0.99603635
t50,0.00046908855,0.9995309
t30,0.0019258261,0.9980742
t29,0.0010605454,0.99893945
t26,0.16144127,0.83855873
t36,0.033205748,0.96679425
t37,0.16001093,0.83998907
t72,0.0829342,0.9170658
t73,0.0829342,0.9170658
t25,0.009226263,0.99077374
