accepted_species,estimate
t37,-0.12258535
t42,-0.2769161
t34,-0.19464459
t5,3.0299807
t8,0.22281066
t151,0.06624325
t172,-0.13720539
t254,-0.110795096
t235,0.16994666
t168,0.15786773
t237,0.14377338
t35,-0.15728557
t50,-0.23860458
t139,-0.42372528
t247,-0.06875991
t84,-0.1251386
t143,-0.06603612
t117,-0.25863555
t110,-0.056170672
t180,-0.05045741
t245,0.3115339
t261,0.5306913
t53,0.094180755
t170,-0.018846912
t162,0.0006056356
t21,0.23308082
t11,0.27762052
