"","Alpha","Theta"
"1",0.731338082395271,-4.54802197869867
