accepted_species,estimate
t17,-0.7354675385265413
t96,-0.6774592141237913
t79,-0.6612100841918925
t29,0.31908645181568634
t100,0.30774718488081615
t51,0.43445420129339024
t16,0.16922365998226646
t1,-0.5729338071097633
t12,-0.6401760675246487
t39,-0.6753700396770842
