"accepted_species","0","1"
"t12",0.273897244531817,0.726102755468183
"t31",0.158390408915145,0.841609591084855
"t41",0.119909367531908,0.880090632468092
"t53",0.0933026791857617,0.906697320814238
"t46",0.103856831610411,0.896143168389589
"t15",0.323508144902819,0.676491855097181
"t19",0.364096588169837,0.635903411830163
"t40",0.115555768898331,0.88444423110167
"t38",0.116771837214982,0.883228162785018
"t3",0.207263494608683,0.792736505391317
