accepted_species,0,1
t64,0.9409035,0.05909652
t27,0.13401264,0.86598736
t37,0.23757327,0.76242673
t3,0.741729,0.258271
t82,0.35174638,0.6482536
t83,0.35174638,0.6482536
t69,0.35174638,0.6482536
t8,0.82538,0.17461996
t30,0.8834468,0.116553165
t46,0.45418942,0.5458106
