accepted_species,estimate
t45,0.7528913719744549
t99,0.7722830793032343
t2,0.6327781799897015
t58,0.6381378050285115
t64,0.6475118548373637
t65,0.6475118548373637
t97,0.647622973751067
t98,0.6476229737510666
t78,0.6473319766763722
t30,0.6414353511230886
