accepted_species,0,1
t78,0.6668746874837705,0.3331253125162294
t85,0.36271939876963843,0.6372806012303616
t106,0.24164499286982344,0.7583550071301766
t117,0.016836578498426125,0.9831634215015739
t122,0.21531827678106297,0.784681723218937
t125,0.056906552234482155,0.9430934477655178
t128,0.04313624269987848,0.9568637573001215
t147,0.3411815371146064,0.6588184628853936
t155,0.22610538533421587,0.7738946146657841
t160,0.017322608094226255,0.9826773919057737
