accepted_species,0,1
t25,0.16530102,0.834699
t43,0.9203222,0.07967784
t46,0.9730968,0.026903233
t54,0.9730968,0.026903233
t59,0.8023113,0.19768871
t62,0.8472914,0.15270858
t67,0.5651179,0.4348821
t69,0.54030085,0.45969912
t71,0.05327046,0.94672954
t82,0.9425305,0.057469457
t97,0.9620292,0.037970804
t98,0.43452775,0.56547225
t99,0.19045663,0.8095434
t108,0.71651506,0.28348497
