accepted_species,0
t53,-0.3255538741426253
t83,0.11303397137162743
t43,-0.12493999484902327
t99,0.04729768967055015
t9,-0.06511422798011672
t26,0.06618125473943084
t37,0.040746227976326224
t62,-0.19757073081208032
t41,0.18223704907799865
t5,-0.07101842500082134
