accepted_species,estimate
t102,0.7742128
t93,0.77395564
t211,0.7742128
t203,0.7742128
t218,0.7742128
t139,0.7742128
t197,0.7742128
t198,0.7742128
t97,0.77377516
t98,0.77395564
t86,0.77395564
t192,0.77519786
t221,0.77497673
t206,0.77497673
t177,0.77497673
t65,0.7770819
t236,0.77519786
t126,0.77537835
t234,0.7753725
t205,0.7751514
t153,0.77519786
t57,0.7775025
t27,0.76706004
