accepted_species,0,1
t97,0.9945023,0.005497691
t83,0.9977147,0.002285282
t78,0.9945932,0.00540682
t93,0.99211895,0.007881023
t65,0.96875954,0.03124044
t74,0.96875954,0.03124044
t62,0.9938974,0.006102636
t32,0.9938974,0.006102636
t49,0.9938974,0.006102636
t2,0.99231386,0.0076861233
