accepted_species,0,1
t47,0.4109872,0.5890128
t79,0.23240083,0.76759917
t84,0.13458031,0.8654197
t93,0.07510519,0.9248948
t120,0.09918654,0.90081346
t123,0.2551725,0.7448275
t139,0.1892556,0.8107444
t165,0.80997145,0.19002856
t166,0.7185478,0.2814522
t176,0.038876295,0.9611237
