accepted_species,0,1
t100,0.67119783,0.32880217
t104,0.67119783,0.32880217
t129,0.67119783,0.32880217
t130,0.67119783,0.32880217
t156,0.60974467,0.39025536
t180,0.67119783,0.32880217
t181,0.67119783,0.32880217
t209,0.60974467,0.39025536
t216,0.60974467,0.39025536
t217,0.60974467,0.39025536
