accepted_species,estimate
t3,0.5339878476019424
t17,0.32266342052489994
t75,0.26515906465770384
t78,0.2637768182239351
t45,0.2821441859061634
t28,0.29539802122557085
t66,0.3556520045457865
t67,0.36772547059022803
t79,0.27645308625187537
t31,0.32094757324115536
