accepted_species,estimate
t3,0.0038442838763182545
t17,0.3554027338125985
t75,0.8578097901274844
t78,0.8803444003113656
t45,0.6448164289296814
t28,0.499447299998129
t66,0.4350111781261047
t67,0.4350111781261047
t79,-0.966608471026401
t31,-0.6963540577163395
