accepted_species,estimate
t61,-0.19335454726241297
t88,-0.1933168777716014
t37,-0.19262042483629038
t81,1.0878359890069014
t14,1.086175706758906
t73,-1.1733694888216673
t89,-1.1739994514358287
t30,-1.183983361905685
t59,-1.185210174151954
t49,-1.170230167141834
