accepted_species,estimate
t61,-0.19149375
t88,-0.17261249
t37,-0.19149375
t81,1.0888838
t14,1.0909058
t73,-0.9726115
t89,-1.1752352
t30,-1.1823944
t59,-1.182575
t49,-1.182575
