accepted_species,0,1
t12,0.3701411987406825,0.6298588012593175
t13,0.3701411987406825,0.6298588012593175
t17,0.37120244645311773,0.6287975535468823
t19,0.8820516065813123,0.11794839341868765
t70,0.1368373521329952,0.8631626478670048
t75,0.39634774215253155,0.6036522578474685
t85,0.3466152035787199,0.6533847964212801
t92,0.3708405422277289,0.6291594577722711
t110,0.4234846810050187,0.5765153189949813
t121,0.1082951272802426,0.8917048727197574
