accepted_species,estimate
t10,1.9456740971942739
t31,1.7194696287888322
t2,1.4533197582804465
t6,1.8830333442223863
t58,1.5152629657191485
t59,1.4835130625350277
t64,1.516923782127964
t65,1.449600875402456
t68,1.5611446466568597
t70,1.2597165865339863
