accepted_species,0,1
t12,0.004260063,0.99573994
t19,0.0031720996,0.9968279
t26,0.0019364953,0.9980635
t41,0.011283815,0.9887162
t63,0.0013990998,0.9986009
t69,0.008791089,0.9912089
t72,0.0013144612,0.99868554
t77,0.009331048,0.99066895
t81,0.0057407618,0.99425924
t85,0.0013144612,0.99868554
t102,0.12850088,0.8714991
t114,0.0013144612,0.99868554
t120,0.0010762811,0.9989237
t138,0.005962491,0.9940375
t150,0.007323146,0.99267685
t151,0.007323146,0.99267685
