"accepted_species","estimate"
"t15",-0.852386350268339
"t65",-0.227750730415074
"t84",0.699117433485754
"t25",1.29590157980288
"t98",0.201812847934337
"t29",-0.73694253012397
"t48",0.036831706463763
"t4",-0.206498382193491
"t24",-0.126757980250913
"t28",-0.393861768205606
