accepted_species,estimate
t36,-0.15321443989562275
t42,-0.21277892619617472
t76,0.7489127399627576
t72,-0.055444754683298764
t55,0.5310473773569201
t50,0.030507439218071836
t99,0.02739631654046948
t56,0.20903093481151994
t63,0.26123984281688495
t46,-0.06456656317875445
