accepted_species,estimate
t36,0.3006638
t42,0.041673817
t76,-0.029271917
t72,0.6216908
t55,0.49777728
t50,0.49600026
t99,0.49600026
t56,0.32265443
t63,-0.4924289
t46,-0.26154992
