accepted_species,0,1
t52,0.8822018432668248,0.11779815673317519
t93,0.8823335497071588,0.11766645029284119
t49,0.8614188680126463,0.13858113198735364
t50,0.8614188680126463,0.13858113198735364
t74,0.8720025817782573,0.12799741822174274
t98,0.8721569025680482,0.12784309743195182
t66,0.8771546244753597,0.12284537552464023
t36,0.8716865494622955,0.12831345053770446
t22,0.8853783853829212,0.11462161461707877
t96,0.8858558888000819,0.11414411119991806
