accepted_species,0,1
t52,0.9234661,0.0765339
t93,0.923523,0.07647697
t49,0.8671462,0.13285379
t50,0.8671462,0.13285379
t74,0.8290236,0.17097639
t98,0.8252656,0.17473441
t66,0.909476,0.090524
t36,0.87707484,0.12292516
t22,0.91959065,0.080409326
t96,0.91750735,0.08249264
