accepted_species,0,1
t65,0.60949363912731,0.39050636087269
t66,0.6115445303642638,0.3884554696357362
t64,0.607767273031476,0.39223272696852396
t97,0.6086455243808326,0.3913544756191674
t98,0.6085971932680804,0.39140280673191963
t52,0.6019484443125812,0.3980515556874188
t58,0.6047590187010656,0.3952409812989344
t59,0.6023089339078439,0.3976910660921561
t50,0.613401828265493,0.38659817173450695
t51,0.6104575230216525,0.3895424769783476
