accepted_species,0
t45,-0.05670294250318683
t49,-0.05670294250318683
t6,-0.05670294250318683
t68,-0.05670294250318683
t3,-0.05670294250318683
t90,1.430965414574275
t54,-0.05670294250318683
t99,0.818490428541564
t24,-0.05670294250318683
t82,3.45037790765678
