accepted_species,estimate
t45,-0.14037895
t49,0.15905486
t6,-0.36938083
t68,-0.23725519
t3,1.0998061
t90,1.2812508
t54,0.61211735
t99,0.61649
t24,0.6251678
t82,3.3519213
