accepted_species,estimate
t23,1.3656762
t48,0.9908848
t15,1.4915668
t58,0.9538887
t90,0.9538887
t91,0.9538887
t37,0.9538887
t76,1.4337181
t77,1.4337181
t27,1.3425006
