accepted_species,estimate
t47,0.318631338140746
t48,0.318631338140746
t42,0.318631338140746
t35,0.3196949402846915
t96,0.6015754733914541
t71,-0.0592985990879725
t85,-0.06327796641369836
t79,0.06093036442468877
t89,0.3763143929409488
t8,0.35337281251857006
