accepted_species,0,1
t30,0.7780576003882856,0.22194239961171433
t31,0.7878963326415475,0.21210366735845254
t80,0.461331697673908,0.538668302326092
t144,0.9915862491770037,0.008413750822996377
t169,0.9896207596471528,0.010379240352847175
t46,0.8017612119621815,0.19823878803781841
t44,0.838834381648081,0.16116561835191903
t164,0.2611406034980004,0.7388593965019996
t121,0.40232220702589994,0.5976777929741001
t241,0.7990786967936033,0.2009213032063967
t209,0.09217214232918602,0.907827857670814
t240,0.5620508301895341,0.43794916981046594
t175,0.5112891256655738,0.4887108743344261
t13,0.43970334522680754,0.5602966547731925
t73,0.2313143753433753,0.7686856246566247
t159,0.34632692691190925,0.6536730730880908
t177,0.30912961567885244,0.6908703843211476
t55,0.31792588464570726,0.6820741153542927
t225,0.002151201248495882,0.9978487987515041
t290,0.0022315069227927253,0.9977684930772073
t272,0.0014801128419910103,0.998519887158009
t228,0.7621977414964249,0.23780225850357506
t239,0.9193910708386744,0.08060892916132557
t232,0.9346424592181308,0.06535754078186914
t153,0.9460139653323839,0.05398603466761606
t181,0.8806918096593815,0.11930819034061842
t141,0.969983363513282,0.03001663648671802
t288,0.7694059024692623,0.2305940975307377
t289,0.8253720383216833,0.1746279616783167
t72,0.46874161913520107,0.5312583808647989
t189,0.4473072668898277,0.5526927331101723
t253,0.49319930097660214,0.5068006990233979
t128,0.5380846429238222,0.4619153570761778
t18,0.6512120994241815,0.3487879005758186
