accepted_species,estimate
t81,-0.97340846
t9,-1.001066
t74,-1.0017303
t79,-1.3857424
t20,-0.9322738
t91,-1.0615233
t76,-1.0615233
t77,0.5586578
t37,0.4982535
t40,0.4982535
