accepted_species,0,1
t11,0.8702646990374786,0.12973530096252142
t17,0.4307543699705386,0.5692456300294614
t18,0.40789985508500093,0.5921001449149991
t20,0.8844127800913681,0.11558721990863183
t39,0.43141285458507916,0.5685871454149208
t41,0.444249149303497,0.555750850696503
t42,0.43094335319882104,0.569056646801179
t64,0.47283362747076974,0.5271663725292303
t99,0.4856828813167182,0.5143171186832818
t101,0.46396808096549946,0.5360319190345005
t102,0.46597528407499833,0.5340247159250017
