accepted_species,estimate
t50,0.28605264
t54,0.4770893
t42,0.14957532
t47,0.083455846
t44,2.1347196
t1,-0.73252624
t9,-1.289134
t65,-0.76539767
t66,-0.76539767
t56,-0.12178533
