accepted_species,0
t69,
t70,
t217,
t230,
t107,
t248,
t249,
t62,
t64,
t212,
t317,1.02932119214477
t89,
t223,
t57,
t91,
t82,
t136,
t207,0.656999369150592
t315,0.363397015915527
t303,
t124,
t277,
t258,
t259,
t233,
t265,
t153,
t175,
t296,
t161,
t159,
t260,
