accepted_species,0,1
t175,0.7578062956990079,0.24219370430099213
t253,0.7615369464704715,0.2384630535295284
t263,0.76248666330462,0.23751333669537997
t274,0.9403822271276012,0.05961777287239872
t284,0.7329820947769021,0.26701790522309793
t296,0.7157955340918163,0.28420446590818366
t297,0.7236554465312286,0.2763445534687714
t309,0.749375781691437,0.2506242183085629
t314,0.5527874150868034,0.4472125849131966
t336,0.7388904426808792,0.2611095573191208
