accepted_species,0,1
t6,0.9965079,0.00349212
t73,0.9965079,0.00349212
t72,0.9960548,0.0039451537
t29,0.99070245,0.0092975395
t30,0.98376924,0.016230745
t37,0.9981495,0.0018505062
t36,0.9960548,0.0039451537
t50,0.99561626,0.004383729
t25,0.98376924,0.016230745
t26,0.98932856,0.010671438
