accepted_species,0,1
t39,0.9333333333333333,0.06666666666666667
t42,0.9333333333333333,0.06666666666666667
t52,0.9333333333333333,0.06666666666666667
t60,0.9333333333333333,0.06666666666666667
t61,0.9333333333333333,0.06666666666666667
t74,0.9333333333333333,0.06666666666666667
t81,0.9333333333333333,0.06666666666666667
t99,0.9333333333333333,0.06666666666666667
t100,0.9333333333333333,0.06666666666666667
t105,0.9333333333333333,0.06666666666666667
