accepted_species,0,1
t39,0.8923981,0.10760186
t42,0.87816167,0.12183836
t52,0.8923981,0.10760186
t60,0.752321,0.247679
t61,0.752321,0.247679
t74,0.8923981,0.10760186
t81,0.752321,0.247679
t99,0.8923981,0.10760186
t100,0.8923981,0.10760186
t105,0.8923981,0.10760186
