accepted_species,0,1
t39,0.92000824,0.079991736
t42,0.9190236,0.08097643
t52,0.9190236,0.08097643
t60,0.9408497,0.059150264
t61,0.9408497,0.059150264
t74,0.92000824,0.079991736
t81,0.9408497,0.059150264
t99,0.9190236,0.08097643
t100,0.9190236,0.08097643
t105,0.91820145,0.081798546
