accepted_species,0,1
t131,0.38157152853992937,0.6184284714600706
t141,0.45760899850309944,0.5423910014969006
t184,0.4709322516816603,0.5290677483183397
t205,0.2011286677362769,0.7988713322637231
t227,0.02814725747498903,0.971852742525011
t235,0.4085774068022642,0.5914225931977358
t238,0.3608258098382623,0.6391741901617377
t242,0.16125906587163563,0.8387409341283644
t260,0.025281775263255146,0.9747182247367449
t275,0.13903568568857128,0.8609643143114287
