"accepted_species","estimate"
"t37",0.271154712794577
"t39",0.728032541544684
"t65",0.830710042422358
"t58",0.794830598641649
"t66",0.571732321692409
"t67",0.571732321692409
"t24",0.258403855046568
"t25",0.258403855046568
"t29",0.258403855046568
"t21",0.258403855046568
