"accepted_species","estimate"
"t37",0.271160090730128
"t39",0.728046910334703
"t65",0.830715155875422
"t58",0.794839939476038
"t66",0.571753727951034
"t67",0.571753727951034
"t24",0.258481998993367
"t25",0.258481998993367
"t29",0.258481998993367
"t21",0.258481998993367
