accepted_species,estimate
t53,-1.2498491351339542
t58,-0.5760695447697224
t28,-0.7415280317461221
t20,1.4173027166859387
t67,0.4086909587730989
t42,0.4455190744238109
t15,0.2929214649660452
t13,0.027676636825385365
t22,0.3014637408521832
t78,0.7760478098646431
