accepted_species,estimate
t67,-0.29701456976876534
t55,-0.3377714650691201
t56,-0.29688016985190563
t3,0.039850934050499595
t13,0.12108907820513885
t49,-0.13429714539603216
t50,-0.2736165843734594
t29,-0.20629979688745953
t18,-0.2537165175855484
t12,-0.1501204606498216
