accepted_species,estimate
t67,-0.81449693
t55,-0.15085563
t56,-0.15085563
t3,-0.4831817
t13,-0.9345593
t49,-0.8059248
t50,-0.8059248
t29,-0.13315697
t18,-0.13315697
t12,-0.8059248
