"accepted_species","estimate"
"t4",0.450028016114375
"t94",-1.99526181968547
"t53",0.665088076052312
"t91",0.541565672386871
"t51",-0.147548080421287
"t23",-0.193300176612526
"t44",-1.07121287187151
"t81",-2.44784320862414
"t62",-1.25710578995999
"t20",0.510754057575467
