accepted_species,0,1
t14,,
t33,0.0,1.0
t50,,
t67,,
t73,,
t84,,
t85,,
t95,,
t99,,
t103,,
t123,0.0,1.0
t124,0.0,1.0
t137,0.00753724273619838,0.9924627572638016
