accepted_species,estimate
t31,-0.35154986
t32,0.6192467
t107,1.0604187
t200,1.249995
t201,1.2636408
t88,0.20589997
t123,0.5454003
t99,0.8322311
t73,0.96956927
t212,0.41628855
t183,-1.2765234
t154,-1.1533363
t176,-1.5274755
t101,0.1045974
t216,-1.6250765
t198,0.0031034863
t174,-0.20617601
t206,0.21187872
t55,0.6716366
t252,-1.3980112
t15,-0.042969894
t211,-0.7046924
t184,-0.8378988
t53,-0.42041743
t169,2.5248497
t10,-0.36251312
t13,-0.20285256
