accepted_species,0,1
t134,0.9218830740738289,0.07811692592617112
t138,0.9218830740738289,0.07811692592617112
t161,0.9218840333126234,0.07811596668737668
t212,0.9218877462306347,0.07811225376936526
t213,0.9218877462306347,0.07811225376936526
t218,0.9220305605074496,0.07796943949255046
t219,0.9220305605074496,0.07796943949255046
t221,0.9218840333126234,0.07811596668737668
t244,0.9218733465536347,0.07812665344636525
t245,0.9218733465536347,0.07812665344636525
