accepted_species,0,1
t134,0.9214590812296889,0.07854091877031107
t138,0.921453261123241,0.07854673887675905
t161,0.9214286430873659,0.07857135691263406
t212,0.921446059914852,0.0785539400851481
t213,0.9214415058587968,0.0785584941412032
t218,0.9214683765911067,0.07853162340889332
t219,0.9214694830588601,0.07853051694113984
t221,0.921437905427313,0.078562094572687
t244,0.9214405012071443,0.07855949879285579
t245,0.9214404340859836,0.07855956591401639
