accepted_species,0
t14,
t43,
t74,-0.8005007493676499
t23,
t96,-1.25028899929884
t34,
t36,
t98,0.283864482480007
t21,
t37,
