"accepted_species","estimate"
"t14",0.829587318332208
"t43",-0.574767880798364
"t74",-0.809657150147135
"t23",-1.25192949827359
"t96",-1.25299038853403
"t34",-1.87935587238973
"t36",1.20065906619034
"t98",0.286332357883482
"t21",-0.826731108117849
"t37",0.32640466830437
