accepted_species,estimate
t61,0.85311663
t31,0.85765713
t12,0.7565003
t13,0.7487489
t66,0.8783566
t51,0.92496544
t73,0.83269805
t74,0.83269805
t68,0.81169015
t7,0.84426284
