accepted_species,0,1
t19,0.39213794,0.60786206
t27,0.3753714,0.6246286
t31,0.3753714,0.6246286
t43,0.3616882,0.6383118
t48,0.34863734,0.65136266
t54,0.36584836,0.63415164
t57,0.57382333,0.4261767
t70,0.29375434,0.70624566
t83,0.29375434,0.70624566
t89,0.34805316,0.65194684
t97,0.34461153,0.6553885
t104,0.32699668,0.6730033
