accepted_species,estimate
t232,-1.0603303
t14,-0.12956123
t98,-0.57103753
t244,-0.94359326
t121,-0.73073465
t180,0.22071992
t155,1.9168255
t137,1.8382765
t93,1.6152748
t126,-0.52713454
t123,-0.5343149
t41,-1.0005603
t43,-0.92253697
t117,-0.9083219
t189,0.12902445
t205,0.12902445
t94,0.03942322
t128,-0.13019018
t30,-0.40449178
t33,0.092362
t34,0.092362
t239,0.3990131
t77,0.30944142
t85,0.30689725
t150,1.2988001
t54,1.5945587
