accepted_species,0
t95,-1.8808903594291355
t45,
t39,
t97,0.4712608291229623
t28,
t75,
t76,
t25,
t66,-0.09074932664808186
t83,1.2938757746179217
