accepted_species,estimate
t95,-1.6974683
t45,-0.0209632
t39,-0.4240989
t97,0.36197022
t28,0.1872017
t75,0.5421102
t76,0.42806894
t25,0.31710485
t66,-0.06342715
t83,1.0462539
