accepted_species,0,1
Asclepias_sullivantii,0.08286065,0.91713935
Gentiana_septemfida,0.45551485,0.54448515
Gentianella_propinqua,0.92202383,0.07797615
Lomatogonium_carinthiacum,0.6917952,0.30820483
Sinoswertia_tetraptera,0.96037596,0.03962402
Galium_album,0.25127625,0.74872375
Galium_saxatile,0.81692517,0.18307483
Galium_texense,0.5409275,0.45907244
Cynanchum_viminale,0.19769472,0.8023053
Gentiana_clarkei,0.45551485,0.54448515
