accepted_species,estimate
t57,0.4875081
t91,0.050556824
t21,0.27471003
t78,0.51892686
t15,0.42027503
t80,-0.5287739
t227,-0.12056937
t173,0.108655795
t155,0.16036133
t110,0.9949467
t180,1.0176641
t177,0.92314106
t42,1.0183114
t225,0.12379698
t214,-0.043160394
t228,-0.020199519
t250,0.12888235
t251,0.13156241
t203,0.13889953
t241,0.25024864
t17,-0.16316648
t26,-1.2904991
t40,-2.0532913
t11,-1.3775384
t3,-0.056181435
