accepted_species,estimate
t34,0.11977351
t79,0.11977351
t99,-1.0359887
t77,-0.8341875
t6,0.11977351
t43,0.11977351
t26,0.11977351
t53,0.11977351
t39,0.11977351
t20,0.28502196
