accepted_species,0,1
t30,0.2704176549789036,0.7295823450210964
t50,0.2705251814138666,0.7294748185861334
t79,0.27041205353347253,0.7295879464665275
t81,0.27044210982130656,0.7295578901786934
t86,0.2706816899293141,0.7293183100706859
t114,0.2703835293049386,0.7296164706950614
t115,0.27038368137194724,0.7296163186280528
t119,0.27069106906923057,0.7293089309307694
t120,0.270689480917205,0.729310519082795
t132,0.2705974919122288,0.7294025080877712
