accepted_species,0,1
t30,0.4483804,0.5516196
t50,0.4483804,0.5516196
t79,0.105174184,0.8948258
t81,0.105174184,0.8948258
t86,0.4483804,0.5516196
t114,0.4483804,0.5516196
t115,0.4483804,0.5516196
t119,0.4483804,0.5516196
t120,0.4483804,0.5516196
t132,0.4483804,0.5516196
