accepted_species,0,1
t22,0.46984553,0.53015447
t18,0.46984553,0.53015447
t90,0.34515047,0.6548495
t93,0.34515047,0.6548495
t35,0.34865594,0.65134406
t15,0.36350513,0.6364949
t70,0.36568338,0.6343166
t66,0.6573874,0.34261262
t67,0.6573874,0.34261262
t85,0.39960718,0.6003928
