accepted_species,0,1
t26,0.88462317,0.1153768
t31,0.89325804,0.10674198
t39,0.021490753,0.97850925
t47,0.8253545,0.17464547
t62,0.08860731,0.9113927
t68,0.055294156,0.94470584
t69,0.34359026,0.65640974
t94,0.074703336,0.92529666
t106,0.47181678,0.5281832
t113,0.78736717,0.21263282
