"accepted_species","0","1"
"t10","0.853671954347643","0.146328045652357"
"t36","0.97645596835505","0.0235440316449497"
"t5","0.385617867538776","0.614382132461224"
"t94","0.998619651571045","0.00138034842895526"
"t56","0.984048777606825","0.0159512223931747"
"t9","0.998254446105663","0.00174555389433666"
"t6","0.961340710474587","0.0386592895254132"
"t86","0.997909806500127","0.00209019349987328"
"t62","0.98302134079107","0.0169786592089299"
"t42","0.990252593278322","0.00974740672167842"
