accepted_species,0,1
t10,0.9505464,0.049453605
t36,0.9607097,0.039290283
t5,0.14608026,0.85391974
t94,0.71391344,0.28608656
t56,0.8125802,0.18741974
t9,0.97191584,0.028084172
t6,0.8639248,0.13607518
t86,0.94924146,0.050758515
t62,0.13550127,0.86449873
t42,0.96712685,0.03287316
