accepted_species,estimate
t65,-0.4456017
t74,-0.24912253
t90,-0.0220859
t148,-0.8928931
t246,-0.95448273
t247,-0.9414426
t258,-1.2002803
t221,-0.84882987
t201,-0.56855595
t240,-0.18624255
t105,-0.6646034
t116,-0.7330189
t135,-0.45214254
t271,0.7079129
t111,-0.5513396
t106,0.16555291
t140,0.08008805
t175,0.00674848
t210,-0.11090549
t278,0.037580255
t143,0.0055564027
t223,0.1501022
t128,-0.1226595
t142,-0.10909078
t66,0.5612275
t70,0.87123966
t82,0.9205282
