accepted_species,0,1
Apocynum_cannabinum,0.7707593,0.22924073
Asclepias_speciosa,0.10497254,0.89502746
Cicendia_quadrangularis,0.939108,0.060892016
Diodia_virginiana,0.6204871,0.37951294
Edrastima_uniflora,0.2386114,0.7613886
Sherardia_arvensis,0.4048633,0.5951367
Enicostema_axillare,0.8989012,0.10109876
Galium_richardianum,0.6147082,0.38529184
Galium_verrucosum,0.47659767,0.52340233
Richardia_humistrata,0.7586796,0.2413204
