accepted_species,0,1
Gentianella_amarella,0.5111111111111111,0.4888888888888889
Gentianella_biebersteinii,0.5111111111111111,0.4888888888888889
Gentianella_propinqua,0.5111111111111111,0.4888888888888889
Gentianopsis_barbata,0.5111111111111111,0.4888888888888889
Gentianopsis_paludosa,0.5111111111111111,0.4888888888888889
Halenia_elliptica,0.5111111111111111,0.4888888888888889
Lomatogonium_carinthiacum,0.5111111111111111,0.4888888888888889
Swertia_perennis,0.5111111111111111,0.4888888888888889
Gentianella_germanica,0.5111111111111111,0.4888888888888889
Gentianopsis_detonsa,0.5111111111111111,0.4888888888888889
