accepted_species,estimate
t91,0.009708707179361793
t59,0.010295635385918406
t93,-0.452064611596237
t99,-0.5561650494684635
t82,-0.5553467398760865
t84,0.2701171200773207
t72,0.22406765575748122
t15,0.22968748868720698
t25,0.07343423438918492
t29,0.07850306279522781
