"accepted_species","estimate"
"t7",0.092851851630271
"t96",0.573652240296798
"t40",0.266486885949159
"t14",1.16827916830443
"t15",1.16827916830443
"t5",-0.653530557883367
"t80",-1.88916515362117
"t94",-1.76746615406607
"t54",0.522151383622068
"t44",1.06731530846617
