accepted_species,0,1
t59,0.35567010309278346,0.6443298969072165
t168,0.35567010309278346,0.6443298969072165
t58,0.35567010309278346,0.6443298969072165
t89,0.35567010309278346,0.6443298969072165
t57,0.35567010309278346,0.6443298969072165
t28,0.35567010309278346,0.6443298969072165
t163,0.35567010309278346,0.6443298969072165
t68,0.35567010309278346,0.6443298969072165
t187,0.35567010309278346,0.6443298969072165
t170,0.35567010309278346,0.6443298969072165
t171,0.35567010309278346,0.6443298969072165
t190,0.35567010309278346,0.6443298969072165
t140,0.35567010309278346,0.6443298969072165
t79,0.35567010309278346,0.6443298969072165
t153,0.35567010309278346,0.6443298969072165
t209,0.0,1.0
t36,0.35567010309278346,0.6443298969072165
t48,0.35567010309278346,0.6443298969072165
t193,0.35567010309278346,0.6443298969072165
t183,0.35567010309278346,0.6443298969072165
t126,0.35567010309278346,0.6443298969072165
t53,0.35567010309278346,0.6443298969072165
