accepted_species,estimate
t93,0.2711616717677322
t2,-0.12184815544410074
t50,-0.6696080312220548
t68,-0.7546770565852471
t69,-0.7333013787431849
t54,-0.6836891977753029
t94,-1.081107744762824
t99,-0.9905046312487374
t100,-0.8276610726108359
t82,-1.0748081636174027
