accepted_species,0
t9,-0.07769862038542012
t32,-1.1416834903823365
t38,-1.7918406074468607
t33,-0.9332325078026532
t78,0.6031215808772911
t44,0.423614316815267
t41,0.4134744935291605
t5,0.4480332024443119
t71,0.9507782511051427
t91,1.7814497325250547
