accepted_species,0,1
Minaria_lourteigiae,0.92512345,0.07487658
Rosenbergiodendron_longiflorum,0.96230364,0.037696373
Cynanchum_purpureum,0.8761374,0.123862624
Spermacoce_matanzasia,0.92512345,0.07487658
Amphidasya_colombiana,0.96230364,0.037696373
Aspidoglossum_angustissimum,0.8761374,0.123862624
Lisianthius_cordifolius,0.8761374,0.123862624
Urophyllum_bracteolatum,0.96230364,0.037696373
Kopsia_singapurensis,0.8761374,0.123862624
Remijia_trianae,0.96230364,0.037696373
