accepted_species,0,1
t65,0.0026818080196603367,0.9973181919803397
t66,0.002080660563844594,0.9979193394361554
t64,0.0019659834264854625,0.9980340165735145
t96,0.0021549934353602973,0.9978450065646397
t69,0.0023906926291554775,0.9976093073708445
t55,0.002025112739991619,0.9979748872600084
t82,2.1854774956309164e-05,0.9999781452250437
t67,0.0045731521921880125,0.995426847807812
t56,0.12170669042078597,0.878293309579214
t80,0.09410036090740936,0.9058996390925906
