accepted_species,0,1
Asclepias_incarnata,0.16934994392206348,0.8306500560779365
Gentiana_spathulifolia,0.6154376933495552,0.3845623066504448
Gentianella_biebersteinii,0.6426296606701702,0.3573703393298297
Lomatogonium_carinthiacum,0.669953329614322,0.33004667038567803
Galium_boreale,0.4177340133179638,0.5822659866820362
Galium_tinctorium,0.4253597598477059,0.5746402401522941
Sherardia_arvensis,0.4243572339716678,0.5756427660283322
Cynanchum_viminale,0.21913403347599492,0.7808659665240051
Galium_verrucosum,0.3931272324551861,0.6068727675448139
Spermacoce_stachydea,0.5286407513157598,0.4713592486842402
