"accepted_species","estimate"
"t25",-0.427212421067431
"t65",-0.487812999313781
"t73",-0.485906847721838
"t107",-0.50149292938205
"t108",-0.50149292938205
"t63",-0.584774926491361
"t89",-0.627553351537656
"t90",-0.627553351537656
"t139",-0.666997012442117
"t140",-0.666997012442117
"t113",-0.666997012442117
"t93",-0.633721261336468
"t129",-0.633721261336468
"t130",-0.633721261336468
