accepted_species,0,1
t29,0.7670686,0.23293138
t23,0.6097066,0.39029342
t68,0.8238852,0.1761148
t113,0.15801948,0.8419805
t21,0.81456375,0.18543622
t88,0.9248279,0.07517214
t60,0.44877732,0.5512227
t128,0.44877732,0.5512227
t35,0.25677085,0.74322915
t73,0.5453794,0.45462057
t145,0.17554444,0.82445556
t13,0.5160309,0.4839691
t49,0.6256906,0.37430942
t104,0.83881384,0.16118617
t90,0.83881384,0.16118617
t43,0.7996322,0.20036782
