"accepted_species","0","1"
"t66",0.954451700414627,0.0455482995853726
"t67",0.053612197709956,0.946387802290044
"t45",0.0884221617813265,0.911577838218673
"t84",0.02415067399228,0.97584932600772
"t73",0.0370110266491557,0.962988973350844
"t43",0.908187691065424,0.0918123089345763
"t53",0.158514212756539,0.841485787243461
"t24",0.842728541906417,0.157271458093583
"t17",0.762427459073301,0.237572540926699
"t86",0.920775418044971,0.0792245819550293
