accepted_species,0,1
t66,0.8209873834963837,0.17901261650361633
t67,0.1947227925418561,0.8052772074581439
t45,0.20662057548723511,0.7933794245127649
t84,0.1943926420310601,0.8056073579689399
t73,0.18437561558976834,0.8156243844102317
t43,0.8344901452554663,0.1655098547445337
t53,0.21569029955264674,0.7843097004473533
t24,0.8122277294731852,0.18777227052681483
t17,0.7588675238519965,0.2411324761480035
t86,0.5178980400422533,0.4821019599577468
