accepted_species,0,1
t66,0.9920505,0.007949467
t67,0.0038651228,0.9961349
t45,0.17614496,0.82385504
t84,0.0030813217,0.9969187
t73,0.0038503408,0.99614966
t43,0.996312,0.0036879915
t53,0.91105145,0.088948555
t24,0.83254325,0.16745678
t17,0.9805511,0.01944887
t86,0.9709278,0.02907221
