accepted_species,estimate
t46,0.22997557
t45,0.25197813
t95,0.2270202
t40,0.31186327
t85,-0.71774125
t4,0.3366014
t43,0.6954259
t30,0.6954259
t81,0.2363517
t50,-0.21040997
