accepted_species,estimate
t60,0.6619806
t42,0.4963941
t20,-0.18922392
t82,-0.72924167
t7,-0.26789594
t56,-0.036451288
t10,0.18042137
t36,0.2541051
t30,0.043564122
t99,-0.49882573
