accepted_species,0,1
t9,0.47777777777777775,0.5222222222222223
t57,0.47777777777777775,0.5222222222222223
t86,0.0,1.0
t73,0.47777777777777775,0.5222222222222223
t4,0.47777777777777775,0.5222222222222223
t46,0.47777777777777775,0.5222222222222223
t94,1.0,0.0
t100,1.0,0.0
t22,0.47777777777777775,0.5222222222222223
t16,0.47777777777777775,0.5222222222222223
