accepted_species,0,1
Asclepias_lanuginosa,0.11766118,0.8823388
Centaurium_pulchellum,0.9064642,0.093535796
Gentiana_aquatica,0.7475736,0.25242636
Gentiana_septemfida,0.7475736,0.25242636
Galium_concinnum,0.47713608,0.5228639
Edrastima_uniflora,0.2487244,0.7512756
Vincetoxicum_hirundinaria,0.2643819,0.7356181
Gentiana_acaulis,0.456887,0.543113
Gentiana_clarkei,0.7475736,0.25242636
Kohautia_tenuis,0.2487244,0.7512756
