accepted_species,0
t41,0.03266462561413691
t79,0.03266462561413691
t53,0.03266462561413691
t64,0.03266462561413691
t62,0.03266462561413691
t66,0.03266462561413691
t99,-1.36160435454443
t8,0.03266462561413691
t58,0.03266462561413691
t59,0.03266462561413691
