accepted_species,estimate
t41,-0.8555235
t79,-0.09254463
t53,-0.28323722
t64,-0.99909914
t62,-0.94986796
t66,-0.80150187
t99,-1.3602394
t8,-0.23013319
t58,-1.5611569
t59,-0.87045753
