accepted_species,0
t99,1.74398588397303
t89,-0.25381688861719
t45,-0.0435328219075211
t42,0.36237118747851993
t19,
t79,1.0129348937093787
t10,
t35,
t27,
t52,-0.753554997303603
