accepted_species,0,1
Asclepias_asperula,0.29159838,0.7084016
Funastrum_cynanchoides,0.52589625,0.47410375
Gentiana_macrophylla,0.34502518,0.6549748
Gentianopsis_paludosa,0.7756449,0.22435512
Galium_bifolium,0.4568419,0.5431581
Galium_concinnum,0.4474007,0.5525993
Galium_verum,0.5416167,0.45838332
Gentiana_clarkei,0.47083533,0.5291647
Gentiana_clusii,0.39687806,0.60312194
Asperula_scoparia,0.4719683,0.5280317
