accepted_species,0,1
Asclepias_asperula,0.007075548,0.99292445
Funastrum_cynanchoides,0.24128062,0.7587194
Gentiana_macrophylla,0.022047698,0.9779523
Gentianopsis_paludosa,0.16137904,0.83862096
Galium_bifolium,0.10416597,0.895834
Galium_concinnum,0.7682189,0.23178111
Galium_verum,0.9446105,0.0553895
Gentiana_clarkei,0.711024,0.288976
Gentiana_clusii,0.8437662,0.15623379
Asperula_scoparia,0.6619687,0.33803126
