accepted_species,estimate
t74,0.1373136
t65,-0.0043854695
t26,-0.5921444
t82,-0.76681656
t2,-0.31075168
t91,-0.59759444
t19,-0.3892942
t87,-0.002083367
t88,-0.002083367
t97,0.010704283
