accepted_species,0
t24,-0.015833288301034986
t1,-0.015833288301034986
t51,-0.015833288301034986
t60,-0.015833288301034986
t61,-0.015833288301034986
t73,0.505412878163836
t70,0.253214618625569
t17,-0.015833288301034986
t36,-0.015833288301034986
t55,1.9124897544267199
