accepted_species,estimate
t92,1.1053140617521802
t72,0.8394922625612965
t55,0.8601117454667971
t32,-0.13457452426285002
t6,-0.21896442097626487
t87,0.25830506835392325
t61,0.004953733251887565
t38,-0.5851378932981519
t50,0.16335545741313912
t11,-0.09500648994125814
