"accepted_species","estimate"
"t92",1.10939405452397
"t72",0.871801373370838
"t55",0.483422616054425
"t32",0.0620652459872315
"t6",-0.0254765154682197
"t87",0.765396253414973
"t61",0.26463314647518
"t38",-0.696144417245312
"t50",-0.559916632848365
"t11",-0.016395809028377
