accepted_species,0,1
t33,0.9671646027476521,0.032835397252347846
t49,0.999285368718705,0.000714631281295009
t48,0.9990088809632536,0.0009911190367464758
t39,0.9937696232941314,0.006230376705868521
t34,0.9990773240125638,0.000922675987436205
t97,0.9999999999963173,3.6826829234742224e-12
t35,0.9503005922250507,0.04969940777494932
t12,0.4385953185511676,0.5614046814488324
t10,0.40356815462342455,0.5964318453765755
t7,0.22674442169729114,0.7732555783027089
