accepted_species,0,1
t33,0.9881410816585826,0.011858918341417418
t49,0.9847151782991681,0.015284821700831884
t48,0.9865674651777565,0.01343253482224349
t39,0.9900409934158217,0.009959006584178268
t34,0.9884882973959787,0.01151170260402139
t97,0.9885751538479315,0.011424846152068536
t35,0.9893808355287995,0.010619164471200532
t12,0.004643491406281508,0.9953565085937185
t10,0.009635917208828726,0.9903640827911713
t7,0.015499427788271958,0.984500572211728
