accepted_species,0,1
t67,0.4342545454066906,0.5657454545933094
t70,0.9995651112117125,0.0004348887882875027
t83,0.9999991368540138,8.631459862367707e-07
t64,0.8216327719691493,0.17836722803085073
t65,0.8216327719691495,0.17836722803085048
t56,0.8341951466004142,0.16580485339958584
t96,0.011888461133904071,0.9881115388660959
t82,0.007643675970135599,0.9923563240298644
t38,0.1157026854539952,0.8842973145460048
t80,0.0798681944685623,0.9201318055314377
