accepted_species,0,1
t67,0.4159459082778938,0.5840540917221062
t70,0.8899731263600209,0.11002687363997908
t83,0.8784407296086718,0.12155927039132818
t64,0.852012484935317,0.14798751506468305
t65,0.8602772819996302,0.13972271800036984
t56,0.8830793493319399,0.11692065066806008
t96,0.0019680978704023078,0.9980319021295977
t82,0.0006501792847873888,0.9993498207152126
t38,0.03734458915183625,0.9626554108481638
t80,0.05878990842772147,0.9412100915722785
