accepted_species,0,1
t57,0.8214087771421943,0.17859122285780574
t69,0.8217866607039933,0.1782133392960067
t107,0.8219866658272903,0.17801333417270976
t144,0.8197531819457078,0.1802468180542922
t156,0.8198247658561917,0.18017523414380826
t162,0.8235231569106015,0.1764768430893985
t185,0.8224328354520096,0.1775671645479904
t192,0.822918454438045,0.17708154556195502
t199,0.8214818365040899,0.1785181634959101
t202,0.8220016701427918,0.17799832985720818
