accepted_species,0,1
t2,0.707641196013289,0.292358803986711
t43,0.707641196013289,0.292358803986711
t45,0.707641196013289,0.292358803986711
t49,0.707641196013289,0.292358803986711
t57,0.707641196013289,0.292358803986711
t58,0.707641196013289,0.292358803986711
t61,0.707641196013289,0.292358803986711
t76,0.707641196013289,0.292358803986711
t88,0.707641196013289,0.292358803986711
t93,0.707641196013289,0.292358803986711
t98,0.707641196013289,0.292358803986711
t102,0.707641196013289,0.292358803986711
t116,0.707641196013289,0.292358803986711
t120,0.707641196013289,0.292358803986711
t121,0.707641196013289,0.292358803986711
t148,0.707641196013289,0.292358803986711
t167,0.707641196013289,0.292358803986711
t170,0.707641196013289,0.292358803986711
t172,0.707641196013289,0.292358803986711
t212,0.707641196013289,0.292358803986711
t216,0.707641196013289,0.292358803986711
t226,0.707641196013289,0.292358803986711
t229,0.707641196013289,0.292358803986711
t239,0.707641196013289,0.292358803986711
t241,0.707641196013289,0.292358803986711
t256,0.707641196013289,0.292358803986711
t273,0.707641196013289,0.292358803986711
t280,0.707641196013289,0.292358803986711
t281,0.707641196013289,0.292358803986711
t287,0.707641196013289,0.292358803986711
t294,0.707641196013289,0.292358803986711
t298,0.707641196013289,0.292358803986711
t308,0.707641196013289,0.292358803986711
t329,1.0,0.0
