accepted_species,estimate
t36,0.11097220116529785
t100,0.11144790699677531
t6,0.10945249387193753
t15,0.11141360423136926
t107,0.11266385372131116
t83,0.48688751995766366
t39,0.22709246877548545
t35,-0.026905570591505806
t50,-0.027371076702373806
t40,-0.02265690938066426
