accepted_species,0,1
t24,0.5925602234619118,0.4074397765380882
t57,0.5933492826574325,0.4066507173425676
t60,0.5925210052071962,0.4074789947928038
t94,0.5950731053522085,0.40492689464779147
t105,0.5937322648911512,0.40626773510884884
t121,0.5951834855303766,0.40481651446962347
t133,0.5933932360215741,0.4066067639784258
t134,0.5934395067992662,0.4065604932007338
t147,0.5923609161681709,0.4076390838318292
t151,0.5922660004442519,0.40773399955574813
