accepted_species,0,1
t32,0.13496089,0.8650391
t70,0.0680213,0.9319787
t73,0.06730461,0.9326954
t76,0.124685526,0.8753145
t83,0.20747226,0.79252774
t91,0.067215264,0.93278474
t93,0.0680213,0.9319787
t113,0.24901283,0.7509872
t120,0.0680213,0.9319787
t139,0.19290733,0.80709267
