accepted_species,estimate
t14,0.5051964
t23,0.5051964
t45,0.78391623
t3,-0.5126817
t71,-1.2571671
t15,-0.6432889
t90,-0.75564647
t38,0.04660999
t95,-0.32742602
t29,-0.034457237
