accepted_species,estimate
t41,1.8325530732676516
t86,-0.337901435637218
t44,-0.5201923653823819
t18,0.23700619493221972
t53,0.6673874265762922
t83,0.7024536696165977
t39,-0.5366220558706756
t12,-0.5635795379295838
t100,-0.09199793843461931
t71,-0.05222515625021689
