"accepted_species","estimate"
"t41",2.03745953154978
"t86",0.509250794689707
"t44",-0.903717560698912
"t18",0.141851986402779
"t53",0.974162563825277
"t83",0.397365633696271
"t39",-0.647492559610854
"t12",-0.555487886436733
"t100",0.0755064929674671
"t71",-0.590713846657461
