accepted_species,0,1
t37,0.507851,0.49214897
t40,0.55098546,0.44901454
t77,0.1763789,0.8236211
t115,0.5568992,0.44310084
t120,0.38316435,0.61683565
t123,0.32688993,0.67311007
t150,0.22848421,0.7715158
t160,0.2535702,0.7464298
t161,0.21830285,0.78169715
t165,0.4143499,0.5856501
