accepted_species,0,1
t37,0.9013413,0.09865868
t40,0.47901583,0.5209842
t77,0.03739661,0.9626034
t115,0.6865765,0.31342348
t120,0.052366912,0.9476331
t123,0.080150306,0.9198497
t150,0.0949505,0.9050495
t160,0.020371377,0.9796286
t161,0.020371377,0.9796286
t165,0.60444057,0.39555946
