accepted_species,0,1
t80,0.029447044071098882,0.9705529559289011
t81,0.032829641904319806,0.9671703580956802
t95,0.08314767897508968,0.9168523210249103
t56,0.03084502611827733,0.9691549738817227
t66,0.03149476140418361,0.9685052385958164
t67,0.03149476140418361,0.9685052385958164
t83,0.026188270354911225,0.9738117296450888
t69,0.0259425171474833,0.9740574828525167
t70,0.026788494756609493,0.9732115052433905
t62,0.02685660515396726,0.9731433948460327
