accepted_species,0,1
t59,0.0014016292378301598,0.9985983707621698
t63,0.002036183517072798,0.9979638164829272
t24,0.00017230105139709462,0.9998276989486029
t75,0.00016316393734250312,0.9998368360626575
t90,0.00015494634952029074,0.9998450536504797
t61,0.00010517819137323414,0.9998948218086268
t60,9.06131189138959e-05,0.9999093868810861
t14,0.0003928033849365242,0.9996071966150635
t23,0.005257782865065286,0.9947422171349347
t31,0.014920802332994643,0.9850791976670054
