accepted_species,0,1
t93,0.24115888693037935,0.7588411130696207
t7,0.6066815928114268,0.39331840718857325
t84,0.6492929029313782,0.3507070970686218
t27,0.68119868649735,0.31880131350265
t81,0.5197873549535954,0.4802126450464046
t82,0.5638092205998244,0.4361907794001756
t35,0.5429701987991178,0.45702980120088216
t38,0.536456944196724,0.46354305580327604
t86,0.5471835157630666,0.45281648423693344
t88,0.5785475888642929,0.4214524111357071
