accepted_species,0,1
t40,0.996197,0.003803036
t99,0.9982965,0.0017035292
t27,0.9982567,0.0017432964
t18,0.9982567,0.0017432964
t44,0.9980446,0.0019554007
t94,0.9980446,0.0019554007
t71,0.9980446,0.0019554007
t78,0.9850371,0.01496294
t79,0.9850371,0.01496294
t32,0.99382627,0.0061737443
