accepted_species,0,1
t40,0.99988264,0.000117348594
t99,0.9994772,0.0005227824
t27,0.99461657,0.005383421
t18,0.9938543,0.006145724
t44,0.99996865,3.1348503e-05
t94,0.9999825,1.7527262e-05
t71,0.9999825,1.7527262e-05
t78,0.99989694,0.0001030799
t79,0.99989694,0.0001030799
t32,0.9999337,6.625452e-05
