accepted_species,estimate
t150,0.654838
t162,0.77812076
t163,0.7716449
t23,0.5766865
t96,0.49142775
t102,0.4740883
t172,0.39235106
t11,-0.17379247
t28,0.61368024
t34,-0.27161404
t22,-0.2986296
t113,0.14446081
t138,0.29421377
t206,0.19914469
t151,0.1079937
t24,-1.2215731
t15,-0.87829655
t183,0.16626288
t71,0.03580987
t154,0.31027463
t55,-0.24449189
t21,0.5407303
t19,-0.7235411
