accepted_species,0,1
t3,0.5193981717501643,0.48060182824983566
t11,0.5366389760002778,0.46336102399972223
t13,0.5363334376731876,0.4636665623268123
t32,0.5357294461870282,0.4642705538129718
t47,0.5303543052746489,0.46964569472535106
t57,0.5201230982516729,0.4798769017483271
t85,0.5204588137446883,0.4795411862553117
t89,0.5223351518074548,0.4776648481925452
t95,0.5195547685406612,0.4804452314593389
t101,0.5203213953203849,0.47967860467961515
t104,0.5221092198022121,0.47789078019778786
t107,0.5297262510262895,0.47027374897371055
t112,0.5154450605348335,0.4845549394651664
t121,0.5224389309901349,0.47756106900986506
t129,0.5338423672258842,0.4661576327741158
t137,0.515068412920771,0.48493158707922907
t151,0.521558395185231,0.47844160481476905
