accepted_species,0,1
Asclepias_sullivantii,0.320654681558754,0.679345318441246
Asclepias_viridis,0.32432957122424644,0.6756704287757536
Gentiana_spathulifolia,0.3921758422792322,0.6078241577207678
Gentianella_propinqua,0.8374583983700852,0.1625416016299148
Sabatia_grandiflora,0.9050502305567119,0.0949497694432881
Galium_verum,0.5766667021053205,0.4233332978946796
Edrastima_uniflora,0.3888862120377301,0.6111137879622699
Centaurium_tenuiflorum,0.8997203266911736,0.10027967330882635
Kohautia_tenuis,0.4017372881514719,0.5982627118485281
Spermacoce_quadrisulcata,0.47774422838660113,0.5222557716133989
