accepted_species,estimate
t191,0.6487453
t143,0.44635534
t100,0.18704377
t116,0.30663452
t129,0.3852256
t32,-0.1327745
t64,0.17512529
t104,0.3444409
t110,0.43876672
t204,0.14349414
t205,0.83416504
t216,0.50009537
t162,0.036287423
t154,0.5008913
t145,0.023930974
t229,0.68210495
t140,1.0862739
t81,0.3243816
t146,0.21968617
t185,0.7828126
t186,0.82705015
t139,1.0431942
t89,0.23771797
t68,0.4369273
