accepted_species,0,1
t7,0.26314252160738316,0.7368574783926168
t23,0.2690269374565999,0.7309730625434001
t30,0.2708438756695759,0.7291561243304241
t57,0.2722070530504913,0.7277929469495087
t60,0.26257400201289427,0.7374259979871057
t85,0.26161184261782655,0.7383881573821734
t90,0.2698540016888674,0.7301459983111326
t112,0.26986600439510244,0.7301339956048976
t126,0.2717228094821913,0.7282771905178087
t129,0.2722630794244707,0.7277369205755293
