accepted_species,0,1
t90,0.9997106539249253,0.00028934607507472856
t5,0.9990077545809243,0.0009922454190757605
t95,0.8150056312001615,0.18499436879983855
t52,0.7670838673529783,0.23291613264702166
t43,0.9999590134620628,4.098653793721056e-05
t21,0.997404278193322,0.002595721806678048
t57,0.9974026212317496,0.002597378768250353
t34,0.9897667584871591,0.010233241512840857
t26,0.9973942787630518,0.0026057212369482077
t19,0.9977023691146688,0.0022976308853311744
