accepted_species,0,1
t14,0.16583502,0.834165
t15,0.15028054,0.84971946
t65,0.4598155,0.5401845
t66,0.25065577,0.7493442
t43,0.5528531,0.44714692
t44,0.5528531,0.44714692
t46,0.073925614,0.9260744
t21,0.3415683,0.6584317
t10,0.4598155,0.5401845
t6,0.123074114,0.8769259
