accepted_species,0
t6,0.017269972939497634
t47,0.017269972939497634
t39,0.017269972939497634
t37,0.017269972939497634
t50,0.017269972939497634
t76,-0.698121884542675
t68,0.017269972939497634
t26,0.017269972939497634
t73,0.166112246828372
t1,0.017269972939497634
