accepted_species,estimate
t6,0.984918
t47,0.63766974
t39,-0.333218
t37,-0.010515097
t50,-0.6859259
t76,-0.7350477
t68,-0.89419186
t26,1.191378
t73,0.6094544
t1,0.6399396
