"","Alpha","Theta"
"1",0.641244336754276,-0.116512114182115
