accepted_species,0
t91,
t76,
t10,
t12,
t83,
t87,
t144,0.10308996878051
t111,
t129,1.26953377950563
t121,
t137,0.720378079973078
t18,
t49,
t38,
t99,
