accepted_species,0,1
t88,0.06512076780984788,0.9348792321901521
t89,0.06408789009536231,0.9359121099046377
t46,0.03786178211830593,0.9621382178816941
t55,0.000865925612809515,0.9991340743871905
t27,0.005465297433997818,0.9945347025660022
t20,0.01773501356670182,0.9822649864332982
t48,0.014545043132622393,0.9854549568673776
t83,0.07380170829682797,0.926198291703172
t52,0.07003432530488396,0.929965674695116
t19,0.05956496121083321,0.9404350387891668
