accepted_species,0,1
t19,0.008431221937426181,0.9915687780625738
t205,0.9968444026526229,0.003155597347377187
t225,0.9965845793032004,0.003415420696799513
t173,0.9964767294252392,0.0035232705747607488
t93,0.9998929401765494,0.00010705982345060622
t58,0.9998108000351815,0.00018919996481851523
t230,0.9999915075767359,8.492423264048408e-06
t218,0.9991675881121491,0.0008324118878508995
t172,0.9991658329054279,0.0008341670945721106
t196,0.9988134062949899,0.001186593705010081
t198,0.9988140292051049,0.0011859707948951475
t122,0.9988110824600169,0.0011889175399831095
t185,0.9988125083909796,0.001187491609020397
t211,0.9988151135394563,0.00118488646054375
t212,0.9988151135394563,0.0011848864605437553
t139,0.9988131143975809,0.001186885602419141
t85,0.9987939920487008,0.001206007951299199
t95,0.9988208021516561,0.001179197848343913
t96,0.9988147930124501,0.00118520698754982
t134,0.998880112419124,0.0011198875808760484
t123,0.9988749016769256,0.0011250983230743832
t84,0.9988106280067733,0.0011893719932266212
t87,0.9991493281563053,0.000850671843694717
t29,0.021624698949522014,0.978375301050478
