accepted_species,estimate
t71,-0.7003657807819195
t72,-0.7003657807819195
t103,-0.7003657807819195
t104,-0.7003657807819195
t52,-0.757465230230606
t32,-0.6521006321338607
t59,-0.6521006321338607
t60,-0.6521006321338607
t43,-0.5995564454184168
t10,-0.5520815229159018
