accepted_species,estimate
t71,-0.17645091
t72,-0.17645091
t103,-0.122619584
t104,-0.122619584
t52,-0.17645091
t32,-0.17645091
t59,-0.17645091
t60,-0.17645091
t43,-0.12243396
t10,-0.12243396
