accepted_species,estimate
t65,0.8298119162933142
t57,0.8280432160869228
t58,0.8280432160869226
t34,0.8366866026093913
t72,0.8379615125861009
t73,0.837961512586101
t18,0.8355343334429436
t93,0.8318762895215811
t94,0.8318762895215812
t56,0.8313082906747875
