accepted_species,0,1
Asclepias_asperula,0.0061628222,0.9938372
Gentiana_aristata,0.98934877,0.01065126
Gentiana_verna,0.69707334,0.30292663
Swertia_perennis,0.99798745,0.0020125466
Galium_circaezans,0.59081256,0.4091874
Galium_spurium,0.040616035,0.95938396
Centaurium_tenuiflorum,0.9809382,0.019061832
Gentiana_clarkei,0.98934877,0.01065126
Kohautia_caespitosa,0.12835473,0.8716453
Spermacoce_chaetocephala,0.21002877,0.78997123
