accepted_species,0,1
t61,0.48737786413318196,0.512622135866818
t62,0.48722412810825777,0.5127758718917422
t7,0.48803601882331316,0.5119639811766868
t47,0.48844181055954317,0.5115581894404568
t3,0.48837212834543275,0.5116278716545672
t77,0.4891474175091566,0.5108525824908434
t18,0.4886398533824635,0.5113601466175365
t17,0.488351170055878,0.511648829944122
t68,0.48799487302917643,0.5120051269708236
t13,0.4882812438551831,0.5117187561448169
