accepted_species,0,1
t3,0.3605108131417354,0.6394891868582646
t45,0.3220688992755222,0.6779311007244778
t9,0.18413125062167146,0.8158687493783285
t63,0.5024087791314964,0.49759122086850366
t24,0.5122418289221458,0.4877581710778542
t21,0.9984655376024378,0.0015344623975621148
t72,0.9978358589986182,0.002164141001381794
t36,0.5805026639247424,0.4194973360752577
t49,0.6213734220684406,0.3786265779315594
t87,0.59364843194676,0.40635156805324
