accepted_species,estimate
t35,-0.28504402092693987
t66,-1.2479281336127461
t102,-1.3678336793744879
t149,-1.4032384164575895
t150,-1.4032384164575895
t120,-1.390614559584123
t80,-1.3282323868512635
t129,-1.4090426839461867
t180,-1.4250673502904445
t181,-1.4250673502904438
t81,-1.3226050571243706
t82,-1.322605057124371
t72,-1.3059240215969434
t39,-0.5438080933277829
t45,-0.5919628413937699
t46,-0.5958357646755097
t154,-0.7593558396185565
t155,-0.7593558396185566
t47,-0.6086928877884489
