accepted_species,0,1
t110,0.0926584,0.9073416
t95,0.07003212,0.9299679
t39,0.4387592,0.5612408
t5,0.99431926,0.005680757
t13,0.99628204,0.0037179694
t92,0.9698873,0.030112673
t96,0.76513904,0.23486094
t97,0.76513904,0.23486094
t83,0.97277665,0.027223358
t85,0.9983699,0.001630115
t84,0.9983699,0.001630115
t116,0.99802816,0.00197183
t124,0.13849258,0.8615074
