"accepted_species","0","1"
"t61",0.523643074846217,0.476356925153783
"t79",0.532891316030762,0.467108683969238
"t80",0.532891316030762,0.467108683969238
"t82",0.406409305753707,0.593590694246293
"t76",0.425499224339962,0.574500775660038
"t90",0.776839451897937,0.223160548102063
"t56",0.480697978151101,0.519302021848899
"t57",0.480697978151101,0.519302021848899
"t8",0.503641020515674,0.496358979484326
"t40",0.494582821230845,0.505417178769155
