accepted_species,estimate
t87,-0.49615675
t66,-0.48445153
t37,0.0461603
t54,0.03679864
t42,-0.07662703
t4,-0.015748706
t1,-0.02439519
t59,0.004114489
t77,0.07492363
t63,0.15923186
