accepted_species,0,1
t43,0.577439766119814,0.42256023388018604
t44,0.577439766119814,0.42256023388018604
t36,0.577291199150629,0.422708800849371
t37,0.577291199150629,0.422708800849371
t83,0.57715917559379,0.42284082440620996
t54,0.5771898800064198,0.4228101199935802
t42,0.5772302718102014,0.4227697281897987
t46,0.5774207289149945,0.4225792710850055
t26,0.5779259387758788,0.4220740612241212
t15,0.5779357598792099,0.4220642401207902
