accepted_species,0,1
t48,0.8065354115235912,0.19346458847640874
t105,0.967505239163531,0.03249476083646896
t115,0.9681446025698832,0.0318553974301168
t129,0.9719122323054373,0.028087767694562678
t136,0.9306388691045193,0.06936113089548065
t138,0.7825465887965684,0.2174534112034317
t141,0.9677008413681727,0.0322991586318273
t157,0.3189108014985935,0.6810891985014065
t170,0.9574113885747925,0.042588611425207486
t174,0.9574027927024431,0.04259720729755687
