"accepted_species","estimate"
"t13",-0.82425190514291
"t20",-0.679240382771618
"t77",-0.451049218473809
"t49",-0.513572602609315
"t44",-0.685722762597508
"t26",-0.661972495772137
"t37",-0.846512551928351
"t38",-0.846512551928351
"t97",-0.944960038887827
"t22",-0.874969573133786
