accepted_species,estimate
t13,-1.132416
t20,-0.7613972
t77,-0.74453783
t49,-0.7650877
t44,-0.7650877
t26,-0.78250366
t37,-1.1064899
t38,-1.1064899
t97,-0.9871284
t22,-1.0377848
