accepted_species,0,1
t68,0.989196324451715,0.010803675548285022
t78,0.9896130187739951,0.01038698122600487
t99,0.9894445623802618,0.010555437619738163
t100,0.9894624988088891,0.010537501191110807
t40,0.9520237362674924,0.047976263732507636
t87,0.989903283521662,0.010096716478338012
t57,0.9883383703010156,0.011661629698984415
t27,0.9730896280847106,0.026910371915289485
t18,0.9305656509908674,0.06943434900913259
t32,0.9146006481822154,0.08539935181778459
