accepted_species,0,1
t68,0.99489266,0.0051073167
t78,0.9973888,0.002611224
t99,0.99803096,0.001969011
t100,0.99803096,0.001969011
t40,0.9994205,0.00057949574
t87,0.9995248,0.00047519887
t57,0.9967965,0.003203511
t27,0.9963621,0.0036379204
t18,0.9788562,0.021143807
t32,0.9928998,0.007100206
