accepted_species,0,1
t11,0.69555736,0.30444264
t27,0.6805354,0.31946462
t40,0.5603667,0.4396333
t51,0.67331815,0.32668188
t57,0.6805354,0.31946462
t63,0.44816315,0.55183685
t79,0.5616638,0.4383362
t89,0.66789126,0.3321087
t90,0.67331815,0.32668188
t99,0.69555736,0.30444264
t110,0.69768775,0.30231225
