accepted_species,estimate
t9,-0.3884115
t30,0.051944744
t94,0.0928847
t65,0.7305295
t77,0.6705624
t83,0.11810275
t91,-0.17156164
t44,0.18031466
t32,0.5750072
t67,-0.048864797
