accepted_species,0,1
t8,0.9237287474053256,0.07627125259467435
t23,0.5680437924918761,0.4319562075081239
t6,0.5240708186123033,0.47592918138769663
t59,0.534446647908654,0.46555335209134596
t24,0.554079290143166,0.44592070985683396
t18,0.515771240832964,0.48422875916703606
t10,0.6380724823704256,0.36192751762957437
t64,0.5134535652373025,0.4865464347626976
t95,0.4073874169159103,0.5926125830840897
t82,0.4419536647143365,0.5580463352856635
