accepted_species,0,1
t8,0.945309389315375,0.054690610684624996
t23,0.06701457482415751,0.9329854251758425
t6,0.0820500809815401,0.9179499190184599
t59,0.8335712875037739,0.16642871249622618
t24,0.895457886306124,0.10454211369387603
t18,0.8915575667319445,0.10844243326805547
t10,0.8951344204834777,0.10486557951652237
t64,0.27367302933564175,0.7263269706643583
t95,0.5772757549728897,0.4227242450271102
t82,0.5829375611723885,0.4170624388276115
