accepted_species,0,1
t8,0.95108294,0.048917055
t23,0.01798439,0.9820156
t6,0.01284641,0.9871536
t59,0.83976704,0.16023295
t24,0.7780601,0.22193992
t18,0.83976704,0.16023295
t10,0.96740997,0.03259003
t64,0.16743714,0.83256286
t95,0.35622406,0.64377594
t82,0.56488836,0.43511164
