accepted_species,0,1
t62,0.0071632266,0.9928368
t69,0.0018153787,0.9981846
t3,0.0030822754,0.9969177
t38,0.0051160455,0.99488395
t66,0.0076892376,0.99231076
t83,0.0076892376,0.99231076
t81,0.017106712,0.9828933
t82,0.017106712,0.9828933
t67,0.042871296,0.9571287
t70,0.4948377,0.5051623
