accepted_species,0,1
t50,0.9787553,0.02124469
t36,0.9135239,0.08647609
t72,0.99317914,0.006820856
t96,0.99026614,0.009733871
t2,0.9905435,0.009456538
t5,0.9600969,0.039903093
t87,0.9948464,0.0051535787
t73,0.9908238,0.009176197
t18,0.98946446,0.010535566
t22,0.98946446,0.010535566
