"accepted_species","estimate"
"t91",0.827232883978448
"t92",0.827232883978448
"t81",-0.0385870224840811
"t52",1.43631802588493
"t100",0.0890212361091387
"t111",-0.147074843869121
"t84",-0.950765431589187
"t145",0.477550206036094
"t136",0.00690307923211306
"t134",-0.515494810381968
"t135",-0.515494810381968
"t93",-0.59228091084237
"t56",1.40909926635214
"t7",0.612510037485912
"t73",0.569680124109268
