"","V_1","V_2","V_3","V_4","V_5","V_6","V_7","V_8","V_9","V_10","V_11","V_12","V_13","V_14","V_15","V_16","V_17","V_18","V_19","V_20","V_21","V_22","V_23","V_24","V_25","V_26","V_27","V_28","V_29","V_30","V_31","V_32","V_33","V_34","V_35","V_36","V_37","V_38","V_39","V_40","V_41","V_42","V_43","V_44","V_45","V_46","V_47","V_48","V_49","V_50","V_51","V_52","V_53","V_54","V_55","V_56","V_57","V_58","V_59","V_60","V_61","V_62","V_63","V_64","V_65","V_66","V_67","V_68","V_69","V_70","V_71","V_72","V_73","V_74","V_75","V_76","V_77","V_78","V_79","V_80","V_81","V_82","V_83","V_84","V_85","V_86","V_87","V_88","V_89"
"t19",-0.0546282321473871,-0.21457516617907,-0.0623467710293227,0.0439636910382937,-0.0233183654688983,0.00129888560043853,-0.000889272613139382,0.0187297205647735,-0.068884843657878,0.499731583047282,-0.000155037335888763,0.00354930945554387,-0.00755311573409935,0.00165257616876589,-0.00382658490947131,0.00235748584667699,0.000968750816257457,-0.00111118968780181,0.00140435131071979,-2.84167631313662e-06,0.00509592024852731,-9.65064022652118e-07,0.0185220958335289,-0.000764408400296506,0.00137508172129057,-1.98706085796948e-08,0.000280451917083244,-0.000286870478424024,0.000474003294557454,-9.10613319872179e-05,0.000546448363534699,-8.14563645137003e-05,1.7105586016194e-05,8.76996720385456e-06,-0.000178047261659456,-6.36370249837545e-16,-0.000120242906108769,4.67827805052815e-08,3.70101348777447e-05,-6.63177950061313e-07,-1.19644015503122e-07,-8.47757158435767e-06,-9.58066544565588e-06,0.000996926233810616,-0.000105136748599575,-5.19970173046312e-06,-0.823527974532916,9.28345970339021e-15,0.000121424680474968,-3.31806109943848e-05,-4.90469862594194e-05,-8.60345245063454e-05,1.24603434897785e-06,1.03143617053051e-05,0.000159643997089155,-4.43311856119097e-06,-1.2224074498263e-16,-4.44875194943994e-17,-1.11139833816976e-05,-4.69678262637903e-17,-5.89219582085934e-17,6.73122113895608e-17,1.01980246125965e-16,6.41394221721618e-05,-1.64524302000613e-06,7.73352624417949e-17,-2.61366783852957e-16,-2.27739651223921e-16,-1.50688961031812e-16,-7.86358882526579e-06,2.03221258394096e-05,3.26002538549897e-07,1.24537621629937e-16,-1.79249313784422e-17,-3.58480221898446e-18,-0.000145625101408786,4.05464336125947e-16,-2.23025008905595e-16,-5.82261770447972e-17,-1.28528986913419e-16,1.52138586091613e-16,-5.85682236300675e-17,-4.28664523225611e-17,-1.33707578467726e-17,1.09926426848424e-15,-1.83163852716194e-16,-7.47761203714404e-17,-3.0030431311805e-16,-1.50196970944572e-16
"t73",-0.0547397577241698,-0.216092597025888,-0.0628356072778688,0.044319514522749,-0.0235991370335161,0.00131555649555517,-0.000908516617314774,0.0191766559766306,-0.0708110636677921,0.515571750536212,-0.000161117098541163,0.00370027465624633,-0.00789615918649649,0.00174078271784253,-0.00406022696154943,0.00253506685420327,0.00107604298801877,-0.00125395604232605,0.00158758443094427,-3.23736512800016e-06,0.00582799585156882,-1.11314755858796e-06,0.0222457930858722,-0.000931729440460936,0.00171588975370605,-2.55030982933053e-08,0.000380470314848503,-0.000392400566041566,0.000660835572848249,-0.000130435377782895,0.000837726296341477,-0.000153639143404662,3.30438121652999e-05,1.73179485669716e-05,-0.000368934204175103,9.6609258778457e-17,-0.000332313495586133,3.55885071524287e-07,0.00037402952455197,-1.4188633105589e-05,2.00072354596467e-05,0.000441896906500089,0.000173842021109953,-0.00180171481491746,0.00012933946313056,4.27297556891376e-06,0.401102197205661,1.05540537761175e-15,-4.77571918116508e-06,1.56386858330664e-08,-2.85814542466063e-08,-4.92292538418254e-06,1.71147122667931e-07,1.61467756240892e-06,3.8744801921497e-05,-1.3112175117843e-06,-3.55004161380269e-16,2.72287834552841e-16,-3.85060057002043e-06,-7.86928839776029e-17,1.05050594305996e-16,1.01126706842273e-16,2.08418303557471e-16,2.4926221713036e-05,-6.59946871230781e-07,-7.57321299221006e-17,-1.06170613300273e-15,7.67626998940671e-16,-1.00772829096726e-16,-3.55558238581038e-06,9.26948950507448e-06,1.55809839057314e-07,4.28688104797995e-15,-7.21117404846687e-15,-8.22033644818536e-15,-7.09749551139303e-05,-0.707106781186548,-4.1512910343361e-15,-1.06975523057416e-15,-9.56913827746337e-16,6.85027576980412e-17,3.15387930667546e-16,-4.09711322173275e-16,2.69272793589465e-17,-5.53853102042865e-16,2.40868072614951e-17,3.12025845830567e-16,-4.57677514170165e-17,-4.92743486395471e-18
"t74",-0.0547397577241701,-0.216092597025887,-0.0628356072778689,0.0443195145227488,-0.0235991370335158,0.00131555649555514,-0.000908516617314576,0.0191766559766305,-0.0708110636677919,0.515571750536213,-0.000161117098541188,0.00370027465624596,-0.00789615918649658,0.00174078271784251,-0.0040602269615494,0.00253506685420412,0.00107604298801881,-0.00125395604232593,0.00158758443094427,-3.23736512812496e-06,0.00582799585156882,-1.11314755853653e-06,0.0222457930858721,-0.000931729440461297,0.00171588975370582,-2.55030982232467e-08,0.000380470314848342,-0.000392400566041537,0.0006608355728476,-0.000130435377782791,0.000837726296341732,-0.000153639143405188,3.30438121658962e-05,1.73179485667867e-05,-0.000368934204175549,4.42112811740078e-16,-0.000332313495585517,3.55885071445116e-07,0.000374029524552235,-1.4188633105034e-05,2.00072354596179e-05,0.000441896906500057,0.000173842021109642,-0.00180171481491903,0.000129339463129385,4.27297556837811e-06,0.401102197205661,5.75483295727671e-16,-4.77571918103087e-06,1.56386866417061e-08,-2.85814543170299e-08,-4.92292538226158e-06,1.7114712345742e-07,1.61467756245622e-06,3.87448019209699e-05,-1.31121751210307e-06,4.17891627539564e-16,-2.67024065582511e-16,-3.85060056987434e-06,1.53080411922555e-16,-1.49894581026772e-16,-9.46070233090806e-17,-5.85173510635301e-17,2.49262217165702e-05,-6.59946870804524e-07,9.8804315940733e-17,1.1822355079262e-15,-5.00080070402856e-16,3.35912530675182e-16,-3.5555823917079e-06,9.26948949991732e-06,1.55809823377012e-07,-4.29370499814157e-15,6.95536281782626e-15,8.28345840226526e-15,-7.09749552421461e-05,0.707106781186547,3.59540912351746e-15,1.04121546357975e-15,1.01209161760341e-15,6.0428903979676e-17,-3.68902524135208e-16,4.24727509883313e-16,-2.79796703543748e-17,5.33492039629706e-16,4.71052693684813e-17,-3.91432225372512e-16,4.31371504421589e-17,-2.85040937299445e-16
"t91",-0.0587135499745445,-0.294597207625186,-0.0899967949343488,0.0645832243084824,-0.0497475272793149,0.00309514855976809,0.00241987586443711,-0.0273966184051877,0.0450077743638271,-0.171998962038074,7.98058680573813e-06,7.77713690709638e-05,-0.000543912740818742,0.000282970731743429,-0.000905758437895006,0.000760810724231488,0.000468114846516144,-0.000640724798416227,0.00082712742873989,-1.8480722347093e-06,0.0034999422852883,-7.60079281662937e-07,0.210262741528689,0.00125806888030179,-0.000547821853196307,1.94887397641093e-09,2.51070791061391e-05,-2.99342943971886e-05,6.29672670679421e-05,-1.49159791060141e-05,0.000117532012410407,-2.38724226436716e-05,5.1176769597551e-06,2.67083752015218e-06,-5.61856195988506e-05,5.73026301884631e-16,-4.44418255132539e-05,2.4330608236019e-08,2.0881138643456e-05,-4.74399022802296e-07,1.48568365032653e-07,1.20576520980167e-07,-3.60292641557169e-06,0.554283040874774,7.57600256537143e-05,1.01753632852266e-06,0.00249438337610647,2.24561317206246e-15,1.80598766604353e-05,-5.27644761780663e-06,-7.81303543503555e-06,-1.49508196130933e-05,2.41003528111679e-07,2.04224156414432e-06,3.48273896928095e-05,-1.02121280618375e-06,2.60124192923362e-16,3.21728376588311e-18,-2.68937506566335e-06,-6.03498072885757e-17,-3.57175704959549e-17,3.01159294308359e-16,-3.26235419041211e-17,1.61454550836188e-05,-4.18954964599123e-07,2.1586053333409e-17,-8.36914962311669e-16,2.56729157047495e-17,-4.56503835727783e-16,-2.09993135556616e-06,5.44820876604361e-06,8.98334046136603e-08,-4.64546472044178e-16,2.72286985576024e-16,3.44121557582e-16,-0.00836150037548026,-1.77083325769953e-16,-4.60398680169467e-16,4.99258808217053e-16,5.31058226577408e-16,-2.3319160844125e-15,-1.07030737401121e-15,-1.25509161699017e-15,5.78315618706832e-17,0.707106781186549,2.54634106027123e-15,-1.1575238783303e-16,-4.66277996970682e-16,-6.17116361886127e-16
"t92",-0.0587135499745447,-0.294597207625187,-0.089996794934349,0.0645832243084827,-0.0497475272793152,0.00309514855976802,0.00241987586443708,-0.0273966184051877,0.0450077743638274,-0.171998962038075,7.98058680576743e-06,7.77713690707348e-05,-0.000543912740818841,0.000282970731743383,-0.00090575843789514,0.000760810724231096,0.000468114846516224,-0.000640724798416275,0.000827127428739792,-1.84807223454903e-06,0.00349994228528814,-7.60079281560974e-07,0.21026274152869,0.001258068880302,-0.000547821853195921,1.94887427587333e-09,2.51070791059484e-05,-2.99342943972508e-05,6.29672670680486e-05,-1.49159791059822e-05,0.000117532012410627,-2.38724226437162e-05,5.1176769598917e-06,2.67083752004003e-06,-5.61856195984843e-05,8.1311435773705e-18,-4.44418255134476e-05,2.43306084524157e-08,2.08811386434776e-05,-4.74399022852241e-07,1.48568364689722e-07,1.20576521061528e-07,-3.60292641595743e-06,0.554283040874776,7.57600256537405e-05,1.01753632883448e-06,0.00249438337610519,1.92139163608039e-15,1.80598766610385e-05,-5.27644761804071e-06,-7.81303543488902e-06,-1.49508196131607e-05,2.41003528375275e-07,2.04224156440666e-06,3.48273896932148e-05,-1.02121280638679e-06,-3.49400022515864e-17,-3.95568117344204e-17,-2.68937506688236e-06,-7.19570187911185e-19,-9.09877572458944e-17,-4.37400565084392e-16,4.41177949262851e-16,1.6145455082202e-05,-4.18954964689646e-07,1.51378461000039e-16,4.56234620919748e-16,-4.34797865896053e-17,4.21373476709922e-16,-2.09993135596138e-06,5.44820876683676e-06,8.98334031417144e-08,9.96102489505645e-17,-4.60192883313739e-16,-8.92208451619567e-16,-0.00836150037548141,7.84508196513812e-16,6.28475727389855e-16,-4.8720934152604e-16,1.707539083172e-17,1.8741842117726e-15,1.07657532761751e-15,1.05590304798125e-15,-9.85847617596871e-17,-0.707106781186546,-2.52003286116758e-15,9.62476470086807e-17,9.16106148645788e-17,3.16537979402648e-16
"t76",-0.0587728851236969,-0.295629231420464,-0.090346382248337,0.0648421976014863,-0.0500444630863109,0.00311484345079266,0.00244586900752417,-0.0277212149682824,0.0456329998810704,-0.174708683838999,8.13628065721595e-06,7.94176956274168e-05,-0.000556211666675636,0.000290497434778057,-0.000933342472780176,0.000789439773297896,0.000494105033563664,-0.0006820573457507,0.000881322198829328,-1.97739423540687e-06,0.00375271155455563,-8.18757312507807e-07,0.231601955070918,0.00139723926045657,-0.000616554087165773,2.22903176963206e-09,2.96620442179607e-05,-3.55383562470747e-05,7.56092232519532e-05,-1.82049198138563e-05,0.000149555380554119,-3.47220467873304e-05,7.56344830384183e-06,4.00608168717173e-06,-8.7078372623529e-05,-4.5630769472412e-16,-8.44357296808401e-05,1.00479417254923e-07,0.000107384972521201,-4.19637374609099e-06,6.12589228687592e-06,0.000136605866067301,5.52847305551462e-05,-0.344907195736883,-2.13019464301769e-05,-4.62230081414927e-08,0.000358263159563665,4.59197880763816e-16,6.98388595150175e-06,-2.14618756917496e-06,-3.18215529702437e-06,-6.51671102351512e-06,1.14363253135654e-07,9.87092489281281e-07,1.80819822177108e-05,-5.47230515120252e-07,-4.20540216559228e-16,-3.90322650752109e-17,-1.45984216780415e-06,3.46415161154029e-16,-1.59399327320724e-17,1.68154217588159e-16,1.11454128998585e-16,8.59166944861875e-06,-2.18949425571618e-07,5.53366763317984e-16,9.48955709259189e-16,1.85907010819352e-16,-3.43687012112283e-16,-7.626324955645e-07,1.77168358898482e-06,-4.30297247893361e-08,4.24765803863811e-15,1.97278090671965e-14,6.65156338384871e-15,0.822895180026767,7.41162355628285e-14,-4.81535337325586e-15,5.02429373470302e-16,1.37195027006704e-15,-3.66852105181712e-15,2.96494944588189e-16,-2.22045867938061e-16,2.545483394224e-17,-3.14651217855879e-16,1.2591854172767e-16,-1.2872153917437e-17,1.20126239899876e-16,-4.52366867169974e-16
"t83",-0.0587834602576747,-0.295811760409706,-0.0904081401479268,0.0648879301912504,-0.0500965894024744,0.00311829674078322,0.00245036782204259,-0.0277772139474199,0.045740227047215,-0.17517093438731,8.16256090328598e-06,7.96943088827787e-05,-0.000558269920730256,0.000291743496531428,-0.000937862535575429,0.000794044971994187,0.000498108219260244,-0.000688294889705137,0.00088948241940315,-1.99667711944655e-06,0.0037902189996525,-8.27372609059611e-07,0.234586649049512,0.00141637631517648,-0.000625759190601522,2.2654242616558e-09,3.0220979300234e-05,-3.62204606231185e-05,7.7119847535529e-05,-1.85880508178946e-05,0.000153067676736508,-3.57393587963039e-05,7.78917625063463e-06,4.12757893561661e-06,-8.98064901397392e-05,-2.95778592457505e-16,-8.74746205931221e-05,1.04831582341932e-07,0.000112132784240115,-4.38772015228857e-06,6.41336602208875e-06,0.000143060550200395,5.7944411674013e-05,-0.364786080820461,-2.26081206385091e-05,-4.92695152428078e-08,0.000384269523953942,6.51531794558945e-16,7.64890446240881e-06,-2.3591156137584e-06,-3.4982376441831e-06,-7.21085745472539e-06,1.28184495360001e-07,1.11084548306617e-06,2.08845466257639e-05,-6.49959069481131e-07,1.39337862528373e-16,2.34112882806823e-17,-1.81745541709239e-06,-1.95733948399723e-16,1.21000161814097e-16,-1.6553917437034e-16,-2.46422308933708e-17,1.15650403185967e-05,-3.06399404430884e-07,-7.72724146090227e-17,-4.06607144275256e-17,-2.25993261537126e-16,-9.444283802387e-17,-1.78542914543354e-06,4.74915244187862e-06,1.14437542952182e-07,-1.70475365290028e-15,-9.63930528636973e-15,-2.71713918993694e-15,-0.401684604348123,-3.64003285515209e-14,2.3507540071032e-15,8.56531353699564e-16,-4.51719567858448e-15,0.70710678118655,-2.15784089344674e-15,1.22942495213702e-15,-2.52175805411467e-16,2.83504313187148e-15,-5.68510925932232e-16,-1.16771493633908e-16,-1.33075594418605e-16,-8.31317099740415e-17
"t84",-0.0587834602576747,-0.295811760409706,-0.0904081401479266,0.0648879301912502,-0.0500965894024743,0.00311829674078319,0.00245036782204258,-0.0277772139474199,0.0457402270472148,-0.17517093438731,8.16256090327774e-06,7.96943088828758e-05,-0.000558269920730353,0.000291743496531344,-0.000937862535575526,0.000794044971994382,0.000498108219260095,-0.000688294889705369,0.00088948241940303,-1.99667711952982e-06,0.00379021899965271,-8.27372609142433e-07,0.234586649049511,0.00141637631517662,-0.000625759190601616,2.26542389337039e-09,3.02209793002521e-05,-3.62204606232431e-05,7.71198475356986e-05,-1.85880508177547e-05,0.000153067676736673,-3.57393587962594e-05,7.78917625058562e-06,4.12757893572074e-06,-8.98064901399044e-05,-2.96877633463168e-16,-8.74746205932356e-05,1.04831582277743e-07,0.000112132784239942,-4.38772015219137e-06,6.41336602205799e-06,0.000143060550200139,5.79444116741449e-05,-0.364786080820462,-2.260812063819e-05,-4.92695155617065e-08,0.000384269523954005,7.95520950444515e-16,7.64890446221361e-06,-2.35911561280915e-06,-3.49823764497684e-06,-7.2108574547572e-06,1.28184494485086e-07,1.11084548376551e-06,2.0884546625163e-05,-6.49959070029348e-07,-6.6947369091856e-17,-1.26219429944488e-17,-1.81745541693646e-06,-2.16923026406766e-17,-1.89763848659836e-16,2.21174862259579e-16,-2.33458418789534e-17,1.15650403181746e-05,-3.06399404293143e-07,-4.66241813972972e-16,-6.70197714397011e-16,1.73620434724779e-16,5.77456693822767e-16,-1.78542914425341e-06,4.7491524424636e-06,1.14437541933849e-07,-2.24152424661688e-15,-1.05078319827182e-14,-3.86840280848073e-15,-0.40168460434813,-3.61973222183277e-14,1.46917544764569e-15,-1.50047257722242e-15,3.41363382539655e-15,-0.707106781186545,1.63562298993263e-15,-9.79431832395564e-16,2.23864111182151e-16,-1.6343550336361e-15,2.42917888933987e-16,-1.24756939546281e-16,-2.23268739807316e-17,7.34436781170445e-17
"t81",-0.0579655026626806,-0.281344820149823,-0.0854949390083157,0.0612451441520393,-0.0458635395631449,0.00283676775435469,0.00206725848174946,-0.0229551950313722,0.036314682723609,-0.133762171731233,5.71597938960272e-06,5.34965337902482e-05,-0.000360383481526727,0.000166809853675148,-0.000465585363612686,0.000273452956736392,-6.03183771376858e-05,0.000288164107420621,-0.000405314511092186,1.25446814876196e-06,-0.00273581225873071,7.83797823478773e-07,-0.61088198444527,-0.00518559717515895,0.00415587426886763,-4.2908818126269e-08,0.00047183614065199,-0.00047350113611317,0.000755569247384062,-0.000140391911957391,0.000813267438465964,-0.000127670804507721,2.71456345168564e-05,1.40865013565582e-05,-0.00029418727917412,2.33177413479779e-16,-0.000243211874090497,2.27889673158203e-07,0.000235314507787238,-8.67883886678223e-06,1.18972665875487e-05,0.000260926541511407,0.000100700190423269,-0.0147347505127234,4.37009305488035e-05,9.95318294451394e-07,0.00320217885246042,2.97603951544115e-15,2.95764118163632e-05,-8.77920779055989e-06,-1.30051430559543e-05,-2.54285413017807e-05,4.2125100461692e-07,3.59098173993629e-06,6.27112607056368e-05,-1.86097411047158e-06,1.90401912449048e-17,-1.57135183803582e-16,-4.94644636347754e-06,-1.41097449043434e-16,-4.13732545433492e-16,-7.37322374609499e-17,4.90184939172615e-17,2.98683371819704e-05,-7.76076835076134e-07,3.55071164232142e-16,2.28413741917073e-16,-8.04957143344491e-16,4.08124965558045e-16,-3.89987067362234e-06,1.0116406062267e-05,1.65660988187484e-07,3.28521386114828e-16,-4.78710023340617e-16,-6.24263553342717e-16,-0.00114411920645501,-6.13634173556261e-16,2.7685011791986e-16,1.27375611352306e-15,0.707106781186547,4.36286047816948e-15,-1.54182800724153e-15,-7.76543830948954e-16,-2.67461582541297e-17,1.63120022190674e-16,1.06867273845643e-16,-2.88434553211052e-16,-5.47209639098201e-16,-5.77912455444007e-16
"t82",-0.0579655026626805,-0.281344820149823,-0.0854949390083157,0.0612451441520393,-0.0458635395631449,0.00283676775435487,0.00206725848174945,-0.0229551950313714,0.0363146827236093,-0.133762171731233,5.71597938955632e-06,5.34965337901372e-05,-0.000360383481526755,0.000166809853675086,-0.000465585363612839,0.000273452956736787,-6.03183771378385e-05,0.000288164107420719,-0.0004053145110922,1.25446814863424e-06,-0.00273581225873074,7.83797823603131e-07,-0.61088198444527,-0.00518559717515894,0.0041558742688677,-4.29088179430371e-08,0.000471836140652051,-0.000473501136113075,0.000755569247383985,-0.000140391911957418,0.000813267438466286,-0.000127670804507389,2.71456345168072e-05,1.40865013565785e-05,-0.000294187279174034,7.60031726928318e-17,-0.000243211874090588,2.27889673078835e-07,0.000235314507787162,-8.67883886668923e-06,1.1897266587378e-05,0.000260926541511208,0.000100700190423017,-0.0147347505127233,4.37009305483501e-05,9.95318294380379e-07,0.00320217885246057,2.8063561671276e-15,2.95764118170815e-05,-8.77920779017327e-06,-1.30051430565224e-05,-2.54285413019458e-05,4.2125100447271e-07,3.59098173984913e-06,6.27112607057823e-05,-1.86097410988351e-06,-2.49309662101883e-17,1.73705786407493e-16,-4.94644636329376e-06,1.03647165711561e-16,3.75598016227456e-16,1.0618411492873e-16,2.35807043160596e-16,2.98683371823415e-05,-7.76076834679031e-07,-3.06335807920467e-16,-3.59992225537432e-16,8.20722821294795e-16,-3.19681147344235e-16,-3.89987067289482e-06,1.01164060605212e-05,1.65660988696716e-07,-5.22646972256404e-16,2.09438539182551e-16,3.2746153380998e-16,-0.00114411920645272,9.14361655197258e-16,-6.31118908633203e-16,-1.30339396250891e-15,-0.707106781186548,-3.57412199053246e-15,1.47749523190101e-15,8.65056685895745e-16,8.84989525352088e-18,1.01292159927996e-15,-1.66697583439395e-16,1.85130227981209e-16,3.12298000373542e-16,2.90992251700642e-16
"t38",-0.0978333823740207,0.0896358762982367,-0.0923847733937693,0.00226209636521054,-0.00274800490043918,-0.211552470233989,0.000943819599368907,-0.0562356115609767,0.00357503458017851,-0.000645154673968605,-2.8306637391293e-06,0.000342427223502473,-0.000131286488566362,-3.11812607526329e-05,0.00851092188627064,-0.480768161750251,0.000409980928159682,-0.00526016943745073,0.000502094711049486,-1.29561270627238e-06,0.00627293553310674,-2.74315007353381e-07,0.000837714786869004,-0.00113402492988533,0.00190418295533456,-2.83723766877105e-08,0.00015361083663513,-0.000179745760117572,0.0407119149081195,-2.69193339153739e-05,0.045145403772915,-7.64794594998136e-05,4.96549070697552e-06,2.64947277805917e-06,-0.000705985680537904,3.05317250679212e-16,-0.000169760762937318,4.93150818631102e-08,0.000602001021207091,-1.78150560334313e-06,2.44624193906339e-06,5.36082851293805e-05,6.88608477257951e-05,-2.09291122372694e-05,2.67776742365391e-05,1.64582538785567e-07,6.61729405411794e-05,6.87912206321275e-16,5.09382742933937e-06,3.2342277974271e-07,4.94773084843218e-07,3.13340740804145e-06,-1.69532071954589e-07,-0.000368608555530126,-0.824514369523084,-9.46716562236201e-06,3.34002192915168e-16,1.23081746886894e-16,-4.54614176487303e-06,4.53950906820343e-16,-5.26809234145709e-16,1.47084854119491e-15,-2.04198760165474e-15,0.000252885445735598,-5.380178460334e-07,1.29861156859278e-17,-1.26119310596527e-16,4.57574571851536e-16,-5.95835198742026e-17,-2.66053126513918e-05,6.83092878678704e-05,1.06178696302316e-06,5.99948359466912e-16,-6.1655705266777e-18,-3.67568104776315e-17,-6.08625688781179e-06,1.05393959421262e-16,4.66684757569353e-16,1.58124550318193e-17,2.84932148780413e-17,3.59922821198436e-16,-2.50500205846766e-17,3.02110806053643e-17,5.67680788051084e-17,4.70031819318384e-16,-3.16077703330979e-17,-6.85678864916409e-17,9.16172075723201e-17,-1.06044162930065e-16
"t77",-0.0979391762698504,0.0899700195212861,-0.0927663237698772,0.00227173795402657,-0.0027653642868331,-0.212975912290172,0.00095443802639264,-0.0569317986839928,0.00362669883137129,-0.000655686315558339,-2.88743221830501e-06,0.000349852870199424,-0.000134318416109835,-3.20213615535581e-05,0.00877139869010352,-0.498688049086635,0.000431756571149744,-0.00557935230814937,0.000532981603875583,-1.3800371553114e-06,0.0066930745090933,-2.93777945638445e-07,0.000912597347353078,-0.00124282717750556,0.00210638737121928,-3.17252994232706e-08,0.000175251987847001,-0.000205657860403398,0.046884972808898,-3.1280565883909e-05,0.0535844246090766,-9.58854161777702e-05,6.2596106830852e-06,3.35639663009383e-06,-0.000903617906643283,-2.02008965233462e-16,-0.000228642450239838,7.27993609444033e-08,0.000899776753697296,-2.71563540264553e-06,3.80259678905583e-06,8.37375770498234e-05,0.000108981965931944,-3.92309841895583e-05,5.43869775436613e-05,3.75459776520219e-07,0.000187001051483872,1.39570790665458e-15,0.00278997500017771,-4.39212958238547e-06,-6.51605573625975e-06,-1.39114303126226e-05,2.89301114923136e-07,0.000510730809141465,0.40004989714725,1.5302165372386e-06,-4.15524962737648e-17,-3.12455402734078e-16,-2.90928698225228e-07,-4.36715462877149e-16,2.89181985176708e-16,-1.02740459879643e-15,1.53595561038547e-15,5.33219373804735e-05,-1.3395292025248e-07,8.56881541734558e-17,-1.63902785250853e-16,3.3523518384522e-16,2.73099860304812e-16,-1.02287643431122e-05,2.69023223504588e-05,4.70082933677734e-07,-2.62238266994987e-17,1.42253313689092e-15,4.92699535675741e-16,-2.81570395714614e-06,4.57701071150318e-15,-0.707106781186548,2.84431135811776e-15,2.0131782999926e-16,3.14432498865491e-16,-6.8782599562984e-16,5.47694728151908e-16,-2.98482840845279e-16,2.74744210916312e-16,3.71340076139791e-16,-5.04751146629425e-16,1.57364552275507e-16,1.87978927296776e-17
"t78",-0.0979391762698504,0.0899700195212861,-0.0927663237698771,0.00227173795402657,-0.00276536428683311,-0.212975912290172,0.000954438026392584,-0.0569317986839929,0.00362669883137125,-0.000655686315558332,-2.88743221825601e-06,0.000349852870199674,-0.000134318416109336,-3.20213615537558e-05,0.0087713986901034,-0.498688049086635,0.000431756571149661,-0.00557935230814954,0.000532981603875826,-1.38003715513849e-06,0.00669307450909368,-2.93777945794113e-07,0.000912597347352884,-0.00124282717750571,0.00210638737121925,-3.17252995694141e-08,0.000175251987846927,-0.000205657860403451,0.0468849728088982,-3.12805658836323e-05,0.0535844246090766,-9.58854161777108e-05,6.25961068311887e-06,3.3563966300915e-06,-0.00090361790664328,-2.87138074147329e-17,-0.000228642450239561,7.27993610186369e-08,0.000899776753697169,-2.71563540274723e-06,3.80259678915433e-06,8.37375770497446e-05,0.000108981965931983,-3.92309841897986e-05,5.43869775440017e-05,3.7545977645755e-07,0.000187001051483759,9.30645377261374e-16,0.00278997500017785,-4.39212958196574e-06,-6.51605573614365e-06,-1.39114303123486e-05,2.89301115081295e-07,0.000510730809141314,0.400049897147251,1.53021653693767e-06,-2.13401580947709e-16,2.4934848577327e-16,-2.90928698470433e-07,2.35665527627013e-17,7.6157505040175e-17,-4.02556071205912e-16,6.20225640931206e-16,5.33219373799332e-05,-1.3395291990489e-07,-3.48257624731793e-17,1.03823242450919e-16,-6.57915679978161e-16,-1.30139696569666e-16,-1.02287643425468e-05,2.69023223518707e-05,4.70082934851389e-07,-5.04776258863738e-16,-1.25747198996775e-15,-5.55340004640049e-16,-2.81570394930768e-06,-3.38878178121527e-15,0.707106781186547,-2.94184865017818e-15,-6.52753068123632e-16,-3.85263352853621e-16,5.71720449573882e-16,-6.17706233848252e-16,2.05251137372033e-16,1.40765261366491e-15,-4.97090426334336e-16,4.51538948815778e-16,-2.36473661169009e-16,-3.2464831169768e-16
"t52",-0.10004722761144,0.0974253075190155,-0.101437203413728,0.00249219072478088,-0.00320412789970537,-0.249730235491651,0.00131405114767535,-0.0825047597728605,0.00587394800590995,-0.00120556117426428,-7.83439610819135e-06,0.00126622344582236,-0.000719560111312419,0.000262203944797035,-0.0158363807257548,0.22025797811833,7.57923332947164e-05,-0.00160306254605452,0.000158542302215153,-4.66797471598813e-07,0.00238857846608881,-1.15988754056205e-07,0.000502248279314499,-0.000755781244084774,0.0015045563837629,-2.82651384941452e-08,0.000333496783798671,-0.000486390217195341,0.288231802543392,0.000108222746196561,-0.0131889437970184,4.95275190380388e-06,-1.68846573820203e-07,-2.68231003334183e-08,-2.23918207057951e-05,6.83751063682636e-16,-2.60809644261322e-05,1.24069597264155e-08,0.000156686183989513,-4.86033294149347e-07,6.94852861169456e-07,1.53678449039452e-05,2.02077181961129e-05,-7.46926770065284e-06,1.01123576923385e-05,6.59954385688475e-08,2.80871809228084e-05,-7.49745618892996e-16,-0.13636910369498,-2.82021447843886e-06,-4.08927808807653e-06,-3.94301707512946e-06,-4.09965603355245e-08,-0.859790538783615,0.00238597843171647,-1.07726345348206e-06,-4.45847521397721e-16,1.34197044852228e-16,-8.30347313331473e-07,-3.37598369896745e-16,7.86678913554164e-17,4.89270958001135e-16,-1.43501024741689e-15,5.68681251734309e-05,-1.2681799707822e-07,-2.36347230483044e-16,-1.60824165270332e-17,1.10153029173323e-16,6.22827595924786e-17,-7.30395465853631e-06,1.89396131751715e-05,3.0974367909222e-07,1.58335064069469e-16,1.56212218776688e-16,7.13157163210918e-16,-1.81199832133098e-06,2.68760506115377e-17,-1.00323384040653e-16,-4.68584346172372e-17,1.47334600431068e-16,-1.39194398043284e-16,-2.19675251996221e-16,-8.03049872672428e-17,5.75508651299808e-17,2.42951192599042e-16,9.8712749745738e-18,-1.87587587249507e-16,1.41821652211701e-16,-4.20097774275535e-17
"t48",-0.100130418309172,0.0977047133453667,-0.101759528856422,0.00250036361082445,-0.00321970733599793,-0.251023691222546,0.00132544086591102,-0.0832918340706851,0.00593938632707205,-0.00122073752577446,-7.95564473283182e-06,0.00128741987257705,-0.000732391331692284,0.000267662724331708,-0.0162111538288982,0.226614222784677,7.89184826588407e-05,-0.00167870983935343,0.000166128184809905,-4.90472795869963e-07,0.002513140724685,-1.22401280290406e-07,0.000537354960375616,-0.000812554554891397,0.00162989308180458,-3.08915879384414e-08,0.000370602896906748,-0.000541801693343037,0.322819405321328,0.000122126721046664,-0.015153539195011,5.96742737682399e-06,-2.04425019989865e-07,-3.26165606103629e-08,-2.74792633101727e-05,-3.16505029099315e-16,-3.35220415781483e-05,1.73970850356596e-08,0.00022239631195034,-7.03446228223266e-07,1.0256107443563e-06,2.27947039903597e-05,3.03759274844927e-05,-1.34816712425018e-05,2.00614792590331e-05,1.517005095176e-07,8.82039564745255e-05,3.58778492421347e-15,0.425331248982886,5.61415376383167e-06,8.04668400091542e-06,4.1990267458953e-06,1.54908520028955e-08,0.227980087962463,0.000257477293647104,-2.88009326755549e-07,9.56020847833471e-18,-2.79239514086663e-16,-3.22438609768379e-07,-5.21704626020408e-16,2.23961133966781e-15,-1.01954318908888e-13,-0.707106781186546,2.68340536517652e-05,-6.26751521906924e-08,2.29005547457721e-15,4.09569069842406e-16,1.12960360252474e-16,-5.94088075145727e-16,-4.20688981238537e-06,1.1018419957765e-05,1.89654906334181e-07,7.0056941037335e-16,-2.64911920342384e-16,8.73834964696002e-16,-1.13226516607664e-06,-1.75760617345251e-16,-4.72450313066823e-16,-6.45543268578493e-17,-8.6951562600779e-17,2.64129959663325e-16,-2.47774631795631e-16,1.07115140281034e-16,-5.61698363921709e-17,4.98657553301305e-16,-4.49303748896704e-18,-2.29855731594578e-17,-1.58181215142984e-16,-1.00920515658811e-16
"t49",-0.100130418309172,0.0977047133453667,-0.101759528856422,0.00250036361082445,-0.00321970733599792,-0.251023691222546,0.0013254408659114,-0.0832918340706851,0.00593938632707207,-0.00122073752577444,-7.9556447328058e-06,0.00128741987257702,-0.000732391331692256,0.000267662724331763,-0.0162111538288982,0.226614222784677,7.8918482658924e-05,-0.00167870983935353,0.000166128184809759,-4.90472795911664e-07,0.002513140724685,-1.22401280322037e-07,0.000537354960375581,-0.000812554554891556,0.00162989308180453,-3.08915878531562e-08,0.000370602896906533,-0.000541801693342933,0.322819405321328,0.000122126721046646,-0.0151535391950113,5.96742737665051e-06,-2.04425020000273e-07,-3.26165605774031e-08,-2.74792633104537e-05,-6.45664448149041e-16,-3.35220415784016e-05,1.73970852515954e-08,0.000222396311950637,-7.03446227907364e-07,1.02561074429484e-06,2.27947039905399e-05,3.03759274844061e-05,-1.34816712426544e-05,2.00614792600085e-05,1.51700509621683e-07,8.82039564745713e-05,3.41059708840424e-15,0.425331248982884,5.61415376440543e-06,8.04668400113898e-06,4.19902674661174e-06,1.54908520722777e-08,0.227980087962461,0.00025747729364332,-2.88009327499908e-07,-8.55202120898628e-18,7.17055612604125e-17,-3.22438612815855e-07,6.39342306717163e-16,-2.1797430726853e-15,1.01171151460946e-13,0.707106781186548,2.68340537036352e-05,-6.26751549085976e-08,-2.23029471884496e-15,-5.89892882428058e-16,-2.69360403456053e-16,8.48267469915417e-16,-4.20688981046802e-06,1.10184199559977e-05,1.89654904885104e-07,-7.2448647568203e-16,-6.0338596585272e-17,-1.77354999544083e-15,-1.13226516651466e-06,2.91136606411074e-16,-1.64072914603904e-16,4.77823099960499e-17,6.5569647002065e-16,1.2854366763314e-16,4.58965951187015e-16,2.15443695510077e-17,1.34173108677342e-17,1.09839919606514e-15,-1.73343087978157e-16,6.96312998647617e-17,-4.04235531183752e-16,-2.03526974843146e-16
"t23",-0.0999860704646497,0.0972197967736628,-0.101200105319592,0.00248617870745115,-0.00319266295296252,-0.248778301181882,0.00130566131321014,-0.0819248611770122,0.00582571501792112,-0.00119437097151692,-7.74492919032588e-06,0.00125057808103568,-0.000710086631427131,0.000258170647569334,-0.0155592787845526,0.215552245178735,7.34709695935365e-05,-0.00154680967172045,0.000152900400165315,-4.49177246276489e-07,0.00229584232078925,-1.11211118947846e-07,0.000476003086662777,-0.000713287654523144,0.00141057034044856,-2.62914065579876e-08,0.000305499970385675,-0.000444557909592636,0.262086271635434,9.76935398198792e-05,-0.011694863148832,4.17257418512673e-06,-1.41460487072462e-07,-2.23592686665955e-08,-1.84638653616953e-05,1.23281890588532e-16,-2.02768094883232e-05,8.44252977785768e-09,0.000104353090619274,-3.12200436955641e-07,4.29363990860109e-07,9.40079110158063e-06,1.20168625171117e-05,-2.46255400859763e-06,1.69871038155703e-06,-8.08279418699695e-09,-2.5908216848838e-05,-5.34800281098815e-15,-0.786254586548737,-1.34943679291274e-05,-1.94950648820438e-05,-1.73885045215011e-05,2.19497248112185e-07,0.395971795294713,0.00301644162126134,-1.43629579604353e-06,5.75554363195942e-16,1.25951269208577e-17,-1.10205452945582e-06,3.76120200809597e-16,-2.2981195840058e-16,1.24137343562681e-16,-1.358867365868e-16,7.42264640816656e-05,-1.64544614432525e-07,2.72860454445032e-16,-1.45918781980998e-16,-7.998724962931e-19,-1.99245598222058e-16,-9.22947427689285e-06,2.38816386551443e-05,3.85996749781064e-07,2.25066071200333e-16,-1.78160409905678e-17,-6.8421658270959e-17,-2.24658584362103e-06,1.81239642781299e-16,-3.04696549032028e-17,1.61935333439875e-16,-3.96055467015041e-16,4.93463279887162e-16,-1.10501997132311e-16,-2.77795181255989e-16,-2.86759895992002e-17,3.20467148411603e-16,-3.90950089808496e-17,-1.09347043376026e-16,-5.95250989483515e-18,-1.81982811033578e-16
"t71",-0.0996856649848652,0.0961920978198036,-0.100011199751189,0.00245600487889249,-0.00313430732345642,-0.243919321017879,0.00126147242500836,-0.0788462666727503,0.00556588003605643,-0.00113327927304311,-7.2431875508816e-06,0.0011617879039626,-0.000655764341190801,0.000234372674883535,-0.0138783964934668,0.185494420838017,5.65828142898434e-05,-0.00110946592407545,0.000108705033565262,-3.06476495472101e-07,0.00153202095417465,-7.03490046814146e-08,0.00020460457092257,-0.000239818567115908,0.00022255250905976,3.16068317837161e-09,-0.000315724451644434,0.00055145577841216,-0.482824754082122,-0.000311894276743503,0.354479566114502,2.03393209468675e-05,-6.5592293334131e-07,-9.9791041899451e-08,-7.72492887339271e-05,-2.60195426507115e-16,-7.30390790190105e-05,3.05091858126457e-08,0.000382170884289414,-1.17329571189967e-06,1.66462977879987e-06,3.67593091427304e-05,4.81648209554528e-05,-1.79361758159136e-05,2.49023677698218e-05,1.71392966232019e-07,8.44681912426472e-05,6.43274668537417e-16,0.0232270829227288,-1.30147167782396e-06,-1.9430341120473e-06,-4.46834015178227e-06,7.90293551621241e-08,0.00250446846893845,0.00225816249246036,-1.17941916035489e-06,-2.69196952410452e-17,-1.32375768815801e-16,-9.79827407026485e-07,1.1229411201384e-16,-9.92792477511939e-17,-3.26362541407573e-17,-1.01249277214884e-15,6.98297560104838e-05,-1.57158106222754e-07,3.32383280858126e-16,1.00659941730242e-16,-4.73293583239051e-16,-2.53490882029128e-16,-9.31098987314201e-06,2.41844861392764e-05,3.98723141228734e-07,-4.73555293506013e-15,-6.70540818876564e-15,-0.707106781186548,-2.3393702086455e-06,7.98916936233133e-15,-8.23125703768558e-16,-1.3246951131834e-15,-5.31686743568486e-16,4.69095580418449e-16,-2.53765354243214e-16,9.6617927717397e-17,2.96437193067869e-16,1.15181782785708e-15,-8.33461033060324e-17,-9.16922989579093e-17,6.19834199138679e-17,-5.75451837518354e-16
"t72",-0.0996856649848652,0.0961920978198036,-0.100011199751189,0.00245600487889248,-0.0031343073234564,-0.243919321017879,0.0012614724250084,-0.0788462666727503,0.00556588003605646,-0.00113327927304312,-7.24318755079834e-06,0.00116178790396243,-0.000655764341190801,0.00023437267488341,-0.0138783964934666,0.185494420838016,5.65828142896629e-05,-0.00110946592407538,0.000108705033565165,-3.06476495452064e-07,0.00153202095417468,-7.03490047809308e-08,0.000204604570922588,-0.000239818567116148,0.000222552509059559,3.16068325567353e-09,-0.000315724451644406,0.000551455778412244,-0.482824754082122,-0.000311894276743564,0.354479566114502,2.03393209468883e-05,-6.55922933426312e-07,-9.97910420659845e-08,-7.72492887343157e-05,-1.0608670773947e-16,-7.30390790190105e-05,3.0509185757785e-08,0.000382170884289493,-1.17329571176067e-06,1.66462977858971e-06,3.67593091429629e-05,4.81648209549965e-05,-1.79361758153029e-05,2.49023677699328e-05,1.71392966530175e-07,8.44681912427584e-05,7.21208236706997e-16,0.0232270829227292,-1.30147167797315e-06,-1.94303411205424e-06,-4.46834015202513e-06,7.90293552075522e-08,0.00250446846893967,0.00225816249246028,-1.17941916087053e-06,-2.4434735324246e-16,3.64372211670723e-17,-9.79827407154854e-07,-2.06404269565103e-16,-3.3516141554361e-18,2.81784481229942e-16,1.40574628335433e-15,6.98297560099842e-05,-1.57158106725824e-07,-1.89457218956725e-16,-4.2058112240582e-17,6.49369930762703e-16,3.19873389149133e-16,-9.31098987114708e-06,2.41844861366691e-05,3.98723137935957e-07,4.64554526860175e-15,6.29329441342942e-15,0.707106781186547,-2.33937022001141e-06,-8.15263475787408e-15,4.37808026282169e-16,1.24912527186123e-15,6.90680700902206e-16,-2.51283026704041e-16,1.67215139948996e-16,1.93894318273709e-16,-3.53597624782416e-16,5.86473601692509e-17,5.7524557907063e-17,-2.4120932614535e-18,-2.64935047160709e-16,2.00985910946945e-16
"t17",-0.098068223503646,0.0907261938265795,-0.0936997917434325,0.00229592371979039,-0.00282770131608782,-0.21843971193339,0.00103476859753519,-0.063139803237184,0.00425388022751467,-0.000827716290590272,-4.7815601201262e-06,0.000729901151817355,-0.000393514464383474,0.000121871603668611,-0.00609452055743603,0.0516692393265722,-1.11471098992871e-05,0.000547600521593472,-5.76435597637801e-05,2.14927012444639e-07,-0.00121639706926178,7.16315076425062e-08,-0.000571999390808299,0.00100288376594261,-0.00242639231485081,5.38549598294462e-08,-0.000668829895251008,0.000924942218744354,-0.409160087867858,3.60636269790271e-05,-0.860225771750135,-0.000702247792323566,4.21085414002518e-05,2.11288299115917e-05,-0.00506088439549417,1.86463734742229e-16,-0.000909310717498106,2.21175827405244e-07,0.00267136670024048,-7.80164074578406e-06,1.06121217190969e-05,0.000232130321910286,0.000296946678192261,-9.18652552259203e-05,0.000121612406277657,7.96895530348618e-07,0.000370393887939199,2.28750295352002e-15,0.01729112393027,-6.36911580055924e-06,-9.44415000622006e-06,-1.87518842520995e-05,3.0959691515748e-07,0.00187595156135029,0.00835461167293614,-4.23233624117104e-06,-7.07941253835108e-17,4.28086339128888e-17,-3.41083975689827e-06,1.41146179530626e-17,-3.34306520091405e-17,9.44887464192191e-17,-6.11887167888967e-17,0.000236645698298288,-5.28193946051133e-07,2.7283072597611e-17,3.70542692578469e-17,-1.12096318024806e-17,3.58859714660947e-17,-3.01935045778894e-05,7.81957834974645e-05,1.26810212654216e-06,-3.11905356569021e-17,-1.38217684579753e-17,-2.14520502778441e-16,-7.38553591944635e-06,2.81619960233091e-16,-1.39324735871902e-16,-2.29977263744411e-16,-5.48999055743453e-17,4.32067003478427e-17,-5.96023973743656e-17,-7.50719707166489e-17,2.11890857873952e-17,5.64897180824415e-16,7.6250301292515e-18,-4.02418151676019e-17,8.7644557871086e-18,-1.99137575458352e-16
"t68",-0.0985840569800321,0.0956269507640923,-0.100711877067675,0.00248790257769543,-0.00935660062456955,0.168914256193027,0.000777866633379784,-0.0527973637676363,-0.00283702984413241,-6.34217006177958e-05,1.4170563111815e-06,-0.000476697008306978,0.000434730391780498,-0.000498265398336722,0.511583866203915,0.0215545464421346,0.000360622353897777,-0.00775836401901595,0.000426012824843808,-1.19975022146869e-06,0.00586138732963559,-2.59325029809977e-07,0.000799873679699022,-0.00107687792476353,0.00177768503152294,-2.55054629419019e-08,0.000108209492691122,-0.000112606358134024,0.00237524443189494,-3.54288627375382e-05,0.00288868042716528,-0.000145638301172021,9.63514773075821e-06,5.42083348510853e-06,-0.0176159042447323,-1.67089236120557e-16,-0.000244203327881775,7.62838048463813e-08,0.00141475029300876,-2.7416878133892e-06,3.83294705887252e-06,8.43164970130328e-05,0.000109379249319862,-3.76853201684013e-05,5.13178847291601e-05,3.46157655498167e-07,0.000166283128954378,1.23442110757088e-15,0.000129219114038119,-3.2512165450381e-06,-4.81665958847882e-06,-9.46655303725452e-06,1.58349702283509e-07,1.58854495761994e-05,0.000281102388427101,-2.38209024914279e-06,8.19042668768658e-17,-7.89250211354351e-18,-1.98352844565236e-06,3.75584578002986e-16,-2.32445207265848e-16,-5.61257747200221e-16,2.05905121828099e-16,0.00195840333498326,-3.30008832778034e-07,-1.56541226551014e-16,-9.76877879251301e-16,6.49202579878784e-15,-7.22965377522107e-16,-0.000677884633880054,0.407242808407644,6.13467639431066e-06,9.39434936129808e-15,-0.707106781186548,7.42984805437573e-15,-3.1601382685098e-06,9.07293449732969e-15,-1.93633897561667e-15,6.80520836979058e-16,-1.04024058869281e-15,5.06449697564245e-16,6.48353905812995e-17,-1.11099094323896e-16,1.29624414372716e-16,1.36455203297397e-15,-1.88473224825094e-17,-9.95728927083808e-17,1.20728756286147e-16,1.19208117900012e-16
"t69",-0.0985840569800323,0.0956269507640924,-0.100711877067675,0.00248790257769545,-0.00935660062456963,0.168914256193028,0.000777866633379795,-0.0527973637676363,-0.00283702984413249,-6.3421700617864e-05,1.4170563111815e-06,-0.000476697008307159,0.000434730391780422,-0.000498265398336806,0.511583866203916,0.0215545464421348,0.000360622353897777,-0.00775836401901592,0.000426012824843836,-1.19975022147025e-06,0.00586138732963556,-2.59325029803181e-07,0.000799873679699154,-0.00107687792476367,0.00177768503152281,-2.55054628725343e-08,0.000108209492691379,-0.000112606358134103,0.00237524443189479,-3.54288627374792e-05,0.00288868042716572,-0.000145638301172236,9.63514773056479e-06,5.42083348518876e-06,-0.0176159042447324,-5.89618148218387e-16,-0.000244203327881762,7.62838047945378e-08,0.0014147502930085,-2.74168781322034e-06,3.83294705918738e-06,8.43164970129135e-05,0.000109379249319844,-3.76853201693728e-05,5.13178847297057e-05,3.46157655367466e-07,0.00016628312895453,1.09886377247098e-15,0.000129219114038466,-3.25121654528616e-06,-4.81665958850658e-06,-9.46655303712962e-06,1.58349702178884e-07,1.58854495763642e-05,0.000281102388426907,-2.38209024929284e-06,-2.24174153691351e-16,-1.25255248249299e-17,-1.98352844527419e-06,-1.52386331506481e-16,2.96772089770973e-16,4.59788324273233e-16,7.50099366440012e-16,0.0019584033349837,-3.30008832199937e-07,-1.96085484650852e-16,-9.5289963359965e-16,6.7906143606126e-15,8.5462718593734e-16,-0.000677884633884998,0.407242808407645,6.13467640790287e-06,-1.04029487150246e-14,0.707106781186547,-6.3480638932829e-15,-3.16013830292672e-06,-5.52776537328759e-15,8.67962295428461e-16,-4.77226900116997e-16,1.25252625295069e-16,-4.19463871307335e-17,8.04358870374362e-17,5.12097634534598e-17,-3.60326849372175e-16,4.83048139329568e-16,-5.54227792128769e-17,2.37807296664969e-18,2.13798018605793e-17,-3.32251062544473e-16
"t63",-0.0985677049158049,0.095572515963301,-0.10064840500883,0.0024862847796451,-0.00934761425840063,0.168741578374185,0.000776547055405623,-0.0526989926135664,-0.00283088064255698,-6.32669020393461e-05,1.41283322441232e-06,-0.000475164971256381,0.000433245901694607,-0.000496292838049694,0.509296888062273,0.0214384458823796,0.000357922812662725,-0.0076927880375704,0.00042236708153472,-1.18893519302006e-06,0.00580722948333146,-2.56802045874667e-07,0.000790336251323506,-0.00106322816937637,0.0017531141014237,-2.51197974867421e-08,0.000106319641019703,-0.000110602981610738,0.00233124620281375,-3.47373577416349e-05,0.00282571881802041,-0.00014167145127908,9.36777681651013e-06,5.26794874734608e-06,-0.0171025280573711,8.43515821337694e-16,-0.000236016640270897,7.31995045659344e-08,0.00135634665283269,-2.62491274636125e-06,3.66486689307619e-06,8.059331700783e-05,0.000104460392279913,-3.56493140397096e-05,4.83650642417455e-05,3.24719347742267e-07,0.000154918571517686,8.21424208186211e-16,0.000117556486843216,-2.94511990624365e-06,-4.36262655956893e-06,-8.50758219071018e-06,1.40071815041146e-07,1.39807239575608e-05,0.000239060985268019,-1.94628043246985e-06,3.9656015487906e-17,2.31898870906821e-17,-1.50156460501302e-06,-2.06842421354648e-16,-1.12486666230893e-16,7.82286321439188e-17,-9.61347393863073e-16,0.00126434919110568,-1.9268397197323e-07,4.40207055505758e-16,1.77586853310324e-15,-1.32508051714375e-14,-3.23477622367751e-17,0.000689107978279327,-0.817498827895795,1.62007020027794e-05,9.72789202365432e-16,-4.02748951344354e-17,-1.63127274817056e-15,-6.19292596315546e-06,-2.84548776889101e-15,6.61558419377596e-16,-2.02523874323289e-16,1.11912100717909e-15,-3.28949646099236e-17,-2.25018644053726e-16,2.36685300659394e-17,2.04588190748228e-16,7.39319950021485e-17,-2.67867226242677e-18,-5.69816607368269e-17,-4.2543070948373e-16,-2.82778246560879e-16
"t57",-0.102200587735144,0.109983356483641,-0.117953801628944,0.00293174320910359,-0.0122711868774439,0.227032195442694,0.00153267834767137,-0.120863111168023,-0.00973135975266257,-0.000455948028547124,-5.74711752227008e-06,0.00103043275276143,-0.000637813719448164,0.000329870336501677,-0.176569550069593,-0.00157935109026069,5.95205354124162e-05,-0.00169850718129483,9.53591780796237e-05,-2.92093291329539e-07,0.001478749873414,-6.99756944772e-08,0.000264681908805228,-0.000374668614904206,0.000661448186491553,-1.01614623305475e-08,4.85209527903638e-05,-5.1356773803149e-05,0.00112673203943037,-1.77937686581947e-05,0.00169933634557884,-0.00021470876762744,1.78739950544926e-05,1.33522012616587e-05,-0.182321018842017,3.72230559580836e-16,0.000100804865704282,-1.07708190134306e-09,2.71860567228888e-06,-6.07806262586984e-08,1.44479744939498e-07,3.45655186437515e-06,5.36132151954423e-06,-3.53608946718209e-06,5.09852495526528e-06,3.51429844254155e-08,1.63597608334429e-05,-4.18174698232021e-17,7.38049743836781e-06,-1.51498021993103e-07,-2.22895283879393e-07,-2.4004407269719e-07,-3.69628514043175e-09,-6.44807123874411e-07,-5.01508535858952e-05,9.42366155969564e-07,3.26908785315384e-16,1.76993883596395e-16,2.20892411350454e-06,-5.94239066330001e-16,4.23322382918468e-16,1.10969151693649e-14,3.2087016502184e-14,-0.860634963152863,-1.51655531946925e-06,-6.33664553294432e-16,1.366058475964e-15,3.3802455719932e-16,1.13598024926831e-15,-0.284399798466056,0.000369229512068164,0.00434052012132792,-9.98955901537039e-16,-7.25025332053233e-16,7.22414152038112e-17,-3.48171825315102e-06,9.00010550141964e-16,-4.07204582928899e-16,-1.24991354651612e-16,-5.43566605400932e-16,3.83947742237885e-16,-9.68508466043307e-17,-1.0835567779067e-16,-4.8837980566583e-17,1.36912044287909e-15,-4.93306218604064e-17,-1.07634325280479e-16,-1.53409424452971e-16,-2.48101257879248e-16
"t65",-0.102296650580212,0.11033949860271,-0.118376924004593,0.00294259626029764,-0.0123384802069747,0.228358165407635,0.00154762908325612,-0.122160074418589,-0.00985319717886883,-0.000462393341918254,-5.846833615996e-06,0.0010497571881733,-0.000650547651749326,0.000337546379602073,-0.181232608966199,-0.00163006455694778,6.22332967983863e-05,-0.00178678016464734,0.000100382387021924,-3.08376907439854e-07,0.00156344471472261,-7.42171642572525e-08,0.000284801705523516,-0.000405187409098688,0.000720928339582705,-1.11753237478229e-08,5.42597257855437e-05,-5.75671427039959e-05,0.00126977448256532,-2.02011884508392e-05,0.00196296624981571,-0.000259176900674674,2.16697694525418e-05,1.62506430254998e-05,-0.223709900360992,-1.01083614796366e-15,0.000128693866183388,-1.47350876209073e-09,3.75333457022569e-06,-8.5129435388592e-08,2.05244371334016e-07,4.92747011000599e-06,7.71493927842048e-06,-5.71431352991425e-06,8.6757174945426e-06,6.41986841305947e-08,3.36758435950548e-05,1.91871101956291e-16,2.99242202792191e-05,-7.61749514393423e-07,-1.12888052188412e-06,-2.25513687767548e-06,3.8486422870355e-08,3.87584124205646e-06,6.90993751570335e-05,-5.77828423029805e-07,1.41565531097678e-18,1.82914092311836e-16,-4.56629476631217e-07,3.68488435194203e-16,-4.80746523362557e-17,-1.03905412488943e-15,-8.00348549051148e-17,-0.000275868979860497,-6.08596972613736e-08,9.34624748871946e-17,-3.15262309540295e-15,-3.12379433212306e-15,-2.15066108956673e-15,0.668629711072816,0.000941249975689784,0.59576081573945,4.4608343659004e-15,-3.62113114735239e-15,3.98707293962191e-16,-1.88663406469614e-06,9.53445329025024e-15,-9.23258978104286e-16,-1.75460481752927e-16,5.81824983139861e-16,1.20786298019382e-16,1.08508032321565e-16,-1.32840927854166e-16,-2.0974039176399e-16,-1.60284738028585e-16,-1.43448320390793e-17,1.21780604432785e-16,-1.38148274856954e-15,-2.54182855782184e-16
"t70",-0.102310442005596,0.110390611242829,-0.118437646340395,0.00294415375629278,-0.0123481347706092,0.228548392113967,0.00154977272081547,-0.12234600670884,-0.00987065923318416,-0.00046331688580071,-5.86111528739022e-06,0.00105252434653809,-0.00065237077185408,0.000338644849942727,-0.181899618323349,-0.00163731298516907,6.26203312823204e-05,-0.001799363757682,0.00010109839626124,-3.10697064403027e-07,0.00157551004084747,-7.48211342819818e-08,0.000287661257601046,-0.000409522105925014,0.000729368115491902,-1.13190202946023e-08,5.50714300774913e-05,-5.84452997227092e-05,0.00128998795347113,-2.0541086608615e-05,0.00200011301905285,-0.000265412542668236,2.22017976567249e-05,1.66567338724041e-05,-0.229503894771544,-3.65538355210218e-16,0.000132582713288254,-1.52844197907442e-09,3.89660622859833e-06,-8.84968098381449e-08,2.13638269718768e-07,5.13060269848303e-06,8.03972929347158e-06,-6.01238952790961e-06,9.16362548897959e-06,6.81453280374595e-08,3.60135764528748e-05,3.78377125564495e-16,3.29032866661222e-05,-8.42078836847671e-07,-1.24812449191214e-06,-2.51848266329124e-06,4.39196416140812e-08,4.45539115627794e-06,8.39061518781437e-05,-7.59519617431897e-07,-2.19231146615483e-16,5.78039544030504e-17,-7.52230651986791e-07,2.80657153655199e-16,-2.24289566732097e-16,-1.23412177360562e-15,-4.25678657653077e-15,0.0806187976157154,6.17255656806554e-08,-1.68018441246005e-17,-5.3490422209913e-16,-1.40952168361747e-15,-1.82156648371817e-15,0.407065868888181,0.000590825621650873,-0.791685107930532,-5.39725151841304e-15,8.80626400694829e-15,-2.73599594710483e-15,-1.61943568355305e-06,-7.09650713031247e-15,1.72698029828832e-16,-1.39382925154926e-16,-3.53527257745466e-16,1.04575088271465e-15,3.70083586301058e-16,7.54219098731042e-17,2.58551282546444e-16,1.29074073504464e-15,1.15261033667313e-16,-2.25253697006085e-16,-1.42945318882556e-15,2.18293368124623e-17
"t97",-0.102359510605751,0.11057245214,-0.118653672823179,0.00294969470222254,-0.0123824799348865,0.229225097522202,0.00155739750119011,-0.123007336212616,-0.00993276542239016,-0.000466601436394064,-5.91190266429106e-06,0.00106236429254177,-0.000658853509907908,0.000342550465969951,-0.184270957593933,-0.00166307827609075,6.39955743766858e-05,-0.00184406919272426,0.000103642098060359,-3.18939013498867e-07,0.00161836828582978,-7.69663601025115e-08,0.000297814111513254,-0.000424910437018505,0.000759323601008888,-1.18289295028113e-08,5.79505957328252e-05,-6.15600001317995e-05,0.00136167316025165,-2.17462953651555e-05,0.00213177569727285,-0.000287493322192529,2.40855752158802e-05,1.80944868417398e-05,-0.250014053064273,5.481618961468e-16,0.000146338515626884,-1.72252558016653e-09,4.40272551604365e-06,-1.00389712200935e-07,2.43277570878965e-07,5.84783775212615e-06,9.18636406110028e-06,-7.06312081938387e-06,1.08825209928273e-05,8.20392452460133e-08,4.42347748986191e-05,4.00639008222324e-16,4.33430049217032e-05,-1.12340811971728e-06,-1.66573305526718e-06,-3.43973530897435e-06,6.28848530236439e-08,6.47698137829292e-06,0.000135325742429804,-1.3874419778695e-06,-1.65299216044019e-16,-1.73432027021024e-16,-1.76547263144866e-06,-1.63884520812991e-16,-2.43945670033118e-16,-3.99060379521786e-15,-1.27857931864128e-14,0.35409799287217,4.73271694568719e-07,2.40263918950472e-16,1.17569860003028e-15,1.94764510101829e-15,1.49045891251627e-15,-0.391355958443583,-0.000452369840570194,0.0956160375815718,1.1026872914891e-15,-2.49219939428432e-15,5.81972968280206e-16,-6.51002276530477e-08,-1.20149925882001e-15,-2.10073544219121e-16,-4.91197138052437e-17,-4.70472470344936e-16,-3.95935898044742e-16,-1.20825185298429e-16,1.41740602285181e-17,-1.67401400639376e-16,-9.92904830117408e-17,-4.8921085818379e-16,3.05571194646944e-16,-0.707106781186546,-8.32362970997194e-16
"t98",-0.102359510605751,0.11057245214,-0.118653672823179,0.00294969470222254,-0.0123824799348865,0.229225097522202,0.00155739750119011,-0.123007336212616,-0.00993276542239016,-0.000466601436394037,-5.9119026643053e-06,0.00106236429254177,-0.000658853509907866,0.000342550465969938,-0.184270957593933,-0.00166307827609074,6.39955743766841e-05,-0.00184406919272428,0.000103642098060408,-3.18939013603439e-07,0.00161836828582985,-7.69663599379296e-08,0.000297814111513297,-0.000424910437018478,0.000759323601008888,-1.18289295062977e-08,5.79505957327142e-05,-6.15600001317301e-05,0.00136167316025157,-2.17462953649994e-05,0.00213177569727277,-0.0002874933221923,2.40855752159652e-05,1.80944868418791e-05,-0.250014053064273,2.99406067170536e-16,0.000146338515626787,-1.72252549372173e-09,4.40272551575915e-06,-1.0038971209143e-07,2.43277571178428e-07,5.84783775212788e-06,9.1863640609164e-06,-7.06312081938387e-06,1.08825209927353e-05,8.20392452041902e-08,4.42347748983054e-05,3.44765202022477e-16,4.33430049219946e-05,-1.12340811961797e-06,-1.66573305545627e-06,-3.43973530848515e-06,6.2884853221294e-08,6.47698137870058e-06,0.00013532574242997,-1.38744197793542e-06,6.81482581300546e-17,-2.75283366324055e-16,-1.76547263141397e-06,-3.45710038537732e-17,-1.24274205916833e-17,-3.65153238967316e-15,-1.22591709766639e-14,0.354097992872169,4.73271694574791e-07,4.56160042980969e-16,9.57967303981122e-16,2.1660130343509e-15,1.46805816862067e-15,-0.391355958443579,-0.000452369840570791,0.0956160375815712,3.08507611979286e-16,-2.42673435139838e-15,1.11377765267907e-15,-6.51002278195811e-08,-1.36840116494607e-15,-1.82307018742426e-16,3.53265262342553e-16,2.5960019646803e-16,-3.85225755420505e-16,-4.40755035811476e-16,2.59016019556371e-17,1.71800989985259e-16,2.67390361655653e-16,2.01368374000288e-16,-2.78111935381701e-16,0.707106781186549,6.2073085568569e-16
"t66",-0.10168396353638,0.108047896546097,-0.115650677998753,0.00287263741265492,-0.0119017178655157,0.219740202629837,0.00144897492847511,-0.113569385680122,-0.00904054077925338,-0.000419130972951366,-5.16903240967058e-06,0.000917676172572985,-0.000563095748154671,0.000284136558724746,-0.148379581313562,-0.00126451627233897,4.1577065807501e-05,-0.00109656795660795,6.09896855041647e-05,-1.79024570255443e-07,0.000886316456508648,-3.98247202723981e-08,0.000110455925584101,-0.000134309193343965,0.000172580668642369,-1.39728137768128e-09,-6.16808445835781e-06,8.67913769680984e-06,-0.000302238463977533,7.39480323373124e-06,-0.00139288792109654,0.000515951603478559,-4.69179446275191e-05,-3.78846895417416e-05,0.607474212105252,-1.16342405045232e-16,-0.000741184847350917,1.23669774997778e-07,0.00220870982662318,-4.06860569571958e-06,5.45455518994396e-06,0.000118874352901843,0.000150643289374128,-4.37381409930798e-05,5.71846119894678e-05,3.70584200549019e-07,0.000170344760608877,1.17824313207447e-15,0.000121432332690644,-3.02555030627649e-06,-4.48111582332031e-06,-8.67410613514252e-06,1.41693403298156e-07,1.41278552192323e-05,0.000242684174781307,-2.01745027111292e-06,-2.39628582930291e-16,1.89649095472822e-16,-1.66799777248303e-06,6.0312342625067e-16,-4.60491654762477e-16,-6.38713095570444e-16,-1.57701787571091e-15,0.031838819613801,-1.89942694250184e-07,3.20198671691175e-17,-2.0573611881499e-16,1.16915503284715e-15,-5.48224177885735e-16,-0.00374616626825689,0.000457068901183036,0.000152572621391499,-0.707106781186547,-9.97577495242325e-15,4.39153111232618e-15,-3.30305739590364e-06,-3.97689554712033e-15,-3.86454302265025e-16,2.30697710443723e-16,2.32481195628433e-16,9.85987063193792e-17,2.74033753606732e-16,8.06865184197483e-18,-8.4298358661291e-16,4.19363469407814e-16,-1.99658305726225e-17,-1.86159149093109e-16,-5.28903698041382e-16,-3.85008661033306e-16
"t67",-0.10168396353638,0.108047896546097,-0.115650677998753,0.00287263741265494,-0.0119017178655156,0.219740202629837,0.00144897492847511,-0.113569385680122,-0.00904054077925339,-0.00041913097295137,-5.1690324096341e-06,0.000917676172572956,-0.000563095748154665,0.000284136558724752,-0.148379581313561,-0.00126451627233892,4.15770658075596e-05,-0.00109656795660762,6.09896855042202e-05,-1.79024570192153e-07,0.000886316456508607,-3.98247204012013e-08,0.000110455925584146,-0.000134309193343563,0.00017258066864248,-1.39728116063502e-09,-6.16808445837169e-06,8.67913769673351e-06,-0.000302238463977922,7.39480323393854e-06,-0.0013928879210964,0.00051595160347849,-4.69179446274982e-05,-3.78846895417321e-05,0.607474212105251,-9.67283459410312e-17,-0.000741184847350668,1.23669775019692e-07,0.00220870982662293,-4.06860569565062e-06,5.45455519011348e-06,0.000118874352902178,0.000150643289373694,-4.37381409928682e-05,5.71846119892042e-05,3.70584200677822e-07,0.000170344760609069,9.32946251993515e-16,0.000121432332690602,-3.02555030597118e-06,-4.48111582385113e-06,-8.67410613505926e-06,1.41693403268341e-07,1.4127855219391e-05,0.000242684174782452,-2.01745027081195e-06,1.27156322252737e-16,-2.30145188074066e-16,-1.667997772202e-06,-3.78903945718837e-16,2.55410085250163e-16,-1.6453129723097e-16,-2.8268977048821e-16,0.0318388196138,-1.89942694408043e-07,5.00521335614472e-17,1.65568268486023e-16,-8.57841277657745e-16,5.64534689745295e-16,-0.00374616626825754,0.000457068901184632,0.000152572621381266,0.707106781186549,9.79360907098461e-15,-3.98606741669361e-15,-3.30305740274539e-06,4.37366202772834e-15,5.81832366611564e-17,-3.38006459633979e-16,-2.88896430484994e-16,9.06554751955387e-17,-3.97679108165501e-16,-2.47078385821905e-17,7.68574592843447e-16,8.55902547112677e-16,-3.69917674396694e-17,-9.18100357413993e-18,2.47547673468369e-16,6.66325897713822e-17
"t64",-0.0923346864736254,0.0671610012264319,-0.0656678322962187,0.00157819012646337,-0.00241141430000971,0.0254032793719037,-0.00269208109801375,0.36666059056539,0.132926906319229,-0.0063686270711264,-2.06088542573645e-05,0.00282508848517732,-0.00142307910354577,0.000388131756970158,-0.027166904894958,0.00772058112534614,-0.000134661337626673,0.562784805871617,0.00836294785726013,-4.97571363826106e-06,0.0194104682335852,-6.57984697373382e-07,0.00143476291044091,-0.00185481858452047,0.0029402326147801,-4.09632032591198e-08,0.000168245667545155,-0.000174494958481999,0.00365529800148809,-5.40674115461961e-05,0.00433313160034005,-0.000198941237453232,1.26586957137909e-05,6.67107118819052e-06,-0.00264862869309712,-2.95954365280306e-16,-0.000401685996574695,1.7015165934553e-07,0.0263466586040702,-2.6579642597893e-06,4.68208697874966e-06,0.000105270742808385,0.00014193768438325,-5.30283954053579e-05,7.25222694312744e-05,4.90253107023313e-07,0.000235603663908132,1.52065762647009e-15,0.000182110087021237,-4.57606899932628e-06,-6.77915936675433e-06,-1.3291398155646e-05,2.2121074914937e-07,2.21555228058223e-05,0.000387789411039785,-3.24522099759417e-06,-3.64634419378321e-16,4.50876430313533e-16,-2.63980100217304e-06,1.91244507777396e-15,1.07152721411692e-15,0.707106781186548,-1.02226986263679e-13,0.000280424431110093,-4.16202143067521e-07,-5.13016597169591e-15,3.9535176504512e-16,1.02047469033537e-15,2.71894126707099e-16,-3.66650082698414e-05,9.51167630151573e-05,1.5574572009633e-06,2.70296791008846e-16,-4.04334821781547e-16,2.10839782140136e-16,-6.04512300152182e-06,5.11262185441032e-16,-5.2817574116267e-16,4.31057992120557e-18,2.46076822849071e-17,1.26476927740687e-16,2.44256854560218e-17,3.52274177552143e-17,-2.33424397480793e-17,3.95610011889761e-16,-2.10567362489524e-16,1.75430130543108e-16,-2.73220829827407e-16,1.53350248885216e-16
"t46",-0.0923346864736253,0.0671610012264318,-0.0656678322962186,0.00157819012646338,-0.00241141430000971,0.0254032793719037,-0.00269208109801378,0.366660590565389,0.132926906319229,-0.00636862707112636,-2.06088542573978e-05,0.00282508848517731,-0.0014230791035457,0.000388131756970155,-0.027166904894958,0.00772058112534624,-0.000134661337626754,0.562784805871617,0.0083629478572601,-4.97571363825347e-06,0.0194104682335851,-6.57984697406341e-07,0.00143476291044097,-0.00185481858452013,0.00294023261478014,-4.09632030157867e-08,0.000168245667545086,-0.000174494958482041,0.00365529800148806,-5.4067411546399e-05,0.00433313160034002,-0.00019894123745301,1.26586957137423e-05,6.67107118840563e-06,-0.00264862869309729,-1.55074090531533e-16,-0.000401685996574863,1.70151659365886e-07,0.0263466586040709,-2.65796425990075e-06,4.68208697885174e-06,0.000105270742808073,0.000141937684383239,-5.30283954056215e-05,7.25222694312883e-05,4.90253106862851e-07,0.00023560366390802,1.54451986481489e-15,0.000182110087020654,-4.57606899938352e-06,-6.77915936709433e-06,-1.32913981557483e-05,2.21210749171488e-07,2.21555228049446e-05,0.000387789411037148,-3.24522099594141e-06,3.51727706778399e-16,-5.06927521451214e-16,-2.63980100271427e-06,-1.90031676045302e-15,-1.13606057123641e-15,-0.707106781186548,1.02230749073942e-13,0.000280424431092829,-4.16202146247269e-07,5.16622007707155e-15,-4.4821721815687e-16,-1.04757094620198e-15,-2.72543138434043e-16,-3.66650082718051e-05,9.51167630152128e-05,1.55745720054241e-06,-2.34466689661981e-16,9.0707527950697e-17,-4.31994076578447e-16,-6.04512300127896e-06,-1.18342992367845e-16,3.66719455915502e-16,-4.84934363223718e-17,-1.03811499524796e-18,1.5791377430271e-16,-1.07715121821631e-16,-7.34590502109923e-17,4.86479788640159e-18,5.81446749462731e-16,1.28567625929102e-16,-3.01971793080883e-16,2.18418713826468e-16,-4.26811230090015e-16
"t9",-0.0926831868697842,0.0681021969406224,-0.0666992368730046,0.00160386902080346,-0.00247317740297846,0.0261048889288788,-0.00283525389107991,0.388930364163872,0.143038879946525,-0.00695346036574169,-2.32869874464329e-05,0.00324924112438494,-0.00166462552080893,0.000479911358347997,-0.0360227309431028,0.0125391159676407,0.000538823316210775,-0.301822858700371,-0.00373559801271061,8.84495841086764e-07,-0.00173569413979254,-3.09980214587002e-08,0.000421382417018686,-0.000603288744532117,0.0010359941263868,-1.48929623498358e-08,5.91612600319286e-05,-6.06382548175161e-05,0.00122942563938403,-1.71486679018257e-05,0.00110974107705491,2.19404634243386e-06,-6.17821677231095e-07,-5.66208237536177e-07,0.000446106377434287,5.19526795666623e-15,0.000330378407012277,-1.83463137576192e-06,-0.840326768560683,-5.34419490035057e-05,4.05907655782984e-05,0.000811171000426702,0.000856713744302818,-0.000127805894209238,0.000154161260207654,9.36484565080002e-07,0.000406255123727625,2.02424999667962e-15,0.000266362210055709,-6.58626706752635e-06,-9.75283788931698e-06,-1.86670118444178e-05,2.999087760187e-07,2.97782886721047e-05,0.000500780152669224,-4.08517194763411e-06,-7.44960932693834e-17,6.37306946477001e-17,-3.24100322762842e-06,9.65101520134756e-18,4.00215424536263e-17,2.77555756156289e-17,1.66533453693773e-16,0.000337049519178997,-4.97063810937998e-07,-1.2153752311858e-17,1.3939244093881e-17,1.06532589625316e-16,3.17991001510657e-17,-4.26478967234126e-05,0.000110408232839481,1.78724764706567e-06,-1.38777878078145e-16,-3.60822483003176e-16,-1.87350135405495e-16,-6.90253313239894e-06,3.43475248243408e-16,-2.72351585728359e-16,-1.48172669515873e-16,2.08166817117217e-17,2.56739074444567e-16,-6.21052523747993e-18,-3.70037450138222e-17,-7.47964730441288e-17,6.45317133063372e-16,8.35505526680895e-17,-8.93744005961155e-17,-1.99493199737333e-16,-1.53268572539002e-16
"t58",-0.0929690962613646,0.0688341396835591,-0.0674947415297635,0.00162362091882559,-0.00251869685063162,0.0266175111061128,-0.00293009797818296,0.40331432721226,0.149268084544188,-0.00729824223949189,-2.47283842724097e-05,0.00346825296851425,-0.00178485292426799,0.000521041670106038,-0.0395878108091887,0.0140974844074544,0.000641860765144953,-0.370372658881388,-0.00459951155903617,1.10540753627702e-06,-0.00218565208866633,-3.96980071252617e-08,0.000587313830898524,-0.000869003270156429,0.0015765945716492,-2.43182177775219e-08,0.000112947147147952,-0.000118768820057525,0.00256162132888067,-3.93032126302911e-05,0.00340085194854774,-0.000188041372078496,1.22077479219433e-05,6.5532035306065e-06,-0.00270933856731642,-2.40782435851236e-15,-0.000529995384595552,9.46316667667765e-07,0.382381975357727,2.00088794088236e-05,-1.25345444113174e-05,-0.000238752213078124,-0.000221235486243846,4.6006259567721e-07,8.39001263646484e-06,1.0349150928669e-07,6.94497870689113e-05,6.75594104586877e-16,7.58813418684076e-05,-1.95834216539263e-06,-2.90324711107754e-06,-5.91398162278758e-06,1.03773577153063e-07,1.05241358066034e-05,0.000194690553608476,-1.6850719020251e-06,-4.3831259244997e-16,-1.74230124567696e-16,-1.41523117819632e-06,-4.70009673003931e-16,1.04520294822748e-15,9.64506252643105e-16,-2.04697370165263e-16,0.000154380589737886,-2.30938837919126e-07,1.51796094205678e-16,3.66327134071128e-16,-0.707106781186549,3.22579410625788e-14,-2.10098374559561e-05,5.46410336734453e-05,9.07162581527746e-07,-1.09287578986539e-15,3.32633226518553e-16,6.26235174827627e-16,-3.54227620184833e-06,-3.29597460435593e-16,-8.11416905888152e-16,3.37683723021081e-16,-1.1067535776732e-15,-6.85215773010839e-17,-2.81593143286395e-16,-7.0739180629422e-17,-2.00893229019111e-16,5.86336534880161e-16,-1.54349526518948e-16,4.58671870352191e-17,3.21357523924704e-16,-7.54431649462152e-17
"t59",-0.0929690962613646,0.0688341396835591,-0.0674947415297635,0.00162362091882558,-0.00251869685063163,0.0266175111061128,-0.00293009797818297,0.403314327212261,0.149268084544188,-0.00729824223949186,-2.47283842724349e-05,0.00346825296851428,-0.00178485292426805,0.000521041670106047,-0.0395878108091887,0.0140974844074544,0.00064186076514493,-0.370372658881388,-0.00459951155903617,1.10540753650199e-06,-0.00218565208866639,-3.96980070359234e-08,0.000587313830898506,-0.000869003270156491,0.00157659457164923,-2.43182177689452e-08,0.0001129471471479,-0.000118768820057539,0.00256162132888053,-3.93032126303015e-05,0.00340085194854769,-0.000188041372078675,1.2207747921962e-05,6.55320353064055e-06,-0.00270933856731641,-2.32161155707072e-15,-0.00052999538459576,9.46316667698325e-07,0.382381975357728,2.00088794087093e-05,-1.25345444113324e-05,-0.000238752213078121,-0.000221235486243604,4.60062595630806e-07,8.39001263618945e-06,1.03491509287774e-07,6.94497870684821e-05,7.33698592884245e-16,7.58813418682343e-05,-1.95834216490604e-06,-2.90324711076572e-06,-5.91398162263926e-06,1.03773577245925e-07,1.05241358065783e-05,0.000194690553609341,-1.68507190192937e-06,4.30327395518956e-16,1.50275221822372e-16,-1.41523117697584e-06,4.79157901820184e-16,-1.20676549727423e-15,-1.04777297948999e-15,8.15320033709099e-17,0.000154380589736304,-2.30938837638642e-07,7.04575482440031e-18,-5.26259010015514e-16,0.707106781186548,-3.21674592608624e-14,-2.10098374496804e-05,5.46410336504234e-05,9.07162581513868e-07,8.6389229103645e-16,-4.43655528981068e-16,-7.39859562504108e-16,-3.54227620215407e-06,6.85215773010839e-16,6.09755301805848e-16,-2.59510241626622e-16,1.34961486430996e-15,4.70977423727703e-16,1.91228267242311e-16,6.55977266710249e-17,2.54003595703294e-16,6.43582409587395e-16,-1.72549263588547e-17,-1.04495312044223e-16,-3.51281503885303e-16,-2.55343759092756e-16
"t8",-0.082043494765647,-0.00113163387897624,0.0846430950874423,-0.00597522093595925,0.00153111347400957,-0.00162488082340094,-0.00291919213451181,0.134628937363494,-0.478509950140683,-0.0942552682786108,-9.09804213428169e-05,0.0711236744268864,-0.00485672031445971,0.00122866495328044,-0.0119909815668266,0.00780048495030216,0.00128726476289643,-0.00803992399684955,0.00343112526478614,-1.68484698431885e-05,0.227777217411135,2.34692506207801e-06,0.000188402734967922,-0.00198536186728675,0.00496040040414392,-8.65828280925122e-08,0.000145113888757167,-0.000152855214364089,0.000916136112348712,-5.47399406362961e-05,0.00133161276602793,-0.402095333030336,-2.31415071639245e-05,-3.37241855289522e-06,-0.000107532030342236,-0.707106781186544,-0.000871497129597401,1.07386922007777e-07,0.000372920854451689,-4.17706111211565e-06,5.8267638119505e-06,0.00012836669544292,0.000459954674159675,-5.89618110696435e-05,0.000221545957965703,5.49466432738269e-07,0.000266042457862379,1.46997138231345e-15,5.85358798250663e-05,-5.27637846913301e-06,-7.81702659932021e-06,-1.53773901908627e-05,2.5735901745381e-07,7.24682586699527e-06,0.000128112332882103,-1.03335958362809e-05,-9.36812503097551e-17,2.76703928174308e-17,-3.13629982965236e-06,1.30774860040113e-16,-1.35134263114846e-16,2.77555756156289e-17,-4.85722573273506e-17,6.26923656840278e-05,-4.9847611679121e-07,-1.41539405016506e-16,-6.82190155474943e-18,2.5194722126903e-16,1.76839325010239e-16,-8.30826598780541e-06,2.15732394622508e-05,3.55099952296933e-07,3.46944695195361e-16,-1.90819582357449e-16,2.28983498828939e-16,-7.32961814575196e-06,2.15105711021124e-16,-1.30104260698261e-16,-5.91680773306336e-17,1.11022302462516e-16,1.76941794549634e-16,-5.76776089039963e-18,-2.62398111976749e-17,8.76785376302829e-17,8.27463098040937e-16,-1.74993066723059e-16,-1.13087597024238e-16,-3.64291929955129e-17,-2.42739386534696e-16
"t2",-0.082043494765647,-0.00113163387897624,0.0846430950874423,-0.00597522093595922,0.00153111347400958,-0.00162488082340095,-0.00291919213451183,0.134628937363494,-0.478509950140683,-0.0942552682786109,-9.0980421342815e-05,0.0711236744268865,-0.00485672031445971,0.00122866495328045,-0.0119909815668268,0.00780048495030233,0.0012872647628964,-0.00803992399684946,0.00343112526478616,-1.68484698431157e-05,0.227777217411135,2.34692506217602e-06,0.000188402734968397,-0.00198536186728642,0.00496040040414371,-8.6582827852004e-08,0.000145113888757528,-0.000152855214363604,0.000916136112348795,-5.47399406368651e-05,0.00133161276602839,-0.402095333030327,-2.31415071204055e-05,-3.37241851674185e-06,-0.000107532030342278,0.70710678118655,-0.000871497129591295,1.07386921659355e-07,0.000372920854460557,-4.17706110879951e-06,5.82676381576985e-06,0.000128366695454189,0.000459954674172028,-5.89618110705178e-05,0.000221545957966347,5.49466433004712e-07,0.0002660424578613,2.08322122087489e-15,5.85358798257923e-05,-5.27637846938628e-06,-7.81702659912245e-06,-1.53773901906268e-05,2.57359017171621e-07,7.24682586818876e-06,0.000128112332882624,-1.03335958359147e-05,-9.32191920861511e-19,5.87116574990895e-18,-3.13629982920827e-06,-1.07686850444612e-18,5.42215284812259e-17,-1.11022302462516e-16,1.17961196366423e-16,6.26923656841805e-05,-4.9847611653794e-07,2.6428552283879e-16,-1.03157687855862e-16,-1.31229099258942e-16,-1.55253322951866e-16,-8.30826598595706e-06,2.15732394630418e-05,3.55099953004701e-07,-1.2490009027033e-16,-3.46944695195361e-16,-2.63677968348475e-16,-7.32961814556461e-06,2.81025203108243e-16,-2.35922392732846e-16,3.63238007995183e-17,-2.08166817117217e-16,1.35308431126191e-16,7.34027356574496e-17,-1.07244677550489e-17,-7.45701442783389e-17,2.8796409701215e-16,1.41126468331143e-16,-3.84355819165154e-17,5.55111512312578e-17,-1.79503389353464e-17
"t20",-0.0819653596615374,-0.00112788224080791,0.0843317409376982,-0.00595252666999143,0.00152242840778662,-0.00161504839462312,-0.00288914734456534,0.133097635629593,-0.47210575529509,-0.0928199451759715,-8.92533167390543e-05,0.0696543011314397,-0.00474926504913196,0.00119645598291162,-0.0116285333917905,0.00750522994875262,0.00121284935497131,-0.00749008894934137,0.00319230294285265,-1.5584524159029e-05,0.21005972931737,2.14974766161958e-06,0.000166466198269086,-0.00172810171179687,0.00420549424333555,-7.07889964905571e-08,0.00010816364634212,-0.000112021487715452,0.000642979456095177,-3.56803651752682e-05,0.000643109313812244,0.822500176127328,8.72047708567235e-05,2.78025893645662e-05,-0.00127533388864358,-5.23767942645554e-15,-0.00186446299747758,1.68042158753826e-07,0.000573452494457442,-6.27585325062248e-06,8.59048074391937e-06,0.000188464305562476,0.000668292848643249,-7.95729880324197e-05,0.000293978532291854,7.17264267591439e-07,0.000341196497716552,2.1435374922311e-15,7.25995982639666e-05,-6.52008522935947e-06,-9.65861221632978e-06,-1.88931553340424e-05,3.13483848844079e-07,8.80792365771758e-06,0.000154088982302257,-1.23418274350616e-05,8.22899602331218e-17,9.291113924441e-18,-3.71901935919676e-06,-1.37878327536121e-16,-2.17835628718792e-17,1.38777878078145e-17,1.87350135405495e-16,7.3869810787365e-05,-5.86202776617774e-07,-5.11578579770011e-17,-2.12102292666127e-17,8.18330046782128e-17,7.32470733931407e-17,-9.68923533483323e-06,2.51420858433243e-05,4.12282938878905e-07,-1.17961196366423e-16,-1.56125112837913e-17,-8.15320033709099e-17,-8.49570360184244e-06,7.49400541621981e-16,-4.03323208164608e-16,-5.13333743564703e-18,1.73472347597681e-16,1.38777878078145e-16,-1.03263893610874e-16,4.88064159246002e-17,-4.18970165786717e-17,4.96130914129367e-16,-6.70217951742851e-17,-2.3227376938493e-17,-3.90312782094782e-16,-1.68770962197646e-16
"t28",-0.0804491468565702,-0.00105349218603247,0.0781372075850583,-0.00550051249983383,0.00134638020763856,-0.00141502712788246,-0.00225233694048937,0.100290365437152,-0.332089392227399,-0.060837847463437,-4.92072046845305e-05,0.0349552519463241,-0.00217008992726773,0.000386271432997886,-0.00206105047879749,-0.00109637681430608,-0.00176298834435598,0.0199146450793802,-0.00905818510989513,5.8921436324892e-05,-0.920511402649609,-1.33058874227174e-05,0.00925109250244062,-0.0317383221965462,0.0435807900060883,-5.4422435564149e-07,0.00065692212126827,-0.000669623929249578,0.00375175046629065,-0.000206605263419032,0.0042345910515025,-0.011295735457505,4.17839031707132e-05,2.19767217091262e-05,-0.00155751178555642,-2.84714155967744e-16,-0.00360674216265911,3.62488909383462e-07,0.00124275721234731,-1.36778540482429e-05,1.87997181666137e-05,0.000412789900309995,0.00146666418253376,-0.000176058886042394,0.000650384774348871,1.58522959809957e-06,0.000752341970528312,4.86760099513795e-15,0.00015870146374513,-1.42333815061548e-05,-2.10839788036825e-05,-4.11481699812417e-05,6.80055615332962e-07,1.90864988882139e-05,0.000331966616458594,-2.64698598390322e-05,-5.20180815261247e-17,-1.01375571200515e-16,-7.93556936827891e-06,-6.84596943660781e-18,-2.8857773571666e-17,-7.63278329429795e-17,-6.07153216591882e-17,0.000156833112592465,-1.24252570165347e-06,3.13212566069827e-17,-2.64108463789914e-17,1.51172525637126e-17,5.58530694128719e-17,-2.03824910667389e-05,5.2854842919523e-05,8.63444052262227e-07,4.5102810375397e-17,-1.81061762805079e-16,-1.83013326715553e-16,-1.77615232668103e-05,2.39391839684799e-16,7.37257477290143e-18,-5.81582779425234e-17,-3.29597460435593e-17,1.90819582357449e-17,-4.7462082950226e-17,-6.4102730488349e-17,-8.19745377789903e-18,5.65086172299445e-16,-4.20619989509035e-17,-6.46869242643458e-17,-7.80625564189563e-17,-1.8566511064447e-16
"t13",-0.0931058408089565,-0.00232797200528448,0.207432502356196,-0.0156811467994019,-0.0102036708795607,0.00561480259437025,0.000771260555758087,-0.0214236711839384,0.0217632964342654,-0.000530975173629353,7.09150025495335e-06,-0.399437843996966,-0.00251437199601882,0.000392861686501523,-0.00367381102569098,0.00237769817195837,0.000346449453384277,-0.00165177793611727,0.000667307677055178,-2.21838228120941e-06,0.0200179820432147,-1.3429687706042e-07,0.00167349194673464,-0.0555908678918367,0.128468175077343,0.000239950061454321,-1.07222072716975e-05,5.14617674669468e-06,2.97966547131399e-05,-4.88182595546373e-06,0.000197966188137336,-0.000141632087387388,3.23314146291435e-06,1.72175178458911e-06,-0.000127251363419838,2.05213665121777e-16,-0.0196237583249036,1.26700794533391e-08,3.87212600803585e-05,-3.20993480493642e-07,2.59057562356424e-07,4.56324470081296e-06,3.59120909564905e-05,6.88621583828219e-05,-0.869430118391068,9.91308025528117e-07,0.000272388238040698,1.24310798625067e-15,3.92421851209944e-05,-3.44141791935458e-06,-5.09478993339536e-06,-9.64836822667497e-06,1.53592542446622e-07,4.27602458025894e-06,7.20346921957507e-05,-5.39111325219798e-05,-4.99423493876701e-17,3.59741295117707e-17,-1.6738611093668e-06,-8.56069110277761e-17,5.00206789025571e-17,-6.93889390390723e-18,4.14598910758457e-16,3.28186007109918e-05,-2.59508223885568e-07,6.44376615702288e-17,6.06376710030987e-17,-2.85389152678747e-17,1.08834448936798e-17,-4.23316029554428e-06,1.09741909061723e-05,1.79084605256286e-07,-2.22044604925031e-16,1.41596803726607e-16,-2.43728648374741e-16,-3.68306408953141e-06,-4.30211422042248e-16,-1.48318857196017e-16,5.11936010792647e-16,1.38777878078145e-16,8.84708972748172e-17,1.20705363810983e-17,-5.54297573832894e-17,1.83343359951578e-17,4.13731549020468e-16,-1.88976785423471e-16,-3.65929167159156e-17,-2.01661604082304e-16,-8.93182103077802e-17
"t79",-0.0933481255156613,-0.00234900870255007,0.209511536797849,-0.0158434055239533,-0.0103610510182219,0.00570715152825294,0.000792742372743038,-0.0220823861669853,0.0225490487954933,-0.000552746599193266,7.45258990064373e-06,-0.42153484890076,-0.00266311425595017,0.000420284109784948,-0.00396830373564868,0.00261455236136926,0.000398128720062122,-0.00194027408676815,0.00078579198640705,-2.64069267595039e-06,0.0239587872594563,-1.62683039388236e-07,0.00214899762822178,-0.0729582995434769,0.17465134070722,0.000340616220535172,-1.66292122039391e-05,8.09034229148908e-06,4.83554545934323e-05,-8.29722222429191e-06,0.000380184935730186,-0.000425267544916799,1.03238037942911e-05,5.83244464075899e-06,-0.000495423725316427,1.64014640991459e-15,-0.355610826413791,-3.4605209069905e-08,-9.00816491082035e-05,6.00450996214781e-07,-4.02592017526948e-07,-6.79808972023355e-06,-4.80174444202879e-05,-3.44400531674151e-05,0.30707657366765,-2.2065231165911e-07,-2.53143726720285e-05,1.35523410840922e-16,4.89344998893908e-06,-5.0458354637628e-07,-7.50071775058869e-07,-1.73886784849905e-06,3.51914983130231e-08,1.03154472113134e-06,2.14433533622382e-05,-1.80187160395617e-05,1.33340706810403e-16,-7.58284474874782e-17,-6.20130295048626e-07,-1.75670717088153e-16,3.28951833165801e-16,-2.77555756156289e-17,-1.94289029309402e-16,1.31829237971226e-05,-1.066930910734e-07,-1.63727056595116e-16,4.3317176932883e-16,-1.436791829906e-16,-1.73950112651505e-16,-1.90768014199502e-06,4.97999363266791e-06,8.43876036410451e-08,-3.60822483003176e-16,-8.2572837456496e-16,1.55778168142717e-15,-1.76363845070734e-06,1.42941214420489e-15,-2.94902990916057e-15,-0.707106781186548,1.08246744900953e-15,1.16573417585641e-15,-1.85287409742764e-15,1.77270665896427e-16,-2.97938849792186e-16,1.51614831800373e-15,1.53088014618745e-17,-2.67960558298922e-17,2.51534904016637e-16,-4.02600897118746e-16
"t80",-0.0933481255156613,-0.00234900870255007,0.209511536797849,-0.0158434055239533,-0.0103610510182218,0.00570715152825296,0.000792742372743063,-0.0220823861669854,0.0225490487954934,-0.000552746599193247,7.45258990062483e-06,-0.42153484890076,-0.00266311425595017,0.000420284109785054,-0.00396830373564875,0.00261455236136922,0.000398128720062127,-0.00194027408676815,0.000785791986407081,-2.64069267587189e-06,0.0239587872594562,-1.62683039411655e-07,0.00214899762822181,-0.0729582995434768,0.17465134070722,0.000340616220535026,-1.66292122041056e-05,8.09034229155847e-06,4.83554545933074e-05,-8.29722222413232e-06,0.000380184935729977,-0.00042526754491698,1.03238037941714e-05,5.83244464083445e-06,-0.00049542372531626,1.30919670285597e-15,-0.355610826413791,-3.46052090891902e-08,-9.00816491085227e-05,6.00450996175858e-07,-4.02592017354831e-07,-6.79808972032549e-06,-4.80174444203521e-05,-3.44400531675677e-05,0.307076573667651,-2.20652311694563e-07,-2.53143726720738e-05,2.09777897084912e-16,4.89344998946817e-06,-5.0458354618893e-07,-7.50071775223668e-07,-1.73886784843313e-06,3.51914987201427e-08,1.03154472082603e-06,2.14433533622521e-05,-1.80187160397883e-05,-2.09564243962861e-16,7.73954116907696e-18,-6.20130295531963e-07,2.23539856276054e-16,-4.07035842882096e-16,-1.38777878078145e-16,9.71445146547012e-17,1.31829237969283e-05,-1.06693091029165e-07,2.91591092638387e-16,-5.14293215035297e-16,2.7803705952562e-16,2.54745627330714e-16,-1.90768014156351e-06,4.97999363234178e-06,8.43876035716562e-08,5.68989300120393e-16,2.34187669256869e-16,-1.61329283265843e-15,-1.76363845166144e-06,-4.85722573273506e-16,2.61943244872498e-15,0.707106781186547,-1.12410081243297e-15,-1.05124242644195e-15,1.77579553045039e-15,-1.05860558343568e-16,2.69279950733921e-16,-3.46944695195361e-17,7.67285539930769e-17,-1.01561966979043e-16,-3.85108611666851e-16,5.72989053491812e-17
"t25",-0.0928003751458473,-0.00230135937453274,0.204801042941999,-0.0154757389810016,-0.0100039100603339,0.00549752272980343,0.000743818492549918,-0.0205809477152864,0.0207553102242083,-0.00050297708730209,6.62483423375396e-06,-0.370817845408037,-0.0023213575719695,0.000357092233694012,-0.00328776314886086,0.0020643506291023,0.000276536744797967,-0.00125719729932047,0.000505056506958446,-1.63696857292733e-06,0.014577919125402,-9.4878766105852e-08,0.000994299930712077,-0.0305262987317724,0.0607084299046314,8.92928817858432e-05,-1.52715868823039e-06,5.36188382124769e-07,3.39776705632344e-07,6.45105261182222e-07,-0.000111667120156184,0.000418834350938493,-1.10257302762401e-05,-6.67907154347676e-06,0.000652279510054629,-3.65316693889683e-15,0.859827893138013,2.62392700992471e-07,0.000845441649906256,-8.6501391380789e-06,1.1423436765852e-05,0.000251036139593727,0.00875347746358495,-9.89187166484176e-05,0.235291077867695,4.01628907932701e-07,0.000232466676132711,1.27656540663735e-15,5.0010856776932e-05,-4.4726616603933e-06,-6.62482320634011e-06,-1.28648717819084e-05,2.10792545001587e-07,5.90247101221741e-06,0.000101499528526935,-7.65932764919073e-05,-3.39072665835628e-17,-4.97871136664303e-17,-2.38928334456373e-06,1.54773189111981e-17,-9.52499236156881e-17,2.22044604925031e-16,1.45716771982052e-16,4.69131568552328e-05,-3.70953898825351e-07,-9.30691931856735e-17,2.18967416447107e-16,-4.91297629590639e-17,6.452201007539e-18,-6.03767598145871e-06,1.56472397329702e-05,2.54790247206094e-07,8.32667268468867e-17,-1.26634813746307e-16,-5.20417042793042e-17,-5.23401455909678e-06,-6.93889390390723e-18,-3.05311331771918e-16,-9.55006844927616e-17,-1.11022302462516e-16,-9.71445146547012e-17,-6.80835765804973e-17,3.16757131373351e-18,-2.62848312284955e-17,5.82867087928207e-16,-3.84342546745769e-17,-3.46783705071203e-17,-1.04083408558608e-16,-1.59489578569378e-16
"t16",-0.0911538847633172,-0.00215623814680682,0.190425694166185,-0.0143529573468822,-0.008901811668865,0.00484926033430177,0.000588881889279058,-0.0157969634346598,0.0149746891469805,-0.000340899441157378,3.87083676195851e-06,-0.200449571863004,-0.00116361199942625,0.000137897550080524,-0.000871265561486045,2.06626964452786e-05,-0.000233641614730707,0.00180830657012768,-0.000764778359120367,3.06659719850107e-06,-0.0301939991053592,2.42558853811876e-07,-0.00626622510867741,0.265641582428791,-0.907954585516306,-0.00283330495394446,0.000729421638234293,-0.000712535671570834,0.00369259285402714,-0.000187970346867693,0.00344052676500456,-0.00140634843867204,3.12719111258217e-05,1.62940913960713e-05,-0.00115416295279901,5.82450561726605e-17,-0.084834234495796,2.11769021815237e-07,0.000730587556810401,-8.12237771783797e-06,1.13998371292242e-05,0.000253680190677018,0.00911245724757911,-0.000103221566142415,0.0112967578757245,9.05972517695544e-07,0.000430980823338909,2.65960149541359e-15,9.0314988734643e-05,-8.09122313934294e-06,-1.19851977014515e-05,-2.33489630719532e-05,3.8474139060364e-07,1.0789537520187e-05,0.000186894648988266,-0.000141699555106705,-7.48576488196631e-18,1.70361571125266e-17,-4.43991754441693e-06,2.02336907091765e-17,-3.52894251079342e-17,2.77555756156289e-17,3.12250225675825e-17,8.74823458199836e-05,-6.92420693376239e-07,-1.12888481086378e-18,2.95074359507138e-16,5.63176210510835e-17,2.54876565167397e-17,-1.13100776809709e-05,2.93182408652864e-05,4.77974325632791e-07,6.93889390390723e-17,-1.85615411929518e-16,-1.66533453693773e-16,-9.82318126507148e-06,9.0205620750794e-17,-1.89084858881472e-16,-1.5115660000889e-16,-2.77555756156289e-17,1.45716771982052e-16,-4.91278091738051e-17,1.58392509511951e-17,-1.837255553615e-17,4.40619762898109e-16,-6.71615893659781e-17,-7.6791959382153e-17,-8.84708972748172e-17,-1.2093942146408e-16
"t55",-0.0950363534514598,-0.00253617847281097,0.228777389836846,-0.0173676238586974,-0.0122208855618478,0.00685530388586175,0.00135645577913694,-0.0451803041746743,0.0888183710854827,0.00921015815834504,-5.55842565570887e-06,0.161132706277091,0.000552143108773666,1.12872171987785e-05,-0.000476074041769889,0.000465201157643498,4.6532838684183e-05,-6.16986598869873e-05,1.57640985113455e-05,9.92312451992454e-08,-0.00169561261011066,2.54965992965836e-08,-0.00295079636171845,0.580838464707491,0.208165733960957,-0.0951675963063702,7.92279904522804e-05,-8.3335595328287e-05,0.000491170907414261,-2.82895381637522e-05,0.000616273921938383,-0.000303256231704178,6.80175733929226e-06,3.56707137584697e-06,-0.000255050386174739,-4.0444556592199e-16,-0.00658492925393323,6.51089398736645e-08,0.000230468103457898,-2.7542934071442e-06,4.68598478187072e-06,0.000116708741912153,0.0348139771409195,-2.71611949517569e-05,0.0010528906528664,2.54534260599317e-07,0.000123282539689581,6.22655627435184e-16,2.6856361543587e-05,-2.4169285885718e-06,-3.58054916548738e-06,-7.02505342937759e-06,1.17061634342599e-07,3.29243026730638e-06,5.78636662268983e-05,-0.000479520753265169,-1.27320854760744e-15,3.03582204066867e-17,-1.40387018740968e-06,2.7254551920761e-16,-1.40084293086429e-16,3.60822483003176e-16,-6.97358837342676e-16,2.79445374157458e-05,-2.21895070377039e-07,-1.48397094078216e-15,-0.707106781186548,-3.67309768556977e-16,-2.66120249496323e-15,-3.67675350685287e-06,9.54241073272471e-06,1.56637742295893e-07,5.41233724504764e-16,-2.32019264911898e-16,8.15320033709099e-17,-3.22916266185923e-06,1.271552307891e-15,-2.71050543121376e-16,-3.42759875980826e-16,4.40619762898109e-16,2.73218947466347e-16,-2.62612071530272e-16,-3.33134284265346e-16,-1.13250147474089e-16,2.64545330086463e-16,1.26029990430111e-16,-2.19217626546842e-16,-9.28077059647592e-17,-1.69865884335154e-16
"t56",-0.0950363534514599,-0.00253617847281097,0.228777389836846,-0.0173676238586974,-0.0122208855618478,0.00685530388586173,0.00135645577913691,-0.0451803041746743,0.0888183710854828,0.00921015815834507,-5.55842565573434e-06,0.161132706277091,0.000552143108773697,1.12872171987565e-05,-0.000476074041769846,0.00046520115764346,4.65328386841998e-05,-6.16986598870196e-05,1.57640985112906e-05,9.9231245201197e-08,-0.00169561261011064,2.54965992976678e-08,-0.00295079636171852,0.580838464707491,0.208165733960958,-0.09516759630637,7.92279904523983e-05,-8.33355953283304e-05,0.000491170907414365,-2.82895381637643e-05,0.00061627392193845,-0.000303256231704243,6.80175733901384e-06,3.56707137577498e-06,-0.000255050386174767,-3.43884602847437e-16,-0.00658492925393351,6.51089399049098e-08,0.000230468103458108,-2.75429340719979e-06,4.68598478193578e-06,0.000116708741912055,0.0348139771409192,-2.71611949513714e-05,0.00105289065286633,2.54534260365726e-07,0.000123282539689217,1.05955147590291e-15,2.68563615436167e-05,-2.41692858840613e-06,-3.58054916548868e-06,-7.0250534292232e-06,1.17061633986905e-07,3.29243026731679e-06,5.78636662267058e-05,-0.000479520753264952,1.1705662825351e-15,-1.38422273297874e-16,-1.40387018811267e-06,-3.28387199753144e-16,9.26964316222751e-17,-5.89805981832114e-16,9.29811783123569e-16,2.79445374164501e-05,-2.21895069228977e-07,1.55288247449073e-15,0.707106781186547,3.75550240388259e-16,2.71774675802304e-15,-3.67675350292779e-06,9.54241073572795e-06,1.56637743539689e-07,-2.15105711021124e-16,1.81278603239576e-16,4.33680868994202e-17,-3.22916266338969e-06,-5.08273978461204e-16,-1.19262238973405e-16,2.45724784043917e-16,-4.33680868994202e-16,6.67868538251071e-17,5.9797881140861e-16,2.02795022074452e-16,9.8403085118857e-17,8.9078050491409e-16,-1.61238102528543e-16,1.405037195286e-16,9.0205620750794e-17,-1.66720274525672e-16
"t85",-0.0958112729842293,-0.00261050353599257,0.236253840697856,-0.0179546294434969,-0.012854284999974,0.00723640111390575,0.00149308920906504,-0.0502953879778248,0.101038096833771,0.010696814017191,-6.75300927201237e-06,0.200006977566712,0.00069885320827731,1.51482277117511e-05,-0.000681408191494741,0.000771417934529672,0.000159405823404357,-0.00081855301923105,0.000333053324674493,-1.14080322615606e-06,0.0104459817921827,-7.24382175609209e-08,0.00132268371771277,-0.138802242985655,-0.00853266742641753,0.496407293709323,2.27987754715907e-05,-2.52902003965126e-05,0.000165103893902185,-1.06229002160771e-05,0.000277756143782059,-0.000181033843115248,4.15346659319357e-06,2.22220928249484e-06,-0.000165618161672128,-2.81417847971575e-15,-0.00527947438252035,9.42771635076391e-08,0.000383259866271992,-6.14051325719818e-06,1.6727683797121e-05,0.000495845604455025,0.323400169273613,6.91558276183415e-06,-5.82201069223684e-05,1.92466124957928e-08,2.20021088203114e-05,2.13180494917159e-16,8.42977465221077e-06,-7.87424666778445e-07,-1.1676874206697e-06,-2.41394601312043e-06,4.31663084279694e-08,1.23416463849437e-06,2.33050554827672e-05,-0.000515665820196127,-9.50766217049617e-17,1.75951950951197e-16,-6.14556028310923e-07,2.05951975769047e-16,-2.00778042338429e-16,-9.71445146547012e-17,6.50521303491303e-17,1.26504142828575e-05,-1.01453664602593e-07,4.75677222007655e-16,-3.00559129758345e-16,1.08839182756895e-16,3.06661529887692e-16,-1.75075885037307e-06,4.55824566540685e-06,7.61428183195662e-08,5.16947595841089e-16,-3.64291929955129e-16,-4.57966997657877e-16,-1.5816972794673e-06,8.46545056276682e-16,-7.62844648560801e-16,-1.8267939133509e-15,1.35134958778593e-15,1.71650887947905e-15,0.707106781186547,-1.08495382893636e-15,5.29062233840762e-16,1.27285335049798e-15,4.12031177561611e-16,-2.1646373391392e-16,2.29417179697933e-16,-1.03530774418744e-16
"t86",-0.0958112729842293,-0.00261050353599256,0.236253840697856,-0.0179546294434969,-0.012854284999974,0.00723640111390575,0.00149308920906502,-0.0502953879778248,0.101038096833771,0.010696814017191,-6.75300927199876e-06,0.200006977566712,0.000698853208277297,1.51482277117409e-05,-0.000681408191494707,0.000771417934529699,0.000159405823404389,-0.000818553019231063,0.000333053324674514,-1.14080322614305e-06,0.0104459817921827,-7.24382175466094e-08,0.00132268371771275,-0.138802242985655,-0.00853266742641738,0.496407293709322,2.27987754716254e-05,-2.52902003965213e-05,0.000165103893902147,-1.06229002160649e-05,0.000277756143782094,-0.000181033843115349,4.15346659321612e-06,2.22220928259784e-06,-0.000165618161672139,-2.80411807190612e-15,-0.00527947438252039,9.42771635428164e-08,0.000383259866272115,-6.14051325716373e-06,1.67276837973832e-05,0.000495845604455132,0.323400169273613,6.91558276193303e-06,-5.8220106922293e-05,1.92466125427388e-08,2.2002108820339e-05,3.65442038546675e-16,8.429774652327e-06,-7.87424666964711e-07,-1.16768742071264e-06,-2.41394601297948e-06,4.31663087038912e-08,1.23416463850695e-06,2.33050554827377e-05,-0.000515665820196497,2.0869188069971e-16,-2.12569841426145e-16,-6.14556028134252e-07,-1.66214748559311e-16,1.1833471911426e-16,2.22044604925031e-16,8.93382590128056e-17,1.26504142827256e-05,-1.01453664572019e-07,-4.79651786776853e-16,7.9391769717786e-16,-2.75145712695612e-16,-2.39430840121165e-16,-1.75075884984458e-06,4.55824566558899e-06,7.61428180038465e-08,-5.3776427755281e-16,5.05238212378245e-17,3.75133951679985e-16,-1.58169727878989e-06,-2.07299455379228e-16,4.42354486374086e-16,1.94583410945306e-15,-1.48318857196017e-15,-1.37997252513955e-15,-0.707106781186548,1.03081717072167e-15,-5.23698637525478e-16,-4.06792655116561e-16,-6.45478801517436e-16,4.64479280196351e-17,-3.32633226518553e-16,-2.22048964368384e-16
"t10",-0.0954953092942838,-0.00258075544997272,0.233270024003211,-0.0177205799980504,-0.0126054762219507,0.00708715361775232,0.00144138783653795,-0.0483770101795055,0.0965309023457371,0.0101568803270856,-6.33281227217256e-06,0.186529846279404,0.000648638245965151,1.38738819182642e-05,-0.000616071435019011,0.000680774478577651,0.000132315472435757,-0.000658483972016655,0.000266973437932708,-9.00210606219382e-07,0.00817766194104701,-5.57112848314747e-08,0.000930941828439732,-0.0943936425448803,-0.00548035402678007,0.296402203395115,1.15916173581568e-05,-1.25260648217969e-05,7.67756448618664e-05,-4.4841708712783e-06,8.75645380572789e-05,3.50333309998398e-07,-1.555071901009e-07,-1.55312849068389e-07,2.32249720515875e-05,7.40250687128135e-15,0.00283255702069457,-1.45148481073851e-07,-0.000657989985648048,1.2439818464563e-05,-3.96924469763003e-05,-0.00122274154976954,-0.883960100711311,-7.96843790179703e-05,0.00248940571657423,5.08759840520709e-07,0.000212116631913446,1.06635999555118e-15,3.70160835187925e-05,-3.26359593287888e-06,-4.83213740359271e-06,-9.19796801397655e-06,1.46741160212559e-07,4.08391434025894e-06,6.84271246775418e-05,-0.00140774982670023,-2.95081657645227e-17,6.57009118183968e-17,-1.56564837918513e-06,5.41823962856667e-17,-2.77920681659984e-17,-8.76035355368288e-17,-3.39355279987963e-17,3.04324006099269e-05,-2.3995143841641e-07,1.71585177047108e-16,-2.47202720930648e-16,1.9902487893277e-16,1.87280171851958e-17,-3.86334454449808e-06,1.00043815499008e-05,1.62230471380427e-07,-2.3787395664332e-16,-8.81998467316958e-17,-2.18141477104083e-16,-3.32692716146609e-06,-1.88651178012478e-17,-9.41087485717418e-17,-7.28648947144443e-17,1.04517089427603e-16,-3.65050871475869e-16,-2.2995174668533e-16,1.77021445442702e-17,-3.34478333429753e-17,9.57838409282319e-16,6.17715460470353e-17,-3.99574138680182e-17,-4.06575814682064e-17,-1.04318236430972e-16
"t34",-0.0958724486581328,-0.00261651372687948,0.236860609544447,-0.0180023260084715,-0.0129067078505231,0.0072680582677585,0.00150490114880253,-0.0507419630718906,0.102124269677624,0.0108311030307997,-6.86439352802599e-06,0.203681738262876,0.000712886057605901,1.55294999671003e-05,-0.000702300797207125,0.00080428673103389,0.000173092038649859,-0.000915568246319625,0.000373970184534251,-1.30492422569829e-06,0.0120735543266311,-8.59313150513739e-08,0.00198229240927062,-0.253154977369535,-0.0429287947196691,-0.36660020590828,8.1314875720398e-06,-9.98322585270793e-06,7.56157810315253e-05,-5.45268642740925e-06,0.000160034569712542,-0.000108256776747532,2.4739695142998e-06,1.31801117447686e-06,-9.7150748264694e-05,-2.02188725261051e-16,-0.00282347521190414,3.45283234767997e-08,0.00012823160406011,-1.7117577661499e-06,3.60340682147822e-06,9.83380061347176e-05,0.0482099450422859,-1.04241987336799e-05,0.000433140147835013,1.10009615066932e-07,5.5679263863532e-05,3.8660552280012e-15,1.30946722182738e-05,-1.18931262055462e-06,-1.76236211107831e-06,-3.51085281642769e-06,6.01895240573022e-08,1.70838167867695e-06,3.2689251704944e-05,-0.406968428011195,-0.707106781186545,-1.33950857189274e-14,-6.43975084008424e-07,2.85717993839006e-15,-1.39846867124962e-17,-7.21644966006352e-16,-2.98372437868011e-16,1.37803442258715e-05,-1.1076155375945e-07,8.72634282905888e-16,1.02218926726247e-15,1.1082402230418e-16,1.79202023382844e-16,-1.90394090065799e-06,4.9532303199179e-06,8.23384472773553e-08,2.42861286636753e-16,-1.2641797331181e-16,-5.8113236445223e-17,-1.70637015530981e-06,3.62557206479153e-16,-3.69062419514066e-16,-3.84070590343194e-16,-3.01841884819964e-16,3.72098185597025e-16,-2.93146405273106e-17,2.39881099748631e-17,-3.4353763064401e-18,4.32813507256213e-16,4.38354734257622e-17,-8.23750190870762e-17,-1.28369537222284e-16,1.63029052132405e-16
"t35",-0.0958724486581328,-0.00261651372687947,0.236860609544447,-0.0180023260084715,-0.0129067078505231,0.00726805826775851,0.00150490114880254,-0.0507419630718906,0.102124269677624,0.0108311030307997,-6.86439352799183e-06,0.203681738262876,0.000712886057605868,1.55294999671309e-05,-0.0007023007972071,0.000804286731033967,0.000173092038649905,-0.000915568246319654,0.000373970184534265,-1.30492422569818e-06,0.012073554326631,-8.593131500909e-08,0.00198229240927066,-0.253154977369535,-0.0429287947196691,-0.36660020590828,8.13148757206408e-06,-9.98322585271313e-06,7.56157810312373e-05,-5.45268642738322e-06,0.0001600345697126,-0.00010825677674766,2.47396951396023e-06,1.31801117429753e-06,-9.71507482646558e-05,-1.26853073559481e-16,-0.0028234752119041,3.4528323402498e-08,0.000128231604060112,-1.71175776623097e-06,3.60340682197466e-06,9.83380061345229e-05,0.0482099450422858,-1.04241987340103e-05,0.000433140147835142,1.10009614994345e-07,5.56792638633304e-05,-3.11611190147522e-15,1.30946722188842e-05,-1.18931261980045e-06,-1.76236211142568e-06,-3.5108528168089e-06,6.0189524070961e-08,1.70838167796571e-06,3.26892517054783e-05,-0.406968428011184,0.707106781186551,1.34980624844488e-14,-6.43975083196465e-07,-8.24485651734292e-16,1.6927794921688e-16,1.45716771982052e-16,-1.56125112837913e-17,1.37803442263815e-05,-1.10761553120909e-07,-8.52045607911586e-16,-9.67406356432696e-16,-3.26596853021945e-17,-8.320462671956e-17,-1.903940900398e-06,4.95323031994305e-06,8.23384468957161e-08,1.49186218934005e-16,-1.19912760276897e-16,-1.05818132034585e-16,-1.70637015484186e-06,1.4137996329211e-16,-3.51281503885303e-17,1.23085351771957e-16,-2.0122792321331e-16,1.40512601554121e-16,1.31785023434296e-16,-4.41831862866756e-17,-5.21928895256527e-17,5.72458747072346e-16,-1.36566530807198e-16,9.77618311811219e-18,-3.46944695195361e-17,-4.24448247538033e-16
"t32",-0.0958652049012649,-0.00261583380917106,0.236792442734212,-0.0179969798209499,-0.0129010373015676,0.00726465829239498,0.0015037287042779,-0.0506985054631963,0.102022354989685,0.0108189133199844,-6.85493333683331e-06,0.203378640904922,0.000711757684823007,1.55009185864285e-05,-0.000700837164018392,0.00080225698689347,0.000172477899474317,-0.000911880617056803,0.000372444244787822,-1.2993012709617e-06,0.012020161213539,-8.55300790468831e-08,0.00197080741448029,-0.251589112508674,-0.0426373395430654,-0.363856896875781,8.06024170494149e-06,-9.89395109565576e-06,7.49086999433067e-05,-5.39864435328274e-06,0.000158239093922319,-0.000106687650306676,2.43732015277505e-06,1.2981107019687e-06,-9.5626057595586e-05,-5.47000023408386e-16,-0.00277105735041611,3.37190676394294e-08,0.000125145236899727,-1.66886746849883e-06,3.50963892627071e-06,9.57557381207044e-05,0.0469133491987624,-1.00646464907678e-05,0.000416800744996768,1.0538748428019e-07,5.29594732472742e-05,3.75839544202971e-16,1.20609372855269e-05,-1.08731770617331e-06,-1.61085370880068e-06,-3.16021143961787e-06,5.20095182029928e-08,1.45138378716912e-06,2.18429910902405e-05,0.817771601942838,-6.24662793252955e-15,-9.05582096079542e-17,-8.8838359158243e-07,-2.06614336663182e-15,-2.61493988865227e-16,1.04083408558608e-15,4.96998275867355e-16,1.62960675508007e-05,-1.28075160142605e-07,1.46320203459854e-17,-4.20827314937894e-16,-9.76220291562547e-17,1.77913366358171e-17,-2.08376110092724e-06,5.40570344657399e-06,8.86640345656997e-08,-2.35922392732846e-16,-8.41340885848751e-17,1.68701858038744e-16,-1.82854047781891e-06,4.3454823073219e-16,-4.16333634234434e-17,4.8282818833963e-17,2.51534904016637e-16,-2.53269627492614e-16,-1.19674941536375e-16,-3.20944154915235e-17,2.93872976648433e-17,3.64291929955129e-16,2.13797847079191e-17,-6.97043355713281e-17,-1.81712284108571e-16,-1.96695549110709e-16
"t33",0.0504612509068959,-0.0501728801240141,-0.0147044428118691,-0.0550641984618984,0.475433816949578,0.00963551946077952,0.0186400324426068,-0.0128786438784995,0.0136180286058233,-0.0104124997382383,-0.000281585368978858,0.000674348079508413,-0.0178436631223582,0.00445445395983109,-0.000978406690889863,0.000680832605830213,0.00305837186063292,-0.000415111796280838,0.00438508313250554,-8.14856844234498e-06,0.00163301271916218,-3.26872046785308e-06,0.000824977358554538,-0.000311530126793004,0.000517154198012606,-7.35933385585892e-09,0.000963563727304377,-0.000981747827776588,0.000169806061445378,-0.000307334343247909,0.000191548805979183,-2.42480796003586e-05,4.54526772775184e-05,2.25066297244328e-05,-4.54478009935463e-05,4.48926958580176e-15,-1.91251681008753e-06,-2.06414853766073e-06,-0.000344564733361096,0.000246856350098084,-0.00185103633377482,-0.518868342163497,0.000784998661004629,-0.0001314852549875,4.62251259880394e-05,-0.695727016902561,0.000407863740487869,2.0120047569358e-14,2.25727151407301e-05,-5.96014740859565e-05,-8.82567031182204e-05,-0.000169026127674402,2.72040487944512e-06,2.56025241508924e-06,4.34512982517392e-05,-1.26742213804582e-06,-1.35355670457635e-16,2.78108668050133e-17,-2.96893925466715e-05,8.17552611705327e-16,-5.1144284042365e-17,2.4980018054066e-16,8.32667268468867e-17,1.97586036913e-05,-4.57295966289147e-06,4.65788506496296e-17,-1.87975330190911e-16,4.82540393803111e-17,3.85445878199079e-17,-2.53149246268918e-06,6.55914360884417e-06,1.06687152206381e-07,1.70002900645727e-16,-2.09901540593194e-16,1.25767452008319e-16,-7.15605928870711e-06,-2.08166817117217e-16,-2.20309881449055e-16,-1.39673620463679e-16,1.70002900645727e-16,2.46330733588707e-16,-1.41934499689531e-16,1.13418163301902e-17,-8.20453634250832e-20,4.30211422042248e-16,-8.44099282819534e-18,-1.08598994566495e-17,-1.60461921527855e-17,-2.3337127708804e-16
"t39",0.0505772070283813,-0.050573372165075,-0.0148346334425407,-0.055567528475393,0.481913385672528,0.00977556107661377,0.0190990684713303,-0.0132288037326712,0.014052922461772,-0.0107902295323125,-0.000294276910771034,0.00070737671647714,-0.0187784098417549,0.00472993736379264,-0.00104793082897311,0.000741011405936767,0.00346417751643521,-0.000479685765611953,0.00507863584529558,-9.53124866634003e-06,0.00191965505632748,-3.8852016494683e-06,0.00103490033948285,-0.000398814260601545,0.000684278989313258,-1.01432132845252e-08,0.00144540918436266,-0.00149212408349315,0.000266160769024248,-0.000503993357040076,0.000354655735287314,-7.1842385116868e-05,0.000144187496671813,7.63109434265652e-05,-0.000180958042610771,-4.07794700713163e-15,-0.000191467493925068,3.67639950096473e-06,0.000524426333905481,-0.00030102255822043,0.00185506121067519,0.496708944382247,-0.000667038082480947,3.06744063066034e-05,-5.56294120518646e-06,-0.0112270785204172,3.46248164133639e-05,5.25794240227918e-15,5.85409842673726e-06,-1.65176522989308e-05,-2.45022176428317e-05,-5.14650629823907e-05,9.36993538199512e-07,9.07253102902864e-07,1.74138110303028e-05,-5.46197591696129e-07,-1.61466821182848e-15,-2.60405118801635e-15,-1.36866532409205e-05,-0.707106781186548,8.72046432970213e-13,1.73472347597681e-15,4.09394740330526e-16,9.62140159978253e-06,-2.26277611082345e-06,-3.13032123037535e-16,-1.82578421391202e-16,-5.81240311142758e-17,4.4816977334792e-17,-1.33616483937306e-06,3.4792625625826e-06,5.81488943281194e-08,-6.80011602582908e-16,-3.68628738645072e-16,-3.05311331771918e-16,-3.94616753571567e-06,6.07153216591882e-17,-3.48679418671338e-16,1.39227341971663e-16,1.11022302462516e-16,4.33680868994202e-17,1.17781693649022e-17,-6.03344805527437e-17,-7.59991729625468e-17,7.51135265097957e-16,-1.3716147677366e-16,-6.73338261702148e-17,-1.85615411929518e-16,-3.52322117696507e-16
"t40",0.0505772070283813,-0.050573372165075,-0.0148346334425407,-0.055567528475393,0.481913385672528,0.00977556107661377,0.0190990684713303,-0.0132288037326711,0.014052922461772,-0.0107902295323125,-0.000294276910771032,0.000707376716477125,-0.0187784098417549,0.00472993736379265,-0.00104793082897311,0.000741011405936754,0.00346417751643519,-0.000479685765611934,0.00507863584529565,-9.53124866636887e-06,0.00191965505632748,-3.88520164948131e-06,0.00103490033948281,-0.000398814260601496,0.000684278989313281,-1.01432133276129e-08,0.00144540918436262,-0.00149212408349313,0.0002661607690242,-0.00050399335704001,0.000354655735287388,-7.18423851168368e-05,0.000144187496671771,7.63109434265955e-05,-0.000180958042610892,-4.09741780360722e-15,-0.000191467493925054,3.67639950097952e-06,0.000524426333905533,-0.000301022558220449,0.00185506121067542,0.496708944382248,-0.000667038082480967,3.06744063066598e-05,-5.5629412053209e-06,-0.0112270785204159,3.46248164133001e-05,5.12481372051755e-15,5.85409842708421e-06,-1.65176522986111e-05,-2.45022176425906e-05,-5.14650629829232e-05,9.36993537937252e-07,9.07253101903663e-07,1.74138110311146e-05,-5.46197587955469e-07,1.64240810821468e-15,2.61264357428873e-15,-1.3686653247104e-05,0.707106781186547,-8.72084113350913e-13,-1.87350135405495e-15,-4.68375338513738e-16,9.62140159899844e-06,-2.26277610548126e-06,3.66864887917045e-16,1.13262466565805e-16,1.8513483643798e-17,6.52235979331545e-17,-1.33616484017775e-06,3.47926256252795e-06,5.81488944356723e-08,4.85722573273506e-16,2.48499137933678e-16,1.196959198424e-16,-3.94616753601144e-06,-8.67361737988404e-17,-1.00613961606655e-16,-1.4514390911865e-16,-2.28983498828939e-16,3.46944695195361e-17,7.32962656468586e-17,2.12308744765052e-17,3.64789466907426e-17,2.37657116208823e-16,3.17705832618144e-18,-1.00955740717714e-16,-5.20417042793042e-18,9.17902598130528e-17
"t11",0.0504655101097691,-0.0501875848270205,-0.014709222679227,-0.0550826775403064,0.475671631896071,0.00964065898813993,0.0186568675196694,-0.0128914837289344,0.0136339704822273,-0.0104263421805429,-0.000282050201256602,0.000675557459974974,-0.0178778824374175,0.00446453283896459,-0.000980948850390114,0.00068303072920677,0.00307315664942374,-0.000417461496204301,0.00441031642784739,-8.19884342700115e-06,0.00164343201386474,-3.29111421148445e-06,0.0008325786658556,-0.000314687036070417,0.000523187724735205,-7.45961744018341e-09,0.000980846883791027,-0.00100004272530758,0.000173254935016021,-0.000314358906520462,0.000197344998620835,-2.59139025743094e-05,4.89025989892523e-05,2.43837187618621e-05,-5.01596038706264e-05,3.63491458585605e-15,-8.38118389585862e-06,-1.87716583474322e-06,-0.000316488413990478,0.000229402083622015,-0.0017348036335325,-0.48715021165714,0.000740188474634093,-0.000127995612037982,4.58437012521825e-05,0.718130784217907,0.00038546078207568,1.95250611811909e-14,2.18411780036308e-05,-5.77413044782825e-05,-8.55050203401467e-05,-0.000164040567769985,2.6464025228742e-06,2.49198658753506e-06,4.23967187711365e-05,-1.2385206303879e-06,5.85744205907539e-17,-7.70840322774694e-17,-2.9054100273088e-05,-2.91083651534303e-16,-5.05435725777576e-17,-4.16333634234434e-17,2.77555756156289e-17,1.93590787306054e-05,-4.4820992065136e-06,3.75711567226877e-17,6.3762012338409e-17,8.18064934599371e-17,-4.48971138704696e-17,-2.48485707236704e-06,6.43905525699821e-06,1.04800729754106e-07,1.94289029309402e-16,-5.76795555762288e-17,-3.20923843055709e-17,-7.03147966243847e-06,3.43475248243408e-16,-1.95156391047391e-16,1.40824948127646e-17,-1.38777878078145e-17,-7.80625564189563e-17,-1.24691011914726e-16,-1.77959957662107e-17,4.96552224915868e-18,6.34041430469523e-16,1.67324205588047e-17,-1.31393498233987e-18,2.51534904016637e-17,-1.05755489099147e-16
"t44",0.123732465985764,-0.00741403664096427,-0.0164485574208772,-0.183078821372875,-0.068933752013324,-0.000925873552831217,0.172378621473777,4.03403206473196e-05,0.0015282563045623,-0.00174198423537145,-0.32420574087656,0.000326878020301842,-0.0599190312034967,-0.000598647255913666,-8.10273053456822e-05,0.000108687214310125,0.00646396632669271,-0.000993539444902342,0.0687510620114154,3.10185029511307e-05,-0.000475666874839378,2.16181022526869e-06,7.52385180584831e-05,-3.78327422273748e-05,8.60173637493317e-05,-1.72622958649078e-09,0.039397755465541,0.00298767640299698,5.48360293927026e-05,-0.169224462658023,-3.1855694087861e-05,-1.83892964945864e-07,8.6729521345111e-05,-0.0003119887660427,-1.14648190148101e-06,2.21792068937324e-15,-9.92138869254644e-08,-1.92949214037879e-05,-2.623933892551e-05,0.000114960085523436,-0.87268810316085,0.00327668061320736,4.03605901699367e-05,-1.05321398910958e-05,3.87649961725457e-06,7.22832916249356e-07,3.59115773397807e-05,9.86791246861535e-15,2.16643592928622e-06,-3.1739761282261e-05,-0.000160658093732072,-8.7319889523014e-05,5.07177994364543e-06,2.5739266747149e-07,4.48707504329716e-06,-1.33297244251572e-07,2.5746854913621e-16,-5.14241189673069e-17,-1.66814825214777e-05,2.40854008511273e-17,1.08005709799988e-16,-2.08166817117217e-17,1.83013326715553e-16,2.15455780428961e-06,-2.62273075122139e-06,5.34612608503439e-16,2.00264894399682e-18,-3.2176120497658e-17,-1.17292561979976e-16,-2.84080386637802e-07,7.374716977206e-07,1.21260226911696e-08,1.87350135405495e-16,7.37257477290143e-18,-6.0281640790194e-17,-8.17312682619992e-07,1.11022302462516e-16,-2.05131051034257e-16,-8.27220128959829e-17,-5.55111512312578e-17,9.80118763926896e-17,-8.54118093630299e-17,4.26722646631216e-17,1.28492329152121e-17,5.94142790522056e-16,9.17780496415129e-17,-1.7124246052354e-16,1.20129600711394e-16,-1.64985379769364e-16
"t54",0.124090447687241,-0.00748872635272302,-0.0166324227365723,-0.185191896920061,-0.0701222663053762,-0.000942903617727708,0.177774019019064,4.17358802897381e-05,0.00159047990887329,-0.0018227011006649,-0.342940667083341,0.000347439135666868,-0.0639560842144753,-0.00064645855948635,-8.84924157122985e-05,0.000121237199234005,0.00760649599295083,-0.00120153864835352,0.0834022884877232,3.81472426541886e-05,-0.000589051875767416,2.71879686790041e-06,0.000102203421210971,-5.29451023930858e-05,0.000126476901762598,-2.70284679340596e-09,0.0707726105603809,0.00548748394122481,0.000106231393598773,-0.355529646901666,-8.49902612418939e-05,-2.77716223702484e-06,0.00280920975631191,0.198264957381189,1.58390020346746e-05,-6.11068547862903e-15,2.0501026340089e-07,1.18243574561783e-05,1.41661143147533e-05,-5.10754020361735e-05,0.320719371920858,-0.00114908699145525,-1.24681852445925e-05,2.26549800755142e-07,1.63801037128628e-07,7.46702544193213e-08,6.04924544314432e-06,3.13226711987703e-15,6.27133760490537e-07,-9.6035707338642e-06,-4.86689007235708e-05,-2.82037590382286e-05,1.7928167221221e-06,9.29682225370154e-08,1.7852959674821e-06,-5.62987926717171e-08,-1.03894188043055e-15,-6.6891380187787e-17,-7.46032736182291e-06,3.00095811364129e-16,-2.35680238423318e-16,-4.87804241444678e-15,-2.41473507855972e-15,1.01074330507989e-06,-1.24798891058207e-06,-0.707106781186547,1.08739880612441e-15,1.83743988714127e-16,6.07973730182335e-16,-1.4329245579816e-07,3.73685454078173e-07,6.30050246870628e-09,1.21430643318376e-16,-1.4506625067856e-16,-3.89445420356793e-16,-4.29313373949327e-07,4.82253126321552e-16,-5.07406616723216e-17,1.66631046180998e-16,-1.38777878078145e-16,6.956241138667e-16,1.31589632432432e-16,1.83006050802195e-18,1.60187754898304e-17,2.35055030994857e-16,9.38391157737812e-18,5.44058019062469e-17,-2.40692882291782e-16,1.55056034825145e-16
"t75",0.124090447687241,-0.00748872635272302,-0.0166324227365723,-0.185191896920061,-0.0701222663053762,-0.000942903617727704,0.177774019019064,4.17358802897332e-05,0.00159047990887327,-0.00182270110066489,-0.342940667083341,0.000347439135666824,-0.0639560842144753,-0.000646458559486278,-8.84924157122958e-05,0.000121237199233988,0.0076064959929508,-0.00120153864835346,0.0834022884877232,3.81472426542456e-05,-0.000589051875767403,2.71879686791407e-06,0.000102203421210964,-5.29451023930788e-05,0.000126476901762551,-2.70284678276511e-09,0.0707726105603808,0.00548748394122481,0.000106231393598871,-0.355529646901666,-8.49902612419589e-05,-2.7771622370075e-06,0.00280920975631179,0.198264957381189,1.58390020347857e-05,-6.30359289079966e-15,2.05010263501504e-07,1.18243574564857e-05,1.41661143146614e-05,-5.1075402036267e-05,0.320719371920858,-0.00114908699145522,-1.24681852445279e-05,2.26549800556516e-07,1.63801037066178e-07,7.4670254435747e-08,6.0492454432249e-06,2.84051224604052e-15,6.27133760655769e-07,-9.60357073421679e-06,-4.86689007232494e-05,-2.82037590382421e-05,1.79281672236558e-06,9.29682219099129e-08,1.78529596757578e-06,-5.62987925483891e-08,7.81433989050203e-16,1.40911269273352e-16,-7.46032736154628e-06,-3.57361226451934e-16,-5.25888819353516e-18,4.8988590961585e-15,2.43728648374741e-15,1.01074330391415e-06,-1.24798891113474e-06,0.707106781186547,-1.18057677250061e-15,-2.32288182052128e-16,-5.24390367726084e-16,-1.43292455649679e-07,3.73685454828441e-07,6.30050238370483e-09,-4.16333634234434e-17,-4.73362668507171e-16,1.44849410244063e-16,-4.29313374957635e-07,4.77048955893622e-17,-3.62123525610158e-16,-4.79099444690036e-16,1.59594559789866e-16,-1.78676518025611e-16,-1.63028757099365e-16,-2.32963253727731e-17,-7.99708097572439e-17,7.43329009456062e-16,-1.44355958970207e-16,-1.19283387174195e-16,-1.91686944095437e-16,-4.99659775853777e-16
"t18",0.123201731969146,-0.00730280438540754,-0.016174546050081,-0.179929027513206,-0.0671558551667933,-0.000900380174695199,0.164237872637423,3.82304493776741e-05,0.00143383650741277,-0.00161909015649059,-0.295487423553208,0.000295265914830633,-0.0536960083557129,-0.000524415412579362,-6.9356086021264e-05,8.88103430304946e-05,0.0045948967411501,-0.000647678871844073,0.044344181712844,1.90464480833299e-05,-0.00028446794719094,1.21401467913023e-06,2.72657716310942e-05,-1.04896658327473e-05,1.07686546536889e-05,1.53409207285575e-10,-0.0254789707635627,-0.00223958034123918,-5.55086322359954e-05,0.246630126426254,9.99593187669701e-05,9.63292215960115e-06,-0.0108881587517441,-0.851669245441095,-8.57374299924937e-05,2.169456885259e-14,-3.40460014026951e-05,3.65947290032702e-05,3.39786759670606e-05,-7.32425787765706e-05,0.174375906645974,-0.000372214833618483,3.50296511447874e-06,-1.08416532901422e-05,4.47821474732261e-06,9.05662743368532e-07,4.79354497191353e-05,1.45956775420407e-14,3.10284224876829e-06,-4.56697096799839e-05,-0.000231195643454389,-0.000126424283978157,7.39500380516778e-06,3.7581339501231e-07,6.58052957756578e-06,-1.95694820366885e-07,-1.49053695420873e-17,2.38045051874294e-17,-2.44801457319247e-05,1.96798512446829e-17,-8.98498726794133e-17,-9.36750677027476e-17,5.20417042793042e-17,3.15686115904927e-06,-3.84012336667998e-06,9.7345336874589e-17,-3.47881660066491e-17,-2.59721495501114e-17,5.95436657947564e-17,-4.14221973151868e-07,1.07487345223437e-06,1.76291020219377e-08,-2.09901540593194e-16,1.36501053515925e-16,-1.07119174641568e-16,-1.18675988668984e-06,1.3834419720915e-16,-3.02058725254462e-16,4.86953611029713e-17,-5.89805981832114e-17,3.04877650902924e-16,9.05194363736102e-17,-1.84876155040171e-17,2.56851517207282e-17,4.38885039422132e-16,-4.47882985312151e-17,-9.07679952098252e-17,-7.45931094670027e-17,-1.2910191412389e-16
"t12",0.122643147631929,-0.00718565627719343,-0.0158859310230904,-0.176611247204682,-0.0652821021934775,-0.000873509261780644,0.155646022213387,3.60028984421364e-05,0.00133408558736845,-0.00148917814860701,-0.265090349885558,0.000261786298046913,-0.0471019290279456,-0.000445640267920637,-5.6951790941588e-05,6.76212415482455e-05,0.00258504082028569,-0.000273886868582406,0.0179504483275895,6.06475428940862e-06,-7.68525198247508e-05,1.81504141519469e-07,-2.59531659568445e-05,2.00855076711044e-05,-7.45909246584529e-05,2.3295376129743e-09,-0.104704082866122,-0.00868577796435991,-0.000195016970978498,0.794852075784671,0.000302555375350953,-3.85211498047568e-05,0.015423627213924,0.442393614921314,-2.5844325711984e-05,-1.1539104747524e-14,-3.72902702913021e-05,4.18816169342093e-05,3.74276180441779e-05,-6.95726840161112e-05,0.0475451754633649,0.000178828202590133,1.24572640381017e-05,-1.59170654366755e-05,6.47507235313101e-06,1.29522072846249e-06,6.78957745313704e-05,2.04125153753597e-14,4.32480234449997e-06,-6.35434800740884e-05,-0.00032166300753108,-0.000175412677542564,1.02163414306795e-05,5.18610592744034e-07,9.03040976220348e-06,-2.67486565977345e-07,-7.38502506113705e-17,5.8837608634634e-19,-3.3318131262527e-05,6.45532149058164e-18,-2.71849351032653e-17,1.04083408558608e-16,-5.11743425413158e-17,4.27945159020907e-06,-5.19906656039229e-06,-2.07272069260863e-17,-1.0269308666919e-16,1.73705582272127e-16,1.71194238681075e-17,-5.5762871271572e-07,1.4463103271611e-06,2.36562920138267e-08,-6.93889390390723e-17,-4.33680868994202e-19,1.99493199737333e-17,-1.59052289407189e-06,4.5102810375397e-17,-2.09034178855205e-16,3.08117344024695e-16,-1.73472347597681e-18,2.42861286636753e-16,-1.80763697242928e-16,-2.16064236644299e-17,8.1867816930891e-19,6.57026516526216e-16,-6.87101841616849e-17,1.41195778292106e-17,-1.12757025938492e-16,-1.23974276259194e-16
"t7",0.122203567794441,-0.00709118587985515,-0.0156522027020291,-0.173920597635838,-0.0637246301413064,-0.000851048398829116,0.147813843608771,3.39027647292392e-05,0.0012313406537358,-0.0013350818614585,0.245904083120372,0.000276601391193268,-0.046270305287619,-0.000407699635281384,-4.97153105206877e-05,5.34528244439393e-05,0.00102902520775673,3.19827578558638e-05,-0.00378019534329366,-4.9167366740939e-06,0.000101207772895325,-7.31978176445568e-07,-8.19316659043774e-05,5.491789234216e-05,-0.000188423043135617,6.13306317422791e-09,-0.832109027687031,-0.293983400066275,0.000503671189449745,-0.144248187545754,0.000207921692564424,-4.68451708981049e-05,0.235005401681732,8.95485032941052e-05,-3.77947245983057e-05,-6.86079598552567e-15,-4.0447910781588e-05,0.000737092068701984,3.94645579926273e-05,-6.96585280539147e-05,0.00209353763055095,0.000384266973663968,1.59952960111284e-05,-1.81555006372909e-05,7.36834500064676e-06,1.4719525659511e-06,7.70976199897844e-05,2.29878061532136e-14,4.90756598582956e-06,-7.21022841173608e-05,-0.00036498796121439,-0.000199023457619081,1.15899310316527e-05,5.88315504118642e-07,1.02419088414685e-05,-3.03312907376767e-07,8.84240525143908e-18,3.89786863793067e-17,-3.77711748434728e-05,3.97848735954907e-17,1.32122007657193e-17,0,9.0205620750794e-17,4.85006833185475e-06,-5.89173245320665e-06,-5.7178362271552e-17,-5.11226093924212e-17,-3.93754977486236e-17,1.89486666791459e-17,-6.31613769055614e-07,1.6381302565989e-06,2.6786558249281e-08,-1.38777878078145e-17,-3.29597460435593e-17,-1.17961196366423e-16,-1.80075345394826e-06,1.45716771982052e-16,-7.28583859910259e-17,-4.01795574492954e-17,2.77555756156289e-17,7.97972798949331e-17,-2.37628443576063e-16,-4.35452753167014e-18,-3.80700627272975e-18,8.6389229103645e-16,1.67085933926596e-16,2.91236899740186e-16,1.00613961606655e-16,-1.24434078002085e-16
"t5",0.123435596271633,-0.00734957983988418,-0.0162887740653551,-0.181238187551211,-0.0678550862435074,-0.000910271300594523,0.166657057054273,3.8774636662652e-05,0.00144757058668165,-0.00161160798726987,0.314499593271575,0.000363690586744993,-0.0623951183299607,-0.000593364529736943,-7.87416439737671e-05,0.000103025997552572,0.00581255790917573,-0.00086916357185847,0.0599522666215137,2.66631060387492e-05,-0.000405857051588152,1.81361543045245e-06,5.75290271787674e-05,-2.78022433368129e-05,5.89474057913976e-05,-1.08105706740336e-09,0.0326932346796165,0.00798224803215964,-2.24722337979072e-06,-0.00248637685796374,6.10325209338949e-06,4.63380378475219e-05,-0.584248328418007,0.0109708470894572,-6.2063774515517e-05,1.72570981731751e-14,-2.42360705486264e-05,-0.67754146451066,2.14339207749653e-05,-3.59550404112618e-05,0.00106357492328619,0.000194722048858781,8.06164376560546e-06,-9.00492331617e-06,3.65694833816201e-06,7.32155295553969e-07,3.85145135521666e-05,1.17580572882552e-14,2.4874366295613e-06,-3.6624910058613e-05,-0.000185409914938216,-0.000101465017605088,5.94482223991334e-06,3.0226845794748e-07,5.30820790618607e-06,-1.58238969656449e-07,-7.44742537979194e-17,2.00723517011242e-17,-1.98508683817655e-05,-8.63453517541868e-17,-1.19638772302864e-16,-3.12250225675825e-17,1.63931368479808e-16,2.5671308733783e-06,-3.12565737611869e-06,1.83389333327225e-16,-3.25952523320991e-17,8.59166548091906e-17,4.73243350435421e-17,-3.38604501659947e-07,8.78977276099185e-07,1.44470158839477e-08,-7.45931094670027e-17,-4.57099635919889e-16,-1.15359111152458e-16,-9.73501957933802e-07,3.90312782094782e-16,-3.16153353496773e-16,-9.10050607628553e-17,2.94902990916057e-17,4.74880551548651e-16,7.5746753485953e-17,3.43407681769333e-17,-1.40056883952839e-17,3.67761376907083e-16,-6.14570116341251e-17,2.63599853204398e-16,2.32019264911898e-17,-1.4916274540098e-16
"t4",0.123487644890234,-0.00736044813338342,-0.0163155307503864,-0.181545695602624,-0.0680280554935929,-0.000912749599245509,0.167439362698697,3.89764906165718e-05,0.00145649584867174,-0.00162298261488093,0.317301331832352,0.00036723646116112,-0.0630498326137816,-0.00060084494432038,-7.99022356428354e-05,0.000104979508661208,0.00599393230448519,-0.000902630905457686,0.062313535259884,2.78206739988072e-05,-0.000424341883293825,1.90526795033338e-06,6.22294363856706e-05,-3.05147034684872e-05,6.66763164305707e-05,-1.29187147169586e-09,0.0539552545730662,0.015171579778147,-1.33322935832641e-05,0.000198192114681737,4.16750942059069e-06,3.98970905747288e-05,-0.506568035852816,0.00956565835705607,-5.46698405165386e-05,1.55700238205667e-14,-2.21098606570953e-05,0.734350239861486,1.6587828180134e-05,-3.08553311121931e-05,0.000936656286407467,0.00017213991333027,7.18303156982078e-06,-8.26385365167116e-06,3.37096907933212e-06,6.77640927571209e-07,3.57971986183262e-05,1.11711121028176e-14,2.33001005408239e-06,-3.43362844843988e-05,-0.000173828097565479,-9.52522536427482e-05,5.59212729259922e-06,2.84482294463182e-07,5.00831492683106e-06,-1.49552152660062e-07,-7.53958487166909e-17,1.90028291129503e-18,-1.87939819885697e-05,-2.53834286140091e-17,3.79091701406809e-17,-7.63278329429795e-17,-1.37476835471162e-16,2.43426837592126e-06,-2.96533078769103e-06,-7.3314094508406e-17,-6.42464957482709e-17,9.94705956187122e-17,3.63607382452905e-17,-3.21911717347356e-07,8.3578819512313e-07,1.37504239166794e-08,-2.77555756156289e-17,2.70942122904128e-16,-7.15573433840433e-17,-9.2696141112676e-07,4.18502038579405e-16,-3.47161535629859e-16,-6.00598160744582e-17,-8.06646416329215e-17,2.0122792321331e-16,5.07043829005151e-18,-7.64417172597668e-18,-4.61438723458936e-17,6.28403579172598e-16,-1.80254406747339e-16,3.95203583966524e-16,-2.81892564846231e-17,-1.3397632179114e-16
"t95",0.124052779946761,-0.00747850161011834,-0.0166061848221315,-0.184886179459274,-0.0699076272450999,-0.000939681763439665,0.175946839813835,4.11720194836018e-05,0.00155360634251917,-0.00174678045706443,0.347813084139475,0.000405862442916099,-0.0701834442830085,-0.000682402440720924,-9.25638573220219e-05,0.000126316464252041,0.00798077056109537,-0.00126978606375154,0.0882222833480303,4.05313010162704e-05,-0.000627389167813832,2.9128592792518e-06,0.000114113998291047,-6.05018573129681e-05,0.000152337909350346,-3.6357417100222e-09,0.291915356067641,0.0957160492039419,-0.00013782420745858,0.0304556476706439,-1.78626874208936e-05,-3.62089792563872e-05,0.416168455035944,-0.00721112438997465,3.46659220863341e-05,-1.26645222944664e-14,6.38647250224972e-06,-0.0288681413517155,-3.24867939546086e-07,-2.45943302837977e-07,2.96370684866385e-05,6.3733188096775e-06,3.6426905982833e-07,-1.31749785403819e-06,6.32523057902956e-07,1.46588708454132e-07,8.91054980214439e-06,3.42141411382615e-15,7.35476949562715e-07,-1.11046801948198e-05,-5.62552412251898e-05,-3.197906829703e-05,1.9833108013318e-06,1.02284960220439e-07,1.92027987770335e-06,-5.9809536341127e-08,-9.59577453135206e-17,1.10912916492768e-16,-7.84061432382223e-06,3.00147723093021e-16,1.31509454394947e-16,-1.94289029309402e-16,1.49186218934005e-16,1.05360241695052e-06,-1.29792678171272e-06,-1.12785539382195e-16,1.10549678709753e-16,-6.86162827996577e-17,1.82434221202488e-16,-1.4772912093554e-07,3.8500983950019e-07,6.46941229753839e-09,2.22044604925031e-16,4.9439619065339e-17,6.59194920871187e-17,-4.40199681975804e-07,-1.80411241501588e-16,4.0766001685455e-17,-8.27077297992394e-18,-4.85722573273506e-17,1.26634813746307e-16,7.21148390921136e-18,1.40018796666365e-16,-9.98828364120435e-18,2.08166817117217e-16,1.11502145329357e-15,-0.707106781186549,-5.23019128007007e-16,2.57300940025507e-16
"t96",0.124052779946761,-0.00747850161011835,-0.0166061848221315,-0.184886179459274,-0.0699076272451,-0.000939681763439649,0.175946839813835,4.11720194836035e-05,0.00155360634251916,-0.00174678045706444,0.347813084139475,0.000405862442916106,-0.0701834442830085,-0.000682402440720882,-9.25638573220155e-05,0.00012631646425206,0.00798077056109537,-0.00126978606375152,0.0882222833480304,4.05313010162689e-05,-0.000627389167813841,2.91285927925353e-06,0.000114113998291059,-6.0501857312989e-05,0.00015233790935032,-3.63574169284776e-09,0.291915356067641,0.0957160492039421,-0.000137824207458566,0.030455647670644,-1.78626874208741e-05,-3.62089792564357e-05,0.416168455035944,-0.00721112438997471,3.46659220864243e-05,-1.28345251959655e-14,6.3864725022636e-06,-0.0288681413517157,-3.24867939660578e-07,-2.45943302880206e-07,2.96370684868368e-05,6.3733188097239e-06,3.64269059859555e-07,-1.31749785413707e-06,6.32523057955865e-07,1.46588708432014e-07,8.91054980209858e-06,3.42709835591356e-15,7.35476949355416e-07,-1.11046801947955e-05,-5.62552412251612e-05,-3.19790682970934e-05,1.98331080144132e-06,1.02284960166663e-07,1.92027987765825e-06,-5.9809536315323e-08,9.31271128730343e-17,-1.96893946772529e-16,-7.84061432393597e-06,-2.16366192584443e-16,-2.25366225877371e-16,1.66533453693773e-16,7.28583859910259e-17,1.05360241688113e-06,-1.29792678166057e-06,2.23750813622073e-16,-1.23854836670499e-16,1.72525260375678e-17,-1.28334969195965e-16,-1.47729121030733e-07,3.85009839541824e-07,6.46941197834927e-09,-9.71445146547012e-17,-4.05057931640584e-16,-1.64798730217797e-16,-4.40199682097235e-07,4.02455846426619e-16,-5.67254576644416e-16,4.03014922433563e-17,1.38777878078145e-17,1.64798730217797e-16,-7.25857939050727e-17,-1.73315630535761e-16,2.18737077217563e-17,5.86336534880161e-16,-1.23249308761189e-15,0.707106781186547,7.11236625150491e-17,-5.76667371011769e-16
"t6",0.116214217620948,-0.00581049792704802,-0.0124875303299598,-0.13750507779517,-0.0428374068419929,-0.000550573133768181,0.0484210932159786,7.93104955398247e-06,5.43061080794278e-05,0.000203191494642102,0.00225231349047349,-0.000217570832444773,0.047716596307356,0.000734483251300916,0.000138241905025311,-0.000303544351890512,-0.0494060050976001,0.013063402308117,-0.968237056283747,-0.000610910161438941,0.011424916843076,-9.24645164286432e-05,0.00181199412543437,-0.000624031742253584,0.000954493881027193,-1.32937611361039e-08,0.0875400973820806,-0.0138801774721221,0.000158873876047082,-0.0409294418507549,0.000240315442907561,-4.32247357138715e-05,0.00657096072994506,0.00338948010818583,-9.87729333253255e-05,-3.61987082501352e-16,-8.38248812842883e-05,4.94580079808357e-05,8.27939289791205e-05,-0.000146442042323065,0.00235426479331354,0.00082000964254018,3.39650707723716e-05,-3.90477226273681e-05,1.59106175271696e-05,3.19139959177807e-06,0.000167930174517884,5.07883466726456e-14,1.07867389249039e-05,-0.000158637896293689,-0.000803060867755149,-0.000438568776471011,2.55985161162006e-05,1.30015240339511e-06,2.26950247447025e-05,-6.73264359115489e-07,-7.68716170503021e-18,-2.36076871944634e-17,-8.39793083599218e-05,5.79853776513915e-17,-3.08794811457579e-17,6.93889390390723e-18,-1.04950770296597e-16,1.07980930372821e-05,-1.31223722603963e-05,1.72364422045019e-17,-5.84208658057123e-17,2.16826169055064e-17,-3.27839980762189e-19,-1.40889869326835e-06,3.65447096793009e-06,5.97921509092741e-08,-6.24500451351651e-17,-1.11672823766007e-16,-6.28837260041593e-17,-4.02052636931487e-06,4.33680868994202e-16,-7.80625564189563e-17,-3.6656206832755e-17,-6.41847686111419e-17,1.92554305833426e-16,-4.5393180725143e-17,1.31215416855002e-17,2.87642044431432e-17,6.10622663543836e-16,-3.2177352855533e-17,-6.27719522913219e-17,-1.46150452851046e-16,-1.59956325064427e-16
"t27",0.119530680765323,-0.00629565311711769,-0.0135721000321744,-0.149524999512035,-0.0441846005270556,-0.000547126179098421,-0.387004901319967,-0.0062481544058952,0.00499212134956814,-0.00398561643023969,-0.00218152601637512,0.000604023641716207,-0.103020104276232,-0.000932530730943065,-0.00011878798911085,0.000145437160575541,0.00617276306909025,-0.000535989574593479,0.0321769018301833,1.07520536322264e-06,0.000144129093604335,-3.86023041163829e-06,0.000280419225282943,-0.000120736079741989,0.000250088920654986,-5.00385971304597e-09,0.062966128121333,-0.175234552020315,-0.000293544505910577,0.00507235213082598,-3.72306615379979e-05,-1.31223239554362e-06,6.65312624259728e-05,3.98078160431987e-05,-5.41922770517893e-06,-2.17768942085343e-16,-7.42239757913279e-06,1.63381406543515e-06,9.67880668098497e-06,-1.7500600232182e-05,8.35488031033409e-05,0.000101115674880211,4.20621616284032e-06,-5.01964463224926e-06,2.01696078246019e-06,3.87638982354382e-07,1.77727172080709e-05,-1.75844092415356e-14,-5.06216299029261e-06,0.00357284007265591,0.314419186588021,-0.000266667566462953,-0.809290708341597,5.6006286260242e-07,7.05416148039963e-06,-1.96019583260411e-07,1.78019004320371e-17,-2.7484758211216e-16,-2.35735277896595e-05,-1.40519056153426e-16,2.70850837940343e-16,-6.24500451351651e-17,1.196959198424e-16,2.97772274766503e-06,-3.60598866001058e-06,2.29164555226118e-16,-2.04098505643403e-16,5.31029051732397e-17,8.12812055017378e-17,-3.84358243669838e-07,9.96842047470883e-07,1.63156361580874e-08,1.97758476261356e-16,-5.20417042793042e-18,-5.3776427755281e-17,-1.09785739096533e-06,7.9884016068732e-16,-1.83447007584547e-16,1.08246575844441e-16,-5.55111512312578e-17,5.42101086242752e-16,-2.15647658574789e-16,2.05808850724189e-18,6.02783226676027e-18,5.48172618408671e-16,-9.76785159775816e-17,4.36746939167119e-17,5.55111512312578e-17,-7.97805049737652e-17
"t36",0.119612798950596,-0.00631057028842226,-0.0136077307961526,-0.149930123844477,-0.0443620957967592,-0.000549467390397424,-0.389776151627755,-0.00629739729605723,0.00503806608676765,-0.00402706565006341,-0.00220941693122902,0.000612376444059919,-0.104537659205505,-0.000948567946609089,-0.000121110100211466,0.000148903901198448,0.00638303970340817,-0.000556877832716903,0.0334483699627147,1.12024009326375e-06,0.000150336090687029,-4.03646727443005e-06,0.000296603391886006,-0.00012822424366612,0.00026728863920482,-5.38769189603244e-09,0.0687484868633346,-0.1917111718946,-0.000322615607542836,0.00561013204149873,-4.18063447995335e-05,-1.53392840290811e-06,7.80914118515448e-05,4.68973730386954e-05,-6.4343631454673e-06,2.20078320366318e-16,-9.16741034625093e-06,2.1747179784751e-06,1.30194159175517e-05,-2.39417304311194e-05,0.000116262673089427,0.000141309174820699,5.94675540262408e-06,-8.33321397920037e-06,3.64163313672531e-06,7.98596931519719e-07,4.85883414072236e-05,5.01689301933754e-14,1.28517354323804e-05,-0.00550816607364367,-0.478431253755059,0.000197199921917331,0.123976902946437,-3.23408131403663e-08,1.8113257717299e-06,-7.65496326561512e-08,1.34059186518311e-14,-0.707106781186548,-1.15917060159983e-05,2.06060529967147e-15,-1.68230577743264e-16,7.56339435525888e-16,4.64038529823796e-16,1.67196514944297e-06,-2.09196055440562e-06,2.57250400356559e-16,-3.34617945889606e-16,3.54549630772297e-17,-1.07170101001172e-16,-2.49170018807969e-07,6.51035835099595e-07,1.1070375338651e-08,-7.80625564189563e-17,-3.94649590784724e-17,1.64798730217797e-17,-7.5639828105243e-07,2.19442519711066e-16,6.15826833971767e-17,-8.51380124401038e-17,3.10515502199848e-16,3.20923843055709e-16,1.28049735911974e-16,-6.73852503789898e-17,-4.75308965556357e-19,5.03937169771262e-16,1.00899469157457e-17,-2.46539057015004e-16,-2.42861286636753e-16,-1.26362992648453e-17
"t37",0.119612798950596,-0.00631057028842226,-0.0136077307961526,-0.149930123844477,-0.0443620957967591,-0.000549467390397421,-0.389776151627755,-0.00629739729605725,0.00503806608676766,-0.0040270656500634,-0.00220941693122898,0.000612376444059895,-0.104537659205505,-0.000948567946609089,-0.000121110100211488,0.000148903901198512,0.00638303970340812,-0.00055687783271685,0.0334483699627147,1.12024009323329e-06,0.000150336090686939,-4.036467274425e-06,0.000296603391886042,-0.000128224243666058,0.0002672886392049,-5.3876919063637e-09,0.0687484868633346,-0.1917111718946,-0.000322615607542855,0.00561013204149877,-4.18063447994322e-05,-1.5339284028925e-06,7.80914118515893e-05,4.68973730386952e-05,-6.4343631454725e-06,9.51782299925843e-17,-9.16741034620236e-06,2.17471797848961e-06,1.30194159176323e-05,-2.39417304310738e-05,0.000116262673089302,0.000141309174820656,5.94675540272253e-06,-8.33321397918129e-06,3.64163313680424e-06,7.98596931636921e-07,4.8588341407149e-05,5.14141718066188e-14,1.28517354325361e-05,-0.00550816607364407,-0.47843125375506,0.000197199921917022,0.123976902946437,-3.23408129421741e-08,1.81132577186521e-06,-7.6549632467744e-08,-1.37182176175992e-14,0.707106781186548,-1.15917060175408e-05,-1.9995149953537e-15,-1.97526899530583e-17,-5.68989300120393e-16,-3.81639164714898e-17,1.67196514987838e-06,-2.09196055464322e-06,-7.58165064594269e-17,2.76004719886429e-16,1.15252244141166e-16,3.38294587107198e-18,-2.49170019182452e-07,6.51035835083982e-07,1.10703752848745e-08,-4.21537804662364e-16,-1.65882932390282e-16,-3.1485231088979e-16,-7.56398281031179e-07,7.45931094670027e-17,-4.2110412379337e-16,-9.20769078769003e-17,2.32452945780892e-16,3.88578058618805e-16,-2.0501717186469e-16,1.03485011886979e-16,-6.65526135215626e-18,5.36029554076833e-16,-6.97073334830234e-17,1.0907925534893e-16,-1.03649727689614e-16,-4.2896993350537e-16
"t24",0.119499937024257,-0.00629006758841443,-0.0135587583029927,-0.149373302044562,-0.04411813084346,-0.000546249406825944,-0.385966835949587,-0.00622970773114381,0.00497490832292175,-0.00397008611833176,-0.00217107374314277,0.000600893118610203,-0.102451302673755,-0.000926518554106704,-0.000117917290711724,0.000144136827020282,0.00609382716489547,-0.000528145322236115,0.0316994021454944,1.05828948052838e-06,0.000141797417997353,-3.79401339053163e-06,0.000274332829082895,-0.000117919091491203,0.000243615285205131,-4.85930893055795e-09,0.0607861340220708,-0.169021774737268,-0.000282578913206901,0.00486940333043758,-3.5501886382386e-05,-1.22822073762852e-06,6.21492308714717e-05,3.7119700378939e-05,-5.03410545630439e-06,-4.72416472049712e-17,-6.75851316922493e-06,1.42698071205325e-06,8.40052796709755e-06,-1.50332146618219e-05,7.10035518611826e-05,8.56979428599345e-05,3.53807964070178e-06,-3.7356653006318e-06,1.38462632329629e-06,2.26676838687914e-07,5.56597231516628e-06,-4.64800188246599e-14,-1.27482577114231e-05,0.00758963595109044,0.66549162236512,-0.000492618767694646,0.560631516114844,5.88418376943484e-07,8.68812205470811e-06,-2.36051472290977e-07,2.20808462485681e-16,3.36833746255115e-16,-2.77260353079069e-05,1.32033085251416e-16,-2.31585828383127e-16,2.77555756156289e-17,6.24500451351651e-17,3.43819925385791e-06,-4.14208557366079e-06,-2.35566957951941e-16,4.0164546968246e-17,-6.65928349033602e-17,1.28042822238791e-16,-4.32861239801235e-07,1.12101561556156e-06,1.82072062201305e-08,2.0122792321331e-16,-2.69315819645399e-16,-7.63278329429795e-17,-1.22120355685327e-06,1.35308431126191e-16,-2.55871712706579e-16,3.18324262526464e-17,-3.19189119579733e-16,-3.89445420356793e-16,6.0591572524236e-17,-4.4023641509328e-17,3.48872892802798e-18,7.36390115552155e-16,8.38836394904205e-17,-3.43524001907843e-17,4.38017677684144e-17,-8.56612356071699e-17
"t1",0.117595975749936,-0.00593996778317736,-0.0127209606775556,-0.139841644715592,-0.039901930167227,-0.000490529382720307,-0.318586552288462,-0.00502592509659793,0.00384048202398415,-0.0029372991089867,-0.00146323942212178,0.000387181353060834,-0.0633483879334428,-0.000505133976154834,-5.57374083817061e-05,4.7970452079036e-05,-0.000280551557691419,0.000134269948810021,-0.00882816515379365,-4.0987417270974e-07,-6.28726990995979e-05,2.16656862640687e-06,-0.000346686396415456,0.000183763150873067,-0.000507743317892655,1.37323470056888e-08,-0.291285699706396,0.872601671417863,0.00173046410129229,-0.0380335504277936,0.000536769289677956,-5.7684608551295e-05,0.00231343448659191,0.00117709305702282,-0.000124379184527901,-4.18564157585322e-16,-9.41623139449899e-05,1.45560883878876e-05,8.40986981273523e-05,-0.000147003558347486,0.000682593296526964,0.00082108231625209,3.36418941127795e-05,-3.69214885072647e-05,1.48686101204588e-05,2.9473582402607e-06,0.000153094870179227,4.62952690996072e-14,9.90049308593859e-06,-0.000340957874874414,-0.0183149073502532,-0.000372487590788392,0.000553003577338184,1.11294712173624e-06,1.92936941349892e-05,-5.68847889981152e-07,-1.96885885259885e-17,-3.48684667035999e-17,-7.04683638674554e-05,-4.13127245653299e-17,-2.99226366710644e-17,-2.77555756156289e-16,9.71445146547012e-17,9.0027848539953e-06,-1.09184463030019e-05,8.77689525164494e-18,-4.10976290029921e-18,-1.11675340388805e-16,1.03908034793535e-17,-1.16189828753112e-06,3.01158066257079e-06,4.90701177330299e-08,-8.32667268468867e-17,-4.85722573273506e-17,6.93889390390723e-17,-3.29346080450363e-06,3.33066907387547e-16,-1.87350135405495e-16,-6.39653797028497e-17,1.11022302462516e-16,1.94289029309402e-16,8.75528814717509e-17,-4.16125004137314e-17,-3.55987525965738e-17,6.41847686111419e-16,-1.46482208080776e-16,-1.50986322175505e-16,-2.46330733588707e-16,-1.43025163195415e-16
"t87",0.11162418447712,-0.0046841784133692,-0.00964443383062226,-0.104559683712629,-0.0217623297316517,-0.000240791151771021,-0.0575948447784293,0.000502854858629276,-0.00261824259948148,0.00413245756906486,0.00514325275245801,-0.00258205595547363,0.667260096726617,0.102169713644,-0.00153574953580098,0.000819313526089838,0.0193308785083351,-0.00127556337896315,0.0714969535388807,-1.00215925717166e-05,0.000623049310633127,-1.16370655808801e-05,0.000590577219265087,-0.000229262891278339,0.000395214043449264,-5.91859802138815e-09,0.0130250420664896,-0.0133135165376609,0.00010789133328154,-0.0042767122885591,0.000162016877021732,-2.94436452158466e-05,0.00094471695427854,0.000491376147364111,-6.93613783013611e-05,-6.05019745013521e-17,-5.99555789637003e-05,8.2062717171561e-06,6.08347521609178e-05,-0.000107887409412556,0.000400562793047274,0.000612590972760041,2.52766641316703e-05,-2.95175157010927e-05,1.20892077077111e-05,2.43834913397133e-06,0.0001291677497819,3.95869633321622e-14,8.42202373494425e-06,-0.000122662925055067,-0.000499341103238272,-0.000344350260546295,1.60707078092631e-05,1.02711401897722e-06,1.80478001334632e-05,-5.37974673554321e-07,-5.27537927537659e-17,-2.0114351059789e-16,-6.74551599776125e-05,-1.95959330732275e-17,-3.07552674358931e-16,1.17961196366423e-16,-1.73472347597681e-17,8.71613899062346e-06,-1.06089405113852e-05,-2.06158337424035e-16,-5.94892327753332e-16,-2.55720550914131e-16,-1.32546491157621e-16,-1.14710068511694e-06,2.97717909084885e-06,4.88770372699537e-08,1.11022302462516e-16,-1.3834419720915e-16,-2.61075883134509e-16,-3.29167576564949e-06,-4.25007251614318e-17,2.81025203108243e-16,-2.85145981955653e-16,6.80011602582908e-16,-9.73179870022989e-16,1.01906323665157e-15,0.707106781186548,-1.57078851146289e-15,1.6158949178724e-15,-3.66264512757222e-16,-4.99101018330454e-17,-5.89805981832114e-17,-1.15463561423314e-16
"t88",0.11162418447712,-0.0046841784133692,-0.00964443383062228,-0.104559683712629,-0.0217623297316517,-0.000240791151771054,-0.0575948447784292,0.000502854858629297,-0.00261824259948152,0.00413245756906486,0.00514325275245797,-0.00258205595547374,0.667260096726617,0.102169713644,-0.00153574953580097,0.000819313526089867,0.0193308785083351,-0.00127556337896316,0.0714969535388806,-1.00215925717233e-05,0.000623049310633208,-1.16370655808799e-05,0.000590577219264999,-0.000229262891278385,0.000395214043449226,-5.91859800112035e-09,0.0130250420664895,-0.0133135165376609,0.000107891333281374,-0.00427671228855912,0.00016201687702192,-2.94436452158153e-05,0.000944716954278516,0.000491376147364111,-6.93613783013178e-05,-6.74408679912904e-17,-5.99555789636899e-05,8.20627171713558e-06,6.08347521609404e-05,-0.000107887409412553,0.000400562793047228,0.000612590972760022,2.5276664131604e-05,-2.95175157012384e-05,1.20892077078031e-05,2.43834913394241e-06,0.000129167749781945,3.96486082785335e-14,8.42202373538747e-06,-0.000122662925055011,-0.000499341103238328,-0.000344350260546305,1.60707078092259e-05,1.02711401890263e-06,1.8047800133451e-05,-5.37974673562561e-07,5.47990631518868e-17,1.6825385771705e-16,-6.74551599776921e-05,1.24964516146499e-17,2.45941058086612e-16,-2.08166817117217e-17,1.02348685082632e-16,8.7161389907553e-06,-1.06089405113091e-05,2.9344202435869e-16,4.76299421627782e-16,3.23677091726821e-16,2.12955707872751e-16,-1.14710068504408e-06,2.97717909089569e-06,4.8877037105155e-08,-1.35308431126191e-16,-1.24683249835833e-16,4.25007251614318e-17,-3.2916757660398e-06,5.45570533194706e-16,-6.51822346098285e-16,2.07515480896555e-16,-6.66133814775094e-16,1.18481613409216e-15,-1.09036051125389e-15,-0.707106781186548,1.54488327159855e-15,-5.9240806704608e-16,3.06808194350962e-16,-1.01084445035042e-16,-1.97324795392362e-16,-1.86587223958748e-16
"t50",0.133596202102534,0.0379128865558614,0.0178991919454284,0.142455228983776,-0.0100378611455652,-0.000158729233962871,0.00416996304235869,-0.00024996254671736,0.000159928373663726,7.11685451068569e-05,0.0001476076764896,-0.000149987987030896,0.0257131594365071,-0.189310441198911,-0.000255405342997912,-3.68922292809517e-05,-0.593043238678537,-0.00114903045742666,0.0391033085905099,0.243056916749447,0.00153741440615765,-0.00229945112730254,0.000568404899455194,-0.000206357160859539,0.00032979537847489,-4.60682475977331e-09,0.00326570529200069,-0.0033266549393757,9.75330472579201e-05,-0.00105297363708098,0.000122707313954833,-2.09735642196954e-05,0.000225238706699568,0.000117048349611951,-4.90249622690233e-05,-3.52252407035113e-16,-4.15853932185014e-05,1.93223456588641e-06,4.14717938732184e-05,-0.00179559830881636,9.46503064978245e-05,0.000414358214321046,1.70699252554634e-05,-1.97459045746478e-05,8.06529014746234e-06,1.6223095515592e-06,8.56947317128821e-05,0.707106781185015,5.62026498094896e-06,-0.00173944891125397,-9.91529493776652e-05,-0.00509135597658472,3.65974063730156e-06,6.60011397177998e-07,1.16336169142623e-05,-3.46565368234379e-07,3.54600482720801e-15,-7.10665072361848e-16,-0.000952359022222683,-8.74994765643974e-17,-4.16198838317416e-17,5.46437894932694e-17,2.82326245715225e-16,5.58867142941158e-06,-0.000147862829116155,3.18748966128709e-16,-8.05305317174816e-17,-4.4500177406719e-17,1.17451893448942e-16,-7.32952168313927e-07,1.90180395329251e-06,3.11749596237747e-08,3.29163779566599e-16,-6.10947924195582e-17,2.85253591580936e-16,-2.09803684530211e-06,2.00360561475321e-16,-3.17671236538253e-17,-1.2994493116121e-16,-6.89552581700781e-17,1.3910313872989e-16,-2.55523337606686e-16,1.07526649069912e-16,1.18540687120013e-16,6.04225870726172e-16,2.47564234021755e-17,7.80504789348355e-17,-8.85251073834414e-17,6.36598922125544e-17
"t31",0.133596202102521,0.0379128865558485,0.0178991919454216,0.142455228983721,-0.0100378611455594,-0.000158729233962783,0.0041699630423544,-0.000249962546717114,0.000159928373663464,7.11685451066104e-05,0.000147607676489447,-0.000149987987030504,0.0257131594364524,-0.189310441198442,-0.000255405342997203,-3.689222928086e-05,-0.593043238675639,-0.00114903045742019,0.0391033085902886,0.243056916747989,0.00153741440614803,-0.00229945112728736,0.000568404899450685,-0.000206357160857669,0.000329795378471713,-4.60682471918122e-09,0.00326570529195839,-0.00332665493933144,9.75330472567128e-05,-0.00105297363706518,0.000122707313952748,-2.09735642192916e-05,0.000225238706693922,0.000117048349609156,-4.90249622677025e-05,2.37553586806421e-16,-4.15853932174701e-05,1.93223456597008e-06,4.14717938716114e-05,-0.00179559830872865,9.46503064934317e-05,0.000414358214299554,1.70699252546344e-05,-1.97459045724744e-05,8.06529014656517e-06,1.62230955142453e-06,8.56947317030895e-05,-0.707106781188081,5.62026499124633e-06,-0.0017394489130111,-9.91529494802455e-05,-0.00509135597885015,3.6597406383853e-06,6.60011397456747e-07,1.16336169148595e-05,-3.4656536823385e-07,-3.50044193655046e-15,6.62828837030294e-16,-0.000952359022302574,6.16867296067372e-17,-7.88214028843669e-17,1.82145964977565e-17,-3.18755438710738e-17,5.58867142989817e-06,-0.000147862829126051,-3.36976534227734e-16,-2.11163635502406e-17,3.2109273262388e-16,-1.20754559141078e-16,-7.32952168313819e-07,1.90180395386139e-06,3.11749592920088e-08,-2.25080371007991e-16,-1.06306023012204e-16,-1.63931368479808e-16,-2.09803684560883e-06,2.4459601011273e-16,-4.151410118447e-16,5.04664088668897e-17,3.90312782094782e-17,-9.09645622715338e-17,1.86831175272601e-16,-1.39888278520339e-16,-7.13437706156805e-17,5.74518731200069e-16,-4.6367202701386e-17,-2.30730284501681e-16,-7.9580439460436e-17,-2.41651439058981e-16
"t60",0.141479327587746,0.0473366563102055,0.0230002317797397,0.18483863166257,-0.0154357293598725,-0.000253820254204981,0.0125737805588027,-0.000990564810118405,0.00159339192975715,-0.00160272939964341,-0.000418203151745164,0.000303018128030999,-0.0414846047629126,0.198452578488477,0.000216680937286387,-1.67663752063055e-05,0.0356058144912693,2.54167674145061e-05,-0.000722330529795861,0.00602628410162623,3.56008690941735e-06,0.37886049214352,3.92751960992994e-05,-1.67454915175206e-05,3.1940819116527e-05,-5.13905859091494e-10,0.000431721523675663,-0.000447825500054007,1.36279564861095e-05,-0.000153763646572938,1.942053513784e-05,-3.76354356110969e-06,4.07775792130452e-05,2.13516639196544e-05,-9.07711138084955e-06,2.80719653337975e-16,-8.16492242329547e-06,4.133563063878e-07,9.09065358298874e-06,-0.00706408799876727,1.91993575304365e-05,8.50797509369889e-05,3.57391493313944e-06,-4.45279107339066e-06,1.85415218443489e-06,3.81325051689038e-07,2.0764292818458e-05,1.62667644771912e-13,1.5744749478539e-06,-0.00686312051769678,4.67445694923034e-05,-0.00181685984669579,1.03592570400606e-06,1.91108245067937e-07,3.94712785647781e-06,-1.53453270882115e-07,5.57163902018457e-16,-6.84914241357195e-16,-0.358367427538655,-4.3926207354107e-16,1.5255178391215e-16,3.22658566531686e-16,-1.78676518025611e-15,6.5587515863004e-07,-0.342143745373939,2.36376184330528e-16,-2.43101421196488e-15,3.28069443274101e-14,0.707106781186548,-1.00284984305308e-07,2.70325483624993e-07,5.13429896341344e-09,-5.03069808033274e-17,-4.11996825544492e-16,-3.95083271653718e-16,-3.61086246897149e-07,1.18828558104411e-16,-2.24646690138997e-16,-2.02609167311458e-16,-4.68375338513738e-16,1.73906028466675e-16,-3.11960433498961e-16,9.0100745062411e-17,8.11689066344797e-17,1.29453739394769e-15,1.16518093080897e-16,-8.38247369936012e-17,-1.63280847176317e-16,-3.17552782700266e-16
"t61",0.141479327587746,0.0473366563102055,0.0230002317797398,0.18483863166257,-0.0154357293598725,-0.000253820254204996,0.0125737805588027,-0.000990564810118402,0.00159339192975713,-0.00160272939964341,-0.000418203151745123,0.000303018128031017,-0.0414846047629126,0.198452578488477,0.000216680937286395,-1.67663752062877e-05,0.0356058144912693,2.54167674144438e-05,-0.000722330529795839,0.00602628410162621,3.56008690938155e-06,0.37886049214352,3.92751960992703e-05,-1.67454915175292e-05,3.19408191165301e-05,-5.13905864187667e-10,0.000431721523675637,-0.000447825500053997,1.36279564861234e-05,-0.000153763646572923,1.94205351378151e-05,-3.76354356108194e-06,4.07775792130281e-05,2.1351663919623e-05,-9.07711138090506e-06,1.69697349926838e-16,-8.16492242331976e-06,4.13356306375598e-07,9.09065358297833e-06,-0.00706408799876745,1.91993575306286e-05,8.50797509370769e-05,3.5739149331583e-06,-4.45279107347176e-06,1.85415218449127e-06,3.81325051590687e-07,2.07642928187499e-05,1.62745559393204e-13,1.57447494822751e-06,-0.00686312051769668,4.67445694925168e-05,-0.00181685984669607,1.03592570399905e-06,1.91108244975563e-07,3.9471278566322e-06,-1.53453270910684e-07,6.45024333433753e-17,-2.30925758201855e-16,-0.358367427538656,2.25137016483269e-16,2.66550530928359e-17,1.72431513512095e-15,-9.82720849140861e-16,6.55875158539834e-07,-0.342143745373938,-5.96291086415257e-16,2.65866445677556e-15,-3.2363147223757e-14,-0.707106781186548,-1.00284989462153e-07,2.70325483780684e-07,5.13429953066802e-09,3.98986399474666e-17,6.21247844834194e-16,-6.59194920871187e-17,-3.61086247584099e-07,4.64038529823796e-16,-1.96891114523368e-16,-1.47098009360078e-16,1.28369537222284e-16,-4.861562541425e-16,-6.64909958078549e-18,-7.64327079409498e-17,-4.09122579665714e-17,6.68302219120065e-16,-1.43690425014979e-16,-1.23723375549451e-16,-4.03323208164608e-17,-7.81609429713041e-17
"t53",0.141445619242153,0.0472979196647878,0.0229793909460968,0.18466581642618,-0.0154144008490593,-0.000253446903008275,0.0125430477576248,-0.000987904760673746,0.00158841119648132,-0.00159708467334783,-0.00041640281631877,0.000301610712699056,-0.0412797971084888,0.197315467421556,0.0002152775124175,-1.66352884149855e-05,0.0352172848477751,2.51029974878079e-05,-0.000713300094236788,0.00594685161291203,3.51196619632854e-06,0.373463004348648,3.85863647545396e-05,-1.64328057059389e-05,3.12889138436236e-05,-5.02400670777734e-10,0.000420504083318098,-0.000435964290683532,1.32515679368266e-05,-0.000149279646240468,1.87851039045166e-05,-3.60789234420296e-06,3.90575668398961e-05,2.04354430809912e-05,-8.6738266591559e-06,-1.48667738274687e-17,-7.74372203506818e-06,3.87253519097069e-07,8.50344202973918e-06,-0.00659195333204444,1.78745858217864e-05,7.91642893837549e-05,3.3203976820299e-06,-4.06564584435384e-06,1.68110226968807e-06,3.42636057533918e-07,1.84050173845746e-05,1.37544072149682e-13,1.32564460985176e-06,-0.00572086473455821,3.89530163528401e-05,-0.00148568542809104,8.12894955120627e-07,1.4786639714829e-07,2.73926808971002e-06,-8.99890775585353e-08,-3.5636450531795e-16,-6.31955646760152e-19,-0.115822697436528,-4.39028577169349e-15,-7.57317497598353e-16,-1.90125692967058e-15,1.47971912500822e-15,-4.81814354549165e-07,0.858331059263556,2.6496245398344e-16,-8.41244636354102e-16,-2.05553508318755e-16,1.04733824262515e-15,-1.96416367422036e-07,5.03971328147477e-07,7.96626663940314e-09,1.04083408558608e-16,-4.57099635919889e-16,7.89299181569447e-17,-5.31876632887604e-07,-5.46437894932694e-17,-4.31946145518225e-16,-1.1440565100285e-16,1.45716771982052e-16,-1.45283091113058e-16,5.20907174310456e-17,4.70211265484341e-17,-1.05826439884287e-16,6.99960922556642e-16,-6.78499398415704e-17,-7.33018865453228e-17,-4.16333634234434e-17,-1.00383621885359e-16
"t43",0.14138227235281,0.0472250912328452,0.0229402056648563,0.184340879240733,-0.015374284149754,-0.000252744620900015,0.0124851959110502,-0.00098289652930868,0.00157903053711872,-0.00158645025444664,-0.000413009041725797,0.000298956937437662,-0.0408935327000863,0.195169596018712,0.000212627565039026,-1.63875168465705e-05,0.0344811734112301,2.45078736768644e-05,-0.000696170112645694,0.00579609634483789,3.42061416590414e-06,0.363210710435278,3.72746446624357e-05,-1.5836847510501e-05,3.00447609294123e-05,-4.80409923261058e-10,0.000399003251395327,-0.000413220651921336,1.25292155036694e-05,-0.000140663779173454,1.75607549583492e-05,-3.30594844303971e-06,3.57187990371833e-05,1.86559166431699e-05,-7.88961167829793e-06,-4.94144912948759e-16,-6.92002109653825e-06,3.35734178465064e-07,7.34311143369207e-06,-0.00565733433181023,1.52475478068059e-05,6.74288716152873e-05,2.81688526885865e-06,-3.28666378465476e-06,1.33107456877263e-06,2.63852346180947e-07,1.35517406180065e-05,8.3605445969016e-14,7.93912930972698e-07,-0.00326187448531768,2.21760586468073e-05,-0.000762630737829117,3.11073440946757e-07,4.9571637694007e-08,-2.2908096049875e-07,8.53334729823652e-08,-5.124716188245e-16,9.00168908895969e-16,0.8542069395686,4.4740789788385e-15,3.39184006489732e-16,-1.52655665885959e-16,1.7052331768852e-15,4.45251876353935e-06,-0.170709517582754,-1.48658107280006e-16,4.78284744030011e-16,-9.62795041296905e-16,-1.02508132318044e-15,-3.02967672682122e-07,7.73379487750605e-07,1.17466536575864e-08,-1.71737624121704e-16,-2.03721588210026e-16,1.42247325030098e-16,-7.69449399963063e-07,1.26201132877313e-16,6.50521303491303e-19,2.73248549898078e-16,1.04083408558608e-17,9.06393016197882e-17,1.86880667280454e-16,-6.70403617790797e-17,-1.67723149114291e-18,-9.58434720477186e-17,-1.31927171318048e-16,7.67149592264709e-17,-1.00180280737661e-16,-1.07049357822396e-16
"t22",0.141346557827052,0.0471856877827259,0.0229191486684903,0.184166664526313,-0.0153535718491559,-0.00025238496659398,0.0124585171153488,-0.00098065868191223,0.00157510312911823,-0.00158229321530857,-0.000411895683297185,0.000298168854629932,-0.0407899861952527,0.194787682828271,0.000212432466179443,-1.64329152249191e-05,0.035714564592456,2.70272665450601e-05,-0.000778353600084116,0.00723108591919084,4.88638695600173e-06,-0.275962405541665,3.1405888559225e-05,-1.35788928339216e-05,2.60195690348487e-05,-4.16398923002071e-10,0.000342063208766414,-0.000353421270703865,1.06534321391294e-05,-0.000118511153023327,1.4411764206169e-05,-2.45499679476548e-06,2.61734695807189e-05,1.34988470980649e-05,-5.5458020299954e-06,-6.55973371202008e-16,-3.8950770605943e-06,-1.74387820960632e-07,-9.93773846214019e-06,0.252790137706817,4.94497146507478e-05,0.000184233515642441,5.70147367381577e-06,-2.62477800613229e-06,8.24545105776019e-07,1.00180048365352e-07,-1.27401867757142e-06,-9.21234741083486e-13,-1.17069841650398e-05,0.866362551881682,-0.00995756658345055,-0.0116276967975603,2.89747563772571e-06,4.72444374968739e-07,6.08043305231655e-06,-1.59839862086896e-07,-2.21947766180186e-16,1.92730900123375e-16,-0.00563080716833776,-1.62177943341498e-16,1.28278027442855e-16,-2.70616862252382e-16,-3.63424568217141e-16,2.16834595255511e-06,-0.000787206559191297,2.72061720477036e-16,-1.34631772747507e-16,-5.12197513894051e-17,3.54795812209315e-18,-2.64612247227074e-07,6.83886134090171e-07,1.09823827410677e-08,-5.89805981832114e-17,1.96240593219876e-16,1.11022302462516e-16,-7.32997917916953e-07,-3.42607886505419e-16,-4.21971485531358e-16,-6.10540893595141e-17,3.72965547335014e-16,5.53376788836601e-16,-4.47392999619273e-17,3.11557571795614e-17,-2.32566046634644e-16,5.94142790522056e-16,1.38853609511269e-16,-1.02623816386593e-16,-3.17020715234761e-16,-2.18535421444263e-16
"t41",0.141485981268581,0.0473463852917664,0.0230056454841441,0.184884016403147,-0.0154423144040818,-0.000253939125408706,0.0125871342444158,-0.000991806288958089,0.00159602963787982,-0.00160606575571091,-0.000419515023909423,0.000304138621783533,-0.0416604342660815,0.199648157200326,0.000218466892609611,-1.70036830294427e-05,0.0374990685695443,2.85771112348947e-05,-0.000823625785347315,0.00767758548824727,5.19685177487025e-06,-0.294581550264043,3.41057674132691e-05,-1.48368989314552e-05,2.870455548169e-05,-4.6457651143645e-10,0.000389925327918192,-0.000404128351413739,1.22687938424442e-05,-0.000137839704350212,1.71679929818391e-05,-3.12145818638296e-06,3.35060610706865e-05,1.73870333357384e-05,-7.23708353147102e-06,-1.10018402525432e-15,-5.4388514625324e-06,-2.79189716587995e-07,-1.62349125313963e-05,0.426829358826771,8.63839971335067e-05,0.000324630052044948,1.02876680749905e-05,-6.89366061169296e-06,2.76762558230068e-06,5.62759000634552e-07,3.15513010259632e-05,5.76774479093282e-13,6.65469174556478e-06,-0.345636444236773,0.00393025113346957,0.00219432797823205,1.24505665759531e-07,4.27239075521859e-08,1.66853798295574e-06,-5.89258737252683e-08,-1.07735261687402e-16,-8.01940593309622e-17,-0.00252254141097442,8.72382593599216e-13,0.707106781186548,-1.28022592527088e-15,1.92554305833426e-15,1.1000178403147e-06,-0.000412385731105431,-1.39410621861595e-16,-6.91805050925255e-17,1.176877235378e-15,8.96982832620536e-17,-1.55346361520005e-07,4.04665697006272e-07,6.7714397474633e-09,-2.8275992658422e-16,-2.01553183865055e-16,-3.25043811311154e-16,-4.59590552645377e-07,2.85795692667179e-16,-6.63531729561129e-17,1.17826768299054e-16,1.196959198424e-16,-1.64798730217797e-16,2.31288859064235e-17,1.65985679781872e-16,-1.75755011570527e-17,6.66567495644088e-16,1.6371235850715e-16,3.19252336221288e-17,-1.56558793706907e-16,-1.31803626694782e-16
"t42",0.141485981268581,0.0473463852917664,0.0230056454841441,0.184884016403147,-0.0154423144040818,-0.000253939125408699,0.0125871342444158,-0.000991806288958099,0.00159602963787981,-0.00160606575571091,-0.000419515023909388,0.000304138621783518,-0.0416604342660815,0.199648157200326,0.000218466892609665,-1.70036830294058e-05,0.0374990685695443,2.85771112349122e-05,-0.000823625785347335,0.00767758548824719,5.19685177485994e-06,-0.294581550264043,3.4105767413234e-05,-1.48368989314343e-05,2.87045554816956e-05,-4.64576527697577e-10,0.000389925327918102,-0.000404128351413747,1.22687938425075e-05,-0.000137839704350168,1.71679929817998e-05,-3.12145818636908e-06,3.35060610707082e-05,1.73870333357552e-05,-7.23708353154995e-06,-8.7813942033925e-16,-5.43885146260525e-06,-2.79189716440335e-07,-1.62349125315351e-05,0.426829358826772,8.63839971332014e-05,0.00032463005204498,1.02876680749531e-05,-6.89366061173828e-06,2.76762558218228e-06,5.62759000624597e-07,3.15513010260073e-05,5.76647773496933e-13,6.65469174584022e-06,-0.345636444236773,0.00393025113346963,0.00219432797823232,1.24505665231757e-07,4.27239073297076e-08,1.66853798384391e-06,-5.89258741404364e-08,3.10333095639739e-16,-1.26621205887151e-16,-0.00252254141097398,-8.72288654150814e-13,-0.707106781186548,1.27328703136698e-15,-1.84184265061837e-15,1.1000178396104e-06,-0.000412385731106505,2.7692301205668e-16,8.91130108097024e-17,-5.69989305628544e-16,-2.84387889058731e-16,-1.55346361704428e-07,4.04665697162614e-07,6.77143989231271e-09,3.92914867308747e-16,-1.30104260698261e-16,1.66967134562768e-17,-4.59590552622608e-07,2.72785266597353e-16,3.12250225675825e-17,-1.66667880765739e-16,-2.57606436182556e-16,-1.17093834628434e-17,-1.64221249229079e-16,-1.96571526613724e-16,1.84573993905341e-16,7.32703828165704e-16,-1.46803143317926e-16,-4.093315221139e-17,-1.43331527202584e-16,-1.28334179738047e-16
"t93",0.141575801304629,0.0474507693788022,0.023061901854571,0.185350765537617,-0.0155004283026538,-0.000254958196473973,0.0126726791955894,-0.000999247240120382,0.0016100899684495,-0.00162213368724702,-0.000424726650507735,0.000308243331539792,-0.0422616533511871,0.203047208379787,0.000222737336101743,-1.74165050723582e-05,0.038859627252886,2.97894919537161e-05,-0.000859141846097053,0.00803227514309449,5.44502666685823e-06,-0.309671553489101,3.64414851326339e-05,-1.59514039325065e-05,3.11749031802256e-05,-5.10955905273734e-10,0.000440301254256203,-0.000458212279354687,1.40454199497632e-05,-0.00016004676357207,2.07033016924759e-05,-4.32799811013376e-06,4.73359097623303e-05,2.500451372482e-05,-1.08423155627379e-05,1.0883903501764e-15,-1.11603378788426e-05,1.24938739213891e-06,3.97833428594525e-05,-0.53457459458935,-6.24684277880708e-05,-0.000205965693112343,-4.56520647244591e-06,-1.79312931905648e-06,9.37479702487918e-07,2.2273491606559e-07,1.36739920867335e-05,1.83434072475588e-13,1.98963556993271e-06,-0.070965974152883,0.000793321755265809,-0.000365100147892154,4.74220996411676e-07,9.07278486282723e-08,1.87041825885394e-06,-5.93334116202871e-08,3.53346054075923e-17,1.21239330956026e-16,-0.00240878994810494,2.4523595639245e-16,-2.65352731097581e-16,1.90819582357449e-16,2.48065457064683e-16,1.0241586712121e-06,-0.000381906317584796,-4.61145125188402e-18,9.73993191277049e-17,2.11434003316763e-16,1.83298791966554e-16,-1.41803826700349e-07,3.69122868577139e-07,6.15747170439052e-09,-5.03069808033274e-17,-8.38088279331295e-17,-2.47198095326695e-16,-4.17522994929e-07,6.64832772168111e-16,2.68882138776405e-17,1.53925473964947e-17,-1.47451495458029e-17,4.16767315103428e-16,-2.96519405676291e-16,3.26313671420178e-16,1.64052542515366e-16,-1.80216085110541e-15,0.707106781186548,1.25248614141002e-15,-3.2981430087009e-16,3.03405507044698e-16
"t94",0.141575801304629,0.0474507693788022,0.023061901854571,0.185350765537617,-0.0155004283026538,-0.00025495819647397,0.0126726791955894,-0.000999247240120372,0.0016100899684495,-0.00162213368724704,-0.000424726650507756,0.000308243331539802,-0.0422616533511871,0.203047208379787,0.00022273733610176,-1.74165050723195e-05,0.0388596272528859,2.97894919537068e-05,-0.000859141846097061,0.0080322751430945,5.44502666686775e-06,-0.309671553489101,3.64414851326203e-05,-1.59514039324892e-05,3.11749031802716e-05,-5.10955897633709e-10,0.000440301254256229,-0.000458212279354639,1.40454199497476e-05,-0.000160046763572058,2.0703301692474e-05,-4.32799811011467e-06,4.7335909762394e-05,2.50045137247935e-05,-1.08423155627448e-05,1.31043495712233e-15,-1.11603378788756e-05,1.24938739207013e-06,3.97833428594455e-05,-0.53457459458935,-6.24684277885811e-05,-0.000205965693112361,-4.56520647245371e-06,-1.79312931896042e-06,9.37479702495291e-07,2.22734916164368e-07,1.36739920869383e-05,1.83636676614775e-13,1.98963556985725e-06,-0.0709659741528827,0.00079332175526564,-0.000365100147892164,4.7422099660497e-07,9.07278484517642e-08,1.87041825874205e-06,-5.9333411575374e-08,2.1456819262757e-17,-1.39322931673869e-16,-0.00240878994810506,3.35996940055841e-17,-5.77188559828463e-17,-3.46944695195361e-18,6.67868538251071e-17,1.02415867120169e-06,-0.000381906317584916,9.26633973402225e-18,-1.88830040874095e-16,8.47991972352684e-17,-9.28644376713975e-17,-1.41803826394767e-07,3.69122868465032e-07,6.15747160811336e-09,1.89084858881472e-16,-2.03396327558281e-16,-1.30104260698261e-17,-4.17522994611329e-07,1.8995222061946e-16,-4.81602605018061e-16,-8.86908799972091e-17,8.67361737988404e-18,-4.49727061146987e-16,2.10019844351457e-16,-3.5543265617794e-16,-1.25537857800865e-16,2.8046141797855e-15,-0.707106781186548,-1.45021303712725e-15,2.55654872272082e-16,-5.81303465795293e-16
"t99",0.13674276701925,0.0414195345909357,0.0197744412915694,0.157972754703477,-0.0118796138575013,-0.000190661522267588,0.00639941741945456,-0.00043041608704252,0.000444257053764597,-0.000179190666731732,0.000136254654763779,-0.000175603020534196,0.0349455295353301,-0.37397875779948,-0.000818218595669313,0.000424087380747554,0.308516803187865,0.000269120087418164,-0.0083521836799894,0.228843731251436,-0.000128767020000822,0.000241348042672788,7.6223394578519e-05,-3.49857348775906e-05,7.00693511851824e-05,-1.15176366117753e-09,0.00097821172642816,-0.00101516486019043,3.0912220361265e-05,-0.000348888082947155,4.4064123457359e-05,-8.56086742939341e-06,9.28066480048928e-05,4.86204077056788e-05,-2.06949998137786e-05,4.31874937233078e-17,-1.87580906451171e-05,9.52964612086215e-07,2.06746780083804e-05,-0.00126536876930265,4.85683061206144e-05,0.000213452270324197,8.88278658083301e-06,-1.15171543704235e-05,4.93814932430066e-06,1.06159853489573e-06,6.28396385467679e-05,9.00219964910915e-13,9.2293084674659e-06,-0.00553516497466578,-0.00022056336289947,-0.392692067620953,-2.94785452711142e-06,-3.5533771862873e-07,-2.65246449214496e-07,-3.82848113374937e-08,-1.74734580039174e-16,-1.74034710649534e-16,-0.00024841872838264,-2.13630161385324e-17,-1.21945952453158e-16,1.38777878078145e-17,4.64905891561784e-16,1.36385231015723e-06,-5.11156012435075e-05,-3.0646770061479e-16,-2.82223376241072e-16,-9.08644549374962e-17,3.99820725018794e-17,-2.21465488737843e-07,5.80565321284601e-07,1.00247688900046e-08,2.63677968348475e-16,-3.02709246557953e-16,2.38524477946811e-16,-6.88635079557944e-07,7.59808882477842e-16,-4.09394740330526e-16,2.45444774079102e-16,-1.73472347597681e-16,-5.3776427755281e-17,-5.74746534532359e-17,2.32125332698753e-16,2.75154821161366e-16,2.08166817117217e-16,4.90633139623041e-16,-1.87791516634635e-16,4.69242700251726e-16,-0.707106781186547
"t100",0.13674276701925,0.0414195345909357,0.0197744412915694,0.157972754703477,-0.0118796138575013,-0.000190661522267602,0.00639941741945456,-0.000430416087042512,0.0004442570537646,-0.000179190666731731,0.000136254654763761,-0.000175603020534176,0.0349455295353301,-0.37397875779948,-0.000818218595669299,0.000424087380747545,0.308516803187865,0.000269120087418115,-0.00835218367998941,0.228843731251436,-0.000128767020000888,0.000241348042672756,7.62233945785379e-05,-3.49857348775767e-05,7.00693511852361e-05,-1.15176366004928e-09,0.000978211726428188,-0.00101516486019044,3.09122203611747e-05,-0.000348888082947203,4.4064123457353e-05,-8.56086742940729e-06,9.28066480048754e-05,4.86204077057109e-05,-2.06949998137265e-05,3.84170041364901e-17,-1.87580906451656e-05,9.52964612105656e-07,2.06746780083873e-05,-0.00126536876930263,4.8568306120589e-05,0.000213452270324168,8.88278658092365e-06,-1.15171543704192e-05,4.93814932442382e-06,1.06159853477085e-06,6.2839638546762e-05,8.99925194409192e-13,9.22930846739781e-06,-0.00553516497466566,-0.000220563362899709,-0.392692067620953,-2.94785452706395e-06,-3.55337718521177e-07,-2.65246449231843e-07,-3.82848112587264e-08,-2.94514889472165e-17,-2.0985124823839e-17,-0.000248418728382718,-1.29268237377054e-16,-1.65320658458875e-16,1.38777878078145e-16,1.75207071073658e-16,1.36385231004621e-06,-5.11156012436076e-05,2.56450067297653e-16,2.99993190203986e-16,3.3544383918177e-16,1.42051713109965e-16,-2.21465488684392e-07,5.80565321118935e-07,1.00247691710298e-08,-4.64905891561784e-16,1.07552855510562e-16,-5.84601811404184e-16,-6.88635079027118e-07,9.28077059647592e-16,1.17093834628434e-16,-2.10353818986114e-16,3.40005801291454e-16,2.0122792321331e-16,-1.21225741129788e-16,-2.409662852449e-16,1.83607500222723e-16,1.09721259855533e-15,-7.23781713684345e-16,4.27098652751763e-17,-5.69856661858381e-16,0.707106781186547
"t30",0.136506053140339,0.0411728163879122,0.0196439807006547,0.1568972721357,-0.0117599170798629,-0.000188615907312379,0.00628497448349519,-0.000421952762839561,0.000434074418309164,-0.000174557242435098,0.000131937392503784,-0.000169593372039989,0.0336731367699907,-0.35813459854036,-0.000778939788733578,0.000399405550636428,0.283203137837308,0.000244021472521021,-0.00756294352537162,0.205993290669173,-0.000115567332926037,0.000215208962801819,6.59486993576336e-05,-2.99456619445113e-05,5.89714679407058e-05,-9.5032044519275e-10,0.000777190495929621,-0.000802141160131203,2.41216698965013e-05,-0.000267531865947286,3.23908827268111e-05,-5.60431901850886e-06,6.00197584780153e-05,3.10995558236054e-05,-1.29305361326968e-05,-2.38911970457917e-16,-1.03659079995072e-05,4.07269718302188e-07,8.49506373624617e-06,-0.000487155230785629,1.74613394233008e-05,7.54013262435267e-05,2.98800905065995e-06,-1.49668788647622e-06,1.94291862527004e-07,-8.89058845906241e-08,-1.79927143835876e-05,-1.1013175181036e-12,-1.19050918875123e-05,0.00855846324238176,0.000342813247059647,0.831391928285445,1.14375295720878e-05,1.68806159032281e-06,1.71052965627309e-05,-4.14379277860976e-07,1.96397496980185e-16,2.10191893716602e-16,-0.00132230613921354,2.16724262044495e-16,8.09582448763638e-17,-2.0122792321331e-16,-1.85615411929518e-16,5.20101325966749e-06,-0.000180331863501019,1.01603241494361e-16,-2.19314011403024e-16,1.95682240044349e-16,-1.35010379978428e-16,-6.0427499322922e-07,1.55762156102586e-06,2.4669032681196e-08,2.35922392732846e-16,-2.12937306676153e-16,2.99239799605999e-16,-1.63711166024797e-06,-1.01307850997046e-15,-2.95770352654046e-16,-1.26245603532698e-16,-2.42861286636753e-17,1.06685493772574e-16,1.50917995366335e-16,-6.28988172694563e-17,-3.28733747550435e-16,6.18428919185732e-16,-1.3622275733994e-17,-3.14323606603477e-18,-1.98625837999344e-16,-2.11855705973367e-16
"t89",0.135701784782672,0.0402957814916929,0.0191769653421129,0.153038436312743,-0.0113145760812703,-0.000180948728540632,0.00581866034318792,-0.000386713625181426,0.00038992186813507,-0.000153694741978032,0.000110915752494644,-0.00013926847220161,0.0270464745648414,-0.267812094421829,-0.000533377342063603,0.000213255215050072,-0.0713120684149436,-0.000327331249400685,0.0117083061673555,-0.605901532689845,0.000488368056967083,-0.00294120541598736,0.000266111580304171,-0.000100652521076031,0.000168560559903402,-2.44682488570105e-09,0.0018180727194986,-0.00186139227790303,5.51437174214735e-05,-0.000602706371887032,7.18243169904349e-05,-1.27030775778549e-05,0.000136741135297048,7.12010852141191e-05,-2.99381865950677e-05,1.32110515286411e-17,-2.57717281576253e-05,1.21715602443193e-06,2.6175143552163e-05,-0.00158038684929305,5.98674510732852e-05,0.000262267644948398,1.08210062206829e-05,-1.26658856750401e-05,5.19210116056322e-06,1.04868194284336e-06,5.57060597201632e-05,3.9528121385405e-13,3.76567052285293e-06,-0.00159606124909992,-6.27706188955099e-05,-0.00910642895685973,2.32803668602061e-06,4.22803237722785e-07,7.57119041262105e-06,-2.26878072469912e-07,-5.24574546902519e-17,3.37468345277539e-17,-0.000845103414203408,-4.44555534463534e-17,8.73534460351459e-17,-4.71844785465692e-16,3.83373888190874e-16,3.689645971236e-06,-0.000131510201161238,1.52306622203386e-16,2.31303804908773e-17,-7.75625353733576e-16,2.67158402895197e-16,-4.86973964204489e-07,1.26408281652312e-06,2.07695618793802e-08,-7.37257477290143e-16,-8.08814820674186e-17,1.34441069388203e-16,-1.39922320676385e-06,2.94035629178069e-16,-4.25007251614318e-16,-1.20963715137134e-16,1.56125112837913e-16,2.02962646689286e-16,-6.85623750738332e-16,1.64003742026936e-15,0.707106781186547,3.15285991758785e-16,-1.46721370350475e-16,7.00546216487283e-17,-1.73906028466675e-16,-6.83464026071153e-17
"t90",0.135701784782672,0.0402957814916929,0.0191769653421129,0.153038436312743,-0.0113145760812703,-0.000180948728540632,0.00581866034318792,-0.000386713625181426,0.00038992186813507,-0.000153694741978032,0.000110915752494653,-0.000139268472201609,0.0270464745648414,-0.267812094421829,-0.000533377342063617,0.000213255215050088,-0.0713120684149435,-0.000327331249400683,0.0117083061673555,-0.605901532689845,0.000488368056967078,-0.00294120541598741,0.000266111580304172,-0.00010065252107605,0.000168560559903416,-2.44682488063241e-09,0.00181807271949859,-0.00186139227790308,5.51437174215325e-05,-0.00060270637188699,7.1824316990379e-05,-1.2703077577926e-05,0.000136741135297094,7.12010852141016e-05,-2.99381865951198e-05,6.87222027726343e-17,-2.57717281576496e-05,1.21715602439693e-06,2.61751435523035e-05,-0.00158038684929306,5.98674510732558e-05,0.000262267644948381,1.08210062207236e-05,-1.26658856750578e-05,5.19210116052202e-06,1.04868194284974e-06,5.57060597201663e-05,3.95365033270081e-13,3.76567052277996e-06,-0.00159606124910029,-6.27706188954639e-05,-0.00910642895686035,2.32803668601646e-06,4.22803237635615e-07,7.57119041251003e-06,-2.2687807240917e-07,-7.67435833421661e-17,-8.59501440995394e-17,-0.000845103414203428,2.14639386523355e-17,-1.11512208163679e-16,4.02455846426619e-16,-4.68375338513738e-17,3.68964597134355e-06,-0.000131510201161372,1.52306622224817e-16,-4.53911967194181e-17,1.38573918157364e-16,-2.34888189308732e-16,-4.86973964268565e-07,1.26408281619569e-06,2.07695614231479e-08,7.19910242530375e-16,-1.14925430283463e-17,-1.73472347597681e-16,-1.39922320671918e-06,8.41340885848751e-17,1.60461921527855e-16,2.3291987383256e-16,-1.38777878078145e-16,-2.16406753628107e-16,5.07866000700012e-16,-1.6932337388305e-15,-0.707106781186548,8.49580822359641e-16,8.57315753828835e-17,-1.32908025060564e-16,1.2490009027033e-16,-4.05908269921045e-17
"t29",-0.0976466222867603,0.0890492930906152,-0.0917155340973078,0.00224518971943869,-0.00271769584220774,-0.209069312041451,0.000925469226429976,-0.0550352869450681,0.00348633660209963,-0.000627142927359657,-2.73430861401972e-06,0.000329864838309878,-0.000126171721345482,-2.97749001736783e-05,0.00807802752429411,-0.451372935248174,0.00037532467932305,-0.00475928095162109,0.000453699080743169,-1.16421202179872e-06,0.0056211777947982,-2.44338870103793e-07,0.000726082847277606,-0.000973647705016859,0.00161125428028135,-2.36105055893041e-08,0.000123972281760511,-0.000144438900522502,0.0323971873425158,-2.11369315112794e-05,0.0343589653435043,-5.382675722178e-05,3.46806712857883e-06,1.83786688082133e-06,-0.000482760812367234,-6.07247288844715e-17,-0.000108263153614592,2.78174835296366e-08,0.000334020369651884,-9.62950686348971e-07,1.28827684746428e-06,2.80500027699168e-05,3.54057813591477e-05,-8.51557875159226e-06,9.6509972428709e-06,4.86674436326889e-08,1.18022457376102e-05,-3.36739206527187e-17,-0.00037694098489018,7.27482141926667e-07,1.08499227278322e-06,3.03136502712136e-06,-8.84673618868312e-08,-0.000168040409004075,-0.163193488294046,-2.19454305866212e-07,8.69038214750171e-17,1.63316938683522e-17,9.02779281927698e-07,1.06193416078882e-16,-1.60389186244395e-16,5.4928294054824e-16,-4.46458908897531e-16,-0.000119776609620037,3.14072921702149e-07,-1.3413303627977e-17,-1.4508807617999e-16,1.06496891930524e-16,-3.0750133441782e-17,3.5470149318817e-05,-9.75260740677909e-05,-2.28537468461647e-06,-1.83734401194262e-18,-4.40906051387118e-16,-1.09031529239669e-15,1.60875080755507e-05,1.07945393779733e-15,9.6716062740584e-16,8.29066081671044e-17,1.08271475917502e-15,-6.86292032191875e-16,-2.02280291549772e-16,-1.99728562873967e-16,1.56125112837913e-17,-3.01310887183332e-15,2.99415376777129e-16,-3.35405460503279e-17,-7.7327836710342e-15,-3.36414746462023e-15
"t51",-0.0999903790862224,0.0972356221994139,-0.101218597633698,0.00248664956304556,-0.00319361843814232,-0.24885858663969,0.00130646002664127,-0.0819816202090873,0.00583067109315008,-0.00119556967575498,-7.75528159971315e-06,0.00125244647945784,-0.000711248127467749,0.000258699816350901,-0.0155978636657191,0.216274867708629,7.39026588155074e-05,-0.00155809896354889,0.0001540416934322,-4.52863340570267e-07,0.00231555772700537,-1.12261988783129e-07,0.000482632487245835,-0.000724490455606644,0.00143691856165443,-2.68817020453768e-08,0.000314805046556434,-0.000458653000966134,0.271163608105597,0.000101494427849794,-0.012280780913951,4.53475143784545e-06,-1.54354696967888e-07,-2.44870052666905e-08,-2.03833221755786e-05,2.60114449143687e-17,-2.34305412274298e-05,1.09217310008097e-08,0.000137589764916812,-4.25184682133944e-07,6.05665515557198e-07,1.3383583354463e-05,1.75576526921462e-05,-6.32683371890635e-06,8.48352259389469e-06,5.47117805178581e-08,2.28924065309177e-05,-6.16541008580926e-16,-0.105167808460272,-2.15459053065228e-06,-3.12327142397078e-06,-2.96171980737151e-06,-2.98128294075708e-08,-0.61904576235545,0.00161355619627128,-6.83084365824447e-07,-1.71795870835913e-17,5.62303338158188e-17,-4.75345070380063e-07,-3.22283282487389e-16,1.01554058628103e-16,3.35911953003092e-16,-1.78566543235163e-15,2.78767437375333e-05,-5.78745181994364e-08,-2.16375950317263e-16,-2.30089526502853e-16,-1.90140822461509e-16,3.51693586453367e-17,-1.61137437916861e-06,3.60890334739512e-06,-1.27000993536114e-08,5.74090850012357e-16,4.7849739088059e-16,2.85813496083466e-17,3.59544776933052e-07,3.85497934375211e-15,-2.09209121207794e-16,-1.25031830116201e-17,1.20777216581703e-15,-4.83794706301736e-17,9.60921463182381e-17,-1.30339623834895e-16,9.19403442267708e-17,-2.88818927589278e-15,6.53298965876398e-16,-2.6078932140329e-16,3.72853433474457e-15,6.38499847036943e-15
"t14",-0.0977261689065547,0.0927759384344072,-0.0973883906399219,0.00240319951040069,-0.00888671277709132,0.159887449985214,0.000709079429932543,-0.0476730258148494,-0.00251711301983037,-5.53773616077962e-05,1.1980896627754e-06,-0.000397338183259603,0.000357898632595892,-0.000396403164541866,0.393735164797304,0.0155944452195382,0.000223230072613883,-0.00443405487637634,0.000241275052485104,-6.52748015649326e-07,0.00312470546192123,-1.32088044660016e-07,0.000323143555543656,-0.000396654395174563,0.000558836736285504,-6.47349353336407e-09,1.58127457292393e-05,-1.47855578450039e-05,0.000233105885486502,-1.89315454230224e-06,-0.00013763839508911,4.1063155805379e-05,-2.92413782820278e-06,-1.74821836450149e-06,0.00637114222250647,4.33586796741368e-17,0.000132025744090019,-6.18667314198101e-08,-0.00119308633821929,2.44760061588983e-06,-3.6020522882826e-06,-8.01947350301823e-05,-0.00010732284063554,4.91522221200903e-05,-7.30781834787163e-05,-5.43322096316733e-07,-0.000295007187037328,-2.49698125653979e-15,-0.00031123914778794,8.16673985043716e-06,1.2113444089714e-05,2.55112203265348e-05,-4.80160829873618e-07,-4.97692881357851e-05,-0.00104965149496323,1.02292167375141e-05,6.60871397632954e-17,1.8066417344329e-17,1.00507190273994e-05,2.11919657560189e-17,9.11457177722418e-17,-1.23789768130762e-16,1.58680157697364e-15,-0.0116948357955329,2.07215201052719e-06,7.40337808374464e-18,-6.08259244265798e-16,-8.38927402476835e-16,1.08027744636363e-16,0.00248257445049208,-0.052899557537033,-0.000140173931576984,-5.76030814560266e-16,3.03290319806933e-16,-9.02445241317215e-17,7.16650347997161e-05,2.82339407989469e-15,-7.10029214434058e-16,-3.82956563173608e-18,9.61932962934241e-16,-8.24897114887878e-16,-1.08178509387001e-15,2.11400900932536e-16,2.94902990916057e-17,-7.22423813795667e-15,2.17883373406219e-16,-1.60175359796635e-16,-5.54497927442167e-16,1.3146950579727e-14
"t21",-0.0955677221227684,-0.00258776590904855,0.233976111094411,-0.0177760403581158,-0.0126656694636571,0.00712340799846162,0.0014545024486652,-0.0488687110430889,0.097707897368242,0.0103002121673296,-6.44793409692025e-06,0.190271723055743,0.00066273863489374,1.42425753242339e-05,-0.000635495814366152,0.00070901006689475,0.000141626107410667,-0.000715842205583379,0.000290757373894271,-9.88460735052532e-07,0.00901736782499652,-6.20260098230951e-08,0.0010915824569953,-0.113093798704785,-0.00681663740390932,0.38771340134476,1.70822985513624e-05,-1.88382766348068e-05,0.00012136559225023,-7.66835936500202e-06,0.000192195051500119,-0.000112682212594399,2.55868201709067e-06,1.35639368323508e-06,-9.91598987387109e-05,-7.67575925914811e-16,-0.0028793089320936,4.3788562440407e-08,0.000174294894623158,-2.7013860233249e-06,7.1225124856188e-06,0.000209433524499902,0.133669084186089,2.1836257950934e-06,-1.62677262931572e-05,4.52520910532211e-09,3.79748273793128e-06,7.73483818097969e-17,-1.98650129371456e-07,4.39843526520025e-08,6.63234749707515e-08,2.73615422008203e-07,-9.51336951504259e-09,-3.11788144132884e-07,-1.0446773389032e-05,0.000328443926450562,-4.84046096511738e-17,-6.21971131934625e-18,5.60860277047634e-07,-2.56455680953549e-17,-1.12029673103898e-17,4.61153060753225e-16,-2.35488158677908e-16,-1.62007712150575e-05,1.45285994043653e-07,1.95464424155823e-17,-2.72281244819382e-17,-2.44056476098462e-16,6.63943812129192e-17,4.35354778605619e-06,-1.19479809072397e-05,-2.78457738208717e-07,1.0941747820314e-15,-4.16118391293551e-16,7.62972935025225e-17,6.89824596380308e-06,1.35658126305768e-15,-4.65755560933974e-16,-3.77901351739983e-16,3.01980957026991e-16,-2.38126095098221e-15,-1.81463609838051e-16,-3.66645561321471e-17,1.04083408558608e-17,3.62115363509052e-15,-2.3243189754557e-17,1.12176225931724e-16,-1.45221651514436e-15,-9.77167961676142e-16
"t45",0.123660017035847,-0.00739916184744401,-0.016412029372345,-0.182659360031244,-0.0687007622594347,-0.000922543459563319,0.171352470333809,4.00767408071392e-05,0.00151665366896401,-0.00172710708070596,-0.320832047634754,0.00032321311085161,-0.0592057895870363,-0.000590403102316454,-7.9769743963662e-05,0.000106661848673968,0.00629789483414882,-0.000964823055374651,0.0667399336207921,3.00643752323246e-05,-0.000460682318023704,2.09023413014035e-06,7.22104759719717e-05,-3.62186717251811e-05,8.203260935489e-05,-1.63916518446237e-09,0.0371223238909404,0.0028121081933908,5.14898750662218e-05,-0.158383061670052,-2.95953472453216e-05,-1.67899977772592e-07,7.9058845653591e-05,-0.000283988976169671,-1.04051174003219e-06,1.71720988288285e-15,-8.88242992656661e-08,-1.69147665664131e-05,-2.2943936895725e-05,0.000100129236454912,-0.757262081529308,0.002840712885406,3.49063893709034e-05,-8.87215555820062e-06,3.23307344276011e-06,5.95480201590489e-07,2.90673046764027e-05,7.58002741540949e-15,1.65565253556781e-06,-2.40203400644235e-05,-0.000121549664839234,-6.4926522812398e-05,3.64606084146058e-06,1.83125874739923e-07,2.99019889219789e-06,-8.30367092690908e-08,-1.19925762009731e-17,-1.08568396401978e-16,-9.33227959167872e-06,-3.27079772830855e-17,2.00433296758781e-16,-4.78143149104078e-17,2.72713608998571e-16,1.02269853539464e-06,-1.15346519771646e-06,9.76089988345386e-17,-2.48501237466409e-16,4.32970669176412e-17,-2.05957204515439e-16,-5.59271528936588e-08,1.22336185661399e-07,-8.81788812234796e-10,1.02757507697545e-16,1.95028149480052e-16,3.40774662021315e-16,1.9201732016604e-07,-1.35788567975824e-15,1.4449950891727e-16,-3.1608499886469e-16,-2.86022028409223e-15,-1.89746655505612e-15,7.80875645579755e-16,-3.31951091801935e-17,1.38777878078145e-17,3.74349341074169e-15,-1.18652980933281e-16,5.19836242786274e-16,4.76787240022102e-15,-3.52131142207354e-17
"t47",0.133373525471392,0.0376963580032759,0.0177860394373528,0.141526124978254,-0.00994128314891576,-0.000157104082877601,0.00409930001525147,-0.000245313328951639,0.000156472020742673,6.9438346934461e-05,0.000143235215556939,-0.000145200957463544,0.0248418760381981,-0.18188911109572,-0.000244121426132121,-3.49352240708084e-05,-0.549670737664604,-0.00105449203169257,0.0358471466596282,0.221774263599677,0.00139954622566071,-0.00208272727010344,0.000503285319499346,-0.000181295703227965,0.000286305108965972,-3.94540656782144e-09,0.00272879541486246,-0.00277017157953333,8.05910790199348e-05,-0.00086094240619769,9.79222201889479e-05,-1.57811561200358e-05,0.000168531037070204,8.71454561347834e-05,-3.61256735202632e-05,-1.48787766559934e-16,-2.91889020327616e-05,1.25372785580763e-06,2.66452324733806e-05,-0.00113618117375885,5.90134982863203e-05,0.000257420151758238,1.05033740140275e-05,-1.08866637459826e-05,4.25453471154495e-06,8.08662386122948e-07,3.92026439714952e-05,0.236787380804719,1.84819436183844e-06,-0.000535176146850774,-3.04452351873984e-05,-0.00137453382242743,7.31168148708677e-07,1.17908120960574e-07,5.85979848211931e-07,2.5417725017051e-08,1.84504079598015e-15,-4.44985181790905e-16,0.000242009636788153,4.88239730650184e-17,-2.16113081662507e-17,-5.83523655034718e-17,-9.49184447314878e-16,-2.76880119190483e-06,8.79338602961652e-05,1.49117059203319e-16,-4.33530930982026e-17,-1.46312247037133e-16,3.34346351693599e-17,9.42735661540734e-07,-2.61387742383581e-06,-6.40221657190228e-08,-6.31076217706695e-16,8.91938348691744e-16,9.92339692490566e-16,5.27744094331889e-06,-2.11814996882689e-15,-4.7672447645021e-17,1.88116032585514e-16,-1.34241103159116e-15,1.81994373942268e-15,3.29627512212577e-17,1.26089819602939e-16,1.42247325030098e-16,-2.57918527393163e-15,-2.33144730347751e-16,-1.877797998979e-16,-2.17924847561369e-15,-2.35280367812575e-15
"t26",0.141196562281507,0.0470152424219957,0.0228276034455034,0.183407984830577,-0.0152607525124122,-0.000250763029404967,0.0123275577603543,-0.000969378193138023,0.00155416752166044,-0.00155875578427008,-0.000404507171210728,0.00029243278860006,-0.0399602436453581,0.190254936958098,0.000206922438603467,-1.59317269692866e-05,0.0342922151523818,2.58505155185493e-05,-0.000744167533277134,0.00690195928640247,4.66030332817436e-06,-0.262765670964186,2.97319364815801e-05,-1.28380452583356e-05,2.45680279154765e-05,-3.93059222500492e-10,0.00032396427399199,-0.000335028191804229,1.01244793818569e-05,-0.000113139000308591,1.39827768906307e-05,-2.60602208043653e-06,2.81830792902364e-05,1.47383120162432e-05,-6.2575830763203e-06,4.12472212438333e-16,-5.81372466636654e-06,5.44313100526307e-07,1.69256521229654e-05,-0.219072086211558,-2.46693841718297e-05,-8.059654281581e-05,-1.74286470293774e-06,-5.00200707711366e-07,2.2561670944442e-07,4.32061051992e-08,1.75159148837635e-06,-1.27823299680535e-14,-1.56415338358528e-07,0.00799396703548835,-9.01500375380837e-05,6.32449367140942e-05,-1.35638666244371e-07,-2.90329464886476e-08,-9.84126347692544e-07,4.30149327537998e-08,8.63212750814824e-17,1.25947989891358e-16,0.00244610781912223,-6.3252409282623e-17,-1.90025684921534e-16,-1.67970947131202e-16,-1.90834066768571e-16,-1.43721240191619e-06,0.000596859954134862,2.48284609592613e-16,5.22696565966649e-17,4.38603053202367e-17,9.11860174485667e-17,3.79209572825699e-07,-1.03942612738952e-06,-2.40603964939622e-08,-2.03557343347578e-16,4.38794761940595e-16,1.13573830999127e-15,1.9413301753493e-06,-2.17478489700139e-15,3.90451422679341e-16,2.68898961036811e-16,-5.52554582399795e-16,9.23832654454773e-17,-4.42430012098885e-16,4.35973764961915e-17,1.73472347597681e-17,-4.88298468699644e-15,2.54312566401732e-16,9.79500326514784e-17,-4.58397294000168e-16,-1.84626442314052e-15
"t15",0.136077214631145,0.0407290507683414,0.0194095797877628,0.154965623698619,-0.0115461211712011,-0.000184966185357113,0.0060832483503164,-0.000407079489801314,0.00041627793675035,-0.000166499348751968,0.000124502792622351,-0.000159288544403575,0.0314993728683836,-0.331336259987838,-0.000713131327028198,0.000358754277437852,0.243140531775911,0.000205034312592419,-0.00633948390568169,0.170885334681317,-9.53763815372534e-05,0.000175608365180057,5.10513561646768e-05,-2.27491545891079e-05,4.34959013925805e-05,-6.76969067652654e-10,0.00051783101115037,-0.000529255920336525,1.55626970109133e-05,-0.000167247325875383,1.87353694338482e-05,-2.57751223906165e-06,2.68947072654063e-05,1.36061345245363e-05,-5.36834141948329e-06,-1.51514741668092e-16,-3.1329185864947e-06,2.97101979191599e-08,3.16258599845453e-07,1.11634824599822e-05,-1.53375353378722e-06,-7.90724832978034e-06,-4.57162377796846e-07,2.30571608010153e-06,-1.24369035020322e-06,-3.30575799410854e-07,-2.43548376615251e-05,-4.72916950596168e-13,-4.85884506302471e-06,0.00290345848733756,0.000115647757500097,0.192392127311428,6.93061850926716e-07,2.34305154364142e-08,-4.18461896487822e-06,1.95647092951484e-07,-2.64561339307379e-17,1.31745033051639e-16,0.00104153654616176,4.28280380467966e-17,1.24870005046623e-16,-2.69761876571059e-16,-6.96636733781688e-16,-6.21213260674288e-06,0.000245103074339104,9.35949540207504e-17,-2.12217748098809e-16,1.21176504787925e-16,-3.50343746754637e-16,1.50425617651829e-06,-4.10016318328783e-06,-9.19997643458539e-08,-2.64454312715395e-16,-1.03459987332479e-15,9.88974323522753e-16,7.32256927148376e-06,-2.36830425757068e-15,9.8715439446782e-17,3.60481821015762e-16,-1.44157951222752e-15,1.90494106945346e-15,3.53752932539953e-18,1.4147015098319e-16,-4.68375338513738e-17,-2.27844304557393e-15,-2.6999909622859e-17,-1.10004389108744e-16,-2.55225000305293e-15,1.30237852129327e-14
"t62",0.136633426183023,0.0413060515321175,0.0197144715084353,0.157478483139438,-0.0118247815111783,-0.000189725044707692,0.00634739411094289,-0.000426575559004935,0.000439651048931116,-0.000177100790129996,0.000134318385111774,-0.000172914340560175,0.0343774709614431,-0.36694557972048,-0.000800876693091325,0.000413295182124707,0.297692388379441,0.000258497741559486,-0.0080185345297795,0.219230834003085,-0.00012322746039084,0.000230435553739568,7.20341129139719e-05,-3.29474011964769e-05,6.56366023250081e-05,-1.07243406930811e-09,0.000901058380449603,-0.000933698464871488,2.83362564890603e-05,-0.000318364325054918,3.97943704880773e-05,-7.54412289280944e-06,8.1597428862362e-05,4.26615363086716e-05,-1.8082769767624e-05,-1.12359909743164e-16,-1.60755637129631e-05,7.92430041477653e-07,1.71287993417255e-05,-0.00104244024098175,3.97957283004082e-05,0.000174668447909021,7.24350921258836e-06,-9.03823638215537e-06,3.81883310312761e-06,8.06175419366147e-07,4.64844294529698e-05,6.12718742958879e-13,6.25771303940727e-06,-0.0036967597168916,-0.000147241965196915,-0.255165075737111,-1.81621211738058e-06,-2.15324382865253e-07,-1.44408953982111e-07,-1.85713880146445e-08,-7.82650728941917e-17,7.86289788973943e-18,-9.89606033266614e-05,-2.02666160295685e-18,-1.23988062788336e-16,-1.45164216567851e-16,-3.41792848771498e-16,3.85419008887749e-07,-1.20108378497957e-05,6.3792588591585e-17,-1.5197016316271e-16,5.1935423373081e-17,-2.41842080539984e-16,2.14308886546541e-08,-8.07462677235946e-08,-4.66076748183716e-09,-7.1140388144233e-16,-7.46269604798908e-16,7.47398391573849e-16,4.72716428136211e-07,4.34249611799505e-16,4.97199104523241e-16,1.53228590636149e-16,-9.61707608571199e-16,1.7641059037163e-15,1.67008391573033e-16,1.58379631707734e-16,1.73472347597681e-16,-3.41401728190983e-15,-2.54405325721083e-16,5.17043235569397e-18,-1.52725524234855e-15,4.18016493240291e-15
"t3",0.134964528753537,0.0395456452516535,0.0187818145236732,0.149785027042266,-0.0109597401925048,-0.000174910012604076,0.00549726818075603,-0.000363268818024294,0.00036245416179413,-0.000141515534908882,0.000100206418412077,-0.000124780263686722,0.0240592566630692,-0.233591337541773,-0.000456567529490393,0.0001763821715065,-0.0543122851921881,-0.000239547012834669,0.00853041658917272,-0.432970841665567,0.000345619215973522,-0.00203763888029726,0.000166738261386527,-6.08084521070713e-05,9.61076651569674e-05,-1.30176119513735e-09,0.000843783501076629,-0.00084646581165762,2.39217437639082e-05,-0.000244434763394003,2.45370880912745e-05,-2.45227730184725e-06,2.45263197606976e-05,1.19103582500689e-05,-4.26225380030866e-06,9.22732376280235e-17,-7.30608223374695e-07,-1.7597766940324e-07,-4.32689982177778e-06,0.000311375992051893,-1.36041977290797e-05,-6.1511814389664e-05,-2.74729910288638e-06,5.8569417494534e-06,-2.80415080765352e-06,-6.65663840813517e-07,-4.28037791508344e-05,-4.61687282969167e-13,-4.47224975394239e-06,0.00200570051417864,7.90072737891369e-05,0.0125625608297764,-3.74418659593074e-06,-7.09130864718008e-07,-1.58641384048546e-05,5.66870223776736e-07,-4.78821813821843e-18,9.59147085648302e-17,0.00260951272405382,4.38481547170318e-17,2.83345264910016e-16,-1.92395154600567e-16,-1.02784810849772e-15,-1.42950593001282e-05,0.000552071418732509,3.20591761611638e-16,2.42699754118818e-16,-2.26085738338966e-16,-1.29379934017658e-16,3.14192993250959e-06,-8.51921593326235e-06,-1.8595758514763e-07,-1.22235473723858e-15,-9.64737598520691e-16,7.7031043465668e-16,1.46338321087207e-05,-1.96460332130073e-15,8.37946359695694e-17,-7.35019066533261e-17,-2.50741161858778e-15,2.54521908889256e-15,1.38349395004808e-16,1.59706123067715e-16,-1.38777878078145e-16,-4.40377917371661e-15,4.3277851455648e-16,3.37757351063336e-16,-2.17225446867832e-16,-2.05656822118253e-14
