accepted_species,estimate
t55,-0.4707441
t35,-0.6605205
t11,-1.170412
t9,-0.8471782
t10,-1.419791
t56,-0.83999205
t27,-0.58813065
t67,-0.7666802
t68,-0.7669725
t18,-0.69050735
