accepted_species,estimate
t55,-0.4819475
t35,-0.6974924
t11,-1.1151237
t9,-1.1549264
t10,-1.1549264
t56,-0.6731075
t27,-0.76965654
t67,-0.5784959
t68,-0.5784959
t18,-0.9791123
