accepted_species,0,1
Dictyanthus_eximius,0.83638096,0.16361907
Huernia_barbata,0.6671753,0.33282468
Rudgea_gardenioides,0.8825144,0.11748558
Asclepias_foliosa,0.9871271,0.012872851
Hippotis_elegantula,0.9572103,0.042789694
Galium_×_effulgens,0.89884347,0.10115655
Macrocarpaea_lucubrans,0.7124009,0.28759906
Randia_claesii,0.9712669,0.028733056
Tournefortiopsis_robusta,0.9249745,0.07502552
Amsonia_tharpii,0.74073815,0.25926182
