"","turnover.rates","eps.values","transition.rates"
"1",0.943729329155758,0.729817956272357,NA
"2",1.47359933960252,0.795915879706501,0.0649192288983613
"3",0.943729329155758,0.729817956272357,0.0693271956406534
"4",1.47359933960252,0.795915879706501,NA
