accepted_species,estimate
t4,-0.064588204
t83,0.1956131
t100,0.31414092
t40,-0.24075183
t44,1.2649474
t31,1.2266912
t88,0.084316954
t66,-0.2978179
t73,0.030584294
t26,-0.0072765565
