accepted_species,estimate
t12,0.3145243
t82,0.49202764
t83,0.49202764
t87,0.6013155
t102,0.6013155
t103,0.6013155
t47,0.47601968
t48,0.47601968
t60,0.47601968
t114,0.47601968
t115,0.47601968
t100,0.495427
t101,0.495427
t24,0.3437287
