accepted_species,0,1
t62,0.00452177665783382,0.9954782233421662
t43,0.001038438195465785,0.9989615618045342
t74,0.002376644226959379,0.9976233557730406
t90,1.3047183527681305e-05,0.9999869528164723
t96,9.87308785627139e-06,0.9999901269121437
t47,0.016686146424751858,0.9833138535752481
t59,0.009160587842951151,0.9908394121570488
t89,0.0037462862142020326,0.996253713785798
t33,0.011111209619960816,0.9888887903800392
t10,0.18075607866200372,0.8192439213379963
