accepted_species,0,1
t62,0.016460905349794275,0.9835390946502057
t43,0.016460905349794275,0.9835390946502057
t74,0.016460905349794275,0.9835390946502057
t90,0.0,1.0
t96,0.0,1.0
t47,0.0,1.0
t59,0.016460905349794275,0.9835390946502057
t89,0.016460905349794275,0.9835390946502057
t33,0.016460905349794275,0.9835390946502057
t10,0.0,1.0
