"accepted_species","0","1"
"t59",0.599852539974667,0.400147460025333
"t61",0.22890278711191,0.77109721288809
"t63",0.540020341879998,0.459979658120002
"t69",0.228902787117289,0.771097212882711
"t70",0.228902787117289,0.771097212882711
"t74",0.429888531768922,0.570111468231078
"t100",0.349019854142646,0.650980145857355
"t101",0.349019854142646,0.650980145857355
"t110",0.108867644017951,0.89113235598205
"t123",0.0104000710216366,0.989599928978363
