accepted_species,estimate
t48,0.3135024002881096
t56,-0.03256423634169583
t18,-0.7532382185420823
t32,-0.14209112250391245
t63,0.03861008866769131
t20,-0.1298529006405146
t93,2.198615276486519
t3,0.5537750918526042
t43,-0.4120700856451089
t71,-0.20497055040662562
