accepted_species,0
t48,
t56,
t18,
t32,
t63,-0.16574221896701571
t20,
t93,2.23900773518157
t3,
t43,
t71,-1.06849879928318
