accepted_species,0,1
t22,0.8786178754989209,0.12138212450107912
t25,0.8785670680048002,0.12143293199519975
t29,0.8785978340875779,0.12140216591242212
t35,0.8785937061518024,0.12140629384819758
t51,0.8786125111061787,0.12138748889382131
t52,0.8785618152183208,0.12143818478167921
t53,0.8785685105387228,0.12143148946127726
t61,0.8785607326116128,0.12143926738838715
t62,0.8785761736447805,0.12142382635521957
t106,0.8785964091506892,0.12140359084931084
