accepted_species,0,1
t22,0.8777777777777778,0.12222222222222222
t25,0.8777777777777778,0.12222222222222222
t29,0.8777777777777778,0.12222222222222222
t35,0.8777777777777778,0.12222222222222222
t51,0.8777777777777778,0.12222222222222222
t52,0.8777777777777778,0.12222222222222222
t53,0.8777777777777778,0.12222222222222222
t61,0.8777777777777778,0.12222222222222222
t62,0.8777777777777778,0.12222222222222222
t106,1.0,0.0
