accepted_species,0,1
t22,0.93920714,0.060792852
t25,0.80519307,0.19480692
t29,0.93920714,0.060792852
t35,0.8712348,0.12876523
t51,0.93920714,0.060792852
t52,0.93920714,0.060792852
t53,0.93920714,0.060792852
t61,0.93920714,0.060792852
t62,0.8712348,0.12876523
t106,0.93920714,0.060792852
