accepted_species,0,1
t15,0.14368815347622343,0.8563118465237766
t18,0.8055442045748538,0.19445579542514618
t35,0.8090448423907128,0.19095515760928714
t37,0.8915612481876565,0.10843875181234355
t43,0.8511262183967399,0.1488737816032602
t76,0.9380250015337652,0.0619749984662348
t88,0.4874583261144084,0.5125416738855916
t103,0.7423012657880201,0.2576987342119799
t122,0.9364901492883697,0.06350985071163026
t126,0.8989773856151835,0.10102261438481655
