accepted_species,0,1
t3,0.5243555108798297,0.4756444891201704
t55,0.4558312293028145,0.5441687706971855
t9,0.52250312940625,0.47749687059375
t26,0.5222884950133395,0.4777115049866605
t89,0.5123976084356817,0.4876023915643183
t8,0.5251282979284655,0.47487170207153445
t61,0.464417164201106,0.535582835798894
t32,0.47685824626767326,0.5231417537323267
t82,0.4766020070432918,0.5233979929567082
t64,0.47621924031368135,0.5237807596863187
