accepted_species,0,1
t275,0.11120981,0.8887902
t346,0.75276387,0.24723615
t378,0.07481247,0.9251875
t413,0.7279009,0.27209908
t414,0.7279009,0.27209908
t435,0.8004583,0.1995417
t437,0.86541826,0.13458173
t439,0.047378063,0.95262194
t443,0.82618093,0.17381908
t452,0.017881036,0.98211896
