accepted_species,0,1
t48,0.6254851267887565,0.3745148732112436
t60,0.8262207293946585,0.17377927060534148
t61,0.8183518235715566,0.1816481764284434
t74,0.8633848536569526,0.13661514634304742
t84,0.8785737993979146,0.12142620060208538
t128,0.9472004911263482,0.05279950887365183
t131,0.948485213093192,0.05151478690680796
t142,0.9441276282304519,0.055872371769548054
t159,0.948400139885528,0.05159986011447199
t161,0.9202976781356618,0.07970232186433818
t162,0.9202976781356617,0.0797023218643383
t163,0.9494170991924545,0.05058290080754549
t164,0.9481274365009335,0.051872563499066514
t170,0.9213280435738228,0.07867195642617723
t181,0.9218938839607755,0.07810611603922445
t182,0.9205437093457718,0.07945629065422827
t185,0.9530975121206545,0.04690248787934549
t186,0.9493955747965762,0.050604425203423765
t209,0.9046247628285942,0.09537523717140582
t210,0.903752358734337,0.09624764126566303
t215,0.8497519331753958,0.15024806682460418
t216,0.8497519331753953,0.15024806682460468
t234,0.9547414228409019,0.04525857715909812
t235,0.9547414228409019,0.04525857715909806
