accepted_species,0,1
t99,0.6139884807142031,0.3860115192857969
t97,0.5964751670738335,0.4035248329261664
t98,0.5964749292298331,0.40352507077016686
t68,0.5867765984556786,0.41322340154432136
t56,0.5818082158911367,0.41819178410886326
t57,0.5803647055468621,0.4196352944531379
t26,0.605387669895411,0.3946123301045889
t44,0.6234832193480608,0.3765167806519392
t45,0.6162503948696347,0.3837496051303652
t13,0.714732401593626,0.2852675984063739
