accepted_species,0,1
t4,0.41524065,0.58475935
t5,0.41524065,0.58475935
t24,0.36190683,0.6380932
t29,0.32423615,0.67576385
t32,0.30288714,0.69711286
t51,0.34954244,0.65045756
t59,0.28935087,0.71064913
t80,0.39647073,0.6035293
t84,0.38958937,0.61041063
t85,0.38958937,0.61041063
t104,0.36363864,0.63636136
t112,0.29361933,0.70638067
t115,0.31509662,0.6849034
