accepted_species,0,1
t64,0.6973825885026356,0.30261741149736443
t74,0.550521750222027,0.449478249777973
t91,0.5593046898274721,0.440695310172528
t97,0.7446629481971336,0.2553370518028663
t103,0.6828593444529198,0.3171406555470802
t109,0.9079334837940256,0.09206651620597434
t133,0.6188649570986018,0.3811350429013982
t140,0.8571840434125515,0.14281595658744856
t141,0.8506202004582015,0.14937979954179853
t147,0.7126831651392247,0.2873168348607753
