"accepted_species","0","1"
"t91",0.828953686365835,0.171046313634165
"t33",0.466699808482068,0.533300191517932
"t2",0.499908584890033,0.500091415109967
"t14",0.431116339522652,0.568883660477348
"t83",0.398821336251653,0.601178663748347
"t92",0.815822933127783,0.184177066872217
"t98",0.956899835377017,0.0431001646229827
"t69",0.705717211328945,0.294282788671055
"t87",0.791745461262238,0.208254538737763
"t1",0.47444745661055,0.52555254338945
