accepted_species,0,1
t62,0.020150423,0.9798496
t67,0.020542026,0.979458
t3,0.030783236,0.96921676
t66,0.020542026,0.979458
t96,0.02206409,0.9779359
t38,0.019952357,0.98004764
t64,0.020542026,0.979458
t81,0.020542026,0.979458
t82,0.020542026,0.979458
t69,0.083770216,0.9162298
