accepted_species,estimate
t109,-0.7261853
t85,-0.82132876
t123,-0.80813855
t148,-0.86724925
t39,-0.8559186
t60,-0.87475395
t248,-0.8285932
t198,-0.84794307
t45,-0.18195051
t182,-0.32958704
t36,0.13397892
t95,0.19238013
t177,0.17530644
t218,0.095598735
t155,0.095598735
t42,0.15340455
t69,0.10713643
t58,0.22452809
t163,0.41726765
t193,0.38497207
t185,0.4660056
t212,0.4660056
t170,0.4704427
t215,0.4965022
t210,0.4738036
t253,0.43295923
