accepted_species,estimate
t109,-1.0047051
t85,-0.9373394
t123,-0.96480817
t148,-0.7015483
t39,-0.9576498
t60,-1.1433172
t248,-0.8855871
t198,-0.8842822
t45,-0.16449594
t182,-0.16329502
t36,0.087853774
t95,0.23931366
t177,0.29482815
t218,0.071150266
t155,0.11369293
t42,-0.01691006
t69,0.1737036
t58,0.15647024
t163,0.37322143
t193,0.357922
t185,0.4753451
t212,0.4272579
t170,0.4284867
t215,0.5080815
t210,0.4622682
t253,0.4403784
