accepted_species,0,1
t1,0.999999896176345,1.0382365501739089e-07
t68,0.9998207835742491,0.00017921642575096923
t26,0.9997829254541949,0.0002170745458051169
t45,0.9995379833101367,0.0004620166898633405
t64,0.9241568087172735,0.0758431912827265
t43,0.9235680766783774,0.07643192332162257
t52,0.9218492118878928,0.07815078811210723
t59,0.9883183110824499,0.011681688917550084
t35,0.9990616027569899,0.0009383972430101901
t79,0.9993086042612411,0.0006913957387589084
