accepted_species,0,1
t1,0.9943904,0.0056095845
t68,0.99256194,0.007438051
t26,0.9915294,0.0084705725
t45,0.9915294,0.0084705725
t64,0.96955806,0.030441945
t43,0.96955806,0.030441945
t52,0.7153282,0.2846718
t59,0.9928686,0.007131412
t35,0.9909569,0.0090431115
t79,0.9525836,0.047416408
