accepted_species,0,1
t68,0.5969525533589839,0.40304744664101616
t45,0.5992176195053991,0.4007823804946009
t22,0.6679196968535179,0.332080303146482
t50,0.6670394169719769,0.33296058302802317
t99,0.6675309728728109,0.3324690271271891
t89,0.6655544879779872,0.3344455120220128
t71,0.6812754111407242,0.31872458885927585
t54,0.6811250713973254,0.3188749286026746
t97,0.6398582778694988,0.3601417221305012
t24,0.7189478130419225,0.2810521869580775
