accepted_species,0,1
t74,0.5165588147940701,0.48344118520593
t77,0.4001607141965643,0.5998392858034357
t78,0.5356181662003606,0.4643818337996394
t110,0.5994078151002756,0.40059218489972437
t142,0.34237687529569827,0.6576231247043017
t143,0.48312324726411426,0.5168767527358857
t168,0.5425688704670093,0.45743112953299075
t169,0.5850607920194281,0.41493920798057193
t171,0.5789553275119828,0.42104467248801725
t180,0.4899799359234339,0.5100200640765661
