accepted_species,0,1
t11,0.8911452682156392,0.10885473178436082
t22,0.8888500529801668,0.11114994701983315
t54,0.8908059871317077,0.1091940128682923
t66,0.8908059871317077,0.1091940128682923
t75,0.8838439173785848,0.11615608262141523
t76,0.8838439173785848,0.11615608262141523
t88,0.8888349779638515,0.11116502203614849
t91,0.8881082932360673,0.11189170676393263
t93,0.8879778910212109,0.1120221089787891
t98,0.8876690251396848,0.1123309748603152
