accepted_species,estimate
t28,-0.37148768131126175
t97,0.7266834957184964
t58,0.7192076337651407
t79,0.5886543449686599
t99,0.10543396542479508
t17,-0.5372987058635406
t13,0.14298134418082983
t93,0.08362360036270175
t73,-0.02187531641583526
t53,0.1366259109040201
