accepted_species,0
t133,
t188,
t189,
t127,
t38,
t41,
t47,
t98,
t87,
t75,
t76,
t110,
t211,
t316,-0.870993359874163
t129,
t100,
t77,
t241,
t232,
t254,
t240,
t222,
t223,
t327,-0.5197871975184071
t328,-0.5197871975184071
t320,-0.40528356956519457
t296,
t297,
t83,
t58,
t32,
t52,
t136,
