accepted_species,0,1
t57,0.72160107,0.27839893
t68,0.7291678,0.2708322
t73,0.7584653,0.24153472
t80,0.7972844,0.20271559
t85,0.8855817,0.114418305
t103,0.8496921,0.1503079
t116,0.9640322,0.035967827
t140,0.52223235,0.47776765
t142,0.88916403,0.11083597
t153,0.2770707,0.7229293
