"accepted_species","estimate"
"t39",1.04272116438573
"t53",1.04272116438573
"t54",1.04272116438573
"t47",1.37197681827349
"t35",1.37170747803377
"t8",0.769884213248798
"t82",0.769884213248798
"t83",0.769884213248798
"t44",0.769884213248798
"t45",0.769884213248798
