accepted_species,estimate
t39,1.5368766
t53,1.5089372
t54,1.5089372
t47,1.4314395
t35,1.5368766
t8,1.0353134
t82,1.0353134
t83,1.0353134
t44,1.0353134
t45,1.0353134
