"accepted_species","estimate"
"t40",-1.34191510097386
"t55",-1.33283683436462
"t33",3.26022137564619
"t7",0.428013583298336
"t35",0.414779862388372
"t62",0.802582238059467
"t42",-0.358351494222358
"t56",-0.533552013258443
"t15",-0.619923934255185
"t85",0.0187028102589894
