accepted_species,estimate
Asclepias_amplexicaulis,-0.6520698588835873
Asclepias_erosa,-0.6293853474302399
Asclepias_fascicularis,-0.6375220797604298
Asclepias_oenotheroides,-0.6293853474302389
Asclepias_ovalifolia,-0.6293853474302405
Asclepias_subulata,-0.6293853474302402
Asclepias_tuberosa,-0.6520698588835873
Asclepias_vestita,-0.6293853474302394
Calotropis_procera,-0.49628920206541804
Hoya_australis,0.1267393304286459
