accepted_species,0,1
Asclepias_ovalifolia,0.06739503,0.93260497
Gentiana_septemfida,0.750036,0.249964
Gentiana_sino-ornata,0.59445596,0.40554407
Sinoswertia_tetraptera,0.8790876,0.12091238
Galium_aparine,0.5009966,0.49900338
Galium_boreale,0.7386155,0.26138452
Centaurium_tenuiflorum,0.93092424,0.069075786
Richardia_stellaris,0.30018252,0.6998175
Spermacoce_chaetocephala,0.67104423,0.32895577
Spermacoce_stachydea,0.6468381,0.35316187
