accepted_species,estimate
t40,-0.40020743
t1,-1.3820258
t78,-1.3720925
t22,-0.051234636
t49,-0.026290754
t70,-0.48543352
t4,0.65513045
t75,-0.39247063
t20,-0.37972578
t26,-0.3798648
