accepted_species,estimate
t26,0.11848631
t28,0.11848631
t63,0.35928026
t30,0.35928026
t86,0.22876664
t87,0.5970118
t41,0.5970118
t4,0.2292846
t80,0.1109431
t81,-0.036919422
