"accepted_species","0","1"
"t28",0.414200945829231,0.585799054170768
"t88",0.0513245877129822,0.948675412287018
"t12",0.529588763464381,0.470411236535619
"t82",0.111195320160529,0.888804679839471
"t42",0.391706666084001,0.608293333915999
"t61",0.770215554776864,0.229784445223136
"t5",0.501552668394351,0.498447331605649
"t39",0.342670002881156,0.657329997118844
"t37",0.686234820212481,0.313765179787519
"t46",0.336085665823446,0.663914334176554
