accepted_species,0,1
t28,0.5211296,0.4788704
t88,0.33495265,0.66504735
t12,0.6667126,0.33328742
t82,0.73160994,0.2683901
t42,0.59613943,0.40386054
t61,0.4938966,0.5061034
t5,0.4938966,0.5061034
t39,0.45818084,0.54181916
t37,0.6906637,0.30933633
t46,0.5985746,0.40142542
