accepted_species,estimate
t6,0.29938778
t92,-0.9035862
t87,-0.1467734
t84,0.6864865
t64,0.77248317
t43,0.4674861
t80,1.1554794
t33,0.09990092
t20,0.7391738
t66,0.42658636
