accepted_species,estimate
t62,-0.5743041266008252
t49,-0.08753974989390786
t13,0.5522728522032387
t9,0.6672719882766719
t1,0.6570812293178755
t91,0.4641339975471414
t19,0.023669348620701136
t56,-0.2833615643300622
t85,-0.9366149141865645
t71,-1.8524882721047176
