accepted_species,estimate
t63,1.089241
t99,1.4835426
t27,1.4148023
t53,1.4540797
t51,1.3663652
t75,1.220206
t35,2.0196733
t83,2.0995708
t84,2.0995708
t72,1.3795683
