accepted_species,0,1
t69,0.9999997985272626,2.0147273737997585e-07
t23,0.9999999967694119,3.230588157215817e-09
t21,0.9999999984459315,1.5540685261078092e-09
t60,0.9999957283209598,4.271679040171454e-06
t89,0.9999966719558603,3.3280441397551886e-06
t97,0.9999998440475836,1.5595241643172445e-07
t64,0.9999999993697921,6.30207848256599e-10
t19,0.9999999981261601,1.873839859351501e-09
t12,0.9999999995526327,4.4736724677808703e-10
t3,0.9999999999462296,5.377037737571577e-11
