accepted_species,0,1
t69,0.990671756539594,0.009328243460405908
t23,0.9906587516259717,0.009341248374028222
t21,0.990704979346726,0.009295020653274082
t60,0.9910281302816573,0.008971869718342703
t89,0.990898819688369,0.009101180311630968
t97,0.9910270719778824,0.008972928022117601
t64,0.9910145050357406,0.008985494964259346
t19,0.9906684918086912,0.009331508191308825
t12,0.9906664855857091,0.00933351441429085
t3,0.9908209700241162,0.009179029975883834
