accepted_species,estimate
t11,0.26225936
t43,0.26225936
t3,0.33690977
t4,0.79837376
t67,0.33690977
t89,0.79837376
t21,0.33690977
t25,-1.597158
t18,-1.5220226
t59,-0.80082124
