accepted_species,estimate
t8,1.2232797
t10,1.0780836
t13,1.1368088
t37,0.9836364
t64,0.27342302
t111,0.8387425
t61,0.6018735
t45,0.9836364
t46,0.9836364
t26,0.22469237
t32,0.27278292
t38,0.6442646
t39,0.64395845
t41,0.64395845
t44,1.4298291
t49,1.5382016
t60,1.528299
t134,1.6691254
t239,1.6957155
t188,1.5061203
t83,1.6760638
t194,1.840361
t19,0.8080554
t5,1.0238249
t20,0.93058085
t9,0.9915342
t6,0.98923284
