accepted_species,0
t39,
t78,
t54,
t62,
t104,
t218,
t190,
t145,
t112,
t71,
t132,
t133,
t184,
t228,-0.635578098532917
t90,
t137,
t162,
t193,
t179,
t136,
t233,-0.263230160969064
t123,
t87,
