accepted_species,estimate
t27,1.0402583035099822
t12,1.1596073477158781
t74,1.1897608019633572
t68,1.1981836739365055
t69,1.198183673936505
t91,1.1874043284092892
t75,1.1932464918252408
t76,1.1932464918252415
t80,1.1937039758962473
t81,1.1937039758962478
