accepted_species,estimate
t27,0.6967946
t12,1.0246044
t74,0.9844171
t68,0.9844171
t69,0.9844171
t91,1.3908322
t75,0.52004707
t76,0.52004707
t80,0.52004707
t81,0.52004707
