accepted_species,0,1
t226,0.6127089423389744,0.3872910576610255
t274,0.6124196706556679,0.387580329344332
t281,0.6130261962591017,0.38697380374089835
t302,0.6131387266966704,0.3868612733033297
t304,0.6082181246348395,0.39178187536516057
t312,0.6131539209719936,0.3868460790280064
t334,0.6131750551664783,0.38682494483352176
t345,0.605977198930546,0.39402280106945403
t351,0.6130368595303233,0.3869631404696768
t361,0.6131684575150604,0.3868315424849395
