accepted_species,0,1
t226,0.6683066010620038,0.3316933989379962
t274,0.4193085134271648,0.5806914865728352
t281,0.784549097684444,0.21545090231555603
t302,0.4223340109302274,0.5776659890697726
t304,0.4208882928805109,0.5791117071194891
t312,0.33229518839151095,0.667704811608489
t334,0.4478623525179498,0.5521376474820502
t345,0.26172316123528727,0.7382768387647127
t351,0.8069620309045659,0.19303796909543416
t361,0.42376531004304874,0.5762346899569513
