accepted_species,0,1
t2,0.97658414,0.023415877
t55,0.9953239,0.004676131
t75,0.9969978,0.003002254
t74,0.9969978,0.003002254
t70,0.9398818,0.060118206
t60,0.9692124,0.030787563
t65,0.42749506,0.57250494
t48,0.84779716,0.15220281
t89,0.9994859,0.0005140809
t90,0.99935406,0.00064592034
