accepted_species,estimate
t79,1.001168077946438
t2,0.6414155706812932
t63,0.14706739881702843
t99,0.3924099546214465
t36,-0.10728348301660608
t50,-0.16437860788131897
t65,-0.16469790845059043
t73,-0.07531485753587915
t40,0.7991546631495506
t15,-0.9261833881058131
