accepted_species,0,1
t225,0.08314389,0.9168561
t244,0.08314389,0.9168561
t245,0.08314389,0.9168561
t254,0.08314389,0.9168561
t273,0.08314389,0.9168561
t315,0.08314389,0.9168561
t316,0.08314389,0.9168561
t321,0.08314389,0.9168561
t322,0.08314389,0.9168561
t329,0.08314389,0.9168561
