accepted_species,0,1
t97,0.7754686253138076,0.22453137468619244
t13,0.7782270653628944,0.22177293463710557
t86,0.7778569112030381,0.2221430887969619
t87,0.7777757413054054,0.2222242586945946
t51,0.7811364167642341,0.2188635832357659
t27,0.04381559890849951,0.9561844010915005
t8,0.21037942426783862,0.7896205757321614
t61,0.7046233412357916,0.29537665876420843
t55,0.7168821945839058,0.2831178054160942
t67,0.9654799011407802,0.03452009885921977
