accepted_species,0,1
t97,0.9151375,0.08486245
t13,0.30934262,0.6906574
t86,0.88017607,0.11982395
t87,0.8061702,0.19382979
t51,0.9902666,0.009733369
t27,0.018058896,0.9819411
t8,0.19364738,0.8063526
t61,0.061828494,0.9381715
t55,0.77950364,0.22049637
t67,0.9725605,0.027439445
