"accepted_species","estimate"
"t19",-1.37282948251507
"t16",-0.712516417998026
"t99",-0.292990884216377
"t78",-1.22238564878452
"t44",0.0470564918135658
"t92",-0.137016542002529
"t21",-1.0710826687976
"t38",1.08141308362568
"t85",1.08338765253727
"t86",1.08338765253727
