accepted_species,estimate
t24,-0.5399457571281472
t55,0.24409030409897575
t77,0.24083845578768276
t3,-1.2603510141163978
t36,-0.13852338152025573
t54,0.28896530398963577
t64,0.8850774345720152
t68,0.8551280789462976
t82,0.598446215365281
t92,0.10187665118250948
