accepted_species,estimate
t75,-0.6492919217000176
t76,-0.30477396657454403
t5,-1.0458787914828855
t3,-0.5294940393536559
t81,-0.40826537049951334
t12,0.20219669557614917
t53,0.5386636096394276
t32,1.1689141200866766
t13,0.9606096267502963
t85,-1.8405909568053258
