accepted_species,0
t75,-0.6514953048609524
t76,-0.315391210725926
t5,0.04668439169090654
t3,0.04668439169090654
t81,-0.672936839565899
t12,0.04668439169090654
t53,0.04668439169090654
t32,0.04668439169090654
t13,0.04668439169090654
t85,0.04668439169090654
