accepted_species,0,1
t69,0.41771624041333577,0.5822837595866642
t70,0.4149809154230908,0.5850190845769092
t4,0.4071352472954025,0.5928647527045975
t56,0.39672480262647547,0.6032751973735245
t57,0.40768556914119103,0.592314430858809
t18,0.4060399980549353,0.5939600019450647
t24,0.4056564173394942,0.5943435826605058
t74,0.414140994541376,0.585859005458624
t75,0.40701664549814776,0.5929833545018522
t5,0.4014715882714548,0.5985284117285452
