accepted_species,0,1
t69,0.5044561460412628,0.49554385395873723
t70,0.5044561460412625,0.49554385395873746
t4,0.49643650938465567,0.5035634906153443
t56,0.4922811652431375,0.5077188347568625
t57,0.4922811652431376,0.5077188347568624
t18,0.4930133677124523,0.5069866322875477
t24,0.4991436635589732,0.5008563364410268
t74,0.4976390076365066,0.5023609923634934
t75,0.4976390076365066,0.5023609923634934
t5,0.49896881404369564,0.5010311859563044
