accepted_species,0,1
t69,0.4146052,0.5853948
t70,0.4146052,0.5853948
t4,0.74809563,0.2519044
t56,0.74809563,0.2519044
t57,0.74809563,0.2519044
t18,0.74809563,0.2519044
t24,0.74809563,0.2519044
t74,0.4943468,0.5056532
t75,0.4943468,0.5056532
t5,0.41244435,0.58755565
