"accepted_species","0","1"
"t7",0.0199447322278515,0.980055267772148
"t85",0.00380585790802689,0.996194142091973
"t38",0.00823754875608837,0.991762451243912
"t98",0.00180860641053513,0.998191393589465
"t23",0.23329659573771,0.76670340426229
"t17",0.21662704906192,0.78337295093808
"t12",0.212254693547521,0.787745306452479
"t73",0.0445398497745102,0.95546015022549
"t16",0.0198003340968116,0.980199665903189
"t18",0.0209576821355074,0.979042317864493
