accepted_species,0,1
t38,0.3828475843291498,0.6171524156708502
t79,0.43754713129958034,0.5624528687004197
t7,0.4618076566185608,0.5381923433814392
t26,0.5131543075385012,0.4868456924614988
t28,0.5110331489728257,0.48896685102717424
t63,0.5097110320809862,0.4902889679190138
t4,0.4754883969479754,0.5245116030520246
t39,0.5094185724580915,0.4905814275419085
t53,0.4730345470051487,0.5269654529948513
t10,0.47086796408390086,0.5291320359160991
