accepted_species,0,1
Gentiana_algida,0.6854466867445763,0.31455331325542374
Gentiana_aquatica,0.6856844820271422,0.31431551797285784
Gentiana_aristata,0.6860725970508155,0.3139274029491845
Gentiana_macrophylla,0.6936150035799071,0.3063849964200928
Gentiana_pyrenaica,0.6733700765964826,0.3266299234035174
Gentiana_scabra,0.6953447531981802,0.3046552468018197
Gentiana_septemfida,0.6727019729244774,0.32729802707552264
Gentiana_straminea,0.695453874999954,0.30454612500004596
Gentiana_clusii,0.6777019954304369,0.3222980045695632
Gentiana_lutea,0.6791789447754188,0.32082105522458115
