accepted_species,0,1
t1,0.8977832,0.10221676
t16,0.007954717,0.9920453
t35,0.028067231,0.97193277
t38,0.91357803,0.08642197
t43,0.119380295,0.8806197
t50,0.011450708,0.9885493
t56,0.31155425,0.68844575
t75,0.0075328946,0.9924671
t90,0.9805907,0.019409304
t92,0.99681616,0.0031838182
t98,0.955034,0.04496597
t114,0.91483176,0.08516827
t119,0.9967075,0.0032925115
t128,0.057628214,0.9423718
t142,0.6540221,0.3459779
t152,0.9910674,0.008932597
t161,0.6920396,0.3079604
