accepted_species,0,1
t174,0.5351514816537608,0.46484851834623914
t241,0.49131162945012274,0.5086883705498773
t244,0.6856675706237108,0.31433242937628925
t246,0.1471471632577247,0.8528528367422753
t261,0.8340566392981885,0.1659433607018115
t265,0.7108388306061669,0.2891611693938331
t270,0.9650356411660777,0.03496435883392237
t304,0.9720479402055883,0.027952059794411736
t311,0.6849914454122357,0.3150085545877644
t319,0.5375357743896261,0.46246422561037387
