accepted_species,0,1
Ixora_blumei,0.87579244,0.12420758
Tarenna_confusa,0.8619026,0.13809742
Rothmannia_whitfieldii,0.8619026,0.13809742
Virectaria_multiflora,0.8920436,0.10795638
Tarenna_calliblepharis,0.8619026,0.13809742
Cyclophyllum_pindaiense,0.8672447,0.13275528
Gardenia_pterocalyx,0.8619026,0.13809742
Gardenia_siphonocalyx,0.8619026,0.13809742
Bullockia_fadenii,0.8672447,0.13275528
Pavetta_hookeriana,0.8619026,0.13809742
