accepted_species,0,1
t95,0.6203108852804959,0.37968911471950406
t82,0.6343761350401369,0.3656238649598631
t66,0.4968846347917285,0.5031153652082715
t67,0.5895277033171868,0.4104722966828132
t91,0.5586123316850562,0.44138766831494386
t73,0.4293294554316872,0.5706705445683128
t59,0.5409614161976661,0.4590385838023339
t21,0.4888981391654389,0.5111018608345611
t87,0.7040363360932931,0.29596366390670686
t38,0.5248903136172172,0.4751096863827829
