accepted_species,0,1
t95,0.5170899,0.4829101
t82,0.5170899,0.4829101
t66,0.36155868,0.6384413
t67,0.36155868,0.6384413
t91,0.36155868,0.6384413
t73,0.32614303,0.673857
t59,0.5273289,0.4726711
t21,0.5273289,0.4726711
t87,0.5273289,0.4726711
t38,0.5273289,0.4726711
