accepted_species,0,1
t95,0.4521963,0.5478037
t82,0.4521963,0.5478037
t66,0.51540977,0.48459023
t67,0.51540977,0.48459023
t91,0.51540977,0.48459023
t73,0.4521963,0.5478037
t59,0.43595934,0.56404066
t21,0.51690495,0.48309508
t87,0.40068573,0.5993143
t38,0.51690495,0.48309508
