accepted_species,0,1
t8,0.30988544,0.69011456
t32,0.9910172,0.008982801
t47,0.99014604,0.009853954
t49,0.99427336,0.005726637
t67,0.9938119,0.006188097
t76,0.99014604,0.009853954
t79,0.92960405,0.070395954
t87,0.9938119,0.006188097
t89,0.99803966,0.0019603278
t97,0.402076,0.597924
t103,0.90474486,0.09525513
t122,0.9311579,0.068842135
