"accepted_species","0","1"
"t82",0.99438648169826,0.0056135183017398
"t62",0.989282820298747,0.0107171797012532
"t69",0.943119635127334,0.0568803648726663
"t70",0.943119635127334,0.0568803648726663
"t95",0.974042284795035,0.0259577152049651
"t96",0.974042284795035,0.0259577152049651
"t3",0.928595336366574,0.0714046636334261
"t38",0.974516865301348,0.0254831346986517
"t55",0.985941704671908,0.0140582953280918
"t66",0.990218885883345,0.0097811141166546
