accepted_species,0,1
t82,0.9995959120340312,0.00040408796596882774
t62,0.840223858834856,0.15977614116514405
t69,0.714703613134591,0.2852963868654091
t70,0.7481592096556055,0.25184079034439455
t95,0.9981318950462787,0.0018681049537212762
t96,0.9984210816990645,0.00157891830093546
t3,0.9973181586502912,0.0026818413497088117
t38,0.9946939113298932,0.005306088670106844
t55,0.9978399989968065,0.002160001003193433
t66,0.9980820582484448,0.0019179417515552653
