accepted_species,estimate
t7,0.047304057
t51,-1.0184088
t225,-0.28065827
t185,-0.6200145
t189,-0.33001873
t190,-0.33001873
t129,-0.5782518
t61,-0.51177573
t66,-0.51177573
t187,-0.33001873
t156,-0.33001873
t214,-0.54664856
t91,-0.51177573
t191,-0.54664856
t84,-0.51177573
t20,-0.056223653
t217,0.6888044
t85,0.6888044
t86,0.6888044
t105,0.6888044
t106,0.6888044
t48,0.3212243
t30,-0.20336372
