"","V_1","V_2","V_3","V_4","V_5","V_6","V_7","V_8","V_9","V_10","V_11","V_12","V_13","V_14","V_15","V_16","V_17","V_18","V_19","V_20","V_21","V_22","V_23","V_24","V_25","V_26","V_27","V_28","V_29","V_30","V_31","V_32","V_33","V_34","V_35","V_36","V_37","V_38","V_39","V_40","V_41","V_42","V_43","V_44","V_45","V_46","V_47","V_48","V_49","V_50","V_51","V_52","V_53","V_54","V_55","V_56","V_57","V_58","V_59","V_60","V_61","V_62","V_63","V_64","V_65","V_66","V_67","V_68","V_69","V_70","V_71","V_72","V_73","V_74","V_75","V_76","V_77","V_78","V_79","V_80","V_81","V_82","V_83","V_84","V_85","V_86","V_87","V_88","V_89"
"t9",-0.106135541882984,-0.0136742261001431,0.013878309919661,-0.00311203935194828,0.0642642307864767,-0.155374153111883,0.00397975537378497,-0.339574570256244,0.339452069020453,-0.121275154994917,0.0145030476097468,0.0156524961692521,-0.00317758614984037,0.00188626103316784,-0.00521563381933733,0.0012121631573978,-0.000437580401489372,0.00255806675152841,-0.00718084398643147,6.75628123733858e-05,-0.00047547129844515,0.00193165755822255,-0.000393191350706167,0.000489087354431113,-0.000240164568319855,0.00042923491884952,-0.000128032028079036,0.000840259534627129,-0.00191262805446347,-0.000449512643942521,7.61874010752251e-05,3.09031707851646e-16,2.00034922423345e-05,-0.838331855228786,0.00933669726284123,-0.0148139675909456,-0.00122309443748204,-1.36117495849856e-05,-2.13407485453277e-17,0.000557904225077414,-0.000753624064847305,-0.000512215055195792,-6.21107740297192e-14,-3.44819901156911e-05,0.000274850011274733,9.9321563272159e-05,0.00450170461766363,-0.000333575607686556,0.000216025046000686,2.45067981745103e-05,5.75862471108865e-05,0.000126251488289561,-0.000140033641933581,-4.24606713763757e-05,-6.11434495263984e-05,-7.20861703440787e-05,-8.56139913111823e-18,4.73744514668203e-17,-1.66144189910305e-06,0.000198230068326545,1.28583062745253e-05,5.57081006094953e-07,9.96909243790758e-17,-0.00249873831394897,-3.37951861615349e-17,-5.49789884815872e-17,-4.29054278583881e-16,-1.9127049293444e-15,3.49527275538348e-05,-1.32255605224463e-17,5.2772411116936e-17,-1.58318117332618e-05,9.12536584948396e-18,-1.8926368167951e-18,0.000424665849895279,-2.71189749459409e-17,-4.19099131038502e-06,4.65480621048286e-17,-1.04217969705496e-17,-1.5854515176047e-17,-2.4456854649315e-17,-2.48071817306264e-17,2.369752746572e-17,2.27860732618124e-17,1.46613513013867e-05,-1.10704326230728e-17,1.38832883790506e-18,3.11212851451366e-18,-2.17664826566408e-16
"t50",-0.107534633715322,-0.0138877570958375,0.0141812707774554,-0.00321796197082554,0.067713660504947,-0.163887872131598,0.00426278516467752,-0.369616884233635,0.376187567114796,-0.13473488409293,0.0161210758756143,0.0174602805705549,-0.00362146241606144,0.00218137869892463,-0.0062240193150812,0.00146771320069319,-0.00054853229586218,0.00323628363873455,-0.00950237366067004,9.25198560754523e-05,-0.000667099323864991,0.0029615282426292,-0.000716494531360745,0.0016524197842036,-0.000844783712748336,0.00216214782083858,0.00131919768455938,-0.00376953036459737,0.00853253595979767,0.000877021368884316,-0.000113160965644783,1.65480198011498e-17,-1.47413440313015e-05,0.385117765425535,-0.00278429728068374,0.00351888681694793,0.000154766475722826,1.5798942644966e-06,2.73741333912344e-16,6.80122419026167e-06,-8.57057024878048e-05,-6.76376066811386e-05,-9.97299754188351e-15,-5.64839154678598e-06,5.97093753143561e-05,2.32053190042704e-05,0.0012943872021538,-0.00010569364139504,7.31791046069038e-05,8.84986888403176e-06,2.19780699546877e-05,4.86225405565298e-05,-5.60167412796438e-05,-1.70382181496111e-05,-2.53657170560395e-05,-3.02622755560698e-05,1.02364306337607e-15,1.10205941102992e-15,-7.36135656168671e-07,9.07941733207374e-05,5.94690784824414e-06,2.66229958375505e-07,-8.56776713569114e-16,-0.0012192247992106,-2.47076172874642e-15,-2.19462052092197e-15,3.24505743607162e-14,-0.707106781186547,1.81756606763234e-05,1.017456233219e-15,9.72395918183472e-16,-8.44164695565814e-06,9.65893751724393e-16,7.36421212543732e-17,0.000233267189914297,5.22896460153995e-16,-2.379601864438e-06,4.33587043527072e-16,1.40569110749197e-16,2.00645077805869e-16,6.96785818891465e-17,1.44595841937156e-16,-3.92900308095581e-16,-4.57804462172376e-16,8.58094944292267e-06,-3.89400421205624e-16,2.80131865386581e-16,-1.15901100261153e-16,-1.90780423913698e-16
"t51",-0.107534633715322,-0.0138877570958375,0.014181270777455,-0.00321796197082555,0.0677136605049467,-0.163887872131598,0.00426278516467752,-0.369616884233636,0.376187567114795,-0.13473488409293,0.0161210758756145,0.0174602805705553,-0.00362146241606143,0.00218137869892447,-0.00622401931508104,0.00146771320069355,-0.000548532295862134,0.00323628363873443,-0.00950237366066964,9.25198560754133e-05,-0.000667099323865205,0.00296152824262928,-0.000716494531360465,0.00165241978420396,-0.000844783712748406,0.00216214782083879,0.00131919768455979,-0.00376953036459707,0.00853253595979597,0.000877021368884084,-0.000113160965644686,-3.32848429748058e-16,-1.47413440310697e-05,0.385117765425532,-0.00278429728068655,0.00351888681694754,0.000154766475722669,1.579894264411e-06,-2.03325487632832e-16,6.80122419064827e-06,-8.57057024875424e-05,-6.76376066809037e-05,-9.75747854580814e-15,-5.64839154670479e-06,5.97093753157791e-05,2.32053190039131e-05,0.00129438720214996,-0.000105693641395602,7.31791046021292e-05,8.84986888388583e-06,2.19780699547278e-05,4.86225405568612e-05,-5.60167412778689e-05,-1.70382181503927e-05,-2.53657170582465e-05,-3.02622755555918e-05,-1.0069716310074e-15,-1.0260437080803e-15,-7.36135656260195e-07,9.07941733195571e-05,5.94690784299425e-06,2.66229957739521e-07,9.70240632222586e-16,-0.00121922479922548,2.4212896281429e-15,2.13476069933249e-15,-3.18202577466785e-14,0.707106781186549,1.81756606791417e-05,-1.03541282218507e-15,-9.47673681191581e-16,-8.44164695626473e-06,-9.45270724025026e-16,-2.1096182485365e-16,0.000233267189916915,-6.34119942631784e-16,-2.37960186524316e-06,-4.11084916226709e-16,-2.05637602312234e-16,-1.95212679593363e-16,-8.45919036395335e-17,-2.48012694208885e-16,5.04938908664165e-16,5.34503117234772e-16,8.5809494420722e-06,3.63836872160682e-16,-2.68090819043505e-16,3.32115967475151e-17,2.12235201762496e-17
"t6",-0.165634758984187,-0.0245950493808088,0.0459018715481123,0.00719478901887893,-0.0178739001837199,0.0389264264352673,-8.55784540114623e-05,-0.0454514639590326,-0.104247187707698,0.0105851489855453,-0.000932606101599558,0.297223229775322,-0.000419597045201316,0.000299858258920445,-0.000976266644550344,0.000235344751217132,-9.01640992649555e-05,0.00053746296355766,-0.026734604940266,7.6773672664053e-06,-5.59522288995621e-05,0.000136619329442513,4.06741933992611e-05,-0.00078909865564383,0.000427344802833597,-0.00163453388166851,-0.00508054685926723,0.297235716181842,-0.811956823354339,0.00213674016645776,-0.000185249390188013,-2.42979169519936e-16,-8.87795642204261e-06,0.0132172965706661,0.324648226166799,-0.0101948579994179,-0.000234366690519426,-2.75343872585159e-06,-3.38191363655261e-16,0.000170478445605465,-0.0374403749728891,-0.000174166598695411,-2.2888221383786e-14,-1.28080237811607e-05,0.00116479771517826,4.02503062613196e-05,0.00338841753136336,-0.000142112154376492,0.000982352874032653,1.07853543644515e-05,2.56485604407173e-05,5.63387620337238e-05,-0.000636449181905061,-1.90458414027237e-05,-0.000277624713351783,-3.26958403360313e-05,2.49254544081025e-17,-1.05342581692325e-16,-7.61295191201521e-07,9.14012392318423e-05,5.78584511178299e-05,2.59609273773287e-07,1.68415727501263e-17,-0.00177025519372037,1.00203363971367e-17,-1.92620154587382e-16,-5.47333883576608e-16,-5.33037781967294e-16,1.63628280763353e-05,1.3219676180667e-16,1.14073634253431e-16,-7.4404003698617e-06,-2.89598061557762e-16,-4.47629456767272e-16,0.000303934877119919,-1.02699419948821e-17,-1.98545734348663e-06,-5.94047102932902e-17,-1.5240773288826e-16,-9.34759435894673e-17,8.75864297699391e-17,-1.35158946949283e-16,7.99958575029477e-17,5.17904095958212e-17,6.97029618430136e-06,-5.94271208682178e-17,4.02697949572321e-18,-6.38399427241981e-17,2.14714586725173e-16
"t45",-0.17114567783408,-0.0255679889245674,0.0484643287072455,0.00783291596536397,-0.0204528388842581,0.0446703898666821,-0.000102411319526866,-0.0569028362460262,-0.137499572283043,0.0140648977111986,-0.00124110994823158,0.399726809917948,-0.000602587189111227,0.000451105923050884,-0.00163195253607791,0.000414290449237675,-0.000181138052361861,0.00112085069865967,-0.0681333648004179,2.33820300054639e-05,-0.000196926026998223,0.00104817544192932,-0.000296387426290431,0.000953666067999332,-0.000496297722975835,0.00146753434902418,0.00242387043826141,-0.114689286697977,0.31266440289515,-0.000527859684616019,3.57361303617141e-05,2.76687679620386e-16,2.74289955967901e-07,0.00192790537740134,0.296531050431143,0.0245344524152171,5.86221917281563e-05,6.08123154316667e-07,-9.83486026104303e-16,3.08672611766666e-06,-0.260554421121537,9.42952245957043e-05,6.56288304496716e-15,1.93018637272347e-06,-1.2395597041111e-05,5.50481911093462e-07,0.000259089500123826,-1.49636789362466e-05,0.000123479605936706,1.57406678273706e-06,4.21237555097876e-06,9.4259211014972e-06,-0.000114865375964452,-3.45833999548747e-06,-5.37420710473283e-05,-6.47230416545279e-06,7.20614350470663e-17,-2.42800432101085e-16,-1.66417337789245e-07,2.12026565923674e-05,1.36542675882978e-05,6.48866548597096e-08,-8.56119679825437e-16,-0.000458686754320933,5.21306331212814e-15,5.07373033691542e-15,-0.707106781186548,-3.11472829578588e-14,4.72808086746536e-06,4.11623778273116e-16,1.98021679657951e-15,-2.24339404017974e-06,-1.65661903707478e-15,-7.10322156425249e-16,9.63704901766399e-05,1.75360935687803e-16,-6.6579756786018e-07,1.99903190247411e-16,5.31570921393375e-17,-4.12969891387181e-16,-5.59960193493918e-16,-5.1132599147035e-16,-5.35857410152677e-16,-4.60310951692309e-16,2.46055504695311e-06,-1.99304883852676e-16,1.009259868339e-16,-3.35604057041581e-17,-2.95877275109197e-17
"t46",-0.17114567783408,-0.0255679889245673,0.0484643287072455,0.00783291596536397,-0.020452838884258,0.0446703898666821,-0.000102411319526763,-0.0569028362460264,-0.137499572283043,0.0140648977111986,-0.00124110994823144,0.399726809917948,-0.0006025871891111,0.000451105923050964,-0.00163195253607788,0.000414290449237677,-0.000181138052362007,0.00112085069865949,-0.0681333648004177,2.3382030005678e-05,-0.00019692602699794,0.00104817544192966,-0.000296387426290461,0.00095366606799938,-0.000496297722975679,0.00146753434902444,0.00242387043826135,-0.114689286697976,0.312664402895149,-0.000527859684615871,3.57361303614797e-05,-1.40443559155527e-16,2.74289955630978e-07,0.00192790537740092,0.296531050431144,0.0245344524152167,5.86221917282039e-05,6.08123154142886e-07,-7.60713304816007e-16,3.08672611773925e-06,-0.260554421121536,9.42952245961401e-05,5.78340916631825e-15,1.93018637260726e-06,-1.23955970421255e-05,5.50481910914568e-07,0.000259089500126249,-1.49636789368235e-05,0.000123479605935267,1.57406678175628e-06,4.21237555159014e-06,9.42592110080112e-06,-0.000114865375964151,-3.45833999785312e-06,-5.3742071044841e-05,-6.4723041655448e-06,4.95178941485181e-16,4.82333466909723e-16,-1.66417341314035e-07,2.12026565912128e-05,1.36542675888691e-05,6.4886653783241e-08,9.75307229940494e-16,-0.000458686754342431,-5.41508129144152e-15,-4.99268806040991e-15,0.707106781186548,3.25169433514319e-14,4.72808087294474e-06,-2.74141270560028e-16,-1.89326044053338e-15,-2.24339403961773e-06,1.74964772566957e-15,6.37837874110129e-16,9.63704901717919e-05,-3.48783449853047e-16,-6.65797567510287e-07,-3.71401943994405e-17,-2.57735258466158e-16,3.15370431035233e-16,6.59513777355358e-16,3.8452065862681e-16,5.11945977456944e-16,6.22294955721614e-16,2.46055504871798e-06,3.96818641685859e-17,-2.66155850975089e-16,-2.16463220571588e-17,4.02972482654547e-17
"t14",-0.169591910040654,-0.0252938616319825,0.0477435974847833,0.00765403125996267,-0.0197336671678642,0.0430690785732945,-9.77383980276005e-05,-0.0537377225247755,-0.128353076752154,0.01310838478759,-0.00115632024500063,0.371581032126101,-0.000552625087173507,0.000409967547767554,-0.00145504215032739,0.00036618631271555,-0.000156892321665206,0.000965719536046213,-0.0572430306461255,1.92836766856563e-05,-0.000160340604898623,0.000816176270016932,-0.000213516025259087,0.000562875565825859,-0.000290127526303213,0.000798571889404423,0.00100954081559424,-0.0420946104002072,0.114608462270826,-0.000138667343307327,7.50024973900291e-06,-3.45643962279282e-16,4.8807529279481e-09,-0.000309195377049959,-0.104009347335296,-0.0112087026310335,-4.37330922542992e-05,-4.76175147694699e-07,1.70010419029782e-15,-4.73284599744362e-06,0.876446220730057,-0.000388901766297591,-3.08467865629407e-14,-1.26180510690887e-05,0.000756853712010989,2.4581933756531e-05,0.00184050848801797,-7.48581156094672e-05,0.0005104921708553,5.56261364377617e-06,1.31965709481153e-05,2.89860652341194e-05,-0.000327754312264267,-9.8096036958318e-06,-0.000143330767716181,-1.68997771742476e-05,-7.68958516245321e-17,-7.06103784366684e-16,-3.96438564572082e-07,4.7898861358567e-05,3.03847046843077e-05,1.37425056498186e-07,5.66478831095647e-17,-0.000942481257693641,2.25893625579803e-16,-2.42833227655206e-16,-1.58211558747351e-16,-3.25132004949964e-16,8.8960069904002e-06,-1.15905182499969e-16,1.20248584403709e-16,-4.08448134946097e-06,2.93014453656388e-16,4.55167223980872e-16,0.000168955370544713,-8.44439529208757e-18,-1.12081326964855e-06,3.50499375100148e-16,1.74530476127159e-16,5.586572356046e-17,-2.24853572273372e-16,-1.02727467671451e-16,-2.7134740988493e-17,-1.41556191058118e-16,3.99597526991608e-06,-8.37053445461404e-17,7.7435158424504e-17,-2.10464719279947e-16,-5.99212858953036e-16
"t10",-0.168315311578725,-0.0250684825086001,0.0471500215818345,0.00750622149516988,-0.019136384982033,0.04173878880465,-9.38405299767062e-05,-0.0510865254900772,-0.120656563784697,0.0123030028189325,-0.00108491814958642,0.347858319882762,-0.000510291444260727,0.000374987648895809,-0.00130350678120723,0.000324845484961065,-0.000135895415343547,0.000831109931658924,-0.0477046276043255,1.56696590893743e-05,-0.000127928659783925,0.000607353638380652,-0.000136914627608023,0.000178529125467502,-8.67931617041156e-05,0.000125391470919967,-0.000511399784255086,0.0381053737857883,-0.104254338737016,0.00031759378451087,-2.66590544985691e-05,2.00868581064415e-16,-3.63894152603108e-07,-0.00379668022682732,-0.837226491447123,-0.0836766616983447,-0.000337311792046051,-3.76050711087965e-06,5.58464096041403e-16,0.000169073564514047,-0.307643000850467,-2.84401582963271e-05,-9.72718435657465e-15,-6.90603838496048e-06,0.000731046454427154,2.56245444912466e-05,0.00221055807511323,-9.34416619147015e-05,0.000649267726238256,7.16533381752345e-06,1.71231273625196e-05,3.76439581195831e-05,-0.000426848760713522,-1.27776114514263e-05,-0.000186922825115584,-2.204355702507e-05,-3.14841387517339e-16,8.01833751602737e-16,-5.16695232019326e-07,6.23198615658407e-05,3.95055893848038e-05,1.78162840463101e-07,5.61405406488392e-17,-0.0012190895286506,-2.10054941484798e-16,2.44549935759503e-16,2.72434181117738e-16,-1.88416132949136e-15,1.14031541552465e-05,-2.10735607477187e-16,-1.24251828937204e-16,-5.21260543083544e-06,-1.49448581699547e-16,-6.79684482425425e-17,0.000214370658869646,-1.70823732703818e-16,-1.41186273997812e-06,-2.46796707731556e-16,5.39196914613825e-17,7.58015475676825e-17,1.3862158985142e-16,1.89705682083653e-16,1.36098921885559e-16,3.41569128869895e-17,4.99712187890426e-06,2.36501392262872e-16,-6.13496812738632e-17,2.68298686840351e-16,-1.27169147566078e-16
"t23",-0.183791419856947,-0.0279382639284834,0.0558138146792739,0.010512172576973,-0.0501148880446298,0.117190551876975,0.000596752720505009,0.0417771176132624,0.0277645340839244,-0.00237877013175786,0.000202159954124533,-0.0501710293907163,8.01932346672363e-06,1.65592141707083e-07,0.000110719353530797,-5.92178268072757e-05,9.27744841888595e-05,-0.00078216803591824,0.505617879451783,7.72968636902358e-05,-0.0003915033893186,0.00113591618291531,-0.000226534120185369,0.000461538284355235,-0.000235345646373007,0.000594382113183346,0.000420594442843248,-0.00783318656897764,0.0210155262378159,0.000115413014082401,-1.53158737688146e-05,-1.82855067530245e-16,-1.35328803249297e-06,0.00248370475376422,0.00692700454931576,-0.0500710420810264,-2.10982436240877e-05,-3.03230244687059e-07,-6.11680466380656e-17,3.60940461637668e-05,-0.000752181332020924,-4.79023027652112e-05,-6.54607199650251e-15,-3.47930009188995e-06,0.00216788946935016,1.13240772200882e-05,0.000970875276362221,-4.00343270046503e-05,0.0016033872502996,2.46216203172073e-06,2.36413975237344e-06,1.68373985851098e-06,0.81920164952502,-8.40995887947171e-05,-0.00115281386897904,-2.07468658914736e-05,4.47617385044988e-15,-5.23330206483456e-16,-3.86229611593877e-07,4.42052851065662e-05,0.000154621606492338,1.22062552178208e-07,2.55206019417572e-17,-0.000827197783270346,-3.4119741384336e-16,6.25491271379342e-16,-2.34204897143638e-16,-1.16800365948982e-15,7.6361200617818e-06,4.68354675541154e-18,-1.52389653065946e-16,-3.48777984781582e-06,2.36443054727418e-17,-1.13436774967403e-16,0.000143599003821965,8.16247962678966e-17,-9.48904892952187e-07,-1.42546952011174e-16,-2.01971071895181e-16,2.53184529928364e-17,-5.11931252046985e-17,-1.14278991606018e-16,-6.30245158415406e-18,-2.75149842838468e-16,3.37378856777977e-06,5.77239427657727e-17,2.8701537631609e-17,2.91904683314905e-16,6.03969222743687e-17
"t26",-0.183923050470915,-0.0279618752953211,0.0558791107984624,0.0105309860395304,-0.0502521670601068,0.117517715313186,0.000598863409700723,0.0419563936111011,0.0279062882551783,-0.00239117792580613,0.000203219091541484,-0.0504416738215673,8.06996516270093e-06,1.66737863342703e-07,0.000111622736689826,-5.97335162063617e-05,9.36982855671738e-05,-0.000790204658473542,0.511559477424513,7.82860360379195e-05,-0.000396788850616364,0.00115390096897011,-0.000230951953498319,0.00047403294788019,-0.000241789809632268,0.000611953565017434,0.000435740426238762,-0.0081335499295451,0.021821830820874,0.000120375398287568,-1.60084823344507e-05,-9.23275802294257e-17,-1.42455268340397e-06,0.00262966190224676,0.00737437585744173,-0.0534534598802352,-2.26764292335369e-05,-3.26169831365357e-07,6.96663606920767e-16,3.93392207993313e-05,-0.000835455125262971,-5.34701378107211e-05,-6.32777366419718e-15,-3.92451070483973e-06,0.00250961754796407,1.32593389104321e-05,0.00120925048524551,-5.34348428344773e-05,0.00236189092890405,4.58485308949474e-06,1.29534963650381e-05,3.03078522302931e-05,-0.405523045102091,3.0878182353187e-05,-0.000346736688704414,-8.49187678029096e-06,-0.707106781186549,-4.73104560738272e-15,-2.57063678336144e-07,3.28205709648286e-05,0.000117447772031952,9.83547572606344e-08,-6.52253975169572e-16,-0.000685187825276434,4.15575166268848e-16,1.16414314923651e-15,5.01087150832904e-16,-7.97303053186075e-16,6.70215694132021e-06,-4.28180960984968e-16,-1.01174174729975e-16,-3.11021899087618e-06,4.26553144794027e-16,-4.08308411769111e-16,0.000130071753328227,-4.68340458420643e-16,-8.71922128039778e-07,-1.45892246232307e-16,7.02419822366656e-17,-1.35022594674097e-16,4.01419289222491e-16,2.8775163924707e-17,2.38817895846509e-16,5.39668317283283e-17,3.13424219490862e-06,-1.15465806477558e-16,-1.4545251550121e-16,-2.46241762295588e-16,-2.54224997954044e-16
"t27",-0.183923050470915,-0.0279618752953212,0.0558791107984624,0.0105309860395304,-0.050252167060107,0.117517715313186,0.000598863409700556,0.0419563936111012,0.0279062882551786,-0.00239117792580573,0.000203219091541293,-0.0504416738215675,8.06996516283798e-06,1.66737863155353e-07,0.000111622736689798,-5.9733516206209e-05,9.36982855671929e-05,-0.000790204658473466,0.511559477424513,7.82860360379815e-05,-0.000396788850616593,0.00115390096897028,-0.000230951953498128,0.000474032947880065,-0.000241789809632357,0.000611953565017621,0.000435740426238619,-0.0081335499295447,0.0218218308208736,0.000120375398287808,-1.60084823344181e-05,2.0220188216721e-16,-1.42455268287855e-06,0.00262966190224663,0.00737437585744101,-0.0534534598802353,-2.2676429233523e-05,-3.26169832162585e-07,-5.76817593260639e-16,3.93392207983442e-05,-0.000835455125262848,-5.3470137811009e-05,-7.2274485455377e-15,-3.92451070568281e-06,0.00250961754796553,1.32593389117631e-05,0.00120925048524423,-5.34348428343247e-05,0.00236189092890752,4.58485308757689e-06,1.29534963645992e-05,3.03078522318791e-05,-0.405523045102098,3.08781823580894e-05,-0.000346736688719249,-8.49187680576451e-06,0.707106781186544,5.32070427491667e-15,-2.57063680709341e-07,3.28205709629568e-05,0.00011744777203362,9.83547560211339e-08,7.79229600596245e-16,-0.000685187825270717,-1.77651272275548e-16,-2.00839714875079e-15,-6.29120179768476e-16,1.53457162866592e-15,6.70215694158552e-06,5.16613449962835e-16,3.47421537878846e-16,-3.11021898974904e-06,-4.77436287553109e-16,6.74466252142058e-16,0.000130071753326813,2.85611051527188e-16,-8.71922127290866e-07,4.6491611167906e-16,1.34090681830196e-16,9.15957903879016e-17,-3.79686035113918e-16,-9.75197330387613e-18,-6.88781747117384e-17,3.41605111141277e-16,3.13424219501536e-06,8.74407031645796e-17,1.45662201648635e-16,-3.46923942643472e-16,-1.95598269785012e-16
"t13",-0.189908938736022,-0.0290654292567462,0.0591553279198419,0.0116212795278975,-0.0604611436833364,0.14221629437594,0.000799930079585898,0.0646461427213529,0.0546884287982042,-0.00489589646915012,0.00042010255869479,-0.111765141019998,3.68343394236276e-05,8.5148589362774e-06,-0.000196885869019628,6.36920830664675e-05,-4.22238028792606e-05,0.000293658371575189,-0.0789701961929034,-6.084985432141e-06,1.77195490202566e-05,7.20455854045371e-06,1.04616637311081e-06,-8.46311300105457e-05,4.56350855226433e-05,-0.000163450253212342,-0.000249899099977502,0.00584030783816306,-0.0157013493673019,-0.000130034229910765,2.08013614098833e-05,-2.72936051428974e-16,3.41649158189136e-06,-0.0110324686979636,-0.0623487753345548,0.768472668779218,-0.000914658224255141,-9.58295364504607e-06,1.19435255068909e-15,0.000259778950104591,-0.00342158120668541,-0.000206744891340198,-2.51464282294255e-14,-1.42038652616357e-05,0.547865297531877,1.55525505593848e-05,0.00224429540422988,-9.61173011454833e-05,0.0584424812502446,6.53649107461903e-06,1.56288458037388e-05,3.43066138043351e-05,-0.00224880440835917,-1.13435166602498e-05,-0.0101049715720255,-1.93094967845444e-05,-6.31526082615891e-16,-1.0728422581438e-15,-4.46666767395774e-07,5.31796405881975e-05,0.00165202549383715,1.492517801071e-07,-8.61479949395934e-17,-0.00101202303210035,7.15745171744105e-16,-1.15899719981159e-16,6.75769159175446e-16,-7.56745192905181e-17,9.1980546005942e-06,-2.64037754821401e-17,4.37012078802677e-18,-4.15628240949288e-06,5.97539507322541e-17,-6.51522930878625e-16,0.00016858523557213,-1.01885436996982e-16,-1.09331150899392e-06,1.19156621796606e-16,-8.50740431421762e-17,1.06841182035179e-17,-1.96876096281483e-16,-8.30751468156322e-17,-7.54870930362046e-17,2.91772887114153e-16,3.81542273687502e-06,-5.3978198591391e-17,-4.04264800974774e-17,2.63271641334053e-16,-6.99735205302536e-17
"t17",-0.192260693649245,-0.029493211577393,0.0603827488052388,0.0120035930003569,-0.0636852305303382,0.149970387375046,0.000857876343618558,0.07062165855699,0.0610580792584061,-0.00548317008502267,0.0004708028790945,-0.125813157236435,4.26500237571126e-05,1.0061865131028e-05,-0.000243914855150462,8.07983704930598e-05,-5.69838870559131e-05,0.000403432988123984,-0.119588946131488,-1.00644486980515e-05,3.14938331759593e-05,1.85054681132446e-05,-1.50409152488845e-05,9.39349844417299e-06,-3.75087099170612e-06,-1.17607872915561e-05,-7.32454947107085e-05,0.00196146972499533,-0.0052788523089422,-5.13651974174349e-05,8.63933599969189e-06,-4.46467260177189e-16,1.57644018069569e-06,-0.00533684103388736,-0.0309936198904433,0.385554097861241,-0.000464684918627582,-4.87176235462259e-06,-2.38585810168422e-15,0.000130630307799043,-0.00154941886830847,-8.83096520706977e-05,-1.02822961306611e-14,-4.8272978219726e-06,-0.780929582220223,4.67098749603444e-05,0.00228287681659678,-0.000100680692642983,0.348768964612636,3.70351596704673e-06,1.03778213248317e-05,2.3034212948702e-05,-0.00156217840816995,-7.89965737525147e-06,-0.0255897567153979,-1.32745764347287e-05,-1.29539158683245e-16,1.78131138147955e-15,-3.17997197241343e-07,3.82134578725789e-05,0.00335673692506387,1.08188870941327e-07,3.29746889298401e-16,-0.000736862727544918,-8.2914397389935e-16,3.69356637046371e-16,3.26631073326493e-17,1.85050313977213e-15,6.78805790322277e-06,4.49294688767907e-17,6.36486676567751e-17,-3.08424043668769e-06,-1.02084993166911e-16,-2.25011900382208e-16,0.000125956364993941,-2.31220403294758e-16,-8.23430013541595e-07,-1.40900740904585e-17,-1.08191542615397e-16,1.43573169389146e-16,3.68364826486351e-16,-2.0718734337806e-16,1.83680543245887e-16,-3.20562584908626e-16,2.89612694597549e-06,-2.57001288592555e-17,9.65448569006428e-17,-3.90308501606492e-16,-3.15096991773768e-16
"t36",-0.196056715947187,-0.0301836144907187,0.062363040363878,0.0126200132759669,-0.068878362681637,0.162459435865923,0.000951131985660436,0.0802303821069021,0.0712912563606432,-0.00642653808402199,0.000552243301497321,-0.148374646367664,5.198028947688e-05,1.25420162607123e-05,-0.00031919960830723,0.000108164010730286,-8.05593982062328e-05,0.000578699475468597,-0.18431665912184,-1.63970210216658e-05,5.33919775124875e-05,3.64122470460915e-05,-4.03899754581327e-05,0.000155624011133906,-8.05126862826952e-05,0.000223015083822775,0.000196402733555269,-0.00392652396860125,0.0105414221180783,6.66296674110209e-05,-9.48948830164879e-06,1.44083038883829e-16,-1.10328660622244e-06,0.00277399742294079,0.0125683587685729,-0.139015740959343,0.000128072963998497,1.30285073679076e-06,1.01923575691683e-15,-2.15814350554037e-05,0.000129275354433614,6.0913163418832e-06,7.73684503165657e-16,2.15120661231803e-07,0.00578623488718103,9.22554530948059e-08,2.72324930766649e-05,3.98490369361328e-06,-0.168169364694177,1.38698629729072e-06,2.05470758563335e-06,4.07132060135582e-06,-3.06476605568921e-05,5.71464249879416e-08,0.694776445064572,-1.64948177896491e-05,7.15394065781407e-15,-7.23987364779887e-15,-1.62018355469247e-07,2.23625791712992e-05,0.562278713790943,3.98604430482368e-08,6.72342282579824e-16,-0.000284103024250526,3.34538341023859e-15,-2.01815224653532e-15,-1.57423702791341e-15,2.6828716519005e-15,2.80378169168621e-06,-4.27571645996699e-16,-3.72519389042397e-16,-1.30761524473827e-06,-1.76078639095574e-16,-6.91030378839244e-16,5.51731535484365e-05,-2.30848059079839e-17,-3.7482137460362e-07,3.10210883596291e-16,1.51654684351917e-17,1.35831017502877e-17,-9.6966789814105e-16,7.65663210336336e-17,-7.03961115600036e-17,2.96611288096886e-16,1.36775713956562e-06,-7.38546823832678e-17,-3.92125578362741e-17,-2.68064618378424e-16,-5.0107910557982e-16
"t38",-0.196406371162795,-0.0302471924711566,0.0625452883766029,0.012676675316204,-0.0693548427697724,0.163605213560121,0.000959675041627167,0.0811093215634393,0.0722258066776199,-0.00651267272483613,0.000559678914645215,-0.150433901118131,5.2830322446934e-05,1.27676952615396e-05,-0.000326032831066803,0.000110645062808723,-8.26913244808495e-05,0.000594538330086714,-0.190148070484994,-1.69662713748993e-05,5.53575092229683e-05,3.80114617657967e-05,-4.2635582472389e-05,0.000168354117015712,-8.71902764595922e-05,0.000243332060641727,0.000219368507229849,-0.00442502474383154,0.0118807528091567,7.64988658784882e-05,-1.09967972275428e-05,-9.58338292111248e-17,-1.32155151644155e-06,0.00342304444986537,0.0159936361311807,-0.179883878803274,0.000173188846205881,1.77149426400008e-06,5.36284988740692e-16,-3.25741214512315e-05,0.000240953469179954,1.22224992149915e-05,1.56657882158009e-15,5.25231760595875e-07,0.0468129684649838,-2.1290544572135e-06,-1.24317387221462e-05,2.42063561180532e-07,-0.0441581432769604,5.48960520595524e-07,9.8407110566941e-07,1.99550572811159e-06,-1.62374518614169e-05,3.04309516366112e-08,0.385553788750608,-9.22639049790504e-06,4.97920659557965e-15,-5.16487137011581e-15,-8.44427783294852e-08,2.97485854332605e-06,-0.810890376709396,4.02990129610991e-08,-1.07860674315661e-15,-0.000259918286116934,2.75010302305033e-17,2.44041404031288e-15,-4.93883245421741e-16,-2.50855242752529e-15,2.42914046548817e-06,1.63820394782797e-16,1.04740138895446e-16,-1.134290743522e-06,1.28478619621017e-16,5.83988560878258e-16,4.81335954758827e-05,1.65619987106037e-17,-3.2989463237727e-07,-2.05648790799617e-16,-1.88176309741693e-16,9.31638633790835e-17,1.03515644116872e-16,-1.70167507414318e-16,1.51561707247867e-16,1.81943278938892e-16,1.21470278877404e-06,1.5975198687035e-16,1.42053356349901e-16,2.03871243362517e-17,1.49547452117558e-17
"t80",-0.1975862427708,-0.0304616950845552,0.0631599208688134,0.0128676236624519,-0.0709587081726065,0.167461737329571,0.000988403959717568,0.0840623883428645,0.0753626806087245,-0.00680175102463704,0.00058463305425123,-0.157343554027845,5.56794514370296e-05,1.35235899874075e-05,-0.000348887351681704,0.00011893800197342,-8.98071703415784e-05,0.000647385550312962,-0.209572666233042,-1.88602586571997e-05,6.18920796131989e-05,4.33147040155846e-05,-5.00534337540687e-05,0.000210084094493534,-0.000109073131999776,0.000309771265151807,0.000294017046220326,-0.00604194376284969,0.0162248710416761,0.000108379274285704,-1.58565574730914e-05,-1.83553044777695e-16,-2.02094545606927e-06,0.00549283173749172,0.0268688759715156,-0.309358570044077,0.000315391110290747,3.24776662026044e-06,3.44411399508603e-16,-6.6881131096444e-05,0.000585281190753455,3.10701451241152e-05,2.61670879743897e-15,1.47283153831453e-06,0.170494514402617,-8.78961550952045e-06,-0.000128479436915296,-1.048427031255e-05,0.303651116395119,-1.72933981665887e-06,-1.8046382500982e-06,-3.36118927448585e-06,1.91011908937991e-05,-3.47377621593e-08,-0.314883379291447,6.63066782088592e-06,-4.07917100914487e-15,3.48530182550867e-15,3.01554354422795e-08,-5.51825868406325e-07,0.114176322771937,-2.11551854240868e-10,3.54394263973403e-16,-1.82667175679385e-05,-4.0598452088124e-16,-1.86481655835805e-16,4.07092742645232e-16,1.09282200397675e-15,6.38441534984643e-07,3.89659335708052e-16,-4.27503240322397e-17,-3.69628655486672e-07,1.62022996769007e-16,1.97615918121314e-16,1.89269196997077e-05,-6.72212964374118e-16,-1.51808665288262e-07,6.32467935225928e-16,1.66822227463549e-15,4.78198292963569e-15,0.707106781186547,-4.52338157667319e-15,1.63166538026014e-15,5.69476224334744e-16,6.25755743213427e-07,3.78851722048811e-16,9.80546994921518e-16,-3.05552619453281e-16,1.07545301061259e-16
"t81",-0.1975862427708,-0.0304616950845552,0.0631599208688134,0.0128676236624519,-0.0709587081726065,0.167461737329571,0.00098840395971752,0.0840623883428645,0.0753626806087244,-0.00680175102463718,0.00058463305425135,-0.157343554027845,5.56794514372516e-05,1.35235899872688e-05,-0.000348887351681537,0.000118938001973642,-8.98071703412931e-05,0.000647385550312938,-0.209572666233042,-1.88602586571236e-05,6.18920796129872e-05,4.33147040155846e-05,-5.00534337542768e-05,0.000210084094493607,-0.000109073131999676,0.000309771265151665,0.000294017046220278,-0.00604194376284953,0.0162248710416756,0.000108379274285527,-1.58565574731304e-05,6.07981914415039e-16,-2.02094545604348e-06,0.00549283173749171,0.0268688759715153,-0.309358570044077,0.00031539111029087,3.24776662048034e-06,2.69478427677584e-16,-6.68811310966053e-05,0.000585281190753205,3.10701451239313e-05,3.05864042351055e-15,1.47283153862439e-06,0.170494514402617,-8.78961550949096e-06,-0.000128479436915019,-1.04842703123886e-05,0.30365111639512,-1.7293398167056e-06,-1.80463825008971e-06,-3.36118927424071e-06,1.91011908937848e-05,-3.47377619852856e-08,-0.314883379291448,6.63066782070865e-06,-4.67098761451259e-15,2.91065591853005e-15,3.01554351855269e-08,-5.51825868352548e-07,0.114176322771937,-2.11551735934082e-10,1.46758463045681e-16,-1.8266717567661e-05,-7.65003144115021e-16,2.78884219537821e-17,1.33901206114106e-15,7.15142461106693e-16,6.38441534793824e-07,-4.00732909238693e-16,3.70188899358552e-16,-3.69628655631955e-07,-1.43906377903618e-16,-5.08224908321306e-16,1.89269196988473e-05,3.53270484069501e-16,-1.51808666852766e-07,-6.31413231855627e-16,-1.51246367177596e-15,-4.91063998970659e-15,-0.707106781186547,4.35525760407932e-15,-1.52055134648911e-15,-6.70241725846186e-16,6.25755751234788e-07,-3.12390899139858e-16,-9.65989154665531e-16,5.21709038674536e-16,1.15741201470195e-16
"t21",-0.194685607506032,-0.0299342906068593,0.0616482412097532,0.012397714809176,-0.0670081999376987,0.157962200819108,0.000917588394530542,0.0767780738725889,0.0676190979299074,-0.00608806861856565,0.00052302444448705,-0.140282032697384,4.86382848340627e-05,1.16544723974821e-05,-0.000292309753605058,9.83980083665709e-05,-7.21623982769259e-05,0.000516305146498475,-0.16132763144523,-1.41516733680076e-05,4.56363219873135e-05,3.00942902586865e-05,-3.15008295556085e-05,0.000105018601765899,-5.39628496706995e-05,0.000142133792607108,0.00010462770880932,-0.00193162555704265,0.00518162203803946,2.70225108033109e-05,-3.43198668610167e-06,3.38453716368579e-16,-2.22008964835627e-07,0.000143057484704393,-0.00136897994654284,0.0276009144532756,-5.67501884393522e-05,-6.1810021554547e-07,-1.14068339861395e-15,2.39132062581633e-05,-0.000339549320842739,-1.97453758796502e-05,-1.99525579753471e-15,-1.10227059725598e-06,-0.172077166613833,9.80919556044756e-06,0.000209384963221204,2.21070122916195e-05,-0.812582142599331,6.41018754328091e-06,1.11082562150866e-05,2.38342635518612e-05,-0.00155340006113535,-7.9176925533277e-06,-0.411791455336399,-3.12760154532691e-06,-2.03536101893835e-15,5.6089108078882e-15,-1.96369257173933e-07,2.42754528808626e-05,0.0145918740998666,6.89850056875835e-08,2.11916607881625e-16,-0.000471965199380836,-2.16795430055179e-15,-6.46131807919393e-16,-2.37662321152379e-16,-3.02806075173814e-15,4.41217826912046e-06,8.47613258762948e-17,6.4937256104434e-18,-2.01943429865327e-06,2.53552807420969e-16,9.20558143989649e-16,8.32955423876458e-05,2.93617944405296e-16,-5.51486092656688e-07,4.59508142612867e-17,-2.57704072792159e-17,-7.42047052981786e-17,-1.06409552899818e-16,2.11630345286698e-16,1.67862272891859e-17,-1.37763007129515e-16,1.9650656329891e-06,-1.75323012207845e-16,-9.73365958275766e-20,2.22464177514851e-16,-6.03495392631293e-16
"t19",-0.125863604093576,-0.0172293837945936,0.0237475099569224,-0.000417829875718251,0.0587441597003106,-0.147364938537983,-0.00173787235642445,-0.255554347374462,-0.369722686426309,0.0328350444436275,-0.00276462393274328,-0.236900719504963,-0.00162479587360226,0.00109022696927874,-0.00338848846463372,0.00081301564570975,-0.000310476209998793,0.00183843274105744,-0.0115664271926552,5.11364984119565e-05,-0.000368800602506793,0.00160426604136382,-0.000367957897328935,0.000726645941438019,-0.000368710643125192,0.000892751280919341,0.000454623699189039,-0.0019538811187632,0.00479728626681317,0.000207531260781664,-2.35487750462069e-05,2.31465363760019e-16,-1.49998245254241e-06,0.00196712494173722,0.000493076944059784,-0.000972067203981741,-4.5696227228751e-05,-4.97151250889816e-07,-5.80889847352048e-17,-1.49981627231566e-06,0.000168231276423266,8.58863663478248e-05,1.4722611038605e-14,9.62746093345016e-06,-0.000351739603543121,-0.000102468404519776,-0.829218698811149,-0.000995726654043728,0.000723265500552829,3.50178522527762e-05,6.9785227252173e-05,0.000149553232089416,-0.00026984846919665,-4.5876674892492e-05,-0.000109763378636676,-7.17134496608391e-05,-3.4171691534589e-16,1.12840964838099e-16,-1.52664756713625e-06,0.000174981463123993,1.97141607346492e-05,4.72168500640747e-07,1.3237678118526e-16,-0.00314917126744792,1.08289579868501e-17,-8.46133228148977e-18,1.35476416811372e-15,-2.53073552055609e-15,2.74847846260225e-05,9.26025870634126e-17,6.81187924022765e-17,-1.22657755556414e-05,-1.33420157095456e-16,2.2878265049038e-16,0.000491287928784556,-7.8644722257779e-17,-3.14925841735786e-06,6.88948140658476e-17,-1.30482644191616e-16,-4.88803523121458e-17,-1.8748630310765e-16,1.67411902167515e-18,6.57080000658442e-17,1.17713368554933e-16,1.08944336455821e-05,2.46250242551132e-17,-5.2514492336597e-17,3.1169281077021e-17,-1.50098746290116e-16
"t65",-0.126820487741617,-0.0173841769184694,0.0240439400535902,-0.000425865156362451,0.0604922685915512,-0.151836879218972,-0.0018052688158132,-0.26768530297552,-0.390805685381637,0.0347504514544464,-0.00292665330765086,-0.251223148874288,-0.00174106577232569,0.00117633201422432,-0.00370890791318379,0.000895628945281779,-0.000347118449506689,0.00206321719782243,-0.0132146673945359,5.91806899756849e-05,-0.000430572970909912,0.00192940806095329,-0.00046464666254159,0.00102397369462712,-0.000522070550215845,0.00130830108984452,0.000743617140594795,-0.00333705968233661,0.00819678444528583,0.000388835571547247,-4.62794533181315e-05,-8.01773985195535e-17,-3.52878856921414e-06,0.00553089522639935,0.00170633868709585,-0.00381616031063309,-0.000268019310630016,-3.09606106971017e-06,6.87062249564133e-17,0.000191183474045589,-0.000647474427050959,-0.000261827661756406,-3.51418497932526e-14,-2.02827270279955e-05,0.000410294311326294,9.91033413069588e-05,0.395170331703131,0.000280314802235594,-0.000114534443485317,-1.69289152876593e-06,2.86666247587518e-06,8.2591777737645e-06,-3.0528173681571e-05,-5.40330478887661e-06,-1.82829996729621e-05,-1.31628886195553e-05,-2.47383346261833e-17,-9.77028133580249e-17,-3.94126388297285e-07,5.28544844001465e-05,6.20248952778492e-06,1.68129848711074e-07,1.56084141644116e-16,-0.00120189040499631,2.02499105733106e-17,-2.69528068605822e-16,-1.44074995616306e-15,8.40604397121312e-16,1.2551397149653e-05,3.40890235325333e-16,-3.3659655761858e-15,-5.94748113186532e-06,-3.33177088192244e-15,0.707106781186547,0.00025419854092934,1.13777299230953e-16,-1.73995435728304e-06,-6.51236911333549e-16,-3.30729562506904e-16,-2.93061670307251e-16,-2.94952792682611e-16,-4.71438157361711e-16,1.56879926098743e-16,-2.42535849898726e-16,6.35803342653209e-06,-3.45392738081267e-17,-2.41351540881562e-17,1.09453213569161e-16,-1.27205587522066e-16
"t66",-0.126820487741617,-0.0173841769184694,0.0240439400535902,-0.000425865156362506,0.0604922685915512,-0.151836879218972,-0.00180526881581316,-0.26768530297552,-0.390805685381637,0.0347504514544465,-0.00292665330765093,-0.251223148874288,-0.00174106577232525,0.00117633201422418,-0.00370890791318383,0.000895628945281807,-0.00034711844950662,0.00206321719782249,-0.0132146673945359,5.91806899757274e-05,-0.000430572970909829,0.00192940806095318,-0.000464646662541937,0.00102397369462714,-0.000522070550215775,0.00130830108984478,0.000743617140594805,-0.00333705968233669,0.00819678444528582,0.000388835571547383,-4.62794533181224e-05,-2.94312965525989e-17,-3.52878856879407e-06,0.00553089522639941,0.00170633868709573,-0.00381616031063381,-0.000268019310629891,-3.09606106982418e-06,-2.05922446214603e-17,0.000191183474045474,-0.000647474427049884,-0.000261827661756336,-3.48933305640009e-14,-2.02827270281056e-05,0.000410294311325847,9.91033413070032e-05,0.39517033170313,0.000280314802235209,-0.00011453444348633,-1.69289152884703e-06,2.86666247560283e-06,8.25917777386512e-06,-3.05281736817167e-05,-5.40330478883064e-06,-1.82829996737809e-05,-1.3162888619269e-05,5.38981563725207e-16,1.40376396102695e-16,-3.94126387465404e-07,5.28544844001638e-05,6.20248952684383e-06,1.68129850348053e-07,-8.98868042898187e-17,-0.00120189040499435,-1.2545294581503e-16,1.7776493382893e-16,6.48641838579149e-18,6.24409872873938e-16,1.25513971501786e-05,-4.86277209659365e-16,3.37538906120471e-15,-5.9474811315869e-06,3.49691177450475e-15,-0.707106781186547,0.000254198540927841,-1.92859179120707e-16,-1.73995435761957e-06,5.75249861424142e-16,4.04202840903452e-16,3.50904960954007e-16,4.48836802125401e-16,3.76527999820986e-16,-1.25313284403163e-16,2.6109143040221e-16,6.35803342653382e-06,-3.32445364542537e-17,1.6331886780212e-16,-2.23014291560401e-16,-1.15464486233317e-16
"t55",-0.131691711233555,-0.0181404564594127,0.0249928339027617,-0.001446141377776,0.130002431486919,-0.33857325549209,-0.0279549952046158,0.276473707155143,0.0320392255194021,-0.00094833244059582,4.85164499175184e-05,0.00327566037237735,-0.000447524646709718,0.00038938354271556,-0.0015462862813955,0.000394089266870346,-0.000164791854693376,0.000991972737824143,-0.00545837485917644,3.04216878114754e-05,-0.000222656197869764,0.00100839886837492,-0.00024167114471374,0.000508888697218185,-0.00025883525631252,0.000637286190443662,0.000339954261345239,-0.00131418742859236,0.00317390928439296,0.000169553156332221,-1.97091459784773e-05,-3.604556597664e-17,-1.39282127797471e-06,0.00204902354397497,0.000510200922341462,-0.00110840356234716,-8.42538264748185e-05,-9.64189877721212e-07,-9.47985629509426e-18,5.08383143074283e-05,-0.000116578443755296,-5.11047131381663e-05,-6.06749553642756e-15,-3.41178493988787e-06,3.91317912010261e-05,8.77121576209165e-06,0.000448656713819745,-1.37059076916121e-05,5.24412715869824e-06,-5.37032689466258e-07,-4.21276677340082e-06,-1.06183700348227e-05,3.05144042567068e-05,6.27546491215047e-06,2.10956479671995e-05,1.88459299953862e-05,-3.15239299824713e-15,9.3793580606734e-17,9.04697657011402e-07,-0.000191432096141246,-2.3300318366626e-05,-1.93776572446083e-06,8.96937404980751e-17,0.851945193694531,5.0734228583874e-15,1.96493157588238e-15,1.33767508263221e-14,8.64042105530284e-15,5.54161194790525e-05,3.48183319604191e-16,1.37171619791748e-16,-2.01571038129685e-05,9.1710728538628e-18,9.78476413092752e-16,0.186913018495382,3.94874306073984e-16,-3.1941124071103e-06,-2.16448964763716e-16,-9.89972191747331e-17,9.05847663853099e-17,3.4561442437757e-17,2.31214009575533e-17,-1.29856603562725e-16,1.00725435295274e-16,1.04999917024083e-05,-9.04073537594684e-17,6.92298446914629e-18,2.42678229546323e-17,4.13639963151492e-16
"t99",-0.132751618031527,-0.0183127738164681,0.0253216294275769,-0.001475271688294,0.134016197731154,-0.349227471973666,-0.0290707352045216,0.289876514252309,0.0338893920216371,-0.00100428982951841,5.13919662010615e-05,0.00347560743878354,-0.000479547080681417,0.00041993815661362,-0.00168963982293455,0.0004331158554709,-0.000183487418221155,0.00110815388092636,-0.0061911752492078,3.48765281331428e-05,-0.00025709051481132,0.00119195569605524,-0.000296168794605728,0.000670129889013771,-0.000341827665031047,0.000858683733297116,0.000485356926634716,-0.001915055478856,0.00462596341366119,0.000257166138382494,-3.0461156773273e-05,4.39115874901018e-17,-2.28909801179236e-06,0.00353634451083812,0.000921459455405754,-0.00204795634350186,-0.000164394055151534,-1.89317097169193e-06,1.58714363865928e-16,0.000110636963258783,-0.000292470217605428,-0.000132968424381187,-1.70075447380864e-14,-9.57607323456996e-06,0.000132024113872553,3.20400646212594e-05,0.00251927563327931,-0.000129238655906475,0.000137863221527733,1.08808479769671e-05,2.7625156848217e-05,6.14561774371254e-05,-0.000112158417304598,-2.23000612231787e-05,-5.3238644237865e-05,-4.23395213855534e-05,1.82841051797294e-15,8.24445542658522e-17,-1.20708646811097e-06,0.000182204168039261,1.9959961879948e-05,1.11911682596695e-06,9.68056653092722e-17,-0.363732389397186,-2.17902079321529e-15,-1.02985713094273e-15,-4.62465800463065e-15,-4.23150051068894e-15,-2.1081090652679e-06,-2.24556156826167e-17,-1.54297256003496e-17,-2.57173558165097e-06,1.48362028007058e-16,-7.6625488299767e-16,0.334567238253484,-1.52468111741846e-16,-2.66864805135991e-07,-1.78177168437176e-16,-3.43206800031042e-17,-7.10257124903296e-17,-4.5552365884187e-16,1.36599700752324e-16,8.11695206487487e-17,2.47233921955787e-16,2.51313068484055e-06,-8.67104481169513e-17,-3.14958538474779e-16,3.49475897600868e-17,0.707106781186548
"t100",-0.132751618031527,-0.0183127738164681,0.0253216294275769,-0.00147527168829401,0.134016197731153,-0.349227471973666,-0.0290707352045216,0.289876514252309,0.0338893920216371,-0.00100428982951851,5.13919662007978e-05,0.0034756074387835,-0.000479547080681446,0.000419938156613814,-0.00168963982293449,0.000433115855470456,-0.000183487418221231,0.00110815388092633,-0.00619117524920779,3.48765281333388e-05,-0.000257090514811292,0.00119195569605534,-0.000296168794605811,0.000670129889013771,-0.00034182766503109,0.000858683733296964,0.000485356926634886,-0.00191505547885593,0.00462596341366123,0.000257166138382434,-3.04611567732973e-05,2.58757295608525e-17,-2.28909801190856e-06,0.00353634451083819,0.000921459455405629,-0.00204795634350194,-0.000164394055151625,-1.89317097169702e-06,-1.11066081206739e-17,0.000110636963258845,-0.000292470217605874,-0.000132968424381472,-1.70726988141243e-14,-9.57607323499952e-06,0.000132024113872774,3.20400646213002e-05,0.00251927563327931,-0.000129238655906451,0.000137863221528357,1.08808479761221e-05,2.76251568482279e-05,6.14561774369866e-05,-0.00011215841730426,-2.23000612231874e-05,-5.32386442381036e-05,-4.23395213853374e-05,1.83128741574439e-15,3.00937278181808e-17,-1.20708646809292e-06,0.000182204168038937,1.99599618791582e-05,1.11911682659465e-06,6.84258241882595e-17,-0.363732389397185,-2.17757393256224e-15,-6.84358701936194e-16,-4.39700906711241e-15,-4.26917649133499e-15,-2.10810906510418e-06,-3.52748126057995e-16,2.84700378656897e-17,-2.57173558151219e-06,-9.83987781276343e-17,-8.94657090200543e-16,0.334567238253485,4.83151005340496e-16,-2.66864805212319e-07,-2.37468945226158e-16,3.70325883662739e-16,3.00623884188189e-17,-5.92224150891627e-16,-2.03672511571624e-17,-6.20248296062559e-17,-2.90394796301488e-16,2.51313068548586e-06,4.29453901519603e-17,1.92904145354959e-16,-3.93022684170617e-16,-0.707106781186548
"t72",-0.132336365464106,-0.0182452807243346,0.0251929321412242,-0.00146388372477011,0.132450046006307,-0.345070678409001,-0.0286360572162917,0.284662536568435,0.0331707503836824,-0.000982559384241549,5.02753390619892e-05,0.00339798618367734,-0.000467136954683367,0.000408109994882458,-0.00163426959075869,0.000418056559879101,-0.00017628905987295,0.00106344511340133,-0.0059098860908196,3.31694874588524e-05,-0.000243910905644962,0.00112196137357515,-0.000275503306820912,0.00060962853762328,-0.000310699674989506,0.000775876692955563,0.000431395446097587,-0.00169265247283126,0.00408851890404754,0.000224900095300462,-2.65104958343315e-05,4.76510248991928e-17,-1.96214051584472e-06,0.00299671536113285,0.000772963240490927,-0.00170949504465101,-0.000135679284143569,-1.56051095171654e-06,-1.29113503391505e-16,8.9422168868307e-05,-0.000230776020626572,-0.000104331149869227,-1.33281276767521e-14,-7.4309872485699e-06,0.000100058667346803,2.40667440820344e-05,0.00182230681315172,-9.08684499132326e-05,9.4371300224539e-05,7.19651912203367e-06,1.75452756589825e-05,3.87223429784041e-05,-6.79681082836961e-05,-1.34644171009453e-05,-3.07299151986323e-05,-2.39756244163093e-05,-4.87734005337809e-16,-1.20382673547087e-17,-6.06864267844087e-07,8.14496888495927e-05,8.52558517555765e-06,3.83353170056164e-07,-4.43447532270676e-17,-0.0977458836039017,-6.30297891676234e-16,-3.07527863302417e-16,-4.26971713529164e-15,5.64536785405799e-16,4.20497900475297e-07,3.94738674934168e-18,-5.56164562461428e-17,1.76742711249767e-06,-1.23740295232289e-17,9.55282758667666e-16,-0.860925118073182,-9.76915713494838e-16,-2.72598835072534e-06,6.23485948088237e-16,-3.39472005404135e-16,-5.40983936012929e-17,6.15242699136535e-16,-2.3396666861453e-16,2.61517962127793e-16,8.8893777260693e-17,7.46397986541025e-06,1.11494305666979e-16,1.40449737626227e-16,1.94208686249586e-16,-3.76599858946597e-17
"t62",0.00183466258955537,0.0135741987361364,-0.273589120162335,0.0367570755745777,-0.0235250870574001,0.0278347362664327,-0.241530100504506,0.0059174531541992,-0.00514079115999368,-0.0171578760367594,0.00233637993549629,-8.20691337367896e-06,-0.00215280883640643,0.00203723576915943,-0.295724963764206,-0.0026246301920233,0.000161654957718811,-0.000598991351082906,-9.42332626814937e-05,2.8117367689779e-05,-0.000299588620997188,0.108142388130785,0.000113782294423548,0.0118750738229665,0.000432969835213681,0.000629043206824415,0.000113349048891572,-8.51214522891997e-05,6.51338041213756e-05,8.43094462586874e-05,-1.02407336056553e-05,1.29631590317943e-17,-6.91198021232024e-06,0.000140939124581169,2.37786378411301e-05,-5.39031352786989e-05,-6.78949311936489e-05,-7.81183618512151e-07,-5.60816297538384e-16,0.000373776343805698,-8.21838233602823e-06,-5.39382313032022e-05,-6.78903646792585e-15,-3.86109696644179e-06,3.6939581618059e-06,1.25739307464696e-05,6.86358602332016e-05,-4.90145656062563e-05,3.5614509030571e-06,3.77579349605806e-06,9.0379323478447e-06,1.98675236858653e-05,-2.476134106838e-06,-6.752553863211e-06,-1.09164802469461e-06,-1.15424770360459e-05,2.97755605158099e-16,-1.95866297777116e-15,-2.71966814219325e-07,0.00691617874427811,1.23041285931581e-07,5.5754741648748e-08,5.82865703753622e-16,-2.11157011623248e-05,5.03735526395639e-15,5.39191475258384e-17,3.48123661577279e-15,1.67726927247866e-15,-0.867824314690187,-3.11779413147904e-15,-4.60995568533822e-15,-9.41061408928686e-06,-2.6342679743403e-16,-4.89291931822574e-16,1.99821601162137e-05,2.25237504194889e-16,-1.49722036510425e-06,-3.633445307942e-16,2.47973192826337e-16,4.93773854824276e-17,4.01482814672183e-16,-3.59683329061675e-16,8.75595147551102e-17,1.88415468587175e-16,4.98828552707858e-06,-1.26031501632185e-16,-1.29394323638331e-16,4.04908489722127e-16,-3.53632229838918e-16
"t95",0.00184202273797456,0.0136384249344504,-0.275378741310823,0.0371239924612851,-0.0238831758701668,0.0282664458160878,-0.24626226815605,0.00605769977342118,-0.00528529060812342,-0.0176503792901391,0.00240373419335803,-8.4503731121767e-06,-0.00222730274338518,0.00211429191193033,-0.308852389593388,-0.00274871760815681,0.00017035215045489,-0.000632204213771831,-0.000100175502709215,3.00405682210417e-05,-0.000321148984106456,0.117189821568936,0.000125348472429732,0.0135051424838931,0.000493016237353011,0.000722498162945728,0.000133401296045396,-0.000101026726332262,7.73103963128408e-05,0.000101694613874284,-1.2445029830192e-05,-1.17431974565546e-18,-8.60206231661879e-06,0.000178638386173767,3.06399088036008e-05,-7.00200993760964e-05,-8.98737887873868e-05,-1.03627276604081e-06,2.90781801964275e-16,0.000512766921093616,-1.17650557346083e-05,-7.80092259210496e-05,-1.02447566357617e-14,-5.69932909313779e-06,5.70310904685067e-06,1.97553382772254e-05,0.000116489561368107,-8.85083390967101e-05,6.84223952983343e-06,7.89907364569936e-06,2.1104890506253e-05,4.74724384795233e-05,-6.6718024369361e-06,-1.84144247501461e-05,-3.49274666924804e-06,-3.98421679872474e-05,6.04408870738742e-16,3.44161102957608e-15,-1.8090921827473e-06,0.390747716132195,-3.81889536207707e-06,-2.13189535137361e-07,-2.77773931241416e-16,4.33196436569125e-05,-7.72193750853083e-17,1.56290486509909e-16,-6.88806374914408e-16,-4.67386459542553e-16,0.295098768135178,1.16152613120503e-15,1.59635549935889e-15,6.51718901682058e-07,-3.18427482226271e-16,6.10568218350901e-17,3.05555530092511e-06,-2.636286128991e-17,-4.89022959859059e-07,4.93287258944414e-16,-4.13920462036712e-16,5.87719503117488e-17,6.03828138048699e-16,2.08588315446198e-16,-5.47974695794005e-16,2.66436216889512e-16,2.21390227905793e-06,-2.73332284103447e-16,-2.88633698507281e-15,0.707106781186548,-1.61073185907806e-16
"t96",0.00184202273797456,0.0136384249344504,-0.275378741310823,0.0371239924612851,-0.0238831758701668,0.0282664458160878,-0.24626226815605,0.00605769977342118,-0.0052852906081234,-0.0176503792901391,0.00240373419335806,-8.45037311224955e-06,-0.0022273027433852,0.0021142919119304,-0.308852389593388,-0.00274871760815677,0.000170352150454967,-0.000632204213771866,-0.000100175502709278,3.0040568221118e-05,-0.000321148984106179,0.117189821568936,0.000125348472429787,0.0135051424838932,0.000493016237352983,0.000722498162945815,0.000133401296045315,-0.000101026726332401,7.73103963127297e-05,0.000101694613874511,-1.24450298302544e-05,-2.20178723751448e-16,-8.60206231660806e-06,0.000178638386173762,3.06399088034759e-05,-7.00200993762612e-05,-8.9873788787366e-05,-1.03627276600764e-06,3.54026555633012e-16,0.00051276692109388,-1.17650557345805e-05,-7.80092259208554e-05,-1.01566493906523e-14,-5.69932909324361e-06,5.70310904732252e-06,1.97553382774024e-05,0.000116489561368085,-8.85083390966268e-05,6.84223952981955e-06,7.89907364539752e-06,2.1104890505802e-05,4.74724384797454e-05,-6.67180243682508e-06,-1.84144247499518e-05,-3.49274666919253e-06,-3.98421679875249e-05,3.4191262863231e-16,3.56030264399671e-15,-1.80909218292424e-06,0.390747716132195,-3.81889536250554e-06,-2.13189534947463e-07,-2.31404180179197e-16,4.33196436571762e-05,3.23686129604042e-17,2.5883632340638e-16,-8.14233200425234e-16,-2.8401236070344e-16,0.295098768135178,1.36871679651618e-15,1.45945744697706e-15,6.51718901477361e-07,4.5642698109932e-16,2.79345834518645e-16,3.05555530055387e-06,-2.65060832948575e-16,-4.89022959578034e-07,-2.43607582806342e-16,2.57695200477282e-17,-1.17670894837925e-16,-9.1522138487522e-16,2.41247113764411e-16,5.18085708385549e-16,-2.03472601116372e-16,2.21390227717055e-06,2.38723616433749e-16,3.03985086297028e-15,-0.707106781186548,-1.31494346855821e-18
"t48",0.00182688242974292,0.0135062818175556,-0.271694867167572,0.036368009604586,-0.0231443506082201,0.0273756546557871,-0.236487322590074,0.00576768694793858,-0.00498613761646727,-0.0166306052201106,0.00226426636782746,-7.94614029720836e-06,-0.00207281881644369,0.00195436100847309,-0.281560118418775,-0.00249054556537096,0.000152226961520008,-0.000562958773496935,-8.7762727846958e-05,2.60178103391184e-05,-0.000276011091089767,0.0981937175008434,0.000100957729274986,0.0100387139848748,0.000365282625359648,0.000523245706773839,9.03758856807845e-05,-6.68246964209279e-05,5.11258318876551e-05,6.41535617758801e-05,-7.67596298712966e-06,7.52873425241097e-17,-4.92312392821491e-06,9.61919368446076e-05,1.55718340649497e-05,-3.45532919700381e-05,-4.12776592743427e-05,-4.71959462108493e-07,2.81340226672497e-17,0.000202707425179402,-3.76993686657893e-06,-2.36118013597787e-05,-2.74547257974988e-15,-1.52459535276029e-06,1.0909849797007e-06,3.20183592745875e-06,4.19630891978356e-06,5.46672327390169e-06,-1.07068003571409e-06,-2.22593702223044e-06,-9.18645907987264e-06,-2.21320748903936e-05,4.14602604090208e-06,1.17184056037459e-05,2.88179618376794e-06,3.61912738797571e-05,-1.29869983648492e-15,-5.18908450974422e-15,2.66607868194997e-06,-0.83322992984379,9.2499360914676e-06,9.03491916918564e-07,2.04216053007786e-16,-0.000336521898842354,-5.23064567527583e-15,-5.69043061040045e-16,-1.69827132775247e-15,-1.44029289766612e-15,0.269638418909598,5.2027965831713e-16,1.58881814694653e-15,-7.92470326721473e-06,8.53362752190641e-17,1.00473103202498e-17,2.45349892633679e-05,-1.15216094045101e-16,-2.00670915204842e-06,2.38676129997025e-16,-4.03521547698194e-17,1.23567932118044e-18,-1.45469735246996e-16,-2.43575678108722e-16,6.66618553824609e-17,-1.64946259996061e-16,6.75025171842369e-06,1.20262422489005e-16,2.61941092376383e-17,2.51607507553075e-16,-3.10347394174301e-17
"t2",0.00168002293874591,0.0122155167352441,-0.23506603551724,0.0285868862632095,-0.0151118251572229,0.017660976445001,-0.125008776355182,0.00230145060777019,-0.00121748624141884,-0.0036895265314674,0.000491689201744466,-1.47081421561892e-06,4.05037538366819e-05,-0.00033025233766617,0.146719365261878,0.00174318165614647,-0.000178459759485827,0.000737172742480571,0.000181298931663156,-7.16936225289254e-05,0.000915892477505342,-0.601557335533981,-0.00213137436149316,0.181277841641203,0.00631803116885703,0.00719223140614558,0.000894208321267537,-0.000621564262793972,0.000475303501892357,0.000550294542855996,-6.41908946126483e-05,0.707106781186547,-3.92709924910571e-05,0.000758632488163837,0.000123196336941078,-0.000274849775666337,-0.000335391930772519,-3.84674900904061e-06,4.63984894993183e-16,0.00176611623619552,-3.74724458350739e-05,-0.000244315611380913,-3.07884406556088e-14,-1.72894469783261e-05,1.62307033375608e-05,5.49418646916544e-05,0.000295070311709122,-0.000209368639034049,1.51712233116136e-05,1.608511348891e-05,3.86536669514798e-05,8.50685158935369e-05,-1.06776070166598e-05,-2.91407616637897e-05,-4.76010173020361e-06,-5.0568304615627e-05,4.51747715343406e-17,-1.97522542344098e-16,-1.21349259508919e-06,0.0103044691678933,9.37060709060508e-07,3.9503861238606e-07,-1.48584694716642e-17,-0.000206281074872007,-1.77189351894992e-16,-1.00780277678178e-17,4.27512174835732e-16,3.51690261216185e-17,0.0017868120362235,4.78757905323097e-17,1.6613908345874e-16,-1.21143872109097e-05,2.1618185807927e-17,-2.19650031666036e-16,3.78959714891075e-05,-1.33244102985215e-16,-3.30339651426897e-06,4.00321608434749e-17,-4.83695858975657e-17,-1.0972341303181e-16,-2.97056366557772e-16,-1.21780903042184e-16,9.24020214226469e-17,7.95317424479904e-17,1.17156306900235e-05,1.12800612339671e-16,-2.51240669253994e-16,-3.48822715750656e-17,-2.66453663740582e-16
"t12",0.0016800229387459,0.0122155167352441,-0.23506603551724,0.0285868862632095,-0.0151118251572229,0.017660976445001,-0.125008776355182,0.0023014506077702,-0.00121748624141885,-0.00368952653146738,0.000491689201744524,-1.47081421569879e-06,4.05037538368671e-05,-0.000330252337666295,0.146719365261878,0.00174318165614643,-0.000178459759486049,0.000737172742480696,0.000181298931663167,-7.16936225290503e-05,0.00091589247750562,-0.601557335533981,-0.00213137436149366,0.181277841641204,0.00631803116885669,0.00719223140614607,0.000894208321266761,-0.000621564262794118,0.000475303501892635,0.000550294542856356,-6.41908946113273e-05,-0.707106781186547,-3.92709924989708e-05,0.000758632488163322,0.000123196336940773,-0.000274849775666969,-0.000335391930771319,-3.84674900813411e-06,-1.82332490755466e-16,0.00176611623619745,-3.74724458355458e-05,-0.000244315611381191,-3.09199416130978e-14,-1.72894469793634e-05,1.62307033379494e-05,5.49418646928999e-05,0.000295070311708696,-0.000209368639034521,1.5171223311003e-05,1.60851134886827e-05,3.86536669514798e-05,8.50685158928915e-05,-1.06776070169928e-05,-2.91407616644021e-05,-4.76010173058178e-06,-5.05683046155628e-05,8.91526636939522e-17,4.24136314666521e-16,-1.2134925944931e-06,0.0103044691678933,9.37060709391027e-07,3.95038612067447e-07,9.5217545079602e-17,-0.000206281074872184,2.17397453255285e-16,-7.77414907202622e-17,1.18101714798186e-16,-3.43201547418653e-16,0.00178681203622345,-1.13293269597733e-16,-6.78705060107367e-17,-1.2114387210941e-05,7.57468934269872e-17,-9.91618522395433e-17,3.78959714890936e-05,-2.38020193491232e-18,-3.30339651429673e-06,1.88158626932942e-16,1.27917725317627e-17,1.27724107047921e-16,-4.05397121803819e-16,2.66914804235585e-17,2.61071279249168e-17,2.8260083245183e-17,1.17156306904675e-05,-1.29049505599719e-16,2.26572466192133e-16,-7.08721376809547e-18,-8.24514491675594e-17
"t74",0.00171095370972882,0.0124802546802235,-0.242048731135978,0.0298353818270472,-0.0159647690200398,0.0186601494197889,-0.130667223730348,0.00225653068544465,-0.000844543016079105,-0.00223499816693254,0.000287378251022655,-5.9561008610147e-07,0.000629882922261449,-0.00125988807325442,0.503698850500494,0.00667363090833729,-0.00121958035564668,0.00681010731652478,-0.00149937506052859,0.000204328052644295,-0.00165753730758543,0.33143778181276,-0.000112186664461111,0.218101671022094,0.00902319203224582,-0.0154053179070909,6.44240116505282e-05,-9.4211717093267e-05,7.23261604947817e-05,0.000133346743937446,-1.73686712300475e-05,7.7645617540536e-17,-1.30841680111653e-05,0.000277062943226543,4.77130382336155e-05,-0.000108962152823522,-0.000139054183379339,-1.60186203873505e-06,9.86911269311877e-18,0.000777798773520466,-1.73127460754152e-05,-0.000113901146236939,-1.4378397589805e-14,-8.1901021813189e-06,7.9051598798445e-06,2.69951155666363e-05,0.000149348303749117,-0.000107757033014265,7.90836994526978e-06,8.49618022596629e-06,2.06680819051508e-05,4.55801451238191e-05,-5.77179228772318e-06,-1.57635835721093e-05,-2.59508421499022e-06,-2.76431231379104e-05,1.9032398167181e-16,2.20348444913139e-16,-6.68991435561362e-07,0.0036414960458328,5.52741037451038e-07,2.27637949526643e-07,2.32274382115586e-16,-0.000119338701994209,-2.23182993441838e-16,-4.15549462212975e-16,-1.43466240251546e-16,-7.23650834124515e-16,0.000673891197013998,6.98793537964984e-17,6.77355988591733e-16,-7.22066978786629e-06,5.51932218043641e-17,-3.13558080439948e-16,2.28505466690967e-05,-1.70480818774211e-15,-2.01986196226439e-06,-0.707106781186548,3.97647517665903e-15,-1.4040700801988e-15,6.05825264402091e-16,6.09700459761932e-17,-4.71990969465932e-16,4.01677186744882e-16,7.26197383815741e-06,9.18809645499652e-17,-5.93618758565206e-17,2.92650043900457e-16,-3.40710009154384e-17
"t75",0.00171095370972881,0.0124802546802235,-0.242048731135978,0.0298353818270472,-0.0159647690200398,0.0186601494197889,-0.130667223730348,0.00225653068544464,-0.000844543016079083,-0.00223499816693257,0.000287378251022715,-5.9561008615155e-07,0.000629882922261421,-0.00125988807325444,0.503698850500494,0.00667363090833725,-0.00121958035564673,0.00681010731652481,-0.00149937506052856,0.000204328052644425,-0.00165753730758547,0.33143778181276,-0.0001121866644612,0.218101671022094,0.00902319203224588,-0.0154053179070913,6.44240116507121e-05,-9.42117170929426e-05,7.23261604945753e-05,0.000133346743937252,-1.73686712300405e-05,2.6143671917004e-16,-1.30841680111958e-05,0.000277062943226535,4.77130382334073e-05,-0.00010896215282364,-0.000139054183379356,-1.60186203842995e-06,-1.68762933279683e-17,0.000777798773520418,-1.73127460758836e-05,-0.00011390114623664,-1.47724534751467e-14,-8.19010218109121e-06,7.90515987962766e-06,2.6995115566605e-05,0.00014934830374929,-0.000107757033014227,7.90836994527325e-06,8.49618022585028e-06,2.06680819048854e-05,4.55801451238642e-05,-5.77179228714725e-06,-1.5763583572065e-05,-2.59508421491823e-06,-2.76431231378705e-05,-9.0205620750794e-17,-8.86461802208575e-17,-6.68991435382143e-07,0.00364149604583282,5.52741036989601e-07,2.27637949882824e-07,-7.81737389743431e-17,-0.000119338701994119,1.80755219584322e-16,3.95958690187285e-16,8.50014503228635e-17,3.17020715234761e-16,0.000673891197013428,-9.80590331374775e-17,-5.94746239896525e-16,-7.22066978787648e-06,9.38132290348492e-18,2.77555756156289e-16,2.28505466701098e-05,1.60751161411587e-15,-2.01986195787684e-06,0.707106781186547,-4.03681056628067e-15,1.38019443907591e-15,-4.9960036108132e-16,-1.60779360744326e-16,5.97584748766524e-16,-3.26853170205047e-16,7.26197383943417e-06,-1.05694635938992e-16,6.03230008064813e-17,-3.53883589099269e-16,-1.17093834628434e-16
"t1",0.00165889628695343,0.0120304620019235,-0.229855709051305,0.027492814182908,-0.0139890296600505,0.0163027580057179,-0.109251676442495,0.00179667131288842,-0.000634123511087276,-0.00166395837708982,0.000213571050375775,-4.37267564556902e-07,0.000427479994172347,-0.000806652766400991,0.280000728447176,0.00344330054423161,-0.000510388484807726,0.00267055232707815,-0.000389736453882719,3.17620007542919e-05,-0.000131541977074309,-0.0708313845480231,9.62195681394051e-05,-0.908057471597104,-0.0401175403024564,0.114201381006208,0.00247461318843481,-0.00149286182638599,0.00114033905664194,0.00111981372124961,-0.000124134830123928,-2.82439748130157e-16,-6.81148284185574e-05,0.00124858877658566,0.000195877393387917,-0.000430970022619541,-0.000511986427877881,-5.85677854708785e-06,3.90790477923143e-16,0.00259994132320306,-5.36010520621535e-05,-0.000347589625440181,-4.37412256889206e-14,-2.4364660266874e-05,2.24979860258146e-05,7.576217480891e-05,0.000399805827423693,-0.000280891314638679,2.02001122969406e-05,2.12471136230717e-05,5.06726055331495e-05,0.000111372814893825,-1.38979198899825e-05,-3.79103079700994e-05,-6.15695301424326e-06,-6.52584453503073e-05,-4.16333634234434e-17,1.20598979787773e-16,-1.54226763200802e-06,0.00826545677332053,1.24873518513036e-06,5.05940452842998e-07,3.045181467573e-17,-0.000262395127898027,1.28689421567755e-17,-6.64492671935857e-17,8.32667268468867e-17,3.07046055247895e-16,0.00143046121472899,1.24331207923576e-17,-6.33575306519162e-18,-1.51014650516135e-05,-4.44105447860268e-17,3.98986399474666e-17,4.69200975664642e-05,-5.9162557009442e-17,-4.05915288945961e-06,5.55111512312578e-17,3.52407339856874e-18,3.86535365915956e-18,-2.4980018054066e-16,-3.0961698511162e-18,-5.46119125804161e-17,1.18148523017364e-17,1.42938288963251e-05,-2.07601387656929e-17,6.53768904351965e-17,1.45716771982052e-16,-2.40259201422788e-16
"t5",0.00159856453532164,0.011471947161738,-0.211649923277919,0.0222448063217886,-0.00354738465392732,0.00305128919812747,0.331024906200978,0.0221712834517553,-0.00736665604026017,-0.0229726452075889,0.00308611194718246,-9.94008954742434e-06,-0.00166452503664989,0.0011383491736316,-0.0345699068392812,0.000333224803362151,-0.00019446462338996,0.00114818274694897,-0.000243844469280923,2.65706738818428e-05,-0.000167712962757069,0.00184123733976333,0.000234612709188575,-0.0572769232536304,0.00200580504709465,-0.586994991987364,0.0036261491927242,-0.00199742747496822,0.00152478328214014,0.00137352395494315,-0.000149074289673411,3.80489910412063e-15,-0.685452008157754,0.00139549592367411,0.000220649470356465,-0.000488840664281811,-0.000601609489310956,-6.93006173427556e-06,1.06170546696367e-14,0.117724114890188,-4.77307989784279e-05,-0.000317118442443635,-4.03529294613792e-14,-2.28236961830274e-05,2.15712984265939e-05,7.29582981471044e-05,0.000388617091107882,-0.000273826047485136,1.97208674681086e-05,2.07624300194022e-05,4.95327892916612e-05,0.00010886700137118,-1.35811971012506e-05,-3.70445188439174e-05,-6.01076889034449e-06,-6.36712740789726e-05,3.53883589099269e-16,1.1053156855076e-16,-1.49083787089033e-06,0.00138115953383038,1.29948560248505e-06,5.03591906350219e-07,6.04527766185942e-17,-0.000260106872797082,4.82520772175967e-19,-1.77865407032798e-16,-9.0205620750794e-17,1.80411241501588e-16,0.000249447010110242,-4.96857066086064e-17,7.45634107312018e-17,-1.4915091562007e-05,1.46580237718087e-17,-1.47451495458029e-16,4.63120623794312e-05,1.42480659686902e-16,-4.00555349098358e-06,1.11022302462516e-16,-2.09211427167022e-16,-4.8983838133486e-17,-5.20417042793042e-17,-7.55517791318245e-17,8.40207558008366e-17,-4.45470671341717e-18,1.41047656911364e-05,-2.01352640692921e-17,-5.66232885753889e-17,9.0205620750794e-17,-1.6826817716975e-16
"t15",0.0016309033537165,0.0117481966479019,-0.218863681645978,0.0234564689568306,-0.00386472955984158,0.00333060124232937,0.371742833867505,0.0256950730906367,-0.00886406529798104,-0.02779212328967,0.00373780600750032,-1.21329562514818e-05,-0.00213496236200767,0.00151396017430603,-0.0500958939506606,0.000504564210216628,-0.000331232346961748,0.00202482209586705,-0.000524099468565819,6.92784390514661e-05,-0.000518578797371964,0.0209084029804844,-0.000532883846240596,0.0190416677800268,-0.000625771325086824,0.116126092016545,-0.000102301332894624,-2.51054953948841e-06,2.26386052228598e-06,4.46721815847151e-05,-5.61468035267278e-06,-1.19216838007433e-15,0.0157208456457136,-4.97494822745435e-05,-2.92593011892717e-05,0.000100584195311646,0.000304970067957312,3.88652444680086e-06,-7.52302988503987e-14,-0.885153637298527,-7.97678181864089e-05,-0.000456000145387304,-5.10314858877358e-14,-2.70520269810238e-05,2.06657241705824e-05,6.66621090668678e-05,0.000315776642240893,-0.000212655233779733,1.49024397562703e-05,1.53317617825194e-05,3.59456853066768e-05,7.87978541203563e-05,-9.72996796196057e-06,-2.65189310865183e-05,-4.26910259625213e-06,-4.51056101605611e-05,-9.15933995315754e-16,1.62846971541719e-15,-1.04548878050487e-06,0.000963848764063205,9.05736468145846e-07,3.49787407352543e-07,2.35673685479103e-16,-0.000180371269887181,-1.30854550868182e-15,2.39770019216706e-16,9.36750677027476e-17,1.77809156287623e-16,0.000172606223220816,-3.17154242415027e-16,7.96230378777178e-17,-1.03245443991561e-05,-2.74629836670559e-17,7.28583859910259e-17,3.21033375273918e-05,-1.55296286027971e-16,-2.78451240621732e-06,8.32667268468867e-17,-9.70960946300501e-17,1.06708163889424e-17,1.04083408558608e-16,-6.59799672528672e-17,2.07831224447991e-16,6.85927299234482e-17,9.84263855077772e-06,2.73676359786663e-17,4.83480416337479e-17,-3.67761376907083e-16,-1.38777878078145e-16
"t86",0.00165485612623039,0.0119525041076538,-0.224178647289672,0.0243426972848355,-0.00409420298827074,0.00353244388759091,0.400898454593545,0.0281944479592555,-0.00991512077628871,-0.0311701423623892,0.00419444774869398,-1.36663876033639e-05,-0.0024599475172468,0.00177132885324791,-0.0605529308273351,0.000619066929465589,-0.000420980675540486,0.00259736318386515,-0.00070304022218266,9.60965942439574e-05,-0.000736382596314911,0.032279886314139,-0.000959821367322373,0.0545937314360296,-0.00184128047022015,0.420971771472708,-0.00138239509034815,0.000612014980419996,-0.000466221662895885,-0.000264906867309622,2.22962438519224e-05,7.11195967569023e-16,-0.0283894007874032,5.97234413319602e-05,2.58821159473087e-05,-7.76178517234829e-05,-0.000174742244662332,-2.15604227333727e-06,2.51419650121844e-14,0.299209852541751,1.39424177665794e-05,6.66069511215533e-05,5.49809884167819e-15,2.61903463611942e-06,-3.18202975821934e-07,6.14824677008016e-07,2.8104287531079e-05,-2.79999203539334e-05,2.43229571216409e-06,2.99188924282319e-06,8.05931300548388e-06,1.80522122312197e-05,-2.43253421035317e-06,-6.67611237008476e-06,-1.15563441760403e-06,-1.25203062568691e-05,4.37150315946155e-16,-6.15790512310058e-16,-3.23814699257238e-07,0.00031829692074236,3.04639315388405e-07,1.24983193977968e-07,1.87916496124424e-16,-6.68998149791818e-05,1.63261446862302e-17,1.71724634991595e-16,-6.08887940067859e-16,-5.9240806704608e-16,7.14547916715047e-05,1.58570615987983e-16,-1.01800410195299e-16,-4.45556514993271e-06,-1.26030423769839e-16,1.38777878078145e-16,1.45379385685556e-05,-2.81394454725092e-16,-1.32867919534893e-06,2.70616862252382e-16,5.0440828798957e-16,9.64892386751439e-16,-6.6266436782314e-16,7.16616151553098e-16,3.18256897363332e-14,0.707106781186548,4.92136272877905e-06,-1.82730441357377e-15,-3.33114545796595e-16,-1.07552855510562e-16,-4.7791631763161e-16
"t87",0.00165485612623039,0.0119525041076538,-0.224178647289672,0.0243426972848355,-0.00409420298827075,0.00353244388759088,0.400898454593545,0.0281944479592555,-0.0099151207762887,-0.0311701423623892,0.00419444774869398,-1.36663876033923e-05,-0.00245994751724679,0.0017713288532479,-0.0605529308273351,0.0006190669294656,-0.000420980675540516,0.00259736318386511,-0.000703040222182661,9.60965942439366e-05,-0.00073638259631492,0.0322798863141389,-0.000959821367322351,0.0545937314360298,-0.00184128047022002,0.420971771472708,-0.00138239509034788,0.000612014980420025,-0.000466221662895855,-0.000264906867309754,2.22962438518313e-05,7.00273477714178e-16,-0.0283894007874032,5.97234413319767e-05,2.58821159473885e-05,-7.76178517236607e-05,-0.000174742244662313,-2.15604227333597e-06,2.55980789662607e-14,0.299209852541751,1.39424177664858e-05,6.66069511211891e-05,5.95407860578603e-15,2.61903463578375e-06,-3.18202975167943e-07,6.14824677043794e-07,2.81042875309627e-05,-2.79999203538954e-05,2.43229571184576e-06,2.99188924263811e-06,8.05931300561615e-06,1.80522122313117e-05,-2.43253421099154e-06,-6.67611237047594e-06,-1.15563441721199e-06,-1.25203062569818e-05,2.70616862252382e-16,-3.02141867880313e-16,-3.23814699507418e-07,0.000318296920742683,3.04639315676369e-07,1.24983193843981e-07,-1.72344998695475e-16,-6.68998149790695e-05,7.2714295807684e-16,-4.06774382190791e-16,3.34801630863524e-16,6.46184494801361e-17,7.1454791671529e-05,-1.01401051768082e-16,1.76955049808379e-16,-4.45556515031381e-06,1.55123843041435e-16,-3.52148865623292e-16,1.45379385684485e-05,9.43065709555129e-17,-1.32867919606732e-06,-2.63677968348475e-16,-4.20600377220372e-16,-9.47844227654037e-16,4.0766001685455e-16,-7.19037644318545e-16,-3.18394560866184e-14,-0.707106781186548,4.92136266408774e-06,1.72450995087964e-15,3.59020720854157e-16,2.51534904016637e-16,2.38524477946811e-16
"t7",0.00160210257479441,0.0115021502380338,-0.212437297275771,0.0223766310304752,-0.00358173785001761,0.0030815168172605,0.335413891355733,0.0225495602847796,-0.00752668372198159,-0.0234873861618742,0.0031557067699721,-1.01740651554181e-05,-0.00171446165238849,0.0011780835783471,-0.0362006417796716,0.000351163327224915,-0.0002086778711019,0.00123911171746763,-0.000272653172297814,3.09323113718216e-05,-0.000203387259755584,0.00375087356319921,0.0001596305756403,-0.0502197751665617,0.0017630300868413,-0.523185419403743,0.00330302211642955,-0.0018268022198666,0.00139457603043338,0.00126065636373295,-0.000136653599007748,-4.08471813231198e-15,0.726840060546988,0.00136115355233616,0.000214369688023505,-0.000476052653166709,-0.000593838508341382,-6.85769254026296e-06,1.26284344668201e-14,0.153539591868414,-4.26064082112917e-05,-0.000286551334832942,-3.71904152161885e-14,-2.09033428562534e-05,2.00127036650947e-05,6.78728484273428e-05,0.000364069320348248,-0.000257297499656786,1.85675855865867e-05,1.95852344301037e-05,4.68007245214338e-05,0.000102889819419878,-1.285003155721e-05,-3.50534256757379e-05,-5.69338555479054e-06,-6.03309198686126e-05,-6.93889390390723e-18,-4.92980856205309e-16,-1.414964157463e-06,0.00131223454491968,1.2350181698359e-06,4.79115608740822e-07,5.69120413861951e-17,-0.000247634414948715,4.41224733354164e-16,-7.43756426151898e-18,1.21430643318376e-16,-2.81892564846231e-16,0.00023800409478399,3.31610820508819e-16,-6.03863071196764e-17,-1.42436760107579e-05,2.88839517972909e-17,2.61943244872498e-16,4.42759108000516e-05,-2.27268276542299e-17,-3.83432306057425e-06,-1.11022302462516e-16,1.04062532448883e-16,5.77092695700764e-18,-1.21430643318376e-16,-1.27042562288224e-17,-4.85303896747542e-17,1.95373994208854e-17,1.35182517139038e-05,4.83232183054063e-17,1.46891393698607e-18,-2.08166817117217e-17,-2.03830008427275e-16
"t53",0.0333230582874171,-0.02734923848438,-0.00909503965592317,-0.0139268210471523,0.0399425572193332,-0.0124448537008062,0.0220005431658473,-0.0701520414902784,0.137825937557607,0.667488564020864,-0.096671894208823,0.00131000943984882,-0.0335516507477513,0.0619846713305332,-0.0194713887415918,0.00659249417551822,-0.00216766524566289,0.0124826914703222,-0.00181874585695143,0.000319834247706825,-0.00223656923379089,0.00642662141918878,-0.00503628199901231,0.00291471103004735,-0.00212075214563964,0.00359476718851733,0.00609616798079011,-0.0029855979339277,0.000247703010581788,0.00338525258439839,-0.000389363777310037,1.58626401131155e-16,-8.20887144608424e-06,0.00135577081969939,0.000219756835497478,-0.000489996306955462,-0.000840067843688199,-2.25046846726862e-05,-5.29624746095716e-16,0.000381755175787469,-6.70566329314254e-05,-0.000612846733729404,-1.78042835429994e-13,-9.94140485637614e-05,2.89921457728524e-05,0.000314127837538212,0.000527092070725705,-0.000523362634155748,2.70782496433735e-05,4.01341390480203e-05,9.63151429786147e-05,0.000211906346267136,-1.90125288970153e-05,-7.24585506406703e-05,-8.4578410938221e-06,-0.000283233645714911,4.92661467177413e-16,-1.39504192905071e-17,-6.65759331229429e-06,0.000255666294239176,1.88020688948742e-06,2.280708554379e-06,-4.34916989975524e-16,-0.000376838678975504,1.6487595455628e-15,5.42185637924994e-16,-4.05925293378573e-16,-8.55218673656566e-16,4.80225503891856e-05,-0.707106781186548,-1.8437999323823e-15,-3.05710652922714e-05,-1.21562067551083e-15,4.53630188967935e-16,6.86687114207322e-05,2.63413966138588e-17,-1.85418275548076e-05,-5.55111512312578e-17,4.36414139786277e-17,7.78625766259878e-17,1.78676518025611e-16,9.32095197601791e-17,-4.99084482170351e-17,3.43479734027941e-16,2.94342655669452e-05,3.92349925139257e-17,1.20472257999516e-16,-1.00613961606655e-16,1.60461921527855e-17
"t54",0.0333230582874171,-0.02734923848438,-0.00909503965592318,-0.0139268210471523,0.0399425572193333,-0.0124448537008062,0.0220005431658472,-0.0701520414902784,0.137825937557607,0.667488564020864,-0.096671894208823,0.00131000943984874,-0.0335516507477512,0.0619846713305331,-0.0194713887415917,0.00659249417551824,-0.00216766524566289,0.0124826914703222,-0.00181874585695156,0.000319834247706801,-0.00223656923379089,0.00642662141918876,-0.00503628199901236,0.00291471103004741,-0.0021207521456395,0.00359476718851736,0.00609616798078986,-0.00298559793392765,0.000247703010581851,0.00338525258439831,-0.000389363777310155,-2.16062011218574e-16,-8.2088714460921e-06,0.00135577081969938,0.000219756835497291,-0.000489996306955436,-0.000840067843688289,-2.25046846728053e-05,5.94367859235166e-16,0.000381755175786945,-6.70566329313491e-05,-0.000612846733729678,-1.77444092779082e-13,-9.94140485633349e-05,2.89921457725974e-05,0.000314127837538238,0.000527092070725891,-0.000523362634155815,2.70782496438627e-05,4.01341390482918e-05,9.63151429790969e-05,0.000211906346266734,-1.90125288969042e-05,-7.24585506404144e-05,-8.45784109346735e-06,-0.000283233645715667,-3.60822483003176e-16,1.06609710910581e-16,-6.65759331277594e-06,0.000255666294238323,1.88020689015356e-06,2.28070855427386e-06,5.45344949941647e-16,-0.000376838678976099,-1.72840304129624e-15,-6.07102821846643e-16,5.25621213220973e-16,6.8434841127285e-16,4.80225503845765e-05,0.707106781186548,1.89780643857187e-15,-3.05710652918862e-05,1.27545485616936e-15,-7.56339435525888e-16,6.86687114207938e-05,-1.30757150893258e-16,-1.85418275555657e-05,1.94289029309402e-16,-1.13315669677365e-16,-8.40882312926863e-17,-3.86843335142828e-16,-1.54388768774736e-16,1.55746935212013e-16,-3.01303863403826e-16,2.94342655669105e-05,-4.27897432195008e-17,-1.15405555047056e-16,2.1163626406917e-16,-2.27682456221956e-16
"t34",0.111089842898803,-0.166139420284444,0.0492888159493182,0.0168384786535825,-0.225993353690313,-0.0821422186288064,-0.000723466745413682,0.00349208074796813,-0.00395780817449777,-0.0171060785365078,0.00241538659111028,-2.70999790057092e-05,-0.000157532686227858,0.0233401802011623,-0.000514057444998823,0.000226407975525534,-0.000105155191006321,0.00064347204313884,-0.000115897275179197,2.26880720734998e-05,-0.000168494954135821,0.000568320574634456,-0.00474045134321617,0.000408925526509535,-0.000302216525596317,0.000578742190029756,0.011995541663353,-0.00687832200974138,-0.00217890316808125,0.126564066386237,0.00192103380694895,-3.43148293525768e-16,5.95595432186674e-07,-3.39500402630932e-05,-1.22419704488147e-06,-2.13503112123786e-07,-7.87918697724155e-06,-1.8870806695946e-06,7.13783146313817e-16,5.77463368683917e-06,-6.35910423291142e-07,-3.58756235004087e-06,2.79022715013802e-15,4.67762837551549e-06,-3.80812417627961e-06,-0.147300051893455,3.59188336784382e-05,-2.04162030463372e-05,4.50587174877226e-07,-7.07512981192211e-07,-7.81105377290099e-06,-2.09979121056358e-05,4.71308361550682e-06,1.96515703604419e-05,1.08969193286356e-05,0.684762046934973,1.1220191442618e-14,-1.9865695351946e-14,-0.61700349394998,6.90611172732072e-05,4.76796627318921e-07,0.00296204824110068,-1.36295813326977e-15,-7.49457387508217e-05,3.93013528672095e-15,6.19658496540968e-16,-1.55778168142717e-15,-3.54750950837257e-16,8.17697997418029e-06,2.16098861160595e-16,-5.02746185372861e-17,-5.00389970352236e-06,2.36723391007583e-16,-1.21430643318376e-16,1.08403295850145e-05,-1.94078244027146e-16,-2.08239344953697e-05,4.16333634234434e-17,4.63556822688999e-18,-6.19771890995634e-18,-1.97758476261356e-16,-1.36863329476823e-16,-1.26581518236099e-16,8.18435457879836e-17,4.4262420204888e-06,-4.59038437215518e-17,-5.63239406945299e-18,4.85722573273506e-17,-2.58473797920544e-16
"t37",0.1114671610917,-0.166805442561086,0.0495624825693236,0.016981648887373,-0.228939068872882,-0.0832334933422396,-0.000735658933837467,0.00356357088810296,-0.00405433935075705,-0.0175324027088507,0.0024758521293493,-2.77986804544964e-05,-0.000162294640721291,0.024113975703159,-0.000534196764913595,0.000235883695771603,-0.000110198053899138,0.000675330995491757,-0.000122476326139417,2.40930984062816e-05,-0.000179516135073738,0.000612089517502289,-0.00519296405531015,0.000463826293040889,-0.000343277622679679,0.000663960848607391,0.0141717803528069,-0.00821262038764488,-0.00260184043215183,0.154325807408542,0.0023660117251042,-1.70531660963051e-16,7.5846900203966e-07,-4.44305119057706e-05,-1.64420968357462e-06,-2.90569993681607e-07,-1.10749246278229e-05,-2.6625125653201e-06,-8.7381519304643e-16,8.6847714510117e-06,-1.0583281706434e-06,-6.21021861494774e-06,3.72824580301959e-15,7.83206806739166e-06,-7.53260864295438e-06,-0.308772795887423,0.00010404531986373,-8.94257110266974e-05,4.5321784690501e-06,7.02019211687232e-06,1.91812927150105e-05,4.37979332826924e-05,-5.15976705471773e-06,-2.04091876091876e-05,-6.19726206116801e-06,-0.303812512008932,-5.99000016254791e-15,6.6173533529096e-15,-0.0515058068389082,8.18339957960046e-06,7.4829207271504e-08,-0.819272748916202,-1.09262452084658e-14,-2.88991552892345e-05,-3.27813916968214e-15,1.31261268274258e-15,-7.39859562504108e-16,-3.92589606657001e-16,4.25115096404491e-06,-3.31425272356953e-16,2.4176717986439e-16,-2.83227299428178e-06,1.10563857685759e-16,-9.17235037922737e-16,6.66005585178947e-06,-1.62082096472099e-16,-1.37723871087857e-05,1.59594559789866e-16,-7.45800775709731e-17,1.25073363675471e-17,-1.58293517182884e-16,-1.21439078809795e-16,1.96135868895278e-16,2.4075282458351e-16,3.09443412687196e-06,-6.20368440853066e-17,-3.51443746298854e-17,-1.56992474575901e-16,-4.81819445452558e-16
"t39",0.111474188978151,-0.166817844631609,0.0495675752541529,0.0169843098849213,-0.22899371641405,-0.0832537360830038,-0.000735884765221439,0.00356489313420744,-0.00405612193818329,-0.0175402737266443,0.00247696842596679,-2.78115758213188e-05,-0.000162382373587696,0.0241282155178195,-0.000534566512769764,0.000236057486181256,-0.000110290328095129,0.0006759136075329,-0.000122596312580348,2.41186740195689e-05,-0.000179716497829785,0.000612881914187758,-0.0052011039509586,0.000464801370856277,-0.000344006528277953,0.000665468286555325,0.0142098867401864,-0.00823590083693549,-0.00260921947017345,0.15480681984002,0.00237369646096286,-2.16668910325282e-16,7.61252066660677e-07,-4.46080917505204e-05,-1.65127089539994e-06,-2.91860558767829e-07,-1.11279370834721e-05,-2.67536167737255e-06,-1.35981002770178e-15,8.73210302021997e-06,-1.06494950987031e-06,-6.25029025613181e-06,4.09977596171159e-15,7.88569246624982e-06,-7.59081835164602e-06,-0.311266297539671,0.000105048639293365,-9.04039305841621e-05,4.58776833036972e-06,7.11944286353608e-06,1.95002867571078e-05,4.45495776603623e-05,-5.26289391214463e-06,-2.08229556504941e-05,-6.34689255607631e-06,-0.311715457743893,-5.97698973647809e-15,5.99758976298412e-15,-0.0536735104431747,8.78260525824254e-06,8.19375317265975e-08,0.405442070741366,0.707106781186553,-2.54271247578184e-05,-4.35410292791787e-15,-2.10976625345673e-15,-8.23993651088983e-16,-7.26415455565288e-16,4.12945847085271e-06,-7.22323018588457e-16,1.38618343130362e-16,-2.77194654030156e-06,-4.05778290346598e-18,2.1315414711065e-16,6.55356994225015e-06,-1.33879838782707e-16,-1.36042373532185e-05,3.46944695195361e-18,-1.77307324640488e-16,-1.26897125985163e-16,-3.42607886505419e-17,7.33550372484076e-17,-1.6868069633679e-16,5.43511111655495e-18,3.06403731836248e-06,1.06849868198517e-16,2.42611107447689e-16,6.59194920871187e-17,-1.20346441145891e-16
"t40",0.111474188978151,-0.166817844631609,0.0495675752541529,0.0169843098849213,-0.22899371641405,-0.0832537360830037,-0.000735884765221407,0.00356489313420742,-0.00405612193818326,-0.0175402737266443,0.0024769684259668,-2.78115758213513e-05,-0.000162382373587717,0.0241282155178195,-0.000534566512769763,0.000236057486181244,-0.00011029032809511,0.00067591360753291,-0.000122596312580344,2.41186740195789e-05,-0.000179716497829776,0.000612881914187798,-0.00520110395095863,0.000464801370856294,-0.000344006528277893,0.000665468286555334,0.0142098867401865,-0.00823590083693546,-0.00260921947017343,0.154806819840021,0.00237369646096272,-4.42597161313474e-16,7.6125206667751e-07,-4.46080917505478e-05,-1.6512708954676e-06,-2.91860558837651e-07,-1.11279370836066e-05,-2.67536167797437e-06,-5.42766713626126e-16,8.73210301998491e-06,-1.06494950989199e-06,-6.2502902564059e-06,4.34031115821544e-15,7.88569246632382e-06,-7.59081835219333e-06,-0.311266297539672,0.00010504863929325,-9.04039305843354e-05,4.58776833053842e-06,7.11944286403319e-06,1.95002867574615e-05,4.45495776601763e-05,-5.26289391211514e-06,-2.08229556507556e-05,-6.34689255638032e-06,-0.311715457743894,-3.96904731303493e-15,8.0889506118961e-15,-0.0536735104431734,8.78260525783575e-06,8.19375335706085e-08,0.405442070741385,-0.707106781186541,-2.54271247577822e-05,1.18715395319585e-15,5.8807798068236e-16,9.42822209193395e-16,1.00722381823903e-15,4.12945847003826e-06,4.43411157268123e-16,-4.7944947016564e-16,-2.77194654194041e-06,-2.08304938882641e-16,4.78133158066107e-16,6.55356994240042e-06,-1.37847938363559e-17,-1.36042373533502e-05,-9.71445146547012e-17,2.37772988801732e-16,2.04982764113094e-16,9.49761103097302e-17,3.54174584915281e-17,-4.38081591092013e-16,6.01091571611241e-17,3.06403731840064e-06,1.59862616172481e-18,-1.27689530439947e-16,3.64291929955129e-17,-1.9971004017183e-16
"t35",0.111158431461268,-0.166260493913475,0.049338569615586,0.0168645124239963,-0.226529149671455,-0.0823407136706462,-0.000725684916167263,0.00350509018524394,-0.00397537879330355,-0.0171836807229256,0.00242639298263835,-2.72271678821647e-05,-0.00015839977601823,0.0234811041430021,-0.000517726612219408,0.000228134639237052,-0.000106074451838328,0.000649280160220971,-0.000117097228508729,2.29444176666344e-05,-0.000170506195296538,0.000576313718156092,-0.00482318551290362,0.000418987894684177,-0.000309743095892094,0.000594374355436779,0.0123956371224226,-0.0071238360692494,-0.00225672525491045,0.131681211764874,0.0020031250435094,3.22194392476591e-17,6.25736426409737e-07,-3.58950568782395e-05,-1.30238313495595e-06,-2.2787395112002e-07,-8.47798783081e-06,-2.03246976334791e-06,5.7111873841821e-16,6.32823244987521e-06,-7.21991720249726e-07,-4.16468543125437e-06,2.67958132505907e-15,5.06725433353393e-06,-4.46266922924862e-06,-0.176069101037874,4.8366938551125e-05,-3.31581373514893e-05,1.21078778671235e-06,7.48426080634385e-07,-2.64340470062033e-06,-8.54730186908639e-06,2.77437005351266e-06,1.17655524433883e-05,7.39597968247175e-06,0.477198070698639,1.05054853705155e-14,-5.25950986611913e-15,0.78158921985845,6.11270605941072e-05,4.20210469864735e-07,0.00403748987402114,1.28310651777269e-16,-6.70241955753282e-05,3.41585392165018e-15,-1.51494425588344e-15,1.89431803576667e-15,-2.33320307518881e-16,7.49368241886005e-06,6.08337684349516e-16,2.98448496930488e-16,-4.62359727036211e-06,-2.98863140650184e-17,6.10622663543836e-16,1.01040086912694e-05,-5.2840301356273e-17,-1.95755651626107e-05,-2.4980018054066e-16,4.98095302129656e-17,4.93332748374991e-18,-3.13984949151802e-16,-2.36706662077182e-17,-1.07246976578337e-16,-3.54454921885181e-17,4.18959108600819e-06,-6.75605862164138e-17,-9.13280284191529e-19,-7.63278329429795e-17,7.54604712049911e-17
"t84",0.111980361826052,-0.167712644868827,0.0499366282468326,0.0171787727101382,-0.233039180487224,-0.0847533416338934,-0.000752785410943399,0.00366487164149046,-0.00419241976803874,-0.0181430096432939,0.00256247768369662,-2.88014796772964e-05,-0.000169202899955307,0.0252445014923696,-0.00056405315014903,0.000250022896176812,-0.000117835316694506,0.000723763542687095,-0.000132656703704852,2.62948932824277e-05,-0.000196935530691972,0.000683275863904399,-0.00596347925170527,0.000566965138428882,-0.000420736666463492,0.000829517373208317,0.0187976287608157,-0.011146281476021,-0.00353203409942215,0.219756571875804,0.00345140019351491,6.44252412648674e-16,1.20670652165177e-06,-7.65284879759286e-05,-3.080050765953e-06,-5.70226157527685e-07,-2.4656255340429e-05,-6.02392225539024e-06,4.28354504061461e-16,2.73301682116953e-05,-8.55714099804589e-06,-8.95035048466691e-05,-2.57190778316144e-13,-0.000156697224513537,1.98632007247035e-05,0.571310897745107,-6.28236478853296e-05,2.40294147658064e-05,-3.98756001354812e-07,3.92856167416794e-07,3.08482865028119e-06,7.7207500218078e-06,-1.21365378969937e-06,-4.88925877189595e-06,-1.73080569235585e-06,-0.0877696876728761,-1.85268467234323e-15,1.6514372255854e-15,-0.00221356107433724,5.25598634050495e-06,4.61562640434454e-08,0.000490894772639366,-1.89893680246887e-16,-1.53050983820627e-05,-2.13771670529629e-16,-1.55526115607346e-16,-3.43475248243408e-16,-5.74627151417317e-17,2.60573361407588e-06,-2.55340722932228e-16,-6.60608967283398e-17,-1.80253991449329e-06,-1.58778023394179e-16,-9.28077059647592e-17,4.41382598543802e-06,1.70986156445468e-16,-9.50957396536958e-06,-3.88578058618805e-16,1.8644565817416e-15,-4.43585604812731e-16,-1.64972202565394e-15,-1.83818607088958e-15,0.707106781186548,-3.18958903001065e-14,2.21136379960352e-06,-1.53203858232202e-15,-8.01133468386779e-16,6.26235174827627e-16,-1.07986536379556e-16
"t85",0.111980361826052,-0.167712644868827,0.0499366282468326,0.0171787727101382,-0.233039180487224,-0.0847533416338934,-0.000752785410943379,0.00366487164149046,-0.0041924197680387,-0.0181430096432938,0.00256247768369665,-2.88014796773248e-05,-0.000169202899955298,0.0252445014923697,-0.000564053150149013,0.000250022896176782,-0.000117835316694505,0.000723763542687121,-0.000132656703704851,2.62948932824572e-05,-0.00019693553069195,0.000683275863904385,-0.00596347925170528,0.000566965138428945,-0.000420736666463445,0.000829517373208275,0.0187976287608158,-0.011146281476021,-0.00353203409942209,0.219756571875804,0.00345140019351509,5.60696000533826e-16,1.2067065217622e-06,-7.65284879759007e-05,-3.08005076581769e-06,-5.70226157517277e-07,-2.46562553404325e-05,-6.02392225528868e-06,2.53502155599483e-17,2.73301682114716e-05,-8.55714099814477e-06,-8.95035048467073e-05,-2.57317746543012e-13,-0.000156697224513519,1.98632007246523e-05,0.571310897745109,-6.28236478853869e-05,2.40294147657754e-05,-3.98756001168329e-07,3.92856167195726e-07,3.08482865024606e-06,7.72075002195005e-06,-1.21365378972713e-06,-4.88925877171293e-06,-1.73080569251154e-06,-0.0877696876728767,-2.51881848711832e-15,1.45849992223526e-15,-0.00221356107433742,5.2559863405223e-06,4.6156263908137e-08,0.000490894772638999,1.13479663347967e-16,-1.530509838226e-05,-7.43681472528636e-17,1.82928616332816e-16,6.36643515683488e-16,2.53052787058117e-16,2.60573361396399e-06,5.86343674668394e-17,1.05376217132224e-16,-1.8025399146685e-06,-1.32124887754658e-17,1.47451495458029e-17,4.41382598509845e-06,-4.4826851830939e-16,-9.50957396537175e-06,4.71844785465692e-16,-1.87643850157775e-15,4.03898995133231e-16,1.6826817716975e-15,1.72709318903646e-15,-0.707106781186547,3.19848860518919e-14,2.21136381280476e-06,1.47801518692011e-15,7.91571947439703e-16,-2.0643209364124e-16,-1.50053580671994e-16
"t43",0.108336624357158,-0.161266056461213,0.0472722588727012,0.0157691988520654,-0.20352997768874,-0.0738107642056384,-0.000628833508537628,0.00292774594576346,-0.00318165587472625,-0.0136696346131395,0.00192774037698678,-2.14450892252373e-05,-0.000118170438485417,0.016853968107446,-0.000340267059189316,0.000143566975804995,-5.97270596906733e-05,0.000354257026912026,-5.3967821045525e-05,9.11196461827243e-06,-6.00885939482576e-05,0.000110978980092888,0.000483663981403723,-0.000386736552515969,0.000298879335768555,-0.000762721720767013,-0.0314508913849361,0.0224559910112838,0.00712808816795456,-0.629482087374927,-0.0116785046241592,1.01118793243218e-17,-7.44241318733913e-06,0.000909368538895543,0.000125307617826548,-0.00026331498924806,-0.000406021611498107,-8.97357538476568e-05,4.85249093558187e-16,0.000162472948436767,-2.6234374360919e-05,-0.000236713206254124,-5.41848332892668e-13,-0.000301693537035099,1.17658056722897e-05,0.0519196500060977,0.000163937934039094,-0.000161849715193346,8.29042275552177e-06,1.21560361229891e-05,2.89786280192727e-05,6.3741164773241e-05,-5.76404368230268e-06,-2.20113831285698e-05,-2.86854765823913e-06,-0.0258606727613195,8.77770078844264e-16,7.90092431887528e-16,-0.000565147949949276,6.91983805680627e-05,5.0844943726841e-07,0.000173508690724156,1.95690283692572e-15,-0.000100760567131854,6.27527106104236e-13,0.707106781186548,5.31866217734489e-15,-2.21632608099487e-15,1.25909587878293e-05,5.43448774740821e-16,-3.19716883733184e-16,-7.94706110984137e-06,-2.18573737941423e-16,6.07153216591882e-17,1.76642994962175e-05,-6.55637462685352e-18,-3.45345178460528e-05,-1.73472347597681e-16,1.09748393616695e-16,2.30386126247926e-17,4.85722573273506e-17,1.74220439311165e-16,1.77111000179736e-16,-2.29131844866421e-17,7.39911889430234e-06,-2.38836729202689e-16,1.9228726453882e-17,-7.80625564189563e-17,1.60461921527855e-17
"t44",0.108336624357158,-0.161266056461213,0.0472722588727013,0.0157691988520654,-0.20352997768874,-0.0738107642056384,-0.000628833508537656,0.00292774594576345,-0.00318165587472627,-0.0136696346131395,0.00192774037698672,-2.14450892252124e-05,-0.000118170438485436,0.016853968107446,-0.000340267059189336,0.00014356697580502,-5.97270596906889e-05,0.000354257026912038,-5.39678210456515e-05,9.11196461830018e-06,-6.00885939482819e-05,0.000110978980092939,0.000483663981403706,-0.000386736552515952,0.000298879335768529,-0.00076272172076701,-0.0314508913849362,0.0224559910112836,0.00712808816795456,-0.629482087374928,-0.0116785046241592,-2.17953435789793e-16,-7.44241318732512e-06,0.000909368538895588,0.000125307617826427,-0.000263314989248076,-0.000406021611498227,-8.97357538470558e-05,7.11675803739931e-16,0.000162472948436373,-2.6234374361429e-05,-0.000236713206253772,-5.41573696168802e-13,-0.000301693537034967,1.17658056721986e-05,0.0519196500060983,0.000163937934039054,-0.000161849715192407,8.29042275678031e-06,1.21560361226956e-05,2.89786280193711e-05,6.37411647734024e-05,-5.76404368099123e-06,-2.20113831277771e-05,-2.8685476585015e-06,-0.0258606727613199,-1.75207071073658e-15,8.0128037023153e-16,-0.000565147949951679,6.91983805689508e-05,5.08449432844865e-07,0.000173508690721806,-1.81367778891226e-15,-0.000100760567128556,-6.28309875600325e-13,-0.707106781186547,-5.14865927669916e-15,1.85680464059867e-15,1.25909587878302e-05,-5.8444586970798e-16,3.55123252216417e-16,-7.94706110976938e-06,3.93679170033354e-16,-1.72604985859692e-16,1.76642994963046e-05,3.36074178167704e-16,-3.45345178464364e-05,1.59594559789866e-16,-1.90809033956704e-16,-6.42906176686502e-17,-8.41340885848751e-17,-2.10094112452124e-16,-2.52802080934541e-16,-1.31892470853993e-16,7.39911889442377e-06,2.68651326756453e-16,-2.79722672570122e-17,-2.22044604925031e-16,-2.46764414457701e-16
"t68",0.0986827190063152,-0.143140443478136,0.0384529559094593,0.00890766489602947,0.197358994477983,0.089540251442,-0.00738552755867983,0.0116004365586663,-0.0110944660795995,-0.0479089583220577,0.00676717763974081,-7.64814099865568e-05,-0.000585166313383445,0.202292323160729,0.000441730915076753,-4.12828556510975e-05,-3.0250506758597e-05,0.000214740746541514,-4.86262353826705e-05,9.45249044833002e-06,-6.72872725978082e-05,0.000163855267059101,0.000398249816643724,-0.000454846317282669,0.000357809815635378,-0.0010445987478751,-0.207244619653396,0.322567378878086,0.119811375011782,0.0306015665341689,-0.0135405931570222,-2.49671431532678e-17,-4.18938431833543e-06,0.000611164598962369,9.2784692381667e-05,-0.000203447959591868,-0.000451109117397307,-0.633907783681768,8.06095562804385e-17,0.000135653401104936,-2.62407863201204e-05,-0.000263943554100786,-3.78383723261973e-12,-0.549762261723617,6.8181576317139e-06,0.000616610976542864,0.000138506780946883,-0.00013830717734867,7.1537908793275e-06,1.05750538144775e-05,2.52835987263658e-05,5.55877961139351e-05,-4.97191179858313e-06,-1.8943740118359e-05,-2.2096000420914e-06,-0.000562441383924744,-9.46291656145348e-16,1.24559844376635e-16,-1.30593406089326e-05,6.56887872828599e-05,4.82465475027446e-07,4.38795638941864e-06,2.96153390562833e-16,-9.59773709754761e-05,-7.87528621034873e-17,-1.66181094294895e-16,4.7271214720368e-17,1.00830802041152e-17,1.21166369660374e-05,7.14505552460354e-17,2.49230434364401e-18,-7.68475442694983e-06,8.40391276798586e-17,1.90277481271206e-16,1.7187043355772e-05,7.14817267105796e-17,-0.0020123089889956,2.26381413614973e-16,2.99267382140587e-16,2.80248694941912e-17,-1.7499023063916e-16,1.96860434315758e-17,-8.78645031290663e-17,-2.37321854214084e-17,7.29910102418782e-06,4.98864480371787e-17,6.88029074136455e-17,-1.51788304147971e-17,-3.05040281228797e-16
"t76",0.102088229016999,-0.149010094954171,0.0406747446126363,0.00972284369110623,0.226586565102417,0.103097284269618,-0.00886916325059142,0.0145697216810735,-0.0146668458908641,-0.0637928175572548,0.00902439309721116,-0.000103041668393123,-0.000839917142068712,0.303489269514077,0.000731334215432654,-7.16681727137842e-05,-5.91160985968365e-05,0.000433621410146979,-0.000116414550671889,2.61157326374643e-05,-0.000207640777662841,0.00083573563742506,-0.0307496379155555,0.00095347282961385,-0.000719834536094013,0.00163089057668307,0.189776821654932,-0.254673697399518,-0.094467978705491,-0.0187241356836238,0.00743806602183229,6.91013713534794e-17,1.67689949798317e-06,-0.000195200601112226,-2.4322153400147e-05,4.84279701147938e-05,8.54374291443579e-05,0.11692334236239,2.78384968486571e-17,-1.58192186175479e-05,1.01050719460236e-06,3.30973640139121e-06,-2.48982574635461e-13,-0.0796047798249858,-4.36660597780397e-07,-2.33776750474782e-05,2.55231314177365e-06,-6.13320271766532e-06,4.53146705152885e-07,8.75660412853264e-07,2.55133949572553e-06,5.78111737399318e-06,-5.83707481786877e-07,-2.24546000564848e-06,-2.89416186830113e-07,-7.6252952492029e-05,-8.32667268468867e-17,8.54365145387717e-17,-2.05860582138382e-06,1.13185758465976e-05,8.5291347616534e-08,8.45054447868868e-07,2.58049223729755e-16,-1.95084353110571e-05,6.5824482973815e-17,1.22120245901337e-16,2.93601948309075e-16,-3.42499466288171e-16,2.91879156477139e-06,-6.01653865801259e-17,-3.86611012079764e-16,-1.99651405871642e-06,1.55228021152083e-16,-9.54097911787244e-18,5.04266905426904e-06,-2.05342787283373e-15,-0.405729838973167,5.44703171456717e-15,0.707106781186547,-2.93238199446463e-15,-9.11163505756818e-16,2.27363859842448e-15,-1.40927165464789e-15,-1.76148927056921e-16,1.89270618406075e-06,5.19173471127428e-16,-2.07556737146325e-16,2.8796409701215e-16,-9.21571846612679e-17
"t77",0.102088229016999,-0.149010094954171,0.0406747446126363,0.00972284369110622,0.226586565102417,0.103097284269618,-0.00886916325059138,0.0145697216810735,-0.0146668458908641,-0.0637928175572547,0.00902439309721119,-0.000103041668393149,-0.0008399171420687,0.303489269514077,0.000731334215432737,-7.16681727137841e-05,-5.91160985968526e-05,0.000433621410146999,-0.000116414550671862,2.61157326374951e-05,-0.0002076407776628,0.000835735637425026,-0.0307496379155555,0.000953472829613831,-0.000719834536094073,0.00163089057668303,0.189776821654932,-0.254673697399518,-0.0944679787054908,-0.0187241356836238,0.00743806602183228,-4.07181443239351e-17,1.67689949832619e-06,-0.000195200601112241,-2.43221534001695e-05,4.84279701146819e-05,8.5437429144351e-05,0.11692334236239,9.77580058774262e-17,-1.58192186174091e-05,1.01050719498227e-06,3.30973640140335e-06,-2.489076112607e-13,-0.0796047798249862,-4.36660597867133e-07,-2.33776750473426e-05,2.55231314193497e-06,-6.13320271775162e-06,4.53146704965969e-07,8.75660412905956e-07,2.55133949567891e-06,5.78111737407384e-06,-5.83707481911777e-07,-2.24546000552163e-06,-2.89416186540197e-07,-7.62529524920741e-05,5.62050406216485e-16,-7.65215631307101e-17,-2.05860582140837e-06,1.13185758465542e-05,8.52913475870437e-08,8.45054447785059e-07,-1.12234021417589e-16,-1.9508435311288e-05,-2.71775039421217e-17,3.05499042934702e-17,-9.54097911787244e-17,-4.20670442924376e-16,2.9187915644574e-06,-5.89353771023893e-16,5.525233216956e-16,-1.99651405833609e-06,1.76340702661401e-16,1.00180280737661e-16,5.04266905481071e-06,2.68037979659879e-15,-0.405729838973165,-2.79290479632266e-15,-0.707106781186549,3.07338617851193e-15,1.94375765483201e-15,-2.56887520962671e-15,1.64458482679926e-15,7.3205745577243e-16,1.89270618500617e-06,-7.3937666755651e-16,4.14340573664121e-16,-2.78423117894278e-16,-3.72531866466019e-16
"t73",0.102038108133181,-0.148923905807374,0.0406423078918333,0.00971107256318622,0.22617152959879,0.102904949958712,-0.00884838822360965,0.0145286876961281,-0.0146181717916957,-0.0635768125022252,0.00899370942999825,-0.000102681589992362,-0.000836517999595859,0.302152968084723,0.000727590456848193,-7.12790397677161e-05,-5.87541933931811e-05,0.000430891879197966,-0.0001155899959632,2.59165726135321e-05,-0.000205982878755018,0.000828101058000623,-0.0304164440228537,0.00094014825335317,-0.000709689305597096,0.00160656992208167,0.186521671281988,-0.250114279890185,-0.0927760623652597,-0.0183625083158208,0.00728967003553349,5.88848834601717e-17,1.64013096231821e-06,-0.000190634984275046,-2.37221736151608e-05,4.72036345157117e-05,8.31578999804898e-05,0.113785588798196,1.60671141395415e-16,-1.53571096120388e-05,9.78130926134954e-07,3.20154249038376e-06,-2.40594810401324e-13,-0.0769018109274662,-4.20679787447795e-07,-2.2499213881006e-05,2.44614671344144e-06,-5.86027003447926e-06,4.31780325288282e-07,8.31500244064779e-07,2.4132424727044e-06,5.46412225090401e-06,-5.49741656516445e-07,-2.11410583290765e-06,-2.71422724787505e-07,-7.13974991205877e-05,-2.67147415300428e-16,3.31744467845986e-16,-1.90974504682743e-06,1.04158666275785e-05,7.82648976148381e-08,7.66139670276618e-07,-6.91738193514845e-17,-1.75035936798595e-05,-2.8787977090876e-16,-3.26432930731262e-16,-2.74086309204336e-16,1.97975316695853e-16,2.45779490972136e-06,8.06549529877786e-16,-2.29291264408875e-18,-1.5802799488299e-06,-3.00021079046956e-16,-2.95770352654046e-16,3.24461769858489e-06,-5.34411413971869e-16,0.818993100544914,-2.45636844198316e-15,1.05439645793164e-15,-1.95163153190614e-16,-8.59555482346508e-16,6.36062939102077e-17,2.09786685990951e-17,-4.19836076978515e-16,2.74905373792364e-06,7.31047289901234e-17,-1.90375629887749e-16,1.92554305833426e-16,-4.38017677684144e-17
"t47",0.0994982783911685,-0.144546650638501,0.0389857419076169,0.00910350221917856,0.204400419428983,0.0928068858469608,-0.00774381762044739,0.0123191428310754,-0.0119613043793927,-0.0517644869609151,0.00731511600502965,-8.29319887984018e-05,-0.000647213309961118,0.226986400847942,0.000512677613797175,-4.87396960100704e-05,-3.73630531996627e-05,0.000268729317396956,-6.54284168655711e-05,1.35971963075635e-05,-0.000102281260777844,0.000332730392494725,-0.00753473398569898,-8.54470690411645e-05,7.47854256043151e-05,-0.00033548066818165,-0.0989383715095578,0.163327939949299,0.0606932570399314,0.01666968615106,-0.00754400863003416,-8.46234618701513e-16,-2.43792921989983e-06,0.000360451656847464,5.47536020156373e-05,-0.00011963043564978,-0.000260191749873511,-0.364425687571917,-1.41595170666572e-16,7.06407226205266e-05,-7.19847580316199e-06,-2.65658946508951e-05,2.40907955263643e-12,0.823486330998432,9.08865023373749e-06,0.000715102537253584,0.000132131221389834,-0.000126042605018534,6.37326737990798e-06,9.26558320330387e-06,2.19069108655838e-05,4.80882329336745e-05,-4.2759150612505e-06,-1.62848348005192e-05,-1.89152733632897e-06,-0.000480851080175299,3.05745012640912e-16,-6.77350804027086e-17,-1.11121484028681e-05,5.57829270797956e-05,4.09522466952774e-07,3.72034484309253e-06,7.61358583034867e-17,-8.13428322205006e-05,7.41057383214049e-17,-3.74173918196455e-17,1.56125112837913e-16,-9.20487644440193e-17,1.02724852914257e-05,-3.59590900769246e-16,-9.94240501214327e-17,-6.52011194740316e-06,-2.23390378421104e-17,-1.38018936557405e-16,1.46028168703633e-05,-3.70996342264381e-16,-0.00335253482875618,-1.73472347597681e-18,-1.03959999052667e-16,7.33318998690542e-17,9.51929507442273e-17,-1.43169659789665e-17,1.02365711286246e-18,-3.92863436758565e-17,6.22727835096395e-06,1.93581479472493e-17,-1.33234111201724e-17,5.46437894932694e-17,-1.6192559446071e-16
"t61",0.0973020837864544,-0.140761179923435,0.0375527030638612,0.0085776073724931,0.185538853247517,0.0840579073388205,-0.00678611892308648,0.010401959526008,-0.00965408927250323,-0.0415055447575195,0.00585723214863895,-6.57764315422741e-05,-0.000482616248416905,0.161588826684334,0.000325446669260093,-2.90917393951713e-05,-1.86900339903887e-05,0.000127121501359557,-2.1550399323375e-05,2.80769222763412e-06,-1.1380885488559e-05,-0.000102746634809879,0.0126774565467781,-0.00100141247171759,0.000775742382066802,-0.00207679447068509,-0.357713062310037,0.539705159113994,0.200409751875116,0.0488409933222001,-0.0212247520025042,6.59950156622782e-16,-6.25204459872951e-06,0.000880170144971266,0.000128415209433659,-0.000273296067215663,-0.000314044316244934,0.651970314712436,-2.61720684603368e-16,0.000190347090758673,-3.10328284535461e-05,-0.000281250760073938,-2.25254882909125e-12,-0.0322624695942385,1.22028074884991e-05,0.00103269722017212,0.000210878054441787,-0.000205031358866979,1.04403996297994e-05,1.52233611900141e-05,3.59906785102545e-05,7.89857739474486e-05,-7.01208803386734e-06,-2.67008659158821e-05,-3.09425502646184e-06,-0.000785811439362191,2.76254713549307e-16,-1.88440155118383e-16,-1.8055121656966e-05,9.02265445073529e-05,6.61412406565386e-07,5.97605326772873e-06,4.165769191714e-17,-0.000130161225324458,1.69535848524977e-16,3.24443248856505e-16,4.92227786308419e-17,2.53486467927111e-16,1.62132251980932e-05,5.14776079153672e-17,9.56443124271678e-17,-1.02264171268262e-05,-8.05777489615297e-17,-3.10081821330854e-17,2.27173861238558e-05,5.61482200335213e-18,-0.00124011168859614,-5.29090660172926e-17,-5.33413300447244e-17,-1.04279289461282e-17,5.93058588349571e-17,1.56821233360209e-17,1.16866076624691e-16,9.62256114656976e-17,9.50405609964015e-06,1.89484239777356e-17,-1.07292756549334e-16,-1.08203376814053e-16,6.97684097994422e-17
"t70",0.0956940547370165,-0.137849193374987,0.0363084670243312,0.00800808696145001,0.157289393416024,0.0707204681207118,-0.00490740496855611,0.0055137113276112,-0.00170037326876748,-0.00457849268652318,0.000561612521564381,5.34570429751898e-07,0.000473439225268513,-0.363589892445362,-0.0039192571101947,0.00131844412924314,-0.00046795253031786,0.00276407269248863,-0.000457995636737614,8.9096647097003e-05,-0.000671487048156864,0.00268743207565822,-0.531830051764016,0.000293288097963293,-0.00023345440446941,0.000641876838659801,0.109651197418878,0.0456772582902919,0.0161478380795967,-0.000241419126831125,-0.00901389755004763,1.14654379740342e-16,-4.68410111227309e-07,0.000104693122191536,1.96714238541729e-05,-4.62122984652771e-05,-8.68726715182455e-05,-6.97513064789725e-05,1.14334655362117e-16,4.40828146615335e-05,-8.3839833934056e-06,-7.77413840106628e-05,-3.47531239447501e-12,-0.000346734766683232,3.9345273953155e-06,0.000340752095686226,7.5389359347363e-05,-7.66553376224128e-05,4.03743763433342e-06,6.09516146902458e-06,1.48801641547697e-05,3.28345293293467e-05,-2.98407074235396e-06,-1.13852150753213e-05,-1.34802109450632e-06,-0.000345037699945622,3.40005801291454e-16,-3.99171366990402e-17,-8.22670910302083e-06,4.21068549271639e-05,3.10890243174211e-07,2.87950665214347e-06,2.93938915943032e-17,-6.37419404019334e-05,6.37432153128904e-17,-1.74526450537404e-16,-2.94902990916057e-16,-6.92154666914746e-16,8.36468206854256e-06,-2.49617115460669e-16,7.48481977198119e-16,-5.39112225627974e-06,-7.59067642480723e-17,2.70616862252382e-16,1.22964001872403e-05,-0.707106781186547,-7.3128065996614e-05,1.66533453693773e-15,-2.0203839363249e-15,-6.15506417836145e-16,-7.07767178198537e-16,2.90428151820752e-16,3.22817190166833e-16,-1.03633584640913e-16,5.46070913914898e-06,1.58104130407666e-16,-1.87861959526819e-16,1.07552855510562e-16,-2.62810606610486e-16
"t71",0.0956940547370165,-0.137849193374987,0.0363084670243312,0.00800808696145002,0.157289393416024,0.0707204681207118,-0.00490740496855612,0.00551371132761121,-0.00170037326876751,-0.00457849268652317,0.000561612521564427,5.3457042982969e-07,0.000473439225268421,-0.363589892445362,-0.00391925711019467,0.0013184441292431,-0.000467952530317891,0.00276407269248859,-0.000457995636737664,8.90966470970186e-05,-0.000671487048156911,0.00268743207565819,-0.531830051764016,0.000293288097963293,-0.000233454404469362,0.000641876838659843,0.109651197418878,0.0456772582902921,0.0161478380795969,-0.000241419126831018,-0.00901389755004769,1.92325606937667e-16,-4.68410111176677e-07,0.000104693122191565,1.96714238541451e-05,-4.62122984651765e-05,-8.6872671518308e-05,-6.97513064790228e-05,-2.53198814502295e-16,4.40828146614641e-05,-8.38398339352356e-06,-7.7741384010753e-05,-3.47483016072326e-12,-0.000346734766682716,3.93452739539009e-06,0.000340752095686205,7.5389359347356e-05,-7.66553376224466e-05,4.03743763485037e-06,6.0951614691703e-06,1.48801641547559e-05,3.28345293293501e-05,-2.98407074254825e-06,-1.13852150753786e-05,-1.34802109462775e-06,-0.000345037699945646,-2.56739074444567e-16,1.23362245477249e-16,-8.22670910342893e-06,4.21068549270459e-05,3.10890243250539e-07,2.87950665219426e-06,1.23786968603509e-16,-6.37419404023905e-05,-9.42275827003248e-17,1.90084969164462e-16,9.36750677027476e-17,3.99853761212654e-16,8.36468206908206e-06,1.99033627900309e-16,-6.42159346817705e-16,-5.39112225658614e-06,1.09860809477827e-16,1.45716771982052e-16,1.22964001857883e-05,0.707106781186547,-7.31280659955411e-05,-1.51267887105178e-15,1.92573249849606e-15,6.29482936547984e-16,5.06539254985228e-16,-4.09315931969738e-16,-2.2795751814348e-16,1.45857002264055e-16,5.46070913862856e-06,-1.93665263930556e-16,2.44517867910998e-16,-2.32452945780892e-16,-1.90819582357449e-16
"t97",0.0932755417893493,-0.133725658741353,0.034793442864875,0.0074893075179696,0.14132966238209,0.0633978631892534,-0.00425161930314504,0.00460255814829092,-0.00135896236453474,-0.00363659244487105,0.000445495446609412,4.20303215257532e-07,0.00035203429563993,-0.259748111353919,-0.00255288412984616,0.000820107177814705,-0.000258167314619189,0.00147321407722506,-0.000201983260082099,3.30104570520802e-05,-0.000215085504645844,0.000364395315917384,0.121130524662837,-0.000437442679891861,0.000366197569442991,-0.00141746551128076,-0.68975691221948,-0.470670178527699,-0.167289484735758,0.0334376403829041,-0.358377811738946,3.18336157401847e-17,-4.51328273929253e-06,0.000711085145603649,0.000110400222173866,-0.000241677864747325,-0.00039963644083235,-0.000317025542407407,2.33439822797956e-15,0.000172799259342335,-2.92038603065935e-05,-0.000265043557770447,-1.15148325021408e-11,-0.00113877190738308,1.2128712729949e-05,0.00103004538908042,0.000213567589688639,-0.000209537411714493,1.07437063388031e-05,1.5777313876148e-05,3.75456011560181e-05,8.24896795507905e-05,-7.35813957998543e-06,-2.80297573444807e-05,-3.26240856472239e-06,-0.00082982908409855,-9.36750677027476e-17,1.26248833481587e-15,-1.92088128516432e-05,9.64507642567669e-05,7.08046703334214e-07,6.42879162501142e-06,3.41599235658995e-17,-0.000140467524001987,-1.0878834087418e-15,-2.53018993859855e-16,-1.23165366794353e-16,-3.42607886505419e-17,1.76740804944796e-05,-7.76837978946235e-17,4.42878568336734e-17,-1.11935908170688e-05,1.00176251504604e-18,7.97972798949331e-17,2.49886897455229e-05,1.74520070752899e-16,-0.000144956216527863,1.73472347597681e-16,1.46363189864264e-16,-1.68834659575136e-17,-1.91686944095437e-16,-1.11148352393576e-16,-1.25417022582532e-16,1.92418761573011e-17,1.05701602281932e-05,-8.81786583172958e-18,9.99257778681555e-17,1.45716771982052e-16,-6.80445283451903e-16
"t30",0.0945365130121607,-0.135869803018844,0.0355757531242782,0.00775346762317056,0.149268302424454,0.0670352692313839,-0.004570791385536,0.00503607975464683,-0.0015170594148901,-0.00407105429853991,0.000499011597402586,4.72671462765498e-07,0.000405704459765039,-0.304453266641093,-0.00310502379906189,0.00101499173777441,-0.00033322579440212,0.00192295127729136,-0.000278423547217664,4.7349464481445e-05,-0.000316492789855057,0.000531786965630135,0.416574957497305,0.00173789645914615,-0.00128099064283363,0.00250680565322997,0.308943108308144,0.122851704262199,0.0434086165876827,0.00159751144597954,-0.233766406655461,-5.74522119331858e-16,-2.28491860317407e-07,0.000110316262465789,2.37666993065586e-05,-5.76672218832435e-05,-0.000113025022384959,-9.10204592484589e-05,4.70874165180461e-15,5.90347129321607e-05,-1.1326316044908e-05,-0.000105090075316602,-0.707106781161388,-0.000468916985218366,5.31536131054364e-06,0.000459989741695872,0.000101372257998767,-0.000102762747292029,5.39805862898469e-06,8.1240610357101e-06,1.97706557582989e-05,4.36012098977822e-05,-3.95255683154766e-06,-1.50770031531488e-05,-1.78073999313301e-06,-0.000455371133226199,-4.75314232417645e-16,5.75477841806096e-16,-1.08072478456242e-05,5.51385339847103e-05,4.06705846448668e-07,3.75371512377828e-06,-1.45559328481704e-18,-8.28950394155311e-05,-3.95302424114875e-16,-1.89656248135463e-16,-1.09287578986539e-16,1.645818897833e-16,1.07893555367344e-05,5.26911270095833e-16,2.43538668025989e-16,-6.92876485971258e-06,-7.72426631128723e-17,-1.36175792864179e-16,1.57310305033986e-05,-1.3115555371114e-16,-9.30357366482899e-05,-2.91433543964104e-16,-2.29094311871326e-17,1.71606211203498e-16,-3.21791204793698e-16,1.74172678605187e-16,2.06546314000905e-16,-2.81497067937359e-16,6.90899240732637e-06,-5.68708568137059e-17,7.14887063005501e-17,-1.99493199737333e-16,1.30537941567255e-16
"t91",0.0945365130119928,-0.135869803018559,0.0355757531241746,0.00775346762313587,0.149268302423424,0.067035269230912,-0.004570791385495,0.0050360797545916,-0.00151705941487018,-0.0040710542984853,0.000499011597395835,4.72671462893673e-07,0.000405704459758348,-0.304453266635595,-0.00310502379899505,0.00101499173775101,-0.000333225794393226,0.00192295127723826,-0.000278423547208708,4.73494644797467e-05,-0.000316492789843231,0.000531786965606469,0.416574957473569,0.00173789645899797,-0.00128099064272288,0.00250680565299056,0.308943108269601,0.122851704245439,0.0434086165817552,0.00159751144572148,-0.233766406614603,-4.35570599499526e-16,-2.28491860050016e-07,0.000110316262435954,2.37666992987835e-05,-5.76672218619619e-05,-0.000113025022333724,-9.10204592092055e-05,-2.43020112828764e-15,5.90347128839597e-05,-1.13263160088257e-05,-0.000105090074880434,0.707106781211707,-0.000468916991172388,5.31536131741749e-06,0.000459989742218829,0.000101372258061112,-0.000102762747343482,5.39805863216357e-06,8.12406103852903e-06,1.97706557645552e-05,4.3601209911372e-05,-3.95255683223461e-06,-1.50770031572618e-05,-1.78073999441801e-06,-0.000455371133342013,4.47558656802016e-16,5.58832056801183e-16,-1.08072478479191e-05,5.51385339963399e-05,4.06705846917044e-07,3.75371512406091e-06,8.94807726344088e-17,-8.28950394304684e-05,-5.71051292483364e-16,2.41585718457536e-16,1.52655665885959e-16,-5.92624907480577e-16,1.07893555387917e-05,-4.37594404707283e-16,-2.32437899315228e-16,-6.92876486065985e-06,3.24784626427729e-17,0,1.57310305053371e-05,-8.53802112408709e-17,-9.30357366595855e-05,1.73472347597681e-16,-1.65373567776838e-16,-2.3038884563004e-16,-1.30104260698261e-17,-1.62905756645994e-16,-1.19744275356959e-16,3.51954863400203e-16,6.90899240805148e-06,6.73787064588067e-17,-7.42280764836643e-17,3.46944695195361e-18,2.12503625807159e-17
"t4",0.093736858777842,-0.134510133993307,0.0350797137502294,0.00758599763559839,0.144236167768592,0.0647296050978245,-0.00436847818491036,0.00476125640449185,-0.0014168097548074,-0.0037955469899081,0.000465074771536598,4.39459902294558e-07,0.000371644629878291,-0.276064420421933,-0.00275368286548775,0.000890817472254236,-0.000285188449727216,0.00163467272435664,-0.000228885351340013,3.79231136887767e-05,-0.000248771570791562,0.000389459617438346,0.263191228775251,0.000567234216484452,-0.000396717337315185,0.000447430696391974,-0.134252571355453,-0.099739284105345,-0.0354264128650507,-0.00356218366192123,0.872314838273227,8.51069906280914e-16,-4.24323696320472e-06,0.000597693873130039,9.01563390414035e-05,-0.000196148743925022,-0.000322473414519552,-0.000255758634647114,-4.47422263200699e-15,0.000139623698528225,-2.37454528142101e-05,-0.000215843307481641,-2.45371001884432e-11,-0.000930187278993466,9.96609010835148e-06,0.000848100950320145,0.000177139619145319,-0.000174567028686665,8.98200415097583e-06,1.32396393362343e-05,3.16197167200393e-05,6.951323216897e-05,-6.21742734677883e-06,-2.36898242044013e-05,-2.76428378790262e-06,-0.000703786784308669,4.85722573273506e-17,-2.10312977974441e-15,-1.63650804148281e-05,8.24190385955211e-05,6.05591767661659e-07,5.51612877636254e-06,1.361382399589e-16,-0.000120782090351025,1.894893967165e-15,-1.51926775368505e-17,1.00613961606655e-16,-1.34224228953705e-16,1.53039908373587e-05,-3.9106991717709e-17,3.25256930159743e-17,-9.72145872684852e-06,4.97404624824914e-17,-4.33680868994202e-18,2.17829106796655e-05,-8.29351984846327e-17,-0.000126912838819182,6.59194920871187e-17,1.58680549872232e-17,1.10600902206545e-17,-3.00107161343988e-16,-6.76092283264944e-17,1.43006850658377e-16,6.95349584428786e-17,9.29367661740496e-06,-2.86182646900593e-17,2.11064733112507e-17,-6.41847686111419e-17,-3.64291929955129e-17
"t63",0.0514748558114045,0.100693750570657,0.0264889619466738,-0.220196981127225,-0.0129942562649981,0.0109827759136004,-0.00538033649145344,0.00739283703112112,-0.0023370337744295,0.0257639460577471,0.287773826239257,-1.99611983167132e-05,-0.00866029256918596,0.000752131565134325,-0.00157181759835446,0.00292404342473219,-0.00110035854755976,0.0139565446452389,8.07161963332482e-05,-0.0059376350547396,0.584778614777604,0.00256269219452653,-0.000644947804346957,0.0015560292854728,-0.0176747721624474,0.000877394826409868,0.000707819453647838,-0.000420820827182736,0.000221262440455576,0.000403748660479071,-4.67466166015613e-05,1.42166009867162e-16,-2.34067338446481e-06,0.000388794378252161,6.34061204090354e-05,-0.000141945574978827,-0.00100156945541818,-2.63360019257745e-06,1.66070155360649e-16,0.000111188007669967,-1.9956128140531e-05,-0.000738811370709518,-2.300689689135e-14,-1.28084600604641e-05,8.75131325301162e-06,4.18889105986782e-05,0.000175024241960713,-0.0210880446760419,6.5090166966866e-06,4.33938219133858e-05,0.000109251673588511,0.00129367196720082,-5.32312134086249e-06,-8.13942979700534e-05,-2.39406988562828e-06,-3.55676449411736e-05,5.3776427755281e-16,9.88259557567292e-16,-8.47481021578852e-07,7.3908699774812e-05,5.444243477426e-07,2.949686835413e-07,-5.82888617670317e-17,-0.00011004926567432,-5.69915641843198e-17,2.6066431503249e-16,-2.19095575015871e-15,8.26595736302949e-16,1.41610210475061e-05,-1.27538109925189e-15,6.26873770757236e-15,-3.566878278612e-05,0.707106781186547,2.99066327258402e-15,2.04236333787794e-05,-5.14021271861194e-17,-2.48492986950396e-06,9.71445146547012e-17,-1.90232639846658e-16,-6.97250239000721e-17,-2.84494650060196e-16,-1.66744171903223e-17,1.2268439342687e-16,4.21512946815766e-16,3.45722663196366e-05,-1.10802834340588e-16,-4.25171158169296e-17,3.78169717762944e-16,-2.48932818802672e-16
"t64",0.0514748558114045,0.100693750570657,0.0264889619466738,-0.220196981127225,-0.0129942562649981,0.0109827759136004,-0.00538033649145343,0.00739283703112112,-0.00233703377442949,0.0257639460577472,0.287773826239257,-1.99611983167458e-05,-0.00866029256918597,0.000752131565134333,-0.0015718175983544,0.0029240434247323,-0.00110035854755972,0.0139565446452389,8.07161963331704e-05,-0.00593763505473962,0.584778614777604,0.00256269219452645,-0.000644947804346964,0.00155602928547289,-0.0176747721624475,0.000877394826410024,0.000707819453647811,-0.000420820827182888,0.000221262440455982,0.000403748660479115,-4.67466166015037e-05,1.68867876496406e-16,-2.34067338437689e-06,0.000388794378252144,6.34061204089487e-05,-0.000141945574978807,-0.0010015694554182,-2.63360019271531e-06,-3.60423723085759e-16,0.000111188007669988,-1.99561281403072e-05,-0.000738811370709681,-2.25917224911152e-14,-1.28084600605088e-05,8.75131325304892e-06,4.18889105985422e-05,0.000175024241960934,-0.0210880446760419,6.50901669641771e-06,4.33938219131115e-05,0.000109251673589244,0.00129367196720098,-5.32312134085555e-06,-8.139429797003e-05,-2.39406988586204e-06,-3.55676449410487e-05,-3.67761376907083e-16,-8.06429195322161e-16,-8.47481021599939e-07,7.39086997744685e-05,5.44424347524025e-07,2.94968683344954e-07,2.13864544134285e-16,-0.000110049265674332,-8.1581842705193e-17,-3.66778172041215e-16,1.92554305833426e-15,-1.02045108474336e-15,1.41610210480066e-05,1.28009559307211e-15,-6.12721152654434e-15,-3.5668782790857e-05,-0.707106781186548,-3.06525638205102e-15,2.0423633378825e-05,1.31079017988114e-17,-2.48492986992073e-06,-8.32667268468867e-17,1.94875972683611e-16,9.70252703355025e-17,1.54390389361936e-16,-9.9941143406114e-17,8.20070999277589e-19,-3.55609287943835e-16,3.45722663202611e-05,-4.98470250042271e-18,5.46273984540128e-17,1.50920942409982e-16,-9.49761103097302e-17
"t89",0.0527754843637619,0.10373210909937,0.0276300536200348,-0.2356374047224,-0.0145426034571056,0.0123247215644721,-0.00629380792844828,0.0090830614171972,-0.00305952765566617,0.0340558668047826,0.381171659350015,-2.68161132417927e-05,-0.012830776319586,0.00120901340052624,-0.00321637706064001,0.00704126226385308,-0.00555683463401169,0.109582363417831,-0.000232152713941273,0.00609870007077314,-0.338149674921954,5.7165808608066e-05,-0.000209966184460231,0.000834731091478691,-0.00957036356827554,0.000502831162945541,0.000454631617403502,-0.000278601618190131,0.000146524719753374,0.000281270101331083,-3.32653142193608e-05,-6.61143096649872e-17,-1.77198499582646e-06,0.000307596245639169,5.21402994932557e-05,-0.000118945552411244,-0.000877301489614579,-2.31855674265433e-06,-6.76115315144576e-16,0.000106337252489687,-2.14768930547476e-05,-0.000820577710969855,-2.68976797360425e-14,-1.52238481341709e-05,1.24553385200277e-05,6.49916361208746e-05,0.000498619222183033,-0.381268650504423,-2.03500110258596e-05,-4.16105324469985e-05,-4.05361270784822e-05,-0.000399217547986941,5.43257951554632e-07,7.17842934417311e-06,-9.43293943598406e-08,-2.75198823107559e-06,-2.08166817117217e-17,1.03769763509275e-15,-1.82808200414951e-07,2.07506228087281e-05,1.62066242023751e-07,1.02968068892945e-07,4.31950537580652e-17,-4.15809421959292e-05,-5.33388745682354e-16,2.00417914069067e-17,1.17961196366423e-16,-5.24753851482984e-16,6.40258748229629e-06,-2.31674932089782e-17,3.36092347972451e-16,-1.70137608644174e-05,-3.05899352137403e-17,-4.68375338513738e-17,1.02945634623455e-05,1.2059864090814e-16,-1.32113323261102e-06,2.22044604925031e-16,-8.57866260103648e-16,-1.01421952621759e-16,-4.57966997657877e-16,-3.55648253814051e-16,1.59980689806774e-15,1.91576243574379e-15,1.9189567611072e-05,0.707106781186547,1.18463941316896e-15,1.73472347597681e-16,-7.71951946809679e-17
"t90",0.0527754843637619,0.10373210909937,0.0276300536200348,-0.2356374047224,-0.0145426034571056,0.0123247215644721,-0.00629380792844829,0.00908306141719721,-0.00305952765566616,0.0340558668047826,0.381171659350014,-2.68161132417975e-05,-0.0128307763195861,0.00120901340052621,-0.00321637706064001,0.00704126226385299,-0.00555683463401166,0.109582363417831,-0.000232152713941238,0.00609870007077302,-0.338149674921954,5.71658086080534e-05,-0.0002099661844602,0.000834731091478753,-0.00957036356827556,0.000502831162945458,0.000454631617403434,-0.000278601618190012,0.000146524719753382,0.00028127010133102,-3.32653142194059e-05,6.59432090096418e-17,-1.77198499574883e-06,0.000307596245639161,5.21402994928533e-05,-0.00011894555241139,-0.000877301489614613,-2.31855674267753e-06,-7.80126976111216e-16,0.00010633725248959,-2.14768930548725e-05,-0.000820577710969973,-2.69295552807585e-14,-1.52238481341571e-05,1.24553385200798e-05,6.49916361207866e-05,0.00049861922218296,-0.381268650504423,-2.03500110256133e-05,-4.1610532447034e-05,-4.05361270785203e-05,-0.000399217547986729,5.43257951471365e-07,7.17842934365269e-06,-9.43293942800433e-08,-2.75198823115538e-06,2.08166817117217e-16,1.0578700094942e-15,-1.8280820050971e-07,2.07506228085547e-05,1.62066241898851e-07,1.02968069014694e-07,1.48145824046693e-16,-4.15809421960324e-05,-6.29982499855186e-16,-4.18192726717941e-16,-2.60208521396521e-16,8.41340885848751e-17,6.40258748243333e-06,2.51273717065128e-19,-2.33057094113417e-16,-1.70137608642745e-05,-5.14066171057159e-17,2.0643209364124e-16,1.0294563462165e-05,-4.5012538318944e-16,-1.32113323240588e-06,-1.52655665885959e-16,6.05264573345953e-16,1.09238529702494e-16,4.40619762898109e-16,4.41023503792721e-16,-1.57343601674114e-15,-1.83124026997252e-15,1.91895676105031e-05,-0.707106781186547,-1.14379317330916e-15,-4.37150315946155e-16,-2.30718222304915e-16
"t24",0.0522697983635204,0.102559412874366,0.0271978277762211,-0.230002523289401,-0.0140109171226681,0.0118655253783301,-0.0059969767530326,0.00856378940196916,-0.00285162442190645,0.0316919138769176,0.354596813359067,-2.48914476056052e-05,-0.0117539009938178,0.0010979161071772,-0.00286834882003116,0.00622860955968234,-0.00482458496281217,0.0946875816179915,-0.000196126127692444,0.00506929974346473,-0.277985750419352,4.52700262608087e-05,-0.000156377924590834,0.000541567834863962,-0.00617191963062162,0.000310536331876901,0.000244400721020478,-0.000141783888569535,7.45285962656782e-05,0.000127198991031717,-1.41487615850835e-05,-2.06794623742665e-16,-5.96030203377836e-07,8.13402617541395e-05,1.0261469488293e-05,-1.93436331043517e-05,-7.02660276242217e-05,-1.63489119166086e-07,1.64329484469549e-15,-9.33350350136586e-06,6.66206015333126e-06,0.00030167420645897,1.28033710633025e-14,7.42037184415937e-06,-9.68962566108914e-06,-5.86446127147648e-05,-0.00077064060370983,0.841586431112682,6.2192145684252e-05,0.000195760082764403,0.000344254987387266,0.0038904178144279,-1.34874792263179e-05,-0.00020365814817039,-5.29626393985794e-06,-7.56363374035292e-05,-4.16333634234434e-17,-2.18044102934724e-15,-1.54057375128321e-06,0.000123830676786965,8.92227036294879e-07,4.5102708307996e-07,4.56401695682103e-18,-0.00016163823630363,1.25182200462842e-15,2.940916513642e-16,2.63677968348475e-16,1.57859836313889e-16,1.86697869678197e-05,-1.7129552863356e-18,-7.6848352768882e-17,-4.53129073676919e-05,1.64506805428995e-16,-1.6306400674182e-16,2.49151789005232e-05,8.24836621498343e-17,-2.90928563578558e-06,8.32667268468867e-17,2.09171397392162e-16,-4.22678042566092e-17,1.70002900645727e-16,-7.91463091862194e-17,9.1022460678747e-17,-1.13870972223238e-17,3.91133477597311e-05,-2.20999481257982e-16,-1.99593768982499e-17,-4.16333634234434e-17,0
"t56",0.0533501874089054,0.105091587374628,0.0281579012359633,-0.243312727705995,-0.0154314099435447,0.0131025934345969,-0.00692462433124974,0.0107057524568926,-0.00808286760069914,-0.0649785648159938,-0.296030917306907,-1.51657696017777e-05,-0.0133192307931968,0.00134988626247659,-0.00416254900215495,0.0099936047746131,-0.0119022989992361,0.29291372247733,0.000448134321681621,-0.28206664500163,0.00130088910452066,0.000229002978696348,-0.000170698673726898,0.00115675583130963,-0.0196663424486129,0.000274147890452915,0.000318906733902429,-0.000197787219126833,0.000104030426064231,0.000201517620692965,-2.38540458488876e-05,-9.03432636047228e-17,-1.26440279886255e-06,0.000217477703624382,3.64506214044578e-05,-8.26171881117845e-05,-0.000598848888231979,-1.57922765105271e-06,5.72668804418364e-16,6.96007410243438e-05,-1.3131535064945e-05,-0.000491812999579122,-1.53566768829928e-14,-8.72316654153868e-06,6.26040862338048e-06,3.05269593775842e-05,0.000135075470228008,-0.00332358994862389,8.92741014705449e-06,7.83507202913411e-05,0.000895072831802193,0.3953596015796,6.09776786487937e-06,8.18518219751411e-05,5.87062957760343e-07,4.1537247988787e-06,-6.50521303491303e-16,-3.41895573299173e-15,-1.63358733941239e-07,2.12940697159446e-05,1.68572059306218e-07,1.08696902758688e-07,-2.97425931763137e-16,-4.37856371421196e-05,1.48569186818546e-15,4.26306586461104e-16,2.46417469762505e-15,8.3396831107585e-16,6.58356910456653e-06,-1.72627749539343e-15,0.707106781186547,-1.73063847160146e-05,-5.81293279019998e-15,3.32026073301961e-15,1.03429482804862e-05,4.52487674384931e-16,-1.31056993474829e-06,1.66533453693773e-16,3.80967584909788e-16,1.00802388583461e-16,-4.2934406030426e-17,-3.58994989551754e-16,-2.90792546140926e-17,1.64806819847837e-16,1.88374042514559e-05,-1.0975816298764e-16,-3.75012510317947e-17,-5.72458747072346e-17,-1.45283091113058e-16
"t57",0.0533501874089054,0.105091587374628,0.0281579012359633,-0.243312727705995,-0.0154314099435446,0.0131025934345969,-0.00692462433124971,0.0107057524568926,-0.00808286760069915,-0.0649785648159938,-0.296030917306907,-1.51657696017708e-05,-0.0133192307931968,0.0013498862624766,-0.00416254900215493,0.00999360477461305,-0.0119022989992361,0.29291372247733,0.000448134321681639,-0.28206664500163,0.0013008891045207,0.00022900297869633,-0.000170698673726971,0.00115675583130971,-0.0196663424486128,0.000274147890452943,0.000318906733902433,-0.000197787219126865,0.000104030426064181,0.000201517620692975,-2.38540458488811e-05,-2.80609309931141e-17,-1.26440279898772e-06,0.000217477703624345,3.64506214047683e-05,-8.26171881117711e-05,-0.000598848888231949,-1.57922765094068e-06,6.61111464809701e-16,6.96007410243057e-05,-1.3131535064808e-05,-0.000491812999579261,-1.56689271131198e-14,-8.72316654173416e-06,6.26040862339652e-06,3.05269593775754e-05,0.000135075470227924,-0.00332358994862405,8.92741014723534e-06,7.83507202911696e-05,0.000895072831802432,0.3953596015796,6.09776786457059e-06,8.18518219753012e-05,5.87062957242528e-07,4.15372479906518e-06,-2.58473797920544e-16,-2.75140255240512e-15,-1.63358733546264e-07,2.12940697156497e-05,1.68572058924579e-07,1.08696902315742e-07,2.8370643272881e-16,-4.37856371419594e-05,1.29858275256363e-15,-5.78965667856785e-16,-1.95503335742586e-15,-1.03432887255117e-15,6.58356911227218e-06,1.90449873982566e-15,-0.707106781186548,-1.73063847162993e-05,5.87216454418603e-15,-3.03056191253148e-15,1.03429482805912e-05,-6.29979774250767e-16,-1.31056993485216e-06,-2.28983498828939e-16,-5.74865051410667e-16,-6.81163100201434e-17,-1.37910516340156e-16,4.16426403451023e-16,1.51331984806922e-16,9.5417879438734e-17,1.88374042516468e-05,3.01371301043737e-16,1.22093309193068e-16,4.68375338513738e-17,-1.6978606021123e-16
"t28",0.05310360981768,0.104518577292115,0.0279455117211081,-0.240508689516321,-0.0151597327047122,0.0128675253041501,-0.00676746571300426,0.0104114093787254,-0.00781889832774835,-0.0628110684715715,-0.286113003722596,-1.46427701313305e-05,-0.0127825215427947,0.00129036103545102,-0.00394662729780276,0.00944092845478364,-0.0111515166629099,0.273860322234923,0.000414893148991595,-0.259328749621697,0.00119041190729444,0.000206299623015066,-0.000150003175467733,0.000964905955562978,-0.0163692717248516,0.000224733313521824,0.000249739529307349,-0.000152309615499331,8.00977077817823e-05,0.000150012028601529,-1.7468248655627e-05,1.71149783256309e-16,-8.75612154039272e-07,0.00014367798429472,2.29986009368868e-05,-5.0894858657894e-05,-0.000347484828908791,-9.09831541452341e-07,-1.25628536588756e-15,3.53958748699409e-05,-5.45885676087737e-06,-0.000192847720990756,-5.35686483018929e-15,-2.99574080951312e-06,1.42772601547693e-06,5.48909727918602e-06,-8.00843305256461e-06,0.000958902999932125,-5.00193630741802e-06,-8.04797749831693e-05,-0.00167428849374346,-0.828965032982114,-2.28950676528367e-05,-0.00032610111176894,-5.75774428296372e-06,-7.5932167521834e-05,1.02001740387436e-15,6.53193167817813e-15,-1.26074420918803e-06,9.54922190133309e-05,6.79734366931806e-07,3.33814617884797e-07,1.69954455567731e-16,-0.000118315489427865,-3.00424212701e-15,-2.46320441370423e-17,-3.15719672627779e-16,3.17454396103756e-16,1.35042697637384e-05,-3.02413532330412e-16,-1.06050879303682e-16,-3.28200868346766e-05,-9.21524864105429e-17,-1.64798730217797e-16,1.81268730494811e-05,7.12174218277072e-18,-2.1330410458595e-06,1.38777878078145e-16,4.33894094161161e-17,-1.63022958029849e-17,-3.66026653431106e-16,1.66743062781009e-17,-1.21063608697439e-16,-1.8871996675821e-16,2.89354223067806e-05,-1.03052435499416e-16,-6.58668910148768e-17,5.89805981832114e-17,-1.0842021724855e-16
"t82",0.052332401135835,0.102705213884199,0.0272529032586655,-0.230809254377302,-0.0141261660672423,0.0119683557246363,-0.00611646539875945,0.00908324650196441,-0.00650401274943823,-0.05186212973912,-0.235865938243159,-1.19396190480771e-05,-0.00963844435122591,0.000909030719189384,-0.00224519959422339,0.0046061836287962,-0.00246138246118929,0.0340711154058065,-0.000277848649227201,0.6002961042396,-0.00778434815203896,0.000899988173308224,-0.000360564156792892,0.00185199207341279,-0.03131053227377,0.000421782533757124,0.000458163366104868,-0.000279125433412272,0.000146788876694805,0.000276144655573064,-3.22985896994742e-05,-6.94262084887515e-17,-1.65531840451346e-06,0.000278307886251824,4.57647345831896e-05,-0.000102798048455973,-0.000730060802942054,-1.92087987814759e-06,-2.04258150267504e-16,8.17181936091788e-05,-1.47364054526936e-05,-0.000545797655550476,-1.70054279667757e-14,-9.4623545510372e-06,6.43594888136492e-06,3.06826132970789e-05,0.000120936417307794,-0.00263750792837749,6.02716523610825e-06,3.71733159632572e-05,0.000103635398840599,0.00791210995219261,-4.14530302973032e-06,-6.35541789733626e-05,-1.89400740578834e-06,-2.81916713824829e-05,-1.31838984174237e-16,1.09907625068224e-16,-6.74686861959549e-07,5.89429212402917e-05,4.34403680603379e-07,2.35781282012495e-07,5.76176260794488e-17,-8.80762893479469e-05,5.87247573886666e-17,-1.40298878217936e-16,-5.49907341884648e-16,-2.35488711863852e-16,1.1384483048037e-05,3.32913147368233e-16,5.82452067050942e-16,-2.87351508463098e-05,3.83473022024674e-16,2.52402265754625e-16,1.6498529867532e-05,2.70766126862251e-16,-2.01419396043219e-06,5.27355936696949e-16,-2.55402202418132e-15,-7.68452065841471e-16,4.26048085699904e-15,0.707106781186548,1.75176248433302e-15,-5.33512463830343e-16,2.81201291657401e-05,2.91112470643377e-16,1.00929311837042e-16,1.31838984174237e-16,-2.79290479632266e-16
"t83",0.052332401135835,0.102705213884199,0.0272529032586655,-0.230809254377302,-0.0141261660672423,0.0119683557246363,-0.00611646539875943,0.00908324650196443,-0.00650401274943825,-0.05186212973912,-0.235865938243159,-1.19396190480688e-05,-0.0096384443512259,0.000909030719189392,-0.00224519959422341,0.00460618362879619,-0.0024613824611893,0.0340711154058065,-0.000277848649227168,0.600296104239599,-0.00778434815203904,0.000899988173308235,-0.000360564156792819,0.00185199207341277,-0.0313105322737701,0.000421782533757145,0.000458163366104906,-0.000279125433412115,0.000146788876694926,0.000276144655573032,-3.2298589699495e-05,-1.3663827285338e-16,-1.65531840454024e-06,0.00027830788625179,4.57647345828566e-05,-0.000102798048456046,-0.000730060802942079,-1.92087987819671e-06,-3.18552752214891e-17,8.17181936092828e-05,-1.47364054528532e-05,-0.000545797655550597,-1.67498544113419e-14,-9.46235455103633e-06,6.43594888136319e-06,3.06826132969982e-05,0.000120936417307743,-0.00263750792837763,6.02716523571099e-06,3.7173315963324e-05,0.000103635398840577,0.00791210995219269,-4.14530302984828e-06,-6.35541789733487e-05,-1.89400740589936e-06,-2.81916713826044e-05,1.38777878078145e-16,-1.43468224517498e-16,-6.74686861882896e-07,5.89429212408607e-05,4.34403680894813e-07,2.35781282230074e-07,1.14538240176895e-16,-8.80762893479409e-05,-2.97011478371281e-17,3.23739651627436e-16,2.51534904016637e-16,-2.51101223147643e-16,1.13844830486494e-05,-1.6484407002089e-16,-1.87135371434855e-16,-2.87351508462875e-05,-3.13885814724184e-16,-1.96891114523368e-16,1.64985298678798e-05,-2.54855084741679e-16,-2.01419396017675e-06,-5.82867087928207e-16,2.63262498086616e-15,7.13367700217713e-16,-4.24139889876329e-15,-0.707106781186548,-1.54367003017883e-15,6.17476555053288e-16,2.81201291643732e-05,-3.85185738217747e-16,-1.18296364835529e-16,-1.14491749414469e-16,-6.76542155630955e-17
"t8",0.0502142959695068,0.0977310366074907,0.0253589127169775,-0.204439268540903,-0.0113405710299613,0.00954613126176698,-0.00437454752585535,0.00555363522026127,-0.00303605295285102,-0.0230151980840781,-0.103510393646355,-4.82995687387771e-06,-0.0014468556207803,-7.75822190229254e-05,0.00207788661518221,-0.0075448699758905,0.0185254109902906,-0.535568440934767,-0.00161569087148809,-0.150269265547826,-0.0658197115661699,0.00334573190991104,-0.00113331485752458,0.0150684976845843,-0.329287996861041,-0.0013737635092088,0.000381906772775311,-0.00028268265828636,0.000148845826470795,0.000328136379970238,-3.98701172943481e-05,2.23907124496925e-16,-2.18399139029455e-06,0.000376556704663658,6.27993301255496e-05,-0.000141781408479784,-0.00101585660390122,-2.67496684859844e-06,-0.707106781186546,0.000114822948155225,-2.08243446387524e-05,-0.000771925088869458,-2.67337924710295e-14,-1.33997285230104e-05,9.1276940903632e-06,4.35259356760466e-05,0.000171497982222181,-0.0037340605044507,8.50679887142857e-06,5.19854512627186e-05,0.000130939420131324,0.00324686236131349,-6.10039484001267e-06,-9.32863949259821e-05,-2.74096596516036e-06,-4.06981434935161e-05,-6.31439345255558e-16,1.14673803435108e-16,-9.67786133029714e-07,8.43476744041131e-05,6.2125494725224e-07,3.3655359089641e-07,-2.36519079523548e-16,-0.00012557400557385,-1.59905400523921e-16,-2.786322466301e-16,3.24881180985281e-16,-3.6987557114343e-16,1.61719554278889e-05,3.96920441244932e-16,1.0611585658245e-16,-4.0754243925191e-05,1.02480799832422e-16,1.02240264865383e-16,2.33513133107367e-05,-1.96887691513028e-16,-2.84347705360231e-06,9.0205620750794e-17,-1.94964488628504e-16,1.31200060939603e-16,-7.63278329429795e-17,9.56771890187396e-18,-7.21285194217114e-17,-2.59702512289432e-16,3.95914653275897e-05,6.33845156903218e-17,7.80647683458449e-17,-2.05998412772246e-18,-1.35254221017567e-17
"t52",0.0502142959695068,0.0977310366074907,0.0253589127169776,-0.204439268540903,-0.0113405710299613,0.00954613126176698,-0.00437454752585538,0.00555363522026128,-0.00303605295285103,-0.0230151980840781,-0.103510393646355,-4.82995687390692e-06,-0.00144685562078037,-7.75822190229465e-05,0.00207788661518226,-0.00754486997589044,0.0185254109902906,-0.535568440934767,-0.00161569087148809,-0.150269265547826,-0.0658197115661698,0.00334573190991116,-0.00113331485752474,0.0150684976845845,-0.329287996861041,-0.00137376350920853,0.00038190677277559,-0.000282682658285628,0.000148845826471243,0.000328136379971382,-3.98701172868711e-05,-1.59810129674942e-16,-2.1839913891752e-06,0.000376556704663525,6.27993301275085e-05,-0.000141781408478944,-0.00101585660389862,-2.67496684845258e-06,0.707106781186546,0.000114822948035065,-2.08243446414568e-05,-0.000771925088873523,-2.10425984252921e-14,-1.33997285227975e-05,9.12769408632622e-06,4.35259356746576e-05,0.000171497982222103,-0.00373406050445338,8.50679887142455e-06,5.19854512621009e-05,0.000130939420129775,0.00324686236131128,-6.10039483990056e-06,-9.32863949260036e-05,-2.74096596661927e-06,-4.06981434957039e-05,7.68482499857726e-16,-1.33710924402242e-16,-9.67786133227737e-07,8.43476744038277e-05,6.21254946908548e-07,3.36553590941221e-07,3.40276476238299e-16,-0.000125574005573803,7.05209099270922e-17,1.32063536307523e-16,-3.25098021419779e-16,1.47641230838214e-16,1.61719554270106e-05,-3.38602312569286e-16,-5.74090154895878e-17,-4.07542439262312e-05,5.33628517635657e-18,-4.32325616278595e-17,2.33513133104758e-05,1.53526450630041e-16,-2.84347705371222e-06,-3.81639164714898e-17,5.07157236627042e-17,-1.40717843918987e-16,-1.51571463713474e-16,-4.8979198409077e-17,-3.5699326419834e-17,4.44595218961283e-16,3.95914653275699e-05,-1.72801259428917e-17,-2.08144697846962e-17,1.21864324187371e-16,-1.33763443030399e-16
"t3",0.0494872505763485,0.0960543798910473,0.0247503553046518,-0.196780571645606,-0.0106692853480546,0.00896921767899574,-0.00403086498245651,0.00500991473869027,-0.00267174062108451,-0.0201821342056725,-0.0907014550167641,-4.21097286700914e-06,-0.00122204551677265,-6.40579814009375e-05,0.00162861270204714,-0.00576288921900162,0.0132402216474158,-0.375613441959462,-0.00102377858737215,-0.0870707575383452,-0.0355125905202032,0.00128006374313929,-2.05860787091099e-05,-0.0363471751019884,0.881687712042865,0.00875632211773239,0.00261732897915994,-0.00138534682820325,0.000727733666787293,0.00115030457750024,-0.000127112710965209,-2.68534008235084e-16,-5.73495309126761e-06,0.000903312405963897,0.000142049992819207,-0.000313255012401696,-0.00214530724233218,-5.62416239477325e-06,-2.65409842439975e-16,0.000228164134373932,-3.94374356167716e-05,-0.00144874522959458,-4.41545953894857e-14,-2.4751510160339e-05,1.6401723975535e-05,7.75372602406176e-05,0.000296703498859436,-0.00635510808432889,1.42982881413938e-05,8.62515827787973e-05,0.000214633616396728,0.00531122289625035,-9.89031953352315e-06,-0.000151127670195722,-4.40402208534089e-06,-6.51937754568462e-05,3.81639164714898e-17,2.11454136486885e-17,-1.52814675248776e-06,0.000131941462811695,9.69056638971261e-07,5.19833635584946e-07,7.05708965107141e-17,-0.000192708032464667,-1.90925520888573e-17,-2.98590508264859e-17,-2.0122792321331e-16,-1.81278603239576e-16,2.43008202600991e-05,-2.40543905291339e-16,1.25103229336749e-16,-6.07009224814792e-05,-1.2822371075403e-16,-1.64798730217797e-16,3.44032493752476e-05,-1.8378660865507e-16,-4.13630784965686e-06,2.77555756156289e-17,1.95508098232004e-17,3.84108724774583e-17,-3.81639164714898e-17,-8.13465078454854e-17,1.8854191435146e-16,-9.09753931347366e-17,5.68927327225036e-05,7.89166949736062e-18,2.4305374058092e-17,6.93889390390723e-17,-1.83447007584547e-16
"t88",0.0669818831334551,0.145241200082409,0.0661811176777517,0.120474271928842,-0.00253754211716598,0.00221515719012517,-0.00104906480563337,0.000132514208310572,0.00234473668376021,0.0107504579374174,-0.00102064973844587,1.45883970576541e-05,0.48662556538523,0.00376845911470363,-0.00588309250370717,0.193924604865556,-0.0358008733382547,0.00645673544003368,-0.00025175208127719,0.000234283235767012,-0.00166961642643824,0.00109574485979818,-0.000378109721529706,0.000630265661382801,-0.00183682774656791,0.000699426995235175,0.000526711017117886,-0.000313146558635506,0.0001646500284638,0.000301476841346057,-3.49862845511577e-05,-2.71511329044682e-16,-1.76931611366258e-06,0.000297665309039732,4.97046442432536e-05,-0.000114082488158106,-0.00870146188808746,-3.26892683636575e-07,-8.23481909120668e-18,7.93492394180889e-05,-1.62772553686519e-05,-0.00617088426430501,-1.44537694154015e-14,-8.35107943869453e-06,5.98817840650329e-06,2.86327437452483e-05,0.000111902148730282,-0.00045018564233161,5.77249931203033e-06,0.000388104707330394,0.000921626507411677,0.000181175110263984,-4.14310732269052e-06,-0.000692068271164421,-1.81691439611609e-06,-2.6935217677132e-05,1.11022302462516e-16,6.83053631097825e-17,-6.35747811649542e-07,5.51190861472761e-05,4.05279037746231e-07,2.18087436160597e-07,4.49927847279363e-17,-8.09441070904852e-05,-3.90302135565034e-18,-1.14556418302749e-16,9.15933995315754e-16,-4.96130914129367e-16,1.01507890293215e-05,-1.05937428049068e-16,-6.33709092997967e-17,-0.000263420724271722,-3.27106904066492e-16,-1.52655665885959e-16,1.37119122540358e-05,-3.62492611998647e-16,-1.40239116691067e-06,8.88178419700125e-16,-5.4277346499785e-16,5.55876890773035e-17,-4.7045700668491e-15,7.55414616043689e-16,-7.59361565954281e-15,3.7462048036519e-14,-0.817539373683796,2.84903284826984e-16,-1.62343002261857e-16,1.2490009027033e-15,-5.58580959264532e-16
"t93",0.0670167303023667,0.145330209672393,0.066237017896903,0.120628661229631,-0.00254245750965873,0.00221952723501549,-0.00105166151260204,0.000132908310177825,0.00235294743091319,0.0107888642622668,-0.00102431108240099,1.46421751043668e-05,0.488701351716297,0.00378593941182575,-0.00591478509258703,0.195032155633752,-0.0360311733365254,0.00649943170153218,-0.000253623089472339,0.000236156422519909,-0.00168358560547897,0.00110621598034887,-0.000382384850855774,0.000639413794291985,-0.00186371121696724,0.000710245263200696,0.000536050827312388,-0.000318935959111804,0.000167695203947904,0.000307477223476918,-3.57049411176397e-05,9.51726219534932e-18,-1.80914392919839e-06,0.000304797701785515,5.0958406127441e-05,-0.000117029085955813,-0.00893816736184196,-3.35834885594757e-07,-7.38802786175508e-17,8.17039433921307e-05,-1.68048967708334e-05,-0.00637478683936937,-1.49622942951674e-14,-8.63718363871158e-06,6.2084668077389e-06,2.97127373532794e-05,0.000116547873302788,-0.000470098866543376,6.04203725166827e-06,0.000407398346876288,0.000970548601531951,0.000190908134614552,-4.37821277626815e-06,-0.000731531481376783,-1.92646970786567e-06,-2.85952024776451e-05,7.63278329429795e-17,-2.45594111921092e-17,-6.79721214993391e-07,5.92820023447016e-05,4.36785288021602e-07,2.37027191191069e-07,1.54021351041263e-17,-8.85855726304469e-05,-5.9115879555514e-17,9.98540121751185e-17,-7.80625564189563e-16,4.87457296749483e-16,1.15248732989355e-05,9.5480847054187e-17,4.37145262649991e-16,-0.000307768183134323,1.33636245080745e-16,0,1.70880838389533e-05,-3.29387325417723e-16,-2.21343816759903e-06,-1.02695629777827e-15,-1.65921074039212e-16,-1.10405185067244e-17,1.2941037130787e-15,-7.9107938549732e-16,4.85788776612439e-15,-1.79754482618604e-14,0.407203156229449,-1.30883311246872e-15,0.707106781186547,2.36616282123236e-15,1.70002900645727e-16
"t94",0.0670167303023667,0.145330209672393,0.066237017896903,0.120628661229631,-0.00254245750965872,0.00221952723501549,-0.00105166151260206,0.000132908310177829,0.00235294743091319,0.0107888642622668,-0.00102431108240098,1.4642175104282e-05,0.488701351716297,0.00378593941182563,-0.00591478509258704,0.195032155633752,-0.0360311733365254,0.00649943170153211,-0.000253623089472365,0.000236156422519887,-0.00168358560547897,0.00110621598034892,-0.000382384850855788,0.000639413794291929,-0.00186371121696724,0.000710245263200751,0.000536050827312352,-0.00031893595911188,0.000167695203947805,0.000307477223476925,-3.57049411176631e-05,4.34758294903109e-16,-1.809143929102e-06,0.000304797701785514,5.09584061274271e-05,-0.000117029085955844,-0.00893816736184194,-3.35834885681438e-07,1.13685319245874e-16,8.17039433920197e-05,-1.68048967706808e-05,-0.00637478683936924,-1.48537656608003e-14,-8.63718363882087e-06,6.20846680781696e-06,2.97127373532591e-05,0.000116547873302916,-0.000470098866543386,6.04203725175848e-06,0.000407398346876336,0.000970548601531731,0.00019090813461467,-4.37821277617101e-06,-0.000731531481377246,-1.92646970782924e-06,-2.85952024777041e-05,-6.93889390390723e-17,1.07237265493081e-17,-6.79721215067876e-07,5.92820023447571e-05,4.36785287917518e-07,2.37027191315454e-07,1.07234059102882e-16,-8.85855726304027e-05,-1.7487760335425e-17,-9.39471261684942e-17,-3.81639164714898e-16,-1.31838984174237e-16,1.1524873299109e-05,-6.06442657829843e-17,-2.98681764203723e-16,-0.000307768183134259,2.74148846281288e-16,-5.72458747072346e-17,1.70880838387209e-05,6.25144266242234e-16,-2.21343816791779e-06,2.77555756156289e-16,6.50971056205353e-16,-7.18574836954631e-17,3.23005511226881e-15,-5.74810879852233e-17,2.8251171202627e-15,-1.92305206918835e-14,0.407203156229449,9.75797704550006e-16,-0.707106781186547,-3.58046925441613e-15,-1.57859836313889e-16
"t20",0.0682230481284016,0.14858941614594,0.068611233592184,0.129637731175892,-0.00308075100553787,0.00271903272107651,-0.00171158160932933,0.00225074662381384,-0.000705145897208861,-0.00207889113589527,0.000178255347172363,-1.06074576811113e-06,0.0607773485214746,0.000314535004528343,0.00306108159252804,-0.382616631802788,0.339067751720608,0.0264197142806183,-0.000406006186422635,0.000324690018948156,-0.00217887663127259,0.00128381281749906,-0.000412805387726001,0.000650720724098019,-0.00189382900948682,0.000714883705145867,0.000528265813680536,-0.000312431104728871,0.00016426619898548,0.000298176849578149,-3.44833054964711e-05,7.63280447012163e-17,-1.7293622252815e-06,0.000290468739969343,4.89176783088742e-05,-0.00011391307848945,-0.014684496650512,1.06091954249421e-06,-8.77858242104778e-16,6.86184814557588e-05,-1.51951583785225e-05,-0.00945437346456377,-1.03063790728242e-14,-6.19573562960312e-06,4.45207383075841e-06,2.08050999701319e-05,6.83105289656986e-05,-0.000205637224267127,1.16009155463653e-06,-0.000438250824483375,-0.821289621380397,0.0019135950710117,-1.16155108953369e-05,-0.0032812331531273,-3.57534420525351e-06,-4.95804885237137e-05,-4.77048955893622e-17,1.12709709809825e-15,-9.66506557083278e-07,7.82725812373446e-05,5.66516511945649e-07,2.92074251834377e-07,-1.44600441636226e-16,-0.000106230623208146,-1.09461417389252e-15,-3.24415884392582e-16,2.22044604925031e-16,2.63461127913978e-17,1.28924069947146e-05,1.94900768871871e-16,-8.81743403731362e-17,-0.00057967989740818,-7.08906782135835e-17,9.36750677027476e-17,1.79411145803941e-05,-1.17510326032199e-16,-2.14679215597473e-06,5.55111512312578e-17,3.91026704258174e-17,-5.15742545770029e-17,-7.67615138119737e-17,-4.38597690173049e-17,1.36362212935673e-16,9.60055333246627e-18,0.000301891269168595,1.43761481885884e-17,8.74665564412651e-17,3.51281503885303e-17,-1.44198888940572e-16
"t32",0.0683336544980424,0.148873747310496,0.0687930786629448,0.130163915286408,-0.00309992198215141,0.00273627825502797,-0.00172535318481576,0.00227274750803978,-0.000713358381132321,-0.00210363161731963,0.000180386190995836,-1.07380530254167e-06,0.0616547232261295,0.000319515158928087,0.00311836214083099,-0.390265627174751,0.346835597044456,0.0270446130167619,-0.000417017993018847,0.000334297984752511,-0.00224698119349963,0.00133106969173161,-0.000431645561176117,0.000692516783621068,-0.00201693260977065,0.000765254668264936,0.000574149183983257,-0.000341452396646543,0.000179534086744704,0.000329505748604419,-3.83098870375773e-05,-9.02369609698424e-17,-1.95601879611918e-06,0.0003334550823062,5.69643680269488e-05,-0.000133627172057914,-0.0175393495694227,1.26987143688566e-06,5.25247379656893e-16,8.51524847702081e-05,-1.99056170157794e-05,-0.0125684806206484,-1.41917455392655e-14,-8.5013426084858e-06,6.63811647958271e-06,3.22441842113546e-05,0.000134496220565088,-0.00057814201465402,8.16453878295202e-06,0.00127152929212761,0.403391143608682,-0.000660705862563315,-7.11143315512697e-07,-0.000278874810165162,-1.02504303531314e-06,-1.69221961238974e-05,-4.7496728772245e-15,0.707106781186546,-5.04492543610302e-07,4.67971244662128e-05,3.49385901772525e-07,1.96206501975068e-07,1.56720138593999e-15,-7.44799058461833e-05,1.80949218108365e-15,1.623438942735e-16,-6.66133814775094e-16,1.346145417358e-15,9.95275039663603e-06,-4.91538192106199e-16,2.46825523277215e-16,-0.000460287458538243,-4.52161978658779e-16,-3.90312782094782e-17,1.46580168178733e-05,-4.01855633477604e-17,-1.80172250292387e-06,1.66533453693773e-16,-6.55597366273493e-17,2.50642113233672e-16,-2.20309881449055e-16,-1.23824858037074e-16,-1.85047664967623e-17,-1.79019564535659e-16,0.000258756859790724,2.47391383083681e-17,-5.17173702403332e-17,-7.63278329429795e-17,-2.92300905702092e-16
"t33",0.0683336544980424,0.148873747310496,0.0687930786629448,0.130163915286408,-0.00309992198215141,0.00273627825502795,-0.00172535318481574,0.00227274750803979,-0.000713358381132341,-0.00210363161731963,0.000180386190995883,-1.07380530254423e-06,0.0616547232261294,0.000319515158928075,0.00311836214083097,-0.390265627174751,0.346835597044456,0.0270446130167619,-0.00041701799301888,0.000334297984752551,-0.00224698119349962,0.00133106969173162,-0.000431645561176084,0.000692516783621012,-0.00201693260977062,0.00076525466826495,0.000574149183983127,-0.000341452396647105,0.000179534086744512,0.00032950574860403,-3.83098870411947e-05,-3.52755341213526e-17,-1.95601879665142e-06,0.00033345508230618,5.696436802613e-05,-0.000133627172058025,-0.0175393495694233,1.26987143669305e-06,3.86730455348512e-16,8.51524847677101e-05,-1.99056170171047e-05,-0.0125684806206497,-1.42325115408981e-14,-8.50134260867923e-06,6.63811647656776e-06,3.2244184210322e-05,0.000134496220564987,-0.000578142014657719,8.1645387820465e-06,0.0012715292921268,0.40339114360868,-0.000660705862574416,-7.11143316546592e-07,-0.000278874810164993,-1.02504305142092e-06,-1.69221961562136e-05,4.94743135348585e-15,-0.707106781186547,-5.04492533653423e-07,4.67971244761771e-05,3.49385903104793e-07,1.96206502255694e-07,-1.19794783476604e-15,-7.44799058461179e-05,-7.28625085123973e-16,4.26479744312448e-17,1.38777878078145e-16,-1.46107084764147e-15,9.95275040005517e-06,2.89087372083359e-16,-3.0582213875729e-17,-0.000460287458534011,4.91527592275138e-16,-1.38777878078145e-16,1.46580168179557e-05,-2.63077755367668e-17,-1.80172250257432e-06,0,-3.99725653614877e-17,-1.58102105793887e-16,1.47451495458029e-16,7.65357034355084e-17,5.43536194889877e-17,2.0955849407989e-16,0.00025875685979064,2.12696913566701e-17,3.24334038857377e-19,-1.90819582357449e-16,-2.5283594662362e-16
"t11",0.0704112907866504,0.154397800737979,0.0726516138568833,0.143577516311944,-0.00378386636292739,0.00336473034146489,-0.00243593224468357,0.00414369335806539,-0.00273920162230121,-0.0102288287512096,0.000931911706417222,-1.01943616888561e-05,-0.0705567870424589,-0.000101990598358403,0.000684132891606678,-0.150262755167629,-0.298329533081719,-0.00471212310518461,-8.49272417168744e-05,8.66113058901946e-05,-0.000625525303877128,0.000398337520849988,-0.000118398065446474,8.97773765215562e-05,-0.000245595985929992,4.75582156456225e-05,-9.31877689057878e-05,9.04843400725415e-05,-4.77626438782745e-05,-0.000169921617702242,2.54137801329463e-05,8.71315687786187e-16,2.67108272999887e-06,-0.000799731834658109,-0.000251109062966229,0.000867377456355663,0.897659524631405,-0.000186737283350382,-1.88428019178978e-15,0.000578180958687257,-9.10908103405987e-05,-0.0977817414378404,-2.25961118354625e-14,-1.63856726625623e-05,1.35215184988002e-05,6.31387004111539e-05,0.000223397548354546,-0.000850776926472716,1.05030663412106e-05,0.00286357480698073,0.00284379220318495,0.000310627108894906,-1.0826738860277e-05,-0.0456294167280602,-2.68215902159185e-06,-4.01158674804176e-05,2.77555756156289e-16,-2.95274002453344e-16,-9.37500481155089e-07,8.00283159388057e-05,5.8559824873787e-07,3.10040675164987e-07,2.10529894866603e-17,-0.000113956105035898,4.05713500586742e-16,-4.7528259489355e-17,-2.07299455379228e-16,2.55871712706579e-17,1.40019795210546e-05,-6.56534351581019e-17,5.62529798096143e-17,-0.00136154301892334,-3.0235019869058e-17,-7.63278329429795e-17,1.93743381351865e-05,-1.40302910834759e-17,-2.30125981457731e-06,0,-1.50112710439217e-17,-3.34652746352044e-16,5.63785129692462e-17,-3.58695142290324e-17,-1.54020758180918e-16,7.13384306972714e-17,0.000320728529481722,-1.50351603458386e-17,3.1358662896564e-17,-7.28583859910259e-17,-2.14455189717633e-16
"t25",0.0714754791257914,0.157163420406797,0.0744730036723564,0.149202734188897,-0.00401851113656771,0.00357777839516386,-0.00263671472090418,0.00456991183212912,-0.00308506650376012,-0.0115540174196721,0.00105328786434154,-1.15698467137401e-05,-0.082119842491914,-0.000120765591446793,0.000840740053864544,-0.187880495604956,-0.388793645242734,-0.00620905129327444,-0.000118137380711077,0.000125595233962368,-0.000934355750544287,0.000663848810320127,-0.000245657947131327,0.000451546297648704,-0.00132078024902142,0.000515998417739865,0.000421001777983103,-0.000258502772209347,0.000135961848702951,0.000267616869852743,-3.23206493948959e-05,-1.27476552737641e-16,-1.93735480635348e-06,0.000401778759883906,9.24515773852008e-05,-0.000274877578075758,-0.199699324564934,3.98764877659879e-05,3.91021476031558e-16,-6.06593467492311e-05,2.05294717380532e-06,0.000834117372482386,-4.41467679419559e-16,-2.39536476670239e-07,6.52624130102926e-07,3.55941937881259e-06,1.50424510695307e-05,-4.34334237839167e-05,1.20413426730939e-07,-0.000277319082657577,-0.00127577280520845,-0.000185490585288284,7.63287953789837e-05,0.835428979709881,-4.07198759338199e-06,-4.77757413040411e-05,-2.79203743458467e-15,1.91745798812955e-16,-6.8289663484339e-07,5.16055712580241e-05,3.68567700611937e-07,1.8426587067115e-07,-1.13303789081254e-16,-6.62525770976867e-05,1.90441120250356e-15,8.12665894197151e-16,1.27068494615301e-15,5.08816079547447e-16,7.93796872617237e-06,-1.42090658546535e-16,7.05452648427611e-17,-0.000773186958955012,1.38142405548068e-16,3.77302356024956e-17,1.10869101547222e-05,-2.00840845081746e-16,-1.33563157090342e-06,5.20417042793042e-17,-1.51250868385519e-16,3.49570254498686e-16,-2.68882138776405e-17,7.69373071885397e-17,1.26677039304238e-16,-1.88202718224317e-16,0.000189329923473971,-1.28268488177348e-16,-2.18118760300434e-16,-1.63931368479808e-16,-1.55040910665427e-16
"t41",0.0716771393841853,0.157686797214172,0.0748165318124328,0.150256875848516,-0.00406204818371846,0.0036172865546154,-0.00267365765514585,0.00464771113757618,-0.00314765471841597,-0.0117935433389568,0.0010752210365472,-1.18179909806188e-05,-0.0841854147743478,-0.000124097739710754,0.000868163468028274,-0.194428412977237,-0.404325957027105,-0.00646516964493065,-0.000123727128254212,0.000132080351055304,-0.000985324928128856,0.000706518211916215,-0.000265251989672243,0.000502324335894686,-0.00147110340307145,0.000579690815706461,0.000485162601947658,-0.00030065927422308,0.000158148262663811,0.00031704045765539,-3.86284846606334e-05,1.24327495997986e-17,-2.38479744003032e-06,0.000506727977619136,0.00011933753557148,-0.000359049149703927,-0.268537653661151,5.38054184977908e-05,3.63747085102828e-16,-8.66936328322958e-05,3.19425710387095e-06,0.00132777933814563,-3.70950807602191e-16,-4.00382410608831e-07,1.23778689316116e-06,7.15441716528332e-06,4.30028137342895e-05,-0.000209152372691759,3.12993687546885e-06,0.00109225154679937,0.0016198391298379,0.000199035460885672,-3.80434027315857e-05,-0.387256740423747,6.58004329918103e-07,3.72419164133136e-06,1.72084568816899e-15,-9.48096306397467e-16,-1.39815111606378e-07,1.68395553877057e-05,1.31496279781596e-07,8.22431817607225e-08,2.86457953951769e-15,-3.27585801204412e-05,0.707106781186546,-6.28174103775286e-13,4.7496728772245e-15,-2.89785556661926e-15,4.8560985496382e-06,1.68056351508251e-15,-1.61187646030348e-16,-0.000501470381986066,-7.27315622355447e-18,-1.91686944095437e-16,7.61772004591234e-06,8.59773741863171e-17,-9.67757242393945e-07,-1.52655665885959e-16,5.13470627507304e-17,-1.88958350917046e-16,-1.43982048506075e-16,-4.21859488332605e-18,2.43176464938604e-17,4.22115742694232e-16,0.0001428973855069,8.75362967680571e-17,1.51186135823211e-16,-5.20417042793042e-17,-6.76542155630955e-17
"t42",0.0716771393841853,0.157686797214172,0.0748165318124329,0.150256875848516,-0.00406204818371848,0.0036172865546154,-0.00267365765514585,0.00464771113757619,-0.00314765471841596,-0.0117935433389568,0.0010752210365472,-1.18179909806521e-05,-0.0841854147743478,-0.000124097739710738,0.000868163468028258,-0.194428412977237,-0.404325957027105,-0.00646516964493061,-0.000123727128254236,0.000132080351055336,-0.000985324928128879,0.00070651821191619,-0.000265251989672239,0.000502324335894651,-0.00147110340307145,0.000579690815706378,0.000485162601947814,-0.000300659274222582,0.000158148262663942,0.000317040457655855,-3.86284846574346e-05,-2.93025965904942e-16,-2.38479743963415e-06,0.000506727977619133,0.000119337535571647,-0.000359049149703796,-0.26853765366115,5.38054184979157e-05,6.64540983947043e-16,-8.66936328302904e-05,3.19425710433585e-06,0.00132777933814651,-5.88875444335189e-16,-4.00382410457043e-07,1.23778689486986e-06,7.15441716612379e-06,4.30028137342036e-05,-0.000209152372689642,3.12993687630672e-06,0.00109225154680051,0.00161983912983975,0.000199035460890756,-3.80434027320783e-05,-0.387256740423744,6.58004335073702e-07,3.72419165031376e-06,8.53483950180589e-16,1.22030804318255e-15,-1.39815110762002e-07,1.6839555393805e-05,1.31496282175514e-07,8.22431838455484e-08,-2.53127783250818e-15,-3.27585801120044e-05,-0.707106781186548,6.27320302579466e-13,-6.283168429988e-15,2.22348181533327e-15,4.85609854133408e-06,-1.50785823376286e-15,2.04900893743792e-16,-0.000501470381992387,-1.32173246492809e-16,1.73472347597681e-16,7.61772004595658e-06,-1.43006124641201e-16,-9.67757242761706e-07,1.66533453693773e-16,3.96376792847189e-17,8.91937164337077e-17,-8.15320033709099e-17,-1.42345951660037e-16,1.45748289807188e-16,-1.67690239141189e-16,0.000142897385506865,7.19237854847392e-17,9.74097080686999e-17,-1.49186218934005e-16,-7.37257477290143e-17
"t18",0.0727672097165891,0.160615095940845,0.0769145307124923,0.157898290951141,-0.00447925807098792,0.00400207501299741,-0.00313238465937911,0.00592395957940891,-0.00462146180206201,-0.0177603809786616,0.00162820879158492,-1.86210751448648e-05,-0.192420645794639,-0.000498012488447884,-0.00204073894431752,0.199833040568038,0.0941537051835626,0.000957064367725099,-8.50081196792068e-06,1.84687783243006e-05,-0.000167336486377316,0.000153121293984259,-5.77273704624581e-05,6.55242324164931e-05,-0.000184995441458315,5.29603252684002e-05,-9.63157274649342e-06,1.8639627243807e-05,-9.86800201988524e-06,-4.64147558622494e-05,7.18930429069713e-06,-5.13074961206242e-16,7.34687996443734e-07,-0.000193143921574364,-4.81648424435314e-05,0.000138340467947708,0.05102760719115,-7.88083686237431e-06,2.19203961691789e-15,-0.000195764209416679,0.000266116397200367,0.74192019477237,-2.44952635042079e-13,-0.000104856551625744,2.74268246576708e-05,0.000110806114981314,0.000296414020096419,-0.00106171256080856,1.36184089076456e-05,0.535953550782275,0.0019328568873415,0.000219235762567306,-5.5913343006142e-06,-0.00367099720932498,-2.32611520385945e-06,-3.43602532703853e-05,1.10328413072125e-15,-1.02165680331e-15,-7.85320791921455e-07,6.64137994457921e-05,4.84695576102173e-07,2.54423894543969e-07,5.87996027008075e-17,-9.30396177738833e-05,1.02989415332074e-15,1.80838809305647e-17,1.23165366794353e-16,-1.90819582357449e-16,1.13320612248821e-05,-1.55263409547121e-17,-6.35269218513227e-17,-0.0196170618693356,7.54120174221272e-17,-1.05818132034585e-16,1.52031932106594e-05,-9.36190743727715e-17,-1.80311747649087e-06,-4.85722573273506e-17,-6.04650120108176e-17,1.19139474601239e-16,-1.90819582357449e-17,-2.85994120444362e-17,-2.11923378453174e-16,-2.24341377032175e-16,0.000250442079218583,-1.27087670944753e-16,8.38744673077908e-17,6.41847686111419e-17,-2.37223435339828e-16
"t22",0.0731979797152654,0.161741591820644,0.0776689190985097,0.160314537676176,-0.00458745707924123,0.00410076828178822,-0.00323271364580125,0.00616016492465556,-0.00484702981080867,-0.0186494760968407,0.00171014518886598,-1.95912821137189e-05,-0.204555477755054,-0.000533204731638409,-0.00221909249029227,0.218883171130482,0.104955643670492,0.00107189096299289,-9.74503548962279e-06,2.15577942458381e-05,-0.000197872831926994,0.000190058066532279,-7.91109059791878e-05,0.000132735770300589,-0.000384954401555374,0.000140373234715484,8.44102221836966e-05,-4.4166485819064e-05,2.31905838169852e-05,2.88605996173856e-05,-2.47039872747494e-06,2.40987226240953e-16,5.73000847640883e-08,-4.35637569350516e-05,-1.48456877280163e-05,4.68363796087799e-05,0.0200268070117625,-3.13199823837055e-06,5.96355888830524e-16,-8.90958992219425e-05,0.000131394159811678,0.370516561555636,-1.2358887639182e-13,-5.32211720407213e-05,1.40809321386879e-05,5.6700344274446e-05,0.000141299205219673,-0.000425547061222034,2.98905691069155e-06,-0.82795258492932,0.00288010088535336,0.00029369525036975,-5.8883803986387e-06,-0.00382010648521889,-2.20610671406341e-06,-3.18657719769826e-05,-9.8879238130678e-16,5.25900074809581e-17,-6.8290137122777e-07,5.6535382255727e-05,4.10723636521532e-07,2.13206544204167e-07,-1.36925091901961e-16,-7.76394602561869e-05,-2.58265470521501e-16,2.45433639606842e-16,-8.19656842399041e-16,-1.58076676748387e-16,9.48046335387011e-06,2.32362373955046e-16,8.42213501944713e-17,-0.0344885040294158,3.57813903390798e-17,9.97465998686664e-17,1.24623466385948e-05,2.54582763950153e-16,-1.4917548510269e-06,-2.42861286636753e-17,-8.557155335737e-17,-9.31493490035914e-17,-9.06393016197882e-17,-7.36139122727628e-17,2.37171078781045e-16,4.3628485466865e-18,0.000208481337679952,-2.76200632752639e-17,3.49643566796688e-17,1.4137996329211e-16,-1.13190706807487e-16
"t67",0.0741849412846078,0.164322022052374,0.079396046419085,0.165840690488128,-0.0048345224558778,0.0043261079401716,-0.0034614980913325,0.00669809767529413,-0.00536001355037943,-0.0206710556152852,0.0018964405463496,-2.17966038292477e-05,-0.232093969427265,-0.000612983877870332,-0.00262251675389905,0.261930701843639,0.129309346144051,0.00133062474233212,-1.25409471821485e-05,2.84855959474997e-05,-0.000266266584530846,0.000272419418466277,-0.000126450681579838,0.000279255300139808,-0.000820578066660781,0.000329936220080228,0.000285534497269706,-0.000177798883401483,9.35258010618932e-05,0.000187363636245982,-2.27076374679086e-05,-1.09389222940209e-16,-1.33756674570946e-06,0.000260008966291961,5.18274026722471e-05,-0.0001349343709995,-0.0404499824822692,6.11223971287101e-06,-8.45361782761267e-17,0.000111049034992986,-0.000107620430322104,-0.278385073210457,8.24438265194855e-14,3.40546446456352e-05,-6.58733144606564e-06,-2.37380722959816e-05,-3.79075326052301e-05,8.23575760987084e-05,-4.21442399093502e-07,0.0748777922950015,-0.000135560376419466,-1.17659372003438e-05,6.57883975005435e-08,3.38056128574189e-05,-3.39056799060489e-08,-7.53432948854757e-07,-5.55111512312578e-16,2.75620233542102e-15,-3.91468388025282e-08,4.09543823712277e-06,3.09931886231796e-08,1.65405188136348e-08,-4.60034912900991e-16,-5.26307931882509e-06,-3.86633116626212e-15,-1.05514405802958e-16,-2.18575157973078e-16,3.16587034365767e-16,-2.51598839817388e-06,-3.55571551619395e-16,-1.37222439592036e-16,0.835506213175313,-2.69758823013046e-15,1.37043154602168e-16,1.04049023126346e-05,8.12857305208487e-17,-9.07497138819772e-07,6.93889390390723e-18,2.66435604224047e-16,-4.24167939263335e-16,-9.54097911787244e-17,-2.2338361688047e-17,-5.82503424012023e-17,-1.31155011375471e-16,0.00011765740631569,1.17022794112867e-16,4.18882954461741e-17,-1.52655665885959e-16,-5.55111512312578e-17
"t78",0.0743537871534743,0.164762949950399,0.0796902896598405,0.166776849715027,-0.0048760187458454,0.00436393740587905,-0.0034996504104756,0.00678720489392162,-0.00544438078368389,-0.0210032104682686,0.00192704355579239,-2.21583832626688e-05,-0.236575583953869,-0.000625899650392126,-0.00268714019110367,0.268794386215596,0.133151934718677,0.00137134077710397,-1.29756072643817e-05,2.95534810144122e-05,-0.000276749469693781,0.000284811287808186,-0.000133374403012174,0.00029952907666863,-0.00088072313730793,0.000355712890469671,0.000311722264080135,-0.000194937565282729,0.000102545184971992,0.000207105326908,-2.51941004534321e-05,-1.95936508391812e-16,-1.50159465235508e-06,0.000294507550533232,5.91716467926579e-05,-0.000154650584686975,-0.0467755780144582,7.07514887531214e-06,-1.12454587680668e-15,0.000130560893784874,-0.000128986047606829,-0.335167095860727,9.99492943765279e-14,4.13690319030411e-05,-8.15751060053056e-06,-2.9612246692258e-05,-4.87872342532052e-05,0.000108549171268211,-5.68240369256887e-07,0.103987893347596,-0.00019504364631961,-1.70481017678532e-05,9.86884136841559e-08,5.0878630268595e-05,-5.31560295623928e-08,-1.20216435621143e-06,4.54497550705923e-16,-1.060605516807e-15,-6.99015195359458e-08,8.21814655513342e-06,6.5171891910909e-08,4.42424457160724e-08,2.28561588585723e-16,-1.89211387396936e-05,1.54684023756895e-15,-2.27536481602184e-16,3.29597460435593e-17,-6.85215773010839e-17,4.65694375455065e-06,1.84896903232977e-16,5.18495414102959e-17,-0.387524894574992,1.51600991343777e-15,3.10515502199848e-16,1.06930580831034e-06,-7.29434482861345e-16,-3.57542494030475e-07,-1.42941214420489e-15,3.19114139561087e-15,0.707106781186548,-4.74273398332059e-15,6.44465696188475e-16,3.19103087682719e-16,-5.81441684751658e-16,6.41889665217027e-05,8.39375974864675e-17,-7.05570369321648e-17,4.5102810375397e-17,-1.43114686768087e-16
"t79",0.0743537871534743,0.164762949950399,0.0796902896598405,0.166776849715027,-0.00487601874584542,0.00436393740587905,-0.0034996504104756,0.00678720489392162,-0.00544438078368389,-0.0210032104682686,0.0019270435557924,-2.21583832627198e-05,-0.236575583953869,-0.000625899650392104,-0.00268714019110369,0.268794386215596,0.133151934718677,0.00137134077710396,-1.29756072643918e-05,2.95534810143567e-05,-0.000276749469693744,0.000284811287808169,-0.000133374403012206,0.000299529076668657,-0.000880723137307871,0.000355712890469692,0.000311722264080101,-0.000194937565282709,0.000102545184972052,0.000207105326908,-2.51941004533966e-05,-1.04997357108696e-16,-1.50159465227702e-06,0.000294507550533225,5.91716467926162e-05,-0.000154650584686849,-0.0467755780144587,7.07514887525996e-06,-1.1371004613255e-15,0.000130560893784826,-0.000128986047606972,-0.335167095860726,9.979701818095e-14,4.13690319031146e-05,-8.15751060073006e-06,-2.96122466923552e-05,-4.87872342531028e-05,0.000108549171268182,-5.68240369239539e-07,0.103987893347596,-0.000195043646319483,-1.70481017678775e-05,9.86884136494615e-08,5.08786302691328e-05,-5.31560293533587e-08,-1.20216435624959e-06,6.93889390390723e-18,-6.59642850484063e-16,-6.99015194532754e-08,8.21814655507791e-06,6.51718918553978e-08,4.42424457110986e-08,5.8569778421008e-16,-1.89211387395531e-05,1.62022666046807e-15,-2.05622868710443e-17,4.21537804662364e-16,-4.19803081186387e-16,4.65694375446739e-06,-3.9099265602694e-17,1.65581948831752e-16,-0.387524894574993,1.18814717657738e-15,-3.42607886505419e-16,1.06930580838407e-06,2.35505450919958e-16,-3.57542494375251e-07,1.70696790036118e-15,-3.42339987674111e-15,-0.707106781186547,4.77569372936415e-15,-6.97966329379581e-16,-1.13927261860994e-16,1.01190182670908e-15,6.41889665215778e-05,-9.94280947243346e-17,4.2742090520518e-17,1.38777878078145e-16,-1.82145964977565e-16
"t69",0.0984707790994723,-0.142778442140366,0.0383190474329276,0.00886068313663738,0.195789673549593,0.0888152348889595,-0.00731064435603201,0.0114593957778665,-0.0109359718668782,-0.0472109033754847,0.00666817581352478,-7.53320519604955e-05,-0.000575013708578282,0.198481333478433,0.00043209468168303,-4.0329299035867e-05,-2.9465715626018e-05,0.000209017958834769,-4.71744448991206e-05,9.14954363286316e-06,-6.50338522428692e-05,0.000157616445428162,0.000380429158217723,-0.00042903525377002,0.00033734524668842,-0.000981657608941256,-0.193049939559336,0.299597526996547,0.111276660010597,0.0282679215258428,-0.0124774261918446,-8.02849983343664e-17,-3.83151949147315e-06,0.000555887540730695,8.39909320546393e-05,-0.000183747249803999,-0.000405330360071049,-0.569254127474436,-1.17882032349238e-16,0.000120769008090464,-2.31261836673156e-05,-0.000232080248301447,-3.31601751040819e-12,-0.481245583727683,5.91376768192874e-06,0.000533021504994338,0.000118109634902889,-0.0001168068483942,5.98960131943073e-06,8.7612976405842e-06,2.07047075241316e-05,4.54209966641456e-05,-4.02085016040442e-06,-1.53057033977218e-05,-1.76562515466908e-06,-0.000447428668691821,-2.63188581023699e-16,-5.15248767070429e-17,-1.01330211521707e-05,4.99304773360379e-05,3.64137919164661e-07,3.21825869242789e-06,5.25708897800351e-16,-6.87765233269751e-05,1.50211657764904e-16,-4.07594924185535e-16,-2.64329278397745e-16,-5.58532073698872e-16,7.71636755904372e-06,-1.74915576623702e-16,-7.78236424814438e-17,-4.4877461606108e-06,1.69762059797623e-16,-3.68020034953896e-16,8.37148807932272e-06,2.80668780219214e-16,-0.000560261534498795,1.05282284004021e-16,5.08192708719262e-16,2.60208521396521e-17,-3.04493314586577e-16,2.75693516570643e-17,7.55529652060126e-17,-1.02930221132292e-15,-1.75125221763535e-06,7.48378689667625e-17,1.98121114015856e-16,-9.08336321831881e-17,-3.47748983686746e-15
"t58",0.0990933732303633,-0.143853987679449,0.0387284949445228,0.00901252345733209,0.2013207596628,0.0913829975301916,-0.00759504462159621,0.0120353398357918,-0.0116375231570904,-0.0503353596827912,0.00711233701276102,-8.05704904761934e-05,-0.000625936245053898,0.218883802267065,0.000491486197480944,-4.66065249535915e-05,-3.55263883896081e-05,0.000255159489492285,-6.17270185478464e-05,1.27714709418624e-05,-9.57908606051481e-05,0.000308725445609841,-0.00689587913071148,-7.62594178037312e-05,6.66807910910424e-05,-0.000297178910033343,-0.0860981292879976,0.141290337322854,0.0525011139577317,0.0142609752933417,-0.00642164890295123,-6.49572747790084e-16,-2.04333018480633e-06,0.000298678489160601,4.49208043759209e-05,-9.7680344246404e-05,-0.000210160421885278,-0.293998215369473,-1.56045948820728e-16,5.59541083369884e-05,-5.57952941410856e-06,-2.04891591800245e-05,1.84464778746821e-12,0.6290202409286,6.80434468684579e-06,0.000531417085361438,9.526149344557e-05,-8.89161168348934e-05,4.40802684802487e-06,6.25441377888141e-06,1.43894930198459e-05,3.1423063502216e-05,-2.72609801952324e-06,-1.03589825041386e-05,-1.17137649503741e-06,-0.000294537162410161,1.12380855758787e-15,-2.09384713020932e-16,-6.39407566064949e-06,3.04266314171025e-05,2.19211637640869e-07,1.8411983266065e-06,-1.02945711770193e-16,-3.76611865049421e-05,2.17865873328e-16,2.82278507154613e-17,-3.01533383148373e-16,-6.01571204049461e-16,3.20379729001044e-06,-3.1355639720328e-16,-1.43743134568562e-16,-1.38044554054677e-06,7.26175451429215e-17,-3.61617576805981e-16,4.1056685435403e-07,1.37830058694755e-18,0.0012312640590416,-5.06891262482973e-18,-6.57365552857939e-16,5.55111512312578e-17,5.1128950142092e-16,3.45082455609715e-17,7.86512903829525e-18,-4.4702957150473e-16,-8.40326813063121e-06,-2.40413691639156e-17,-1.52498735292909e-17,6.20011093910917e-16,-3.84988944273883e-15
"t59",0.0990933732303633,-0.143853987679449,0.0387284949445228,0.00901252345733209,0.2013207596628,0.0913829975301916,-0.00759504462159621,0.0120353398357918,-0.0116375231570904,-0.0503353596827912,0.00711233701276102,-8.05704904761934e-05,-0.000625936245053898,0.218883802267065,0.000491486197480944,-4.66065249535915e-05,-3.55263883896081e-05,0.000255159489492285,-6.17270185478464e-05,1.27714709418624e-05,-9.57908606051481e-05,0.000308725445609841,-0.00689587913071148,-7.62594178037312e-05,6.66807910910424e-05,-0.000297178910033343,-0.0860981292879976,0.141290337322854,0.0525011139577317,0.0142609752933417,-0.00642164890295123,-6.49572747790084e-16,-2.04333018480633e-06,0.000298678489160601,4.49208043759209e-05,-9.7680344246404e-05,-0.000210160421885278,-0.293998215369473,-1.56045948820728e-16,5.59541083369884e-05,-5.57952941410856e-06,-2.04891591800245e-05,1.84464778746821e-12,0.6290202409286,6.80434468684579e-06,0.000531417085361438,9.526149344557e-05,-8.89161168348934e-05,4.40802684802487e-06,6.25441377888141e-06,1.43894930198459e-05,3.1423063502216e-05,-2.72609801952324e-06,-1.03589825041386e-05,-1.17137649503741e-06,-0.000294537162410161,1.12380855758787e-15,-2.09384713020932e-16,-6.39407566064949e-06,3.04266314171025e-05,2.19211637640869e-07,1.8411983266065e-06,-1.02945711770193e-16,-3.76611865049421e-05,2.17865873328e-16,2.82278507154613e-17,-3.01533383148373e-16,-6.01571204049461e-16,3.20379729001044e-06,-3.1355639720328e-16,-1.43743134568562e-16,-1.38044554054677e-06,7.26175451429215e-17,-3.61617576805981e-16,4.1056685435403e-07,1.37830058694755e-18,0.0012312640590416,-5.06891262482973e-18,-6.57365552857939e-16,5.55111512312578e-17,5.1128950142092e-16,3.45082455609715e-17,7.86512903829525e-18,-4.4702957150473e-16,-8.40326813063121e-06,-2.40413691639156e-17,-1.52498735292909e-17,6.20011093910917e-16,-3.84988944273883e-15
"t60",0.0970083061641261,-0.140260735730446,0.0373688611718702,0.0085140074615645,0.18346482508485,0.0831010809930483,-0.00668939157260301,0.0102241682412149,-0.00946020470096342,-0.0406553783561621,0.00573676933443247,-6.43868158994022e-05,-0.00047084493176822,0.157309310855629,0.000315466123619942,-2.81470884154124e-05,-1.80083918011801e-05,0.000122358977889586,-2.0645888938012e-05,2.68119104586805e-06,-1.08450761483367e-05,-9.7246989159084e-05,0.0118799665749598,-0.000921524912756128,0.000713369931268987,-0.00190087919481078,-0.32326997421389,0.485677113538087,0.180340334733989,0.0436049822090142,-0.0188819728685802,3.98053972252685e-16,-5.50125919940928e-06,0.00076825772059106,0.00011130561577499,-0.000236092305383073,-0.000269242226573954,0.558490086139138,-3.24314125990478e-16,0.00016098603796481,-2.5854708538896e-05,-0.000233519992928202,-1.86108584914821e-12,-0.0266099259998984,9.92732557219092e-06,0.000835891247346889,0.000167220973475165,-0.000160224384876042,8.05187611753326e-06,1.15528055829193e-05,2.6827705482227e-05,5.8677237940468e-05,-5.12645339704983e-06,-1.94922541637516e-05,-2.22022615252381e-06,-0.000559913705888738,1.29026169636058e-15,-5.21634938696758e-16,-1.23675635936354e-05,5.97982467307781e-05,4.33369309855209e-07,3.73655500031642e-06,-1.9972613977892e-17,-7.83027008906612e-05,6.16852272802666e-16,6.8468997115475e-16,-3.2708002986981e-16,3.86465808077086e-16,7.93587128533414e-06,4.54084918406436e-16,4.88111712648631e-17,-4.24557681169471e-06,4.963329579826e-18,-3.43348494453339e-16,6.33671094073516e-06,3.11302406292436e-18,1.78629397363926e-05,-1.28418527625242e-16,-4.0597942626673e-16,-1.04083408558608e-17,-7.95906008864581e-17,4.31818629408555e-17,-1.51735568160132e-16,4.63035797787604e-16,-7.06241798427961e-06,9.21851037265305e-17,-5.86179604287111e-17,2.72988169786428e-16,8.82899265134484e-16
"t49",0.0969280743596679,-0.140124062486527,0.0373186532403996,0.00849663808000049,0.182898399975036,0.0828397680187443,-0.00666297495921953,0.0101756127539629,-0.00940725407488112,-0.0404231946250457,0.00570387047414043,-6.40073064947943e-05,-0.000467630139681284,0.156140558537383,0.00031274039801895,-2.78891005806678e-05,-1.78222326839424e-05,0.00012105831431713,-2.039886365474e-05,2.64664308404858e-06,-1.0698744545984e-05,-9.57450146691932e-05,0.0116621689804076,-0.000899707311543197,0.000696335773812249,-0.00185283605284746,-0.313863433691272,0.470921845408558,0.174859299320546,0.0421750073305836,-0.0182421508294738,3.77019337663206e-16,-5.29621680415424e-06,0.000737694004818097,0.000106632919597827,-0.000225931814189891,-0.000257006602671307,0.532960274303343,-3.13905785134617e-16,0.000152967420931242,-2.44405439706835e-05,-0.000220484535884346,-1.75413494268381e-12,-0.0250661944904704,9.30588266338848e-06,0.000782142775278723,0.000155298055876615,-0.000147987427046729,7.39956111179651e-06,1.05503626555892e-05,2.43252621225363e-05,5.31308982403099e-05,-4.61147928757663e-06,-1.75235544244141e-05,-1.98152548790586e-06,-0.000498220161513233,1.26356659552265e-15,-5.0428770393699e-16,-1.08142694972912e-05,5.14881609663611e-05,3.71089858506027e-07,3.1249393651306e-06,-1.55174013856526e-17,-6.41399373729137e-05,5.99505038042897e-16,6.5586826571219e-16,-3.22724853818649e-16,3.55407549868045e-16,5.67529393002879e-06,4.34729109990145e-16,4.36070008369326e-17,-2.61218619859293e-06,6.69805305580281e-18,-3.40689874188246e-16,1.86308521747508e-06,6.58247101487797e-18,0.000361420674304481,-1.26046022401988e-16,-3.98349652532868e-16,-1.04083408558608e-17,-7.50948585010757e-17,4.14471394648787e-17,-1.44432886946946e-16,4.36768248522248e-16,-1.15867861057301e-05,8.87156567745769e-17,-5.51485134767575e-17,2.74300946779176e-16,7.80214640518393e-16
"t98",0.0932511410495877,-0.133684465483177,0.0347786844632441,0.00748449612698543,0.141192778679181,0.0633353361573408,-0.00424636855922417,0.00459574209095375,-0.00135659765385625,-0.00363013841317776,0.00044470158924295,4.19533862214767e-07,0.000351290340548316,-0.25915207280284,-0.00254610078025674,0.000817799841262426,-0.000257351509791365,0.00146843193357285,-0.000201248725485669,3.28815919677117e-05,-0.000214208132159093,0.000362705347729058,0.120470309733652,-0.0004344190686524,0.000363646458243252,-0.00140706244949277,-0.684002486519495,-0.466587755427745,-0.165837964163934,0.033127048331876,-0.354950382648954,-5.14168822779982e-17,-4.46632308045477e-06,0.00070325135570868,0.000109125745706967,-0.0002388273125959,-0.000394696621584378,-0.000313087096906763,3.23880789366588e-15,0.00017048982351248,-2.8781649206229e-05,-0.000261146286781466,-1.13413583189788e-11,-0.00112148482509026,1.1932752932699e-05,0.00101303711399689,0.000209736720728349,-0.000205569833084936,1.05307428418574e-05,1.54477095040456e-05,3.67173842741723e-05,8.06520075512209e-05,-7.1866977275783e-06,-2.7374088919238e-05,-3.18256375971401e-06,-0.000809160019570138,3.54094598024713e-16,3.43353458653036e-15,-1.86845312811327e-05,9.36324614826456e-05,6.86895009776912e-07,6.22005230609704e-06,-5.68784479009886e-16,-0.000135618513814175,-3.82230510222198e-15,-6.33862238915767e-16,-3.16908586490982e-16,2.59779192605501e-17,1.6892277047501e-05,-1.71454628459119e-16,-6.56805781496062e-17,-1.06263770367444e-05,-1.875909762536e-16,-1.44122223248748e-16,2.34275004452975e-05,5.8731166253848e-16,-0.000132215713703879,5.96919214375711e-18,-3.04677651138662e-16,-1.73472347597681e-18,-7.24366928611999e-17,-1.35494655084756e-16,4.9744751084232e-16,7.54142598178865e-16,8.97376174209348e-06,9.21851037265305e-17,1.09650216741039e-16,3.78212321625786e-16,-2.71866756826919e-15
"t16",0.0933636363591212,-0.133884842408729,0.0348600818727421,0.00751723356335638,0.142411785274527,0.0638997165587633,-0.00430307471354505,0.00468237239231684,-0.00139186333733029,-0.00372839627474796,0.000456839286645668,4.31637830808172e-07,0.000365042427892231,-0.271320314026438,-0.00271373665541853,0.000879560019215586,-0.000283286641073721,0.00162691659959708,-0.000230403742490309,3.85831641360248e-05,-0.000255264202646911,0.000414820603812163,0.308893121850833,0.00116819642530967,-0.000857759673857704,0.00163426254629238,0.186706304225375,0.0723157971953237,0.0255458778421289,0.000893764955930372,-0.127736832885425,-4.63948225131803e-16,-1.15740789186933e-07,5.26784616615612e-05,1.07545722803409e-05,-2.54091285031752e-05,-4.67670522777138e-05,-3.73930078848147e-05,1.72786374609008e-15,2.16159842700555e-05,-3.56034780063415e-06,-3.18038076069877e-05,-0.20202967227136,-0.000131320071268271,1.24247196503856e-06,9.97682628855466e-05,1.51342691238279e-05,-1.04806995340555e-05,3.23407544238732e-07,7.48998289403901e-08,-9.12825634146183e-07,-2.46521104271188e-06,4.15059707750827e-07,1.6492053771578e-06,2.86192911399994e-07,8.25457988995267e-05,2.59920053155178e-16,7.62060433526079e-16,3.18207610613301e-06,-2.12722647042765e-05,-1.6950469573201e-07,-2.02663004319543e-06,-4.96670997119822e-17,5.28185262312745e-05,-8.07355700974293e-16,-7.72117654497608e-17,-5.02617608604511e-18,-1.61931030749624e-16,-1.1845295626407e-05,1.89135535014377e-16,5.22806182168167e-17,9.72263379798218e-06,-1.93227990838493e-17,-1.40094734932841e-17,-3.08797959826949e-05,9.87431497423684e-18,0.000294772539863502,-1.22922256179647e-16,-2.9189754926004e-16,1.40512601554121e-16,-3.27407404750093e-16,8.4873934213194e-18,2.18858785168151e-16,-3.05468568470294e-16,-4.25781072421455e-05,1.5857270783551e-17,5.7608512461735e-17,1.54098673314692e-16,-6.81226566857394e-16
"t31",0.0939659797914749,-0.134904240300131,0.0352276225488821,0.00763855410806886,0.145933023474107,0.0655100133911348,-0.00444056349268261,0.00486402261625336,-0.00145615913082148,-0.00390437199192121,0.000478497330861796,4.52711094329092e-07,0.000385924852127784,-0.288336098550925,-0.00291468638063238,0.000949112436338694,-0.000308933430910289,0.00177894839543497,-0.000255064830189002,4.30851920565032e-05,-0.000286708802794442,0.000474889938183263,0.364194287849275,0.00146077201107458,-0.00107511449447818,0.00208236645265557,0.249482330963007,0.0982690563388838,0.0347194796350796,0.00125518154242702,-0.182189462008979,-6.2115099770709e-16,-1.73645315620857e-07,8.22789747926011e-05,1.74370902031793e-05,-4.19756196488622e-05,-8.07945461593567e-05,-6.49339628855735e-05,3.22146065890612e-15,4.08327752241379e-05,-7.54864440095087e-06,-6.9440759388968e-05,-0.461417459199897,-0.000304696600994325,3.33414813727379e-06,0.000284763881471619,5.942271674843e-05,-5.7873138668257e-05,2.92954924251612e-06,4.20863322375914e-06,9.70939891308885e-06,2.11926953821018e-05,-1.82797678776694e-06,-6.94071908784657e-06,-7.75302734461933e-07,-0.00019370723280515,4.63801153339383e-17,1.09512734091363e-15,-4.00229181829321e-06,1.79693236010384e-05,1.26414431683869e-07,9.41928448679401e-07,-1.60982041387235e-16,-1.68786364981208e-05,-1.16470873702552e-15,-1.87640813319434e-16,-2.33391344032929e-17,-6.11046629224608e-17,-2.21026837172225e-07,4.52829771046384e-16,1.82384878915077e-16,1.17112874833004e-06,-6.44256094592463e-17,1.44490927194839e-16,-6.9423042287153e-06,-1.78181583718782e-16,9.56094243186907e-05,-1.62683738282653e-16,-5.40495410919086e-16,3.20923843055709e-16,-3.58083825620747e-16,1.1956840373273e-17,3.96895249780345e-16,-5.63117536876284e-16,-1.71634744392698e-05,9.39198272025073e-17,-8.31097962538369e-18,1.44661823721844e-17,-3.30916058935652e-16
"t92",0.094475872290422,-0.135767175480211,0.0355387510907654,0.00774125371828099,0.148913802957214,0.0668731531412982,-0.00455694974910138,0.0050177921796613,-0.00151058645758049,-0.00405333800260656,0.000496831181110854,4.70549919196358e-07,0.000403602128752924,-0.302740208276826,-0.00308479325329368,0.001007989571653,-0.000330643812490501,0.00190764552755124,-0.000275940800535572,4.68962243400118e-05,-0.000313327115346158,0.000525739505661453,0.411007531268607,0.00170844151074029,-0.00125910851958482,0.00246169294359817,0.302623152985319,0.120238868648942,0.0424850673203651,0.00156112595297422,-0.228284406573512,-5.39433432953231e-16,-2.22662341397047e-07,0.000107336240776128,2.30939390646616e-05,-5.59993959626356e-05,-0.000109599315883718,-8.82477828691438e-05,-1.43280242713966e-15,5.7100068947567e-05,-1.09247955977743e-05,-0.000101300987490094,0.680993003386138,-0.000451462367389994,5.10478252526398e-06,0.000441365370790766,9.69135335550259e-05,-9.79915295411588e-05,5.13568619700324e-06,7.70789882528398e-06,1.87012668961179e-05,4.12194581732638e-05,-3.726739890607e-06,-1.42122154132801e-05,-1.67387427945882e-06,-0.000427559452690688,1.04446904398122e-15,1.41431646049336e-15,-1.00839640341397e-05,5.11879003499204e-05,3.76914289065616e-07,3.45485650080528e-06,3.32906668919164e-16,-7.58783011158403e-05,-1.59318543559179e-15,4.04291820565254e-16,2.62410516597128e-16,-5.12049830566924e-16,9.61908620502761e-06,-7.20018246185165e-16,-4.0048220901313e-16,-6.06784497845288e-06,9.86383972825736e-17,-6.59792291039641e-16,1.33211316090737e-05,4.59780738469316e-16,-7.29850572799498e-05,9.5127408129276e-17,6.29981805862094e-16,-4.80518402845576e-16,-8.87162391218171e-17,6.22638211766005e-17,-2.01598231337789e-16,4.43168027808352e-16,4.35038283594696e-06,-3.22413807031926e-16,3.29960098190094e-16,1.14650683142591e-16,-1.56999992556493e-15
"t29",0.0939564158179419,-0.134888054360467,0.0352217867596787,0.00763662778760672,0.14587711346139,0.0654844451928832,-0.00443838045394562,0.00486113838469635,-0.00145513824599901,-0.00390157785984761,0.000478153445711236,4.52376494294685e-07,0.000385593282225479,-0.288065922926211,-0.00291149571272703,0.000948008087154552,-0.000308526212691077,0.00177653444353041,-0.000254673262890076,4.30137091221397e-05,-0.000286209527283844,0.000473936160826472,0.363316219188139,0.0014561265131173,-0.00107166334740902,0.00207525148515548,0.248485576895194,0.0978569720130312,0.0345738217240776,0.00124944299105705,-0.181324866355126,-4.74418289872133e-16,-1.72725910812152e-07,8.18089795749351e-05,1.73309855734943e-05,-4.17125778676651e-05,-8.02542595890958e-05,-6.44966692039193e-05,-7.77076953220425e-16,4.05276521217922e-05,-7.48531844015487e-06,-6.88431618106741e-05,0.457298915304805,-0.000301943742551366,3.30093663098344e-06,0.000281826532309713,5.87195074344158e-05,-5.712064435359e-05,2.88816908068999e-06,4.14299805120608e-06,9.54073986353776e-06,2.08170565507576e-05,-1.79236198717361e-06,-6.80432877746579e-06,-7.58448370402547e-07,-0.000189320903567291,8.41391851683281e-16,1.11420929914937e-15,-3.88821885054368e-06,1.73462479884611e-05,1.21715845808845e-07,8.94793852370657e-07,2.35717399012831e-16,-1.57719890766126e-05,-1.24450601692045e-15,2.74379213622198e-16,1.79247605063545e-16,-4.22837987980954e-16,-4.05596288605306e-07,-4.88842339641001e-16,-2.84255736122684e-16,1.30690903972584e-06,7.08828216669447e-17,-4.88215709811036e-16,-7.32238230714457e-06,3.60107704538863e-16,9.87717244907479e-05,3.36747615401692e-17,3.90763437781392e-16,-3.22658566531686e-16,-1.59273622201367e-16,4.31818629408555e-17,-1.09035378349314e-16,2.63172507743577e-16,-1.75670064764839e-05,-2.32208186281133e-16,2.57101712199068e-16,1.63332966774565e-16,-1.36767899384665e-15
