accepted_species,estimate
t1,-0.9391025547369343
t15,-1.0192030377515366
t16,-1.0192030377515402
t6,-1.0097840909943976
t18,-1.1165164942441976
t45,-1.138979752900133
t60,-1.1443766251321632
t66,-1.1447385385363982
t23,-1.1265505075928794
t14,-1.1106728717988124
