"accepted_species","estimate"
"t1",-0.823034676876654
"t15",-0.878268086913174
"t16",-0.878268086913174
"t6",-0.878268086913174
"t18",-1.05506017079268
"t45",-1.11348969127164
"t60",-1.13731029355198
"t66",-1.14051463020668
"t23",-1.07707879737055
"t14",-1.04477680489651
