accepted_species,estimate
t23,-0.5439734521802324
t24,-0.544067464084546
t52,-0.5472114592685171
t70,-0.5451565216720056
t22,-0.5398502801948559
t16,-0.5614801206195039
t87,-0.5576676905610207
t88,-0.5575906901293279
t61,-0.5593790047409744
t17,-0.566102601222068
