accepted_species,estimate
t23,-0.52869797
t24,-0.52869797
t52,-0.5316572
t70,-0.52869797
t22,-0.52869797
t16,-0.5574844
t87,-0.6004932
t88,-0.5574844
t61,-0.6004932
t17,-0.5574844
