accepted_species,0
t119,-0.7072707639374953
t77,1.36112846544758
t50,
t19,
t140,-0.6130655804432388
t10,0.869799945316843
t60,
t24,
t143,0.13517711610497338
t44,
t68,1.6230129007775698
t9,
t14,
t90,0.05531944593706073
