accepted_species,estimate
t119,-0.45924532
t77,0.6688349
t50,0.58967215
t19,0.6346972
t140,-0.41198727
t10,1.1245027
t60,-0.1955166
t24,-0.18150297
t143,-0.2595673
t44,-0.34435698
t68,-0.46443787
t9,1.1245027
t14,1.1245027
t90,-0.11792296
