accepted_species,0,1
t36,0.9923328498578614,0.00766715014213861
t72,0.06415970921174974,0.9358402907882503
t73,0.04537049073099664,0.9546295092690034
t50,0.7154235398452221,0.2845764601547779
t37,0.9627487882670525,0.037251211732947556
t29,0.9732068648822988,0.02679313511770124
t26,0.9761466991185435,0.023853300881456537
t30,0.9760459474127838,0.023954052587216126
t25,0.9944292305832914,0.005570769416708674
t6,0.9748209778244148,0.025179022175585174
