accepted_species,estimate
t81,0.47873545
t32,-0.17815793
t21,0.448226
t47,1.002635
t70,2.2573323
t34,0.2965101
t16,-1.2183425
t94,0.14208086
t60,-0.61478204
t100,-0.61478204
