accepted_species,0,1
t24,0.17319435,0.82680565
t13,0.332551,0.667449
t47,0.06487292,0.9351271
t82,0.46195543,0.5380446
t11,0.42963755,0.57036245
t99,0.737319,0.262681
t14,0.7645952,0.23540479
t63,0.6800506,0.31994936
t76,0.6645845,0.33541548
t77,0.6818483,0.31815174
