accepted_species,0,1
t100,0.024217486,0.9757825
t1,0.29473847,0.7052615
t93,0.29473847,0.7052615
t60,0.118958056,0.88104194
t30,0.8038058,0.1961942
t32,0.18691152,0.8130885
t14,0.25895828,0.7410417
t40,0.026071131,0.97392887
t34,0.12173772,0.8782623
t10,0.67593724,0.32406276
