accepted_species,0,1
t70,0.8670257622556907,0.13297423774430925
t79,0.8813302509264135,0.11866974907358648
t81,0.872365200025168,0.12763479997483193
t82,0.8829659129295921,0.1170340870704079
t86,0.8835358098419129,0.11646419015808705
t103,0.8724728649826438,0.1275271350173562
t120,0.8721484256552912,0.1278515743447088
t143,0.8845808317154783,0.11541916828452174
t144,0.8824256237782591,0.11757437622174095
t156,0.8698349333738608,0.13016506662613928
