accepted_species,0,1
t70,0.9854746,0.014525412
t79,0.8201114,0.17988858
t81,0.9799554,0.020044602
t82,0.89853334,0.101466656
t86,0.8201114,0.17988858
t103,0.9784642,0.021535806
t120,0.9784642,0.021535806
t143,0.89853334,0.101466656
t144,0.88173413,0.118265875
t156,0.97767735,0.022322657
