accepted_species,0
t96,-0.479769714558697
t53,0.025613039434923636
t99,-0.637926224320737
t61,0.025613039434923636
t62,-0.40474026136167146
t94,-0.618714456117524
t4,0.025613039434923636
t75,1.48580163120088
t77,0.0933544840346811
t43,0.025613039434923636
