accepted_species,estimate
t32,1.1887823
t75,1.1111757
t20,-0.30566722
t1,1.3175896
t51,0.68320507
t29,-0.5613587
t47,-0.4009937
t17,-0.51038975
t73,0.18350822
t23,0.13957244
