accepted_species,0,1
t20,0.7513084190506034,0.24869158094939656
t30,0.7512257806634308,0.24877421933656924
t58,0.7514396652210842,0.24856033477891587
t59,0.7513836273741421,0.24861637262585787
t71,0.7513830091205118,0.24861699087948813
t72,0.7513712809738737,0.24862871902612627
t83,0.7513437385725965,0.24865626142740344
t84,0.7513428695768146,0.24865713042318535
t100,0.7512971823196026,0.24870281768039743
t101,0.7513005206887077,0.24869947931129235
