accepted_species,estimate
t9,0.09749545
t65,-0.21158092
t20,-0.18237375
t55,-0.18237375
t45,0.18249737
t79,0.1392183
t38,0.072010316
t32,0.13904886
t15,-0.1463449
t89,-0.1544143
