accepted_species,0
t93,-0.149366312525503
t81,-0.139769436440106
t71,-0.735776746485623
t51,-0.9690399253486842
t65,0.141053742416065
t70,-0.20548966364738103
t47,0.904373436786995
t30,-1.19492479479985
t68,1.09923754337218
t19,0.016608238893263034
