accepted_species,0,1
t112,0.9665484,0.03345164
t9,0.79679155,0.20320846
t89,0.022439957,0.97756004
t16,0.037424147,0.96257585
t17,0.0312683,0.9687317
t92,0.9949161,0.00508394
t67,0.9280339,0.071966134
t57,0.099966824,0.9000332
t42,0.16799015,0.83200985
t85,0.07134497,0.928655
t47,0.008235753,0.99176425
t109,0.0041550994,0.9958449
