accepted_species,0,1
t112,0.75586927,0.2441307
t9,0.7146743,0.2853257
t89,0.118873954,0.88112605
t16,0.118873954,0.88112605
t17,0.057849348,0.94215065
t92,0.9139905,0.086009525
t67,0.30135942,0.6986406
t57,0.16031975,0.83968025
t42,0.28108567,0.71891433
t85,0.26776457,0.73223543
t47,0.44395548,0.5560445
t109,0.029851437,0.97014856
