"accepted_species","estimate"
"t17",-1.31847725891383
"t89",-1.33901777060455
"t90",-1.33901777060455
"t12",-1.33901777060455
"t73",-1.36348130147331
"t74",-1.36348130147331
"t35",-1.36348130147331
"t24",-1.36348130147331
"t48",-1.34046628996931
"t44",-1.34046628996931
