"","Alpha","Theta"
"1",0.795656124226542,-2.57697426714003
