accepted_species,0,1
t4,0.9996824078297285,0.00031759217027151125
t41,0.9999663806299471,3.361937005286501e-05
t36,0.9999787791307556,2.1220869244431615e-05
t73,0.999994530812827,5.469187173015332e-06
t30,0.999967794832479,3.220516752102359e-05
t25,0.9996899514014426,0.00031004859855743907
t26,0.9996879580765059,0.0003120419234940669
t16,0.9997427328350137,0.00025726716498625495
t13,0.9993162026787562,0.0006837973212438094
t1,0.9995778249860059,0.000422175013994073
