"accepted_species","estimate"
"t86",-1.0527716387002
"t30",-1.0166952655091
"t51",-0.97126106834714
"t97",-0.97126106834714
"t98",-0.97126106834714
"t70",-0.97126106834714
"t59",-0.969575039598794
"t45",-0.969575039598794
"t46",-0.970946462428733
"t47",-0.970946462428733
