accepted_species,estimate
t8,-0.21984039
t199,-2.0067153
t67,-0.93908185
t114,-2.0272794
t14,-0.021312147
t144,0.70024216
t202,0.6001004
t57,0.48052666
t142,0.958415
t25,-0.041268334
t88,-0.27492568
t183,1.1369685
t164,1.4278175
t74,-0.25011554
t40,0.06480605
t152,-1.9505266
t117,-2.4795077
t103,-2.067552
t26,-0.721214
t132,-0.047735687
t13,0.2852267
t193,0.83095664
