accepted_species,estimate
t44,0.18739249250386494
t22,0.16772473495921048
t17,0.2613007775384555
t86,0.29260472912058605
t23,0.2710791605376668
t37,0.21242128943139765
t38,0.21242128943139713
t10,-0.04474918129844034
t76,-0.04557305882660957
t77,-0.04557305882660933
