accepted_species,estimate
t80,-0.9701548336774829
t41,-1.4443637742202686
t23,-1.8522995366973036
t33,-0.2980906243200735
t72,-1.020443225010702
t52,-0.4006914410473116
t91,0.8067006759902887
t85,0.5855583782127509
t55,-0.03135590310035191
t49,1.5344212630849388
