accepted_species,0,1
Asclepias_ovalifolia,0.08333333333333337,0.9166666666666666
Frasera_speciosa,0.5333333333333333,0.4666666666666667
Gentiana_scabra,0.0,1.0
Gentianopsis_barbata,1.0,0.0
Galium_verum,0.5676527921452639,0.4323472078547361
Stenaria_nigricans,0.5333333333333333,0.4666666666666667
Centaurium_erythraea,1.0,0.0
Gentiana_clarkei,0.5333333333333333,0.4666666666666667
Gentiana_lutea,0.5333333333333333,0.4666666666666667
Gentianopsis_detonsa,1.0,0.0
