accepted_species,estimate
Asclepias_amplexicaulis,0.519679326820651
Asclepias_cordifolia,0.2963022798648529
Asclepias_eriocarpa,0.2705840108003619
Asclepias_fascicularis,0.1264190997842396
Asclepias_subulata,0.03347041012148689
Asclepias_verticillata,0.3990367238591921
Calotropis_gigantea,-0.06769773347236896
Nerium_oleander,0.049647854983414515
Vincetoxicum_hirundinaria,-0.286025767953332
Wrightia_tinctoria,0.19741147100555134
