accepted_species,estimate
t4,-0.2902572100672481
t19,0.10581508764500389
t40,0.29616795220315567
t41,0.28611020708886614
t92,0.9231664586465923
t95,0.941390985535741
t29,0.6578440068148789
t61,0.6600847233316796
t72,0.16214552941314817
t65,0.4102117584852811
