"","Alpha","Theta"
"1",0.656151434626347,4.35489371884614
