"accepted_species","0","1"
"t50","0.923396900962669","0.0766030990373315"
"t55","0.764256940624754","0.235743059375246"
"t64","0.990052808076843","0.00994719192315716"
"t87","0.923535165633707","0.0764648343662926"
"t88","0.892112826412085","0.107887173587915"
"t105","0.784071594583403","0.215928405416597"
"t106","0.784071594583403","0.215928405416597"
"t108","0.0953878657974944","0.904612134202506"
"t109","0.996886045002302","0.00311395499769844"
"t118","0.00359852319654691","0.996401476803453"
"t128","0.991481710780062","0.00851828921993818"
"t144","0.458673887225297","0.541326112774703"
"t145","0.0513726772355632","0.948627322764437"
"t147","0.9937250480978","0.00627495190219983"
"t148","0.9937250480978","0.00627495190219983"
"t150","0.949791766755827","0.0502082332441734"
