accepted_species,0,1
Empogona_aequatoria,0.9118552,0.08814477
Ruehssia_clausa,0.9962292,0.0037708574
Asclepias_cryptoceras,0.9962292,0.0037708574
Asclepias_praemorsa,0.9962292,0.0037708574
Hoya_maxima,0.9962292,0.0037708574
Spermacoce_gibba,0.7427337,0.25726628
Kuepferia_kanchii,0.85769886,0.14230113
Prismatomeris_filamentosa,0.9955174,0.004482602
Anthorrhiza_areolata,0.7101665,0.2898335
Trichostachys_interrupta,0.9955174,0.004482602
