accepted_species,0,1
Empogona_aequatoria,0.90296245,0.09703755
Ruehssia_clausa,0.9525675,0.047432505
Asclepias_cryptoceras,0.9531007,0.04689929
Asclepias_praemorsa,0.9525675,0.047432505
Hoya_maxima,0.9525675,0.047432505
Spermacoce_gibba,0.93735623,0.06264379
Kuepferia_kanchii,0.8926889,0.10731111
Prismatomeris_filamentosa,0.943051,0.056949016
Anthorrhiza_areolata,0.9256259,0.07437411
Trichostachys_interrupta,0.93243235,0.06756766
