accepted_species,0,1
t12,0.013177276,0.9868227
t39,0.033548355,0.96645164
t96,0.02382201,0.976178
t70,0.018541276,0.9814587
t89,0.08379972,0.9162003
t14,0.016314745,0.98368526
t20,0.014957428,0.9850426
t15,0.018651724,0.9813483
t66,0.013561964,0.98643804
t59,0.032727122,0.9672729
