accepted_species,estimate
t22,1.4601975641759988
t23,1.5002610060912418
t89,1.4088850105019035
t90,1.4871125380656154
t17,1.5938668413019506
t18,1.8904892786708656
t21,1.6577759073919953
t97,1.5748502430016282
t98,1.539015728796986
t16,1.3870795401141263
