accepted_species,estimate
t22,-0.010767516
t23,-0.010767516
t89,-0.010767516
t90,-0.010767516
t17,-0.010767516
t18,-0.010767516
t21,-0.010767516
t97,-0.010767516
t98,-0.010767516
t16,-0.010767516
