accepted_species,estimate
t15,0.46168694
t16,0.84030765
t9,-0.1381749
t19,0.19674127
t95,1.1851652
t71,1.0787696
t130,0.92924696
t131,1.1618738
t103,0.7629449
t104,0.45061222
t136,0.69442743
t167,-0.73403907
t112,1.1424583
t157,0.050534915
t158,0.050534915
t146,0.10681627
t20,0.089549944
