accepted_species,0
t3,0.06882582661900899
t49,-0.6290376890025575
t99,-0.6290407852067995
t81,-0.6222347083400296
t64,-0.6222150581496851
t67,-0.6134047986206566
t97,-0.612670408019824
t98,-0.612670408019824
t77,-0.612670408019824
t23,0.06882582661900899
