accepted_species,0,1
t6,0.033041716,0.9669583
t7,0.033041716,0.9669583
t14,0.14782637,0.8521736
t30,0.30907023,0.6909298
t35,0.61006325,0.38993675
t36,0.61006325,0.38993675
t40,0.027144969,0.97285503
t41,0.17069471,0.8293053
t70,0.14924186,0.85075814
t71,0.14924186,0.85075814
t100,0.046762764,0.95323724
t120,0.046762764,0.95323724
t126,0.043983817,0.9560162
t139,0.008697391,0.9913026
t149,0.008697391,0.9913026
