"","V_1","V_2","V_3","V_4","V_5","V_6","V_7","V_8","V_9","V_10","V_11","V_12","V_13","V_14","V_15","V_16","V_17","V_18","V_19","V_20","V_21","V_22","V_23","V_24","V_25","V_26","V_27","V_28","V_29","V_30","V_31","V_32","V_33","V_34","V_35","V_36","V_37","V_38","V_39","V_40","V_41","V_42","V_43","V_44","V_45","V_46","V_47","V_48","V_49","V_50","V_51","V_52","V_53","V_54","V_55","V_56","V_57","V_58","V_59","V_60","V_61","V_62","V_63","V_64","V_65","V_66","V_67","V_68","V_69","V_70","V_71","V_72","V_73","V_74","V_75","V_76","V_77","V_78","V_79","V_80","V_81","V_82","V_83","V_84","V_85","V_86","V_87","V_88","V_89"
"t6",-0.0350282297167901,0.253248627894838,-0.00105385289585516,-0.0171522570921607,-0.00191253561883455,0.0207140793620835,-0.083030033470145,0.0506346168731464,-0.000564875978637353,2.34074185585119e-05,-2.74412876948235e-06,-0.00125021287996515,0.000588560323301322,-0.00768151586056594,0.0313183562938511,0.000347093282125674,-0.000122575422944752,0.000153245599488481,-1.49531764021431e-05,0.011448103270943,-0.000185567984853848,0.000624281103137379,-0.00189029503894884,0.000552368814140449,-0.00652825655892058,0.875850108904359,-0.00342411830885716,0.37998245688307,-2.13712238838427e-12,-0.00581807091571663,-0.00228914118161879,0.00457251669192464,-0.000115211650749013,-1.4926649514396e-05,-0.0206039188061664,0.000656545237168922,8.31639492972008e-06,-0.0108334468510167,0.000336986091521462,-1.90067274685773e-17,-0.000120075273508402,0.000198450878821066,0.000293855958668439,-5.51883301162483e-05,-0.000254848675449044,1.12860314297011e-05,-5.7090325255829e-05,-3.09440080096884e-16,-2.48515828380571e-17,-4.48666643877421e-17,6.77718741972304e-17,-3.440262470805e-05,-1.87398895442396e-18,6.30598613208777e-05,8.89730359576521e-06,-3.48577105939443e-05,-1.08574133251167e-06,-2.45603872511605e-06,-7.88982187779248e-07,1.40327819947597e-16,6.0485246641142e-17,-1.67820271682184e-17,-1.87559314979043e-17,1.6592844420143e-17,9.28712109696683e-06,5.02526488425339e-07,-1.71459561186992e-05,0.00254346491201814,8.16753679153433e-17,-3.87094839973954e-17,-2.71632043646661e-17,-1.10658694670253e-05,-2.42454495053452e-17,-4.71373157096181e-17,-4.37573916201562e-17,-4.43347677940426e-17,-1.43012243409105e-18,6.8877360832356e-05,-2.49407529321888e-17,1.26846708643616e-18,6.65858084304919e-18,-6.56543675963128e-17,1.09124201931568e-17,3.30106836065233e-18,8.92641219943113e-18,8.76084220583129e-17,3.84268214631641e-17,1.54311682252292e-17,4.38229681686038e-17
"t50",-0.0366666985575007,0.278661756270323,-0.00137068727814449,-0.0226669802898825,-0.00298759856711084,0.034849454774719,-0.148105620910158,0.0937316041061866,-0.00130307194392578,0.000357027500931652,0.000127749223823386,0.00913002463310099,-0.00308635920993206,0.0275195628671876,-0.108720624491554,-0.000687050199215385,0.000159218976444363,-0.000192247550473185,1.05430324984652e-05,-0.00679594042371243,8.87301908628605e-05,-0.000210588856833977,0.000581191672586063,-0.000159312472089186,0.00168553786916508,-0.232043410894938,0.000925743648017269,0.270893953397917,-1.52017319400313e-12,-0.00180827194033663,-0.000624408850402073,0.000327629510185294,-6.06110217687899e-06,1.39823270322393e-06,-0.241620778891148,8.16112491461928e-06,-1.91196846877063e-09,3.33131101164243e-05,4.5361876799297e-07,1.28634586011049e-17,-2.56907347920824e-06,4.75593402835653e-06,8.28736365975166e-06,-1.83712774415957e-06,-9.1455514646466e-06,5.3845068949602e-07,-2.82615132816127e-06,-5.44579483491754e-17,4.77565828095418e-17,-4.74727884571273e-16,3.83676005237716e-16,-2.20310819651477e-06,1.67368142459188e-16,4.09249772533765e-06,5.77738280814999e-07,-2.26451767885445e-06,-7.04871015218804e-08,-1.5762966177562e-07,-4.91960416784212e-08,9.27735208904444e-16,-8.26431651789149e-17,3.4943788984696e-16,7.13095891138838e-16,1.08988063334833e-15,-6.80693863136406e-07,-6.16255695737831e-08,4.16795382723661e-06,-0.824073414318878,-4.85280351630224e-15,-2.84137904740515e-16,-1.52732529718462e-14,-2.34662531967638e-06,4.98377804905489e-16,-2.16566057492551e-16,5.44311728215582e-16,-3.39762941177874e-16,8.84380525371836e-17,1.06984805002015e-05,-1.70264385526094e-16,-2.72286152788109e-16,-8.01357621068178e-17,-2.27158877811624e-16,4.17070642166173e-17,1.04641156468174e-16,-5.91202442022163e-17,-1.30443211609458e-16,1.47783488814724e-16,3.70904433637162e-17,3.18022474383354e-17
"t54",-0.0366823330238953,0.278903048119704,-0.00137365153883523,-0.0227185102083747,-0.00299752429656202,0.0349793575045877,-0.148701626080602,0.094125507094925,-0.00130974785429871,0.000359940427186327,0.000128879514989048,0.00921900158351426,-0.00311770923538166,0.0278175282510674,-0.109905083836786,-0.000695636010173932,0.000161508302992706,-0.00019504826780223,1.07403120179189e-05,-0.00693456959833688,9.07622295087379e-05,-0.000216515822287595,0.000598584371443462,-0.000164302924499113,0.00175340100404524,-0.24150125308369,0.000963766202538977,0.283537435730582,-1.59103296963799e-12,-0.00189398891709135,-0.00065410205969285,0.000343868562650371,-6.36456668334357e-06,1.47386929254999e-06,-0.254778803796006,8.62223401913151e-06,-2.02486236731999e-09,3.53547520091377e-05,4.8596766337832e-07,4.56498760325637e-16,-2.81301406334739e-06,5.22511618233456e-06,9.16052436288851e-06,-2.04782921595264e-06,-1.02443410115673e-05,6.21686689098173e-07,-3.28396275113572e-06,9.93033428876103e-16,-6.88632737018451e-16,3.94899920604382e-16,8.70697626535061e-16,-2.91119511370656e-06,4.65098496238113e-16,5.66688393863201e-06,8.04739493370523e-07,-3.20731777797051e-06,-1.01222815790218e-07,-2.40292507766049e-07,-8.1009049842559e-08,-2.0121118283626e-16,-2.58467229128062e-16,5.13974717849833e-16,-2.46567487924667e-15,8.55803426749633e-16,1.74923234845656e-06,1.07147465040626e-07,-4.67807266493189e-06,0.400498116653926,7.81861531803637e-15,-4.61891786849223e-15,-0.70710678118654,-6.85000055094439e-07,8.67599434430189e-16,-9.26072875432429e-16,3.9798526281657e-16,9.98734410125181e-16,-1.08155501354395e-16,8.01219177918706e-06,-3.46439677197263e-16,1.3694472928393e-16,-1.01976148120988e-17,-9.07274829336946e-17,2.24969195951481e-16,-3.37827494976178e-16,9.06331359523662e-17,-1.61414884627184e-16,-1.84530172520294e-16,-1.37317127353925e-16,-1.52100089331506e-16
"t55",-0.0366823330238954,0.278903048119704,-0.00137365153883509,-0.0227185102083748,-0.00299752429656205,0.0349793575045875,-0.148701626080602,0.0941255070949251,-0.00130974785429849,0.000359940427186174,0.000128879514988967,0.0092190015835143,-0.00311770923538176,0.0278175282510674,-0.109905083836786,-0.000695636010174171,0.00016150830299267,-0.000195048267802243,1.07403120177963e-05,-0.00693456959833736,9.0762229508407e-05,-0.000216515822287546,0.000598584371443397,-0.000164302924499214,0.00175340100404529,-0.24150125308369,0.000963766202538731,0.283537435730581,-1.59051729149468e-12,-0.00189398891709144,-0.000654102059692353,0.00034386856265018,-6.3645666838282e-06,1.47386929230292e-06,-0.254778803796006,8.62223401887357e-06,-2.02486265673844e-09,3.53547520074412e-05,4.85967663059619e-07,-4.31556680539807e-16,-2.81301406367388e-06,5.22511618245572e-06,9.16052436347903e-06,-2.0478292159222e-06,-1.02443410108631e-05,6.21686690697639e-07,-3.28396275122254e-06,-1.52058363154494e-16,6.91867117930019e-16,1.04712753888142e-16,-1.34304347685433e-15,-2.91119511373731e-06,-6.43262050984024e-16,5.66688394265209e-06,8.04739492694504e-07,-3.20731777931282e-06,-1.01222817494207e-07,-2.4029250662502e-07,-8.10090526009881e-08,-1.05742643773271e-15,5.256305886357e-16,-8.62347852695354e-16,1.83486897185469e-15,-1.87134018092263e-15,1.74923234616167e-06,1.07147465524641e-07,-4.67807267169406e-06,0.4004981166539,-3.09143574930007e-15,4.59550965999657e-15,0.707106781186555,-6.85000061618765e-07,-1.50396196556051e-15,9.08878372665414e-16,-7.92319148371715e-16,-8.53261750261703e-16,8.33955559888767e-17,8.01219177936999e-06,8.57272490253731e-17,1.45691157197396e-16,7.50490491354248e-17,-5.10305240634093e-16,-2.90362350973305e-16,1.18897830901066e-16,-3.36483299229913e-17,3.31127587782334e-16,6.02240086824065e-17,-4.69869091954686e-17,-1.47280537331707e-16
"t83",-0.0366025519523407,0.27766268814043,-0.00135807486995193,-0.0224472139388745,-0.0029443066329494,0.0342778892337266,-0.145466275817817,0.09198045583493,-0.00127278668215298,0.0003428723937904,0.000122167685976031,0.00868122011154526,-0.0029266630913607,0.0259770164621738,-0.102578761448044,-0.000640737536375192,0.000146264995990337,-0.000176321747972217,9.28811126287875e-06,-0.00587025437031354,7.40971596162603e-05,-0.00015976812672433,0.00042197969387866,-0.000111097291586606,0.000688124951328023,-0.0890153519999722,0.000340075943374074,-0.0177385169319374,1.00488715453133e-13,0.000276898801457791,0.000107858577542232,-0.000161733164946577,3.61606648623984e-06,-3.07077322000555e-06,0.599627376203686,-4.63046370840135e-05,-3.25468515717937e-07,0.000288535825135167,1.24207013363123e-06,7.50847959530622e-17,-4.75001512778025e-06,8.59769941826966e-06,1.45129146235064e-05,-3.11850518154622e-06,-1.53170950044173e-05,8.63561862273534e-07,-4.51427449084153e-06,-7.91897923504016e-16,-4.28159816713777e-17,2.62229972961103e-18,5.86859113415798e-16,-3.60058494566557e-06,2.01586579108608e-16,6.86080029724814e-06,9.71900409843408e-07,-3.8477908180187e-06,-1.20795497503119e-07,-2.8083317375825e-07,-9.24777633054572e-08,1.29723441801014e-16,-2.04128553524498e-17,-5.34197873622574e-16,-3.61278399911863e-16,-1.48233306358972e-16,1.22838340504611e-06,6.69540260477799e-08,-2.31163525080056e-06,0.005671517132809,3.49318688959254e-16,-5.62777376307467e-16,-3.29399997064361e-16,-1.53788984591813e-06,3.14522995592298e-16,5.54852915534524e-16,-1.7451584953778e-16,4.57914717419259e-16,-2.88932940147062e-16,1.08920004773635e-05,1.24108724433602e-15,-6.92099782929185e-16,2.52633980746511e-15,-0.707106781186547,4.93811983320471e-15,4.26381420735961e-16,-1.96745856115656e-15,1.56196445615955e-15,1.03666665023083e-16,3.3978166596145e-16,-4.02316847381068e-16
"t84",-0.0366025519523407,0.27766268814043,-0.00135807486995197,-0.0224472139388741,-0.00294430663294949,0.0342778892337264,-0.145466275817818,0.0919804558349299,-0.00127278668215326,0.000342872393790355,0.000122167685975918,0.00868122011154524,-0.00292666309136083,0.0259770164621737,-0.102578761448042,-0.000640737536375114,0.000146264995990404,-0.000176321747972199,9.28811126320187e-06,-0.00587025437031317,7.40971596160688e-05,-0.000159768126724285,0.000421979693878678,-0.000111097291586924,0.000688124951327965,-0.0890153519999723,0.000340075943373932,-0.0177385169319371,1.00513455760887e-13,0.00027689880145773,0.000107858577541992,-0.000161733164946695,3.61606648645325e-06,-3.07077321970921e-06,0.599627376203685,-4.63046370840931e-05,-3.25468515812942e-07,0.000288535825135675,1.24207013361825e-06,8.55635630809045e-18,-4.75001512790688e-06,8.59769941771141e-06,1.45129146229433e-05,-3.11850518146061e-06,-1.53170950039957e-05,8.63561862159607e-07,-4.51427449103822e-06,2.32225349017535e-16,3.3648228003356e-16,-7.43353232640826e-17,-2.00316277672438e-16,-3.60058494543591e-06,-2.19362658945535e-16,6.86080029663305e-06,9.71900409806558e-07,-3.84779081819097e-06,-1.20795498006084e-07,-2.80833173280638e-07,-9.24777629501897e-08,-8.75228357057171e-17,1.48383326614039e-16,1.24761516998334e-16,1.68272610150916e-17,6.48452582425442e-17,1.22838340513559e-06,6.69540260163305e-08,-2.31163525064911e-06,0.00567151713280931,-4.39290838663739e-16,8.13248036052719e-16,4.95812184314973e-16,-1.53788984586246e-06,-3.05388090087723e-16,-5.43308892382855e-16,1.75280943201189e-16,-1.74646572149679e-16,2.5805681612399e-16,1.08920004764646e-05,-8.83550779870362e-16,5.44456108193586e-16,-2.53193692195416e-15,0.707106781186547,-4.87539190643422e-15,-6.5358736600753e-16,2.05876572870885e-15,-1.58783815034785e-15,-1.67966436701405e-16,-1.82613715148411e-16,4.85540951923566e-16
"t97",-0.0365158444181605,0.276313178220329,-0.00134107213071008,-0.022150996337581,-0.00288604264174191,0.0335090868894237,-0.141917577647298,0.0896265367818452,-0.00123212570442753,0.000323933769202602,0.000114705004194209,0.00808164406734465,-0.002713392722067,0.0239180687394036,-0.0943811867299688,-0.000578988790695116,0.000129008026538816,-0.000155107062181195,7.61638078020853e-06,-0.00463603975908987,5.45396000928287e-05,-9.10932048386582e-05,0.000205485321404393,-4.51323515691104e-05,-0.00079895212281114,0.126174030841176,-0.00054649635401812,-0.556542409310953,3.12362277919424e-12,0.00439226453012921,0.00157234377849444,-0.0014440353676583,3.21059644441163e-05,3.22666255299749e-06,-0.214782704676867,-4.93742427143012e-05,-4.70246621786433e-07,0.000442541111224479,1.898998179543e-06,-8.89812345066167e-17,-6.72581322195306e-06,1.2079636798273e-05,2.01444411960883e-05,-4.27011180048839e-06,-2.08354006254802e-05,1.1423714076118e-06,-5.94776064245054e-06,-8.8991673505812e-17,-9.67228712132961e-18,9.25523484449395e-17,-6.44054702786705e-17,-4.57562298092813e-06,-1.90429567075553e-17,8.67339573249167e-06,1.22800723946943e-06,-4.85484171080101e-06,-1.52248017860317e-07,-3.52637937553603e-07,-1.15728309457311e-07,-3.26836003059607e-16,-2.14806235566794e-16,4.89362628158544e-17,1.42678684402381e-16,-1.40926257443322e-16,1.50905268273661e-06,8.2113524139983e-08,-2.82573440097886e-06,0.00415764296351924,1.58810447282003e-16,-2.72971466697981e-16,-1.90155583233242e-16,-1.88391565474548e-06,1.4958191533268e-16,2.00487747038238e-16,-2.22108892820009e-18,4.42591694941224e-17,5.47150332822408e-17,1.30960726348282e-05,-2.36717398596897e-16,-3.96012541940646e-17,-7.61250762644548e-17,6.3346483320592e-16,2.78712234258555e-17,-5.51601251157939e-16,7.50409453243999e-18,6.93348192272363e-17,-5.02191039691227e-16,-1.35595362335793e-15,-0.707106781186547
"t98",-0.0365158444181605,0.276313178220329,-0.00134107213071011,-0.0221509963375809,-0.00288604264174193,0.0335090868894238,-0.141917577647298,0.089626536781845,-0.00123212570442765,0.000323933769202495,0.000114705004194226,0.00808164406734451,-0.002713392722067,0.0239180687394036,-0.0943811867299685,-0.000578988790695087,0.000129008026538822,-0.000155107062181253,7.61638078022306e-06,-0.00463603975908991,5.45396000929948e-05,-9.10932048385866e-05,0.000205485321404447,-4.51323515691655e-05,-0.000798952122811271,0.126174030841176,-0.000546496354018146,-0.556542409310952,3.1230837981154e-12,0.00439226453012876,0.00157234377849512,-0.00144403536765819,3.21059644436455e-05,3.22666255289343e-06,-0.214782704676866,-4.9374242714101e-05,-4.70246621590385e-07,0.000442541111224583,1.89899817967451e-06,-5.86833230165886e-17,-6.72581322184649e-06,1.20796367982538e-05,2.01444411960438e-05,-4.27011180077557e-06,-2.08354006254233e-05,1.14237140762767e-06,-5.94776064239999e-06,1.52226701624853e-16,-1.53596176957176e-16,-1.6246627817481e-16,-7.57820618332191e-17,-4.57562298095322e-06,2.64861615509765e-17,8.67339573309609e-06,1.22800723930313e-06,-4.85484171070357e-06,-1.52248018335949e-07,-3.52637938154199e-07,-1.15728309802556e-07,-1.98604755739269e-17,-6.70240740984966e-17,8.47982303100829e-17,-4.71509218193039e-17,1.0035379874882e-16,1.50905268297998e-06,8.21135247031605e-08,-2.82573440120237e-06,0.00415764296351945,6.85961238458167e-17,6.9681275363276e-17,-1.44578853553224e-16,-1.88391565460527e-06,-5.81274109037067e-17,-6.133155621184e-17,-6.57289351510432e-17,-3.45562112683001e-16,5.02974619871903e-17,1.30960726349053e-05,1.07979915653386e-16,-2.97362957181142e-17,-6.39971458842027e-17,-5.22744079286179e-16,-1.03267512147156e-18,6.73926327658756e-16,8.98620816330735e-18,-2.95191218985903e-17,6.11251198478368e-16,1.39861424219767e-15,0.707106781186549
"t2",-0.0323749184385826,0.211037877195509,-0.000484154209216991,-0.00716549809799127,0.000176084175434443,-0.00754709092049197,0.0499162801204632,-0.0385824487008452,0.00107660526664256,-0.000963147078269439,-0.000420325127831924,-0.0384761743726913,0.0145446782925234,-0.155597488738326,0.626131168677985,0.00628190574252423,-0.00290224211788142,0.00383008692053534,0.000344875731275362,-0.119130201522361,0.000938853690247892,-0.00114500737234477,0.00257912424499907,-0.000598490963846327,0.000810639702756916,-0.0802314775903417,0.000244725312793743,-0.0232268991647076,-0.707106781186417,-0.000398466236308577,-0.000191275695802111,0.000916612993131919,-2.53732817645424e-05,-5.11355026026808e-06,0.000687941879932867,0.000257827711586542,3.67175761962177e-06,-0.00518666987638171,0.000203156306686867,-1.95518646218445e-17,-9.11718288474569e-05,0.000153792899731987,0.000235029887171269,-4.57139241878291e-05,-0.000214698106664762,1.02086115479449e-05,-5.21719108963547e-05,-6.06112938149201e-17,-1.92985270309427e-16,9.26163795692557e-17,4.79496001936638e-16,-3.44639237315395e-05,4.74410701443569e-17,6.40118283648779e-05,9.04400029913552e-06,-3.55595719391732e-05,-1.11058520492211e-06,-2.53592762860537e-06,-8.21601741913202e-07,2.18679624195866e-16,-2.34797282870891e-17,6.13545293439895e-17,7.33834093318756e-17,-4.74657498710941e-17,1.00590736653289e-05,5.45158889459937e-07,-1.8633945735349e-05,0.000255849407805063,-1.08199285155476e-16,2.36415867375628e-17,3.78916666134808e-16,-1.22629764326716e-05,-7.74014821552823e-17,3.66723328372536e-17,1.95653886460805e-16,-4.73916296044053e-17,-2.5916935184215e-16,7.9754490857354e-05,9.91821752999278e-18,-2.67691455014288e-16,6.46896884735183e-17,6.07993116157231e-17,7.01565622039979e-17,-4.95652793648194e-17,3.44264489148395e-17,-3.55433086267078e-17,-3.33545777610859e-18,1.7671166708612e-16,-3.61529594485169e-16
"t12",-0.0323749184385826,0.211037877195509,-0.000484154209217075,-0.00716549809799128,0.000176084175434355,-0.00754709092049177,0.0499162801204632,-0.0385824487008443,0.00107660526664244,-0.000963147078269537,-0.000420325127832018,-0.0384761743726911,0.0145446782925233,-0.155597488738326,0.626131168677985,0.00628190574252437,-0.00290224211788117,0.00383008692053484,0.00034487573127561,-0.119130201522361,0.000938853690247777,-0.00114500737234495,0.00257912424499884,-0.000598490963846599,0.000810639702753983,-0.0802314775903352,0.000244725312795786,-0.0232268991567688,0.707106781186678,-0.000398466236311931,-0.00019127569581816,0.000916612993134713,-2.53732817616047e-05,-5.1135502606988e-06,0.000687941879931261,0.000257827711586855,3.67175762211915e-06,-0.00518666987638119,0.000203156306687253,2.38937287304541e-18,-9.11718288476765e-05,0.000153792899731344,0.000235029887171503,-4.57139241870307e-05,-0.000214698106664769,1.02086115479347e-05,-5.21719108960549e-05,2.08945861787851e-16,2.56587941792131e-16,-7.4245161686959e-17,-3.69093363082711e-16,-3.44639237315982e-05,-4.36834155879011e-17,6.40118283646247e-05,9.04400029906392e-06,-3.55595719392411e-05,-1.11058520463563e-06,-2.53592762756978e-06,-8.21601741658628e-07,-2.85261872826584e-16,9.2622840319082e-17,-1.37830660841824e-16,-1.51373844416168e-16,7.33949950071046e-17,1.00590736654883e-05,5.45158888503876e-07,-1.86339457352906e-05,0.000255849407804525,1.83157025697647e-16,-6.27789099992324e-17,-5.60561405465852e-16,-1.22629764322358e-05,-1.63212817404851e-18,-4.49696428975964e-17,-1.58993399879858e-16,1.28566309981576e-16,2.69904332513607e-16,7.97544908567519e-05,-7.03330812719236e-17,2.08557609059751e-16,-4.44289222900519e-17,2.09391831815222e-16,-6.98325631958357e-17,-4.32775681413297e-17,-1.3527918838225e-17,8.40428253132271e-17,6.64799748666374e-17,-2.02604640575906e-16,5.50018299956489e-16
"t3",-0.0300271475830705,0.173368363232133,6.31181500529501e-05,0.00253516468067717,0.00257586162116702,-0.0437660925353253,0.239043542824646,-0.175482452884757,0.00602457669990504,0.00019418895806649,1.82072087594307e-06,-0.00360856204917988,0.00153623678381774,-0.0148839330192039,0.0582246905892097,-0.000277133307527554,0.00110962681112506,-0.00164423685584867,-0.00101860346222747,0.92698119111232,0.0175181799336352,-0.00467860101691212,0.0090271562449344,-0.00190376389951338,0.000863683632779813,-0.0400970908767908,-2.43070849601232e-05,-0.011550512991315,6.51433291338474e-14,-0.00179458866679633,-0.000794013224499649,0.00289379219531443,-7.82445138442046e-05,-1.43571326678588e-05,0.00034903464044167,0.00071414978538462,1.05972551275513e-05,-0.0541675505984853,0.000452213010811052,2.27361780057123e-17,-0.00019436714087181,0.000326055693762463,0.000493858831260477,-9.50620516878354e-05,-0.000444143319697785,2.0633058494218e-05,-0.000105075098931596,-7.98076392381414e-17,2.58302784004759e-17,-9.87475680437282e-18,-1.79665382669511e-17,-6.70972972536721e-05,4.39079191041277e-18,0.000123973744328062,1.750620474959e-05,-6.87326907001025e-05,-2.14431029473803e-06,-4.87768603102589e-06,-1.57476415237092e-06,-7.96380545839715e-17,1.27276881759652e-18,-7.49032289751189e-17,-5.24894555186095e-17,-1.46352984925616e-17,1.89553233144165e-05,1.02650778046383e-06,-3.50528610821998e-05,0.000121214853471885,-9.63139761596853e-18,-3.4103978849556e-17,3.71226062306799e-16,-2.28822799967173e-05,-2.21029877373927e-17,-1.30221961520651e-17,-1.50015677192708e-17,-3.33685455999156e-17,1.53338060447882e-17,0.000145742245708043,1.11578258958403e-17,-3.32605410004886e-18,-4.71972789955589e-17,8.17952155898573e-18,4.9615443764433e-17,-1.86744942209564e-17,1.50814941548195e-17,6.33974236497118e-17,2.60610882352551e-17,4.28320947991762e-18,2.23344481321629e-16
"t19",-0.0311157003795984,0.186826224451866,7.77004783157117e-05,0.00316112006349179,0.00367975982937374,-0.0664574936051954,0.380984473909567,-0.288429159986172,0.0119067189705376,0.00177657151705943,0.00048846940921364,0.0249509062633397,-0.00707152625661146,0.0435160439438033,-0.163999202886928,0.000398300787535511,-0.000932361804362788,0.00131839133711237,0.000335333760385569,-0.215428236597088,-0.00227461536075562,-2.4665362881815e-05,0.000345505010966991,-0.000117180974452829,0.000159944609842784,-0.00769220703939221,-4.76595609714221e-06,-0.0032628777225133,1.87986497722386e-14,-0.000531954658305346,-0.000237757163246852,0.00099732522607837,-2.79963117172296e-05,-7.39810971913767e-06,0.000187491182060559,0.000509647997771631,1.37043592596403e-05,-0.379657570715453,-8.94036862101912e-05,-3.23795811784374e-16,-1.31993647190551e-05,2.62716624822665e-05,4.87816090266697e-05,-1.11651093007382e-05,-5.59658071113975e-05,3.29512293217432e-06,-1.72677993700182e-05,-0.707106781186547,-8.75710543270321e-14,-1.77945952431309e-15,-1.94498004819844e-15,-1.37491245853197e-05,-5.11296582711851e-17,2.61241573727821e-05,3.69954256913152e-06,-1.4633788804742e-05,-4.59091232865125e-07,-1.06459416973528e-06,-3.49669981847073e-07,6.22103471562875e-16,1.93581229909834e-17,-2.80483942114695e-16,-3.18574017569239e-16,9.77034747986939e-17,4.54999909284135e-06,2.4721612365646e-07,-8.4764067996931e-06,2.95375110425378e-05,-1.34829951655884e-15,1.8939516530707e-16,-6.11824154861836e-16,-5.72839781225252e-06,7.76611681260436e-16,-1.64604437747199e-16,-5.47896568598937e-16,-1.6785635896218e-16,4.4202452929217e-16,3.9622559552002e-05,-6.63481904644068e-16,1.07328840517573e-16,3.54871806910735e-17,6.21128432097149e-16,-1.18485499336068e-16,-2.99778851367026e-17,-1.7535872622515e-17,1.46439814699453e-16,-1.4739097078277e-16,5.61950255251533e-18,4.03936158995835e-16
"t20",-0.0311157003795985,0.186826224451866,7.77004783157328e-05,0.00316112006349184,0.00367975982937398,-0.0664574936051954,0.380984473909567,-0.288429159986172,0.011906718970538,0.0017765715170592,0.000488469409213581,0.0249509062633398,-0.00707152625661112,0.0435160439438033,-0.163999202886928,0.000398300787535263,-0.000932361804362784,0.00131839133711242,0.000335333760385663,-0.215428236597088,-0.00227461536075538,-2.46653628816623e-05,0.000345505010967008,-0.000117180974453037,0.000159944609842409,-0.00769220703939189,-4.76595609681359e-06,-0.00326287772251324,1.82092474133453e-14,-0.000531954658305702,-0.000237757163247001,0.000997325226078465,-2.79963117161593e-05,-7.39810971871588e-06,0.000187491182060934,0.000509647997770907,1.37043592596454e-05,-0.379657570715453,-8.9403686209702e-05,2.23671610424893e-16,-1.31993647195117e-05,2.62716624835728e-05,4.87816090255673e-05,-1.11651092989974e-05,-5.59658071105883e-05,3.29512293738288e-06,-1.72677993682639e-05,0.707106781186547,8.77585495655279e-14,1.76882392680457e-15,1.37677936870374e-15,-1.37491245893019e-05,-3.83687483099484e-17,2.61241573664365e-05,3.69954256961014e-06,-1.463378880469e-05,-4.59091228307179e-07,-1.06459417519261e-06,-3.49669980703531e-07,-3.56310682986387e-16,1.51239082593865e-17,-1.3420875241239e-16,8.61224421893961e-17,-2.15728697154592e-16,4.54999909260114e-06,2.47216126326376e-07,-8.47640679987709e-06,2.95375110411777e-05,1.36881726908314e-15,-2.84200038282017e-16,-4.14004262056141e-16,-5.72839781126915e-06,-6.09957178996249e-16,1.75691070370676e-16,6.63004590700102e-16,4.73331307815933e-17,-5.01444336004444e-16,3.96225595529643e-05,4.67044995041838e-16,-2.10183546451394e-16,-1.30622612475936e-16,-3.78087562278279e-16,2.73991308975946e-16,-5.71183718624705e-17,2.78983170784592e-17,-8.29720718806013e-17,4.67403434805446e-17,6.73841669474088e-17,7.16561156186996e-17
"t9",-0.0309340329789732,0.184599257857092,7.53500678687993e-05,0.00306046262369501,0.00350626128769128,-0.0629238443656102,0.359032372608959,-0.271034453852822,0.0110209324855916,0.00155752989066947,0.000422549810737575,0.0211964728653392,-0.00595616643759363,0.0361317473335608,-0.135971286244904,0.000318439589509826,-0.000711348231151617,0.00100086374641601,0.000224888726387516,-0.135985900833188,-0.00129354715065049,-1.03360200475926e-05,0.00012488597613889,-3.67279363134958e-05,-1.08783217982989e-05,0.000722959973169904,5.27547370744437e-07,0.0014944617864867,-8.68891893011208e-15,0.000272020312797879,0.000124277489316292,-0.000681429639079286,2.03374596572014e-05,8.33985116461294e-06,-0.000219181877872149,-0.00072650603507213,-2.47607116531942e-05,0.841788352959326,0.000538370164786068,7.6205276928898e-17,-0.000129113307282862,0.000210166607669744,0.000305198855360688,-5.63817557469228e-05,-0.00025875444125353,1.12908953397708e-05,-5.70716898693662e-05,1.19298334907613e-16,-1.46404845373195e-16,-4.05226735308732e-17,7.19638609382299e-16,-3.46256856548974e-05,7.22038156493161e-17,6.36495774477223e-05,8.98338768891933e-06,-3.52252659248922e-05,-1.09792209898181e-06,-2.48973307821537e-06,-8.01747091145222e-07,-4.03924350731854e-16,-1.18262627111516e-17,3.62162182551299e-16,1.76433219061789e-16,9.98061787696052e-17,9.56343390842371e-06,5.17751953648676e-07,-1.76740430538926e-05,6.10812614688649e-05,7.26201718007012e-17,-4.94009684140991e-17,6.66924976470315e-16,-1.15107429019016e-05,-1.82073378406471e-16,-6.29059644508566e-17,-5.02448776556479e-17,-7.47007670445524e-17,1.13772544277318e-16,7.32191474523813e-05,-9.50421164624042e-17,1.43599524315538e-17,4.40363882624831e-17,-3.85361188452396e-16,-1.71239092135803e-16,6.65458435182788e-18,4.77213787023998e-17,-7.17215824416026e-17,1.48920354940782e-16,-4.65999205440671e-17,2.7202770066813e-17
"t25",0.0631550920934437,-0.0307407987967863,-0.00994123713477728,0.00110312338380922,0.022030312499649,-0.137633794097328,-0.0229284140762064,0.0040213432177108,-0.307773760298654,0.00920266766378831,0.000580543549040869,0.0013496811158209,-0.00858683156330944,-0.00171046535107788,-0.000161975758533522,-0.498578375598642,-0.00062256191181511,0.0265133561270964,0.000609456377951615,-0.00425583340138377,0.000796056692842618,-0.0306873935725907,0.138941228759019,-0.199652385760247,0.244069775334057,0.0019421809952056,0.00168602948090464,5.15280221818192e-05,-1.24161427000821e-16,0.00107691312620736,0.000352901918801844,-0.000215108669596471,1.87718995863381e-05,-4.16125705704047e-06,4.43310360545568e-07,0.000407093967640092,7.17969078918756e-06,-4.09093467809291e-05,1.50348278143524e-05,6.17925430728307e-16,-0.000120598626240811,0.000625720279747677,0.000781488222672358,-0.000155903014817452,-0.000304744382100479,1.17990755904465e-06,-0.000241658061207152,1.12755498037671e-15,-3.92162924691753e-15,1.48226465411108e-13,-0.707106781186547,-5.78013441262623e-05,-4.92263683676762e-16,0.00265925064543832,3.80800407179044e-05,-0.000135710892592093,-1.39843065788262e-07,-3.28232420580788e-07,-4.08523916796305e-06,1.7471255567509e-16,-1.89845671153118e-15,-5.2665208153889e-17,1.00269127035128e-16,5.73367805694691e-16,4.14315308198746e-05,7.48053937299112e-08,-3.26754916011546e-05,1.57698905378645e-06,1.08143444781687e-16,3.13326809193048e-16,-1.37771245754247e-15,-6.34360552985384e-05,3.93710653122344e-16,3.15140338629206e-17,8.22141904404797e-17,-3.25511131339753e-16,5.15277394517086e-16,1.16677099204661e-05,-7.83876801424222e-17,-1.20146752945424e-17,-2.40687014305437e-16,-1.90350753489143e-16,1.64800945507656e-16,-2.10554581779898e-16,-5.00270644173924e-17,9.29113054795027e-18,1.07726889339856e-16,-1.56587696089857e-16,1.54985202181715e-16
"t26",0.0631550920934437,-0.0307407987967863,-0.00994123713477726,0.00110312338380922,0.0220303124996491,-0.137633794097328,-0.0229284140762064,0.0040213432177108,-0.307773760298654,0.00920266766378824,0.000580543549040893,0.00134968111582073,-0.0085868315633093,-0.00171046535107808,-0.000161975758533558,-0.498578375598642,-0.000622561911814923,0.0265133561270963,0.000609456377951346,-0.00425583340138366,0.000796056692842897,-0.0306873935725909,0.138941228759019,-0.199652385760247,0.244069775334058,0.00194218099520584,0.0016860294809047,5.15280221818071e-05,5.95236909495021e-16,0.00107691312620765,0.000352901918802141,-0.000215108669596113,1.8771899586412e-05,-4.16125705706289e-06,4.4331036053169e-07,0.000407093967639993,7.17969078945332e-06,-4.09093467815813e-05,1.50348278139464e-05,-6.33620425483099e-16,-0.000120598626240885,0.0006257202797482,0.000781488222673113,-0.000155903014817278,-0.000304744382100888,1.17990755998292e-06,-0.000241658061208527,-1.28845227975245e-15,3.88218490726086e-15,-1.4829064768796e-13,0.707106781186547,-5.78013441241694e-05,4.27105734015936e-16,0.00265925064544102,3.80800407161173e-05,-0.000135710892594016,-1.39843074037137e-07,-3.28232416298258e-07,-4.08523916674417e-06,1.67976555923565e-17,1.80262760260281e-15,-4.94171913198933e-17,-2.33766842783945e-16,-6.80612945816227e-16,4.14315308194937e-05,7.48053928739269e-08,-3.26754916014273e-05,1.57698905461912e-06,-7.64512602689019e-16,-4.35697891183395e-16,1.01200022750737e-15,-6.3436055298201e-05,-3.06551438320935e-16,-2.17099899948686e-17,-1.00593461113314e-16,3.34669917316461e-16,-2.46311307567754e-16,1.16677099195259e-05,-4.90177786020191e-17,-5.11088479250382e-17,9.56295022519285e-17,1.48372105808784e-16,-1.68586010654541e-16,5.55972339145432e-17,9.67853890069371e-17,-1.64188401406419e-17,-6.01866376993342e-17,6.7188105767025e-17,3.05563506692296e-16
"t4",0.0624990801373978,-0.0300866863922659,-0.00939893896811274,0.00103972290475233,0.0201393335785558,-0.124265715753628,-0.0205090585150539,0.00357654020403025,-0.265441613215079,0.00704455840010243,0.000430500688932103,0.000957123941729227,-0.00595756209058704,-0.00114291411503725,-0.000107807062481091,-0.29939338587178,-0.000321743175945105,0.0134657601868679,0.00017501318941809,-0.000767143910265188,-1.47515536125589e-06,0.0157097731699923,-0.103173389643208,0.190226174585802,-0.871623619459026,-0.00747556175507477,-0.00680895155661312,-0.000613063901762217,1.66450427365051e-15,-0.0157804132446814,-0.00542256995522169,0.00812796358901191,-0.0010597588274637,-9.84322707072169e-05,9.44615914783009e-06,0.00571255700816863,7.34674567369187e-05,-0.00034633585083399,8.07160159392098e-05,-4.8636706982038e-18,-0.00044355510739796,0.00223108753102885,0.00265787922064081,-0.000503554405221389,-0.000960347440453778,3.35850674002642e-06,-0.000677994718600233,-8.91825693098949e-17,3.11565133548242e-16,-4.42391141417701e-17,5.20714574531428e-16,-0.000142731252580612,-2.90757369311809e-16,0.00644860874540052,9.2169679119082e-05,-0.000326867998212879,-3.3558141685077e-07,-7.77598136089414e-07,-9.56615444420816e-06,-6.95130118905944e-17,2.88924570097043e-17,5.81216853838202e-17,2.89569130965877e-17,6.60931382045876e-17,9.18983289350546e-05,1.65535232314328e-07,-7.20970329280417e-05,3.4605757396472e-06,3.65403548898805e-16,-4.75490289175074e-17,2.16356130069454e-17,-0.000136533412044294,3.004989845893e-17,-7.0925440863819e-17,-1.63165618415454e-17,3.31331286281362e-17,-3.88731211710243e-16,2.36440566470895e-05,-2.46289819874288e-16,1.04564719962216e-18,1.15501615590762e-16,-1.56562047918185e-16,1.01906863015438e-16,-2.73874972975984e-16,1.62937719329201e-17,5.55012072029856e-17,9.41393004539537e-17,8.69765122380523e-17,-9.4867993305471e-17
"t36",0.0636550802177558,-0.0312621421637154,-0.010440317447015,0.00116224804812661,0.0240471649198502,-0.152726095907823,-0.0257818556643124,0.00456041224288881,-0.367572665663779,0.0158926030278668,0.00121903969983893,0.00460674647935156,-0.0473503751822098,0.0296657780653594,0.00186541336032042,0.352511854819935,1.84902340902293e-06,0.00078179330041811,0.000206956935566564,-0.0016264505470077,0.000331247641515889,-0.0132764843874723,0.0597558560517293,-0.0854076737754207,0.000702974378397248,1.27309713502614e-06,-8.75325175875036e-06,-3.21293551349012e-05,-1.71788276367315e-16,-0.000925853938984567,-0.000325003216083787,0.000614245265863806,-8.38812040705326e-05,-1.02052861708302e-05,9.97153935672346e-07,0.000658659076699532,9.22708727852516e-06,-4.61371423961243e-05,1.2518991968323e-05,2.63600807863743e-17,-7.1894609794565e-05,0.000356533272890827,0.000409333843455553,-7.19237094132449e-05,-0.000129446078514089,2.04669042306975e-07,-2.70188234486532e-05,-3.81935741015227e-15,1.06930824846919e-15,2.22519095269642e-15,1.63704730940229e-15,0.000258343769065417,2.35151598531757e-14,-0.827845032702627,0.00236386417478075,-0.00211830100828336,-1.42951379141843e-06,-1.61880871526955e-06,-1.44057782381356e-05,-1.21405121802594e-16,1.18049370850731e-15,-1.96524081287411e-15,-5.02699460478702e-16,-9.23388723792313e-16,7.56767861096449e-05,1.34536649639788e-07,-5.76938372603659e-05,2.69515031415049e-06,4.35963421055395e-16,4.50744828642614e-17,2.08085026051864e-15,-9.8334918763013e-05,-2.53719805754738e-16,2.70507651639849e-16,-3.74730863376955e-17,-6.92197584532877e-16,-4.59891127104519e-17,1.48718819466265e-05,-5.08265676095541e-17,6.24737370510752e-17,-4.88136087648847e-17,-2.57011002922678e-16,7.22288885133958e-17,-3.71239464359514e-16,7.33311681435655e-17,-9.69786936399372e-17,-9.93381176306217e-19,1.42009794389925e-16,4.21103979944899e-16
"t48",0.0637812228371597,-0.0313882668478431,-0.0105463075431377,0.00117465935477878,0.0244247473579367,-0.155423047870853,-0.0262742191831552,0.00465145705336714,-0.376567416063197,0.0165232491290423,0.00127171612394035,0.00482720553002458,-0.0497180998189898,0.031253487888545,0.00196591025922247,0.37451133786234,1.98335522112736e-06,0.000839408810445905,0.000227068375269996,-0.00180064100138272,0.000371733857162417,-0.0153422057680537,0.0697637227083986,-0.100526796125803,0.000873577738552563,1.58703881803814e-06,-1.09334934439501e-05,-4.16221169770919e-05,2.72790269501957e-16,-0.00120527328780997,-0.000423518758902413,0.000811437498984283,-0.000111192491741708,-1.3915493695059e-05,1.36321312113608e-06,0.000913876141799863,1.3045890944429e-05,-6.63490741214801e-05,1.95213277795273e-05,1.31971877752655e-18,-0.000141371490194692,0.000731982214363242,0.000914433511407131,-0.000183631239306245,-0.000361227720117374,1.49589562056796e-06,-0.000312307218031209,3.03739780330058e-15,1.44517891899784e-16,-1.82253975302684e-15,-1.06378823851624e-15,-0.00019831849829105,-1.13089771917503e-14,0.396517776334414,-0.00107266640706804,0.000828909815713007,4.9661946876947e-07,3.42148157463258e-07,1.54259339143863e-06,-3.14824852363825e-15,-7.73915721671806e-16,2.16407641311237e-15,-2.76220277315488e-15,-4.4934814643485e-16,1.73407771488817e-05,3.22735390966087e-08,-1.45892983253813e-05,7.44950839820513e-07,-0.707106781186548,6.55708036517286e-14,-6.64448096489822e-15,-3.4541225845096e-05,6.8302711739729e-16,4.02861586972605e-16,1.77991769629052e-16,2.90094520691301e-16,7.62557502632004e-18,7.77610135888063e-06,4.92797328474134e-16,3.2777570459775e-16,-1.29980768560244e-16,-2.61253326394303e-16,8.77933628745168e-17,4.47886112065911e-16,1.55039747719534e-16,4.40622452719824e-17,2.06156608725456e-16,-1.15054823077568e-16,8.27660155395804e-17
"t49",0.0637812228371597,-0.0313882668478431,-0.0105463075431377,0.00117465935477878,0.0244247473579366,-0.155423047870853,-0.0262742191831552,0.00465145705336712,-0.376567416063197,0.016523249129042,0.00127171612394033,0.00482720553002472,-0.0497180998189899,0.0312534878885451,0.00196591025922248,0.37451133786234,1.98335522083593e-06,0.000839408810446307,0.000227068375270058,-0.00180064100138272,0.00037173385716259,-0.0153422057680537,0.0697637227083986,-0.100526796125802,0.000873577738553438,1.58703881800084e-06,-1.09334934443569e-05,-4.16221169770616e-05,2.467925009168e-16,-0.00120527328781012,-0.000423518758902471,0.000811437498984279,-0.000111192491741998,-1.39154936948849e-05,1.36321312094179e-06,0.000913876141799753,1.30458909448706e-05,-6.63490741214939e-05,1.95213277794717e-05,-1.11883938927675e-16,-0.000141371490194761,0.000731982214363269,0.00091443351140752,-0.00018363123930619,-0.00036122772011854,1.49589562088367e-06,-0.000312307218032007,6.2262875388845e-16,-1.13767572102087e-15,-3.47628020685767e-16,-3.63465280823286e-16,-0.000198318498291453,-1.12062023198191e-14,0.396517776334415,-0.00107266640706869,0.000828909815711459,4.96619468739329e-07,3.42148156535181e-07,1.5425933910468e-06,2.9123103086826e-15,-4.487601659174e-16,-3.56822172394042e-16,3.17350831139179e-15,1.34583239937097e-15,1.73407771489808e-05,3.22735324598548e-08,-1.4589298328543e-05,7.44950831380216e-07,0.707106781186547,-6.57131531610943e-14,4.27023321213418e-15,-3.45412258402171e-05,-4.93311310922442e-16,-7.20046784726542e-16,-1.60676278881364e-16,1.26046266039933e-16,-1.53961416822381e-17,7.77610136060147e-06,-5.4142687575233e-16,-4.28217518255478e-16,5.36171579062835e-17,3.89988945009359e-16,-6.70791106904588e-17,-2.09620544774567e-16,-1.68083826190723e-16,1.15045721663922e-16,-1.31653457679042e-16,-3.22746564310591e-17,9.24235321686482e-18
"t1",0.0620083599088083,-0.0295982084849018,-0.00899677121094854,0.000992741293331108,0.0187508357804063,-0.114495694119644,-0.0187478456358808,0.00325358415699092,-0.235231778440796,0.0057736850724863,0.000356001360607556,0.000892461326299526,-0.00693246197660224,0.00196778085541488,0.000108348694294838,-0.0535749772503747,-8.0536961058475e-07,-0.000364863704965634,-0.000268270113192204,0.002832538951145,-0.000852299386349127,0.0731048711854913,-0.431282411589953,0.773968789217132,0.347591356568821,0.000208962483478088,-0.0010201151784265,-0.000721701900126485,4.63633001623122e-15,-0.0191969869460531,-0.00663595778543243,0.0105539743563641,-0.00139071509517149,-0.000136160626270707,1.31051033135376e-05,0.00803047971618507,0.000104401239390805,-0.000495236342113126,0.000116614830556933,2.55254826607855e-17,-0.000638420596239135,0.00320755710497474,0.00381322054525857,-0.000720472045671536,-0.00137200201453475,4.76258597959661e-06,-0.000960263100752978,2.99871542303692e-17,-2.95870778060132e-17,-1.12408594787044e-16,-1.00948089751091e-16,-0.000200375896649535,-3.27082230585903e-16,0.0120873229704223,0.000119586604695299,-0.000447252950261684,-4.61733014134411e-07,-1.07433877197683e-06,-1.3215433740717e-05,-2.62879617673453e-17,1.33984330694793e-16,-4.51882838080136e-17,-3.28977142218761e-17,-3.30249256587381e-17,0.000126136906686922,2.27128209998875e-07,-9.88792626089195e-05,4.74206088495969e-06,-2.04242033397506e-16,5.37064954516825e-18,-2.70875706232568e-17,-0.000186505026731039,-5.26758342315034e-17,1.55788448654956e-17,5.25877717884707e-18,-1.31724637929058e-16,3.79458332786101e-16,3.19453014466786e-05,-2.55589288187697e-17,-7.45139516539603e-17,-2.90679640334378e-18,1.14474325303999e-16,1.04678577703816e-17,8.42304022343382e-17,-2.19904139065237e-17,1.01311405731451e-16,-8.61036290797706e-17,1.83481641302949e-16,3.35369905326684e-16
"t66",0.0689589739469602,-0.0383950543176567,-0.106649489198911,-0.0543070874226722,0.124988681717684,0.0497120810704074,0.00442328811468227,-0.000538124517954011,0.00173093880591514,-0.00636053905702814,-0.000965269500321747,-0.0123456041195447,0.564325877791713,0.0878852106364575,0.00489859825778858,0.0273292854185944,-0.000315986239813271,0.0138451084089809,0.000357610105280123,-0.00243954885454324,0.000429472935953468,-0.0128836653038367,0.0562537821234923,0.0166443797059102,0.00168938937318009,-0.000409138086797328,-0.00264945644211354,-0.000451157973074554,3.06264055319219e-15,-0.0477329155924965,0.042877787105186,0.00372251533661831,-0.00057263464350364,-0.000169225719885813,1.90780301498883e-05,0.3392839509098,-0.000545592763394824,0.000286625559993647,-1.29489408497926e-05,-6.85750926646208e-17,-3.54840739762302e-05,0.000753968550932287,0.000297725972515026,-6.92818822213576e-05,-0.000143291857044404,6.7640074475836e-07,-0.00236137464902232,-7.89078490981087e-17,-2.6016066790514e-16,-1.38353562658713e-16,-2.79875362478181e-16,-3.572279882149e-05,2.58070721789601e-16,0.000201713090514977,0.000465961441495591,-8.9894898224252e-05,-9.1577019821704e-08,-2.13592794920132e-07,-4.22654087241961e-05,-3.2614259533781e-16,-3.18717518156069e-16,1.12253365790135e-16,-1.29355522001985e-16,-1.24108048201063e-16,2.76164024102798e-05,4.99072751706674e-08,-2.18242190753977e-05,1.05547961833444e-06,4.44992608227628e-16,2.98991977089289e-16,1.02384547692131e-15,-0.000144978354484699,-3.02365581273565e-15,-1.3536927253092e-14,-2.93291885257064e-14,0.707106781186548,1.87578452206648e-15,8.00769710052052e-06,1.91195785955217e-15,-1.00567080896577e-15,4.33422388010798e-16,3.85326977111801e-16,-3.99371975910198e-16,3.11159380034562e-16,-3.85805026262924e-16,1.3599970762755e-16,-3.71963488261465e-16,-1.56749725052579e-16,2.59769442990257e-16
"t67",0.0689589739469602,-0.0383950543176567,-0.106649489198911,-0.0543070874226722,0.124988681717684,0.0497120810704073,0.00442328811468223,-0.000538124517954043,0.00173093880591516,-0.00636053905702819,-0.000965269500321705,-0.0123456041195445,0.564325877791713,0.0878852106364575,0.00489859825778859,0.0273292854185944,-0.000315986239813187,0.0138451084089809,0.000357610105280068,-0.00243954885454318,0.000429472935953454,-0.0128836653038367,0.0562537821234927,0.0166443797059102,0.00168938937318027,-0.000409138086797382,-0.00264945644211352,-0.00045115797307451,2.88821328400086e-15,-0.0477329155924964,0.0428777871051859,0.00372251533661838,-0.000572634643503788,-0.000169225719885721,1.90780301499438e-05,0.339283950909801,-0.000545592763394925,0.000286625559993731,-1.29489408495637e-05,-8.17848579668643e-17,-3.54840739759249e-05,0.000753968550931988,0.000297725972514845,-6.92818822213837e-05,-0.000143291857043953,6.76400744565805e-07,-0.0023613746490228,6.86952882114123e-17,1.1142130191221e-16,1.83092746210346e-17,8.06189377959892e-17,-3.5722798820771e-05,-2.12803506200147e-16,0.000201713090516246,0.000465961441495828,-8.98948982246007e-05,-9.15770203184312e-08,-2.13592795491289e-07,-4.22654087239682e-05,2.86929597622274e-16,-1.10893476854864e-16,8.61208929422861e-17,2.7893678445914e-16,8.95967267416048e-17,2.76164024090278e-05,4.9907275986543e-08,-2.18242190751171e-05,1.05547961881322e-06,-2.06797344905792e-16,-5.01482855980471e-16,-1.07478244648187e-15,-0.000144978354482799,2.9558936132956e-15,1.35175706708832e-14,2.95013152789788e-14,-0.707106781186548,-1.89830646391165e-15,8.00769710262994e-06,-1.6705810465718e-15,9.77297635387309e-16,-4.54061166618967e-16,-3.42359102335971e-16,3.93289832787097e-16,-3.7022757709943e-16,3.75873546548431e-16,-1.0950087873723e-16,4.65451813605101e-16,1.98858842188135e-17,-1.07366348636907e-16
"t7",0.0683703738294984,-0.0377259597838578,-0.101932902958238,-0.051778887095066,0.116372642002796,0.0458474661052594,0.00405065458777995,-0.000490675148554641,0.00154266143762479,-0.00521383564843336,-0.000774790530364888,-0.00962914977262901,0.434168498878726,0.06607696259053,0.00367435704905605,0.0193158366938933,-0.000206440773846475,0.00896838780986417,0.00018533036406488,-0.00112359206574131,0.000158483119615305,-0.00193131038922072,0.00368723390174701,-8.02014973138448e-05,-0.000952850767333216,0.000246351218646096,0.00166022753866788,0.000512732546680853,-3.06688354093334e-15,0.0579874136442688,-0.0528040221644502,-0.00546247214480481,0.000876634212806839,0.000358846233390445,-4.16271887944686e-05,-0.868449851468608,0.00170318390499799,-0.0010684131879431,0.000121477425536875,2.33644214403826e-16,-0.000484771410299512,0.00838456355844396,0.00256666357288413,-0.000476846585976465,-0.000897995433547377,3.06668298070273e-06,-0.0102899152560455,-7.0724768731401e-16,1.56463232717775e-16,-8.20104622640235e-17,-7.61369275628721e-17,-0.000114829017659919,-1.38420332364486e-16,0.000624337948821038,0.0014366845080037,-0.000274406480021555,-2.77461025369706e-07,-6.30716360635036e-07,-0.000121986971975999,2.53302048909727e-16,5.03286125237941e-16,-3.45207857158442e-16,-1.59065722504886e-16,-3.7828505366793e-17,7.20242102090392e-05,1.29612209626152e-07,-5.63849465529552e-05,2.70053618038786e-06,1.54167255111084e-16,4.8918490157171e-17,-8.85814363073919e-17,-0.000358580629304836,1.24414618962125e-16,3.7658139137896e-17,-2.21206770587651e-16,-4.39679384661941e-16,6.04224125292457e-17,1.79206598008019e-05,-1.17572726125548e-16,-6.44678773874177e-18,-4.82966838398036e-18,-3.92591945871267e-17,1.34135435460675e-17,-9.02742382490607e-17,-2.93195574314219e-17,-1.93228511447602e-17,-1.10411783119482e-16,3.33079882446155e-16,4.85854863250648e-16
"t31",0.0718771865619619,-0.0420473840158757,-0.143236605971567,-0.0746466179098197,0.231664945054206,0.110061558809487,0.0116141479039641,-0.00160460003360884,0.0294417555785138,0.00356436612082181,0.000368099931085664,0.00289893167759491,-0.105525613156867,-0.0110812687027171,-0.000592239938092251,-0.000839393079288181,-7.65861733165174e-06,0.000386073861917108,2.07480452323258e-05,-0.000127381966243748,1.31596181908722e-05,0.000755802843889236,-0.00583213512512633,-0.00242154539921626,-0.00116271732400912,0.000306814863022496,0.00210021729102683,0.00189199900004368,-1.48829221803179e-14,0.395293451974549,-0.445747171621607,0.0151646524799878,-0.00168865645396948,-0.000111020255104066,1.10611575051545e-05,0.0797679889022585,5.44738860755682e-05,-0.00010742429774302,2.95928772701612e-05,-6.51711806217581e-17,-0.00016831491769808,0.00299239563376431,0.000958729796844887,-0.000189303844253245,-0.000370252900445067,2.59340679964817e-06,-0.126458971503031,-1.8821682575616e-16,6.18652841981427e-16,1.61994642734082e-15,-1.9230858040138e-16,-3.94078396015601e-05,-1.95460051884857e-15,0.000255405428012417,0.0142078110987336,-8.97797103957543e-05,-9.40962869662096e-08,-2.22662640772357e-07,-0.00115039104286589,-0.707106781186548,-1.82139653195712e-14,1.64864406126527e-14,-1.76879199937268e-15,1.1678314704754e-15,2.74047611889755e-05,4.94143615512141e-08,-2.15487217265107e-05,1.03668688943362e-06,2.66729266492905e-15,6.93694690710569e-16,-2.19774466454666e-16,-0.000139735154318136,-3.51286302964771e-16,1.99238773051931e-16,3.01146731365685e-17,-9.9967271280664e-17,-9.16936082708223e-18,7.27831676550217e-06,-1.80496533918849e-16,-3.26204300917656e-16,2.75129966543342e-16,-2.11875965306374e-17,1.39339673855145e-16,1.32125372326934e-16,2.87996030603738e-16,3.01070937080807e-17,9.66792037501177e-17,-1.16900751577528e-16,4.22698689880464e-16
"t32",0.0718771865619619,-0.0420473840158757,-0.143236605971567,-0.0746466179098197,0.231664945054206,0.110061558809487,0.011614147903964,-0.00160460003360885,0.0294417555785138,0.00356436612082179,0.000368099931085664,0.00289893167759497,-0.105525613156867,-0.0110812687027171,-0.000592239938092279,-0.000839393079288084,-7.6586173316795e-06,0.000386073861917205,2.07480452324993e-05,-0.000127381966243722,1.31596181907612e-05,0.00075580284388943,-0.00583213512512615,-0.0024215453992161,-0.00116271732400931,0.000306814863022358,0.0021002172910268,0.00189199900004348,-1.46515044356417e-14,0.395293451974549,-0.445747171621607,0.0151646524799882,-0.00168865645396923,-0.000111020255104001,1.10611575049602e-05,0.0797679889022587,5.44738860758319e-05,-0.000107424297742631,2.95928772694812e-05,4.4511748044868e-16,-0.000168314917698156,0.0029923956337642,0.000958729796845351,-0.000189303844253452,-0.000370252900446399,2.59340679955103e-06,-0.12645897150303,7.79904002857913e-16,-8.90073253875397e-16,-1.39025151895639e-15,-1.2655665116094e-16,-3.94078396023928e-05,2.24935479657485e-15,0.000255405428012195,0.0142078110987386,-8.97797103978637e-05,-9.40962765374857e-08,-2.22662652997821e-07,-0.00115039104285408,0.707106781186548,1.79677375258917e-14,-1.62992977989806e-14,1.65609799398063e-15,-8.33392978824723e-16,2.74047611888628e-05,4.94143599324461e-08,-2.15487217265905e-05,1.0366868912811e-06,-2.81491497328145e-15,-1.0571377101222e-15,4.82261072320198e-16,-0.000139735154319658,1.51942880697311e-16,-2.45487080044805e-16,6.90970451281434e-17,5.40201711831224e-16,6.08652763290364e-17,7.27831676636259e-06,2.04233620388845e-16,2.31604165941427e-16,-1.9151418984001e-16,-1.09387000020348e-16,-2.82953561505252e-16,-1.67096314007995e-16,-3.18965485771428e-17,-1.19652265774323e-16,3.63277463587498e-17,1.84301343331181e-17,6.26951489749077e-17
"t33",0.0725160819356847,-0.0428208021432901,-0.150206831813085,-0.0784844765020093,0.24994857961952,0.120000371435167,0.0127630287707713,-0.00177183466446519,0.0333623469541674,0.00446135412059646,0.000472966299469191,0.00386362525605736,-0.143169226880462,-0.0154989523127407,-0.000830964083715115,-0.00127833845635675,-1.30973546459412e-05,0.000668982962269096,5.32150650079943e-05,-0.000423466531019819,8.65783357038019e-05,-0.00312267495408464,0.0142793081807892,0.00437368301132582,0.000602978259050813,-0.000150620698548376,-0.000996309952847794,-0.000499950226737439,3.74167927971661e-15,-0.096942624326884,0.107635063610132,-0.0029777704672339,0.00031475348340069,1.3440758279231e-05,-1.28585422215499e-06,-0.00732215947018145,-3.63822688506519e-06,5.25471959358925e-06,-8.64718612061943e-08,-7.28448298268598e-17,4.74289496908697e-06,-0.000136689946665047,-8.41331673760159e-05,3.27800405539001e-05,8.96496721353507e-05,-4.57239302080817e-06,0.418367362600574,-1.29250416048838e-15,6.06694782403491e-17,1.14525663236004e-15,6.22137447768546e-16,-6.36405441008236e-05,4.95790703090405e-15,0.00168494497285637,0.533916219293834,0.000172744957507548,6.59985551210163e-08,-3.13928237780092e-08,0.610544669748298,-7.4514265385369e-15,-2.13921113007357e-15,-1.02313939330512e-15,-8.19721362994244e-16,-1.79299912092948e-15,1.66638766018867e-05,3.0068833707219e-08,-1.31229411389731e-05,6.3212104344304e-07,5.96366871964375e-16,5.86337590826763e-17,1.42843558253398e-15,-8.54351413765615e-05,-7.95682266831546e-16,-2.31038378402786e-16,-3.4736430223994e-16,-1.01131646735306e-17,-1.24145574859207e-16,4.47906425345146e-06,7.22754696891e-16,-6.90594438205595e-18,1.62106456683552e-16,-2.3154960098994e-16,3.40635211301449e-16,3.3645704650642e-16,-1.27248870662637e-16,3.3020154268293e-16,1.99471758300625e-16,-1.1411295406262e-16,3.46321169032943e-16
"t74",0.0728696667198804,-0.0432470106351156,-0.153999010688021,-0.0805701643170315,0.259779861085382,0.12532237633077,0.0133763445266285,-0.0018609456909912,0.0354313454727997,0.00491929345912593,0.000526087603541392,0.00434727758152481,-0.161951451521459,-0.0176857962550966,-0.000949043147242963,-0.0014912827046123,-1.56741834388685e-05,0.00080269644035813,6.77257429994027e-05,-0.000552615033358224,0.000117409166389748,-0.00461439180471269,0.0217650900855216,0.00683579172406245,0.00112555959574832,-0.000284239086674143,-0.00189324448153488,-0.00108525678186313,8.39899551595159e-15,-0.214419204719067,0.239008057101281,-0.00697814983866514,0.000747941295309998,3.59910145880294e-05,-3.48307570013917e-06,-0.021218586360543,-1.15485888703387e-05,1.8210878517777e-05,-5.09850542118606e-07,-4.3146348227905e-17,-4.1821553863744e-05,0.000865113664928252,0.00035191128461276,-9.30612266824629e-05,-0.000214163442980947,5.43858554531186e-06,-0.448850632804438,-6.27440033699759e-17,-5.80670028045534e-16,-5.56270625277434e-16,-5.50486481809239e-16,2.22287554280109e-05,-1.2092703128955e-15,-0.000480595501249459,-0.149303649060653,-4.60536317971605e-05,-1.70878812558173e-08,8.70933647076355e-09,0.111249111234911,-3.40531505816995e-16,1.21106306595467e-16,1.09806740073186e-17,-9.49553469322506e-16,-5.90288818172502e-16,1.04408071152987e-06,2.06636296593531e-09,-1.00034059196188e-06,5.708782746007e-08,3.88999553609636e-16,1.18556656003594e-16,-1.11026598784495e-16,-1.18976007614999e-05,6.98652816439535e-17,1.20272561593491e-16,2.69410992273908e-15,-1.71248625721628e-15,-1.64598228417203e-15,1.24319506708548e-06,0.707106781186547,-3.63412403568473e-15,-2.24320633686066e-15,5.72189877903051e-16,-8.92306995337723e-16,-7.61357506662505e-16,1.04337101692461e-15,-2.35380450423275e-16,-1.74750044537601e-17,1.51365881286277e-16,5.2038847058528e-17
"t75",0.0728696667198804,-0.0432470106351156,-0.153999010688021,-0.0805701643170315,0.259779861085382,0.12532237633077,0.0133763445266285,-0.00186094569099114,0.0354313454727997,0.00491929345912602,0.000526087603541416,0.00434727758152484,-0.161951451521458,-0.0176857962550966,-0.000949043147243007,-0.00149128270461227,-1.56741834391738e-05,0.000802696440358075,6.77257429994582e-05,-0.000552615033358134,0.00011740916638979,-0.00461439180471268,0.0217650900855214,0.00683579172406235,0.00112555959574846,-0.000284239086674055,-0.0018932444815348,-0.00108525678186315,8.12969732525487e-15,-0.214419204719066,0.23900805710128,-0.00697814983866513,0.000747941295309481,3.59910145881478e-05,-3.48307569983386e-06,-0.0212185863605427,-1.15485888702965e-05,1.82108785176244e-05,-5.09850541959012e-07,1.55947353501344e-16,-4.18215538636017e-05,0.00086511366492751,0.000351911284612677,-9.30612266828897e-05,-0.000214163442981113,5.43858554561544e-06,-0.448850632804438,9.07832004325569e-16,-8.65016458506372e-16,-6.50903994713436e-16,-8.20616555156665e-16,2.22287554282469e-05,-2.30837540995371e-15,-0.000480595501249292,-0.149303649060652,-4.60536317966193e-05,-1.70878811283151e-08,8.70933684199438e-09,0.111249111234912,-1.52006126280863e-16,6.22785376799574e-16,-2.19249337669551e-16,5.44861449595918e-16,1.35645291059869e-16,1.04408071116557e-06,2.0663634539347e-09,-1.00034059103901e-06,5.70878274167019e-08,-8.62505935620713e-16,-6.29573191525861e-17,3.06301895267391e-16,-1.18976007617982e-05,3.13148191085678e-16,-2.57031389829817e-16,-2.42790737740943e-15,1.86993658189721e-15,1.96013767852925e-15,1.24319505090398e-06,-0.707106781186547,3.5880688932647e-15,1.99635605794739e-15,-8.23542100026524e-16,5.11970970643186e-16,4.82563467019654e-16,-1.14387804637276e-15,9.93223764302653e-17,4.15223462694305e-17,-1.9511036837247e-16,6.83259446097463e-16
"t41",0.0726357049621354,-0.0429649627251565,-0.151488650919378,-0.0791894336173754,0.253269746069683,0.121797857655431,0.0129701422165378,-0.00180192422503688,0.0340606416119551,0.00461566718627718,0.000490860289676318,0.00402646764493745,-0.149491703301323,-0.0162348287214011,-0.000870696467752812,-0.00134993132206273,-1.39628293396865e-05,0.00071388850424936,5.80773757515932e-05,-0.000466702488741231,9.68856082764757e-05,-0.00361992467357136,0.0167721100284542,0.00519292455086373,0.000775961118866686,-0.000194837527269689,-0.00129306720147879,-0.00069295299730808,5.20106865037591e-15,-0.135662927387408,0.150931632350087,-0.00429455273646587,0.000457299413510798,2.08426711732584e-05,-2.00690781036045e-06,-0.0118766298769409,-6.22660744345585e-06,9.48805717584326e-06,-2.23896304746285e-07,-8.23524515045871e-17,-1.01198445891099e-05,0.000182180541063975,5.39401440371595e-05,-6.7701557699279e-06,-5.40250261960029e-06,-1.53796824776953e-06,0.157491201263196,2.15337576077198e-16,-1.47361951826814e-16,1.21308373736087e-15,1.45058735103943e-15,-4.44179091095044e-05,4.84486573551993e-15,0.00132936944177423,0.428698853030554,0.000146406238270808,5.89034389528176e-08,-4.1478922536281e-08,-0.774161612518941,4.94849142757333e-15,4.64690343283974e-16,7.08895186266021e-16,1.33533962304995e-15,1.63301568067867e-15,9.96872865125648e-06,1.81744658836469e-08,-8.02690236775122e-06,3.94546210592079e-07,1.1633659794072e-16,1.16920949256272e-16,-1.36256369084056e-15,-5.6395007635171e-05,2.43450716541954e-16,-1.38181378573672e-16,6.60478675729716e-17,-9.74623736991725e-17,1.89213593318171e-17,3.28516013126633e-06,-4.06690670498774e-16,-3.19384043518164e-17,1.08751839116308e-16,2.35376186840361e-16,3.72109397926831e-16,-2.3205550737161e-16,5.50428346281898e-17,-1.82159932164546e-16,-1.47614595273523e-16,2.95441004679942e-16,-1.66048176167451e-16
"t30",0.0723558901593873,-0.0426278875458072,-0.148495106471863,-0.0775432550581184,0.24552192566341,0.117606165785379,0.012487293691755,-0.00173178749230873,0.0324343803519989,0.00425733082610201,0.000449335734665826,0.00364890871095013,-0.134838618234839,-0.0145304719349565,-0.00077867874025912,-0.00118439004767776,-1.1965405671277e-05,0.000610271178135002,4.69054752811893e-05,-0.00036753680429427,7.33077851297059e-05,-0.00248897529826164,0.0111137797312436,0.00333630586356166,0.000388047814661452,-9.57416764582346e-05,-0.000628249884698645,-0.000263599633200712,2.08212012300911e-15,-0.0496065419267817,0.0547232132941564,-0.00137619663752239,0.000141586143081118,4.53674989845526e-06,-4.19258206485473e-07,-0.00187646653340439,-5.63532781469958e-07,2.55534030851878e-07,7.13434795684975e-08,-3.71187465958525e-16,2.05285897308949e-05,-0.000470618632590458,-0.00022485565382574,7.14506212197638e-05,0.00018015166287294,-6.88266109347135e-06,0.604243739847532,-3.49683004270054e-16,2.03347961792608e-15,-1.46190499747908e-15,-2.24040614877118e-16,-1.74857831646696e-05,-6.6183811691071e-15,-0.00169502135658528,-0.697246642046528,-0.000443989047996585,-3.03627019714904e-07,-4.21243721952791e-07,-0.056156975277568,2.49872006321375e-15,1.10009221933329e-15,1.38543128764141e-16,-2.83033367520529e-16,3.06438267959337e-16,2.96607245492686e-05,5.30315510866887e-08,-2.28937005065238e-05,1.08179043280883e-06,-1.53863796908773e-16,-1.54947971020479e-16,-5.24790351388122e-16,-0.000138092191915934,2.50805807378385e-16,3.78692950563762e-16,-2.69775498216204e-17,-5.02688140995287e-16,-1.47517436200641e-16,6.4452868192514e-06,-2.57751758651166e-16,-1.684718112441e-17,-1.9704264039865e-16,2.67782656833172e-16,-1.8542776933567e-16,-4.79943212389331e-17,7.26148566928104e-17,2.76531924507115e-16,-1.11131479524175e-16,-1.21594438980174e-16,3.38604908213465e-16
"t16",0.0719520301178893,-0.0422905631587926,-0.156533379486575,-0.0832994150417943,-0.221845367499146,0.0433428031535592,0.00621608063616583,-0.00092516186402793,0.0189366723353613,0.0017667281133434,0.000153051599655854,0.000770355416562324,-0.017882090182573,0.000568345962562674,4.72501092819376e-05,0.00168033902193624,-2.68888025442421e-05,0.00119121146903033,2.33624528923615e-05,-9.5142676052077e-05,-8.48395253352785e-06,0.00402660580273745,-0.0349383933259586,-0.0225942247727511,0.00129884329496927,-0.000618824104658837,-0.137459216095387,1.50823921458895e-06,3.12807297280156e-17,0.000143248196530887,-5.14957382145437e-05,-0.000135236020308543,2.15908406314487e-05,6.04543368226704e-06,-6.30035137651197e-07,-0.00201062289901293,-0.0161322030418334,5.03625739370281e-05,-3.14827738141232e-05,-1.27140301632204e-15,0.00277726520622507,-0.936453860513171,0.0117383504612934,-0.00109098971478408,-0.00168964427462451,3.46540441900633e-06,-0.00236777008662711,1.04417765836517e-15,-3.25168213250808e-16,-4.52824106023218e-16,3.37883900584925e-16,-9.72614891149026e-05,6.30524495386044e-17,0.000511982998836071,0.000253841545241761,-0.000224406009000699,-2.25543745862103e-07,-5.03555316049009e-07,-2.09462231854397e-05,-3.9177310190239e-17,3.51035492799883e-16,1.19846973109978e-16,2.14796125598294e-16,2.53032999623671e-16,5.36349490144888e-05,9.63802276538264e-08,-4.18644719409472e-05,2.00176375905937e-06,1.30993870827478e-16,-6.2397712704014e-17,-7.5123002792352e-17,-0.0255233761719453,-3.64626177581726e-17,-2.9109323558839e-17,1.66244342434228e-16,5.44354908941314e-17,-5.26951383391372e-16,1.21723790228326e-05,5.06732733921928e-16,-1.06563836022424e-16,-6.68634245514685e-17,-5.54292524148511e-16,7.70078959551477e-17,7.47786554617284e-17,5.20245280192874e-18,-3.417833774536e-16,2.09410134253068e-16,-1.04798112641135e-16,2.52242739010411e-16
"t68",0.0732311809924388,-0.0438504639401113,-0.171936891937655,-0.0919665004200941,-0.257551143209724,0.0513501086467231,0.0074771113582101,-0.00112319860832223,0.0241582971234674,0.0027190856899613,0.000247352487879767,0.00133259182587351,-0.0319711698760204,0.00107502106493825,8.98965955736715e-05,0.00371996448257905,-7.38590673547233e-05,0.00335386910884868,0.000145386585113733,-0.00116076666784079,0.000258708868454985,-0.0157966813939162,0.109196440814549,0.0618664420961882,-0.00320809050792337,0.00160932813200754,0.37182393160692,4.99579259135685e-06,-8.11850586757146e-16,0.00029896075029763,-9.90345525251162e-05,-0.000109786856201048,1.46638520503276e-05,1.13524943554704e-06,-1.05228581020675e-07,-0.00016214807042499,-0.000817314649492983,-7.6509058998149e-07,1.91392017730857e-06,-2.96360259749861e-17,-0.000123090519791627,0.0376587847502868,-0.000389229113594569,2.66502126320496e-05,3.36774906802423e-05,-4.60951236382068e-10,-6.24346551150214e-06,-7.25114412958305e-16,-2.50329913893677e-18,2.04404208094796e-16,-2.16840434497101e-16,-1.42442260324047e-06,-1.83338238542485e-16,5.50299120604444e-06,2.57546054896821e-06,-1.87450715567793e-06,-1.52903552392745e-09,3.04730116357579e-10,2.24458312225034e-07,9.54097911787244e-16,-2.91428705011011e-16,-2.52263492024362e-16,4.39099624473451e-17,-7.33481685246889e-16,-1.15742603144196e-05,-2.36087269882322e-08,1.20957649540898e-05,-8.16934818103542e-07,-2.69922972861991e-15,-1.4914490476496e-16,4.14945855453652e-15,0.846893064236941,1.31749198170737e-15,-5.0018202233966e-17,7.50209201557625e-16,1.17093834628434e-15,-5.7931900795289e-16,4.71431119419862e-06,-2.63677968348475e-16,2.69505642466411e-17,8.99215122521279e-18,8.67361737988404e-17,-5.15384993871193e-17,-1.50834923885158e-17,6.58169400783612e-17,-1.71572633234974e-15,2.78489353166906e-18,6.80226447951472e-17,2.77555756156289e-17
"t91",0.0733820109577222,-0.0440340286901855,-0.173739033237792,-0.0929800163577766,-0.261707610095591,0.0522806311525157,0.00762347274412902,-0.00114616669598857,0.0247616252739357,0.00282787289053781,0.00025809890066395,0.00139647485332455,-0.0335699380902294,0.00113239978053556,9.47251662916348e-05,0.00394988358409628,-7.91311513922074e-05,0.00359652124291473,0.000159009341741345,-0.0012797390853106,0.000288628833700358,-0.0180659353386375,0.12593664621089,0.0718227551680033,-0.00388410669846509,0.00195299304298492,0.451888707929554,6.23277569577181e-06,-1.04083408558608e-16,0.000374258681456779,-0.000124065689456245,-0.000138833592588865,1.85870510069787e-05,1.46625808909197e-06,-1.36140513111102e-07,-0.000211787092324122,-0.0010802456026606,-1.02181641176754e-06,2.67800416152777e-06,3.01000901254654e-17,-0.000192183855941911,0.059815073702959,-0.000637785311561331,4.56050997651586e-05,5.91141928456863e-05,-9.51447169314501e-10,-1.33505889191796e-05,2.98372437868011e-16,1.0136358797766e-16,2.62237908415323e-16,3.90312782094782e-17,-7.26013348003283e-06,-4.70577956088721e-17,4.53743726601848e-05,2.28929751098662e-05,-2.11806107970158e-05,-2.20262316267552e-08,-5.54168272672538e-08,-2.57568992880972e-06,-4.8919202022546e-16,-5.42618425851539e-17,6.4990708601035e-18,-3.83290984876257e-16,3.92379868731588e-16,1.36635162510564e-05,2.59663187302341e-08,-1.21836365844889e-05,6.95911911059095e-07,1.28022592527088e-15,-2.20527729057137e-16,-2.17187379192296e-15,-0.374863020803545,-1.05013246077457e-15,1.78952567396465e-16,-5.95097663708146e-16,-8.2572837456496e-16,4.91523266418917e-17,8.68231534839159e-07,9.8879238130678e-17,-6.12279813250121e-16,2.37196366070771e-16,1.29757316003065e-15,-1.50500586880565e-15,1.54877265615771e-15,-2.40622488701899e-15,0.707106781186549,5.30909886817619e-16,-5.03983072524382e-17,2.69749500514394e-16
"t92",0.0733820109577222,-0.0440340286901856,-0.173739033237792,-0.0929800163577766,-0.261707610095591,0.0522806311525156,0.007623472744129,-0.00114616669598857,0.0247616252739357,0.00282787289053783,0.000258098900663922,0.00139647485332453,-0.0335699380902294,0.00113239978053553,9.472516629167e-05,0.0039498835840963,-7.9131151392171e-05,0.00359652124291471,0.000159009341741262,-0.00127973908531053,0.000288628833700382,-0.0180659353386373,0.125936646210891,0.0718227551680034,-0.00388410669846499,0.00195299304298502,0.451888707929555,6.23277569579964e-06,-5.20417042793042e-16,0.000374258681456612,-0.000124065689456038,-0.000138833592589298,1.85870510062337e-05,1.46625808903098e-06,-1.36140513119776e-07,-0.000211787092324021,-0.00108024560266085,-1.02181641193667e-06,2.67800416129879e-06,1.07662722536147e-16,-0.000192183855942218,0.0598150737029593,-0.000637785311561639,4.56050997653156e-05,5.91141928454435e-05,-9.51446929922661e-10,-1.33505889188413e-05,-2.08166817117217e-17,-9.34486781249283e-18,-2.85782001668188e-16,6.76542155630955e-17,-7.26013347935282e-06,1.0823305383092e-16,4.53743726601874e-05,2.28929751098332e-05,-2.11806107976008e-05,-2.20262313836771e-08,-5.5416827094432e-08,-2.57568992828236e-06,-5.06539254985228e-16,-1.13650337164627e-17,5.38509661930611e-17,4.00822610505671e-17,7.73893535518521e-17,1.36635162508352e-05,2.59663176680413e-08,-1.21836365839061e-05,6.95911911296285e-07,1.44675937896466e-15,8.9369249907272e-17,-1.39818712163731e-15,-0.374863020803547,-4.00057500337932e-16,-6.90918447347615e-17,-4.88746090727074e-16,-2.37657116208823e-16,7.41148370864817e-17,8.68231535030954e-07,-1.17961196366423e-16,4.63995881282005e-16,-4.47707890072722e-16,-1.25940924355916e-15,1.33736367814689e-15,-1.46806591755858e-15,2.41903825656588e-15,-0.707106781186546,-4.90346631488235e-16,-1.48802828554069e-16,1.66533453693773e-16
"t69",0.0729281509759883,-0.0434775953830745,-0.168154734985962,-0.0898334514395199,-0.248566242899136,0.0493175766176085,0.00715496064236569,-0.00107241088794314,0.0227918751385153,0.00245199622189614,0.000220469773931217,0.00116879825833787,-0.0278249705616995,0.000923412378515212,7.71143129565268e-05,0.00308305221145906,-5.84339785165988e-05,0.00263992987786058,9.98958404077911e-05,-0.000741350675595779,0.000144021435144076,-0.00526891902328408,0.0258466024260885,0.00933339788967607,0.00234603588263894,-0.0012992206215739,-0.318845917792483,-1.09882481540878e-05,-4.50594422884976e-16,-0.000738881873816637,0.000250788596732312,0.000387149042424727,-5.63746601346357e-05,-9.89222045060062e-06,1.00671315211029e-06,0.00304383711803094,0.5029415165774,-2.16147674527115e-05,1.34593255937711e-05,3.84475332188323e-16,-0.00052052263206881,0.155106046602255,-0.00154918179589352,0.000103217974466953,0.000129361412845688,-1.80518004233923e-09,-2.47951187361732e-05,-9.02489888376934e-16,2.03339940549631e-16,-4.38157323350357e-16,-7.58507839870859e-16,-1.07032219857444e-05,-4.15277378504541e-16,6.37955279875791e-05,3.20148368989047e-05,-2.91935551821668e-05,-3.00154107963384e-08,-7.22878444320144e-08,-3.20730232012019e-06,-3.72965547335014e-17,-1.12269133004528e-15,-3.73797688707308e-16,8.92801713788231e-17,-9.32256126768079e-19,1.07390318214108e-05,1.95210696031633e-08,-8.60380363696095e-06,4.23539567224298e-07,-3.65592972562112e-16,-8.27831828173099e-16,-1.31405303305243e-16,-0.0164803705006642,3.39010110374451e-15,2.54112726948086e-15,-3.95359122795835e-15,2.06540513858489e-15,-0.707106781186547,3.271397714873e-06,-2.28463081786145e-15,8.8998565376549e-16,5.44737770943175e-16,4.11996825544492e-16,9.30612507024095e-16,-1.57185842215208e-16,-8.66897230761654e-17,4.88575818045393e-17,-2.78757766208294e-16,3.69015579769684e-16,8.72782748850831e-17
"t70",0.0729281509759883,-0.0434775953830745,-0.168154734985962,-0.0898334514395199,-0.248566242899136,0.0493175766176085,0.0071549606423657,-0.00107241088794313,0.0227918751385153,0.00245199622189615,0.000220469773931192,0.00116879825833784,-0.0278249705616994,0.000923412378515147,7.7114312956525e-05,0.00308305221145914,-5.84339785166083e-05,0.00263992987786056,9.98958404078206e-05,-0.000741350675595802,0.000144021435144043,-0.00526891902328407,0.0258466024260884,0.00933339788967634,0.0023460358826387,-0.0012992206215739,-0.318845917792483,-1.09882481540146e-05,-1.61329283265843e-16,-0.000738881873816702,0.000250788596732254,0.00038714904242471,-5.63746601343142e-05,-9.89222045062128e-06,1.00671315219313e-06,0.00304383711803097,0.502941516577399,-2.16147674528603e-05,1.34593255942785e-05,2.81028200774232e-16,-0.000520522632069026,0.155106046602255,-0.00154918179589339,0.000103217974466802,0.000129361412845298,-1.80518058514505e-09,-2.47951187358006e-05,7.70650904202697e-16,-9.68481615610062e-17,4.02821976398759e-16,6.55725473919233e-16,-1.07032219863279e-05,4.78133718951646e-16,6.37955279875875e-05,3.20148368989563e-05,-2.91935551820769e-05,-3.00154114249825e-08,-7.22878450877941e-08,-3.20730232016638e-06,-2.59341159658533e-16,9.19931544781337e-16,2.07516503045054e-16,-4.19023331171014e-16,-2.30049669007943e-16,1.07390318216161e-05,1.95210700009436e-08,-8.60380363657475e-06,4.23539567311561e-07,-9.32413868337534e-17,8.21710316070396e-16,7.76288755499621e-17,-0.0164803705006639,-3.48152716046188e-15,-2.77716338808537e-15,3.41508985417346e-15,-2.21263979360842e-15,0.707106781186549,3.27139771459591e-06,1.92315781355479e-15,-8.64243891347804e-16,-4.35035060040557e-16,-2.28224557308199e-16,-5.79952691066783e-16,2.14534793228605e-16,7.45175626718726e-17,3.30438049286408e-17,-1.0299145660205e-16,2.92227545417976e-17,1.93313247354165e-16
"t64",0.0728955154007781,-0.0434376869101726,-0.1677573936533,-0.0896097209875264,-0.247638284254232,0.0491089253043573,0.00712203747968453,-0.00106723448066399,0.0226545591988644,0.00242643672888141,0.0002179270424221,0.00115354499025317,-0.0274416606208537,0.000909564337679314,7.59481971243801e-05,0.00302666596023735,-5.71187417388276e-05,0.002579294721414,9.63817268069718e-05,-0.000710360627755865,0.000136155576260337,-0.00468138926962051,0.0216148246664019,0.00689117198444316,0.0023903215104849,-0.00131358018778522,-0.320881647186562,-1.02387554565039e-05,1.76464745593741e-15,-0.000680318414688672,0.00023030944026013,0.000341341017941736,-4.90840205923414e-05,-7.15256232601368e-06,7.04565524854619e-07,0.00147059510940989,-0.496890883733897,-6.02995806836503e-05,1.68270741744787e-05,1.18138918979754e-16,-0.000582182071869363,0.172510225071798,-0.00170937499702019,0.000112987984181508,0.000141102172420224,-1.94290016952529e-09,-2.66404241674369e-05,-2.69749500514394e-16,-7.16737044000902e-17,-5.39917572727107e-16,5.75711353589803e-17,-1.13394099816805e-05,4.46378337324629e-17,6.7462738155371e-05,3.38487310478793e-05,-3.08505175317921e-05,-3.17072226351673e-08,-7.62634592934208e-08,-3.37971981636577e-06,-2.16840434497101e-18,3.09953164579403e-17,-7.07955542991629e-16,1.08025866978481e-16,3.16541511192707e-16,1.12472131121795e-05,2.04373671170612e-08,-9.00322898395077e-06,4.4271087515003e-07,4.33680868994202e-16,7.76864477650278e-17,4.2934406030426e-16,-0.0161665842492552,6.59877227844775e-15,-5.81194589610966e-14,0.707106781186548,2.94742528994529e-14,-3.62458845717006e-15,3.41087359954808e-06,-2.58495481963994e-15,-3.07960984832927e-16,-1.88848223348689e-16,-3.43475248243408e-16,4.98814192132813e-16,-1.04367069608987e-15,6.59964421041395e-17,-1.65634070273804e-16,2.12039372403309e-16,1.98082857053039e-16,1.35200010908942e-16
"t65",0.0728955154007782,-0.0434376869101726,-0.167757393653301,-0.0896097209875264,-0.247638284254232,0.0491089253043574,0.00712203747968453,-0.00106723448066402,0.0226545591988644,0.00242643672888139,0.000217927042422084,0.00115354499025307,-0.0274416606208538,0.000909564337679273,7.59481971243648e-05,0.00302666596023738,-5.71187417388003e-05,0.00257929472141412,9.63817268069961e-05,-0.000710360627755923,0.000136155576260316,-0.0046813892696205,0.0216148246664018,0.00689117198444309,0.00239032151048478,-0.00131358018778532,-0.320881647186562,-1.02387554564007e-05,1.29974156437562e-15,-0.000680318414688825,0.000230309440259856,0.000341341017941773,-4.90840205923291e-05,-7.15256232600593e-06,7.04565524729719e-07,0.00147059510940992,-0.496890883733897,-6.02995806837689e-05,1.68270741751388e-05,1.59445715950897e-16,-0.000582182071869072,0.172510225071797,-0.00170937499702011,0.000112987984181296,0.000141102172420017,-1.94290008539121e-09,-2.6640424167597e-05,4.48859699408999e-16,2.29463983175247e-16,5.89608989924353e-16,-2.34187669256869e-17,-1.13394099817818e-05,-1.01376252129334e-16,6.74627381554996e-05,3.3848731047687e-05,-3.08505175317643e-05,-3.17072223027408e-08,-7.62634598299383e-08,-3.37971981664658e-06,1.69135538907739e-17,3.21535503806478e-16,6.71544069719904e-16,1.16164023408244e-16,-6.51260844868533e-17,1.12472131112614e-05,2.04373680742965e-08,-9.0032289837799e-06,4.4271087428958e-07,-1.31405303305243e-16,-5.67473850173558e-17,-8.09682182412175e-16,-0.0161665842492537,-6.34834934104699e-15,5.81329478425608e-14,-0.707106781186547,-2.96013213940682e-14,3.25124875602637e-15,3.41087360230276e-06,2.17946320713036e-15,2.22344248017293e-16,2.52612429324442e-16,-5.70290342727375e-17,-6.47856037195243e-16,6.86183465344057e-16,-3.34774339768699e-17,-1.41189205388047e-16,1.21918899648101e-16,-2.93513233851375e-16,1.31296883087995e-16
"t5",0.0673827140209997,-0.0366939050647839,-0.100533270975892,-0.0517536593957477,-0.090443579465005,0.0137465799413809,0.00154013418931676,-0.000189408170001262,-0.000661148977806005,-0.00193608913307789,-0.000216691686984031,-0.0014589210929197,0.0382740661722515,-0.00146863439716165,-0.000124350664459195,-0.00670321601050448,0.000171294136226047,-0.00795852805624504,-0.000526230885362772,0.00483726237939832,-0.00129860879909972,0.108903406163247,-0.819666397968346,-0.491316871228397,0.00966607977749063,-0.00176354883857079,0.158350240812092,-0.000958667969339214,5.1833537462187e-15,-0.0416416787326383,0.0132305863545904,0.0116836479141658,-0.00155213057833186,-0.000160522068062668,1.56611924047954e-05,0.0358033880113892,0.00563471924266269,-0.000503809423703738,0.000122376820621248,9.59278477441682e-17,-0.000878789648413739,0.0810303214315714,0.00287906372981938,-0.000635162800121597,-0.00123946124642628,4.48588814255454e-06,-0.00323365784105979,2.42861286636753e-17,5.75227160873317e-17,1.02401606278314e-16,-5.55111512312578e-17,-0.000185169024388025,3.19515594126234e-18,0.00100692673141177,0.00050083875374848,-0.000446426503987109,-4.51415497459409e-07,-1.02847240234091e-06,-4.35233741814776e-05,1.11022302462516e-16,-2.59227449612028e-17,-5.99412810500682e-17,-3.04843771968069e-17,-5.0111576962727e-17,0.000118792931706045,2.13846556525231e-07,-9.30675245072003e-05,4.46096326629253e-06,2.08166817117217e-17,-1.18479813959019e-17,1.59594559789866e-16,-0.00313322313607262,-5.14508324357275e-17,2.91083294913067e-17,2.5890633834133e-17,-2.81025203108243e-16,-2.14535993932508e-16,2.97021184853247e-05,5.72458747072346e-17,-2.21135621262018e-17,-4.27283535667321e-17,-2.35922392732846e-16,-1.3668618445016e-16,-2.09248178399281e-16,2.4887682841073e-17,5.97690204888373e-17,9.60919536011366e-17,-3.20315576761621e-17,2.28983498828939e-16
"t17",0.0634932972897107,-0.0310230628867599,0.00721297703839934,0.0057378203739777,0.0286420138344971,-0.241141855965181,-0.0494648464484421,0.0108550303199889,0.152506703701428,-0.356157669311605,0.00126285032761097,0.00340845871626935,-0.0263819960197059,0.022235328963923,0.00194327186931858,0.014692022274754,-0.00142690156433142,0.222793017551562,6.84247084794462e-05,-0.000638986495075205,0.000123970809507061,-0.00271555191782954,0.00517956185221218,-0.00112248904609052,0.000280594070375487,-8.09798220559884e-05,-8.52050901503647e-05,-1.98232440161601e-05,3.76434994286967e-16,-0.000467434637627397,-0.000214041838809379,0.000135049960900087,-0.000105739448130623,2.7399208406134e-06,-2.72533492411001e-07,-0.000243447367102665,-5.30231655669459e-06,4.54566851172062e-05,-3.11336151038255e-05,1.40306205284762e-15,0.00137884808002459,-0.00940247048452172,-0.849091542329248,-0.00307051611439598,-0.00362424136438472,5.93662199544344e-06,-0.000898742826076555,-8.89913143176102e-16,-3.61016364865709e-17,1.42366560080795e-16,4.5102810375397e-16,-0.000158892005458297,1.31677522777228e-16,0.000671063410165647,9.43754423082402e-05,-0.000406011831245213,-3.68028304722912e-07,-8.20900454875494e-07,-7.93340961544129e-06,1.55257751099924e-16,4.27595487807238e-16,-1.3347372705456e-16,-7.62000904081211e-19,-6.4296014221185e-17,9.61875357221411e-05,1.56220609412347e-07,-6.77812855660446e-05,3.23056860324967e-06,2.14238349283136e-16,2.88300931244624e-17,2.81892564846231e-16,-0.000100529126687979,9.59820052521965e-17,5.57699075207819e-17,-5.09799046306142e-17,-3.42607886505419e-17,1.67659335045729e-16,2.02890121899037e-05,-1.60461921527855e-17,-1.86057534566525e-17,2.47790435617202e-17,-3.88361218184308e-16,6.95835048923094e-18,-1.73874063419706e-16,8.22662713016287e-17,1.44297101526919e-16,9.44076545124638e-17,8.37613114140871e-16,1.62196645003831e-16
"t95",0.0638815015123029,-0.0314115852009717,0.00744450294860011,0.00593186131432594,0.0300883079382707,-0.254919258002817,-0.0525349023640814,0.0115612425477677,0.164841981372271,-0.405238582429205,0.00145461401958694,0.00399077646427478,-0.0311265011885642,0.0265677783198822,0.0023248844655684,0.0181370070374294,-0.00183132032959675,0.287099359969261,9.6986457785303e-05,-0.000945471921089026,0.000196545234903475,-0.00510571971311677,0.0104251066850046,-0.00239446631153224,0.00101097438694343,-0.000304137721428204,-0.000328848639187496,-0.000157235704660794,7.49400541621981e-16,-0.00432818154421503,-0.00205367463270683,0.00253175375917553,-0.0026164064111258,-4.11423399146206e-05,3.56049900419875e-06,0.00182315558418071,2.56243507026814e-05,-0.000165980462458831,5.15996784305438e-05,-6.65834444985649e-16,-0.000838620756972303,0.00507218322540298,0.372678844130688,0.00102752651326466,0.00103957785911715,-6.05147864814019e-07,6.94227106386083e-05,2.63677968348475e-16,1.10136012139648e-16,-1.70076394238071e-16,-7.97972798949331e-17,-1.99522280109315e-05,-2.82520420633718e-16,0.00010217394542253,1.46276130146318e-05,-6.58236820001343e-05,-6.16258680809516e-08,-1.52578642605193e-07,-1.60516385358869e-06,-1.31838984174237e-16,-9.24411734182701e-17,8.70373650032647e-17,1.45099829136682e-16,1.14498158907279e-16,2.65920213645028e-05,4.36755585995932e-08,-1.92109244496804e-05,9.38925394269362e-07,2.08166817117217e-17,-5.49082922654021e-17,-1.6306400674182e-16,-3.17538714874402e-05,-9.0263051800961e-17,-8.74149807457302e-17,2.58356507434622e-16,5.03069808033274e-17,-1.65542896783005e-16,7.93615461474109e-06,2.72351585728359e-16,3.63956834797581e-17,-1.60999505873526e-16,-4.1286418728248e-16,1.21044755799724e-16,2.23880083752674e-16,-3.80765691310948e-17,-1.57558924466644e-16,1.16040115825743e-16,-0.707106781186549,1.66186508998578e-15
"t96",0.0638815015123029,-0.0314115852009717,0.0074445029486001,0.00593186131432593,0.0300883079382707,-0.254919258002817,-0.0525349023640814,0.0115612425477677,0.164841981372271,-0.405238582429205,0.00145461401958695,0.00399077646427477,-0.0311265011885643,0.0265677783198822,0.00232488446556845,0.0181370070374294,-0.00183132032959666,0.287099359969261,9.6986457785303e-05,-0.000945471921089023,0.000196545234903527,-0.00510571971311678,0.0104251066850048,-0.00239446631153239,0.00101097438694313,-0.000304137721428264,-0.000328848639188046,-0.00015723570466075,1.00613961606655e-15,-0.00432818154421511,-0.00205367463270666,0.00253175375917555,-0.0026164064111256,-4.11423399150129e-05,3.56049900403221e-06,0.00182315558418036,2.56243507026962e-05,-0.000165980462458764,5.15996784304917e-05,-5.55515185047227e-16,-0.000838620756972174,0.00507218322540279,0.372678844130689,0.0010275265132646,0.00103957785911711,-6.05147864839173e-07,6.94227106385979e-05,1.14491749414469e-16,-3.99331006176797e-17,-6.55511804024731e-17,-3.35668992601512e-16,-1.99522280105949e-05,1.57211509566686e-16,0.000102173945422828,1.46276130147584e-05,-6.58236819998308e-05,-6.16258680419203e-08,-1.52578642643141e-07,-1.6051638530145e-06,-1.38777878078145e-16,-5.62293423659336e-16,5.70658646132301e-17,-1.24144404639965e-16,-1.00111499967161e-16,2.65920213643796e-05,4.36755582837651e-08,-1.92109244498209e-05,9.38925394408045e-07,-1.35308431126191e-16,-8.80308664821874e-17,-3.05311331771918e-16,-3.17538714873708e-05,2.38830364118987e-17,-7.03740245349772e-18,-1.22610735621428e-16,6.41847686111419e-17,1.00448196887555e-16,7.93615461498406e-06,-2.65412691824451e-16,-7.66254482297124e-17,8.52488574429829e-17,7.70217223333702e-16,-1.10490421687111e-16,-2.83580109474973e-16,6.1085961989446e-18,6.77759373745065e-17,-1.56426041183534e-16,0.707106781186548,-1.0399667238481e-15
"t37",0.0628470913159995,-0.0303552068479297,0.00677352441650523,0.00536626603634691,0.0256236893057348,-0.211373168002088,-0.0426567151116164,0.00926389783497499,0.122247131345125,-0.188968106400253,0.000549275812832273,0.00095080878182716,-0.00506362303786637,0.000512701738191436,7.59194046491293e-06,-0.00935235006269735,0.00348769959549599,-0.620347216415968,0.000645773676748528,-0.0037745171348165,0.000559864413772522,-0.010672036140222,0.0204710544045913,-0.00450918554841433,0.00157128206277333,-0.000468640869838032,-0.00050399936275858,-0.000220102177166462,1.07379383162964e-15,-0.00599044251923101,-0.00283574440570046,0.00338923141394324,-0.00347564343400697,-5.13614416428616e-05,4.41977235459247e-06,0.00219138559484075,2.95566690944099e-05,-0.000184392988219758,4.73235095514151e-05,9.28906436000093e-17,-0.000311992518354717,0.00135471596590008,0.0211037758729753,-0.00029906624461166,-0.000554131473514318,2.15829452006777e-06,-0.000351514170458384,-1.85615411929518e-16,-1.35308380226636e-15,1.12609699211055e-15,-1.74166236988071e-15,-9.70457079073617e-05,-5.73484173790355e-16,0.000428528412127976,6.05340216887785e-05,-0.000263415650109967,-2.40793808167674e-07,-5.52610429168168e-07,-5.47349513379484e-06,-1.85086321269345e-14,0.707106781186548,-1.01161527711145e-13,-1.05748604807373e-15,-1.89355900021102e-15,7.34530181585725e-05,1.19770432913108e-07,-5.22194570015985e-05,2.5114049267249e-06,2.60208521396521e-16,-1.08390414408654e-15,-2.98372437868011e-16,-8.05775419492824e-05,-4.81834032141373e-16,-4.1534144121032e-16,1.10847184938851e-16,3.38271077815477e-17,-4.71737468619627e-16,1.76704705657641e-05,-2.84494650060196e-16,-1.88625705323778e-17,2.08698036382796e-16,-7.67615138119737e-17,1.47279504425553e-16,-1.38350908906596e-16,2.41482081321215e-18,3.15774240403161e-17,4.23526286057167e-17,1.9228485077913e-16,2.61075883134509e-16
"t38",0.0628470913159995,-0.0303552068479297,0.00677352441650522,0.00536626603634692,0.0256236893057348,-0.211373168002088,-0.0426567151116164,0.00926389783497501,0.122247131345125,-0.188968106400253,0.00054927581283223,0.000950808781827083,-0.0050636230378664,0.000512701738191212,7.59194046490386e-06,-0.00935235006269731,0.00348769959549585,-0.620347216415968,0.000645773676748548,-0.0037745171348165,0.000559864413772563,-0.0106720361402217,0.0204710544045912,-0.00450918554841419,0.00157128206277351,-0.000468640869838098,-0.000503999362758623,-0.000220102177166126,8.39606162372775e-16,-0.00599044251923133,-0.00283574440570026,0.00338923141394306,-0.00347564343400703,-5.13614416426298e-05,4.4197723547048e-06,0.00219138559483977,2.9556669094112e-05,-0.000184392988219774,4.7323509550886e-05,-2.20574502504124e-16,-0.00031199251835502,0.00135471596589971,0.0211037758729744,-0.000299066244611716,-0.000554131473514514,2.15829452021479e-06,-0.000351514170459236,1.795438797636e-16,1.39085467642313e-15,-1.14396304116051e-15,1.67444183518661e-15,-9.70457079072758e-05,5.50798498000782e-16,0.0004285284121258,6.05340216860645e-05,-0.000263415650107947,-2.40793805961899e-07,-5.52610431633915e-07,-5.47349513636743e-06,1.83195472680531e-14,-0.707106781186547,1.01019105185369e-13,9.4826309190045e-16,1.7873593319083e-15,7.34530181526146e-05,1.19770431220953e-07,-5.22194570049318e-05,2.51140492698169e-06,-1.66533453693773e-16,1.00027857789089e-15,4.88324658487471e-16,-8.05775419495166e-05,4.66498805772022e-16,3.67066966017999e-16,-2.00500288848022e-16,-1.06685493772574e-16,4.9022352341762e-16,1.76704705672774e-05,-2.12069944938165e-16,-3.50937522775365e-17,-2.64962863629968e-16,-2.15539391890118e-16,-1.06511949401132e-16,-2.35415533359946e-16,7.01978709204404e-18,1.57823425997905e-17,1.92715555446222e-17,-2.56405816774642e-16,1.6826817716975e-16
"t87",0.0640535883218771,-0.0316044229710618,0.00760825507323842,0.00607358712390761,0.0315525890616923,-0.270961096665696,-0.056520394348904,0.0125429900899418,0.190498915078616,0.349659553809465,0.00014059112519593,0.00146203695602661,-0.0129627047127914,0.0121822297805481,0.00107151360687725,0.00814809229860093,-0.000450738707490467,0.0584089715540652,0.000177162490244957,-0.00128544609423759,0.000229484522491594,-0.00539982792061791,0.0109000849191473,-0.00249239786600256,0.00113474872901758,-0.000345763879068437,-0.000377200832349849,-0.000270855861034589,2.70096445209589e-15,-0.00860446466233328,-0.00423604730996147,0.0183302299263443,-0.492918826005835,7.42747995070762e-06,-4.02242426303899e-07,0.000216007388735456,6.36187544875632e-06,-5.06979021703039e-05,1.84947060841937e-05,1.84061784093994e-17,-0.000138481895247147,0.000586040143429313,0.00450713374056,-0.000170287954382799,-0.000303968453760134,1.16966155036579e-06,-0.000191002934351167,2.83627288322208e-16,-2.13592267430199e-16,-1.68111379101585e-16,-2.41126563160776e-16,-5.45328965521896e-05,1.10369025896761e-16,0.000242147890653327,3.42258607416704e-05,-0.000149163427054175,-1.36511205833212e-07,-3.14564435711017e-07,-3.12734455608626e-06,1.02348685082632e-16,-6.76569157496354e-17,1.49818549213014e-17,9.6267887808762e-17,-6.7465774327664e-16,4.27275232408693e-05,6.97257646445652e-08,-3.04302164160896e-05,1.46622203955047e-06,3.05311331771918e-16,-1.77082474549963e-16,-3.48679418671338e-16,-4.73585672949861e-05,3.15330780536303e-17,-5.63882036975887e-17,7.83968998253837e-16,-3.53883589099269e-16,-1.72854325195594e-16,1.06112439725177e-05,6.28837260041593e-16,8.78085986737389e-16,9.73143997716907e-16,5.85035492273178e-16,1.38544406080125e-15,0.707106781186548,-2.10682018109845e-15,-1.65593904750295e-15,2.92587206366706e-16,3.02349129793124e-16,-3.32633226518553e-16
"t88",0.0640535883218772,-0.0316044229710618,0.00760825507323844,0.00607358712390763,0.0315525890616923,-0.270961096665696,-0.0565203943489041,0.0125429900899418,0.190498915078616,0.349659553809466,0.000140591125195941,0.00146203695602659,-0.0129627047127915,0.0121822297805481,0.00107151360687722,0.00814809229860108,-0.000450738707490534,0.0584089715540655,0.000177162490244978,-0.00128544609423758,0.000229484522491632,-0.00539982792061794,0.0109000849191474,-0.00249239786600252,0.00113474872901773,-0.000345763879068326,-0.000377200832349767,-0.000270855861034712,2.23779328401008e-15,-0.00860446466233318,-0.00423604730996162,0.0183302299263443,-0.492918826005836,7.42747995061552e-06,-4.02242426480407e-07,0.000216007388735482,6.36187544887862e-06,-5.06979021702237e-05,1.8494706083878e-05,-6.19514148717711e-17,-0.000138481895247203,0.00058604014342916,0.0045071337405601,-0.000170287954382853,-0.000303968453760194,1.1696615502797e-06,-0.000191002934350935,3.87710696880816e-16,7.30148870576623e-17,-1.24643080417415e-16,1.04083408558608e-16,-5.45328965519034e-05,1.74418094673512e-16,0.000242147890654076,3.42258607418751e-05,-0.000149163427053925,-1.36511205832196e-07,-3.14564435644339e-07,-3.12734455557191e-06,-2.67147415300428e-16,1.93127472836445e-16,-2.18336863771813e-16,-1.47412234812343e-16,6.91640669017273e-17,4.27275232416603e-05,6.97257645276882e-08,-3.04302164155128e-05,1.4662220393098e-06,-3.05311331771918e-16,9.06575804351982e-17,9.19403442267708e-17,-4.73585672950295e-05,-5.71608203866225e-17,-8.27864033048994e-17,-7.29143497770446e-16,3.51281503885303e-16,1.95547975235493e-16,1.06112439732265e-05,-5.76795555762288e-16,-9.27729980116787e-16,-8.83025730084655e-16,-5.38197958421804e-16,-1.32199747881749e-15,-0.707106781186547,2.14954267675682e-15,1.71490884861072e-15,-2.12821923664483e-16,-9.34599179026379e-17,6.26668855696622e-16
"t44",0.0639490724850527,-0.0314988540190757,0.00754323208099595,0.00601890796641084,0.0311290712868539,-0.266848385973236,-0.0555888781548495,0.0123263568660113,0.186414212099369,0.336950006096275,0.000134967099496075,0.00139634584724008,-0.012350099649354,0.0115592928477367,0.00101629879033294,0.00764843091077546,-0.000417471616238805,0.0540207686191258,0.000158128021782979,-0.00112759728771177,0.000195399917470975,-0.00422350449898598,0.00819769049490691,-0.00180776105333398,0.000495206751044272,-0.000141721367441235,-0.000147934080738944,3.84014454195604e-05,-1.37043154602168e-15,0.00230120864188772,0.00125603505880213,-0.015205332570612,0.506326734984441,-6.55825802250443e-05,5.40312361027801e-06,0.00226147158105518,2.71174460644736e-05,-0.000158662957558821,3.57192629232743e-05,3.10386520258263e-16,-0.000207961094371295,0.000865487262929142,0.00649518156995562,-0.000239217738251702,-0.000422028585722231,1.5515251578402e-06,-0.000251813866141714,-6.59194920871187e-17,1.83296807114637e-16,2.22449563506388e-16,7.36823796421149e-16,-6.83482413746869e-05,9.19011755513479e-16,0.000301467511131588,4.25809739831419e-05,-0.00018524462165752,-1.69305126004064e-07,-3.88328521470699e-07,-3.8447239976043e-06,8.43075609324728e-16,1.28472996217638e-15,1.55741036150154e-15,-4.17938309562653e-15,0.707106781186548,5.15547484508205e-05,8.40643338463501e-08,-3.66522289124791e-05,1.76279548413632e-06,-1.21257170970779e-15,8.3290793116528e-15,1.51267887105178e-15,-5.65748583814373e-05,-6.8828540898868e-16,-1.42423810774009e-16,-3.07761283752529e-16,-1.25333771139324e-16,3.0829340169829e-16,1.24358968252038e-05,1.43548367637081e-16,1.16883290023604e-16,-7.72525257830389e-17,-2.02528965820292e-16,-1.50062496313826e-16,5.46695324467152e-16,-2.43531026859372e-17,-1.34197016569478e-16,-3.99494196314618e-17,4.31774173342478e-17,3.62557206479153e-16
"t45",0.0639490724850527,-0.0314988540190757,0.00754323208099598,0.00601890796641084,0.0311290712868539,-0.266848385973236,-0.0555888781548495,0.0123263568660113,0.186414212099369,0.336950006096275,0.000134967099496052,0.00139634584724004,-0.012350099649354,0.0115592928477368,0.00101629879033298,0.00764843091077551,-0.000417471616238796,0.0540207686191259,0.000158128021782999,-0.0011275972877118,0.000195399917470977,-0.00422350449898599,0.00819769049490689,-0.00180776105333399,0.00049520675104411,-0.000141721367441231,-0.000147934080739132,3.84014454196023e-05,-1.21604115665974e-15,0.00230120864188797,0.00125603505880183,-0.0152053325706119,0.506326734984442,-6.55825802249328e-05,5.40312361021599e-06,0.0022614715810552,2.71174460642922e-05,-0.000158662957558635,3.57192629234469e-05,-3.24035228833479e-16,-0.000207961094371676,0.000865487262928816,0.00649518156995555,-0.000239217738252324,-0.000422028585721935,1.55152515790872e-06,-0.000251813866141764,-5.48172618408671e-16,2.67455499001128e-17,-6.69571156977407e-17,-7.47665818146004e-16,-6.83482413746748e-05,-1.23117974030123e-15,0.000301467511133225,4.25809739824645e-05,-0.00018524462165658,-1.69305125980503e-07,-3.88328521760452e-07,-3.84472400074849e-06,-9.0205620750794e-16,-1.30113291737041e-15,-1.58877239972269e-15,4.08846011658385e-15,-0.707106781186547,5.15547484499753e-05,8.40643294844421e-08,-3.66522289156775e-05,1.7627954823084e-06,1.59247615094671e-15,-8.36847725069339e-15,-1.06772229946372e-15,-5.65748583826256e-05,6.65708978593465e-16,2.24837404714477e-16,2.6477253507485e-16,-8.50014503228635e-17,-2.50601266746567e-16,1.24358968250412e-05,-4.50594422884976e-16,-1.61416178423998e-16,-1.09954843819072e-16,-5.94142790522056e-17,1.33347848989756e-16,-3.13348272159389e-16,5.26387908496192e-17,1.75993047528997e-16,-2.26026237669413e-17,-9.38658845093002e-17,4.53196508098941e-16
"t71",0.0684333997885658,-0.0378650295943833,0.155671083594673,-0.0694290685501614,-0.00967188183705654,0.0373977863205464,0.00401664097125436,-0.0005500375677041,0.00241423440828836,-0.00259134446381648,-0.000295963070490917,-0.00231407764453279,0.0308662622830848,-0.220360665052307,-0.0564068346949265,0.00922519716641934,-8.63952678862717e-05,0.00391777157756459,-2.35861907391111e-05,0.000502772372846479,-0.000192919498786928,0.134950467357522,0.00353067401991714,0.00177881062907966,-0.00550550249157086,0.00181398166268059,0.00208143150309165,0.00757836334558563,-3.38999661675388e-14,0.694125477796146,0.62462619944065,0.0728158802091506,-0.00906173834568118,0.0515192075316069,3.20113459699716e-05,0.0128287743438717,0.000143760713852476,-0.00079290609694541,0.000145635256760864,9.70016363882933e-17,-0.000651212611750466,0.00258614251562052,0.00421193450622485,-0.0219628408294175,-0.0012386263471715,4.20989874153326e-06,-0.000674788710262379,1.52655665885959e-16,1.26653338708857e-16,-1.17414950781626e-16,-2.4980018054066e-16,-0.000165750129988229,-1.28607098369409e-16,0.000752566397297924,0.000108600264551941,-0.0196817039767964,-3.45283163865142e-07,-8.6633144802048e-07,-8.5810905881261e-06,3.12250225675825e-17,4.00685270537538e-17,-1.07686514827892e-16,8.20614073698882e-17,-7.08003948086652e-17,0.00242539047078792,1.78540201467635e-07,-7.78851830015529e-05,3.73192063416585e-06,2.84494650060196e-16,-1.25063356714711e-17,-2.15105711021124e-16,-0.000117698973851263,-4.13688957298473e-18,-7.84068629965964e-17,-1.76666908000649e-16,7.28583859910259e-17,8.74196251465887e-17,2.43869012801226e-05,-3.81639164714898e-17,-9.18165303673463e-18,-3.37181209229614e-17,2.8275992658422e-16,-4.73456152939638e-17,-3.99343951913357e-17,2.35930628250461e-17,2.48742694326097e-16,4.00149003958184e-17,6.78641927604968e-17,3.05311331771918e-16
"t34",0.069579559771573,-0.0391866490645368,0.170377162251109,-0.0763733934467134,-0.0111888817073398,0.0441697860403544,0.00481887950506749,-0.000666275995278033,0.00308165349293129,-0.00409269285099085,-0.000496232827017096,-0.00423096094907292,0.0589499723600664,-0.454545798230009,-0.117308168716296,0.0240793628525117,-0.000333229741171796,0.0159135721072334,0.000338910037595754,-0.00231614184070175,0.00041932502071282,-0.124098658740757,-0.0026211664239317,-0.00113191980049271,0.00151044905341444,-0.00047647185187293,-0.00053192854418042,-0.00117856886766629,5.18812423577764e-15,-0.10092488495914,-0.0895490628563087,-0.00861357807172827,0.00101990750863802,-0.00374417687453752,-2.22632828433497e-06,-0.000681753498143946,-5.06365035248885e-06,1.69654863699176e-05,3.52783718874945e-06,-1.66786201199628e-16,-4.85770120523443e-05,0.00020282145061761,0.000351994305124816,-0.00192227993326684,-0.000109492910864103,3.18420434026047e-07,-4.68725848289911e-05,-1.12757025938492e-16,7.9509910097715e-17,2.76299215661265e-16,1.21701693861498e-15,8.59832054502649e-05,-1.47600587812341e-16,-0.00181561381588817,-0.000363097647516252,0.828916864768765,-2.14715185225816e-06,-1.26104192411225e-06,-8.21565509759011e-06,1.19218870886506e-15,1.38050292961304e-15,1.8256440916849e-16,-3.57376422473601e-15,3.41659557598079e-16,0.00126280288910331,9.19760812636425e-08,-3.96305495572215e-05,1.85940701520361e-06,9.49761103097302e-16,-3.1960946401116e-17,7.83661330272523e-16,-5.54518309515166e-05,-2.14063973963028e-16,7.0601179447383e-17,-2.14577357797982e-17,-2.10118381027691e-16,-6.95429085317044e-17,1.0733080076041e-05,2.46330733588707e-16,2.76923568876028e-17,2.58057450705095e-17,1.01915004213637e-16,2.12240355286045e-16,8.78754989872511e-17,3.23031775671084e-17,-2.52651863420259e-16,6.51784222784956e-17,-3.93913415940968e-17,1.37476835471162e-16
"t42",0.0696821276672211,-0.0393042008070268,0.171661569124995,-0.0769789453766589,-0.0113191857426107,0.044748050618113,0.00488708594798407,-0.000676132713803486,0.00313747972655673,-0.00421253205203458,-0.000512043726319666,-0.00438010850809683,0.0611203559363252,-0.472444179153723,-0.121957536493258,0.0251828959804896,-0.000350969179522917,0.0167727412302364,0.000362918248482669,-0.00249659104923576,0.000456490027690461,-0.13800335579049,-0.00293651402827853,-0.00127557473684234,0.00176972772410504,-0.000559512515211878,-0.000625519706145542,-0.00142223985963561,6.27969898303604e-15,-0.122211886962725,-0.108514561379235,-0.0105386706696668,0.00125087999484357,-0.00468379929209865,-2.79008986588461e-06,-0.000863236091200609,-6.49589735291639e-06,2.2020764218829e-05,4.83878268591267e-06,-1.66510304701641e-16,-7.75059029836898e-05,0.000332442463441315,0.000607496543317758,-0.00358822999510044,-0.000214861349736795,9.53126498068682e-07,-0.000159560400442916,-6.24500451351651e-17,-3.76009611633975e-16,-6.95516721607647e-16,-6.31439345255558e-16,-9.63810471196428e-05,3.34898874136631e-15,0.00111341248396547,0.00020815370615839,-0.39526662310961,8.83030228041056e-07,2.75705135583271e-07,6.65411005367281e-07,1.25420507313123e-15,-1.47897123935272e-15,4.16128245729333e-15,-0.707106781186546,-4.40383424001728e-15,0.000394588056190666,2.9793152861473e-08,-1.33825885037017e-05,6.73815567846647e-07,2.7824964554668e-15,-2.44588135767024e-15,1.73992764640474e-15,-2.4344835567857e-05,6.67010485460717e-18,7.9465625318907e-17,-3.57265827162202e-17,4.5102810375397e-17,5.74816135822923e-18,6.48675624154865e-06,-7.7715611723761e-16,-1.19716689044307e-16,-6.29978011039367e-16,5.03069808033274e-17,-2.65313294985271e-16,1.8045833115872e-16,-1.20809614572454e-16,-6.21262184817906e-17,1.02546339427943e-16,3.91873959242841e-17,2.86229373536173e-16
"t43",0.0696821276672211,-0.0393042008070268,0.171661569124994,-0.0769789453766589,-0.0113191857426107,0.044748050618113,0.00488708594798405,-0.000676132713803524,0.00313747972655671,-0.00421253205203449,-0.000512043726319646,-0.00438010850809679,0.0611203559363251,-0.472444179153723,-0.121957536493258,0.0251828959804896,-0.00035096917952294,0.0167727412302364,0.000362918248482669,-0.00249659104923574,0.000456490027690524,-0.13800335579049,-0.00293651402827856,-0.0012755747368426,0.00176972772410506,-0.000559512515211911,-0.000625519706145522,-0.00142223985963559,6.44276298977786e-15,-0.122211886962726,-0.108514561379235,-0.0105386706696667,0.00125087999484348,-0.00468379929209858,-2.7900898655871e-06,-0.000863236091200936,-6.49589735255904e-06,2.20207642184795e-05,4.83878268591961e-06,2.46700606930631e-16,-7.75059029837488e-05,0.000332442463441621,0.000607496543317706,-0.00358822999510005,-0.000214861349736827,9.53126498611217e-07,-0.000159560400442819,-1.56125112837913e-16,2.6208816105281e-16,2.20045708088752e-16,-4.38885039422132e-16,-9.63810471188101e-05,-3.12273100522045e-15,0.00111341248396456,0.000208153706158015,-0.395266623109604,8.83030227477339e-07,2.75705135425412e-07,6.65411007736913e-07,-2.4459601011273e-15,3.20544902426377e-16,-4.4030879981107e-15,0.707106781186549,4.06615206244248e-15,0.000394588056190249,2.97931641324593e-08,-1.33825885070714e-05,6.73815569010396e-07,-3.5006719745212e-15,2.40621843747054e-15,-2.72698530423554e-15,-2.43448355679368e-05,1.65238433726429e-16,-2.21284960874405e-16,1.93508912347673e-16,-8.67361737988404e-17,-1.15956318879236e-17,6.4867562410111e-06,2.65412691824451e-16,2.15441437609093e-18,5.22528910280993e-16,-1.80411241501588e-16,8.52092849237611e-17,-3.1046837435993e-16,1.18202756615716e-16,2.605323783987e-16,-1.29906531276615e-16,1.14318455053521e-17,2.8796409701215e-16
"t57",0.0731848795222249,-0.043658108698201,0.235167254859069,-0.107805655605578,-0.0205520305472233,0.0930809536725857,0.011453955517809,-0.00172067792917816,0.015530700582841,0.00568929022452075,0.000478459611896238,0.00270362118412956,-0.0315581358031568,0.183200038487808,0.0459465725727507,-0.00447042568884263,1.15315470512606e-05,-0.000356120447622073,6.25206245261078e-05,-0.000598051491896551,0.000161629363500546,-0.158665752283054,-0.0206673775217504,0.00238570969778674,-5.97952781339617e-05,1.17922734458127e-05,8.46395859083887e-06,-0.000124156170147096,6.97358837342676e-16,-0.0120564906571784,-0.0109644163658764,-0.00143312221709331,0.00018342158649518,0.299502709692789,1.25118583894045e-06,-5.5282271765187e-05,-9.06595359085553e-07,4.33420258069087e-06,4.36764260272615e-07,1.51149392795513e-17,-2.22192802097777e-05,0.000112914197067646,0.000324352377600902,-0.0838097266561134,0.000163577837830893,-4.00994061900729e-08,4.28204564329772e-06,5.89805981832114e-17,-1.34852801744341e-16,9.66070001077327e-17,-2.89698820488127e-16,5.91898309056788e-07,-4.33310191617711e-17,-6.96106286079533e-06,-1.08090978889405e-06,0.000129649957912947,5.51888615623469e-09,2.18158292379384e-08,3.35995245570597e-07,-1.97758476261356e-16,3.83674560930895e-15,-3.76946363739234e-16,-4.29700001513418e-16,5.03943590857072e-16,-0.863659777925834,3.96446038665097e-07,-7.98724043563322e-05,2.0026397710085e-06,-6.93889390390723e-18,-1.27574169273153e-15,-1.33573707650214e-15,-2.8086829920667e-05,-5.57481172031876e-16,1.66902168871823e-16,4.36262875015346e-16,6.45317133063372e-16,-5.17868700426984e-17,3.45784929822268e-06,1.43982048506075e-16,-2.17685978109297e-17,-1.73633653907084e-16,-1.09287578986539e-16,-9.09913050638738e-16,-2.44480758037934e-16,-4.44622044531927e-17,8.26352536533617e-17,1.58830957817233e-17,-1.98064612671823e-16,3.78169717762944e-16
"t85",0.0733599091297177,-0.0438704902683266,0.238038275579965,-0.109189757823191,-0.0209391620235011,0.095051135229342,0.0117159792313499,-0.0017618118619061,0.0159848885967007,0.00595732296536304,0.000502968404349336,0.00285669101536014,-0.0334233479640414,0.194771674097173,0.0488674853352137,-0.00479843717899243,1.25122309437868e-05,-0.000386828769775592,6.95591810807999e-05,-0.000671945439061976,0.000184276649278583,-0.186579444301149,-0.0245620931756335,0.002859062640565,-7.56365291722343e-05,1.49617426898717e-05,1.0759492496733e-05,-0.000163378747767682,7.37257477290143e-16,-0.0159374870830944,-0.0145075528837117,-0.00192021696341389,0.000246538883397631,0.412927413347199,1.7290034145254e-06,-7.73955702154808e-05,-1.29014041075673e-06,6.25781392168305e-06,6.73685612777135e-07,7.8414789280846e-17,-4.04304891227017e-05,0.000211137187057495,0.000637943208256466,-0.177301449623039,0.00036167119971808,-1.2116815631142e-07,1.39739607478754e-05,-1.4137996329211e-16,3.93171436139909e-16,-1.91899556663307e-16,6.97792518211671e-16,-5.04890984342424e-06,1.60609187342863e-16,2.84919511139882e-05,4.16498333274951e-06,-0.000430110766673971,-1.64682382261611e-08,-4.63565253355867e-08,-5.38123666046601e-07,2.2811613709095e-16,-1.55861100001768e-15,-1.8910171526274e-16,9.56781462085849e-17,-2.44358558431156e-17,0.351828011692582,-1.49829151919312e-07,2.73879401766347e-05,-5.62573938178219e-07,-1.90819582357449e-17,1.83828736435303e-16,9.20270804005696e-16,2.68627046309117e-06,3.99528979916112e-16,-2.39498177461174e-16,-6.77386684420474e-16,-2.21177243187043e-17,6.30216265934116e-16,9.36995344433332e-07,6.1409211049579e-16,-2.00662014483268e-16,6.75544314852464e-15,5.49907341884648e-15,0.707106781186548,-1.02173166311363e-15,6.57078016153804e-16,1.01485477760153e-15,8.42076686849683e-18,3.21985457691551e-16,7.28583859910259e-17
"t86",0.0733599091297178,-0.0438704902683266,0.238038275579965,-0.109189757823191,-0.0209391620235011,0.095051135229342,0.0117159792313499,-0.0017618118619061,0.0159848885967007,0.00595732296536303,0.000502968404349347,0.00285669101536011,-0.0334233479640414,0.194771674097173,0.0488674853352137,-0.0047984371789924,1.25122309437755e-05,-0.000386828769775632,6.95591810808138e-05,-0.000671945439061938,0.000184276649278628,-0.186579444301149,-0.0245620931756334,0.002859062640565,-7.56365291722308e-05,1.49617426898898e-05,1.07594924965712e-05,-0.000163378747767724,1.04603825601401e-15,-0.0159374870830944,-0.0145075528837116,-0.00192021696341394,0.000246538883397658,0.412927413347198,1.72900341456833e-06,-7.7395570215519e-05,-1.29014041059324e-06,6.25781392139466e-06,6.73685612858667e-07,-9.72479160033093e-17,-4.04304891228145e-05,0.000211137187057543,0.000637943208256338,-0.17730144962304,0.000361671199718014,-1.21168156391651e-07,1.39739607479803e-05,4.18068357710411e-16,-1.58856676093026e-16,2.59276837324504e-16,-3.87277016011822e-16,-5.0489098432048e-06,5.95960266442159e-16,2.84919511139145e-05,4.1649833333289e-06,-0.000430110766673652,-1.6468238316177e-08,-4.6356524309064e-08,-5.38123666488088e-07,-1.43982048506075e-16,-1.354175145186e-15,5.03190679768357e-16,1.83010752938493e-16,-1.81503969208215e-16,0.351828011692583,-1.49829151939045e-07,2.73879401767774e-05,-5.62573938291474e-07,-2.02962646689286e-16,8.12663839948906e-16,2.77555756156289e-16,2.68627046322648e-06,8.24320000911817e-19,1.31074871300749e-16,4.60765861853473e-16,-6.51388665229291e-16,-6.01346291731784e-16,9.36995344198846e-07,-1.01134378649448e-15,1.78036250632222e-17,-6.77106759805042e-15,-5.54591095269785e-15,-0.707106781186547,1.28196687837411e-15,-6.12198312673418e-16,-1.16570398809141e-15,-1.58141351213594e-16,-2.47013493856714e-16,4.76615275024628e-16
"t27",0.072754543205259,-0.0431343026376724,0.228020553847036,-0.104357545193914,-0.0195803277013093,0.0881213792470849,0.0107929508214598,-0.00161677663605107,0.0143758191342198,0.00499258085964961,0.000414431659733815,0.00230109765964097,-0.0266383881213279,0.152527659203287,0.0382004236088997,-0.00359020319717867,8.86282498153285e-06,-0.000272435946582982,4.27327713041006e-05,-0.000387629123391541,9.58898814231272e-05,-0.0742647710282441,-0.00872438320654648,0.00091796081124451,-6.97293662925251e-06,1.18001944576188e-06,7.57797073233906e-07,1.38906994588102e-05,-5.84601811404184e-16,0.00168868701936487,0.00160051409055821,0.000324529627793328,-4.53302996891842e-05,-0.126402918413423,-5.4880795023575e-07,2.95603932230735e-05,5.99344913964142e-07,-3.37588176079796e-06,-6.0816847144516e-07,-1.19816333573887e-16,8.12260321571591e-05,-0.000470115739307338,-0.00169932840665866,0.600347618779789,-0.00140609656945828,1.2237092447884e-06,-0.000183442462203063,-6.4098032437343e-16,1.83322667849394e-15,-6.93416944040005e-15,-5.91107024439097e-16,-3.38244661998227e-05,0.707106781186547,0.000148373053778304,2.11544248702985e-05,-0.0020475027460849,-7.46905781925168e-08,-1.77258515969287e-07,-1.74624261854543e-06,-2.05477995729453e-15,2.06690089786264e-16,-7.20676749217521e-16,2.61747617726007e-15,-1.20213810791457e-15,0.0538291224154842,1.11197680945546e-08,-1.0606078030728e-05,6.21613030743457e-07,-1.33573707650214e-16,-6.57548209474543e-16,2.28983498828939e-16,-2.18919132215188e-05,4.12349574430558e-16,-3.16184201177729e-16,-1.42672429540757e-16,-3.10081821330854e-16,-1.12423821010128e-16,4.8333457371285e-06,-5.8113236445223e-16,-6.89182798041659e-17,2.19812527113052e-16,-3.94649590784724e-17,1.61657887931328e-16,1.11947957358258e-17,-3.65789583394443e-17,2.67428324501169e-16,1.45626080993444e-16,-1.26021326356047e-17,3.62123525610158e-16
"t28",0.072754543205259,-0.0431343026376724,0.228020553847036,-0.104357545193914,-0.0195803277013093,0.0881213792470848,0.0107929508214599,-0.00161677663605106,0.0143758191342198,0.00499258085964961,0.000414431659733857,0.002301097659641,-0.0266383881213279,0.152527659203287,0.0382004236088998,-0.00359020319717869,8.86282498151203e-06,-0.000272435946582974,4.27327713041561e-05,-0.000387629123391518,9.5889881423207e-05,-0.0742647710282442,-0.00872438320654646,0.00091796081124456,-6.97293662924904e-06,1.18001944577397e-06,7.57797073088189e-07,1.38906994588046e-05,-5.89805981832114e-16,0.00168868701936487,0.00160051409055808,0.000324529627793165,-4.53302996896786e-05,-0.126402918413423,-5.48807950240086e-07,2.95603932231707e-05,5.99344914024641e-07,-3.3758817606774e-06,-6.08168471662e-07,2.98483031453743e-16,8.12260321573456e-05,-0.000470115739307435,-0.00169932840665897,0.600347618779787,-0.00140609656945719,1.22370924640061e-06,-0.000183442462202624,-8.55218673656566e-16,-1.959150862081e-15,5.85634197749128e-15,3.89445420356793e-16,-3.38244661993456e-05,-0.707106781186549,0.00014837305373815,2.11544248843567e-05,-0.00204750274608519,-7.46905836239903e-08,-1.77258513974355e-07,-1.74624261957499e-06,1.97758476261356e-15,-9.37277805017141e-16,6.55731988809212e-16,-2.77768717416112e-15,7.24624300033151e-16,0.0538291224154846,1.1119768088578e-08,-1.06060780298957e-05,6.21613030445613e-07,1.23165366794353e-16,6.83278360434541e-16,-8.06646416329215e-17,-2.18919132216402e-05,-4.41961093925657e-16,1.90802273119465e-16,-1.74154971728945e-16,-2.60208521396521e-17,2.39921553918768e-16,4.83334573737795e-06,-1.09287578986539e-16,5.33797109758613e-17,-3.49176829286521e-16,-2.23779328401008e-16,-1.5753131292617e-16,1.11946201368524e-17,8.48516746572994e-17,-6.56387200036819e-17,1.26760651280482e-16,1.26175642319613e-16,2.80157841370254e-16
"t80",0.0730032231306435,-0.0434353830194824,0.232062196972145,-0.106304766674436,-0.0201215634332547,0.0908687910978534,0.0111576402193754,-0.00167396028376272,0.0150032347296531,0.00535394908419037,0.000447266312239994,0.00250437654718969,-0.0291049644401666,0.167720912340248,0.0420326758945211,-0.0040125450670623,1.00940371908038e-05,-0.000310882804513267,5.09316758529818e-05,-0.000470548252094452,0.000119657541417783,-0.0980432517527236,-0.0117115295758946,0.00124573140898023,-6.61951659837283e-06,9.29056468024623e-07,4.90744426605121e-07,5.30070414134164e-05,-4.80518402845576e-16,0.00616054975103033,0.00580246150710338,0.00114839916037367,-0.000161272785909368,-0.513669150642567,-2.27145377894528e-06,0.00013823614478581,3.4397655516912e-06,-2.48778660243733e-05,8.55459266772222e-06,-1.42239463666439e-16,-0.00010114611256038,0.000489338323063686,0.00131688131229397,-0.320446944825153,0.000609273416347244,-1.15308603688144e-07,9.93149155056623e-06,3.44342609981396e-16,1.10620308031001e-16,-3.00855196925983e-16,6.37510877421477e-17,-8.02596436591183e-06,8.2253160704617e-16,4.02187211969488e-05,5.80630072394717e-06,-0.000580048034940049,-2.16482274974689e-08,-5.53285061551112e-08,-5.79037498125816e-07,-3.08780778723872e-16,5.61651350197456e-18,5.49453969303244e-17,9.09558481933356e-16,9.59732424492838e-17,0.0184384723335777,6.5375067028427e-09,-4.8846139655348e-06,2.78656883437055e-07,4.71844785465692e-16,2.70578033919249e-17,-7.11236625150491e-17,-1.02103370445954e-05,1.93791534944152e-16,-1.87182139255015e-16,-3.72631368715798e-16,5.23886489744996e-16,-5.38160753163245e-16,2.61486733727764e-06,-1.96544169828172e-15,8.03246521854324e-16,-0.707106781186548,-2.41907188724966e-15,7.16795558641585e-15,5.48435460604314e-16,1.22723476374268e-16,2.97014296640128e-16,-4.09169798282315e-17,-4.42252190304825e-17,1.62630325872826e-16
"t81",0.0730032231306435,-0.0434353830194824,0.232062196972145,-0.106304766674436,-0.0201215634332547,0.0908687910978533,0.0111576402193754,-0.00167396028376272,0.0150032347296531,0.00535394908419037,0.000447266312239976,0.00250437654718965,-0.0291049644401666,0.167720912340247,0.042032675894521,-0.00401254506706229,1.00940371908021e-05,-0.000310882804513276,5.09316758529818e-05,-0.000470548252094426,0.000119657541417784,-0.0980432517527237,-0.0117115295758946,0.00124573140898014,-6.61951659836242e-06,9.29056468018023e-07,4.9074442658734e-07,5.30070414133366e-05,6.41847686111419e-17,0.00616054975103028,0.00580246150710334,0.00114839916037361,-0.000161272785909459,-0.513669150642567,-2.27145377898127e-06,0.000138236144785842,3.43976555175983e-06,-2.48778660244739e-05,8.55459266775431e-06,-3.81067297722708e-17,-0.000101146112560414,0.000489338323063568,0.00131688131229389,-0.320446944825153,0.0006092734163471,-1.15308603588615e-07,9.9314915506573e-06,6.33174068731535e-16,1.22075621175768e-16,8.28980057548825e-17,-1.17093834628434e-17,-8.02596436584677e-06,1.65876533617638e-16,4.02187211969627e-05,5.80630072338339e-06,-0.000580048034940121,-2.16482277007839e-08,-5.53285056988789e-08,-5.79037498333115e-07,2.41126563160776e-16,-4.3633316371799e-16,-5.42128545118624e-17,-7.39884429015454e-16,1.04746052739061e-16,0.0184384723335776,6.53750657543539e-09,-4.8846139657022e-06,2.78656883316899e-07,-2.04697370165263e-16,2.44372255535766e-17,-1.16226472890446e-16,-1.02103370446631e-05,-1.12937149544987e-16,2.28257641857642e-16,3.7510315852671e-16,-6.88251539093798e-16,5.91987981717917e-16,2.61486733785848e-06,1.93595139919012e-15,-7.65159592239761e-16,0.707106781186548,2.35965760819745e-15,-6.76533892616047e-15,-8.9484477801968e-16,-5.07482955358975e-17,-3.13600635417775e-16,2.8491456318321e-17,1.12924960582662e-17,-6.41847686111419e-17
"t23",0.0709702528192487,-0.0409502239805429,0.197708017016295,-0.0897105994057733,-0.0153926136452372,0.0666244340813872,0.00791567145162174,-0.00116333975339586,0.00926691654255041,0.00175820897410548,0.000113673738640549,0.000380156657321749,-0.00298425342242114,0.0032135556756042,0.000444274868257795,0.000836365477608439,-5.10106474189628e-06,0.00016727790004274,-7.24153540398592e-05,0.00089758635526824,-0.000339644588651992,0.625031498237339,0.100747876058594,-0.0138480183796826,0.00291428316745621,-0.000885623311542452,-0.000966255891481007,-0.00144110429412187,6.50521303491303e-15,-0.116373779378443,-0.101953490724575,-0.00808339216062921,0.00090312841060316,0.0587371366799652,-2.58208603846379e-07,0.000144032712739977,5.76341352745403e-06,-4.91968147933747e-05,1.92701818402894e-05,1.43289799814411e-16,-0.00014317951800768,0.000597162405287011,0.00107854584887163,-0.0410228424328487,-0.000229174562002806,1.11117923762066e-06,-0.000181730419756915,1.59247615094671e-15,3.56769453862265e-15,-0.707106781186548,-1.47572058739609e-13,-5.15607408388026e-05,-6.42599851316307e-15,0.000233487910539213,3.33892513762254e-05,-0.00325607477564736,-1.19417062554051e-07,-2.88194073140894e-07,-2.87376410567503e-06,-1.5334955527635e-15,1.40123121916686e-15,-6.71044664881178e-16,5.25564011181344e-16,3.44395292847198e-16,0.00463072404825972,6.12859147017296e-08,-2.72210938987039e-05,1.31947083138872e-06,7.07767178198537e-16,5.10550522563471e-16,5.3776427755281e-17,-4.25804821909681e-05,-8.40604426061873e-17,2.65998585302716e-16,-6.08976772523197e-16,1.39645239816133e-16,3.24965106250048e-16,9.37666847927477e-06,5.46437894932694e-17,5.28102080303415e-18,1.19289720157405e-16,-1.73472347597681e-18,-1.38290076799539e-16,-5.00660422905282e-17,2.62001096218062e-17,1.47695141185954e-16,-6.42180125928324e-17,2.43268950639035e-16,1.94289029309402e-16
"t24",0.0709702528192486,-0.0409502239805429,0.197708017016295,-0.0897105994057733,-0.0153926136452372,0.0666244340813871,0.00791567145162172,-0.00116333975339584,0.00926691654255041,0.00175820897410549,0.000113673738640532,0.00038015665732175,-0.00298425342242105,0.00321355567560428,0.000444274868257769,0.000836365477608419,-5.10106474186506e-06,0.000167277900042784,-7.24153540400257e-05,0.000897586355268238,-0.000339644588651995,0.625031498237337,0.100747876058594,-0.0138480183796827,0.00291428316745632,-0.000885623311542378,-0.000966255891481132,-0.0014411042941219,6.98399671428263e-15,-0.116373779378443,-0.101953490724575,-0.00808339216062913,0.000903128410602814,0.0587371366799647,-2.58208603831633e-07,0.000144032712740104,5.76341352746769e-06,-4.91968147933366e-05,1.92701818403362e-05,-2.12409659001672e-16,-0.00014317951800779,0.00059716240528658,0.00107854584887204,-0.0410228424328477,-0.000229174562003906,1.1111792373366e-06,-0.000181730419757525,-1.74339709335669e-15,-3.59875933169477e-15,0.707106781186549,1.47764613045442e-13,-5.1560740848949e-05,6.30498164171907e-15,0.000233487910543296,3.33892513729329e-05,-0.00325607477564765,-1.19417061315662e-07,-2.88194074513169e-07,-2.87376410508348e-06,1.40859546249317e-15,-1.2701231269541e-15,4.88580319114693e-16,-5.913134912293e-16,-3.23954112076896e-16,0.00463072404825986,6.1285914374409e-08,-2.72210938989824e-05,1.31947083049587e-06,-9.40220123979429e-16,-7.20998574868408e-16,1.09287578986539e-16,-4.25804821913428e-05,1.27169249275193e-16,-3.07856067858808e-16,7.23589019171693e-16,-9.0205620750794e-17,-2.64922189947054e-16,9.37666847913149e-06,2.36789754470834e-16,-3.41839319803029e-17,-1.06657986420505e-16,-1.86482773667507e-16,1.32326824533895e-16,1.93229826040755e-17,1.91398610115056e-18,-1.85371696500317e-16,1.9048902499036e-17,-1.17553468362657e-16,3.33934269125535e-16
"t60",0.0590891124205159,-0.0238888045448178,0.0119582895487513,0.263454466964082,-0.0185201896104044,0.0777513049251664,-0.00251956704542197,0.00198921363083611,0.0145378778588494,0.00202263864276302,-0.275952270700922,0.00209183111589247,-0.00641482401185408,0.00521420870805242,-0.00156867342334475,0.00312939246095265,-0.000157235468940933,0.00298193715002875,-0.445726715695764,-0.0024178512378786,0.000356307043831883,-0.00308193361119191,0.00672101942909251,-0.00153379811896719,0.000709701985778646,-0.000556442544382306,-0.000234078629510841,-0.000354736806074948,1.90125692967058e-15,-0.0052338681310654,-0.00239056488844726,0.0474064572663739,0.00143318733227504,-1.35868383978538e-06,6.4960722461968e-07,0.00033599745641142,6.51686249821676e-06,-0.000123382996312104,4.336894634277e-05,9.52870498833454e-17,-0.00632052085277305,0.000856000521441691,0.00181555048757003,-0.000868398721524586,-0.362426312501882,-1.29879476806066e-06,6.05405234300818e-05,9.78384040450919e-16,-1.51905249989386e-16,-3.80675428767945e-16,-1.73472347597681e-17,-0.000325999806799426,-7.10850094338629e-16,5.61801404926378e-05,8.04665296858659e-06,-3.27291901907212e-05,-8.09984047624689e-08,-1.99931266061434e-07,-8.84820351848559e-07,-5.759281940243e-16,2.79758814472182e-16,-3.51382026483875e-16,1.18324041211005e-17,6.95035719974444e-16,1.32650755476499e-05,5.70438741973826e-08,-0.00111656324376259,1.20010882713128e-06,4.16333634234434e-16,-2.82495622785579e-15,1.20042864537595e-15,-1.72972865543214e-05,0.707106781186547,1.8789329190061e-15,-6.34349156101469e-15,2.79984369022657e-15,3.66052674718328e-15,1.00132590533199e-05,6.93889390390723e-16,3.68394423928046e-17,4.36017638808732e-16,1.56125112837913e-16,-1.80615260106678e-16,-6.0166149936467e-17,-4.18605056145646e-18,3.12632446727721e-16,-1.07170758736091e-17,3.28774196458617e-17,3.2612801348364e-16
"t61",0.0590891124205159,-0.0238888045448178,0.0119582895487513,0.263454466964082,-0.0185201896104044,0.0777513049251664,-0.00251956704542197,0.00198921363083608,0.0145378778588493,0.00202263864276299,-0.275952270700922,0.00209183111589249,-0.00641482401185406,0.00521420870805242,-0.00156867342334482,0.00312939246095254,-0.000157235468940982,0.00298193715002877,-0.445726715695764,-0.00241785123787862,0.000356307043831924,-0.00308193361119189,0.00672101942909252,-0.00153379811896732,0.000709701985778771,-0.000556442544382239,-0.000234078629511015,-0.00035473680607509,2.08166817117217e-15,-0.00523386813106547,-0.00239056488844712,0.0474064572663737,0.00143318733227508,-1.35868383978411e-06,6.49607224564169e-07,0.00033599745641115,6.51686249803635e-06,-0.000123382996312465,4.33689463426104e-05,5.83460038530994e-18,-0.00632052085277315,0.00085600052144158,0.00181555048756986,-0.000868398721524612,-0.362426312501882,-1.29879476809536e-06,6.05405234297661e-05,-5.13478148889135e-16,8.12421530329589e-17,-3.98009209403798e-16,-3.64291929955129e-16,-0.000325999806800793,1.2292091005386e-16,5.6180140492957e-05,8.04665296778861e-06,-3.27291901911029e-05,-8.09984037598529e-08,-1.99931265539716e-07,-8.84820352868576e-07,-1.52655665885959e-16,-1.53352172602571e-16,2.92348842560445e-16,-1.22719500943493e-16,-8.59374011506497e-16,1.32650755485554e-05,5.70438744336302e-08,-0.00111656324376124,1.20010882618529e-06,-1.06858966120171e-15,2.87346721826159e-15,-1.04083408558608e-15,-1.72972865521287e-05,-0.707106781186548,-1.76702227269687e-15,6.2393249775916e-15,-2.96984659087229e-15,-3.72701003768559e-15,1.00132590534299e-05,-3.43475248243408e-16,-3.25496455690702e-17,-4.38283595826827e-16,-4.16333634234434e-17,2.14900807232612e-16,2.30986479252313e-17,5.30597096434634e-17,-2.14725026773871e-16,9.01098805790257e-17,6.06317025849884e-17,1.70002900645727e-16
"t18",0.0588045777466492,-0.0236546898845289,0.01166368577286,0.2566278668742,-0.0178151450090591,0.0744235455728506,-0.00240297209632672,0.00189299634456635,0.0136765911798089,0.00182880366105637,-0.247171268805186,0.00185039322124777,-0.0056414565302309,0.00454177584762659,-0.00136504881450509,0.00265948007002566,-0.000129795497684312,0.00245413764634911,-0.34209188167624,-0.00179927671667318,0.00025253019487996,-0.00194532727861731,0.00405802888791156,-0.000892425650979203,0.000307063235798988,-0.000235866115479887,-9.79181711399761e-05,-0.000111746378868553,5.62050406216485e-16,-0.00157540618766574,-0.00071257449615157,0.0122630460507215,0.000356399110113563,-2.25547352396323e-07,1.02852624736527e-07,3.84399225814847e-05,3.77494114879411e-07,-8.02057168285131e-07,-1.06417986966978e-05,-2.89947649005856e-16,0.00649546728222623,-0.00101245869377775,-0.00271360266277804,0.00174456165747376,0.856960352823606,8.49072712386274e-06,-0.000508317265050226,-5.96744875736022e-16,1.56125038152323e-16,7.17823199200546e-16,1.70002900645727e-16,-0.00229849293303798,6.53579086990048e-16,0.000322815756025191,4.53823639949141e-05,-0.000176135349163224,-4.21525144567983e-07,-9.34559922085437e-07,-3.79406110536523e-06,7.63278329429795e-16,-1.38946712917216e-16,-9.15079705772893e-17,2.85914244754024e-17,2.0565739409027e-16,4.17172568330532e-05,1.77448791160452e-07,-0.00342744817603836,3.59514773173796e-06,9.29811783123569e-16,-3.41637387519012e-17,-5.13478148889135e-16,-4.78209542689872e-05,3.23828284889439e-16,-2.43490137251723e-17,8.43626427567422e-17,2.08166817117217e-16,1.7666611094801e-16,2.26121593250562e-05,-1.17961196366423e-16,-4.12769998424135e-17,-6.85921396588944e-17,-2.60208521396521e-16,-8.79235229767929e-17,-7.01743618553189e-17,1.46981415501381e-17,-1.23570181063297e-18,3.31308982038225e-17,-1.5537344279375e-16,2.08166817117217e-16
"t47",0.059059196746214,-0.0238653918357171,0.0119337504706044,0.262896410128805,-0.0184736647173437,0.077553929322963,-0.00251324870769117,0.0019843053990137,0.0145092314882602,0.00203186265841789,-0.278054854723578,0.00211895465835631,-0.00651787785446918,0.00532995988808855,-0.00160459701138116,0.00327411743825774,-0.000173701939487077,0.00332289349587411,0.397255394061781,-0.00122924256777351,0.000248475457818746,-0.00235641430894856,0.00516660714207141,-0.00118033629992384,0.000533057776514925,-0.000416994733479506,-0.000175159445006788,-0.000257531592923733,1.3392065234541e-15,-0.00378280635300201,-0.00172617469546827,0.0337927183890935,0.00101820609627466,-9.3803577471367e-07,4.47262812354118e-07,0.000227686665542688,4.32422265246504e-06,-8.0275331197123e-05,2.54494578636813e-05,4.64677619517679e-17,-0.00246482960506632,0.000300869741189286,0.000498551728386094,-0.000129484983223515,-0.0228781258303862,1.19703518856266e-06,-8.1953515719331e-05,1.11022302462516e-16,1.32617749189208e-16,2.17897099804603e-16,1.76941794549634e-16,-0.000670680028393746,4.84103233672087e-16,9.61658083556329e-05,1.35305899594124e-05,-5.25539656648128e-05,-1.25652988082513e-07,-2.7404863898301e-07,-1.06740837759606e-06,-4.85722573273506e-17,-2.10785708337074e-15,3.4728525459078e-16,1.89308979184778e-15,-1.89065905137907e-15,-5.07285444669766e-05,-4.56645071605639e-07,0.819781133296529,7.77336537928046e-06,1.88044024795886e-15,2.96070732928343e-15,3.98292510084275e-15,-4.22384699946404e-05,8.31158886460052e-16,-1.74504961968881e-16,3.4584867614198e-17,1.2490009027033e-16,-3.96816989996148e-16,1.53915920457778e-05,5.65519853168439e-16,6.82156471021393e-17,2.29632464840623e-16,-3.67761376907083e-16,1.4381873831044e-16,2.55813273401197e-16,-4.79303407340326e-17,3.2881471693813e-16,-7.33999890951528e-17,-1.78493465489294e-17,2.4980018054066e-16
"t52",0.0590846260448584,-0.0238862611663342,0.0119598207056624,0.263500150579723,-0.0185356782375207,0.0778460452817015,-0.00252346914631558,0.00199273259670924,0.0145843660725235,0.00204862928828287,-0.280543411213999,0.00213984724231492,-0.00658486620400822,0.00538835944182074,-0.00162228756750802,0.00331553620467665,-0.000176231210677339,0.00337191872385747,0.404789827768052,-0.00125466737085683,0.00025424820371775,-0.0024237671067243,0.0053236865697715,-0.00121791029180736,0.000554908281973854,-0.00043430045615427,-0.000182485135477865,-0.000269785223396953,1.45716771982052e-15,-0.00396563724032887,-0.0018098734090513,0.0355012669939702,0.00107021331603782,-9.89844794170633e-07,4.72133359373517e-07,0.000240828050195062,4.58518383905388e-06,-8.53060147320769e-05,2.73091073337284e-05,1.34724296187255e-16,-0.00270582931521021,0.000331457085105735,0.000552758645773845,-0.000144840445069206,-0.0257234852379982,1.3899806271464e-06,-9.58179340177188e-05,-3.19189119579733e-16,6.94283463557753e-16,-1.19673412815792e-15,-4.0766001685455e-16,-0.00090366066579279,-8.53885300985302e-16,0.000136713185462779,1.93680817423582e-05,-7.67048036610764e-05,-1.8639778992638e-07,-4.36609124152085e-07,-1.87069145920343e-06,-9.5062846483529e-16,-1.96129312930997e-16,-8.48759431744299e-16,1.69541909863703e-15,1.01121841494006e-14,5.49195213015892e-05,3.52497174117969e-07,-0.404933259275197,-1.16970115349925e-06,-6.66966482043563e-14,-0.707106781186549,2.92821322744885e-15,-1.58623926881513e-05,-3.114213053341e-15,1.66074061273339e-16,6.86053786656151e-17,3.98986399474666e-16,7.46888430616047e-16,1.16801335185153e-05,-5.44703171456717e-16,-2.04802906089342e-16,-4.09191206513052e-16,3.53883589099269e-16,-2.77439813897823e-16,-4.07299265249603e-16,5.38465112659897e-17,-3.29172210142935e-16,2.46937926990767e-17,6.11155867934237e-17,2.65412691824451e-16
"t53",0.0590846260448584,-0.0238862611663342,0.0119598207056623,0.263500150579723,-0.0185356782375207,0.0778460452817015,-0.00252346914631555,0.00199273259670925,0.0145843660725234,0.00204862928828285,-0.280543411213999,0.00213984724231495,-0.00658486620400814,0.00538835944182077,-0.00162228756750806,0.00331553620467661,-0.000176231210677422,0.00337191872385745,0.404789827768052,-0.00125466737085684,0.000254248203717736,-0.00242376710672417,0.00532368656977156,-0.00121791029180746,0.000554908281973909,-0.00043430045615427,-0.000182485135477695,-0.000269785223396984,1.36002320516582e-15,-0.00396563724032871,-0.00180987340905167,0.03550126699397,0.00107021331603776,-9.89844794165982e-07,4.72133358981469e-07,0.000240828050195326,4.58518383903827e-06,-8.53060147321186e-05,2.73091073337076e-05,-6.35311501822958e-17,-0.00270582931521036,0.000331457085105846,0.000552758645773914,-0.000144840445069098,-0.0257234852379982,1.38998062718457e-06,-9.58179340176946e-05,-9.0205620750794e-17,-7.38715838792004e-16,9.07485448098501e-16,4.8919202022546e-16,-0.000903660665793088,2.1221069493886e-16,0.000136713185462914,1.93680817421708e-05,-7.67048036610356e-05,-1.86397790131727e-07,-4.36609123722741e-07,-1.87069145919649e-06,5.27355936696949e-16,2.32962806724542e-15,4.51973960523051e-16,-3.65273337785456e-15,-8.24292495023024e-15,5.49195212995596e-05,3.52497172155888e-07,-0.404933259275202,-1.16970115381554e-06,6.47815134868779e-14,0.707106781186546,-6.59888810261577e-15,-1.58623926880125e-05,2.3120019767825e-15,-1.00856516463087e-16,1.8185204170305e-18,-6.34908792207511e-16,-4.17111022263254e-16,1.16801335184333e-05,-1.35308431126191e-16,2.07111424203555e-17,1.11225822676746e-16,-8.53483950180589e-16,2.07415377688424e-16,3.67899011476281e-17,2.34888478591302e-17,-2.38609129316566e-17,4.59440692659335e-17,7.60775478934881e-17,5.03069808033274e-17
"t8",0.058109558611051,-0.0230815299390106,0.0109395684028106,0.239847074902538,-0.0160858604825611,0.066284565427551,-0.00211868036156848,0.00165893879869089,0.0116239683581896,0.00179925019631867,0.193969023675647,0.000742191767213393,-0.00241472969407322,0.00194454959875559,-0.000582456274655602,0.000950828867229719,-3.00926267217411e-05,0.000533031713212997,-0.000730942740291174,0.000552808785109534,-0.000171068123176039,0.00346017373373234,-0.00939370772905808,0.00251774991623693,-0.00304876731647927,0.00252916835748185,0.00110305878038799,0.00358953806501471,-1.80411241501588e-14,0.0602638215468223,0.0283154437301208,-0.876533540529635,-0.0304967078232454,-0.000326986142730267,7.78803951280004e-05,0.0108926818313659,0.000114916332903176,-0.00158448652153703,0.00026979897797217,-8.43206272161738e-17,-0.331441046234196,0.000730234802243615,0.00198542807971714,-0.000441284817807797,-0.0250295617501466,6.05963767066203e-06,-0.000404253058600925,-1.00613961606655e-16,3.78128233704224e-18,-9.91119966243094e-17,2.24646690138997e-16,-0.0219014935988386,1.39132352941293e-16,0.000428271048835735,6.05052205740562e-05,-0.000237550407228494,-5.7292375706564e-07,-1.30030746155348e-06,-5.37489053030644e-06,2.35922392732846e-16,2.47096801494258e-16,-8.42204389804276e-17,-6.80689369187288e-17,1.00323682888833e-16,6.25219311832818e-05,2.65352862485432e-07,-0.00136973082101234,5.49154741097007e-06,-5.89805981832114e-17,-1.93012863742306e-16,-2.91433543964104e-16,-7.37386478209673e-05,8.1314612832023e-17,4.26960148896722e-16,-1.39400265433185e-16,-1.16226472890446e-16,-2.1595201188491e-17,3.57560712148945e-05,-6.93889390390723e-17,-5.09413332867509e-17,3.18686582193221e-17,-2.39391839684799e-16,8.68057732505632e-17,4.88070304268359e-17,1.61793370180611e-17,4.69141763413079e-16,1.67582620204899e-17,1.74923038974491e-17,2.37657116208823e-16
"t62",0.0594544604960023,-0.0241960050891445,0.0123745488783728,0.273169450602572,-0.0196036651496442,0.0830477993713201,-0.00271043773015845,0.0021495972615703,0.0161424901179807,0.00329991272540549,0.384439522999231,0.00164590804480952,-0.00566713082726026,0.00504539671703467,-0.00152750483521309,0.0033682212255376,-0.000184674887065745,0.0035365153724075,0.0058255511921818,-0.00227146997658654,0.000402814228606973,-0.00415541320352304,0.00957418790075562,-0.00228532208816126,0.00154600595500175,-0.00124801533949656,-0.000535115506228446,-0.00130904068239336,6.58154086785601e-15,-0.0212171447714916,-0.0098969021484954,0.278507614439849,0.00946454891379828,8.42022675217499e-05,-1.97216121942349e-05,-0.0025090300826562,-2.34785282328361e-05,0.000290317694623524,-2.72633148727334e-05,-1.30713802612677e-16,-0.232714912357969,-0.000794093442554301,-0.000487708038829018,5.39509390391087e-05,0.00225957993269344,2.54105483295589e-08,-6.98975999338138e-06,-6.01949046163952e-16,1.88268001784201e-16,-2.54942124674079e-15,2.45463371850718e-16,-0.349309094493633,-4.80837057499681e-16,-0.000107241109111142,-1.33137040092901e-05,3.84476971146623e-05,7.49583094043104e-08,8.22544279483178e-08,1.47350603461882e-07,-9.62771529167128e-16,-5.77657160492686e-16,-9.47393984033052e-16,-1.1679775969076e-16,-3.00541990222769e-16,3.52161804234238e-06,1.56050180401084e-08,-8.46820914242857e-05,3.69790287573883e-07,-6.15826833971767e-16,-1.62249189672083e-16,8.46545056276682e-16,-6.30917410259987e-06,1.98999451206818e-15,-0.707106781186547,-5.80277543213047e-14,-1.39272274268798e-14,-2.8204043275046e-15,4.8463134087534e-06,3.03576608295941e-17,1.98124005610731e-16,1.0907003593037e-16,-5.1087606367517e-16,-2.79078461051664e-16,-7.65450036293362e-17,-4.858046829413e-16,-1.63940659466153e-17,5.17515794908635e-17,1.70520386660938e-16,1.27502175484295e-16
"t63",0.0594544604960023,-0.0241960050891445,0.0123745488783728,0.273169450602572,-0.0196036651496442,0.0830477993713201,-0.00271043773015843,0.00214959726157031,0.0161424901179807,0.00329991272540549,0.384439522999231,0.00164590804480954,-0.00566713082726032,0.00504539671703459,-0.0015275048352131,0.00336822122553761,-0.000184674887065707,0.00353651537240749,0.00582555119218185,-0.00227146997658653,0.000402814228606925,-0.00415541320352304,0.00957418790075567,-0.00228532208816123,0.00154600595500166,-0.00124801533949659,-0.000535115506228621,-0.00130904068239313,6.56072418614428e-15,-0.0212171447714917,-0.0098969021484953,0.278507614439849,0.00946454891379816,8.42022675217727e-05,-1.97216121942713e-05,-0.00250903008265613,-2.34785282326665e-05,0.000290317694623552,-2.72633148727091e-05,-4.43752217185633e-18,-0.232714912357969,-0.000794093442554315,-0.0004877080388289,5.3950939039244e-05,0.00225957993269351,2.54105482467258e-08,-6.98975999364419e-06,-1.84401105496335e-15,2.83527911994903e-16,-2.63615741411853e-15,6.67001176513082e-16,-0.349309094493631,9.32480029754682e-17,-0.000107241109110613,-1.33137040086743e-05,3.84476971145129e-05,7.49583095738661e-08,8.22544276872419e-08,1.47350603532138e-07,1.76941794549634e-16,4.83993643654214e-16,8.52309827164682e-16,3.29026176102057e-16,3.67326562386454e-16,3.52161804261127e-06,1.56050173966615e-08,-8.46820914240428e-05,3.69790287325221e-07,3.52148865623292e-16,3.11479575757903e-17,-8.93382590128056e-16,-6.30917410249926e-06,-1.52108567773888e-15,0.707106781186547,5.80712165979445e-14,1.34883423874577e-14,2.34213276013738e-15,4.84631340949408e-06,-3.95516952522712e-16,-2.84128964086414e-16,-9.56266996706373e-17,2.60208521396521e-16,2.56952025411201e-16,-9.04207591012376e-17,5.33345479863277e-16,-3.21703777744273e-16,1.20738423297369e-17,6.1667854574014e-17,4.16767315103428e-16
"t35",0.059281347799792,-0.0240528655260567,0.0121914437434209,0.26891987111161,-0.0191574483379184,0.0809259229112282,-0.00263564920737564,0.00208764374850881,0.0155747154228949,0.00311442875638465,0.360987504477189,0.00153519978407062,-0.00526963764344748,0.00466788548743867,-0.0014124950752396,0.00307678713016953,-0.000166249662535008,0.00317893679990587,0.00506534793125698,-0.00194769623535033,0.000338164933574096,-0.00333074277236821,0.00754963208564612,-0.00177864105015468,0.00110074836162492,-0.000883928353128484,-0.000377745080421252,-0.000868626714900129,4.63030221803384e-15,-0.0139609022269282,-0.00650074111212401,0.178652916285057,0.00603471332482092,5.10731092173474e-05,-1.19066968315891e-05,-0.00147492740759797,-1.33344786015468e-05,0.000159767068689273,-1.28205023541525e-05,-1.82158718399511e-16,-0.0636120641939426,-0.000191738416763787,-8.91727995740958e-05,5.37384821908753e-06,0.000112984444716031,-7.12747196459913e-09,2.4864318233203e-06,2.39066579033054e-15,-4.90752933383009e-16,6.17530387567108e-15,-1.39222400968864e-15,0.859314357395742,2.47816696532493e-16,0.000393863209869601,5.13006537940935e-05,-0.000169298496061122,-3.68156072390563e-07,-6.48602561483346e-07,-2.31963083432074e-06,6.86408395400573e-16,5.6539274451636e-17,2.50978338278666e-17,-5.9046820139693e-16,5.64610684587799e-17,2.04619216484519e-05,8.64277826347791e-08,-0.000443696872087754,1.76292648533588e-06,2.51643324233886e-16,2.08070078099861e-16,-9.93129189996722e-17,-2.31897029420937e-05,-7.29966458837528e-16,-9.76350338541639e-16,-6.28926335267005e-17,3.94758011001972e-16,6.0363667713848e-16,1.13050535570385e-05,3.4629417389187e-16,1.50301773594851e-17,-6.87681832211755e-17,-2.62864816719111e-16,-3.18860426106836e-17,1.53430674944499e-16,3.86513711503963e-17,2.12210943532825e-16,1.77700677586524e-17,-1.43490367184437e-16,1.83474112638859e-16
"t15",0.0588290005579211,-0.0236780879112825,0.0117091590686824,0.257721074808482,-0.0179757975625339,0.0752962045163508,-0.00243694542449952,0.00192290293674696,0.0140583602737063,0.00261177176015418,0.297218645711017,0.00123283662969478,-0.00418179715182001,0.00363127934103259,-0.00109658445038817,0.00226978866907685,-0.000114735538011073,0.00217822084298919,0.00289086097990245,-0.00101306511680029,0.000148941462138814,-0.000843124022451741,0.00137741597934613,-0.000220792962024339,-0.000348822657005583,0.000305358677612227,0.000137395453654952,0.000630654528049815,-3.00887786908177e-15,0.0108723072131337,0.00513486394293811,-0.168581253440503,-0.00593718845439536,-6.82112726720088e-05,1.63125768698579e-05,0.00232102798214997,2.46950476834919e-05,-0.000339117893592241,4.77618498321401e-05,4.21175501047703e-16,0.881833350211668,0.00337463649489207,0.00256158965277109,-0.000388109577728431,-0.0199279369172448,3.94033283407862e-06,-0.000259398763405195,-2.66713734431434e-17,1.0338190189486e-17,-8.45572473408929e-16,2.20147251123182e-16,-0.13060428220185,4.58114182380356e-17,0.000205156159211786,2.95749689713135e-05,-0.00012048597987477,-2.96065164870433e-07,-6.97705508863282e-07,-2.93565991364372e-06,8.67361737988404e-17,-1.3271826353289e-16,-2.40486478954827e-17,2.52401309561715e-16,-2.54276687705042e-16,3.53529830224726e-05,1.50185362804028e-07,-0.000776136293112021,3.11826879645667e-06,1.62413485438329e-16,2.09661444535864e-17,1.87133294970998e-16,-4.21704263739542e-05,1.21872397674994e-16,-6.0018890482603e-17,1.4511458074607e-16,1.31838984174237e-16,-1.94716838468597e-17,2.09025036597428e-05,-3.64291929955129e-17,-4.24841092007402e-18,-5.71964023943649e-17,-1.22243794947741e-16,3.4988250752842e-17,-1.69523988964377e-16,-3.06429975163617e-17,-1.28434667258224e-16,-3.04341350932868e-17,-6.38233564128109e-17,-8.9826149990424e-17
"t39",-0.180291795160879,-0.0542139836910035,-1.37948717198453e-05,0.000116094482401739,0.000671605997332857,-0.0133762863303968,0.112760406045056,0.156478195957168,0.000714876433474082,-0.000858977529574416,-0.000492948572526118,-0.619490571775734,-0.0173420700852156,0.0167082698617245,-0.0444706009057514,0.00165797399791029,-0.150334508275185,0.000400009141750283,9.55656725308007e-05,-0.0086070194114122,0.0837665498217623,-0.000545973112082717,0.00120577784916437,-0.000274202702529827,0.00011454322479916,-0.00113563249029613,-3.00073636555647e-05,-0.000367760249155835,2.1389140458794e-15,-0.000402523666091717,-0.000176733551924032,0.000630537994360856,-1.70400297461586e-05,-3.11384867325384e-06,1.16561559063439e-05,0.00015224605879906,2.08588998222461e-06,-0.000474005696553985,0.00594406201254572,2.21509826572765e-16,-5.01357093149798e-05,8.44242251386643e-05,0.000128674557970984,-2.49547697159735e-05,-0.000117040496250002,0.000263108402908687,-2.82593879370671e-05,6.41847686111419e-17,5.16752077667031e-16,4.62654845542455e-16,6.89552581700781e-17,-1.85534466056979e-05,-8.55162372895429e-16,3.44326631425656e-05,4.864469009957e-06,-1.91222851807891e-05,-2.73060115298234e-05,-6.20957579304822e-05,-4.41288172378651e-07,-1.6976871297647e-14,-1.0139463922289e-13,-0.707106781186548,-4.48006234754625e-15,1.34314873438328e-15,5.39154959622269e-06,1.30516276848472e-05,-9.98534791612051e-06,6.12083359070815e-06,-9.67975699595058e-16,6.19036574931259e-16,-9.48026379621325e-16,-6.56732871359353e-06,-2.23876586655844e-16,8.19777277629611e-16,-8.17324009669786e-16,-4.85722573273506e-17,1.34913247073792e-16,0.00184815603898025,2.25514051876985e-17,-6.05369622746013e-17,-9.29988171696577e-17,4.861562541425e-16,-7.69094065718732e-17,5.86676765273099e-17,4.89892611318002e-17,8.49972157138893e-18,-7.65529632975651e-17,5.0954832219833e-19,1.26634813746307e-16
"t40",-0.180291795160879,-0.0542139836910035,-1.37948717198463e-05,0.000116094482401736,0.000671605997332837,-0.0133762863303968,0.112760406045056,0.156478195957168,0.000714876433474157,-0.000858977529574301,-0.000492948572526124,-0.619490571775734,-0.0173420700852156,0.0167082698617244,-0.0444706009057514,0.00165797399791026,-0.150334508275185,0.000400009141750159,9.55656725307383e-05,-0.00860701941141217,0.0837665498217623,-0.000545973112082539,0.00120577784916437,-0.000274202702529834,0.000114543224799235,-0.00113563249029621,-3.0007363655517e-05,-0.000367760249155734,2.07819872422021e-15,-0.000402523666091785,-0.000176733551923857,0.000630537994360763,-1.70400297462895e-05,-3.11384867326424e-06,1.16561559067221e-05,0.000152246058798434,2.08588998230983e-06,-0.000474005696554629,0.00594406201254571,-2.80501494717436e-16,-5.01357093150075e-05,8.44242251388724e-05,0.000128674557970752,-2.49547697158947e-05,-0.000117040496249922,0.000263108402908498,-2.82593879368611e-05,-3.07913416985883e-16,-4.9136009898533e-16,-4.87973619451668e-16,-5.8113236445223e-17,-1.8553446605789e-05,8.47577143174859e-16,3.4432663139228e-05,4.86446901040282e-06,-1.91222851811495e-05,-2.73060115299117e-05,-6.20957579309194e-05,-4.4128817068903e-07,1.67635003101019e-14,1.01477801854304e-13,0.707106781186548,4.46937606554476e-15,-1.32659069209499e-15,5.39154959560816e-06,1.30516276865003e-05,-9.98534791675932e-06,6.12083359133575e-06,1.01654795692241e-15,-6.78312368430493e-16,6.85215773010839e-16,-6.56732871326567e-06,2.06334859745671e-16,-8.1975322225365e-16,9.20868952291055e-16,-9.10729824887824e-17,-1.39173057766319e-16,0.00184815603898101,-2.59341159658533e-16,-2.58424638460519e-17,2.49624953718184e-17,-3.1788807697275e-16,1.28221814344199e-16,-9.39876199594977e-17,-5.68288490302091e-17,3.97250369657551e-17,-1.38704136852315e-16,2.66390604071881e-17,1.26634813746307e-16
"t82",-0.192798198760421,-0.0633021948926497,-6.97385397238056e-05,-0.000799968571663541,0.000831344671561356,-0.0203233657940966,0.198518504051054,0.302808527472984,0.00280807965646159,0.000849094878612557,0.000328217762582451,0.25689991835553,0.00576922609445493,-0.00375346351424078,0.00956417682481476,-2.22288247505134e-05,-0.268643854670458,-0.00156196236149304,4.37961563906977e-06,-0.000824722569384978,0.0179677103944655,-8.56882236310258e-05,0.000207236197346602,-4.96656629522165e-05,2.48291843209197e-05,-0.000247626597931824,-6.5667343057017e-06,-8.46672481130256e-05,1.57426155444895e-16,-9.31461876593443e-05,-4.09391866062738e-05,0.000147917903861791,-4.00896729345216e-06,-7.47304493762395e-07,2.80173947083805e-06,3.68921996146427e-05,5.09934529321649e-07,-0.000116681478723589,0.00223898184498125,-8.56884236911202e-18,-1.26608773955462e-05,2.13186474539908e-05,3.24572196783424e-05,-6.27523075444271e-06,-2.9360085425418e-05,9.48598215118825e-05,-6.90429062422148e-06,4.54931231574918e-16,2.5032455990431e-16,-8.5087363116487e-17,-6.24825712003396e-16,-4.06061734798476e-06,-1.36593198986912e-16,7.27178554622485e-06,1.02292740742391e-06,-3.9739039887241e-06,-8.14500259471965e-06,-1.78089426707371e-05,-8.37563512833678e-08,5.78096598369271e-16,-8.94529935254404e-16,4.43068504161767e-16,-3.24779294157984e-16,8.41430283164052e-17,6.39172336321624e-07,2.12706567202858e-06,-1.0626171411905e-06,5.63090715983354e-07,7.15139752971439e-16,-1.06226088790784e-16,1.01481323344643e-16,-1.23834586708647e-07,-7.54790793172357e-17,4.23880281680288e-16,-1.62579875469439e-15,-1.42225640986648e-15,-1.48563310183773e-16,-0.823132916198375,9.28749264994533e-15,6.19673637304674e-17,3.22988741751732e-16,-5.0339506868502e-16,1.39996580898352e-16,-4.55937276989459e-16,8.21156427017183e-17,-1.04675440100518e-16,-2.74398073977872e-16,1.36267343357259e-16,2.52619106189123e-16
"t93",-0.193095405158435,-0.0635002254604,-7.02823252475166e-05,-0.00080652460506613,0.000841285446427021,-0.0205958525389898,0.201390661948563,0.307382366152733,0.00285971478808687,0.0008738436643451,0.000338581251834669,0.265822391365162,0.00597793998160832,-0.00389805905532155,0.00993486589010351,-2.32146578214857e-05,-0.282313024731717,-0.00164246429332637,4.66772601656618e-06,-0.000883717748426059,0.019405270355691,-9.4047976127251e-05,0.000228676967947425,-5.50331862720719e-05,2.82331256607881e-05,-0.000281968898778472,-7.4840328318157e-06,-9.79982042010932e-05,6.53990750443256e-16,-0.000108025698753227,-4.74984154176791e-05,0.000172547885013717,-4.68278191151334e-06,-8.82229350408831e-07,3.31071931850913e-06,4.38254569611399e-05,6.09722728481818e-07,-0.000140305922422131,0.00275908584192719,1.55711611536197e-17,-1.64517265099544e-05,2.79174329158444e-05,4.30909649883661e-05,-8.48570997539176e-06,-4.01168750894122e-05,0.000137649747634644,-1.01379812950161e-05,-4.00721122950642e-16,-1.27662023788156e-16,-2.60408731136424e-17,4.5102810375397e-16,-7.21140415828412e-06,9.10912651486839e-17,1.36102021662714e-05,1.92638476997128e-06,-7.61081855547526e-06,-1.58098408871078e-05,-3.64408934770475e-05,-1.81581675817027e-07,-1.09287578986539e-16,4.2203682636936e-16,-1.93778262590817e-16,4.1095809427956e-16,-6.29592673468847e-17,2.45867000750032e-06,8.61613090713068e-06,-4.62266356827338e-06,2.88312753715492e-06,-1.73472347597681e-16,-3.56799498772255e-17,-2.48065457064683e-16,-3.3528160329737e-06,7.14203594444493e-17,-2.49188469885888e-16,6.38566354474512e-16,8.82540568403201e-16,-1.32287091980872e-17,0.401490133412202,-4.93962509784396e-15,-8.43801440815742e-17,-1.67792136423996e-16,4.37150315946155e-16,-2.39998427726764e-16,-2.04327678933478e-16,1.67689960518875e-17,-2.6551243912891e-16,0.707106781186548,-1.05291973165553e-16,-4.6750797677575e-16
"t94",-0.193095405158435,-0.0635002254604,-7.02823252475394e-05,-0.000806524605066126,0.000841285446426979,-0.0205958525389897,0.201390661948563,0.307382366152733,0.00285971478808684,0.00087384366434508,0.000338581251834668,0.265822391365163,0.0059779399816084,-0.00389805905532154,0.00993486589010358,-2.3214657821505e-05,-0.282313024731717,-0.00164246429332645,4.66772601654536e-06,-0.000883717748426035,0.019405270355691,-9.40479761272327e-05,0.000228676967947388,-5.50331862721135e-05,2.8233125660658e-05,-0.000281968898778433,-7.48403283181093e-06,-9.79982042011416e-05,6.55725473919233e-16,-0.000108025698753214,-4.74984154178585e-05,0.000172547885013714,-4.68278191168611e-06,-8.82229349991154e-07,3.31071931839073e-06,4.38254569612492e-05,6.09722728047053e-07,-0.000140305922421892,0.00275908584192713,1.22739411905838e-17,-1.64517265101366e-05,2.79174329154766e-05,4.30909649881701e-05,-8.48570997530633e-06,-4.01168750894122e-05,0.000137649747634658,-1.01379812950655e-05,-1.795438797636e-16,-6.96764116287625e-17,9.01853450502284e-17,3.33934269125535e-17,-7.21140415824509e-06,6.18718486519882e-17,1.36102021664184e-05,1.92638476973969e-06,-7.6108185553058e-06,-1.58098408873042e-05,-3.64408934772059e-05,-1.81581675347785e-07,-3.45209971719385e-16,4.91424792074802e-16,-2.65183227048656e-16,-1.47622933391255e-16,-3.95408998795091e-17,2.45867000768204e-06,8.61613090710306e-06,-4.62266356819705e-06,2.88312753688411e-06,-5.01335084557297e-16,-4.12845605339008e-17,1.23165366794353e-16,-3.35281603299972e-06,2.0277660208903e-18,-2.07450563767106e-16,8.82289019711933e-16,1.6826817716975e-16,2.00141598030323e-16,0.401490133412203,-4.81125556062167e-15,-4.58760653486771e-18,-1.71280817692835e-16,1.82145964977565e-17,1.16458943096084e-16,5.31133326578207e-16,-6.21645923647575e-17,3.79755363173632e-16,-0.707106781186548,3.00284543809238e-17,8.47846098883664e-16
"t21",-0.18962400932839,-0.0611240430249902,-6.31879937380829e-05,-0.000720353149108892,0.000700682896278041,-0.0166254563529075,0.1585963668191,0.23829791987496,0.0020204360286297,0.000338365353889442,9.6292514423359e-05,0.0328576083945759,0.000220674061174032,0.000492634551618098,-0.00143592259008385,1.6696320593123e-05,0.599984892714023,0.00388342732191409,5.77643592178101e-05,-0.0052653110770456,0.076267854372578,-0.000262473080096968,0.000599719580084943,-0.00013871259073981,6.09956676978773e-05,-0.000605755076070694,-1.60226126783118e-05,-0.000199356371378113,8.95117313604032e-16,-0.000218554510895821,-9.59908578329697e-05,0.000343886227952658,-9.30239954902753e-06,-1.71195628966882e-06,6.41217049797242e-06,8.40191049369075e-05,1.15547095752349e-06,-0.000263431818539292,0.00500770331719273,-2.42601169800057e-16,-2.83557275053518e-05,4.78291337517173e-05,7.30921847986246e-05,-1.42187312657084e-05,-6.67896236402586e-05,0.000221929578068059,-1.62552092231203e-05,-8.73329186745764e-14,0.707106781186547,3.2982953538631e-15,-3.7470027081099e-15,-1.07896738810176e-05,-1.71757339152028e-15,2.00601047592314e-05,2.83452753235477e-06,-1.11481580279552e-05,-2.30764161352346e-05,-5.24894220338321e-05,-2.58038134951302e-07,4.92661467177413e-16,1.58710273491622e-15,2.11061379513596e-16,-3.21789761264929e-16,7.0244246591583e-17,3.17332045768077e-06,1.10513672833533e-05,-5.88128516067817e-06,3.60787080314557e-06,7.84095011141517e-16,7.34061101026505e-16,-9.43689570931383e-16,-3.88245796047529e-06,2.91634812852816e-17,3.48689451587195e-17,7.03155038555008e-17,2.8275992658422e-16,1.28374028992138e-17,0.00504465477066994,7.11236625150491e-17,-4.49473255953255e-17,3.37798336857573e-18,-6.67868538251071e-17,-2.42183209625459e-16,4.00303938118089e-17,-2.73316889378841e-18,-3.43700159084938e-17,6.43784181776737e-17,5.2026597801279e-17,3.72965547335014e-16
"t22",-0.18962400932839,-0.0611240430249902,-6.31879937380746e-05,-0.000720353149108901,0.000700682896278062,-0.0166254563529076,0.1585963668191,0.23829791987496,0.00202043602862964,0.000338365353889461,9.62925144233054e-05,0.0328576083945759,0.00022067406117397,0.000492634551618142,-0.00143592259008381,1.66963205930446e-05,0.599984892714023,0.00388342732191406,5.77643592178517e-05,-0.00526531107704562,0.0762678543725779,-0.000262473080096992,0.000599719580084839,-0.000138712590739803,6.09956676974333e-05,-0.000605755076070789,-1.60226126782893e-05,-0.000199356371377972,1.17267306976032e-15,-0.000218554510895613,-9.59908578328744e-05,0.000343886227952696,-9.30239954877545e-06,-1.71195628971427e-06,6.41217049825865e-06,8.40191049368798e-05,1.15547095755906e-06,-0.000263431818539558,0.0050077033171925,2.9264895516358e-16,-2.83557275054386e-05,4.78291337523279e-05,7.30921847986836e-05,-1.42187312659383e-05,-6.6789623639988e-05,0.000221929578068021,-1.62552092205339e-05,8.72600602885854e-14,-0.707106781186547,-3.38385947657002e-15,3.61689844741164e-15,-1.07896738817809e-05,1.70525286769738e-15,2.00601047573952e-05,2.83452753077444e-06,-1.11481580278008e-05,-2.30764161355707e-05,-5.24894220342671e-05,-2.58038135079672e-07,-8.04911692853238e-16,-1.5978495675501e-15,-3.55447806871108e-16,2.81894008316514e-16,-5.4655844026376e-17,3.1733204579748e-06,1.10513672831254e-05,-5.88128516052031e-06,3.60787080316e-06,-4.64905891561784e-16,-7.53303558371018e-16,9.08995101411847e-16,-3.88245796051692e-06,-1.09614400475594e-16,-1.0152369209138e-16,-1.4685952570849e-17,-3.3133218391157e-16,1.97762961030165e-17,0.00504465477066952,2.09901540593194e-16,-5.18862244015299e-17,-3.82553999629401e-17,5.63785129692462e-17,2.66090739536265e-16,-1.82014275038774e-16,7.01252132983863e-17,9.05300233028205e-17,5.61453165374008e-18,-9.39070579275454e-17,1.96023752785379e-16
"t13",-0.212433738925555,-0.0802382067891231,-0.000321991513331304,-0.00553698620198935,-0.00094510112021123,0.013178124279387,-0.0905554154911359,-0.113138598609115,-0.00037787013682391,3.3101954144158e-05,1.33882244682271e-05,0.00892662190274407,0.000170692351514409,-7.08297500846461e-05,0.000169016131543579,2.88969506793594e-07,0.00398389843536756,1.11728989928622e-05,-1.22698141275246e-05,0.00244405928389027,-0.175405362236376,-0.000251089015533924,0.000445069830912119,-8.88268661140782e-05,1.92206164210968e-05,-0.000182408846751735,-4.6831752823287e-06,-2.41955535210191e-05,4.00721122950642e-16,-2.09231021662459e-05,-8.66495779475542e-06,4.15797230387226e-06,8.65764452006538e-08,3.76567272051081e-07,-1.56097608697498e-06,-3.32535529923052e-05,-7.54685188266747e-07,0.000259285125368799,-0.830045176836749,-2.18843759088435e-16,-4.52649630188649e-05,7.13389176439788e-05,9.9535965346698e-05,-1.78266678935385e-05,-8.10994209213441e-05,0.442954781348062,-1.06925962113881e-05,-1.33747179997812e-15,1.45443825531688e-16,1.02750105090748e-16,-4.562322741819e-16,-8.83885797150867e-06,6.8572305248206e-16,1.62018862799426e-05,2.28612318902126e-06,-8.96168857575179e-06,-0.00339580972534594,-0.0070630712481749,-2.01936098635259e-07,-4.31078783780237e-16,3.84408289483852e-16,1.67035927280938e-17,-2.18709479135468e-16,7.45257766047766e-17,2.3775556351256e-06,0.000977119277463323,-4.38615068253144e-06,2.6789545693777e-06,-9.19403442267708e-17,-2.51870084526869e-17,-7.52869988573934e-16,-2.83771196036252e-06,1.35482588004075e-17,6.04017221171627e-18,-1.53437492595885e-16,-2.59774840527527e-16,1.80026244483785e-16,0.00109560296959601,-5.8113236445223e-17,9.35027617491728e-17,5.22789147771321e-17,3.68628738645072e-17,-2.79355546771581e-17,2.38863752006678e-16,-4.1922138894765e-17,2.88516672292286e-16,8.15903487202062e-17,-1.73721674566843e-16,2.65846372693446e-16
"t76",-0.220408707590069,-0.086600620322256,-0.00039432023781523,-0.00685961010007906,-0.00131575704494635,0.0192672250435335,-0.137446892212083,-0.175751590613589,-0.00066787602644129,0.00010714992374949,5.34085799307448e-05,0.0510762946399995,0.00121978730350132,-0.000850072542156353,0.00217666704549414,-5.00446447838754e-06,-0.0183804263639895,-4.79969363658666e-05,2.10495035316456e-05,-0.00336877269953558,0.1871668363362,0.000181767804682138,-0.00029040348179324,5.37853364432454e-05,-7.95823822837514e-06,7.42132023135161e-05,1.8846761399606e-06,8.14928548670823e-06,4.28476698566271e-16,6.89966443266545e-06,2.84501783451122e-06,-1.29084334468677e-06,-2.65159330169065e-08,-1.04041771229768e-07,4.27488502070935e-07,8.67564804125486e-06,1.85854159775881e-07,-6.08266214930109e-05,0.159921248698061,-7.40178980411029e-17,5.91642117838678e-06,-8.80829872414168e-06,-1.10688107458016e-05,1.69546222939193e-06,6.94489837032609e-06,0.145212911831469,2.87964238978385e-06,-3.29770932783191e-15,1.77378512593695e-16,-4.37898634255738e-16,2.27920980699903e-15,2.2966103316183e-07,-1.29014437352762e-15,-5.07317526948162e-08,-9.49328278314343e-10,6.71993098509292e-09,0.119334659063359,-0.515827017781813,2.46370149663278e-08,-4.79564304933788e-15,9.13327743549435e-16,-2.32379065199821e-16,-8.8635470844647e-16,2.45879386519853e-17,1.34117985142214e-08,0.132785441852314,1.56200060404945e-07,-5.06545731923812e-08,-3.46944695195361e-18,6.51504677521911e-16,2.0643209364124e-16,6.05859185997398e-09,2.42585664786176e-16,-2.37556325663787e-16,4.42523210793431e-16,-7.47665818146004e-16,-1.10418107857606e-15,3.66327556110266e-05,-4.3081857525884e-15,-0.707106781186547,-7.65142820526902e-16,1.05644659686988e-15,-4.36967328162772e-16,7.33489229107305e-16,-2.70706383925899e-16,-6.20225396142147e-16,7.65509583700878e-17,9.09467138182172e-17,2.1315414711065e-16
"t77",-0.220408707590069,-0.086600620322256,-0.000394320237815248,-0.00685961010007906,-0.00131575704494638,0.0192672250435335,-0.137446892212083,-0.175751590613589,-0.0006678760264413,0.000107149923749495,5.3408579930736e-05,0.0510762946399995,0.00121978730350128,-0.000850072542156354,0.00217666704549414,-5.00446447840443e-06,-0.0183804263639894,-4.79969363658714e-05,2.10495035316872e-05,-0.00336877269953563,0.1871668363362,0.000181767804682093,-0.000290403481793257,5.37853364432819e-05,-7.95823822838122e-06,7.42132023134725e-05,1.88467613994672e-06,8.14928548664496e-06,6.11490025281825e-16,6.89966443263423e-06,2.84501783446834e-06,-1.29084334472927e-06,-2.65159330294291e-08,-1.04041771160373e-07,4.27488502190848e-07,8.67564804119328e-06,1.85854159701722e-07,-6.08266214930976e-05,0.159921248698061,4.30115619630916e-17,5.91642117832736e-06,-8.80829872423883e-06,-1.10688107458033e-05,1.69546222932981e-06,6.94489837037293e-06,0.145212911831469,2.87964238976563e-06,-3.05745012640912e-15,-2.53714178191526e-17,-5.69737609376837e-16,2.45463371850718e-15,2.29661033133207e-07,-8.03120748966799e-16,-5.07317524827463e-08,-9.4932831691194e-10,6.71993091380663e-09,0.119334659063359,-0.515827017781812,2.46370151029372e-08,-5.50341022753642e-15,8.92511101889703e-16,-4.11397230288531e-16,-1.28707582864815e-15,-1.69701074618272e-16,1.34117986768517e-08,0.132785441852314,1.56200060254458e-07,-5.06545737019392e-08,7.72819308547668e-16,-4.42027887965316e-18,3.9118014383277e-16,6.05859178191143e-09,-4.92936945713093e-16,1.46685075627743e-16,3.2022543914205e-16,1.11325879070812e-15,8.31770347012457e-16,3.66327556111399e-05,4.22144957878956e-15,0.707106781186548,9.90398085588627e-16,-7.53520509877426e-16,-3.97145532920002e-17,-1.00123185194535e-15,1.41290583813181e-16,3.37343871796547e-16,2.35960589206422e-16,1.24992279769319e-16,8.5868812060852e-17
"t89",-0.220506924664432,-0.0866790748718545,-0.000395215381244683,-0.00687598404873286,-0.00132035926814791,0.0193429159289575,-0.138030264115452,-0.1765309414394,-0.000671495077535307,0.000108081840562171,5.3913213379608e-05,0.0516091024683934,0.00123306390101998,-0.000859952370504856,0.00220212628177539,-5.07188841393036e-06,-0.0186667636621745,-4.87549000967424e-05,2.14811712387665e-05,-0.00344442515367357,0.191917475654047,0.000187518911241954,-0.00030022106532821,5.569598070552e-05,-8.33077114775673e-06,7.7735015326357e-05,1.97488202135165e-06,8.59966179296723e-06,-2.38090797077817e-16,7.28775403007484e-06,3.00562451521705e-06,-1.36723887377791e-06,-2.81034310047621e-08,-1.10851350611159e-07,4.55685603167237e-07,9.27295588363164e-06,1.99327906609461e-07,-6.54344605869176e-05,0.174455413943587,-5.05312687872439e-19,6.68890696144662e-06,-1.0018121026063e-05,-1.27301956703314e-05,1.98172343443776e-06,8.19766801776626e-06,0.183757926879491,3.70617016098363e-06,1.08897266204444e-15,-1.50116917253736e-17,9.11811106617965e-16,-3.39008335292768e-15,6.46405787262062e-07,2.30095037180047e-15,-8.86457885679098e-07,-1.1062570881527e-07,-4.55753471864553e-08,-0.393917707913015,0.340074936718985,-1.35188899658134e-09,6.55682105832334e-15,-1.41235947041711e-15,-1.65957441402847e-17,-8.08825551204906e-16,-5.95934267914927e-16,8.44011521317165e-09,0.0850048905636965,1.01975859903699e-07,-3.41757620690378e-08,8.21391565875018e-16,1.35384052961593e-16,-8.62591248429467e-16,4.45668066253319e-09,-1.44386463930909e-16,-6.91190959377653e-16,-2.78546640360171e-16,5.68121938382404e-16,1.00893505400136e-16,3.07661461662498e-05,-1.28911638308526e-15,-1.10516498989883e-16,-8.92228883568427e-17,-2.27433089722284e-15,-6.68799725941745e-16,2.1116422131669e-15,0.707106781186548,2.37348571787483e-15,-1.34042294161347e-17,3.27436782829961e-17,8.40256683676266e-17
"t90",-0.220506924664432,-0.0866790748718545,-0.000395215381244678,-0.00687598404873286,-0.0013203592681479,0.0193429159289576,-0.138030264115452,-0.1765309414394,-0.000671495077535299,0.000108081840562185,5.39132133796042e-05,0.0516091024683934,0.00123306390101994,-0.000859952370504851,0.0022021262817754,-5.07188841392928e-06,-0.0186667636621745,-4.87549000967307e-05,2.14811712387145e-05,-0.00344442515367356,0.191917475654047,0.000187518911241943,-0.000300221065328209,5.56959807054688e-05,-8.33077114776627e-06,7.77350153263349e-05,1.97488202142342e-06,8.59966179296605e-06,-2.10768902331182e-16,7.28775403020798e-06,3.005624515146e-06,-1.36723887375883e-06,-2.81034310025666e-08,-1.10851350663917e-07,4.55685603221881e-07,9.27295588364465e-06,1.99327906550589e-07,-6.54344605868997e-05,0.174455413943587,2.43950520163832e-16,6.68890696138027e-06,-1.00181210260768e-05,-1.27301956704242e-05,1.98172343443071e-06,8.19766801773156e-06,0.183757926879491,3.70617016098081e-06,2.15105711021124e-15,-9.45696126574053e-17,6.30135375024099e-16,-3.402876938563e-15,6.46405787295455e-07,2.0877284559341e-15,-8.86457885749571e-07,-1.1062570899438e-07,-4.55753471275018e-08,-0.393917707913015,0.340074936718984,-1.35188904537044e-09,5.40973515983367e-15,-1.31044449643905e-15,-4.58260273458879e-17,-8.69540874956592e-16,-1.46749320064096e-16,8.44011531161721e-09,0.0850048905636967,1.01975859787039e-07,-3.41757620010719e-08,3.30464822173582e-16,-3.17742275092342e-16,-9.70577784809024e-16,4.45668073842734e-09,4.79964496279383e-18,9.71378745558903e-16,-4.96717413932131e-17,-4.8463837110102e-16,-2.89939352373175e-17,3.07661461661335e-05,1.33205078911569e-15,2.13223432768601e-17,-2.31470787769264e-16,1.8771876414414e-15,1.05573140530524e-15,-2.37782398370057e-15,-0.707106781186547,-2.4932824631157e-15,5.62452721903994e-17,9.7022064647278e-17,1.20021180494145e-16
"t56",-0.219450400313438,-0.0858363841726428,-0.00038564241087433,-0.00670094072058819,-0.00127133337686455,0.0185377070657853,-0.131830482134628,-0.168253367774885,-0.000633175808501375,9.83149994627916e-05,4.86367427580923e-05,0.0460548943008522,0.0010948555715211,-0.000757336464464136,0.0019377562501987,-4.37553333773353e-06,-0.0157282191481194,-4.09812666391641e-05,1.71156531942711e-05,-0.00268370094182019,0.144550974415726,0.000131189262777318,-0.000204642825542286,3.71834355144792e-05,-4.82965472831109e-06,4.46927348443974e-05,1.12946153582485e-06,4.45891425381679e-06,-5.95010152260045e-16,3.72859246603905e-06,1.53346951655881e-06,-6.7180285199045e-07,-1.3677213946936e-08,-4.98219358292209e-08,2.03290994328946e-07,3.96395651978357e-06,8.06186669281925e-08,-2.51509903473166e-05,0.05174166217078,1.04780401387027e-16,6.87091310011285e-07,-7.41294737770931e-07,-2.92591676063006e-07,-9.05127340818709e-08,-6.93461104222907e-07,-0.0570044554980291,-1.31308597123877e-06,1.4137996329211e-15,3.90017075052642e-17,-4.20158911291024e-16,8.10332703715666e-16,-5.95175277569738e-07,-1.15480509863465e-15,7.97962990165121e-07,9.76555173271693e-08,3.68823119200018e-08,0.281691912666706,0.12069412709811,-2.66080474545932e-08,-2.08600497986211e-15,1.29899726600133e-15,1.03437854525707e-15,7.21586251302862e-15,2.58948063121297e-15,-8.10186919040102e-08,-0.87416415600474,-1.15241712969551e-06,4.77010812195331e-07,-3.98032301562878e-15,-1.24137597335433e-15,5.92841747915074e-16,-4.3158518117474e-07,3.48506770918091e-17,-4.15600168020857e-16,-5.95236645965093e-16,-6.60929644347164e-16,4.55937746353411e-16,0.000181045400292927,-3.0140820395097e-16,-2.41373748694133e-16,2.40250085199754e-16,-2.25514051876985e-17,2.00972875093667e-16,8.97250110979683e-17,-1.42449646220535e-16,5.04125480853869e-16,-2.8770812480191e-16,-1.45280309199644e-16,5.43402128849735e-16
"t46",-0.218520209782893,-0.0850944387544098,-0.000377213266479669,-0.00654681144830109,-0.0012281624667503,0.0178286450417608,-0.126370900640481,-0.160963992118035,-0.000599429466419092,8.9712310055672e-05,4.39890317379621e-05,0.0411623181231922,0.000973108463419222,-0.00066693955607771,0.00170486533134524,-3.76204712810441e-06,-0.013139144980915,-3.4132063656218e-05,1.32685857141719e-05,-0.00201327504169042,0.102802920916678,8.15324155849844e-05,-0.000120382260629121,2.08623647589071e-05,-1.74237446254506e-06,1.55558458321061e-05,3.83960623934199e-07,8.07292823228401e-07,-4.33680868994202e-16,5.89836086902461e-07,2.35202533890795e-07,-5.85012991036193e-08,-9.54768448465726e-10,4.00040535513002e-09,-1.92978999186827e-08,-7.18081768526224e-07,-2.40706029936647e-08,1.03742836032841e-05,-0.0564606780068369,-1.6416318709165e-16,-4.60006761905576e-06,7.42908843221271e-06,1.0656536325402e-05,-1.91335128897304e-06,-8.51044896944646e-06,-0.267694626940164,-5.69948638366605e-06,-2.21177243187043e-16,-3.4299839973232e-16,-3.82418277860913e-16,2.92908058918684e-15,-1.58987609871633e-06,-2.19755703930467e-15,1.99887702344954e-06,2.42495350371089e-07,8.90064328976092e-08,0.657846706493766,0.430713660742704,-7.02745216202977e-08,-6.51388665229291e-16,-3.1073159742581e-16,-4.0654800915902e-16,-3.21774539996558e-15,-1.5920800748256e-15,8.30743005470575e-07,0.431377257266115,-8.92566028702375e-07,6.59086594346367e-07,2.32713154302289e-15,5.32745222968603e-16,6.16694195709755e-16,-7.47475414179105e-07,5.70656964451422e-16,1.67715075928432e-16,2.81845685534152e-16,-1.70436581514721e-16,2.59423279942533e-16,0.000308357552958629,2.58473797920544e-16,-3.64014184953079e-17,-3.61469487231234e-16,-1.90169061053957e-16,5.71950950288939e-17,4.29136368354859e-18,6.93465029347969e-17,-4.90421492801432e-17,2.10390559829012e-17,-1.6379487240517e-17,2.08817338420708e-16
"t29",-0.216410835345404,-0.0834117192797776,-0.000358088531582661,-0.00619709840255578,-0.00113017772801501,0.0162190892859911,-0.113976623727843,-0.144414819850993,-0.000522792621095048,7.01570815836005e-05,3.34217374186283e-05,0.0300350608480339,0.000696180244889002,-0.000461276254112819,0.00117500025983364,-2.3655312448809e-06,-0.00724179336118545,-1.85300682932349e-05,4.49290158582166e-06,-0.000483048315409492,0.00743041233582149,-3.21224391304428e-05,7.26007924771346e-05,-1.65375403185959e-05,5.35667851337546e-06,-5.14563407466774e-05,-1.33083889201045e-06,-7.61141540005672e-06,2.86229373536173e-16,-6.64868192477852e-06,-2.75901681384341e-06,1.35716952501252e-06,2.84184582896195e-08,1.28480381364474e-07,-5.34182071167989e-07,-1.15581857885478e-05,-2.66729995151852e-07,9.280262063479e-05,-0.308720335223016,-1.07082381758852e-16,-1.70829172440445e-05,2.6760966409245e-05,3.66688149750494e-05,-6.26992446293951e-06,-2.72618941988181e-05,-0.78684900696519,-1.65805718906173e-05,3.54577478489659e-15,2.43467246571672e-16,3.09464447411243e-17,-1.31145094783847e-15,-5.03729805090367e-06,4.63532464602229e-16,9.65070243068213e-06,1.38285124310841e-06,-6.00305515593741e-06,-0.386072169517886,-0.190815162268714,-9.73058856016881e-08,9.54097911787244e-16,-1.80294684570922e-16,-2.37484917439136e-16,-3.06018785061424e-16,-3.0358321709646e-16,1.24252092747719e-06,0.00583736624752035,-2.2887210327123e-06,1.40194521191677e-06,1.37043154602168e-16,1.28597670595076e-17,3.53883589099269e-16,-1.49483011970333e-06,-1.82732908880595e-16,-2.93834833719495e-17,-2.90254743340535e-17,2.84494650060196e-16,-5.25467269938042e-16,0.00058859927994,-3.60822483003176e-16,-3.20110084855166e-17,6.17140359739088e-17,-9.84455572616838e-17,-7.54443548351615e-17,1.30578538927713e-16,-7.06788273830762e-17,-7.519603440546e-17,6.24190618607068e-17,-3.90542923927955e-17,1.58293517182884e-16
"t10",-0.206315049003636,-0.0753255349195492,-0.000265059096325737,-0.00449415962292064,-0.000648110873685349,0.00826812568478208,-0.0525662161389245,-0.062268386423504,-0.000138718579632175,-3.12206418878642e-05,-2.18121510007013e-05,-0.0287691820582051,-0.000774894693166491,0.000640647881891391,-0.00166644260756039,5.28613650640751e-06,0.0259564989112217,6.95493512415345e-05,-4.8546839197347e-05,0.00906272417694243,-0.619239517301001,-0.000886244692831797,0.00160651064569195,-0.000328714845299095,0.000102100220273953,-0.00100472581498798,-2.6430591327474e-05,-0.000307894795025034,1.69309011255336e-15,-0.000335903510779806,-0.000147396066158404,0.000523202027668448,-1.41326069107222e-05,-2.60419617432188e-06,9.76707144444578e-06,0.000129518782256123,1.83178694872959e-06,-0.000435575305962795,0.221009977280169,-0.707106781186547,-2.44506565559161e-05,4.22344194466184e-05,6.62936267168401e-05,-1.31551476418501e-05,-6.22222314341017e-05,0.00458064228962859,-1.53283355520985e-05,3.34801630863524e-16,-2.1120093287896e-16,-8.7635668020206e-17,-3.87710696880816e-16,-1.01711770502978e-05,-1.13899068615832e-16,1.88771473642671e-05,2.6668619005181e-06,-1.0483694264268e-05,-0.000373783179453593,-0.000833974834948525,-2.41716717046606e-07,1.73472347597681e-16,-1.98839786425208e-16,-1.82865978025056e-16,-5.91753679811412e-17,5.11218729484946e-16,2.94655225853511e-06,0.000158029351776257,-5.45521175184926e-06,3.34286414423092e-06,-7.28583859910259e-17,-1.47963132245487e-16,-5.03069808033274e-16,-3.5821402706547e-06,2.64513923167496e-17,-5.81167398404703e-18,9.94176228408411e-17,9.0205620750794e-17,-3.56121544206205e-17,0.00142869359226197,-2.61943244872498e-16,5.27678498737782e-17,-9.65962713606304e-17,-1.97758476261356e-16,5.13772555371221e-17,-7.17517436428304e-17,-8.48748991279119e-17,-6.65172657130749e-17,4.83941009247777e-19,6.72226050286237e-17,2.25514051876985e-16
"t11",-0.206315049003636,-0.0753255349195492,-0.000265059096325735,-0.00449415962292064,-0.00064811087368536,0.00826812568478206,-0.0525662161389245,-0.062268386423504,-0.000138718579632203,-3.1220641887851e-05,-2.18121510007622e-05,-0.0287691820582052,-0.000774894693166532,0.000640647881891376,-0.0016664426075604,5.28613650645926e-06,0.0259564989112216,6.95493512414495e-05,-4.85468391974858e-05,0.00906272417694238,-0.619239517301001,-0.000886244692831779,0.00160651064569201,-0.00032871484529913,0.000102100220273866,-0.00100472581498789,-2.64305913273942e-05,-0.000307894795025162,1.60982338570648e-15,-0.000335903510780115,-0.000147396066158255,0.000523202027668545,-1.41326069107021e-05,-2.60419617445473e-06,9.76707144430787e-06,0.000129518782256425,1.8317869484709e-06,-0.000435575305962902,0.221009977280169,0.707106781186547,-2.44506565565059e-05,4.22344194446894e-05,6.62936267192028e-05,-1.31551476420934e-05,-6.22222314336854e-05,0.00458064228962851,-1.53283355515347e-05,-3.59087759527199e-16,3.35279882785925e-16,8.23672326038369e-17,6.86083134748827e-16,-1.01711770500602e-05,-3.0740762023463e-17,1.88771473643955e-05,2.66686190032034e-06,-1.04836942640182e-05,-0.000373783179453397,-0.000833974834948581,-2.41716717579166e-07,2.0122792321331e-16,2.32048183819358e-17,7.42938703012233e-17,1.17766426560914e-16,-4.65430587533012e-16,2.94655225856026e-06,0.000158029351776446,-5.45521175186314e-06,3.34286414419995e-06,1.76941794549634e-16,4.9479126113438e-17,2.53269627492614e-16,-3.58214027057144e-06,-1.12326486094307e-16,-9.14636459529064e-17,2.27310765986243e-18,-1.56125112837913e-17,5.45934662717851e-17,0.00142869359226194,6.93889390390723e-17,-9.68219563196218e-18,4.21816052497533e-17,-1.2490009027033e-16,-7.43901985948857e-17,-1.82774050703307e-16,1.4584332290609e-16,4.45050331466815e-17,3.14022807618701e-18,4.95501068899989e-17,2.17707796235089e-16
"t78",-0.191795102410717,-0.0641229909401965,-0.000150410006065606,-0.00241738233165863,-0.000118265115823925,-0.000106742640191145,0.0100748424890412,0.0198899870308792,0.000206407985744239,-8.97890294369785e-05,-4.98601022475642e-05,-0.0533639432361215,-0.00133056593915582,0.000985171174856554,-0.00253645796438197,6.46933031748077e-06,0.0254071407644539,6.66066490320535e-05,-2.82066854955346e-05,0.00413395892211606,-0.178525746628971,1.58006486582574e-05,-0.000178944631802749,5.97613611511855e-05,-5.8885103105614e-05,0.000598931343311354,1.60751245794591e-05,0.000248096366275532,-1.53662491578745e-15,0.000278405698734126,0.000122858391468412,-0.000467269786516815,1.2819776779493e-05,2.61705505805954e-06,-9.88730483001904e-06,-0.000135780268162418,-1.97337324734193e-06,0.000471514089558542,-0.0395709744230704,-2.25514051876985e-17,7.23810854634799e-05,-0.00012590942119033,-0.000202348397705996,4.18273492678507e-05,0.000202762302862197,-0.00278401653760757,5.89231161268759e-05,1.01785368862767e-15,8.14376187981381e-17,3.16396724088887e-17,8.09421149157797e-17,5.19764284526293e-05,-6.14115260722786e-17,-0.000101845105225125,-1.4472862920454e-05,5.77860963119731e-05,0.000410038301232725,0.000968674309341585,1.46820689582588e-06,-1.21522704238331e-16,-1.15380078274223e-17,4.51994176185092e-17,-3.68099371179458e-17,4.06409634811657e-17,-2.25420619139129e-05,-0.000262262741020742,4.28530232936819e-05,-2.70174470406217e-05,5.4099548779429e-17,-4.81006535566218e-17,5.57100460548941e-16,3.23037220295937e-05,1.49225155113015e-16,7.33192629205545e-17,2.97780760495225e-17,-2.40190549106727e-16,4.27722555500177e-17,-0.020670811402647,4.0971740022455e-16,1.94428455531279e-16,-1.81241807151928e-16,5.33213868607039e-17,8.62354295157614e-19,-4.91333073636975e-17,6.61018594268151e-17,7.19106661574651e-17,-9.73211285105086e-18,1.34833461536224e-16,1.59995533405254e-15
"t79",-0.191795102410717,-0.0641229909401965,-0.000150410006065606,-0.00241738233165863,-0.000118265115823925,-0.000106742640191145,0.0100748424890412,0.0198899870308792,0.000206407985744239,-8.97890294369785e-05,-4.98601022475642e-05,-0.0533639432361215,-0.00133056593915582,0.000985171174856554,-0.00253645796438197,6.46933031748077e-06,0.0254071407644539,6.66066490320535e-05,-2.82066854955346e-05,0.00413395892211606,-0.178525746628971,1.58006486582574e-05,-0.000178944631802749,5.97613611511855e-05,-5.8885103105614e-05,0.000598931343311354,1.60751245794591e-05,0.000248096366275532,-1.53662491578745e-15,0.000278405698734126,0.000122858391468412,-0.000467269786516815,1.2819776779493e-05,2.61705505805954e-06,-9.88730483001904e-06,-0.000135780268162418,-1.97337324734193e-06,0.000471514089558542,-0.0395709744230704,-2.25514051876985e-17,7.23810854634799e-05,-0.00012590942119033,-0.000202348397705996,4.18273492678507e-05,0.000202762302862197,-0.00278401653760757,5.89231161268759e-05,1.01785368862767e-15,8.14376187981381e-17,3.16396724088887e-17,8.09421149157797e-17,5.19764284526293e-05,-6.14115260722786e-17,-0.000101845105225125,-1.4472862920454e-05,5.77860963119731e-05,0.000410038301232725,0.000968674309341585,1.46820689582588e-06,-1.21522704238331e-16,-1.15380078274223e-17,4.51994176185092e-17,-3.68099371179458e-17,4.06409634811657e-17,-2.25420619139129e-05,-0.000262262741020742,4.28530232936819e-05,-2.70174470406217e-05,5.4099548779429e-17,-4.81006535566218e-17,5.57100460548941e-16,3.23037220295937e-05,1.49225155113015e-16,7.33192629205545e-17,2.97780760495225e-17,-2.40190549106727e-16,4.27722555500177e-17,-0.020670811402647,4.0971740022455e-16,1.94428455531279e-16,-1.81241807151928e-16,5.33213868607039e-17,8.62354295157614e-19,-4.91333073636975e-17,6.61018594268151e-17,7.19106661574651e-17,-9.73211285105086e-18,1.34833461536224e-16,1.59995533405254e-15
"t51",-0.191795102410717,-0.0641229909401965,-0.000150410006065606,-0.00241738233165863,-0.000118265115823925,-0.000106742640191145,0.0100748424890412,0.0198899870308792,0.000206407985744239,-8.97890294369785e-05,-4.98601022475642e-05,-0.0533639432361215,-0.00133056593915582,0.000985171174856554,-0.00253645796438197,6.46933031748077e-06,0.0254071407644539,6.66066490320535e-05,-2.82066854955346e-05,0.00413395892211606,-0.178525746628971,1.58006486582574e-05,-0.000178944631802749,5.97613611511855e-05,-5.8885103105614e-05,0.000598931343311354,1.60751245794591e-05,0.000248096366275532,-1.53662491578745e-15,0.000278405698734126,0.000122858391468412,-0.000467269786516815,1.2819776779493e-05,2.61705505805954e-06,-9.88730483001904e-06,-0.000135780268162418,-1.97337324734193e-06,0.000471514089558542,-0.0395709744230704,-2.25514051876985e-17,7.23810854634799e-05,-0.00012590942119033,-0.000202348397705996,4.18273492678507e-05,0.000202762302862197,-0.00278401653760757,5.89231161268759e-05,1.01785368862767e-15,8.14376187981381e-17,3.16396724088887e-17,8.09421149157797e-17,5.19764284526293e-05,-6.14115260722786e-17,-0.000101845105225125,-1.4472862920454e-05,5.77860963119731e-05,0.000410038301232725,0.000968674309341585,1.46820689582588e-06,-1.21522704238331e-16,-1.15380078274223e-17,4.51994176185092e-17,-3.68099371179458e-17,4.06409634811657e-17,-2.25420619139129e-05,-0.000262262741020742,4.28530232936819e-05,-2.70174470406217e-05,5.4099548779429e-17,-4.81006535566218e-17,5.57100460548941e-16,3.23037220295937e-05,1.49225155113015e-16,7.33192629205545e-17,2.97780760495225e-17,-2.40190549106727e-16,4.27722555500177e-17,-0.020670811402647,4.0971740022455e-16,1.94428455531279e-16,-1.81241807151928e-16,5.33213868607039e-17,8.62354295157614e-19,-4.91333073636975e-17,6.61018594268151e-17,7.19106661574651e-17,-9.73211285105086e-18,1.34833461536224e-16,1.59995533405254e-15
"t72",-0.191795102410717,-0.0641229909401965,-0.000150410006065606,-0.00241738233165863,-0.000118265115823925,-0.000106742640191145,0.0100748424890412,0.0198899870308792,0.000206407985744239,-8.97890294369785e-05,-4.98601022475642e-05,-0.0533639432361215,-0.00133056593915582,0.000985171174856554,-0.00253645796438197,6.46933031748077e-06,0.0254071407644539,6.66066490320535e-05,-2.82066854955346e-05,0.00413395892211606,-0.178525746628971,1.58006486582574e-05,-0.000178944631802749,5.97613611511855e-05,-5.8885103105614e-05,0.000598931343311354,1.60751245794591e-05,0.000248096366275532,-1.53662491578745e-15,0.000278405698734126,0.000122858391468412,-0.000467269786516815,1.2819776779493e-05,2.61705505805954e-06,-9.88730483001904e-06,-0.000135780268162418,-1.97337324734193e-06,0.000471514089558542,-0.0395709744230704,-2.25514051876985e-17,7.23810854634799e-05,-0.00012590942119033,-0.000202348397705996,4.18273492678507e-05,0.000202762302862197,-0.00278401653760757,5.89231161268759e-05,1.01785368862767e-15,8.14376187981381e-17,3.16396724088887e-17,8.09421149157797e-17,5.19764284526293e-05,-6.14115260722786e-17,-0.000101845105225125,-1.4472862920454e-05,5.77860963119731e-05,0.000410038301232725,0.000968674309341585,1.46820689582588e-06,-1.21522704238331e-16,-1.15380078274223e-17,4.51994176185092e-17,-3.68099371179458e-17,4.06409634811657e-17,-2.25420619139129e-05,-0.000262262741020742,4.28530232936819e-05,-2.70174470406217e-05,5.4099548779429e-17,-4.81006535566218e-17,5.57100460548941e-16,3.23037220295937e-05,1.49225155113015e-16,7.33192629205545e-17,2.97780760495225e-17,-2.40190549106727e-16,4.27722555500177e-17,-0.020670811402647,4.0971740022455e-16,1.94428455531279e-16,-1.81241807151928e-16,5.33213868607039e-17,8.62354295157614e-19,-4.91333073636975e-17,6.61018594268151e-17,7.19106661574651e-17,-9.73211285105086e-18,1.34833461536224e-16,1.59995533405254e-15
"t73",-0.191795102410717,-0.0641229909401965,-0.000150410006065606,-0.00241738233165863,-0.000118265115823925,-0.000106742640191145,0.0100748424890412,0.0198899870308792,0.000206407985744239,-8.97890294369785e-05,-4.98601022475642e-05,-0.0533639432361215,-0.00133056593915582,0.000985171174856554,-0.00253645796438197,6.46933031748077e-06,0.0254071407644539,6.66066490320535e-05,-2.82066854955346e-05,0.00413395892211606,-0.178525746628971,1.58006486582574e-05,-0.000178944631802749,5.97613611511855e-05,-5.8885103105614e-05,0.000598931343311354,1.60751245794591e-05,0.000248096366275532,-1.53662491578745e-15,0.000278405698734126,0.000122858391468412,-0.000467269786516815,1.2819776779493e-05,2.61705505805954e-06,-9.88730483001904e-06,-0.000135780268162418,-1.97337324734193e-06,0.000471514089558542,-0.0395709744230704,-2.25514051876985e-17,7.23810854634799e-05,-0.00012590942119033,-0.000202348397705996,4.18273492678507e-05,0.000202762302862197,-0.00278401653760757,5.89231161268759e-05,1.01785368862767e-15,8.14376187981381e-17,3.16396724088887e-17,8.09421149157797e-17,5.19764284526293e-05,-6.14115260722786e-17,-0.000101845105225125,-1.4472862920454e-05,5.77860963119731e-05,0.000410038301232725,0.000968674309341585,1.46820689582588e-06,-1.21522704238331e-16,-1.15380078274223e-17,4.51994176185092e-17,-3.68099371179458e-17,4.06409634811657e-17,-2.25420619139129e-05,-0.000262262741020742,4.28530232936819e-05,-2.70174470406217e-05,5.4099548779429e-17,-4.81006535566218e-17,5.57100460548941e-16,3.23037220295937e-05,1.49225155113015e-16,7.33192629205545e-17,2.97780760495225e-17,-2.40190549106727e-16,4.27722555500177e-17,-0.020670811402647,4.0971740022455e-16,1.94428455531279e-16,-1.81241807151928e-16,5.33213868607039e-17,8.62354295157614e-19,-4.91333073636975e-17,6.61018594268151e-17,7.19106661574651e-17,-9.73211285105086e-18,1.34833461536224e-16,1.59995533405254e-15
"t58",-0.191795102410717,-0.0641229909401965,-0.000150410006065606,-0.00241738233165863,-0.000118265115823925,-0.000106742640191145,0.0100748424890412,0.0198899870308792,0.000206407985744239,-8.97890294369785e-05,-4.98601022475642e-05,-0.0533639432361215,-0.00133056593915582,0.000985171174856554,-0.00253645796438197,6.46933031748077e-06,0.0254071407644539,6.66066490320535e-05,-2.82066854955346e-05,0.00413395892211606,-0.178525746628971,1.58006486582574e-05,-0.000178944631802749,5.97613611511855e-05,-5.8885103105614e-05,0.000598931343311354,1.60751245794591e-05,0.000248096366275532,-1.53662491578745e-15,0.000278405698734126,0.000122858391468412,-0.000467269786516815,1.2819776779493e-05,2.61705505805954e-06,-9.88730483001904e-06,-0.000135780268162418,-1.97337324734193e-06,0.000471514089558542,-0.0395709744230704,-2.25514051876985e-17,7.23810854634799e-05,-0.00012590942119033,-0.000202348397705996,4.18273492678507e-05,0.000202762302862197,-0.00278401653760757,5.89231161268759e-05,1.01785368862767e-15,8.14376187981381e-17,3.16396724088887e-17,8.09421149157797e-17,5.19764284526293e-05,-6.14115260722786e-17,-0.000101845105225125,-1.4472862920454e-05,5.77860963119731e-05,0.000410038301232725,0.000968674309341585,1.46820689582588e-06,-1.21522704238331e-16,-1.15380078274223e-17,4.51994176185092e-17,-3.68099371179458e-17,4.06409634811657e-17,-2.25420619139129e-05,-0.000262262741020742,4.28530232936819e-05,-2.70174470406217e-05,5.4099548779429e-17,-4.81006535566218e-17,5.57100460548941e-16,3.23037220295937e-05,1.49225155113015e-16,7.33192629205545e-17,2.97780760495225e-17,-2.40190549106727e-16,4.27722555500177e-17,-0.020670811402647,4.0971740022455e-16,1.94428455531279e-16,-1.81241807151928e-16,5.33213868607039e-17,8.62354295157614e-19,-4.91333073636975e-17,6.61018594268151e-17,7.19106661574651e-17,-9.73211285105086e-18,1.34833461536224e-16,1.59995533405254e-15
"t59",-0.191795102410717,-0.0641229909401965,-0.000150410006065606,-0.00241738233165863,-0.000118265115823925,-0.000106742640191145,0.0100748424890412,0.0198899870308792,0.000206407985744239,-8.97890294369785e-05,-4.98601022475642e-05,-0.0533639432361215,-0.00133056593915582,0.000985171174856554,-0.00253645796438197,6.46933031748077e-06,0.0254071407644539,6.66066490320535e-05,-2.82066854955346e-05,0.00413395892211606,-0.178525746628971,1.58006486582574e-05,-0.000178944631802749,5.97613611511855e-05,-5.8885103105614e-05,0.000598931343311354,1.60751245794591e-05,0.000248096366275532,-1.53662491578745e-15,0.000278405698734126,0.000122858391468412,-0.000467269786516815,1.2819776779493e-05,2.61705505805954e-06,-9.88730483001904e-06,-0.000135780268162418,-1.97337324734193e-06,0.000471514089558542,-0.0395709744230704,-2.25514051876985e-17,7.23810854634799e-05,-0.00012590942119033,-0.000202348397705996,4.18273492678507e-05,0.000202762302862197,-0.00278401653760757,5.89231161268759e-05,1.01785368862767e-15,8.14376187981381e-17,3.16396724088887e-17,8.09421149157797e-17,5.19764284526293e-05,-6.14115260722786e-17,-0.000101845105225125,-1.4472862920454e-05,5.77860963119731e-05,0.000410038301232725,0.000968674309341585,1.46820689582588e-06,-1.21522704238331e-16,-1.15380078274223e-17,4.51994176185092e-17,-3.68099371179458e-17,4.06409634811657e-17,-2.25420619139129e-05,-0.000262262741020742,4.28530232936819e-05,-2.70174470406217e-05,5.4099548779429e-17,-4.81006535566218e-17,5.57100460548941e-16,3.23037220295937e-05,1.49225155113015e-16,7.33192629205545e-17,2.97780760495225e-17,-2.40190549106727e-16,4.27722555500177e-17,-0.020670811402647,4.0971740022455e-16,1.94428455531279e-16,-1.81241807151928e-16,5.33213868607039e-17,8.62354295157614e-19,-4.91333073636975e-17,6.61018594268151e-17,7.19106661574651e-17,-9.73211285105086e-18,1.34833461536224e-16,1.59995533405254e-15
"t99",-0.191795102410717,-0.0641229909401965,-0.000150410006065606,-0.00241738233165863,-0.000118265115823925,-0.000106742640191145,0.0100748424890412,0.0198899870308792,0.000206407985744239,-8.97890294369785e-05,-4.98601022475642e-05,-0.0533639432361215,-0.00133056593915582,0.000985171174856554,-0.00253645796438197,6.46933031748077e-06,0.0254071407644539,6.66066490320535e-05,-2.82066854955346e-05,0.00413395892211606,-0.178525746628971,1.58006486582574e-05,-0.000178944631802749,5.97613611511855e-05,-5.8885103105614e-05,0.000598931343311354,1.60751245794591e-05,0.000248096366275532,-1.53662491578745e-15,0.000278405698734126,0.000122858391468412,-0.000467269786516815,1.2819776779493e-05,2.61705505805954e-06,-9.88730483001904e-06,-0.000135780268162418,-1.97337324734193e-06,0.000471514089558542,-0.0395709744230704,-2.25514051876985e-17,7.23810854634799e-05,-0.00012590942119033,-0.000202348397705996,4.18273492678507e-05,0.000202762302862197,-0.00278401653760757,5.89231161268759e-05,1.01785368862767e-15,8.14376187981381e-17,3.16396724088887e-17,8.09421149157797e-17,5.19764284526293e-05,-6.14115260722786e-17,-0.000101845105225125,-1.4472862920454e-05,5.77860963119731e-05,0.000410038301232725,0.000968674309341585,1.46820689582588e-06,-1.21522704238331e-16,-1.15380078274223e-17,4.51994176185092e-17,-3.68099371179458e-17,4.06409634811657e-17,-2.25420619139129e-05,-0.000262262741020742,4.28530232936819e-05,-2.70174470406217e-05,5.4099548779429e-17,-4.81006535566218e-17,5.57100460548941e-16,3.23037220295937e-05,1.49225155113015e-16,7.33192629205545e-17,2.97780760495225e-17,-2.40190549106727e-16,4.27722555500177e-17,-0.020670811402647,4.0971740022455e-16,1.94428455531279e-16,-1.81241807151928e-16,5.33213868607039e-17,8.62354295157614e-19,-4.91333073636975e-17,6.61018594268151e-17,7.19106661574651e-17,-9.73211285105086e-18,1.34833461536224e-16,1.59995533405254e-15
"t100",-0.191795102410717,-0.0641229909401965,-0.000150410006065606,-0.00241738233165863,-0.000118265115823925,-0.000106742640191145,0.0100748424890412,0.0198899870308792,0.000206407985744239,-8.97890294369785e-05,-4.98601022475642e-05,-0.0533639432361215,-0.00133056593915582,0.000985171174856554,-0.00253645796438197,6.46933031748077e-06,0.0254071407644539,6.66066490320535e-05,-2.82066854955346e-05,0.00413395892211606,-0.178525746628971,1.58006486582574e-05,-0.000178944631802749,5.97613611511855e-05,-5.8885103105614e-05,0.000598931343311354,1.60751245794591e-05,0.000248096366275532,-1.53662491578745e-15,0.000278405698734126,0.000122858391468412,-0.000467269786516815,1.2819776779493e-05,2.61705505805954e-06,-9.88730483001904e-06,-0.000135780268162418,-1.97337324734193e-06,0.000471514089558542,-0.0395709744230704,-2.25514051876985e-17,7.23810854634799e-05,-0.00012590942119033,-0.000202348397705996,4.18273492678507e-05,0.000202762302862197,-0.00278401653760757,5.89231161268759e-05,1.01785368862767e-15,8.14376187981381e-17,3.16396724088887e-17,8.09421149157797e-17,5.19764284526293e-05,-6.14115260722786e-17,-0.000101845105225125,-1.4472862920454e-05,5.77860963119731e-05,0.000410038301232725,0.000968674309341585,1.46820689582588e-06,-1.21522704238331e-16,-1.15380078274223e-17,4.51994176185092e-17,-3.68099371179458e-17,4.06409634811657e-17,-2.25420619139129e-05,-0.000262262741020742,4.28530232936819e-05,-2.70174470406217e-05,5.4099548779429e-17,-4.81006535566218e-17,5.57100460548941e-16,3.23037220295937e-05,1.49225155113015e-16,7.33192629205545e-17,2.97780760495225e-17,-2.40190549106727e-16,4.27722555500177e-17,-0.020670811402647,4.0971740022455e-16,1.94428455531279e-16,-1.81241807151928e-16,5.33213868607039e-17,8.62354295157614e-19,-4.91333073636975e-17,6.61018594268151e-17,7.19106661574651e-17,-9.73211285105086e-18,1.34833461536224e-16,1.59995533405254e-15
"t14",-0.191795102410717,-0.0641229909401965,-0.000150410006065606,-0.00241738233165863,-0.000118265115823925,-0.000106742640191145,0.0100748424890412,0.0198899870308792,0.000206407985744239,-8.97890294369785e-05,-4.98601022475642e-05,-0.0533639432361215,-0.00133056593915582,0.000985171174856554,-0.00253645796438197,6.46933031748077e-06,0.0254071407644539,6.66066490320535e-05,-2.82066854955346e-05,0.00413395892211606,-0.178525746628971,1.58006486582574e-05,-0.000178944631802749,5.97613611511855e-05,-5.8885103105614e-05,0.000598931343311354,1.60751245794591e-05,0.000248096366275532,-1.53662491578745e-15,0.000278405698734126,0.000122858391468412,-0.000467269786516815,1.2819776779493e-05,2.61705505805954e-06,-9.88730483001904e-06,-0.000135780268162418,-1.97337324734193e-06,0.000471514089558542,-0.0395709744230704,-2.25514051876985e-17,7.23810854634799e-05,-0.00012590942119033,-0.000202348397705996,4.18273492678507e-05,0.000202762302862197,-0.00278401653760757,5.89231161268759e-05,1.01785368862767e-15,8.14376187981381e-17,3.16396724088887e-17,8.09421149157797e-17,5.19764284526293e-05,-6.14115260722786e-17,-0.000101845105225125,-1.4472862920454e-05,5.77860963119731e-05,0.000410038301232725,0.000968674309341585,1.46820689582588e-06,-1.21522704238331e-16,-1.15380078274223e-17,4.51994176185092e-17,-3.68099371179458e-17,4.06409634811657e-17,-2.25420619139129e-05,-0.000262262741020742,4.28530232936819e-05,-2.70174470406217e-05,5.4099548779429e-17,-4.81006535566218e-17,5.57100460548941e-16,3.23037220295937e-05,1.49225155113015e-16,7.33192629205545e-17,2.97780760495225e-17,-2.40190549106727e-16,4.27722555500177e-17,-0.020670811402647,4.0971740022455e-16,1.94428455531279e-16,-1.81241807151928e-16,5.33213868607039e-17,8.62354295157614e-19,-4.91333073636975e-17,6.61018594268151e-17,7.19106661574651e-17,-9.73211285105086e-18,1.34833461536224e-16,1.59995533405254e-15
