accepted_species,0
t170,
t273,
t282,
t216,
t163,
t140,
t185,
t212,
t210,
t189,
t111,
t194,
t190,
t177,
t143,
t208,
t211,
t180,
t144,
t145,
t202,
t181,
t205,
t270,
t279,
t292,-1.8235064818434399
t179,
t119,
t188,
t271,
t331,-1.2098886033168728
t232,
t199,-0.122187089918714
