accepted_species,estimate
Asclepias_albicans,-0.34867991428795475
Asclepias_cordifolia,-0.3486799142879551
Asclepias_incarnata,-0.3549424572193167
Asclepias_oenotheroides,-0.34867991428795453
Asclepias_speciosa,-0.3486799142879542
Asclepias_subulata,-0.34867991428795453
Asclepias_verticillata,-0.3549424572193167
Calotropis_procera,-0.31092844316773327
Hoya_australis,-0.13078516007316765
Wrightia_tinctoria,-0.03304562722055157
