"accepted_species","estimate"
"t45",0.731555159627931
"t46",0.731555159627931
"t49",-0.384544385185919
"t100",-0.524533507107631
"t7",-0.0554459341270809
"t78",0.456612969899974
"t79",0.456612969899974
"t47",0.53181951001172
"t39",0.517747624799386
"t27",-0.435939818355987
