accepted_species,estimate
t16,-0.09926386244032305
t30,0.24060878820333506
t7,0.26695501106673275
t3,0.1317934560966239
t12,1.695954105322102
t4,1.6198247794254428
t44,-0.6941642968307558
t53,-0.5350846182574109
t93,-0.7145101143623835
t22,-0.9394548585874013
