accepted_species,0,1
t29,0.0064441274848265895,0.9935558725151734
t26,0.00640967167182982,0.9935903283281702
t50,0.006384056751150058,0.9936159432488499
t72,0.007596816773028703,0.9924031832269713
t73,0.011379155830097853,0.9886208441699021
t25,0.010259913710919721,0.9897400862890803
t30,0.008181978615024121,0.9918180213849759
t37,0.0082876288058914,0.9917123711941086
t36,0.008176427686329313,0.9918235723136707
t6,0.011826450540758038,0.988173549459242
