"accepted_species","estimate"
"t1",0.613920721767284
"t53",1.06039850091427
"t30",0.550680752051078
"t28",-0.193929861132873
"t33",-0.136192012158737
"t27",-0.15488853597858
"t3",-0.0496221142748822
"t75",0.40157973736921
"t18",0.0221168827247196
"t97",-0.575715633468476
