accepted_species,estimate
t1,0.37961894
t53,1.0988841
t30,0.7619713
t28,-0.30588454
t33,0.25542805
t27,-0.08082672
t3,0.86577106
t75,0.30400383
t18,0.07787089
t97,-0.12114224
