"accepted_species","0","1"
"t33",0.498334915366532,0.501665084633468
"t39",0.524964121722729,0.475035878277271
"t41",0.474609404810475,0.525390595189525
"t45",0.495573020935593,0.504426979064407
"t67",0.474114709250742,0.525885290749258
"t68",0.430964562002516,0.569035437997483
"t81",0.428588246716495,0.571411753283505
"t82",0.624168468341424,0.375831531658576
"t85",0.391830016681876,0.608169983318124
"t90",0.233228467540405,0.766771532459595
"t93",0.239311058947442,0.760688941052558
"t109",0.16710359506037,0.83289640493963
"t122",0.11086602885185,0.88913397114815
