accepted_species,0,1
t56,0.0043059587,0.99569404
t65,0.0043059587,0.99569404
t66,0.0043059587,0.99569404
t7,0.9805968,0.019403243
t62,0.0052205324,0.99477947
t10,0.9805968,0.019403243
t51,0.011953354,0.98804665
t70,0.011281848,0.98871815
t64,0.014540553,0.98545945
t39,0.063128054,0.93687195
