accepted_species,0,1
t45,0.9997556,0.00024436184
t77,0.9977679,0.0022320866
t57,0.9950732,0.00492681
t28,0.991255,0.008745042
t18,0.10814273,0.89185727
t11,0.77019393,0.22980607
t20,0.98288906,0.017110946
t40,0.9394292,0.060570758
t62,0.8949512,0.10504877
t7,0.9890248,0.0109751765
