accepted_species,estimate
t128,1.9921958181388244
t91,1.7842965986046182
t115,1.2587099156202637
t99,-0.2449900829752819
t5,0.3586015986244018
t87,0.0822446124591294
t88,0.0822446124591294
t55,0.45869509005964626
t44,0.6518973948245548
t94,1.765210517510086
t132,-0.9413129685764484
t85,-0.632269263203995
t63,-0.567725258191118
t111,-2.1008588072183
