accepted_species,estimate
t43,0.40888290132763433
t44,0.40888290132763433
t55,0.44406680843290813
t79,0.44726439473353635
t3,0.5668519446562816
t35,0.6374539679378342
t28,0.6374539679378342
t67,0.7613333092098161
t14,0.7609908970333881
t100,0.7338960010175156
