accepted_species,estimate
t43,0.41266257
t44,0.41266257
t55,0.423452
t79,0.423452
t3,0.5078261
t35,0.5207915
t28,0.5207915
t67,0.77928734
t14,0.6980534
t100,0.672625
