"accepted_species","0","1"
"t55",0.850627647550547,0.149372352449452
"t57",0.0370098208266079,0.962990179173392
"t117",0.616970902489051,0.383029097510949
"t170",0.923413420757057,0.0765865792429428
"t232",0.0108494012567926,0.989150598743207
"t144",0.0261850222844761,0.973814977715524
"t165",0.926591752553741,0.0734082474462587
"t47",0.29823711570225,0.70176288429775
"t18",0.0379661220277541,0.962033877972246
"t35",0.199447534079283,0.800552465920717
"t70",0.921650932267538,0.0783490677324623
"t61",0.771363282136797,0.228636717863203
"t218",0.982427582134089,0.0175724178659107
"t63",0.836800312484164,0.163199687515836
"t129",0.846991593295893,0.153008406704107
"t198",0.957211725591021,0.0427882744089793
"t124",0.940547688932603,0.0594523110673972
"t227",0.99149499837288,0.00850500162711964
"t97",0.994537283798824,0.00546271620117606
"t163",0.937428454881394,0.0625715451186057
"t134",0.946779765767646,0.0532202342323541
"t234",0.998146827953379,0.00185317204662078
"t53",0.917726183126855,0.0822738168731448
"t177",0.0404374918600739,0.959562508139926
