"accepted_species","0","1"
"t359",0.497281614435533,0.502718385564467
"t447",0.4364139494397,0.5635860505603
"t517",0.491116189053405,0.508883810946595
"t518",0.491116189053405,0.508883810946595
"t536",0.190943378531808,0.809056621468192
"t556",0.491116189054865,0.508883810945135
"t557",0.491116189054865,0.508883810945135
"t569",0.0705109790249872,0.929489020975013
"t576",0.0122661298625514,0.987733870137449
"t581",0.00186317673792637,0.998136823262074
