accepted_species,0,1
t359,0.42835458539921356,0.5716454146007864
t447,0.42839640314164573,0.5716035968583543
t517,0.4283771245700877,0.5716228754299123
t518,0.42829668376267027,0.5717033162373297
t536,0.42816971093379086,0.5718302890662091
t556,0.42828784508461537,0.5717121549153846
t557,0.4284782625293424,0.5715217374706576
t569,0.42843866167282973,0.5715613383271703
t576,0.42821591015256943,0.5717840898474306
t581,0.42840825768691215,0.5715917423130878
