accepted_species,0,1
t83,0.4564429417508111,0.5435570582491889
t74,0.45645413670469015,0.5435458632953099
t78,0.45626636297446055,0.5437336370255395
t7,0.4562692836548985,0.5437307163451015
t11,0.45614022948140287,0.5438597705185971
t34,0.45621360736543015,0.5437863926345698
t12,0.45621491787957036,0.5437850821204296
t80,0.45644113302545986,0.5435588669745401
t59,0.4562367690365088,0.5437632309634912
t60,0.4562204049323082,0.5437795950676918
