accepted_species,0,1
t83,0.45989775897645835,0.5401022410235417
t74,0.4599020903306761,0.5400979096693239
t78,0.45994817719945047,0.5400518228005495
t7,0.4600523549327581,0.5399476450672419
t11,0.46004513183498763,0.5399548681650124
t34,0.46000841157665384,0.5399915884233462
t12,0.46001450096529617,0.5399854990347038
t80,0.4601479092389007,0.5398520907610993
t59,0.4602235530779355,0.5397764469220645
t60,0.4602236449042907,0.5397763550957093
