"accepted_species","0","1"
"t9","0.999967089963514","3.29100364862431e-05"
"t244","4.77121231477794e-07","0.999999522878768"
"t118","0.00341534200775242","0.996584657992248"
"t75","0.0659075672805394","0.934092432719461"
"t178","0.000558018315199582","0.9994419816848"
"t111","0.00017511883514531","0.999824881164855"
"t96","0.334451331659259","0.665548668340741"
"t31","0.999772970721146","0.000227029278853539"
"t133","0.000236942761767053","0.999763057238233"
"t172","0.000164934310355913","0.999835065689644"
"t36","0.989978744455802","0.0100212555441979"
"t37","0.989978744455802","0.0100212555441979"
"t114","0.00111864162942545","0.998881358370575"
"t125","0.00246324914840331","0.997536750851597"
"t187","0.00268540915811901","0.997314590841881"
"t167","0.00241673865250312","0.997583261347497"
"t249","0.000117840484561326","0.999882159515439"
"t63","0.991214601354569","0.00878539864543146"
"t58","0.999794751840853","0.000205248159146614"
"t34","0.998201892566837","0.00179810743316273"
"t263","0.00168166673597383","0.998318333264026"
"t264","0.00168166673597383","0.998318333264026"
"t44","0.999387408369811","0.000612591630189331"
"t15","0.996638654894527","0.00336134510547337"
"t227","4.8818171568216e-05","0.999951181828432"
"t204","0.000168413504220359","0.99983158649578"
