accepted_species,0,1
t16,0.9904749,0.009525099
t18,0.9904749,0.009525099
t24,0.9904749,0.009525099
t28,0.99218804,0.0078119775
t29,0.9941976,0.0058023776
t61,0.9872784,0.012721606
t64,0.9941976,0.0058023776
t65,0.9941976,0.0058023776
t111,0.9872784,0.012721606
t112,0.9904749,0.009525099
