"","V_1","V_2","V_3","V_4","V_5","V_6","V_7","V_8","V_9","V_10","V_11","V_12","V_13","V_14","V_15","V_16","V_17","V_18","V_19","V_20","V_21","V_22","V_23","V_24","V_25","V_26","V_27","V_28","V_29","V_30","V_31","V_32","V_33","V_34","V_35","V_36","V_37","V_38","V_39","V_40","V_41","V_42","V_43","V_44","V_45","V_46","V_47","V_48","V_49","V_50","V_51","V_52","V_53","V_54","V_55","V_56","V_57","V_58","V_59","V_60","V_61","V_62","V_63","V_64","V_65","V_66","V_67","V_68","V_69","V_70","V_71","V_72","V_73","V_74","V_75","V_76","V_77","V_78","V_79","V_80","V_81","V_82","V_83","V_84","V_85","V_86","V_87","V_88","V_89"
"t3",-0.0356019740145315,0.0565006714810347,0.0118571351261749,0.00901777571310573,-0.00375999793917078,0.0466351581257964,-0.0149775866683156,0.0920397937002747,-0.212836629255095,0.0107159447483484,-0.00663596694572722,-0.00349683522441169,0.00139378910943364,-0.02078748190844,0.197152600644982,-0.341259520016241,0.154073399161686,-0.0722306285876219,0.0313401894871344,-0.7671288988294,0.307495661645946,-0.237977740505564,0.00514499994410466,-0.019114722161836,0.00264278388737759,-0.00996550070409219,0.0405600149128077,0.00154309352661014,-0.00342400687943374,-0.00511619904934899,0.011054800481108,-0.00782326846674597,-0.00200340081870152,0.00957039536338067,-7.50100385298542e-05,-1.62485029656127e-05,-0.00296104487837342,0.000203547387536219,2.84218169636566e-16,0.00104692311544083,1.11081505939697e-05,5.52061696890871e-05,-0.00176158605972088,0.00018143576237976,0.000117694640713764,0.00029119268453073,-0.000846739105730341,0.00131171025943412,0.000541502243846771,-0.000362415423539958,-5.19143000254303e-05,-1.063333291246e-16,0.000178757378638927,2.25903703816084e-06,7.17439428153425e-17,4.3898701120993e-17,3.22163544598296e-17,-0.000289104787518638,1.21343699393809e-16,7.06043564914118e-05,-1.66565882074566e-17,5.96943493632714e-17,3.72028186345124e-17,4.18972647421794e-16,8.44179798581991e-18,-9.2051558014502e-05,-6.55057613075946e-18,3.3766979270762e-05,-2.19144364113633e-17,-0.000454731762194857,3.45833427756767e-05,5.00937672141266e-17,-4.5624030420104e-18,-3.4516951485983e-17,-1.19774030342853e-17,4.76778007443518e-17,1.41199563428952e-17,1.17789987600404e-17,-6.80521523958742e-05,-2.24931397076765e-14,-2.96050105463417e-17,-4.37660610858754e-17,2.78115553258382e-17,1.4331613949903e-17,7.33584580330222e-17,-9.40702761580895e-17,5.83187011157886e-17,2.84939675859825e-17,4.4682294424859e-17
"t63",-0.0391568499152288,0.0696741751512474,0.0158556213811304,0.00732781825816224,-0.00470415640013469,0.121017487156273,0.027509982380052,0.065823157034188,-0.157396322064986,0.00884130845640362,-0.0113462782917456,-5.16666227165061e-05,0.000549328642070418,-0.017119242022528,0.221877825780738,-0.426849283857739,0.249763553561362,0.216415467168992,-0.0294522694302442,0.345526190598058,-0.0374146098720851,-0.0620140408345244,-0.000255727131790402,0.682784676028642,0.0437955549927452,-0.0042295908032105,0.0172234561057992,0.000690333011876975,-0.00156950464356055,-0.00238044328478627,0.00779851077850016,-0.00569769670026574,-0.000910240056578311,0.0497699982022549,-3.32902937529967e-05,-7.84295626562198e-06,-0.00204997981605663,0.00010152366050495,-1.27198861295769e-16,0.000736599467872282,5.67858689111556e-06,2.82698003088932e-05,-0.000911198270722937,9.56497797714447e-05,8.51786609509803e-05,0.000155495871526367,-0.000463180182368338,0.000965307742838082,0.000296374519737081,-0.00019952382046582,-2.89196473322026e-05,-2.17660034709993e-17,0.000100528229467273,1.68838192407911e-06,-1.23128853761113e-16,-2.40584084839775e-16,3.28533739859878e-17,-0.000216900500523611,-3.29768961285591e-16,4.04549712844512e-05,-7.45498836006682e-17,-2.27820018494756e-17,1.56389272232536e-16,-4.35663851617096e-16,-1.2435793607202e-16,-6.97500291824534e-05,4.37767363838929e-18,1.96525350547188e-05,-8.56275634941663e-17,-0.00143551390966124,2.02149610723321e-05,2.02136140888341e-16,1.90179119879959e-17,-2.09932902802059e-17,-4.17905796073395e-17,5.25121335443861e-18,8.12395666210251e-18,-4.75570213763206e-17,-4.04870379282925e-05,-6.78068189523178e-14,-6.24671309733607e-17,8.6901475193594e-17,3.86303106764852e-16,4.11362231484309e-17,5.84265013421294e-17,-5.767086626776e-17,-3.62246384086673e-17,4.46284340648379e-17,4.23221816020434e-17
"t8",-0.0431895390756965,0.0836468952558532,0.025297527522961,0.0121444408304618,-0.00842799815745934,0.276809426539129,0.106046555516786,-0.0129640589871736,0.026270248700798,-0.000898143671577077,0.000215914399841101,-4.70672191434053e-07,1.51632766746438e-05,-0.0014490402104925,0.0234455547467448,-0.05013495933131,0.0311502035584414,0.0313324299703771,-0.00446340991365825,0.0545100475663935,-0.00611478110089828,-0.0122899771662253,0.000418511230626049,-0.115020468020741,0.259916578571495,-1.6376289233345e-06,1.14492991786837e-05,-2.11165749517654e-05,0.000117221699461797,0.000269909732730451,-0.00200507755308537,0.00466197587205487,0.000761974452618444,-0.895136963731054,-8.3568243967955e-05,-8.43699163779765e-06,-0.00177741284365014,7.57482720490164e-05,8.6453661083072e-16,0.000498309681753408,3.45754579565259e-06,1.70123463531256e-05,-0.00051439088854686,4.90491693320579e-05,4.25453637044402e-05,7.59027747858902e-05,-0.000211917153619251,0.000439791598206237,0.00013487261363233,-9.00323945195744e-05,-1.28124700431434e-05,-2.12042055251309e-16,4.40450779529715e-05,7.37337107416358e-07,1.63978655848237e-16,-1.74934516414468e-16,-8.81821589048528e-19,-9.41860169300457e-05,-2.81754481050687e-16,1.74932141947742e-05,-5.13056246674324e-17,1.03471946995285e-17,-1.66516030939947e-16,-5.1484068222329e-16,-1.60217024233739e-17,-3.01050522981925e-05,7.92641361067262e-17,8.50231305807153e-06,-1.64767610601705e-16,-0.0124793458931285,8.36900768312298e-06,-2.38173927680392e-16,-2.23043573856342e-16,1.37126375718396e-16,-1.83461627279539e-16,8.75821272988269e-17,4.2228419616367e-17,-1.75612289566447e-17,-1.74222833733583e-05,-5.03373637792628e-13,6.3369452315399e-17,-1.58780977049668e-16,-8.16279621574693e-17,1.39861239877421e-16,-4.9437644547924e-17,-3.41876074046778e-16,5.15530573677277e-17,-1.08444269399754e-16,-1.80002673467444e-16
"t41",-0.0445102260980172,0.0881983069074438,0.0283315783938622,0.0136900150753661,-0.00961971862704118,0.32632957238809,0.130784916404058,-0.0353759454251502,0.0781803716180135,-0.00360200941937202,0.00331356864008328,1.2999111441001e-05,-0.000123331677206713,0.00234032816479652,-0.0225111428604103,0.0343629968821608,-0.0167413051261124,-0.00591734364674432,0.000394952042176914,-0.00027913724283829,-0.000382123452979499,-0.00381249178775692,0.000279813684736023,-0.087322818392141,0.499437559823619,-7.97609402076148e-06,5.72854975117963e-05,5.79029313810566e-05,-0.000178747145564365,-0.000319548087918853,0.00152403266758878,-0.00223572076962366,-0.000362932932340714,0.296249347560854,2.21420247469434e-05,1.50265896669396e-06,0.00024345247901435,-7.54672478367464e-06,4.74343268461952e-16,-3.47859928912279e-05,-1.07070470665332e-07,-4.43925160266307e-07,-1.54738080957253e-06,2.82857131634542e-06,3.23493900221087e-06,7.12325031678739e-06,-3.35624388558657e-05,7.20285230472424e-05,2.22924360386032e-05,-1.59354738937742e-05,-2.65547201654459e-06,1.00482517946329e-15,1.01898269942279e-05,1.76931893100134e-07,2.3048820335469e-16,-1.2717257001962e-15,-3.50353835319301e-17,-2.43262893306537e-05,-4.11098427701046e-17,4.86354173611349e-06,3.2570762975185e-16,-1.82571815647681e-15,3.76124089432602e-14,-0.707106781186547,-1.4100871505103e-14,-9.20291634605628e-06,1.88328264345831e-15,2.71294774401571e-06,1.98971974137148e-15,-0.0143198657864178,2.46913763345511e-06,5.71038822701007e-16,-2.97184508988588e-16,-3.33311428136477e-16,-4.57661923636176e-17,1.22740760873498e-16,8.73982748581428e-16,8.42510260795235e-17,-6.33238243768961e-06,-5.83106686054701e-13,4.04181318143918e-17,5.42689213625655e-16,-4.9921594740057e-16,1.82678851313291e-16,4.38366779591898e-17,9.40252911686582e-17,1.6589774671957e-17,-1.04603735435827e-16,2.62759205701785e-16
"t42",-0.0445102260980172,0.0881983069074439,0.0283315783938621,0.0136900150753659,-0.00961971862704127,0.32632957238809,0.130784916404057,-0.0353759454251499,0.0781803716180134,-0.00360200941937229,0.00331356864008344,1.29991114414495e-05,-0.000123331677206796,0.00234032816479644,-0.0225111428604104,0.0343629968821605,-0.0167413051261127,-0.00591734364674425,0.000394952042176976,-0.000279137242838901,-0.000382123452980082,-0.00381249178775628,0.000279813684735832,-0.0873228183921406,0.499437559823618,-7.97609402113097e-06,5.72854975122092e-05,5.79029313810839e-05,-0.000178747145563738,-0.000319548087918534,0.00152403266758926,-0.00223572076962289,-0.00036293293234029,0.296249347560853,2.21420247467968e-05,1.50265896716473e-06,0.000243452479014537,-7.54672478390017e-06,-2.55672800473966e-16,-3.4785992890874e-05,-1.0707047070028e-07,-4.43925160002002e-07,-1.54738080962577e-06,2.82857131632175e-06,3.23493900238118e-06,7.12325031637434e-06,-3.35624388554663e-05,7.20285230469862e-05,2.2292436038553e-05,-1.59354738932191e-05,-2.6554720164986e-06,-4.71096032154719e-16,1.01898269943268e-05,1.7693189468423e-07,-2.45553253272846e-16,1.72420364448655e-15,1.91046042985752e-16,-2.43262893281481e-05,7.66130005872855e-16,4.8635417324324e-06,-3.19264035240259e-16,1.84112919649445e-15,-3.73423157490806e-14,0.707106781186547,1.36510024823624e-14,-9.2029163295883e-06,-1.88525174491084e-15,2.71294773922556e-06,-1.81208122818869e-15,-0.0143198657864241,2.46913763077263e-06,-9.67345388299567e-16,2.86467546367424e-16,1.87367339454501e-16,-1.60591469651477e-17,-5.68797856971168e-17,-7.82613252588185e-16,-3.64982653742694e-17,-6.33238243798889e-06,-5.83458478993482e-13,-2.43100821513507e-16,-5.76070387425895e-16,1.70756683747436e-16,-2.13366468759839e-16,4.59052581051564e-18,-3.18946492710416e-16,9.93664750643333e-18,6.17285444972262e-17,-2.54497620368943e-16
"t61",-0.0450315396351782,0.0900141223194552,0.0295747549876937,0.0143250567156499,-0.0101119348721077,0.34705428967015,0.141321295540863,-0.0469450718756489,0.105299425435779,-0.00506221633947213,0.0051003453438102,2.10337256234152e-05,-0.000208219206977204,0.00498629757008209,-0.0573579498902989,0.102558398634527,-0.0572504071998297,-0.043580576100456,0.00571448979477924,-0.0652769883979833,0.0069554048198662,0.0120445970116935,-0.000381718921381808,0.105284482574793,-0.310683946316235,3.64603702618718e-06,-2.60417991687356e-05,-1.42688795703083e-05,3.08589623276567e-05,4.27283916448378e-05,-9.02853240036076e-05,-4.03017855141246e-05,-6.93688705512892e-06,0.0216345860940658,2.24275465577485e-06,2.13741836901403e-07,3.96956405661806e-05,-1.37820636870979e-06,-2.75905914629288e-16,-6.90927465636713e-06,-2.35302723774061e-08,-9.87408077370177e-08,-3.68717303319112e-07,7.55625651013597e-07,8.93541689887817e-07,2.02654992654589e-06,-1.02856999134183e-05,2.21384426697232e-05,6.85640177984959e-06,-4.91672891448042e-06,-8.06242676842264e-07,-2.41900888629462e-16,2.92048547495969e-06,4.87771955255105e-08,5.45810930551656e-17,7.41951109800247e-17,-1.45948170259778e-16,-5.78482930979331e-06,-4.91328238015255e-16,7.51873094558809e-07,1.30794874840578e-16,-2.48186415845745e-16,-7.57951578434315e-16,3.74798682854784e-15,-1.22704519812391e-15,2.00462423973575e-06,4.67635859033412e-17,-2.30433246099759e-06,3.51728913258723e-16,0.832009530310796,2.40447876163416e-05,1.74226227009009e-16,2.63266617098218e-16,-5.7709747387928e-16,-4.03506908521391e-17,-2.24164782132583e-16,2.76283615568859e-16,-1.30596474488934e-16,-6.47992359856199e-06,-1.68448572472016e-11,-3.00969043613196e-16,-4.60839508770214e-17,1.68937269549913e-16,7.30992556156461e-18,1.80731138811519e-16,-1.40490340539352e-16,-2.7798580856563e-16,1.47879226140718e-16,2.0574688063048e-16
"t79",-0.0451475102658671,0.0904126052250167,0.0298385916539567,0.014459369499711,-0.0102153717210711,0.35133994640656,0.143454647181439,-0.0488461909405246,0.109703857924372,-0.00529195397332082,0.00536507387194031,2.21899759724701e-05,-0.000220158729680771,0.00532247761755689,-0.0615362182807647,0.110407936318811,-0.0617791710481937,-0.0473921556944209,0.00623212510627931,-0.0713745807339237,0.00762195740821689,0.013309422915591,-0.000425985569431239,0.117712480437471,-0.35131465624743,4.14641339406205e-06,-2.96187705321055e-05,-1.6406138336849e-05,3.56769555860236e-05,4.95696480250253e-05,-0.000105579877547474,-4.76543052236669e-05,-8.20393610007075e-06,0.0258545978792975,2.69843470671787e-06,2.60304353793891e-07,4.87112492780998e-05,-1.70539239173733e-06,-3.58122555710895e-16,-8.61776450276994e-06,-2.97209244974091e-08,-1.24943561303527e-07,-4.72200878233811e-07,9.97587856351031e-07,1.1957232280527e-06,2.75384881897613e-06,-1.5233506296195e-05,3.313876976117e-05,1.02952150821678e-05,-7.58127196350726e-06,-1.36858688937577e-06,-4.49284237903062e-17,5.63592902681298e-06,1.00638307309177e-07,5.15027618180458e-17,9.34971819716544e-17,-7.96328305744141e-17,-1.48113641260444e-05,4.09773083773729e-16,3.26458569338637e-06,-1.46555516990899e-16,3.90376064623231e-17,6.9903118594033e-16,-2.26831868212384e-15,7.78338527443157e-16,-8.0459433412102e-06,-7.64928044545776e-17,3.19190953699698e-06,4.29179047736382e-18,-0.391909109264681,-9.00269793371514e-06,-2.9253542906143e-16,-1.30492848671185e-17,7.64219275840031e-17,4.58171249025471e-16,-5.22681623738584e-16,-1.05389771639179e-15,3.4010107384737e-16,-2.43648998705352e-06,-0.707106781177117,-3.15874984742275e-15,-1.83142299865781e-15,-3.99226268500883e-17,9.64046138794115e-17,3.00284313377634e-18,1.4441124943688e-15,2.08752800382438e-16,5.9300046231968e-17,-1.38399761656517e-16
"t96",-0.0451475102658582,0.0904126052249856,0.0298385916539362,0.0144593694996999,-0.0102153717210627,0.351339946406228,0.143454647181275,-0.0488461909403802,0.109703857924038,-0.00529195397330362,0.00536507387192019,2.21899759723478e-05,-0.000220158729679791,0.00532247761753178,-0.0615362182804536,0.110407936318227,-0.0617791710478573,-0.0473921556941391,0.00623212510624103,-0.0713745807334749,0.00762195740816814,0.0133094229154989,-0.000425985569428088,0.117712480436567,-0.351314656244496,4.14641339383306e-06,-2.96187705321194e-05,-1.64061383369453e-05,3.56769555855552e-05,4.95696480251641e-05,-0.000105579877546419,-4.76543052227926e-05,-8.20393609977758e-06,0.0258545978790023,2.69843470661996e-06,2.60304353791207e-07,4.87112492777511e-05,-1.70539239188598e-06,-2.6191960952643e-16,-8.61776450282199e-06,-2.9720924645484e-08,-1.24943561276801e-07,-4.72200878124523e-07,9.97587856298773e-07,1.19572322820243e-06,2.75384881872178e-06,-1.52335062960527e-05,3.31387697599592e-05,1.02952150829562e-05,-7.58127196344134e-06,-1.36858688926886e-06,-2.35998760931279e-16,5.63592902664786e-06,1.00638307101537e-07,1.95026596165724e-17,-5.27181400632573e-16,8.39024102842563e-17,-1.48113641256398e-05,-4.82602875211398e-17,3.26458569302278e-06,-1.33948303951773e-16,1.26220211557446e-16,2.70680327135972e-16,-1.48843579470858e-15,6.62081899980924e-16,-8.04594334066397e-06,-4.71171401546437e-17,3.19190953816033e-06,-6.51286531757038e-17,-0.391909109234441,-9.00269793357409e-06,4.9394949443156e-16,-2.2253600381196e-16,4.30069125519871e-16,-2.22299147502565e-16,7.72767283634998e-16,7.13604921663598e-16,-2.29496168644289e-16,-2.43648999156702e-06,0.707106781195978,3.52313912778458e-15,1.77905920783297e-15,1.71520770728483e-16,5.52455778474383e-17,3.08943514508185e-17,-1.6538957141411e-15,-9.29833026375602e-19,7.7106079567616e-17,2.4570055062652e-16
"t2",-0.040291247441212,0.0735879217746111,0.0184714620712415,0.00866069914626855,-0.00573237688356862,0.163794152145255,0.0489111402689939,0.0463034610444734,-0.112199346083766,0.00649052819082578,-0.00866844414229169,-4.00753113829109e-05,0.000430697858707043,-0.0139895734885383,0.185374383204778,-0.362419351382314,0.214641392859672,0.195136745627736,-0.0271896603726154,0.327283407824451,-0.0363943163543588,-0.0725158204630306,0.00249587757321546,-0.682431516654053,-0.297090848898801,-0.00262264367479986,0.010688495262407,0.00046956050081474,-0.00110515758956015,-0.00170914572118211,0.00585936751908243,-0.00473249707321094,-0.000758162944002954,0.136611486425261,-1.59580654606958e-05,-5.0737673240056e-06,-0.00138257519103147,7.02544777238059e-05,-2.41129173488339e-17,0.00051795664030689,4.06214599646274e-06,2.02618433515717e-05,-0.00066017683491282,7.05336534495436e-05,6.31506154334979e-05,0.000115862211999104,-0.000350998387278578,0.00073249369366179,0.000224978371409651,-0.000151894713217771,-2.21763975961388e-05,-7.84174211748449e-17,7.75225712097297e-05,1.3045811093071e-06,-1.02017869873008e-17,8.87574922943991e-17,-1.84685312506238e-16,-0.000168294634594072,2.29000418291195e-16,3.15281502948069e-05,-4.50408983300326e-17,6.16400968358343e-17,-7.80026410634654e-17,6.44014264944654e-16,-3.16007770777697e-17,-5.46838980456193e-05,-6.12337582949462e-17,1.54474673695675e-05,-4.76950286444978e-17,-0.00248270426296393,1.58977520300267e-05,6.44357569285806e-17,6.13969826110246e-17,-5.77064413213383e-17,-3.44534904842219e-17,2.80551763906619e-17,3.6026994913848e-17,-2.00622092557606e-17,-3.21727035218004e-05,-1.13799859920236e-13,-8.79586399472553e-17,7.6940469169073e-17,-1.32338352678218e-16,3.36159635448463e-18,3.79978652892233e-17,-4.47076120979581e-17,6.73460530267907e-17,1.34082641806967e-16,3.5927807226486e-17
"t22",-0.0429454780429655,0.0872221008135573,0.0698711280313228,-0.0348723126105667,0.00434937414592024,-0.00899019029624852,-0.00151090059631079,0.0613357100884998,-0.149086369492306,0.00900118199356373,-0.0189779902228889,0.17029509904095,-0.000368739409686522,-0.00528136240113185,0.0777191427388957,-0.116392375622866,0.0607690899752589,-0.000548608201057899,0.00605355217292635,-0.200322734069387,-0.208018858142763,0.890810557485911,0.00298832401909567,-0.019681516774228,0.00218988112279834,-0.00508108944947888,0.0206805216983366,0.000801756815350014,-0.00183438604797348,-0.00285210067374816,0.128411889546266,-0.00732432396687449,-0.000645881393164002,0.00633412880524808,-3.49767239161268e-05,-7.74016791374227e-06,-0.00289865783500891,9.82383174843362e-05,-2.94692893437679e-16,0.00737501268602321,5.40083122275038e-06,2.68691385519461e-05,-0.000862095751692799,8.96428691407603e-05,0.000705208303249105,0.000144775634616052,-0.000426450461967133,0.00122654253592019,0.000271689781688639,-0.000182902113865881,-2.63688497575457e-05,-9.20756249117743e-19,9.12642139047019e-05,1.11443267103443e-05,5.97901581835953e-17,-1.00079488497729e-16,3.56942838392768e-17,-0.000266031472048569,2.05009192320613e-16,3.64250032499022e-05,-2.42350548302133e-17,2.29471615206831e-17,-1.24315275302065e-18,-5.8875742181267e-16,1.12031373564633e-18,-8.40750308094026e-05,2.39733087971769e-17,1.75792077866958e-05,2.09372546306064e-16,-0.000309198197304406,1.80692551949903e-05,-1.88437520783389e-16,-5.14228501533017e-17,2.25420795854001e-19,3.93521270170275e-17,-1.36956729910661e-17,-1.06450617439962e-16,-3.14592161494422e-17,-3.59224585214414e-05,-1.57869628042149e-14,-2.37973434223344e-17,-2.56639513529134e-16,-1.68170574816185e-16,2.36040801644902e-17,7.91951567397551e-17,-2.83488364745646e-16,1.02131076353664e-17,3.30666960851288e-17,2.2103392169642e-17
"t82",-0.0486587767570019,0.110992102790995,0.144328161292756,-0.0782095250734386,0.0117926516947185,-0.0651941489524513,0.00503131777956484,0.0486972865431595,-0.129051370031254,0.0099552402039094,-0.0384194845109706,0.552919297616166,-0.00225282497358978,0.0109221009454623,-0.089562382265403,0.101623319232874,-0.0452152730928241,0.000282708023778739,-0.00298906627421373,0.110980199108909,0.248291331934306,-0.0829095345623914,-0.000188744116613796,0.00107256243573906,-6.95288202218897e-06,-0.000109311830855087,0.000454137866800763,5.96076984691728e-05,-0.000208451536919431,-0.000438569242603493,0.12280909778006,0.000357643990300763,3.00275265855826e-05,0.000152033912156985,-1.58862865502437e-06,-5.45664560409539e-07,-0.000238275256628548,9.23437188176616e-06,1.62861390869101e-17,0.00830393613927563,5.83322764805135e-07,2.94638981243036e-06,-0.000102551110982244,1.22119296183205e-05,0.000839470653514509,2.14311108199007e-05,-7.27966001772828e-05,0.00021181762067167,4.70710123486665e-05,-3.24892997517947e-05,-4.99153927107266e-06,-1.94532681158509e-16,1.81572097510399e-05,1.41999067029019e-05,1.15882895621861e-16,2.40993193262206e-16,1.27983842465464e-16,-5.58984527072003e-05,8.33586849020188e-17,7.95954602168802e-06,2.70950924322233e-17,-2.59784394056958e-16,-2.37192707693673e-16,-4.73338599110315e-16,1.58129368892373e-16,-1.93574816732202e-05,4.45281802697761e-18,4.13498887089666e-06,-3.43099159081637e-17,-7.45122589964568e-05,4.37325294162338e-06,3.43279161547096e-17,-2.54838245501178e-16,2.31622847517333e-16,9.11730543191782e-18,2.78962222965334e-16,-5.40143660667941e-16,4.44111044244236e-16,-9.35095013444376e-06,-2.14573892932428e-15,1.97277163159833e-15,-0.707106781186547,5.10473519447235e-15,-1.39985244614357e-15,2.56494047148265e-16,3.75940424907713e-16,-7.39967432315489e-16,1.21781919787318e-17,3.64032102626488e-16
"t83",-0.0486587767570019,0.110992102790995,0.144328161292755,-0.0782095250734385,0.0117926516947191,-0.0651941489524513,0.0050313177795648,0.0486972865431594,-0.129051370031254,0.00995524020390939,-0.0384194845109707,0.552919297616165,-0.00225282497358971,0.010922100945462,-0.0895623822654029,0.101623319232874,-0.0452152730928241,0.000282708023778683,-0.0029890662742136,0.110980199108909,0.248291331934305,-0.0829095345623914,-0.000188744116613901,0.00107256243573893,-6.95288202194784e-06,-0.000109311830854761,0.000454137866801124,5.96076984693723e-05,-0.000208451536919292,-0.000438569242603506,0.12280909778006,0.000357643990300971,3.00275265852634e-05,0.000152033912156652,-1.58862865554414e-06,-5.45664560617598e-07,-0.000238275256628576,9.23437188169243e-06,4.16409168001942e-16,0.00830393613927556,5.83322764767459e-07,2.94638981215758e-06,-0.00010255111098198,1.22119296183526e-05,0.000839470653514402,2.14311108198799e-05,-7.27966001770192e-05,0.000211817620671739,4.70710123489509e-05,-3.2489299752126e-05,-4.99153927130576e-06,1.0258545499213e-16,1.81572097510477e-05,1.4199906702475e-05,-5.01786315426075e-17,-2.31262739688774e-16,-1.20402270557735e-16,-5.58984527074952e-05,-9.54265059148198e-17,7.95954602173053e-06,-6.15251548936522e-17,2.25051920819239e-16,2.2834573761304e-16,5.89238646222736e-16,-2.91833228768172e-16,-1.93574816743525e-05,-6.23236153229982e-17,4.13498887114538e-06,4.3715305476185e-17,-7.45122589964273e-05,4.3732529416713e-06,1.92829672816543e-16,1.78430577938137e-16,-2.50707767854544e-16,8.04150001279475e-17,-2.56652594055806e-16,3.7523087644161e-16,-3.75150637113696e-16,-9.35095013866044e-06,-5.47638228344992e-15,-2.20120779813671e-15,0.707106781186548,-5.01774485015075e-15,1.41005070898365e-15,-1.58103351264679e-16,-5.10648691404524e-16,1.0294946999744e-15,7.50526157692318e-17,-3.06576000634332e-16
"t39",-0.0519279326078522,0.125038263110761,0.192334050072077,-0.106421641431152,0.0167287239609588,-0.10432771742725,0.00991545188890401,-0.0151390412235377,0.0331558174958906,-0.00145927304480268,0.000859597041041174,0.00803911687147806,-8.19272533763675e-05,0.00083811987516956,-0.00564605747613456,0.00350031649128703,-6.30271592117759e-05,-7.35299067646661e-05,0.00151474220052486,-0.105833956747959,-0.460114647177374,-0.216040907305454,-0.000258943721045939,0.00141562110087518,-8.5454353699211e-06,-0.000137948859227988,0.000573540050271548,8.57827150083697e-05,-0.000334483725295986,-0.000767718551277614,0.286561035649372,0.00211764847628468,0.000183284011615339,-0.000832480536999858,3.14063382586592e-06,3.12736339534193e-07,2.89828181761487e-05,5.17118852775764e-06,2.1890031654695e-15,0.23269752713219,-4.57558156019165e-07,-2.02839287893018e-06,3.62220417853831e-05,-7.00981774147402e-07,0.0606677185902293,1.77900181877466e-08,-1.11612466121569e-05,3.44360118469944e-05,7.77140083398076e-06,-5.97784139809432e-06,-1.13606961727603e-06,7.24340090394647e-16,4.68399319940305e-06,0.000108459054864794,1.46610818315184e-16,5.69512781480607e-16,6.05232675447784e-17,-1.61136260937583e-05,4.32446871893239e-15,2.45446464432891e-06,5.14900994264199e-15,-6.39644546058308e-15,0.707106781186548,3.76606411940458e-14,-2.17905355023408e-14,-6.4533786353245e-06,2.88613488753164e-15,1.41875639692902e-06,5.17257142568409e-16,-2.63628476771527e-05,1.5554706640792e-06,-1.09190362914675e-15,-1.82087757249667e-16,9.47960541270006e-18,1.27764614173336e-16,-2.84535218772041e-16,-7.79542124286176e-17,-2.23563909549625e-16,-3.60930499240103e-06,-1.11539235155855e-15,-1.727287901869e-16,-6.94712716138688e-16,-1.55819054115692e-16,5.81425542464968e-17,1.07480430064578e-16,-2.29351410587582e-16,8.01181270222863e-16,-2.05378754279274e-17,1.19288332761852e-16
"t40",-0.0519279326078522,0.125038263110761,0.192334050072077,-0.106421641431152,0.0167287239609588,-0.10432771742725,0.00991545188890401,-0.0151390412235379,0.0331558174958905,-0.00145927304480292,0.000859597041041493,0.00803911687147776,-8.19272533762946e-05,0.000838119875169852,-0.00564605747613484,0.00350031649128676,-6.3027159211998e-05,-7.35299067648604e-05,0.00151474220052484,-0.105833956747959,-0.460114647177374,-0.216040907305453,-0.000258943721046109,0.00141562110087558,-8.54543537011018e-06,-0.000137948859228118,0.000573540050271826,8.57827150082934e-05,-0.000334483725295796,-0.000767718551277628,0.286561035649373,0.00211764847628479,0.000183284011615131,-0.000832480537000163,3.14063382603983e-06,3.12736339767622e-07,2.89828181760099e-05,5.17118852761018e-06,2.10996220585026e-15,0.23269752713219,-4.57558156158051e-07,-2.02839287857803e-06,3.62220417855497e-05,-7.00981774234138e-07,0.060667718590229,1.77900183404023e-08,-1.11612466126843e-05,3.44360118462728e-05,7.77140083330075e-06,-5.97784139827473e-06,-1.13606961687704e-06,-5.19900671883081e-16,4.68399319861201e-06,0.000108459054863098,-1.29503229479515e-16,-8.43825210240653e-16,-1.25643475935439e-16,-1.61136260913575e-05,-3.99412557147824e-15,2.45446464727794e-06,-5.23378949059595e-15,6.55389857336258e-15,-0.707106781186547,-3.80643015547933e-14,2.14520143878178e-14,-6.45337863605655e-06,-2.76891563815466e-15,1.41875639454378e-06,-5.51801923825112e-16,-2.63628476788735e-05,1.55547066330031e-06,9.19451230472758e-16,-7.4420076525452e-18,8.37249649595618e-17,-2.22527199632815e-16,3.87514542304939e-16,1.3255696375113e-16,2.58411860927368e-16,-3.60930499299084e-06,-1.4369768494869e-15,1.50348997174993e-16,1.21271037105804e-16,3.11051702965824e-17,-8.39649300371544e-18,5.71387069489521e-17,2.3587037661945e-16,-1.3832278370751e-16,7.89077644760673e-17,-8.80717007758247e-17
"t93",-0.0537244405998086,0.132750134519129,0.218608517251682,-0.121856435734106,0.0194270872542845,-0.125672457293759,0.0125699906130245,-0.0467511723992632,0.11267642826352,-0.00688201059960536,0.018077815886869,-0.218637533144809,0.000777681805010748,-0.00191962977950098,0.00872031534351037,-0.0043355056274155,6.79415334532418e-05,5.31649962470862e-05,-0.000956170989544524,0.0593056074369379,0.233325257154241,0.0755762570306049,5.72222191401765e-05,-0.000284937085723556,8.72379973488289e-07,8.59798738218204e-06,-3.53641952734185e-05,1.33067309403961e-07,-9.6743138837535e-06,-3.43993992459879e-05,0.0225748444420807,0.000256153079838006,2.22915695212017e-05,-0.000131391275170062,5.66302541950064e-07,6.87805043205034e-08,7.10530511141561e-06,1.41755047860766e-06,8.34393750689706e-16,0.0706882366515483,-1.6368045524531e-07,-7.43252260966445e-07,1.57285386357467e-05,-5.6861093482817e-07,0.0868573871272312,-1.7958472289803e-06,5.66834175041997e-07,-7.77908902405144e-07,-1.19649056357085e-07,-1.9657294354769e-07,-1.36396431794916e-07,-1.22153676599649e-15,8.45973873217498e-07,0.499533429586431,-1.78084242527393e-15,2.39734076027036e-15,2.15060804649672e-15,-3.14880587493072e-06,-1.14318510410442e-15,5.55198603716112e-07,-6.70401497896056e-17,-3.44202270332247e-16,-9.84898425470628e-17,-3.39461359556001e-16,-1.43173281953342e-16,-1.67801504778742e-06,-2.51019223108555e-16,3.87109292385168e-07,-1.00204790638142e-16,-7.56412789293393e-06,4.50138909851433e-07,-1.45578114121249e-15,-7.85262718828715e-16,-5.77584534038927e-16,1.49325636274322e-16,-4.14922577283948e-17,-1.34844312953724e-16,6.00626790531756e-16,-1.19030239986717e-06,-8.95299072523576e-16,-3.17640203661357e-16,1.0967590469819e-15,1.01889576038416e-15,2.3187927864839e-16,1.74098525026247e-15,-9.1697004085363e-16,-0.707106781186548,-8.5653743942594e-16,2.50852703445724e-16
"t94",-0.0537244405998087,0.132750134519129,0.218608517251682,-0.121856435734106,0.0194270872542845,-0.125672457293759,0.0125699906130245,-0.0467511723992633,0.112676428263521,-0.00688201059960525,0.0180778158868693,-0.21863753314481,0.000777681805010746,-0.00191962977950111,0.00872031534351037,-0.00433550562741575,6.79415334533251e-05,5.3164996246996e-05,-0.000956170989544515,0.0593056074369382,0.233325257154241,0.0755762570306051,5.72222191401565e-05,-0.000284937085723705,8.72379973326093e-07,8.59798738216816e-06,-3.53641952732242e-05,1.33067309470748e-07,-9.67431388363424e-06,-3.43993992460104e-05,0.0225748444420801,0.000256153079837951,2.22915695208131e-05,-0.000131391275170423,5.66302542178397e-07,6.87805041113066e-08,7.10530511147112e-06,1.41755047787517e-06,6.38879087068463e-16,0.0706882366515483,-1.6368045539783e-07,-7.43252261261457e-07,1.57285386356426e-05,-5.68610934790006e-07,0.0868573871272307,-1.79584722866631e-06,5.66834174955261e-07,-7.77908902710456e-07,-1.19649055919935e-07,-1.96572943436668e-07,-1.36396431775834e-07,-1.23457932524564e-15,8.45973873217498e-07,0.499533429586432,-1.66664884106223e-15,2.49529143026417e-15,1.72514390183407e-15,-3.14880587513888e-06,-8.19750619936942e-16,5.55198603945095e-07,3.54227776302526e-16,-4.20095061641694e-16,-8.71453037404437e-16,-8.92875283797522e-17,3.47591908014651e-16,-1.67801504750986e-06,-4.98128764962415e-16,3.87109292697418e-07,4.99653010864821e-16,-7.56412789298944e-06,4.50138910298992e-07,-1.66585662849734e-15,-4.28777985275732e-16,-5.52715807181447e-16,-4.1905202665474e-16,-3.0901992574441e-16,-8.17606262552629e-17,-3.13307615805666e-16,-1.19030239970064e-06,-6.05078591522414e-17,1.78241224240983e-16,-8.26009633310801e-16,-9.42038919980701e-16,-8.34603393725116e-17,-1.86842292941069e-15,3.83340551176217e-16,0.707106781186547,1.06495057235271e-15,-9.44516606744286e-17
"t91",-0.0537205064019419,0.132733395329586,0.218552734390216,-0.121823741299562,0.01942139611215,-0.125627925262373,0.012564531505486,-0.0466953724955882,0.112537344836554,-0.0068727620075934,0.0180498542004902,-0.218278301252052,0.000776345860672101,-0.00191571384505548,0.00870099151420495,-0.00432537429544683,6.77770192252375e-05,5.30214646031688e-05,-0.000953488976111409,0.0591335724502013,0.232629169060633,0.0753268629119675,5.70113224184628e-05,-0.000283865826785704,8.68697484661396e-07,8.5596396124793e-06,-3.52063143771453e-05,1.32410820283951e-07,-9.62422190139284e-06,-3.42159526076427e-05,0.0224461689857828,0.000254557833769658,2.21525451815393e-05,-0.000130503910870869,5.62281830001786e-07,6.82480058261485e-08,7.04733014325609e-06,1.40531291345676e-06,3.64229344556931e-16,0.0700450662717624,-1.62065205683791e-07,-7.35833487119572e-07,1.55593210153238e-05,-5.61267635632023e-07,0.0856440065496321,-1.76845908730211e-06,5.52882061605198e-07,-7.57592339861723e-07,-1.16469456690194e-07,-1.90504439327721e-07,-1.28770221352256e-07,1.16429269191751e-15,6.85070707374632e-07,-0.500465251287883,1.75611577124661e-15,-2.48895157978694e-15,-1.96320423032086e-15,-3.46167483999266e-06,6.96812232888267e-16,5.8031178010523e-07,-1.17858416347821e-16,3.02644674965685e-16,2.02525417254011e-16,5.09188672287392e-16,-2.96383735236297e-16,-1.72029584727396e-06,3.07711180014439e-16,3.95269978817336e-07,-2.76608249026041e-16,-7.69772184833206e-06,4.57859323108045e-07,1.19545970107116e-15,3.71408658076837e-16,5.41172017538991e-16,-7.19657720266099e-17,1.50959741044779e-16,4.11311940681104e-16,-3.79810366788606e-16,-1.20365401498623e-06,-2.20112983268961e-15,2.01691286355543e-16,-7.5562054102635e-16,1.44448174522653e-15,-5.10164023443657e-16,2.57898345270584e-14,-0.707106781186547,8.94921526024228e-16,-7.64429865924418e-16,1.05073917004746e-16
"t92",-0.0537205064019419,0.132733395329586,0.218552734390216,-0.121823741299562,0.01942139611215,-0.125627925262373,0.012564531505486,-0.0466953724955882,0.112537344836554,-0.00687276200759324,0.0180498542004902,-0.218278301252052,0.000776345860672073,-0.00191571384505548,0.00870099151420486,-0.00432537429544697,6.77770192253069e-05,5.30214646033561e-05,-0.000953488976111484,0.0591335724502013,0.232629169060633,0.0753268629119678,5.70113224184314e-05,-0.000283865826785704,8.68697484588538e-07,8.5596396123544e-06,-3.52063143770898e-05,1.32410820307153e-07,-9.62422190153162e-06,-3.42159526076705e-05,0.022446168985783,0.000254557833769709,2.21525451813559e-05,-0.000130503910870994,5.62281830087654e-07,6.82480058671585e-08,7.04733014324568e-06,1.40531291281112e-06,4.18196629537799e-16,0.0700450662717624,-1.62065205777412e-07,-7.35833487395827e-07,1.55593210153931e-05,-5.61267635713555e-07,0.0856440065496311,-1.76845908729517e-06,5.52882061632953e-07,-7.57592339639679e-07,-1.16469456190593e-07,-1.90504439154249e-07,-1.28770221440727e-07,1.40598393198003e-15,6.85070707287516e-07,-0.500465251287883,1.80662813538776e-15,-2.30767523651175e-15,-1.82330682749437e-15,-3.46167484001347e-06,7.91546890377039e-16,5.80311780356765e-07,-3.00088611910904e-16,3.73680072374999e-16,6.10614286211377e-16,8.21744300031802e-16,-2.45387315746465e-16,-1.72029584685068e-06,3.19202221700614e-16,3.95269978914481e-07,-5.48551810365253e-16,-7.69772184811002e-06,4.57859323187843e-07,1.85567294286385e-15,7.57609705144736e-16,6.29805092522312e-16,2.04519823377804e-16,2.16419244537786e-16,-2.23621901448518e-16,-3.42063611484624e-17,-1.2036540143201e-06,1.31787980629965e-15,-1.80944561658955e-16,5.57505389197933e-16,-1.2794066850986e-15,3.65627391303623e-16,-2.54457263528976e-14,0.707106781186547,-7.13924899634777e-16,6.47974011005564e-16,-1.58199248941258e-16
"t12",-0.052138722214988,0.125990485306743,0.195977763519958,-0.108586252645274,0.0171150900951929,-0.107541509199258,0.0103409237693719,-0.0233235513188232,0.0541933705299741,-0.00297714180671901,0.00618173222245122,-0.0652479052519353,0.000205622318632648,-0.000222039244012484,0.000286185042343873,0.000107237608377803,-4.43866573021645e-06,-1.0677467288514e-05,0.000241757281470859,-0.0178274882199172,-0.0797992853557393,-0.0380467308910764,-4.03851661410519e-05,0.000212378554460858,-8.70352221526288e-07,-9.73432697379262e-06,4.01253712892791e-05,-1.87218538276468e-07,1.50264056678444e-05,5.66791396243299e-05,-0.0423644358436455,-0.000568493089534883,-4.96052069950195e-05,0.000338713578363237,-1.59920693127867e-06,-2.27147363044615e-07,-2.57946905295459e-05,-5.69786734983674e-06,-3.03631512418169e-15,-0.312552389304722,8.3994086019952e-07,3.89552882741704e-06,-9.48904783972943e-05,4.92598312602614e-06,-0.890353168054827,2.25171432030307e-05,-4.93428973488697e-05,0.000141494267618891,3.13216186818566e-05,-2.1026056237744e-05,-3.05162476785595e-06,-4.51750435417167e-16,1.07252333962082e-05,0.00130069640752369,6.13640765473431e-17,-4.36849016256923e-17,-3.39719739127398e-16,-3.20365751677043e-05,2.79054818088814e-16,4.48243173118215e-06,-3.9746148477264e-17,-4.11653431138177e-17,6.17927231662052e-16,4.86683384896271e-16,2.35430210840069e-16,-1.06982061001256e-05,-7.69150444994212e-17,2.2708871174372e-06,5.95746943983813e-16,-4.0667009550327e-05,2.38440236127735e-06,-1.13978000065042e-16,-1.06770321844464e-16,-2.62419477970674e-16,7.24634738131956e-17,-1.68753488887652e-17,1.11357757142374e-16,9.99158788624281e-17,-5.03336363083529e-06,-1.87048397083972e-15,3.85050647812102e-17,-2.45512557512639e-16,6.73006597343716e-17,1.68010988908943e-16,2.05850850342814e-17,-4.76032363805051e-16,-1.85134369056801e-16,7.70905241888622e-17,6.31272156555383e-17
"t15",-0.0509978547027818,0.121138074041036,0.179825484240031,-0.099120659596912,0.0154678463717625,-0.0946615285901446,0.00876370805951825,-0.0075352977611347,0.014912205931369,-0.000379027574515606,-0.00157999924796726,0.033800135393679,-0.000160606804500224,0.000818227385090131,-0.00473070389515068,0.00268838565044181,-4.57271533688686e-05,-4.44961473875516e-05,0.000854354980687672,-0.0558481996374111,-0.228692072451292,-0.0825313863417193,-6.27162731823977e-05,0.000304304649331538,-3.4233311932072e-07,7.57681879658134e-06,-3.25105716000376e-05,-2.18497740919962e-05,0.00012202616369001,0.000335860983883857,-0.177429864478917,-0.00192195832985639,-0.00016729792323348,0.00102686332025155,-4.62752310451467e-06,-6.20532754011809e-07,-6.87793594204011e-05,-1.49124595180267e-05,-6.41959070856428e-15,-0.809274206580988,2.1689945694358e-06,1.00720944770823e-05,-0.00025096928682572,2.29122536711465e-05,0.41240466319472,2.8061473344658e-05,-8.65145285146927e-05,0.000248842740109535,5.5122706641042e-05,-3.71316775792316e-05,-5.37981908221158e-06,-2.68134794212099e-16,1.87613531842101e-05,0.000222274570480584,3.64211251442106e-17,7.22435271701586e-17,1.94091838036978e-16,-5.53519336854991e-05,-2.42086332756068e-17,7.66270323905582e-06,-1.40201525001417e-17,1.61935215881728e-16,2.60904037724621e-16,2.52043914204936e-16,3.90789339146615e-16,-1.80015769294939e-05,3.96207706850495e-17,3.79483437151773e-06,8.78852279388896e-18,-6.74109321185529e-05,3.94667088916313e-06,8.96874560749868e-17,2.5537596207477e-16,-4.14972413345011e-17,2.01819698786415e-17,5.10278705434336e-17,9.58419118331172e-17,-4.56988459317119e-17,-8.11914202347719e-06,-3.70194207997786e-15,-1.16382987813101e-16,5.33814561997263e-17,1.9604690732091e-16,1.3098266502207e-17,-3.23403481147589e-17,-5.25687047544255e-17,3.15442002438419e-16,1.5766151054407e-16,5.06510375700591e-17
"t35",-0.0491042777232479,0.113121332371565,0.153459197566305,-0.0836893073385843,0.0127889846764929,-0.0738467178581569,0.00623677290569752,0.0149355463065412,-0.0404913150529334,0.00319026050294246,-0.011640374263751,0.158009071868439,-0.000606882718503482,0.00189115035839188,-0.00923352316575923,0.00472158292169635,-7.46308413195063e-05,-5.547410905897e-05,0.00093646555933344,-0.0530647252927162,-0.186328817184572,-0.0121716639725074,9.10921884351807e-05,-0.000609346269320112,8.00010060134429e-06,0.000167555732770969,-0.000699616323520197,-0.000156005828492831,0.000724658374448758,0.00184527150311969,-0.868004829656933,-0.00879926117800939,-0.000765659225537989,0.00479291866834081,-2.30940091596071e-05,-4.52412600353245e-06,-0.00166522347629196,6.12120543072945e-05,2.31636464436679e-15,0.345091388319928,1.91353631529955e-06,9.76836723999043e-06,-0.000334618495101163,3.53462382252367e-05,0.00850507180448458,5.66669258696556e-05,-0.000165385434694798,0.000475389361701148,0.000105286112897,-7.08013535783061e-05,-1.01916849404894e-05,-7.61842256923513e-17,3.52820626637051e-05,6.83428381831322e-05,-2.39319899149143e-17,1.22257267516082e-16,6.74299446666601e-17,-0.000103037181494015,2.90752161879238e-16,1.41423317100015e-05,2.20980476084787e-17,-7.66261152904938e-17,-5.70483595658961e-16,-1.07086057527492e-17,-2.68889617442541e-16,-3.27987592697171e-05,1.00323708838962e-16,6.87479000748351e-06,-4.19654414356127e-16,-0.000121301688951898,7.09303521121037e-06,4.32888126670174e-17,4.59973460531396e-17,-1.19872277176555e-16,1.34303940437695e-17,9.01097483392303e-17,9.95186747828013e-17,4.99610484286486e-17,-1.42729101186845e-05,-5.91009203758162e-15,5.08726130456242e-17,-1.03715715398556e-16,-2.91522454397975e-18,7.95638737402382e-17,2.55691556289125e-18,-9.94752684771283e-17,-1.70462714870012e-16,-9.53089678869364e-17,-1.47170809890211e-17
"t50",-0.0545826885105714,0.139882077947845,-0.224981475562939,-0.00118657885680585,0.00835081094445676,-0.0806223286892179,0.00871555201885796,-0.0212575605069643,0.0484119350916605,-0.00243121624687474,0.00284995624634729,-0.00474774050057597,-9.20081572401421e-05,0.0039820405786668,-0.20290156136846,-0.0926154888048856,0.0192748345677678,-2.82945945989377e-05,0.000168160728670409,-0.00284065332912127,-0.00011187499205001,0.000524822430983826,5.01826369829483e-06,-5.20657987557738e-05,2.43080319175491e-05,-8.41503093671498e-05,0.00034466773778228,2.34465477242131e-05,-6.76534068344073e-05,-0.000119544407507985,0.000893937915628418,-0.0531349374158504,0.00305414784566806,0.000180869088650518,-2.59044893842334e-06,-1.87491261538801e-06,-0.254859614571537,-2.16583250744907e-05,1.80444641434369e-15,-0.000107714053254909,-2.67574142152633e-07,-1.20605513235887e-06,1.92447897178205e-05,8.38123721959294e-07,2.23587529146752e-06,4.64585037517962e-06,-0.000190544880023666,0.220598024663051,-0.000421259920999978,2.89452572553445e-05,7.52157938971928e-07,-3.71395452889409e-16,-3.78688842631036e-07,4.58263115649116e-09,3.54693922282282e-17,-5.14091769109574e-16,1.40235430488643e-16,-0.0381668631125384,9.92190447784386e-16,-6.06464059527134e-09,3.6639102189656e-16,-1.01845780633552e-15,-6.10569679475182e-16,-9.76736370442188e-15,3.48559336731658e-16,0.859183798263681,5.26463939137197e-15,1.6221455109329e-06,1.76029130601981e-15,-2.12517526744782e-05,1.21785346716378e-06,-4.80505235030388e-15,1.89669636477048e-16,-3.79615319046242e-17,-7.38647349482451e-17,3.98168621931632e-17,-3.56156615149565e-18,-2.3611087394324e-17,-2.42501246072724e-06,-9.56548096060911e-16,2.82523380354429e-18,4.78801334046971e-16,6.06652051863736e-16,1.45439682195853e-16,1.31647426699188e-16,-3.29103446195127e-16,9.26574556702398e-17,1.00216788722981e-16,9.87018955517501e-18
"t57",-0.0546930559181089,0.140368599368369,-0.226560893016705,-0.00119533522980767,0.00841806344816325,-0.0814067376701155,0.00881931515478199,-0.0219427109474194,0.0500243548279026,-0.00251918615137839,0.00296817400539683,-0.00495654921235544,-9.62328168587906e-05,0.0041978099218164,-0.214804032755007,-0.0983314712635855,0.0205054821502265,-3.02980817975251e-05,0.000180507112872885,-0.00305594963014457,-0.000120581656690683,0.000569730770398263,5.4943904340566e-06,-5.70980200588801e-05,2.69232783080622e-05,-9.36740083324339e-05,0.000383710295055129,2.6356333385589e-05,-7.64259405489874e-05,-0.000135464666678645,0.00102033935721313,-0.0612662967101535,0.00352212622475859,0.000210605518992324,-3.03545048524771e-06,-2.22219517897451e-06,-0.304252298830207,-2.60633107433128e-05,2.14678837202499e-15,-0.000130620585246363,-3.28492158364804e-07,-1.48325772880882e-06,2.39511426352035e-05,1.07568629340027e-06,2.91004763846095e-06,6.14497652233481e-06,-0.000277273171464892,0.325023393915357,-0.000622949167333277,4.41856858628478e-05,1.29932995554874e-06,-3.64633474978847e-16,-7.91211294468019e-07,1.07262442381904e-08,-1.64000331084088e-16,-1.35461487646329e-16,1.03454773428448e-16,-0.143048821876416,1.18025708124128e-16,7.8610191629031e-08,-1.56979928150941e-16,7.13808049443025e-16,-1.14627017832403e-15,4.19066217487463e-15,-3.06380646724208e-16,-0.355479370644187,-1.43352915236288e-15,-2.04541985536488e-08,-1.40271867922405e-15,-5.14802489764987e-06,3.3573686823371e-07,-0.707106781186545,1.0137998136283e-15,8.77840701396782e-16,1.05120785890013e-15,1.03128827027093e-16,-2.18242490951307e-16,-8.71486413600578e-16,-1.45347309060684e-06,-8.42254449191167e-17,-4.06911227817049e-16,-2.90077179340039e-16,-6.67507353053637e-16,-3.58677918473796e-17,4.22586403556943e-16,-2.17996058810154e-17,-3.24109897440885e-16,-1.01054616557471e-16,1.52711815172057e-18
"t58",-0.0546930559181089,0.140368599368369,-0.226560893016705,-0.00119533522980765,0.00841806344816324,-0.0814067376701155,0.00881931515478196,-0.0219427109474195,0.0500243548279026,-0.00251918615137844,0.00296817400539667,-0.00495654921235503,-9.62328168587767e-05,0.00419780992181629,-0.214804032755007,-0.0983314712635853,0.0205054821502268,-3.02980817973031e-05,0.000180507112872846,-0.00305594963014466,-0.000120581656690544,0.000569730770398499,5.49439043390221e-06,-5.70980200588211e-05,2.69232783078333e-05,-9.36740083326269e-05,0.000383710295054959,2.63563333855708e-05,-7.64259405488937e-05,-0.000135464666678506,0.00102033935721338,-0.0612662967101536,0.00352212622475843,0.000210605518992324,-3.03545048550673e-06,-2.22219517887845e-06,-0.304252298830207,-2.60633107433336e-05,2.49985026572097e-15,-0.000130620585246237,-3.28492158649027e-07,-1.48325772894326e-06,2.39511426346761e-05,1.07568629362925e-06,2.91004763842972e-06,6.14497652197399e-06,-0.000277273171465045,0.325023393915356,-0.000622949167332701,4.41856858630352e-05,1.29932995529547e-06,1.5640404199927e-16,-7.9121129459292e-07,1.07262486514353e-08,-1.97008709365592e-16,-2.78308637862908e-16,-6.5021976085139e-17,-0.143048821876415,-6.02584785734978e-16,7.86101909677761e-08,-4.85290847487466e-16,1.76523084476559e-16,1.30760519282274e-15,5.19806039266662e-15,1.45640381898628e-16,-0.355479370644178,-2.84086007239523e-15,-2.04541994392252e-08,-6.63437222579963e-17,-5.14802489764987e-06,3.35736870887837e-07,0.707106781186549,-1.05850543751647e-15,-1.00694881083139e-15,-9.92450146641284e-16,1.69422166387657e-17,-6.11040281060714e-17,8.96384889236093e-16,-1.45347308916355e-06,-8.43877382981369e-16,3.11427323143052e-16,-1.57210714343116e-16,-1.13980178756438e-17,1.6088352103505e-16,-3.94940195406986e-16,-3.67685245777336e-16,3.9740696306765e-16,6.1909352138678e-17,1.01057211749528e-16
"t34",-0.0542589560666677,0.13845325554051,-0.220329239384876,-0.00116077886643839,0.00815254490245412,-0.0783065871592211,0.0084086652462669,-0.0191969214749696,0.0435582056772756,-0.00216578596766308,0.00249172128470041,-0.00411370604044228,-7.91601693518607e-05,0.00332146630201036,-0.166331676159063,-0.07501052005391,0.015478069295164,-2.20793079890313e-05,0.000129780358057191,-0.00217012613232989,-8.47152578114518e-05,0.000383883366436993,3.51315949571537e-06,-3.61364292386472e-05,1.59596539414889e-05,-5.36188857420683e-05,0.000219494042704743,1.40406678507364e-05,-3.91771550468795e-05,-6.77301234116162e-05,0.000480017902310226,-0.0262773703931869,0.00150821138039832,8.18282498344855e-05,-1.10034096949111e-06,-7.00690852171548e-07,-0.0868270551800844,-6.57040398001005e-06,1.06423624171884e-15,-2.87403450523194e-05,-5.53388258088799e-08,-2.38838165393489e-07,2.65614476097076e-06,-2.14874178311453e-08,-2.32893391852e-07,-9.19954588774613e-07,0.000158848648971921,-0.204596757669081,0.000402548899549576,-3.50237072073364e-05,-1.80149558927194e-06,-1.62361677822025e-16,1.88743860454754e-06,-3.26039940930917e-08,2.79010660539128e-16,2.4796983987944e-15,-1.75678234166974e-17,0.904441365206506,-1.25765865198755e-15,7.00547227594495e-06,8.56217248094282e-17,1.56333103218366e-16,1.64430005007855e-15,-4.54275214586632e-16,-3.16167222945983e-16,-0.0895095896650981,-5.54139612930554e-16,2.14645243013997e-06,-2.44920221291702e-16,-3.73212986188032e-05,2.17564916333429e-06,3.33540754729762e-16,-7.70818381514336e-17,-3.78099672466677e-17,-3.49454001427132e-17,1.1627004975595e-16,1.32924223432721e-16,5.02686675581672e-17,-4.29381257555095e-06,-1.96307964806022e-15,4.82411152396961e-17,5.86903002676456e-17,-4.35834358979095e-16,-1.58102045809743e-16,-4.34689409423568e-17,1.01574020525733e-17,1.64876991875208e-16,-5.01842573148173e-17,-3.65197025299946e-17
"t76",-0.0541607063879396,0.13801815750974,-0.218900920555125,-0.00115285124362111,0.00809152847572204,-0.0775911593870712,0.00831337937996445,-0.0185267276281072,0.041975747832403,-0.00207868271460482,0.00237274976117384,-0.00390195193148751,-7.48505051169079e-05,0.00309574292458037,-0.153710012412759,-0.0688928824166408,0.0141524492815341,-1.98755166909287e-05,0.000116092755911739,-0.00192974029870739,-7.49346350825131e-05,0.000332256947868278,2.95047533994952e-06,-3.01581210387925e-05,1.27509723497586e-05,-4.17410776830649e-05,0.000170786363128752,1.0293965199748e-05,-2.76971905808637e-05,-4.66835430458223e-05,0.000308893283186423,-0.014894145480946,0.000852714102779286,3.88216005597353e-05,-4.43072951496551e-07,-1.67805273750541e-07,-0.00917694568776979,5.44106790160807e-07,-3.4420871505243e-20,9.23202374901455e-06,4.99726428503881e-08,2.4328763377577e-07,-5.87121563094817e-06,-5.00735186266532e-07,-1.66214207315135e-06,-4.28753552481065e-06,0.000438447815313554,-0.558489717438177,0.00109628776338997,-9.48460813262747e-05,-5.6723068506178e-06,-1.7672908334746e-16,1.64898177034045e-05,3.80239753318727e-07,3.97440856630033e-17,-1.5616050670675e-15,5.07803536732958e-15,-0.263421258165677,0.707106781186549,3.76313109783089e-06,-1.18711682318618e-14,4.24206918767666e-16,-3.88831222267117e-15,1.67713567618026e-16,-1.0807184772234e-15,-0.0224861959864086,-2.9135073171335e-15,2.03118547483644e-06,-7.36296937193302e-16,-3.6456749641145e-05,2.1366122247863e-06,5.14531229413134e-16,1.74559933661279e-16,-1.73007848100897e-16,5.58704212676213e-16,-7.05277791405798e-17,1.60683173637757e-17,1.86601279140157e-16,-4.45320190885223e-06,-1.8445086519361e-15,-6.27311620040813e-17,-3.6133044324038e-18,3.93865756495334e-16,-1.26093102445754e-16,-1.05534091187015e-17,-1.65688247106786e-16,-3.39796879623367e-17,-3.21371582158501e-17,1.34786991981461e-16
"t33",-0.0541607063879396,0.13801815750974,-0.218900920555125,-0.00115285124362112,0.00809152847572204,-0.0775911593870711,0.00831337937996444,-0.0185267276281073,0.041975747832403,-0.00207868271460487,0.00237274976117396,-0.00390195193148751,-7.4850505117019e-05,0.00309574292458031,-0.153710012412759,-0.0688928824166408,0.014152449281534,-1.98755166909426e-05,0.000116092755911651,-0.00192974029870744,-7.49346350827351e-05,0.000332256947868315,2.95047533990268e-06,-3.01581210389035e-05,1.27509723501541e-05,-4.17410776832744e-05,0.000170786363128977,1.02939651997411e-05,-2.76971905807388e-05,-4.66835430454615e-05,0.000308893283185951,-0.0148941454809453,0.000852714102779188,3.88216005605124e-05,-4.43072951417187e-07,-1.67805274347123e-07,-0.00917694568777067,5.44106790416679e-07,1.53476375344141e-16,9.23202374911516e-06,4.99726427367637e-08,2.43287633086217e-07,-5.8712156301155e-06,-5.00735186328982e-07,-1.66214207339421e-06,-4.28753552451921e-06,0.000438447815313834,-0.558489717438178,0.00109628776338973,-9.48460813263025e-05,-5.67230684943298e-06,2.1595176953885e-16,1.64898177038575e-05,3.80239750794216e-07,1.75270613438952e-16,-3.90560224186646e-16,-5.28679508927839e-15,-0.26342125816568,-0.707106781186547,3.76313110284077e-06,1.19144514566279e-14,-3.13630314965215e-16,3.99521421951926e-15,1.30539481180677e-15,1.26124804091799e-15,-0.0224861959864069,2.49679618355451e-15,2.03118547469072e-06,8.0338461427185e-16,-3.64567496419776e-05,2.13661222457986e-06,-5.40156385812823e-16,-3.60376650076612e-16,1.31234540529601e-16,-4.90750428352813e-16,1.91079175225279e-17,1.04084249630847e-16,-2.66500959367403e-16,-4.4532019089355e-06,-2.18659092956601e-15,-2.02797943146684e-16,-3.13756935302147e-16,-1.44677265190598e-16,1.52307952368773e-16,1.49516333091825e-16,-4.71244736349881e-17,1.24801139104593e-16,1.18088755235382e-16,-8.90769353280581e-17
"t51",-0.0538573980539289,0.136671583756243,-0.214452684827957,-0.00112814612463153,0.0079011485485489,-0.0753520519394567,0.00801394332141439,-0.0163294063777886,0.0367745773110626,-0.0017904556790646,0.00197395846735941,-0.00318766358310148,-6.02405648151838e-05,0.00231328970229536,-0.109396058300941,-0.0472198369383867,0.00942588906947672,-1.18441766082944e-05,6.57821656209854e-05,-0.00103913061983547,-3.84458543820076e-05,0.000134263958430508,7.1389377985509e-07,-6.22461577243216e-06,-7.09853105781977e-07,9.38827488770888e-06,-3.89816229559858e-05,-6.73658451227216e-06,2.60732756560689e-05,5.38609468360984e-05,-0.000549760996152129,0.0467955625502985,-0.00270453808376225,-0.000215016348860956,3.6831754899084e-06,3.63514961640562e-06,0.600209842773444,6.36136291521025e-05,-4.79459701732428e-15,0.000395833140269308,1.47830252259721e-06,7.12191656380902e-06,-0.000195941695824098,1.73595254944897e-05,2.11766033051328e-05,2.73902470843551e-05,-0.000222483467282902,0.191620113197731,-0.000329806156727936,1.62211978249616e-06,-2.5503085890749e-06,3.53558315547388e-16,1.03837823717812e-05,2.46066344291359e-07,1.05952970223673e-15,-6.83810030639886e-16,9.83560903417622e-16,-0.0198415851485317,-1.27570993894757e-15,4.51207934695774e-06,5.12768098342211e-16,4.27667640707679e-16,4.30961629632703e-16,-1.97941087634101e-15,-4.8435924212574e-16,-0.00478259409346637,6.11849906925121e-15,2.32968889496421e-06,-0.707106781186548,-4.18266639080206e-05,2.45286146618312e-06,8.26939284859424e-16,1.74051615050914e-16,-8.82800515046293e-16,-7.3133792509529e-16,1.1033940712688e-16,2.777099308719e-16,5.32046496363597e-17,-5.16817487218602e-06,-2.23492091339506e-15,-1.6537477366285e-17,4.26145646912376e-17,6.60436731961559e-17,1.61036707996641e-16,-1.11408598007796e-16,-2.57666981966375e-16,1.86740057141579e-16,8.61280983011494e-17,1.80407381545755e-16
"t52",-0.0538573980539289,0.136671583756243,-0.214452684827957,-0.00112814612463151,0.00790114854854888,-0.0753520519394567,0.00801394332141438,-0.0163294063777886,0.0367745773110625,-0.00179045567906463,0.00197395846735946,-0.00318766358310147,-6.02405648153781e-05,0.00231328970229536,-0.10939605830094,-0.0472198369383867,0.0094258890694765,-1.1844176608343e-05,6.5782165620816e-05,-0.00103913061983545,-3.84458543823407e-05,0.000134263958430442,7.1389377999994e-07,-6.2246157723142e-06,-7.09853105337888e-07,9.38827488801419e-06,-3.89816229561107e-05,-6.73658451188358e-06,2.60732756559995e-05,5.38609468363482e-05,-0.000549760996152143,0.0467955625502981,-0.00270453808376228,-0.000215016348861369,3.68317549005628e-06,3.6351496162454e-06,0.600209842773444,6.36136291518093e-05,-4.58622849654499e-15,0.000395833140269891,1.47830252273089e-06,7.12191656433801e-06,-0.000195941695823904,1.73595254947126e-05,2.11766033057521e-05,2.73902470846465e-05,-0.000222483467282125,0.191620113197731,-0.000329806156727414,1.62211978281535e-06,-2.55030858752753e-06,1.52658340579115e-17,1.03837823722808e-05,2.46066343146441e-07,-9.40343933538374e-16,1.79644880082653e-16,-9.58514549104019e-16,-0.0198415851485315,2.61037478204906e-16,4.51207934704101e-06,-5.48023958812964e-16,-5.38267104696086e-16,-9.67188619033335e-16,1.96377041343888e-15,6.75730224202046e-17,-0.0047825940934686,-6.13094199387661e-15,2.32968888730367e-06,0.707106781186548,-4.18266639086035e-05,2.45286146854928e-06,-5.43812056119551e-16,-2.24593857189258e-16,9.24832025474829e-16,6.02194413246869e-16,-1.33053420256592e-16,-2.20711269854172e-16,-5.70077418606146e-17,-5.16817487232479e-06,-1.89422269446398e-15,2.78491847102721e-16,-5.03536386495615e-17,1.42688564026064e-16,-8.94848585452876e-17,2.38939583802258e-16,-2.48388929490885e-16,-4.92517848373305e-16,1.00995359712392e-16,-7.28276915282134e-17
"t85",-0.0522824218343599,0.129601134419629,-0.190427658548057,-0.000994317424556994,0.00686405501138931,-0.0629796548238503,0.00632742155345196,-0.000852683334812957,-0.000401886380296877,0.000356251393775853,-0.00125522648556319,0.00285355093113582,6.78224779941186e-05,-0.00587636843013156,0.412255444958527,0.232479071254767,-0.0560621360487782,0.000136422143126647,-0.00100112231760029,0.0208596717597197,0.00100366719982423,-0.0154240820127284,0.000144408996776438,-0.0011396441862922,0.000238623029718506,-0.000677062807800388,0.00276491021584872,0.00014917252974226,-0.000403133852482349,-0.00069549414591584,0.00524776681046472,-0.447596482147731,0.0261085606606871,-0.00191297409681911,4.8206897279874e-06,2.23891347102398e-07,-0.00268299233177433,2.27109011349119e-06,1.01382093325036e-15,4.17805029589852e-05,3.29834437393426e-07,1.70242910628644e-06,-6.58530814825475e-05,8.84095385661476e-06,1.18078638486202e-05,1.62821558924997e-05,-6.50743584060809e-05,0.00996132145550531,1.79778125253827e-05,-2.41133789135456e-05,-3.88900174308655e-06,-4.71111247725265e-16,1.42796221868011e-05,3.32783656923014e-07,1.21021759387688e-16,-7.13907007262116e-17,6.77584721418154e-17,-0.00219599517989924,-4.88912576353295e-16,6.27534260741816e-06,2.61536625342458e-16,-3.55510842683205e-16,-7.97815362512032e-17,8.06527889126085e-16,-6.41155129640352e-19,-0.000688511784317669,-1.43887725454488e-16,3.25896063130271e-06,-3.12979840692192e-16,-5.86889816441977e-05,3.44404231048673e-06,-8.61197678314799e-16,-6.35871880867131e-16,-5.99082903473654e-16,-2.10815787946942e-16,-1.75494105933161e-16,2.39703358654024e-16,2.04549447231447e-16,-7.33908372171216e-06,-2.84348953434612e-15,-1.47715428584942e-15,4.94284241458759e-15,0.707106781186547,-1.14533621961035e-14,-2.89611028299046e-16,1.28724589967046e-15,6.45745802297067e-16,-9.34143779344561e-17,1.3789051344687e-16
"t86",-0.0522824218343599,0.129601134419629,-0.190427658548057,-0.000994317424556988,0.0068640550113893,-0.0629796548238503,0.00632742155345194,-0.000852683334812952,-0.000401886380296812,0.000356251393775877,-0.00125522648556308,0.00285355093113557,6.78224779942106e-05,-0.00587636843013154,0.412255444958527,0.232479071254766,-0.0560621360487783,0.000136422143126702,-0.0010011223176005,0.0208596717597198,0.00100366719982453,-0.0154240820127285,0.000144408996776535,-0.00113964418629162,0.000238623029718272,-0.000677062807800249,0.00276491021584889,0.000149172529742454,-0.000403133852482279,-0.000695494145915909,0.00524776681046499,-0.44759648214773,0.0261085606606867,-0.00191297409681912,4.8206897279842e-06,2.23891347021299e-07,-0.00268299233177405,2.27109011324833e-06,6.6564516108452e-16,4.17805029591378e-05,3.29834437275437e-07,1.7024291061726e-06,-6.58530814822839e-05,8.8409538564066e-06,1.18078638482177e-05,1.62821558925552e-05,-6.50743584058588e-05,0.00996132145550503,1.79778125254659e-05,-2.41133789136705e-05,-3.88900174305706e-06,7.72194404869419e-17,1.42796221859476e-05,3.32783656668226e-07,-5.38776328251661e-17,-7.86293077568384e-16,4.82991937564039e-18,-0.00219599517989949,7.9039119698536e-18,6.27534260762286e-06,-3.70313716910173e-16,4.26779564410222e-16,9.95787870404488e-17,4.99819609595293e-16,-2.09501496938688e-17,-0.000688511784317003,2.05754272649489e-16,3.25896063094189e-06,-3.97608932245788e-17,-5.86889816440693e-05,3.44404231111817e-06,5.26399513017751e-16,5.82475526291341e-16,5.2825603767328e-16,1.57507923223806e-16,1.95917158652536e-16,-9.43853647042951e-17,-1.39396775360474e-16,-7.33908372308086e-06,-2.92428175049395e-15,1.46641778508104e-15,-4.86148899017929e-15,-0.707106781186548,1.15658688606721e-14,3.33525452491499e-16,-1.62468666202043e-15,-8.94491829377473e-16,6.48579398129402e-17,4.80928759193928e-17
"t26",-0.0519766893313347,0.128287399151385,-0.18645646277557,-0.000972477920284749,0.00669891684430664,-0.0611322102812147,0.00609754007549884,-0.000758080171573131,-0.000355496228659888,0.000310746175500374,-0.00106490828421656,0.00238701599651147,5.60915772253529e-05,-0.00460441034043727,0.312383656108743,0.171824658167282,-0.0406770865659919,9.24978823579892e-05,-0.000659472618829714,0.0133598402210371,0.000626469116246309,-0.0085825104753168,6.65056787647889e-05,-0.000501598236063439,7.04108557689348e-05,-0.000138952664447613,0.000562616061126009,-2.07088294394003e-06,6.26834618227545e-05,0.000179907395003523,-0.00292816434250671,0.538385316311897,-0.0317747042779953,0.00455111990153993,-1.87343569504578e-05,-3.70162232901053e-06,-0.104037495667556,2.26530422843814e-05,-6.5061480468346e-17,0.000265959510774516,1.44906490417713e-06,7.2079722576654e-06,-0.000230206671907346,2.36555991721052e-05,2.94131596695474e-05,3.80879675697526e-05,-0.000126354153915736,0.0190878715614255,3.43243019145789e-05,-4.4793915958713e-05,-6.77116180489157e-06,3.19363917811913e-15,2.37430703219355e-05,5.44875117300132e-07,-1.8483077175707e-15,-0.707106781186546,1.18800119173504e-14,-0.00348581184423918,-3.27766598935481e-16,9.65869375135764e-06,6.9144016266495e-16,-1.00283341071432e-15,5.83152766057167e-16,1.15871555495052e-15,9.35732846012154e-16,-0.00102001430365628,2.7605010648238e-16,4.75742383027056e-06,3.40347076488671e-16,-8.43068211046037e-05,4.93352934327618e-06,-5.99489822518712e-17,3.16693191757345e-16,8.04440040304673e-17,1.93627749323027e-16,1.02960142625791e-16,-1.00624480752645e-16,1.62412916617564e-16,-1.00551901433491e-05,-4.57420690151424e-15,1.66595959354423e-16,-2.73973635701925e-16,-1.98659778887163e-17,1.00835051752635e-16,1.82088871343175e-16,2.04419878159917e-18,5.32595815529647e-17,9.55489042040204e-17,-3.83129781482625e-17
"t27",-0.0519766893313347,0.128287399151385,-0.18645646277557,-0.000972477920284705,0.00669891684430665,-0.0611322102812147,0.00609754007549882,-0.000758080171573109,-0.00035549622865985,0.000310746175500418,-0.00106490828421644,0.00238701599651137,5.60915772254746e-05,-0.0046044103404373,0.312383656108743,0.171824658167282,-0.0406770865659917,9.24978823580239e-05,-0.000659472618829641,0.0133598402210374,0.000626469116246663,-0.00858251047531679,6.65056787647247e-05,-0.000501598236063213,7.04108557685931e-05,-0.0001389526644478,0.000562616061125741,-2.07088294379952e-06,6.26834618228465e-05,0.000179907395003377,-0.00292816434250664,0.538385316311894,-0.0317747042779953,0.0045511199015391,-1.87343569502237e-05,-3.70162232867935e-06,-0.104037495667555,2.26530422841572e-05,-1.68496773618492e-16,0.000265959510774737,1.44906490478156e-06,7.20797225777512e-06,-0.000230206671906992,2.36555991722134e-05,2.94131596693982e-05,3.80879675697787e-05,-0.000126354153915983,0.019087871561425,3.43243019143226e-05,-4.47939159585742e-05,-6.77116180627067e-06,-3.05993575804775e-15,2.3743070317786e-05,5.44875110515628e-07,1.83003042010439e-15,0.707106781186548,-1.2077253269393e-14,-0.00348581184424318,9.54097911787244e-16,9.65869374960904e-06,-7.25585282654667e-16,9.02179879319377e-16,-5.78963960107259e-16,-1.27588911658094e-15,-1.0096790274106e-15,-0.00102001430365571,-4.12738044769339e-16,4.75742383159762e-06,-3.61689844741164e-16,-8.43068211050734e-05,4.93352934253198e-06,-1.11022302462516e-16,-3.26292441701695e-16,-1.25760648250199e-16,-7.52489216324261e-17,-3.92733003214077e-17,-7.90908377327547e-18,-1.74606237967735e-16,-1.00551901431311e-05,-3.93522020525339e-15,-2.61281440122267e-16,1.89735380184963e-16,-1.90819582357449e-16,-6.86719190996313e-17,-8.84807256272526e-17,-2.61943244872498e-16,1.07552855510562e-16,4.46404304669723e-17,8.96689513706812e-17
"t5",-0.0377352047999079,0.0642789629183866,0.01243313222567,0.00619106790679783,-0.00338932749627877,0.0544217290492428,-0.0110241972384638,0.208305854094509,-0.526661049213035,0.0362398665620527,-0.110118194613068,-0.262629197324555,-0.00778315110769785,0.0259425257235646,-0.165087897072378,0.197878408959715,-0.0778116191142598,0.0027795793130601,-0.0028079725713753,0.0548364157731995,-0.00921163816086997,-0.0207975202217241,0.000535796984679584,-0.00369318457560451,0.000683660242371345,-0.00195276521601513,0.00796332262080654,0.000357858666649582,-0.0008455208176664,-0.00130772636422336,0.00416737859368567,-0.0031084815415133,-0.000538345694987758,0.0039915349195004,-2.36881581967968e-05,-5.37310332564903e-06,-0.00133375261311567,7.03921812472089e-05,0.707106781186548,0.000487571436110393,4.01757804161416e-06,2.00340808094672e-05,-0.00065254561641357,7.00168783869907e-05,5.97499121989253e-05,0.00011565127830017,-0.000355226426106594,0.000707564310897699,0.000228169875908483,-0.000154477646867535,-2.27419875959319e-05,-5.03523797087438e-16,8.0064673111304e-05,1.29053298146672e-06,2.52674892565005e-16,7.63278329429795e-17,-4.57839524641026e-16,-0.000167524916990401,2.77122075287295e-16,3.30366894698824e-05,6.56264152503845e-17,-1.95067402698996e-16,-1.10588621593521e-16,6.3274038786254e-16,2.08179699729953e-16,-5.53206853290949e-05,2.18260350368894e-16,1.63786256397848e-05,1.1741909528018e-16,-0.000278477409612688,1.70141329271841e-05,-3.03576608295941e-16,-1.77141173529276e-16,5.45982118322155e-17,7.92351940987668e-17,-6.70895051303886e-17,-3.00024112482987e-16,5.20080063728619e-17,-3.47544004032594e-05,-1.38973034469192e-14,-2.17442085420097e-16,-5.51858905795122e-17,-1.8474805019153e-16,3.51882880177066e-16,8.41956789600794e-17,-4.9439619065339e-17,2.91433543964104e-16,9.89876896565916e-17,2.26991974858462e-17
"t31",-0.0377352047999079,0.0642789629183866,0.01243313222567,0.00619106790679786,-0.00338932749627891,0.0544217290492428,-0.0110241972384636,0.208305854094509,-0.526661049213036,0.0362398665620527,-0.110118194613068,-0.262629197324555,-0.00778315110769798,0.0259425257235646,-0.165087897072378,0.197878408959715,-0.0778116191142597,0.00277957931305999,-0.00280797257137498,0.0548364157731994,-0.00921163816086993,-0.0207975202217249,0.000535796984679497,-0.00369318457560488,0.000683660242372243,-0.00195276521601502,0.007963322620807,0.000357858666649912,-0.000845520817665146,-0.00130772636422252,0.00416737859368635,-0.00310848154151582,-0.000538345694986446,0.00399153491949933,-2.36881581972517e-05,-5.37310332630372e-06,-0.00133375261312625,7.03921812659449e-05,-0.707106781186547,0.000487571436122177,4.01757804671534e-06,2.00340808134734e-05,-0.000652545616416055,7.00168783845774e-05,5.97499121993807e-05,0.000115651278299773,-0.000355226426106161,0.000707564310897565,0.00022816987590877,-0.000154477646868011,-2.27419875960186e-05,5.05312454645232e-16,8.00646731114914e-05,1.29053298196687e-06,-1.89591027213439e-16,-1.31838984174237e-16,3.70915771949614e-16,-0.000167524916989894,-2.40692882291782e-16,3.30366894701391e-05,-1.26420672679301e-16,1.23334927429438e-16,9.62771529167128e-17,2.81892564846231e-17,-3.48570421902082e-16,-5.53206853293291e-05,-2.49489096387712e-16,1.6378625639496e-05,3.70797142990043e-17,-0.000278477409612717,1.70141329275172e-05,1.66533453693773e-16,1.1720568621639e-16,-9.68536491653135e-17,-2.9272344367004e-17,9.46157188043124e-17,3.58271249115408e-16,-7.72613071455484e-17,-3.47544004031579e-05,-1.40434538997702e-14,2.41578571407131e-16,8.79287961885744e-17,-5.8113236445223e-17,-2.56124937083812e-16,1.74755151150038e-17,-1.23599047663348e-16,-8.84708972748172e-17,-2.79976370967916e-17,3.46242220074473e-17
"t19",-0.028599227774847,0.012964424336084,0.0242979785703909,0.0606987398517008,-0.0201292414945645,0.082729235656545,-0.323357708229529,-0.00780411771085409,0.0111965826044265,1.76582329374166e-05,0.000864628236892134,-5.47354679956682e-05,0.000297074115055451,-0.00311740510518565,0.0105488322200848,-0.021596206209717,-0.000210451271587055,-0.0299923997869286,0.00394711801332696,-0.00921819388427221,0.00336487808860841,0.00433220161599995,-0.00557625516209752,0.00265886259253898,-0.00199394804084243,0.208203915393641,-0.900726625753867,0.00925677976842247,-0.0124933864909995,-0.0160489165018969,0.00471684202513835,-0.00318945038468239,-0.00545233089252822,0.00329128099088834,-0.000146435401892249,-2.63653747617077e-05,-0.000930066287053733,0.000312059185693828,-1.22652194964883e-16,0.000325034393136686,1.88635766789331e-05,8.56513104238232e-05,-0.121403804559581,0.000217614966181734,3.10913364018461e-05,0.00038368705646394,-0.00107222829771957,0.000347580077831409,0.000622680119376712,-0.000453840177322716,-6.3658083784706e-05,-2.19221497029714e-16,0.000215668335362594,5.95874153996303e-07,-6.58680213230982e-18,-6.93889390390723e-17,6.13882929853663e-17,-7.62854000867993e-05,-1.29670579829266e-16,8.26996821463692e-05,-6.6107175703736e-17,5.17159708755369e-17,-1.15792792021452e-16,3.7470027081099e-16,-1.25835578022833e-17,-2.43743228050125e-05,3.11510827319282e-17,3.53227457112124e-05,-1.17744355931926e-16,-0.000120822773223456,3.9331978666424e-05,-2.16840434497101e-17,-5.32023916432128e-17,-2.51602420664761e-17,6.2236236673446e-17,1.98380616539608e-17,-1.76468512990022e-16,2.85756475570462e-17,-7.59236099894991e-05,-6.27449481260811e-15,-5.130361681444e-17,3.55618312575245e-17,-1.92554305833426e-16,1.12439885665102e-17,7.21508309457867e-17,-1.00613961606655e-16,5.29090660172926e-17,4.4887840352169e-17,4.04489592057751e-17
"t70",-0.0298798663379238,0.0140026962845153,0.0286464831037533,0.0722432285709335,-0.0243952624380056,0.105081708792835,-0.43853497055366,-0.0351376252741444,0.0583014099867087,0.000160456784309194,-0.0182921913716666,0.000439372611137527,-0.00159838792082591,0.0067328404771648,-0.0168919933184854,0.0291871993048695,0.000255697429080357,0.026982436072838,-0.00321651447878395,0.00690040201568354,-0.00234933701815749,-0.00236931976485664,0.00234381390396394,-0.00106560628552394,0.00060170672205714,-0.0545198728130621,0.235258018797078,-0.00182893214198373,0.00212368301207365,0.00247079562068204,-0.000564068882307603,0.000244082011446975,0.000413536781480818,-0.000124992973299126,1.98679580553962e-06,-8.65667547378553e-07,-6.17969210415254e-05,3.50072353396144e-05,1.09373595485394e-15,5.61939758565297e-05,7.01796252476248e-06,3.66567022172578e-05,-0.460997770707933,-4.71637991110393e-05,-4.25673716485803e-06,-3.35776370132823e-05,-1.69540713243731e-05,7.72144149139339e-06,1.49247642970557e-05,-1.68830558054806e-05,-4.38970326669536e-06,3.42812812641338e-17,1.99906908704278e-05,6.0164735952821e-08,1.93702912757881e-16,-8.32667268468867e-17,-2.83597662253184e-16,-9.02643771108838e-06,-3.76434994286967e-16,1.13053084361409e-05,5.52697752090724e-17,3.31488313338979e-17,1.00613961606655e-16,8.55218673656566e-16,4.46150928016051e-16,-3.93458388651957e-06,-1.47622966358252e-16,6.06369682468189e-06,3.21357523924704e-16,-2.21542369434745e-05,7.29444034369697e-06,-1.28369537222284e-16,-1.19378735725834e-15,-4.68309197983228e-17,3.83855721222292e-15,1.36940163318321e-14,0.707106781186547,6.07609465551102e-15,-1.68195364739418e-05,-2.12503625807159e-15,-1.86186799997642e-16,-3.33500588256541e-16,-2.1163626406917e-16,9.88723958889448e-17,1.72047659513419e-16,1.63931368479808e-16,-1.04083408558608e-16,4.38677789305925e-16,9.31766084434799e-17
"t71",-0.0298798663379239,0.0140026962845153,0.0286464831037533,0.0722432285709335,-0.0243952624380056,0.105081708792835,-0.43853497055366,-0.0351376252741443,0.0583014099867087,0.000160456784309166,-0.0182921913716665,0.000439372611137376,-0.00159838792082593,0.00673284047716468,-0.0168919933184853,0.0291871993048695,0.000255697429080336,0.026982436072838,-0.003216514478784,0.00690040201568355,-0.00234933701815774,-0.00236931976485689,0.00234381390396382,-0.00106560628552393,0.000601706722057329,-0.0545198728130623,0.235258018797078,-0.00182893214198379,0.00212368301207367,0.00247079562068194,-0.000564068882307662,0.000244082011447225,0.000413536781480934,-0.00012499297329914,1.98679580518682e-06,-8.65667547639493e-07,-6.17969210411585e-05,3.50072353395438e-05,5.52185708632007e-16,5.61939758563709e-05,7.0179625247644e-06,3.66567022171414e-05,-0.460997770707933,-4.71637991109851e-05,-4.2567371643619e-06,-3.35776370133725e-05,-1.69540713242412e-05,7.72144149114966e-06,1.49247642966654e-05,-1.68830558059871e-05,-4.38970326611249e-06,-2.51152661707704e-16,1.9990690870289e-05,6.01647356115141e-08,-8.31715811687485e-17,4.71844785465692e-16,2.93530924858736e-16,-9.02643771099818e-06,8.23993651088983e-17,1.13053084358772e-05,-6.29560249179416e-17,4.54924165331624e-17,-3.43908929112402e-16,-1.15359111152458e-15,-4.21485303179271e-16,-3.93458388645018e-06,1.16213531636786e-16,6.063696824328e-06,-3.6949610038306e-16,-2.2154236943032e-05,7.29444034233868e-06,1.50920942409982e-16,1.11248245337434e-15,1.49332346738066e-19,-3.76203550703172e-15,-1.37582796779985e-14,-0.707106781186547,-6.10428898519955e-15,-1.6819536473792e-05,-3.10515502199848e-16,1.28125052479974e-16,3.60822483003176e-16,4.5102810375397e-16,9.03384521208779e-17,-4.79561219695829e-17,-5.36029554076833e-16,1.56125112837913e-17,-2.3335624439271e-16,-1.72268800745476e-17
"t16",-0.0296582082873369,0.013823391670697,0.027899718370269,0.0702618544474648,-0.0236638885700282,0.101260106775784,-0.418914853118861,-0.0306577602968674,0.0505988444112031,0.000137253183514231,-0.0152171134263568,0.000360535649347003,-0.00129741114349031,0.00520275679913346,-0.0126844002905362,0.0214727530775863,0.000185361872180597,0.0185863262914916,-0.00217085715652573,0.00456868662488595,-0.00152930302431525,-0.00143887354045073,0.00129387879604123,-0.000576662196897192,0.000283568108289136,-0.0236419250806405,0.101853822000274,-0.000650914511948349,0.000666929353928584,0.000708730376785115,-0.000124281995872694,2.90958333576952e-05,4.85638883098885e-05,-1.42022240949558e-06,-1.26922075299231e-07,1.84569817781281e-07,1.96419896660704e-05,-1.5564303995296e-05,-1.4824388275591e-15,-3.25105488243379e-05,-5.77456984410368e-06,-3.15778586731513e-05,0.529249397663978,0.000104071797560256,1.25075365011197e-05,0.000139179994156399,-0.000338708730177436,0.000109524174154081,0.00019610391190246,-0.000142635733600259,-2.01831148851396e-05,-0.707106781186548,6.95931782088294e-05,1.93820811233113e-07,2.23972474398046e-15,-2.74780198594726e-15,-6.03747969389414e-15,-2.5296800086734e-05,1.30104260698261e-16,2.80771126300872e-05,-4.05795187042642e-16,-1.32703889838352e-16,7.39859562504108e-16,-8.23993651088983e-16,4.44358954493218e-16,-8.57339972994142e-06,-1.81473374570881e-16,1.2619514133394e-05,-3.25694332614646e-16,-4.39616709276551e-05,1.4358658256091e-05,4.63171168085807e-16,-4.74128342665664e-16,2.60027438363308e-16,-1.7658643290416e-17,4.62803130388874e-17,2.04696517182512e-16,8.93741719787725e-17,-2.93891979072103e-05,-2.28289609438548e-15,2.14622759580806e-16,-5.55111512312578e-17,-3.08780778723872e-16,1.18548485924825e-16,2.9146613404498e-17,-5.20417042793042e-17,2.0643209364124e-16,-2.67037328747223e-17,-9.31027885070533e-17
"t17",-0.0296582082873369,0.013823391670697,0.0278997183702689,0.0702618544474648,-0.0236638885700282,0.101260106775784,-0.418914853118861,-0.0306577602968674,0.0505988444112031,0.000137253183514258,-0.0152171134263568,0.000360535649347071,-0.00129741114349024,0.00520275679913344,-0.0126844002905362,0.0214727530775863,0.000185361872180656,0.0185863262914917,-0.00217085715652593,0.00456868662488584,-0.00152930302431525,-0.00143887354045078,0.00129387879604153,-0.000576662196897115,0.000283568108289067,-0.0236419250806404,0.101853822000274,-0.000650914511948219,0.000666929353928428,0.000708730376785021,-0.000124281995872728,2.90958333570707e-05,4.85638883098477e-05,-1.42022241001599e-06,-1.2692207490702e-07,1.84569817636215e-07,1.96419896654788e-05,-1.55643039950135e-05,-5.20357181832307e-16,-3.25105488248358e-05,-5.77456984403687e-06,-3.15778586729369e-05,0.529249397663978,0.000104071797559399,1.25075365006409e-05,0.000139179994156,-0.000338708730177464,0.00010952417415404,0.000196103911902967,-0.000142635733597095,-2.01831148878354e-05,0.707106781186548,6.95931782076775e-05,1.93820814614956e-07,-2.1936683420772e-15,2.2065682614425e-15,5.98762208476896e-15,-2.52968000863663e-05,4.53630188967935e-16,2.8077112630559e-05,3.43595185160922e-16,-1.85138787268468e-18,-3.51715184754298e-16,3.72965547335014e-16,-5.69138840152771e-16,-8.57339972974019e-06,1.76484186679501e-16,1.26195141336508e-05,4.08093697723544e-16,-4.39616709275769e-05,1.43586582562177e-05,-1.71737624121704e-16,5.02394263464077e-16,-3.26509311911185e-16,-9.28553440805216e-17,1.00850315337623e-16,-2.71659958494544e-16,-9.66188890600839e-17,-2.93891979072247e-05,-2.31238639347708e-15,-1.84550788806285e-16,-2.81458883977237e-16,1.49186218934005e-16,-1.75779975193399e-16,-5.05160513800812e-18,-4.18935719448399e-16,-5.20417042793042e-18,-6.81858983281024e-17,1.26387621685473e-16
"t75",-0.0463099754215674,-0.0611468881134317,0.00603348223938231,0.0207464758350722,-0.0442931991423748,0.00206842779813031,-0.0155970869134167,0.0712894128316818,-0.052692553134071,-0.000242713387903029,0.178714021607078,0.000278758394055877,0.000980864802488591,-0.0751338629276558,0.0610767672935923,-0.145044869941095,-0.00162177120154437,-0.719722435725597,0.080622381503452,0.177159611434948,-0.0330958820290362,-0.0113438260966385,-0.590021961341268,-0.00370336635584947,0.000524082106997704,-0.0119225304657286,0.0488063050296409,0.0331939721288885,-0.00341814282505346,-0.00512451064715033,0.00191759883057555,-0.00333371695515577,-0.0332549540149112,0.00172951556106173,-0.000919128036450781,-1.58148551853149e-05,-0.000575352476929931,0.000197709604498867,5.68900684527409e-17,0.000208507560451446,0.000113359531125137,5.33538151446574e-05,-0.00187832282764544,0.000174163748151033,2.48288966964161e-05,0.00266245132022594,-0.00725423405774088,0.000282293418798794,0.000508329584757803,-0.0030558362458334,-0.000424105472804741,1.7358079154076e-16,0.00142406503945341,5.11724674875577e-07,1.5677049789005e-17,0,3.31486172141902e-17,-6.61385816667776e-05,1.28369537222284e-16,0.000535476869405957,-4.61615754157372e-17,-1.42391684333521e-16,2.65412691824451e-16,-1.28369537222284e-16,1.44478189639102e-16,-2.15759037123509e-05,-3.51812240583412e-17,3.14058918136975e-05,8.5868812060852e-17,-0.000107943527119419,0.000248002570686426,1.45716771982052e-16,-3.07403278096915e-17,-1.38912536169478e-16,-2.03939597431418e-17,2.81081076334574e-17,-6.52752022195251e-18,-3.10527507812017e-17,-0.000467810533294393,-5.33947885905661e-15,-1.29096724196961e-16,-2.23779328401008e-16,2.22044604925031e-16,1.68951214067473e-17,2.58919104729037e-17,-3.98986399474666e-17,-4.85722573273506e-17,-1.81737401150603e-17,-2.42792943488204e-18
"t44",-0.0587764725062169,-0.0993925606997921,0.0154288239618345,0.0654689680072627,-0.217633236083131,-0.0464231657245175,0.0419437949053039,0.30262359859269,0.150898676572296,0.000168729031658254,-0.0669555837672334,-0.000127899586988227,-0.000123212974146988,0.011613841924418,-0.00648968904190582,0.0134119995622154,0.00013573799634498,0.0429059819564764,-0.00400626248278095,-0.00810184703431262,0.00134868518879513,0.000279681918712851,-0.00313823678846934,3.50258127796571e-08,6.62246324279131e-06,-0.000253233965465271,0.00104536410800778,0.0370497421741211,-3.53417202823181e-05,-0.000101828379455448,6.05199666412325e-05,-0.000187826207967721,-0.00218016011957743,0.000113837650020586,-0.54135371592887,-5.11247775153529e-07,-2.3694677260737e-05,9.28980618635353e-06,4.25762323754098e-16,1.06545685121364e-05,8.81848031467862e-06,3.03895449571063e-06,-0.000114588706650812,1.21286477346769e-05,1.81611110730258e-06,0.000276019186094254,-0.0124660329712905,2.16082421156807e-05,4.50743923285426e-05,-0.0634676645297659,-3.86863261741211e-05,-2.13043723117994e-16,0.000151472114401099,4.3164145805102e-08,-5.74852430175903e-16,-7.91033905045424e-16,-1.70307376837229e-15,-5.9505892850472e-06,-6.7914424084492e-16,6.61439461459301e-05,1.0366975066004e-15,4.63352354698729e-15,-2.20393365016336e-14,1.38270471461421e-14,-0.707106781186547,-2.2117314262271e-06,-2.46581173460877e-15,3.31137563891297e-06,3.38162657598229e-16,-1.17449399746556e-05,3.47453316517543e-05,1.14058068545475e-16,5.0158897682241e-16,4.08702733820302e-16,4.11704554426282e-16,-7.71132456330794e-18,3.65343907576357e-16,-3.96182101290418e-17,-0.000699986668626798,-1.03107626603371e-15,-3.48332170458191e-16,-4.34222970080445e-16,-1.95590071916385e-16,1.32415101013951e-16,1.44948508575652e-16,3.03576608295941e-18,1.89518539750466e-16,7.28867380382868e-17,1.55064313502766e-17
"t45",-0.058776472506217,-0.0993925606997921,0.0154288239618345,0.0654689680072628,-0.217633236083131,-0.0464231657245175,0.041943794905304,0.30262359859269,0.150898676572296,0.000168729031658273,-0.0669555837672335,-0.000127899586988231,-0.000123212974147128,0.011613841924418,-0.00648968904190584,0.0134119995622154,0.000135737996345133,0.0429059819564764,-0.00400626248278084,-0.00810184703431249,0.00134868518879512,0.000279681918712828,-0.00313823678846903,3.50258126998598e-08,6.62246324279305e-06,-0.000253233965465294,0.00104536410800779,0.0370497421741208,-3.53417202821672e-05,-0.000101828379455395,6.0519966641246e-05,-0.000187826207967758,-0.00218016011957788,0.000113837650020612,-0.54135371592887,-5.11247775121064e-07,-2.36946772606919e-05,9.28980618663563e-06,-2.1045030367892e-16,1.06545685127216e-05,8.81848031466449e-06,3.03895449537878e-06,-0.000114588706650757,1.21286477345143e-05,1.81611110737718e-06,0.000276019186094347,-0.0124660329712902,2.16082421157783e-05,4.50743923290917e-05,-0.0634676645297662,-3.86863261735669e-05,7.68903400137773e-16,0.000151472114401623,4.31641453826426e-08,5.02312665651677e-16,1.16226472890446e-15,2.12579205017768e-15,-5.95058928467163e-06,6.8890206039729e-16,6.61439461472346e-05,-1.04519623127116e-15,-4.89375390350615e-15,2.19619786766267e-14,-1.40371655271698e-14,0.707106781186547,-2.21173142686982e-06,2.44120373857307e-15,3.31137562728902e-06,-1.06848124098446e-16,-1.1744939972436e-05,3.47453316522769e-05,-1.8474805019153e-16,-2.80973321136194e-16,-5.82985725258529e-16,-3.75405129404331e-16,-5.26143464263417e-17,-1.05305806889588e-16,-5.95855040124407e-17,-0.000699986668626628,-3.76868675155961e-16,3.92959251755191e-16,-8.62482828212219e-17,7.54604712049911e-17,-1.9974016413609e-16,5.6563082574396e-17,-9.83371370444353e-17,-1.52655665885959e-16,9.08773134888203e-17,1.08802498753193e-16
"t14",-0.0585915438319925,-0.0988528810847726,0.0152583611126971,0.0647079972564384,-0.21486831491335,-0.0457078780495616,0.0411489662310808,0.286309807645651,0.142469514410959,0.000158413343025812,-0.0621968911288938,-0.000118196616792801,-0.000113402692970162,0.0104970525653201,-0.00580524414466749,0.011910183486291,0.000119912260743048,0.0372359865630978,-0.00345263633170295,-0.00693699182483267,0.00114820306075658,0.000232707484129882,-0.00253258722841225,2.80900375806969e-08,5.09042068791779e-06,-0.000189868872579517,0.000783417661516647,0.0262195804547067,-2.41235323719582e-05,-6.7713440412915e-05,3.72686603704146e-05,-9.57522412210893e-05,-0.00110610037425917,2.97273597957559e-05,0.257807448913655,-6.41212485345301e-07,-2.19871552257968e-05,7.30709145343165e-06,-1.0816827799646e-16,7.4904397996331e-06,5.31602545004444e-06,1.79263886793146e-06,-5.80127920401935e-05,3.41260374461848e-06,2.94705976188608e-07,8.21942805442899e-07,0.0307202890395403,-7.41679446532454e-05,-0.000171715054665982,0.863327792371716,-0.000163912618293866,-1.8574853925233e-15,0.000391983851275299,1.00768667945107e-07,-2.65263228518577e-17,-2.22044604925031e-16,-7.52649284621721e-16,-1.18273684510603e-05,5.89805981832114e-17,0.000116644838060766,-6.36498258172664e-18,8.5019799223379e-19,-1.05384451165591e-16,-2.1163626406917e-16,3.13739927472753e-16,-3.48331453838696e-06,-8.23783691458631e-17,5.02937527255276e-06,-3.4781205693335e-16,-1.72086450159108e-05,5.06086176975049e-05,-3.6949610038306e-16,-1.26727270001602e-16,-8.67994917203067e-17,-3.69927859224909e-17,8.25612903240854e-17,-1.39086199127135e-16,4.92688459290876e-17,-0.00093879418269287,-1.06512021424976e-15,-3.51604103104431e-17,2.07733136248223e-16,1.42247325030098e-16,1.18172335061921e-16,2.58227641513667e-17,-1.09287578986539e-16,3.46944695195361e-17,-1.16164250232195e-16,-1.09214559003639e-16
"t28",-0.0587919000588668,-0.0994369788027892,0.0154423768657488,0.0655292495486747,-0.217850752157359,-0.0464784521035379,0.0420037771675668,0.303536873682969,0.151360686972054,0.000169261302008168,-0.0671714364166909,-0.000128309624007526,-0.000123603275915823,0.0116455874687328,-0.00650453126504301,0.0134372511616292,0.000135948168180684,0.0429108482794403,-0.00400394662044356,-0.00809141299287223,0.00134603635301671,0.000278229596548879,-0.00310432903876462,3.46005140129668e-08,6.47040168433788e-06,-0.000245455555033842,0.00101308922431098,0.0350992924124979,-3.29054788027741e-05,-9.3497761256031e-05,5.30185980924473e-05,-0.000142543839863458,-0.00164793203168367,4.645348184577e-05,0.416763302442593,-1.10906819159491e-06,-3.98868503655987e-05,1.40497819688809e-05,-1.188624138548e-16,1.53247929385928e-05,1.22050925614552e-05,4.19263833323108e-06,-0.000156137925237236,1.66737508149144e-05,2.53640926862076e-06,0.000395448101178272,-0.026738882578066,5.26259484640557e-05,0.000114891158622152,-0.349479522675788,-3.84291660623102e-06,7.01188982964301e-15,8.94638334028187e-05,2.86939745123031e-08,-4.74153612999076e-15,-1.20979615214623e-14,-0.707106781186547,-4.55090342454945e-06,4.92509678873265e-15,5.47505717125359e-05,-1.05321800856766e-15,-1.48126177507074e-16,1.69135538907739e-16,4.56449114616397e-16,9.80825777068307e-16,-1.94397317449749e-06,1.68420622305026e-16,2.959326552194e-06,-9.6076575514803e-16,-1.06585192811468e-05,3.16076522324797e-05,6.89552581700781e-17,-8.25112459996877e-16,2.30095819180577e-16,-2.81116140502321e-17,6.2251697721325e-17,-3.6277195417053e-17,4.15880057504397e-17,-0.000656637635682551,-4.79651041107587e-16,-1.23804113031575e-18,-6.47268696973846e-17,-7.28583859910259e-17,9.78561477865923e-17,5.93324297016438e-17,-8.7061434450586e-17,4.20670442924376e-17,1.24302254666614e-16,1.47214705564023e-16
"t29",-0.0587919000588668,-0.0994369788027892,0.0154423768657487,0.0655292495486748,-0.217850752157359,-0.0464784521035379,0.0420037771675668,0.303536873682969,0.151360686972054,0.000169261302008164,-0.0671714364166909,-0.000128309624007582,-0.00012360327591584,0.0116455874687328,-0.00650453126504299,0.0134372511616292,0.000135948168180597,0.0429108482794404,-0.00400394662044359,-0.00809141299287213,0.00134603635301664,0.000278229596548781,-0.00310432903876464,3.46005139331695e-08,6.47040168406509e-06,-0.000245455555033711,0.00101308922431113,0.0350992924124977,-3.29054788028573e-05,-9.34977612558206e-05,5.30185980923748e-05,-0.000142543839863504,-0.00164793203168352,4.64534818457466e-05,0.416763302442593,-1.10906819126897e-06,-3.98868503656081e-05,1.40497819689683e-05,2.50811963162123e-16,1.53247929388278e-05,1.22050925612301e-05,4.19263833306767e-06,-0.00015613792523736,1.66737508143896e-05,2.53640926783753e-06,0.000395448101178482,-0.0267388825780656,5.26259484640724e-05,0.000114891158621055,-0.349479522675787,-3.84291660539705e-06,-6.06610908409117e-15,8.94638334022965e-05,2.86939689960451e-08,5.03324133482747e-15,1.22193921647806e-14,0.707106781186548,-4.55090342458848e-06,-4.84876895578967e-15,5.47505717116425e-05,9.45633468988023e-16,-1.53516182515563e-17,-1.07064964532944e-16,1.53956708492942e-17,-1.28656142580493e-15,-1.94397317465796e-06,-1.01467778720543e-16,2.95932655235316e-06,1.08371428150789e-15,-1.06585192809652e-05,3.16076522324424e-05,-1.31405303305243e-16,6.86570192139633e-16,-4.21598199444688e-17,3.45842737192937e-17,1.14116537224654e-17,6.93963259781281e-17,-3.61231443286941e-17,-0.000656637635682891,-7.78240319410095e-16,-1.15187557266356e-16,-2.5917852933266e-16,-2.25514051876985e-17,2.26051052119447e-17,-3.27999802651504e-17,-2.63569548131226e-16,1.34874750257197e-16,-1.0474664539072e-17,5.31627078153891e-17
"t54",-0.0594213318501748,-0.101449059541266,0.0162477814536519,0.0692174801172599,-0.23191949793976,-0.050607935777277,0.047484090587115,-0.191110941806314,-0.064010956526925,-2.04444025105343e-05,-0.00625247874704471,-1.74825106419881e-05,-1.93916528226989e-05,0.00200950646239334,-0.000975506782642829,0.00168358315844002,1.41309285598753e-05,0.000437902671417324,0.000140830580015903,0.000662088411174785,-0.000170158378424462,-9.56984680877315e-05,0.00235429168329453,-3.00053365587076e-08,-1.27997158181372e-05,0.000786149005267946,-0.00327607643412799,-0.576472469202589,-0.00120839187320354,-0.00127623103575854,0.000334222095808528,-0.000612848572501941,-0.00706314997597807,0.000227223284250417,-0.00328161170021437,-2.01493174732028e-06,-7.33898882187032e-05,2.53729048625106e-05,1.58422095976092e-17,2.70090955012358e-05,2.07020974524467e-05,7.0751041363293e-06,-0.000255335654665443,2.57352592929982e-05,3.85273951553642e-06,0.000594687145174476,-0.195693025176414,-0.000130219636742472,-0.000168837114734194,0.00221232623595454,-3.52638352288819e-05,1.01052889307422e-16,0.000160634546361274,4.68740491710317e-08,8.39676260315813e-17,-8.27463098040937e-16,-1.12240997297282e-16,-6.65029500004867e-06,-4.67941657644744e-16,7.48616519481251e-05,-5.42090957768992e-15,0.707106781186547,6.0931348942056e-15,-2.19735254297637e-15,4.43135062470385e-15,-2.50918589620461e-06,3.75655787028801e-16,3.75001638622079e-06,1.05346504089554e-15,-1.32580960706642e-05,3.91954490831499e-05,2.7972416050126e-17,-1.15456856023868e-16,-9.26739972008289e-17,-2.20098704377935e-16,2.02430797435501e-16,-2.3201862620568e-16,4.12786323355055e-16,-0.00610147021397516,-8.90238403827848e-16,-2.35324273017227e-17,-5.12610787151146e-16,2.77555756156289e-16,-3.15462586615916e-16,1.13151494744132e-17,-6.26668855696622e-17,-7.91467585914418e-17,9.81789261527243e-17,1.17256679929506e-16
"t38",-0.0594213318501749,-0.101449059541266,0.0162477814536519,0.0692174801172599,-0.231919497939761,-0.050607935777277,0.047484090587115,-0.191110941806315,-0.0640109565269251,-2.04444025105917e-05,-0.00625247874704465,-1.74825106419387e-05,-1.93916528227024e-05,0.00200950646239336,-0.000975506782642795,0.00168358315843992,1.41309285598842e-05,0.000437902671417369,0.000140830580015954,0.000662088411174675,-0.000170158378424616,-9.56984680878063e-05,0.00235429168329477,-3.00053366068462e-08,-1.27997158180348e-05,0.000786149005268417,-0.00327607643412792,-0.57647246920259,-0.00120839187320324,-0.00127623103575889,0.000334222095808645,-0.000612848572502177,-0.00706314997597825,0.000227223284250277,-0.00328161170021439,-2.01493174727681e-06,-7.33898882188967e-05,2.53729048625258e-05,-4.99809901138163e-16,2.70090955011409e-05,2.07020974523431e-05,7.07510413593964e-06,-0.000255335654665579,2.57352592926649e-05,3.85273951590851e-06,0.000594687145174368,-0.195693025176414,-0.00013021963674263,-0.000168837114734222,0.00221232623595457,-3.52638352283411e-05,2.01972724771368e-16,0.000160634546361099,4.68740481156151e-08,-1.3394104827369e-16,8.39606162372775e-16,2.39424050859454e-16,-6.65029499998708e-06,5.58364118830035e-16,7.48616519470977e-05,5.40062955940776e-15,-0.707106781186547,-5.78671225520688e-15,2.38296795490589e-15,-4.65686123210229e-15,-2.50918589795712e-06,-5.20751673384976e-16,3.75001638824087e-06,-3.85108611666851e-16,-1.32580960711045e-05,3.91954490834882e-05,-1.84314369322536e-16,-1.25991942414581e-16,-1.55044538915145e-16,1.18696522154158e-16,-2.27009349855398e-16,-1.27840567852832e-16,-3.85536568151212e-16,-0.00610147021397511,-7.94503351997378e-16,2.34567141840934e-17,4.30889048400052e-16,-2.90566182226115e-16,2.92523253532774e-16,1.14846268537628e-16,-4.35849273339173e-17,-1.19262238973405e-17,5.70063255310111e-17,-2.55783144128219e-18
"t20",-0.0595405522518931,-0.101821022600756,0.0163866473341719,0.0698483575975505,-0.234289247522742,-0.0512755893909902,0.0483190578689242,-0.211438038898954,-0.0713726076495982,-2.3336452397562e-05,-0.00754546853003076,-2.1819418350056e-05,-2.4945233514036e-05,0.0031330014338239,-0.00181970363771564,0.00377626747637347,3.80144161043292e-05,0.0113466715590951,-0.00102133526362759,-0.00198251555127216,0.000316568363290116,5.20654936318615e-05,-0.000314022714976468,2.76287658029784e-09,-7.69447895615852e-07,7.80218255729532e-05,-0.000326974350363728,-0.0800465958556523,-0.000177704418536472,-0.000190572330187511,4.93898464539108e-05,-8.15944067120572e-05,-0.000937945368020164,2.4638055732145e-05,-0.000288903479457534,-8.74392314868084e-08,-7.58748674919811e-07,-7.74727722669535e-07,1.47198490371763e-16,-1.99791738272719e-06,-3.15417039067144e-06,-1.16433085044221e-06,6.4611061392425e-05,-1.39774173478888e-05,-2.7427255028592e-06,-0.000561920625506234,0.922457872405916,0.000806387120715716,0.00114248055579842,-0.0470113020610815,-0.000205340636125602,-1.92339875558131e-16,0.000516007425625395,1.32022199140222e-07,1.52238993464435e-17,1.66533453693773e-16,-3.20041756223455e-17,-1.51560537753233e-05,1.86482773667507e-16,0.000144979064310644,-1.33272153049622e-16,2.07364320302873e-16,9.08561420542853e-17,-1.56992474575901e-16,-2.48378441996363e-16,-4.15065036205378e-06,2.24603412717751e-16,5.89454733665451e-06,-5.62050406216485e-16,-1.98134375049312e-05,5.80923809893955e-05,3.29597460435593e-17,1.44850135752344e-17,1.59371233400531e-16,5.427343041524e-17,3.87380155362233e-17,-5.26687533704283e-17,9.81132165909373e-17,-0.0201359757385339,-5.49039980146659e-16,-9.15530754126231e-17,-9.38919081372447e-17,-1.38777878078145e-17,3.71919267617179e-17,7.27900899319948e-18,-1.34874750257197e-16,-2.08166817117217e-17,-5.23141408475525e-17,2.98795870177828e-16
"t84",-0.0605594232577156,-0.104863396334857,0.0174125845229315,0.0744630719238218,-0.251305414873996,-0.0558581103960273,0.0537333619869618,-0.29460536199471,-0.100843170891937,-3.42682652592858e-05,-0.0119564430455243,-3.59325033538619e-05,-4.23773681260554e-05,0.00616770239538644,-0.00392642614638366,0.00872710060246903,9.24677165797978e-05,0.0334143609455298,-0.00326985523686137,-0.00689682081671491,0.00119028442476467,0.000284588780908538,-0.00389328903074015,4.53880759851422e-08,1.21282718535416e-05,-0.000607411487563542,0.00252226636982944,0.309557792762983,0.00054443251272915,0.000515533068878785,-0.000104461943247071,0.000131020554669029,0.00149995988111259,-3.18277439895001e-05,0.000330252518212316,8.22144605840743e-08,6.38847393935257e-07,5.82574119426183e-07,1.13213386810611e-16,1.35817350888426e-06,1.84753903412015e-06,6.68284451025127e-07,-3.25514486850531e-05,5.22260081591702e-06,9.06841234101646e-07,0.000162616502438904,-0.133935549176966,-0.0001077238427279,-0.000148943361394924,0.00496341917907736,9.00396982753821e-06,-8.13022355070809e-17,1.16617764833737e-06,2.36135800756737e-09,4.61399753176013e-17,-1.2490009027033e-16,1.30866224156206e-16,-7.45161500840391e-07,5.29090660172926e-17,1.14187025965634e-05,1.65197113076661e-17,-6.36430680490435e-17,-3.43475248243408e-16,3.88578058618805e-16,-7.40750404020429e-17,-4.45894153024151e-07,-1.58043531759983e-16,6.59895182886228e-07,3.64291929955129e-17,-2.09785562466027e-06,5.96712502981545e-06,-9.76649316974942e-16,9.75098579378398e-17,7.28474506897832e-19,8.21795540049116e-16,9.85519156435494e-16,1.52837366734031e-16,-8.72524616421263e-17,0.82884891788813,2.39565312032397e-15,4.88857121724851e-16,2.37310171513627e-15,-7.35522753814166e-16,4.59819899005849e-16,1.7644492617275e-16,-4.61436444609831e-16,-1.57859836313889e-16,-1.02712184651851e-16,3.93578199796744e-16
"t99",-0.0606606771828895,-0.105164136559666,0.0175126987711117,0.0749128035572551,-0.252959694007501,-0.056300919632076,0.0542524549228407,-0.302025144282615,-0.103462564603772,-3.52302468599709e-05,-0.012337572298232,-3.71415283109213e-05,-4.38608760554445e-05,0.0064188130400709,-0.00409814479028202,0.00912653577318863,9.68299297142007e-05,0.0351418566462941,-0.00344436474103148,-0.00727526539620316,0.00125712147049335,0.000301933342608231,-0.00415238372463105,4.8456149063722e-08,1.30248897022387e-05,-0.00065422932772689,0.00271681911351473,0.335275741000706,0.000591285595824654,0.00056085290929274,-0.000114090370790579,0.000143863624372877,0.00164713537678132,-3.51235798469419e-05,0.000365602720605252,9.15216233689659e-08,7.13604711219959e-07,6.53165391975904e-07,-3.87835784566531e-17,1.52806314977186e-06,2.08996491084023e-06,7.56553603117413e-07,-3.70377578192277e-05,6.01633259656701e-06,1.05021588014216e-06,0.000189437441547709,-0.160849471374095,-0.000129822843352634,-0.000179679391086864,0.00603828570703446,1.12630204869494e-05,-1.30977063266638e-16,1.5056134614385e-06,3.09280023309431e-09,-5.02058305866977e-17,7.97972798949331e-17,-2.76137852166709e-16,-1.01435145874983e-06,-6.5594231435373e-17,1.65083705317235e-05,-1.29244824294005e-16,-1.65408902196967e-16,-3.31223763694322e-17,1.60895602396849e-16,3.7363554536036e-17,-7.47645799287905e-07,5.23040322211461e-18,1.23868066785344e-06,1.90358796434142e-16,-4.93265861412548e-06,1.49181314592778e-05,3.85108611666851e-16,-1.95977398243516e-17,9.82624182028278e-17,-4.19346378351418e-16,-4.19919043594481e-16,-1.88517051529283e-16,-8.0616830864354e-17,-0.395301377660221,-1.59280141159845e-15,-3.1959877694623e-16,-1.11851717124467e-15,2.78423117894278e-16,-1.15974673868799e-16,-7.30890498340339e-17,1.61437703483092e-16,-8.52182907573606e-17,1.76853462741455e-15,0.707106781186547
"t100",-0.0606606771828895,-0.105164136559666,0.0175126987711116,0.0749128035572552,-0.252959694007501,-0.0563009196320759,0.0542524549228407,-0.302025144282615,-0.103462564603772,-3.52302468599182e-05,-0.012337572298232,-3.71415283109382e-05,-4.38608760554669e-05,0.00641881304007088,-0.00409814479028196,0.00912653577318871,9.68299297141725e-05,0.0351418566462941,-0.00344436474103141,-0.00727526539620318,0.00125712147049344,0.000301933342608237,-0.00415238372463108,4.84561490472421e-08,1.30248897022734e-05,-0.000654229327726953,0.0027168191135147,0.335275741000706,0.000591285595824706,0.000560852909292684,-0.000114090370790573,0.00014386362437282,0.00164713537678171,-3.51235798467285e-05,0.000365602720604932,9.15216231745702e-08,7.13604711198709e-07,6.53165391443649e-07,1.05718333490029e-16,1.52806314973944e-06,2.08996491120711e-06,7.56553603208988e-07,-3.70377578192559e-05,6.01633259642747e-06,1.05021588054808e-06,0.000189437441547825,-0.160849471374094,-0.000129822843352941,-0.00017967939108668,0.00603828570703436,1.12630204869787e-05,-6.56147566062043e-17,1.50561346134656e-06,3.09280046668567e-09,1.83048736154039e-16,1.04083408558608e-17,-4.15140854169903e-17,-1.01435145881141e-06,8.66277535815918e-17,1.65083705318011e-05,9.59190246441673e-17,-9.08543084133218e-17,6.08508469307489e-16,4.68375338513738e-17,1.28227284670478e-16,-7.47645799454872e-07,5.07996323311771e-17,1.23868066797053e-06,-1.63606107828063e-16,-4.93265861392802e-06,1.49181314590867e-05,5.60749363609503e-16,-5.67497838569145e-18,-1.89765657289646e-16,-3.61661321938533e-16,-4.6416814682996e-16,2.71346939237186e-16,1.24324305536514e-16,-0.395301377660221,-1.21268012992504e-15,-2.80784759330785e-16,-1.45424037395481e-15,3.33500588256541e-16,-2.22660498272946e-16,3.44630946344162e-17,2.1911725905932e-16,1.73689188032178e-16,-1.55519616981439e-15,-0.707106781186548
"t7",-0.0661598291808036,-0.137411366294742,-0.0178691305480806,-0.049019379627297,0.0784999119974639,0.000835051399303448,0.00416897450906364,0.0182983271043687,-0.0129166318248834,-8.15087213309499e-05,0.143591992744203,0.000927035694242886,-0.00181784555764251,0.0364199201559228,-0.00221151460778984,0.00207314557282623,1.71301097163243e-06,-0.0230078719317058,-0.0357496679717528,0.00582512401981103,-0.00130375638094108,-0.000601643474168438,0.0429516663604405,7.17310813062345e-06,3.84788844689501e-06,0.000115440233557628,-0.000491548761458568,-0.00410159394221407,0.000449966774900107,0.000961146637341217,-0.000863762999379471,0.0558991937735107,0.95620560866076,0.001650201379122,-0.000881666927624719,-7.5839912385561e-06,-0.000246446232074879,7.76633463114094e-05,1.10119441766442e-15,7.71773504566807e-05,0.037998634336501,1.82210395515764e-05,-0.000620184553703143,5.55178980152765e-05,8.20583082267352e-06,0.104560158251944,-0.00257452898510198,7.49693019327927e-05,0.000135204896953461,-0.00107855029679537,-0.00813958277721666,-5.82859533594742e-17,0.0242578513605289,1.29364280489262e-07,4.41132474063359e-17,2.91433543964104e-16,-1.66650748404218e-16,-1.70812554186215e-05,5.50774703622636e-17,0.00742232497313807,-3.97854442682505e-17,-5.04236863143833e-17,1.59919820441612e-17,-2.21177243187043e-17,2.8947800329743e-16,-5.5829913121969e-06,-1.61050921522014e-17,8.13886086746757e-06,1.14925430283463e-17,-2.80818225787885e-05,0.00280638533359513,7.63278329429795e-17,1.46361498409619e-16,2.11487131742798e-16,2.46985027178924e-16,3.38539343880542e-17,2.26388548301707e-16,-1.98115406701424e-17,-0.000155397060043265,-1.05015822426946e-15,2.54647892558251e-17,1.53577237732572e-16,-3.15719672627779e-16,1.61604777800253e-17,7.52921599815975e-17,-1.75532331725403e-16,-4.83554168928535e-17,1.75038008091822e-16,3.28750266784675e-16
"t32",-0.0715584878962323,-0.158441563810556,-0.0249695178164282,-0.0701137024242653,0.117590078637388,0.00142694175502249,0.00889366763781836,-0.00456849490564346,0.00217156206763253,-1.75073176202057e-06,0.0493895546826003,0.000486616821484664,-0.00127942930991714,0.239905778692068,0.00472491164576405,-0.00196396981351267,-9.64631612324074e-07,-0.0192209651705361,-0.368282205047109,-0.0144543322813829,0.00181331128810781,0.000365621588465207,-0.0160860913937487,-2.49651082608049e-06,-9.05734047859652e-07,-2.28169025560055e-05,9.68583530437136e-05,0.000590588297293103,-5.55396390392801e-05,-0.00010780087909729,7.74845072684244e-05,-0.00363924259731582,-0.0619122281503274,-7.71847808418297e-05,3.27243497130336e-05,1.73850221009712e-07,3.86480723807252e-06,-6.92382633216452e-07,-4.45282334546279e-16,-2.66454445008169e-07,0.00553423032272058,5.9202044198816e-08,-5.41064836369343e-06,8.80322771276698e-07,1.53571277576592e-07,0.00694271733322897,7.42871206306853e-05,-2.80751998007686e-06,-5.43139328725885e-06,7.31935291062302e-05,0.0142955328739432,-8.55300407219588e-16,-0.859251714632487,1.78755735092545e-07,-3.87801148261271e-16,-2.41473507855972e-15,-2.6211779900916e-16,-9.37021747159095e-06,-1.02348685082632e-16,0.0154220695421756,-2.37254913937209e-17,9.98314465097934e-17,4.39752401160121e-16,-1.04083408558608e-17,2.55154292456358e-16,-1.81485595951436e-06,-2.74403778350758e-16,2.552639124416e-06,2.27248775352962e-16,-8.64256117335529e-06,0.00389522625044628,-2.39391839684799e-16,2.48286841366267e-16,-1.79653287764453e-16,9.49404146167184e-17,-7.74364101413487e-17,2.37303310804602e-18,-1.54780173860932e-17,-4.62776945711263e-05,-2.28983498828939e-16,-4.81274172135129e-17,5.55111512312578e-17,7.21644966006352e-16,-1.80664847854107e-17,7.52570362969924e-17,-2.8275992658422e-16,-1.56125112837913e-16,2.64958965138041e-16,1.37794228829508e-16
"t59",-0.0719437642715946,-0.159914925866217,-0.0254428976377177,-0.0715123991112154,0.120155015533456,0.00146472496342622,0.00918363486915309,-0.00499682055118513,0.00238264735825431,-1.93725982767404e-06,0.0555226485856896,0.000551194449287466,-0.00145778697241857,0.280443652764205,0.00560212719249685,-0.0023515352258745,-1.16298089615496e-06,-0.0237099707916542,-0.458282158398204,-0.018131248397951,0.00229038869673701,0.00047438269704324,-0.021578883549168,-3.37076688353838e-06,-1.27416479845863e-06,-3.28021781351034e-05,0.000139301418597878,0.000887188221086898,-8.5390574929364e-05,-0.000168231005015859,0.00012534561211159,-0.00620953529010332,-0.105736222355903,-0.000139175003817237,6.12680854950212e-05,3.50002974603943e-07,8.17492067988965e-06,-1.55262178707299e-06,-1.11901748189903e-16,-6.3454671649088e-07,0.0146544174083059,1.59355120970942e-07,-1.64017266221332e-05,4.02030009356629e-06,9.1964597091071e-07,0.065608563182545,-0.000259843752756009,8.23449200927206e-06,1.51998520811231e-05,-0.000145425085033974,-0.0125284758649464,4.45731327702557e-16,0.358845364279207,-5.32766434614695e-08,3.49965224987807e-16,1.04083408558608e-15,1.00721882624579e-15,8.7412994215566e-07,5.29958021910915e-16,0.00113129771115226,-3.12245161320771e-16,2.53860883257312e-16,-2.4156024402977e-16,4.97865637605344e-16,-9.71342624566371e-16,-4.39197940765856e-07,-4.45332377305174e-16,7.61429630301985e-07,-2.3115190317391e-16,-3.06863184247066e-06,0.00141977704375684,-9.43689570931383e-16,-0.707106781186548,2.12189441517653e-15,-4.88103751925775e-16,-2.93862758331272e-16,-1.66529828447592e-15,1.2413479978199e-15,-2.30788706961285e-05,-5.56846235788555e-16,-9.58555131163705e-17,1.37043154602168e-16,-5.20417042793042e-16,2.88276188849993e-18,-5.14797786488823e-17,1.70870262383715e-16,3.64291929955129e-17,1.31182852539244e-16,-2.2695116993161e-16
"t60",-0.0719437642715946,-0.159914925866217,-0.0254428976377177,-0.0715123991112153,0.120155015533456,0.00146472496342623,0.0091836348691531,-0.00499682055118516,0.00238264735825431,-1.93725982775871e-06,0.0555226485856896,0.000551194449287469,-0.00145778697241863,0.280443652764204,0.00560212719249682,-0.00235153522587452,-1.16298089626252e-06,-0.0237099707916543,-0.458282158398205,-0.018131248397951,0.00229038869673708,0.000474382697043311,-0.021578883549168,-3.3707668836494e-06,-1.27416479832679e-06,-3.28021781349888e-05,0.000139301418597809,0.000887188221086885,-8.53905749295236e-05,-0.000168231005015795,0.000125345612111773,-0.00620953529010333,-0.105736222355903,-0.000139175003817472,6.12680854953571e-05,3.50002974524213e-07,8.17492067995296e-06,-1.55262178760821e-06,-6.15247633506234e-17,-6.34546716377256e-07,0.0146544174083056,1.59355120794434e-07,-1.64017266221748e-05,4.0203000937337e-06,9.1964597078581e-07,0.0656085631825448,-0.00025984375275603,8.23449200919486e-06,1.51998520811717e-05,-0.000145425085033776,-0.0125284758649464,-4.65133853518251e-17,0.358845364279207,-5.32766417579711e-08,4.22043506225152e-17,1.09634523681734e-15,-7.2440216918916e-16,8.74129942134844e-07,-1.42247325030098e-16,0.00113129771115277,2.86300015556847e-16,-4.06887431919856e-16,-3.38271077815477e-17,-1.54390389361936e-16,4.90981667549212e-16,-4.39197940998309e-07,6.37595624922913e-16,7.61429631124244e-07,-5.98479599211998e-17,-3.06863184292624e-06,0.00141977704375691,4.28476698566271e-16,0.707106781186547,-2.18525117682451e-15,5.30704089622505e-16,4.46267869766565e-16,1.23797834614121e-15,-1.19832370435291e-15,-2.30788706962708e-05,-9.36750677027476e-17,1.21852342959258e-16,-9.06393016197882e-17,1.87350135405495e-16,1.95437114641807e-16,1.16788498547522e-16,-3.81639164714898e-16,5.20417042793042e-18,-3.53505151075509e-17,5.06046116334221e-17
"t64",-0.0743518673136867,-0.169546804683942,-0.0289257493518642,-0.0819355794873767,0.139741457713939,0.0017721170202903,0.0117611655509358,-0.0307467683056738,0.0204917364460948,0.000114764390160462,-0.183042763702524,-0.00119790001371915,0.00246166098378633,-0.222189218191256,-0.00340685659841992,0.00130845043595801,6.79612196218156e-07,-0.00270359586595698,-0.00531350127493608,0.000121290246143753,-1.59481337986146e-05,1.06382651887576e-05,-0.0013165139549419,-2.26755569707367e-07,-1.24606309037482e-07,-3.55909122329044e-06,1.51375931312651e-05,0.000107599262607591,-1.05878745194246e-05,-2.09344117314903e-05,1.52431280815457e-05,-0.000667694656842535,-0.0113326410388411,-1.10645025619251e-05,3.11762989992422e-06,-1.25812381039822e-08,-1.09190702378891e-06,5.12114379126414e-07,-1.71088278887348e-15,4.82955037990748e-07,-0.478604202363781,1.87205804261578e-06,-2.57791873344519e-05,3.38559710596261e-06,7.52130697305974e-07,0.0608004612693618,-8.59714515513248e-05,2.75073163233798e-06,5.08229616262167e-06,-4.79537354942817e-05,-0.00539701115472719,-5.22214304115922e-16,0.0113133361718137,9.54846034656237e-09,1.46884098479749e-16,4.02455846426619e-16,-1.23976220363322e-16,-2.15495805259459e-06,9.95080753907196e-16,0.331345293602086,-6.99531945370271e-17,8.99678592265303e-18,4.20453602489879e-16,1.24076096619241e-15,-9.4342333678265e-16,-6.63966457231657e-08,-1.36631834893079e-16,2.74319344863248e-07,1.31893194282862e-15,-1.72995131282784e-06,0.0162725876658325,-3.06612374378901e-16,-2.24797594333407e-15,-0.707106781186548,3.3967375840638e-16,-1.21375940574586e-15,-1.89076627560344e-18,-7.72654362615044e-16,-1.16824440928595e-05,8.93382590128056e-17,-1.06246322383111e-16,-2.62647976284613e-16,-5.43835809718729e-16,4.56123143154377e-16,-1.56224463873178e-16,-1.51788304147971e-18,-4.11996825544492e-17,-1.7605603102014e-17,1.35237331519874e-16
"t65",-0.0743518673136868,-0.169546804683942,-0.0289257493518643,-0.0819355794873767,0.139741457713939,0.00177211702029027,0.0117611655509358,-0.0307467683056738,0.0204917364460948,0.000114764390160473,-0.183042763702524,-0.00119790001371915,0.00246166098378634,-0.222189218191257,-0.00340685659841991,0.00130845043595799,6.7961219623637e-07,-0.00270359586595699,-0.0053135012749361,0.000121290246143757,-1.59481337986857e-05,1.06382651887333e-05,-0.00131651395494192,-2.26755569657927e-07,-1.24606309196643e-07,-3.55909122321817e-06,1.51375931313167e-05,0.000107599262607563,-1.05878745194107e-05,-2.09344117314617e-05,1.52431280814429e-05,-0.000667694656842573,-0.011332641038841,-1.10645025616501e-05,3.11762989993265e-06,-1.25812381243618e-08,-1.09190702379087e-06,5.12114379251233e-07,-1.62158397500175e-15,4.82955037977521e-07,-0.478604202363782,1.87205804260733e-06,-2.57791873343695e-05,3.38559710613223e-06,7.52130697230513e-07,0.0608004612693619,-8.5971451551487e-05,2.75073163220354e-06,5.08229616259727e-06,-4.79537354944716e-05,-0.00539701115472724,1.48046628928477e-16,0.0113133361718134,9.54846191936025e-09,-2.65275056536554e-16,6.24500451351651e-16,4.79546075196779e-16,-2.1549580526397e-06,1.26027660529715e-15,0.331345293602087,-4.39534753259511e-16,-5.67998748297484e-16,8.13368469798625e-16,9.86407136527312e-16,-1.39939421748995e-16,-6.6396645752656e-08,2.1135151785241e-17,2.74319346197684e-07,-1.41141438814163e-15,-1.72995131184431e-06,0.01627258766583,8.33100949337862e-16,1.75994425681737e-15,0.707106781186547,-3.91244523532425e-16,1.25304449829668e-15,-3.53822734431244e-16,5.93765663677765e-16,-1.16824440928847e-05,-1.19262238973405e-16,1.32328214924743e-17,2.98372437868011e-16,7.86697096355482e-16,-5.63026848308299e-16,1.90720339660225e-16,-4.0841895837529e-16,1.47451495458029e-17,-4.61694719523278e-16,1.07481783501755e-16
"t43",-0.0740585094194684,-0.168397153210227,-0.0285307098728197,-0.0807595680071515,0.137553496596919,0.00173863014717827,0.011489569466628,-0.0288478402468216,0.0191847745116939,0.000106825985697934,-0.168573443771704,-0.00109764855498199,0.00224682583036324,-0.199417142082066,-0.00302984025739642,0.00115638107480047,5.98002759092525e-07,-0.00234500620019826,-0.00458386054177177,0.000104120684217571,-1.3632705656158e-05,8.94765784234877e-06,-0.00108577307184363,-1.86311626342028e-07,-1.00020988508948e-07,-2.82274604810766e-06,1.20031391485638e-05,8.33389753030055e-05,-8.10138787273734e-06,-1.58951425244698e-05,1.1365170187589e-05,-0.000485040582083929,-0.00822887959735261,-7.83311618728078e-06,2.17013125375126e-06,-8.48867404333272e-09,-7.22002898773111e-07,3.30991258206884e-07,-1.18427758663126e-15,3.05245972907764e-07,-0.291577512639149,1.13437218654078e-06,-1.50548058668043e-05,1.78604620230558e-06,3.77622434565017e-07,0.0287499485598216,-2.60745212307262e-05,7.74705057919427e-07,1.399075797868e-06,-1.05744889784265e-05,-7.64616483965967e-05,2.56947952872917e-16,-0.00317913919960297,-4.23868961891422e-09,-6.67248558657933e-18,-9.99200722162641e-16,-6.46080340085488e-16,2.18074578133692e-06,-3.06352165857504e-15,-0.877503092082977,5.65720594185835e-16,6.99160155627552e-16,-1.91990520703733e-15,-2.18922102668273e-15,9.24749057970883e-16,-1.3607549204861e-06,6.25779029200143e-17,1.68310033255362e-06,-5.42101086242752e-17,-6.47312675622911e-06,0.0573744364460686,-3.98986399474666e-16,3.02563558344953e-16,9.69838996907771e-17,5.042726797313e-17,3.71591535134486e-17,3.88728677204587e-17,-3.65100494775101e-17,-2.37653542306162e-05,-1.92554305833426e-16,2.46693833771054e-17,-9.06393016197882e-17,-1.59594559789866e-16,4.64079269486784e-17,4.48846686064662e-17,-2.2811613709095e-16,1.04083408558608e-16,-1.75975557079288e-16,5.25987977314217e-17
"t62",-0.0744697465869194,-0.17001881820144,-0.0290965647288754,-0.082446745622346,0.140701804372759,0.00178717464736302,0.0118871557554404,-0.0319154772399438,0.021308021916359,0.000119920965649676,-0.193144859163597,-0.00127031734443785,0.0026209971675941,-0.241102342452274,-0.00373993834485699,0.00144863025044058,7.57115894093469e-07,-0.00307943021090309,-0.00610750925881797,0.000140628816514752,-1.86349252223258e-05,1.28412734321272e-05,-0.00166448610541359,-2.8953057531686e-07,-1.70600229094583e-07,-5.08549009688142e-06,2.16475468987833e-05,0.000170255809501921,-1.7862456334514e-05,-3.69728970023436e-05,3.06192569157274e-05,-0.0017387482492634,-0.0296737784365066,-4.44799140041155e-05,2.14583427493959e-05,1.49115679198833e-07,4.09386943891511e-06,-9.95061568981155e-07,8.48539288424552e-16,-5.93441434754323e-07,0.322840328705989,-1.16573448743162e-06,9.4526555745808e-06,-1.77526113757237e-07,1.58221670730485e-08,0.00491867934329883,-1.89692783024581e-05,6.25120825236726e-07,1.16361541528751e-06,-1.15061379788728e-05,-0.00133706114525947,1.04605716256506e-16,0.00255235074053238,1.99469511351011e-09,1.30693040643449e-16,-4.16333634234434e-16,2.30442353228142e-17,-3.24775795861043e-07,2.15973072759112e-16,0.0133025623956629,1.70483590258318e-17,-2.15939738698392e-16,5.69422980989387e-16,-1.29930788350663e-15,3.36058641807255e-16,9.37237246388667e-08,3.57659605772551e-16,-5.29081277102217e-07,1.40274077076175e-15,2.10054463887887e-05,-0.851205137820379,1.76594849854439e-15,1.46334451411676e-16,-1.52483827042947e-15,-2.37642312852108e-16,-3.18451174702146e-17,7.32720800950195e-16,-5.23023108862577e-17,-1.97292955970103e-05,-5.66387214906428e-16,-4.54934839105863e-17,4.42354486374086e-17,-5.58580959264532e-16,8.95470285881472e-16,1.00232167580288e-16,5.8113236445223e-17,3.15719672627779e-16,3.52357873844037e-16,2.05301628502106e-16
"t87",-0.0746797201839305,-0.170842916323943,-0.0293808207819123,-0.0832933016960633,0.14227801916388,0.0018113456809539,0.0120837109542284,-0.033332493024071,0.022285219124722,0.000125888817362699,-0.204140464373093,-0.00134691779891311,0.00278587176469095,-0.258941569331694,-0.00403898163403643,0.00157034854858077,8.22871027726494e-07,-0.00337521865806617,-0.00671516687431616,0.000155058801228817,-2.05968004149886e-05,1.43231910252932e-05,-0.00187669551063928,-3.27107022911148e-07,-1.95141786090485e-07,-5.8533785660078e-06,2.49190296780309e-05,0.000198326838736312,-2.09330062358739e-05,-4.3491525931581e-05,3.63329334745135e-05,-0.00208833706398684,-0.035647074288084,-5.40461041246355e-05,2.6266889422544e-05,1.84961907118136e-07,5.12024757433669e-06,-1.25592647997752e-06,1.29301000954567e-15,-7.55548021382433e-07,0.41672456984472,-1.50769954878991e-06,1.23869784187103e-05,-2.40492970404906e-07,2.17530011229405e-08,0.00687676890666046,-2.91369321068209e-05,9.71433928671398e-07,1.81440908786641e-06,-1.84699802763326e-05,-0.00238462027095531,1.13462217333499e-16,0.00524143637130931,4.40999336610251e-09,1.59544001478717e-16,4.99708781298569e-16,-8.82674845636074e-17,-9.1300175533444e-07,3.47873043305552e-16,0.0687175946955546,-4.00518767949478e-16,4.02305659344295e-16,2.6197034992681e-17,9.82124537945994e-16,-6.36427651777429e-17,-3.41250148458265e-07,-4.01926259282665e-17,7.4198738530336e-07,-3.95886258887715e-16,-1.11013550069817e-05,0.368475217056445,-1.00970393070859e-15,-2.08464784973088e-16,1.00882887867384e-15,-1.49936750254584e-16,-1.65535026430867e-16,-1.41635080064036e-16,1.19046953797283e-16,-6.55149852065625e-06,3.52907807144032e-17,1.55184057827538e-15,-1.5740006683012e-15,1.15689792815066e-14,0.707106781186547,-2.87435602859923e-16,-4.59417118063576e-16,-7.92009687000661e-17,4.49459755691125e-16,-8.30623772100567e-17
"t88",-0.0746797201839305,-0.170842916323943,-0.0293808207819123,-0.0832933016960633,0.14227801916388,0.00181134568095392,0.0120837109542284,-0.033332493024071,0.022285219124722,0.000125888817362701,-0.204140464373093,-0.00134691779891314,0.00278587176469095,-0.258941569331693,-0.0040389816340364,0.0015703485485808,8.22871027692966e-07,-0.00337521865806617,-0.00671516687431623,0.00015505880122883,-2.05968004150421e-05,1.4323191025302e-05,-0.00187669551063932,-3.27107022898192e-07,-1.95141786017979e-07,-5.85337856608224e-06,2.49190296780488e-05,0.00019832683873638,-2.0933006235882e-05,-4.3491525931562e-05,3.63329334743571e-05,-0.00208833706398691,-0.0356470742880839,-5.40461041248127e-05,2.62668894227378e-05,1.84961906994296e-07,5.12024757429497e-06,-1.25592648002735e-06,1.78702355966014e-15,-7.55548021420001e-07,0.416724569844719,-1.50769954879219e-06,1.23869784186031e-05,-2.40492970371089e-07,2.17530010333583e-08,0.00687676890666063,-2.91369321068829e-05,9.71433928630185e-07,1.81440908787531e-06,-1.84699802763005e-05,-0.00238462027095533,-3.19238034388313e-16,0.00524143637130948,4.40999345670793e-09,6.92998666210581e-17,2.88397777881144e-17,1.5746861573647e-16,-9.13001755568357e-07,2.20906192643922e-17,0.0687175946955544,1.81758213261913e-16,-4.0459170484932e-16,-1.42301535138722e-18,7.88364057195678e-16,-4.81044074646177e-16,-3.41250148336888e-07,-2.33957731406925e-16,7.41987385328947e-07,-7.7360535512272e-16,-1.11013550070702e-05,0.368475217056443,-5.40772938581457e-16,3.61142372761121e-17,3.74689140792384e-16,2.47540227397814e-16,2.58496253017824e-16,-2.4441811783565e-16,1.43549589438803e-16,-6.55149851993448e-06,-1.49884174082543e-16,-1.58454025049819e-15,1.22832652252672e-15,-1.10382352130206e-14,-0.707106781186548,3.64819109104147e-16,1.71148089190415e-16,-9.16150835750251e-17,-1.56948583444823e-18,-1.10818289057966e-16
"t13",-0.0717950099010748,-0.159423699392541,-0.0253564114033231,-0.0712811912181879,0.119817837997746,0.00146322484165862,0.00921220448524706,-0.00891946495658804,0.00526158941037167,1.85941346432464e-05,0.00714621268134507,0.000179457109750008,-0.000602593194918788,0.176702370967514,0.00435649209050575,-0.00232216484562484,-1.5440297925981e-06,0.0206848782217731,0.149862125095804,0.00261929836975484,-0.00013912410124494,2.77029814714086e-05,-0.0015565777330411,-2.31395583052268e-07,-3.18887571799931e-08,2.4191427018064e-07,-1.11565545367538e-06,-7.47577343476052e-05,1.10347316341734e-05,2.68147460837555e-05,-2.95339464634822e-05,0.00221497417822653,0.0379456619463293,6.83692326552063e-05,-3.60274256405966e-05,-2.75455726009196e-07,-7.62152596266077e-06,1.73301680320934e-06,1.46996047046215e-16,8.40454304321808e-07,-0.0401558715298258,-2.15293661571972e-07,3.5493007880541e-05,-1.78960605141695e-05,-6.19148118616297e-06,-0.873210208413274,-0.00127000336235682,3.56197601364874e-05,6.36626110981533e-05,-0.000483967090458198,-0.340933338963951,-7.40708254316308e-16,0.041107451579755,3.14214120842107e-08,1.39004042434909e-17,-9.71445146547012e-17,4.70992774748089e-16,-4.84678320871249e-06,-2.34187669256869e-16,0.0182690256105615,-4.87846039039574e-17,1.79570410330475e-16,-6.07153216591882e-18,-2.29850860566927e-16,2.10759806681595e-16,-1.63012288171768e-06,-1.36434316431406e-17,2.40426697170094e-06,6.00431163122472e-16,-8.50103787872832e-06,0.00584908412741962,-2.9316826744008e-16,-7.53938523868524e-17,-4.46139811093765e-17,-1.38555069828845e-17,-3.44835717506905e-17,1.61576190790683e-16,1.82676608323893e-17,-4.80303994772188e-05,-5.58580959264532e-16,-1.21068610864641e-17,-1.90819582357449e-17,-3.53883589099269e-16,3.0451895996725e-17,1.02741393433256e-16,-5.11743425413158e-17,7.80625564189563e-17,4.53190183512328e-16,-1.01993597296228e-16
"t97",-0.0729831211578225,-0.164022360534444,-0.0268823020057919,-0.0758056889181713,0.128171235214064,0.00158847801167098,0.0101980353126925,-0.0121590777996596,0.00726328549205799,2.65697308946343e-05,0.0109232358580596,0.000283707937668332,-0.000978730506200535,0.325426985537481,0.00865831722879705,-0.00488093040884578,-3.38178232315049e-06,0.0525933016293341,0.405768736072729,0.00753836998652442,-0.000423356594329564,0.000108143557570226,-0.00929252947892205,-1.5382035122107e-06,-7.31116005357139e-07,-2.0255592458563e-05,8.61209413515305e-05,0.000609553862287156,-6.1271400885111e-05,-0.000123760046759112,9.72590345397545e-05,-0.00515430435533743,-0.0878623907414687,-0.000122828436167669,5.62112581395082e-05,3.44795351388156e-07,8.44171912673763e-06,-1.695639308977e-06,7.00924022321201e-17,-7.36768350167766e-07,0.0299626100539087,1.57158459603883e-07,-2.25101542250562e-05,8.20662093300857e-06,2.48055010299833e-06,0.301052946746945,0.000171296049106858,-4.08364384900752e-06,-6.92574255205957e-06,2.8107049495399e-05,-0.245912332345121,-3.19563645467097e-16,-0.00462609510822813,-1.78484697396677e-09,8.73420998630415e-17,-2.56739074444567e-16,-9.20879786472276e-18,-9.20746335911216e-08,-6.27753057869107e-17,0.00144759023211192,-8.00881096125774e-17,-7.89266774053707e-17,-1.15060955555024e-16,9.81202966099382e-17,1.4293697879457e-16,-2.41535592318976e-07,-2.27258145737148e-17,4.19187480505063e-07,3.34069794397096e-16,-1.72543170695016e-06,0.00121641487234618,1.29887420263763e-16,2.0024830187944e-16,-1.50680598216807e-16,1.97749365392733e-17,-6.62917355380341e-18,1.08517484902721e-16,9.72770156141436e-18,-1.38615280838893e-05,7.63278329429795e-17,-1.76317139624246e-17,1.69379484396548e-16,-2.46764414457701e-16,3.22281592047864e-16,3.04792550808083e-17,7.04785622224202e-16,8.03393809811759e-16,-0.707106781186547,2.28095448848477e-15
"t98",-0.0729831211578225,-0.164022360534444,-0.0268823020057919,-0.0758056889181713,0.128171235214064,0.00158847801167098,0.0101980353126925,-0.0121590777996596,0.00726328549205799,2.65697308946555e-05,0.0109232358580596,0.000283707937668305,-0.000978730506200461,0.325426985537481,0.00865831722879706,-0.00488093040884578,-3.38178232321684e-06,0.052593301629334,0.405768736072729,0.00753836998652443,-0.00042335659432957,0.000108143557570252,-0.00929252947892205,-1.53820351221591e-06,-7.31116005298592e-07,-2.02555924585689e-05,8.61209413515279e-05,0.000609553862287204,-6.1271400885105e-05,-0.000123760046759064,9.72590345396298e-05,-0.00515430435533752,-0.0878623907414687,-0.000122828436167774,5.62112581400568e-05,3.44795351470342e-07,8.44171912671844e-06,-1.69563930900935e-06,-8.62061175389588e-17,-7.3676835002335e-07,0.0299626100539082,1.57158459569094e-07,-2.25101542249825e-05,8.20662093311062e-06,2.480550102752e-06,0.301052946746945,0.000171296049107106,-4.08364384878618e-06,-6.92574255227896e-06,2.81070494954987e-05,-0.24591233234512,-5.91762475521661e-16,-0.00462609510822804,-1.78484736438798e-09,1.50630433940995e-16,-2.98372437868011e-16,2.14299766765454e-16,-9.20746335468861e-08,-5.76795555762288e-17,0.0014475902321119,-5.66622961585438e-17,-9.04191882394405e-17,1.15196480826585e-16,2.59449579875781e-16,-1.3012612727069e-16,-2.41535592301629e-07,6.00430780950614e-17,4.19187480509833e-07,3.18701228602114e-16,-1.72543170706108e-06,0.00121641487234611,-2.66930574865931e-16,2.08922003956458e-16,1.78916955353185e-16,-3.67119801279203e-17,-1.2700360055843e-17,-2.97406587012865e-16,3.05449902723706e-17,-1.38615280836612e-05,-2.10552061896685e-16,-3.37266631662562e-19,-5.95498043237663e-17,-1.99493199737333e-17,-1.94664884456651e-16,-6.49281293366591e-17,-7.83390279729401e-16,-9.22439208350667e-16,0.707106781186547,-2.1113647351276e-15
"t30",-0.0723799079980548,-0.161688861977506,-0.0261090570750452,-0.0735132138906029,0.123939819374644,0.00152507169087627,0.00969940105770104,-0.0105337259912646,0.006259457319408,2.25748431221606e-05,0.00903558725675345,0.000231661943807869,-0.000791104700309926,0.251507785296206,0.00652449600200575,-0.00361346919601011,-2.4723539072298e-06,0.0368540641381564,0.279695031708064,0.00511769784535459,-0.000283622361813934,6.8746595209895e-05,-0.00552144188152928,-9.01745944751481e-07,-3.92521424803609e-07,-1.03598597221411e-05,4.40074161752754e-05,0.000281195765631475,-2.66874624198958e-05,-5.18883875404658e-05,3.70371056926302e-05,-0.00167953441709182,-0.0285486467676336,-3.33440883240436e-05,1.32580643477884e-05,5.87113449061546e-08,1.08003911761202e-06,-1.35975456355445e-07,7.00605157530091e-17,-2.46868208757245e-08,-0.00128868368038722,-8.51787996332311e-09,2.93936985375047e-06,-2.77802028447694e-06,-1.08705849530787e-06,-0.167839100949008,-0.000235421944359233,6.11361637024854e-06,1.06243225959121e-05,-5.2603969130682e-05,0.873017421160999,1.78973183164857e-15,0.0382277043845326,2.53343743004519e-08,-1.66448856437328e-16,8.88178419700125e-16,-6.11130091061239e-16,-3.41203169641584e-06,7.78457159844592e-16,0.0122194670189569,1.5207748994498e-16,1.87160728906414e-16,1.5482407023093e-16,2.08166817117217e-17,-3.24434644165602e-16,-1.07423732899695e-06,-2.44818402653022e-17,1.58788381249449e-06,-8.80805844927224e-16,-5.64675564084308e-06,0.00389025441980523,1.36175792864179e-16,-4.30644716697641e-17,9.34082778389514e-17,-2.5560338590888e-17,1.27761343882001e-16,3.32937715337307e-16,-7.96387741393852e-17,-3.28998672503922e-05,-3.98552718605671e-16,-7.81534162665099e-17,3.33934269125535e-17,-1.89084858881472e-16,7.63407131815161e-19,9.19780253094724e-17,-5.98479599211998e-17,-2.60208521396521e-17,-1.12453457801447e-16,-8.1734355491207e-17
"t66",-0.0625845805320471,-0.122839772327251,-0.0123653267942534,-0.0324779459827685,0.0471706395570419,0.000333892047034118,-0.000133892546665312,0.0670903632997192,-0.0471705187610403,-0.000299305008199047,0.555049900025555,0.00370259559165217,-0.00741678110290266,-0.255875854060655,-0.053299999883107,0.090041967807619,0.000839570872246651,0.236421592555555,0.0249325526360183,-0.0418463529712014,0.00712821782042338,0.00176122193159107,-0.0747581149704051,-1.145684042925e-05,-3.79525618493222e-06,-9.06479692816085e-05,0.000384414018976727,0.00207512904741386,-0.000180619321698754,-0.000331315365610083,0.000201247544268986,-0.00626506472729058,-0.105504326849226,-3.69444135222908e-05,-2.21094867714395e-05,-7.26813167837019e-07,-3.27377178474866e-05,1.30775411111315e-05,-1.69222505412616e-16,1.52832610040717e-05,0.000309205401533345,4.46478550804311e-06,-0.000170405161503542,1.82446869944406e-05,2.74465035913379e-06,0.00697041037472462,-0.00125017703827766,3.6863814347019e-05,6.67167410156039e-05,-0.000546959753863436,-0.00108089779245661,1.38231911444317e-16,0.00360069950986538,7.84176196451185e-08,3.50325315880769e-17,3.01841884819964e-16,2.23780460163201e-16,-1.05854765617536e-05,-5.11418164761412e-16,0.00133600458065307,-8.008990233118e-16,-4.42639538185945e-17,-3.00595052321606e-16,1.00830802041152e-16,5.74700137339218e-16,-3.79226135490849e-06,1.97390210567931e-16,5.64238375295838e-06,-8.48035834263849e-16,-1.98899941300634e-05,0.000610295955191547,1.18286457018169e-15,-4.13159724357936e-16,2.29718825824447e-16,0.707106781186548,6.91013100729624e-15,-3.87446207309316e-15,1.58428952528908e-16,-0.000118347748725175,-6.80336863234654e-16,1.97009765999379e-16,-2.6590058280207e-17,-1.33790548084711e-16,2.4252562957338e-16,1.25280550336794e-16,-2.17707796235089e-16,1.23924308315093e-16,8.00417916553127e-17,-3.86192479698506e-17
"t67",-0.0625845805320471,-0.122839772327251,-0.0123653267942534,-0.0324779459827685,0.0471706395570419,0.000333892047034134,-0.000133892546665329,0.0670903632997192,-0.0471705187610403,-0.000299305008199087,0.555049900025555,0.00370259559165227,-0.00741678110290264,-0.255875854060655,-0.053299999883107,0.090041967807619,0.000839570872246549,0.236421592555555,0.0249325526360182,-0.0418463529712014,0.00712821782042338,0.0017612219315911,-0.074758114970405,-1.14568404292106e-05,-3.7952561850246e-06,-9.06479692816554e-05,0.000384414018976652,0.00207512904741393,-0.000180619321698722,-0.000331315365610125,0.000201247544268907,-0.00626506472729045,-0.105504326849226,-3.69444135220973e-05,-2.21094867715078e-05,-7.26813167874607e-07,-3.27377178476285e-05,1.30775411110634e-05,-1.18481843710739e-16,1.52832610040949e-05,0.000309205401533412,4.46478550818176e-06,-0.000170405161503658,1.82446869944135e-05,2.74465035913791e-06,0.0069704103747247,-0.00125017703827753,3.68638143469467e-05,6.67167410154677e-05,-0.000546959753863482,-0.00108089779245661,-2.3820308305271e-16,0.0036006995098653,7.84176194662252e-08,3.18706811073871e-17,-5.3776427755281e-16,-2.02961514901391e-16,-1.05854765618404e-05,6.04659551595166e-16,0.00133600458065301,6.95379966358445e-16,7.19625189108387e-17,2.44677325275666e-16,1.4658413372004e-16,-6.53484083469199e-16,-3.79226135505508e-06,-1.80196828028713e-16,5.64238375238071e-06,8.13693730450371e-16,-1.98899941302776e-05,0.000610295955191866,-1.25930082334191e-15,4.43793672073615e-16,-2.9763711163482e-16,-0.707106781186548,-6.83798622349526e-15,3.88148657808538e-15,-1.33004596359417e-16,-0.000118347748723782,-1.41976274486977e-15,-1.96664054034457e-16,3.34476370211778e-17,1.77809156287623e-17,-2.13706653439875e-16,-4.03855605467049e-17,-1.16443313324943e-16,-2.80374681804751e-16,-3.70520593277104e-17,3.59738566645523e-17
"t9",-0.0523475649591922,-0.0837218368445204,0.000138389020382993,0.00443590705763788,-0.0204034793117607,-0.000656028662352345,-0.00765403650545948,0.0642753963098892,-0.0422695132095414,-0.000218721679462119,0.229471592217882,0.000924191122558672,-0.000823618001457248,-0.0780587578716586,0.0335738078476297,-0.0865119235215212,-0.00100384830040657,-0.486126063047111,0.0454052253051858,0.125840425048888,-0.0241319989240338,-0.00965708319598792,0.798275012205626,0.000142560532473385,0.000274576892521548,-0.006796656302459,0.0278539549650623,0.0342949288860593,-0.00213468984492705,-0.00326988229967096,0.00129304673865107,-0.00704853154494642,-0.105194598215976,0.000989284120005762,-0.00080327171061507,-9.87026473128132e-06,-0.000363553968181208,0.000126170204919628,5.39741151515374e-17,0.000134033584647513,0.000268723067181174,3.46419980540931e-05,-0.00122743468486732,0.000115195705026203,1.65019984588108e-05,0.00576561929481094,-0.00648545367295424,0.000189121465361927,0.000341221524329253,-0.0027316689847009,-0.000851072974766151,-2.55627625866644e-16,0.00280886132655148,3.49882990826472e-07,3.88114335938847e-17,5.55111512312578e-17,-3.11238648006703e-17,-4.54245468549941e-05,4.5102810375397e-17,0.00102342767511336,-4.42013035239584e-17,1.0985182519765e-16,4.77048955893622e-17,5.20417042793042e-17,-3.05298147965891e-16,-1.49611728534615e-05,3.35465861521776e-17,2.18274109248379e-05,-1.10154940724527e-16,-7.52232938788593e-05,0.000458331004241766,3.46944695195361e-18,-1.38649668985852e-17,9.69268549671766e-17,6.49964030710149e-17,3.86304901306901e-17,1.61652863690006e-16,1.62821775173663e-17,-0.000417692240172372,-3.77475828372553e-15,-4.84779970123943e-17,-4.9439619065339e-17,1.94289029309402e-16,-1.76838311269399e-19,2.21642089739976e-17,-2.25514051876985e-17,1.38777878078145e-17,-1.65213206156628e-17,3.63192890068848e-17
"t4",0.0453810606995735,0.00961296355164127,0.0676563391673128,0.287721184586114,0.136850009988425,-0.0555820490179521,0.0398622697725085,0.00727176271328538,-0.0145871760794153,-0.00808126626804464,0.00985606048069474,-0.000357420387875777,0.0132034704343617,-0.0141580060842783,0.078864411939862,-0.348297871750677,-0.821681212117518,0.100706224219078,-0.00907321996873635,0.01918552941693,-0.0053691413621905,-0.00329638050164339,0.00176680755476294,-0.000815135579087667,0.000188625351400064,-0.00637562872708124,0.0174727666770492,0.000991100417550741,-0.247213450701071,0.00172804763443464,0.000451119864250352,-0.000479957041418828,-0.000743449899739514,0.000612232658651415,-2.6653853831769e-05,-5.2101093354941e-05,-0.000220476265681968,0.000659207972241572,-2.66566478349228e-16,8.22210207727008e-05,4.30872775084195e-06,0.000179443250422147,-0.000691971898427412,0.000594482454860512,1.04622603168524e-05,0.000118584317298755,-0.000372990543735097,0.000162587342652527,0.0193089161795226,-0.000145641991557987,-2.16914383845313e-05,-1.64611166483344e-17,7.56711070999854e-05,2.31903380683524e-07,-2.50302265908703e-17,2.04697370165263e-16,-8.20435757052422e-17,-3.02715099373125e-05,2.38090797077817e-16,3.05204584707215e-05,-3.527787333646e-17,1.41764793793988e-16,1.30646361784503e-16,-2.90783022660612e-16,4.42228211319381e-17,-1.01286017709554e-05,4.98959869807162e-17,0.000109409011059372,-2.10714692222558e-16,-5.13319997963257e-05,1.52922017472325e-05,5.03069808033274e-17,-1.03029715007484e-16,-6.45033533272169e-17,2.99619130470311e-17,7.07599609244586e-17,2.17986073103369e-17,3.19930434111941e-17,-3.05893812828509e-05,-2.27920980699903e-15,1.81794477312671e-16,-1.30700571893128e-16,2.29850860566927e-17,-2.40127962056103e-18,5.56725132693298e-17,-9.85539774789324e-17,1.10588621593521e-17,2.38380978184615e-17,-6.20288747468452e-18
"t77",0.0475080869835426,0.0104463256420615,0.0821288837597373,0.353904584248766,0.172748254936653,-0.07540597344165,0.0606217205858772,-0.00665921205169725,0.011215732355105,0.00403285858653911,-0.00228204332098897,5.54500168450439e-05,-0.00143316912872464,-0.000241607858420113,0.00435324050841248,-0.025678466880302,-0.0688095277036513,0.0103679854985309,-0.000957543250742936,0.00203148287891714,-0.000562187582685628,-0.000288123648298791,6.12433116046387e-05,-1.58146435043569e-05,-2.59224900456406e-05,0.00187368367028182,-0.0051993085816585,-0.00116294633768448,0.888276929779375,-0.0864816725930865,0.00111819118779578,-0.000631679376479996,-0.000972726838818536,0.00063125074063481,-2.5023358243433e-05,-4.38205090875816e-05,-0.000177003938544087,0.000509032031933438,5.79911249747915e-16,6.16994183378515e-05,3.1264727140429e-06,0.00012970062317789,-0.000489494436398445,0.000408027182012707,7.14171489205745e-06,8.08491745710772e-05,-0.000353620558203368,0.000298281470912955,0.114260860914365,-6.01298096968295e-05,-1.21222942453154e-05,-1.07500124223461e-16,4.35508498394174e-05,1.34141451619673e-07,-8.29378770071441e-17,-1.38777878078145e-17,1.1023425660919e-16,-1.76315047143438e-05,6.93889390390723e-17,1.78565318415501e-05,3.40009269707568e-17,-4.55469415531416e-16,1.05384451165591e-16,-4.96998275867355e-16,-4.7206369848837e-17,-5.9513467199207e-06,-5.20282190185258e-18,6.43894677331402e-05,-9.95297594341693e-17,-3.02660137948983e-05,9.01955369749831e-06,-1.02348685082632e-16,-3.91047999986393e-18,1.41357212898502e-16,1.60205319352948e-17,-5.82632326242441e-18,-2.25012845327952e-17,-4.90470387415129e-17,-1.81616233853259e-05,-1.45976980503448e-15,3.64154100912054e-16,2.47198095326695e-17,1.87350135405495e-16,1.05285624783765e-16,3.81184410589387e-17,1.95156391047391e-17,1.38777878078145e-17,-5.56470123292615e-17,1.81527157985554e-16
"t80",0.0490208248307869,0.0110352306863619,0.0921914502418708,0.399842817629285,0.197585347800123,-0.0890100776151758,0.07471242911441,-0.0149812497687255,0.0265011804196408,0.0110428098438693,-0.00897927369272013,0.000277681147417522,-0.00915303651109848,0.00639725907467886,-0.0289244638844431,0.111227279552992,0.238415831165921,-0.0212382495193873,0.0016865994834574,-0.00316247414656978,0.000793682031342838,0.000294751606575478,-4.55083188933038e-05,1.11184860541978e-05,1.32800313467421e-05,-0.000826063113412565,0.00228614624251098,0.000386619633000409,-0.256304630977038,0.0228159162193919,-0.000238161930390954,9.73681334891993e-05,0.000149079692952523,-6.76403989885582e-05,2.02136361451846e-06,1.70315045003754e-06,2.71047645305058e-06,4.46090391876202e-06,-1.15011428264064e-16,1.86915566006106e-06,1.95039142627542e-07,8.66584578847163e-06,-4.68727122966018e-05,6.88292304106062e-05,1.45499837361264e-06,2.00827008033505e-05,-0.000447404505840715,0.00069747461693733,0.357011713483373,9.26188237023069e-05,1.96662380637196e-06,-2.5507451678892e-17,-4.68843382991913e-07,2.93375807349817e-09,-1.48739537653059e-17,-1.04083408558608e-16,8.81691775673882e-17,-1.32893331327398e-06,-5.3776427755281e-17,2.12843628473805e-06,-2.57771271467071e-16,1.62286228799956e-17,-3.1788807697275e-16,1.86482773667507e-16,8.10521287992247e-17,-9.94432375150262e-07,-2.55156649785299e-16,1.18901679836466e-05,8.10983225019157e-17,-6.16203688525775e-06,1.86600054401936e-06,1.82145964977565e-16,1.57337132545371e-16,2.51810994528872e-16,-1.6890364501086e-16,4.1379715546771e-16,-2.17752248444408e-16,-8.30988302391621e-16,-4.71634400657809e-06,2.77859332764585e-15,-0.707106781186547,-2.22781862402321e-15,-1.5334955527635e-15,1.27212913631854e-15,1.35435858803214e-16,-1.81712284108571e-16,3.76434994286967e-16,-1.07814904994952e-17,-8.16063366595425e-17
"t81",0.0490208248307869,0.0110352306863619,0.0921914502418709,0.399842817629285,0.197585347800123,-0.0890100776151758,0.07471242911441,-0.0149812497687256,0.0265011804196407,0.0110428098438693,-0.00897927369272017,0.000277681147417637,-0.00915303651109856,0.00639725907467884,-0.0289244638844431,0.111227279552992,0.238415831165921,-0.0212382495193875,0.00168659948345741,-0.00316247414656972,0.000793682031342929,0.000294751606575488,-4.55083188933584e-05,1.11184860542013e-05,1.32800313468661e-05,-0.00082606311341251,0.00228614624251102,0.000386619633000495,-0.256304630977039,0.0228159162193919,-0.000238161930390886,9.73681334892895e-05,0.000149079692952477,-6.76403989883848e-05,2.0213636145779e-06,1.7031504500042e-06,2.71047645285672e-06,4.46090391875665e-06,-4.17193638512652e-17,1.86915565992792e-06,1.95039142582466e-07,8.66584578852037e-06,-4.68727122967163e-05,6.88292304105208e-05,1.45499837370458e-06,2.00827008033089e-05,-0.000447404505840635,0.000697474616937174,0.357011713483374,9.26188237022549e-05,1.96662380645349e-06,-2.51021484740105e-16,-4.68843383047424e-07,2.93375823894743e-09,-1.27264751488172e-17,2.42861286636753e-16,3.93480507004085e-16,-1.32893331342837e-06,-1.56558793706907e-16,2.12843628482479e-06,2.1013327874925e-16,2.01844050863464e-16,-5.85469173142172e-18,4.32813507256213e-16,-2.81505092700228e-16,-9.94432375249141e-07,1.30072672016634e-16,1.18901679834488e-05,-1.31188462870746e-16,-6.16203688467878e-06,1.86600054392222e-06,-4.59701721133854e-16,-1.98281118011334e-16,-3.17178238072436e-16,4.04829114364136e-17,-3.7420073582237e-16,7.54168933772789e-17,9.12842905315075e-16,-4.71634400748969e-06,-3.8671323088213e-15,0.707106781186546,2.10009960810442e-15,1.36522737559375e-15,-1.36811919140824e-15,-6.53566706637142e-17,5.24753851482984e-17,-1.53523027623947e-16,-1.94536292209289e-17,1.20691679047314e-17
"t21",0.0486083622042205,0.0108753161456155,0.0894865896900818,0.387507313561113,0.190929099906161,-0.0853821703745823,0.07097909850512,-0.012917940270175,0.0227258873736586,0.00932938572398661,-0.00737447459994072,0.00022494374522509,-0.00733501843480075,0.00488650247194438,-0.0214993662925867,0.0811030860707128,0.171485716625494,-0.0145836275624758,0.00113731688547131,-0.00209694177302343,0.000518572561608201,0.000181604626894046,-2.59681751928679e-05,6.24716114187504e-06,6.73569971678181e-06,-0.000395548086526499,0.00109350756599237,0.000163329991255929,-0.100799604795321,0.00855005090437885,-7.87707788999373e-05,2.60240148572365e-05,3.96848066600347e-05,-1.37829459433449e-05,3.27061642486592e-07,1.42557359028444e-07,8.86833383035614e-08,-1.12952924314633e-07,-2.71341219609625e-16,-1.54441862005358e-07,-3.467279316041e-08,-1.66225230222798e-06,1.35259987398065e-05,-3.85523072056341e-05,-1.0108781233701e-06,-1.72659743982902e-05,0.000948281983813215,-0.00162580740364211,-0.855364763815606,-0.000279534009832815,-1.40770728044842e-05,1.91224549736094e-16,3.6599456154026e-05,1.04890673071007e-07,2.50829911173626e-16,-2.08166817117217e-16,-6.27496073826909e-16,-1.23355477794802e-05,8.37004077158809e-17,1.15635539555004e-05,-8.08361607339e-17,1.95562663119196e-17,1.8702487475375e-16,5.00034041950315e-16,1.51458472588151e-17,-3.62084252227522e-06,5.85233664506791e-17,3.8544746428012e-05,5.42534767111746e-16,-1.78760498814975e-05,5.31704139043829e-06,1.34007388519208e-16,-2.05711317276173e-17,-1.16231605822766e-16,4.84942866729509e-17,3.71697618556507e-17,2.35267963939616e-16,-6.12916275267865e-17,-1.05444879172819e-05,-1.22298005056365e-16,2.19128610044266e-16,1.85290151277773e-16,-6.50521303491303e-17,1.30709082481315e-16,6.26583450586806e-17,1.05818132034585e-16,-3.46944695195361e-18,2.229463003445e-16,6.45732770191522e-17
"t56",0.213811030954681,-0.0157227356955772,-0.0120730600765743,-0.0421054426868761,-0.0132166722595573,0.000534258790259758,0.00253605197451842,0.00461506286588954,-0.012158132705848,-0.248372818246591,-0.000730379049998169,-0.000129677099325242,0.341777869634327,0.00202391192366483,-0.00528713373449924,0.0122003591490861,0.0143808681275802,0.00250713473418075,-0.000338963022538259,0.000915835042365815,-0.000301363412018862,-0.00028368673956775,0.000220685896000362,-0.000109111993598985,4.59633895634991e-05,-0.487718945823722,-0.10965163161329,0.000188780216602348,-0.0100712467998829,-0.106113688694983,-0.00026063093926307,7.38429031441681e-05,0.000112589221034567,-4.07586018977956e-05,1.02042803608282e-06,0.0134827709147306,-2.35192563654879e-06,0.0159850980508691,3.76498268361788e-16,1.24341227093479e-06,1.35672802164829e-07,0.00286433673066731,-2.6999470267749e-05,0.00767160848449507,5.3938723036228e-07,6.81116241250425e-06,-2.57827424343547e-05,9.58029137220514e-06,0.000132807885298064,-1.16514518122852e-05,-1.83376553683501e-06,-1.86600195036648e-16,6.7629453943778e-06,2.11338623241171e-08,6.33483822411099e-16,-6.21031004399697e-16,1.89588852309493e-17,-2.87253324540888e-06,-2.56370445705922e-15,3.01986609618776e-06,-4.78220623719048e-16,5.77300580094331e-16,2.8385497077843e-15,-1.832518511935e-15,2.6047870863695e-15,-1.0586355235747e-06,-0.707106781186547,0.00108562144346868,-5.68176148491029e-15,-5.60589196965476e-06,1.677445239386e-06,-9.35449634420493e-16,7.14029629870084e-16,2.11312723787167e-16,6.65011591728103e-17,3.89642513686772e-16,6.58963858769289e-18,3.76288285597542e-16,-3.60462595508124e-06,-2.5955800009303e-16,2.24497678409716e-17,-4.16333634234434e-17,-1.89084858881472e-16,3.2526324708672e-16,1.19518276581804e-16,-2.54136989230602e-16,-8.37004077158809e-17,4.86584338432678e-17,1.98483750396821e-17
"t47",0.213811030954681,-0.0157227356955772,-0.0120730600765743,-0.0421054426868761,-0.0132166722595573,0.000534258790259762,0.00253605197451843,0.00461506286588955,-0.012158132705848,-0.248372818246591,-0.000730379049998152,-0.000129677099325289,0.341777869634327,0.00202391192366483,-0.00528713373449924,0.0122003591490861,0.0143808681275803,0.00250713473418075,-0.000338963022538285,0.000915835042365887,-0.000301363412018689,-0.000283686739567723,0.0002206858960003,-0.000109111993599019,4.59633895634362e-05,-0.487718945823721,-0.10965163161329,0.000188780216602309,-0.0100712467998829,-0.106113688694982,-0.000260630939262998,7.38429031443139e-05,0.000112589221034563,-4.07586018976829e-05,1.0204280360691e-06,0.0134827709147306,-2.3519256365425e-06,0.015985098050869,-2.61879970834293e-16,1.24341227086258e-06,1.35672802051096e-07,0.00286433673066758,-2.69994702678175e-05,0.00767160848449515,5.39387230142838e-07,6.81116241247563e-06,-2.57827424347068e-05,9.58029137203774e-06,0.000132807885298181,-1.16514518121455e-05,-1.8337655367847e-06,7.49940417768778e-19,6.76294539398575e-06,2.11338632580488e-08,-6.93587835906461e-16,2.63677968348475e-16,2.5897779153211e-17,-2.87253324542797e-06,3.00735998604029e-15,3.01986609633174e-06,3.53902478979305e-16,-5.8843359621842e-16,-2.83638130343933e-15,1.95568387872935e-15,-2.68958896291466e-15,-1.05863553221276e-06,0.707106781186547,0.00108562144346421,6.19111966554398e-15,-5.60589196977744e-06,1.67744523996193e-06,7.69349861595714e-16,-7.46607536289487e-16,-8.01208195480758e-17,-1.57355755040598e-17,-1.61999549494729e-16,1.10673054815594e-16,-4.77195660806713e-16,-3.60462595486852e-06,-2.51751744451134e-16,6.18674335434386e-18,8.67361737988404e-17,4.68375338513738e-17,-2.64542728535683e-16,1.36865524156006e-16,-2.75170511376821e-16,1.30104260698261e-17,-6.85270670673765e-18,3.37261659893591e-17
"t36",0.213592828405749,-0.0156947797986239,-0.0120283291734118,-0.0419409167775329,-0.0131599619614955,0.000531445812810867,0.00251937256923398,0.00451305983874868,-0.0118768543818879,-0.241906556734508,-0.000707040126075121,-0.000125132009287633,0.328928455825689,0.00192219197944629,-0.00497717897967518,0.0114058448521047,0.0133728033299499,0.00228250736225684,-0.000305561835443361,0.000817242650163428,-0.000266296111675087,-0.00023829110518083,0.000164630865693738,-7.83522407028225e-05,1.37436013582333e-05,0.485085290939751,0.116221429581455,0.000365627543428512,-0.0157777741386145,-0.15491956756223,-0.000345949279760881,9.1684199945534e-05,0.000139682369339122,-4.88286726783114e-05,1.20339081795032e-06,0.0155799668536783,-2.6922544828739e-06,0.0181449847787314,-3.93777484985271e-17,1.40214657983135e-06,1.51713026984318e-07,0.00319965752353361,-2.99763400541057e-05,0.00842364498003032,5.90140455417228e-07,7.4266622150038e-06,-2.77837597126018e-05,1.03141167117997e-05,0.000142943310283003,-1.25154653981916e-05,-1.95985764753909e-06,-2.41200523755898e-16,7.20028549576132e-06,2.24705385784996e-08,1.67133751290689e-16,1.04777297948999e-15,-5.83626245697004e-16,-3.04577543094875e-06,1.19361985573274e-14,3.19283319794722e-06,0.707106781186548,5.46911688419526e-15,-5.29079818151201e-15,6.87817858224804e-16,1.15132286151289e-15,-1.11512314032898e-06,-7.11637511109988e-16,0.00114185375464938,1.65232411086791e-16,-5.8865275811092e-06,1.76090628161828e-06,3.13984949151802e-16,-1.46130086275869e-16,1.11631140098291e-16,3.60369197962624e-16,3.23529809815052e-16,-7.37953519079451e-18,1.39360816021956e-16,-3.76592363183104e-06,-1.65232411086791e-16,-4.5464409423852e-17,-1.72496565642444e-16,-1.61329283265843e-16,3.00431481140693e-16,2.72313538228476e-17,-1.30104260698261e-17,-2.68882138776405e-16,8.64345910560158e-18,1.72942725953099e-16
"t37",0.213592828405749,-0.0156947797986239,-0.0120283291734118,-0.0419409167775329,-0.0131599619614955,0.000531445812810842,0.00251937256923397,0.00451305983874868,-0.0118768543818879,-0.241906556734508,-0.000707040126075156,-0.00012513200928758,0.328928455825689,0.00192219197944636,-0.0049771789796752,0.0114058448521047,0.0133728033299499,0.00228250736225683,-0.000305561835443364,0.00081724265016333,-0.00026629611167509,-0.00023829110518081,0.000164630865693728,-7.83522407029058e-05,1.37436013583252e-05,0.485085290939751,0.116221429581455,0.000365627543428521,-0.0157777741386145,-0.15491956756223,-0.000345949279760943,9.16841999455756e-05,0.000139682369339111,-4.88286726782767e-05,1.20339081787557e-06,0.0155799668536784,-2.69225448280104e-06,0.0181449847787315,4.09048270037631e-16,1.40214657986951e-06,1.5171302702509e-07,0.00319965752353347,-2.99763400541195e-05,0.00842364498003014,5.90140455408554e-07,7.42666221494222e-06,-2.77837597127684e-05,1.03141167115269e-05,0.000142943310283072,-1.25154653981049e-05,-1.95985764728148e-06,2.04623409448751e-16,7.20028549577867e-06,2.24705390607528e-08,4.30381985477348e-17,-7.28583859910259e-16,5.6476069541462e-16,-3.04577543075793e-06,-1.16935541111252e-14,3.19283319698098e-06,-0.707106781186548,-5.41106875764845e-15,5.3329736460217e-15,-2.92300905702092e-16,-1.05698012374057e-15,-1.1151231395605e-06,5.22614959847234e-16,0.00114185375464968,-1.00180280737661e-16,-5.88652758078286e-06,1.76090628151247e-06,-4.64038529823796e-17,2.22498652295593e-16,-3.60213645477829e-16,-3.98870478397631e-16,-3.01838003783194e-16,8.23297427626902e-18,8.38919266017729e-18,-3.76592363177572e-06,-1.17961196366423e-16,-1.90640890859492e-17,-1.36175792864179e-16,1.99493199737333e-16,-2.78966161959855e-16,-5.72839710422778e-18,-1.78459677591114e-16,2.22044604925031e-16,4.50726476152349e-17,-1.28899160201845e-16
"t89",0.226556785487591,-0.0174492369150882,-0.0153059425305731,-0.0542127134466135,-0.0175387321125462,0.000769987450889651,0.00414958494645226,-0.0088326459594466,0.0205514251297129,0.337470809307209,0.0030296557789623,-7.38422734839447e-05,0.0436652835354244,-2.49856972693021e-05,-8.23606212237342e-05,0.000442934316527349,0.000722350019556048,0.000226950676897056,-3.5067564757383e-05,0.000104598441648725,-3.69844262863815e-05,-4.24015788431939e-05,3.73865833854506e-05,-1.86921984786023e-05,6.88135354275088e-06,-0.00355597890161398,3.49605692778913e-05,7.17821492047521e-05,-0.00348058748254361,-0.0359202050912885,-8.72131189298322e-05,2.48982832549288e-05,3.79673930178161e-05,-1.36910500887627e-05,3.33223354835344e-07,0.00399824619126909,1.75026523297709e-07,-0.039339432097596,1.09466794058533e-15,5.50897923111936e-06,1.74872269591858e-06,0.559859414095097,3.40175824230411e-05,-0.001004945942949,2.38572474085125e-08,7.18857996918551e-07,-5.88387245727302e-06,2.2493745882729e-06,3.14181259294696e-05,-2.90826788405633e-06,-5.10568946739121e-07,-1.03748810261012e-16,2.01628336961301e-06,6.44122880684092e-09,2.31358961786849e-16,2.42861286636753e-16,-1.15241272159947e-16,-9.15391208913124e-07,-1.67400815431762e-16,1.0097348924834e-06,-7.09639793689617e-17,-6.28697227004502e-17,-1.10588621593521e-17,-9.36750677027476e-17,5.00063097421247e-16,-3.95271118083101e-07,-1.61552355175142e-16,0.0336448833606854,-1.81712284108571e-16,-1.82186669401489e-06,5.54624403427233e-07,-6.93889390390723e-17,1.47127559342769e-16,-1.06198614324069e-16,-8.5707610535773e-18,2.83623853269528e-17,-2.85920737860676e-16,4.2789126777025e-16,-1.33173886167858e-06,-1.27502175484295e-16,-4.7575210157976e-16,-2.96637714392034e-16,-3.52148865623292e-16,-4.197209608435e-16,-0.707106781186547,-2.57467658304478e-14,-1.74946862552261e-15,-7.07304679425713e-17,9.06683134155822e-17
"t90",0.226556785487591,-0.0174492369150882,-0.0153059425305731,-0.0542127134466135,-0.0175387321125462,0.000769987450889673,0.00414958494645226,-0.00883264595944661,0.0205514251297129,0.337470809307209,0.0030296557789623,-7.38422734839359e-05,0.0436652835354242,-2.49856972692866e-05,-8.23606212236958e-05,0.000442934316527368,0.000722350019556065,0.000226950676896986,-3.50675647573799e-05,0.000104598441648731,-3.69844262863815e-05,-4.24015788432165e-05,3.73865833854349e-05,-1.86921984786335e-05,6.88135354278991e-06,-0.00355597890161382,3.49605692779756e-05,7.17821492048029e-05,-0.00348058748254358,-0.0359202050912883,-8.72131189298964e-05,2.4898283254908e-05,3.79673930177413e-05,-1.36910500888564e-05,3.33223354888741e-07,0.00399824619126901,1.75026523332837e-07,-0.0393394320975961,9.76706740477434e-16,5.50897923105994e-06,1.74872269585152e-06,0.559859414095097,3.40175824230966e-05,-0.00100494594294897,2.38572472575915e-08,7.1885799695498e-07,-5.88387245718976e-06,2.24937458823257e-06,3.14181259296548e-05,-2.90826788400429e-06,-5.10568946773815e-07,-2.42526655950591e-16,2.01628336964077e-06,6.44122916050767e-09,2.74647592005944e-16,-4.02455846426619e-16,2.31703418267755e-16,-9.15391208784755e-07,-4.09828421199521e-16,1.00973489252157e-06,-8.71266324222851e-17,-2.71036505461374e-16,6.13658429626796e-17,1.40512601554121e-16,3.33529626357526e-16,-3.95271118211471e-07,1.00777995261326e-16,0.0336448833606854,2.31802424477401e-16,-1.82186669420398e-06,5.54624403466264e-07,1.14491749414469e-16,-6.4508605571735e-17,1.29723887148747e-16,7.43165142839792e-17,-2.62810016928654e-17,8.18420609910848e-17,-2.76405757171426e-16,-1.33173886190138e-06,1.73472347597681e-17,4.10693250130264e-16,2.27031934918465e-16,1.59594559789866e-16,3.22741987199265e-16,0.707106781186547,2.55654872272082e-14,1.6757428777936e-15,3.33553601782978e-17,2.57202482283736e-16
"t73",0.227436736293396,-0.0175665692047062,-0.0155170259313919,-0.05499991563968,-0.0178175231524192,0.000784889286015066,0.00424886307637683,-0.00946706724962491,0.0220858732831312,0.365288045541771,0.00332482998745687,-8.15845605020715e-05,0.0485014092149502,-2.84266468739312e-05,-9.50123257888618e-05,0.000516045243217432,0.000847566068272958,0.000272876239600525,-4.25752304709841e-05,0.000128152213234638,-4.56777378240701e-05,-5.41045844480101e-05,4.98643931705384e-05,-2.51599666049197e-05,9.86181254337016e-06,-0.00528797312061624,5.20252804177634e-05,0.000116209522201548,-0.00593267178145834,-0.063474560447007,-0.000170063540631103,5.8553631765771e-05,8.96289045223198e-05,-4.26629178504837e-05,1.38735839586051e-06,0.0715368243756789,-1.79959650753068e-06,0.12373389554513,2.50325698109054e-16,-9.06640254119597e-06,-1.26794679795229e-06,-0.362256242461351,-9.44653646376033e-06,-0.000151588836240108,5.98904526926541e-09,2.4075917486651e-07,-3.34033585031469e-06,1.31345901410057e-06,1.84859597220442e-05,-1.81006938575028e-06,-3.61175564747573e-07,-1.53456160324699e-16,1.56972516632964e-06,5.1973621729073e-09,-1.13512141882409e-16,-1.35308431126191e-16,-2.73975596519917e-16,-8.04873124446957e-07,-2.01878444516801e-16,1.01113424049414e-06,8.32200003117939e-17,1.96668569271705e-16,-4.51244944188467e-16,1.71520783687207e-15,2.96758700635089e-15,-6.55570528971736e-07,1.63583580739298e-15,0.375664987274467,2.32322841520194e-15,3.29508072187e-07,-1.25411568131263e-08,-5.47305256670683e-16,1.16299722077652e-15,-6.33396228266736e-16,-4.85704196344767e-16,-7.02993176592791e-15,-6.35700894077287e-15,0.707106781186547,-7.98754070884092e-07,-1.66533453693773e-16,-8.04022322184983e-16,2.25297211442488e-16,-1.33573707650214e-16,-1.17733212274873e-17,-2.25234615973369e-16,-2.51968584885631e-16,3.6125616387217e-16,4.5440991614766e-17,2.18433086590443e-17
"t74",0.227436736293396,-0.0175665692047062,-0.0155170259313919,-0.05499991563968,-0.0178175231524192,0.000784889286015049,0.00424886307637684,-0.00946706724962494,0.0220858732831312,0.365288045541771,0.0033248299874569,-8.15845605019659e-05,0.0485014092149501,-2.84266468739365e-05,-9.50123257888698e-05,0.000516045243217481,0.000847566068272919,0.000272876239600522,-4.2575230471019e-05,0.0001281522132346,-4.56777378240736e-05,-5.41045844480812e-05,4.98643931705505e-05,-2.51599666050064e-05,9.86181254341613e-06,-0.00528797312061608,5.20252804177613e-05,0.000116209522201518,-0.00593267178145842,-0.063474560447007,-0.000170063540631119,5.85536317656773e-05,8.96289045223069e-05,-4.26629178504733e-05,1.38735839597744e-06,0.0715368243756788,-1.79959650753935e-06,0.12373389554513,7.08292696811435e-16,-9.06640254114089e-06,-1.26794679779144e-06,-0.362256242461351,-9.44653646374125e-06,-0.000151588836240006,5.98904506370068e-09,2.4075917488646e-07,-3.34033585018198e-06,1.31345901413179e-06,1.84859597221522e-05,-1.81006938567915e-06,-3.61175564849055e-07,-8.66693143252719e-17,1.56972516636086e-06,5.19736265472675e-09,1.27638202344083e-16,-4.9960036108132e-16,1.02459398804029e-16,-8.04873124372364e-07,5.65953534037433e-16,1.01113424051495e-06,1.37145861878232e-16,1.16984843249916e-15,-9.29486522471823e-16,1.33356867215717e-15,2.56946797445446e-15,-6.55570529032451e-07,8.53726979453242e-16,0.375664987274466,2.13446881697221e-15,3.29508071976502e-07,-1.25411566557002e-08,1.12843762112291e-15,-1.55097768260821e-15,-1.30326447747832e-16,9.7474594848416e-17,7.03954288433295e-15,6.32728875637818e-15,-0.707106781186548,-7.98754071011784e-07,-5.77662917500277e-16,8.92428412307027e-16,-3.13768108717305e-16,-1.72604985859692e-16,2.74455732286926e-16,1.27780923918225e-16,-2.72785266597353e-16,-2.55004350968591e-16,1.54727975559359e-16,4.26598145286468e-17
"t53",0.226834680747773,-0.0174867439324215,-0.0153753984832032,-0.0544724872640001,-0.0176312294885663,0.00077499769344044,0.00418353556226373,-0.00908367192635121,0.0211629244254106,0.348767476803495,0.0031536486891703,-7.71455510954639e-05,0.0457532903148175,-2.65462308381734e-05,-8.82473164876547e-05,0.000477539294283916,0.000782318289579913,0.00024978473785757,-3.8851817585478e-05,0.000116617268974977,-4.14667482139114e-05,-4.86732328565682e-05,4.43775740369655e-05,-2.23459074379026e-05,8.65024060062863e-06,-0.00460917240305673,4.53418042658722e-05,0.000100063737839282,-0.00507708798968136,-0.0541117421781827,-0.000143683860528435,4.88548813856182e-05,7.47672998309403e-05,-3.51687523952524e-05,1.1348296544238e-06,0.0577055711300607,-1.43896372504192e-06,0.0979825221049589,6.28563355648107e-16,-7.11310902539765e-06,-9.80136471380211e-07,-0.279432853801709,-7.18362274391982e-06,-0.000111133952028907,4.31891677282747e-09,1.70369058041797e-07,-2.11824109437597e-06,8.21322875078911e-07,1.15120662489534e-05,-1.08790674709092e-06,-1.89746625769288e-07,2.19644380336524e-16,6.77340085353251e-07,2.00479634629436e-09,-1.66043945184465e-16,7.49400541621981e-16,4.02200599461812e-17,-2.02861741287197e-07,2.96637714392034e-16,5.25948597174253e-09,-1.64125793161398e-16,-1.1624412162633e-15,1.37520203558061e-15,-2.57606436182556e-15,-6.78465085338568e-15,6.02737176468027e-07,-2.61822666266103e-15,-0.845774642429269,-4.39405456464925e-15,-5.70861913862914e-06,1.52355692200831e-06,-4.54497550705923e-16,5.26100711435173e-16,6.48905425345133e-16,3.12325903735618e-16,2.17274253472946e-17,2.38292098423675e-16,2.24934778854267e-16,-1.74797481039112e-06,7.8236028766554e-16,-1.17664213046284e-16,5.24753851482984e-17,3.81639164714898e-16,-3.42742077245462e-17,-4.10199827136326e-17,1.55257751099924e-16,1.30104260698261e-16,1.28702057542281e-17,-1.93065906779676e-16
"t10",0.216972472893881,-0.0161713320127375,-0.013007416663896,-0.0456409487384417,-0.014503163265185,0.000607755298506494,0.00306902007706855,-0.00195812430208983,0.00393033187102453,0.0364681986186327,-0.00015736832965736,9.65495970097039e-06,-0.00844031085286556,1.19136877496231e-05,5.29052417833686e-05,-0.000336982239269755,-0.000611186495019149,-0.000259214887899536,4.42089268031629e-05,-0.000143518009826111,5.43935039170051e-05,7.94939335761243e-05,-9.08893567902695e-05,4.7613770185197e-05,-2.30821279891009e-05,0.0136525745165182,-0.000134550867524624,-0.00035776630134068,0.0198412313158668,0.223184189103639,0.000668582926752999,-0.000266048672826133,-0.000408180257196965,0.000219946428478819,-7.69085040629478e-06,-0.440843356583523,1.15359205046604e-05,-0.788931476511568,-1.10148959123037e-14,5.16581990361591e-05,1.26268307466407e-06,-0.172961198974434,-0.000263002064291773,0.201175522159555,1.69288902240883e-06,2.38546809259296e-05,-7.29123342441433e-05,2.65399880406963e-05,0.00036581822024527,-3.07175279588637e-05,-4.34107698036538e-06,2.41798659936549e-16,1.47876341557197e-05,4.49795271037848e-08,-7.69050974373022e-17,9.0205620750794e-17,1.13262025081279e-16,-5.78652178656602e-06,1.99059518868339e-16,5.75591787841702e-06,-1.63526818988942e-16,4.47457680436642e-17,-2.32452945780892e-16,2.22044604925031e-16,1.94782598194584e-16,-1.88765465302006e-06,-7.01616164202203e-17,0.0110263216720823,-1.84205949105287e-16,-9.34314023804566e-06,2.78297035354123e-06,-1.14491749414469e-16,-4.51059838040431e-16,-8.93211362701097e-17,-1.98454255383358e-17,1.49240538542935e-16,2.71923788337779e-17,6.54942970266383e-17,-5.51036233409452e-06,-7.83661330272523e-16,3.11988807024897e-18,-6.72205346941013e-17,9.36750677027476e-17,1.23580817827262e-16,2.58024791438517e-17,-1.13624387676481e-16,-1.56125112837913e-16,-7.5731259012447e-17,1.04643594722916e-16
"t11",0.218544174899111,-0.0163712697682961,-0.0133195696923488,-0.046785295113534,-0.0148949490792025,0.000626790085780439,0.00317753080555936,-3.43470077715185e-06,-0.00161623971639309,-0.116478851385067,-0.00397802303806686,0.000182736772228249,-0.20932150679412,-8.16845209568694e-05,-0.000163747445323623,0.000701709488816384,0.00100004041969882,0.000213195020192007,-2.85558418089077e-05,7.4387073124009e-05,-2.32396320765729e-05,-1.44631841221101e-05,6.45519063878323e-07,8.33352266825516e-07,-3.05056131424345e-06,0.00236833326020112,-2.34308065096615e-05,-8.35652628588994e-05,0.00509522037097652,0.0601646780343017,0.000197456291294088,-8.67225640223818e-05,-0.000133254868566669,7.87559975100292e-05,-3.00270182022205e-06,-0.27729468384235,-1.5293411625034e-05,0.0235850856823326,1.70550391109081e-15,1.97398529698566e-06,-5.86716854931871e-08,-0.0218357925917426,3.76797337174779e-05,-0.894018197185346,5.77774766237493e-06,3.88067082665883e-05,-6.36223038651667e-05,2.2726438727947e-05,0.000311730729342448,-2.53245393761065e-05,-3.38331102681284e-06,-4.15279478294039e-16,1.12389746813185e-05,3.3976969899055e-08,5.82913432416559e-16,6.93889390390723e-17,-1.69652547617311e-16,-4.33085418962732e-06,3.51281503885303e-17,4.28429588386625e-06,1.22680041208911e-17,-2.24535323757466e-16,2.22478285794026e-16,-8.19656842399041e-17,-1.51327333705412e-16,-1.39954244668915e-06,3.60463845300567e-17,0.00351369404988959,2.15105711021124e-16,-6.99334755612988e-06,2.08290576114278e-06,-1.11022302462516e-16,-2.03194137266538e-16,5.44620587177209e-17,1.73488593364232e-17,3.95145995407422e-17,2.08637374546506e-17,1.22079135113838e-17,-4.15852443045494e-06,-1.34007388519208e-16,-8.26903031526003e-17,-1.18828558104411e-16,-3.00107161343988e-16,-1.99523771421986e-17,-2.82311935440545e-18,-1.56992474575901e-16,-9.28077059647592e-17,7.41088234951667e-17,-7.5333537142546e-17
"t23",0.221312882268275,-0.0167333270447084,-0.0139364582726713,-0.0490717536932423,-0.0156951092724665,0.000668215112721174,0.00344078618765155,-4.43592655062558e-06,-0.00211102842414437,-0.156987449001683,-0.00571048562876734,0.000270983668161349,-0.318749924107959,-0.000141602382439575,-0.000308784963599071,0.00141199304378527,0.00211457223506583,0.000547751586682313,-8.03222234562399e-05,0.000229802990894371,-7.86707241676593e-05,-8.13173713619065e-05,6.46608886250713e-05,-3.17298395638918e-05,1.0372862588248e-05,-0.00500336875720414,4.91248281542886e-05,8.47022885009183e-05,-0.00360502899630307,-0.0333779971889509,-5.29244347968472e-05,-4.54337869502941e-06,-7.65014582861361e-06,2.77231001731514e-05,-1.74438874098442e-06,-0.35144826930237,-3.66738397208238e-05,0.326831525617781,3.8631038468497e-15,-8.50502102342889e-06,8.19518410730434e-08,0.0277123308225193,-2.88716710796534e-05,0.279680298207466,-1.25421989273164e-06,-5.3623881995906e-06,-4.9692871671933e-06,2.11164435934101e-06,3.02307808700449e-05,-3.23191371431018e-06,-6.77044985542344e-07,2.25923810193455e-15,2.83397227115317e-06,9.16415433100358e-09,0.707106781186547,-1.83186799063151e-15,-4.71969233026385e-15,-1.32275853723454e-06,-3.46944695195361e-18,1.46313672788959e-06,4.40667979909816e-17,-1.57513029280986e-16,-1.94072188874905e-16,5.26488574958961e-16,-7.6214080036827e-16,-5.41868905284265e-07,6.05602859143324e-16,0.00142353846728364,5.39932681897781e-16,-2.9720839509887e-06,8.9246609186102e-07,-8.93382590128056e-17,1.61837896545581e-16,-1.99319409983247e-18,7.39681196276626e-17,1.58549610082733e-16,-4.06232750443068e-17,1.22176274549864e-16,-2.01714125556952e-06,-2.68882138776405e-17,-5.87137397518526e-17,-8.67361737988404e-19,-6.41847686111419e-17,1.57325116598884e-16,-5.95860189311603e-17,-9.15066633577766e-17,-8.84708972748172e-17,-3.19529410235686e-17,2.16393362679556e-16
"t24",0.221312882268275,-0.0167333270447084,-0.0139364582726713,-0.0490717536932423,-0.0156951092724665,0.000668215112721189,0.00344078618765155,-4.43592655062545e-06,-0.00211102842414433,-0.156987449001683,-0.00571048562876735,0.000270983668161369,-0.318749924107959,-0.0001416023824396,-0.000308784963599127,0.00141199304378539,0.00211457223506586,0.000547751586682285,-8.03222234562087e-05,0.00022980299089425,-7.86707241676315e-05,-8.13173713618684e-05,6.46608886250869e-05,-3.17298395641e-05,1.03728625882281e-05,-0.00500336875720394,4.91248281543949e-05,8.47022885010588e-05,-0.00360502899630318,-0.0333779971889507,-5.29244347967969e-05,-4.5433786950988e-06,-7.65014582862185e-06,2.77231001729328e-05,-1.74438874077042e-06,-0.35144826930237,-3.66738397206095e-05,0.326831525617781,4.51882932076891e-15,-8.50502102349871e-06,8.19518414048364e-08,0.0277123308225197,-2.88716710796673e-05,0.279680298207465,-1.25421989280276e-06,-5.36238819943448e-06,-4.96928716721065e-06,2.11164435898149e-06,3.02307808697391e-05,-3.23191371446978e-06,-6.77044985851125e-07,-2.29267629901908e-15,2.83397227179155e-06,9.1641493727302e-09,-0.707106781186549,2.23432383705813e-15,4.93924798396863e-15,-1.32275853690668e-06,1.80844922370582e-16,1.46313672786183e-06,-1.94632698137139e-16,2.72698392774541e-16,2.40692882291782e-17,-5.29090660172926e-17,6.11760192615816e-16,-5.4186890509518e-07,-6.4749111852108e-16,0.00142353846728386,-7.48750020318489e-16,-2.97208395096463e-06,8.9246609181505e-07,-4.85722573273506e-17,6.46933818939091e-17,-2.24037799020168e-16,-6.81707851842088e-17,-3.40046957285289e-17,4.26434518807339e-17,2.50317599349466e-17,-2.01714125558952e-06,-6.15826833971767e-17,1.30604441807886e-17,-1.82579645846559e-16,6.93889390390723e-17,4.63028142302748e-17,4.10279428956183e-17,-2.94902990916057e-17,-4.5102810375397e-17,7.90693616429149e-17,-1.95290299922005e-17
"t68",0.222573181517064,-0.0168988539152772,-0.0142215622151721,-0.0501296544316734,-0.0160661079002447,0.000687523829385666,0.0035643516525881,-4.94099403789453e-06,-0.00236167512413648,-0.177744512968447,-0.00661792860030812,0.000317707082119168,-0.377184631266611,-0.000174853232478465,-0.000391086907283379,0.00182149604849998,0.00276450479722541,0.000750667171888493,-0.000112214036482849,0.000326961416111689,-0.000113773615487575,-0.000125932198634705,0.000110521547475668,-5.54020722528629e-05,2.11569626947464e-05,-0.0112832638972373,0.000111003407962178,0.000248628392830595,-0.0127960363786142,-0.137954539211056,-0.000379628978011016,0.000139694872233656,0.000214154684771784,-0.000115010790940406,4.30765705477053e-06,0.446841995755512,3.30157395261035e-05,-0.205699671275932,-3.20584965205208e-15,3.80486400393138e-06,-2.01734232916403e-08,-0.00618985976754807,2.79963059755806e-06,0.0285166762450557,-1.99960660226053e-07,-1.1331179893305e-06,-1.84895097018328e-06,8.10548160710359e-07,1.1701929176823e-05,-1.33047649966342e-06,-3.18540592502206e-07,2.77619634286046e-16,1.45347908903082e-06,4.83079904919394e-09,1.40916094273713e-16,-3.05311331771918e-16,3.16191009438213e-17,-7.35460765802221e-07,-2.46764414457701e-16,8.55779543840196e-07,3.20809792766273e-17,3.08659748013684e-17,-2.31585584042904e-16,4.5102810375397e-17,3.05621720795571e-17,-3.36445376006994e-07,-4.38062151961603e-16,0.000903744077782369,-5.94142790522056e-17,-1.93223517552126e-06,5.82594404375386e-07,-8.06646416329215e-17,3.81281638909337e-16,1.43263857494446e-15,7.07653273978526e-15,-0.707106781186547,1.42714610871355e-14,-7.13534883098745e-15,-1.40245094022051e-06,6.51388665229291e-16,-4.0441815561641e-16,-1.92771146267923e-16,-3.83373888190874e-16,-2.30608643159565e-17,-1.68034605741956e-16,-9.58434720477186e-17,-1.42247325030098e-16,8.65576657427252e-17,4.89613751604753e-17
"t69",0.222573181517064,-0.0168988539152772,-0.0142215622151721,-0.0501296544316734,-0.0160661079002448,0.000687523829385656,0.00356435165258808,-4.94099403789146e-06,-0.00236167512413649,-0.177744512968447,-0.00661792860030817,0.000317707082119172,-0.377184631266611,-0.000174853232478475,-0.000391086907283349,0.00182149604850004,0.00276450479722547,0.000750667171888521,-0.000112214036482845,0.000326961416111715,-0.000113773615487537,-0.000125932198634619,0.000110521547475655,-5.5402072252797e-05,2.11569626946909e-05,-0.0112832638972371,0.000111003407962222,0.000248628392830567,-0.0127960363786141,-0.137954539211055,-0.000379628978010903,0.000139694872233635,0.000214154684771785,-0.000115010790940357,4.30765705464217e-06,0.446841995755512,3.30157395262349e-05,-0.205699671275932,-2.86324176615226e-15,3.80486400398169e-06,-2.01734231879228e-08,-0.006189859767548,2.79963059733948e-06,0.0285166762450556,-1.99960660288503e-07,-1.13311798935478e-06,-1.84895097023879e-06,8.10548160632731e-07,1.17019291768316e-05,-1.33047649971893e-06,-3.18540592658331e-07,-1.59530677224641e-16,1.45347908887122e-06,4.83079956657521e-09,-1.0138773342859e-17,4.16333634234434e-17,-1.76547716740678e-16,-7.35460765944468e-07,-1.7650811368064e-16,8.5577954387836e-07,-1.0324889163567e-16,7.24993418791688e-17,4.38017677684144e-16,8.41340885848751e-17,-9.0868474795809e-17,-3.3644537596883e-07,3.6021621598884e-16,0.000903744077782374,1.4137996329211e-16,-1.9322351751123e-06,5.82594404279976e-07,-1.56125112837913e-17,-4.63528679371872e-16,-1.38455233422391e-15,-7.07260376395734e-15,0.707106781186548,-1.41953509475328e-14,7.20474288559012e-15,-1.40245094186492e-06,-7.35522753814166e-16,3.16522311747581e-16,2.39391839684799e-16,9.8879238130678e-17,-5.77551501123374e-17,2.06666059292894e-16,-2.46764414457701e-16,7.45931094670027e-17,6.57413249824927e-17,-4.81830387480298e-17
"t6",0.203464285356749,-0.0143871995699512,-0.00988084573947509,-0.0340151427767159,-0.0104091228679443,0.000392191419597748,0.00166389851751559,0.00317939887158251,-0.0074798010268333,-0.109609392251036,0.000358025917926729,-5.59615119585283e-05,0.0839257803834679,-0.00027933622935081,0.00168603392048596,-0.00541264899847421,-0.00765120198907925,-0.0020868363107539,0.000322121510384553,-0.00097083955228897,0.000348446667876806,0.000436313332021321,-0.000442765140248045,0.0002279215030434,-0.000101496820872146,0.0473163354503421,-0.00316882983719029,-0.00147377119767137,0.0806393499648879,0.901791889805741,0.00268572423987487,-0.00108288921766894,-0.00166220309939395,0.000940104808299149,-3.50877095578662e-05,0.260675077866239,-0.000234658417570328,0.185154191645937,2.81034080629713e-15,6.31900720497434e-05,3.323543803569e-06,0.023045009285027,-0.00049676006261503,0.0439193063989048,6.34708608413794e-06,7.09836788588044e-05,-0.000193454551635684,7.01666603064931e-05,0.000966225605749164,-8.05599906917292e-05,-1.11945613868424e-05,-6.46684715806128e-17,3.76292811005022e-05,1.13899011646421e-07,1.98857320934444e-16,1.37043154602168e-16,-1.63131364883729e-16,-1.44962756416845e-05,1.39970500467879e-16,1.42434526211018e-05,-4.27044719317769e-17,3.91251369085886e-17,1.51137782844479e-16,-5.41016884070267e-17,9.76011724127114e-18,-4.5752905101777e-06,-9.23750398558625e-17,0.00288639891409496,-8.23451550002741e-17,-2.25285168157844e-05,6.69496022726035e-06,-3.11382863937837e-16,-4.37530816678178e-17,5.45638015281174e-17,-5.31011378102292e-17,-2.06245180261401e-16,-1.39137818398241e-16,1.74121108180646e-17,-1.28555782937004e-05,-1.56808160206579e-15,1.02606064168867e-17,-1.18720137887163e-17,7.63278329429795e-17,6.21341837836224e-17,7.87962178413014e-18,7.15573433840433e-18,-2.05998412772246e-17,8.63840529636894e-17,-4.10089294450447e-17
"t95",-0.0451372512529157,0.0903774490269156,0.0298154641149989,0.0144476034495598,-0.0102063214176162,0.350966088743074,0.143269259213797,-0.0486864971200462,0.109334515304943,-0.00527277557961108,0.00534315371844561,2.20945962799149e-05,-0.000219176675396235,0.00529515753117977,-0.0611988118027748,0.109776756253983,-0.0614160797101348,-0.0470894193059587,0.00619115322684889,-0.0708934360492553,0.00756949970461805,0.0132108525485174,-0.000422574789786403,0.116756916717899,-0.348230110936291,4.10866434210786e-06,-2.93489494118519e-05,-1.62468059633927e-05,3.53198737543083e-05,4.9064449422145e-05,-0.000104459796551307,-4.71219220920366e-05,-8.11220833457212e-06,0.0255522643759327,2.66600525224323e-06,2.57029170251319e-07,4.80816358339609e-05,-1.68272015386517e-06,-2.16373345638089e-16,-8.50023610545762e-06,-2.92998687643789e-08,-1.23164234054726e-07,-4.65247304861056e-07,9.8174076087424e-07,1.17614754406103e-06,2.70730059777101e-06,-1.49359345598904e-05,3.24818526910127e-05,1.00902753169915e-05,-7.42515658795558e-06,-1.33743127068774e-06,-6.36383603414481e-17,5.49465420777751e-06,9.80156953568679e-08,-1.11100384681693e-17,-7.7148622160425e-16,8.39718008613003e-17,-1.43881644765013e-05,-1.3124496321289e-16,3.15978699662519e-06,-4.84628721380545e-17,2.08581784568007e-16,7.84621824654312e-16,-7.83198414787367e-16,4.28846451771418e-16,-7.73084796712797e-06,4.48451047602212e-17,3.05348937172729e-06,6.11286086307172e-17,-0.372435811912566,-8.54307745816521e-06,2.39906657963098e-16,-6.56483322183845e-17,2.38488621252309e-16,-1.12031060686958e-16,5.55915778088366e-16,3.80874464478156e-16,-7.7716072783108e-17,-2.18616166647476e-06,0.626211330916358,3.21321275320301e-15,2.12950253137575e-15,-1.17256061030549e-16,2.436182116399e-16,7.51334564436283e-17,-2.8508799534373e-15,2.63421034797561e-16,-8.43099184099767e-16,1.8883115863788e-16
"t46",-0.0447207932012762,0.0889506035983151,0.0288772851222052,0.0139703325761092,-0.00983924532799486,0.335806166684307,0.135754064021133,-0.042230581068147,0.0944052513254738,-0.00449785079865279,0.00445804407351442,1.82444929787594e-05,-0.000179544618662679,0.00419374490439746,-0.0476035938514858,0.0843537306655366,-0.0467949803326875,-0.0349086500687972,0.00454312367155315,-0.0515454047976592,0.00546053273638651,0.00925145297871733,-0.000285709356599252,0.0784200342606195,-0.224622430317569,2.59681197082228e-06,-1.85427052720234e-05,-9.87257758538529e-06,2.10423629101565e-05,2.88715679569642e-05,-5.97253068937517e-05,-2.58824008373018e-05,-4.45277822149888e-06,0.013503059547636,1.37440517455381e-06,1.26736251210638e-07,2.30524417311237e-05,-7.82131984763349e-07,-6.47180504489565e-18,-3.83523052496403e-06,-1.26065616874474e-08,-5.26321470244564e-08,-1.89911740474781e-07,3.5596344932342e-07,4.04051616718991e-07,8.73807139788509e-07,-3.29807748376845e-06,6.81185361675823e-06,2.08391101315126e-06,-1.33875988227622e-06,-1.31314558846035e-07,3.00367073612995e-17,7.1699840479063e-08,-2.25047116365366e-09,1.83802606234364e-17,-3.2566228827821e-16,-6.17449711207515e-17,1.60781680434993e-06,-2.90839523002757e-16,-7.23969720082862e-07,-1.02989556665648e-17,-9.32601002519579e-17,3.05838145284713e-16,9.19175958110705e-16,-2.44226256907583e-16,3.25012980737301e-06,-8.93132299505978e-18,-1.46882938891546e-06,1.21843930289906e-16,0.138046833399902,2.34518860572503e-06,8.72509920771384e-17,2.45572885324095e-17,-1.08456073943053e-16,1.0654409728612e-16,-5.99110558834003e-17,-1.534203661227e-16,-6.036883802334e-17,9.89315451247623e-06,1.39279000306444e-11,5.08118564972857e-17,1.55387215714139e-16,-9.64393793188273e-17,1.60351484793013e-16,4.91126043039762e-17,-1.69034994800881e-15,1.41354269937018e-15,3.64056182204741e-17,-4.7383320918526e-16
"t48",-0.0427989683873071,0.0867129147648743,0.0690580618668454,-0.0344462836505679,0.00429152289304754,-0.0088465670711035,-0.00148158627472321,0.0583251462607765,-0.141550688642472,0.00851143390694037,-0.0178138772289832,0.159305590594233,-0.000344045140754054,-0.00487436538319611,0.0713213870959267,-0.106402627292613,0.0554070064077136,-0.000495994664977097,0.00545605336059156,-0.180048736282794,-0.186524598091144,0.79176168467454,0.0026291015494494,-0.0172828344256774,0.00190121723299434,-0.00438659732832205,0.0178520786513289,0.000684856050920953,-0.00155874255881741,-0.00241569720791275,0.107959194404655,-0.00609584783426848,-0.000537461655458207,0.00522210927914517,-2.86659315697473e-05,-6.27805261357688e-06,-0.00233616277623504,7.86305558649176e-05,-5.28623571313914e-16,0.00586497426285719,4.25210926964114e-06,2.11243674042085e-05,-0.000671499751760492,6.82636764517469e-05,0.000531875514371842,0.000108035943256966,-0.00030138499026584,0.000861508119384669,0.000190492563454288,-0.000126356443138407,-1.73566206290379e-05,4.21797716931371e-17,5.69181640090154e-05,6.78417526450177e-06,5.13400066669957e-17,2.30171303931281e-17,1.20400993856813e-16,-0.000151911858552559,2.4865947802603e-16,1.8869857490377e-05,2.09260669010177e-17,9.06205882015837e-17,9.87584471343598e-16,-7.40569815427226e-16,5.24114574844511e-17,-3.46429233662182e-05,3.96409343322908e-17,6.13396198794681e-06,-5.06125968013698e-16,-7.85404087213888e-05,4.21944012421922e-06,-2.95462867365552e-18,3.67003528642472e-17,-8.0700498327424e-17,2.10627505844728e-16,2.85598413914169e-17,-2.00257899974074e-16,-1.38823984012853e-18,1.94875796723834e-05,9.47422767530781e-15,5.42813034492393e-17,7.4692792102223e-16,-4.71139650129817e-16,1.28999893349845e-17,-3.76235694948642e-17,2.62948685941074e-16,1.60609700520361e-15,2.07931069366829e-17,2.96384014148442e-16
"t49",-0.0427989683873071,0.0867129147648743,0.0690580618668454,-0.0344462836505679,0.00429152289304754,-0.0088465670711035,-0.00148158627472321,0.0583251462607765,-0.141550688642472,0.00851143390694037,-0.0178138772289832,0.159305590594233,-0.000344045140754054,-0.00487436538319611,0.0713213870959267,-0.106402627292613,0.0554070064077136,-0.000495994664977097,0.00545605336059156,-0.180048736282794,-0.186524598091144,0.79176168467454,0.0026291015494494,-0.0172828344256774,0.00190121723299434,-0.00438659732832205,0.0178520786513289,0.000684856050920953,-0.00155874255881741,-0.00241569720791275,0.107959194404655,-0.00609584783426848,-0.000537461655458207,0.00522210927914517,-2.86659315697473e-05,-6.27805261357688e-06,-0.00233616277623504,7.86305558649176e-05,-5.28623571313914e-16,0.00586497426285719,4.25210926964114e-06,2.11243674042085e-05,-0.000671499751760492,6.82636764517469e-05,0.000531875514371842,0.000108035943256966,-0.00030138499026584,0.000861508119384669,0.000190492563454288,-0.000126356443138407,-1.73566206290379e-05,4.21797716931371e-17,5.69181640090154e-05,6.78417526450177e-06,5.13400066669957e-17,2.30171303931281e-17,1.20400993856813e-16,-0.000151911858552559,2.4865947802603e-16,1.8869857490377e-05,2.09260669010177e-17,9.06205882015837e-17,9.87584471343598e-16,-7.40569815427226e-16,5.24114574844511e-17,-3.46429233662182e-05,3.96409343322908e-17,6.13396198794681e-06,-5.06125968013698e-16,-7.85404087213888e-05,4.21944012421922e-06,-2.95462867365552e-18,3.67003528642472e-17,-8.0700498327424e-17,2.10627505844728e-16,2.85598413914169e-17,-2.00257899974074e-16,-1.38823984012853e-18,1.94875796723834e-05,9.47422767530781e-15,5.42813034492393e-17,7.4692792102223e-16,-4.71139650129817e-16,1.28999893349845e-17,-3.76235694948642e-17,2.62948685941074e-16,1.60609700520361e-15,2.07931069366829e-17,2.96384014148442e-16
"t25",-0.0482841861341288,0.109529962850333,0.140538275517326,-0.0760534447820899,0.0114386996870152,-0.0628439137930792,0.00481103902518162,0.043303594919577,-0.114331835195381,0.00873295696352029,-0.0331015454040213,0.472402818836334,-0.00191237682433723,0.00902278002321868,-0.0729254904650804,0.0819412706733789,-0.0362123630239113,0.00022152650712738,-0.00232331928759538,0.0856346582195363,0.190398038369333,-0.0621070327953338,-0.000137545745960374,0.000777588484605931,-4.88472414613032e-06,-7.55967225333121e-05,0.000313979001796202,3.99956050827955e-05,-0.000137769507576139,-0.000287140464167622,0.0786700705487132,0.000222281910769227,1.86532954995323e-05,9.18039067848916e-05,-9.41822623027803e-07,-3.13067674407794e-07,-0.00013393603011055,5.07525264518407e-06,6.63865809461303e-17,0.00446725121682184,3.03353633923806e-07,1.52485957409336e-06,-5.13893417067787e-05,5.63979040435047e-06,0.000373867691479874,9.15865106349447e-06,-2.46210324314751e-05,6.9565027279891e-05,1.53265268156038e-05,-9.82366455846046e-06,-1.14187869376111e-06,1.35854839395885e-16,2.73763850397213e-06,1.66329605259628e-06,-7.0169761230846e-19,-6.37190434057122e-17,5.9685672197625e-17,-1.78889681104872e-06,1.49780239895352e-16,-6.96908406889091e-07,4.69469190406698e-17,-2.0401714260932e-17,-2.72287621028343e-17,-4.00878225101424e-16,-4.64677806462269e-17,6.32505140471533e-06,2.57631465244763e-17,-1.94002225788641e-06,-1.79997954530059e-16,5.09190080176787e-05,-3.1908116413937e-06,1.42762143308396e-16,2.00588334471102e-18,-4.77407522838646e-17,7.70537981945141e-17,-8.07277375951219e-17,-1.56889813074654e-16,5.06534644391757e-17,2.3197105298075e-05,1.08311761302528e-14,-1.13986873720511e-16,8.59982766750665e-17,-7.53899576714037e-16,-2.87333740884589e-17,-3.58888460188874e-17,2.18221227802974e-17,1.74950137522744e-16,7.28348112159871e-17,5.82613387684616e-16
"t72",-0.0462726719617315,-0.0610626031563698,0.00601690462896195,0.0206866307533559,-0.0441540921995027,0.00206062551128004,-0.0155256351083723,0.0704632127444434,-0.0520636850458122,-0.000239595268838012,0.176125634050874,0.00027451092886329,0.000965354812231385,-0.0737667426243347,0.0598896286387433,-0.142105473629688,-0.00158798291359666,-0.703424747943202,0.0787434621652082,0.172926110773875,-0.0322884248359151,-0.0110460090865485,-0.573275241972133,-0.00359679595276478,0.000507770490239471,-0.0115377573849717,0.0472301909999817,0.0320511999131942,-0.00329686735609346,-0.00493937011970231,0.00184548329691025,-0.00320169272050667,-0.0319368864057457,0.00165782272619443,-0.000879971296037884,-1.51094766888526e-05,-0.000548990285899764,0.000188392078204898,1.38805389830777e-16,0.000198427275928096,0.000107666571375977,5.06603570284563e-05,-0.00178027132119014,0.000164356231076582,2.33879547422866e-05,0.0025029194489912,-0.00675190747965305,0.000262456340409298,0.000472458955984853,-0.00283276865851666,-0.000389880692193506,1.12488606863909e-16,0.00129752386500707,4.64452035044747e-07,3.91969423351581e-17,-8.91850739357258e-18,-4.26630128850066e-17,-5.94396135796009e-05,4.43690048180006e-16,0.000474541238321013,5.31355561722647e-18,-3.25447785927696e-17,6.27931851613174e-16,-1.04253471337247e-16,-6.55497388819718e-17,-1.85806277347373e-05,-1.24007699470134e-17,2.65779423892591e-05,-3.06926398686435e-16,-8.89304008434117e-05,0.000203119179520946,6.0620510906402e-16,5.23128641480384e-17,-1.98661694693847e-16,-2.70296103640943e-17,6.15195874349762e-17,-3.4509447752838e-17,4.37145705352685e-17,-0.000297430714969227,-3.28401304765319e-15,-6.021044596523e-17,-4.90531844952266e-16,1.05032500239433e-15,1.08309780513709e-16,-1.62523659765194e-16,7.69915974729278e-17,1.01119462145255e-15,7.80601989414524e-16,-2.08420517360808e-16
"t1",-0.0454204387908295,-0.0591370328062689,0.00563817328455432,0.0193194126996376,-0.0409760612195373,0.00188237481571689,-0.0138932503738851,0.0515878825942693,-0.037696592896897,-0.00016835886047901,0.116991447992774,0.000177473529503527,0.000611014270205672,-0.0425335734698119,0.0327683121556957,-0.0749521572877805,-0.000816057202059376,-0.331088503577193,0.0358177552054741,0.0762077444809493,-0.0138412940044024,-0.00424209502673307,-0.190680442107849,-0.00116209330199621,0.000135116025105437,-0.00274724883339187,0.0112223605438183,0.00594347710989127,-0.000526213429644769,-0.000709657930434471,0.000197935048094416,-0.000185472975066736,-0.00182437290261242,1.99314351854455e-05,1.46018398380059e-05,1.00556881642809e-06,5.32791484272171e-05,-2.44757097588402e-05,5.32588213640106e-17,-3.18664523310431e-05,-2.23945318087974e-05,-1.08742663321952e-05,0.000459808999139827,-5.97058642802005e-05,-9.53174052893007e-06,-0.00114173852859161,0.00472422300140839,-0.000190740663079526,-0.000347039820692689,0.00226342344004088,0.000392017111179958,3.66880085172626e-17,-0.00159343013287741,-6.1553657387926e-07,1.83802606234364e-17,-9.55649847937361e-17,-2.53157781252385e-17,9.36047109939512e-05,2.00875977938526e-16,-0.000917591457380416,1.84410866527285e-18,-4.78920297714072e-18,3.53909250018376e-16,-3.57828361137383e-17,-4.12636102182965e-17,4.98493129521355e-05,-2.45438342788511e-17,-8.37211736783975e-05,-1.97176550359543e-16,0.000345442629602734,-0.000822284762683222,3.18646907393411e-16,4.36392467681544e-17,-8.41699452793776e-17,3.3685711295094e-17,1.29473301076256e-17,-6.88512300625763e-18,1.76937183956163e-17,0.00359505897544878,4.67785146478621e-14,-4.45979346814387e-17,2.31851482838675e-16,4.19877305231673e-16,4.75944588545206e-17,-6.71138685864699e-17,6.71938512993114e-17,1.85438596403135e-16,2.23755753625969e-16,-7.83162566625477e-17
"t55",-0.0592934461241998,-0.101075440618747,0.0161285054477809,0.0686840162086772,-0.229973447252943,-0.0500978945301801,0.0469028941204299,-0.185193269943167,-0.0619698307837119,-1.9742658825177e-05,-0.00601052740923432,-1.67707879639279e-05,-1.85723917310118e-05,0.00191181298910737,-0.00092484729121333,0.00159242501475257,1.33443312959285e-05,0.000411408906682961,0.00013206148835201,0.000619816096644076,-0.000159066527748056,-8.89857245807613e-05,0.00217575520557814,-2.76983579541378e-08,-1.17353200667043e-05,0.000718362032880257,-0.00299341220074638,-0.523447045510327,-0.00109384171819058,-0.0011530387461976,0.000300639725057555,-0.000548002565072337,-0.00631517874824376,0.000202057571180248,-0.00290808397938559,-1.77481499288e-06,-6.4405492544451e-05,2.21780717356893e-05,-2.10657303456868e-16,2.35203752021283e-05,1.79243065631553e-05,6.12080899751305e-06,-0.000219723305292899,2.18632625176686e-05,3.25534141147925e-06,0.000499482209842062,-0.159487481911655,-0.000105770779549297,-0.000137004914854103,0.00178084621611619,-2.76605467607436e-05,3.51106082335456e-17,0.00012249758247761,3.53046422893684e-08,6.00136240468798e-17,-6.31761677729757e-16,-4.64062042450146e-17,-4.85059933572971e-06,-4.14513141824785e-16,5.21004531408075e-05,-3.59944182746258e-15,0.473002941676458,4.4088245883377e-15,-1.82229329720146e-15,3.044336453832e-15,-1.57849425315744e-06,2.46073027973531e-16,2.20977114643691e-06,9.42435147769183e-16,-7.01869048100439e-06,2.02427855340731e-05,2.00902125671833e-16,1.85886571798253e-16,-2.7845897458878e-16,-2.80299237856708e-16,-8.24624610710987e-17,2.58142015461928e-17,9.57562748145727e-17,-0.000164186827692358,-7.22427438553424e-16,1.47956371151987e-16,-2.08360886884081e-16,1.43152133271703e-18,-3.21901641528539e-16,-2.38851492708174e-16,-2.5666838930042e-16,2.02983029017749e-16,-1.48147742325923e-15,-1.04282250930565e-15
"t18",-0.0619070007495615,-0.12056397678198,-0.0119086825170994,-0.031218756130663,0.0451794983878879,0.000316964027476549,-0.000125648420215567,0.0566398199164951,-0.0396039410370147,-0.000247623940636958,0.447000780007666,0.00294432068453699,-0.00584049021115204,-0.193298261648464,-0.0393757713633654,0.0655163882081316,0.000604470944633508,0.164465657498359,0.0171227908301286,-0.0284059881607569,0.00479075323242497,0.00113974851842462,-0.046238842791709,-7.02562028985547e-06,-2.20759691519607e-06,-5.13280290359007e-05,0.000217562773654699,0.00111492377237373,-9.44871308103624e-05,-0.000170432717974374,9.95243041110663e-05,-0.00293027060784449,-0.0492999500162903,-1.63609437288016e-05,-9.44966155753981e-06,-2.91102379307642e-07,-1.25766074786228e-05,4.79397231053147e-06,-9.32809336017521e-17,5.3524310955703e-06,0.000100494240306388,1.43533489610655e-06,-5.08453258992018e-05,4.43587688672958e-06,6.03759034565589e-07,0.00135679489857166,-8.66281342892569e-05,2.04646088804551e-06,3.4395842369385e-06,-1.03231485067478e-05,9.1486405217e-05,-3.68510160012665e-17,-0.00069968655437739,-1.89480108401833e-08,2.01149840994132e-17,-3.19706827714208e-16,-5.6019330737047e-18,3.82512055373275e-06,3.90959615747406e-16,-0.000707412761515377,-1.02989556665648e-17,2.82047810960932e-17,3.65194250152934e-16,-3.09998846987776e-16,-1.62396598918462e-16,3.28368674070308e-06,-4.70952394665496e-17,-6.01584927635323e-06,-2.65659152194826e-16,2.71979915634076e-05,-0.000874232415396975,2.32805510938409e-16,6.325717591493e-17,-8.86014777628662e-17,9.78704799062358e-17,1.46820535836024e-17,7.04276648372336e-17,1.59589949196395e-17,0.00046098314108466,4.4368456088898e-15,-8.1687416859258e-18,5.45771176808835e-16,2.35100246258628e-18,7.17867273211061e-17,-2.72152286390033e-17,1.89766399735009e-16,-1.27006821366742e-15,5.90871142390547e-17,-1.66521789940218e-16
"t78",0.0474770971512603,0.0104346651631034,0.0819461465747206,0.353077885200542,0.172308913115596,-0.0751756360642546,0.0603968280246872,-0.00659671490891756,0.0111073359020141,0.00399090306969546,-0.00225527804786093,5.4765820615629e-05,-0.00141481740178095,-0.00023804778306735,0.00428472085060606,-0.0252570596504106,-0.0676486076882017,0.0101778634639119,-0.000939472007453926,0.00199217087350442,-0.000551080399964367,-0.000281998085958239,5.9835652960317e-05,-1.54461104404689e-05,-2.52691315947625e-05,0.00182471597870298,-0.00506334129891125,-0.00113052452870326,0.862755308513267,-0.0839514991273751,0.00108413749212958,-0.000611421274538588,-0.000941505655855142,0.000610060772680774,-2.41600751591221e-05,-4.22377619569928e-05,-0.000170436325370775,0.000489605508273425,4.98114413317694e-16,5.92839064857534e-05,2.99932404058642e-06,0.000124398327658367,-0.000468802129384069,0.000389420560397963,6.80607877112284e-06,7.69261728985393e-05,-0.000333791174422537,0.000281307621233156,0.107731536991956,-5.6575352071746e-05,-1.13301053738978e-05,-1.13165788934263e-16,4.04170172694987e-05,1.24106539152419e-07,-1.70704598258036e-16,-3.14581708241146e-17,8.0525835763705e-17,-1.61853341122776e-05,-1.20758467242412e-16,1.62110055345405e-05,6.08247068484843e-17,-2.13201891681752e-16,8.11889911916893e-16,-7.92489930037263e-16,8.58165531670547e-18,-5.28229418555816e-06,-1.41354934229902e-17,5.63737293143527e-05,3.42441344346889e-16,-2.59489419802629e-05,7.69767486524928e-06,-5.25981310460871e-16,4.20147084109108e-17,1.75262185909403e-16,-9.60109863374602e-17,2.68251179154401e-17,-3.85580683666348e-16,6.10618052950365e-17,-1.2805137809901e-05,-4.57843964183891e-16,-1.31334108480279e-16,5.00570522612818e-16,1.66973972227827e-15,-1.78164703728809e-16,5.60514982078834e-17,4.02259900413052e-16,-8.88334255218011e-16,-5.3198537500949e-16,2.44226309214026e-15
