accepted_species,estimate
t52,-1.0555488
t36,-0.13718322
t66,-0.24726719
t49,-0.70499694
t37,-0.41790843
t71,1.3673223
t24,-0.08971816
t77,-1.0030035
t68,-0.91170734
t70,0.83037657
