"accepted_species","0","1"
"t4","0.881894768117753","0.118105231882247"
"t6","0.0960707037649047","0.903929296235095"
"t31","0.0425138364552304","0.95748616354477"
"t35","0.0729034793043678","0.927096520695632"
"t62","0.0201408298942819","0.979859170105718"
"t65","0.110604918662997","0.889395081337003"
"t72","0.0370425071347395","0.962957492865261"
"t75","0.416400891989232","0.583599108010768"
"t90","0.0224931245179821","0.977506875482018"
"t103","0.311871519607194","0.688128480392806"
"t109","0.853421731462316","0.146578268537684"
"t110","0.853421731462316","0.146578268537684"
