accepted_species,estimate
t59,0.6205945298315368
t14,0.4841626296387277
t61,0.5799331057423326
t43,-0.8814627531174762
t46,-0.5044712775208436
t55,-0.29869409154622706
t30,-0.7699994295242654
t84,1.2048896577442938
t65,1.9259110436338756
t93,1.9350417605055836
