accepted_species,estimate
t59,-0.12926659
t14,-0.12926659
t61,0.59086233
t43,-0.5122003
t46,-0.483742
t55,-0.42788967
t30,-0.6494562
t84,1.5280173
t65,1.51896
t93,1.6602722
