accepted_species,0,1
Galium_album,0.2957093,0.7042907
Galium_circaezans,0.8342084,0.16579157
Galium_mollugo,0.2957093,0.7042907
Galium_porrigens,0.7902355,0.20976448
Galium_tinctorium,0.63598496,0.36401504
Stenaria_nigricans,0.78495777,0.21504226
Galium_pumilum,0.49815106,0.50184894
Galium_setaceum,0.40845084,0.59154916
Spermacoce_quadrisulcata,0.71148026,0.28851974
Spermacoce_stachydea,0.71148026,0.28851974
