accepted_species,0,1
Galium_album,0.5241289,0.4758711
Galium_circaezans,0.5241289,0.4758711
Galium_mollugo,0.5241289,0.4758711
Galium_porrigens,0.5241289,0.4758711
Galium_tinctorium,0.5241289,0.4758711
Stenaria_nigricans,0.424901,0.575099
Galium_pumilum,0.5241289,0.4758711
Galium_setaceum,0.5241289,0.4758711
Spermacoce_quadrisulcata,0.424901,0.575099
Spermacoce_stachydea,0.424901,0.575099
