accepted_species,0,1
t93,0.27647746,0.72352254
t7,0.9942676,0.0057323957
t1,0.99760884,0.0023911349
t31,0.02997315,0.97002685
t80,0.91744876,0.08255121
t51,0.9679045,0.032095507
t59,0.96901053,0.030989446
t53,0.9835163,0.016483745
t26,0.9835163,0.016483745
t81,0.9835163,0.016483745
