accepted_species,estimate
t17,-0.25163020155529986
t74,-0.0165007844570826
t80,0.2900273952304796
t91,-0.7646965147903678
t58,-0.4367937943741797
t55,0.9138582272675774
t97,0.05430148031619148
t83,0.03337900045406623
t50,0.9851554595763956
t53,0.7856674501171748
