accepted_species,0,1
t16,0.42662315557239705,0.573376844427603
t36,0.42514736398201114,0.5748526360179889
t30,0.4257033186172715,0.5742966813827285
t6,0.5251694201401652,0.4748305798598348
t72,0.5237921738493219,0.4762078261506781
t11,0.5246051804086684,0.4753948195913315
t50,0.5236650065478821,0.4763349934521179
t25,0.44521430458342004,0.55478569541658
t37,0.44416349109042075,0.5558365089095793
t13,0.4488676789326831,0.5511323210673169
