accepted_species,0,1
t16,0.4071097076350002,0.5928902923649998
t36,0.3813309528028187,0.6186690471971813
t30,0.38741200402444453,0.6125879959755555
t6,0.5619253933778454,0.4380746066221545
t72,0.39839021686047016,0.6016097831395298
t11,0.40614471670758523,0.5938552832924148
t50,0.4074715190491701,0.5925284809508299
t25,0.36638525096286656,0.6336147490371334
t37,0.3683027576362148,0.6316972423637852
t13,0.3832852180303452,0.6167147819696548
