accepted_species,0,1
t80,0.18836588,0.8116341
t96,0.18836588,0.8116341
t111,0.18836588,0.8116341
t124,0.10651189,0.8934881
t146,0.18836588,0.8116341
t147,0.18836588,0.8116341
t156,0.10651189,0.8934881
t157,0.10651189,0.8934881
t184,0.10651189,0.8934881
t185,0.10651189,0.8934881
