accepted_species,0,1
t80,0.18073487,0.8192651
t96,0.18073487,0.8192651
t111,0.18073487,0.8192651
t124,0.18073487,0.8192651
t146,0.18073487,0.8192651
t147,0.18073487,0.8192651
t156,0.18073487,0.8192651
t157,0.18073487,0.8192651
t184,0.18073487,0.8192651
t185,0.18073487,0.8192651
