"accepted_species","estimate"
"t14",0.343886558185346
"t27",0.0501059960622284
"t78",-1.29444308138139
"t40",-0.176047460865059
"t71",-0.383122866740648
"t65",0.523778150272372
"t50",-0.0329969631661906
"t80",0.131665487958184
"t12",0.352922645111944
"t15",0.364599996714545
