accepted_species,estimate
t11,0.80788994
t47,0.82151794
t63,0.8831185
t12,1.5090522
t4,0.49943137
t87,0.8104937
t33,-0.3405183
t10,-0.35274464
t69,-1.0405952
t70,-1.0405952
