accepted_species,0,1
Rhytidostemma_viride,0.9466071,0.053392895
Timonius_amboinicus,0.9260906,0.07390939
Ceropegia_langkawiensis,0.94313204,0.05686794
Psychotria_obtegens,0.9471328,0.05286719
Empogona_glabra,0.9169799,0.08302008
Prestonia_hammelii,0.9430515,0.056948464
Oxyanthus_barensis,0.9169799,0.08302008
Gentianella_fabrisii,0.9223996,0.07760044
Faramea_brachysiphon,0.94661,0.053390022
Argostemma_parvum,0.94818157,0.051818434
