accepted_species,0,1
Rhytidostemma_viride,0.92025036,0.07974962
Timonius_amboinicus,0.9072916,0.09270842
Ceropegia_langkawiensis,0.953927,0.046073012
Psychotria_obtegens,0.9571637,0.042836297
Empogona_glabra,0.9072916,0.09270842
Prestonia_hammelii,0.93631077,0.06368921
Oxyanthus_barensis,0.9072916,0.09270842
Gentianella_fabrisii,0.9234512,0.07654883
Faramea_brachysiphon,0.92770016,0.07229983
Argostemma_parvum,0.92695093,0.07304906
