accepted_species,0,1
t28,0.0,1.0
t33,0.6441441441441442,0.35585585585585583
t51,0.6441441441441442,0.35585585585585583
t63,0.6441441441441442,0.35585585585585583
t67,0.6441441441441442,0.35585585585585583
t70,0.6441441441441442,0.35585585585585583
t71,0.6441441441441442,0.35585585585585583
t90,0.6441441441441442,0.35585585585585583
t93,0.6441441441441442,0.35585585585585583
t98,0.6441441441441442,0.35585585585585583
t104,0.6441441441441442,0.35585585585585583
t142,0.6441441441441442,0.35585585585585583
t144,0.6441441441441442,0.35585585585585583
t181,0.6441441441441442,0.35585585585585583
t190,0.6441441441441442,0.35585585585585583
t192,0.6441441441441442,0.35585585585585583
t196,0.6441441441441442,0.35585585585585583
t197,0.6441441441441442,0.35585585585585583
t212,0.6441441441441442,0.35585585585585583
t222,1.0,0.0
t232,1.0,0.0
t235,1.0,0.0
t237,1.0,0.0
t245,0.0,1.0
