accepted_species,estimate
t36,0.5370329
t43,0.4924548
t44,0.4924548
t24,0.53118026
t29,0.48664623
t30,0.48664623
t83,0.48664623
t84,0.48664623
t13,0.53118026
t9,0.45300984
