accepted_species,estimate
t118,0.81823015
t83,0.47328866
t106,0.47328866
t58,0.6846585
t137,-0.043871947
t17,0.07157519
t139,0.24886845
t120,0.49740624
t43,-0.57502013
t69,-0.29435167
t89,0.1655264
t25,-1.2221766
t40,-1.7023525
t110,-1.983151
