accepted_species,estimate
t17,0.10917724495139347
t23,0.3775239299527854
t24,0.37752392995278544
t97,1.5329627832658763
t43,1.0070547717866731
t95,-0.2082141996081478
t50,-0.18721273276989034
t56,-0.18703468737329668
t31,-0.21337001151562604
t67,-0.3354451581864967
