accepted_species,0,1
t53,0.99395496,0.0060450295
t80,0.99395496,0.0060450295
t82,0.97221714,0.027782869
t23,0.9862629,0.013737061
t84,0.6224033,0.37759668
t78,0.9077611,0.09223887
t73,0.83675253,0.16324748
t97,0.83675253,0.16324748
t33,0.79833776,0.20166226
t20,0.0041188,0.9958812
