accepted_species,estimate
t23,-0.9831544574150981
t46,-0.9968980708124715
t47,-0.9809874376122956
t45,-0.987379176186616
t53,-0.998458447411527
t32,-0.9821452437925624
t79,-0.9840401437237483
t31,-0.9768901076962189
t42,-0.9636944178155367
t43,-0.9700977938363105
