accepted_species,0
t23,0.11026771417951657
t46,0.11026771417951657
t47,0.11026771417951657
t45,0.11026771417951657
t53,0.11026771417951657
t32,0.11026771417951657
t79,-0.9925816953366668
t31,0.11026771417951657
t42,0.11026771417951657
t43,0.11026771417951657
