"accepted_species","estimate"
"t24",1.49600322524509
"t27",0.97338410347207
"t3",0.701694090723948
"t96",-0.510738553961062
"t63",-0.905791721788398
"t64",-0.905791721788398
"t80",0.751832051131403
"t56",0.0288343804548844
"t33",0.0288343804548844
"t17",-0.797499113618598
