accepted_species,estimate
t24,1.6486268
t27,1.2730584
t3,1.1090059
t96,-0.50513124
t63,-1.1199954
t64,-1.1199954
t80,0.7407985
t56,-0.42917186
t33,-0.36419246
t17,-0.9993453
