accepted_species,0,1
t157,0.073955774,0.9260442
t167,0.13345498,0.866545
t181,0.109550774,0.8904492
t214,0.23615587,0.76384413
t220,0.10097319,0.8990268
t221,0.10097319,0.8990268
t223,0.07937902,0.920621
t226,0.08610666,0.91389334
t234,0.082621515,0.9173785
t237,0.06847727,0.9315227
