"accepted_species","0","1"
"t116","0.754921568680594","0.245078431319406"
"t196","0.934865297447815","0.0651347025521849"
"t233","0.99588470589583","0.00411529410417046"
"t142","0.0270118430412302","0.97298815695877"
"t112","0.0250349095341056","0.974965090465894"
"t124","0.182203455206738","0.817796544793262"
"t33","0.865323265893665","0.134676734106335"
"t177","0.0496932190038593","0.950306780996141"
"t226","0.999599935675285","0.000400064324714694"
"t52","0.803631580179384","0.196368419820616"
"t74","0.148468296058924","0.851531703941076"
"t217","0.995716697948242","0.00428330205175766"
"t73","0.0874395736584838","0.912560426341516"
"t152","0.476686200673546","0.523313799326454"
"t98","0.0379091951743686","0.962090804825631"
"t120","0.093343691629464","0.906656308370536"
"t70","0.181038398712363","0.818961601287637"
"t14","0.926904336861838","0.0730956631381616"
"t68","0.849026484178959","0.150973515821041"
"t146","0.31735661665513","0.68264338334487"
"t147","0.31735661665513","0.68264338334487"
"t163","0.822654226886941","0.177345773113059"
"t97","0.80410665820769","0.19589334179231"
"t45","0.235825307684964","0.764174692315036"
