accepted_species,estimate
t20,1.835443562456538
t81,0.00014165023927414575
t57,0.08256745722491445
t49,0.0823281219514301
t100,0.08201905778520434
t87,0.06697867184023445
t3,-0.7756042556239326
t31,-0.800012660310175
t6,-0.8072380624722512
t4,-0.7911354323501608
