accepted_species,0,1
t1,0.15539683605425325,0.8446031639457467
t71,0.1559551815146466,0.8440448184853534
t93,0.15665151299627866,0.8433484870037213
t43,0.15528410257003333,0.8447158974299667
t24,0.1530543911307115,0.8469456088692885
t114,0.15530544820508108,0.8446945517949189
t74,0.15551811675573635,0.8444818832442637
t16,0.15510326306948452,0.8448967369305155
t52,0.16325915670918467,0.8367408432908153
t125,0.16457164288755932,0.8354283571124407
t112,0.1650852568801341,0.8349147431198659
t61,0.1647844971688074,0.8352155028311926
t146,0.1644092156117286,0.8355907843882714
t144,0.16439530067881836,0.8356046993211816
t82,0.1643537173824401,0.8356462826175599
