accepted_species,0,1
t8,0.4864407368519116,0.5135592631480884
t28,0.7541188013147678,0.24588119868523214
t55,0.4770589522915192,0.5229410477084808
t61,0.24960941426573646,0.7503905857342635
t86,0.20624380954614807,0.7937561904538519
t94,0.6635922059542491,0.33640779404575094
t96,0.35498781649015976,0.6450121835098402
t99,0.15182328178655713,0.8481767182134429
t104,0.3535293238216095,0.6464706761783905
t123,0.35346229479775515,0.6465377052022449
