accepted_species,0,1
t8,0.45037478,0.5496252
t28,0.80097324,0.19902678
t55,0.5121914,0.4878086
t61,0.31889617,0.6811038
t86,0.3695867,0.6304133
t94,0.45037478,0.5496252
t96,0.59330314,0.40669686
t99,0.09614992,0.9038501
t104,0.16377515,0.83622485
t123,0.16377515,0.83622485
