accepted_species,estimate
t103,-0.044510801244959416
t40,-0.11770333115588585
t132,-0.71629727973788
t63,-0.333666082401828
t41,-0.009407040914433229
t115,0.4877331760188724
t116,0.4877331760188724
t90,0.5311614233628897
t129,0.5287733251696204
t38,-0.6500673203631354
t93,-2.8048356723647836
t94,-2.8048356723647836
t59,-1.0157649349494366
