accepted_species,0
t103,0.02352404344082156
t40,0.02352404344082156
t132,-0.892783153391414
t63,0.02352404344082156
t41,0.02352404344082156
t115,0.02352404344082156
t116,0.02352404344082156
t90,0.02352404344082156
t129,0.529458744723383
t38,0.02352404344082156
t93,0.02352404344082156
t94,0.02352404344082156
t59,0.02352404344082156
