accepted_species,0,1
t279,0.9467109236398298,0.053289076360170176
t324,0.7251612157618494,0.27483878423815056
t444,0.7027196910185227,0.2972803089814773
t370,0.7718893241476132,0.22811067585238673
t433,0.9625433795445214,0.03745662045547863
t432,0.9654076865917579,0.03459231340824213
t200,0.9520367528691852,0.047963247130814776
t285,0.944127904527585,0.05587209547241506
t336,0.9377266466148112,0.06227335338518885
t359,0.9532714811793894,0.046728518820610535
t197,0.9576535663236385,0.042346433676361483
t130,0.6559689356460137,0.3440310643539863
t136,0.11309778476758547,0.8869022152324145
t150,0.2681005203824681,0.7318994796175319
t137,0.16782173567082204,0.832178264329178
t120,0.11635091936387554,0.8836490806361245
t162,0.06017294244655247,0.9398270575534475
t333,0.07110966952785713,0.9288903304721429
t295,0.08180647790166307,0.9181935220983369
t251,0.05115321949156959,0.9488467805084304
t379,0.6132444111467297,0.3867555888532703
t406,0.6131781346516839,0.3868218653483161
t244,0.6410867911472993,0.3589132088527007
t387,0.4411896643392428,0.5588103356607572
t404,0.5917519454475411,0.408248054552459
t272,0.6845016472266228,0.3154983527733773
t342,0.360193337077228,0.639806662922772
t321,0.40933562254406164,0.5906643774559384
t325,0.16093032883006275,0.8390696711699372
t344,0.15732450463691838,0.8426754953630816
t481,0.11051066804604648,0.8894893319539535
t487,0.11092099946173839,0.8890790005382616
t296,0.16077843638228362,0.8392215636177164
t153,0.11233969106166175,0.8876603089383382
t149,0.10248248589145015,0.8975175141085499
t402,0.19246028311300978,0.8075397168869902
t257,0.00395215982631536,0.9960478401736846
t278,0.2977328257548647,0.7022671742451353
t352,0.3203604610724353,0.6796395389275647
t284,0.020113400949524074,0.9798865990504759
t345,0.062471272419001744,0.9375287275809983
t452,0.3622704903535453,0.6377295096464547
t86,0.6934721751081421,0.30652782489185787
t119,0.5257948578628941,0.47420514213710585
t124,0.5279241006740957,0.4720758993259043
t177,0.1690466387611611,0.8309533612388389
t235,0.09240384283287473,0.9075961571671253
t229,0.10849760243320639,0.8915023975667936
t64,0.8567065860631279,0.1432934139368721
