accepted_species,estimate
t87,-0.07340936
t88,-0.029140811
t42,0.0027328595
t202,0.20013309
t115,0.21230234
t55,0.0027328595
t107,0.0025990615
t8,-0.077028655
t183,0.174195
t184,0.28784207
t157,0.015297686
t218,0.48558018
t122,0.28972566
t118,-0.05210735
t208,-0.69906396
t119,-0.122926116
t106,-0.04342411
t123,0.6416695
t17,-0.077028655
t110,0.36343974
t84,-0.53829914
t225,-0.51021206
t223,-0.07679389
t236,0.19856776
