accepted_species,estimate
t146,-0.6057998065957954
t40,-0.1334761076876859
t62,0.25033793647556013
t116,0.3006643702319708
t32,0.12022625083719364
t47,0.2900212298212784
t140,0.18767876053435165
t141,0.18818745904090464
t49,0.029677011401553342
t97,-0.09749655695988334
t138,-0.8470497360985992
t21,2.080914720136327
t13,-0.010954318155475373
t25,-0.12919506438138567
t67,-0.1890818010389277
