accepted_species,estimate
t146,-1.2075392
t40,1.5574453
t62,0.3956993
t116,-0.35538483
t32,-0.08264679
t47,-0.073785946
t140,-0.16881756
t141,-0.16881756
t49,-0.36762738
t97,-0.5488967
t138,-1.0085099
t21,0.9647389
t13,0.53163904
t25,0.00253319
t67,0.14652418
