accepted_species,0,1
t44,0.9472171,0.05278288
t46,0.9472171,0.05278288
t87,0.9964485,0.0035514832
t88,0.9964485,0.0035514832
t79,0.9973076,0.0026924259
t52,0.9936869,0.006313081
t94,0.9978448,0.0021552069
t27,0.99660337,0.0033966007
t32,0.99643433,0.0035656688
t85,0.99643433,0.0035656688
