accepted_species,0,1
t15,0.2855670184634673,0.7144329815365327
t21,0.28661780998729747,0.7133821900127025
t39,0.2876470905207842,0.7123529094792158
t51,0.28704917636857896,0.712950823631421
t52,0.2873966258783738,0.7126033741216262
t53,0.28767660414548135,0.7123233958545186
t68,0.2868456696776178,0.7131543303223822
t69,0.28685614137200666,0.7131438586279933
t103,0.2870918095968117,0.7129081904031883
t104,0.2871127452309551,0.7128872547690449
