accepted_species,0,1
t15,0.2569847128799351,0.7430152871200649
t21,0.2570413574149778,0.7429586425850222
t39,0.25706182527785404,0.742938174722146
t51,0.2571380472897453,0.7428619527102547
t52,0.25707108136731194,0.7429289186326881
t53,0.25707108136731194,0.7429289186326881
t68,0.2571310004604568,0.7428689995395432
t69,0.2571310004604568,0.7428689995395432
t103,0.25715997593607154,0.7428400240639285
t104,0.25715997593607154,0.7428400240639285
