accepted_species,0,1
t15,0.2697177652690065,0.7302822347309935
t21,0.26986754919528133,0.7301324508047187
t39,0.27012021406074294,0.7298797859392571
t51,0.2694994221496453,0.7305005778503547
t52,0.26989399754706067,0.7301060024529393
t53,0.26989399754706067,0.7301060024529393
t68,0.2694994221496453,0.7305005778503547
t69,0.2694994221496453,0.7305005778503547
t103,0.2694994221496453,0.7305005778503547
t104,0.2694994221496453,0.7305005778503547
