"accepted_species","0","1"
"t70",0.00297762026903771,0.997022379730962
"t9",0.0292421609897601,0.97075783901024
"t34",0.0128620346437605,0.98713796535624
"t48",0.0483164205491649,0.951683579450835
"t3",0.0483164205491649,0.951683579450835
"t98",0.000518266893822934,0.999481733106177
"t55",0.00590173836044565,0.994098261639555
"t39",0.0106221216758267,0.989377878324173
"t2",0.0386689251182483,0.961331074881752
"t95",0.000654514497960704,0.999345485502039
