accepted_species,estimate
t86,-0.72592103
t87,-0.72592103
t96,-0.72592103
t97,-0.72592103
t98,-0.72592103
t80,-0.72592103
t81,-0.72592103
t94,-0.72592103
t95,-0.72592103
t20,-0.72592103
