accepted_species,estimate
t60,-1.3175668
t61,-1.3175668
t9,-1.3175668
t99,-1.7878487
t5,-1.5147676
t6,-0.19365342
t66,-0.26864117
t90,-0.26864117
t56,-0.7504906
t71,-1.534727
