"accepted_species","0","1"
"t8",0.724135228176303,0.275864771823697
"t95",0.782701570319051,0.217298429680949
"t96",0.782701570319051,0.217298429680949
"t97",0.782701570319206,0.217298429680794
"t98",0.782701570319206,0.217298429680794
"t87",0.862075928238711,0.137924071761289
"t88",0.862075928238711,0.137924071761289
"t54",0.862075928247658,0.137924071752342
"t23",0.890492970864558,0.109507029135442
"t15",0.860538441009337,0.139461558990663
