accepted_species,0,1
t73,0.5236782372581632,0.4763217627418368
t82,0.481407816464791,0.518592183535209
t41,0.17784954076881487,0.8221504592311851
t42,0.980298080032839,0.01970191996716097
t66,0.9899398714796533,0.010060128520346634
t28,0.9841025495934493,0.015897450406550696
t74,0.000453278966021875,0.9995467210339781
t59,0.0006713606799687577,0.9993286393200312
t46,0.00012394218951061742,0.9998760578104894
t92,8.489958007396048e-05,0.999915100419926
