accepted_species,0,1
t73,0.059947014,0.940053
t82,0.059947014,0.940053
t41,0.259506,0.740494
t42,0.61691916,0.38308084
t66,0.61691916,0.38308084
t28,0.32731295,0.67268705
t74,0.026136696,0.9738633
t59,0.026136696,0.9738633
t46,0.045363247,0.95463675
t92,0.022171617,0.9778284
