accepted_species,0,1
t73,0.044554412,0.9554456
t82,0.044554412,0.9554456
t41,0.0938161,0.9061839
t42,0.92674387,0.07325616
t66,0.92674387,0.07325616
t28,0.92674387,0.07325616
t74,0.01997286,0.98002714
t59,0.01997286,0.98002714
t46,0.01997286,0.98002714
t92,0.01997286,0.98002714
