accepted_species,0,1
t73,0.092636704,0.9073633
t82,0.0677613,0.9322387
t41,0.062061906,0.9379381
t42,0.95369637,0.04630366
t66,0.95369637,0.04630366
t28,0.95369637,0.04630366
t74,0.007540405,0.9924596
t59,0.008025229,0.9919748
t46,0.009254217,0.9907458
t92,0.015450716,0.9845493
