"accepted_species","0","1"
"t45","0.999426578022463","0.000573421977537428"
"t53","0.99985985752908","0.000140142470919808"
"t61","0.9997139815403","0.000286018459700193"
"t82","0.99989391304125","0.000106086958749538"
"t87","0.485823037164857","0.514176962835143"
"t103","0.999470561550348","0.000529438449652085"
"t111","0.995943085619753","0.00405691438024708"
"t112","0.999833933119712","0.000166066880288461"
"t118","0.999830081732426","0.000169918267573539"
"t135","0.99994284713706","5.71528629401336e-05"
"t137","0.998673124858968","0.00132687514103231"
"t138","0.989377848160492","0.0106221518395078"
"t140","0.998921722681789","0.00107827731821079"
"t149","0.999720909499573","0.000279090500426583"
"t152","0.997300069815176","0.00269993018482419"
"t154","0.994634716698815","0.0053652833011854"
"t165","0.999814586796421","0.000185413203579187"
"t178","0.999985886589321","1.41134106793335e-05"
