accepted_species,0,1
t36,0.7082882318061006,0.2917117681938994
t85,0.5481976516160968,0.4518023483839032
t15,0.5618473465554471,0.4381526534445529
t91,0.7127558150711157,0.2872441849288843
t51,0.8188677104330371,0.18113228956696298
t56,0.031188625893612265,0.9688113741063877
t68,0.824906788202731,0.17509321179726903
t80,0.04036818289928479,0.9596318171007152
t65,0.9563943335983114,0.043605666401688566
t59,0.1532178700629322,0.8467821299370678
