accepted_species,0,1
t36,0.5333333333333333,0.4666666666666667
t85,0.0,1.0
t15,0.5333333333333333,0.4666666666666667
t91,0.0,1.0
t51,0.5333333333333333,0.4666666666666667
t56,0.5333333333333333,0.4666666666666667
t68,0.5333333333333333,0.4666666666666667
t80,0.0,1.0
t65,0.5333333333333333,0.4666666666666667
t59,0.5333333333333333,0.4666666666666667
