accepted_species,0,1
t9,0.802930287168728,0.197069712831272
t14,0.7533980297688264,0.24660197023117358
t18,0.7834293266181422,0.21657067338185781
t32,0.7563190097741246,0.2436809902258754
t40,0.2525556666570593,0.7474443333429407
t87,0.23129384957391774,0.7687061504260823
t96,0.7774404219432567,0.22255957805674326
t103,0.3729003612056365,0.6270996387943635
t108,0.2339165448346754,0.7660834551653246
t112,0.7509199705864493,0.24908002941355073
