accepted_species,0,1
t27,0.664882320855273,0.33511767914472707
t53,0.5831758386259362,0.4168241613740637
t93,0.8627921017508267,0.1372078982491734
t95,0.8063944736301071,0.19360552636989292
t96,0.8063944736301071,0.19360552636989295
t97,0.723421956532002,0.27657804346799797
t106,0.6680964963940945,0.3319035036059054
t115,0.6311046898480139,0.36889531015198607
t118,0.7246055486903815,0.2753944513096185
t125,0.8649123368517544,0.1350876631482456
