accepted_species,estimate
t96,-0.6825623473467819
t32,0.30454708822501503
t27,-0.8642862704812825
t28,-0.8642862704812825
t17,1.1315837536355933
t70,0.41062982759640665
t61,-1.1092269771901782
t37,-0.3933229689119796
t42,-0.385057507501968
t15,0.8307624944823336
