accepted_species,0
t96,-0.6667919588765472
t32,
t27,
t28,
t17,
t70,0.412445952986791
t61,-1.1949105663998811
t37,
t42,-0.345945506804763
t15,
