accepted_species,estimate
t61,0.004948445
t11,-0.51604426
t9,-0.51604426
t76,-0.51604426
t77,-0.51604426
t50,-0.51604426
t46,-0.46079275
t56,-0.7442468
t34,-0.46079275
t72,-0.6706649
