accepted_species,estimate
t61,-0.074023806
t11,-0.5070212
t9,0.035586126
t76,-0.24346647
t77,-0.24346647
t50,-0.34317917
t46,-0.6271943
t56,-0.68033135
t34,-0.74036443
t72,-0.7225547
