accepted_species,0,1
t24,0.6222222222222222,0.37777777777777777
t54,0.6222222222222222,0.37777777777777777
t79,0.6222222222222222,0.37777777777777777
t88,0.6222222222222222,0.37777777777777777
t99,0.6222222222222222,0.37777777777777777
t100,0.6222222222222222,0.37777777777777777
t50,0.6222222222222222,0.37777777777777777
t15,0.6222222222222222,0.37777777777777777
t33,0.6222222222222222,0.37777777777777777
t29,0.6222222222222222,0.37777777777777777
