accepted_species,estimate
t84,-0.9327719945894517
t28,-0.8261395086198989
t87,0.39739546094307826
t88,0.39739546094307826
t15,0.18582690220397594
t93,0.2836232115657835
t5,0.23574098207033695
t2,-0.9381332316355593
t55,0.4417661515358451
t29,0.43227151560592664
