accepted_species,estimate
t40,0.08553611002541002
t64,0.33292305140552
t12,0.2108964484087342
t53,0.19468879281178916
t49,0.13050118419888088
t51,0.0007930291340659439
t34,-0.2808255147362248
t36,-0.2947918918908749
t85,-0.20668959997290812
t23,-0.2639680332071244
