accepted_species,0,1
Spermacoce_filifolia,0.957228,0.04277202
Stenaria_pooleana,0.9464628,0.05353721
Manettia_luteorubra,0.8975283,0.10247174
Manettia_thysanophora,0.9112709,0.08872908
Kohautia_coccinea,0.9464628,0.05353721
Manettia_spraguei,0.9112709,0.08872908
Hedyotis_edanoii,0.9377987,0.06220131
Knoxia_roxburghii,0.99038345,0.0096165575
Oldenlandia_flosculosa,0.99038345,0.0096165575
Oldenlandia_cyperoides,0.9464628,0.05353721
