accepted_species,estimate
t77,0.40406350310270805
t50,-0.24523435958132306
t25,0.2114199213997397
t29,0.17673686041013964
t78,0.25383166569995713
t44,-0.009561498350973037
t8,0.4212897147968245
t3,0.1588110941427035
t82,-0.13152891841636516
t68,0.3532937433394935
