accepted_species,0,1
t65,0.6881486647202242,0.3118513352797758
t21,0.6719423899068656,0.3280576100931344
t76,0.6527184142310756,0.34728158576892443
t77,0.6759549841803154,0.3240450158196846
t68,0.8463916391416687,0.1536083608583313
t99,0.8496738937872658,0.15032610621273426
t47,0.8490356149527478,0.1509643850472522
t95,0.849235429107474,0.1507645708925261
t30,0.8418656516772016,0.15813434832279838
t15,0.44738217642210487,0.5526178235778951
