accepted_species,0,1
t65,0.945706,0.054294005
t21,0.9213004,0.07869958
t76,0.03932053,0.9606795
t77,0.94996506,0.05003493
t68,0.99116194,0.008838082
t99,0.9966416,0.0033584356
t47,0.9792399,0.020760095
t95,0.9795955,0.020404506
t30,0.8996987,0.100301325
t15,0.022402942,0.97759706
