accepted_species,0,1
t14,0.31026763,0.6897324
t41,0.19670463,0.8032954
t42,0.28310263,0.71689737
t47,0.05786246,0.94213754
t59,0.52669036,0.4733096
t63,0.04875225,0.95124775
t88,0.04817921,0.9518208
t101,0.08396077,0.9160392
t105,0.087771714,0.9122283
t108,0.055815756,0.94418424
t119,0.097762704,0.9022373
t123,0.075746715,0.9242533
t130,0.31690753,0.6830925
t151,0.05973029,0.9402697
t154,0.3532626,0.6467374
