"accepted_species","0","1"
"Cyclophyllum_fragrans",0.876704538986871,0.123295461013129
"Mussaenda_hirsutissima",0.854857164570757,0.145142835429243
"Psychotria_josephi",0.854999545514641,0.145000454485359
"Vangueriella_rhamnoides",0.854999444855043,0.145000555144957
"Rytigynia_lichenoxenos",0.855000690297788,0.144999309702212
"Parsonsia_brownii",0.854999444855043,0.145000555144957
"Lisianthius_quichensis",0.854999444856095,0.145000555143905
"Mussaenda_aptera",0.854857164570757,0.145142835429243
"Palicourea_longistipula",0.855021575294982,0.144978424705018
"Coussarea_sessilifolia",0.8557762720757,0.1442237279243
