accepted_species,0,1
Cyclophyllum_fragrans,0.8596287,0.14037131
Mussaenda_hirsutissima,0.83329755,0.16670245
Psychotria_josephi,0.90796685,0.09203314
Vangueriella_rhamnoides,0.8388824,0.16111761
Rytigynia_lichenoxenos,0.8596287,0.14037131
Parsonsia_brownii,0.8370301,0.16296989
Lisianthius_quichensis,0.8427352,0.15726483
Mussaenda_aptera,0.84101033,0.15898967
Palicourea_longistipula,0.91023153,0.08976849
Coussarea_sessilifolia,0.8995175,0.10048252
