accepted_species,0,1
t19,0.98852754,0.011472441
t33,0.99310607,0.006893942
t78,0.9966761,0.0033239361
t79,0.9966761,0.0033239361
t25,0.8482092,0.15179078
t43,0.88253707,0.11746295
t17,0.9037374,0.096262574
t53,0.95274353,0.047256473
t54,0.913903,0.08609702
t12,0.9140618,0.08593822
