accepted_species,0,1
t19,0.34970325,0.65029675
t33,0.89905965,0.10094032
t78,0.9584458,0.041554224
t79,0.9584458,0.041554224
t25,0.34970325,0.65029675
t43,0.9101826,0.08981738
t17,0.89905965,0.10094032
t53,0.89905965,0.10094032
t54,0.9584458,0.041554224
t12,0.34970325,0.65029675
