accepted_species,0,1
t171,0.7462313171184844,0.2537686828815155
t192,0.746285595420263,0.25371440457973704
t193,0.7462732151736889,0.25372678482631106
t196,0.7465244073044071,0.2534755926955929
t203,0.7462868960418487,0.25371310395815133
t217,0.74653143085338,0.25346856914661997
t218,0.7465395006075928,0.25346049939240717
t226,0.7465010180905747,0.2534989819094254
t233,0.7464651570034879,0.253534842996512
t243,0.7467884968042946,0.2532115031957054
