accepted_species,0
t69,-0.04173825807203442
t70,-0.04173825807203442
t48,-0.04173825807203442
t55,-0.04173825807203442
t41,-0.04173825807203442
t42,-0.04173825807203442
t52,-0.04173825807203442
t12,-0.04173825807203442
t13,-0.04173825807203442
t5,-0.04173825807203442
