accepted_species,0,1
t63,0.9807535,0.019246541
t24,0.983819,0.016180981
t21,0.9365344,0.063465595
t87,0.13352722,0.8664728
t62,0.8892102,0.11078976
t17,0.23526406,0.76473594
t50,0.88705504,0.11294497
t89,0.27991307,0.72008693
t41,0.667213,0.33278698
t42,0.667213,0.33278698
