accepted_species,estimate
t1,1.5138664
t50,-1.0721505
t141,-0.5472558
t175,-1.164933
t107,-0.6594571
t25,0.095962614
t228,-0.58859533
t216,-0.5284567
t68,0.77220345
t59,1.2231349
t105,0.6283566
t202,0.94450563
t243,0.31465855
t187,0.37860355
t106,-0.515524
t55,0.7516211
t71,0.5959032
t119,0.73560405
t17,1.5416157
t154,-1.048387
t96,-0.2762067
t215,-0.0380915
t173,0.3270779
t85,0.12843037
t86,0.20577766
