accepted_species,estimate
t3,-0.7096154929691623
t38,-1.328666717949547
t31,-1.2786059134993413
t27,-1.0878497240543843
t28,-1.1131785042786322
t7,-1.0813391421917675
t54,-1.1050411063874042
t82,-1.0905104144721829
t83,-1.0915864191063598
t47,-1.2022392213816906
