accepted_species,estimate
t3,-0.4099193931772005
t38,-0.9728927410290993
t31,-0.9686489086521677
t27,-0.9038989166835956
t28,-0.9038989166835956
t7,-1.2616848690052433
t54,-1.2074876256812486
t82,-1.2215388088162855
t83,-1.2215388088162853
t47,-1.530358027188578
