"accepted_species","0","1"
"t71",0.00647551165589369,0.993524488344106
"t93",0.007676201301713,0.992323798698287
"t40",0.00849158752255231,0.991508412477448
"t44",0.0084477665699322,0.991552233430068
"t85",0.00799705508068491,0.992002944919315
"t88",0.00795305233794425,0.992046947662056
"t68",0.0081202099539591,0.991879790046041
"t78",0.00824799695521364,0.991752003044786
"t32",0.00843915193513747,0.991560848064863
"t84",0.00716544943045424,0.992834550569546
