accepted_species,0,1
Carapichea_maturacensis,0.9950328399540295,0.004967160045970495
Myriopteron_extensum,0.9254139406396004,0.07458605936039964
Plocama_bucharica,0.9981578609842586,0.0018421390157413924
Leuconotis_griffithii,0.9288615951578729,0.0711384048421271
Psychotria_limba,0.9972511035314334,0.0027488964685665643
Ixora_samoensis,0.9329012357740006,0.06709876422599938
Hedyotis_griffithii,0.9979227526918506,0.002077247308149364
Randia_ciliolata,0.8735407166026785,0.12645928339732151
Coffea_zanguebariae,0.9005028203397215,0.09949717966027848
Gentiana_×_billingtonii,0.6756573935630781,0.3243426064369219
