accepted_species,0
t85,-0.393247077932443
t39,
t98,0.715825811590398
t78,1.02639344958332
t70,1.23035962942292
t68,1.53991036593978
t29,
t49,
t12,
t46,
