accepted_species,estimate
t2,0.090087734
t50,0.642517
t31,0.14464508
t39,0.0036210925
t21,-0.84276587
t84,0.24082166
t3,0.82694626
t48,0.99124855
t67,0.49243212
t14,0.58621484
