"accepted_species","estimate"
"t15",0.350965798676352
"t157",2.25066685059256
"t99",-0.272408905184729
"t60",-0.0264124336770542
"t91",0.497354353951399
"t173",0.705996990560861
"t36",0.539041720407096
"t129",-0.25571614206369
"t94",0.744054310933264
"t117",1.2852670736435
"t43",-0.11070029713141
"t131",-0.255091990173122
"t160",0.0140103940250933
"t158",-1.79602267151915
"t145",-0.488407459408276
"t29",-0.385842469784718
"t57",0.0891888409219752
"t67",-0.441006212977202
