accepted_species,0
t10,
t97,0.667076691970007
t94,0.737818745819164
t77,1.34682321840845
t42,
t1,
t59,
t73,
t54,
t65,
