"accepted_species","0","1"
"t1",0.307810348712341,0.692189651287659
"t14",0.0330911422379852,0.966908857762015
"t60",0.294573144673658,0.705426855326342
"t190",0.872906196023199,0.127093803976801
"t28",0.0423009147282792,0.957699085271721
"t48",0.0179860842898042,0.982013915710196
"t281",0.999939900040764,6.00999592359117e-05
"t66",0.212437096698169,0.787562903301831
"t177",0.978219175640048,0.0217808243599516
"t178",0.977844408130105,0.0221555918698952
"t158",0.982719118285266,0.0172808817147344
"t257",0.996541375082087,0.00345862491791308
"t252",0.997709761672662,0.00229023832733838
"t160",0.790056048497176,0.209943951502824
"t225",0.982307358155672,0.017692641844328
"t226",0.982307358155672,0.017692641844328
"t122",0.400136954690222,0.599863045309778
"t69",0.0637398577391333,0.936260142260867
"t35",0.0243000830572799,0.97569991694272
"t245",0.991342023600379,0.00865797639962078
"t23",0.140076148671558,0.859923851328442
"t263",0.998919903538687,0.00108009646131339
"t26",0.113954205406377,0.886045794593623
"t44",0.110541312150346,0.889458687849655
"t73",0.200634712747268,0.799365287252732
"t216",0.990569305195526,0.00943069480447369
"t205",0.986910693601439,0.0130893063985615
"t152",0.74155207845553,0.25844792154447
