accepted_species,estimate
t43,0.08795378
t36,-0.18451345
t37,-0.18451345
t84,-0.18451345
t73,-0.18451345
t54,-0.18451345
t42,-0.18451345
t45,-0.100140564
t46,-0.100140564
t40,-0.100140564
