"accepted_species","estimate"
"t63",-0.279501054112573
"t8",-0.279501054112573
"t41",-0.279501054112573
"t42",-0.279501054112573
"t61",-0.279501054112573
"t79",-0.279501054112573
"t95",-0.279501054112573
"t96",-0.279501054112573
"t46",-0.279501054112573
"t2",-0.279501054112573
