accepted_species,estimate
t92,-0.21144116608065647
t34,-0.051258529351755025
t35,-0.24908218614859734
t14,0.3349238954285381
t44,0.36165831542313415
t5,0.7811296161799732
t77,0.572920073856003
t39,0.6075770360527554
t59,0.6154092838231842
t15,0.9633909206384614
