accepted_species,estimate
t92,0.14151095
t34,0.1376541
t35,-0.16191873
t14,-0.2627756
t44,0.28824458
t5,0.97980154
t77,0.97980154
t39,0.68223596
t59,0.42761573
t15,0.7642024
