accepted_species,0,1
t73,0.12972975,0.87027025
t48,0.5547065,0.4452935
t89,0.8184767,0.18152332
t96,0.5768244,0.42317554
t28,0.8184767,0.18152332
t32,0.072847664,0.92715234
t20,0.19941753,0.80058247
t37,0.9188532,0.0811468
t23,0.8199451,0.18005492
t4,0.3099258,0.6900742
