accepted_species,estimate
t81,-0.5792074
t66,0.010798555
t58,-0.12060485
t53,0.49163887
t26,-0.13533543
t18,0.3104148
t70,-0.3034258
t71,-0.3034258
t25,-0.27827194
t63,0.09266992
