accepted_species,estimate
t6,-1.1955662643497424
t51,-0.49876435767684696
t86,-0.4474468036835415
t93,-0.5110455709322357
t8,-0.46276139056275356
t7,0.745734313473349
t44,0.7894147054821976
t95,0.7281198342934809
t55,0.7200864753520402
t27,1.1153144071534562
