accepted_species,estimate
t58,0.26951957
t28,0.5496675
t77,0.58200914
t91,0.72841763
t33,0.7384224
t53,-0.3533524
t14,-1.5689725
t17,-1.5588895
t47,-1.5635041
t36,-0.61476016
