accepted_species,estimate
t91,-0.4340952058442392
t92,-0.43356611873445516
t20,-0.45438222851225374
t25,-0.4306906335514368
t29,-0.4278852123419631
t78,-0.45843241417347047
t43,-0.43115266766292526
t44,-0.4274657426361045
t40,-0.43746322508315905
t13,-0.4452670420152274
