accepted_species,estimate
t91,-0.5299291889351502
t92,-0.5986254996557928
t20,-0.6453167584875976
t25,-0.44369253950014687
t29,-0.4003372065943427
t78,-0.49898876186609575
t43,-0.4330978473751598
t44,-0.4200308279986173
t40,-0.3943899870231095
t13,-0.40000205143153467
