accepted_species,0,1
t59,0.0032915207533555924,0.9967084792466444
t60,0.0030697004778844628,0.9969302995221155
t31,0.31122772368175766,0.6887722763182423
t58,0.844893814057475,0.15510618594252504
t24,0.8559930147439272,0.14400698525607278
t75,0.8640591725315321,0.13594082746846795
t54,0.5583992194536744,0.4416007805463256
t74,0.47345852509712694,0.5265414749028731
t22,0.07940610790642955,0.9205938920935705
t90,0.07247863011050282,0.9275213698894972
