accepted_species,0,1
t59,0.004906535,0.99509346
t60,0.004906535,0.99509346
t31,0.55654967,0.44345033
t58,0.9538492,0.046150796
t24,0.9730458,0.026954181
t75,0.9541296,0.045870427
t54,0.009698391,0.9903016
t74,0.013703823,0.9862962
t22,0.0135118365,0.98648816
t90,0.006535828,0.9934642
