"accepted_species","0","1"
"t6",0.952786492359356,0.0472135076406435
"t25",0.966250677578312,0.0337493224216878
"t26",0.966250677578312,0.0337493224216878
"t50",0.0768582453911471,0.923141754608853
"t11",0.960672549041391,0.0393274509586085
"t30",0.986251611014923,0.0137483889850771
"t16",0.988533603883707,0.0114663961162929
"t72",0.994584112563088,0.00541588743691169
"t73",0.994584112563088,0.00541588743691169
"t41",0.99227527183799,0.00772472816200973
