accepted_species,0,1
t6,0.9838866,0.016113425
t25,0.9491296,0.050870415
t26,0.95255375,0.047446277
t50,0.7105795,0.28942046
t11,0.9932522,0.006747798
t30,0.9905913,0.009408713
t16,0.9905913,0.009408713
t72,0.99353373,0.0064662495
t73,0.99405074,0.0059492667
t41,0.99353373,0.0064662495
