"accepted_species","0","1"
"t1",0.995177170685406,0.00482282931459353
"t4",0.994885161353483,0.00511483864651693
"t25",0.994716058618152,0.00528394138184745
"t6",0.989641959828907,0.0103580401710927
"t11",0.995425073106073,0.00457492689392674
"t36",0.990963178775035,0.00903682122496505
"t30",0.989651190690089,0.0103488093099111
"t37",0.994054035203084,0.00594596479691631
"t26",0.995111722034203,0.00488827796579658
"t13",0.977820375322636,0.0221796246773638
