accepted_species,0,1
t1,0.9985693,0.0014307023
t4,0.9985693,0.0014307023
t25,0.998468,0.0015320261
t6,0.9986494,0.0013505741
t11,0.9962566,0.0037434353
t36,0.99648523,0.003514737
t30,0.9962566,0.0037434353
t37,0.9989685,0.001031511
t26,0.99777406,0.002225908
t13,0.9986494,0.0013505741
