"accepted_species","estimate"
"t56",0.148358731995594
"t22",0.003784582759979
"t45",-0.111650855556913
"t46",-0.247872334385873
"t80",-0.307227845025778
"t26",-0.242135786603504
"t67",-0.355656383564066
"t2",-0.0766903520528704
"t42",0.174106277691613
"t59",-0.560605304251839
