accepted_species,estimate
t40,-0.5618672125231194
t43,-0.4196458256592998
t44,-0.39958458160904814
t51,-0.5999941793366068
t42,-0.29988077241348626
t67,0.1083195483001689
t92,0.10345242523632783
t83,-0.08726497456015678
t95,-0.08032683853492159
t61,0.07919871067002873
