"accepted_species","estimate"
"t12",-0.7031514733241
"t25",0.123949885871347
"t1",0.0277731477440396
"t91",0.182080330517564
"t96",0.782757077952188
"t57",-0.370489181358148
"t18",-0.312012555828545
"t39",0.657306025266102
"t78",0.875367375071864
"t58",1.5039174262195
