accepted_species,0,1
t118,1.0,0.0
t33,1.0,0.0
t127,0.0,1.0
t7,0.0,1.0
t87,0.0,1.0
t136,0.0,1.0
t62,0.0,1.0
t55,0.24806201550387597,0.751937984496124
t80,0.24806201550387597,0.751937984496124
t24,1.0,0.0
t25,0.24806201550387597,0.751937984496124
t37,0.24806201550387597,0.751937984496124
t63,0.24806201550387597,0.751937984496124
t10,0.24806201550387597,0.751937984496124
