accepted_species,estimate
t48,-0.5246617212289864
t37,-0.3842414103819543
t64,-0.4038293834422369
t62,-0.4039596154771784
t25,-0.4109369329614092
t17,-0.4161835836506573
t94,-0.5717901636686479
t49,-0.5647845282390305
t15,-0.5409950499995575
t8,-0.31589087322108356
