"accepted_species","estimate"
"t95",-0.21661559924612
"t30",0.00110585011537736
"t79",0.407228571232483
"t65",0.863869484007779
"t25",0.0215852460722003
"t81",-0.104734009354955
"t22",0.0070713174319645
"t14",0.0230902427890771
"t50",0.0271678242528058
"t39",-0.0938664810484395
