"accepted_species","estimate"
"t95",-0.237053126290034
"t30",-0.171898298611636
"t79",0.572814560208595
"t65",1.50632322532871
"t25",-0.182698468975452
"t81",-0.10206958075978
"t22",-0.567593518631179
"t14",-0.581522153101152
"t50",-0.148037512743755
"t39",-0.680554517697054
