accepted_species,0,1
t33,0.8161397,0.18386027
t34,0.6065328,0.39346716
t51,0.093819916,0.9061801
t53,0.07802123,0.9219788
t54,0.07802123,0.9219788
t63,0.13713205,0.86286795
t64,0.49312,0.50688
t80,0.3157438,0.6842562
t81,0.12106538,0.8789346
t82,0.059512675,0.9404873
t115,0.040633917,0.9593661
t143,0.04607159,0.9539284
t153,0.040633917,0.9593661
t154,0.040633917,0.9593661
t157,0.040633917,0.9593661
t167,0.040633917,0.9593661
t168,0.035409212,0.9645908
