accepted_species,0,1
t33,0.65407944,0.34592053
t34,0.65407944,0.34592053
t51,0.5312622,0.46873778
t53,0.45200443,0.54799557
t54,0.2624069,0.7375931
t63,0.20536983,0.79463017
t64,0.5459978,0.4540022
t80,0.4886738,0.5113262
t81,0.20536983,0.79463017
t82,0.20536983,0.79463017
t115,0.20536983,0.79463017
t143,0.20536983,0.79463017
t153,0.20536983,0.79463017
t154,0.20536983,0.79463017
t157,0.20536983,0.79463017
t167,0.20536983,0.79463017
t168,0.20536983,0.79463017
