accepted_species,0,1
t75,0.99747974,0.0025202828
t37,0.99747974,0.0025202828
t66,0.9669926,0.033007354
t19,0.8275526,0.17244737
t86,0.8275526,0.17244737
t82,0.913397,0.086603
t15,0.9879859,0.012014112
t1,0.9879859,0.012014112
t69,0.9879859,0.012014112
t6,0.9879859,0.012014112
