accepted_species,0,1
t53,0.98712903,0.012870974
t56,0.98712903,0.012870974
t96,0.98712903,0.012870974
t38,0.98651296,0.013487055
t10,0.96798414,0.032015856
t35,0.98769206,0.012307914
t20,0.98769206,0.012307914
t60,0.9827647,0.017235296
t88,0.98070776,0.019292237
t99,0.98070776,0.019292237
