"accepted_species","estimate"
"t21",0.483340855433282
"t69",-0.168371895429722
"t55",0.517499562130371
"t88",-0.0631237584673731
"t8",-0.30174895284854
"t26",-1.09979844730037
"t29",0.378771856977221
"t62",0.384145779700121
"t80",0.144888310252591
"t51",0.00186671397558929
