"accepted_species","0","1"
"t10",0.697571357810199,0.302428642189801
"t89",0.00331811636310254,0.996681883636897
"t64",0.00929126539633774,0.990708734603662
"t65",0.00715183168570069,0.992848168314299
"t33",0.175630248641314,0.824369751358686
"t63",0.0132399871121891,0.986760012887811
"t96",0.00290984023636942,0.997090159763631
"t83",0.00142110955425704,0.998578890445743
"t48",0.0104604536320272,0.989539546367973
"t53",0.00144937733212036,0.99855062266788
