accepted_species,estimate
t101,0.07251639
t136,0.07251639
t215,-0.05687825
t216,-0.05687825
t59,-0.10845237
t82,0.07753227
t139,-0.06454579
t140,0.07251639
t57,0.07753227
t141,-0.10780852
t157,-0.10780852
t232,-0.10780852
t233,-0.20792449
t246,-0.10780852
t247,-0.20792449
t199,-0.20792449
t124,-0.10780852
t96,0.0037631472
t103,0.0037631472
t104,0.0037631472
t175,-0.27623335
t156,-0.20792449
t84,-0.10845237
t206,-0.17611744
t189,-0.17611744
t115,0.0037631472
