accepted_species,estimate
t94,1.0985775
t28,1.8315028
t4,-0.4742568
t73,-1.1640575
t5,0.80645645
t10,-0.65791065
t85,-0.8301017
t59,-0.79657865
t53,-0.17498429
t49,-0.24787602
