accepted_species,0,1
t31,0.8640773,0.13592267
t6,0.8273331,0.17266692
t64,0.9213749,0.07862509
t45,0.6980196,0.30198035
t46,0.63690335,0.36309665
t36,0.5877985,0.41220155
t67,0.8238698,0.17613018
t4,0.6452925,0.35470745
t23,0.69612277,0.30387723
t30,0.70631295,0.29368705
