"accepted_species","0","1"
"t10",0.475606146567744,0.524393853432256
"t4",0.453143445972825,0.546856554027175
"t56",0.07923362635235,0.92076637364765
"t1",0.378848933438844,0.621151066561156
"t65",0.602703544755913,0.397296455244087
"t87",0.0524657253382106,0.947534274661789
"t33",0.106908608167394,0.893091391832606
"t51",0.635524588577933,0.364475411422067
"t52",0.559445684248972,0.440554315751028
"t48",0.547800993363038,0.452199006636962
