accepted_species,0,1
t10,0.5643763104123882,0.4356236895876118
t4,0.5365885009661255,0.4634114990338745
t56,0.18149114004729838,0.8185088599527016
t1,0.29676048079030537,0.7032395192096946
t65,0.3250796546837591,0.6749203453162409
t87,0.1587483564011566,0.8412516435988434
t33,0.3061331752406481,0.6938668247593519
t51,0.3051482179583834,0.6948517820416166
t52,0.2981260530704235,0.7018739469295765
t48,0.29814522612271754,0.7018547738772825
