accepted_species,0,1
t53,0.9989768455960579,0.001023154403942048
t79,0.9990317242894272,0.0009682757105727453
t60,0.9991483424204332,0.0008516575795668155
t36,0.9993515270050078,0.0006484729949921797
t44,0.9994894937558806,0.0005105062441194658
t9,0.9995098778236882,0.0004901221763118694
t18,0.9994497835907444,0.0005502164092556048
t5,0.9996340778137196,0.0003659221862803573
t19,0.9993204179539311,0.0006795820460688644
t35,0.99931942156119,0.000680578438809967
