accepted_species,0,1
t95,0.6105533063344291,0.389446693665571
t87,0.6273779502830689,0.37262204971693114
t79,0.6323560014243724,0.3676439985756276
t74,0.6213482416777645,0.3786517583222356
t1,0.6198462901177811,0.38015370988221886
t42,0.6268430502582173,0.3731569497417827
t14,0.5401211361119538,0.45987886388804616
t8,0.5983415038114827,0.40165849618851734
t23,0.5978556697049591,0.40214433029504093
t77,0.6045769188963022,0.39542308110369784
