accepted_species,0,1
t47,0.115308106,0.8846919
t48,0.038776398,0.9612236
t58,0.9695847,0.030415284
t77,0.93544185,0.06455815
t89,0.27064925,0.72935075
t116,0.38279897,0.61720103
t124,0.93476444,0.06523558
t141,0.99662304,0.0033769414
t143,0.9971156,0.0028843635
t146,0.66810143,0.33189857
