"accepted_species","0","1"
"t86","0.0152437882204694","0.984756211779531"
"t57","0.00340873378323763","0.996591266216762"
"t79","0.00528440650198669","0.994715593498013"
"t23","0.121521368562277","0.878478631437723"
"t61","0.0502799462150049","0.949720053784995"
"t82","0.0710556488534973","0.928944351146503"
"t83","0.0710556488534973","0.928944351146503"
"t33","0.111267239724621","0.888732760275379"
"t80","0.99958081356407","0.00041918643592954"
"t62","0.996056108550709","0.00394389144929141"
