accepted_species,0,1
t86,0.065013945,0.93498605
t57,0.07692504,0.92307496
t79,0.17518306,0.82481694
t23,0.06043029,0.9395697
t61,0.1029405,0.8970595
t82,0.083149016,0.916851
t83,0.083149016,0.916851
t33,0.6198514,0.3801486
t80,0.949373,0.05062697
t62,0.9535692,0.046430834
