accepted_species,0,1
t86,0.10465723,0.89534277
t57,0.032695472,0.9673045
t79,0.032695472,0.9673045
t23,0.09389925,0.90610075
t61,0.39390045,0.60609955
t82,0.7982756,0.20172441
t83,0.7982756,0.20172441
t33,0.39390045,0.60609955
t80,0.8500529,0.14994712
t62,0.8500529,0.14994712
