accepted_species,0
t366,0.833629806532191
t361,
t140,
t165,
t355,
t272,
t273,
t490,-0.792306262640992
t471,-0.792306262640992
t330,
t331,
t307,
t325,
t390,
t472,
t473,
t474,0.356824628415082
t469,3.34550476519021
t480,3.34550476519021
t406,
t306,
t422,0.856548734441934
t463,
t464,
t445,
t374,
t424,
t425,
t408,
t409,
t429,
t364,
t468,0.459629097058982
t442,
t399,
t383,
t438,
t403,
t181,
t182,
t418,
t419,
t416,
t250,
t285,
t341,
t427,
t100,
t91,-0.0249889820207862
