accepted_species,0,1
t97,0.1333333333333333,0.8666666666666667
t98,0.1333333333333333,0.8666666666666667
t12,0.1333333333333333,0.8666666666666667
t48,0.1333333333333333,0.8666666666666667
t49,0.1333333333333333,0.8666666666666667
t7,0.1333333333333333,0.8666666666666667
t33,0.1333333333333333,0.8666666666666667
t34,0.1333333333333333,0.8666666666666667
t51,0.1333333333333333,0.8666666666666667
t10,0.1333333333333333,0.8666666666666667
