accepted_species,0,1
t97,0.4004091,0.5995909
t98,0.106842756,0.89315724
t12,0.33894467,0.6610553
t48,0.48103696,0.51896304
t49,0.23526597,0.764734
t7,0.1256156,0.8743844
t33,0.021974266,0.97802573
t34,0.0053344965,0.9946655
t51,0.005322218,0.9946778
t10,0.004047394,0.9959526
