accepted_species,0,1
t39,0.5893883945456667,0.4106116054543333
t37,0.36898051505824525,0.6310194849417547
t29,0.2680028765551623,0.7319971234448377
t74,0.9999993549736588,6.450263411899511e-07
t64,0.9999992856040101,7.14395989966244e-07
t26,0.9999971493532761,2.8506467239060187e-06
t20,0.9999966625869855,3.337413014453964e-06
t97,0.904954712094817,0.09504528790518298
t79,0.8739688255735728,0.12603117442642722
t59,0.9805381451703707,0.01946185482962927
