accepted_species,0,1
t39,0.30842886024037475,0.6915711397596253
t37,0.3105369935998411,0.6894630064001589
t29,0.30976904974964337,0.6902309502503566
t74,0.8840471955999679,0.11595280440003204
t64,0.883243307847727,0.11675669215227302
t26,0.8769129052953286,0.12308709470467138
t20,0.8765987232298889,0.12340127677011117
t97,0.8020368092394796,0.1979631907605204
t79,0.7782701523189042,0.22172984768109588
t59,0.7590624567388219,0.24093754326117814
