accepted_species,0,1
Piaranthus_geminatus,0.8661218790422918,0.13387812095770818
Finlaysonia_lanuginosa,0.8667341200294238,0.13326587997057615
Vincetoxicum_leschenaultii,0.8672144859898403,0.13278551401015976
Philibertia_peruviana,0.8672022238699022,0.1327977761300978
Pachycarpus_schinzianus,0.8671424423516129,0.13285755764838716
Hoya_carnosa,0.867347989966186,0.13265201003381394
Vincetoxicum_cycleoides,0.8672037371808867,0.13279626281911328
Lachnostoma_huilaense,0.8660919257821584,0.1339080742178415
Neblinantha_parvifolia,0.8641475632827722,0.13585243671722777
Gentiana_brentae,0.8636318355432197,0.13636816445678038
