accepted_species,0,1
t53,0.7804371032666569,0.2195628967333431
t87,0.7804371032666569,0.2195628967333431
t88,0.7804371032666569,0.2195628967333431
t24,0.7804371032666569,0.2195628967333431
t16,0.7804371032666569,0.2195628967333431
t82,0.7804371032666569,0.2195628967333431
t83,0.7804371032666569,0.2195628967333431
t65,0.7815508905965052,0.2184491094034948
t66,0.7815508905965053,0.21844910940349474
t19,0.7827773476117748,0.2172226523882253
