accepted_species,0,1
t10,0.014146626539334739,0.9858533734606653
t12,0.014133399103935296,0.9858666008960647
t39,0.014129966909163794,0.9858700330908362
t51,0.014118325431577206,0.9858816745684228
t33,0.014112674294683214,0.9858873257053168
t34,0.014112674294683214,0.9858873257053168
t7,0.014232898166853025,0.985767101833147
t35,0.014191281430401936,0.9858087185695981
t98,0.013909639229978565,0.9860903607700214
t97,0.015373150370248001,0.984626849629752
