accepted_species,0,1
t10,0.00064367056,0.9993563
t12,0.00064367056,0.9993563
t39,0.0005699992,0.99943
t51,0.0019385219,0.9980615
t33,0.0005699992,0.99943
t34,0.0005699992,0.99943
t7,0.0006466508,0.99935335
t35,0.0008960366,0.99910396
t98,0.0019584894,0.9980415
t97,0.0019584894,0.9980415
