accepted_species,0,1
Stephanotis_brevisquama,0.8129603858527452,0.18703961414725478
Matelea_pedicellata,0.8910821072187688,0.10891789278123123
Lisianthius_habuensis,0.833224096951812,0.166775903048188
Ruehssia_callosa,0.8626748339362333,0.1373251660637666
Fagraea_eymae,0.7964390276764232,0.2035609723235768
Fagraea_graciliflora,0.7807955644969715,0.21920443550302848
Prestonia_acrensis,0.8834512889863096,0.11654871101369033
Gentiana_langbianensis,0.8156237198602029,0.1843762801397971
Anodendron_howii,0.8667426612228417,0.13325733877715826
Parsonsia_lenticellata,0.9122809596924013,0.08771904030759864
