"accepted_species","0","1"
"Stephanotis_brevisquama","0.999864108190635","0.000135891809365502"
"Matelea_pedicellata","0.999994277006668","5.72299333245114e-06"
"Lisianthius_habuensis","0.999901127910302","9.88720896982392e-05"
"Ruehssia_callosa","0.999884834009164","0.000115165990836388"
"Fagraea_eymae","0.995559543695634","0.00444045630436564"
"Fagraea_graciliflora","0.995559543695634","0.00444045630436564"
"Prestonia_acrensis","0.988613675999031","0.0113863240009688"
"Gentiana_langbianensis","0.999886542769744","0.000113457230256525"
"Anodendron_howii","0.817415891894985","0.182584108105015"
"Parsonsia_lenticellata","0.988613675999031","0.0113863240009688"
