accepted_species,0,1
Stephanotis_brevisquama,0.94015616,0.059843834
Matelea_pedicellata,0.94015616,0.059843834
Lisianthius_habuensis,0.94015616,0.059843834
Ruehssia_callosa,0.94015616,0.059843834
Fagraea_eymae,0.94135314,0.058646835
Fagraea_graciliflora,0.94135314,0.058646835
Prestonia_acrensis,0.94015616,0.059843834
Gentiana_langbianensis,0.94135314,0.058646835
Anodendron_howii,0.8542284,0.1457716
Parsonsia_lenticellata,0.94015616,0.059843834
