accepted_species,estimate
t98,-0.0073446563690022105
t3,-0.21666051827905053
t96,0.11369584578996904
t80,-0.18417176696466478
t64,-0.6607007435026163
t88,0.6385803437852373
t16,0.6010322374147868
t12,0.1905997344278137
t29,-0.4570832861037148
t68,-0.30671536252325193
