accepted_species,0,1
t15,0.03566718,0.9643328
t27,0.034537315,0.9654627
t48,0.5862421,0.41375795
t54,0.1920619,0.8079381
t74,0.013094366,0.98690563
t75,0.024865746,0.97513425
t89,0.07574427,0.9242557
t93,0.5735893,0.42641065
t95,0.0728156,0.9271844
t117,0.013094366,0.98690563
t118,0.013094366,0.98690563
t125,0.05325985,0.94674015
t130,0.01989168,0.9801083
t136,0.066398025,0.933602
