accepted_species,0,1
t69,0.12106488557777983,0.8789351144222202
t88,0.12153285480471898,0.878467145195281
t31,0.09626567646600359,0.9037343235339964
t72,0.08879224073313596,0.911207759266864
t98,0.08784256207770114,0.9121574379222989
t40,0.08579405149705632,0.9142059485029437
t30,0.08531797220131565,0.9146820277986843
t34,0.09101413219496901,0.908985867805031
t60,0.09073244243598277,0.9092675575640172
t89,0.09069127789218967,0.9093087221078103
