accepted_species,0,1
t3,0.9784458306988104,0.02155416930118961
t4,0.9786652781658824,0.02133472183411755
t12,0.978465577068705,0.021534422931295004
t24,0.9780954651617078,0.0219045348382922
t30,0.9786963097243089,0.021303690275691123
t45,0.9786224467716717,0.02137755322832835
t57,0.9784468296443999,0.021553170355600112
t58,0.9786979794042696,0.02130202059573034
t61,0.9784660237883047,0.021533976211695335
t96,0.9786871867827591,0.02131281321724091
