accepted_species,0,1
t12,0.9487944274719102,0.051205572528089736
t13,0.9486852400694179,0.05131475993058209
t14,0.9486852400694179,0.05131475993058209
t31,0.9459767757497938,0.05402322425020626
t40,0.9498899535980416,0.05011004640195839
t52,0.9499744609909415,0.05002553900905851
t53,0.9499744609909415,0.05002553900905851
t66,0.9499940007043028,0.05000599929569715
t70,0.9499830029893734,0.05001699701062654
t108,0.9457608365429427,0.054239163457057225
t109,0.9457608365429427,0.054239163457057225
