accepted_species,0,1
t12,0.7697595690171486,0.23024043098285135
t13,0.7697595690171486,0.23024043098285135
t14,0.7697595690171486,0.23024043098285135
t31,0.976637759359284,0.023362240640715987
t40,0.9749174705389232,0.025082529461076832
t52,0.9750503059874398,0.02494969401256024
t53,0.9750503059874398,0.02494969401256024
t66,0.9725248143001091,0.027475185699890884
t70,0.9750503059874398,0.024949694012560232
t108,0.976637759359284,0.023362240640715997
t109,0.976637759359284,0.023362240640715997
