accepted_species,estimate
t149,-0.13936812
t237,0.11865457
t66,0.07966754
t61,-0.2569786
t122,-0.29063365
t224,-0.29063365
t253,-0.29063365
t85,0.46484184
t112,0.45758694
t74,0.4820565
t234,0.23659351
t8,-0.36624262
t3,-0.36624262
t87,-0.10005258
t167,0.18980265
t84,-0.10005258
t117,0.11809758
t175,0.3718144
t262,0.3718144
t171,0.3718144
t263,0.3718144
t138,0.27033487
t103,0.3718144
t18,0.121960364
t255,0.5097895
t179,0.2789775
