accepted_species,0,1
t123,0.22138527027311428,0.7786147297268857
t136,0.22317143674134565,0.7768285632586543
t137,0.22409531705471097,0.775904682945289
t142,0.22328518476738846,0.7767148152326115
t173,0.19944327331818357,0.8005567266818164
t212,0.20487434665328752,0.7951256533467125
t213,0.20487771558963164,0.7951222844103684
t215,0.22535481094698329,0.7746451890530167
t231,0.2201565309226171,0.7798434690773829
t232,0.2207081059162005,0.7792918940837995
