accepted_species,0,1
t123,0.20540019645773977,0.7945998035422602
t136,0.2137257398370409,0.7862742601629591
t137,0.21726644808990436,0.7827335519100956
t142,0.24091186158707234,0.7590881384129277
t173,0.20509584433004513,0.7949041556699549
t212,0.21096856588077317,0.7890314341192268
t213,0.17683510371575406,0.8231648962842459
t215,0.15947368886230384,0.8405263111376962
t231,0.17705013739772735,0.8229498626022727
t232,0.1712303258180684,0.8287696741819316
