accepted_species,estimate
t5,0.09783077
t28,0.017326383
t20,0.09783077
t6,-0.87666005
t40,0.1308976
t92,-0.13167201
t10,-0.020375669
t7,0.09783077
t11,0.2552502
t82,0.22218335
