"accepted_species","estimate"
"t97",-0.444905458103921
"t98",-0.444905458103921
"t71",-0.539243176158095
"t31",-1.35394752747598
"t67",-1.70161463408469
"t28",0.983358305198851
"t100",0.397443656273095
"t7",0.829844063127351
"t9",0.829844063127351
"t33",0.318005323157634
