accepted_species,0,1
t3,0.613119,0.38688102
t5,0.6464414,0.3535586
t14,0.828392,0.17160794
t19,0.94758993,0.052410085
t37,0.43496084,0.56503916
t44,0.6596588,0.34034118
t45,0.3487872,0.6512128
t50,0.70307803,0.296922
t75,0.85760653,0.14239347
t100,0.7049489,0.2950511
t101,0.4806012,0.5193988
t102,0.38590932,0.6140907
t106,0.7227622,0.2772378
t117,0.76640195,0.23359805
