accepted_species,estimate
t53,-0.8386944
t123,-0.7748071
t122,-0.7748071
t162,-0.76856756
t199,-0.76856756
t250,-0.77755266
t242,-0.77755266
t245,-0.77755266
t118,-0.70124996
t190,-0.7302767
t191,-0.72614646
t133,-0.71845484
t169,-0.7360494
t170,-0.7360494
t79,-0.83957285
t97,-0.93144554
t112,-0.9153291
t181,-0.88064206
t146,-0.90777564
t178,-0.88064206
t231,-0.8781053
t262,-0.8781053
t163,-0.89212
t155,-0.9153291
t139,-0.93689865
t61,-0.891411
t40,-0.9054025
