accepted_species,estimate
t53,-0.8003503
t123,-0.7809753
t122,-0.7809753
t162,-0.78446263
t199,-0.7854876
t250,-0.7878949
t242,-0.7878949
t245,-0.7831703
t118,-0.7718851
t190,-0.7902891
t191,-0.7902891
t133,-0.77355355
t169,-0.7902891
t170,-0.7902891
t79,-0.9008388
t97,-0.81005085
t112,-0.85093164
t181,-0.87914747
t146,-0.8579649
t178,-0.8843891
t231,-0.86856586
t262,-0.87914747
t163,-0.88758206
t155,-0.8733977
t139,-0.8433974
t61,-0.8952899
t40,-0.8292979
