accepted_species,0
t39,-0.08478877252389036
t31,-0.08478877252389036
t36,-0.08478877252389036
t96,0.931233830335269
t62,-0.08478877252389036
t57,-0.08478877252389036
t30,-0.08478877252389036
t33,-0.08478877252389036
t6,-0.08478877252389036
t49,-0.08478877252389036
