accepted_species,estimate
t16,0.869626867029981
t78,0.0706676850359032
t18,-0.37761818741567793
t39,-0.37885025594128735
t40,-0.37885025594128735
t13,1.474014886012156
t45,-0.22771360502314694
t20,0.24449238535618834
t34,0.9170478430991497
t35,0.9170478430991497
