"accepted_species","estimate"
"t16",0.589470891696722
"t78",-0.00449327031967424
"t18",-0.350778111701949
"t39",-0.464934985476642
"t40",-0.464934985476642
"t13",1.36467221617483
"t45",-0.162632950404996
"t20",0.238537885204385
"t34",0.708545206326221
"t35",0.708545206326221
