accepted_species,estimate
t16,1.1150097
t78,0.032445334
t18,-0.4958006
t39,-0.12281419
t40,-0.2826096
t13,0.9956969
t45,-0.22639324
t20,0.061169863
t34,0.9742616
t35,0.9090986
