accepted_species,0,1
t61,0.8886116584700149,0.11138834152998509
t62,0.8886137426454268,0.11138625735457319
t28,0.8886098509064321,0.1113901490935679
t60,0.8885828785596905,0.11141712144030945
t23,0.8885821261446175,0.11141787385538253
t98,0.8886337176486914,0.11136628235130865
t19,0.888622818929673,0.11137718107032697
t49,0.8886142867291263,0.1113857132708737
t41,0.8885993644634261,0.11140063553657382
t17,0.8885952552084806,0.11140474479151939
