accepted_species,0,1
t61,0.8893790852913797,0.11062091470862034
t62,0.8893790852913797,0.11062091470862034
t28,0.8893790852913797,0.11062091470862034
t60,0.8893951770950009,0.11060482290499907
t23,0.8893795240285283,0.11062047597147176
t98,0.8899121648173139,0.11008783518268608
t19,0.8898969713221117,0.11010302867788838
t49,0.889072065564588,0.11092793443541203
t41,0.8895647375279822,0.11043526247201786
t17,0.8893796163183152,0.11062038368168477
