accepted_species,0,1
t88,0.6063071022405981,0.3936928977594019
t98,0.616728218496094,0.383271781503906
t138,0.6173788234981274,0.38262117650187255
t158,0.6155358620295498,0.3844641379704502
t161,0.6065195653335167,0.39348043466648325
t176,0.6072110817645328,0.39278891823546724
t178,0.6003649523961729,0.3996350476038271
t181,0.6213124826390071,0.37868751736099293
t191,0.6184803095029059,0.38151969049709417
t194,0.6155358620295498,0.3844641379704502
