accepted_species,0,1
t88,0.607989871836947,0.392010128163053
t98,0.5367027655774391,0.4632972344225609
t138,0.6345769654715132,0.36542303452848685
t158,0.6961371608064391,0.30386283919356094
t161,0.5712732506556721,0.4287267493443279
t176,0.666336212740392,0.33366378725960794
t178,0.7813516157867326,0.21864838421326738
t181,0.8647084324785309,0.1352915675214691
t191,0.589962069423306,0.410037930576694
t194,0.7600006166247648,0.23999938337523521
