accepted_species,0,1
t88,0.6243658,0.37563422
t98,0.6907524,0.3092476
t138,0.7577847,0.24221526
t158,0.67943895,0.32056108
t161,0.6831527,0.31684735
t176,0.5213295,0.4786705
t178,0.48010445,0.51989555
t181,0.6943761,0.3056239
t191,0.765772,0.234228
t194,0.69629097,0.303709
