accepted_species,estimate
t3,1.6572146
t8,-0.6936999
t74,-0.116654806
t1,0.30757374
t92,-0.7154381
t25,-0.6138612
t47,-0.6589557
t51,-0.21137868
t33,-1.4876395
t83,-1.3537178
