accepted_species,0,1
t3,0.0005900243548611073,0.9994099756451389
t15,0.0005610386629413266,0.9994389613370587
t100,0.0016579128612184135,0.9983420871387816
t57,0.9993639473535718,0.0006360526464282286
t42,0.9991202864269149,0.0008797135730851259
t17,0.9991891807784032,0.0008108192215967317
t86,0.9991578369725581,0.0008421630274419241
t74,0.9991592677951258,0.0008407322048742512
t90,0.9990232219441052,0.0009767780558947454
t50,0.9990369099045658,0.0009630900954342038
