accepted_species,0
t61,
t64,
t31,
t239,
t240,
t241,
t282,1.36381430348855
t219,
t104,
t243,
t153,
t199,
t108,
t266,
t252,
t35,
t183,
t118,
t155,
t89,
t176,
t169,
t272,-0.9732068873042254
t251,
t113,
t133,
t107,
t152,
