accepted_species,estimate
t1,-0.5402647499546862
t22,-0.6776313589434872
t40,-0.8321075575135196
t105,-0.5400926281046347
t92,-0.6002116294669355
t86,-0.4603355273641813
t46,-0.5052496758110351
t47,-0.5010748230524816
t71,-0.12609044241219425
t104,-0.1611151991976073
t35,1.059609300096491
