"accepted_species","0","1"
"t76",0.82301431435935,0.17698568564065
"t116",0.875598295256573,0.124401704743427
"t142",0.665118616200524,0.334881383799476
"t158",0.894541621104565,0.105458378895435
"t202",0.953730856857651,0.0462691431423487
"t205",0.95752576870826,0.0424742312917398
"t207",0.118507934565707,0.881492065434293
"t219",0.971960049360705,0.0280399506392954
"t243",0.0190476096259961,0.980952390374004
"t252",0.998462620807039,0.0015373791929609
