accepted_species,0,1
t76,0.7666666666666666,0.23333333333333334
t116,0.7666666666666666,0.23333333333333334
t142,0.7666666666666666,0.23333333333333334
t158,0.7666666666666666,0.23333333333333334
t202,0.7666666666666666,0.23333333333333334
t205,0.7666666666666666,0.23333333333333334
t207,0.7666666666666666,0.23333333333333334
t219,1.0,0.0
t243,0.0,1.0
t252,1.0,0.0
