accepted_species,0,1
t10,0.843390891441535,0.15660910855846497
t86,0.9708219761756951,0.02917802382430485
t87,0.9684833609568491,0.03151663904315092
t25,0.9677756551170883,0.03222434488291174
t15,0.9657767486050824,0.034223251394917525
t52,0.9436176168309739,0.05638238316902607
t53,0.9434813152705501,0.056518684729449875
t112,0.9619611161889032,0.0380388838110968
t113,0.9545126551341964,0.04548734486580362
t63,0.9636055425102049,0.03639445748979504
t39,0.9533111269115255,0.046688873088474504
