accepted_species,estimate
Cruciata_glabra,-0.39239361224616903
Galium_boreale,-0.41087310274087896
Galium_eriocarpum,-0.39285668511121186
Galium_mexicanum,-0.4030479285830788
Galium_nuttallii,-0.39285668511121186
Galium_parisiense,-0.40624726367340924
Galium_porrigens,-0.41099485384403284
Galium_propinquum,-0.39285668511121186
Galium_saxatile,-0.405646568961138
Galium_trifidum,-0.40216666338610174
