accepted_species,0
t26,-0.033426506240299345
t27,-0.033426506240299345
t74,-0.033426506240299345
t68,-0.864795345315984
t91,-0.033426506240299345
t92,-0.033426506240299345
t75,-0.033426506240299345
t76,-0.033426506240299345
t81,0.665621069414528
t29,-0.033426506240299345
