accepted_species,0,1
t72,0.009642112564895111,0.9903578874351049
t92,0.00964185605261858,0.9903581439473814
t106,0.009641871707061211,0.9903581282929388
t107,0.009641871707061211,0.9903581282929388
t129,0.009641933782070677,0.9903580662179293
t155,0.009641750784181835,0.9903582492158182
t162,0.00964190609097848,0.9903580939090215
t163,0.00964190609097848,0.9903580939090215
t167,0.009641746585284827,0.9903582534147152
t168,0.009641802932651822,0.9903581970673482
