accepted_species,0
t36,0.038407757659002416
t128,0.038407757659002416
t167,0.038407757659002416
t168,0.038407757659002416
t127,0.038407757659002416
t171,0.038407757659002416
t217,0.038407757659002416
t221,0.038407757659002416
t222,0.038407757659002416
t198,0.038407757659002416
t215,0.038407757659002416
t216,0.038407757659002416
t223,0.038407757659002416
t205,0.038407757659002416
t206,0.038407757659002416
t133,0.038407757659002416
t84,0.038407757659002416
t71,0.038407757659002416
t89,0.038407757659002416
t242,-0.941000534381414
t209,0.038407757659002416
t210,0.038407757659002416
t125,0.038407757659002416
t85,0.038407757659002416
