accepted_species,estimate
t36,0.016964588
t128,-0.55693346
t167,-0.26368847
t168,-0.26368847
t127,-0.6796369
t171,-0.4057176
t217,-0.4057176
t221,0.117102645
t222,-0.26368847
t198,-0.26593354
t215,-0.26593354
t216,-0.24875243
t223,0.29406846
t205,0.3982432
t206,0.1942471
t133,-0.41235524
t84,-0.55833924
t71,-0.26764056
t89,0.46394387
t242,-0.3679598
t209,-0.18743585
t210,-0.36821792
t125,-0.5555238
t85,-0.4627912
