accepted_species,0,1
t25,0.90565544,0.09434458
t52,0.8725301,0.1274699
t49,0.966192,0.033807967
t64,0.95292175,0.047078274
t65,0.95292175,0.047078274
t32,0.3179829,0.6820171
t61,0.6824211,0.31757894
t42,0.16351306,0.83648694
t4,0.2056362,0.7943638
t69,0.82638156,0.17361844
