accepted_species,0,1
Peponidium_viguieri,0.8746923530895445,0.1253076469104555
Gentiana_sierrae,0.8774962412902559,0.1225037587097441
Galium_hirtiflorum,0.9178533877733114,0.0821466122266886
Guettarda_viburnoides,0.8723609912265511,0.12763900877344897
Rubia_schumanniana,0.9176621145983492,0.08233788540165077
Strychnos_tseasnum,0.8758824375097106,0.12411756249028941
Psychotria_palawanensis,0.8852292494182498,0.11477075058175024
Manettia_veronicoides,0.8872018368382779,0.11279816316172203
Huernia_pillansii,0.8748193427590953,0.12518065724090469
Prestonia_folsomii,0.8721857946994098,0.12781420530059012
