accepted_species,0,1
t15,0.5038313239597987,0.4961686760402014
t218,0.38002367946389193,0.6199763205361081
t181,0.534343559507334,0.465656440492666
t204,0.5336589995244522,0.46634100047554783
t49,0.49176737950995475,0.5082326204900453
t101,0.483486247217516,0.516513752782484
t207,0.7158660107227858,0.2841339892772142
t254,0.40046824926701796,0.599531750732982
t149,0.5058703957513422,0.4941296042486578
t68,0.4539121035149355,0.5460878964850645
t91,0.3975164370015204,0.6024835629984796
t140,0.3631491903534333,0.6368508096465667
t119,0.40716736513765694,0.592832634862343
t97,0.4113501026282692,0.5886498973717308
t241,0.3974638305248702,0.6025361694751298
t245,0.42861222688737777,0.5713877731126222
t96,0.4645515986731633,0.5354484013268367
t234,0.46937092108440204,0.530629078915598
t117,0.4660233712569074,0.5339766287430926
t122,0.413781037717291,0.586218962282709
t185,0.49083535144952484,0.5091646485504752
t3,0.5208727850615571,0.47912721493844296
t19,0.5233647671815702,0.47663523281842973
t26,0.5225248890752392,0.47747511092476086
t54,0.520211048309694,0.479788951690306
t153,0.47733636554540393,0.5226636344545961
t193,0.4750852907200487,0.5249147092799513
