accepted_species,0
Alyxia_ruscifolia,-0.061085851501915436
Aspidosperma_cylindrocarpon,-0.061085851501915436
Aspidosperma_megalocarpon,-0.061085851501915436
Aspidosperma_spruceanum,-0.061085851501915436
Lacmellea_panamensis,-0.061085851501915436
Plumeria_alba,-0.061085851501915436
Tabernaemontana_cymosa,-0.061085851501915436
Tabernaemontana_siphilitica,-0.061085851501915436
Vinca_major,-0.061085851501915436
Vinca_minor,-0.061085851501915436
