accepted_species,estimate
t162,-0.68047035
t105,-0.49243045
t118,0.24210085
t129,1.1818448
t200,0.7026855
t243,1.0368916
t20,-0.91145915
t126,0.58568656
t222,-0.6622965
t133,-1.4994373
t64,-1.6366848
t11,-1.0588014
t7,-0.87558436
t25,-1.2312833
t179,-0.4269804
t144,0.1024632
t236,0.19408087
t240,0.018260024
t206,0.7933003
t230,0.17979717
t137,0.12444659
t246,0.88233036
t127,1.1877525
t43,0.83451575
t1,0.25066835
