accepted_species,0
t99,
t61,
t103,
t40,
t18,
t100,
t134,-0.18993908832622
t63,
t41,
t42,
t115,1.4206157979677
t97,
t90,
