accepted_species,0,1
t2,0.6055313667966371,0.3944686332033629
t153,1.3441121937685097e-07,0.9999998655887806
t48,7.359061062794936e-05,0.999926409389372
t101,5.814767173317748e-07,0.9999994185232827
t156,6.165925370282821e-08,0.9999999383407463
t108,0.0020079848562127856,0.9979920151437872
t127,0.0020956928949276143,0.9979043071050724
t121,0.0020290545395489357,0.9979709454604511
t109,0.0021802056270181502,0.9978197943729818
t52,0.0005262251078885782,0.9994737748921114
t149,0.0006169709851446825,0.9993830290148553
t129,0.00044260445986565866,0.9995573955401343
t180,0.0005047671631480677,0.9994952328368519
t181,0.000500687863154714,0.9994993121368453
t46,1.0023943999515339e-05,0.9999899760560005
t88,0.0008351506355638305,0.9991648493644362
t38,2.33004386147595e-05,0.9999766995613852
t146,0.0026653185097603727,0.9973346814902396
t31,0.000146699153162122,0.9998533008468379
t17,0.052779874354073386,0.9472201256459266
