accepted_species,0,1
t123,0.2195216650560462,0.7804783349439538
t160,0.2623845007310329,0.7376154992689671
t191,0.6582637522677345,0.3417362477322655
t208,0.2134639185942938,0.7865360814057062
t211,0.7036181391238658,0.2963818608761342
t223,0.6702682095146554,0.3297317904853446
t226,0.8843011372272007,0.1156988627727993
t242,0.1506373587643175,0.8493626412356825
t245,0.3581328919905029,0.6418671080094971
t259,0.6615023544950028,0.33849764550499717
