accepted_species,0,1
t123,0.1663623665644749,0.8336376334355251
t160,0.14791020869606153,0.8520897913039385
t191,0.7466839815020652,0.2533160184979349
t208,0.29102896348318896,0.708971036516811
t211,0.38409232333655163,0.6159076766634484
t223,0.49705416017437043,0.5029458398256296
t226,0.8287141356681165,0.17128586433188359
t242,0.5018362189248493,0.49816378107515064
t245,0.6084680762111356,0.3915319237888643
t259,0.806062043346568,0.193937956653432
