accepted_species,0,1
t123,0.31673522493461503,0.683264775065385
t160,0.18314119441264487,0.8168588055873551
t191,0.5440354564179468,0.4559645435820532
t208,0.25970491646930527,0.7402950835306947
t211,0.6575228356039191,0.3424771643960809
t223,0.6885269416595533,0.3114730583404467
t226,0.9572227998323075,0.04277720016769243
t242,0.15026660380326007,0.8497333961967399
t245,0.3032546515020281,0.6967453484979719
t259,0.6669474613692241,0.33305253863077594
