accepted_species,0,1
t123,0.055787265,0.94421273
t160,0.03384185,0.96615815
t191,0.9771286,0.022871392
t208,0.71888983,0.28111014
t211,0.51181364,0.48818633
t223,0.572834,0.42716596
t226,0.8733858,0.12661421
t242,0.42530793,0.5746921
t245,0.8190939,0.1809061
t259,0.9776887,0.02231127
