accepted_species,0,1
Manostachya_staelioides,0.99110067,0.008899356
Randia_mollis,0.98389447,0.016105557
Canthium_fenicis,0.84810364,0.15189634
Psychotria_apocynifolia,0.98741865,0.0125813475
Danais_terminalis,0.98825836,0.011741646
Alyxia_annamensis,0.74868596,0.251314
Huernia_engleri,0.88366044,0.116339535
Palicourea_seleri,0.98850495,0.011495051
Timonius_klossii,0.95430326,0.04569673
Ophiorrhiza_amplifolia,0.99168915,0.008310865
