accepted_species,estimate
t36,0.10173211060291876
t20,-0.04174402670267452
t45,-0.3141763442935146
t24,-0.11827111266065082
t5,-1.451441261192212
t42,-0.2351285842247035
t98,0.9449291905027921
t84,1.1559763289633729
t67,1.2611520817745139
t15,0.20303043221258957
