accepted_species,estimate
t36,0.084206276
t20,-0.013578909
t45,-0.20272543
t24,-0.20272543
t5,-1.3284405
t42,-0.46787494
t98,0.9866326
t84,1.11066
t67,1.1783744
t15,0.054113727
