accepted_species,0,1
t96,0.1410105169944118,0.8589894830055882
t118,0.8134307663135046,0.18656923368649533
t122,0.19801177675948567,0.8019882232405143
t125,0.8622010676778922,0.13779893232210788
t129,0.21739965064816547,0.7826003493518345
t143,0.6161539258473746,0.3838460741526254
t157,0.9155216861353097,0.08447831386469026
t180,0.6202726494034886,0.3797273505965114
t209,0.7861397475256553,0.2138602524743447
t210,0.7707913792607735,0.22920862073922654
