accepted_species,0,1
t96,0.5581284374404617,0.4418715625595383
t118,0.6110392988150933,0.38896070118490667
t122,0.5509540326155328,0.4490459673844672
t125,0.6087278079684559,0.3912721920315441
t129,0.5380902285967997,0.4619097714032003
t143,0.5895085587397317,0.41049144126026826
t157,0.6299622499887441,0.3700377500112559
t180,0.5894300760980606,0.4105699239019393
t209,0.6111097865963024,0.38889021340369756
t210,0.6111097865963027,0.3888902134036974
