"accepted_species","0","1"
"t96","0.499997806303219","0.500002193696781"
"t118","0.50000000023095","0.49999999976905"
"t122","0.499847800896989","0.500152199103011"
"t125","0.499934232050154","0.500065767949846"
"t129","0.498564900737701","0.501435099262299"
"t143","0.499267906700641","0.500732093299359"
"t157","0.510961580089855","0.489038419910145"
"t180","0.488363568027076","0.511636431972924"
"t209","0.50000000023095","0.49999999976905"
"t210","0.50000000023095","0.49999999976905"
