accepted_species,0,1
t30,0.8263892,0.17361082
t62,0.8129174,0.18708259
t67,0.7989244,0.20107563
t79,0.8227916,0.1772084
t80,0.8227916,0.1772084
t93,0.80656374,0.1934363
t101,0.8129174,0.18708259
t130,0.81276405,0.18723595
t134,0.82790506,0.17209497
t139,0.8241929,0.17580713
