"accepted_species","estimate"
"t27",0.761332749312939
"t22",-0.381564482706401
"t33",-0.753207337356246
"t8",0.442006970104211
"t26",1.03142471544351
"t81",0.826979507322231
"t51",0.722704639586772
"t38",-0.0326910059285127
"t48",1.26611919826616
"t20",-0.684591880830801
