accepted_species,estimate
t31,0.2630604148507727
t56,0.09960102787686982
t88,-0.2568104930082503
t25,0.5302652263083212
t7,0.4578708406011849
t79,0.5107269903214312
t76,0.4683297681912386
t46,0.6347440777870532
t18,0.3363759665750007
t30,0.3795572410690374
