accepted_species,0,1
t9,0.5300826902495992,0.46991730975040086
t14,0.529902660943717,0.470097339056283
t47,0.5300425846409721,0.4699574153590279
t96,0.5297990321733539,0.4702009678266461
t58,0.5305010173037761,0.4694989826962239
t59,0.5307910061769944,0.4692089938230056
t49,0.5305099201101722,0.4694900798898278
t93,0.530398178660267,0.4696018213397331
t94,0.530405344223466,0.4695946557765341
t77,0.5308139503229337,0.4691860496770663
