accepted_species,estimate
t100,-0.6093318865817702
t21,-0.6346516877357339
t57,-0.6421138030314283
t72,-0.6438977282718932
t69,-0.6438932178555823
t14,-0.6275055309305727
t28,-0.6288890141918355
t93,-0.6331808063200381
t60,1.623369440531793
t18,1.6155178520404505
