accepted_species,estimate
Crucianella_gilanica,-0.40778877417440884
Galium_bifolium,-0.4031568636389484
Galium_bolanderi,-0.4031568636389484
Galium_ciliare,-0.40303825291326023
Galium_divaricatum,-0.42184419880489576
Galium_mexicanum,-0.41497945810036585
Galium_mollugo,-0.41497945810036585
Galium_porrigens,-0.4031568636389484
Galium_spurium,-0.40303825291326034
Galium_triflorum,-0.41138983257540984
