accepted_species,0,1
Apocynum_androsaemifolium,0.6280997363321643,0.37190026366783563
Asclepias_sullivantii,0.47698421889248,0.52301578110752
Frasera_speciosa,0.6498097157366916,0.3501902842633084
Gentiana_straminea,0.48168179755241713,0.5183182024475829
Asperula_conferta,0.5574209798809486,0.44257902011905137
Galium_aparine,0.5416244003543418,0.4583755996456582
Cynanchum_boveanum,0.5494377540859882,0.45056224591401184
Galium_pumilum,0.5727103948789425,0.42728960512105746
Pentanisia_ouranogyne,0.5846111642061256,0.4153888357938744
Richardia_humistrata,0.5633723272975737,0.43662767270242625
