"accepted_species","0","1"
"t103","0.69291267540569","0.30708732459431"
"t106","0.500744971126605","0.499255028873395"
"t114","0.500744971126605","0.499255028873395"
"t128","0.401757646021156","0.598242353978844"
"t152","0.840656287777947","0.159343712222053"
"t159","0.147914385642637","0.852085614357363"
"t163","0.47337099671168","0.52662900328832"
"t164","0.47337099671168","0.52662900328832"
"t165","0.707180739561611","0.292819260438389"
"t166","0.707180739561611","0.292819260438389"
