accepted_species,0,1
Galium_album,0.3274516,0.6725484
Galium_bifolium,0.42932713,0.57067287
Galium_boreale,0.43664742,0.5633526
Galium_mollugo,0.3274516,0.6725484
Galium_spurium,0.26988232,0.7301177
Galium_texense,0.43526256,0.56473744
Galium_tinctorium,0.42932713,0.57067287
Galium_pumilum,0.51792645,0.48207355
Galium_richardianum,0.43526256,0.56473744
Galium_setaceum,0.26988232,0.7301177
