accepted_species,estimate
t57,0.29048612414150515
t85,0.4055321530134668
t86,0.29905789807724575
t54,0.1849812311677267
t29,0.18981415938288831
t27,0.014234175269997942
t64,0.08090293458425031
t72,0.015585275899619958
t73,0.04697417925339331
t28,0.0007456570566256315
