accepted_species,estimate
t57,-0.45607588
t85,-0.45607588
t86,-0.45607588
t54,-0.45607588
t29,-0.77362096
t27,-0.84384567
t64,-0.90636426
t72,-0.85638326
t73,-0.85638326
t28,-0.84384567
