accepted_species,estimate
t17,0.45232055
t32,0.6911238
t28,0.63430333
t84,0.6911238
t33,-0.46876553
t73,-0.46876553
t27,-0.46876553
t25,1.3271296
t24,-0.90783453
t44,0.108365476
