accepted_species,estimate
t17,0.5702877
t32,0.086232156
t28,0.703207
t84,0.69584054
t33,-0.74446845
t73,-0.6909879
t27,-0.7292014
t25,1.4677545
t24,-0.06732198
t44,0.055381995
