"accepted_species","estimate"
"t18",0.981256694198773
"t27",1.26712170239928
"t45",1.21903830547814
"t43",1.17314035209007
"t31",1.17314035209007
"t9",0.856765061377516
"t10",0.858975516540621
"t17",0.864788276268491
"t22",0.870207191366333
"t50",0.878562348730583
