accepted_species,estimate
t6,-0.8384323
t74,-0.8376392
t24,-0.83710974
t97,-0.8002964
t98,-0.8002964
t81,-0.7992662
t12,-0.7992662
t54,-0.81309605
t50,-0.8142751
t14,-0.80910605
