accepted_species,estimate
t6,-0.7349965
t74,-0.8146364
t24,-0.84325993
t97,-0.8333468
t98,-0.842274
t81,-0.8146364
t12,-0.7349965
t54,-0.806879
t50,-0.8082841
t14,-0.8070228
