accepted_species,estimate
t8,0.26017827
t14,0.74400115
t77,0.5318183
t74,0.29419902
t99,0.96701396
t84,0.754508
t83,-0.18801339
t98,-0.18801339
t101,-0.18801339
t102,-0.18801339
