accepted_species,estimate
t164,0.45086566
t114,0.27052063
t111,0.29890957
t157,-0.088984266
t98,0.23439577
t137,-0.27701515
t151,-0.29823333
t4,-0.03860839
t14,0.011508456
t62,0.058755424
t83,0.05734846
t57,0.5938772
t23,-0.008705364
t44,0.012065561
t73,0.4368506
t8,0.002438689
t102,-0.08320329
t154,0.21890256
t139,0.5121917
t22,-0.019900344
