accepted_species,0,1
t53,0.37590468,0.6240953
t46,0.37590468,0.6240953
t20,0.35332716,0.64667284
t81,0.46513152,0.5348685
t72,0.6992493,0.30075067
t65,0.3979997,0.6020003
t22,0.68320775,0.31679228
t87,0.58483905,0.41516095
t80,0.37309313,0.6269069
t43,0.68642473,0.3135753
