accepted_species,estimate
t54,2.1641738
t41,0.1865022
t11,0.14326428
t71,-1.0227039
t72,-1.6697955
t83,-0.45989096
t97,-0.79923326
t84,-0.96199024
t16,-0.74871427
t80,-0.7045695
