accepted_species,0
t56,
t91,1.7421012251379
t95,-0.875857911140405
t41,
t25,
t18,
t28,
t22,
t52,
t58,
