accepted_species,0,1
t31,0.61695266,0.38304737
t80,0.60661316,0.3933868
t122,0.5224885,0.4775115
t155,0.47107434,0.52892566
t166,0.6050072,0.39499286
t180,0.6943233,0.30567673
t183,0.4897676,0.5102324
t187,0.68305683,0.31694317
t190,0.6883937,0.31160626
t191,0.69392425,0.30607575
