accepted_species,0
Asperula_glomerata,-0.410095669265107
Aspidosperma_megalocarpon,0.09137495636965605
Cyclophyllum_coprosmoides,0.09137495636965605
Exacum_affine,0.09137495636965605
Galium_bolanderi,-0.4132923883482616
Galium_circaezans,-0.4141698468186411
Galium_mollugo,-0.41545396833254206
Psychotria_papantlensis,0.09137495636965605
Randia_pterocarpa,0.09137495636965605
Vincetoxicum_hirundinaria,0.09137495636965605
