"accepted_species","0","1"
"Pauridiantha_symplocoides","0.998524544709383","0.00147545529061707"
"Galianthe_cyperoides","0.99817408751349","0.0018259124865098"
"Mycetia_suedixieana","0.999944422260695","5.55777393046295e-05"
"Blepharodon_colombianum","0.998751663369487","0.00124833663051292"
"Peponidium_madagascariense","0.999767376813669","0.000232623186330854"
"Alyxia_sogerensis","0.993431189833016","0.00656881016698362"
"Matelea_insolita","0.998757128659055","0.00124287134094495"
"Pavetta_schumanniana","0.999999945697365","5.43026351733238e-08"
"Tricalysia_analamazaotrensis","0.584041393755204","0.415958606244796"
"Gentiana_cruttwellii","0.936553959482116","0.0634460405178841"
