accepted_species,0,1
t77,0.17602081267360126,0.8239791873263987
t81,0.2873342468818616,0.7126657531181384
t95,0.29596021413275664,0.7040397858672434
t96,0.2967513922074668,0.7032486077925332
t67,0.8793975706119762,0.12060242938802379
t30,0.8855839008357358,0.11441609916426417
t89,0.3600421860921762,0.6399578139078238
t34,0.32138081366368254,0.6786191863363175
t50,0.35108759288943714,0.6489124071105629
t10,0.38570458927112805,0.614295410728872
