accepted_species,0,1
t12,0.1777777777777778,0.8222222222222222
t36,0.1777777777777778,0.8222222222222222
t64,0.1777777777777778,0.8222222222222222
t78,0.1777777777777778,0.8222222222222222
t87,0.1777777777777778,0.8222222222222222
t104,0.0,1.0
t124,0.0,1.0
t127,0.0,1.0
t131,0.0,1.0
t146,0.0,1.0
