accepted_species,estimate
t28,-0.69013846
t97,-0.96496
t98,-0.96496
t62,0.14012846
t73,0.28476432
t91,0.34079704
t92,0.34079704
t76,-0.41682813
t77,-0.41682813
t16,-0.41682813
