accepted_species,0,1
t150,0.8982973856602906,0.10170261433970944
t176,0.9001632807287272,0.0998367192712728
t190,0.9004577796170325,0.09954222038296741
t201,0.8991311057995297,0.10086889420047031
t202,0.8991311057995297,0.10086889420047031
t218,0.9006207396275984,0.0993792603724016
t240,0.9006849816344913,0.09931501836550875
t262,0.8991311057995297,0.10086889420047031
t266,0.8991311057995297,0.10086889420047031
t282,0.9009775551491286,0.09902244485087144
