accepted_species,estimate
t6,-0.02620185
t84,-0.05573298
t19,-0.5570081
t9,-0.5570081
t67,-0.5361262
t30,0.2767735
t91,0.33751494
t96,-0.32712233
t60,0.6619621
t46,0.30199668
