accepted_species,estimate
t78,-0.12869039308404184
t79,-0.12869039308404184
t91,-0.12869039308404184
t92,-0.12869039308404184
t76,-0.19419711994911987
t77,-0.19419711994911987
t16,-0.19419711994911987
t49,-0.21334702352634918
t80,-0.21804177446982853
t83,-0.21835488258001973
