"","Alpha","Theta"
"1",1.16661890038563,4.22987036406994
