accepted_species,0,1
t40,0.9390907,0.06090924
t79,0.9390907,0.06090924
t96,0.9390907,0.06090924
t97,0.9390907,0.06090924
t115,0.9390907,0.06090924
t120,0.9390907,0.06090924
t125,0.9390907,0.06090924
t158,0.9390907,0.06090924
t166,0.9390907,0.06090924
t167,0.9390907,0.06090924
