accepted_species,0,1
Cynanchum_laeve,0.25759122550072855,0.7424087744992715
Apocynum_androsaemifolium,0.6989462584967387,0.3010537415032612
Asclepias_asperula,0.1406824684779897,0.8593175315220103
Asclepias_incarnata,0.12998498790249036,0.8700150120975096
Asclepias_stenophylla,0.14039370799070205,0.859606292009298
Asclepias_sullivantii,0.13029653129642782,0.8697034687035722
Asclepias_viridiflora,0.13868436214330215,0.8613156378566978
Asclepias_viridis,0.13588358965160474,0.8641164103483953
Cynanchum_viminale,0.25691645875542035,0.7430835412445796
Periploca_laevigata,0.6723194300555398,0.32768056994446015
