"accepted_species","0","1"
"t20","0.17828625636569","0.82171374363431"
"t64","0.243282054728836","0.756717945271164"
"t24","0.668847573623818","0.331152426376182"
"t46","0.965540392497857","0.0344596075021427"
"t36","0.832425587310134","0.167574412689866"
"t95","0.00817935659603513","0.991820643403965"
"t17","0.952853828851025","0.0471461711489751"
"t18","0.415763151446912","0.584236848553088"
"t2","0.538938709192816","0.461061290807184"
"t11","0.752658488673771","0.247341511326229"
