accepted_species,0,1
t58,0.5040516296091226,0.49594837039087736
t84,0.5128664618381062,0.48713353816189375
t92,0.49846736047462403,0.501532639525376
t42,0.6631642201863384,0.3368357798136616
t49,0.8608372794132938,0.13916272058670617
t31,0.7703700398999096,0.2296299601000904
t24,0.7743269167154818,0.22567308328451813
t95,0.773846918446778,0.22615308155322203
t2,0.7195767852866761,0.2804232147133239
t11,0.5121680175033476,0.4878319824966523
