"accepted_species","0","1"
"Vincetoxicum_himalaicum",0.888876635848357,0.111123364151643
"Philibertia_longistyla",0.888876635848357,0.111123364151643
"Ruehssia_cundurango",0.888876635848356,0.111123364151644
"Ceropegia_trichantha",0.888876635848357,0.111123364151643
"Ceropegia_cyperifolia",0.888876635848357,0.111123364151643
"Ceropegia_africana",0.888876635848357,0.111123364151643
"Ditassa_conceptionis",0.888876635848357,0.111123364151643
"Matelea_herbacea",0.888876635848357,0.111123364151643
"Pachycarpus_richardsiae",0.888876635848357,0.111123364151643
"Dischidia_cornuta",0.888876635848356,0.111123364151644
