accepted_species,0,1
Vincetoxicum_himalaicum,0.50307226,0.49692777
Philibertia_longistyla,0.43575627,0.56424373
Ruehssia_cundurango,0.96329373,0.03670628
Ceropegia_trichantha,0.96329373,0.03670628
Ceropegia_cyperifolia,0.9373585,0.06264153
Ceropegia_africana,0.9373585,0.06264153
Ditassa_conceptionis,0.50307226,0.49692777
Matelea_herbacea,0.9373585,0.06264153
Pachycarpus_richardsiae,0.6312383,0.36876172
Dischidia_cornuta,0.96329373,0.03670628
