accepted_species,estimate
t85,-0.041626614
t50,-0.20938756
t72,-0.041626614
t9,-0.13578004
t79,0.39869514
t128,0.16447666
t18,-0.06927618
t131,-0.010448987
t63,-0.07780018
t41,0.030519323
t62,-0.21686319
t59,0.42368
t78,0.33278722
