accepted_species,estimate
t85,-0.17870605
t50,-0.81613684
t72,-0.7396889
t9,0.27033263
t79,0.6786683
t128,0.17739053
t18,-0.10877176
t131,0.05529721
t63,-0.230005
t41,0.09916048
t62,0.24310188
t59,-0.23996145
t78,-0.71564955
