accepted_species,0,1
t40,0.8144456,0.18555439
t42,0.8101952,0.1898048
t73,0.7715678,0.22843215
t91,0.73601943,0.26398057
t106,0.79255193,0.20744808
t116,0.7767651,0.22323489
t136,0.7949125,0.20508747
t148,0.78518456,0.21481545
t153,0.70407957,0.29592043
t154,0.70407957,0.29592043
