accepted_species,0,1
t40,0.7638335,0.23616646
t42,0.73393404,0.26606598
t73,0.7638335,0.23616646
t91,0.7098347,0.29016533
t106,0.7461089,0.25389114
t116,0.7098347,0.29016533
t136,0.7638335,0.23616646
t148,0.7098347,0.29016533
t153,0.7638335,0.23616646
t154,0.7638335,0.23616646
