accepted_species,0,1
t40,0.9290749,0.070925124
t42,0.81529766,0.18470234
t73,0.8518094,0.14819065
t91,0.6910838,0.3089162
t106,0.88068783,0.119312175
t116,0.34540588,0.6545941
t136,0.35837275,0.64162725
t148,0.78609955,0.21390046
t153,0.27518928,0.7248107
t154,0.27518928,0.7248107
