accepted_species,0,1
t50,0.4242735569553193,0.5757264430446807
t35,0.35729937689314495,0.642700623106855
t59,0.29392185445284225,0.7060781455471578
t27,0.7570876697812273,0.24291233021877268
t80,0.7330247102612033,0.26697528973879664
t71,0.5528533750290607,0.4471466249709392
t63,0.778990843002243,0.221009156997757
t91,0.5057434821169006,0.49425651788309943
t31,0.5704738810581457,0.42952611894185433
t18,0.5693928368797563,0.4306071631202438
