accepted_species,0,1
t102,0.23853832823251508,0.7614616717674849
t104,0.2990405895364774,0.7009594104635226
t121,0.23886392858629824,0.7611360714137018
t144,0.2386648369803127,0.7613351630196873
t158,0.23825739865726558,0.7617426013427344
t159,0.23822129898632527,0.7617787010136747
t177,0.23770455347844321,0.7622954465215568
t188,0.23869000338605795,0.761309996613942
t203,0.23791899661282934,0.7620810033871707
t204,0.2379912905862117,0.7620087094137883
