"accepted_species","estimate"
"t3",0.334601627584353
"t41",0.305345247729075
"t96",0.295276562568133
"t22",0.313501306842654
"t15",0.328165867976633
"t26",0.366424580093754
"t19",0.290956699039526
"t28",0.0754563300889312
"t100",0.0641040807464609
"t23",-2.02503177894577
