accepted_species,0,1
Notopleura_macrophylla,0.9000104923917074,0.09998950760829263
Morinda_angolensis,0.9000158408178883,0.09998415918211163
Oxyceros_kesslerianus,0.9001448569697811,0.09985514303021895
Forsteronia_australis,0.899558522295291,0.100441477704709
Marsdenia_oreophila,0.8995398341360077,0.10046016586399227
Rondeletia_linearisepala,0.9003941146499364,0.09960588535006361
Ixora_auriculata,0.9004033488291605,0.09959665117083945
Ixora_hainanensis,0.9004033488291605,0.09959665117083945
Matelea_kirkbridei,0.8995182137782138,0.10048178622178615
Damnacanthus_guangxiensis,0.9000158408178883,0.09998415918211163
