accepted_species,0
t44,
t45,
t81,-0.798228148199007
t79,-0.798228148199007
t21,
t56,
t57,
t31,
t63,
t72,
