accepted_species,estimate
t44,-0.7978156
t45,-0.7978156
t81,-0.7978156
t79,-0.7978156
t21,-0.7978156
t56,-0.7978156
t57,-0.7978156
t31,-0.7978156
t63,-0.79748046
t72,-0.79748046
