"accepted_species","estimate"
"t53",1.57764205142268
"t55",1.41481336338414
"t46",1.41481336338414
"t76",0.60484225765043
"t100",0.457668364312715
"t45",0.533847585414404
"t79",0.620260032935145
"t82",0.666337300778578
"t69",0.738683533866639
"t34",0.585691476463594
