accepted_species,estimate
t30,0.6152943
t22,-1.2741151
t97,-1.2802596
t48,0.48238108
t42,0.028339013
t33,0.29442966
t47,0.3121067
t24,0.4926625
t31,1.6532447
t87,-0.17343408
