accepted_species,0
t62,0.589885164321859
t48,
t75,1.05391359842841
t13,
t35,
t44,
t28,
t87,0.5406017859382484
t96,-0.152097105966974
t2,
