accepted_species,0,1
t18,0.03554047999800636,0.9644595200019936
t99,0.8955016013670885,0.1044983986329115
t44,0.9014687421603576,0.09853125783964241
t20,0.6467736786515959,0.3532263213484042
t47,0.6859027357310014,0.31409726426899864
t48,0.6045702398284065,0.3954297601715934
t96,0.6008715006059544,0.3991284993940456
t36,0.27679658804838936,0.7232034119516106
t76,0.2987950418357397,0.7012049581642603
t31,0.3787068351440036,0.6212931648559964
