accepted_species,0,1
t7,0.99798304,0.002016955
t48,0.99798304,0.002016955
t35,0.9962235,0.0037764718
t51,0.99798304,0.002016955
t39,0.9962235,0.0037764718
t12,0.99798304,0.002016955
t10,0.99798304,0.002016955
t97,0.17972052,0.8202795
t98,0.37228262,0.6277174
t33,0.99798304,0.002016955
