accepted_species,0
t242,-0.167184812941842
t181,
t236,
t61,
t91,
t128,
t206,
t203,
t85,
t60,
t112,-0.067118564749091
t107,
t133,
t154,
t42,
t152,
t209,
t193,
t14,
t186,
t100,
t138,
t103,
t189,
t215,
t180,
