accepted_species,estimate
t242,-0.22193441
t181,0.013487614
t236,-0.06770493
t61,-0.09283292
t91,0.04779063
t128,-0.1995339
t206,-0.17262876
t203,-0.2765259
t85,0.043283325
t60,0.21631184
t112,0.11053687
t107,0.08114371
t133,-0.48364255
t154,-0.12324109
t42,-0.052452564
t152,0.60447836
t209,-0.027659679
t193,-0.056301698
t14,-0.36134925
t186,0.12452489
t100,-0.334097
t138,0.11120853
t103,0.10499092
t189,0.5124806
t215,-0.34948358
t180,-0.21869309
