"accepted_species","0","1"
"t77",0.913115393999393,0.0868846060006071
"t37",0.888913275251745,0.111086724748255
"t78",0.956848703873029,0.0431512961269709
"t50",0.916014667439448,0.0839853325605522
"t89",0.98387590154815,0.0161240984518502
"t93",0.986789881689003,0.0132101183109973
"t81",0.0354492360651951,0.964550763934805
"t10",0.431526439445441,0.56847356055456
"t13",0.80869283818076,0.19130716181924
"t59",0.937082503329868,0.0629174966701324
