accepted_species,0,1
t77,0.6649486947845271,0.33505130521547294
t37,0.6270506216030395,0.3729493783969605
t78,0.617087758011491,0.38291224198850904
t50,0.5020154561815561,0.4979845438184439
t89,0.12612772793857574,0.8738722720614243
t93,0.5373905953420148,0.4626094046579851
t81,0.4765905051634085,0.5234094948365915
t10,0.6464845663636113,0.3535154336363887
t13,0.834747817887048,0.16525218211295203
t59,0.841011926702306,0.15898807329769407
