accepted_species,0,1
t96,0.15813039262559236,0.8418696073744076
t2,0.6505950317796227,0.3494049682203772
t82,0.7812130665519113,0.21878693344808872
t83,0.7812130665519113,0.21878693344808872
t52,0.19612479840787356,0.8038752015921264
t28,0.823043164281406,0.17695683571859402
t98,0.8263480934975591,0.17365190650244083
t4,0.2553100059346737,0.7446899940653263
t90,0.8009978430885398,0.19900215691146023
t74,0.5470382963212089,0.45296170367879107
