accepted_species,estimate
Asclepias_albicans,-0.29575990509807437
Asclepias_fascicularis,-0.29829486549348844
Calotropis_gigantea,-0.2783571657818159
Exostema_caribaeum,-0.29113973255912445
Gardenia_jasminoides,1.08310546987717
Guettarda_odorata,-0.3109502986951584
Palicourea_faxlucens,0.6497267785753793
Palicourea_guianensis,0.648892636387125
Tarenna_mollissima,1.0061598314989808
Timonius_wallichianus,-0.32836489940500785
