accepted_species,0
Alibertia_edulis,0.011627336021919414
Coffea_canephora,0.6784075910222837
Coffea_liberica,0.6784075910222837
Coprosma_foetidissima,-0.3524654912992274
Faramea_occidentalis,-0.05975286692607995
Gentiana_scabra,-0.05975286692607995
Gentiana_triflora,-0.05975286692607995
Gentiana_utriculosa,-0.05975286692607995
Lacmellea_panamensis,-0.05975286692607995
Psychotria_serpens,-0.05975286692607995
