accepted_species,0,1
Hedyotis_marginata,0.9002111707732285,0.09978882922677146
Palicourea_ernestii,0.9002602386656848,0.0997397613343152
Galium_spathulatum,0.9002185498496936,0.09978145015030641
Galium_×_fictum,0.9002185498496936,0.09978145015030641
Coprosma_fowerakeri,0.9001844686827323,0.09981553131726771
Faramea_frondosa,0.9001535365100758,0.09984646348992421
Ancylobothrys_pyriformis,0.8999268415908064,0.10007315840919367
Exostema_nitens,0.898888114301733,0.10111188569826705
Anthorrhiza_mitis,0.8995165154293375,0.10048348457066245
Secondatia_duckei,0.9002336529849602,0.09976634701503981
