accepted_species,0,1
t74,0.12611981608187106,0.8738801839181289
t168,0.12272023530221177,0.8772797646977882
t171,0.09501310771988158,0.9049868922801184
t177,0.07038709317812653,0.9296129068218735
t186,0.18983499721318198,0.810165002786818
t190,0.18488133562297204,0.815118664377028
t198,0.12276113142012257,0.8772388685798774
t201,0.10926383809566731,0.8907361619043327
t227,0.09199916461531077,0.9080008353846892
t229,0.10805382041537426,0.8919461795846257
