accepted_species,0,1
t74,0.14251481654248843,0.8574851834575116
t168,0.12972273647091193,0.8702772635290881
t171,0.2563500799958729,0.7436499200041271
t177,0.028327045955882424,0.9716729540441176
t186,0.24640856796893051,0.7535914320310695
t190,0.14344002514088672,0.8565599748591133
t198,0.15024422320774355,0.8497557767922564
t201,0.16886674102474075,0.8311332589752592
t227,0.2703305809566896,0.7296694190433104
t229,0.036456629555776,0.963543370444224
