accepted_species,0,1
t14,0.8761798210069008,0.12382017899309919
t17,0.8601635129002064,0.13983648709979354
t35,0.8550162113523245,0.14498378864767542
t37,0.8467478419163941,0.15325215808360587
t46,0.7723430933009583,0.22765690669904176
t49,0.7177878077624072,0.28221219223759275
t65,0.6927193397221593,0.30728066027784073
t70,0.4693351946073361,0.5306648053926639
t73,0.7936839956460842,0.20631600435391587
t111,0.7902447230017635,0.20975527699823646
t121,0.7596886227114438,0.24031137728855625
t126,0.5206639247019496,0.4793360752980505
t127,0.718525400931513,0.2814745990684871
t128,0.7884609517493911,0.21153904825060887
t142,0.7745993801813472,0.2254006198186528
