accepted_species,estimate
t133,-0.35663328
t143,-0.87300044
t135,-0.7322703
t154,-1.2770927
t155,-1.2770927
t148,-0.5169312
t186,0.57843226
t137,0.031900827
t115,-0.10553713
t103,0.009198639
t119,-0.36521035
t84,0.41077977
t85,0.41077977
t112,-0.10335622
t100,-0.03622978
t117,0.76617706
t145,-0.6615612
t80,0.2128838
t25,0.0049572093
t32,3.5738783e-05
