accepted_species,estimate
Asclepias_albicans,-0.359757552415713
Asclepias_erosa,-0.359757552415713
Asclepias_incarnata,-0.36091357570097504
Asclepias_oenotheroides,-0.359757552415713
Asclepias_ovalifolia,-0.359757552415713
Asclepias_subulata,-0.359757552415713
Asclepias_verticillata,-0.36091357570097504
Asclepias_vestita,-0.359757552415713
Cynanchum_acutum,-0.3440260032953043
Mandevilla_benthamii,0.045385402691417547
