accepted_species,estimate
t88,0.12624790764637034
t70,0.07519797755509505
t55,0.24226794368662746
t93,0.16667254164762316
t52,0.8304603513713897
t73,0.9225467806047296
t80,0.9241796100727981
t81,0.8941702611569289
t20,0.7157551685713397
t13,0.3178159428423475
