accepted_species,estimate
t88,-1.4728659
t70,0.10412367
t55,0.32414126
t93,0.243438
t52,0.076580875
t73,1.8023853
t80,0.9620736
t81,0.9620736
t20,1.449584
t13,-1.1799098
