accepted_species,0,1
t4,0.9242630138327799,0.07573698616722015
t13,0.9267158663193951,0.0732841336806049
t19,0.9239023517675305,0.07609764823246944
t24,0.9274345887397435,0.07256541126025645
t27,0.9267734448671697,0.07322655513283026
t36,0.9267542951271186,0.07324570487288139
t58,0.9267961363504087,0.07320386364959128
t61,0.9210775392279456,0.0789224607720544
t94,0.9267964436626243,0.07320355633737578
t99,0.9267923989436537,0.07320760105634623
