accepted_species,estimate
t82,-0.28203976
t21,-1.2618014
t78,-0.30409557
t73,-0.33156824
t59,-2.2353816
t13,-0.82350117
t77,-0.716875
t89,-0.716875
t46,-0.716875
t10,-1.024587
