accepted_species,0,1
t82,0.02991692353323061,0.9700830764667694
t56,0.04612022069894073,0.9538797793010593
t98,0.04668450849712913,0.9533154915028709
t33,0.04831780056081714,0.9516821994391829
t37,0.026410842180944027,0.973589157819056
t12,0.026713853768558726,0.9732861462314413
t1,0.02629855122340352,0.9737014487765965
t71,0.025413881601389687,0.9745861183986103
t6,0.04934157065976652,0.9506584293402335
t100,0.02867577444630931,0.9713242255536907
