accepted_species,0,1
Diodia_virginiana,0.46645164,0.53354836
Edrastima_uniflora,0.40317523,0.59682477
Stenaria_nigricans,0.42891026,0.57108974
Kohautia_caespitosa,0.41833675,0.58166325
Kohautia_tenuis,0.4664067,0.5335933
Richardia_humistrata,0.4987967,0.5012033
Richardia_stellaris,0.46645164,0.53354836
Spermacoce_quadrisulcata,0.46645164,0.53354836
Spermacoce_radiata,0.46645164,0.53354836
Spermacoce_stachydea,0.46645164,0.53354836
