accepted_species,0,1
t45,0.3258813255033902,0.6741186744966098
t46,0.3258813255033902,0.6741186744966098
t63,0.3258861585579872,0.6741138414420128
t69,0.3258838199262989,0.6741161800737011
t70,0.3258861585579872,0.6741138414420128
t78,0.3258861585579872,0.6741138414420128
t79,0.3258861585579872,0.6741138414420128
t86,0.32587523202668944,0.6741247679733106
t124,0.3258838199262989,0.6741161800737011
t125,0.3258838199262989,0.6741161800737011
