accepted_species,0,1
t45,0.6198769736909451,0.38012302630905487
t46,0.6217189155312057,0.3782810844687943
t63,0.6164625804373365,0.3835374195626635
t69,0.6223567583502033,0.3776432416497967
t70,0.6166124174561923,0.38338758254380767
t78,0.6174718005382981,0.3825281994617019
t79,0.6173038540353901,0.3826961459646098
t86,0.615787102938983,0.38421289706101697
t124,0.6222879811658126,0.37771201883418737
t125,0.6222773436975382,0.37772265630246177
