accepted_species,0,1
t55,0.22700933535543577,0.7729906646445642
t64,0.21961095047182677,0.7803890495281732
t111,0.21988627979899256,0.7801137202010074
t116,0.21798644091338237,0.7820135590866176
t117,0.2179488791257096,0.7820511208742904
t130,0.23458499519754328,0.7654150048024567
t131,0.21458065935209525,0.7854193406479048
t132,0.2129520610598471,0.7870479389401529
t168,0.21173881070605827,0.7882611892939417
t169,0.2120093136613489,0.7879906863386511
