accepted_species,0,1
t55,0.23093126386369944,0.7690687361363006
t64,0.22943552528336797,0.770564474716632
t111,0.22862735808525536,0.7713726419147446
t116,0.22608944402150055,0.7739105559784994
t117,0.2270082484165593,0.7729917515834407
t130,0.22624372203490728,0.7737562779650927
t131,0.2272841352381536,0.7727158647618464
t132,0.2288394028193157,0.7711605971806843
t168,0.2269571390534192,0.7730428609465808
t169,0.2273351726198375,0.7726648273801625
