accepted_species,0,1
t13,0.5085776,0.4914224
t15,0.52671343,0.47328657
t16,0.5085776,0.4914224
t17,0.558756,0.44124404
t22,0.558756,0.44124404
t27,0.7995583,0.20044172
t28,0.558756,0.44124404
t44,0.78766274,0.21233727
t53,0.7995583,0.20044172
t56,0.7995583,0.20044172
t66,0.7995583,0.20044172
t74,0.7995583,0.20044172
t84,0.7995583,0.20044172
t85,0.7995583,0.20044172
t102,0.7995583,0.20044172
t145,0.7995583,0.20044172
t154,0.7995583,0.20044172
