accepted_species,estimate
t25,-1.368019359506574
t26,-1.1362587033313298
t31,-1.1358870295773518
t75,-1.1979495963079394
t86,-1.157097760802266
t91,-1.1570959540245918
t92,-1.161192521059538
t33,-1.1725491199138125
t43,-1.3429629149980522
t44,-1.207535378452731
