"","V_1","V_2","V_3","V_4","V_5","V_6","V_7","V_8","V_9","V_10","V_11","V_12","V_13","V_14","V_15","V_16","V_17","V_18","V_19","V_20","V_21","V_22","V_23","V_24","V_25","V_26","V_27","V_28","V_29","V_30","V_31","V_32","V_33","V_34","V_35","V_36","V_37","V_38","V_39","V_40","V_41","V_42","V_43","V_44","V_45","V_46","V_47","V_48","V_49","V_50","V_51","V_52","V_53","V_54","V_55","V_56","V_57","V_58","V_59","V_60","V_61","V_62","V_63","V_64","V_65","V_66","V_67","V_68","V_69","V_70","V_71","V_72","V_73","V_74","V_75","V_76","V_77","V_78","V_79","V_80","V_81","V_82","V_83","V_84","V_85","V_86","V_87","V_88","V_89"
"t19",-0.0925281003263002,0.0170776119646916,0.0127592322947481,-0.0873151571522053,0.0565021382744935,-0.00084067676202565,0.0478396044193019,-0.0711289991950747,0.0796961947228954,-0.150139213337109,0.0202411760440255,-0.00897542776336652,0.00356567295814837,-0.963715338532298,-0.00959428759015229,0.00267965658154671,-0.00709841710361265,0.00335543828434147,-0.00805342397239725,0.0565196676435957,-0.000677469406820963,0.00438910885378579,-0.00147890642316991,0.00022912331022003,-0.00326437551734318,2.13974376006695e-05,-0.000600021332636589,0.00143854937441178,-2.00670681889653e-17,-0.00385932414233673,4.63544749162999e-05,0.00102795092481237,-0.000294331653576734,-0.00159847073495473,0.00174219028525622,-0.00394040255336291,-0.00038653258709352,4.40636505249937e-17,-0.00830936416752165,0.00012844526847269,0.000494175089699435,-0.000371311515854344,-3.14687378255478e-13,-6.45783672043655e-05,-7.07383786108786e-06,1.59380541627747e-17,-0.000194005255672574,7.64488886846741e-05,5.68142911488408e-17,3.60728920441802e-06,0.000568984185151715,-0.00141148991765047,5.57822010705643e-05,2.15400775753691e-07,-8.75396509816481e-18,2.59755421201969e-17,-6.0681446288921e-05,-5.61616725347491e-17,4.55884854928241e-17,7.62973164173543e-05,1.54172936470072e-05,2.69790975356382e-05,-0.000108160401270601,-5.10238186119878e-05,-5.64252631280174e-17,1.37569737191866e-18,2.12284034447419e-05,-5.78395676718848e-17,8.65151003633645e-19,-4.34047216130726e-06,1.21528122869416e-18,-2.803468697882e-18,-8.57733129774617e-17,8.05692694100605e-18,1.74917763442812e-17,1.00005660350289e-05,6.50232257549393e-17,-4.20668567687858e-05,-1.77426741449117e-16,2.47079308830716e-17,1.47125002720357e-16,1.70224164341701e-17,2.17763182222734e-06,-1.34258633326122e-17,1.32269859599362e-16,-8.9100392748008e-18,1.07805359629784e-16,-1.67238816254045e-16,1.7890050292244e-15
"t13",-0.111919333281058,0.0215972906985115,0.0513183381827367,-0.437390921602779,-0.0854747626950026,0.00122533127985929,-0.0371687315826453,0.0443342440291738,-0.0292606678748681,0.044600076023641,-0.00330221956811485,0.00121793904973164,-0.000203901241491215,0.0367542865844258,0.000150447905611835,0.0001004711890745,-0.00037600712292835,0.000179219415229375,-0.000485317812683204,0.00396889316073846,-5.71197327941864e-05,0.000390081163230954,-0.00012122352667041,1.3661172748568e-05,-7.59359295903798e-05,1.10060613529847e-07,8.06883665195243e-06,-4.21140324783193e-05,1.84034740963418e-16,0.000522201802774533,-9.26608270125675e-06,-0.000371832815058291,0.00013583271984906,0.000730808051166536,-0.000978415529943656,0.00644289380996078,0.000732155762036961,-7.84116807971115e-15,0.837367426571411,0.000360932106205436,0.00135429014402399,-0.000800295410060673,-6.33324119086975e-13,-9.67383348563017e-05,-9.2900880732831e-06,4.20627566518015e-18,-0.000207202251090577,7.70963389646483e-05,-6.99129917627816e-16,3.81788249450361e-06,0.00263701735523164,-0.256582949745583,2.77786272816785e-05,1.16752730538012e-07,-1.62964190546449e-17,-4.66095281081786e-18,-3.23121962118369e-05,2.35142052927938e-16,-7.6664392453091e-17,3.93799464258151e-05,7.95542303812394e-06,1.39196263152423e-05,-5.56233813047044e-05,-2.58661434687991e-05,1.49058987941459e-16,-5.1454051196503e-17,1.05904186293158e-05,-4.03441449302517e-17,-8.23154072079958e-17,-2.13948636319436e-06,-5.20644350120286e-17,8.73349568801441e-17,-4.65008723951204e-17,5.43268236447026e-17,4.94444206476187e-17,4.75302243919472e-06,5.32225134606064e-16,-1.83102899292698e-05,-2.93318176695672e-16,-6.54887782703585e-17,4.02466164744131e-17,7.47436917607282e-17,1.0135973815337e-06,-1.79969184587528e-17,-4.06824346932455e-17,-9.95268723351484e-17,1.6592486888589e-16,-7.50526985613205e-17,1.72914326098248e-15
"t76",-0.113782599951872,0.0220485603259573,0.0540582406677635,-0.461930031307618,-0.0936810432957471,0.00134984601791131,-0.0416710724009475,0.0501280989599139,-0.0338087633688726,0.0522571728685632,-0.00399326835559421,0.00148705411602644,-0.00025892119725615,0.0473160954057323,0.000197531232793164,0.000142188065424699,-0.000552639898281102,0.000263748873760368,-0.000730208022187267,0.00654574247743683,-9.86488512021382e-05,0.000852984028797543,-0.00032740128146224,5.91662966990755e-05,-0.000962168601006577,6.62212158497935e-06,-0.000194021885377975,0.000481144681332197,1.63397726002686e-16,-0.00144016266378838,2.02111091971821e-05,0.000534805449899463,-0.000167775012704357,-0.000863562916001133,0.00107897875019199,-0.00431868661487354,-0.000482350902691608,3.44706440609981e-15,-0.38612177072216,-0.000117318213283343,-0.000418253365503361,0.000226121739794765,1.70639039741954e-13,1.65779918901177e-05,1.1405590983611e-06,-2.13503957945103e-16,2.09576887518038e-06,3.41348011222134e-06,-4.24897776489242e-17,1.29555388072703e-06,0.00267854114155117,-0.301380158136251,-7.45925988271009e-06,-4.03339980368582e-09,-2.5285236496481e-16,4.0503335540801e-16,-4.20989991522497e-06,1.30183620000404e-16,1.39530303731142e-16,7.84503177508595e-06,1.58875403472525e-06,2.78325252540185e-06,-1.14683146741217e-05,-6.01968031270831e-06,1.648385332202e-16,-1.01911274467035e-16,2.76716697496685e-06,1.08052032062532e-16,-1.99704762067888e-16,-6.0421911279189e-07,-3.57763714917555e-16,-4.1667738294308e-17,-1.20161037695985e-16,3.90393256177417e-16,8.63997020030098e-16,1.65168236995207e-06,2.9038534709546e-15,-6.69324499376754e-06,0.707106781186548,2.84853971281381e-15,1.99159094255431e-15,-4.0341383641973e-16,3.92702516035311e-07,-4.71709114038175e-16,1.37985372756368e-15,1.99940352455407e-16,6.2765624296218e-16,-2.44346620179023e-16,1.26453111725457e-15
"t77",-0.113782599951872,0.0220485603259573,0.0540582406677633,-0.461930031307619,-0.0936810432957472,0.00134984601791125,-0.0416710724009476,0.0501280989599139,-0.033808763368873,0.0522571728685627,-0.00399326835559402,0.00148705411602652,-0.00025892119725622,0.0473160954057325,0.000197531232793196,0.00014218806542481,-0.000552639898280717,0.000263748873760266,-0.000730208022187113,0.00654574247743681,-9.86488512021854e-05,0.000852984028797596,-0.000327401281462176,5.91662966989705e-05,-0.000962168601006775,6.62212158526086e-06,-0.000194021885378532,0.000481144681332113,-1.02089016970692e-16,-0.00144016266378846,2.0211109197174e-05,0.000534805449899463,-0.000167775012704251,-0.000863562916000824,0.00107897875019223,-0.00431868661487343,-0.000482350902690627,3.8098574407471e-15,-0.386121770722161,-0.000117318213283421,-0.000418253365503389,0.000226121739794579,1.70373087751827e-13,1.65779918898776e-05,1.14055909818935e-06,-7.87263017933323e-17,2.09576887524762e-06,3.4134801129766e-06,-1.9902429050935e-16,1.29555388040588e-06,0.00267854114155076,-0.301380158136251,-7.45925988290736e-06,-4.03340001839581e-09,2.85819405147017e-17,-6.96176883126674e-16,-4.20989991521673e-06,-1.75500198200803e-16,-2.79194075928092e-16,7.84503177597579e-06,1.58875403456248e-06,2.78325252516792e-06,-1.14683146743295e-05,-6.01968031277436e-06,7.80064757132991e-17,4.05452026924042e-17,2.76716697475697e-06,-1.13879783844343e-16,1.86639681761679e-16,-6.04219112321973e-07,2.34585093106866e-16,9.23214612466964e-17,-5.9934077029894e-17,-3.85529369550742e-16,-8.17364760780755e-16,1.65168237328029e-06,-3.58109993289742e-15,-6.69324498096264e-06,-0.707106781186547,-2.98951022059569e-15,-1.63548613239418e-15,3.5200225388266e-16,3.92702511726164e-07,5.88513783315582e-16,-2.46637406249924e-16,-2.57880469930631e-16,-4.53244671914831e-16,-3.54831377734031e-17,2.25887033150948e-15
"t24",-0.112902399322562,0.0218355032508801,0.0527700836394484,-0.450396963044579,-0.0898427226747667,0.00129164463767764,-0.0395712165459605,0.0474287461388253,-0.0316954391601582,0.0487052181746697,-0.0036739025361859,0.00136282245914406,-0.00023363530894986,0.0424695031016844,0.000175972042037657,0.000123235162318416,-0.000472691677076486,0.000225493608308729,-0.000619614382936069,0.00539171799642135,-8.01232965517039e-05,0.000650094905340797,-0.000238173076041796,3.98711990795001e-05,-0.000594721495275096,3.94691329059519e-06,-0.000111715307854542,0.000269483928001468,-1.97341239794328e-16,-0.000678238774957804,8.92847004738184e-06,0.00019980609234698,-5.74818797217843e-05,-0.000287506543316595,0.00034226032681545,-0.000781213075006292,-8.46219562167908e-05,2.06969929196014e-16,-0.0206426564550708,9.23942796295153e-06,4.12340660131621e-05,-3.01006137364067e-05,-2.56861859642733e-14,-5.30263303060207e-06,-4.8848998052824e-07,4.01504433847542e-16,-1.5980854430674e-06,-3.29524507346815e-06,1.00651806678334e-15,-2.60856899771825e-06,-0.00751769900376008,0.867423632609613,4.75130435773644e-05,1.2529886137557e-07,2.40352699008587e-16,2.97514041874422e-16,-2.60592135145199e-05,-4.069070277978e-16,2.36672046336123e-16,2.98240743132071e-05,6.02306126853527e-06,1.05369152599982e-05,-4.19443415491659e-05,-1.92458113879894e-05,-8.33918210480496e-17,8.58318299895149e-17,7.80605415551019e-06,-1.08684786231471e-16,8.20292448955521e-17,-1.57065124023724e-06,1.70610591079069e-16,-1.37176662986291e-16,9.41301670367503e-17,-8.91065245616886e-17,4.06169255117135e-17,3.49014511855347e-06,4.07731092633728e-17,-1.34827746699261e-05,-5.18311939023303e-16,2.57524690613897e-16,-3.9715189755447e-17,6.95351954681441e-18,7.49828274637892e-07,-1.30616606625818e-16,2.52219264090364e-16,2.27772990327529e-17,1.01105583592732e-16,-3.15866319019968e-16,1.86519095082758e-15
"t10",0.0261071740496356,-0.140584939990244,-0.00207701063030402,0.0135376138308331,-0.00499524898504522,0.00075794499541984,-0.0421535472508952,-0.0115826596469574,6.88263769987874e-06,-0.00148416432987036,-0.0621979330251615,-0.0342211175021845,-0.00572752853587218,2.4341820591002e-05,3.77037557804279e-06,-0.0456273882555151,0.0114874576477354,0.0027036901093428,1.31727559029779e-05,-0.00025116458967589,0.000121761912945787,-0.00220988554935978,0.00137237987992174,-0.000611555430663054,0.899409971077966,0.0264485868130505,0.256748008618372,0.272188230684563,-2.32799666476433e-16,-0.000532514242359207,8.82888591493748e-05,0.00171417786220518,-0.000470572677441811,-0.000184994367935336,0.00274048009605287,-0.00100703355081648,-0.070923078502979,3.79672395090753e-16,-0.000802170670508043,2.19428053853322e-05,0.0649845603075987,-8.36057791415599e-06,-1.33367788643764e-14,-0.00743751548471837,-6.58321879480993e-06,1.1492126825594e-16,-0.0001818958551769,7.12664959730102e-05,-2.3799514189382e-16,3.27360746540736e-06,3.91535420975332e-05,-0.000105208044582139,4.91567464321957e-05,1.86599346211942e-07,-2.17860234697374e-17,1.89932895486616e-16,-0.00102006908659634,1.19703656922089e-16,-1.34475383340889e-17,0.00135284578765118,1.23844861344227e-05,0.000444266746232636,-0.00679565459419389,-4.06555418581328e-05,2.9737721213903e-16,-5.23111556749212e-17,0.00124450614685467,-1.94930604310431e-16,7.74545621329181e-17,-3.40562247268411e-06,-5.84390206635148e-18,5.92245660251978e-17,9.13650737143616e-17,-5.26872799724759e-17,3.34554476624563e-17,0.000519926433823107,-8.85561207329715e-17,-2.65940886854104e-06,-2.05145794648655e-16,1.19878986977226e-16,1.1515103129831e-16,1.59595824296864e-17,1.62701282706775e-06,-4.00345617982836e-17,3.4822780708909e-16,-6.87489468079362e-17,1.35110353291216e-16,-1.05148674750472e-16,1.77996359746857e-15
"t16",0.0286048055453031,-0.158025016771647,-0.00295647464112692,0.0197331683618513,-0.0116863532303524,0.00195004870504675,-0.169169836680782,-0.0649643466919581,-0.000529474742753833,0.0102899723945308,0.134824101106059,0.06086896236724,0.00614461291409471,-1.84458406558077e-05,-2.72339361173483e-06,0.04831793220972,0.00360529726219787,0.000772905701285589,9.13213115433242e-07,3.25388505995061e-06,-6.58118527193871e-07,-7.24302785452546e-05,6.39419518542773e-05,-3.12182606240288e-05,0.0360051498724934,0.000849781230356574,0.00589704208235851,0.00416198421964769,-5.83387721471108e-17,2.51326487387127e-05,-6.59573830747221e-06,-0.000266799927342104,9.50049776772049e-05,4.02926736116291e-05,-0.000672255155836847,0.000621069503328964,0.0455071324906933,-5.49629606327797e-16,0.0011917858584132,-0.000170555457544591,-0.949204538388823,-0.000310231766051688,-1.79385915706428e-13,-0.018939624081803,-1.21628473766188e-05,-7.67861563730954e-16,-0.000221626244879604,7.7059183186129e-05,3.82026512658163e-16,2.76530049361202e-06,3.09197174420267e-05,-8.27276413874131e-05,3.52147783882319e-05,1.25702500666556e-07,-3.09707405726494e-16,2.29041289776296e-17,-0.000626849496588388,2.48310484956455e-16,-7.44503111602032e-18,0.000841855395440872,7.74081320848954e-06,0.000278366462860159,-0.0119373588361762,-2.27598763447287e-05,-1.1424615308008e-16,-3.69108118321824e-16,0.0198042610347693,-5.93387219180431e-16,-2.64198864585364e-16,-1.83688968813994e-06,-1.22576531821586e-17,-1.2473559461607e-16,-6.89685897622707e-17,1.18625115223947e-16,-1.75366627226578e-16,0.00634386740887791,-9.08748648503612e-16,-1.38397702045278e-06,1.09819319974067e-16,1.65172044817214e-17,1.61979357505999e-16,-6.09516454556416e-17,8.39975619350804e-07,2.72536268024045e-16,2.58888423758334e-16,-9.62869709254018e-17,2.01501138438425e-17,-1.59488474964407e-16,1.7313142902758e-15
"t74",0.0296880072613272,-0.16557836842545,-0.00333406827762794,0.0223916434602164,-0.014541064159952,0.00245848240761975,-0.223336231463177,-0.0877423307088354,-0.000759195252209577,0.0153553920754812,0.221152318155239,0.1028975522985,0.011831762660292,-3.72862997925216e-05,-5.92195877500371e-06,0.145190956332743,0.0132563489799213,0.00286331790221136,3.88017533101831e-06,3.27345965064896e-05,-1.85497110256226e-05,0.000288663127066276,-0.000139915785783918,3.9599653788058e-05,-0.0312920691301097,-0.000654109931269013,-0.00410140747060504,-0.00269009886470111,1.78310702634844e-16,-1.14331083557462e-05,2.72206931946893e-06,8.97719930054823e-05,-2.93845242709525e-05,-1.2149864416347e-05,0.000194691697990267,-0.000131421622913241,-0.00951987342722951,2.38420650089332e-16,-0.000196135155104471,2.22303579849327e-05,0.11968403432866,3.69560861424633e-05,2.10139376140172e-14,0.00168646332085028,9.22812175440605e-07,2.03239903075454e-16,1.04327591631853e-05,-2.70361273126737e-06,2.72037331541492e-16,-4.36969178389487e-09,3.1907942928816e-07,-9.20444996513337e-07,1.06163416419968e-06,5.53364612129053e-09,1.4848950894994e-16,-8.89335393386768e-17,-3.79698459769204e-05,-8.25771512960704e-16,-6.86936259331141e-16,3.17415489988171e-05,2.87615124323432e-07,1.02659013064438e-05,-0.000342767158320741,1.34222953735157e-06,-1.75674471166934e-16,2.0375053102335e-14,-0.547941758372495,8.47497124406549e-15,2.88512669565957e-15,-8.56437664325049e-07,-6.64334687546758e-16,2.50511606711819e-16,6.70966546124105e-16,-9.68395458859889e-17,-6.81785928332469e-16,0.0740585093308236,0.707106781186548,-3.63132256865774e-07,-2.74708356511029e-15,-6.19663817248456e-15,-1.08651543471072e-15,9.25121369501707e-16,2.31767655810444e-07,7.81837794257611e-16,1.61050549783138e-16,-1.96010280089805e-16,-1.3821716322705e-16,-2.96900721388956e-16,1.85400404403857e-15
"t75",0.0296880072613272,-0.165578368425451,-0.00333406827762775,0.0223916434602165,-0.0145410641599519,0.00245848240761973,-0.223336231463178,-0.0877423307088352,-0.000759195252209628,0.0153553920754811,0.221152318155239,0.1028975522985,0.0118317626602919,-3.72862997925077e-05,-5.92195877496468e-06,0.145190956332744,0.0132563489799216,0.00286331790221138,3.88017533086739e-06,3.27345965068782e-05,-1.85497110255827e-05,0.000288663127066192,-0.000139915785783876,3.95996537881299e-05,-0.0312920691301099,-0.000654109931269073,-0.00410140747060488,-0.00269009886470149,-1.22666249861922e-17,-1.14331083556629e-05,2.72206931938024e-06,8.97719930053262e-05,-2.9384524270917e-05,-1.21498644162638e-05,0.000194691697989649,-0.000131421622912908,-0.00951987342722954,3.70010311366486e-17,-0.000196135155103805,2.22303579847771e-05,0.119684034328662,3.69560861428076e-05,2.08767688189752e-14,0.00168646332085044,9.22812175415994e-07,-1.30870817141568e-16,1.04327591632187e-05,-2.70361273108999e-06,-4.02016667622993e-17,-4.36969175161275e-09,3.19079429496327e-07,-9.2044499649252e-07,1.0616341642811e-06,5.53364603642375e-09,-5.6761351058775e-16,1.06838062693169e-15,-3.79698459769457e-05,-7.5799963555236e-16,-8.43797249335089e-17,3.17415489986561e-05,2.87615124547563e-07,1.02659013062237e-05,-0.000342767158321345,1.34222953720119e-06,-1.87399773559054e-16,2.08008951320574e-14,-0.547941758372496,8.43153653980744e-15,3.28093571219105e-15,-8.56437664143513e-07,6.83407530348229e-16,4.01295543809014e-16,-5.44969425449933e-16,1.7120022569569e-16,2.53783529003534e-16,0.0740585093308223,-0.707106781186548,-3.6313224467552e-07,3.51895174828846e-15,7.14683406204582e-15,9.77111519877018e-16,-8.22946602728338e-16,2.31767657073223e-07,-8.85998240970113e-16,1.5076335146634e-15,4.38510481743852e-16,3.15342425306273e-16,-6.78125497758882e-17,1.75513649137912e-15
"t88",0.0297488591847447,-0.166001939171688,-0.0033549660968893,0.0225386210812139,-0.0146965748525545,0.00248612471508671,-0.226261483951942,-0.0889685527872849,-0.000771464127592547,0.0156245759041716,0.225689907435225,0.1050994945705,0.0121259215555373,-3.82565850208239e-05,-6.08568673225729e-06,0.150042812729595,0.0137348065755717,0.00296691638199381,4.02637215218826e-06,3.41553738943956e-05,-1.94031992167163e-05,0.000305142826237267,-0.000148940930236586,4.25920906551884e-05,-0.0340021348409896,-0.000713534691610891,-0.00448970293807887,-0.00295265885481467,1.43135564918007e-16,-1.27320194643066e-05,3.04499191414957e-06,0.000101439222945574,-3.33498231831937e-05,-1.38080718669331e-05,0.00022174407428735,-0.000152359714905959,-0.0110439868195679,1.0403889983384e-16,-0.000230814525319478,2.65335200805676e-05,0.143138845639302,4.43505587851799e-05,2.49504432591922e-14,0.00205915374027854,1.13706113968935e-06,1.0946525599183e-16,1.31755539224607e-05,-3.45851897296315e-06,-2.14202796500929e-16,-5.87220504372817e-09,4.39732294563178e-07,-1.27094187593602e-06,1.55335553309044e-06,8.68175904001725e-09,1.83927096204036e-16,-4.05081673333294e-16,-8.06526493938664e-05,2.98810260914011e-16,2.01685342249296e-16,0.000165239836726837,1.52573477372434e-06,5.49812864955675e-05,-0.00249358902858989,-6.78837604605213e-06,2.37485839972316e-16,-1.54303982323378e-14,0.412465266793216,-6.1033796542377e-15,-3.00811904210114e-15,6.59099515437688e-08,6.17053767085719e-16,-1.4011064154474e-16,6.84460827546383e-16,-1.98636795952605e-16,-2.84179807793441e-15,0.35153620068936,4.58751907941342e-16,-1.07741883762381e-07,-1.51455364784733e-16,-9.66328590280063e-17,3.61428355980489e-16,-1.51641096621916e-15,1.22504146393059e-07,-6.73665263695127e-15,0.707106781186547,-1.03876952962865e-15,-3.16519974205258e-17,-8.31869427021971e-16,1.53356346551982e-15
"t89",0.0297488591847447,-0.166001939171688,-0.00335496609688925,0.0225386210812139,-0.0146965748525545,0.0024861247150867,-0.226261483951942,-0.0889685527872849,-0.000771464127592103,0.0156245759041716,0.225689907435224,0.1050994945705,0.012125921555537,-3.82565850208204e-05,-6.08568673222259e-06,0.150042812729595,0.0137348065755718,0.00296691638199385,4.02637215209112e-06,3.41553738944372e-05,-1.94031992168274e-05,0.000305142826237156,-0.000148940930236575,4.25920906549941e-05,-0.0340021348409893,-0.000713534691610798,-0.00448970293807894,-0.00295265885481459,-8.58289323080254e-17,-1.27320194640186e-05,3.04499191408411e-06,0.000101439222945574,-3.3349823183172e-05,-1.38080718669331e-05,0.000221744074287121,-0.000152359714906056,-0.0110439868195683,1.88067441050762e-17,-0.000230814525319589,2.65335200808035e-05,0.143138845639302,4.43505587850706e-05,2.4957461987365e-14,0.00205915374027877,1.13706113972551e-06,1.81619354914771e-16,1.31755539225786e-05,-3.458518972732e-06,1.91861288894851e-17,-5.87220489877034e-09,4.39732294892775e-07,-1.27094187585275e-06,1.55335553313337e-06,8.68175867904908e-09,2.56456854902756e-16,-5.50257436778512e-16,-8.06526493936327e-05,3.85495277789566e-16,3.51246809829954e-16,0.000165239836727152,1.52573477363294e-06,5.49812864955178e-05,-0.00249358902858991,-6.78837604546362e-06,3.90131479560999e-16,-1.53206824471169e-14,0.412465266793214,-6.50472472776469e-15,-2.38907111046528e-15,6.59099512977362e-08,-1.93832641884382e-16,-1.55826177162851e-16,4.28806115340243e-16,2.93920348954735e-16,-2.79978264025677e-15,0.35153620068936,-1.20693676318523e-15,-1.07741887072233e-07,1.34336201108439e-15,-7.87309563036404e-16,7.56100563561148e-16,1.31305156757216e-15,1.22504135315826e-07,6.76736902515629e-15,-0.707106781186548,7.46362103014571e-16,3.70683367445884e-16,1.49858522609195e-16,2.03484565363298e-15
"t73",0.0297115495983573,-0.165742349114505,-0.00334219799160131,0.0224488429565576,-0.0146019064411539,0.0024693047868235,-0.22448420169274,-0.0882240739163978,-0.000764028477598599,0.015461615203258,0.222949490632424,0.103770598210874,0.0119488822035155,-3.7673156237014e-05,-5.98736402469824e-06,0.147142294528387,0.0134493704785934,0.00290511630003014,3.93926149078183e-06,3.33125188119211e-05,-1.88978824887942e-05,0.000295466462854055,-0.000143670418907116,4.08584297817635e-05,-0.0324442093175683,-0.000679473589593335,-0.00426772333971341,-0.0028028587053732,-8.43734126593905e-17,-1.1998830845128e-05,2.86331155220946e-06,9.49227833945548e-05,-3.11420733017948e-05,-1.28857258564e-05,0.000206719967191668,-0.00014087537888147,-0.0102084154098672,6.52430870121287e-17,-0.000211988378074346,2.42197027571422e-05,0.130544090283422,4.03889539614191e-05,2.27709049645446e-14,0.00186173722253625,1.02423841174897e-06,2.77966971025885e-16,1.17535203466093e-05,-3.07021542790033e-06,-1.07038573281024e-16,-5.12158032596379e-09,3.80306608899206e-07,-1.09849457788358e-06,1.3187800856438e-06,7.23046114548974e-09,9.45492313318213e-17,-9.09952221195085e-17,-6.31622709113197e-05,-5.69696912025544e-17,1.99753078433958e-16,0.000119409570818262,1.10158731548822e-06,3.96792077910534e-05,-0.00177844644639463,-4.52870347601719e-06,5.2475920868466e-17,-9.44667221038026e-15,0.242613274296862,-3.65933259492619e-15,-4.21000806506011e-16,3.23293318505976e-08,-4.12466300705585e-16,-2.20531454585994e-16,-1.43213508888466e-15,-4.27593390030567e-16,6.17616231388025e-15,-0.86129779013815,8.69104054248842e-16,-5.46744323598122e-07,-1.90757611786581e-15,5.03542583226365e-16,-1.08787655147447e-15,2.92924729186346e-16,2.5251383971978e-07,-8.70690361463238e-17,2.00371145787703e-16,-2.00360801501923e-18,1.01093752077284e-16,2.98085815605867e-16,1.7691722766204e-15
"t48",0.0280648501693873,-0.154155478816411,-0.00272007838393824,0.0180417053763355,-0.00940105426566356,0.001530077948492,-0.119342802565526,-0.0428911002048969,-0.000275039385480569,0.00416873040469559,0.00718356719371938,-0.00533111580609985,-0.00560216190940798,2.46111085370568e-05,5.79753140156347e-06,-0.491517130841511,-0.0929775337507468,-0.0206889267608733,-5.23158312687524e-05,0.000338340160695824,-0.00012302830183206,0.000948691305459659,-0.000375474590077834,8.73345900689049e-05,-0.0598137941970321,-0.00119136540812439,-0.00716501211787268,-0.00455564236962841,-1.70362691928525e-16,-1.64124940832955e-05,3.70744844695181e-06,0.000107921070932486,-3.33021965327421e-05,-1.35127649743549e-05,0.000209904127142474,-0.00010421588455755,-0.00744243863507371,-2.39649650813738e-17,-0.000104154988488786,5.61997506447285e-06,0.0251316151522492,4.97198567661963e-06,1.98646588622141e-15,-0.000503553891746944,-5.31636434115599e-07,3.31565871851184e-17,-1.69975187965035e-05,6.78403653464957e-06,2.61205858744939e-16,2.96813110496359e-07,3.30509777210497e-06,-8.8224256009628e-06,3.09888400754424e-06,5.50847051912512e-09,-2.60267685438859e-16,9.23197813041552e-16,0.000209822608300572,3.41458883653716e-16,1.22733164114438e-15,-0.00537477008373751,-5.30037412498144e-05,-0.00197674206216947,0.832261506046878,-5.55034807762401e-05,-5.43627537281327e-16,-1.12460683422074e-15,0.00288400141600109,-5.96259447077682e-16,-1.50404192047546e-15,-2.14475082829292e-06,-2.86282613828121e-16,-1.4493025925977e-17,1.4908315030121e-16,-6.52433893080645e-17,3.41381800926406e-16,0.000693382655683875,-3.66988988410322e-16,-1.19849130144397e-06,-2.17189931018493e-16,3.29625107806642e-16,5.9567862170958e-16,6.04625248795913e-17,7.08988573455417e-07,-2.35761454796219e-16,2.51586663009199e-16,1.64686311587611e-17,-7.56102068124912e-18,-3.39328832308957e-16,1.81106116874532e-15
"t81",0.028176530478559,-0.154921711340963,-0.00275340654430979,0.0182733147820521,-0.00959902094279526,0.00156398296580229,-0.12243287622016,-0.0440777530311663,-0.000283870395079933,0.0043142566146174,0.00747853741588,-0.00555976031235633,-0.0058829259145599,2.5904646534658e-05,6.12215733719612e-06,-0.5251077313282,-0.0998716846284831,-0.0222269766616688,-5.6376289872262e-05,0.000368888211426985,-0.000134856715848945,0.0010640664987597,-0.000427747394553264,0.000101863093165351,-0.0714489275225495,-0.00143637346959986,-0.00871149633193891,-0.00557489182523935,9.02191105108273e-17,-2.08183314702737e-05,4.75679410459531e-06,0.000142135196782169,-4.43733939669115e-05,-1.80700511119708e-05,0.00028233488223306,-0.000147204298815762,-0.0105324064501085,-4.14658776863251e-17,-0.000153638678296333,8.6526087031448e-06,0.0389353149883579,7.78621637126733e-06,3.03461064131716e-15,-0.000833960294446882,-9.08082175921001e-07,-4.28024963469273e-17,-3.17241851985929e-05,1.33046734565982e-05,-1.01002554702197e-16,7.22999377474965e-07,9.18549372141975e-06,-2.47866819124143e-05,1.29302523987195e-05,5.46518228467386e-08,3.55146382860096e-16,1.01129203935904e-16,-0.000439761780378089,3.57812776456184e-17,-6.93108247438432e-16,0.00299387575717543,2.91874547667581e-05,0.00108232490115153,-0.391822943076722,1.11180284007896e-05,-1.22647646262278e-16,2.67550573965126e-16,4.50418747715477e-05,-2.2434706570113e-17,1.10277384345254e-15,-3.01647274556947e-07,1.84861243585659e-16,-2.71085645068231e-18,-1.47193634771138e-16,-5.38011234167783e-16,-3.20117177340788e-16,0.000284221822019497,-8.62147015890682e-16,-5.55711185208987e-07,2.13588812572143e-15,3.80330881904652e-16,-0.707106781186548,-3.55227178541255e-15,3.69064273908037e-07,-2.19448137766516e-16,-1.23968711085173e-17,2.92518599364856e-16,8.33087378330405e-18,-6.40966451605355e-16,1.52821328591976e-15
"t82",0.028176530478559,-0.154921711340963,-0.00275340654430978,0.0182733147820521,-0.00959902094279526,0.0015639829658024,-0.12243287622016,-0.0440777530311662,-0.000283870395079669,0.00431425661461748,0.00747853741588,-0.00555976031235647,-0.00588292591456,2.59046465346602e-05,6.12215733739475e-06,-0.5251077313282,-0.099871684628483,-0.0222269766616689,-5.63762898724007e-05,0.000368888211426989,-0.000134856715849049,0.00106406649875967,-0.000427747394553257,0.000101863093165169,-0.0714489275225494,-0.00143637346959978,-0.00871149633193869,-0.00557489182523963,-6.98329019021237e-17,-2.08183314702459e-05,4.75679410432057e-06,0.000142135196782169,-4.43733939670069e-05,-1.80700511122067e-05,0.000282334882232907,-0.000147204298815651,-0.0105324064501082,7.30251573461725e-17,-0.000153638678296257,8.65260870298e-06,0.0389353149883581,7.78621637148418e-06,3.30147801322211e-15,-0.000833960294447333,-9.0808217627521e-07,1.19186029734525e-16,-3.17241851989017e-05,1.33046734564369e-05,-8.27034853775549e-17,7.22999377761086e-07,9.18549372128097e-06,-2.47866819124698e-05,1.29302523986137e-05,5.46518223692018e-08,-7.57174646629703e-17,-9.18216039675453e-16,-0.000439761780377645,-6.02466314798305e-16,-4.37126760412583e-16,0.00299387575717529,2.91874547670764e-05,0.0010823249011513,-0.391822943076723,1.1118028400689e-05,5.51146821674373e-16,5.00849770286676e-16,4.50418747711054e-05,2.60107568421469e-16,3.98366937824707e-16,-3.01647274294353e-07,4.52287754375736e-17,5.50814660815124e-18,-1.58441500318128e-16,6.07025511657962e-16,3.50175135448926e-16,0.000284221822017781,7.97495100931153e-16,-5.55711183836821e-07,-1.94021499076746e-15,-8.57096102748033e-16,0.707106781186547,3.37923013689948e-15,3.69064273199673e-07,2.94759770922496e-16,4.47395168259799e-16,-1.13346424622453e-16,3.31850163408444e-16,4.30288600707084e-16,1.94591929231666e-15
"t9",0.0274531273205381,-0.149835828969117,-0.00247819018673232,0.0163197991941265,-0.00715045472096709,0.00111554944170755,-0.0690156972790044,-0.0201318215210905,1.10221908373453e-05,-0.00334274096813823,-0.211485295801994,-0.138264112608527,-0.12412354710586,-0.000840622024249413,-2.66452612623369e-05,0.0735563876598223,-0.0123867308613227,-0.0028848602745764,-1.18047709187497e-05,0.000125243008522312,-4.77245016798392e-05,0.000313296780902916,-8.17368805436092e-05,-6.02139083361042e-06,0.045863634298045,0.00216335259713894,-0.132928966046156,-0.00675759802662149,-2.02370556079071e-16,1.43792140294904e-05,-4.95877906036977e-06,-0.000300988023614664,0.000126109518816996,5.63719078290753e-05,-0.00102833977809011,0.00773966026208323,0.885894020038765,-1.8026030895587e-15,-0.00123102894135892,2.21371943011348e-05,0.0641099142559771,-7.65543392522959e-06,-1.15678459206002e-14,-0.257953387693774,-2.96629142025698e-06,-2.77450550693554e-16,-9.75053173413003e-05,3.79351835971681e-05,1.43439225983102e-16,1.68386932256526e-06,1.99095669896343e-05,-5.34587540848563e-05,2.45859313118615e-05,9.24349551368204e-08,-5.73107370509752e-17,8.44877005317628e-17,-0.000499661233308468,4.44841896375485e-16,-1.20648863710793e-17,0.000661283018161422,6.05376134475526e-06,0.000217167977026578,-0.00335072614633704,-1.9870769948277e-05,6.51882057688405e-17,-5.86346884297912e-17,0.000614431196551975,2.80834251999901e-16,2.93112640949977e-17,-1.66922136275813e-06,-4.77126074416393e-17,-4.99806037634163e-17,-3.12893807821174e-16,3.55789586500064e-17,8.39062533383143e-17,0.000259232020403277,-4.65524129965523e-17,-1.31950976069162e-06,4.49806452055856e-16,-2.75454090811081e-16,-3.97210515269454e-16,-1.45657524968582e-16,8.1132514497765e-07,-3.59705018638771e-17,-1.53016036575092e-16,-2.19611792403264e-16,1.73511053371124e-16,-6.7408406273477e-17,1.80452252426669e-15
"t33",0.027832512018276,-0.152435920675436,-0.00258850510668056,0.0170834337410709,-0.00772589291517229,0.00121063741749006,-0.0760461173526947,-0.0223471207634,1.24695622618909e-05,-0.00382866407856912,-0.249157833857496,-0.164313613850556,-0.152891164712733,-0.00104866675651219,-3.38560392430104e-05,0.100425493449033,-0.0175569183481865,-0.00409427740468021,-1.71326466845145e-05,0.000200191921048781,-8.02854356511517e-05,0.000713770902255204,-0.000274079864956991,4.44202547242312e-05,0.0422145414668516,0.00408529293986987,-0.415819291695574,-0.0330376534619405,3.61232795715872e-16,-4.94937666130346e-05,1.10140519628363e-05,0.00034750744478612,-0.000116239915410144,-4.86712977235687e-05,0.000801491704863477,-0.00272373189392223,-0.302144548732012,1.03997347275607e-15,0.000187842717291331,-8.15220701025094e-08,0.00117481552750109,-4.51325201122053e-07,-3.75314931234815e-16,-0.261257743654116,1.18598322440555e-06,-5.14182252409365e-16,-1.49011989920497e-06,2.6026169833316e-06,7.49493459560065e-16,2.9355954711454e-07,4.09227203673757e-06,-1.10980324992682e-05,6.27032023155574e-06,2.6828433426584e-08,-9.16471763576831e-16,3.54589988267426e-15,-0.000176835915414127,-0.707106781186549,-1.13844902506442e-16,0.000259936557081508,2.38143215426471e-06,8.5462158090379e-05,-0.00133144481494155,-8.22900146337652e-06,5.98204677916101e-16,-3.03932548754101e-16,0.000265963402961325,9.1273418437577e-16,-2.95961759824905e-16,-7.46318221721796e-07,2.33080613328174e-16,-3.39300074170471e-16,1.50795056527987e-16,2.15925984770819e-16,-1.4609583135204e-16,0.000127699336053494,3.36771906163243e-17,-6.67089444884861e-07,2.27679364535765e-16,2.54516583944118e-16,-2.81255451737671e-16,2.04250541749197e-17,4.23045702717699e-07,-2.0355121682154e-16,2.66397923013575e-16,-1.80761912812939e-16,3.08303549470237e-17,-1.96714387243703e-16,1.86937377335331e-15
"t34",0.027832512018276,-0.152435920675436,-0.00258850510668056,0.0170834337410709,-0.00772589291517228,0.00121063741749004,-0.0760461173526947,-0.0223471207634,1.24695622618423e-05,-0.00382866407856911,-0.249157833857495,-0.164313613850556,-0.152891164712733,-0.00104866675651219,-3.3856039242941e-05,0.100425493449033,-0.0175569183481865,-0.00409427740467974,-1.71326466846117e-05,0.000200191921048767,-8.02854356511812e-05,0.000713770902254995,-0.000274079864957005,4.44202547243942e-05,0.0422145414668517,0.0040852929398705,-0.415819291695575,-0.0330376534619403,3.04621435426373e-16,-4.94937666126183e-05,1.10140519631301e-05,0.000347507444786219,-0.000116239915409971,-4.86712977236098e-05,0.000801491704863544,-0.00272373189392218,-0.302144548732013,3.66724779706089e-16,0.000187842717291359,-8.15220698481556e-08,0.00117481552750137,-4.51325200639258e-07,-2.87543305106671e-16,-0.261257743654115,1.18598322459523e-06,2.16955911239119e-16,-1.49011989910609e-06,2.60261698393973e-06,-1.31577616451665e-15,2.93559547262967e-07,4.09227203698737e-06,-1.10980324987131e-05,6.27032023257923e-06,2.68284340345639e-08,1.17293420065472e-16,-3.1264306160333e-15,-0.000176835915444019,0.707106781186549,-1.72146274399264e-17,0.000259936557079607,2.38143215380154e-06,8.54621580909168e-05,-0.00133144481494218,-8.22900146409122e-06,-4.915357302961e-16,5.38459852405276e-16,0.000265963402959639,-1.1483453023201e-15,9.00260390502205e-17,-7.46318223400141e-07,-3.162560094485e-16,-1.82525197129927e-16,4.66563249048528e-17,-2.69307502898512e-16,-7.29461884621579e-17,0.000127699336053218,-1.0732554878113e-16,-6.67089444725266e-07,-3.10892391843283e-16,2.01241385596055e-18,3.74321147593263e-16,1.3870603452012e-16,4.23045702741768e-07,1.76477345135891e-16,4.42749560353927e-16,-2.83638042934603e-17,9.67702987641249e-17,-2.18812855381594e-16,1.78492393905406e-15
"t42",0.0276639349274987,-0.15128131944001,-0.00253975297916662,0.0167460899667948,-0.00747314741558735,0.00116890601618965,-0.0729691853361264,-0.0213788750759778,1.18391358562113e-05,-0.00361748671020856,-0.232869465495779,-0.153068429213511,-0.140553315946964,-0.00095964637261579,-3.07809229685985e-05,0.0891160982865445,-0.0153956028105706,-0.00358881905938305,-1.4915037194585e-05,0.000169543568787539,-6.70949109431926e-05,0.000560226061018798,-0.00020490825540885,3.04904231447599e-05,0.0260667368041759,0.00240451356548261,-0.233372621969507,-0.0178213830794288,1.46286481518136e-16,-2.00297042572961e-05,3.92202158020719e-06,8.08006355260266e-05,-1.98868908526627e-05,-7.3568331958318e-06,9.45722212456757e-05,0.000593535695433162,0.0705443472639318,-3.1688159392723e-16,-0.000119989793479852,1.02051665774178e-07,-0.00160505708891247,7.14810310074865e-07,3.98725916464369e-16,0.890528488558681,-6.56380520510898e-06,7.81312893297291e-16,-8.75880975836699e-05,3.07601426438034e-05,6.01121293670403e-16,1.21243578433681e-06,1.41177886859647e-05,-3.78788608139252e-05,1.72490725685107e-05,6.48716898149796e-08,5.69344185315439e-16,-4.53550155183145e-17,-0.000355022431431172,-1.11740356096623e-15,1.73682894127054e-16,0.000475982835770383,4.35790485994042e-06,0.000156340806370801,-0.00241567614900051,-1.44202078856542e-05,-1.12664140168629e-16,-3.26873065120192e-16,0.000449414664251184,2.57229270911474e-16,-4.35872436947185e-17,-1.2286420827505e-06,4.79558770960887e-17,1.97594700666767e-16,-1.65179662003594e-16,1.11180677362221e-16,7.25362068024905e-17,0.000194985916355393,1.40181695309372e-16,-9.98975957802739e-07,-2.41024545336817e-16,2.81644049144678e-17,3.59478952043704e-16,8.69063299103333e-17,6.19263961705238e-07,-5.7617685566873e-17,2.34339768415976e-16,4.2827667808749e-16,1.16424934792502e-16,-2.77056942650459e-16,1.81090762679152e-15
"t91",0.0280075086935917,-0.153640144376373,-0.0026411906904978,0.0174490635372013,-0.00801168612211381,0.0012581026244474,-0.0796172274439751,-0.0234819279885309,1.32271884288665e-05,-0.00408660265969537,-0.269800382328418,-0.178726674847665,-0.169454499680738,-0.00117013638687551,-3.81517275603593e-05,0.117719780000625,-0.0210185550264778,-0.00490512043574571,-2.07886022892617e-05,0.000256882283888454,-0.000106165989627646,0.00112731251666054,-0.000528412814997631,0.000168160110394854,-0.220320925001163,-0.00856458661792227,0.498662179264403,0.0273278334018242,-2.01217034370782e-16,2.60109348333704e-06,4.94111851398991e-07,6.38149266676546e-05,-2.59555083751382e-05,-1.13755330760912e-05,0.000199574119092299,-0.000882622432341967,-0.09836400225001,2.23491670011528e-16,6.37781041695762e-05,-2.59911094469684e-08,0.000367162180562111,-1.35098947293133e-07,-3.46649826774908e-16,-0.0416498027514082,-2.97104289931089e-08,1.05125962984106e-16,-8.8621011302692e-06,4.20407803183864e-06,1.41238346030136e-16,2.73731875717761e-07,3.59893602469921e-06,-9.72988086807292e-06,5.21454829246863e-06,2.18248829158169e-08,-1.01445469600918e-16,-3.85965494654208e-16,-0.000141405870732858,6.20345771016827e-16,-8.2002573490762e-17,0.000207637441428682,1.90231289051712e-06,6.82684958649565e-05,-0.001063775486846,-6.58329976579997e-06,2.47989030413909e-16,-3.09565339571491e-16,0.000213272268614076,-4.67825602693774e-16,1.67326709440689e-16,-5.9985318284772e-07,-2.43611873134595e-16,3.19828592465133e-16,-2.1881769955322e-17,2.99178189157327e-16,-2.98415362433065e-17,0.00010367124999229,-2.01830486484816e-16,-5.43444555495265e-07,1.22374086027584e-16,8.1157100753222e-16,-3.83372776009685e-17,-1.04736726584925e-17,3.46203178867854e-07,-6.57560956939981e-16,-5.66158973972066e-16,-0.707106781186547,-5.20255154608001e-14,1.17061632429121e-16,1.30052788523559e-15
"t92",0.0280075086935917,-0.153640144376373,-0.00264119069049781,0.0174490635372013,-0.00801168612211381,0.00125810262444739,-0.0796172274439751,-0.0234819279885309,1.32271884288491e-05,-0.00408660265969538,-0.269800382328418,-0.178726674847665,-0.169454499680738,-0.0011701363868755,-3.81517275603871e-05,0.117719780000625,-0.0210185550264777,-0.00490512043574552,-2.07886022893233e-05,0.00025688228388844,-0.000106165989627692,0.00112731251666076,-0.000528412814997589,0.000168160110394973,-0.220320925001163,-0.00856458661792225,0.498662179264404,0.0273278334018244,-1.89571285706192e-16,2.60109348325377e-06,4.94111851525626e-07,6.38149266677453e-05,-2.59555083751565e-05,-1.13755330761779e-05,0.000199574119092476,-0.000882622432341967,-0.0983640022500102,9.76657803893419e-17,6.37781041695866e-05,-2.59911092860728e-08,0.000367162180561893,-1.3509894734344e-07,-2.83251204184669e-16,-0.0416498027514086,-2.97104290929639e-08,-7.98427516594892e-17,-8.86210113017205e-06,4.20407803173282e-06,-8.95724305647478e-17,2.73731875545915e-07,3.5989360248137e-06,-9.72988086817006e-06,5.2145482925146e-06,2.18248826760727e-08,3.56269783508676e-16,9.53969838788224e-17,-0.00014140587073308,-4.18307058286954e-17,1.14511556837868e-16,0.000207637441428321,1.90231289043385e-06,6.82684958648455e-05,-0.00106377548684589,-6.58329976563343e-06,-3.03972078360243e-16,2.34864653357824e-16,0.000213272268614423,2.03406108921945e-16,7.55593136753891e-18,-5.99853183180787e-07,2.87534387278116e-16,-8.905916642398e-17,4.49811941561357e-17,-2.4617172772392e-16,1.09798716653889e-16,0.000103671249992429,3.10873165894332e-16,-5.43444557077333e-07,-1.53067360896482e-16,-3.03022479051229e-16,3.97277800675247e-16,-4.10092437936293e-19,3.46203178323151e-07,6.97177377996817e-16,1.39335841895842e-15,0.707106781186547,5.2301763807125e-14,-2.95818208471096e-16,2.10640255956635e-15
"t41",0.0252424546739167,-0.134275357903185,-0.00164708461173766,0.0104393423828653,-0.000485798080307003,-7.54642240240651e-05,0.057548253833713,0.0324120039693383,0.000489925483383598,-0.0121500215103266,-0.144504218076239,-0.0196401466948714,0.5035164294409,0.00817567811970183,-0.00169894494549727,0.0656045419227973,-0.10666418799134,-0.0242079234999671,-7.65575338471311e-05,0.000624149232846188,-0.000231224654133388,0.00171340954334526,-0.000629270432361675,0.000118141193890892,-0.0357041306702703,0.000141608998271371,-0.00618804646204697,0.0134592140004609,1.90937262186434e-17,-7.67095356667413e-05,1.4519310538059e-05,0.000343339055352457,-9.98178220621357e-05,-3.9826960276268e-05,0.00060259305951843,-0.000135190935424481,-0.00398910124355935,1.79212296540404e-16,-0.000236052188030411,4.19569324095447e-06,0.00468349861146184,-8.25332978527521e-06,-7.51274842083851e-15,-0.000589284607597204,-2.53401271539288e-06,1.03337351552005e-16,-6.96814437175994e-05,2.7388760073928e-05,4.38211241178889e-16,1.26485326889354e-06,1.50714019362536e-05,-4.04790915432829e-05,1.84584333536618e-05,6.64035692325576e-08,2.68769545766629e-16,-4.60697699346283e-16,-0.000182078925912842,-1.05263229655818e-15,2.70617001709785e-15,-0.820191915754221,0.000556573191121533,0.0130913166867422,-0.00658144052016202,-4.68016288165674e-05,7.767989237949e-16,4.07890030003015e-16,0.000302938790687421,-6.29653446827805e-17,-1.54398472084382e-16,-2.69178206601522e-06,1.6051118588929e-16,1.19744687382898e-16,3.23932051517405e-17,-3.68673022018668e-17,-3.67285568857171e-17,0.000107364411403563,2.11753027998895e-16,-1.86007450114767e-06,-6.0518820241284e-16,4.65546546082768e-17,-1.31368912512418e-16,-8.49813003156349e-17,1.13101850972644e-06,-1.65193516954954e-17,-2.57043753563936e-17,-3.40764536234404e-16,1.4312562363034e-16,-3.86884544527476e-16,1.84045740207634e-15
"t52",0.0252737210650799,-0.134483013686073,-0.0016533439199755,0.0104808973338546,-0.000488958948104904,-7.59806656007549e-05,0.0580077045602104,0.0326882947823961,0.000494763019830747,-0.0122803002551694,-0.14632198540298,-0.0198979980467371,0.51121744069882,0.00830667787713282,-0.00172790413885218,0.0669622832764651,-0.109053456550388,-0.0247515471707026,-7.83499625554573e-05,0.00064105864974421,-0.00023787901643138,0.00177512886992805,-0.000655031804456502,0.00012385705590651,-0.0377013089048496,0.000149946322823111,-0.00656887188783781,0.014315142636717,-3.38724426659025e-17,-8.24610925384966e-05,1.56606584673786e-05,0.000373178382798475,-0.000108861654825845,-4.34809817780601e-05,0.00065899287275098,-0.000149941684061905,-0.00442675804737788,-1.74977473820388e-16,-0.000265049383027224,4.76782957499131e-06,0.00533136842123383,-9.42299200198254e-06,-8.31476364642499e-15,-0.000683152100456936,-2.96210583916731e-06,2.20283078697221e-16,-8.33667722251186e-05,3.31832395909348e-05,-2.64654864884313e-17,1.61391467532151e-06,1.97921511597282e-05,-5.32792748521513e-05,2.61465572887875e-05,1.04359623730695e-07,-5.06519627578053e-16,6.91548787901417e-16,-0.000696349260294028,1.31943897631569e-15,-6.78477878560688e-16,0.404342829697508,-0.000264038493479585,-0.00609190017298517,0.00174357205105118,-1.02930101495285e-05,-6.34537975171737e-15,9.54095249476318e-15,0.000140769250123397,0.707106781186547,-1.16629771584665e-14,-1.54245225910191e-06,9.1979458782092e-15,-1.62709797085346e-15,4.58450968613446e-16,4.4737036460118e-16,-1.02933488688845e-16,8.08218292017299e-05,-1.73545127604903e-16,-1.45481840990724e-06,1.82548159183423e-16,5.88744840619444e-16,2.72376170973834e-16,-4.59134698938747e-17,9.17588071870298e-07,1.31492167293598e-16,8.14427942791968e-17,-2.50812268362958e-16,8.16655361495112e-17,-1.881033378453e-16,1.78051487572425e-15
"t55",0.0252737210650799,-0.134483013686073,-0.0016533439199755,0.0104808973338545,-0.0004889589481049,-7.59806656007628e-05,0.0580077045602104,0.0326882947823961,0.00049476301983074,-0.0122803002551694,-0.14632198540298,-0.019897998046737,0.51121744069882,0.00830667787713281,-0.00172790413885238,0.0669622832764654,-0.109053456550388,-0.0247515471707025,-7.83499625555059e-05,0.000641058649744173,-0.000237879016431325,0.00177512886992795,-0.000655031804456696,0.000123857055906465,-0.0377013089048499,0.000149946322822903,-0.00656887188783791,0.0143151426367167,-8.76276306631123e-17,-8.24610925382885e-05,1.56606584670823e-05,0.000373178382798253,-0.0001088616548259,-4.3480981778185e-05,0.000658992872751285,-0.000149941684061961,-0.00442675804737748,4.43647594765246e-18,-0.000265049383027197,4.76782957522376e-06,0.00533136842123427,-9.42299200195479e-06,-8.58339236026154e-15,-0.000683152100456667,-2.96210583926228e-06,-2.65609298428305e-16,-8.33667722252296e-05,3.31832395907353e-05,-3.22338248805544e-16,1.6139146755235e-06,1.97921511604499e-05,-5.3279274852238e-05,2.61465572885845e-05,1.04359623861897e-07,3.17435765466494e-16,-3.9392103978654e-16,-0.000696349260294216,-3.18139985006409e-16,-1.88240671142811e-15,0.404342829697508,-0.000264038493480133,-0.00609190017298692,0.00174357205105044,-1.02930101504167e-05,5.73479313600035e-15,-9.75496773411221e-15,0.000140769250101508,-0.707106781186547,1.17406752716975e-14,-1.54245225938553e-06,-9.38491267535604e-15,1.51302962962234e-15,-5.58153340250827e-16,-4.24978939598883e-16,2.33749747121066e-16,8.08218292016466e-05,2.93969050084264e-17,-1.45481840951867e-06,5.30573933190786e-16,-5.44336047337099e-16,2.10421038379509e-16,1.61910615764679e-16,9.1758807176795e-07,-1.93986550476428e-16,4.14390827585746e-16,6.1243464596596e-16,-4.42761266564579e-18,8.47964941657007e-17,1.75825681488589e-15
"t79",0.0255514622042556,-0.136414638236527,-0.00173497228177297,0.0110350842260752,-0.000114094620712222,-0.000204199482646733,0.121113773910971,0.0882883162385232,-0.00203372331582685,0.00974157765278203,-0.001230140782256,-0.000883685867405122,0.0507926662509346,0.000485473998735207,6.85348375444872e-05,-0.0795676501129579,0.594144183258235,0.144705749383799,-0.0164682032735675,0.00186657087325487,-0.000570374425874133,0.00327533945655419,-0.00119254769571728,0.000248294095831471,-0.0988443070592591,0.00661584631162571,-0.0376534455206775,0.229218618812012,1.09341312871117e-16,4.88626793438696e-05,-3.04380048836385e-06,8.15080304139709e-05,-3.42501245721074e-05,-1.47332439042261e-05,0.000246267859755116,-8.0301571833169e-05,-0.00223712281493433,-1.99628930634373e-17,-0.000164313622393216,3.10738859795939e-06,0.00326677558278405,-6.45225234905712e-06,-5.90950336443035e-15,-0.000441870890447177,-2.11842689094627e-06,-1.63951786171045e-16,-6.12596899974491e-05,2.46095771501489e-05,3.29850015306583e-16,1.21871099512246e-06,1.49874264292332e-05,-4.03490760158137e-05,1.97449746527703e-05,7.7761068605428e-08,-3.6011944409947e-16,-6.10679551608521e-16,-0.00133774624082068,-1.85410249593198e-16,7.24940437808579e-17,0.000580134247664565,5.85780610597164e-06,0.000599988146940837,-0.00081291310142434,-1.96737617968873e-05,-4.73734120919294e-16,1.34314127537717e-16,0.000159954282482836,4.06230696847682e-16,-4.14492501066145e-16,-1.71026688114352e-06,-1.61327155641519e-16,3.16752551191399e-17,-6.73832681602785e-16,-2.13038630166907e-16,-8.27446413057542e-16,7.52217075783296e-05,-7.14482785378186e-15,-1.43773461719343e-06,3.21225535671505e-15,-0.707106781186548,-6.48393656334401e-16,-2.2386512621096e-15,8.98031120438736e-07,-4.82650007759063e-16,6.7200489069384e-16,-5.78774993413215e-16,1.40669732162997e-16,2.2757226029494e-16,2.26834353470707e-15
"t80",0.0255514622042556,-0.136414638236527,-0.00173497228177296,0.0110350842260752,-0.000114094620712212,-0.000204199482646779,0.121113773910971,0.0882883162385233,-0.00203372331582674,0.00974157765278206,-0.00123014078225594,-0.000883685867405124,0.0507926662509344,0.000485473998735214,6.85348375445149e-05,-0.0795676501129579,0.594144183258236,0.1447057493838,-0.0164682032735673,0.00186657087325489,-0.000570374425874279,0.00327533945655409,-0.00119254769571747,0.000248294095831339,-0.0988443070592592,0.00661584631162559,-0.0376534455206776,0.229218618812012,1.39754368763183e-17,4.88626793436475e-05,-3.04380048870201e-06,8.15080304138877e-05,-3.42501245720953e-05,-1.47332439041359e-05,0.000246267859755178,-8.03015718329192e-05,-0.00223712281493388,-7.69311210612883e-17,-0.000164313622393303,3.10738859799972e-06,0.00326677558278405,-6.45225234924274e-06,-5.74674371567361e-15,-0.000441870890446908,-2.11842689091016e-06,1.65093347567525e-16,-6.12596899976954e-05,2.46095771499269e-05,-2.67765644072637e-16,1.21871099512412e-06,1.498742642915e-05,-4.03490760159386e-05,1.97449746526563e-05,7.77610685363677e-08,1.89864903922946e-16,4.28880142051588e-16,-0.00133774624082032,-7.43879471306812e-17,-4.44248218852521e-17,0.000580134247664454,5.85780610586756e-06,0.000599988146940851,-0.000812913101424839,-1.96737617974285e-05,3.08045658339179e-16,-2.97364303428141e-16,0.000159954282484026,-5.02116738237286e-16,2.52285544634997e-16,-1.71026688162643e-06,2.03827607705941e-16,3.08183114986467e-18,6.26709150201488e-16,1.38031107576616e-16,8.6389638992727e-16,7.52217075794606e-05,7.15057018068919e-15,-1.43773460947738e-06,-3.31178073890329e-15,0.707106781186547,5.97038558855428e-16,2.35030124997553e-15,8.98031121888965e-07,3.4038937071419e-16,-2.61367881744724e-16,4.48337970098963e-16,1.74110542387354e-16,-4.84073057589125e-16,1.23762634973739e-15
"t4",0.0250029782061648,-0.132744531971345,-0.00161694490330892,0.0102469253372222,-0.000100326278932285,-0.000178164623787146,0.102820124071414,0.0739444271504624,-0.00164378937266892,0.00768898633236548,-0.000917873421308842,-0.000647686839924844,0.0344737561088648,0.000320250701568471,4.33287197882729e-05,-0.041905312374406,0.280988345715699,0.0681700375170692,-0.00723773079002735,0.00057416226173364,-0.000137449795301003,-0.000331342141894342,0.000480597437530261,-0.000255782309146257,0.201596648184097,-0.0172928920222977,0.123538724597676,-0.900657313265352,-4.21332259147362e-16,-0.000726990867461197,0.000110162905636841,0.00192143890065621,-0.000511350694015617,-0.000199239957589553,0.00290977621816699,-0.00052278469848277,-0.0143671081623211,1.7243834144245e-16,-0.000844678623374395,1.38670225878663e-05,0.0143438879144774,-2.76041673494959e-05,-2.46928001420149e-14,-0.00170202591281388,-7.81840177052585e-06,3.20936441066373e-16,-0.000207064813975366,8.03461706198882e-05,1.74208519258604e-16,3.62643005679384e-06,4.31899413448761e-05,-0.000116023744178947,5.39171389887308e-05,2.04001259109665e-07,3.57609456592884e-17,1.37954496679538e-17,-0.00325500357998203,-2.08830171561089e-17,1.29040765173144e-16,0.0013457556086079,1.35834926360892e-05,0.00139103831514085,-0.00187581437000449,-4.44643907765024e-05,1.0671219443548e-16,2.66172894415142e-17,0.000353150194453491,2.94510106747699e-17,-7.60355497852535e-17,-3.70891535636519e-06,-7.79492489679551e-17,-5.57259610798257e-17,-7.18433235572667e-17,-9.08692703357068e-17,6.10686995607262e-17,0.000153947333792728,2.18453829272488e-16,-2.89378855156119e-06,1.99144849664781e-17,1.19570267522946e-16,-4.95141797085817e-17,-2.57513785019687e-17,1.77076845011073e-06,2.97644730542303e-17,-2.52384814296304e-17,-5.81083432095074e-17,1.38702160333827e-16,-2.57752084840505e-16,1.76969740103699e-15
"t40",0.0269879142740451,-0.146263267683229,-0.00212381399824396,0.0136812020333395,-0.000177886804509367,-0.000331492454617777,0.231572222399472,0.185998174155234,-0.00598216126788507,0.0400409066781617,0.127691653082907,0.00902555659026109,-0.0960597865336282,-0.00068117947833145,-6.74103102235799e-05,0.0273850161012156,-0.12402084419758,-0.0296730133790989,0.00244888826449347,-5.32091841523585e-06,-2.33468599668551e-05,0.000496307996590478,-0.000225475789023877,5.44928308358616e-05,-0.0269309452978421,0.393247037086823,-0.00178274890036399,0.0157774444953878,-1.3803372356112e-16,-1.57360946355933e-05,3.62904789716779e-06,0.000104561778888415,-3.18896141078429e-05,-1.28818892522892e-05,0.000198452858298677,-4.80829251962023e-05,-0.00133217157423949,-3.43784409676285e-17,-9.01427330398386e-05,1.63031628340124e-06,0.00170574913282433,-3.34367865408025e-06,-2.94267739299465e-15,-0.0002223582546136,-1.05364501522005e-06,1.23664704381463e-16,-2.97244678884312e-05,1.18151162816146e-05,3.13985181009104e-16,5.6487866875103e-07,6.82967078820176e-06,-1.83627846997922e-05,8.62720714013554e-06,3.2138280298198e-08,6.53405649545925e-16,3.1359496037292e-17,-0.00537640393353644,-6.28065428152755e-17,-4.55842254647843e-16,-0.0125867713610566,-0.000376794716282592,-0.823567646000113,-0.00258055139849221,-1.9827008405443e-05,-3.14927042923079e-15,-1.626336157754e-15,0.000123889976189451,8.39819039785159e-16,-8.11611753989099e-16,-1.20995839373444e-06,-1.62851132436008e-16,-1.25432719247563e-16,-2.76991616951774e-16,-3.55509746536516e-17,-5.54519631508179e-17,4.7123946651989e-05,9.80877221507295e-17,-8.86544266359701e-07,1.08291090179244e-16,-6.73628175662046e-17,-1.56726570252849e-16,1.68568998081925e-16,5.46034613795043e-07,2.17618771551111e-16,3.27229286140421e-16,-1.91966977988991e-16,1.33345969648329e-16,-6.69381254153657e-16,1.90808913832517e-15
"t44",0.0270150188711591,-0.146446664645404,-0.00213035587041697,0.013725342641407,-0.000178824600891985,-0.000333330465129956,0.233069904906951,0.187282465703778,-0.0060299985545053,0.040388574281879,0.128992043642706,0.0091214788903171,-0.0972487487836923,-0.000690011443544468,-6.83399654115013e-05,0.0278433352246592,-0.126266854768006,-0.0302117418118403,0.00249523654639891,-5.43738984750373e-06,-2.38896019967016e-05,0.000510734963667103,-0.000232919755393801,5.66168211385554e-05,-0.0281433190376076,0.411872815723174,-0.00187097932307478,0.0165841022301089,-1.37151647528496e-16,-1.668319721293e-05,3.85793169397491e-06,0.000111844620904911,-3.42040156076848e-05,-1.38284561058966e-05,0.000213325227613553,-5.22748779907267e-05,-0.00144894458657978,1.77828949925505e-16,-9.89742166058807e-05,1.80729965066836e-06,0.0018935434375517,-3.72064959375251e-06,-3.29356261769322e-15,-0.000250468939482787,-1.19473316747935e-06,1.59397969581275e-16,-3.43347281875905e-05,1.37851595300581e-05,-4.29310814925137e-16,6.86694942438407e-07,8.493142380675e-06,-2.28762668020369e-05,1.13839916884989e-05,4.59541708675926e-08,-2.30838824697206e-16,-9.98576859551172e-16,-0.0142560873730649,-1.98266377203638e-15,-1.76729317967094e-16,0.00656998703258282,0.000187732424934098,0.400843144674471,0.000621306643440421,-5.78387809874181e-06,-0.707106781186546,-6.60192258964549e-15,6.58507629051064e-05,-6.88954724409797e-15,3.20640377258423e-15,-7.64971903668976e-07,-2.19171152740553e-15,-1.0305512033252e-16,1.31289466120929e-16,1.2190215297553e-16,3.71755581194921e-16,3.73451478135889e-05,-2.63692745906023e-16,-7.25087029224136e-07,4.78946273789048e-17,1.98824167744795e-16,4.53521413134917e-16,-2.92760866499052e-16,4.60255760670325e-07,1.05906335831698e-16,-1.04477481329921e-16,-1.73233047932886e-16,5.03929864858494e-17,1.58022441324017e-16,1.71325789873836e-15
"t45",0.0270150188711591,-0.146446664645404,-0.00213035587041696,0.013725342641407,-0.000178824600891979,-0.000333330465129924,0.233069904906951,0.187282465703778,-0.00602999855450527,0.0403885742818791,0.128992043642706,0.00912147889031707,-0.0972487487836923,-0.000690011443544469,-6.83399654115482e-05,0.027843335224659,-0.126266854768006,-0.0302117418118404,0.00249523654639913,-5.43738984752976e-06,-2.38896019961743e-05,0.000510734963667003,-0.000232919755393614,5.66168211384166e-05,-0.0281433190376078,0.411872815723174,-0.00187097932307506,0.016584102230109,3.2783156162346e-17,-1.66831972126524e-05,3.85793169389685e-06,0.000111844620904605,-3.42040156076449e-05,-1.38284561063406e-05,0.000213325227613602,-5.22748779909765e-05,-0.0014489445865798,-9.93128051680977e-17,-9.89742166058738e-05,1.80729965077939e-06,0.00189354343755137,-3.72064959415497e-06,-3.22584210487711e-15,-0.000250468939482995,-1.19473316745854e-06,-1.01876396645309e-16,-3.43347281879722e-05,1.37851595299826e-05,-7.85424772691925e-17,6.86694942456947e-07,8.493142380505e-06,-2.28762668016899e-05,1.13839916884434e-05,4.5954170135973e-08,-8.07302033756038e-16,8.01824127535187e-16,-0.014256087373066,4.04315730907695e-16,5.68977090969085e-16,0.00656998703258417,0.000187732424935163,0.400843144674465,0.000621306643441205,-5.78387809982428e-06,0.707106781186549,8.08474067971538e-15,6.58507629043847e-05,5.72300985694774e-15,-2.21975400525532e-15,-7.64971903641221e-07,1.96310245547211e-15,4.37417216602903e-16,-8.28631941852496e-18,-6.03597321806751e-17,-3.23387045192915e-16,3.73451478131448e-05,2.51161546843237e-16,-7.25087030320481e-07,-1.31443127819367e-16,-3.32628065107723e-16,-4.7354270412879e-16,1.31610505373013e-16,4.60255760378891e-07,-2.29893702768542e-16,4.02367210295209e-17,3.87543243325881e-16,8.03828327577507e-17,-7.07530436212092e-19,1.95994433019459e-15
"t37",0.0269353932982869,-0.145906684543153,-0.00211076464494684,0.0135929676019042,-0.000175954504158921,-0.000327689449270085,0.228428553551822,0.183283635946262,-0.00587924201344853,0.03928431335802,0.124787539704134,0.00880963906156555,-0.0932957874298093,-0.000660414907377209,-6.51889263789145e-05,0.0262199653708513,-0.118129927666615,-0.0282585083856739,0.0023249399958205,-4.98472088108701e-06,-2.17187336473135e-05,0.000443519437505389,-0.000192879946003116,4.05594867650891e-05,-0.00768542341464784,-0.382726706402417,-0.00817904889943874,0.0338533769413164,6.71371499798818e-17,-1.95100523740707e-05,4.31569245491672e-06,0.000117401847519294,-3.51995568023539e-05,-1.41529129302487e-05,0.000216510383948182,-5.02274926239554e-05,-0.00138973237942103,5.16988019156267e-17,-9.16546804631789e-05,1.62118224285995e-06,0.00169105584664611,-3.29788525688102e-06,-2.91393573935161e-15,-0.000213800091866209,-9.99479742158985e-07,-3.40060988501144e-17,-2.71351213676774e-05,1.05545426829223e-05,-6.24195766200109e-16,4.55942796118635e-07,5.1466406489786e-06,-1.37559998512407e-05,5.05511053119911e-06,8.73023344488319e-09,9.12424818351351e-16,-1.28064623156412e-15,0.831660253792724,1.76367566909317e-14,1.65959584073372e-15,0.000840562652096921,1.15319068450595e-05,0.0108428134611546,-0.000876358697403781,-1.84999882333059e-05,5.32373595303792e-16,-7.97670361408669e-16,0.000134813263918399,-6.52006327788046e-17,-2.10860874632808e-16,-1.35937166281797e-06,2.07052822842566e-16,-3.24874489019809e-17,7.73177112477538e-17,2.64479779569132e-17,9.84704532065777e-17,5.33745391343432e-05,-1.98148753100939e-17,-9.99784947178228e-07,-2.10274433288196e-16,-9.01633040604959e-17,-2.79286832595369e-17,6.46870820356181e-17,6.12035804314903e-07,-1.97444197389073e-17,1.36975406681155e-16,1.60456804913823e-16,2.79741149409715e-17,2.75366235342491e-16,1.69585922384301e-15
"t46",0.0269903235822954,-0.146278358628483,-0.00212402132546839,0.0136824143044329,-0.000177854170049823,-0.000331412390771448,0.231461307270881,0.185883877752788,-0.00597605172444203,0.0399876598425796,0.12741592648621,0.00900346004212517,-0.0956947689032252,-0.000678225184853781,-6.70620106417231e-05,0.0271397575590112,-0.122626740014658,-0.0293370226100802,0.00241758749698983,-5.21586857589397e-06,-2.27913363534116e-05,0.000471243836687486,-0.000206688151784845,4.40314858208835e-05,-0.00845526176436394,-0.423268981348691,-0.00908860020410024,0.0377565286996703,1.52867589299173e-16,-2.22120592128228e-05,4.94611047914973e-06,0.000136627586356859,-4.12465245646643e-05,-1.66197454593148e-05,0.000255129165889573,-6.09555383623978e-05,-0.00168851901126564,-1.41324033318307e-16,-0.000114238114439419,2.07563086486451e-06,0.00217367797781579,-4.26822826643525e-06,-3.99358886147498e-15,-0.000286892193796864,-1.36871155826702e-06,2.18336372608422e-16,-3.94506433273878e-05,1.58817947520928e-05,-5.14821616656532e-17,8.03988758026151e-07,1.00587175499642e-05,-2.71194571166838e-05,1.39860129199088e-05,6.01912174763922e-08,1.82656896054664e-17,2.33839518130544e-16,-0.392357092720017,-7.56213246311484e-15,-7.54793244959826e-16,0.000195191905158501,2.71267776272635e-06,0.00256673325021447,-0.000239438600070002,-7.45471693371774e-06,7.14906872999988e-15,-0.707106781186547,6.84537495563159e-05,9.87085051886694e-15,3.86303974303587e-15,-7.73431831760374e-07,-2.79200611024462e-16,1.43975109581145e-16,-8.98395060912652e-18,2.9667791634158e-16,2.59473548090766e-16,3.74712697149837e-05,-2.25868392333069e-16,-7.28675522726485e-07,-8.28763073849886e-18,-1.13133942528305e-16,2.61426625395218e-16,-4.24566626717915e-17,4.63461449468072e-07,-2.91766353362116e-16,1.74831221890955e-16,1.479878650609e-16,1.17463480492918e-16,-5.39279171180116e-16,1.80502041108017e-15
"t47",0.0269903235822954,-0.146278358628483,-0.00212402132546841,0.0136824143044329,-0.000177854170049855,-0.000331412390771469,0.231461307270881,0.185883877752788,-0.00597605172444215,0.0399876598425795,0.12741592648621,0.00900346004212504,-0.0956947689032252,-0.000678225184853762,-6.70620106416587e-05,0.0271397575590112,-0.122626740014658,-0.0293370226100803,0.00241758749698997,-5.21586857585622e-06,-2.27913363536041e-05,0.000471243836687561,-0.000206688151784751,4.40314858205903e-05,-0.00845526176436411,-0.42326898134869,-0.00908860020410013,0.0377565286996702,5.06104444110891e-17,-2.22120592129841e-05,4.9461104791366e-06,0.000136627586356764,-4.12465245648373e-05,-1.66197454594115e-05,0.000255129165889162,-6.0955538362507e-05,-0.00168851901126544,8.90561298847871e-17,-0.00011423811443946,2.07563086485806e-06,0.00217367797781586,-4.26822826634721e-06,-3.69795104730729e-15,-0.000286892193796552,-1.36871155863416e-06,-2.73569694004042e-16,-3.94506433274051e-05,1.58817947520894e-05,9.83999598350699e-16,8.03988757797587e-07,1.00587175495782e-05,-2.71194571169214e-05,1.39860129199092e-05,6.01912179185772e-08,-6.27780268952781e-16,1.24721689322151e-15,-0.392357092720015,-8.89045781438114e-15,-7.91736408832929e-16,0.000195191905159152,2.71267776428619e-06,0.00256673325021148,-0.000239438600068528,-7.4547169356229e-06,-7.87651194267269e-15,0.707106781186547,6.84537496095424e-05,-9.69390583430152e-15,-3.64067520207357e-15,-7.73431832211402e-07,3.40452011884845e-16,-3.04439214334264e-16,-1.80657863301538e-16,-3.71234582750933e-16,-2.06139126957912e-16,3.74712697140712e-05,2.68827928667781e-16,-7.28675522949397e-07,-2.68882138776405e-17,3.68628738645072e-16,1.30754782001752e-16,-3.5317968093901e-18,4.63461450208799e-07,1.89645404768347e-16,1.55257751099924e-16,-1.36609473733174e-16,1.90197611360316e-16,-2.18167841147016e-16,1.56683174802895e-15
"t53",0.0118628715052665,-0.0410220386113004,0.00285618922531274,-0.0210581362573291,0.0248205106637132,-0.00409551782685944,0.126635122184649,-0.133731533026298,0.0174678825940164,-0.164217554947956,-0.266179166036531,0.582613878279343,-0.104905490226731,0.0456640252769609,-0.009700622573928,0.0111264390863954,-0.0259886638793256,0.00290795753250761,-0.0143571992406494,0.00421192760325511,-0.00141724425703476,0.00864365093213376,-0.00289896473573029,0.000449234909386417,-0.0119107425125913,7.76269832671803e-05,-0.00216639401409779,0.00517570765949549,-6.87505968282602e-17,-0.000492700403583861,8.8312420264734e-05,0.00194642774003098,-0.000554430261319358,-0.000219972178168185,0.00329961149190702,-0.000542707131392407,-0.00144763017534989,-2.25871469423492e-17,-0.00123533814592156,1.79982831906942e-05,0.00176221675336858,-5.08233918158946e-05,-4.3167257775907e-14,-0.000226385299657119,-1.35417499936224e-05,-2.53487516714586e-16,-0.000370078397142275,0.000145646749546116,-8.94807009487834e-17,6.84438569976988e-06,8.27087701375669e-05,-0.000222406102372681,0.000105850358792719,4.08042263740108e-07,-1.70599957983941e-16,-8.48263428812606e-16,-0.000205299422710623,-2.39391839684799e-16,-8.2753064160675e-16,0.00025689961933872,2.90268113386652e-05,9.08518960777581e-05,-0.000364009656458099,-9.61036570200329e-05,2.35488711863852e-15,3.15719672627779e-15,7.1105552181162e-05,1.13345205617066e-14,0.707106781186547,-8.16190947023829e-06,-1.67278335173457e-15,6.91910972377308e-16,-2.19616554646731e-16,3.92344151596769e-16,-8.61004233920916e-16,3.31905480089566e-05,1.77104424875507e-16,-6.59705980503517e-06,3.22658566531686e-16,-4.82253126321552e-16,3.12250225675825e-16,2.69718278151513e-16,4.07621752823197e-06,-2.88445508899635e-17,4.63171168085807e-16,-6.28837260041593e-17,6.27181898200576e-17,-3.77105213882612e-16,1.79673174347851e-15
"t54",0.0118628715052665,-0.0410220386113004,0.00285618922531275,-0.0210581362573291,0.0248205106637132,-0.0040955178268594,0.126635122184649,-0.133731533026298,0.0174678825940164,-0.164217554947956,-0.266179166036531,0.582613878279344,-0.104905490226731,0.0456640252769609,-0.00970062257392804,0.0111264390863953,-0.0259886638793257,0.00290795753250733,-0.0143571992406494,0.0042119276032551,-0.00141724425703486,0.00864365093213374,-0.00289896473573032,0.000449234909386687,-0.0119107425125913,7.7626983267149e-05,-0.00216639401409748,0.00517570765949547,1.70089483530723e-17,-0.000492700403583773,8.83124202644577e-05,0.00194642774003075,-0.000554430261319478,-0.000219972178167893,0.00329961149190669,-0.000542707131392762,-0.00144763017534984,-1.90755572394383e-17,-0.00123533814592162,1.79982831903202e-05,0.0017622167533689,-5.08233918161361e-05,-4.33341360200648e-14,-0.000226385299657433,-1.35417499934743e-05,2.53951727142794e-16,-0.000370078397142735,0.000145646749546278,1.42797354618398e-16,6.84438569937206e-06,8.2708770137949e-05,-0.000222406102372488,0.000105850358792069,4.08042264304703e-07,1.34672547397683e-16,8.79125918194886e-16,-0.000205299422710904,2.94035629178069e-16,8.51949815597609e-16,0.000256899619339006,2.90268113385366e-05,9.08518960791876e-05,-0.000364009656460801,-9.6103657019019e-05,-2.27682456221956e-15,-3.12944115066216e-15,7.11055521729481e-05,-1.12758652241751e-14,-0.707106781186547,-8.16190948024808e-06,1.62304302315688e-15,-7.65118175270442e-16,1.89535741317444e-16,-5.09936329413851e-16,9.13915751071213e-16,3.31905480075757e-05,-1.46855184263162e-16,-6.59705980492718e-06,-3.54750950837257e-16,4.71844785465692e-16,2.32019264911898e-16,-2.29117418833663e-16,4.07621752900045e-06,2.94125764932318e-17,-4.77048955893622e-17,1.1666015375944e-16,1.3791285800658e-16,1.15169563162306e-16,1.78931977524975e-15
"t64",0.095815015308019,0.104797447935413,-0.00214485083560036,0.0145148386302393,-0.0108753826032195,0.234239233822744,-0.030325288981067,0.047812115677848,0.00811637352545193,-0.0108556291446175,0.000152205642323427,-0.00125439292598567,-9.37561487140226e-05,0.00103061910476031,-0.0458717219787587,0.000713962105754007,-0.0727459195674621,0.30503160225305,0.0395656137969363,-0.000392995779439289,0.113666311594422,0.00252242300919617,-0.0019060986998032,0.000452243417979534,-0.000141791686905999,1.06349413069723e-06,-3.32900728244566e-05,8.65101161747241e-05,-3.91456552982638e-17,-2.58519671539614e-05,0.000237496947131245,0.027078924884616,0.00218322438330159,1.16040646818117e-05,-0.000467962406266661,-7.41632744898774e-06,-1.12403408089857e-05,1.66021844320459e-16,-2.8221575457673e-05,5.05459667654454e-07,2.78692385122814e-05,-1.53927049105062e-06,-1.52678661232177e-15,-4.47088151989648e-06,-2.17003586237261e-05,-7.14389915156419e-16,-0.0167001605623316,0.00121245834931238,-3.2992800675548e-16,9.38106745859326e-05,3.1555702103038e-06,-8.5287435045104e-06,0.000164979729982226,1.79177012962783e-05,-7.91149463431877e-17,4.26927917128586e-16,-7.06775624838285e-06,-5.65519853168439e-16,1.26072153188445e-16,1.47632101412994e-05,0.000100887192355063,5.21717150469563e-06,-2.38928006490134e-05,-0.278600293174615,-4.21537804662364e-16,-5.62050406216485e-16,-3.3356877949392e-07,-3.1940596001423e-16,3.63073310772917e-15,-0.465358583101161,-5.97745742893514e-16,-8.31256616919049e-17,0.707106781186547,-8.28724366480341e-15,-4.93315976166424e-15,5.69282595085097e-07,-3.41306843898437e-16,-2.26020735325655e-07,9.19403442267708e-17,-6.36643515683488e-16,1.83013326715553e-16,-1.09295877196657e-16,4.74620488277039e-06,-2.83516259971179e-16,8.67361737988404e-17,2.55871712706579e-17,1.80926115757629e-16,-9.56817743533956e-17,1.87645449940741e-15
"t65",0.0958150153080189,0.104797447935413,-0.00214485083560037,0.0145148386302393,-0.0108753826032195,0.234239233822744,-0.030325288981067,0.047812115677848,0.0081163735254519,-0.0108556291446175,0.000152205642323389,-0.00125439292598569,-9.3756148713992e-05,0.0010306191047604,-0.0458717219787587,0.000713962105754048,-0.072745919567462,0.30503160225305,0.0395656137969363,-0.000392995779439289,0.113666311594422,0.00252242300919627,-0.00190609869980323,0.000452243417979437,-0.000141791686905844,1.06349413104417e-06,-3.32900728243143e-05,8.65101161748837e-05,3.54980785097315e-17,-2.58519671539423e-05,0.000237496947131357,0.0270789248846164,0.00218322438330183,1.16040646815779e-05,-0.000467962406266619,-7.41632744901462e-06,-1.1240340809422e-05,-1.23547199685608e-16,-2.82215754575602e-05,5.05459667722325e-07,2.78692385123139e-05,-1.53927049122149e-06,-1.12674427376321e-15,-4.47088152018358e-06,-2.1700358623741e-05,-8.15496201953315e-16,-0.0167001605623314,0.00121245834931261,2.56575828817327e-16,9.38106745856911e-05,3.15557021009607e-06,-8.52874350425062e-06,0.000164979729981931,1.7917701295744e-05,-4.73545662998709e-16,-1.57232518982624e-16,-7.06775624866735e-06,-1.09114106638941e-15,1.08643713109486e-16,1.47632101411971e-05,0.000100887192354589,5.21717150505537e-06,-2.38928006485242e-05,-0.278600293174615,-2.89698820488127e-16,-7.0082828429463e-16,-3.33568779542492e-07,7.47123717059761e-16,2.5320268877993e-15,-0.46535858310116,7.73898329824081e-17,1.35826492456767e-15,-0.707106781186548,8.03873591060957e-15,5.09446308983282e-15,5.69282597485954e-07,2.58907478789538e-16,-2.26020734259667e-07,-6.33174068731535e-16,2.79290479632266e-16,2.2291196666302e-16,-2.89904621155337e-16,4.74620488263508e-06,8.12862733164928e-17,9.19403442267708e-17,-1.32706345912226e-16,1.12565718031619e-16,-5.25116518318717e-17,1.79548481108343e-15
"t62",0.0957386100731226,0.104693194729172,-0.00213963855803406,0.0144779088480053,-0.0108304514251794,0.233222254713124,-0.0301721452149667,0.0475546743114335,0.00806592803746613,-0.0107825205083565,0.000151008801799019,-0.00124411286768951,-9.28659779602702e-05,0.00102038663313899,-0.0453884822557407,0.000704913652377456,-0.0717523028013781,0.30085533488025,0.0390021855563262,-0.000386578768400813,0.111702932110797,0.00246884158617087,-0.00186062228020012,0.000439714481386098,-0.000137329136091616,1.02850171396218e-06,-3.21520586723002e-05,8.34683731189972e-05,7.90723612684455e-17,-2.48072128572197e-05,0.000227514250121349,0.0258430006048071,0.00208016194837039,1.10507110700174e-05,-0.000445286829469368,-7.01073294441523e-06,-1.06229817256383e-05,-9.53150223289777e-17,-2.65315503684277e-05,4.72742291780619e-07,2.60462639185763e-05,-1.43678964386641e-06,-1.35366769847703e-15,-4.14725739129873e-06,-2.00638250100035e-05,-6.87052225927609e-16,-0.0153059961294362,0.0011062283955891,-1.43592455699092e-18,8.41450992828521e-05,2.80643956889794e-06,-7.58022043703156e-06,0.000143862740069667,1.52843366912579e-05,1.34176131711892e-16,-9.61011608761743e-17,-5.54573243351231e-06,2.13370987545147e-16,-1.86359673623831e-16,9.93626081151333e-06,6.77597356768416e-05,3.50039342790991e-06,-1.55722107623366e-05,-0.146610427976156,-5.34294830600857e-16,9.71445146547012e-17,-5.63676688554449e-08,1.38940508404017e-15,-4.41549651507081e-15,0.525878617697952,-1.31677671879193e-15,0.707106781186547,1.08562196630758e-15,2.41978651968675e-15,4.93092760892926e-16,8.31978642173992e-07,5.63785129692462e-18,-3.01093516560241e-07,-5.20417042793042e-17,1.21430643318376e-16,2.48065457064683e-16,3.67665108056974e-16,5.90129536607448e-06,1.4007882786071e-16,2.04697370165263e-16,4.31078783780237e-16,1.2569676612837e-16,-4.52858976276223e-16,1.90472731654159e-15
"t63",0.0957386100731226,0.104693194729172,-0.00213963855803406,0.0144779088480053,-0.0108304514251794,0.233222254713124,-0.0301721452149668,0.0475546743114336,0.00806592803746619,-0.0107825205083565,0.000151008801799099,-0.00124411286768955,-9.28659779602294e-05,0.00102038663313901,-0.0453884822557408,0.000704913652377456,-0.0717523028013781,0.30085533488025,0.0390021855563261,-0.000386578768400814,0.111702932110797,0.00246884158617079,-0.00186062228020011,0.000439714481385939,-0.000137329136091704,1.02850171423974e-06,-3.21520586723939e-05,8.34683731191083e-05,-1.89428412701461e-16,-2.48072128573133e-05,0.000227514250121101,0.0258430006048074,0.00208016194837059,1.10507110701614e-05,-0.000445286829469167,-7.01073294446727e-06,-1.06229817255854e-05,-1.70763915882929e-17,-2.65315503683531e-05,4.72742291738552e-07,2.60462639186674e-05,-1.43678964351079e-06,-9.00916599322381e-16,-4.14725739115128e-06,-2.00638250100832e-05,-7.72443503358072e-16,-0.0153059961294359,0.00110622839558944,3.0788177431473e-16,8.41450992826465e-05,2.80643956895865e-06,-7.58022043727833e-06,0.000143862740069054,1.52843366911232e-05,-5.22836636794534e-18,-1.03334823210042e-16,-5.54573243312373e-06,6.27969898303604e-16,2.40932042694884e-16,9.93626081142659e-06,6.77597356778478e-05,3.5003934281802e-06,-1.55722107625586e-05,-0.146610427976155,4.1286418728248e-16,-2.91433543964104e-16,-5.63676694105564e-08,-1.54726492035406e-15,-3.20963179492909e-15,0.525878617697949,1.42847370323497e-15,-0.707106781186549,-8.88895873122395e-17,-2.54157567900452e-15,-4.82524290487806e-16,8.31978642257258e-07,1.65882932390282e-16,-3.01093516485648e-07,6.59194920871187e-16,9.71445146547012e-17,2.42861286636753e-17,7.88691400460188e-18,5.90129536640061e-06,-5.53794396535455e-17,-1.28369537222284e-16,-1.56125112837913e-16,1.18076725590748e-16,-3.34297972008823e-16,1.47141415732958e-15
"t50",0.0953856056393117,0.104211459851597,-0.00211552868776343,0.0143070726859408,-0.0106223628683713,0.228511631501916,-0.0294624235172544,0.0463613124126235,0.00783194872775694,-0.0104432959325321,0.000145450902589788,-0.00119636272252164,-8.8727287801165e-05,0.000972797542051915,-0.0431400419012718,0.000662746755296715,-0.0671185863885844,0.28137891235625,0.0363735262182191,-0.000356594424696688,0.102522395824224,0.00221756522782639,-0.00164694054773129,0.000380675127674134,-0.000116240963568749,8.62963644848724e-07,-2.67632612519332e-05,6.90542826161135e-05,-9.43664407853447e-17,-1.9836570800116e-05,0.00017996061337178,0.0199392242914309,0.00158725848094981,8.40327846480323e-06,-0.000336734626609418,-5.05965776024554e-06,-7.65268990884438e-06,-1.91813089419072e-18,-1.83686931049211e-05,3.14111223309816e-07,1.72027300263341e-05,-9.391786426915e-07,-6.9947182871099e-16,-2.56854915857939e-06,-1.20609871019539e-05,-2.99026222046996e-16,-0.00844361160004474,0.000581567809248451,2.79194213067812e-17,3.57912133271033e-05,1.0485445150791e-06,-2.80199978370914e-06,3.59275727642655e-05,1.59456867623924e-06,1.41427711879537e-16,-9.42319225523954e-17,2.90566738018333e-06,2.13804668414141e-16,-3.13013944101312e-16,-2.0518301175775e-05,-0.000141626943320919,-7.36052688871064e-06,3.8409464820653e-05,0.8952997459785,9.72312508285e-16,1.07205910815367e-15,1.0025592851094e-05,-4.67101400961067e-16,1.27042444476655e-15,-0.117408845459794,3.72881862188835e-16,6.54871504681794e-16,-4.20088596604291e-16,2.04120981978704e-17,1.02240696735906e-16,1.7783377230865e-06,-1.74285499227045e-16,-5.87184497850401e-07,-2.65412691824451e-16,4.23272528138341e-16,-2.66713734431434e-17,6.37052271119436e-17,1.04996654580487e-05,1.31117398354716e-17,5.57279916657549e-16,-1.8474805019153e-16,6.68182809670852e-17,1.76924337554544e-16,1.77754293620718e-15
"t25",0.0928357462143923,0.10070230975754,-0.00192822732776211,0.012972757484153,-0.00886331168924718,0.188244600901539,-0.0231551443968945,0.0355515086045199,0.00560449908248938,-0.00710604044845186,8.64033013230302e-05,-0.000676629616413121,-3.87886347609533e-05,0.000376440143828764,-0.0133356334346632,-4.71446812676471e-05,0.0226430187476997,-0.0978273731749297,-0.0196736582494074,0.000675970911680865,-0.347037821798772,0.0143913195419374,-0.00562282190972633,0.000884246429216903,-0.000215520761046077,1.48750131687136e-06,-4.3299564747204e-05,0.000106480638739387,1.5457284947948e-16,-2.30340608229698e-05,0.000187686299060528,0.0151692662849817,0.000993708751266775,4.89754284321679e-06,-0.000172163027236834,1.01006018599775e-06,1.77750123490829e-06,9.41066955060568e-17,1.97942914122139e-05,-7.33459321175002e-07,-4.41378056493021e-05,2.81802714154067e-06,2.17847222861681e-15,1.64488578344654e-05,0.000118325866885591,2.69243128205489e-14,0.56321939513506,0.0520747734773494,9.82326570414879e-16,0.000621268346737416,1.63988081532621e-05,-4.36893489858515e-05,0.000629663431303454,0.693551332473386,1.28142380573285e-15,2.13114835776345e-16,-1.49008791995586e-05,-5.03069808033274e-16,2.64183090257209e-17,1.79440358166749e-05,0.000121578361543044,6.26013510081282e-06,-2.52721592327448e-05,-0.00797130612029997,4.30211422042248e-16,0,4.62717489790182e-06,1.06468653338077e-16,3.62467809813678e-17,-0.000604743205979918,-1.2169418629377e-16,-1.35670071729062e-16,-1.83833368276965e-16,5.82370479269071e-17,2.08347559047682e-17,2.11539554292872e-06,-4.77048955893622e-17,-7.40748608504121e-07,-3.05311331771918e-16,1.97758476261356e-16,2.25514051876985e-16,3.49284827792266e-17,1.39529477081388e-05,5.95869141284456e-17,4.16333634234434e-17,1.00613961606655e-16,1.64693319576846e-16,-1.88853733461989e-16,1.77829336078775e-15
"t95",0.0937532586925985,0.101948617284533,-0.00198817199102957,0.0133959488132562,-0.00934801156576756,0.199109203471881,-0.0247324932842496,0.0381517454716331,0.00608603537056414,-0.00777500588125136,9.61371552308398e-05,-0.000756660103433077,-4.42619668976992e-05,0.000432543465474317,-0.0154744430392005,-5.67216190074317e-05,0.0277238536062314,-0.119849135441884,-0.0243449485582443,0.000870438231144891,-0.455431787513311,0.0206062731732448,-0.00859358281475277,0.0015086523111159,-0.000418441982860028,3.0550700545473e-06,-9.39071936666702e-05,0.000241420778360327,1.31637311656674e-16,-7.03993315092216e-05,0.000647490917558005,0.0748657344983944,0.00609989769861853,3.25431546676566e-05,-0.00132094927056161,-2.25814913780258e-05,-3.4351213846877e-05,-3.57397307412472e-17,-9.47924594598398e-05,1.93260833741479e-06,0.000108939030554915,-6.2645736624567e-06,-5.26957912646379e-15,-2.37705627659582e-05,-0.000142046269300261,-2.09553736424088e-14,-0.443585160744527,-0.0338991273048267,-3.88934154218623e-16,-0.000211956178911395,-4.09221505282865e-06,1.06422616591366e-05,-6.9368118151239e-05,0.0132122910062821,4.75993132691819e-17,-1.66831544010127e-17,-2.05705638635367e-06,-3.12250225675825e-17,2.66036464379761e-18,4.03426358994152e-06,2.741199544845e-05,1.413455286882e-06,-5.91168129313036e-06,-0.00214292015461403,-3.2612801348364e-16,1.38777878078145e-16,1.41832558295946e-06,-1.66533453693773e-16,-5.78793615740317e-17,-0.000202150406421676,-1.30934711794083e-17,1.69787343743812e-16,-4.30635036412782e-16,5.10867280516733e-17,-2.15730736265438e-17,8.84151720073612e-07,-1.50487261540988e-16,-3.26274408633115e-07,-1.52655665885959e-16,-3.78169717762944e-16,8.56953397132543e-16,1.82093513003413e-16,6.51995542103739e-06,-3.538185123876e-17,-1.38777878078145e-16,-3.29597460435593e-17,5.46114843585449e-16,-0.707106781186547,8.62528053630912e-16
"t96",0.0937532586925985,0.101948617284533,-0.00198817199102957,0.0133959488132562,-0.00934801156576758,0.199109203471881,-0.0247324932842497,0.0381517454716332,0.00608603537056413,-0.00777500588125132,9.61371552308378e-05,-0.000756660103433112,-4.42619668976795e-05,0.000432543465474304,-0.0154744430392004,-5.67216190074746e-05,0.0277238536062315,-0.119849135441884,-0.0243449485582442,0.000870438231144896,-0.455431787513311,0.0206062731732447,-0.00859358281475273,0.00150865231111588,-0.000418441982860007,3.05507005461669e-06,-9.39071936664343e-05,0.000241420778360382,1.42590096962458e-16,-7.03993315092147e-05,0.000647490917557971,0.0748657344983948,0.00609989769861867,3.25431546676427e-05,-0.00132094927056189,-2.25814913781021e-05,-3.43512138470921e-05,5.44143468680386e-17,-9.47924594599473e-05,1.93260833733803e-06,0.000108939030555015,-6.26457366221383e-06,-5.41588824690597e-15,-2.37705627658194e-05,-0.000142046269300298,-2.09825169854628e-14,-0.443585160744527,-0.0338991273048271,-4.59720720547474e-16,-0.000211956178911325,-4.09221505263783e-06,1.06422616592957e-05,-6.9368118151409e-05,0.0132122910062823,4.08617413681729e-16,9.2351133562345e-17,-2.05705638704756e-06,-2.77555756156289e-17,1.93817474289339e-17,4.03426358973336e-06,2.74119954482687e-05,1.41345528638403e-06,-5.91168129276259e-06,-0.00214292015461412,1.73472347597681e-16,0,1.41832558278598e-06,1.01481323344643e-16,7.64546088164979e-16,-0.000202150406421176,-4.03304763694944e-17,-2.58505250975429e-16,8.67588301556589e-17,-1.00391718001739e-16,6.16686687687391e-17,8.84151720795257e-07,7.41594285980085e-17,-3.26274408511684e-07,2.42861286636753e-16,2.56739074444567e-16,-8.18789480661053e-16,-3.77265502951104e-16,6.5199554207182e-06,3.1967690336678e-19,4.54497550705923e-16,1.71737624121704e-16,-3.2903923803744e-16,0.707106781186548,2.72955850461291e-15
"t23",0.0928682474078052,0.100746459750513,-0.00193035149629275,0.0129877538455034,-0.00888049363871339,0.188629754122346,-0.0232110706653521,0.0356437091537156,0.00562157684872977,-0.0071297682289467,8.67486447999784e-05,-0.000679469205297935,-3.89828953779736e-05,0.000378431580460642,-0.0134115634183902,-4.74848509382322e-05,0.0228235329231083,-0.0986097786352041,-0.0198396464353657,0.000682884788684077,-0.350892505557606,0.0146125757113222,-0.00572866291548842,0.00090651857930088,-0.000222767682632394,1.54351101687433e-06,-4.51085944359296e-05,0.000111305899134606,-6.08763802675762e-16,-2.47311030057706e-05,0.000204171182859422,0.0173127305091445,0.00117717785962694,5.89108339118204e-06,-0.000213463044988496,1.59341162143251e-07,4.74529257383886e-07,-1.11917173985403e-16,1.56504476258815e-05,-6.3675789292077e-07,-3.85830404524253e-05,2.48818547656654e-06,2.30385362558786e-15,1.49820502511507e-05,0.000108806502265901,2.46728390201007e-14,0.526125149817841,0.0488921691602789,9.95721954628529e-17,0.000589639588139383,1.56054469333793e-05,-4.15819380649315e-05,0.000599804948510908,-0.720164853671892,-2.48657762046374e-15,-2.7286884546614e-16,-1.44899669566045e-05,2.53269627492614e-16,-4.18313656208902e-17,1.74788437065296e-05,0.000118428457375935,6.09799518674588e-06,-2.46228578002564e-05,-0.00777405954101734,-2.1163626406917e-16,1.94289029309402e-16,4.51776045577723e-06,-6.76542155630955e-17,-7.55188371241388e-16,-0.000590954131277709,-2.82397777270826e-17,1.85027398414405e-16,5.51459609655718e-16,-2.16518419261226e-17,-6.12978948247806e-17,2.0728023182176e-06,3.90312782094782e-17,-7.26381080187743e-07,8.32667268468867e-17,1.21430643318376e-16,-1.196959198424e-16,1.30085038659579e-16,1.36947236773141e-05,-6.52658394666799e-17,5.10008701937181e-16,-9.54097911787244e-17,-3.79238131215152e-17,-2.80557243051119e-16,1.70827074266736e-15
"t27",0.0911507328182781,0.0983699270727632,-0.00179856639701347,0.012046179868284,-0.00759045630797037,0.158958611593662,-0.0184921284919563,0.0275014092089583,0.00391802705552583,-0.00455633012271799,4.05982261030535e-05,-0.000272229567940997,1.90737241054062e-07,-8.76468070665996e-05,0.009653060615656,-0.00053826035363041,0.0766740172029451,-0.324596895213507,-0.0487675230098385,0.000426895574767106,0.273297687694357,0.0704686151080705,-0.0209614269971942,0.00304306014911791,-0.000771985984508992,5.51494223947208e-06,-0.00016694840604081,0.000425285891143407,-2.23677479960363e-16,-0.000122816354084784,0.00114743027781924,0.147768450723565,0.0135817929822668,7.67627924377853e-05,-0.00354837723948961,-5.20942842189339e-06,-9.63640236837141e-06,-2.38044425654928e-16,-6.39469410372755e-05,1.39120412634332e-06,7.82258966616216e-05,-4.46037438331295e-06,-3.54011727079757e-15,-1.51225917704879e-05,-8.05636355714586e-05,-3.41999104120249e-15,-0.050213395701329,0.465557988998653,-1.28541023784549e-15,0.0957661476607562,7.75823745972209e-07,-2.41359000507577e-06,0.00013692835703618,6.42552412098971e-06,-0.707106781186546,-4.83422118326236e-15,-7.34959445569672e-06,4.18935719448399e-16,-2.40714925550445e-16,1.04299947594321e-05,7.07399747022523e-05,3.64428320606924e-06,-1.48957643918892e-05,-0.00196886832028029,-1.50920942409982e-16,2.77555756156289e-17,3.12992887276965e-06,-9.461832359281e-16,-2.62134503343007e-16,-0.00016956015708572,2.43588467318258e-16,4.59867005448224e-17,3.31107376508965e-16,2.21423775223785e-16,4.91379071268891e-17,1.65528336474458e-06,3.87168595794574e-16,-5.9547486594945e-07,5.58580959264532e-16,3.79904441238921e-16,8.5868812060852e-17,-2.1705298779444e-16,1.15674423934904e-05,1.27016928422355e-16,2.65412691824451e-16,9.8879238130678e-17,1.46189782178865e-16,2.06427471422772e-16,1.72373046801934e-15
"t28",0.0911507328182781,0.0983699270727632,-0.00179856639701348,0.0120461798682841,-0.00759045630797036,0.158958611593661,-0.0184921284919562,0.0275014092089582,0.00391802705552583,-0.00455633012271799,4.05982261030885e-05,-0.00027222956794099,1.90737240980004e-07,-8.76468070665889e-05,0.00965306061565598,-0.000538260353630377,0.0766740172029451,-0.324596895213507,-0.0487675230098385,0.000426895574767133,0.273297687694356,0.0704686151080704,-0.0209614269971941,0.00304306014911776,-0.000771985984508893,5.51494223918758e-06,-0.000166948406041065,0.000425285891143511,-3.63667422402906e-16,-0.00012281635408491,0.0011474302778195,0.147768450723564,0.0135817929822667,7.67627924377337e-05,-0.00354837723949044,-5.20942842221258e-06,-9.63640236850629e-06,1.04911323968056e-16,-6.39469410373232e-05,1.39120412623805e-06,7.82258966611771e-05,-4.4603743841274e-06,-3.75259698079374e-15,-1.5122591771507e-05,-8.05636355722945e-05,-2.81536997561763e-15,-0.0502133957013276,0.46555798899865,-1.11773025406844e-15,0.0957661476607558,7.75823744678973e-07,-2.41359000550836e-06,0.000136928357035623,6.42552411699164e-06,0.707106781186549,4.50552355111226e-15,-7.34959445695266e-06,-8.98586760555986e-16,4.13137113606745e-16,1.04299947604591e-05,7.07399747015126e-05,3.64428320726655e-06,-1.48957643913879e-05,-0.00196886832028054,4.85722573273506e-17,3.46944695195361e-16,3.12992887241056e-06,7.48478969775368e-16,3.57498282858309e-16,-0.000169560157085758,-2.85585376248342e-16,1.61367652105957e-16,-1.86263001701587e-16,-3.33545104191482e-17,-1.18019399563893e-16,1.65528336486254e-06,-2.82109405280728e-16,-5.95474865326684e-07,9.54097911787244e-17,-9.71445146547012e-17,8.41340885848751e-17,3.85658333498857e-16,1.15674423934765e-05,-2.52396552953752e-16,1.99493199737333e-16,1.32706345912226e-16,8.05644598525531e-17,-1.70693975772026e-16,1.93805597673721e-15
"t17",0.0908705407978707,0.0979919979325807,-0.00178145629848843,0.0119260693574069,-0.00746567521505015,0.15620693730693,-0.0181172148760103,0.0269049736074972,0.00381913987764052,-0.0044310819918203,3.92804505268241e-05,-0.000262989530707603,1.83137502552193e-07,-8.3978776018114e-05,0.00922173995178279,-0.000508674423986519,0.0720843399259886,-0.305113623673476,-0.0457050527000939,0.000395453634337673,0.25178130357185,0.0633324614006066,-0.0185027999178971,0.00260865382227314,-0.000640594904307352,4.5148460826594e-06,-0.000134945354678673,0.000340304744974346,-2.13237115354977e-17,-9.24042916964352e-05,0.000844611383243948,0.102957021336718,0.00921146803855562,5.16115034448978e-05,-0.00235161234307861,-2.99286003461671e-06,-5.50034443025241e-06,-3.25333597796272e-17,-3.09109568246736e-05,5.26609046516604e-07,2.83011441318719e-05,-1.48065661530888e-06,-1.76190591594977e-15,-2.32824421270844e-06,-2.86707332026982e-06,1.10700595071138e-15,0.0213133827358452,-0.374290755868478,2.53704650596948e-15,-0.791121307852109,1.245726895697e-05,-3.31067091699712e-05,0.000490971736957542,1.63057800810541e-05,-9.27632263606148e-16,7.40595751934382e-16,-1.33987618267661e-05,2.02962646689286e-16,-1.90431368943628e-16,1.68316739074734e-05,0.000114067612602488,5.87405822729322e-06,-2.37722031467477e-05,-0.00301784134360191,2.77555756156289e-17,-1.38777878078145e-17,4.61042735675279e-06,-1.34983170474445e-16,5.0436763554316e-17,-0.000243093233066665,5.3850938038729e-17,5.78793145767881e-17,-3.70807775847517e-17,-2.76025201556311e-16,8.10967129563709e-17,2.20797153736157e-06,-1.06034972469082e-16,-7.80666833722493e-07,-1.35308431126191e-16,5.20417042793042e-17,1.29236898960272e-16,-1.99479967778455e-16,1.48700883035591e-05,7.62331259767963e-18,1.04083408558608e-17,-3.03576608295941e-17,8.94082150973103e-18,-2.00145831899775e-16,1.64191423276394e-15
"t20",0.0908003136128608,0.0978972648483927,-0.00177716436869005,0.0118959388779578,-0.00743434767410065,0.15551602638702,-0.0180230437293839,0.026755133770174,0.00379428580812975,-0.00439959351999411,3.89489431458792e-05,-0.000260664618831561,1.81223890036888e-07,-8.30549332448271e-05,0.00911306730398719,-0.000501210483081404,0.0709257405375558,-0.300195244760584,-0.0449316884440687,0.000387502717437534,0.246336828746334,0.0615215755406197,-0.0178776221530006,0.00249783460055245,-0.000606958631440141,4.25845454277152e-06,-0.000126729931261824,0.000318466667241571,3.18397621029305e-16,-8.45408387570197e-05,0.000766148208007769,0.0912864788124308,0.0080705227405768,4.5040309114501e-05,-0.00203854403064787,-2.40624675144213e-06,-4.40520046666136e-06,2.47416705082335e-16,-2.20612979419266e-05,2.91702707711818e-07,1.47059114317567e-05,-6.65927315566736e-07,-6.79261651210033e-16,1.25730376410692e-06,1.92742185067464e-05,3.57040048098224e-15,0.0431262915637723,-0.646143616038912,1.61287843248786e-16,0.596474652828543,1.34713056296424e-05,-3.60723061531574e-05,0.000557972917150412,1.8381394306794e-05,-1.62448847978843e-15,-3.49648292892676e-16,-1.47726789401087e-05,1.52655665885959e-16,1.65103722201156e-16,1.8321053314764e-05,0.000124149488403492,6.39294131127163e-06,-2.58416489517417e-05,-0.00326421093942958,-1.94289029309402e-16,5.55111512312578e-17,4.96060598048631e-06,1.05601291600088e-16,-1.13693165645874e-16,-0.000260567133961373,-7.26837396794254e-17,-1.14306605642779e-16,-9.4105053534337e-17,4.24860423260979e-18,3.94292449916855e-17,2.34088429144907e-06,-2.73218947466347e-17,-8.25325510000335e-07,-3.2612801348364e-16,3.81639164714898e-17,6.24500451351651e-17,9.55044488833951e-17,1.56689698062248e-05,1.25653500223051e-16,1.14491749414469e-16,8.67361737988404e-17,1.33556559808779e-16,-2.37370503385713e-16,1.79865126854735e-15
"t31",0.0888586518331087,0.0952740675076034,-0.00165696294034774,0.0110513130840008,-0.00654450050715913,0.135855651312127,-0.0153268078150514,0.0224523532641318,0.00307522529497418,-0.00348422875394005,2.92086797184298e-05,-0.000192134564349937,1.24082184524746e-07,-5.53451445990294e-05,0.00583279649889075,-0.00027054985749446,0.0347079059163019,-0.146387239871209,-0.0205869942462165,0.000130521044759043,0.0681192587789158,-0.00136861352821915,0.00483735567179788,-0.00185469374340472,0.000844149769105932,-7.2721871596979e-06,0.000258077795043198,-0.000739209969007595,5.35613131368338e-16,0.000394938374695396,-0.00449781174277528,-0.951315344959922,-0.113382465013162,-0.000700276534454408,0.0377778974173636,-0.000441301097951556,-0.000632629655938516,-9.36666775047071e-18,-0.000774042968170812,9.65287527388021e-06,0.000511523444535546,-2.65170970200455e-05,-2.22556576885903e-14,-5.91108344447359e-05,-0.000252784453623692,-2.94052634004449e-15,-0.0625411820918361,0.0387154446310193,-2.15791004358399e-16,0.00136923744991832,2.64003794026302e-05,-7.09109420828399e-05,0.00118329385496856,4.01736469890036e-05,-1.03192809698428e-16,-6.10136543995241e-17,-3.25116805861493e-05,-8.56519716263549e-18,1.13797785299591e-16,3.96824757125259e-05,0.000268856768809573,1.38433368343782e-05,-5.58364949315901e-05,-0.00697901333533571,7.17741838185404e-17,-5.03069808033274e-17,1.04625213163093e-05,8.33886995912914e-17,2.84950321245377e-16,-0.000543291592371061,2.576160565635e-17,-2.48762687527147e-16,-2.07017635272919e-16,1.02737924829596e-16,4.79401519813193e-17,4.67971194552733e-06,1.92256150235992e-16,-1.62823260292265e-06,1.88651178012478e-16,7.04731412115578e-18,3.59955121265187e-17,3.00399258404301e-17,3.03958080817297e-05,-3.92649430534239e-18,3.46944695195361e-17,5.14996031930615e-18,1.49948623021682e-16,-5.37867387424919e-16,1.8703599316015e-15
"t22",0.0895300192450364,0.0961399624813072,-0.00167091878365213,0.0111224284207669,-0.00373967439165238,-0.130430079042555,-0.0222079150790641,0.0308795733479359,0.00415254480777263,-0.00479215695788558,4.43098423449125e-05,-0.000306838422769384,-1.88766483083415e-06,-0.000112568788277809,0.0371407412162854,1.79788611664873e-05,0.000846425349777356,-0.00337712718220927,0.000714261011480368,-0.000207119345687076,0.00687285088130012,-0.244020385340055,0.0274180603974711,0.597628318186309,-0.00117874752523617,8.14962625014792e-06,-0.000235002958091198,0.000573899474247117,-2.14085769679852e-16,-0.000123012703644412,0.0141828470707459,0.0344198977040668,-0.180569929544751,0.000152423497741628,-0.00278734673425871,-4.81962853529604e-05,-7.16085106067807e-05,-4.00641881361871e-16,-0.000140985629349092,2.21710010850536e-06,0.000120325882973386,-6.47301460516593e-06,-5.05125906649059e-15,-1.64304954726278e-05,-0.00165039813595646,-2.30259702076082e-15,-0.00198287489179747,0.000778906466877387,0.707106781186547,3.63324377012946e-05,1.18424596533273e-05,-3.18745736067817e-05,0.00904521602289794,2.0777757038261e-06,3.66164879623321e-19,-3.6213050574031e-16,-1.67716190442729e-05,8.44810332800705e-16,-3.21161343511108e-17,2.25618251457858e-05,0.0019536085745242,6.60287216593369e-06,-3.00485335779227e-05,-0.000473705563173706,8.32667268468867e-17,-5.96744875736022e-16,5.95717250416461e-06,-7.0906822080552e-17,5.57930850734185e-16,-3.96841177193376e-05,-1.37877491061278e-16,-9.73468381782982e-18,2.54834770572155e-16,-2.15137871933799e-16,3.09134836043565e-17,2.84429578836787e-06,-2.90566182226115e-17,-1.00420794432732e-06,-1.90819582357449e-16,1.80411241501588e-16,1.0321604682062e-16,3.1477791362093e-16,0.000206654804746131,-1.65565808194685e-16,2.72351585728359e-16,2.00360561475321e-16,1.60113387326029e-16,1.02090037330649e-17,1.74131393823368e-15
"t18",0.0895300192450364,0.0961399624813072,-0.00167091878365213,0.011122428420767,-0.0037396743916524,-0.130430079042555,-0.0222079150790641,0.0308795733479359,0.00415254480777267,-0.00479215695788556,4.43098423449248e-05,-0.00030683842276936,-1.88766483082971e-06,-0.00011256878827783,0.0371407412162854,1.79788611664667e-05,0.000846425349777332,-0.00337712718220931,0.000714261011480457,-0.000207119345686903,0.00687285088130016,-0.244020385340054,0.0274180603974712,0.597628318186308,-0.00117874752523644,8.14962624981486e-06,-0.000235002958091157,0.0005738994742467,1.519168871951e-16,-0.000123012703645307,0.0141828470707452,0.0344198977040669,-0.18056992954475,0.000152423497742682,-0.00278734673425845,-4.81962853529257e-05,-7.16085106061987e-05,6.06096197685323e-16,-0.000140985629349819,2.21710010804566e-06,0.000120325882972543,-6.47301460429683e-06,-5.19211886295268e-15,-1.6430495472005e-05,-0.00165039813595507,2.34121281543717e-15,-0.00198287489179548,0.000778906466874823,-0.707106781186548,3.63324376980765e-05,1.18424596465098e-05,-3.18745736053098e-05,0.00904521602289282,2.07777570458561e-06,1.6775872447645e-16,3.85547321631313e-16,-1.67716190452999e-05,-1.03389519168218e-15,-2.93969210187955e-17,2.25618251451995e-05,0.00195360857452454,6.60287216536611e-06,-3.00485335774821e-05,-0.000473705563173713,4.5102810375397e-17,5.96744875736022e-16,5.95717250382807e-06,-8.79287961885744e-17,-3.48751339175587e-16,-3.96841177188502e-05,2.7130137601312e-16,-1.05299933279987e-16,-1.81890977164155e-16,1.12427477853021e-16,3.48009551110767e-17,2.84429578832623e-06,8.21825246744012e-17,-1.00420794452855e-06,-6.93889390390723e-18,3.81639164714898e-17,1.25767452008319e-16,-2.51558597253365e-16,0.000206654804746076,1.28698052223642e-16,2.08166817117217e-17,-1.87350135405495e-16,1.92597197767053e-16,-8.29362999725883e-17,1.75765002708941e-15
"t90",0.0963753597310969,0.105518012268286,-0.00214786718184608,0.0144996101248253,-0.00611405716895223,-0.220912503683814,-0.0429036856417881,0.0639874282762371,0.0105510100262934,-0.0142447461346064,0.000213144872657421,-0.00181684826758586,-0.000180586729185501,0.00252040773863958,-0.300353475700864,-4.24409556297701e-05,-0.00147277481072991,0.00582400691445572,-0.00106860792064816,0.000199654529658471,-0.00561296242770794,0.110047964774437,-0.0086121635535373,-0.103577253501799,7.88203492996832e-05,-2.39886608854878e-07,-9.70898367660955e-07,1.73667763653657e-05,-1.99864832813744e-16,-2.51128417265677e-05,0.00405411707333453,0.0222677184120186,-0.194298405425182,0.000201781346926104,-0.00572022203679402,3.3312367970606e-05,4.71863028337523e-05,-9.19777747705994e-17,4.52530254565348e-05,-4.34204264104007e-07,-2.20679023816856e-05,1.06095294616013e-06,7.08028003781161e-16,1.34986843709772e-06,-0.0464901679420061,-2.27160172153064e-17,2.57997816983588e-05,1.39415392335328e-05,-9.95713923967362e-16,5.30528946438415e-06,3.0335081710256e-06,-8.5370138637993e-06,0.236158317886978,-6.37148974900261e-07,-1.51014593939321e-16,2.2457477555808e-17,3.39814712146946e-07,-1.17961196366423e-16,4.77913359838372e-16,0.000105994962093035,0.160220054956002,-7.56074629892868e-05,1.13350408119869e-05,2.48885982016911e-05,-2.81025203108243e-16,3.33066907387547e-16,-2.93592300470991e-09,1.82145964977565e-17,-5.11344146452147e-16,-8.59447100071131e-07,1.69428189563493e-16,-1.6064796834611e-16,-7.16117301936733e-17,1.5098623546755e-17,1.04085549138859e-17,1.70937254850845e-07,-7.21428125571855e-16,-5.33880109843121e-08,2.26901830657766e-15,6.48786580015326e-16,-6.76542155630955e-16,7.03502478352096e-16,-0.823443691027158,-3.61672883113585e-14,6.66480759470289e-15,-3.12250225675825e-16,9.43320860089973e-16,-2.26292855476133e-16,1.72286566206239e-15
"t93",0.0964283023221176,0.10559027320193,-0.00215144170796261,0.0145248636748678,-0.00613125020026492,-0.221564829863086,-0.0430506725800423,0.0642208844703171,0.0105953134151653,-0.0143094377451237,0.000214270565437463,-0.0018268369838101,-0.000181731704787876,0.00253709275645528,-0.302458702662407,-4.27961654332466e-05,-0.00148601393884162,0.00587647908859098,-0.00107860276057493,0.000201780368326844,-0.00567598002769732,0.111546979280425,-0.00874276685556767,-0.105377962458327,8.0357879880982e-05,-2.44755961206766e-07,-9.91288765522444e-07,1.77407342916991e-05,-2.00409235702605e-16,-2.57240050437098e-05,0.00415621052018428,0.0228697553943006,-0.19970519875903,0.000207444976951039,-0.0058829809469951,3.43618815122002e-05,4.86782204213261e-05,-1.10955420624123e-16,4.67898947868108e-05,-4.49915690020793e-07,-2.28732277468609e-05,1.10022569030192e-06,6.93465859759706e-16,1.40328453146488e-06,-0.0483902558513895,4.96770636709139e-17,2.69407205793909e-05,1.45812105005211e-05,-9.4969927833206e-16,5.5798497399213e-06,3.19875866091474e-06,-9.00378907633687e-06,0.250399367758135,-6.79279660252717e-07,1.50987026374226e-16,-2.92989680497521e-17,3.68141795534238e-07,-2.02962646689286e-16,4.25127288081101e-16,0.000116920319791401,0.176766896130505,-8.34234645843535e-05,1.25369175715123e-05,2.78764272761941e-05,3.46944695195361e-18,-4.71844785465692e-16,-3.35434931567069e-09,-1.29670579829266e-16,7.92830472325712e-17,-1.00378595341462e-06,-8.77459369341976e-17,3.47412187283031e-16,-2.08581098792197e-16,-8.74946142504813e-18,4.11552679896236e-17,2.50881130266223e-07,5.50124182319145e-16,-1.11597584362758e-07,-1.80411241501588e-15,-2.41126563160776e-16,7.80625564189563e-18,-1.62121875707889e-16,0.401088745630298,1.75024258832733e-14,-2.92994795092483e-15,-5.22967086302728e-14,0.707106781186547,-6.81970102508841e-17,1.77618021752675e-15
"t94",0.0964283023221176,0.10559027320193,-0.0021514417079626,0.0145248636748678,-0.00613125020026492,-0.221564829863086,-0.0430506725800423,0.064220884470317,0.0105953134151653,-0.0143094377451237,0.000214270565437527,-0.0018268369838101,-0.000181731704787892,0.00253709275645529,-0.302458702662407,-4.27961654332809e-05,-0.00148601393884158,0.00587647908859098,-0.00107860276057489,0.000201780368326884,-0.00567598002769731,0.111546979280425,-0.00874276685556768,-0.105377962458327,8.0357879880982e-05,-2.44755961192888e-07,-9.91288765510301e-07,1.7740734291706e-05,-3.13815434734895e-16,-2.57240050436959e-05,0.00415621052018439,0.0228697553943006,-0.19970519875903,0.000207444976951163,-0.00588298094699505,3.43618815122244e-05,4.86782204211079e-05,-1.58311310243307e-16,4.67898947868559e-05,-4.49915689797013e-07,-2.28732277467942e-05,1.10022569035396e-06,6.8816876046095e-16,1.40328453112314e-06,-0.0483902558513896,-3.40672828941341e-17,2.69407205794187e-05,1.45812105005073e-05,-9.38196110534468e-16,5.57984973997979e-06,3.19875866079677e-06,-9.00378907630261e-06,0.250399367758136,-6.79279660935534e-07,2.92177136808772e-16,9.74755234395039e-17,3.68141795492605e-07,-1.56125112837913e-16,3.64294974674092e-16,0.000116920319791616,0.176766896130505,-8.34234645843913e-05,1.25369175713458e-05,2.78764272761702e-05,1.11022302462516e-16,-4.16333634234434e-16,-3.35434910750387e-09,-2.18033056886835e-16,1.63787837728253e-16,-1.00378595346146e-06,1.04066787600754e-17,-2.8564856643451e-17,-1.01363448785299e-16,7.92081324398019e-17,1.28350168974235e-16,2.50881130370306e-07,1.66099772824779e-16,-1.11597584482453e-07,-6.17561557447743e-16,-3.72965547335014e-16,5.89805981832114e-16,-4.96763011494986e-16,0.401088745630297,1.76392853757227e-14,-3.05484804119516e-15,5.2429414976185e-14,-0.707106781186547,-2.85769375882164e-16,1.9534913043332e-15
"t49",0.0955248430695409,0.104355885504919,-0.00208992509032203,0.0140900007333623,-0.00583275757611743,-0.21022738913059,-0.0404867313782047,0.0601416462742564,0.00981789104235262,-0.0131712336798812,0.000194350524088564,-0.00164977991249079,-0.000161301923189204,0.00223872736339434,-0.264696981093283,-3.63556850198057e-05,-0.00124477934183573,0.00492021010315854,-0.000895952213994795,0.000162524816076567,-0.00450682442569117,0.0831852898899141,-0.00623983819014856,-0.070217221031562,4.9785858156572e-05,-1.47268853171317e-07,-5.8055657912396e-07,1.01728643519643e-05,2.7896807715696e-16,-1.30447330288011e-05,0.00202200421412431,0.0100708062508486,-0.0839222242517163,8.58923474253031e-05,-0.00237739848794218,1.11007247059567e-05,1.55764062798778e-05,-2.20080478916294e-17,1.19145673216853e-05,-8.55393063141623e-08,-4.13910437860234e-06,1.81866512313431e-07,1.7358088656543e-16,1.21617420814624e-07,-0.00218784170182542,-2.15792650761582e-17,-1.79439132875353e-06,-1.81883931919813e-06,4.32795284847957e-16,-1.93536830684387e-06,-1.47025178534078e-06,4.21604504786727e-06,-0.181646542975024,6.99875280592642e-07,-5.78525251161083e-16,-1.20120415328912e-17,-8.38074475942308e-07,-1.98625837999344e-16,-1.92243991637542e-15,-0.000585452680368513,-0.892515011566137,0.000422965687475949,-7.10497291313839e-05,-0.000309639279767253,6.10622663543836e-16,9.92261828258734e-16,2.76132941355069e-06,4.2896458954389e-16,1.12479443450031e-16,-1.6255354207499e-05,-2.60216034151306e-16,-5.67363232908032e-16,1.5099716747769e-16,-1.03204201502059e-17,-8.2025761152216e-17,9.96768599482306e-07,-1.89410119533218e-16,-3.46961872418547e-07,-7.80625564189563e-17,1.04083408558608e-17,4.263082942213e-16,-6.31741997712712e-17,0.0129921343376626,5.6373728895517e-16,5.29090660172926e-17,-3.8597597340484e-17,-8.28294148461476e-17,1.13179945871161e-16,1.74444232163258e-15
"t35",0.0947879211509177,0.103348381315666,-0.00203947640752626,0.0137332421486361,-0.00558657608879675,-0.200870256497327,-0.0383655898634865,0.0567630988942635,0.00917219577813813,-0.0122242209251427,0.000177712716651396,-0.00150172860753684,-0.000144142552203845,0.00198774880784473,-0.232865916145452,-3.08860601244138e-05,-0.00103919788922394,0.00410517887410386,-0.000739976227688312,0.000128752124049974,-0.00349754889345521,0.0583457375646715,-0.00402636122968411,-0.0386673398325769,2.19508031126282e-05,-5.80091643748171e-08,-2.02574733505073e-07,3.18127921151989e-06,4.59271737487399e-17,-1.07814625368088e-06,-5.84272339001861e-06,-0.00227711542222974,0.0285341445992767,-3.24130728179498e-05,0.00104595932542988,-1.22531168646189e-05,-1.76926732496684e-05,8.45530962026054e-17,-2.39506247450231e-05,2.97971291957251e-07,1.56447396865962e-05,-7.93525378739446e-07,-8.39906696085389e-16,-1.28011441320915e-06,0.0491475317299682,-3.68750322644126e-17,-3.51555627286157e-05,-2.1314407382414e-05,3.33225451355997e-15,-1.17677819460004e-05,-7.90787301635856e-06,2.25188792563171e-05,-0.864000155867793,3.31457482244294e-06,-1.3295702187102e-16,-2.74040798531608e-16,-1.35394185684645e-05,6.59194920871187e-16,6.39715602962834e-16,0.000237126859184752,0.338801293062155,-0.000155299428878734,6.11120455018543e-06,-0.000196186035165859,-3.53883589099269e-16,-5.27355936696949e-16,2.75164400463657e-06,-1.04083408558608e-16,1.94903974319704e-16,-1.8593337035305e-05,1.67467399800433e-16,4.69210239321593e-16,1.80328819914102e-17,-5.59139628105148e-17,5.49039531280412e-17,1.32421984413988e-06,1.75640751942652e-17,-4.66214417146546e-07,-3.46944695195361e-17,-1.11022302462516e-16,-6.93889390390723e-17,-8.05004580807578e-18,0.00501004716973293,2.39357200530023e-16,1.45716771982052e-16,1.2490009027033e-16,4.3306602287012e-17,-2.34046490122215e-16,1.6129999434973e-15
"t15",0.0925067995254945,0.100226858164946,-0.00188212151974035,0.0126198695804637,-0.00481235523547807,-0.171412177797858,-0.0316640898746057,0.0460708579073574,0.0071199877430454,-0.00920615970678445,0.000124369331695744,-0.00102619788557362,-8.86302264103589e-05,0.00117381425320541,-0.129277683440609,-1.28593466507661e-05,-0.00035752476967349,0.00140212587973635,-0.000220894814920729,1.48236888977487e-05,-7.10889107812772e-05,-0.0284282504371441,0.00386678018746336,0.0776171552415195,-8.44121278403666e-05,2.88149152059824e-07,1.28364378465702e-06,-2.46101263102171e-05,1.23667517830473e-15,4.96676288107159e-05,-0.00879923457651473,-0.0588184525063233,0.55699037934955,-0.000592960064367929,0.0174876648192109,-0.000139551067807269,-0.000200024629775992,-7.78259180160317e-17,-0.0002478113816168,3.11608882279759e-06,0.000164985998653541,-8.52323990924511e-06,-6.31514891011598e-15,-1.64586936767042e-05,0.753608354390363,-1.7099514013157e-16,-0.00243081274139811,0.000912483572226264,5.91471982146819e-16,4.08576570329123e-05,1.38017241902975e-05,-3.73363291102467e-05,0.177639846590976,1.38062376593518e-06,5.91565067951859e-16,1.97086765289264e-16,-1.32923455995471e-05,-4.10262102068515e-16,8.97717737130191e-17,2.87287989673259e-05,0.0179180322125946,-2.48592104404068e-06,-2.26607182826598e-05,-0.000371358445726307,-1.25767452008319e-16,1.38777878078145e-16,4.67526088290121e-06,-1.75803382268525e-16,3.79351399319435e-17,-3.10906864766283e-05,-1.14788147860316e-16,8.03948502184841e-17,2.00096408053207e-17,-1.80520569478801e-16,-3.98261638361726e-17,2.20843201842805e-06,-2.07082614944731e-17,-7.77578330686708e-07,2.09901540593194e-16,-3.46944695195361e-18,1.99493199737333e-16,6.99524535383534e-17,0.00116475307024411,6.22858240411613e-17,2.31585584042904e-16,6.11490025281825e-17,1.25230932300136e-16,-1.93085835587639e-16,1.84210150436118e-15
"t70",0.0918756808765172,0.0993635690552967,-0.00183872988726956,0.012312921271799,-0.0045996014383425,-0.163320681501671,-0.0298260245648446,0.0431402563788955,0.00655847521342261,-0.0083812705002981,0.000109824074522761,-0.000896624321817319,-7.35455186741136e-05,0.000952841874856278,-0.101190993477546,-7.9938463913414e-06,-0.000173925073073904,0.000674144786055078,-8.12611221501701e-05,-1.5686302782606e-05,0.000844658614804942,-0.0514237828455449,0.00594706175612021,0.108027177849565,-0.000112031857094809,3.77816489365024e-07,1.6678297765204e-06,-3.17835404778522e-05,-8.02183188843827e-16,6.26875184906676e-05,-0.011053243368127,-0.0733148710837729,0.69266837093851,-0.000736966979547877,0.021716753974887,-0.000173078598104682,-0.000248121422265357,4.67789637034952e-16,-0.000310041434106492,3.99769922486718e-06,0.000212977006742542,-1.11483968513815e-05,-1.00324280687148e-14,-2.75067532495626e-05,-0.650232916311989,1.64984595579736e-16,-0.00238073783839279,0.000929133731659851,-4.49659874680751e-16,4.20876538055608e-05,1.38216560655103e-05,-3.7265381399407e-05,0.086975399092361,1.88249607062485e-06,-3.54238445029165e-16,3.32525900532582e-17,-1.5780648653551e-05,-2.77555756156289e-17,1.01877802529835e-16,2.73846406700076e-05,0.0115996560058656,1.4980245202243e-06,-2.70970626004364e-05,-0.000433007803286673,8.67361737988404e-18,0,5.41370975106186e-06,1.02538420462817e-16,-2.18761176394704e-16,-3.58636153222846e-05,4.90476405504055e-17,1.43701659322847e-18,2.79056044070686e-17,3.9645785523607e-17,7.70143623924819e-17,2.52300296916565e-06,3.97360096215937e-17,-8.86191566791365e-07,-2.34187669256869e-17,1.81712284108571e-16,-3.88144377749811e-17,-6.99931415302269e-17,0.000859875930901135,-3.21545511031742e-17,2.3635607360184e-16,1.0842021724855e-16,6.99691575630564e-17,-3.35015370102181e-16,1.71430959644661e-15
"t66",0.091804437007573,0.0992130804183022,-0.00180876714706635,0.0120864889153863,-0.00427617802108368,-0.150006810737655,-0.0259356473128617,0.0361960427844017,0.00481414060851602,-0.00535661322716904,3.30872754488338e-05,-0.000133067553738236,6.87047657698812e-05,-0.00153862201708588,0.318140817277457,0.000610329756376409,-0.0146515047741185,0.0553908651449862,-0.00606534721917197,0.000546379638366246,-0.0132269879226555,0.214607072418174,0.157734423687671,-0.0190202307517136,-1.98864962876093e-05,2.70018964017987e-07,-1.02228911063465e-05,2.75177493298858e-05,5.157605162064e-16,1.39444498291575e-05,-0.518821654615414,0.00842846193695236,-0.0255230368053138,1.40063291557844e-05,0.000130533290338294,-2.25759510648861e-05,-3.31601609817019e-05,9.65066446948085e-17,-5.85247462009404e-05,9.00922484209539e-07,4.8855086717547e-05,-2.62640861821602e-06,-2.39696080684967e-15,-6.69542928304198e-06,-0.000309959439715249,-3.17921652179554e-16,-0.000824697796270748,0.00032645384035438,2.70612164930922e-16,1.56069902927838e-05,5.13262655096273e-06,-1.38223909462293e-05,0.00207766007427978,9.44166604813753e-07,-4.37690455929766e-17,1.33840574455527e-17,-7.85050113838795e-06,3.07046055247895e-16,-1.24441401192738e-16,1.05334982184015e-05,0.000515785971574299,3.36350130855505e-06,-1.44685927886403e-05,-0.000230207126963949,1.34441069388203e-16,2.0122792321331e-16,2.93158573263542e-06,-1.85046205788963e-16,-4.45906292235107e-16,-1.97256799157395e-05,2.35472367225823e-16,-2.41844696918604e-15,8.06732075356723e-15,0.707106781186548,-1.11497613698964e-15,1.4632681632834e-06,1.14654379740342e-16,-5.22041432813539e-07,2.35055030994857e-16,-3.76434994286967e-16,-9.12247707929303e-16,2.22454839988656e-16,6.41518760210787e-05,2.55987724854126e-16,5.19549681055054e-16,1.62847166307323e-16,5.96398379736912e-17,-1.96580481320842e-17,1.55611060600226e-15
"t67",0.091804437007573,0.0992130804183022,-0.00180876714706635,0.0120864889153863,-0.00427617802108369,-0.150006810737655,-0.0259356473128617,0.0361960427844017,0.00481414060851604,-0.00535661322716905,3.30872754487809e-05,-0.000133067553738387,6.87047657698745e-05,-0.0015386220170859,0.318140817277457,0.000610329756376404,-0.0146515047741186,0.0553908651449861,-0.00606534721917187,0.000546379638366229,-0.0132269879226556,0.214607072418174,0.157734423687671,-0.0190202307517138,-1.98864962877091e-05,2.70018963931251e-07,-1.02228911064445e-05,2.75177493298528e-05,4.11137408697389e-16,1.39444498291575e-05,-0.518821654615414,0.00842846193695229,-0.0255230368053139,1.40063291556379e-05,0.00013053329033807,-2.25759510649017e-05,-3.31601609817012e-05,-1.85649779902275e-16,-5.85247462008918e-05,9.00922484205094e-07,4.88550867176871e-05,-2.62640861836043e-06,-2.41505040913601e-15,-6.69542928301596e-06,-0.00030995943971558,2.56866026313939e-16,-0.000824697796270748,0.000326453840354625,4.17777665270896e-18,1.56069902929153e-05,5.13262655089377e-06,-1.38223909463852e-05,0.00207766007427987,9.44166604854895e-07,-3.0533463013315e-16,-2.66418965286677e-17,-7.85050113822836e-06,2.73218947466347e-17,-2.00678315608311e-17,1.05334982185706e-05,0.000515785971574303,3.36350130859413e-06,-1.44685927887843e-05,-0.000230207126963672,-5.20417042793042e-17,-4.09394740330526e-16,2.93158573259032e-06,3.37593451457674e-16,3.22969563409089e-16,-1.97256799155821e-05,-3.87966286420364e-16,2.66666445295254e-15,-8.21045704300033e-15,-0.707106781186547,1.1049141874539e-15,1.46326816391137e-06,-4.98190898257089e-17,-5.22041434052132e-07,-1.74339709335669e-16,-2.25514051876985e-17,8.26378895868451e-16,-2.33987497620829e-16,6.41518760211898e-05,-2.44574877501044e-16,-1.77809156287623e-17,-1.55257751099924e-16,7.35174894757318e-17,-2.83336049135387e-16,1.86315665637891e-15
"t99",0.0920629351657673,0.0995633938955549,-0.00182497949405873,0.0122002653043065,-0.00434451171166123,-0.152541115035716,-0.0264559244305034,0.0369779108309552,0.00493721101217632,-0.00550737676121265,3.42139123703101e-05,-0.000137840584077708,7.16852436326232e-05,-0.00160945846617194,0.334011819528494,0.000649926301219996,-0.015715643122782,0.0594286514550015,-0.00653538590684201,0.000599386287318366,-0.0146432474834211,0.24915284810462,0.191154250134396,-0.0252814721607158,-3.10073662019164e-05,4.64444231792344e-07,-1.98724315833296e-05,6.0883792583101e-05,-6.36360455609521e-16,-4.32246767002493e-05,0.479630450611512,0.000502692102912984,-0.00548000255237123,3.51480166751496e-06,3.93358166954892e-05,-1.18832941103809e-05,-1.76203482454007e-05,1.37160641521734e-16,-3.57517055090263e-05,5.93564638238196e-07,3.24490429610515e-05,-1.76677475481092e-06,-1.50755312924552e-15,-4.72829189579601e-06,-0.000222992780640034,-2.03664358426201e-16,-0.000615093878257367,0.000246790561948877,-1.87224181475787e-16,1.22080110694653e-05,4.0598835719676e-06,-1.09415861938327e-05,0.00167336234292686,7.70303154642751e-07,-9.74631367688262e-17,1.22112673234393e-16,-6.55398946519323e-06,-2.6628005356244e-16,5.60736337197626e-18,8.91628540769171e-06,0.000436643033738742,2.8475494717995e-06,-1.22655060678985e-05,-0.00019629006170737,1.31838984174237e-16,-1.73472347597681e-17,2.5157397418752e-06,-2.7527893159407e-16,-9.51058408179762e-17,-1.7009337878428e-05,-2.18108894170287e-17,-3.1084207046059e-16,-1.33388288136776e-17,1.35911017001578e-16,2.82458355797497e-16,1.28090860072524e-06,1.01806583996389e-16,-4.58901221582226e-07,-4.55364912443912e-16,-2.04697370165263e-16,4.92227786308419e-16,-1.68695882180913e-17,5.6679738148423e-05,1.77730876182125e-17,-3.90312782094782e-17,4.52762827229947e-16,3.01037564404272e-17,5.15600902984457e-16,-0.707106781186546
"t100",0.0920629351657673,0.0995633938955549,-0.00182497949405873,0.0122002653043066,-0.00434451171166123,-0.152541115035716,-0.0264559244305034,0.0369779108309552,0.00493721101217635,-0.00550737676121263,3.42139123703402e-05,-0.000137840584077714,7.1685243632576e-05,-0.00160945846617191,0.334011819528494,0.000649926301219927,-0.015715643122782,0.0594286514550014,-0.00653538590684202,0.000599386287318377,-0.0146432474834211,0.24915284810462,0.191154250134396,-0.0252814721607158,-3.10073662019841e-05,4.64444231764588e-07,-1.98724315832819e-05,6.08837925830698e-05,-5.95420812170138e-16,-4.32246767002355e-05,0.479630450611511,0.000502692102912918,-0.0054800025523712,3.51480166754098e-06,3.93358166954376e-05,-1.18832941103835e-05,-1.76203482453786e-05,-2.05442043630002e-16,-3.57517055089608e-05,5.93564638192985e-07,3.24490429610292e-05,-1.76677475490937e-06,-1.21224002620296e-15,-4.72829189579298e-06,-0.000222992780640025,1.5342785060678e-16,-0.00061509387825733,0.000246790561949062,2.57573663309822e-17,1.22080110694677e-05,4.05988357204869e-06,-1.0941586193874e-05,0.00167336234292689,7.70303154557377e-07,2.12387630668365e-16,-2.0564216760286e-17,-6.55398946521057e-06,-5.20417042793042e-18,1.53354969790782e-16,8.91628540791809e-06,0.000436643033738127,2.84754947198319e-06,-1.22655060678959e-05,-0.000196290061707324,-3.03576608295941e-17,-5.20417042793042e-17,2.51573974183184e-06,-3.43366828026159e-16,1.30132978458439e-16,-1.70093378783374e-05,1.71055125489923e-16,-2.69979368502821e-17,2.82945400267032e-17,2.77290985093547e-16,-2.1193782841697e-16,1.28090860085361e-06,-1.40675231879994e-16,-4.5890122195389e-07,3.08780778723872e-16,3.34801630863524e-16,-2.05998412772246e-16,-1.62762543131482e-16,5.66797381483207e-05,8.28631985192514e-18,3.2612801348364e-16,-5.45787373629203e-16,2.24392799923477e-16,-8.72177874398626e-16,0.70710678118655
"t84",0.0908873378368189,0.0979657714497945,-0.00174943387772651,0.0116691375221735,-0.00401689664356175,-0.140344913688278,-0.0239189681613606,0.0331406785415674,0.00432296935521607,-0.00474652390887036,2.83793104486141e-05,-0.000112921322687606,5.55848380259109e-05,-0.00122205179014737,0.245624823962894,0.000412512894904386,-0.00907248727865778,0.0341860514271342,-0.00352326386797217,0.000219374624994258,-0.00382971808606031,-0.154568452787206,-0.585369068024584,-0.141835580646784,-7.76403178047941e-05,9.98736214098683e-07,-3.79576691222679e-05,0.000106594759262349,2.3282948859535e-18,-3.26901053624325e-05,0.0201367386340118,0.00773550583566629,-0.0267506376822202,1.50822731850584e-05,0.000145597346609252,-2.84483993816679e-05,-4.18689810588787e-05,-4.24068413854823e-17,-7.58734467231855e-05,1.18027309835549e-06,6.40591851202392e-05,-3.44805342424297e-06,-3.02880355736732e-15,-8.81781396147065e-06,-0.000408380281745392,-2.70279669954453e-17,-0.00108569339426281,0.000429366330563485,2.20389178741543e-16,2.04396805451261e-05,6.70796900273905e-06,-1.80621082635686e-05,0.00270394267107109,1.22420754388037e-06,2.27962593603203e-16,8.28345543798478e-17,-1.00940297234967e-05,5.3776427755281e-17,2.3407622116094e-16,1.34591284127262e-05,0.000659009071376553,4.2973657606743e-06,-1.84735221901936e-05,-0.000293048986284281,2.8796409701215e-16,7.63278329429795e-17,3.71862781327337e-06,1.2793585635329e-16,2.72391912658289e-16,-2.49504275001951e-05,-2.700834297939e-16,4.41109178367577e-17,-8.42582087007522e-17,4.92660206284559e-16,-6.98986117825835e-17,1.83255486440118e-06,6.53611279682886e-16,-6.51784634727801e-07,-6.33174068731535e-16,2.19962936753859e-15,3.46901327108462e-15,-0.707106781186547,7.97826370201836e-05,-8.65144392220685e-15,-1.21777588013572e-15,3.46944695195361e-17,2.77817661027253e-16,-5.49298873148429e-16,1.67958034997351e-15
"t85",0.0908873378368189,0.0979657714497945,-0.00174943387772651,0.0116691375221735,-0.00401689664356175,-0.140344913688278,-0.0239189681613606,0.0331406785415674,0.00432296935521608,-0.0047465239088704,2.83793104486272e-05,-0.000112921322687637,5.55848380258886e-05,-0.00122205179014734,0.245624823962894,0.000412512894904287,-0.00907248727865786,0.0341860514271341,-0.0035232638679721,0.000219374624994284,-0.00382971808606036,-0.154568452787206,-0.585369068024584,-0.141835580646784,-7.76403178048158e-05,9.98736214150725e-07,-3.79576691221396e-05,0.000106594759262304,-3.54019407165112e-17,-3.26901053625487e-05,0.0201367386340118,0.00773550583566626,-0.0267506376822201,1.50822731850675e-05,0.000145597346609161,-2.84483993815291e-05,-4.18689810586746e-05,2.53055718189309e-16,-7.58734467232523e-05,1.18027309837945e-06,6.40591851204379e-05,-3.44805342432364e-06,-3.00711817492465e-15,-8.81781396140906e-06,-0.000408380281745391,3.71353708479376e-17,-0.00108569339426281,0.000429366330563512,-1.90347012013242e-16,2.04396805449652e-05,6.70796900260808e-06,-1.80621082635205e-05,0.002703942671071,1.22420754388908e-06,-2.4565505828927e-16,-1.10523797466046e-16,-1.00940297235175e-05,-1.71737624121704e-16,-1.86327499055299e-16,1.34591284126403e-05,0.000659009071376532,4.29736576079435e-06,-1.84735221902647e-05,-0.000293048986284405,-8.50014503228635e-17,-1.17961196366423e-16,3.71862781339827e-06,-1.36988944493543e-16,-2.98553186564581e-16,-2.49504275006158e-05,1.89997761948913e-16,-4.6962065413976e-17,-5.99720808694072e-17,-5.68990561748794e-16,8.96959470261669e-17,1.83255486482792e-06,-6.32089866559049e-16,-6.51784634814537e-07,4.26741975090295e-16,-2.09207651202803e-15,-3.35668992601512e-15,0.707106781186548,7.97826370213372e-05,8.61924616398898e-15,1.47624967805626e-15,1.34874750257197e-16,-1.1076039978249e-16,1.72346092333311e-16,1.74896928893443e-15
"t7",0.0838637774128072,0.0884108343545261,-0.00129188695619826,0.0084475030518428,-0.00196073831018145,-0.0632449159569439,-0.00735558545715943,0.00755540955287361,-0.00011407007967226,0.00124560529194736,-5.0265543875033e-05,0.000494463252981417,6.35042306130157e-05,-0.000855094784864003,0.0770077455159067,-0.000267266040507993,0.0103351346835471,-0.039560175922143,0.00523593230927793,-0.000790760882776469,0.0227379597717806,-0.521483417589169,0.306499319590344,-0.305235013909494,-0.00367426804901653,2.24503439206006e-05,-0.000600754387384902,0.00140023868676258,8.94927499373462e-16,-0.000238423005524341,0.00562521333759067,0.0358677845493976,-0.0353695497864791,-4.42273239621791e-05,0.00478334904846295,-0.00017538044510339,-0.000256068610750739,0.707106781186546,-0.000411751681911286,5.95713767624357e-06,0.000320625686429208,-1.70267022842601e-05,-1.44598951637426e-14,-4.11821348269168e-05,-0.00051920044831453,-1.12750400141713e-16,-0.0047148916339987,0.001827048666714,7.30660426282748e-16,8.21355850554044e-05,2.63817104637471e-05,-7.0927628604946e-05,0.00327231577479627,4.56242569278531e-06,-2.09208631732141e-16,-2.87835434511415e-16,-3.55590421423288e-05,3.21791204793698e-16,1.83057502387788e-16,4.47745886181412e-05,0.000771728753074071,1.52923905183791e-05,-6.26399143489696e-05,-0.000976474410515065,3.12250225675825e-17,-2.08166817117217e-17,1.21621295884611e-05,1.65937142498906e-16,-1.43902217912875e-16,-8.04314753200391e-05,-2.90153355663482e-16,-4.98205707538572e-18,-3.87527956089707e-16,-6.84012834523116e-17,4.70761318843977e-18,5.62878418728166e-06,-2.85145171363688e-17,-1.97333301526353e-06,-1.90819582357449e-17,8.93382590128056e-17,6.11490025281825e-17,-1.80429000157658e-16,8.97272039660085e-05,2.21685458359555e-17,3.07913416985883e-16,1.7130394325271e-16,5.04452381042212e-17,-2.22586419962913e-16,1.80722827723204e-15
"t43",0.0838637774128072,0.0884108343545261,-0.00129188695619824,0.00844750305184279,-0.00196073831018146,-0.063244915956944,-0.00735558545715943,0.00755540955287361,-0.000114070079672261,0.00124560529194739,-5.02655438749529e-05,0.000494463252981387,6.35042306130195e-05,-0.000855094784863946,0.0770077455159068,-0.000267266040507889,0.0103351346835471,-0.0395601759221431,0.00523593230927803,-0.000790760882776516,0.0227379597717806,-0.521483417589169,0.306499319590344,-0.305235013909493,-0.00367426804901614,2.24503439206353e-05,-0.000600754387384959,0.00140023868676245,-8.23099263147064e-16,-0.000238423005525738,0.0056252133375907,0.0358677845493976,-0.0353695497864786,-4.42273239628088e-05,0.00478334904846358,-0.000175380445104246,-0.000256068610753739,-0.707106781186547,-0.000411751681924517,5.95713767538467e-06,0.000320625686429862,-1.70267022842809e-05,-1.44952194015629e-14,-4.11821348272256e-05,-0.000519200448315022,-3.47034420274457e-16,-0.0047148916339987,0.00182704866671367,-4.61961963455235e-16,8.21355850556209e-05,2.63817104635615e-05,-7.09276286049621e-05,0.00327231577479608,4.56242569296858e-06,1.08245764371753e-16,2.66358529362297e-16,-3.555904214219e-05,-4.83987849797529e-16,-1.11808788181509e-16,4.47745886178377e-05,0.000771728753074052,1.52923905184682e-05,-6.26399143489748e-05,-0.000976474410515046,-1.35308431126191e-16,1.80411241501588e-16,1.21621295882789e-05,-2.73056317140474e-16,3.65090235868453e-17,-8.04314753201562e-05,1.58896079114361e-16,1.19918033136581e-16,1.29419639685799e-16,5.99682537116596e-17,1.15729915572599e-16,5.62878418722615e-06,1.0169816377914e-16,-1.97333301526093e-06,-1.42247325030098e-16,-1.04950770296597e-16,-1.76941794549634e-16,1.24882331615183e-16,8.97272039659287e-05,-1.652391920877e-17,3.24393290007663e-16,-2.64111649217469e-16,1.38048773476462e-16,-1.87891950482783e-16,1.76212546685072e-15
"t32",0.048742634728467,0.0395401927036556,0.00156324237227643,-0.0120495286529847,0.0222709678851372,-0.00892308366232727,0.15704832535458,-0.286044929660779,-0.0782401903969391,0.158980844985988,0.0288484322258802,-0.0440129430148154,-0.000584171874679543,0.00402696211887901,-0.0108293314563924,-0.000730185748606567,0.0248759123915796,-0.0584205107627832,0.580158516784666,0.00376792020861456,-0.00765599295767577,0.0335379060510624,-0.0103417309842038,0.00148403853778011,-0.00359596986278874,2.3649940420381e-05,-0.000665636843763601,0.00160127650164376,2.45524851731515e-17,-0.000301005793439987,0.000292141337187968,0.00701148650627746,-0.00235845653613404,-0.000236090015363093,0.0380098344261509,-0.00025258587279375,-0.000370192360723762,-2.67869141212337e-17,-0.000624216879572967,9.25361174813422e-06,0.000499396498577164,-2.6634638807645e-05,-2.27753019176774e-14,-6.55053323196375e-05,-3.73606681723674e-05,-7.92367869192683e-16,-0.00101964111899466,0.000400932418445635,-2.28894125852685e-16,1.8774387577868e-05,4.48058608342357e-05,-0.00012050488159653,0.000289030210609846,1.11106589295122e-06,4.60699018025374e-15,-0.707106781186548,-6.28755943606479e-05,-3.19883008970123e-15,7.058679694581e-16,7.9234463283416e-05,7.84324647629979e-05,2.79742076525193e-05,-0.000112283861073887,-0.000258228316786293,8.77770078844264e-16,5.27355936696949e-16,2.20677669359945e-05,2.3039296165317e-16,-6.51761861682483e-16,-2.18214804720649e-05,-2.05288853060712e-16,-1.96388174722273e-16,4.01351817279304e-17,-7.35414359713691e-17,1.68515813891862e-16,1.0422851263292e-05,-1.40078920685127e-16,-3.67122033284942e-06,4.05925293378573e-16,2.53269627492614e-16,-2.42861286636753e-17,-4.03813939456801e-17,1.07541758264593e-05,-4.02356269587858e-17,1.66533453693773e-16,-3.55618312575245e-17,6.0604109027614e-17,-5.47471855162496e-17,1.67442982812777e-15
"t29",0.048742634728467,0.0395401927036556,0.00156324237227642,-0.0120495286529847,0.0222709678851372,-0.00892308366232724,0.15704832535458,-0.286044929660779,-0.0782401903969391,0.158980844985988,0.0288484322258803,-0.0440129430148153,-0.000584171874679416,0.00402696211887907,-0.0108293314563924,-0.000730185748606544,0.0248759123915797,-0.0584205107627831,0.580158516784666,0.00376792020861469,-0.00765599295767575,0.0335379060510624,-0.0103417309842038,0.00148403853778004,-0.00359596986278915,2.36499404207002e-05,-0.000665636843763161,0.00160127650164377,9.26403816052677e-17,-0.000301005793439908,0.00029214133718788,0.0070114865062774,-0.00235845653613417,-0.000236090015363308,0.0380098344261507,-0.000252585872793906,-0.000370192360723815,1.84740645174118e-16,-0.000624216879573095,9.2536117479898e-06,0.000499396498577272,-2.6634638807704e-05,-2.25098936235603e-14,-6.55053323194155e-05,-3.73606681724958e-05,7.05740799135357e-16,-0.0010196411189946,0.000400932418445934,3.79126451509575e-16,1.8774387579051e-05,4.4805860834587e-05,-0.000120504881597029,0.000289030210609439,1.11106589249225e-06,-4.59051368918595e-15,0.707106781186548,-6.28755943583442e-05,3.20923843055709e-15,-7.46516964510981e-16,7.92344632826632e-05,7.8432464763121e-05,2.79742076527516e-05,-0.000112283861075427,-0.000258228316785998,-8.39606162372775e-16,-6.24500451351651e-16,2.20677669373684e-05,-5.17489696927331e-16,6.56219639472406e-16,-2.18214804717926e-05,1.39799146837236e-16,1.17596777477839e-16,-7.60912897451409e-17,1.46768446590421e-16,-4.83246194720051e-17,1.04228512634169e-05,4.49293380277993e-16,-3.67122033260829e-06,-2.15105711021124e-16,-1.52655665885959e-16,2.81025203108243e-16,-1.95647122177048e-17,1.07541758264523e-05,8.1950569465839e-17,1.87350135405495e-16,-9.71445146547012e-17,1.79432662147535e-16,-3.08884176002567e-16,1.8708872615961e-15
"t68",0.0498001449474462,0.0406278827252597,0.00168263016514367,-0.0130236835089571,0.0257356779147917,-0.0104190292337755,0.190573387920409,-0.354224876670825,-0.102661917290997,0.217755298034267,0.0445237579244798,-0.0710255870027553,-0.00120792565557206,0.00945149719943955,-0.0327000106464741,0.0027045227031212,-0.0271833732388047,0.0617575239112958,-0.352837764527763,0.000290502475659111,-0.00164102205693285,0.016974425455328,-0.00631128918085956,0.00108338925732956,-0.00303797789945212,2.11379335568231e-05,-0.000627340068408797,0.00157519997348574,-3.17574602490267e-17,-0.000400615336293868,0.000446880083757305,0.0180805279284383,-0.00973839953122008,-0.00122617279977582,0.35504194300877,0.00023836160966967,0.000326815246890964,1.03995020367219e-16,0.000140259180175103,1.12318504131301e-07,1.71222595377386e-05,-1.81374438552656e-06,-1.73025754602418e-15,-1.22344208548803e-05,-8.52941023079189e-06,1.46696814781106e-16,-0.000310050240321496,0.000132704653853379,-3.81089176032752e-18,7.43826806145466e-06,1.86743443403835e-05,-5.03885564128243e-05,0.000129916736623293,5.24963588179534e-07,1.95883503614733e-17,-2.18799458804159e-16,-3.2261878629182e-05,1.37476835471162e-16,-1.31467723144538e-16,4.25826219025184e-05,4.21661402620788e-05,1.5041808680275e-05,-6.06393876658191e-05,-0.000142102717239636,4.02455846426619e-16,2.25514051876985e-16,1.2394508049943e-05,1.00234490846285e-16,7.87130370704535e-16,-1.24433790834929e-05,-3.86317427842757e-16,-9.39556174102433e-16,5.25550617315533e-15,9.43918064257916e-16,0.707106781186547,6.22641583198497e-06,4.00883753276515e-16,-2.22130143534343e-06,-5.10008701937181e-16,-8.18789480661053e-16,-5.07406616723216e-16,6.70425927852832e-17,6.60786416279216e-06,1.09222986754634e-16,2.73218947466347e-16,-1.26634813746307e-16,1.32465782298743e-16,-1.56992375839849e-16,1.70482847339823e-15
"t69",0.0498001449474462,0.0406278827252597,0.00168263016514365,-0.0130236835089571,0.0257356779147916,-0.0104190292337755,0.190573387920409,-0.354224876670825,-0.102661917290997,0.217755298034267,0.0445237579244797,-0.0710255870027552,-0.00120792565557202,0.00945149719943956,-0.0327000106464741,0.00270452270312102,-0.0271833732388048,0.0617575239112958,-0.352837764527763,0.000290502475659139,-0.00164102205693281,0.0169744254553279,-0.00631128918085951,0.00108338925732955,-0.00303797789945205,2.11379335566843e-05,-0.000627340068408636,0.00157519997348571,-3.67447902377438e-17,-0.000400615336293803,0.000446880083757419,0.0180805279284383,-0.00973839953122008,-0.00122617279977581,0.355041943008769,0.000238361609669705,0.000326815246891095,1.6364156921849e-16,0.000140259180175134,1.12318504091945e-07,1.71222595379632e-05,-1.81374438535699e-06,-2.04558059580076e-15,-1.22344208547793e-05,-8.52941023092604e-06,-2.57743794656579e-16,-0.000310050240321514,0.00013270465385332,7.03485339174646e-17,7.43826806140188e-06,1.86743443402317e-05,-5.03885564127762e-05,0.000129916736623318,5.24963588246728e-07,1.18684428890246e-16,2.19723843141065e-16,-3.22618786290918e-05,-4.32379826387219e-16,1.65686830244468e-16,4.25826219026372e-05,4.21661402622814e-05,1.50418086803097e-05,-6.06393876654591e-05,-0.000142102717239575,-3.26995375221628e-16,4.5102810375397e-17,1.23945080490982e-05,2.28224557308199e-17,-9.34149001096033e-16,-1.24433790835744e-05,4.95796221339505e-16,9.42618724499034e-16,-5.32630711029987e-15,-1.15423005088098e-15,-0.707106781186548,6.22641582163908e-06,-3.23146457509305e-16,-2.22130143656468e-06,8.15320033709099e-17,9.26342336171615e-16,5.91757545742588e-16,4.6225912062616e-17,6.60786416290839e-06,-2.3330360036691e-16,1.97758476261356e-16,-1.07119174641568e-16,1.55886057413693e-17,-3.01408148922936e-16,1.89911749618649e-15
"t8",0.0490968491459655,0.0399098716471499,0.00160830509705535,-0.0124202692890683,0.023748441545785,-0.00957061487952236,0.172307529226673,-0.317820150030889,-0.0903090432057569,0.189108491291701,0.0375481932669394,-0.0593597153361353,-0.000972628949119405,0.0075109127700554,-0.0254959606320887,0.00195806306270824,-0.01894037858412,0.0429737264688697,-0.239994322337862,0.000179342007877817,-0.000963432338267851,0.00756207270297612,-0.00212681842579868,0.000161845132529065,0.000233918804559117,-3.74432446602346e-06,0.000172453723620418,-0.000559323450684442,-1.77276384052537e-16,0.000360106134075756,-0.000499699033154391,-0.0315154309287715,0.0204087613098364,0.00271845561031246,-0.861692104581395,-0.0012768255674622,-0.00181120668943292,-3.89451478034015e-16,-0.00196484962286258,2.34237572765204e-05,0.00123568775048037,-6.35967930215971e-05,-5.32666021849405e-14,-0.000136754164322959,-7.41456161984238e-05,1.34098528167881e-16,-0.00183552790194992,0.000696071970543737,-1.22225345111677e-17,2.97618919774434e-05,6.89617115526564e-05,-0.00018510791062782,0.000424224955904259,1.57679891195269e-06,-2.90152633021704e-16,-1.47110977306391e-16,-8.40787233313961e-05,-1.66533453693773e-16,6.14907902100255e-17,0.000102285450515402,0.000101223160125681,3.60981047622436e-05,-0.000144403236354843,-0.00032727024078415,-2.42861286636753e-17,-1.66533453693773e-16,2.7522518004381e-05,-1.46909394371786e-16,2.030549202448e-16,-2.68911441406866e-05,-7.1919601528877e-17,1.22093710885424e-18,-1.56923739235295e-17,1.75141688019708e-16,1.0585565913497e-16,1.23789541673983e-05,6.2981304199683e-16,-4.31639468033082e-06,-5.55111512312578e-17,-5.89805981832114e-17,1.38777878078145e-16,-1.02240377242156e-17,1.24918182417867e-05,1.1669010635797e-16,3.41740524767431e-16,-4.59701721133854e-17,1.87689397493053e-16,5.09130247459893e-17,1.7669578146492e-15
"t2",-0.0382758113782966,-0.000823110954361262,0.00936947913311258,-0.0664625288496058,0.0549551676581367,-0.00398094840199696,0.137042023200161,-0.198546361153467,0.11701817930559,-0.565196043196121,0.156596692512245,-0.202982778885636,-0.00281250853977099,0.149856634323521,-0.00291362160072901,0.00233546067118199,-0.00687083404740793,0.00325592296847202,-0.00809059535610951,0.0116277895807624,-0.000847228144120235,0.00550397020208981,-0.00188420784043845,0.000296505220821537,-0.00426537395356072,2.80337910903983e-05,-0.000787700104698245,0.00189094576105509,-0.707106781186548,-0.00127156838641375,6.16775081970734e-05,0.00136529452665906,-0.00038980468469929,-0.000545577644407803,0.00231964127241821,-0.00135972912047179,-0.00054557939155018,6.00105652540892e-16,-0.00313987121597331,4.49511406344304e-05,0.00067921989653633,-0.000129938472733456,-1.10347195463834e-13,-8.81081452430172e-05,-9.64325980428631e-06,3.42302158440533e-17,-0.000264297233785328,0.000104145568217289,-5.04635688842988e-17,4.91297406437466e-06,0.000206947517419591,-0.000556436653342365,7.62240516062468e-05,2.94443225212711e-07,-2.32009045936493e-16,1.11474195142515e-16,-8.30662023151296e-05,-2.32452945780892e-16,2.08717879196487e-17,0.000104562603500283,2.11290231860138e-05,3.69743676467404e-05,-0.000148250030110816,-6.99746960593261e-05,3.46944695195361e-18,-2.77555756156289e-16,2.91321307624853e-05,6.37510877421477e-17,-1.18373511943442e-16,-5.95966595357336e-06,-8.53995172852814e-17,1.04623614713311e-16,-9.93351557702357e-17,1.6839248745548e-16,-1.74174454093082e-17,1.37566766015285e-05,1.77809156287623e-17,-1.6185215864049e-05,3.36536354339501e-16,-2.77555756156289e-17,1.43982048506075e-16,-9.6943334267372e-17,2.99943200589986e-06,1.85224023835437e-17,1.04083408558608e-16,5.8113236445223e-17,1.34787790443649e-16,-1.34437055552037e-16,1.78600773683614e-15
"t3",-0.0382758113782966,-0.000823110954361222,0.00936947913311256,-0.0664625288496057,0.0549551676581368,-0.00398094840199695,0.137042023200161,-0.198546361153467,0.11701817930559,-0.565196043196121,0.156596692512245,-0.202982778885636,-0.00281250853977087,0.149856634323521,-0.00291362160072892,0.00233546067118182,-0.00687083404740794,0.00325592296847214,-0.00809059535610972,0.0116277895807624,-0.000847228144120193,0.00550397020209009,-0.00188420784043836,0.000296505220821509,-0.00426537395356033,2.80337910906342e-05,-0.000787700104697416,0.00189094576105463,0.707106781186548,-0.00127156838640839,6.16775081986024e-05,0.00136529452665988,-0.000389804684699627,-0.000545577644408022,0.002319641272418,-0.00135972912047223,-0.00054557939154968,-5.2389027339039e-16,-0.00313987121597347,4.49511406349998e-05,0.000679219896536187,-0.000129938472733616,-1.10204106188591e-13,-8.81081452428593e-05,-9.64325980633567e-06,-1.29132201256315e-17,-0.000264297233784912,0.000104145568217816,1.05661543955179e-16,4.91297406427676e-06,0.000206947517419511,-0.000556436653342023,7.62240516063994e-05,2.94443224385736e-07,1.88661396987723e-16,-1.33420182328207e-16,-8.30662023151157e-05,1.90819582357449e-16,8.0337065837404e-18,0.000104562603500283,2.11290231864735e-05,3.69743676467195e-05,-0.000148250030110562,-6.99746960591708e-05,1.94289029309402e-16,-1.38777878078145e-17,2.91321307625547e-05,-5.78963960107259e-17,1.55712797261584e-16,-5.9596659535404e-06,3.52721845156622e-17,-7.92570737232667e-17,5.33205101336967e-17,-1.43857738204189e-16,-7.00910453264671e-18,1.37566766014174e-05,-1.95156391047391e-16,-1.61852158641496e-05,1.14491749414469e-16,-1.31838984174237e-16,-1.04083408558608e-16,6.95901194261806e-17,2.99943200591374e-06,-2.31245135636226e-17,-1.70002900645727e-16,1.56125112837913e-17,1.06164853131633e-16,-1.48314843350259e-16,1.7755993959817e-15
"t12",-0.206905420287948,0.0558897398890889,-0.283673663406523,0.0759123851646394,-0.110808311321275,-0.00108966433296844,-0.00605821974932782,0.0129816453505353,-0.0980317559695662,-0.0149292300256308,-0.000239355714535511,0.000133611825425435,-4.15751244536274e-05,0.00848561772111117,4.31829387764707e-05,2.7870042000252e-05,-0.000119409666886505,5.71600170812311e-05,-0.000166927743456981,0.00881116498561838,-1.11896798044124e-05,0.000157398632843173,-5.93496092252815e-05,9.48402658452335e-06,-0.00011076046599607,5.65086652692948e-07,-9.06178418327505e-06,2.06441379300287e-06,-1.17774836199247e-15,0.276893173411207,2.70097506272598e-05,0.000543781095916919,-0.000466090377475187,-0.478350835177024,-0.00127394525589432,-0.000542216346272681,-9.41442989847068e-06,-1.24562064883532e-16,-0.000588035328336828,7.51569570279552e-05,8.64557033324795e-05,-0.169593449528657,2.08525735423887e-13,-3.10706733325575e-06,-4.08507940944866e-07,0.707106781186548,-1.32731845370881e-05,5.44817020397409e-06,1.76874114108686e-15,2.78937932946411e-07,0.000184915860452196,-0.000110481778474471,4.56129063414537e-06,1.80405951956067e-08,-7.24362017136158e-16,-8.96934155673771e-16,-5.30368421387123e-06,1.90819582357449e-17,-5.96894902821647e-16,6.84844969297237e-06,1.38414449205254e-06,2.42239812223369e-06,-9.7372366480511e-06,-4.6475569233078e-06,-2.72351585728359e-16,2.63677968348475e-16,1.959617920929e-06,1.86808034319252e-16,6.59411142987747e-17,-4.0486039619772e-07,-1.68972337273829e-16,-1.38147209003837e-16,-5.29511607410646e-17,1.75909001050362e-16,5.90382598964082e-17,9.66007313134287e-07,-2.36898174688083e-16,-1.62460745280766e-05,2.08166817117217e-16,1.59594559789866e-16,-4.33680868994202e-18,7.69946338405272e-17,2.15441824203549e-07,-8.16498232235831e-17,2.75821032680312e-16,-1.54390389361936e-16,8.90426086689801e-17,-1.18499502768876e-16,1.74881493742871e-15
"t30",-0.206905420287948,0.0558897398890889,-0.283673663406523,0.0759123851646394,-0.110808311321275,-0.00108966433296843,-0.00605821974932784,0.0129816453505353,-0.0980317559695661,-0.0149292300256307,-0.000239355714535518,0.000133611825425427,-4.15751244536223e-05,0.00848561772111118,4.31829387764903e-05,2.78700420002833e-05,-0.000119409666886444,5.71600170812727e-05,-0.000166927743457022,0.00881116498561829,-1.11896798044471e-05,0.000157398632843088,-5.93496092253856e-05,9.48402658473152e-06,-0.000110760465995922,5.6508665280397e-07,-9.06178418325944e-06,2.06441379271838e-06,-1.16929158504714e-15,0.276893173411206,2.70097506272569e-05,0.000543781095916731,-0.000466090377475027,-0.478350835177022,-0.00127394525589469,-0.000542216346273688,-9.41442989868622e-06,4.96668551902786e-17,-0.000588035328336621,7.51569570286812e-05,8.6455703333631e-05,-0.169593449528657,2.07952458521494e-13,-3.10706733199634e-06,-4.08507941271319e-07,-0.707106781186549,-1.32731844699231e-05,5.44817020157497e-06,-2.7250600233505e-15,2.78937933931138e-07,0.000184915860448925,-0.000110481778473862,4.56129063425639e-06,1.80405956903417e-08,3.71983219670737e-16,7.19123180618081e-16,-5.30368421389898e-06,5.55111512312578e-17,4.09228434296462e-16,6.84844969281451e-06,1.38414449205601e-06,2.42239812205225e-06,-9.73723664807365e-06,-4.64755692316816e-06,-2.41126563160776e-16,-2.77555756156289e-17,1.95961792122737e-06,-1.12648605721244e-16,-2.46309111378518e-16,-4.04860396215935e-07,3.19243901021536e-16,-3.40638002255587e-17,6.84794829305196e-17,8.9172827572317e-17,-1.38201256438689e-17,9.66007312933059e-07,1.31188462870746e-16,-1.62460745280176e-05,3.55618312575245e-16,1.37043154602168e-16,1.0842021724855e-16,2.14834826025262e-17,2.15441824241713e-07,6.56525945442129e-17,2.7148422399037e-16,1.70870262383715e-16,1.48890569923847e-16,-6.1253627738978e-17,1.83121430258559e-15
"t11",-0.20714611467655,0.0559717280667327,-0.284774271460636,0.0762227291716994,-0.111613649608192,-0.0010980889423441,-0.00611501136685426,0.0131139953769721,-0.0992444199905423,-0.0151357713374161,-0.000243502784275857,0.000136075626392234,-4.25409092574409e-05,0.00869772687359194,4.43755903657371e-05,2.89443943390034e-05,-0.000124739348629339,5.97235118704742e-05,-0.000175040234611101,0.00938922334725228,-1.20293444669448e-05,0.000178333205776137,-7.11562482446221e-05,1.32232827976253e-05,-0.000223472134412702,1.58451105482238e-06,-4.84309428692015e-05,0.000126079779722052,4.27655995901891e-16,-0.095742748962528,-3.90930659589913e-06,1.91142484860718e-05,-2.72134623162149e-05,-0.0292858159649802,-7.90630884735556e-05,4.85648844743627e-05,9.56350969580529e-07,9.11072466613983e-17,0.000330088364392168,-0.000174106202088469,-0.000260653494600218,0.907196148742796,-1.69615203091652e-12,-1.2489792925334e-05,-1.08723542935276e-06,1.27512804006926e-16,-2.30948789169128e-05,8.5735183561024e-06,6.56348924896265e-16,3.66246725296026e-07,0.000232483435676448,-0.000138530408048123,5.40928905205101e-06,2.06726322854174e-08,4.4057170606715e-16,3.38754502014961e-17,-5.78654482963348e-06,-3.33066907387547e-16,-3.15455033209817e-17,7.30067402149315e-06,1.47530686893903e-06,2.5817362757116e-06,-1.0356816379925e-05,-4.90215094294845e-06,5.55111512312578e-16,-2.22044604925031e-16,2.04952248535756e-06,-4.25007251614318e-17,-3.14676132497221e-18,-4.20953611673242e-07,-1.64568261361262e-17,1.08428117416927e-16,-1.43104053714722e-17,-3.07909901956591e-16,1.0986217937725e-16,9.88622040967724e-07,2.0122792321331e-16,-1.65637918320832e-05,1.45716771982052e-16,5.89805981832114e-17,8.84708972748172e-17,5.55200953774239e-17,2.18729532458495e-07,-2.14045128888945e-17,1.11022302462516e-16,1.73472347597681e-17,4.43379581798524e-17,-3.760464225333e-16,1.87926439549514e-15
"t38",-0.208730426133254,0.056508203441495,-0.291669682924702,0.0781603077052651,-0.116402142830439,-0.00114785553663799,-0.00644316607888129,0.0138707656194824,-0.105998883583992,-0.0162673431477047,-0.000265414087839084,0.000148953942238633,-4.73786924360667e-05,0.00974504617344603,5.01465147170848e-05,3.37776344596051e-05,-0.000147906110618341,7.08536222448139e-05,-0.000209585760727746,0.0116717345648227,-1.5230397938687e-05,0.000246671708902694,-0.000105673349970277,2.23819988679277e-05,-0.000450366657031191,3.47479060756883e-06,-0.000115951195503328,0.000325859674921332,1.90824349389536e-15,-0.496915854833457,-3.23597001938768e-05,-0.000287736851673627,0.000167997914181371,0.151460655022476,0.000321467545461368,-6.00518310598826e-05,-1.14368903022383e-06,4.1907096415856e-16,-0.000206187510600019,5.85972364381725e-05,7.99212901568648e-05,-0.235720745430702,4.03282299050757e-13,1.06118292902621e-06,2.14852199023488e-08,1.73629691041698e-16,-2.41271200010496e-06,1.28714053315715e-06,3.64556034035497e-16,9.65450237964873e-08,6.97725179657962e-05,-4.1911210580713e-05,1.93944332554583e-06,8.26420742684178e-09,-7.99040712119992e-17,-5.60988300633577e-16,-2.73357702751387e-06,2.04697370165263e-16,-0.707106781186547,3.76296760359884e-06,7.60894051243452e-07,1.33195563205312e-06,-5.38600011998e-06,-2.63713641779784e-06,2.39391839684799e-16,-1.38777878078145e-16,1.14290655891039e-06,6.14525791364784e-16,-5.92689555558233e-16,-2.40946747918219e-07,4.13589734338335e-16,-2.07473638005028e-16,4.9425012352028e-17,-1.57445416673019e-16,-1.89537327229271e-17,6.11062771160853e-07,-2.10985742765679e-16,-1.04472190736761e-05,2.70616862252382e-16,6.10622663543836e-16,1.21430643318376e-17,-2.44033840595701e-16,1.41292641225865e-07,-7.9788629990704e-17,3.52148865623292e-16,-3.81639164714898e-17,1.60523156588192e-16,-1.61871759648433e-16,1.81661149743009e-15
"t39",-0.208730426133254,0.056508203441495,-0.291669682924702,0.078160307705265,-0.116402142830439,-0.00114785553663798,-0.00644316607888129,0.0138707656194824,-0.105998883583993,-0.0162673431477047,-0.000265414087839044,0.000148953942238657,-4.73786924360822e-05,0.00974504617344604,5.0146514717095e-05,3.37776344596138e-05,-0.000147906110618417,7.08536222448312e-05,-0.000209585760727687,0.0116717345648226,-1.52303979387459e-05,0.000246671708902707,-0.000105673349970276,2.23819988680457e-05,-0.00045036665703122,3.47479060741618e-06,-0.00011595119550346,0.000325859674921498,1.86444172612663e-15,-0.496915854833457,-3.23597001940906e-05,-0.000287736851673543,0.000167997914181296,0.151460655022476,0.00032146754546142,-6.00518310601185e-05,-1.14368903029755e-06,3.78937858210553e-16,-0.00020618751060008,5.85972364380966e-05,7.99212901568197e-05,-0.235720745430702,4.03303662348448e-13,1.06118292873651e-06,2.14852199518969e-08,1.28158605520754e-15,-2.41271200004251e-06,1.28714053309123e-06,1.52919769698303e-16,9.65450234335506e-08,6.9772517965542e-05,-4.19112105811085e-05,1.93944332537062e-06,8.26420740870849e-09,-1.77915947532346e-16,6.54520073420341e-16,-2.73357703024779e-06,2.55004350968591e-16,0.707106781186547,3.76296760815423e-06,7.60894048206819e-07,1.33195563125239e-06,-5.38600012195412e-06,-2.63713641724837e-06,-1.28369537222284e-16,-2.77555756156289e-17,1.14290655781404e-06,-8.4968924257689e-16,6.77128028984772e-16,-2.40946747845361e-07,-5.30099836024463e-16,2.22737786529667e-16,-1.62211249484502e-16,2.06846515219301e-16,-1.02801128442347e-17,6.11062771188609e-07,1.19262238973405e-17,-1.04472190737125e-05,-3.46944695195361e-17,-4.8919202022546e-16,4.77048955893622e-17,1.44544218002927e-16,1.41292641295254e-07,6.25400105154516e-17,2.48065457064683e-16,-7.28583859910259e-17,9.98078379545948e-17,-1.11564778134449e-16,1.68824196031429e-15
"t21",-0.204019238569449,0.0549125088659676,-0.271121449634073,0.0723854752764457,-0.102099738989319,-0.000999168395455955,-0.00546177905336496,0.0116064921249895,-0.0857656182736884,-0.0128751533135961,-0.000199621298234426,0.000110265504454691,-3.28170764803499e-05,0.00659057206049396,3.27487317840036e-05,1.91583464125066e-05,-7.77238722462657e-05,3.71339221726715e-05,-0.000104835745651718,0.00472755584761794,-5.47702851112775e-06,3.71734629035603e-05,5.13141484623225e-07,-5.88081467861601e-06,0.000247949570120586,-2.31948854614514e-06,8.97704706775086e-05,-0.000278727328364873,-2.13500891939212e-15,0.585984580993815,3.6590956010559e-05,-9.11062746767777e-05,0.000511635280223911,0.703953844243651,0.00282980896667582,-0.00656361400050656,-0.000103410556654809,-8.44758833468657e-16,-0.00252532949290489,0.000168768053962555,0.000156511216366763,-0.091316644167811,-1.82103253418866e-13,-1.4185912061618e-05,-1.53212765419787e-06,1.41166677702068e-16,-4.01346785042622e-05,1.55059308429338e-05,-4.29987686503287e-17,6.94544793577821e-07,0.000442308141830924,-0.000263570278566048,1.02457307522659e-05,3.87870624224334e-08,7.26235099197359e-17,7.01327875587403e-17,-1.0557369106004e-05,-1.04950770296597e-16,2.26593993197778e-17,1.30189614374818e-05,2.63034831588156e-06,4.60258482208359e-06,-1.8418747427822e-05,-8.62258023257966e-06,1.56125112837913e-17,6.93889390390723e-17,3.55851320021222e-06,-6.8738417735581e-17,1.09097501667417e-16,-7.23397633329258e-07,-2.83835764274178e-17,1.56688000888131e-17,-3.06022422190024e-17,-1.01221892322167e-16,4.46286860064362e-17,1.64027664339983e-06,1.07878116162308e-17,-2.71933749518248e-05,-1.05818132034585e-16,2.86229373536173e-17,4.98732999343332e-17,1.45040904061559e-17,3.54377653029661e-07,2.53928127313541e-17,1.81278603239576e-16,3.07913416985883e-17,1.15260822879893e-16,-1.47752965606522e-16,1.68536919484965e-15
"t61",-0.171395984255975,0.0435513679641308,-0.0861162355817782,0.0192524765051497,0.0890021422462565,0.00111717618330376,0.0125068317260074,-0.0364333001445102,0.630370364010765,0.196020495710138,-0.00649110526023996,0.0022054409324226,-0.000321013954386498,0.05788585901532,0.000258558261853979,0.000128134002878376,-0.000511763405690421,0.000244487715372645,-0.000692169299065276,0.0335787131648405,-4.15606254497922e-05,0.000553587157521674,-0.000209171474749005,3.59148065839504e-05,-0.000547183529096613,3.66297683776495e-06,-0.000104571097470002,0.000254131292381193,-3.99183985901915e-17,-0.00878647912160994,7.99653637696598e-06,0.000191263750091729,-5.77236799284169e-05,-0.00361457662175594,0.000317077259639482,-0.00324731297072504,-5.20059727172079e-05,-3.82936884819868e-17,-0.00160029254406058,0.000111373067134604,9.74714363977097e-05,-0.000875846965136616,-2.70922656753381e-13,-1.29226575311982e-05,-1.42438202372524e-06,-5.28126582039737e-16,-3.95937648680345e-05,1.56909494705704e-05,-1.57007252233691e-16,7.5298691528964e-07,0.000491031934906513,-0.000293072791197393,1.18312117434634e-05,4.60986398606491e-08,-2.36985692499663e-16,7.03562206044904e-17,-1.32269685848285e-05,-2.53269627492614e-16,-7.88157382645086e-16,1.68468942594452e-05,3.40458545368318e-06,5.95807704640542e-06,-2.39182122050846e-05,-1.1351523566668e-05,1.74860126378462e-15,4.44089209850063e-16,4.75638950042656e-06,9.01752630899644e-15,-1.83563864329131e-15,-9.78027870732201e-07,-0.707106781186548,-1.45757636985642e-15,-3.57875024911339e-16,2.98979474419178e-16,-4.09959352177885e-16,2.29831793613355e-06,-2.75387351811318e-16,-3.8482091428791e-05,-5.20417042793042e-16,-6.93889390390723e-18,-1.75207071073658e-16,-3.54665676507245e-17,5.07516232609029e-07,1.67629613039592e-16,7.3899220076612e-16,3.93782229046735e-16,-6.56200641970458e-18,-1.59907528927874e-16,1.78771798213282e-15
"t58",-0.171395984255975,0.0435513679641308,-0.0861162355817783,0.0192524765051498,0.0890021422462565,0.00111717618330374,0.0125068317260074,-0.0364333001445101,0.630370364010765,0.196020495710138,-0.00649110526024,0.00220544093242261,-0.000321013954386497,0.05788585901532,0.000258558261853984,0.00012813400287833,-0.000511763405690459,0.000244487715372652,-0.000692169299065196,0.0335787131648404,-4.15606254498616e-05,0.000553587157521632,-0.000209171474749061,3.59148065838671e-05,-0.00054718352909661,3.66297683793149e-06,-0.000104571097470092,0.000254131292381166,-7.98170385381167e-17,-0.00878647912161008,7.99653637674697e-06,0.000191263750091848,-5.77236799283619e-05,-0.0036145766217558,0.000317077259639368,-0.00324731297072497,-5.20059727169998e-05,9.57918653013168e-17,-0.00160029254406066,0.000111373067134721,9.74714363976108e-05,-0.000875846965136585,-2.70843887049885e-13,-1.29226575313404e-05,-1.42438202356868e-06,6.37689449435723e-16,-3.95937648679373e-05,1.56909494705218e-05,2.80143063946989e-16,7.52986915421045e-07,0.00049103193490678,-0.000293072791197565,1.18312117436056e-05,4.60986399943855e-08,1.94960453068524e-16,-1.05948180776561e-16,-1.32269685851061e-05,2.0122792321331e-16,8.26029652774277e-16,1.68468942593827e-05,3.4045854532044e-06,5.95807704641019e-06,-2.39182122046336e-05,-1.13515235673411e-05,-1.62370117351429e-15,-2.22044604925031e-16,4.75638950027391e-06,-9.20227435918797e-15,1.82462789155356e-15,-9.78027871120779e-07,0.707106781186547,1.49145355186009e-15,2.8050322723785e-16,-2.97765389866168e-16,5.19852446180468e-16,2.29831793527313e-06,3.22224885662692e-16,-3.84820914290235e-05,1.66533453693773e-16,-1.66533453693773e-16,-9.0205620750794e-17,4.78001590394661e-17,5.07516232747807e-07,-1.99074664266969e-16,3.15719672627779e-16,-1.09287578986539e-16,2.05074285432718e-16,-1.70315863153365e-16,1.72526793798617e-15
"t56",-0.165399877590584,0.0412389838469943,0.0214199114760395,-0.0025250252374998,0.511092603916606,0.00862556492321953,-0.0644348801709272,0.0703847844654589,-0.141025769563503,0.0209520439056446,-0.00279258363599134,0.00106456946694913,-0.000196934306926483,0.0371462057385121,0.000174207975847925,9.58765741534183e-05,-0.000395558291836217,0.000189164314416557,-0.00054481876692247,0.0309958130490824,-2.79542764824482e-05,0.00044851330399468,-0.000172795605070025,3.01776599610018e-05,-0.000464410794148704,3.11639047327616e-06,-8.9086460056613e-05,0.000216561120377441,4.22443126598832e-17,-0.0027491756796434,7.32774920739144e-06,0.000170356103175141,-5.01135582930206e-05,-0.00117625528578928,0.000292553248239234,-0.00342006609457374,-4.4243764040967e-05,-2.36889221080139e-16,-0.00156063734781315,0.407760512108308,1.09294031342298e-05,-0.000189575316009034,-0.707106780852238,-1.04019196616022e-05,-1.17465234924954e-06,3.79372533760901e-16,-3.35331322597332e-05,1.33774776272556e-05,7.13198546033826e-17,6.50359926214527e-07,0.000483629169198286,-0.000253519871977177,1.03054034539581e-05,4.02954154333195e-08,-2.32484783142747e-16,1.70843041244785e-16,-1.16325355144498e-05,3.67761376907083e-16,1.32314718100432e-16,1.48709563028357e-05,3.0053543289086e-06,5.25949093759816e-06,-2.11214595436521e-05,-1.00402053366871e-05,1.6306400674182e-16,2.77555756156289e-17,4.21452966546665e-06,2.70074761166139e-16,-8.32541235271919e-18,-8.6781402086622e-07,4.71481715566288e-17,-9.65867877214779e-17,-6.91889315826183e-17,2.38605367212807e-16,-1.53738687609308e-17,2.04871642148219e-06,-7.13405029495462e-17,-3.88367449474011e-05,2.4980018054066e-16,8.67361737988404e-17,1.27502175484295e-16,1.42174154760266e-16,4.53792947115172e-07,7.34787713204616e-17,3.03576608295941e-16,5.03069808033274e-17,1.90921893225084e-16,-1.59656569233833e-16,1.80091833507468e-15
"t59",-0.165399877590371,0.0412389838469278,0.0214199114759533,-0.00252502523748911,0.511092603913016,0.00862556492315552,-0.0644348801703656,0.0703847844648014,-0.141025769561961,0.0209520439053943,-0.00279258363595173,0.00106456946693321,-0.000196934306922881,0.0371462057378214,0.000174207975844261,9.58765741508907e-05,-0.000395558291825214,0.000189164314411256,-0.000544818766906859,0.0309958130480151,-2.79542764814178e-05,0.000448513303972776,-0.000172795605059986,3.01776599578793e-05,-0.000464410794104171,3.11639047280432e-06,-8.90864600461144e-05,0.00021656112035201,-2.51791316268072e-16,-0.00274917567919782,7.32774920563493e-06,0.000170356103136407,-5.01135582803401e-05,-0.00117625528548092,0.000292553248157993,-0.00342006609296687,-4.4243764019335e-05,-2.32106921179656e-16,-0.00156063734644134,0.407760510954359,1.09294030873905e-05,-0.000189575313751661,0.707106781520856,-1.04019196749544e-05,-1.17465235189261e-06,1.31454511382151e-16,-3.35331322774066e-05,1.33774776326333e-05,-2.51338970583192e-16,6.50359925899241e-07,0.000483629169330305,-0.000253519872046131,1.03054034561196e-05,4.02954158614438e-08,2.44564205044248e-16,-1.03078063795859e-16,-1.16325355163649e-05,-4.78783679369599e-16,-5.56418651193806e-17,1.48709563046953e-05,3.00535432959641e-06,5.25949093836209e-06,-2.11214595463791e-05,-1.00402053380285e-05,-2.46330733588707e-16,-1.38777878078145e-17,4.21452966625768e-06,-2.70074761166139e-16,-1.92206094717529e-16,-8.67814021070917e-07,-5.70437274218534e-17,1.39334981331827e-16,1.21629639560466e-16,-4.25683857902522e-18,3.66665438438381e-17,2.04871642174587e-06,-9.80118763926896e-17,-3.88367449508809e-05,-1.04083408558608e-16,-2.22044604925031e-16,8.84708972748172e-17,-1.07626006252521e-16,4.53792947205378e-07,-8.49234791578389e-17,1.66533453693773e-16,-7.71951946809679e-17,1.96122224607625e-16,-4.51657480244571e-17,1.83561266677219e-15
"t98",-0.16534338912905,0.041221359533364,0.0213970389804818,-0.00252219720369104,0.510138977723698,0.00860859384484394,-0.0642856833726344,0.0702100496383672,-0.140615960916551,0.0208854866800117,-0.00278202239533304,0.00106034905067366,-0.000196008744763353,0.0369622148683152,0.000173282290914819,9.52387746228534e-05,-0.000392668300834316,0.000187778095083177,-0.000540621512072479,0.0307103394600187,-2.76765644208182e-05,0.000442540394426332,-0.000170047958949128,2.95634960625277e-05,-0.00045247821204065,3.02898381500383e-06,-8.63836587294085e-05,0.000209584704215032,1.5329272389369e-16,-0.00262591918322607,6.9622800717001e-06,0.000159438680934385,-4.65049356590527e-05,-0.00108836685878003,0.000269327435363458,-0.00293398749624119,-3.77865162702442e-05,5.17553434837968e-16,-0.00108581004647198,-0.816983596868432,0.000234957253369816,-0.000467722690524522,-6.65043821720735e-10,-1.33486789953936e-05,-1.41724679812553e-06,-3.93908490566707e-16,-3.77935884314125e-05,1.48305233008735e-05,2.38118436348324e-16,6.99467845239926e-07,0.00051626103223682,-0.000270498964883803,1.08870373463736e-05,4.22999676271373e-08,-6.07810042409202e-17,-1.07165668629111e-16,-1.209398475846e-05,2.13370987545147e-16,-4.18359811756629e-17,1.53845341886154e-05,3.10903550555883e-06,5.44084113905527e-06,-2.18399364510583e-05,-1.03620503459551e-05,-7.28583859910259e-17,2.77555756156289e-17,4.34093765500423e-06,-4.78133158066107e-17,1.99824009775588e-16,-8.92555425231582e-07,8.76128854987298e-17,-6.16970662407567e-17,-1.22598523894066e-16,-3.12812217616052e-16,2.89675699119085e-17,2.09831315781117e-06,-7.70867744637194e-17,-3.97336351692333e-05,2.42861286636753e-17,1.96023752785379e-16,-2.86229373536173e-17,-5.36338211220104e-18,4.63680030909214e-07,-9.39377094697992e-17,2.86229373536173e-17,6.07153216591882e-17,-4.31277904867832e-17,-2.70930772172627e-16,1.69307025923886e-15
"t1",-0.178507389021069,0.0461474077391728,0.175900245682357,0.0816871657388753,-0.0278734087674992,-0.0002273318934064,-1.33109921580284e-05,-0.000677516052554078,0.0100703059344932,-0.00274540489763225,0.000865011116028429,-0.000399911667381438,0.000138784400073853,-0.0314227299997425,-0.000187806071503941,-0.000235715076503757,0.00147368972587099,-0.000715221334200777,0.00268237160740032,-0.953304634772543,-0.00123202945047948,0.00255267388718464,-0.000728593541350912,0.000101026330546702,-0.00136868435404694,8.87102799746603e-06,-0.0002469320435318,0.000589655239570483,5.23268749921159e-18,-0.006994977399145,1.84117866216243e-05,0.000422803489207169,-0.000124904201596621,-0.00294082715746344,0.000736848652673272,-0.0802943720631799,0.000555209509952843,9.77743495191337e-17,-0.00236766331365181,0.000206925414072398,0.00015912635208566,-0.000528467027685939,-5.12932610662823e-13,-2.1599035855707e-05,-2.38511437992213e-06,1.46864594539801e-16,-6.6241364200862e-05,2.62087346727061e-05,-1.25347144363666e-16,1.25516171639763e-06,0.00912290786035292,-0.000407876725225032,1.9150527858551e-05,7.42511217961749e-08,4.70823085352142e-18,9.79255353128587e-17,-2.09887840696837e-05,-4.33680868994202e-17,-3.12676435788492e-17,2.64225247994868e-05,5.33920639425806e-06,9.34324473270798e-06,-3.74612770453371e-05,-1.76794172187912e-05,1.66533453693773e-16,4.16333634234434e-17,7.35863061081254e-06,3.5453411040276e-17,1.67060086753899e-17,-1.50504597858959e-06,-6.77747574110057e-17,3.51799099758016e-18,-3.93559727833725e-17,-2.96311131822265e-18,4.37134060689147e-18,3.47117260197927e-06,-1.37368415253913e-16,-0.000554418926337667,6.24500451351651e-17,-3.46944695195361e-18,1.0321604682062e-16,4.34589831705577e-17,7.56322504378432e-07,-7.2988351186005e-17,4.54497550705923e-16,6.07153216591882e-17,8.65051494990567e-17,-1.51269248477374e-16,1.78309126643339e-15
"t83",-0.200296505165466,0.053522763265576,0.282783721901802,0.136041087629035,-0.109901031787505,-0.00113566636509198,-0.00297748637927114,0.00697854309197506,-0.0265749456605043,0.00473609267605432,-0.000788944336879905,0.000314060211736836,-6.5855870077671e-05,0.0128388966858911,6.28572806574234e-05,4.0770055544502e-05,-0.000188728900187261,9.06806247517765e-05,-0.000286598134015965,0.0504000609300947,4.51820231676808e-05,-6.8879251275591e-06,5.88097565010909e-07,-1.99482677055302e-06,8.56388060011073e-05,-7.62928540775157e-07,2.74060003430175e-05,-7.83589427705914e-05,2.6704199958264e-16,0.00217827715380538,-7.32720883898799e-06,-0.000294864532328621,0.000113519598767819,0.00291263669471786,-0.000842979993672368,0.842943889029032,-0.0075020551546907,-4.51822197792692e-16,-0.00814817060793414,0.000387707294647892,0.0002833078279421,-0.000871541884350822,-8.17370022365127e-13,-2.76013490991406e-05,-2.80628503423645e-06,-1.35133629867925e-15,-6.84532743590619e-05,2.62756945572473e-05,-1.70612619917246e-15,1.49619927108912e-06,0.34805684762494,0.00270958464977583,8.58227807303382e-06,3.89389568054674e-08,3.51453832021656e-16,-1.01682908497967e-17,-1.13250414505231e-05,-1.49186218934005e-16,1.64107861006533e-16,1.40483739311387e-05,2.83835035915414e-06,4.96656326668866e-06,-1.98763082763622e-05,-9.3005765459778e-06,2.56739074444567e-16,4.5102810375397e-17,3.83249985803306e-06,-1.26580603637683e-17,-6.08516574834318e-17,-7.77823847946876e-07,-5.96831703107927e-17,-5.77728840626704e-17,-4.10995422426179e-17,-4.62816693842398e-17,-3.20059063372504e-17,1.75263039502507e-06,3.31386394020194e-16,-0.00412965942594232,5.20417042793042e-18,-1.00180280737661e-16,9.47592698752331e-17,-3.5200919010378e-17,3.76304753713433e-07,3.88175368242422e-17,1.27502175484295e-16,-6.80878964320897e-17,-2.8735032822074e-18,-2.82676621869816e-16,1.77141406628386e-15
"t78",-0.206033388364541,0.055452510516501,0.309443191799236,0.149544366116758,-0.129119054389555,-0.00134673232648357,-0.00364680868604271,0.00868323690120684,-0.0344431749031572,0.00630456995689056,-0.00111703313390037,0.000453267313988652,-0.000102972046169014,0.0206603072206559,0.000105492307589997,8.10546147827844e-05,-0.00041133120553816,0.00019827385823212,-0.000662939770736503,0.150727643431939,0.000156560699629035,-8.07252145127359e-05,-9.92773552607393e-06,6.89935577689871e-06,-0.00015931500353533,1.19456600837509e-06,-3.74011464740111e-05,9.7128224213712e-05,-3.13408950341623e-17,-0.00174986990429373,5.25080137642393e-06,0.000167261238525969,-5.85767072004677e-05,-0.00146087387757159,0.000404201358742678,-0.285701037466191,0.00251074349543722,1.2236721268942e-16,0.00208856286594598,-7.6067246136075e-05,-5.34507725302134e-05,0.000153632653577275,1.39194168870879e-13,3.35175831490432e-06,2.6999711858378e-07,-9.5370127552521e-17,2.39882765996902e-06,-1.17137668009804e-07,-8.95499719630792e-16,2.40247514364891e-07,0.166623103541822,0.00146901985524747,-1.85062420601616e-06,-2.18408172054712e-09,-2.47569608077504e-16,-2.18918282519139e-16,-5.73262354738868e-07,-1.56125112837913e-16,3.0098360246189e-17,1.32921186082186e-06,2.69431288037626e-07,4.72212340341279e-07,-1.96691089065365e-06,-1.07012635843255e-06,7.49400541621981e-16,6.93889390390723e-17,5.01702875039395e-07,1.77917576504871e-16,1.39215035150606e-16,-1.09265889178603e-07,1.14385566872908e-16,6.56702266937373e-17,5.63517063958587e-16,-7.3981092141511e-16,-7.02067507163522e-16,1.30495302140543e-07,6.98486407602061e-15,0.821402925780739,7.629313847346e-15,-4.47732129149614e-15,-7.71084585071691e-16,1.26652195903876e-16,1.43942888643223e-07,2.12908928640154e-16,-1.57339419271096e-15,8.39606162372775e-16,3.95365140663465e-17,-2.5471098831407e-16,2.01584316438245e-15
"t86",-0.206169708779597,0.055498259753795,0.310064650915008,0.149858717167384,-0.129558086961136,-0.00135154199582721,-0.00366193185430517,0.00872159929440041,-0.0346184718816487,0.00633929441338338,-0.00112419715066489,0.000456294607928107,-0.000103766331064823,0.0208267829752044,0.000106392924943278,8.18828680440119e-05,-0.000415850508406132,0.000200457316514701,-0.000670523191607711,0.152694913629732,0.000158717524048942,-8.20801778549859e-05,-1.01137607621225e-05,7.048147243012e-06,-0.000163184668414858,1.22480175035466e-06,-3.8381827971317e-05,9.97419088401147e-05,-9.23053124635376e-17,-0.00180335802988726,5.41713464327685e-06,0.000172968768846623,-6.06369701851034e-05,-0.00151272322245681,0.000418754257005466,-0.297154168046347,0.00261177343142968,9.33856148719783e-17,0.00217922298063059,-7.95996487137456e-05,-5.59555080500247e-05,0.000160942271870999,1.45809582837683e-13,3.52304273053099e-06,2.84282167818325e-07,-2.76578321408296e-16,2.53701374613308e-06,-1.24160447805e-07,-7.44867342310134e-16,2.56674331823147e-07,0.178677438689046,0.00157573020969743,-2.00049291206386e-06,-2.38022388473027e-09,2.00732676213772e-16,4.58086345521085e-17,-6.40417230093893e-07,-1.38777878078145e-17,-5.50638224455791e-17,1.5297058042138e-06,3.10168032797205e-07,5.43693041947166e-07,-2.2740110604165e-06,-1.26505995594415e-06,-4.61436444609831e-16,3.60822483003176e-16,6.15773285007892e-07,1.47126234806283e-16,-2.1460497232753e-16,-1.40347652869202e-07,-3.85227603327478e-16,1.55434629114348e-16,-4.95879141989373e-16,4.35911778540087e-16,4.72741575974132e-16,5.09824283914662e-07,-2.93558580222175e-15,-0.40322716243654,-4.19456136491192e-15,2.65759636519647e-15,7.32920668600201e-16,9.11899016681443e-15,7.16749551585294e-08,-0.707106781186547,-5.57887069874141e-15,8.93382590128056e-17,8.82572044338031e-17,-9.67642112737339e-17,1.56369314174194e-15
"t87",-0.206169708779597,0.055498259753795,0.310064650915008,0.149858717167384,-0.129558086961136,-0.00135154199582721,-0.00366193185430514,0.00872159929440044,-0.0346184718816487,0.0063392944133834,-0.00112419715066496,0.000456294607928072,-0.000103766331064794,0.0208267829752044,0.000106392924943237,8.18828680439264e-05,-0.000415850508406061,0.000200457316514767,-0.000670523191607783,0.152694913629732,0.000158717524048942,-8.20801778550172e-05,-1.01137607621503e-05,7.04814724301894e-06,-0.000163184668414865,1.22480175028528e-06,-3.83818279714697e-05,9.9741908839962e-05,-1.70367868883008e-16,-0.00180335802988733,5.41713464326829e-06,0.000172968768846583,-6.06369701851007e-05,-0.00151272322245677,0.000418754257005624,-0.297154168046347,0.00261177343142971,1.78101896340956e-16,0.00217922298063053,-7.95996487138718e-05,-5.59555080498191e-05,0.000160942271870943,1.45897302595463e-13,3.52304273060731e-06,2.84282167731372e-07,-7.83421063950161e-17,2.53701374605675e-06,-1.24160447582955e-07,-8.42011856260755e-16,2.56674331738742e-07,0.178677438689046,0.00157573020969764,-2.00049291203264e-06,-2.38022400637775e-09,3.34306383837422e-16,-6.01928803351509e-17,-6.40417230163282e-07,9.71445146547012e-17,6.90642572567311e-17,1.52970580426584e-06,3.10168032832334e-07,5.43693042253345e-07,-2.27401106001057e-06,-1.26505995601354e-06,-2.0122792321331e-16,-3.33066907387547e-16,6.15773285028709e-07,-2.2811613709095e-16,3.37904455197314e-16,-1.40347653051348e-07,2.63030430501579e-16,-1.30794732454767e-16,-2.46078948331559e-16,2.76317230347511e-16,2.33349751770697e-16,5.09824283470572e-07,-4.11779985109995e-15,-0.403227162436541,-3.24393290007663e-15,2.02962646689286e-15,2.60208521396521e-16,-8.99152292257656e-15,7.16748931109401e-08,0.707106781186547,8.03176969377262e-15,-8.44810332800705e-16,1.99713222230229e-16,-1.64418418582593e-16,1.78313566268263e-15
"t26",-0.202993267302344,0.0544303842537997,0.295373135334741,0.142419816353426,-0.119020945527851,-0.00123588933561462,-0.00329597310657746,0.00779050240976764,-0.0303320070324184,0.00548621902616195,-0.000946399460490977,0.000380937109686125,-8.37603326246047e-05,0.0166171197059771,8.34930600840713e-05,6.04068760460442e-05,-0.000297601576519728,0.000143309335953842,-0.000471033162595967,0.0999321483329068,0.000100359033186725,-4.40224064782125e-05,-4.75669331361298e-06,2.60097459899022e-06,-4.31589193232544e-05,2.73529221481161e-07,-7.1292025212652e-06,1.56258599089895e-05,-4.86596107504952e-18,1.30344065815066e-05,-3.27380493538748e-07,-3.17993462869226e-05,1.45274920743588e-05,0.000388688219280547,-0.000119385136050901,0.156509943108629,-0.00140062671407669,3.46086098612441e-17,-0.00163158343641202,7.76324052022916e-05,5.64563432086558e-05,-0.000171785421299047,-1.59926715409209e-13,-4.85863591943858e-06,-4.42606131434561e-07,1.94102265584823e-15,-5.30511765177433e-06,2.98657652112594e-07,4.51064330721079e-15,-1.00688014650815e-06,-0.887174663643194,-0.00796564588149971,1.75797529194041e-05,4.72412699802804e-08,-7.31290244089144e-16,2.47480798503359e-16,-9.82387242022542e-06,2.53269627492614e-16,-1.1196193541187e-16,1.11754753500254e-05,2.25680545844903e-06,3.9480197088103e-06,-1.57056668935139e-05,-7.18585470875586e-06,-1.42247325030098e-16,-2.35922392732846e-16,2.90558151246761e-06,-4.65556412865276e-16,-2.31243761015235e-16,-5.83360414373874e-07,1.47802076954261e-16,-5.69926737966066e-17,9.18392402851192e-17,-1.65375421799048e-17,1.22053096230611e-16,1.29106125799916e-06,-1.30104260698261e-16,-0.00977602059122486,3.08780778723872e-16,5.20417042793042e-18,1.04083408558608e-17,-1.9954348889037e-16,2.75504699123741e-07,3.71850401367516e-17,-1.09287578986539e-16,6.07153216591882e-18,2.49031335969602e-16,-2.91730180594794e-17,1.71909268068248e-15
"t6",-0.160696114614929,0.0397774237686822,0.0195793369820483,-0.00229799857048977,0.43708661664738,0.00731447789039688,-0.0530843022214273,0.0571878386182881,-0.110633802358403,0.0160724401620109,-0.00203757114342521,0.000765105236162943,-0.000133175053020229,0.0245976634572694,0.000111955654724258,5.50984350741402e-05,-0.000215129133960288,0.000102687747266807,-0.000286470630283158,0.0143154897287298,-1.21139549954286e-05,0.000141941023940022,-4.17957254609689e-05,4.09389442791702e-06,-1.64370351236627e-05,-5.29419875785898e-09,3.07123775145044e-06,-1.28087406755827e-05,-8.99161304767301e-17,0.000516042875391834,-1.65525788228689e-06,-5.25179887770419e-05,1.71781694901689e-05,0.0004154489161789,-0.000108167098974387,0.0016880656967516,2.2021791152615e-05,-4.05937343696985e-17,0.000881784679114185,-0.00521637892941046,-6.22610388310512e-05,0.0002138990660937,1.31126578579421e-11,9.93356455286763e-06,1.16656673103528e-06,1.09877026194757e-16,3.75137165002993e-05,-1.5854824959971e-05,-1.76137699676743e-16,-9.26250116978687e-07,-0.000742301655831336,0.000391186876143698,-1.82305840943702e-05,-8.05302371126439e-08,2.00413985486659e-17,-7.52093056154579e-17,3.08271239043636e-05,2.17687550386421e-16,-5.10714456347933e-17,-4.97547034446218e-05,-1.00757893054657e-05,-1.76509736371238e-05,7.27811613615985e-05,3.9214717153827e-05,-3.86712127574824e-16,1.79429190981629e-16,-1.93742528554945e-05,1.09268489829312e-16,-1.22705544326101e-16,4.61454375078183e-06,8.46903115227734e-19,-1.16101365905242e-16,-2.10666683097699e-16,1.06560480591654e-17,-4.24294985312901e-18,-2.20502501615457e-05,-5.38631694339802e-16,0.00059219359485929,-4.68159712227437e-16,-4.76032477157709e-16,7.16755401771593e-16,8.73158124183685e-17,-1.41931516311405e-05,3.78804430288824e-17,-9.10924809089877e-16,-1.74927886274384e-15,-6.03649786946229e-17,-5.62049960686289e-16,5.42208589058748e-14
"t5",-0.161186351541135,0.0399297483493279,0.0197711386835057,-0.00232165621528609,0.44479739596168,0.0074510790291094,-0.0542668297895894,0.0585626799011413,-0.113799737690011,0.0165807222674064,-0.0021162074405864,0.000796294015953664,-0.000139814535649786,0.0259043240334403,0.000118437437154294,5.93431898385975e-05,-0.000233908302736049,0.000111688238494896,-0.00031335755683602,0.0160509401714988,-1.37617762762515e-05,0.00017381167404574,-5.54073060891334e-05,6.80176412732719e-06,-6.2894189492402e-05,3.18289909377817e-07,-6.47721422404566e-06,1.09474326477734e-05,-8.99909711548559e-17,0.000178705977075658,-7.28136296409412e-07,-2.95809246436267e-05,1.02638926753927e-05,0.00025198957039739,-6.70541768514536e-05,0.00117070237370094,1.53156224917764e-05,-3.79531742272309e-17,0.000642981818617291,-0.005304416401456,-4.66806553903355e-05,0.000161841918141414,1.33338038761066e-11,7.70132675956032e-06,9.12987677537617e-07,1.10251660719279e-16,2.99282411238014e-05,-1.27443777014491e-05,-1.8000369761427e-16,-7.59526378956959e-07,-0.000612857978514713,0.000323119956591553,-1.52238156373775e-05,-6.78153285334856e-08,1.86506465878611e-17,-7.67786615501614e-17,2.63675357338815e-05,2.18981919497166e-16,-5.32083546589486e-17,-4.29736686658939e-05,-8.70322206712745e-06,-1.52470520996709e-05,6.2929138208547e-05,3.40489618630235e-05,-3.93251021113079e-16,1.8151217372872e-16,-1.69012901010252e-05,1.09792935456031e-16,-1.23367491852307e-16,4.03995714051084e-06,3.05105038129324e-18,-1.1870361679048e-16,-2.10786805502115e-16,5.04598518497002e-18,-5.98324028744711e-18,-1.95266141323586e-05,-5.58649206333978e-16,0.000526126507511415,-4.87338728490602e-16,-4.76515626586374e-16,7.17916885603968e-16,8.03006294354971e-17,-1.26600445568861e-05,3.96151665048592e-17,-9.04672528806645e-16,-1.79135068091884e-15,-3.90488936805675e-17,-5.31894068370789e-16,4.88398330591613e-14
"t57",-0.165017670928659,0.04112022262656,0.0212703396302381,-0.00250657608323725,0.50507794150573,0.00851900791196908,-0.0635123312825813,0.0693121422396585,-0.138555378511278,0.0205553936682106,-0.0027312055030954,0.00104022414834546,-0.000191750391184594,0.0361259167225812,0.000169146150538134,9.25602308583768e-05,-0.000380883291815036,0.000182130819897514,-0.00052380515807343,0.0296387802341256,-2.66654529722455e-05,0.000423557828219538,-0.000162128185050668,2.80523279349486e-05,-0.000427882364385118,2.8617606028291e-06,-8.1566939561469e-05,0.000197841026390506,-1.13108015129591e-16,-0.00248221579471918,6.5927950167514e-06,0.000152085262713724,-4.45909905162274e-05,-0.00104557617075718,0.000259632566065417,-0.00299669955904365,-3.87486527586024e-05,-2.28300909263212e-16,-0.00135346857016938,0.350359575170147,9.37874360706735e-06,-0.000162322727981589,-0.604774888849356,-8.81192648066155e-06,-9.8970723584528e-07,4.50576704235804e-16,-2.78601461105407e-05,1.10374584622469e-05,-3.68297318248671e-16,5.23581749322272e-07,0.000384941214060555,-0.00020161715087464,8.00476594468865e-06,3.05452144653438e-08,2.46730081617713e-16,1.063929150534e-17,-8.20144223276987e-06,1.16979010877187e-16,-7.14354366315017e-18,9.64497594402219e-06,1.94753694809898e-06,3.40681282160289e-06,-1.35274430399887e-05,-6.05582573284194e-06,-1.01071739271825e-16,2.88964238686231e-16,2.30581970979271e-06,7.68199142774119e-16,-2.54322438199606e-17,-4.24112897888353e-07,1.49818646591489e-16,-5.95139066707479e-16,-7.46221295309753e-16,7.02049067659829e-16,1.21490116607294e-16,9.71694650599238e-08,-8.12481940251029e-16,1.22722773311341e-05,-2.19862142489316e-16,-3.72763666215286e-16,7.13758467600292e-16,2.78796774399562e-16,-7.32720290964218e-07,6.73707421204882e-17,8.02266145756479e-16,-1.46192457653494e-15,1.32017639423897e-16,2.67057964889229e-15,1.34829390443398e-14
"t14",-0.163785383474983,0.0407373199288755,0.0207880991897503,-0.0024470934431021,0.485685833085335,0.00817545328263728,-0.0605379053142025,0.0658537944691439,-0.130590494058403,0.0192765381175765,-0.00253331386322342,0.000961731454052622,-0.000175036725605042,0.032836362984457,0.000152826121497752,8.18678786790883e-05,-0.000333569050043278,0.000159453855011562,-0.000456054359561995,0.0252635176373937,-2.25101066640455e-05,0.000343097902312727,-0.000127734938770136,2.11999617899515e-05,-0.000310109624692464,2.04079847422135e-06,-5.73229593077671e-05,0.000137484838882695,-1.78991042843609e-16,-0.00162149998402736,4.2232004537107e-06,9.31775310698021e-05,-2.67854636571582e-05,-0.000624248522684605,0.000153491706525066,-0.00163170694584551,-2.10316494541278e-05,-1.32435346437683e-16,-0.000685527607590138,0.165290967970878,4.37920153433375e-06,-7.44565917136469e-05,0.274842632122304,-3.68556725847287e-06,-3.93418460032827e-07,1.3450842655201e-16,-9.56964950220366e-06,3.4929111155615e-06,-2.62322348375693e-16,1.14831267734334e-07,6.67575165166885e-05,-3.42755569591138e-05,5.87190533913292e-07,-8.90788742319438e-10,7.64185899438987e-18,-9.63685281253982e-17,2.86087986738396e-06,8.2975560862958e-17,-7.50100851052087e-17,-7.20431181034203e-06,-1.46301345885462e-06,-2.56647918140935e-06,1.0956722705481e-05,6.79036844739734e-06,-5.73284770066513e-16,2.62871589542235e-16,-3.84812674050012e-06,-3.32885788120792e-17,-2.21656156932491e-16,1.00644125301285e-06,-5.608043926358e-17,4.01652786741066e-17,1.82421867692014e-16,-1.59637995722131e-16,-1.25589828943383e-16,-6.19488943550622e-06,-6.02576562031459e-16,0.000177054875838056,-8.33430247761503e-16,-6.04028421871947e-16,7.45752922657228e-16,-1.56188535304901e-16,-4.55820404673948e-06,1.09004105543932e-16,-1.02731539462902e-15,-1.54194861576012e-15,4.99454750288956e-16,4.84652407109657e-16,1.35093982751705e-14
"t60",-0.165041435368309,0.0411276068355152,0.0212796395495124,-0.00250772319514456,0.505451914793066,0.00852563330057151,-0.0635696925469181,0.0693788358480152,-0.138708979860672,0.0205800561651244,-0.00273502180741071,0.00104173786569159,-0.000192072711188079,0.036189355168637,0.000169460879332386,9.27664309269542e-05,-0.000381795738368739,0.000182568141044031,-0.000525111719909668,0.029723156378093,-2.67455880705339e-05,0.000425109483264782,-0.000162791452552666,2.81844745697641e-05,-0.000430153590251108,2.87759270813138e-06,-8.20344803104207e-05,0.000199004984487428,-2.81533743368549e-16,-0.00249881454248675,6.63849221632626e-06,0.000153221287590659,-4.49343668582224e-05,-0.00105370139769403,0.000261679473202156,-0.00302302319238924,-3.90903219321755e-05,-2.45896091555658e-16,-0.00136634968917952,0.353928588656855,9.47515882752424e-06,-0.000164017208500522,0.61113757311597,-8.91078739918239e-06,-1.00120655887906e-06,1.52942625267993e-16,-2.82128750325211e-05,1.11829536927779e-05,-3.39395578313532e-16,5.31464427692593e-07,0.000391077329020026,-0.000204844303194493,8.14781254171116e-06,3.11514527017225e-08,-6.88616293190346e-18,-1.16165277422966e-16,-8.41477710786157e-06,-7.65355959294213e-17,-9.45511901466133e-17,9.96991140116302e-06,2.01330879418961e-06,3.52200667403061e-06,-1.39996157337911e-05,-6.30356225682615e-06,-7.68470028243033e-16,3.47207981735855e-16,2.42449745067844e-06,-2.19736077653641e-16,-3.36298568192784e-16,-4.51700875338905e-07,-1.34622491592232e-16,2.46647201526533e-16,6.54423773588863e-16,-3.51375129756458e-16,-2.62387578943336e-16,2.18510678487255e-07,-5.78794905017724e-16,9.09447483034601e-06,-1.17790455409794e-15,-7.53147667921314e-16,7.74187546841998e-16,-4.13613972505359e-16,-6.58946530923167e-07,1.85331938486911e-16,-1.23868167423122e-15,-1.12126370464463e-15,1.05571670291701e-15,1.45877715228923e-15,-8.27650812842067e-15
"t51",-0.164948045479177,0.0410985882486763,0.0212430925724759,-0.00250321525574219,0.50398226836439,0.00849959673852749,-0.0633442732986853,0.0691167421994108,-0.1381053547294,0.0204831370755639,-0.00272002443139084,0.00103578923414818,-0.000190806052689886,0.0359400537106283,0.000168224052893791,9.19561024751325e-05,-0.000378209990757637,0.000180849549143963,-0.000519977171519686,0.0293915736068912,-2.6430671830947e-05,0.000419011763502293,-0.000160184932907341,2.76651625273135e-05,-0.000421228089088262,2.81537543737504e-06,-8.01971308991575e-05,0.00019443084260051,-2.73909495131518e-16,-0.00243358450718035,6.45891059941186e-06,0.000148756918089414,-4.35849607812768e-05,-0.00102177074530808,0.0002536355033717,-0.00291957613681571,-3.77476246841116e-05,-2.37460065573218e-16,-0.00131572924980434,0.339903016484577,9.09626454046433e-06,-0.00015735820331391,0.58613339341456,-8.5222821692444e-06,-9.5601633746501e-07,1.51572006917375e-16,-2.68267151337233e-05,1.0611184144464e-05,-3.33665034506243e-16,5.00486945930954e-07,0.000366963523297585,-0.000192162186806682,7.58566566320378e-06,2.87690500383477e-08,-5.80597638530326e-18,-1.14693350799634e-16,-7.5764101897407e-06,-6.46756327166783e-17,-9.30982711684815e-17,8.69297466775943e-06,1.75483750687766e-06,3.06931596750647e-06,-1.2144063672315e-05,-5.33000316801314e-06,-7.53957626551555e-16,3.40937407758301e-16,1.95811570252542e-06,-2.05873345279083e-16,-3.27774683045759e-16,-3.43285186123435e-07,-1.28782737997544e-16,2.31294870953734e-16,6.19329518410415e-16,-3.37119102768178e-16,-2.52216401483334e-16,-2.58338031973597e-07,-5.80563117241826e-16,2.15826557024946e-05,-1.1522922227536e-15,-7.42060363383993e-16,7.72073377503746e-16,-3.9447389304875e-16,-9.48863873537554e-07,1.80127768058981e-16,-1.22296618228128e-15,-1.15254244194625e-15,1.0143575501939e-15,1.38634909224143e-15,-6.65668382459993e-15
"t36",-0.16464676010974,0.0410049179684175,0.021124619903574,-0.00248859703664609,0.499193068923631,0.00841469359966779,-0.0626075198097284,0.0682591854247539,-0.136124852863762,0.0201645824388582,-0.00267053654163676,0.00101613686695112,-0.000186601473655051,0.0351111638177924,0.000164102242809168,8.92323998093217e-05,-0.00036610725822384,0.000175048091399517,-0.000502603135719695,0.0282588863456775,-2.5350032423405e-05,0.000397645691664214,-0.000150907612949664,2.57672996518302e-05,-0.000387588174156416,2.57774537261075e-06,-7.30894743653674e-05,0.000176552407044191,9.77742313675824e-17,-0.0021610010057539,5.68909123930378e-06,0.000128260829836164,-3.71608562775101e-05,-0.000867905965286037,0.000214069309059269,-0.00227178327627586,-2.92296856389261e-05,3.54113794749974e-16,-0.000823008557785369,-0.607293070461727,0.000174177277866659,-0.000345129581416048,-4.89563287889518e-10,-9.62843252284702e-06,-1.01040023485355e-06,-1.95272157469381e-16,-2.61360357066105e-05,1.01006085415272e-05,3.37997003706307e-17,4.50862682756396e-07,0.000324185225166245,-0.0001695282606063,6.455600468254e-06,2.36383363310742e-08,-1.85400726843283e-16,-1.32801307124378e-16,-5.59000452139081e-06,5.77146710712755e-16,-9.42321721143714e-17,5.52707734079185e-06,1.11380831095911e-06,1.94643030166404e-06,-7.52298214280238e-06,-2.86456770058805e-06,-4.60079818401819e-16,-1.74225019831896e-18,7.56458743238399e-07,-1.59541288668425e-16,-4.35287848120402e-17,-6.05029496173383e-08,8.69178594482319e-17,-7.33789265146817e-17,-5.03085065020067e-16,-3.87371343663044e-16,6.03812758387719e-17,-1.54602877904256e-06,-7.30812751344487e-16,5.56040729547763e-05,-5.38219233642823e-16,-3.44114185187404e-16,7.00867096133035e-16,2.06166297991014e-16,-1.74679135085012e-06,-8.00807533375405e-17,-1.93663887626096e-15,-3.39422800586164e-15,-8.56119717125457e-16,-4.00232946927725e-15,1.41467699228723e-14
"t97",-0.165342888404311,0.0412212039589576,0.02139684317042,-0.00252217305247927,0.510131109996149,0.00860845447274346,-0.0642844771380553,0.070208647391336,-0.140612732786736,0.020884968506669,-0.0027819422612538,0.00106031727173023,-0.000196001982981821,0.0369608843652375,0.000173275692457177,9.52344573457235e-05,-0.000392649209222033,0.000187768944979316,-0.000540594185129502,0.0307085773984528,-2.76748921503564e-05,0.000442508124900163,-0.000170034201203658,2.95607674230539e-05,-0.000452431570218061,3.0286594728028e-06,-8.63741031023436e-05,0.000209560961178317,1.63237609868077e-16,-0.00262558500818251,6.9613649257943e-06,0.000159416270841217,-4.64982192986003e-05,-0.00108820839535084,0.000269287716789886,-0.00293351151544503,-3.77803657702825e-05,4.87902669391688e-16,-0.00108562114936456,-0.816832874990376,0.000234913565787625,-0.000467634572745073,-6.64917276140193e-10,-1.33460049474909e-05,-1.41695436399327e-06,-3.02053955390284e-16,-3.77852091865857e-05,1.48271235213367e-05,1.12265825306221e-16,6.99289151994678e-07,0.000516122971510624,-0.000270426388910313,1.08838521070845e-05,4.22865542475393e-08,-2.55014088918128e-16,-1.50681056201514e-16,-1.20893098114162e-05,7.0052721408066e-16,-1.06299709979767e-16,1.53774488213119e-05,3.10760137151111e-06,5.43832941805612e-06,-2.18296456751253e-05,-1.03566612864102e-05,-4.76563944316342e-16,-6.77194004108788e-17,4.3383611944817e-06,-2.53876255577411e-16,-1.50393221793288e-17,-8.91957360234784e-07,1.13834863814884e-16,-5.48941742839526e-17,-6.0474772590201e-16,-5.18199712411606e-16,8.52979867180659e-17,2.09569366558363e-06,-7.69986146288076e-16,-3.96651080944742e-05,-5.36028504013428e-16,-2.97506344454126e-16,6.93724142553776e-16,2.57278800108073e-16,4.62091182558287e-07,-1.23448840236961e-16,-2.30249191021169e-15,-3.90872686504487e-15,-1.16277652172244e-15,-5.2421466538319e-15,7.65137491762797e-15
"t71",-0.16491389075459,0.0410879150489491,0.0212290822237852,-0.00250148141849199,0.503390407241692,0.00848904694426667,-0.0632510314957127,0.0690072674037563,-0.137847021416858,0.0204410217049181,-0.00271328711211823,0.0010330905522278,-0.000190208803134338,0.0358209712577191,0.000167622440937985,9.15356153410359e-05,-0.000376292404469153,0.000179929562022543,-0.000517181732231991,0.029198925065139,-2.62421686616359e-05,0.000414861096946962,-0.000158247205225834,2.72229961087118e-05,-0.000412471027416735,2.75077809559492e-06,-7.8187286749619e-05,0.000189219032463901,1.22894995240035e-16,-0.00233927938507463,6.17731057034886e-06,0.000140216345954602,-4.0743954141034e-05,-0.000952444304934113,0.000235258691791832,-0.00252571332426104,-3.25109036488864e-05,4.05453624829325e-16,-0.000923782899930631,-0.687701385339705,0.000197484079047725,-0.000392139360484355,-5.56853217524065e-10,-1.10550050768058e-05,-1.16641036621902e-06,-2.36248355045659e-16,-3.06062623127347e-05,1.1914350353623e-05,6.39101077715934e-17,5.46193275468698e-07,0.000397838967374056,-0.000208246672554414,8.15488740294865e-06,3.07943598919115e-08,-2.12113995713702e-16,-1.39662440248786e-16,-8.0840327439714e-06,6.24492456724718e-16,-9.88629408920046e-17,9.30703587159413e-06,1.87890180035612e-06,3.28640350773142e-06,-1.30129877708405e-05,-5.73956618356933e-06,-4.66405398355493e-16,-2.70601676268322e-17,2.13096961867635e-06,-1.95741168401463e-16,-3.2596305003593e-17,-3.79563321969981e-07,9.72469277966267e-17,-6.62856308940559e-17,-5.42096856912861e-16,-4.37575116129903e-16,6.99427562391789e-17,-1.48562719148127e-07,-7.45845058368677e-16,1.90457000708903e-05,-5.37378568174755e-16,-3.26229001310793e-16,6.98126075820203e-16,2.25780090099271e-16,-8.9915992982107e-07,-9.56932646213317e-17,-2.07703046448043e-15,-3.59166059565825e-15,-9.737954826392e-16,-4.47809401812299e-15,1.1654242223835e-14
"t72",-0.16491389075459,0.0410879150489491,0.0212290822237852,-0.00250148141849199,0.503390407241692,0.00848904694426667,-0.0632510314957127,0.0690072674037563,-0.137847021416858,0.0204410217049181,-0.00271328711211823,0.0010330905522278,-0.000190208803134338,0.0358209712577191,0.000167622440937985,9.15356153410359e-05,-0.000376292404469153,0.000179929562022543,-0.000517181732231991,0.029198925065139,-2.62421686616359e-05,0.000414861096946962,-0.000158247205225834,2.72229961087118e-05,-0.000412471027416735,2.75077809559492e-06,-7.8187286749619e-05,0.000189219032463901,1.22894995240035e-16,-0.00233927938507463,6.17731057034886e-06,0.000140216345954602,-4.0743954141034e-05,-0.000952444304934113,0.000235258691791832,-0.00252571332426104,-3.25109036488864e-05,4.05453624829325e-16,-0.000923782899930631,-0.687701385339705,0.000197484079047725,-0.000392139360484355,-5.56853217524065e-10,-1.10550050768058e-05,-1.16641036621902e-06,-2.36248355045659e-16,-3.06062623127347e-05,1.1914350353623e-05,6.39101077715934e-17,5.46193275468698e-07,0.000397838967374056,-0.000208246672554414,8.15488740294865e-06,3.07943598919115e-08,-2.12113995713702e-16,-1.39662440248786e-16,-8.0840327439714e-06,6.24492456724718e-16,-9.88629408920046e-17,9.30703587159413e-06,1.87890180035612e-06,3.28640350773142e-06,-1.30129877708405e-05,-5.73956618356933e-06,-4.66405398355493e-16,-2.70601676268322e-17,2.13096961867635e-06,-1.95741168401463e-16,-3.2596305003593e-17,-3.79563321969981e-07,9.72469277966267e-17,-6.62856308940559e-17,-5.42096856912861e-16,-4.37575116129903e-16,6.99427562391789e-17,-1.48562719148127e-07,-7.45845058368677e-16,1.90457000708903e-05,-5.37378568174755e-16,-3.26229001310793e-16,6.98126075820203e-16,2.25780090099271e-16,-8.9915992982107e-07,-9.56932646213317e-17,-2.07703046448043e-15,-3.59166059565825e-15,-9.737954826392e-16,-4.47809401812299e-15,1.1654242223835e-14
