accepted_species,0,1
t16,6.372145594513157e-07,0.9999993627854405
t7,6.658975597595429e-07,0.9999993341024402
t74,7.459396553777253e-07,0.9999992540603446
t70,7.492903729700018e-07,0.999999250709627
t14,0.18756265753461365,0.8124373424653863
t99,0.6290168865760719,0.37098311342392815
t26,3.2992814722465624e-06,0.9999967007185278
t77,3.5840326229052977e-06,0.9999964159673771
t72,4.238292901082019e-06,0.9999957617070989
t59,5.552327486668673e-10,0.9999999994447673
