accepted_species,0,1
t16,0.01703024,0.98296976
t7,0.01703024,0.98296976
t74,0.01703024,0.98296976
t70,0.01703024,0.98296976
t14,0.0077061653,0.99229383
t99,0.9222947,0.077705316
t26,0.009440899,0.9905591
t77,0.009440899,0.9905591
t72,0.011805534,0.98819447
t59,0.009640455,0.99035954
