accepted_species,estimate
t66,-0.5995758752667759
t57,-0.23966032931905157
t25,-0.26716116817210983
t72,-0.44244445703190194
t73,-0.44244445703190194
t28,-0.5507747273760262
t38,-0.4734086785525389
t51,-0.4683928843394241
t67,-0.7849028990704946
t21,-0.7235650887563605
