accepted_species,0
t92,-0.7130077954363847
t36,
t7,
t10,
t88,-1.962800493438736
t57,-0.363253367111622
t58,0.127613880595641
t61,1.2234987114593192
t42,
t74,
