"accepted_species","estimate"
"t92",-0.734331476891183
"t36",0.747452882377314
"t7",0.237683673926315
"t10",-0.730455342380491
"t88",-1.94509585220191
"t57",-0.365480234816083
"t58",0.115350711349368
"t61",1.1888341949422
"t42",-0.904938802526095
"t74",1.18676071453155
