accepted_species,0
t43,0.015113291599215178
t140,0.015113291599215178
t23,0.015113291599215178
t186,0.015113291599215178
t234,0.015113291599215178
t138,0.015113291599215178
t312,-2.187934066162
t161,0.015113291599215178
t290,0.015113291599215178
t212,0.015113291599215178
t225,0.015113291599215178
t142,0.015113291599215178
t238,0.015113291599215178
t132,0.015113291599215178
t74,0.015113291599215178
t313,0.464689158516978
t259,0.015113291599215178
t141,0.015113291599215178
t191,0.015113291599215178
t210,0.015113291599215178
t297,0.015113291599215178
t174,0.015113291599215178
t278,0.015113291599215178
t87,0.015113291599215178
t145,0.015113291599215178
t202,0.015113291599215178
t231,0.015113291599215178
t264,0.015113291599215178
t244,0.015113291599215178
t31,0.015113291599215178
t3,0.015113291599215178
t301,0.015113291599215178
t239,0.015113291599215178
t265,0.015113291599215178
