accepted_species,0,1
t50,0.17033896393842707,0.8296610360615729
t6,0.14428795691345486,0.8557120430865451
t26,0.14022646708551956,0.8597735329144804
t25,0.3032181319993448,0.6967818680006552
t30,0.6079373547348733,0.3920626452651267
t37,0.050094094433614456,0.9499059055663855
t72,0.048347478425380896,0.9516525215746191
t73,0.051298506814629,0.948701493185371
t36,0.6892160755576344,0.31078392444236563
t29,0.707884137102399,0.292115862897601
