accepted_species,0,1
t50,0.14963496,0.85036504
t6,0.036475062,0.96352494
t26,0.38882476,0.61117524
t25,0.4238457,0.5761543
t30,0.97849506,0.021504926
t37,0.019886851,0.98011315
t72,0.008043766,0.99195623
t73,0.012761593,0.9872384
t36,0.12249559,0.8775044
t29,0.21590555,0.78409445
