accepted_species,0,1
t50,0.123896,0.876104
t6,0.22762996,0.77237004
t26,0.19927698,0.800723
t25,0.4086926,0.5913074
t30,0.95184034,0.04815964
t37,0.044266462,0.95573354
t72,0.036655426,0.9633446
t73,0.036655426,0.9633446
t36,0.34164774,0.65835226
t29,0.9807927,0.019207314
