accepted_species,estimate
t166,0.09503654
t177,0.16683501
t88,0.16993527
t22,0.5863457
t164,0.52132124
t147,0.33685428
t205,0.4847397
t99,0.4151571
t187,0.5258565
t97,0.87737733
t132,0.8852794
t122,0.87089866
t173,-0.054329865
t51,-0.21237865
t20,0.48794645
t129,0.8896396
t3,-1.4752486
t63,-2.3004491
t201,-2.4881294
t25,-1.7537816
t2,-1.5950643
