accepted_species,estimate
t51,0.15706570108325177
t86,0.6590395711816582
t83,0.7944508268494052
t94,0.8031421439407702
t46,0.1505087783304596
t99,-0.9771615089646671
t100,-0.9771615089646671
t38,-0.8769923676223418
t39,1.5912224045844698
t40,1.5912224045844698
