accepted_species,estimate
t51,0.4894601037557794
t86,0.48735950534602296
t83,0.48591796591526637
t94,0.4857938722009378
t46,0.5031168615642365
t99,0.4698199635367475
t100,0.4698199635367473
t38,0.4753691328235986
t39,1.7627753635020493
t40,1.7627753635020487
