accepted_species,estimate
t51,0.12897858
t86,0.8388542
t83,0.88506484
t94,0.88506484
t46,0.18084827
t99,-0.59631747
t100,-0.59631747
t38,0.043286316
t39,1.0183588
t40,1.0183588
