accepted_species,0,1
t62,0.9032418947550073,0.09675810524499269
t153,0.7098530754247271,0.2901469245752729
t341,0.2660444792336921,0.7339555207663079
t359,0.16009555099825412,0.8399044490017459
t267,0.36018791136808503,0.639812088631915
t73,0.44492526803952515,0.5550747319604749
t91,0.3218651731064749,0.6781348268935251
t55,0.18326357504686874,0.8167364249531313
t301,0.3104891042189517,0.6895108957810483
t303,0.4278249676939745,0.5721750323060255
t306,0.22285419904021642,0.7771458009597836
t207,0.2362996047743099,0.7637003952256901
t265,0.2448206594835476,0.7551793405164524
t139,0.9631281224752979,0.03687187752470208
t70,0.03158506043296061,0.9684149395670394
t218,0.7214803456239789,0.27851965437602116
t361,0.5543329346536885,0.44566706534631156
t339,0.31031253447898965,0.6896874655210103
t215,0.6695420727296951,0.3304579272703049
t245,0.35248549463030865,0.6475145053696914
t314,0.6197389816911254,0.38026101830887465
t56,0.4765346567377743,0.5234653432622257
t114,0.8884081423488364,0.11159185765116364
t115,0.9280199979609469,0.07198000203905311
t53,0.6446470324175716,0.3553529675824284
t6,0.48008434916333265,0.5199156508366674
t217,0.20744396336526327,0.7925560366347367
t297,0.12339547414727303,0.876604525852727
t142,0.33970698529656274,0.6602930147034373
t160,0.5398069875923865,0.4601930124076135
t333,0.6918755393876965,0.3081244606123034
t252,0.6524817388108176,0.3475182611891824
t186,0.6123330492579011,0.38766695074209884
t327,0.20994078173352715,0.7900592182664729
t127,0.36963708231710246,0.6303629176828975
t65,0.12373809836924154,0.8762619016307585
