accepted_species,0,1
t48,0.9731873,0.026812686
t69,0.21710593,0.7828941
t77,0.9545072,0.045492824
t81,0.67764485,0.32235515
t118,0.8894301,0.11056987
t121,0.04503578,0.9549642
t135,0.8717946,0.12820543
t138,0.00997299,0.990027
t141,0.91142315,0.08857683
t142,0.9457064,0.0542936
t143,0.02946508,0.9705349
t150,0.06941062,0.9305894
t162,0.8780751,0.12192489
t163,0.24823672,0.7517633
t172,0.4086302,0.5913698
t173,0.08363688,0.9163631
t181,0.014049232,0.98595077
t184,0.010465562,0.98953444
