accepted_species,0,1
t2,0.5553652,0.4446348
t10,0.37975115,0.62024885
t11,0.8971562,0.102843836
t18,0.5142917,0.4857083
t29,0.9697271,0.030272882
t30,0.9837185,0.016281486
t32,0.94791156,0.052088443
t42,0.96549666,0.034503322
t62,0.9697271,0.030272882
t66,0.99510086,0.0048991693
t77,0.9697271,0.030272882
