accepted_species,0
t20,
t42,
t149,
t207,
t346,
t368,
t364,
t403,0.0768326353786207
t309,
t203,
t233,
t199,
t341,
t218,0.0768326759042585
t325,
t339,
t89,
t158,
t253,
t167,
t336,
t293,
t381,
t274,
t304,
t278,
t237,
t382,
t285,
t221,
t259,
t113,
t133,
t131,
t140,
t137,
t154,
t105,
t121,
t115,
t56,
t31,
