accepted_species,0,1
t59,0.5489091179339802,0.4510908820660197
t40,0.6404465895562141,0.3595534104437858
t97,0.5482356315767537,0.4517643684232463
t7,0.9117538696022676,0.08824613039773241
t43,0.8647582419625504,0.13524175803744962
t32,0.9512579518526908,0.048742048147309244
t50,0.3363819794533115,0.6636180205466885
t37,0.8429296908324017,0.15707030916759834
t94,0.8647678459866086,0.13523215401339134
t92,0.8507578807809737,0.14924211921902636
