accepted_species,0,1
t59,0.8848737054545008,0.11512629454549914
t40,0.4934059413081947,0.5065940586918053
t97,0.36690028273851494,0.6330997172614851
t7,0.6421207986552425,0.3578792013447575
t43,0.8951176635934194,0.10488233640658061
t32,0.8930079117121509,0.10699208828784916
t50,0.541773812235155,0.4582261877648451
t37,0.8951454857331099,0.10485451426689005
t94,0.3214855302796681,0.6785144697203319
t92,0.8972785558432138,0.10272144415678616
