"accepted_species","0","1"
"t59",0.0648297143988634,0.935170285601137
"t22",0.228279470844751,0.771720529155249
"t82",0.0169045691015068,0.983095430898493
"t70",0.076484094382391,0.923515905617609
"t89",0.993195607383046,0.00680439261695373
"t45",0.0872001340193908,0.912799865980609
"t79",0.95810307639806,0.0418969236019399
"t14",0.487773491063004,0.512226508936996
"t33",0.241506914203772,0.758493085796228
"t40",0.171068220968749,0.828931779031251
