accepted_species,estimate
Asclepias_vestita,-0.08236571793652142
Carissa_macrocarpa,-0.16333937231477408
Centaurium_pulchellum,-0.6355055324838771
Crucianella_gilanica,-0.3870302298033475
Faramea_luteovirens,0.002863980420520988
Faramea_occidentalis,-0.057985062980804365
Ixora_pendula,0.2752110388001647
Knoxia_sumatrensis,0.1905328219378492
Rothmannia_urcelliformis,0.32022705499468235
Tabernaemontana_siphilitica,0.06263705515590096
