"accepted_species","estimate"
"t78",0.612097451746042
"t1",0.202671044565206
"t6",-0.961294582346263
"t39",-1.3136260844065
"t46",-0.0556908954628766
"t51",0.131566993704566
"t52",0.131566993704566
"t31",0.27572594306903
"t45",0.622391252548261
"t87",1.11374751947633
