accepted_species,estimate
t78,0.54771346
t1,0.32605717
t6,0.08655596
t39,-1.43151
t46,0.059600476
t51,-0.01901946
t52,-0.01901946
t31,0.43689278
t45,1.0234953
t87,1.0998179
