accepted_species,estimate
t78,0.39873412
t1,0.26833156
t6,-0.35425618
t39,-1.4131683
t46,0.030047812
t51,0.22394389
t52,0.25793168
t31,0.95744705
t45,0.558899
t87,1.0738186
