accepted_species,0,1
t40,0.6197264650432517,0.38027353495674826
t58,0.2814222538847063,0.7185777461152937
t39,0.9028809293128764,0.09711907068712351
t63,0.9994988874682353,0.000501112531764615
t89,0.998798844724631,0.0012011552753689746
t51,0.9781112506782189,0.021888749321781108
t98,0.9906210588283682,0.009378941171631797
t23,0.9603722796876748,0.039627720312325164
t19,0.9640961793126825,0.035903820687317504
t20,0.9555690010072813,0.044430998992718754
