accepted_species,0,1
t40,0.7780312,0.22196881
t58,0.0125514865,0.9874485
t39,0.9817244,0.018275619
t63,0.9990032,0.000996846
t89,0.99770045,0.0022995349
t51,0.99070144,0.009298558
t98,0.99647164,0.0035283556
t23,0.9837446,0.016255394
t19,0.9837446,0.016255394
t20,0.9837446,0.016255394
