accepted_species,0,1
t87,0.36550008022980196,0.634499919770198
t88,0.4157581543234036,0.5842418456765964
t16,0.37790013707449743,0.6220998629255026
t11,0.34503327473519696,0.654966725264803
t83,0.3432944465756216,0.6567055534243784
t12,0.3324760113097377,0.6675239886902623
t81,0.2350918912977149,0.7649081087022851
t79,0.2735164877163835,0.7264835122836165
t80,0.28830300671879505,0.711696993281205
t85,0.2966215887525706,0.7033784112474294
