"accepted_species","0","1"
"t95",0.00333577887770492,0.996664221122295
"t70",0.011157198122582,0.988842801877418
"t81",0.00484280109637556,0.995157198903625
"t62",0.0172494243915644,0.982750575608436
"t66",0.957734459964296,0.0422655400357039
"t67",0.957734459964296,0.0422655400357039
"t38",0.9691163699792,0.0308836300208002
"t83",0.0029877171494841,0.997012282850516
"t3",0.0536724671261806,0.946327532873819
"t80",0.994361592000978,0.00563840799902157
