accepted_species,0,1
t95,0.3035207931832691,0.6964792068167309
t70,0.04737010489989435,0.9526298951001057
t81,0.015697125591497385,0.9843028744085026
t62,0.017943609143927897,0.9820563908560721
t66,0.9857721297358888,0.01422787026411122
t67,0.9865422615485329,0.013457738451467086
t38,0.9873108972454533,0.012689102754546667
t83,0.007842150048334773,0.9921578499516652
t3,0.005965907019295447,0.9940340929807046
t80,0.4966014141839038,0.5033985858160962
