accepted_species,0
Asclepias_fascicularis,0.1378189297640972
Asclepias_incarnata,0.1378189297640972
Asclepias_oenotheroides,0.1378189297640972
Asclepias_ovalifolia,0.1378189297640972
Asclepias_subulata,0.1378189297640972
Asclepias_tuberosa,0.1378189297640972
Asclepias_verticillata,0.1378189297640972
Mandevilla_benthamii,0.1378189297640972
Strophanthus_kombe,0.1378189297640972
Vincetoxicum_hirundinaria,0.1378189297640972
