accepted_species,estimate
t56,0.2836956452427986
t69,0.9999808168573514
t32,1.0373073394748333
t47,1.0372623603975137
t99,1.012725284088245
t21,0.8546685267863579
t38,0.973873526616015
t40,0.9533053761170311
t51,-1.4130174860412845
t34,-0.9187400897108406
