accepted_species,estimate
t80,0.39371951288958174
t96,0.3939401153393376
t48,0.41728433517068725
t72,0.4190724448328394
t66,0.41919662020731696
t67,0.41920261979538676
t68,0.41920261979538687
t32,0.402838611993752
t13,0.40294368288968224
t59,0.40449124153743654
