accepted_species,0,1
Sabatia_grandiflora,0.83853203,0.16146798
Gentianella_eurysepala,0.83853203,0.16146798
Palicourea_winkleri,0.8547655,0.14523453
Palicourea_heydei,0.88276577,0.1172342
Rubia_schumanniana,0.85810536,0.14189464
Rauvolfia_vomitoria,0.8215001,0.17849988
Mussaenda_celebica,0.90831476,0.09168522
Coffea_kihansiensis,0.9215923,0.078407705
Mitracarpus_nitidus,0.88532794,0.114672035
Malanea_setulosa,0.9031749,0.09682513
