accepted_species,estimate
Centaurium_tenuiflorum,-0.37634499133609856
Chironia_linoides,-0.37634499133609856
Cicendia_quadrangularis,-0.37634499133609856
Exacum_affine,-0.37634499133609856
Fagraea_berteroana,-0.37634499133609856
Gentiana_andrewsii,-0.37634499133609856
Gentiana_nivalis,-0.37634499133609856
Gentiana_sceptrum,-0.37634499133609856
Gentianella_germanica,-0.3763449913360986
Gentianella_parviflora,-0.3763449913360986
