accepted_species,0,1
t54,0.6119852035691249,0.38801479643087516
t67,0.5966011743308208,0.40339882566917923
t88,0.6079598930663734,0.3920401069336265
t89,0.6129154918401447,0.38708450815985523
t100,0.6080099024849532,0.3919900975150468
t101,0.6087340534504552,0.39126594654954483
t120,0.6118868208241094,0.3881131791758906
t128,0.6352206602891923,0.36477933971080767
t135,0.6341792886577999,0.36582071134220007
t136,0.6348830554846663,0.3651169445153337
