accepted_species,0,1
t54,0.6402511019860082,0.3597488980139918
t67,0.6763026681284181,0.3236973318715819
t88,0.683436723459202,0.316563276540798
t89,0.6877081178311291,0.31229188216887094
t100,0.6744516838653265,0.32554831613467344
t101,0.6735042673002798,0.32649573269972026
t120,0.6822308120130829,0.31776918798691706
t128,0.6549326199937782,0.3450673800062219
t135,0.6538466358236443,0.3461533641763556
t136,0.6538743477678308,0.3461256522321691
