accepted_species,0,1
t54,0.7305944821592665,0.26940551784073347
t67,0.7289477758931966,0.27105222410680335
t88,0.7289477758931966,0.27105222410680335
t89,0.7289477758931966,0.27105222410680335
t100,0.7304677695636836,0.2695322304363163
t101,0.7304677695636836,0.2695322304363163
t120,0.7640275832634933,0.2359724167365067
t128,0.7385620801662645,0.2614379198337355
t135,0.7385620801662645,0.2614379198337355
t136,0.7385620801662645,0.2614379198337355
