"","V_1","V_2","V_3","V_4","V_5","V_6","V_7","V_8","V_9","V_10","V_11","V_12","V_13","V_14","V_15","V_16","V_17","V_18","V_19","V_20","V_21","V_22","V_23","V_24","V_25","V_26","V_27","V_28","V_29","V_30","V_31","V_32","V_33","V_34","V_35","V_36","V_37","V_38","V_39","V_40","V_41","V_42","V_43","V_44","V_45","V_46","V_47","V_48","V_49","V_50","V_51","V_52","V_53","V_54","V_55","V_56","V_57","V_58","V_59","V_60","V_61","V_62","V_63","V_64","V_65","V_66","V_67","V_68","V_69","V_70","V_71","V_72","V_73","V_74","V_75","V_76","V_77","V_78","V_79","V_80","V_81","V_82","V_83","V_84","V_85","V_86","V_87","V_88","V_89"
"t48",-0.0692969898256107,-0.0251736360626014,0.219355216553836,-0.0114758264801388,-0.0619398913083005,-0.126636121315706,0.0025890256617951,-0.137997819905839,0.0112202276636985,-0.000528813674282221,0.0117735826856661,-8.80883391543262e-06,0.00290780355658581,-0.0216812365871983,-0.000162752558284138,0.128590324402584,0.000444358223520703,-2.87245894153405e-05,1.30446185030029e-05,-1.84378249559747e-05,6.51940764676877e-05,-0.000184246604721853,0.000721247994575481,-7.11546109528972e-07,9.07358622368039e-06,-1.41507824408191e-08,-4.02107799258103e-05,3.60185790470777e-05,-0.000967903844047174,1.17052094397753e-05,-0.333129956382091,0.000228140201502412,-0.000571737154174849,0.547217313225334,-1.19113876553695e-05,-0.000206744356069981,3.00841347406066e-06,0.680544831502741,-5.46243866923872e-06,-0.000120312931656378,-0.000184532259901475,-9.17107809623248e-05,0.00673478280845669,-5.07915773529462e-17,-0.0725057387386208,5.11762412433792e-16,1.11301802150341e-05,2.79238187716576e-05,4.4058410866587e-05,1.24206416705158e-07,5.20581875561046e-06,-3.93120596670602e-06,-1.47959251903105e-16,-1.46861090730105e-05,-6.81513083057709e-07,-2.3095013369806e-16,-0.0115875284542556,7.63008709772849e-05,5.84311962162333e-16,-1.48423977963491e-18,1.48458535116561e-17,1.27944489935557e-16,2.91021300016014e-05,2.28749055744468e-06,5.35320465994975e-16,-3.03438477242969e-16,-7.29721260372738e-15,-2.07042059272776e-05,5.47265556066825e-17,6.81937661355842e-17,1.50759297290046e-06,4.09654385461657e-06,-1.09837248511494e-16,-7.13272804783307e-06,3.35370656276426e-17,-3.02385152020628e-16,2.09211854404063e-16,-5.0885010443064e-17,7.42416389326878e-06,-6.83784274605062e-17,2.69887358347347e-17,-4.22833130393139e-18,-7.35253972430641e-07,1.42808733261882e-17,-1.36739141435728e-17,9.02171001323116e-17,9.35184379366e-17,-4.31568572078544e-17,5.01204159663589e-16
"t9",-0.0693799698999069,-0.0252274888176874,0.220050852469163,-0.011530360229366,-0.0622377350262203,-0.128054941531396,0.00262441448280709,-0.139926668073632,0.0113967942206193,-0.00053769725386983,0.0120117244641034,-9.0291525052169e-06,0.00300673319817816,-0.0224366317053213,-0.000168916021389649,0.134422740087967,0.000470524561207677,-3.05352108702762e-05,1.39458888334794e-05,-2.0728053671654e-05,7.9515492357759e-05,-0.000254003291693298,0.00152102085990442,-2.77607090770566e-06,-3.87642986707774e-05,-3.88291661762099e-09,-2.23537475144415e-05,2.91168501827139e-05,-0.00080554319085384,9.83018147769054e-06,-0.289586161952541,0.000203965009534189,-0.000518433976099582,0.49773158610183,-1.08486694163524e-05,-0.000188249429114708,9.66900252879289e-07,-0.731973965721844,-5.61104515756754e-06,-0.000117277429164805,-0.000177231482167797,-8.76694358308061e-05,0.00644642446939806,-2.14467412899006e-16,-0.0925123248145261,-5.16222261765789e-16,1.03646717292714e-05,2.60215366083687e-05,4.11304636509451e-05,1.16058138189331e-07,4.86564498986222e-06,-3.69559346849677e-06,-8.70001076806805e-16,-1.38438483667577e-05,-6.43994627001021e-07,-4.06560490256455e-16,-0.0135156530375837,6.96609162614052e-05,9.32502808128608e-16,-3.4936828828224e-17,-2.17272877992819e-16,-3.59275668149052e-16,2.74471962049624e-05,2.15887105594183e-06,-1.78206575498832e-16,1.62606058299365e-16,-7.07887951376568e-15,-1.95923621005775e-05,1.1342081542823e-16,-2.25158108295981e-17,1.43128400579937e-06,3.88957009262965e-06,4.2201438457904e-16,-6.77657169467415e-06,-1.70354054513478e-18,-1.95614565704689e-16,-4.42907318214331e-17,-2.27722241661262e-17,7.06204114911784e-06,-2.32734502620791e-16,4.21742612489883e-17,4.9957717592787e-17,-7.00011216995344e-07,4.30773924060227e-17,-3.99947303276116e-17,7.39245257432411e-17,8.49144464780906e-17,-7.5910102963584e-17,6.7954299855507e-16
"t62",-0.0705784685576888,-0.0260051177552095,0.230093325507196,-0.0123173473930063,-0.0665359216266124,-0.148503121397514,0.0031342113328333,-0.167711344230334,0.0139394267119608,-0.000665601777707589,0.015438587512835,-1.21973363495426e-05,0.00442772729871154,-0.0332858730546948,-0.000257408221555992,0.218099114331678,0.00084550118951036,-5.64744797310865e-05,2.68523614100919e-05,-5.34412131830687e-05,0.000283644293660119,-0.00124674190943,0.0128830876560414,-3.20869530027018e-05,-0.00071748168145534,1.41548765646673e-07,0.000230197450521668,-6.77909281201377e-05,0.00146808466719167,-1.6396606102804e-05,0.314963089570371,-0.000125918626586242,0.000186426584526462,-0.143841069135747,2.69500529399521e-06,2.90315138998665e-05,-2.99058777738522e-08,0.0211288598985331,4.70248456433655e-08,-2.27300980849487e-06,-1.01146073864853e-05,-1.06001672538906e-05,0.00120760521330047,-3.83319583967037e-16,-0.317434197480221,-6.34063599491389e-16,-2.62463123637874e-07,-3.4245704872652e-07,8.0716753318574e-07,4.37956400559491e-09,2.11390831365425e-07,-8.50360325408193e-07,-6.42634237967669e-16,-6.00622636338717e-06,-4.3976429487091e-07,-1.00130352727719e-14,-0.324216042374321,-0.000259000793313523,1.30862897401896e-14,2.7588156091857e-16,-1.87583508532643e-16,2.2253690257674e-17,3.47900616214583e-07,8.37417168348221e-08,3.28328690300151e-16,-8.78950682587526e-17,1.17436634053253e-15,-2.29270952379063e-06,1.70784060004616e-15,1.42576348568225e-16,2.69133556907816e-07,7.38895194104937e-07,-2.46441415041405e-15,-1.36987814598005e-06,4.13481120627007e-15,0.707106781186547,1.84054928607265e-15,-1.8971507283559e-15,1.5904776260557e-06,3.75650771898438e-17,5.02454049041329e-16,-2.35002936772818e-16,-1.6907196124512e-07,-3.19765341462153e-17,4.09463631953496e-16,2.46490376207549e-16,2.25806861931516e-16,6.25775665674536e-17,6.48485615535835e-16
"t63",-0.0705784685576887,-0.0260051177552093,0.230093325507195,-0.0123173473930063,-0.0665359216266124,-0.148503121397514,0.00313421133283346,-0.167711344230334,0.0139394267119609,-0.000665601777707383,0.015438587512835,-1.2197336349494e-05,0.00442772729871151,-0.0332858730546949,-0.000257408221555899,0.218099114331678,0.000845501189510833,-5.64744797311521e-05,2.68523614099662e-05,-5.34412131829583e-05,0.000283644293660046,-0.00124674190943,0.0128830876560408,-3.20869530025769e-05,-0.000717481681455348,1.41548765736614e-07,0.000230197450521666,-6.77909281200051e-05,0.00146808466719139,-1.63966061027729e-05,0.314963089570372,-0.000125918626585754,0.000186426584526549,-0.143841069135747,2.69500529376555e-06,2.9031513899826e-05,-2.99058778599895e-08,0.0211288598985326,4.70248455295573e-08,-2.2730098078714e-06,-1.01146073870223e-05,-1.06001672536131e-05,0.00120760521330012,-3.36115874085331e-16,-0.31743419748022,-2.47463510032817e-16,-2.62463124173542e-07,-3.42457048379462e-07,8.07167532946472e-07,4.37956342333893e-09,2.11390832812821e-07,-8.50360325834425e-07,-2.14731077439537e-15,-6.00622636327368e-06,-4.39764295122901e-07,-7.49899858809102e-15,-0.324216042374322,-0.000259000793313181,1.45449833214212e-14,4.35007299480141e-16,-6.71191295814466e-16,2.96370598838138e-16,3.47900615891726e-07,8.37417167999335e-08,-3.5636012263814e-17,-2.30951437660724e-16,-1.05446106383312e-15,-2.29270952303416e-06,-1.56826608130804e-15,-1.74357001249296e-17,2.69133563386832e-07,7.38895192611717e-07,2.96085530503464e-15,-1.36987814225322e-06,-3.90743182101976e-15,-0.707106781186548,-2.0277234103545e-15,2.16934895051112e-15,1.59047762206943e-06,5.26617033714706e-17,-5.19772394566673e-16,2.68261601823774e-16,-1.69071960352526e-07,2.17194219340314e-17,-3.9617846197329e-16,-9.73220744561931e-17,1.52995265195722e-17,-5.31288431474449e-17,6.36974813069748e-16
"t38",-0.0704128893983453,-0.0258979629884902,0.228713325252534,-0.0122096419801892,-0.0659477644435874,-0.145745837023791,0.00306581282443071,-0.163985780892667,0.0135996365241559,-0.000648542427516318,0.0149842525178212,-1.17804666217649e-05,0.00424302986891036,-0.0318771274428029,-0.000245958668231488,0.207358594794239,0.000797941141050115,-5.31948297733894e-05,2.52274399319878e-05,-4.94287354953232e-05,0.000259132493376612,-0.00112931452337459,0.0115614428348008,-2.86983865554588e-05,-0.000639510979951372,1.2510334836703e-07,0.000202020094329539,-5.76405773153577e-05,0.00123517707912808,-1.37351372967381e-05,0.257086225943484,-9.79445870083957e-05,0.000136595025157736,-0.102635096468736,1.88763413224199e-06,1.92228931322419e-05,-1.76254923194743e-08,0.0124214282943253,2.69349483242275e-08,-1.25258177520428e-06,-5.25711644043269e-06,-4.92678251993922e-06,0.000496328707590961,-8.39046134084901e-17,-0.0493670571850744,9.63788847655387e-17,9.25390864135618e-08,1.31173151924193e-07,-3.85859851925042e-07,-2.36038742699282e-09,-1.18249972923147e-07,1.13259442148214e-06,4.08579306705195e-15,1.10198562721839e-05,9.30234561222472e-07,2.43451250904688e-14,0.868625827649789,0.000729057376580291,-3.68613635605367e-14,-9.94420102832174e-16,9.32988577261757e-16,-7.08969592746039e-16,1.55814775614542e-05,1.13451927353535e-06,-9.39424429712111e-16,2.8332274281877e-16,-4.57390884734643e-15,-8.63009837906071e-06,-2.48586356475051e-16,-8.36653479464567e-17,5.98786680560662e-07,1.62721502900857e-06,5.04685663775976e-17,-2.83889453821354e-06,-1.21054493688037e-16,-8.80224385468409e-16,1.31295753799548e-16,-8.78693776462631e-17,2.98402783808503e-06,-1.63645624537822e-16,1.113689505558e-16,-1.51809247755111e-16,-2.98781479625138e-07,4.42815143834217e-17,-8.29384472975731e-17,6.46528418792168e-17,2.04240348244099e-16,-8.15563584238112e-17,6.47594831533638e-16
"t19",-0.0701791033943972,-0.0257464783045781,0.226759827143542,-0.0120568795826407,-0.065113503808187,-0.141807649087817,0.00296789257034723,-0.158650719736202,0.0131122975848177,-0.000624053294255647,0.0143302599269358,-1.11783455654318e-05,0.00397479538264852,-0.0298303134676517,-0.000229297111690988,0.191674446444309,0.000728133206532325,-4.83745612518294e-05,2.28349200235591e-05,-4.34567460976075e-05,0.000222339880755914,-0.00095202021438444,0.0095532613605357,-2.353777493548e-05,-0.000520487658079835,9.98544854377724e-08,0.00015855137066825,-4.16446602160591e-05,0.000865541367838791,-9.49891605635861e-06,0.163365365860482,-5.11921614009398e-05,5.00480457121803e-05,-0.0298574018838793,4.44956224188892e-07,1.07536165598549e-06,6.73519309926035e-09,-0.00487689408912695,-1.35840259177826e-08,8.51577058171947e-07,5.09335546303315e-06,7.91428388374941e-06,-0.00121789959017912,1.09509103574424e-15,0.884068050910605,8.30635607397843e-16,1.08065884547779e-05,2.65816612924771e-05,3.9923267673834e-05,1.09871897198449e-07,4.57273255004152e-06,-3.21098263913441e-06,-9.0175417531627e-16,-1.30301373243568e-05,-6.84897126817312e-07,-6.66312204421947e-15,-0.186841890503637,-9.56863602150973e-05,7.50054134905899e-15,-9.52970010745175e-17,1.70679769938525e-16,3.57743818933737e-16,1.62554401844529e-05,1.2849884007403e-06,-6.19251506987816e-17,1.79996105853561e-16,-4.18264059602741e-15,-1.16601699793229e-05,2.25185806870328e-16,1.43450020313299e-16,8.48172857107629e-07,2.30504364601708e-06,-1.21658585040763e-16,-4.01825046955339e-06,9.53024324332399e-17,9.17354291251104e-16,2.85734511746569e-16,1.89530005771289e-16,4.19843406482633e-06,-2.23009780558803e-16,-6.95829255235001e-17,8.34736457147058e-17,-4.17452612360269e-07,4.89710636011054e-17,-1.34965054532442e-17,1.15240286509504e-16,2.63708755309524e-16,-8.74352054183153e-17,7.02798663684206e-16
"t21",-0.0684711512075979,-0.0246379503829164,0.212439312034643,-0.0109340972570807,-0.0589812450079783,-0.112584372007859,0.0022389104116923,-0.118917432842618,0.00947486421833418,-0.000441036378927823,0.00942360748100406,-6.63840447678259e-06,0.00193595918531462,-0.0142622915079743,-0.000102270585358693,0.0714668119664883,0.000188842258025512,-1.10579690665251e-05,4.26037833240439e-06,3.72617191475e-06,-7.25407784039836e-05,0.000483480313605264,-0.00689206604653721,1.88998305361722e-05,0.000462486650401173,-1.10909649661709e-07,-0.000207614554134691,9.89127435486547e-05,-0.0024300643793087,2.85007957016963e-05,-0.70831688870017,0.000410243980826729,-0.00070107130089411,-0.63245693518923,-4.74805560474539e-05,-0.000441450091854522,3.908524383708e-06,0.0013787388389806,-1.05083505153123e-05,-0.000221781226288556,-0.000330855475053446,-0.000159338703379403,0.0114204918620337,1.00796961707541e-17,-0.02488632364775,2.2003923678685e-16,1.88083613153042e-05,4.70780622203019e-05,7.38263665572303e-05,2.07447099526667e-07,8.685912648394e-06,-6.41183054620832e-06,2.04891384794095e-16,-2.37052205310693e-05,-1.09096849759703e-06,7.19829686858421e-16,-0.00533230392508574,0.000134470689696794,1.97957483241494e-16,-1.09943075854583e-16,2.47401613168398e-17,4.48936673396247e-18,4.64002744226464e-05,3.63399008002289e-06,1.51063924812857e-16,1.71166100770512e-16,-1.13981208354913e-14,-3.23809989711294e-05,7.21868948238563e-18,1.15788375871432e-16,2.30857361759089e-06,6.26891025315882e-06,1.15547554097246e-16,-1.08691255629224e-05,3.6471038266878e-17,7.64478541939254e-17,1.53558104526609e-16,6.77583804979412e-17,1.12188107076358e-05,1.40372397402184e-16,-2.09026044185275e-17,5.41236613280593e-18,-1.10419746387349e-06,2.95267266668266e-17,-3.52128493911733e-17,8.83822411198265e-17,1.17623353350785e-16,-5.02206376121134e-17,6.30563917612141e-16
"t54",-0.0674533299213147,-0.0239398880766649,0.202876074356521,-0.0101162815541745,-0.0545010004781569,-0.0831150239442124,0.0014137492242028,-0.0732976127680053,0.00494975542025736,-0.000202202266418493,0.00197022572788566,1.85847555926128e-06,-0.00374651818265674,0.0307814180742718,0.000321105947950719,-0.514953438406143,-0.00674293655584352,0.000784957860121506,-0.00274541501148348,-0.000224686118493885,0.000776291365681444,-0.00282413899872565,0.0247266623584174,-5.83465152165022e-05,-0.00123728864541158,2.15408816619714e-07,0.000316381298538097,-5.63290708627249e-05,0.000981478332927694,-9.87308324121151e-06,0.0660791859377493,7.10825626392524e-05,-0.000286378980232931,0.00187702010118676,-1.59803125310103e-05,-0.000212285654697051,2.59479652084963e-06,7.29467094717773e-05,-7.48398858854454e-06,-0.000174198628820502,-0.000307190398853375,-0.000241184953143338,0.395015806209346,1.52970741224497e-16,-0.000660858671118168,4.04005405102086e-16,7.83932702050416e-06,1.98321661270756e-05,3.19982622365479e-05,9.12934318611432e-08,3.84044117421682e-06,-3.12265951298539e-06,-9.40336905952124e-15,-1.18549081599381e-05,-5.50453181061187e-07,-0.707106781186548,-0.000422801693025483,7.14190722977978e-05,-1.341818610422e-14,6.24931910543775e-16,1.71420770453515e-16,2.29900606960311e-15,2.59304243610417e-05,2.05710983436304e-06,-8.19415611013207e-16,1.37046537409044e-16,-5.25882431586886e-15,-1.93863429819986e-05,-7.11502900338388e-17,8.50209261131569e-17,1.48335856008506e-06,4.03642985685065e-06,9.71882223992416e-17,-7.09149230923882e-06,-2.63332107004981e-17,-1.04482709067866e-15,-2.88222347291742e-16,-2.27876240984706e-16,7.50753395433397e-06,-1.98814908406776e-16,2.28330674695977e-16,8.96680629452708e-17,-7.52364954877592e-07,-1.7702301719614e-17,-1.72998817609194e-17,-1.6420878664259e-16,2.93698091230007e-16,-9.81545636999613e-17,4.78255578897033e-16
"t25",-0.0674533299213147,-0.0239398880766649,0.202876074356521,-0.0101162815541745,-0.0545010004781569,-0.083115023944213,0.00141374922420284,-0.0732976127680053,0.0049497554202572,-0.000202202266418684,0.00197022572788577,1.85847555911635e-06,-0.00374651818265663,0.0307814180742722,0.000321105947950848,-0.514953438406143,-0.00674293655584353,0.00078495786012154,-0.00274541501148369,-0.000224686118493709,0.00077629136568122,-0.00282413899872545,0.0247266623584182,-5.83465152163089e-05,-0.00123728864541188,2.15408816676564e-07,0.000316381298538042,-5.63290708626753e-05,0.000981478332927751,-9.87308324101649e-06,0.0660791859377506,7.10825626397144e-05,-0.000286378980232576,0.00187702010118759,-1.59803125307303e-05,-0.000212285654697059,2.59479652081084e-06,7.29467094718328e-05,-7.4839885889425e-06,-0.000174198628820592,-0.000307190398853755,-0.000241184953142919,0.395015806209347,9.85922359758372e-16,-0.000660858671116177,-5.53390307219798e-16,7.83932701876875e-06,1.98321661283443e-05,3.19982622382301e-05,9.12934317412907e-08,3.84044117391198e-06,-3.12265950843275e-06,9.76688513659113e-15,-1.18549081560344e-05,-5.5045209310891e-07,0.707106781186547,-0.000422801693065283,7.14190723053083e-05,1.32150683431376e-14,-9.111080267851e-16,-2.77151960835853e-16,-2.40948657797339e-15,2.59304243655494e-05,2.05710983590063e-06,1.16250515074738e-15,-8.33683765485636e-17,-8.09069098731861e-15,-1.93863429817192e-05,3.46448297956955e-16,2.58133376029392e-17,1.48335855972537e-06,4.0364298567805e-06,-2.18174976755137e-17,-7.09149230865734e-06,1.23626376758264e-16,7.67786462379996e-16,2.91814987385765e-16,2.91196261791663e-16,7.5075339542884e-06,2.73066262656979e-16,-1.39799625492954e-16,-7.40626374281637e-19,-7.52364955070768e-07,2.63217754501744e-17,2.99554406269158e-17,3.41528541586119e-16,-9.58750598562217e-17,1.81476462652656e-17,6.56097556934791e-16
"t26",-0.0672879685598678,-0.0238365581675645,0.20159823870287,-0.0100230310750505,-0.0539930648427315,-0.0814658946919996,0.00138062849099275,-0.0715487050411551,0.00481976309277588,-0.000196608946120861,0.00190731072810149,1.78908551005895e-06,-0.00357392929400511,0.0293414656633508,0.000305269512109033,-0.48663997778755,-0.0063150842859354,0.000733398558347108,-0.00255682743290945,-0.000205112985084372,0.000697094927222362,-0.00250630667002041,0.021655407582723,-5.08503748798925e-05,-0.00107290805896686,1.84441406947266e-07,0.000267974396563734,-4.52939491950391e-05,0.000774596024574217,-7.7301509873936e-06,0.0492102481424601,4.74992930110983e-05,-0.000161013188956964,0.000958711297481957,-7.55773764659363e-06,-7.39189425301189e-05,7.71455321721199e-08,1.58889262188988e-06,4.78682770338073e-07,3.53780873140836e-05,0.000136881010200689,0.000254635144786324,-0.82927073693388,-1.20123168501636e-15,-0.0045375608023207,2.57318400807143e-17,2.09589235621791e-05,5.21764445925644e-05,8.06442519965432e-05,2.24863463971366e-07,9.39292029885876e-06,-6.60926461695056e-06,1.81935380841048e-17,-2.40935511469192e-05,-1.10137553544742e-06,1.07643397502392e-15,-0.0008268646922477,0.000139072580214109,1.88262495484209e-16,7.61007161826221e-17,1.53773365171501e-16,-3.71654379517093e-17,4.54380868721977e-05,3.54364491719193e-06,-1.96139391440185e-16,6.85827344213091e-17,-1.12781502273917e-14,-3.11027026487192e-05,-3.03181249131542e-16,6.57703259309379e-17,2.19272145830406e-06,5.95317725036193e-06,4.85637636971243e-17,-1.03111298685179e-05,2.85197305546705e-19,1.32902576201097e-16,2.13474778340595e-16,7.51914784011177e-17,1.06317260369528e-05,-2.37277991021805e-16,-3.27352125442393e-17,-6.01416803757375e-17,-1.04640611359177e-06,5.74475837286797e-17,-4.49780451400593e-17,6.87430979440421e-17,2.82897664026966e-16,-2.90940981306945e-17,8.01821421093754e-16
"t15",-0.0596797623970277,-0.0188068027251748,0.135236363125445,-0.00463754574202974,-0.0245414809808638,0.0867627394871835,-0.00325838546163323,0.184999771657621,-0.0209889480941677,0.00119511093587915,-0.0508233819923118,-0.000251986010915812,-0.0268556174949003,0.29254900124307,-0.00364014603371881,0.03507171071025,-0.00558100966146424,0.00032477510829632,-0.000881103326051371,0.000209201156311538,-0.00250768673200256,0.0202695972411533,-0.707259832113492,0.00716027122760109,-0.576592735592419,3.26797940048502e-06,0.00324546671389011,-0.000277896044104552,0.00408616108355248,-3.80103550564694e-05,0.0226189630591487,0.000406727107131628,-0.00120424456301392,0.000544812073911161,-6.03264077826224e-05,-0.000719503162946749,7.17460844933017e-06,1.69752153894587e-05,-1.95827789637143e-05,-0.000419700364932746,-0.000636304789168951,-0.000309346066027568,0.00207676555336283,-2.4610472842489e-17,-0.000632721614824139,-3.9659383903256e-17,4.19638605163602e-05,0.00010509011132831,0.000165048064812978,4.64193008861171e-07,1.94416387440779e-05,-1.44516582531942e-05,1.82510338448252e-16,-5.34888871538694e-05,-2.45880037135145e-06,4.43381690425613e-17,-0.000184253710767978,0.000315304631356768,3.51766569307226e-17,-9.12042172484149e-17,-4.23431764198356e-17,3.32436663657156e-17,0.000106609458636041,8.36365630307944e-06,5.96522605404199e-16,4.12099562034577e-17,-2.65901936443482e-14,-7.5135514430329e-05,-1.25100884840983e-16,-6.32891552148767e-17,5.41707773787103e-06,1.47149435784113e-05,1.00536412929444e-16,-2.55671467010124e-05,9.57911110370009e-18,-3.11116374256671e-18,-4.07201614456707e-16,1.2149702688134e-17,2.64961376354234e-05,9.20587422930275e-17,-3.96664975680174e-17,4.17099030991808e-17,-2.61515566786383e-06,1.22523287203867e-17,-4.81835298378892e-17,-2.36382902609923e-17,1.73008061640227e-16,-1.51966985378039e-17,5.96279952131232e-16
"t23",-0.0607541055202734,-0.0194185502579624,0.141840247731472,-0.00498361699154073,-0.0263959631985683,0.103370993401139,-0.00404579281010804,0.230915257521075,-0.0270037478962319,0.00156645388087208,-0.0708503531308358,-0.000384630819365856,-0.0495132116115201,0.549468888596389,-0.00734025259495271,0.0859179092182364,-0.0216167814903476,0.00151599160460425,-0.00580876857082089,-0.000612696572117353,0.00260348523060797,-0.0124424692668001,0.252225922215062,-0.00208150155978782,0.134470509892442,-3.98699504808689e-07,-0.000169370388198015,-3.66429730795064e-05,0.000688434819014875,-6.90230666203401e-06,0.00547064652524037,0.000125477954219131,-0.000426746161284268,0.000200583396013476,-2.270120607801e-05,-0.000284616763579228,3.01625785929769e-06,7.14322303974058e-06,-8.31616860373431e-06,-0.000180340075183532,-0.00027742950450299,-0.000137673603982052,0.000938818457948392,-7.16470335916698e-16,-0.000298730225259669,2.38639411480338e-16,2.04939205602224e-05,5.13833902342962e-05,8.09694748161508e-05,2.28159502454094e-07,9.56170846687308e-06,-7.21316459226336e-06,-0.707106781186548,-2.68348121560636e-05,-1.23617008089599e-06,9.67429741077795e-15,-9.2936047422304e-05,0.000159138194642982,-1.98326623777069e-16,3.5989800786443e-15,5.63328874416298e-16,-4.17971527159368e-16,5.47954347911635e-05,4.31389963689381e-06,1.39052904450407e-15,1.24159597842027e-16,-1.39194270009609e-14,-3.94136014025276e-05,-1.25482477974824e-16,2.58587378327267e-16,2.91471590889988e-06,7.92404896669919e-06,1.71277742859758e-16,-1.38416571103158e-05,-3.78821602078955e-17,2.89797886828058e-16,3.77533355598886e-16,2.27205341279252e-16,1.44998424952371e-05,-1.63411973868436e-16,1.33863770435223e-16,3.13070079476164e-17,-1.44275922846265e-06,-3.53484013860137e-16,2.19673318643069e-17,3.75835769411627e-17,7.53257883176162e-17,8.45752169390689e-17,6.98107190155397e-16
"t24",-0.0607541055202734,-0.0194185502579624,0.141840247731472,-0.00498361699154073,-0.0263959631985683,0.103370993401139,-0.00404579281010802,0.230915257521075,-0.0270037478962318,0.00156645388087206,-0.070850353130836,-0.000384630819365779,-0.0495132116115203,0.54946888859639,-0.00734025259495267,0.0859179092182364,-0.0216167814903472,0.00151599160460421,-0.00580876857082096,-0.000612696572117306,0.00260348523060805,-0.0124424692668002,0.252225922215062,-0.0020815015597878,0.134470509892442,-3.98699504827596e-07,-0.000169370388197901,-3.6642973079498e-05,0.000688434819014972,-6.90230666189155e-06,0.00547064652524074,0.000125477954218918,-0.000426746161284222,0.000200583396014642,-2.27012060781059e-05,-0.000284616763579145,3.01625785956714e-06,7.14322303874138e-06,-8.31616860398295e-06,-0.000180340075183049,-0.000277429504502209,-0.000137673603982289,0.000938818457948213,7.01377159248819e-16,-0.000298730225259281,-1.4647249174174e-16,2.04939205589615e-05,5.13833902335136e-05,8.09694748172781e-05,2.28159504939555e-07,9.56170846732292e-06,-7.21316457427387e-06,0.707106781186548,-2.68348121619451e-05,-1.23617007849212e-06,-9.85162348235671e-15,-9.29360474289653e-05,0.000159138194629096,1.64530535184445e-16,-3.72686060429411e-15,-5.01838642960824e-16,3.38191105549171e-16,5.47954347907185e-05,4.3138996380662e-06,-1.45192689880575e-15,-4.94697024495484e-17,-1.39442149485837e-14,-3.9413601402883e-05,1.51371286176826e-16,-1.07220479449898e-16,2.91471590895502e-06,7.92404896707369e-06,7.09885550602057e-17,-1.38416571101869e-05,1.02309177283989e-16,-7.40199453151112e-16,-2.62192231228249e-17,-1.34420605016538e-16,1.44998424950911e-05,-7.40035704850077e-17,-8.86034152096878e-17,-3.39148901968874e-17,-1.44275922833704e-06,3.98258066444111e-16,-1.90833592000113e-17,1.97838132449148e-16,1.98640355293333e-16,-1.52930400622672e-16,5.55555197045627e-16
"t85",-0.0602486035075653,-0.019139859116227,0.138948374415027,-0.00484245839326649,-0.0256416686457217,0.0995737415725992,-0.00395209039746766,0.226202015779498,-0.0270379260648965,0.00159874276814034,-0.0807070860133592,-0.000704507230131546,0.0160920867162922,-0.12805143365378,0.000320111563838729,0.00785222981609275,-0.0559397743056315,1.26909813733941e-05,1.34729597875767e-05,0.000209160174807603,-0.00216222809418103,0.0168107446271631,-0.545036358647428,0.00493139971347567,0.76087003331528,3.04875968957646e-06,0.00291077704300921,-0.000242020242165988,0.00355234632260296,-3.30297008032774e-05,0.0196350080097703,0.0003533070649091,-0.00104761271066104,0.000474233695205439,-5.25316353602953e-05,-0.000627172711099986,6.2634322737426e-06,1.48197483695878e-05,-1.71006305741091e-05,-0.000366628979534083,-0.000556092360482797,-0.000270530776086545,0.00181716480168267,-2.18784944833826e-19,-0.000554548521531528,2.07106883041236e-17,3.68330104751229e-05,9.22458864660148e-05,0.000144897990776015,4.07557624213755e-07,1.70700794139835e-05,-1.26977399031569e-05,-3.22110522173673e-16,-4.70091195946546e-05,-2.16116395276481e-06,3.78594360652303e-16,-0.000161976412031667,0.000277191468125439,8.6699527177341e-18,-1.12524077890089e-16,1.15139520850911e-16,-1.10720134568739e-16,9.38118121245698e-05,7.36105864281954e-06,4.74904959612406e-16,-4.23864487617532e-17,-2.33325278244712e-14,-6.61908135326663e-05,5.45823065066113e-17,1.64495744914625e-16,4.77941249354992e-06,1.29834533045529e-05,5.55041171750999e-16,-2.25662315613615e-05,5.45838357006444e-17,-1.17354893729493e-16,1.14509937047395e-17,1.34824145733261e-16,2.34023600661424e-05,-9.41786441647572e-17,5.59597318621281e-17,1.13038776661112e-17,-2.31103864778231e-06,1.87866333595333e-17,6.65763887027142e-17,2.21107361293022e-16,1.06370412063486e-16,-1.95054936103137e-17,6.70427011603024e-16
"t58",-0.0615343793984347,-0.0198799424846983,0.147038866694656,-0.00527544285524947,-0.027963735037663,0.122928053772465,-0.00513375977921138,0.295754301890966,-0.0367096267947306,0.00222178300312508,-0.121263483741039,-0.00119038118875041,0.0351288782293259,-0.286949468608107,0.000794502732198205,0.0262880105053633,-0.465160656991536,0.000186807714614743,-0.0020496963033629,-0.000351146232115299,0.00161051532562243,-0.00782737107382435,0.152169703295866,-0.00112974899195684,-0.140447689874436,-2.93435700968795e-07,-0.000114177888947719,-2.83694668823641e-05,0.000530926072414083,-5.32083064300263e-06,0.00422582113396198,9.76274877240893e-05,-0.000334358461302755,0.000157531903783592,-1.78547494050813e-05,-0.000224661041869691,2.39268256438791e-06,5.66690968395456e-06,-6.60273073891365e-06,-0.00014333433629842,-0.000220797779117799,-0.000109785759112357,0.000749810348285963,-2.69307448674597e-16,-0.000239686710841291,-1.96641402461207e-16,1.65071293083422e-05,4.13932926040891e-05,6.52531570683887e-05,1.83915453238095e-07,7.70808945825778e-06,-5.8253211967855e-06,1.691637752114e-16,-2.16855473799836e-05,-9.99230512009689e-07,-2.72737196361516e-16,-7.51536798981878e-05,0.000128699103222303,-1.89745117544903e-16,-5.91661918105074e-16,1.07852521505212e-16,-1.2013630044306e-16,4.44189705819026e-05,3.49861409099032e-06,1.75624222257898e-16,-4.88636201803083e-16,-1.07190551069077e-14,-3.20378115203847e-05,7.82385808459095e-16,1.15650837144963e-15,2.37778045292639e-06,6.46509000083248e-06,0.707106781186547,-1.13019720245851e-05,-3.5856309695302e-16,2.45231788743034e-15,-3.54890317906157e-16,-1.28786582648273e-15,1.18583537313932e-05,-4.76705065486364e-16,-1.34832623357353e-16,1.03613206422606e-15,-1.18137577066455e-06,6.48207418157379e-17,1.96063666430385e-16,1.16030461634439e-16,3.03804160545867e-16,-3.17822856309238e-17,7.47596914585596e-16
"t59",-0.0615343793984347,-0.0198799424846983,0.147038866694656,-0.00527544285524945,-0.0279637350376629,0.122928053772465,-0.00513375977921138,0.295754301890966,-0.0367096267947307,0.00222178300312503,-0.121263483741038,-0.00119038118875036,0.0351288782293258,-0.286949468608107,0.0007945027321982,0.0262880105053634,-0.465160656991536,0.00018680771461471,-0.00204969630336274,-0.000351146232115341,0.00161051532562238,-0.00782737107382435,0.152169703295865,-0.00112974899195686,-0.140447689874436,-2.93435700944921e-07,-0.000114177888947825,-2.83694668821329e-05,0.000530926072414144,-5.32083064282261e-06,0.00422582113396193,9.76274877240833e-05,-0.000334358461302691,0.000157531903783703,-1.78547494047712e-05,-0.000224661041869474,2.39268256417479e-06,5.66690968362843e-06,-6.60273073919607e-06,-0.000143334336298483,-0.000220797779117739,-0.000109785759112349,0.000749810348285931,2.57001115786367e-16,-0.000239686710842041,2.24322400503442e-16,1.65071293077985e-05,4.13932926044495e-05,6.52531570677378e-05,1.83915453548397e-07,7.70808945828301e-06,-5.82532119670811e-06,1.23408181302328e-16,-2.16855473802017e-05,-9.99230511669408e-07,-1.47018357923631e-17,-7.51536798987568e-05,0.000128699103221559,2.17587761453046e-16,4.91890628428691e-16,-8.92969647520545e-17,-2.47572161897223e-17,4.44189705822303e-05,3.49861409168447e-06,2.20741676497365e-17,5.40724820034784e-16,-1.20425622311002e-14,-3.20378115208919e-05,-8.68984870038019e-16,-1.0559725959973e-15,2.37778045561539e-06,6.46509000224918e-06,-0.707106781186548,-1.13019720401843e-05,4.09694522718443e-16,-2.86778682681344e-15,5.74906519590002e-16,1.30647611448252e-15,1.18583537274454e-05,2.48108150882303e-16,1.5161217691062e-16,-1.0867168108519e-15,-1.18137576967114e-06,3.41233753404671e-17,-2.60125967446599e-16,-6.4399529511797e-18,-5.96695674450211e-17,-2.76287017315931e-17,5.22079822423037e-16
"t42",-0.0612965009722459,-0.0197416232156993,0.145509467550453,-0.00519210900609438,-0.0275165284435893,0.1180547953919,-0.00487851989667104,0.2806635022037,-0.0345552166844861,0.00208068559997521,-0.111540985097463,-0.00106291119168794,0.0289228802705185,-0.233896594935464,0.000620076067726967,0.0169940061861354,0.530569008481818,0.00136416494955251,-0.00402736687534857,-0.000380379115353047,0.00153974101591191,-0.00679305015166815,0.111691152183586,-0.000751166994685058,-0.0805995477402284,-4.50908656432504e-08,0.000126211072993369,-4.84272794201608e-05,0.000823693923874179,-8.03601852115954e-06,0.00581450370479243,0.00012547707145005,-0.000414986204216185,0.00019373079514756,-2.1844150657052e-05,-0.000271683267821915,2.85383413799852e-06,6.75769619954553e-06,-7.85762490445743e-06,-0.000170131976970644,-0.000261236391392227,-0.000129310411710535,0.000880166952287161,-1.9109122527982e-16,-0.000278746562879434,-2.40264279346172e-17,1.9060539538769e-05,4.77844186115995e-05,7.52755276424377e-05,2.12078584686358e-07,8.88731020911813e-06,-6.69585266405139e-06,-1.36459863624025e-15,-2.48996387009635e-05,-1.14682503018155e-06,1.23291848705247e-15,-8.61962480596667e-05,0.000147589799568019,-6.36579436889971e-16,1.63447398308312e-15,1.88675432297359e-15,6.15402124159789e-16,5.0747488017387e-05,3.99418169005065e-06,-0.707106781186547,4.21010295944215e-15,-1.27998253865208e-14,-3.64493535205085e-05,-8.42670569941355e-16,-6.35366249460851e-16,2.69121476955276e-06,7.31608184198235e-06,7.80926898218239e-17,-1.27757891894196e-05,-1.35891290977842e-17,-1.46403728947414e-16,5.3105050518598e-16,4.16678793122218e-16,1.33755292968387e-05,1.71519783486991e-16,3.80441903370986e-18,1.54621399848959e-16,-1.33034539729711e-06,6.27045043273309e-16,-1.24778642147767e-17,1.95588164714858e-16,1.08408557105569e-16,-4.43581612261059e-17,6.30182781155885e-16
"t43",-0.0612965009722459,-0.0197416232156993,0.145509467550453,-0.00519210900609438,-0.0275165284435893,0.1180547953919,-0.00487851989667101,0.2806635022037,-0.0345552166844861,0.00208068559997499,-0.111540985097463,-0.00106291119168787,0.0289228802705185,-0.233896594935464,0.00062007606772703,0.0169940061861354,0.530569008481818,0.00136416494955256,-0.00402736687534846,-0.000380379115352986,0.00153974101591201,-0.00679305015166814,0.111691152183586,-0.000751166994685007,-0.0805995477402286,-4.50908657065426e-08,0.000126211072993445,-4.84272794198648e-05,0.000823693923874123,-8.03601852114122e-06,0.00581450370479257,0.000125477071450526,-0.000414986204216209,0.000193730795147444,-2.18441506570877e-05,-0.000271683267821841,2.85383413814171e-06,6.7576961991847e-06,-7.85762490445559e-06,-0.000170131976971015,-0.000261236391392275,-0.000129310411710858,0.000880166952286751,1.75368834784156e-16,-0.000278746562879517,1.1285385690907e-16,1.90605395394977e-05,4.77844186130578e-05,7.52755276422917e-05,2.12078583611699e-07,8.88731021011653e-06,-6.6958526639242e-06,1.33713004971386e-15,-2.48996386999452e-05,-1.14682503122714e-06,-1.23589334641779e-15,-8.6196248058501e-05,0.00014758979957022,6.77857839677309e-16,-1.7625877479894e-15,-1.91383092019907e-15,-5.80324126814948e-16,5.07474880177597e-05,3.99418167728758e-06,0.707106781186546,-4.17725324739513e-15,-1.28938720377349e-14,-3.64493535167745e-05,8.95616774908456e-16,6.65305329804386e-16,2.69121476985731e-06,7.31608184230447e-06,-9.11275256508458e-17,-1.27757891906287e-05,1.0230516728598e-16,5.58273748787707e-17,-6.31296298900479e-16,-3.07776982692824e-16,1.33755292970057e-05,-3.96538053358711e-16,-1.87323759725895e-17,-1.18632033493821e-16,-1.33034539761542e-06,-5.99525464908077e-16,7.98868620565537e-18,-6.87141338942248e-17,1.59067268915707e-16,-3.84852426756809e-17,5.95021692638917e-16
"t67",-0.0497547171686402,-0.012310671048015,0.0509391770331011,0.0019297831771494,0.011305293783943,0.175883766022345,-0.00213492092707541,0.0867670227308695,0.017891241319311,-0.00242285578536461,0.664950433769261,-0.0148923547029155,0.031729931388951,-0.0271376526963231,-0.00769892713083302,0.00918435706070782,-0.00194727038122094,0.00308001535821896,-0.0114442395717012,-0.000982305918861774,0.00308750269602609,-0.00951549673357446,0.0140730316202095,0.000626073847345075,-0.000711179363836244,1.30515224741304e-06,0.00166532054974493,-0.000223563504287381,0.00349714701654236,-3.31513136764959e-05,0.00312055970791109,0.000452289040352817,-0.00140682525116424,9.73215074852041e-05,-7.2201872067461e-05,-0.000878991389220995,8.99184125973087e-06,3.35129233128284e-06,-2.46470947006888e-05,-0.000530839297157497,-0.000809636570490154,-0.000396600017509204,0.000432952914027986,1.97083518771188e-16,-0.0001367896208741,9.61895833768664e-17,5.61667600264499e-05,0.00014072835153066,0.000221331293954883,6.22990750860987e-07,2.60991875416987e-05,-1.95218876793326e-05,2.06055434630819e-16,-7.24106598909795e-05,-3.33149520862318e-06,-1.95020434634823e-16,-4.24362434093273e-05,0.000428122643084118,8.82638523792846e-17,-4.5853473802048e-16,3.97243833002565e-16,1.40836232868089e-16,0.000145818712608538,1.14566260595833e-05,7.001472935523e-16,-7.89930382513688e-16,-3.70352146908889e-14,-0.000103654198248267,-2.68334688851167e-16,7.63731259219908e-16,7.55275889568655e-06,2.05232988929921e-05,5.3586114455335e-16,-3.57378852966479e-05,-2.69390929787627e-15,-2.13336611871892e-15,0.707106781186548,-5.41930708427948e-15,3.72008024426913e-05,1.06445059257273e-14,2.41416859363532e-16,-5.81738797263236e-16,-3.68387082750838e-06,6.60681854476402e-16,-3.20509862521051e-16,-1.42101498593943e-16,4.26195298184622e-16,-4.44919184235067e-17,1.02535186808402e-15
"t68",-0.0497547171686402,-0.012310671048015,0.0509391770331011,0.00192978317714941,0.011305293783943,0.175883766022345,-0.00213492092707539,0.0867670227308695,0.017891241319311,-0.00242285578536433,0.664950433769261,-0.0148923547029155,0.0317299313889511,-0.0271376526963232,-0.00769892713083305,0.00918435706070781,-0.00194727038122078,0.00308001535821903,-0.0114442395717013,-0.000982305918861765,0.00308750269602621,-0.00951549673357455,0.0140730316202091,0.000626073847345069,-0.000711179363836022,1.30515224737213e-06,0.00166532054974498,-0.000223563504287214,0.00349714701654236,-3.31513136763933e-05,0.0031205597079109,0.000452289040352813,-0.00140682525116411,9.73215074851104e-05,-7.22018720674144e-05,-0.000878991389221007,8.99184125967513e-06,3.35129233147366e-06,-2.46470947007144e-05,-0.000530839297157287,-0.000809636570489995,-0.00039660001750925,0.000432952914027722,-1.96701625625454e-16,-0.000136789620873934,2.36711733794907e-16,5.61667600264782e-05,0.000140728351530365,0.000221331293954676,6.22990750517682e-07,2.60991875412531e-05,-1.95218876792531e-05,-3.16039149250922e-16,-7.24106598923001e-05,-3.33149520862905e-06,2.68393583803691e-16,-4.24362434092163e-05,0.000428122643084292,-1.24053094915081e-16,3.27983271021488e-16,-3.7865404997676e-16,-2.16891475073121e-16,0.000145818712608431,1.14566260594384e-05,-5.60134098266504e-16,8.00311432416167e-16,-3.6427029729769e-14,-0.000103654198249117,3.15507847377086e-16,-6.38359839966968e-16,7.55275889983265e-06,2.05232988954722e-05,-4.57167208305466e-16,-3.57378852982985e-05,2.75616590523948e-15,2.04185570585634e-15,-0.707106781186547,5.51055460394664e-15,3.72008024615194e-05,-1.07674704473908e-14,-1.94148312730692e-16,5.85669697458518e-16,-3.68387082716651e-06,-5.97310946473896e-16,2.94128381984961e-16,3.2256081466866e-16,-6.67856806633552e-17,-3.85167380502188e-17,2.48884511022963e-16
"t13",-0.0782993364491325,-0.0534493319116411,-0.0471963939579176,0.0235923772771374,0.21512373917093,-0.0591346926755537,-0.000770996904849042,0.00809819509047313,-0.0187028897365204,-2.4824800239881e-05,-0.000197837274466474,0.383191763817489,0.0186781906457937,0.000299230851502214,-0.000534782313882202,0.000545272679695168,-0.000176161832444288,0.0383824607378408,-0.000901168398855463,-0.000112644968998932,0.000372728128852431,-0.00116229191927612,0.00122244217752765,8.4116495947676e-05,-6.26291328304288e-05,1.69461718036405e-07,0.00101352287260775,-3.73857534238624e-05,0.0164499958581577,2.79047248210327e-06,0.000110083584981868,1.12956623521988e-05,0.00025615623484033,-5.72148165283153e-06,8.4932019084413e-06,0.00972098769620625,-7.88128592921831e-06,-2.17748479082545e-06,3.1575107253559e-05,0.0054405170408711,0.869877352380528,-0.0374315474858064,0.000370884414284449,6.03492525851349e-18,-6.51733147423519e-05,1.4480340869713e-16,6.82518963840576e-05,0.140631370133802,0.000213384915410742,8.22686121794584e-07,8.7526228096145e-06,-7.94108598337776e-06,-3.84272701608548e-16,-2.93939185323571e-05,-1.35074681435202e-06,1.97932645026483e-16,-1.27908779288324e-05,0.000700134802341614,-4.96563705465512e-17,-1.91086392390311e-17,1.10822216762316e-15,-1.91572197170913e-16,0.000106859624451701,4.3461280996134e-06,-8.89707605971285e-17,-1.01414081400593e-16,-2.5814879592498e-14,-0.00143873069144119,4.30639111445828e-17,2.24838890753672e-16,2.60662901791972e-06,2.83884657601334e-05,2.25395410820185e-16,-1.2194089953736e-05,-1.40091884916985e-17,-2.11270085622829e-16,2.98378379406672e-16,-5.01390758324974e-17,1.24593414866031e-05,1.04683349084447e-18,-1.17857570060253e-17,1.07944734346849e-17,-4.85247688900356e-06,3.85235866358418e-17,-2.08019892526382e-17,1.14803506224394e-16,1.61927294233534e-16,-1.31002896918352e-16,5.90660730545332e-16
"t51",-0.0788517440545866,-0.0541165092667853,-0.0480606021386729,0.0242295153178245,0.220999203616024,-0.0626725287336202,-0.00082600200261796,0.0086873240070404,-0.0202105332911375,-2.69408755430812e-05,-0.000217541385998387,0.428513412451466,0.0214745390154942,0.000344819815834998,-0.000621334594312531,0.00064536185589939,-0.000214471589455062,0.0470841778358143,-0.00111688297775683,-0.000148983841780748,0.000521085332375548,-0.00169272466319115,0.00186630092723201,0.000130722923511003,-9.9151059974243e-05,2.8135473639692e-07,0.00175492852119828,-8.06572440465239e-05,0.0387668521644007,6.84109418291022e-06,0.000357189785626984,0.000101139878767684,-0.0016485325118887,2.01909669033493e-05,-2.25389263816549e-05,-0.0142475252243055,5.42811391977328e-06,1.480195708973e-06,-1.88218363865584e-05,-0.00270231780507506,-0.334245753127306,0.00906794350143522,-5.32771644843888e-05,2.53751430858538e-16,-8.14518258245023e-06,-3.13283746722454e-16,0.000105126421155476,0.35179529850594,-0.000496858901137262,-8.03330422055906e-07,-7.06539490837282e-06,-2.53187856602641e-08,2.81534754399045e-16,-1.90224133381949e-06,-1.14527406724524e-07,-7.348321425538e-17,-1.42826388175449e-06,8.15400219775833e-05,-3.5820941365895e-16,-3.99801544067346e-16,-1.55239297404603e-16,1.2803394271577e-16,2.34010031736117e-05,1.01769547144949e-06,2.99198738316418e-16,1.28197058253186e-16,-8.09160521302584e-15,-0.000427131716655066,-0.707106781186547,4.23684766380709e-15,9.70949150061375e-07,1.06369629082025e-05,5.5004364916349e-16,-4.73939168970858e-06,-2.11819264214307e-15,1.77258967711774e-15,-3.69840154851799e-16,4.61043415188349e-16,5.17571580356188e-06,-3.74958278544999e-16,-2.13701175546608e-16,-7.67815187004957e-16,-2.10794751295817e-06,4.58522863456722e-17,-2.45521580197418e-17,1.2737388779206e-16,3.57240827743898e-16,-1.32217575963456e-16,8.66113874522893e-16
"t52",-0.0788517440545866,-0.0541165092667853,-0.0480606021386729,0.0242295153178245,0.220999203616024,-0.0626725287336202,-0.000826002002617973,0.00868732400704039,-0.0202105332911375,-2.69408755431068e-05,-0.000217541385998416,0.428513412451467,0.0214745390154942,0.000344819815835049,-0.000621334594312822,0.000645361855899309,-0.000214471589455215,0.0470841778358139,-0.00111688297775699,-0.000148983841780526,0.000521085332375881,-0.00169272466319143,0.00186630092723193,0.000130722923510938,-9.91510599742842e-05,2.81354736344864e-07,0.00175492852119831,-8.06572440469281e-05,0.038766852164401,6.84109418295879e-06,0.000357189785627027,0.000101139878767541,-0.0016485325118885,2.01909669033714e-05,-2.25389263815598e-05,-0.0142475252243055,5.42811391968885e-06,1.48019570904261e-06,-1.88218363863983e-05,-0.00270231780507439,-0.334245753127306,0.00906794350143519,-5.32771644846664e-05,-1.61871493918238e-17,-8.14518258269309e-06,-1.41509020309811e-16,0.000105126421154531,0.351795298505939,-0.000496858901136349,-8.0333042312537e-07,-7.06539490814622e-06,-2.53187862582559e-08,6.14876153302756e-16,-1.90224133302813e-06,-1.14527407328899e-07,-6.43182661595473e-16,-1.42826388125836e-06,8.15400219771801e-05,-8.53329077222703e-17,4.77324971244159e-16,-1.09166271633157e-16,6.18628983517277e-16,2.34010031728502e-05,1.01769547181259e-06,-1.28410556006732e-15,1.26855406281504e-16,-6.15633933722625e-15,-0.000427131716658372,0.707106781186548,-4.12732039845822e-15,9.70949150329824e-07,1.06369629079388e-05,-1.55893379308706e-16,-4.73939168819243e-06,2.12331436684942e-15,-1.66967446861254e-15,2.57262274224627e-16,-1.7678593698669e-16,5.17571580369025e-06,-5.23799481087402e-17,3.07914054403872e-16,7.11162136495716e-16,-2.1079475140749e-06,-8.19423554721761e-17,-1.4822377023859e-16,1.93964801998825e-16,-7.72778579489182e-17,-1.03741508219861e-16,5.20456337913258e-16
"t22",-0.0786667467865617,-0.053893338943855,-0.04777188582493,0.0240170495068949,0.219040043586419,-0.0615005997815743,-0.000807822002978693,0.00849266074051708,-0.0197131147416679,-2.62433247727502e-05,-0.000211063281405668,0.41366292730957,0.0205631948025634,0.000329968675925142,-0.00059318324726253,0.000612920803095426,-0.00020211885555263,0.0442821908856108,-0.00104754944828296,-0.00013743396354432,0.000474353184704124,-0.00152668875293627,0.00166615557765692,0.000116271810280853,-8.78561330517509e-05,2.4697207973548e-07,0.00152834062232157,-6.7757594352574e-05,0.0321703953309384,5.64806579168156e-06,0.000285961899148247,7.63090167120832e-05,-0.00115082995520149,1.35962530461542e-05,-1.47902896742372e-05,-0.00861651460194446,2.72101735260208e-06,7.38767001471144e-07,-8.97013441320763e-06,-0.00119868441976359,-0.131895175823299,0.00276086651696533,-1.12264249507721e-05,-3.34967295361366e-16,2.67415145119645e-06,3.76615532939671e-16,-0.000236665377698717,-0.855969955254425,0.00153315472037368,2.8824959736647e-06,2.66712744144083e-05,-7.89061241353252e-06,-3.40565937875469e-16,-2.58715943943766e-05,-1.14480021480328e-06,7.39530295248152e-16,-1.03324000692365e-05,0.000560949941801495,4.91249170432243e-16,-2.97178310463157e-16,-5.71227747355119e-16,-8.25317104202264e-16,7.47946592552264e-05,3.00444724918216e-06,7.37957699163268e-16,-5.11539644566958e-17,-1.78574823562208e-14,-0.000964678960641424,-4.40142152592813e-16,-1.23670821323263e-16,1.74791180641322e-06,1.90452110600745e-05,-4.52940031634068e-17,-8.20922485217368e-06,1.41414040107201e-16,-1.6076760306007e-16,3.02884982893217e-16,-1.69431139922539e-17,8.46212209609787e-06,7.05554892427749e-17,-1.4475012889836e-17,1.23225704437639e-16,-3.32136726914276e-06,1.24462790787761e-16,7.2891550053155e-17,-8.69483637496672e-17,2.21036746976352e-16,1.39462135546538e-16,5.85969988003333e-16
"t71",-0.0797524296312365,-0.0552847068300314,-0.0497023049415084,0.0256116201839741,0.233807620136967,-0.077992719249496,-0.00117389387450164,0.0126263429304524,-0.0348161181486551,-5.43602685137537e-05,-0.00703524949075129,-0.160828624135107,0.00384785348700204,6.35616784119934e-05,-0.000111386975823136,1.29171791080322e-05,0.000429404493509214,-0.469514338660214,-0.00536111505546197,-0.000207963198645911,0.000668159274409774,-0.00215412690670248,0.00241106554762763,0.000170602109656907,-0.000131059486126581,3.87899769690678e-07,0.00253946443765013,-0.000199415131530482,0.176495417137287,5.84052666404086e-05,-0.000249272514220246,3.07801023845325e-05,-0.000846707129449387,1.13848147682374e-05,-1.35423465452165e-05,-0.0329127079754131,2.24208072486323e-06,6.08790302644539e-07,-7.23580252653457e-06,-0.000839151835206197,-0.01810930279032,-0.36774731594874,-0.000120254932695241,1.22072476268738e-17,3.03689359187898e-07,5.72989413400496e-16,3.16609413317324e-06,0.000320529061134222,5.39447261190852e-05,1.57451005476602e-07,1.61747644328411e-06,-1.4869942616515e-06,1.66613475579834e-16,-5.82904617035828e-06,-2.74254379600132e-07,2.51391415542202e-16,-2.69110201819855e-06,0.000148314084517358,-2.14191551155963e-16,-5.92234355101813e-16,7.35517780528904e-17,6.46161611704461e-18,2.70392399678888e-05,1.13374148132551e-06,-2.31181266878105e-16,1.61428646354399e-16,-6.77373892619278e-15,-0.00145050874108341,4.09346984637526e-16,-3.18376919499484e-16,9.02477740979263e-07,9.87357069512362e-06,-2.95370312693479e-16,-4.36446119803091e-06,-1.81450638192748e-16,-5.38066703832048e-16,1.10035388390219e-14,1.01650632662414e-14,4.7064497284699e-06,-0.707106781186547,1.08608980622429e-15,1.27929778863711e-15,-1.90309129811765e-06,-8.07284588805507e-16,-2.72398440827886e-16,-7.61941658525924e-17,8.1167524695526e-16,1.99828677103342e-16,1.69629302213014e-16
"t72",-0.0797524296312365,-0.0552847068300314,-0.0497023049415084,0.0256116201839741,0.233807620136967,-0.0779927192494961,-0.00117389387450164,0.0126263429304524,-0.0348161181486551,-5.43602685137257e-05,-0.0070352494907513,-0.160828624135107,0.00384785348700206,6.35616784120038e-05,-0.000111386975823025,1.29171791080276e-05,0.000429404493509269,-0.469514338660214,-0.00536111505546208,-0.000207963198645786,0.000668159274409441,-0.00215412690670219,0.00241106554762778,0.000170602109656734,-0.000131059486126433,3.87899769650036e-07,0.00253946443765009,-0.000199415131530406,0.176495417137287,5.84052666402876e-05,-0.000249272514220243,3.07801023845602e-05,-0.00084670712944946,1.13848147685564e-05,-1.3542346545137e-05,-0.0329127079754131,2.24208072475994e-06,6.08790302398859e-07,-7.23580252677563e-06,-0.000839151835206248,-0.0181093027903201,-0.36774731594874,-0.000120254932695407,1.8844828290554e-16,3.0368935947326e-07,-6.96286059876126e-16,3.16609413313963e-06,0.00032052906113433,5.39447261190358e-05,1.57451005442758e-07,1.61747644303507e-06,-1.48699426193697e-06,-6.74989845720412e-17,-5.82904617071021e-06,-2.74254380071475e-07,-1.70045946653476e-16,-2.69110201804904e-06,0.000148314084517367,2.63949336739798e-16,3.69506055297568e-16,-4.7106070422232e-16,1.49683650631843e-16,2.70392399679131e-05,1.1337414811052e-06,1.2717365177366e-16,-1.64539644881111e-16,-8.13785857508533e-15,-0.00145050874108341,-8.50436749628405e-16,3.22748461530106e-16,9.02477741884788e-07,9.87357069574119e-06,5.60920657007625e-16,-4.3644611967264e-06,2.51749236886833e-16,1.14710499938248e-16,-1.08315710483617e-14,-1.02629335078853e-14,4.70644975764101e-06,0.707106781186547,-9.92480344870537e-16,-1.2792176851824e-15,-1.90309129646099e-06,8.18364361138895e-16,1.51560700084116e-16,2.10363544338206e-16,4.21030898814222e-17,-1.55334131576386e-16,1.00036906276333e-15
"t17",-0.0793174779142032,-0.0547540356576087,-0.0490063551304797,0.0250870665322162,0.228966148581388,-0.0745610966850235,-0.00111294869857508,0.011958763546539,-0.0327909073133537,-5.10305376288779e-05,-0.00653817683781483,-0.147555479533792,0.0034566733978341,5.70006610096105e-05,-9.92710278547859e-05,1.1352392106704e-05,0.000369466814634997,-0.401700138083884,-0.00455177262282008,-0.000168282277992704,0.000519259693489316,-0.00162557722973128,0.00175952207632097,0.000122952900413585,-9.32367904982901e-05,2.67004312771056e-07,0.00169852615148185,-0.000115510766411121,0.0968053564756696,3.12814256564382e-05,-0.000114036068492605,9.36743257304307e-06,-8.36255016063506e-05,1.81838377372547e-08,9.30648734876914e-07,0.00968946560678832,-1.86204259802194e-06,-5.1332826107712e-07,7.07772071457628e-06,0.000998324955397529,0.0278487858163413,0.85081408272856,0.000406719556787616,-2.73847899110272e-16,-4.5429836837696e-05,1.28039609994983e-16,2.02582149829511e-05,0.00198769564263144,0.000308032610059485,8.60801346349488e-07,8.72627500190441e-06,-6.14596513354919e-06,1.28606783083345e-16,-2.23897701937172e-05,-1.02423050421066e-06,-9.56447995019914e-17,-9.64657488707402e-06,0.000527560764093818,-2.02109889263746e-16,-6.32909581217815e-17,2.98447427541177e-16,-2.16262259701797e-16,7.96451205757193e-05,3.23902559512534e-06,-5.40104184719616e-17,1.23188626026292e-17,-1.94435342643112e-14,-0.00364759410090579,3.70438900505814e-17,2.30694977249956e-16,1.95639863760644e-06,2.13153907253905e-05,2.11107202212202e-16,-9.17970435759807e-06,6.16574744589905e-17,7.22174355549627e-17,5.6383659184166e-17,1.94053374721747e-16,9.42966748451735e-06,-1.09853980500141e-16,-3.14016369374725e-17,7.98363608039147e-18,-3.68769515465134e-06,9.0415517310884e-17,-2.95034101854268e-17,1.48141287728576e-16,-2.12187262470151e-16,-6.07102113667474e-17,6.8253658034095e-16
"t8",-0.0778657272896172,-0.0529704614229118,-0.0466498447937504,0.0232912115940521,0.212384536001846,-0.0623198266474767,-0.000892431111933763,0.00953908494942322,-0.0253792714324893,-3.87756047435946e-05,-0.00467651339484188,-0.096713570132273,0.00190129104657496,3.08320035650794e-05,-5.0405587792568e-05,4.87996119203808e-06,0.000111714953795791,-0.107002466026818,-0.000984017471917897,2.34795435122281e-05,-0.000260700454230897,0.00131654984742996,-0.00213688188979003,-0.000169945407597894,0.000146092893331307,-5.58229114454738e-07,-0.0044505748939722,0.00079693214295588,-0.943872808262095,-0.000355493987672885,0.00423865492861779,0.000479963991727892,-0.00522966053103457,5.77550554765503e-05,-6.14452022747665e-05,-0.113842506018758,4.83400901174478e-06,1.29868828463702e-06,-1.37648520987982e-05,-0.00132022907022036,-0.0196985036270546,-0.0488518744925379,0.000127711124975116,6.63802220731134e-17,-4.48200095231905e-05,1.58949007545107e-16,2.59525974991314e-05,0.00256199054117539,0.000403647538178354,1.138160283618e-06,1.15699893320251e-05,-8.63885298632431e-06,8.73873788592784e-17,-3.20020784793057e-05,-1.47341697393074e-06,8.67899575239676e-17,-1.4008353934029e-05,0.000767460128900985,-9.63720222133174e-17,2.15089767102347e-17,1.00838202541831e-16,-7.46065069018834e-17,0.000120901363883721,4.94952712922717e-06,-7.68066746131643e-17,1.88148640506413e-17,-3.02617958735592e-14,-0.0057209385563147,1.40162134630507e-16,7.66962153314862e-17,3.14560889570076e-06,3.42916775413205e-05,-1.88897193336593e-17,-1.48183327018381e-05,6.55675803850774e-17,2.20960171865757e-16,1.84167640426761e-18,6.49222576073997e-17,1.5303489023788e-05,7.70157561678326e-17,2.43964920283491e-18,-3.19042860882821e-17,-6.00175133896874e-06,-4.98078072108075e-17,1.70274387071026e-17,6.29014040045515e-17,1.98571150686923e-16,-2.27466706144994e-17,6.3124678627402e-16
"t53",-0.0806462407060275,-0.0564190653659614,-0.0512558485839044,0.0268634049827198,0.245388955316842,-0.0888359212802955,-0.0013894305497779,0.0150215006867171,-0.0427143985110594,-6.80347808715057e-05,-0.00946614774676279,-0.245962578433795,0.0087849738695989,0.000153366286227601,-0.000348013051073348,0.000527389900087988,-0.000458886804670218,0.321104248102576,0.00198026452536387,-5.27636195801207e-05,0.000263491887837974,-0.000964523940470419,0.00117240055314628,8.47570948156239e-05,-6.63367198416448e-05,2.03335039655088e-07,0.00135822757913756,-0.000108299770729989,0.0932568178662187,3.02519697808635e-05,-7.59152916339527e-05,3.54480556352677e-05,-0.000967257557804579,1.48282423003593e-05,-2.03867743072265e-05,-0.185122666589634,-8.63799583751159e-07,-2.2471157863944e-07,1.74324897989409e-06,0.000109779329689833,0.000872531170204083,0.000260865047703655,1.87884603284477e-06,-3.99982251485066e-17,-2.21600243255436e-06,6.24670005506811e-17,1.31422480399539e-06,0.000128178655269845,1.93562006403913e-05,5.29362416027643e-08,5.3235045136598e-07,-2.20836060346166e-07,2.71775545565282e-16,-4.18878450752103e-07,-9.90151593996283e-09,-1.86834517632653e-16,6.74011075994709e-08,-5.64124193637222e-06,7.56348080215305e-16,-6.98053823041683e-17,-8.66878061583652e-18,1.12947608433252e-15,-1.95991465263209e-05,-1.15946544710374e-06,-2.16795085069559e-15,1.91846241081048e-16,3.210234217647e-14,0.836028316334582,1.92730456213427e-15,-1.55255438140262e-18,1.66949551241597e-06,1.79086765499277e-05,-1.03176225902453e-16,-7.0951891359694e-06,-8.30598994785371e-17,4.65745747424755e-16,-3.81474201468481e-16,1.05861420489437e-16,6.54957205803441e-06,9.05071564246991e-18,6.92192361242839e-17,-2.16892827740466e-17,-2.44029197140824e-06,9.38646025686773e-17,2.98590066868972e-17,2.28149756174815e-16,4.0885189447987e-16,-2.02821376617272e-17,5.40330885003184e-16
"t91",-0.080827044951673,-0.0566413422179039,-0.0515499329827373,0.0270883015959064,0.247465808821445,-0.0904196592916745,-0.00141857246983198,0.0153422424837354,-0.0437158461228692,-6.97125289244143e-05,-0.00973448064368624,-0.25407111649379,0.00913923411131812,0.000159642278869661,-0.000362989812332223,0.000552553368833005,-0.000483947933044064,0.339218594443202,0.00209675447788418,-5.66314360229692e-05,0.000285798387022917,-0.00105372664842623,0.00129079645702505,9.35761707803326e-05,-7.34461447891646e-05,2.26685352355875e-07,0.00152286527883078,-0.000124491465768789,0.108070026877204,3.51739982255806e-05,-8.99904363812146e-05,4.34888247169973e-05,-0.00123500505538326,1.92540302694097e-05,-2.67767422734754e-05,-0.251370392358623,-1.24854288773422e-06,-3.25208837721606e-07,2.55552041410309e-06,0.000163922122982853,0.00133775561091576,0.000418816085852154,3.15444651368063e-06,2.47648536484285e-16,-4.58591618961298e-06,-1.65205907793349e-16,4.11488963660174e-06,0.000411630411284357,6.73223517397153e-05,1.93912709002482e-07,1.9845572362745e-06,-1.75310019068318e-06,-1.35248991032838e-17,-6.91622231104201e-06,-3.27243812662549e-07,-2.10634742873147e-16,-3.25080298829543e-06,0.000179690323999228,-4.35634731062379e-16,2.30598721567052e-16,3.04184468714051e-16,-4.85771332150418e-16,4.00014175629959e-05,1.82592939135945e-06,9.38774315054764e-16,-7.41445122172356e-17,-2.33201117800899e-14,-0.386669145247304,-1.06551512056483e-15,-9.69840799922198e-17,2.3006354257088e-07,2.6792957435462e-06,4.58713499809171e-16,-1.55813760794807e-06,4.01802108406008e-16,-2.13239956439559e-16,6.43825200903684e-16,7.10218421932847e-17,2.18332156443068e-06,-3.32700297185439e-16,-3.04368905611542e-17,-1.18107191982741e-16,-9.78900912967928e-07,1.34877357638618e-16,1.12050661165361e-16,1.01070673323748e-15,-0.707106781186548,2.6741007540789e-16,-2.54558600973358e-16
"t92",-0.080827044951673,-0.0566413422179039,-0.0515499329827373,0.0270883015959064,0.247465808821445,-0.0904196592916745,-0.00141857246983197,0.0153422424837354,-0.0437158461228693,-6.97125289244062e-05,-0.00973448064368624,-0.254071116493789,0.00913923411131816,0.00015964227886964,-0.00036298981233219,0.000552553368833024,-0.000483947933044071,0.339218594443202,0.00209675447788427,-5.66314360229692e-05,0.000285798387023084,-0.00105372664842621,0.00129079645702503,9.35761707804175e-05,-7.34461447891785e-05,2.26685352322929e-07,0.00152286527883089,-0.000124491465768681,0.108070026877204,3.5173998225575e-05,-8.99904363812795e-05,4.34888247169835e-05,-0.00123500505538324,1.92540302694354e-05,-2.67767422735749e-05,-0.251370392358623,-1.24854288755522e-06,-3.25208837735782e-07,2.55552041422214e-06,0.00016392212298268,0.00133775561091576,0.00041881608585295,3.15444651394214e-06,-1.76659234972216e-16,-4.58591618980164e-06,-1.02395295460492e-17,4.11488963615418e-06,0.000411630411284315,6.73223517397986e-05,1.93912708571647e-07,1.98455723629531e-06,-1.75310019075604e-06,3.61799033083964e-17,-6.91622231093272e-06,-3.2724381267312e-07,3.21176519214852e-16,-3.25080298838867e-06,0.000179690323999294,-3.44109437984801e-16,-3.58483461138285e-16,-4.37663391518553e-16,-9.70265191450727e-16,4.00014175631069e-05,1.82592939136639e-06,1.02428459882756e-15,-7.66406660727841e-17,-2.29125501783671e-14,-0.386669145247305,-5.8932669493868e-16,2.35816940526675e-16,2.30063542175363e-07,2.67929574288006e-06,-8.3969772628896e-17,-1.55813760749357e-06,-2.0974888832627e-16,-3.68907336999641e-16,-4.92790070795479e-17,-8.17053981309049e-17,2.18332156515233e-06,1.54594225156879e-16,-2.75883769214826e-18,1.59645386665566e-16,-9.78900913259362e-07,-1.53320257241899e-16,-2.09611251333136e-16,-9.57613324740938e-16,0.707106781186547,-3.98725048084366e-16,1.61624434794346e-15
"t16",-0.0797010438814415,-0.0552519129489676,-0.0497043895709779,0.0256687648251346,0.23435416618371,-0.0802121592604918,-0.00122942817850864,0.0132587275924227,-0.0371800652757816,-5.87332092092298e-05,-0.00796391961341689,-0.200008481990692,0.00673751770435795,0.000117036254996522,-0.000260825381845341,0.000379051612080137,-0.000308381707314955,0.211787912189954,0.00127266620711647,-2.83234983099734e-05,0.000118059910742929,-0.000370150727637242,0.000364481673942187,2.40545322920551e-05,-1.69681023133809e-05,3.76148865377095e-08,0.00016822428697455,1.88190196392379e-05,-0.0263293070029708,-9.94787011422259e-06,4.73321717062647e-05,-4.49922266664293e-05,0.00221996550304737,-4.229757106398e-05,6.70434372157087e-05,0.907483858745498,9.17413295133131e-06,2.4273520905446e-06,-2.25174126153822e-05,-0.00187653248092517,-0.0242429429754444,-0.0409003948225367,0.000132241838003831,-3.1160632307464e-17,-3.81321842696869e-05,1.62796010699204e-17,2.02500779543783e-05,0.00199424698363715,0.000312124563861569,8.76882502229737e-07,8.90382227393665e-06,-6.48495460651879e-06,1.70960738102583e-17,-2.38486186799319e-05,-1.09496049768357e-06,-5.10946121031921e-17,-1.03684837166637e-05,0.000567623771260135,1.82678084685609e-16,-1.06040595984937e-16,9.88983440717217e-17,2.21393541733622e-16,8.82605783549956e-05,3.61644638365369e-06,-5.60090365014974e-17,2.82981500693058e-17,-2.29931920672728e-14,-0.0444600366586222,-1.26688777620671e-16,3.42661655737279e-17,2.10296254257725e-06,2.29274955215464e-05,2.707033265492e-16,-9.90698405510526e-06,7.6620530323003e-18,-4.24055531646782e-16,8.08607302803795e-17,9.49026417960189e-17,1.0211563240603e-05,-5.85329484809529e-17,-3.3244659969765e-17,-8.51062432198401e-18,-3.99686647038766e-06,7.87124235458978e-17,6.92089703177046e-17,3.8211654924181e-17,2.92140141761748e-16,-1.43401284318041e-16,6.44863477325401e-16
"t39",-0.0948931828662828,-0.0844270847463244,-0.155224848767696,-0.0193456432702373,-0.158599433577544,-0.0495888211866512,-0.000988324051774459,0.0111084222737832,-0.0456691982101275,-0.000153092738546102,-0.00156432904098017,-0.00267430190273234,0.0888510977953285,0.00878883867771777,0.000888798487829914,-0.000217337727165875,1.19815995371072e-05,-8.73795550928556e-05,-3.01131299240004e-07,-1.9130178487186e-05,9.37183376616647e-05,-0.000361911464793538,0.000494613666702371,3.83475644655508e-05,-3.31038583236988e-05,1.67564323633925e-07,0.0684565089355299,1.58571635056103e-06,-3.37448495186052e-05,3.22063477156773e-08,-1.40423378511216e-06,-5.60863598742488e-06,0.00319319252699758,-3.07804024964387e-06,4.51994232478849e-06,0.000490363133128176,-5.66423355845046e-06,-1.5906281498426e-06,2.99818225049506e-05,0.505450824488601,-0.00368966865784735,-0.000802618270669469,0.000109417674116173,2.06325658410717e-16,-2.23469007798211e-05,9.29618736256051e-18,1.59810087558849e-05,0.000186066902731048,0.0536656100654396,-0.383639177177771,-3.932091737221e-07,-2.54873672494676e-06,2.53703308361608e-16,-9.74598123353589e-06,-4.5262420607704e-07,-1.29531801951188e-14,-4.4372804324227e-06,0.000389733892821435,0.707106781186548,3.77447774029083e-15,-1.97692564898191e-15,1.32357348230567e-15,3.73202912861627e-05,1.52481208679888e-06,-9.54531592656238e-16,6.37984138268884e-17,-8.26915931328896e-15,-5.46389275082777e-05,-7.55458521260743e-16,-1.68453525429624e-16,1.04551472021792e-06,0.0150673092804028,1.99059518868339e-16,-4.3877121505189e-06,-2.2800727064334e-16,7.98406479818325e-16,2.14888870586627e-16,1.64368893574875e-16,4.56440902916674e-06,-1.85181731060524e-16,-2.41469414514991e-16,-1.08239966691516e-16,-0.00199132707836284,-6.96179360887268e-17,1.91843220106606e-16,6.82030088856993e-17,7.91467585914418e-18,4.65064999754805e-17,6.34659280205083e-16
"t74",-0.0948931828662828,-0.0844270847463244,-0.155224848767696,-0.0193456432702373,-0.158599433577545,-0.0495888211866512,-0.000988324051774486,0.0111084222737832,-0.0456691982101275,-0.000153092738546153,-0.00156432904098019,-0.00267430190273234,0.0888510977953285,0.00878883867771774,0.000888798487829875,-0.000217337727165814,1.19815995371138e-05,-8.73795550927117e-05,-3.01131299441232e-07,-1.91301784873556e-05,9.37183376616578e-05,-0.000361911464793538,0.000494613666702341,3.8347564465458e-05,-3.31038583236294e-05,1.67564323789507e-07,0.0684565089355296,1.58571635063519e-06,-3.37448495185813e-05,3.22063477504802e-08,-1.40423378534952e-06,-5.60863598728263e-06,0.00319319252699808,-3.07804024929601e-06,4.51994232492027e-06,0.000490363133128609,-5.66423355800879e-06,-1.59062815013244e-06,2.9981822504993e-05,0.505450824488602,-0.00368966865784752,-0.000802618270669816,0.000109417674115849,-5.36257125104839e-16,-2.23469007804981e-05,3.18685126377066e-16,1.59810087562643e-05,0.000186066902730321,0.0536656100654435,-0.383639177177773,-3.93209171992655e-07,-2.54873672579861e-06,7.66314095512755e-16,-9.74598123281369e-06,-4.52624197465089e-07,1.31240504575025e-14,-4.43728049238882e-06,0.000389733892766781,-0.707106781186547,-3.88986315163036e-15,2.22854642637925e-15,-2.6569760343751e-15,3.73202912878853e-05,1.52481208363117e-06,4.85072051970015e-16,-1.56692380783789e-16,-1.02963464142714e-14,-5.46389275071085e-05,-4.23191212975405e-16,-9.28842981746051e-17,1.04551472014159e-06,0.0150673092804047,-1.64798730217797e-16,-4.38771215119935e-06,-3.36596351651146e-16,-5.17814957579077e-16,3.31006923259825e-16,-3.28527398531662e-17,4.56440902912945e-06,1.55257751099924e-16,1.32397636889451e-16,-5.86994670056079e-17,-0.00199132707836403,-4.17052332317786e-17,-1.31358554561886e-16,1.67129184144817e-16,2.42102345116013e-16,8.16053711570043e-17,6.59558382850487e-16
"t35",-0.0952999716985442,-0.0850695519809563,-0.156963804693839,-0.0196669935087693,-0.161264271202264,-0.0514510503350239,-0.00103290295139557,0.0116197940236015,-0.0480103008600501,-0.000161415624186818,-0.00166460501057125,-0.00288031479505347,0.0976927512115993,0.00968039077103903,0.000985172833233398,-0.000244450908396986,1.37931066239539e-05,-0.000101238435443879,-3.5199681580611e-07,-2.37467892371516e-05,0.00012321996726969,-0.000498551270686346,0.000722750496585117,5.73868537960484e-05,-5.08395777965708e-05,2.7650374485531e-07,0.121248741701285,4.91902833528891e-06,-0.000158939062290927,2.00544946509011e-07,5.53833276808705e-06,2.2429584403301e-06,0.000351379249268782,-6.29288576743688e-07,1.14141028611617e-06,0.000171069767530563,-2.52094101263576e-06,-7.10033903674947e-07,1.37611985486422e-05,0.23983959841764,-0.0018178439524708,-0.000414205052256175,5.81891930674389e-05,2.04470183659471e-16,-1.24560014207485e-05,9.78990234836834e-18,6.0186557625774e-06,6.09291903399104e-05,-0.00224865838778996,0.576965883551151,2.35866749206097e-06,-2.02193282489947e-06,-8.50881864966624e-16,-7.44014575008813e-06,-3.421116845336e-07,-2.27075303005364e-15,-3.31630725561638e-06,0.000290765116462231,1.47166796312054e-15,-4.27727919670678e-15,-8.47235181747677e-15,-0.707106781186546,2.73158115647503e-05,1.11613413058544e-06,-1.87350135405495e-16,2.10029651137537e-16,-7.26868888747217e-15,-4.03193841336281e-05,6.77545042640504e-16,4.51961868521955e-16,9.66910270909895e-07,0.0407337599877626,1.57859836313889e-16,-3.13998199706839e-06,-4.87817002763037e-16,-2.88831458750138e-16,6.84782092141845e-16,-6.63853997645668e-17,3.39119402208501e-06,-2.87096735274162e-16,1.92675570688537e-17,2.04242874601233e-16,-0.00431534479429843,-2.16195361482836e-16,-3.16461321600206e-16,2.05196980217142e-17,1.35091590691694e-16,-2.02186607886961e-16,6.88894650941473e-16
"t36",-0.0952999716985442,-0.0850695519809563,-0.156963804693839,-0.0196669935087693,-0.161264271202264,-0.0514510503350239,-0.00103290295139558,0.0116197940236015,-0.0480103008600501,-0.000161415624186802,-0.00166460501057124,-0.00288031479505343,0.0976927512115993,0.009680390771039,0.000985172833233392,-0.000244450908397023,1.37931066238425e-05,-0.000101238435443816,-3.51996815750599e-07,-2.37467892371533e-05,0.000123219967269548,-0.000498551270686438,0.000722750496585133,5.73868537960832e-05,-5.08395777966404e-05,2.76503744894785e-07,0.121248741701285,4.91902833517962e-06,-0.00015893906229096,2.00544946554168e-07,5.53833276804969e-06,2.24295844064235e-06,0.000351379249269141,-6.29288576598327e-07,1.14141028606254e-06,0.000171069767530174,-2.52094101311657e-06,-7.10033904167459e-07,1.37611985482843e-05,0.239839598417639,-0.00181784395247045,-0.0004142050522561,5.81891930674428e-05,-2.69820355214536e-16,-1.2456001421138e-05,-1.18933127861245e-16,6.01865576197015e-06,6.09291903384758e-05,-0.00224865838779153,0.576965883551147,2.35866749228786e-06,-2.02193282464468e-06,-1.72735090120391e-15,-7.44014575032202e-06,-3.42111683180849e-07,2.46677678283902e-15,-3.31630725440677e-06,0.000290765116461219,-2.64835889240378e-15,4.1532037970363e-15,8.2187001097861e-15,0.707106781186549,2.73158115450586e-05,1.11613413386722e-06,1.45369827286856e-15,4.79830362161631e-17,-5.70736115539133e-15,-4.03193841362025e-05,3.02641483922172e-16,-3.41139559981804e-16,9.66910271505122e-07,0.0407337599877624,3.21791204793698e-16,-3.13998199689665e-06,9.22041017955786e-16,3.43475248243408e-16,-6.35342473076506e-16,-1.72991247292652e-16,3.39119402244931e-06,-2.09467859724199e-16,2.06315567418303e-16,1.68698587149407e-18,-0.00431534479429822,3.888570557202e-16,1.32862729723472e-16,-8.37569459875491e-18,1.59160878920872e-16,2.70236242748407e-17,6.32971480597187e-16
"t84",-0.0961850674209268,-0.0864671775943117,-0.160745983754236,-0.0203657167904604,-0.167058463636186,-0.0554958809079465,-0.0011296956077032,0.0127300707206909,-0.0530920356576431,-0.000179479276926997,-0.00188214856079284,-0.00332701282475105,0.11684785122596,0.0116117704443421,0.00119389846062407,-0.000303140063612377,1.77111158510208e-05,-0.000131206677406607,-4.6195625927033e-07,-3.37095670085899e-05,0.000186797659224454,-0.000792735188310536,0.00121340962527739,9.83194532444592e-05,-8.89547556490568e-05,5.10395848102717e-07,0.234501688614811,1.20437819978223e-05,-0.000426205735075585,5.59733409328514e-07,2.03068028832562e-05,1.88496271572745e-05,-0.0056159906644079,4.49610372891664e-06,-5.91401536740918e-06,-0.000491109335941403,3.90412433115935e-06,1.08938599633606e-06,-1.92766053914661e-05,-0.298543549532445,0.00194863312144369,0.000356565586517994,-4.19454552699987e-05,8.0904967565728e-17,5.01147831555392e-06,-3.40682852879178e-17,-1.24782965694165e-06,-1.22573088642204e-05,0.000413582345982367,-0.100503473749542,-4.0363827899147e-07,2.00442929507206e-07,2.63135867262232e-16,5.59570569948485e-07,2.23985624628642e-08,1.83013326715553e-16,1.6802844726071e-07,-1.38970772879982e-05,-3.83802973223261e-16,-5.85496623730961e-17,1.58170060191735e-18,-6.07887704666965e-16,8.84400031153426e-07,5.31780745550959e-08,-1.02999206386123e-16,1.7034763244787e-20,-5.63058236634585e-16,-5.03013233285089e-06,7.87466202271589e-16,2.57474687250184e-16,1.2782507219674e-06,0.184059557702453,7.99815942642557e-16,3.8224835205848e-07,-1.35624129454539e-16,9.19403442267708e-17,6.31032769440876e-16,6.96787481637463e-16,5.10572553420047e-08,-1.12870867166603e-15,3.19882324280928e-17,3.71507150158143e-15,0.842612299610812,4.02728181667721e-16,-9.78413640665257e-17,-5.33903242426571e-16,3.56377254095985e-16,7.97117654031114e-17,6.77321807294376e-16
"t89",-0.0962296494054983,-0.0865374244003916,-0.160935651062611,-0.0204006402711428,-0.167348034795802,-0.0556956854618443,-0.00113445845609668,0.0127846784576643,-0.0533413359134512,-0.000180364132781962,-0.00189275740488932,-0.00334867567352639,0.117768660787362,0.0117045486844273,0.00120390003022863,-0.000305936853727259,1.78963307559535e-05,-0.000132620410848307,-4.67129120447496e-07,-3.41705969186413e-05,0.000189702775539608,-0.000806062740756664,0.00123543452208721,0.000100150818922503,-9.06543944088302e-05,5.20741296699388e-07,0.239477699296291,1.2347912159357e-05,-0.000437509155484434,5.74866933536174e-07,2.09155545600279e-05,1.95084792578848e-05,-0.0058426898966903,4.68735273876432e-06,-6.1741097016811e-06,-0.000514687608271835,4.11885887068258e-06,1.14944985155333e-06,-2.03654341786712e-05,-0.3159691113667,0.00206745659648374,0.000379840323679441,-4.48465081398959e-05,1.53479171198698e-16,5.43381799142359e-06,-7.58906249867165e-17,-1.37753346085277e-06,-1.35423537394696e-05,0.000458035265407861,-0.111465112064362,-4.47869354372552e-07,2.2533237964344e-07,2.86229373536173e-16,6.32532445617845e-07,2.5381462189453e-08,3.72965547335014e-16,1.91170730760718e-07,-1.58240539114692e-05,6.29873716247277e-16,-1.21665531263992e-16,-2.94219742393039e-16,-3.43935146434975e-16,1.03758495260085e-06,6.28707558441655e-08,-5.30825383648903e-16,3.51968065469642e-17,-9.00079439537487e-16,-6.2683017659354e-06,-2.56955914879065e-16,1.47054993223128e-16,2.0013795336395e-06,0.292966851301959,3.64291929955129e-17,7.05740784112154e-07,2.60523742555923e-17,-4.562322741819e-16,2.51968584885631e-16,1.70805509542564e-17,4.5097510982875e-07,4.263082942213e-16,1.32498902259787e-18,-1.60122102604626e-15,-0.377096466183242,-1.4668822839924e-16,3.69747047750171e-17,-0.707106781186547,-6.68735899989059e-16,6.48705675681506e-17,9.83763623876984e-16
"t90",-0.0962296494054983,-0.0865374244003916,-0.160935651062611,-0.0204006402711428,-0.167348034795802,-0.0556956854618443,-0.00113445845609668,0.0127846784576643,-0.0533413359134512,-0.000180364132781924,-0.00189275740488932,-0.00334867567352641,0.117768660787362,0.0117045486844273,0.00120390003022862,-0.00030593685372726,1.78963307559362e-05,-0.000132620410848307,-4.67129120447496e-07,-3.41705969186326e-05,0.000189702775539615,-0.000806062740756664,0.0012354345220872,0.000100150818922452,-9.06543944089564e-05,5.20741296752779e-07,0.239477699296291,1.23479121593405e-05,-0.00043750915548445,5.74866933435939e-07,2.09155545600385e-05,1.95084792580097e-05,-0.00584268989669044,4.68735273874783e-06,-6.17410970158092e-06,-0.000514687608271988,4.11885887061895e-06,1.14944985155049e-06,-2.0365434178899e-05,-0.3159691113667,0.00206745659648378,0.00037984032367942,-4.48465081399002e-05,5.16860815184646e-17,5.43381799134941e-06,-3.99618188231105e-17,-1.37753346077322e-06,-1.35423537393773e-05,0.00045803526540826,-0.111465112064361,-4.47869353850116e-07,2.25332379633316e-07,1.05818132034585e-16,6.32532445709298e-07,2.53814622646424e-08,-3.36536354339501e-16,1.91170730779421e-07,-1.58240539109198e-05,7.56052186797951e-16,-7.66594568787709e-17,-2.76684013347136e-16,-2.40074354133929e-16,1.03758495257657e-06,6.28707558390697e-08,-3.90312782094782e-17,-1.0013422597415e-17,-7.16702749465289e-16,-6.26830176610194e-06,-1.84991995680339e-16,8.98548530482236e-18,2.00137953314987e-06,0.292966851301959,1.38777878078145e-16,7.05740784516344e-07,-3.081484664726e-17,-1.01307850997046e-15,6.62881208257637e-16,-2.96513375720665e-16,4.50975109863444e-07,8.93382590128056e-17,-2.88846438616316e-17,-1.86061854523325e-15,-0.377096466183241,-1.52811732636345e-16,-1.39507653865001e-17,0.707106781186548,9.8879238130678e-16,-1.12568519426489e-16,1.59165601968697e-16
"t64",-0.0960297897889682,-0.0862223616418028,-0.160084554697773,-0.0202438143543461,-0.166047666112531,-0.0547961610813106,-0.00111299814913182,0.0125386039688146,-0.0522173170845222,-0.000176373321987753,-0.00184486444707634,-0.00325076433028373,0.113599085773973,0.0112843714597163,0.00115858084482296,-0.000293249452393715,1.7054717437522e-05,-0.000126193670851173,-4.43600166342983e-07,-3.20665352688751e-05,0.000176410597802174,-0.000744979194526926,0.00113430552191087,9.17365438964931e-05,-8.28402610903367e-05,4.73102816357974e-07,0.216534753540293,1.0937966891768e-05,-0.000385016288661609,5.04537920283587e-07,1.80752305701123e-05,1.64135555115186e-05,-0.00476991754991014,3.77966114308659e-06,-4.9372444804054e-06,-0.000401945515545579,3.08225525368872e-06,8.59446456042389e-07,-1.50986175616902e-05,-0.231462377491724,0.00148915705787536,0.000265898529981297,-3.0568725568266e-05,4.96366514910058e-17,3.3117918842491e-06,-4.47091184810872e-17,-7.07992775533892e-07,-6.90067151700368e-06,0.000227444680239275,-0.0544795024784431,-2.17765033129228e-07,9.32138674963044e-08,4.46691295064028e-16,2.41887379346165e-07,9.34896232233035e-09,-1.07552855510562e-16,6.59970384720137e-08,-5.38778266402504e-06,-9.97084704422106e-16,-2.61582041765151e-17,8.17627428772548e-16,7.91031262936288e-17,1.66990499534184e-07,7.07928415790825e-09,8.23993651088983e-17,-8.5240211725573e-17,-1.133734669088e-16,1.53566313759734e-06,-2.49203869345793e-16,1.0415654026851e-16,-5.49988558121552e-06,-0.889199635899407,-8.67361737988404e-16,-5.18018424979384e-06,3.09043172016623e-16,7.25114412958305e-16,-1.52850822277006e-15,-5.75815747573173e-18,2.61382341804062e-06,4.32813507256213e-16,7.28178899693818e-18,-2.50745265954253e-16,-0.0745350682577582,-6.57945301893943e-18,1.81784037717939e-16,-3.53467570664939e-16,-1.47017814589034e-16,-2.01497818742114e-16,6.26009432112324e-16
"t60",-0.0936785242850581,-0.0824839607918589,-0.149893126471005,-0.0183402935929084,-0.150256560869131,-0.0433145161211468,-0.000834276147916185,0.00933588762245961,-0.0374147444905692,-0.000123452949728482,-0.00119611904801129,-0.00188763328365226,0.0528477670652306,0.00513908077738151,0.000486705503446037,-9.92629996097481e-05,3.55926836277535e-06,-2.18046612629752e-05,-5.46485304786515e-08,6.91176296479731e-06,-9.61816565718185e-05,0.000609513092126444,-0.00132961625331772,-0.000120945476766505,0.000122561569383889,-9.174781294461e-07,-0.522456687758362,-7.72572703687541e-05,0.00453600395723272,-7.8595640758233e-06,0.000514973345752889,0.000101265817892007,-0.016882687487949,1.13218307313669e-05,-1.33083314540087e-05,-0.000804776858356449,3.08029711489851e-06,8.42897838590289e-07,-1.19546372616127e-05,-0.1210892478776,0.000202381240546123,-0.000149874972319315,3.96280632382791e-05,-1.73457663751066e-17,-2.04194552781933e-05,1.45143800231257e-16,4.98744544398613e-05,0.000667045211233051,0.365487534684806,0.0149545062138535,-3.22845117487967e-05,1.32431523893254e-06,-1.71737624121704e-16,1.56040371835579e-06,2.65477361321998e-08,-3.67761376907083e-16,-2.93407815949473e-07,3.39617361642868e-05,1.20108739334614e-15,-6.27777145899246e-16,-1.89150092675873e-16,1.08416500137115e-15,1.70101956959018e-05,7.61127232061422e-07,4.16333634234434e-17,-3.82108657890753e-16,-6.50318488187142e-15,-3.57880287145951e-05,2.33640147159764e-15,-1.67663888666157e-15,7.75833106715293e-07,0.00147799308455364,-6.69603261727048e-16,-3.71889710900665e-06,-0.707106781186548,3.95516952522712e-15,-2.83323711713912e-15,2.70103738059912e-15,4.0326046089334e-06,2.55004350968591e-16,1.87811409236823e-16,5.89368108343104e-16,-0.000264321066062209,8.58409629622921e-16,-2.34440315252495e-16,2.33554526923334e-16,-1.14491749414469e-16,-6.23953882205708e-17,8.27664468905958e-16
"t61",-0.0936785242850581,-0.0824839607918589,-0.149893126471005,-0.0183402935929084,-0.150256560869131,-0.0433145161211468,-0.000834276147916187,0.00933588762245961,-0.0374147444905692,-0.000123452949728486,-0.00119611904801127,-0.00188763328365225,0.0528477670652306,0.00513908077738154,0.000486705503446021,-9.92629996097618e-05,3.55926836276797e-06,-2.18046612628989e-05,-5.4648530443957e-08,6.91176296479384e-06,-9.61816565717491e-05,0.0006095130921265,-0.00132961625331774,-0.000120945476766565,0.000122561569383826,-9.17478129399633e-07,-0.522456687758361,-7.72572703688339e-05,0.00453600395723275,-7.85956407572171e-06,0.000514973345752857,0.000101265817891966,-0.0168826874879492,1.13218307314058e-05,-1.33083314542432e-05,-0.000804776858356282,3.08029711456326e-06,8.42897838556421e-07,-1.19546372616061e-05,-0.121089247877599,0.000202381240546223,-0.000149874972319193,3.96280632382132e-05,-7.98271304593922e-17,-2.04194552782458e-05,-2.42383513977625e-16,4.98744544394253e-05,0.000667045211232878,0.365487534684806,0.014954506213853,-3.22845117488523e-05,1.32431523900165e-06,-3.50414142147315e-16,1.56040371815933e-06,2.65477359592323e-08,-8.11850586757146e-16,-2.9340781567376e-07,3.39617361635053e-05,8.26933983907144e-16,3.73874690658378e-16,2.40489050568983e-16,-5.14818903796279e-16,1.70101956956208e-05,7.61127232465179e-07,3.71230823859037e-16,3.23910798602449e-16,-4.54134689397827e-15,-3.57880287141926e-05,-2.68649035309321e-15,1.86417833035929e-15,7.75833106978971e-07,0.00147799308455424,5.39499001028787e-16,-3.71889710559965e-06,0.707106781186548,-4.31252256127834e-15,2.69402555819198e-15,-2.60768829361298e-15,4.03260460912769e-06,-4.06792655116561e-16,-1.75479962708979e-16,-6.01446131428743e-16,-0.000264321066062325,-7.38337569144985e-16,1.11312768430849e-16,9.9709313162901e-17,3.39138439553466e-16,-7.73307845919174e-17,3.95417956437368e-16
"t27",-0.0934021152938573,-0.0820562680523947,-0.148761218637979,-0.0181382063741598,-0.148582792528828,-0.042298093066015,-0.000811243211760446,0.00907349148775934,-0.0362600577286961,-0.000119445489117893,-0.00115148554565011,-0.00180571243052738,0.0500420775150981,0.00486221374564948,0.000459129592453655,-9.30273034007896e-05,3.30332691171088e-06,-2.01850246666288e-05,-5.04155676789297e-08,6.24453327637865e-06,-8.54577149456311e-05,0.000535266662598909,-0.00115274937036949,-0.000104368407715514,0.000105258719193009,-7.78678619803824e-07,-0.439022736092152,-6.2036152260009e-05,0.00358645012145509,-6.17424912338919e-06,0.000389113812230154,7.09756243388662e-05,-0.0107174836224109,6.86299055850439e-06,-7.80361962185276e-06,-0.00042457398412396,1.26766368815606e-06,3.44851351874139e-07,-4.59400515553029e-06,-0.0421549757464231,5.97078420221317e-05,-2.98143939297308e-05,4.01010014189612e-06,9.28864506951471e-17,8.58940637916993e-06,1.32129554912355e-16,-9.26360057971463e-05,-0.00131222042839462,-0.852653530032073,-0.0386978058395469,8.64283066851124e-05,-1.15426038695259e-05,8.62157567560473e-16,-3.52421836508958e-05,-1.52403261914157e-06,1.05991604382183e-15,-1.3617383287935e-05,0.00117686775161111,-2.06191952145244e-15,4.45731588538144e-17,-2.19496192397527e-16,-1.19494388244974e-15,8.33388836961706e-05,3.28398900492155e-06,-1.05818132034585e-16,1.18461206093556e-16,-1.87627473430961e-14,-0.000103809118542665,5.14779191496118e-16,3.95830021652891e-17,1.64964807511467e-06,0.00312002106585865,5.93275428784068e-16,-7.51274416075851e-06,-3.02706151088568e-16,-7.28583859910259e-17,2.29417179697933e-16,9.94142258627786e-17,7.55029815297653e-06,-8.23993651088983e-17,-1.43742922018034e-17,2.46503089388244e-17,-0.000471567411537742,8.51214158336002e-18,-7.67618314713413e-17,-2.81158012265013e-17,2.99673480474993e-16,-1.11784032429964e-16,6.7560933479265e-16
"t33",-0.0835243404113857,-0.0660155842929202,-0.104002018891778,-0.00947245467825646,-0.0766011208001378,0.0184803639279974,0.000755175821015262,-0.00906304106576204,0.0513161180218588,0.000202171080331112,0.00315838934793418,0.00852301182293712,-0.55847664865996,-0.0584416990288732,-0.0072561511090954,0.002951140309079,-0.00052256398801787,0.00697764822958539,-0.00429421929117198,-0.000352526559896701,0.00111436695847418,-0.00346911720598983,0.00371952588880579,0.000259394401606706,-0.000196850757887356,5.92618228429029e-07,0.0511452606650925,-9.04133495752812e-05,0.00638265517987254,-1.17387484262957e-05,0.000997636647603329,0.000295883287497398,-0.373486685399158,-5.25119387819564e-05,2.52854954566807e-05,0.000103415712332341,1.03129524717591e-06,2.80043075599542e-07,-3.28874722254077e-06,-0.00396150757448311,-0.000498522101604691,-0.000281763463745348,5.65821209156424e-05,-4.8699046442411e-16,-2.08201376091076e-05,1.25546635280408e-16,1.30794861858972e-05,0.000135675243919625,0.00247322014368314,6.97008166135249e-06,5.77716186122245e-06,-4.60313458575467e-06,-9.03790930983916e-16,-1.7297894028122e-05,-8.01887227868201e-07,3.92047505570758e-16,-7.86673833226022e-06,0.000691299898030779,-2.09687203565787e-15,-2.9701414409584e-15,-0.707106781186548,8.23728317916846e-15,6.87167188885927e-05,2.83376530691034e-06,-1.79630615937398e-15,1.39885842004767e-15,-1.63611995942728e-14,-0.000106194494290328,9.97465998686664e-17,1.52225035659291e-16,1.97293160527929e-06,0.000238631473326631,6.59194920871187e-17,-9.39062049183474e-06,1.28698390517756e-17,1.38777878078145e-16,6.41414005242424e-16,-1.9766777088809e-16,9.88731174053278e-06,-3.66026653431106e-16,6.30395371754429e-17,-9.26334466787444e-18,-4.27588431703473e-05,8.49144360281958e-17,8.06562059592066e-17,7.86662348185833e-17,9.0205620750794e-17,-6.67323360307404e-19,5.65789179146277e-16
"t34",-0.0835243404113857,-0.0660155842929202,-0.104002018891778,-0.00947245467825647,-0.0766011208001378,0.0184803639279974,0.000755175821015286,-0.00906304106576202,0.0513161180218588,0.000202171080331157,0.00315838934793419,0.00852301182293698,-0.55847664865996,-0.0584416990288732,-0.0072561511090954,0.002951140309079,-0.000522563988017752,0.00697764822958533,-0.00429421929117198,-0.000352526559896619,0.00111436695847419,-0.00346911720598998,0.00371952588880581,0.000259394401606982,-0.000196850757887392,5.92618228514071e-07,0.0511452606650924,-9.04133495753827e-05,0.00638265517987277,-1.17387484261264e-05,0.000997636647603272,0.00029588328749753,-0.373486685399158,-5.25119387818119e-05,2.52854954570263e-05,0.000103415712332286,1.03129524723562e-06,2.80043075391118e-07,-3.28874722238866e-06,-0.00396150757448336,-0.000498522101605576,-0.000281763463745818,5.65821209158835e-05,5.29816559172417e-16,-2.08201376096561e-05,-1.07384697067249e-16,1.30794861864705e-05,0.000135675243919001,0.00247322014368272,6.97008166193132e-06,5.77716186368516e-06,-4.60313458670649e-06,7.47665818146004e-16,-1.72978940286369e-05,-8.01887225601575e-07,-7.97972798949331e-17,-7.86673833376076e-06,0.000691299898022947,1.794117697476e-15,2.83328483719439e-15,0.707106781186548,-7.98682236178617e-15,6.87167188907836e-05,2.83376530773867e-06,1.89345067402868e-15,-1.30739241964975e-15,-1.86557879503855e-14,-0.000106194494290376,5.96311194867027e-17,-3.04917022045924e-17,1.97293160489375e-06,0.000238631473327465,5.55111512312578e-17,-9.39062049198393e-06,2.5859139256412e-17,-4.92661467177413e-16,-6.08887940067859e-16,2.28941880146132e-16,9.88731174126484e-06,1.4137996329211e-16,-1.70596810743485e-17,2.11985074942716e-17,-4.27588431703629e-05,-2.68831165877226e-17,-1.13566784060706e-16,1.70370946709382e-18,3.97685356867683e-16,-9.90300181549762e-17,7.19273853365883e-16
"t5",-0.0829763511400315,-0.0652509132100227,-0.10223888544811,-0.00923641972094937,-0.0746709805095362,0.017473207920395,0.000706316181611894,-0.00846543947479553,0.047578112555612,0.000186626290068549,0.00287620282217816,0.00762517091001398,-0.484891482975258,-0.0506133311681785,-0.00622731247661249,0.00248042186593124,-0.000425053701570704,0.00562492251324163,-0.0034193184272332,-0.000258614460197672,0.00075774976589689,-0.00222174617502391,0.00221251733523661,0.000149846097695216,-0.000110194982869804,3.04592019876392e-07,0.0242262765459842,-2.40893001298807e-05,0.00118529985235112,-1.763049413625e-06,-8.91668445725933e-05,-0.000214888989103851,0.848574302089701,0.000191177273680677,-0.000132273895655444,-0.00414894693737922,7.29952507945939e-06,1.95026534264295e-06,-1.98515624189523e-05,-0.0205145437835722,-0.00220806909182901,-0.00104616220356279,0.000188159567957081,-3.50026854798917e-17,-5.46766669285994e-05,3.2486507373597e-17,2.99540269743897e-05,0.000309403323971405,0.00557367508861477,1.56035037178062e-05,1.29059157841222e-05,-9.79335170078174e-06,-1.42247325030098e-16,-3.62177228501893e-05,-1.6681262458535e-06,-2.08166817117217e-16,-1.62052482352317e-05,0.00142136318162818,2.56495708799235e-16,-9.41988814107271e-17,5.04193779497038e-17,-4.29458101819692e-16,0.000134192412521113,5.48221925262367e-06,6.59194920871187e-17,5.18257285525805e-17,-3.32098767478176e-14,-0.00019684085287508,-1.65882932390282e-17,1.27878645982076e-16,3.45055474798052e-06,0.000416616153662626,2.77555756156289e-17,-1.62102195121333e-05,4.35057394182204e-17,-3.46944695195361e-17,5.72458747072346e-17,5.29586832262654e-17,1.66959221605256e-05,-7.45931094670027e-17,-3.66957928440731e-18,2.02945267825757e-17,-7.10655265295755e-05,1.69633944234164e-17,-9.38645479364877e-18,1.53933987921583e-16,2.42861286636753e-17,-5.94643983692513e-17,6.37131778764861e-16
"t55",-0.0714905267997494,-0.0456495176799072,-0.0443178249915649,0.00309333991988757,0.0281122961616673,0.166012074056531,0.00610155811138543,-0.0743951643968157,0.517378404078047,0.002637220043272,-0.0735352854845114,-0.0219551385121468,0.0972285770178984,0.0058340128700722,-0.000823924605113144,0.00121752011936451,-0.000336964580074583,0.00477443045711063,-0.00312822989466762,-0.000308284472069108,0.00102241186113768,-0.00321778447997715,0.00343020012250764,0.000237316826649922,-0.000177718491849023,4.88871001400362e-07,0.00506572783734054,-8.87154898463784e-05,0.0060497032804745,-1.09687756805188e-05,0.000846007005909999,0.000181379951726788,-0.00420846559332812,2.80487137975418e-05,-2.96582441337279e-05,-0.00158192550677396,3.91629788039914e-06,1.04954579985041e-06,-1.08654811970857e-05,-0.00164119609250044,-0.00151307323337221,-0.000754489840868326,0.000143316361404549,-7.27504872419875e-17,-4.99186645478759e-05,-1.69481897923735e-17,3.46586747019523e-05,0.000360855569846673,0.000973897062238781,2.81284788926899e-06,1.74277043493046e-05,-1.99584266650153e-05,3.86621073697468e-15,-0.000112040297874124,-7.2190928057125e-06,-1.92391675507553e-15,-0.00034131081263726,0.403219291746705,-1.55807586530981e-14,1.1507159052442e-16,2.53816491126549e-15,3.43804123130881e-16,9.43093318148624e-06,1.08905887312985e-06,-1.39580187685784e-15,-4.50135183962844e-16,-1.45088443836277e-14,-9.85028984995147e-05,4.46915419981871e-15,0.707106781186547,2.32702737811419e-06,4.17194254268854e-05,-8.00845934706418e-16,-1.13699048944425e-05,-9.64152093924429e-16,-1.57751416096641e-17,-2.96827449772219e-16,1.09747574606719e-15,1.23635341894687e-05,-3.29312857365316e-16,-3.8195316614887e-16,1.09967235448617e-16,-8.16199164214564e-06,3.45165645601917e-16,-3.51796260028615e-17,9.69529635135301e-17,3.90583832637903e-17,1.93851730573963e-17,7.57469367444745e-16
"t56",-0.0714905267997494,-0.0456495176799072,-0.0443178249915649,0.00309333991988757,0.0281122961616673,0.166012074056531,0.00610155811138541,-0.0743951643968157,0.517378404078047,0.00263722004327196,-0.0735352854845114,-0.0219551385121468,0.0972285770178983,0.00583401287007216,-0.000823924605113128,0.00121752011936449,-0.000336964580074649,0.00477443045711062,-0.0031282298946676,-0.00030828447206913,0.00102241186113768,-0.00321778447997711,0.00343020012250764,0.000237316826649927,-0.000177718491848868,4.88871001910818e-07,0.00506572783734051,-8.8715489846469e-05,0.00604970328047446,-1.09687756804654e-05,0.00084600700590994,0.000181379951726822,-0.00420846559332804,2.80487137974327e-05,-2.96582441336618e-05,-0.00158192550677398,3.91629788043984e-06,1.04954579995255e-06,-1.0865481197226e-05,-0.00164119609250093,-0.00151307323337194,-0.00075448984086823,0.000143316361404536,-1.08798929953286e-16,-4.99186645477257e-05,1.31266878089062e-16,3.46586747019844e-05,0.000360855569847054,0.00097389706223874,2.81284788925229e-06,1.74277043492032e-05,-1.99584266650318e-05,3.83181442305258e-15,-0.000112040297873422,-7.21909280570837e-06,-2.29395495654483e-15,-0.000341310812637461,0.403219291746705,-1.552336359806e-14,-8.30242163457454e-16,1.91356416827812e-15,5.80940846631252e-17,9.43093318154354e-06,1.08905887327402e-06,1.38506827535023e-16,4.56637892299968e-16,-1.40697464456454e-14,-9.85028984995923e-05,-4.12235519429028e-15,-0.707106781186547,2.32702738167765e-06,4.17194254268282e-05,6.25964124284506e-16,-1.13699048945877e-05,1.66432267756182e-15,6.60279123043672e-17,6.84795644669001e-16,-1.00821767300959e-15,1.23635341898966e-05,2.91176045948138e-16,2.67607829940604e-16,-1.10644653719635e-16,-8.16199164181095e-06,-3.25119414154256e-16,4.26494633861966e-17,-7.838250187692e-17,3.05284226717606e-16,-9.94269245450504e-18,5.28570226333139e-16
"t37",-0.071357559048734,-0.045500391428315,-0.0441070982141224,0.00307189544330291,0.0279152803606751,0.163568318013052,0.00599598997123368,-0.0730849324887094,0.507379573461375,0.00258363174367359,-0.0718195835706407,-0.0213602285322982,0.0940130122530088,0.00563825301068965,-0.000794868441017179,0.00116998281987473,-0.0003219365289284,0.0045545999050057,-0.00297814362730842,-0.000289932303526017,0.000952358026232059,-0.00297748191464444,0.00315118552798145,0.00021744534820165,-0.00016240519010223,4.43835780630497e-07,0.00457406905940365,-7.81826785988391e-05,0.00528866539109279,-9.55699573006384e-06,0.000722733129672915,0.000149425986748903,-0.00331636787649085,2.16764834454964e-05,-2.26118551910513e-05,-0.00115803831130504,2.64076333384616e-06,7.06480186491973e-07,-7.18361182219185e-06,-0.00105678147057583,-0.00093668177573911,-0.000434155113832577,7.63500643669066e-05,1.63264494872539e-16,-1.64665941565736e-05,-3.40237108140201e-17,-2.56248552877041e-06,-3.54193365563975e-05,-0.000169179959559132,-6.24925896831186e-07,-4.15520358919659e-06,1.70349474979957e-05,-8.13921412906593e-15,0.000140550779101521,1.067250590322e-05,4.33350187331594e-15,0.000658314638507487,-0.821473745280745,3.16789602658488e-14,4.85000633280281e-16,-4.48418289363137e-15,-4.99323439001029e-16,0.000321658547824277,1.177423663195e-05,1.37777701574027e-15,6.77151516211355e-17,-5.68340708862626e-14,-0.000313703913170782,-2.31575419647537e-16,-2.30544791247383e-16,4.58367913516948e-06,8.14302991650591e-05,3.99962181429903e-16,-2.10248233128881e-05,-5.62722651228433e-16,-1.74881810421912e-16,5.62158826433734e-17,5.06956027766206e-17,2.09433734596043e-05,-7.42949538695692e-17,1.31400770491473e-16,-2.60236435098367e-18,-1.31220902620061e-05,4.6054130429194e-17,-5.46647615064119e-17,2.49596779437699e-16,1.6585582733597e-16,-1.37182294235262e-16,6.04127266809824e-16
"t46",-0.0585488901539298,-0.0254097691200645,0.00658395045813448,0.00533505666107901,0.0403466242794312,0.411353495885141,0.0208235945082587,-0.296203347755445,-0.226362172770319,0.00179966487445569,-0.0886838998265821,-0.00769145312627372,0.0237526811947752,-0.00343875761880296,-0.00253959345037399,0.00223120822132861,-0.00055304651297954,0.00300026361074657,-0.00510458005343674,-0.000480198096933784,0.00156604238268351,-0.00488451478019313,0.0051598055501964,0.000355758103505583,-0.000265400999793207,7.19461404269255e-07,0.00189652091657925,-0.000127288404965391,0.00397574096475379,-1.80111722295103e-05,0.00125581417041487,0.000262513251334681,-0.00162888757177017,4.08360604386904e-05,-4.26211423521693e-05,-0.00102437393853139,5.4077577632694e-06,1.44827656806724e-06,-1.4870420338857e-05,-0.000624078024501084,-0.000953979225539613,-0.000469033429464987,0.000190521953597599,3.0265159001901e-16,-6.16482897567562e-05,2.35749321955956e-16,3.62682140877853e-05,0.000175056898591478,0.000276720400087369,7.81410703429289e-07,1.70214647774242e-05,-1.32768640843766e-05,-8.43509290193722e-17,-5.04929913814666e-05,-2.35510629274123e-06,2.74953670942324e-16,-2.25547591871716e-05,0.000597981930611068,-5.9503022324371e-16,-1.71564790830331e-16,4.30319941447919e-16,5.04261329545536e-15,0.407263807051868,-4.38907868962907e-07,-9.82287168271867e-17,-7.03727156729853e-16,0.70710678122129,-9.83209610826274e-05,-6.23179079953934e-16,2.36485622483182e-16,4.23730914958769e-06,2.19529800089887e-05,-6.8738417735581e-17,-2.02844259187382e-05,-9.92468908084907e-16,-9.16801357053743e-16,2.90295131682994e-16,-1.02471837555906e-16,2.14401234707494e-05,3.37837396946483e-16,8.09906023005686e-16,1.59106876274518e-16,-4.06325456499702e-06,8.16731213565101e-17,-2.72532759144509e-16,-3.70239133549624e-17,-1.17852776149174e-16,-1.18240693804723e-17,5.60051845718055e-16
"t98",-0.0585488901539396,-0.0254097691200719,0.0065839504581373,0.00533505666108232,0.0403466242794564,0.411353495885681,0.0208235945082908,-0.29620334775591,-0.226362172770709,0.00179966487445895,-0.0886838998267662,-0.00769145312629229,0.0237526811948446,-0.00343875761881318,-0.00253959345038195,0.00223120822133629,-0.000553046512981597,0.00300026361075881,-0.00510458005345827,-0.000480198096936363,0.00156604238269297,-0.00488451478022515,0.00515980555023273,0.00035575810350812,-0.000265400999795203,7.19461404268386e-07,0.00189652091659538,-0.000127288404966649,0.00397574096479683,-1.80111722297401e-05,0.0012558141704306,0.000262513251338516,-0.00162888757179919,4.08360604391967e-05,-4.26211423535089e-05,-0.00102437393855393,5.40775776372512e-06,1.44827656823912e-06,-1.48704203393776e-05,-0.000624078024519045,-0.000953979225568253,-0.000469033429480554,0.000190521953604771,-2.83345628772383e-16,-6.16482897604029e-05,-1.53270121757634e-16,3.62682140908541e-05,0.000175056898604527,0.000276720400109161,7.81410703551556e-07,1.70214647788091e-05,-1.32768640860286e-05,2.93601948309075e-16,-5.04929913877728e-05,-2.35510629392622e-06,-2.57389595748059e-15,-2.25547591925374e-05,0.000597981930691602,1.64131948811288e-15,-1.67404823724784e-16,-1.5740514813009e-15,6.32064953831237e-15,0.407263807171356,-4.38907870844838e-07,-1.67183974997265e-16,8.43914578002868e-16,-0.707106781151806,-9.83209610114204e-05,9.48060260939215e-16,-4.13791646448446e-17,4.23730914888578e-06,2.19529800063671e-05,5.06105574116233e-16,-2.0284425916307e-05,1.33877498466472e-15,9.89226062175774e-16,-2.66822154648683e-16,1.82669867884475e-16,2.14401234690268e-05,-3.95083271653718e-16,-7.97024179529394e-16,-1.59987304587859e-16,-4.06325456459868e-06,-3.23174278016052e-17,3.49458072926722e-16,1.57552312129763e-16,4.43655528981068e-16,-7.59038795212281e-17,6.93749461178112e-16
"t41",-0.0585239163678067,-0.0253907354961988,0.00657677314474973,0.00532657930801312,0.0402818143011963,0.409966717486581,0.0207411043105904,-0.295008992164362,-0.225360776718871,0.00179129477759661,-0.0882104574579574,-0.00764378521566574,0.0235731238546854,-0.00341238442198297,-0.00251912706553293,0.0022113083378292,-0.000547415630743147,0.00296873130228732,-0.00504868888824448,-0.000473682325307728,0.00154160771763077,-0.00480150352922536,0.00506436138684621,0.000348985505277128,-0.000260203120642711,7.04406425859514e-07,0.00185473131234065,-0.000123865209882308,0.00386253601474243,-1.74866146945398e-05,0.00121448185118224,0.000252100411244966,-0.00155143426158713,3.87583003770767e-05,-4.03557162671104e-05,-0.00096315880653572,5.01729349936148e-06,1.34334105423357e-06,-1.37548359546888e-05,-0.000574965660175032,-0.000873870084678626,-0.000425331026730223,0.00017106961937327,-3.53230372760826e-17,-5.28032228812655e-05,1.72640260822032e-16,2.82507859314136e-05,0.000135577597616008,0.000210496694138262,5.87575326766167e-07,1.27495296969804e-05,-8.56252614920841e-06,-3.92047505570758e-16,-2.94364520350498e-05,-1.29580725756864e-06,2.72839476705977e-15,-1.10044885861355e-05,0.000283183471372098,-1.0959954488819e-15,1.49548427880217e-16,1.23571314893608e-15,-1.14993160496762e-14,-0.817479107383756,2.16471130735364e-05,2.64491119977839e-16,-3.58382566042478e-17,-6.87387815548227e-11,-0.000162529195138408,-4.41805609024265e-16,4.55247676039107e-17,5.28840131188769e-06,2.72866975746085e-05,-8.40256683676266e-17,-2.46282010779033e-05,-2.26709150570917e-16,2.48390717716429e-16,1.44578359700942e-16,6.19583162018101e-17,2.5125287978889e-05,-6.00105902470727e-17,4.5408941269511e-17,3.70216822995442e-17,-4.66883994801114e-06,1.34885865538883e-17,-1.07859299805829e-16,1.33414752014998e-16,2.65710847421885e-16,-4.17404834948996e-17,6.56465961091099e-16
"t4",-0.0106924049455635,0.219605612643138,-0.0336407902986556,-0.00438766270779307,-0.0059201828720337,-0.00587223532005777,-0.119065556317502,-0.00488177925360133,-0.000617563152677373,0.000279473061008941,-0.00160487274192856,-6.86081339911464e-06,-0.000401413967857039,0.000231161216567381,0.000984103928660167,-0.000259979751277114,0.000126167706401727,-0.00037474046927774,0.00729339747857775,0.00186183307805151,-0.0177364947161856,0.517035509479583,0.0186652967715118,0.00529571439896015,-0.000598845042157249,5.54124449096228e-06,0.00124523339463544,0.773299039955745,0.00257518822581514,-0.000101230179598269,0.00126224785694476,0.242863230225673,-0.000482553537571224,2.44454597628735e-05,-0.00283841215536297,-0.000309731098339885,0.00152399247098061,8.34541048905106e-07,-3.56188896721305e-05,-0.00018319083564148,-0.000277974877590993,-0.000135108368988632,0.000105560593071852,-1.40241356498501e-17,-3.28296878293335e-05,3.68908876024402e-16,7.54514684998993e-05,4.60904882380632e-05,7.24226259540172e-05,2.03750399293069e-07,3.49893538643724e-05,-2.61427358354542e-05,6.59194920871187e-17,-0.00722228376953049,-4.24824562940594e-06,-1.71737624121704e-16,-9.81085988589325e-06,0.000136314550721186,2.85605311344306e-17,-6.66080242079182e-17,5.67733641354129e-17,4.36738619633583e-17,4.63972346167133e-05,1.48081743825575e-05,1.14491749414469e-16,2.47361198239724e-17,-1.15460053293365e-14,-3.26937546402187e-05,2.25405631659736e-16,6.52381628465562e-17,0.000615049958578831,6.39310563732565e-06,2.55871712706579e-16,-0.000895924435665494,3.30428019047478e-17,1.49186218934005e-16,1.5482407023093e-16,1.27589242812517e-16,0.000917374868479873,-2.61509564003504e-16,6.030862047343e-18,8.63402198382225e-18,-1.13303469273345e-06,7.70134129040567e-17,3.1775804867502e-17,3.2909876878179e-16,1.40946282423116e-16,5.19554100046797e-17,6.85960767072152e-16
"t7",-0.0111216976884338,0.236000274007873,-0.0375377256174651,-0.00520776617225929,-0.0070429746433133,-0.00962569741537949,-0.231000234670194,-0.0096984408623239,-0.00142452662046964,0.000715658478960379,-0.00648493017373595,-0.00018759110458133,0.00100783734647295,-0.000524921356538987,-0.00164033469896401,0.000254414360936509,-6.65672202742043e-05,0.0001706886762394,-0.0027372213208389,-0.000194481785786019,9.71735818850739e-05,0.0192980848402361,0.00129601618973083,0.000414305229708355,-5.14582577834394e-05,5.5474052178498e-07,0.000133814077189806,0.0760722852998714,0.000204533955288884,-6.94769340162625e-06,-6.31442195810327e-05,-0.667528466904113,-0.00045252585509406,1.91084277499275e-05,-0.00205961909740811,-0.000200489548981941,0.651476400619321,-3.97135498543256e-07,-1.67155736112083e-05,-9.43524232104708e-05,-0.000146148095843228,-7.12030530166455e-05,5.54795717448049e-05,7.44639793362931e-18,-1.71370957611682e-05,1.99087509136529e-16,3.97101134731082e-05,2.42816341880642e-05,3.82872618270675e-05,1.07991401606438e-07,1.85620587154685e-05,-1.51543518865952e-05,-3.88578058618805e-16,-0.0423104550142634,-1.456636019386e-06,3.46944695195361e-16,-4.38434980953232e-06,6.18747335072063e-05,2.51960763074884e-16,-6.10270550339027e-17,1.08636087057732e-16,3.25403569175321e-16,2.31263488368258e-05,7.41011682511058e-06,5.30825383648903e-16,9.66773253798605e-17,-5.649537506984e-15,-1.6546905090925e-05,5.84384970969687e-17,5.19365422494957e-17,0.00263920828761725,3.253717252856e-06,2.35922392732846e-16,-0.000458642513775503,1.41966992186546e-16,-3.7470027081099e-16,4.68375338513738e-17,-7.25797312885137e-17,0.000471579592489016,-7.63278329429795e-17,1.64614094106397e-17,2.65323810080984e-19,-5.84168275707259e-07,1.24938836786829e-17,-7.79548772355793e-17,1.12082244120318e-16,2.25514051876985e-16,-4.06695779707863e-17,6.20509146532528e-16
"t11",-0.0111532422431701,0.237201464197821,-0.037822350347716,-0.00526738445060523,-0.00712458364447708,-0.00989370084235996,-0.238941591017509,-0.0100398975857498,-0.00148148173184267,0.000746364253263368,-0.00682568984736032,-0.000200076944182162,0.00110343369425076,-0.000576130543674981,-0.00181709433909468,0.000288614089262828,-7.91202445505146e-05,0.00020601152270798,-0.00338174065385616,-0.000319758382177994,0.00112976117551979,-0.00835934725645028,0.000379661363072319,0.000162101242656031,-2.38103286854061e-05,3.18139898303397e-07,8.42045260603386e-05,0.0564106853110169,0.000155278895784482,-5.31614483499318e-06,-4.99067899468199e-05,-0.542555581258516,-0.000371585755400847,1.56769977124261e-05,-0.00168541348921052,-0.000160480737238317,-0.756676843764384,1.43038788284676e-06,-2.14616391234778e-05,-9.82933117767296e-05,-0.000141921576310898,-6.67158714568435e-05,5.13563769540242e-05,-1.87764601427489e-18,-1.56896055630309e-05,-4.43311204183817e-17,3.65540067789528e-05,2.23652993910778e-05,3.53388675066713e-05,9.98241993953667e-08,1.71673713235356e-05,-1.46758605344843e-05,-1.97758476261356e-16,-0.0586429511672807,-9.45072819981563e-07,3.12250225675825e-16,-3.64422756187724e-06,5.20063904363933e-05,-2.40361698154957e-16,-1.05402131624023e-16,5.7422431443679e-17,-2.0959187312522e-16,2.06728118022359e-05,6.64020023592119e-06,2.9316826744008e-16,-4.59250034006646e-17,-5.37269645385364e-15,-1.4931447603006e-05,-9.85539774789324e-17,-5.41727702087659e-17,0.0033044395539908,2.94708521745776e-06,-1.73472347597681e-17,-0.000416526309864884,-4.44263664924235e-17,-1.31838984174237e-16,2.04697370165263e-16,1.7290941907751e-16,0.000429116045703185,-1.45716771982052e-16,1.89779025513723e-17,1.59872094700158e-17,-5.3226695071254e-07,-2.25615736573964e-17,-7.43814496141949e-17,1.22261999146478e-16,7.54604712049911e-17,-7.27034412895154e-17,6.23740177317466e-16
"t40",-0.0113319973843637,0.244010202050979,-0.039436163679183,-0.00560555886873912,-0.00758750326563501,-0.0114160445031859,-0.284070722162635,-0.0119804274197153,-0.00180525377089355,0.000920944890977202,-0.00876402235015716,-0.000271139291873064,0.00164795493948326,-0.000867838350431568,-0.00282420106931367,0.000483556518676345,-0.000150714982007866,0.000407498362091856,-0.00705879952806623,-0.00103501935546369,0.00702683645411442,-0.166309989602214,-0.0048526559705605,-0.00127779982943802,0.000134016472049547,-1.03183970237575e-06,-0.00019870279573754,-0.0552556942835702,-0.000123889202653845,3.92228285724957e-06,2.45129084281113e-05,0.145010203571006,5.23076822987779e-05,-1.68549690574739e-06,0.000150211034245174,7.99332938374031e-06,0.00843176557275701,-1.52746957154734e-08,1.38839721980824e-07,1.94430925288093e-07,-2.53923965213773e-07,-1.58294105920059e-07,-1.37534802868537e-07,-7.42257618158476e-17,1.15995822969387e-06,-1.50809215669016e-16,-1.39152047616918e-05,-9.10027674577794e-06,-1.75350024941941e-05,-5.59161389391622e-08,-1.00069766673233e-05,3.72317035096333e-05,3.61516372393567e-15,0.890715804294992,-1.7190664948728e-05,-2.3783058855642e-15,-1.61504907906513e-05,0.000202337266720659,5.12037167072667e-16,-2.60130408181395e-17,3.21512404202994e-16,3.12324217436128e-17,2.19736718371256e-05,6.41497890474171e-06,-5.78530279238265e-16,1.54462265901935e-18,-4.34406209362156e-15,-1.08713631714122e-05,-4.9680854048717e-16,5.03121243423326e-16,0.0346523616640756,1.56203388511876e-06,2.42861286636753e-16,-0.000241368987184225,1.71308989369893e-16,2.02962646689286e-16,-6.91720986045752e-16,4.18971080896943e-16,0.000243501982979791,1.17527515497429e-16,1.22239540053656e-17,6.07399069054465e-17,-2.97766161420562e-07,-6.71222796645864e-18,2.91493043828728e-17,7.51488057408886e-17,2.28983498828939e-16,-1.14061248684721e-16,6.75762201864279e-16
"t57",-0.0113764551293773,0.245697109469792,-0.0398343719078115,-0.00568850524867483,-0.00770102305649117,-0.0117814162779606,-0.294823098006602,-0.0124423667779239,-0.00188195114635667,0.000962183203595736,-0.00921792724553795,-0.000287598819822962,0.00177187091773501,-0.000934126392894754,-0.00305188848543207,0.000527129369076683,-0.000166447650963035,0.000451576615738046,-0.00785837948840023,-0.00118493887274451,0.00822682494751795,-0.197789018492954,-0.00587171541104842,-0.00155589223590635,0.000164236647217227,-1.28485403584741e-06,-0.000250774291120456,-0.0741591243372515,-0.000169801385125697,5.42328959530147e-06,3.57405468019669e-05,0.234441243296638,9.7074337177136e-05,-3.33873558726873e-06,0.000311954054285636,1.93438207387597e-05,0.0298374309220616,-5.45660263139643e-08,5.49440522549209e-07,9.10741649797365e-07,-1.61905583470623e-06,-2.7722806115473e-06,3.37450640240655e-06,7.93347036121816e-18,-2.28551755952468e-06,6.83184631081993e-17,9.72138509340294e-06,6.12313351712294e-06,1.05846933430825e-05,3.16726559611313e-08,5.55371081757715e-06,-1.18469631559338e-05,-1.01134378649448e-15,-0.224108984224597,3.8858156342609e-06,5.55111512312578e-16,3.04961215552785e-06,-3.6790839363329e-05,6.31732945685838e-17,-5.35313498626408e-17,-3.14059131308036e-16,-1.17428592220171e-16,-3.44228982651629e-07,6.00116975757112e-08,3.07046055247895e-16,-8.39121023704046e-17,-2.86326380363797e-16,-1.01777147689525e-06,3.30790082825327e-16,-2.10440749610723e-15,-0.829777336540377,5.91420479769886e-06,-1.35134958778593e-15,-0.000186281552502505,4.76169379355791e-16,-3.93088339656344e-15,-2.20093041014557e-15,-9.29488275172865e-16,0.000135076805833384,4.37150315946155e-16,1.4100294339792e-16,-1.05957098581008e-16,-1.60150960593769e-07,1.11931153578609e-16,-2.03151921516067e-17,-2.14157495784724e-16,-9.6710833785707e-17,4.60953034468328e-17,6.48729841242135e-16
"t69",-0.0113825717242941,0.245928856352731,-0.039888992631579,-0.00569985688481568,-0.00771655759542162,-0.011831017202976,-0.296278905984789,-0.0125048906933645,-0.00189231394098529,0.00096774934796022,-0.00927900456922325,-0.000289805126705964,0.0017883808634555,-0.000942953976882247,-0.00308215737650308,0.000532900005911912,-0.000168519692580197,0.00045737351161515,-0.00796333322012054,-0.00120439452117205,0.00838119347575256,-0.201814484634737,-0.00600119983799431,-0.00159114672429262,0.000168058871194221,-1.31667491305699e-06,-0.000257292780078425,-0.0764783530301544,-0.000175397942822409,5.60577367127429e-06,3.7084797007536e-05,0.244865748353801,0.000102136154061197,-3.52332816175069e-06,0.000329860396208594,2.05701542763947e-05,0.0320495055920123,-5.86228488212302e-08,5.91457671359884e-07,9.83118461816502e-07,-1.75453506577605e-06,-3.02387550038617e-06,3.70290756289242e-06,1.10767566978197e-16,-2.56986435852975e-06,-2.62891347570682e-17,1.13151110662156e-05,7.13877158637927e-06,1.24013809237656e-05,3.72198221626841e-08,6.53275201254104e-06,-1.43426064026604e-05,-1.24379673227537e-15,-0.274862336325892,4.79430316550396e-06,1.07205910815367e-15,3.80021031764425e-06,-4.59410167827419e-05,-3.87821862538453e-16,-1.60884201603471e-17,-8.61126813573729e-17,-9.07226974596174e-17,-4.68085592047335e-07,8.37172697476171e-08,-1.97758476261356e-16,-1.55868881418228e-16,-3.21226276207654e-16,-1.79910719416698e-06,-1.20509071471764e-16,1.84996110399957e-15,0.393859325080607,-2.02316345490443e-06,-1.57859836313889e-16,-2.89404907310824e-05,-2.48560418289933e-15,-1.31838984174237e-16,-3.9343528435154e-15,-0.707106781186547,7.05582788072048e-05,-1.031813523511e-14,8.76696637683482e-16,8.15671054756937e-16,-1.02955487617934e-07,6.07498666777818e-16,2.71460881734418e-16,-7.53645231618867e-17,2.48932818802672e-16,-1.12826469439609e-16,5.56726504813724e-16
"t70",-0.0113825717242941,0.245928856352731,-0.039888992631579,-0.00569985688481567,-0.00771655759542159,-0.011831017202976,-0.296278905984789,-0.0125048906933644,-0.00189231394098529,0.000967749347960176,-0.00927900456922325,-0.000289805126705996,0.00178838086345546,-0.000942953976882242,-0.00308215737650308,0.000532900005911882,-0.000168519692580209,0.000457373511615157,-0.00796333322012056,-0.00120439452117205,0.0083811934757526,-0.201814484634737,-0.00600119983799426,-0.00159114672429262,0.000168058871194201,-1.31667491307486e-06,-0.000257292780078466,-0.0764783530301544,-0.000175397942822361,5.60577367127797e-06,3.70847970074092e-05,0.244865748353801,0.000102136154061246,-3.52332816158428e-06,0.00032986039620865,2.05701542763392e-05,0.0320495055920121,-5.86228487979199e-08,5.9145767143525e-07,9.83118461917983e-07,-1.75453506569279e-06,-3.02387550055877e-06,3.70290756295313e-06,-8.27331705083624e-17,-2.56986435864939e-06,9.68357975406756e-17,1.13151110661616e-05,7.13877158631162e-06,1.24013809238194e-05,3.72198221144303e-08,6.53275201264544e-06,-1.43426064027766e-05,-1.08073272553355e-15,-0.274862336325892,4.79430316560664e-06,4.85722573273506e-16,3.80021031794197e-06,-4.59410167828232e-05,-7.40316586565839e-17,-1.76817737201719e-16,-1.87774100774838e-17,-1.81473631446361e-16,-4.68085591995293e-07,8.37172698924665e-08,4.18068357710411e-16,3.2739794341541e-16,-4.00247820241782e-16,-1.79910719425025e-06,2.50667542278649e-16,4.05775130132444e-17,0.393859325080605,-2.02316345494606e-06,2.18054740930285e-15,-2.89404907306782e-05,1.98853691848801e-15,3.61169427698371e-15,6.84825460228744e-15,0.707106781186548,7.05582788049497e-05,9.58347984303387e-15,-1.01477541736709e-15,-7.19324576680512e-16,-1.0295548858591e-07,-5.80627777253688e-16,-1.61217047522721e-16,4.65869230176766e-16,2.40259201422788e-16,6.23806052124481e-17,6.7327823854373e-16
"t20",-0.0105052178262896,0.212458175310969,-0.0319421652238166,-0.0040302698622363,-0.00543088504055397,-0.00423735830741346,-0.0703132541557167,-0.00278392199944901,-0.00026609303848896,8.94898163762993e-05,0.000520974354210659,7.18976911156898e-05,-0.00101621395653174,0.00056104997924968,0.00212972664163415,-0.000484821511553636,0.000210645968893498,-0.000614027662976309,0.0116999864284015,0.00277675700134021,-0.0258173940480932,0.74705816076013,0.0269534016611845,0.00766122970220745,-0.000869081605348676,8.1619656664672e-06,0.00187846582116237,-0.610551951960189,0.00191656023797997,-8.62935280009218e-05,0.0012804298897147,0.0713093918743486,-0.000660552495930944,3.23902274110047e-05,-0.0037154585804869,-0.000397904944955202,0.000772704351490501,1.05855052374161e-06,-4.50455703646758e-05,-0.000231195270260264,-0.000349997813040761,-0.000169599709281484,0.000132222926900688,2.96869710250734e-17,-4.08909320547239e-05,1.54576691966181e-16,9.35475497657928e-05,5.71338510715899e-05,8.97240059197751e-05,2.52335934027795e-07,4.33276829736851e-05,-3.21652684873837e-05,1.35308431126191e-16,-0.0043608808207357,-5.34187504523531e-06,1.04083408558608e-16,-1.22110628367992e-05,0.000169538051312082,-2.90748019437377e-17,-7.31600869505104e-17,5.24419068410122e-17,-7.78263969230873e-17,5.73451208869639e-05,1.82918494240306e-05,6.93889390390723e-18,2.58674602474974e-17,-1.44283948250069e-14,-4.02893069351568e-05,-1.27881646244665e-16,7.88475076234072e-17,0.000392610279865329,7.85476785977041e-06,5.20417042793042e-18,-0.00109975054585232,7.81052828214447e-19,-2.53269627492614e-16,5.3776427755281e-17,8.62954183133813e-17,0.0011245510392672,-7.89299181569447e-17,6.30458125191619e-17,-2.10282994844421e-17,-1.3875080133504e-06,3.66137741092409e-17,-9.8019222343593e-17,-1.29302124680269e-16,1.90385901488455e-16,-1.2694366177026e-16,6.21453880853012e-16
"t66",-0.0114166894830303,0.247883683371587,-0.0405576208818727,-0.00592748641425275,-0.00803332883292709,-0.0232802801762874,0.292913593795018,0.0072766543302213,-0.000319833652720811,0.000298720227267338,-0.00445464732544779,-0.000157603910062968,0.00100399228595037,-0.000528948121803815,-0.00171995580444659,0.000291010156330931,-8.75566577860991e-05,0.000233917689153838,-0.00398107860249698,-0.000504922290336838,0.00288625327360955,-0.0578775604885127,-0.00130632086637763,-0.000303516331122793,2.72333587841257e-05,-1.11548321800314e-07,-2.65877344590541e-06,-0.00135657948353504,0.000110926639141218,-4.98909047679658e-06,8.63201574592468e-05,0.00233212798454185,-2.96288059963221e-05,-2.54249041626547e-06,0.389719834434901,-8.80554906937947e-05,7.31433786052296e-05,1.92583930509951e-07,-8.12234489065302e-06,-4.13707512961603e-05,-6.22880541807933e-05,-3.01110970670893e-05,2.34980040028925e-05,-1.23049341058631e-17,-7.3240395388364e-06,3.36735963894539e-17,1.67757393108004e-05,1.02432165875002e-05,1.60721521420791e-05,4.51723795766364e-08,7.75468266399492e-06,-5.69705076443835e-06,9.41087485717418e-17,-0.000444000024448869,-9.47396232801445e-07,-3.92047505570758e-16,-2.14739626718362e-06,2.97771000334613e-05,-2.44960691031931e-16,-3.93871889712794e-17,8.75133098886707e-17,2.47316551444784e-16,9.58618382144527e-06,3.00915441860236e-06,6.67434857382077e-16,1.23019587580833e-16,-1.97515214282469e-15,-5.67294763922921e-06,-7.38219706718224e-16,-3.16420842792441e-17,-4.44715572436886e-05,-1.99608972784471e-06,-9.12551284537599e-15,0.826698049236678,-2.04803291518944e-15,1.84054160801139e-15,-5.70832443813618e-16,-2.17258985456837e-16,0.0213332825778813,-1.25051878574478e-15,2.07808226049187e-16,-5.61844285778124e-17,-5.09338213914873e-07,-8.4984835075279e-17,-3.96315026980044e-16,-2.10102586887548e-16,-7.22078646875346e-17,7.63514601068767e-17,6.59530456619853e-16
"t82",-0.0114250419459001,0.248201800269084,-0.0406332776279259,-0.00594357562589127,-0.00805537062469782,-0.0234135186814637,0.294879431873132,0.00732635136992422,-0.000322226929910156,0.000301068397744684,-0.00449474615800006,-0.000159246001749031,0.0010166923676548,-0.000535733853485117,-0.00174311048592118,0.00029533320618885,-8.90351305254339e-05,0.000237990421943337,-0.00405318353314354,-0.000516155981917303,0.00295959321394455,-0.0594720512359177,-0.00134529762051536,-0.000312819927383438,2.80906155776759e-05,-1.15283525266626e-07,-2.75218441281669e-06,-0.00141384244532754,0.000115859204470079,-5.21553520961556e-06,9.0694955728964e-05,0.00247161072867139,-3.17027184515068e-05,-2.73103281972274e-06,0.419707783132924,-9.55272296054438e-05,8.03810425439967e-05,2.11693252687759e-07,-8.95087619039299e-06,-4.57528413755987e-05,-6.92275090552816e-05,-3.37427560930623e-05,2.65319107909318e-05,5.6135317030008e-17,-8.5245404226946e-06,4.28864565725078e-17,2.03627609227351e-05,1.24581249434359e-05,1.96629853229134e-05,5.54618509031163e-08,9.53209905717749e-06,-7.24398100499293e-06,-2.05998412772246e-17,-0.000573096350513703,-1.23125284478676e-06,3.3360900847379e-16,-2.82265669126034e-06,3.92327181752187e-05,3.79219521420898e-16,1.70304959470821e-16,-9.56137882660651e-17,1.60280976178578e-16,1.38717054934823e-05,4.47356259262416e-06,-2.65792162584821e-16,2.74924771239689e-18,-3.74744112859406e-15,-1.05980599373482e-05,2.00369031804794e-16,4.74251099295904e-17,0.000102014369995367,3.66160674102219e-06,4.7360661399598e-15,-0.397573996562225,1.2772690256461e-15,-3.59684070722066e-16,4.14951276464515e-16,-2.80152662384297e-17,0.0054565730221684,5.00928508742615e-16,1.27723808640171e-15,1.63980210880198e-16,-2.35909305716864e-07,5.80770779445263e-16,-0.707106781186547,1.31968386677781e-16,2.14617820043506e-16,6.9513719830867e-17,6.24897727151596e-16
"t83",-0.0114250419459001,0.248201800269084,-0.0406332776279259,-0.00594357562589127,-0.0080553706246978,-0.0234135186814637,0.294879431873132,0.00732635136992421,-0.000322226929910152,0.000301068397744663,-0.00449474615800005,-0.000159246001748999,0.00101669236765479,-0.000535733853485125,-0.00174311048592115,0.000295333206188867,-8.90351305254789e-05,0.000237990421943192,-0.00405318353314348,-0.000516155981917344,0.00295959321394452,-0.0594720512359176,-0.00134529762051533,-0.000312819927383418,2.80906155775361e-05,-1.15283525271925e-07,-2.75218441281094e-06,-0.00141384244532757,0.00011585920447014,-5.21553520977979e-06,9.06949557289487e-05,0.00247161072867138,-3.17027184515018e-05,-2.73103281974161e-06,0.419707783132924,-9.55272296054637e-05,8.03810425438759e-05,2.11693252657528e-07,-8.95087619040628e-06,-4.57528413755298e-05,-6.92275090552491e-05,-3.3742756093061e-05,2.65319107908698e-05,-8.36342249082104e-17,-8.52454042270533e-06,8.10058875828631e-17,2.03627609227586e-05,1.24581249434681e-05,1.96629853229383e-05,5.54618509677823e-08,9.53209905710895e-06,-7.24398100494763e-06,6.82505267579625e-17,-0.000573096350513644,-1.2312528444573e-06,-9.56266316132215e-17,-2.82265669122473e-06,3.92327181751302e-05,-1.0514253890381e-16,-3.1045383730197e-16,-1.92561225031644e-16,-3.36826794526765e-16,1.38717054933807e-05,4.47356259279152e-06,-4.94667241196511e-17,-3.30664286546113e-17,-3.62145841260608e-15,-1.05980599374692e-05,4.74497692656492e-16,1.22445117604785e-16,0.000102014369995349,3.66160674134078e-06,3.94237593959179e-15,-0.397573996562224,7.80253836571583e-16,-1.79885403447932e-15,8.32789241213272e-16,2.97137018970961e-16,0.00545657302216816,-1.99195044139899e-16,-1.46362525486995e-15,-5.39443379440804e-17,-2.35909305486661e-07,-3.90511733057162e-16,0.707106781186547,1.04212984056688e-16,4.43330268329323e-16,-2.9130874118249e-16,5.48569895353303e-16
"t77",-0.0114290349314123,0.24835791299769,-0.0406714333470663,-0.00595201504439149,-0.00806694805083503,-0.0234934919275213,0.296111147503081,0.00735764886783261,-0.000323776980885117,0.000302613934617037,-0.00452244196817018,-0.000160449175632574,0.0010268878251834,-0.000541221060823525,-0.00176232004852943,0.000299125977444002,-9.04413328658912e-05,0.000241945329799029,-0.00412516567271792,-0.00052934712157638,0.00305708764444865,-0.061778569101651,-0.0014070674469669,-0.000328056430156995,2.95422767609167e-05,-1.22150737108244e-07,-2.93613633568779e-06,-0.00156798812461848,0.000130649807957501,-5.92621489435541e-06,0.000108940723651126,0.00358367300986029,-0.000125498617829872,1.03696367910956e-05,-0.383584630568091,-1.80501204365968e-05,4.11512397800107e-05,1.08968388461155e-07,-4.83292597350073e-06,-2.5975672337056e-05,-4.128197686986e-05,-2.11784257671951e-05,1.71322804000135e-05,-1.19968845442969e-17,-5.74621402341243e-06,6.69248436015439e-17,1.37084229529965e-05,8.38096263497054e-06,1.31972154980573e-05,3.71672131286616e-08,6.38452278638256e-06,-4.76359403900144e-06,-2.32452945780892e-16,-0.000373301059196454,-7.98400695577482e-07,8.32667268468867e-17,-1.81634800949435e-06,2.5205113363452e-05,-3.36702121023123e-17,-4.41859232559977e-17,4.55505020013203e-16,-1.03266433999614e-16,8.32719244656804e-06,2.63256541175975e-06,1.56125112837913e-16,9.88829155919084e-18,-1.96184487467258e-15,-5.31681622564784e-06,1.1145598333151e-16,-1.82541291929927e-16,1.08435591700869e-05,3.0092337511764e-07,2.019218126037e-15,0.00197266993799645,1.80903664898823e-16,2.45636844198316e-15,-1.09860037733611e-14,-1.25600071751557e-15,-0.828255332265549,1.71043734731313e-14,3.66249727937735e-16,-6.46499906332904e-17,-7.54364035876476e-07,-2.70411239269281e-16,-2.21297872644659e-16,2.47997355737014e-16,5.02202446295286e-16,-3.57331357570396e-16,6.15296888859636e-16
"t95",-0.0114390388678494,0.248739133231829,-0.0407621504062253,-0.00597132387288125,-0.00809340145086113,-0.0236539349223582,0.29848124533541,0.00741757466169434,-0.00032666526489648,0.000305449187101155,-0.00457093350072528,-0.000162439003177774,0.00104233086137335,-0.000549474796963176,-0.00179051378937857,0.000304402673543049,-9.22528819437458e-05,0.000246940824045472,-0.00421373492555706,-0.00054327763222313,0.00314881918102104,-0.0637861136801282,-0.00145652855899492,-0.000339898411962084,3.06369196512862e-05,-1.269603347558e-07,-3.05732971736528e-06,-0.00164546097730828,0.000137442044840981,-6.24053831599347e-06,0.000115374974733867,0.00383227386367097,-0.000135633960691193,1.1254971887961e-05,-0.417518069260549,-1.98038425614916e-05,4.57804364731737e-05,1.21258749981376e-07,-5.3925092857164e-06,-2.90925632075675e-05,-4.64776953464398e-05,-2.40507145116671e-05,1.96090961934528e-05,4.01554976260521e-17,-6.78282924603657e-06,3.75846965693869e-17,1.6857267986874e-05,1.03255326838964e-05,1.63502031346045e-05,4.62015445612319e-08,7.94506470696625e-06,-6.11572997986961e-06,1.64798730217797e-17,-0.000485756164256303,-1.04523339933664e-06,2.77555756156289e-17,-2.40169963067026e-06,3.33962011281176e-05,9.77507038060806e-17,-8.54371496056411e-18,-3.36547526289523e-17,-1.8640619345674e-16,1.19243371686714e-05,3.84972760253247e-06,-8.67361737988404e-18,9.84517700709726e-18,-3.24686585025093e-15,-9.09188015944806e-06,-1.85398571495021e-17,1.7972597449189e-16,6.72028423306962e-05,2.29014058816465e-06,-1.16053000542848e-15,-0.0147271158472537,7.87064355900631e-17,-1.28369537222284e-15,5.44052650153226e-15,6.91195393788018e-16,0.395901398155868,-8.00271307555001e-15,-1.18067845584931e-16,1.46945548247745e-17,-7.49374060903321e-08,1.1713463416014e-16,1.37009443432563e-16,7.81501349728922e-17,2.16406753628107e-16,0.707106781186547,3.86327190146281e-16
"t96",-0.0114390388678494,0.248739133231829,-0.0407621504062253,-0.00597132387288126,-0.00809340145086114,-0.0236539349223582,0.29848124533541,0.00741757466169438,-0.000326665264896484,0.000305449187101177,-0.00457093350072528,-0.000162439003177801,0.00104233086137336,-0.00054947479696316,-0.00179051378937853,0.00030440267354304,-9.22528819438007e-05,0.000246940824045389,-0.004213734925557,-0.000543277632223053,0.00314881918102098,-0.0637861136801283,-0.00145652855899495,-0.000339898411962061,3.06369196512455e-05,-1.26960334757381e-07,-3.05732971729589e-06,-0.00164546097730819,0.000137442044840972,-6.24053831601776e-06,0.000115374974733924,0.00383227386367098,-0.000135633960691221,1.12549718879199e-05,-0.417518069260549,-1.98038425615332e-05,4.57804364731587e-05,1.21258750005208e-07,-5.39250928570843e-06,-2.9092563207602e-05,-4.64776953464779e-05,-2.40507145117799e-05,1.96090961934485e-05,-2.38706640625475e-17,-6.78282924611518e-06,-5.78111182800741e-17,1.68572679868724e-05,1.03255326837073e-05,1.63502031345958e-05,4.6201544628087e-08,7.94506470672008e-06,-6.11572997990078e-06,6.76542155630955e-17,-0.000485756164256345,-1.04523339951483e-06,2.04697370165263e-16,-2.40169963074182e-06,3.33962011281952e-05,-5.1435515438422e-17,-1.7099994699894e-16,-2.10596547395798e-16,-1.98727412162377e-17,1.1924337168628e-05,3.84972760237201e-06,-1.0321604682062e-16,-6.48137731448142e-18,-3.13584337036625e-15,-9.09188015940643e-06,6.99852502339393e-17,1.59776654003996e-16,6.7202842330498e-05,2.29014058832425e-06,-1.18134668714021e-15,-0.0147271158472535,-6.00714438600652e-17,-1.05991604382183e-15,5.34468302948454e-15,7.2242041268202e-16,0.395901398155869,-8.4593790306009e-15,-2.29090129623493e-16,1.07914202858115e-17,-7.4937406037423e-08,1.7307946597402e-16,-8.50351837926196e-17,1.588147624045e-16,-3.88578058618805e-16,-0.707106781186547,9.57051213647887e-16
"t99",0.161046001587947,-0.034835319272636,-0.00456211032810726,0.175651014569597,-0.0227220716431361,-0.00499181605073854,0.000263786543916885,-0.000431721446695871,3.94247769894211e-05,-0.109608668880653,-0.000680692774560814,7.26695497874678e-05,-0.00552010201974147,0.00394824789085984,0.581604140038051,0.00198817826222078,-0.00059670426668607,0.00218471417583017,-0.194751866782063,0.00212920832855002,0.0177672536066873,-0.00230606353321338,0.00201170540141025,0.204277176037975,9.16241007738071e-05,-7.05306654913647e-06,-2.08710633579391e-05,-1.95099570605975e-05,8.4579276985239e-05,-0.00119448608308861,7.005912500823e-05,7.41969737357503e-05,-5.95009604517187e-05,3.02606628663146e-06,-1.35406223541586e-05,-4.04488212532583e-05,1.81481839258462e-06,1.16318729589729e-07,-0.000101332625422186,-2.60627316980983e-05,-4.02233726775648e-05,-2.00328988624405e-05,1.59519353144155e-05,2.0820628267581e-16,-5.24008821417712e-06,9.73628375056077e-16,0.00024418633337045,7.65349791224772e-06,1.2230179389562e-05,3.57071388111329e-08,0.00139655789021419,-0.000650659695155862,-9.36750677027476e-17,-1.64384767709553e-05,-0.000174845071063137,-1.00613961606655e-16,-1.72499264019285e-06,2.39599203662558e-05,7.19149645532901e-17,-1.7379085735018e-16,-9.03583720288821e-17,-4.59610785799291e-17,8.30297639622078e-06,5.0565819286704e-05,-4.16333634234434e-17,-9.25022205696177e-17,-1.77673788309302e-15,-6.01192847740628e-06,1.26580603637683e-16,1.4578105726224e-16,1.80934963297337e-06,1.21939202810985e-06,3.64291929955129e-16,-8.6003178584558e-06,-6.17032268798339e-17,1.83880688453542e-16,5.16513914972094e-16,2.01387446472488e-16,9.02366960346332e-06,2.79290479632266e-16,-2.71154203844778e-16,5.32563082174919e-16,-2.23882296757939e-07,-1.34392827693852e-17,4.21329399741033e-17,-3.31515000637597e-16,1.11152406723214e-15,-3.74404385597374e-16,-0.707106781186547
"t100",0.161046001587947,-0.034835319272636,-0.00456211032810727,0.175651014569597,-0.0227220716431361,-0.00499181605073855,0.000263786543916894,-0.000431721446695835,3.94247769894125e-05,-0.109608668880653,-0.000680692774560834,7.26695497874125e-05,-0.00552010201974145,0.00394824789085987,0.581604140038051,0.00198817826222079,-0.000596704266686034,0.00218471417583023,-0.194751866782063,0.00212920832855011,0.0177672536066873,-0.00230606353321336,0.00201170540141023,0.204277176037975,9.16241007737411e-05,-7.05306654912538e-06,-2.08710633579391e-05,-1.95099570606313e-05,8.4579276985239e-05,-0.00119448608308868,7.00591250081644e-05,7.41969737357018e-05,-5.95009604516979e-05,3.02606628669664e-06,-1.35406223540927e-05,-4.04488212532306e-05,1.81481839257912e-06,1.16318729808968e-07,-0.000101332625422176,-2.60627316981926e-05,-4.02233726774122e-05,-2.00328988623909e-05,1.59519353146913e-05,-2.21138121735742e-16,-5.24008821425995e-06,1.50221373678157e-16,0.00024418633337043,7.65349791221649e-06,1.22301793896245e-05,3.57071389131911e-08,0.00139655789021412,-0.000650659695155855,-7.54604712049911e-17,-1.6438476771032e-05,-0.00017484507106324,1.90819582357449e-16,-1.72499264019474e-06,2.39599203662246e-05,-1.54466449046174e-16,1.30841259886816e-17,6.24404155042638e-18,-9.53188551180313e-18,8.30297639626415e-06,5.0565819286799e-05,1.04950770296597e-16,1.93567913393913e-17,-2.52266898663424e-15,-6.01192847723975e-06,9.30245463992563e-17,-2.08608166225669e-17,1.8093496330163e-06,1.21939202812373e-06,-1.70002900645727e-16,-8.60031785851825e-06,1.36055249449333e-16,-2.22044604925031e-16,-4.11996825544492e-16,-1.16066949448605e-16,9.02366960340087e-06,-6.41847686111419e-16,3.64621949183372e-16,-4.00989198109046e-16,-2.23882296875033e-07,5.29884291003518e-17,-1.20931065656798e-16,4.94213374635293e-16,-7.87998138962465e-16,2.95198876220765e-16,0.707106781186548
"t2",0.157416632459205,-0.0334367720635448,-0.004291431228667,0.160107802959395,-0.0206878343290826,-0.00396999575148543,0.000198381703849014,-0.000322359062007255,2.82380357595823e-05,-0.076508717768862,-0.000435611567329365,4.07519137438393e-05,-0.00230366667613264,0.00159761141180522,0.208331857595398,0.000490392643228419,-3.33929686854195e-05,2.68685113511379e-07,0.0154505188436402,-0.00150128374072392,-0.0265147048779974,0.00538068749320183,-0.00766834349125504,-0.941550779788257,-0.000519442392357937,7.41333280812945e-05,0.000494803913153337,-0.00018538326909311,0.000621847465797722,-0.00811739414438416,0.000351693273019902,0.000287096257682469,-0.000198162249894815,9.66717261970954e-06,-4.22370409683234e-05,-0.000119456359586765,5.01227095427767e-06,3.20922363379866e-07,-0.000276767921990665,-7.02659323282391e-05,-0.000106706923868885,-5.1948153437653e-05,4.06537181932787e-05,2.69621258248268e-17,-1.27232984726995e-05,1.48250603947753e-15,0.000570894201732889,1.78698589147251e-05,2.84490802585478e-05,8.28820708533378e-08,0.0032394393520368,-0.00148447649874147,1.54227759036063e-16,-3.72887698458896e-05,-0.000395672091731414,3.84783351015106e-16,-3.88937585537131e-06,5.39842884358567e-05,8.44643754091971e-17,-3.26040626775991e-17,2.7822147865576e-16,-1.42360116392474e-17,1.83279014454173e-05,0.000111177236815763,-1.50324631215115e-16,6.91784565639076e-17,-4.52312601644963e-15,-1.29687826970421e-05,7.4460972327231e-17,7.18304770743485e-17,3.79245424791139e-06,2.55350045076939e-06,1.27719015918792e-16,-1.79010429569255e-05,5.38506911737159e-17,-1.6230506522108e-16,7.45253468312224e-17,-2.03548362023056e-19,1.85540313344394e-05,-3.08618148397999e-16,1.09364163318189e-17,6.2030347516848e-17,-4.56118548854405e-07,1.24858740973558e-17,7.52061842767051e-17,1.36547183779003e-16,1.09341789095163e-16,-2.76596444506304e-17,6.66809058442304e-16
"t29",0.166563697352551,-0.0370727159801482,-0.00502126563701135,0.204673057653626,-0.0265340192597149,-0.00816765726485504,0.000533301990891885,-0.000901340645557244,0.000102476716249213,-0.339055019200735,-0.00696647133481505,-0.000234996693242114,0.00341427316320263,-0.00219690161145399,-0.221607876667518,-0.000278141557466059,-2.88350278427989e-05,0.00017679093837527,-0.0229684317828064,0.00052361773715377,0.00508285981931365,-0.00067737569977172,0.000564801298200304,0.0547657884313985,2.27566180906502e-05,-9.98283368499232e-07,3.75112094591276e-06,-1.34376942910977e-05,5.43556840033819e-05,-0.000754487752489488,4.21532118715002e-05,4.38821572710073e-05,-3.52814167204601e-05,1.79939201540429e-06,-8.06890404786947e-06,-2.42647307516584e-05,1.10302692837165e-06,7.07161209516365e-08,-6.17739301550655e-05,-1.59510687560267e-05,-2.47597542738407e-05,-1.24602558495687e-05,1.00292448426338e-05,-5.97729419480128e-17,-3.52623742493248e-06,5.91525644484357e-16,0.000276541954568645,9.55930432749465e-06,2.66486639138308e-05,2.55778720417871e-07,0.210273633992315,-2.97967107075012e-05,-1.56938264467277e-15,9.04757652309978e-06,0.839749940241351,-6.46269713092118e-13,-1.82938514837192e-06,2.30922703453172e-05,5.36917212331812e-15,-6.95820671046536e-15,-1.69677286059632e-15,-6.75028865605956e-16,5.04899979435333e-06,3.05006358758395e-05,6.72313767158261e-16,2.86153972633275e-16,-1.94318282002102e-15,-3.59354931725366e-06,4.05098589222053e-16,4.45257602739461e-17,1.09037871745744e-06,7.35106068997958e-07,4.87890977618477e-17,-5.19662270412791e-06,1.21606051230584e-16,-3.0444397003393e-16,6.89552581700781e-17,-7.39341715100139e-17,5.47838533646993e-06,2.31585584042904e-16,-7.93857919457316e-19,1.31506225233535e-16,-1.36411881411762e-07,2.4247978241356e-17,-6.66495996310666e-16,1.56385143266957e-16,2.57552226073932e-16,-1.46532780678861e-16,6.74059412915316e-16
"t32",0.166612373390927,-0.0370917584083335,-0.00502502259033476,0.204896576959737,-0.0265633141056013,-0.00818667339414191,0.000534763326727125,-0.00090385511645868,0.000102790698270118,-0.340147856633979,-0.00699229377911433,-0.000236010284037133,0.00343230316583003,-0.00220867523555172,-0.222857175002977,-0.000279881000510043,-2.90416066012233e-05,0.000178099523598253,-0.0231457647989746,0.000528664409934444,0.00513951423678655,-0.000685631735949919,0.000572325927216078,0.0555178408472445,2.30786107357124e-05,-1.01343293026829e-06,3.8112554041226e-06,-1.37043222677364e-05,5.5502857932477e-05,-0.000770805680906835,4.31950366241379e-05,4.52158775375985e-05,-3.65981811376328e-05,1.8719999304992e-06,-8.41146524632774e-06,-2.54474778604054e-05,1.17069469302209e-06,7.50731043509429e-08,-6.57488327268709e-05,-1.70412738859131e-05,-2.65986856722762e-05,-1.35210935023106e-05,1.09959379126936e-05,-1.16814147285552e-16,-4.09066696012956e-06,3.33787071691203e-16,0.000379999729187783,1.33195990749539e-05,3.89364764891595e-05,3.86710829228861e-07,0.321818867086732,-0.000197171106092513,4.20442760468154e-15,-1.18365904288797e-05,-0.379903375416384,2.9338424051284e-13,-1.41479940679949e-07,3.21127913368303e-06,-5.9622195667041e-15,0.707106781186551,-2.79873538742912e-15,-3.61410822952787e-15,3.58611250781001e-06,2.26965092230205e-05,9.90852365434503e-16,-7.31589794434111e-16,-6.07633497473534e-16,-3.0115910423607e-06,-6.41735877762381e-16,-1.86397970696618e-16,9.79434627311373e-07,6.61238900477633e-07,2.59124319224036e-16,-4.71371455323119e-06,-7.59347307593441e-16,5.79614481410751e-16,-1.77538105744501e-16,2.32270816783575e-16,5.03796206118663e-06,-4.26037243678179e-16,2.05525162340958e-17,-6.84692428407459e-17,-1.26485160820079e-07,-6.71968311040753e-17,3.13006502981212e-16,-9.7329798570952e-18,5.04696111292002e-17,-2.36652427437804e-18,6.39236683649358e-16
"t50",0.166612373390927,-0.0370917584083335,-0.00502502259033476,0.204896576959737,-0.0265633141056013,-0.00818667339414191,0.000534763326727132,-0.000903855116458672,0.000102790698270096,-0.340147856633979,-0.00699229377911432,-0.000236010284037086,0.00343230316583005,-0.00220867523555173,-0.222857175002977,-0.000279881000510018,-2.9041606601267e-05,0.000178099523598285,-0.0231457647989746,0.000528664409934407,0.0051395142367866,-0.000685631735949917,0.000572325927216124,0.0555178408472445,2.30786107356803e-05,-1.01343293028908e-06,3.8112554041317e-06,-1.37043222677253e-05,5.55028579323426e-05,-0.000770805680906884,4.31950366241953e-05,4.52158775376132e-05,-3.65981811376601e-05,1.87199993057172e-06,-8.4114652463003e-06,-2.54474778604331e-05,1.1706946930735e-06,7.50731044109704e-08,-6.57488327267669e-05,-1.70412738858781e-05,-2.65986856721992e-05,-1.35210935022e-05,1.09959379123155e-05,1.73340800446216e-16,-4.09066696048819e-06,5.35066028786425e-16,0.000379999729186925,1.33195990752608e-05,3.89364764889365e-05,3.8671082937878e-07,0.321818867086732,-0.000197171106092503,-3.25835278897069e-15,-1.18365904287968e-05,-0.379903375416396,2.91343555183787e-13,-1.41479942257307e-07,3.21127913270175e-06,2.07648902083659e-15,-0.707106781186544,2.98570004312485e-15,4.03255285197762e-15,3.586112507439e-06,2.26965092225004e-05,-2.04252847274544e-15,7.24782563807866e-16,-7.18655726231349e-16,-3.01159104236937e-06,2.30857135708265e-16,3.10600304487497e-16,9.79434627262855e-07,6.6123890040716e-07,-1.09070738552042e-16,-4.71371455319477e-06,5.17409170908711e-16,1.40512601554121e-16,2.54841720642718e-16,-2.06614222998353e-16,5.03796206114022e-06,2.72785266597353e-16,1.36136249197097e-17,1.40564934960787e-16,-1.26485160772375e-07,1.0757655905477e-16,2.01984196845747e-16,1.71552314135052e-17,1.79435459546351e-16,-5.78776758465248e-17,5.41224807239277e-16
"t87",0.166387890481275,-0.0370039115355338,-0.00500768519806177,0.2038645901799,-0.0264280577568955,-0.00809872250103284,0.000528000610618509,-0.000892217925540056,0.000101336998383336,-0.335087007944779,-0.00687263016268273,-0.000231309178071409,0.00334856418742778,-0.00215398746452095,-0.217051974914293,-0.000271791158404198,-2.80796066505801e-05,0.000172003627855163,-0.0223193061374346,0.000505080507526196,0.00487419303707109,-0.000646910345345933,0.000536978113895,0.0519829366011703,2.15642395285184e-05,-9.42078939644473e-07,3.52768011904368e-06,-1.24401726363791e-05,5.0054060173433e-05,-0.000693241925848854,3.82211856682618e-05,3.87968611458445e-05,-3.0197949774598e-05,1.51755651231809e-06,-6.73419216304143e-06,-1.96041967030752e-05,8.30302369611619e-07,5.31476461153343e-08,-4.56675370350262e-05,-1.15018166396831e-05,-1.71749745786166e-05,-7.99900535955247e-06,5.88144177098081e-06,-1.81093896113174e-17,-8.13004064849803e-07,8.98284072656375e-17,-0.000457776367194642,-1.81180387975735e-05,-7.64152060462399e-05,-9.59606824548611e-07,-0.865235143896023,-0.00116514517725746,4.37150315946155e-16,-2.54620976340957e-05,-0.0785275723420046,6.02269970007008e-14,-2.09978773574868e-06,2.89872794046765e-05,-1.44070785156607e-15,3.98799183739009e-16,1.57681078878392e-15,1.2507895233454e-16,8.09044724984337e-06,4.78840177315143e-05,6.37727717855974e-16,-1.90198343724776e-16,-1.91510799304571e-15,-5.15109492289258e-06,1.35775993313075e-16,6.03422518774165e-17,1.42289001902896e-06,9.57013746907473e-07,1.15359111152458e-16,-6.66781805816865e-06,2.35041659699966e-16,-6.05418493115906e-16,2.92355115810716e-16,1.93348097940199e-16,6.8515808185521e-06,-2.05456311686003e-16,1.57408472451632e-17,-9.26297104597585e-18,-1.67799833366666e-07,5.4848718711468e-17,7.23997815307564e-17,1.78614219233687e-16,1.73580767814929e-16,-6.37303735479278e-18,5.52792110189855e-16
"t78",0.167547365634967,-0.037512508390607,-0.00512204174691201,0.212286879487906,-0.0275407417481432,-0.0105096967634308,0.00100353396416635,-0.0018816811551788,-0.00132851775494248,0.315408773916198,-0.00214804977790628,-0.000116175188514847,0.00164738002041651,-0.00103596186602616,-0.092037860138197,-1.83561936412217e-05,-6.60789744185613e-05,0.000287194423366614,-0.0301280263645953,0.000480064765845712,0.00407857227103317,-0.000484016467868665,0.00032125128385126,0.0265713133553408,8.23937339006903e-06,6.57683525373689e-07,1.19897871316754e-05,-2.79880577587987e-06,-0.000133491870734856,0.551112778563279,7.66506400402754e-05,6.01031671734267e-05,-4.40565797748651e-05,2.19872511122419e-06,-9.74242055295084e-06,-2.85285280137437e-05,1.25485602350915e-06,8.04069496087217e-08,-6.98689867145819e-05,-1.79142557054512e-05,-2.75475871836239e-05,-1.36566877560698e-05,1.08409316321671e-05,-4.45800745140161e-17,-3.53878398303505e-06,5.66569875664442e-16,0.000164975441558098,5.17162122646978e-06,8.25925552276651e-06,2.38485268878929e-08,0.000596937554569474,-0.0111151296442974,2.88180937446647e-16,-1.04894900264676e-05,-7.15139860947239e-05,6.20163642661709e-17,-1.12662912286619e-06,1.56675975815009e-05,-9.09309537538632e-18,-1.45202515207691e-16,8.08634647685818e-17,-2.69393760463128e-16,5.49204274798978e-06,3.34677191478284e-05,-1.29020058525775e-16,-7.86416673336824e-16,-1.32810213005154e-15,-3.98524038734346e-06,6.23714404776599e-16,2.77071774723849e-16,1.20059273574517e-06,8.09149674933524e-07,1.61676227961038e-15,-5.70796943276906e-06,-4.55549389354887e-16,-3.664603343001e-16,-3.43041567374414e-16,-4.58683136673376e-16,5.9914497525515e-06,-1.05666343730437e-15,1.62933285034244e-16,-0.707106781186548,-1.48705370646386e-07,-9.91992489109569e-15,-1.2962898221128e-16,-4.48532682857588e-18,2.2659825404947e-16,-9.37854032202844e-18,3.49137787637808e-16
"t79",0.167547365634967,-0.037512508390607,-0.00512204174691201,0.212286879487906,-0.0275407417481432,-0.0105096967634308,0.00100353396416637,-0.00188168115517879,-0.00132851775494247,0.315408773916198,-0.00214804977790627,-0.000116175188514882,0.0016473800204165,-0.0010359618660262,-0.0920378601381971,-1.83561936412081e-05,-6.60789744186278e-05,0.000287194423366595,-0.0301280263645953,0.000480064765845712,0.00407857227103315,-0.000484016467868631,0.000321251283851308,0.0265713133553409,8.23937339011998e-06,6.57683525377803e-07,1.19897871316719e-05,-2.79880577590285e-06,-0.000133491870734904,0.551112778563279,7.66506400403048e-05,6.01031671734337e-05,-4.40565797748781e-05,2.19872511115229e-06,-9.74242055299845e-06,-2.85285280137264e-05,1.25485602352521e-06,8.04069495871292e-08,-6.98689867145826e-05,-1.79142557054363e-05,-2.75475871836942e-05,-1.36566877560779e-05,1.08409316320684e-05,3.57128933520822e-17,-3.5387839831215e-06,1.0980143539379e-16,0.000164975441558032,5.17162122656064e-06,8.25925552281178e-06,2.38485268557143e-08,0.000596937554569393,-0.0111151296442971,-6.93889390390723e-18,-1.04894900265355e-05,-7.15139860948337e-05,-3.59955121265187e-17,-1.12662912267849e-06,1.56675975815168e-05,1.04558398199454e-16,-4.0950355807728e-17,1.48531233444114e-16,2.61106366391559e-16,5.49204274803228e-06,3.34677191479266e-05,1.76291273246143e-16,7.09713330054277e-16,-1.51426006589513e-15,-3.98524038729663e-06,-5.04940056780812e-16,-1.8310089974107e-16,1.20059273555923e-06,8.09149675068833e-07,-1.32879818259823e-15,-5.70796943262291e-06,5.1909416278379e-16,2.43294967505747e-16,8.16187395447088e-16,5.26517841863808e-16,5.99144975247171e-06,1.0357383353754e-15,-1.31861362841844e-16,0.707106781186548,-1.4870537695319e-07,9.91686082750403e-15,1.91078107963748e-16,2.49333230147922e-16,1.53848288275693e-16,-6.67870387497511e-17,9.72757325068522e-16
"t44",0.167888452337883,-0.0376480363409099,-0.00514927824163204,0.213960182021517,-0.0277603238000085,-0.0106969054397347,0.00102500734529788,-0.00192277521171948,-0.00136083140582771,0.323545881287502,-0.00221342597811147,-0.00012042855890851,0.00172548059914802,-0.00108604093195067,-0.0967981355831854,-1.94511985804375e-05,-7.0879216187863e-05,0.000309113518751227,-0.0325822946209652,0.000536982334441194,0.00472429301877468,-0.000578061323774142,0.000400169029144932,0.0337080023074704,1.06710351130355e-05,9.07066055841606e-07,1.77586702415737e-05,-2.69799003917767e-05,0.000200892927674258,-0.370666761331916,2.97219645676152e-05,4.08502821337055e-05,-3.43627553150601e-05,1.76719356707759e-06,-7.95885335721722e-06,-2.41540358088231e-05,1.11025095881912e-06,7.11922459645427e-08,-6.23021202228529e-05,-1.61263817701118e-05,-2.51117908884333e-05,-1.26996335605679e-05,1.02635286173354e-05,-6.14643901567804e-17,-3.63182272039427e-06,3.03389027536352e-16,0.000208837796482993,6.65902113763852e-06,1.12730422786316e-05,3.39549151126175e-08,0.000862888302237198,-0.398636720902504,5.35444084903691e-15,8.49811875619318e-06,2.10330604715883e-05,1.50704101975485e-15,-9.4661721112356e-08,2.06190999914333e-06,-6.09714395517136e-17,6.80864804467792e-16,1.19890287546726e-15,7.62494676216062e-17,3.37831093842351e-06,2.16511237723187e-05,4.18588774753204e-15,0.707106781186548,-4.64147306532059e-17,-2.9432453642203e-06,-2.37670668735979e-16,4.66843108129424e-16,9.63037008164312e-07,6.50191585101342e-07,4.21537804662364e-16,-4.63554471925864e-06,-1.66864604224377e-16,-1.0842021724855e-17,2.53703308361608e-16,-4.25217735677797e-16,4.95374950028847e-06,9.21571846612679e-18,-3.38820245079734e-17,-1.60521751019844e-16,-1.24332979070316e-07,3.89822717008185e-17,-8.34504235343037e-18,4.04637801926658e-17,8.68445940160889e-17,-6.83884681410885e-17,5.3514302167939e-16
"t45",0.167888452337883,-0.0376480363409099,-0.00514927824163202,0.213960182021517,-0.0277603238000085,-0.0106969054397347,0.00102500734529788,-0.00192277521171952,-0.0013608314058277,0.323545881287502,-0.00221342597811149,-0.000120428558908471,0.00172548059914791,-0.00108604093195064,-0.0967981355831855,-1.94511985804991e-05,-7.0879216187881e-05,0.000309113518751254,-0.0325822946209652,0.000536982334441228,0.00472429301877463,-0.000578061323774136,0.000400169029144972,0.0337080023074704,1.06710351129348e-05,9.07066055822823e-07,1.77586702415676e-05,-2.69799003917855e-05,0.000200892927674256,-0.370666761331916,2.97219645675439e-05,4.08502821336934e-05,-3.43627553150497e-05,1.76719356678072e-06,-7.95885335717478e-06,-2.41540358088092e-05,1.11025095899043e-06,7.11922454833178e-08,-6.23021202227666e-05,-1.61263817700907e-05,-2.51117908886453e-05,-1.26996335605556e-05,1.02635286172484e-05,-1.62858125022165e-16,-3.63182272003175e-06,2.66667288404913e-16,0.00020883779648292,6.65902113782424e-06,1.12730422784509e-05,3.39549153548004e-08,0.000862888302237528,-0.398636720902504,4.86828459489441e-15,8.4981187560943e-06,2.10330604719527e-05,1.11499351418409e-15,-9.46617206967542e-08,2.06190999910932e-06,5.38375523458577e-16,-8.23122702749262e-16,-1.98572416437621e-15,-1.78754874025679e-16,3.37831093855535e-06,2.16511237702256e-05,-4.08982743504982e-15,-0.707106781186547,-1.60940176067099e-15,-2.94324536389938e-06,8.39511294682682e-17,-4.36514129584463e-16,9.63037008365865e-07,6.50191585212798e-07,-4.30645102911242e-16,-4.63554471908561e-06,2.47734301865608e-16,1.77809156287623e-17,-2.62214295415619e-16,5.19556041187676e-16,4.95374950028674e-06,-2.31477163825655e-16,2.59659010849786e-17,9.80604818596384e-17,-1.2433297908029e-07,2.78149899709607e-17,-8.34498977308686e-18,1.48766483885045e-17,8.76035355368288e-17,-4.28012916514531e-17,6.92243916738436e-16
"t28",0.167715961410742,-0.037580064681913,-0.00513573919311516,0.213139334986566,-0.0276526568038696,-0.010609519923016,0.00101515617261004,-0.00190396258004414,-0.00134621190812508,0.319889906954064,-0.00218467656218458,-0.000118609460433706,0.00169359981489373,-0.00106567827804273,-0.0948895116247528,-1.90259863402308e-05,-6.91057641824924e-05,0.000301124450531482,-0.03170419634637,0.000518949850387497,0.00454108678079436,-0.000553572893099206,0.000381658986716157,0.0321015177351181,1.01472216267553e-05,8.59357953241861e-07,1.67727860817292e-05,-2.51327532900041e-05,0.00018628094990251,-0.343051993128047,2.71989578983025e-05,3.66087157319464e-05,-3.00097694847503e-05,1.52584020587763e-06,-6.81745821267098e-06,-2.02000176555903e-05,8.84138666895264e-07,5.66342249815037e-08,-4.90298769875446e-05,-1.24906080794357e-05,-1.89923586186576e-05,-9.18653199429752e-06,7.0811509946039e-06,2.04792486161403e-16,-1.86146412924598e-06,4.72732528775585e-16,7.06941197093155e-06,-1.44404290071789e-08,-1.37001538261678e-06,-6.93249226348126e-09,-0.000201102754339133,0.825787653644085,-1.05180621157164e-14,-4.7500406896096e-05,-0.000244661616697205,-2.3787395664332e-15,-2.94198802308511e-06,3.93195036577958e-05,-6.03271800695293e-16,-5.14694658974387e-17,4.92993857773119e-16,-1.01148578187258e-16,8.16015969032358e-06,4.75371099823658e-05,-7.84962372879505e-17,-3.12416245477908e-17,-2.05982385531693e-15,-4.9306531055178e-06,5.11153890481869e-16,7.43228756050834e-17,1.34522752618987e-06,9.04678232923738e-07,2.50233861409654e-16,-6.29997380102764e-06,4.21875262044995e-17,-3.28730098697605e-16,9.33498070510019e-17,1.38590541407257e-16,6.47229558524941e-06,5.0415401020576e-17,2.47525897383259e-17,-2.68875849167134e-16,-1.58559224884818e-07,3.39753955342054e-17,-1.05734282706655e-16,7.40893802135467e-17,2.00360561475321e-16,-1.92815094236088e-17,6.0387303828776e-16
"t6",0.138014197006401,-0.0256917852891627,-0.00272903418438116,0.063860981110909,-0.00805749648318014,0.00602226347063514,-0.000780892032281664,0.00148169885814945,0.000859046076678943,-0.0208547821508341,0.00813723154228815,0.000404161261342801,-0.00573829269513592,0.00343724519425397,0.183862542814178,-0.00166253283539765,0.0017108429272493,-0.00779044854224409,0.916150098013296,-0.187232079905891,0.215151649438684,-0.0137172666199532,0.00393321446788847,0.0983917506656536,-0.000113739962527856,5.66822610657285e-05,0.000522862459673826,-0.000306754458667582,0.00108238377069215,-0.00219137106422297,0.000670150401028589,0.000578624270462846,-0.000411072908568538,2.01991744760021e-05,-8.86018700306645e-05,-0.000252714581516877,1.07000733223374e-05,6.85184564313537e-07,-0.000591632474517693,-0.000150430256762414,-0.000228851044545959,-0.00011166829503852,8.75282693172368e-05,1.36051641564535e-17,-2.74881586243386e-05,3.19499297997111e-15,0.00123227031476414,3.85470757230891e-05,6.104220498096e-05,1.72718954630552e-07,0.000995615468293282,-0.000733050446886556,9.71445146547012e-17,-8.10773527444074e-05,-0.000124129822465574,2.4980018054066e-16,-8.45207382724135e-06,0.000117306700402948,4.59194055553603e-17,-3.36831248201488e-17,-9.55220541251659e-18,-7.88839179999508e-17,3.98047506670572e-05,0.000241446659388446,3.81639164714898e-17,5.39948432375899e-18,-9.88362974205361e-15,-2.81584093030363e-05,1.8626593323301e-16,2.40463503087427e-17,8.2287605767048e-06,5.5403410012464e-06,1.28369537222284e-16,-3.88315350086203e-05,3.70643963613608e-17,-1.73472347597681e-16,2.34187669256869e-17,9.00767320334245e-17,4.0226995976958e-05,5.55111512312578e-17,2.54717817194948e-18,3.80765069954117e-17,-9.88445128000809e-07,1.2073335512508e-16,-8.85695806901064e-17,5.51626670619446e-17,3.03576608295941e-17,-4.58058127401681e-17,6.25312631303762e-16
"t1",0.156738023280501,-0.0344587190600145,-0.0052765772767528,-0.109881067608639,0.0114541002538738,0.00103962434128284,-0.000216617813067902,0.000422780207881384,0.000271564529053706,-0.00403162768378303,0.00300289541918459,0.00015322448344696,-0.00201062273212548,0.00117713848925233,0.0488939573170697,-0.000656128670864651,0.000525423294225905,-0.00220648944206267,0.225741799944614,0.304077011533648,-0.892437762790377,-0.0403833405968174,0.00560564460600421,0.0595604658927938,-0.00019581072724602,0.0577823134375236,0.00060559262581282,-0.000297237354170813,0.0010187958823807,-0.00103160138390309,0.000598676173458664,0.000495290421670042,-0.000342599664690857,1.67070500994596e-05,-7.29634131244942e-05,-0.000206027424398292,8.62842635012146e-06,5.5252299216557e-07,-0.0034770039760848,-0.00012034894031063,-0.000182700541678169,-8.88036266856636e-05,6.93942091188372e-05,1.90665070826666e-17,-2.16191893959508e-05,1.66925401710327e-14,0.00635805969906972,2.84881589416551e-05,4.68790779978765e-05,1.32843461362511e-07,0.000440450392307933,-0.000326309546388084,5.20417042793042e-17,-6.27394062672985e-05,-5.52950983901263e-05,4.85722573273506e-17,-6.53514393131479e-06,9.06924893782819e-05,4.3440861128066e-17,-1.0352107289859e-16,-4.21235225134293e-17,-6.83944345993434e-17,3.06918188788113e-05,0.00118238982904956,1.42247325030098e-16,6.3562620714387e-17,-7.7367319081018e-15,-2.16134274887703e-05,2.24104589052754e-16,4.0002392910796e-17,6.28573138740374e-06,4.23145022817456e-06,3.46944695195361e-17,-2.96272965675179e-05,5.72419994076662e-17,-1.38777878078145e-17,-4.33680868994202e-18,8.07662917251163e-17,3.06286187156946e-05,-3.64291929955129e-16,-5.12812026393835e-18,1.09530861185347e-17,-7.51431317641549e-07,2.13572889281302e-17,-4.78226046543215e-17,9.72548465784338e-17,9.19403442267708e-17,2.39399299498144e-17,6.16482242053686e-16
"t80",0.18152155744427,-0.0454419340121236,-0.00817743209558448,-0.230608229822153,0.0243422650471527,-0.00649736177312123,0.000567032355991214,-0.00103363117992177,-0.000485246208294398,0.0062222919618155,-0.00326689442737472,-0.000121199193496686,0.00110910121799272,-0.000634110932108316,-0.0243443255256137,0.000282185071737927,-0.000195237357242645,0.000801895282269923,-0.0807151052361102,-0.362420980439972,-0.0563225085695804,-0.000113340213837881,-6.07076159937941e-05,-0.000704563661369536,2.30840465302129e-06,0.172228533910695,-4.38262423344514e-06,-2.9456111315506e-06,1.5382128193484e-05,-1.7685886748707e-05,1.67954277820235e-05,2.17452441104993e-05,-2.00375299080936e-05,1.06637423193588e-06,-4.90850382400262e-06,-1.5789362523437e-05,8.14351573343514e-07,5.24515497501318e-08,-0.00425728844996682,-1.17603250562499e-05,-1.92220724884113e-05,-1.03841668631831e-05,8.93065849109009e-06,1.8071822236886e-17,-4.43827354515124e-06,5.74806543557294e-14,0.363701691647102,-0.000101374559066815,-3.80433670922367e-05,-7.13757060401433e-08,-0.000212159968774215,2.54196707064429e-05,-3.12250225675825e-17,2.36376317833741e-06,1.34440983216084e-06,-1.52655665885959e-16,3.8588091934988e-08,-2.27271412345936e-07,-5.9207925651993e-16,-2.0629768577753e-16,-1.2797098053948e-16,-7.0171062925688e-16,6.06960863929699e-06,0.310402289062663,2.92843006788335e-15,-5.29677807622959e-16,-1.25548306654432e-16,-1.07681303257792e-07,3.81639164714898e-16,-1.77412223989208e-16,3.05679816629779e-07,2.09347412422761e-07,1.04950770296597e-16,-1.61705917402265e-06,6.81344303526793e-16,-6.41847686111419e-17,-4.49943901581484e-16,6.65198941612193e-16,1.94295016378229e-06,-1.04972454340047e-15,-2.48555050925667e-16,-9.85619507199939e-15,-5.20110844896143e-08,0.707106781186548,4.55188307857715e-16,1.81935505727661e-16,4.61653285044328e-16,-1.0814243254485e-16,6.15663146709837e-16
"t81",0.18152155744427,-0.0454419340121236,-0.00817743209558448,-0.230608229822153,0.0243422650471527,-0.00649736177312124,0.000567032355991203,-0.00103363117992176,-0.000485246208294403,0.00622229196181548,-0.0032668944273747,-0.000121199193496667,0.00110910121799272,-0.000634110932108338,-0.0243443255256137,0.000282185071737937,-0.000195237357242697,0.000801895282269925,-0.0807151052361101,-0.362420980439972,-0.0563225085695805,-0.000113340213837896,-6.07076159937761e-05,-0.000704563661369509,2.30840465304427e-06,0.172228533910696,-4.38262423349545e-06,-2.94561113152068e-06,1.53821281935781e-05,-1.76858867487651e-05,1.67954277819937e-05,2.17452441105843e-05,-2.00375299081283e-05,1.06637423195042e-06,-4.90850382398221e-06,-1.57893625233468e-05,8.14351573379663e-07,5.24515497366165e-08,-0.00425728844996681,-1.17603250563827e-05,-1.92220724883792e-05,-1.0384166863097e-05,8.93065849108575e-06,2.0860459129793e-16,-4.43827354511423e-06,5.74678591554747e-14,0.363701691647103,-0.000101374559066907,-3.80433670921223e-05,-7.13757060404096e-08,-0.000212159968774259,2.54196707064452e-05,2.54570670099596e-16,2.36376317830247e-06,1.3444098321723e-06,5.7072402359637e-16,3.85880919607378e-08,-2.27271412380549e-07,-5.86224564825644e-16,-5.99635158259959e-16,-5.13784323644207e-16,-3.43490231637735e-16,6.06960863930523e-06,0.310402289062663,2.55459715881035e-15,-4.12476266822928e-16,-1.01262159126353e-16,-1.07681303141566e-07,2.68096092201353e-16,3.80924789897404e-16,3.05679816533936e-07,2.09347412412353e-07,1.95156391047391e-17,-1.61705917421651e-06,-7.64114033207593e-16,-2.02095284951298e-16,4.85614153056257e-16,-6.09822813940116e-16,1.94295016423679e-06,1.07032438467769e-15,4.85163475911479e-17,9.87498342348848e-15,-5.20110838668486e-08,-0.707106781186547,-5.73502717107889e-16,1.69033497653475e-16,1.94180609092154e-16,-9.51320067568525e-17,6.03465872254694e-16
"t47",0.181105211843643,-0.0452589799215865,-0.00812954150200081,-0.228641014566294,0.0241323512379104,-0.00638005926572565,0.000555013124917174,-0.00101133200724118,-0.000473767118938888,0.00606759007157846,-0.00317375156553013,-0.000117192439715191,0.00106446179642371,-0.000608221810839081,-0.0233004906409653,0.00026881031135993,-0.000184691950721096,0.000757206006208804,-0.0760316684545096,-0.336453909329457,-0.0516950784598681,-0.000103216755002665,-5.48178378686011e-05,-0.000634265888528016,2.07163135801554e-06,0.153388392714681,-3.87854619008331e-06,-2.53481985029789e-06,1.31156918129537e-05,-1.50228409244976e-05,1.39519285164667e-05,1.73479984667355e-05,-1.52304275395261e-05,7.93814986384994e-07,-3.60176540979534e-06,-1.11037647265305e-05,5.26967371882258e-07,3.3883004027025e-08,-0.00270185956771686,-7.27394962526538e-06,-1.1449002521406e-05,-5.77784038272423e-06,4.63700218673239e-06,3.45864777383761e-17,-1.58409510727155e-06,1.44892117926427e-14,0.0331773254386611,-7.83301457977169e-06,-1.33040204958537e-06,-6.27442906308271e-10,-3.51730145623077e-08,-7.04295623762239e-06,7.15139752971439e-16,-9.87668536313029e-07,-6.53733579914077e-07,1.14231540893073e-15,-2.33957405196283e-08,1.43682413167832e-07,1.95417612568188e-15,2.34132216568383e-16,5.80186901057966e-16,2.03188790129345e-15,-1.28140861779015e-05,-0.86844176760335,-7.83336069620777e-15,1.29645198026517e-15,-9.38958281960892e-16,-4.41770670183902e-06,4.31986803099693e-16,-2.44993618905718e-17,9.29975568297143e-07,6.2360689406793e-07,-2.38524477946811e-16,-4.27539884844189e-06,1.71833012118788e-16,-1.32706345912226e-16,1.36067372646931e-16,9.33065065046226e-17,4.30750993037077e-06,-1.67183974997265e-16,-9.6126513679032e-17,8.09230205732423e-17,-1.0468472880611e-07,1.00466426731728e-16,8.68647916956414e-17,-7.34760667357887e-17,2.89265139619133e-16,3.28929523938606e-17,6.75723207574603e-16
"t31",0.180600493231344,-0.0450369590743843,-0.00807136006562105,-0.22624719104199,0.0238769013013119,-0.00623648676038506,0.000540273827766507,-0.000983979999171966,-0.000459668941997453,0.00587745029792768,-0.00305901501237869,-0.000112242918895395,0.00100907302321335,-0.000576086939194137,-0.0220031796308302,0.000252140923784436,-0.000171494463884591,0.000701217626345398,-0.0701556388816916,-0.303593713413899,-0.0458000635585395,-9.02611088582361e-05,-4.72429873764793e-05,-0.000543695319707755,1.76602600106485e-06,0.128963753570975,-3.22265958116897e-06,-1.99167778191481e-06,1.01033442689733e-05,-1.14757353762914e-05,1.01166293334845e-05,1.12823717471292e-05,-8.42247197921538e-06,4.03472132490009e-07,-1.71598638090327e-06,-4.18953803267216e-06,8.45679595164363e-08,5.27404092005358e-09,-0.000284250456312363,-2.12252400834422e-07,1.01059707374642e-06,1.84527770768193e-06,-2.69425201143811e-06,-4.15990262911382e-16,4.07321387567063e-06,-8.2159874707567e-14,-0.856132704432189,0.000248664990200547,0.000105536693743255,2.13470231565947e-07,0.000650382869026588,-0.000180158861108407,-8.74300631892311e-16,-2.95994874741592e-05,-2.47501407395292e-05,-1.22384741230164e-15,-2.72939611054562e-06,3.74252927300265e-05,-5.24921164033927e-16,3.86016760978231e-16,2.28172711652818e-16,-1.1301841269032e-15,1.30702673997486e-05,0.23036111918155,2.43164863245049e-15,-2.79008562327848e-16,-2.07151248427213e-15,-4.62453235312334e-06,-6.5587455171795e-16,8.00424594348411e-18,1.26794191182089e-06,8.51791208436505e-07,5.44703171456717e-16,-5.88844893107537e-06,2.60617687917333e-17,1.24032728532342e-16,7.26415455565288e-18,2.6014230471629e-17,5.9558031135689e-06,-1.9298798670242e-17,2.31263549324158e-17,-4.70265230123341e-17,-1.4421696442027e-07,-8.53626332801623e-18,-6.51200184332321e-17,1.01791041701188e-16,6.04984812246911e-17,-1.06736572871783e-16,5.9150503529184e-16
"t75",0.178748279550781,-0.0442091475370764,-0.00785071098598941,-0.216936695892131,0.0228824782603867,-0.00562288129077773,0.000475183313707577,-0.000862707717473088,-0.000395753539570456,0.00500407934797009,-0.00251023282461249,-8.7295445664438e-05,0.000704250024931593,-0.000397929368893941,-0.0146178049619617,0.000151318618263958,-8.37300183129505e-05,0.000319104045498785,-0.0285974658944655,-0.00854537771892364,0.0206521229806285,8.59738547468934e-05,8.47661234110201e-05,0.00120955488814414,-4.89456460339509e-06,-0.636592930849001,2.87828988434329e-05,-2.14934063857471e-05,8.00982977150393e-05,-8.35598191952785e-05,5.55870050409503e-05,5.34912049669283e-05,-4.11163486006542e-05,2.07087878358238e-06,-9.219840868013e-06,-2.72806664336953e-05,1.23903738057572e-06,7.96195063997626e-08,-0.00631259415742918,-1.68769184614884e-05,-2.63548361805669e-05,-1.31739696385112e-05,1.05100919526063e-05,2.34625627586871e-17,-3.51543407516122e-06,2.98516198613868e-14,0.0208717857995717,-1.05783059990811e-06,5.32255928238243e-06,1.71169616320382e-08,5.81362930858961e-05,-5.10865312856488e-05,-7.60025722912339e-17,-1.00121906220831e-05,-8.88265645087554e-06,-1.99222149194211e-16,-1.05949411935395e-06,1.47281210598009e-05,-3.57027161143365e-16,-1.90374474410858e-16,1.07195599232703e-16,1.00030415732978e-16,5.22816172371143e-06,0.0036420558090392,-2.55058561077215e-16,-3.7371503986648e-17,-6.5981715736159e-16,-3.75374235596338e-06,2.66197044333609e-16,-2.65137669293423e-16,1.13609051983842e-06,7.65744099299874e-07,-3.48028897367847e-17,-5.40450941378858e-06,-3.14809906833147e-16,2.33049256975759e-16,2.00618059491287e-16,-9.57476997346427e-16,5.67734274915766e-06,-1.47070669444943e-15,-0.707106781186548,-2.30622246301274e-16,-1.40967997491661e-07,-1.94774242023996e-16,-1.28944167949478e-15,6.41363441233714e-17,1.53523027623947e-16,1.97048860632021e-17,5.04424397124124e-16
"t76",0.178748279550781,-0.0442091475370764,-0.00785071098598941,-0.216936695892131,0.0228824782603867,-0.00562288129077774,0.000475183313707586,-0.000862707717473063,-0.000395753539570426,0.00500407934797011,-0.00251023282461251,-8.72954456644456e-05,0.000704250024931596,-0.000397929368893939,-0.0146178049619618,0.000151318618263955,-8.37300183129187e-05,0.00031910404549882,-0.0285974658944655,-0.0085453777189237,0.0206521229806285,8.59738547468455e-05,8.47661234110174e-05,0.00120955488814409,-4.8945646034463e-06,-0.636592930849001,2.87828988434191e-05,-2.14934063857311e-05,8.00982977149943e-05,-8.35598191953006e-05,5.55870050409255e-05,5.34912049669708e-05,-4.11163486006284e-05,2.07087878353782e-06,-9.21984086804717e-06,-2.72806664336259e-05,1.23903738056301e-06,7.96195063894394e-08,-0.00631259415742922,-1.68769184614932e-05,-2.63548361805024e-05,-1.31739696383543e-05,1.05100919524519e-05,1.24344927958813e-16,-3.51543407505883e-06,3.01053193601377e-14,0.0208717857995718,-1.05783059987081e-06,5.32255928233045e-06,1.71169615421132e-08,5.81362930858983e-05,-5.10865312856641e-05,1.35633691777937e-16,-1.00121906220646e-05,-8.88265645092818e-06,2.33211887301632e-16,-1.05949411954217e-06,1.47281210599743e-05,2.41452436137362e-16,5.6514745540235e-17,-1.13981645288917e-16,-1.84464243039279e-16,5.22816172375908e-06,0.00364205580903917,2.14915975640939e-16,8.53104499702123e-17,-1.97820611954925e-15,-3.75374235606313e-06,-8.10203954707683e-17,4.88599695089071e-16,1.13609052008017e-06,7.65744099309198e-07,1.6826817716975e-16,-5.40450941416057e-06,4.31121157751566e-16,-4.23109897812468e-16,-3.71610294619407e-17,1.05480218427659e-15,5.67734274976742e-06,1.27179625337981e-15,0.707106781186548,2.61822303641821e-16,-1.40967997540477e-07,1.81525223756555e-16,1.26407102994705e-15,8.79886485714616e-17,1.40959834950272e-16,-6.00924118808102e-17,7.32106852403573e-16
"t14",0.178186181615264,-0.0439552637100018,-0.00778224510939178,-0.213995053896991,0.0225680870324821,-0.00541385623933312,0.000452355310956169,-0.000820020611369731,-0.000372782592333334,0.00468622210481714,-0.00230225344409395,-7.72942747671973e-05,0.000568644710992892,-0.000317930971059281,-0.0111859407796832,0.000100405494388118,-3.25092572279044e-05,8.62998701693027e-05,-0.00166699903130815,0.311486969462002,0.184144860923382,0.00413161766722191,-0.000290545863356249,-0.00234363687039085,5.56507355666154e-06,0.141966925041515,3.44717510784506e-06,-1.32268126521078e-05,5.37157470894866e-05,-5.74743543651309e-05,4.1704023070773e-05,4.18908000696418e-05,-3.13635055152056e-05,1.52897910618019e-06,-6.59031029491227e-06,-1.62442032636267e-05,-1.54052698850505e-06,-1.16202720005181e-07,0.507340608334037,-4.85872547643551e-05,-4.71097948242637e-05,-1.85861927558693e-05,1.35713357359542e-05,-0.707106781186548,-4.00363807306453e-06,4.70871748787132e-13,0.0121245817332715,2.02175043853949e-06,7.22561338703e-06,2.15900471645016e-08,7.23382375091171e-05,-5.79161144315884e-05,6.1929628092372e-16,-1.12390308158488e-05,-9.93796209060614e-06,2.0122792321331e-16,-1.18000732154811e-06,1.63899542792217e-05,2.10209511196427e-16,-3.5037164171143e-16,5.12372038371884e-17,1.77934203451915e-16,5.69356548316829e-06,0.00213595696407021,1.79110198894605e-16,6.05786229799017e-17,-9.56271087312411e-16,-4.06827342736005e-06,1.07363120130377e-16,-3.63119463900862e-17,1.21809234143906e-06,8.20786864971952e-07,-1.39645239816133e-16,-5.7830198993223e-06,9.5582686226398e-17,-1.72604985859692e-16,9.75781955236954e-18,-9.24250650958883e-17,6.0560346416879e-06,1.59160878920872e-16,9.71769345271113e-17,2.53274203700322e-17,-1.50058288345915e-07,-2.88675722091731e-17,-8.93338249924162e-17,4.40448466590618e-17,8.06646416329215e-17,-6.91583333798067e-17,6.64758033236178e-16
"t88",0.178186181615264,-0.0439552637100018,-0.00778224510939177,-0.213995053896991,0.0225680870324821,-0.00541385623933311,0.00045235531095617,-0.000820020611369719,-0.000372782592333323,0.00468622210481715,-0.00230225344409396,-7.72942747671503e-05,0.000568644710992898,-0.000317930971059254,-0.0111859407796831,0.000100405494388124,-3.25092572278987e-05,8.62998701693547e-05,-0.00166699903130808,0.311486969462002,0.184144860923382,0.00413161766722196,-0.000290545863356249,-0.00234363687039081,5.56507355664679e-06,0.141966925041515,3.44717510779302e-06,-1.32268126520792e-05,5.37157470895614e-05,-5.74743543651407e-05,4.17040230707286e-05,4.18908000696348e-05,-3.13635055151501e-05,1.52897910628417e-06,-6.59031029487695e-06,-1.62442032634463e-05,-1.54052698856059e-06,-1.16202720145822e-07,0.50734060833404,-4.85872547639843e-05,-4.71097948242221e-05,-1.85861927552594e-05,1.35713357338639e-05,0.707106781186547,-4.00363807479421e-06,4.69395035464418e-13,0.0121245817332708,2.02175043816522e-06,7.22561338721399e-06,2.15900470362205e-08,7.23382375090968e-05,-5.79161144319618e-05,-4.18068357710411e-16,-1.12390308157568e-05,-9.93796209050724e-06,2.1163626406917e-16,-1.18000732150103e-06,1.63899542794883e-05,-2.47757486462519e-16,2.78013036382946e-16,-1.17464654202226e-16,3.22174314655971e-17,5.69356548312232e-06,0.0021359569640703,3.33934269125535e-17,-3.5718407816545e-18,-1.89302176389399e-15,-4.06827342730107e-06,-1.60760077125288e-16,1.46455557148014e-17,1.21809234144383e-06,8.20786864945931e-07,1.54390389361936e-16,-5.78301989931362e-06,6.43576636579951e-17,-8.67361737988404e-17,4.66206934168767e-17,2.30233501432333e-16,6.05603464165841e-06,-8.45677694538693e-17,-1.4221490514022e-16,6.67914299697063e-18,-1.50058288324664e-07,-3.7188823883266e-17,7.71996286806576e-17,1.55500829979061e-16,1.45283091113058e-16,-6.91583333812014e-17,5.3595481514483e-16
"t93",0.178370468194353,-0.0440354761187234,-0.00780301694565524,-0.214833808975489,0.0226575311546157,-0.00546010448393177,0.000456937392761678,-0.000828484701318268,-0.000377029834335737,0.00474255311144039,-0.00233436399265014,-7.856298842528e-05,0.000580283168699588,-0.000324544593115941,-0.0114320198903979,0.000102885166951496,-3.34455614039693e-05,8.88800148624441e-05,-0.00171931650181006,0.32417718095812,0.193101928428653,0.00435640529183941,-0.000308266256590602,-0.00249234130036476,5.93239306899722e-06,0.152259442952972,3.71659970347868e-06,-1.46350912182767e-05,6.00089484729862e-05,-6.44747206019795e-05,4.80518015589071e-05,5.13616431171288e-05,-4.30295597792126e-05,2.25117898733212e-06,-1.03169088677447e-05,-3.41865786701243e-05,3.74077891516032e-06,2.56716422259976e-07,-0.492481015245273,1.48593464005673e-05,-4.17498643262397e-06,-6.86214280120495e-06,6.69850622171328e-06,1.78901564461027e-16,-2.73135377375995e-06,-0.707106781187086,0.00921138881537089,1.54027933545707e-06,5.54725777014242e-06,1.66453315460362e-08,5.58441969623116e-05,-4.6024983078974e-05,-1.88217497143484e-16,-9.01088850135322e-06,-7.99567482782401e-06,-9.22872889219661e-16,-9.54336838096374e-07,1.32686311508917e-05,-4.2468539510306e-16,-2.36183046971965e-16,-2.83813963585317e-17,-2.33932733604129e-16,4.72876512109567e-06,0.00178179645449867,-3.51281503885303e-17,-3.52716345455427e-17,-1.04206158550916e-15,-3.45877369894304e-06,-3.51769394862922e-16,-5.63128993018327e-17,1.06015089576484e-06,7.14843215750445e-07,1.85615411929518e-16,-5.05808113131744e-06,-1.4300068511297e-16,-1.85615411929518e-16,2.60208521396521e-17,-2.65517791996104e-16,5.33966230079411e-06,-8.16621076316082e-16,6.98072157500339e-17,1.78051349470237e-16,-1.33052203659181e-07,-3.67920259078882e-17,1.29211337410443e-17,7.09930574401411e-17,3.90746462963776e-16,3.25867747375836e-18,6.35921495206603e-16
"t18",0.178370468194355,-0.0440354761187242,-0.00780301694565539,-0.214833808975497,0.0226575311546165,-0.00546010448393219,0.000456937392761727,-0.000828484701318269,-0.000377029834335746,0.004742553111441,-0.00233436399265051,-7.85629884253301e-05,0.000580283168699648,-0.000324544593115978,-0.0114320198903999,0.000102885166951392,-3.34455614040163e-05,8.88800148624962e-05,-0.00171931650181066,0.324177180958224,0.193101928428725,0.00435640529184116,-0.000308266256590917,-0.00249234130036588,5.9323930689365e-06,0.152259442953051,3.7165997035099e-06,-1.4635091218549e-05,6.00089484732314e-05,-6.44747206019299e-05,4.80518015593306e-05,5.13616431171288e-05,-4.30295597792472e-05,2.2511789873495e-06,-1.03169088678046e-05,-3.4186578670263e-05,3.7407789148275e-06,2.56716421257807e-07,-0.492481015246696,1.48593464003764e-05,-4.17498643291193e-06,-6.86214280126111e-06,6.69850622178267e-06,1.38258816325145e-15,-2.73135377519662e-06,0.707106781186009,0.00921138881520761,1.54027933614445e-06,5.54725777028716e-06,1.66453317754987e-08,5.58441969619277e-05,-4.6024983079126e-05,2.86229373536173e-17,-9.01088850112722e-06,-7.99567482804185e-06,5.98479599211998e-16,-9.54336838403285e-07,1.32686311507944e-05,2.9956165601304e-16,1.2539787772484e-17,6.94136395312989e-17,-9.86243029223692e-17,4.72876512125874e-06,0.00178179645449231,-1.10588621593521e-16,2.83122717333769e-17,-1.32308673827329e-15,-3.45877369913733e-06,2.32452945780892e-16,1.68550630939039e-16,1.06015089581168e-06,7.14843215751312e-07,1.14491749414469e-16,-5.05808113129141e-06,9.6391154562376e-17,1.76941794549634e-16,1.22081164621868e-16,3.00869422546406e-16,5.33966230083227e-06,5.5424415057459e-16,-1.64380451422829e-16,-1.44824058283065e-16,-1.33052203677396e-07,-7.61621173300455e-17,-7.89555061690816e-18,1.80839897376901e-17,8.10983225019157e-17,-2.18948131423935e-17,5.67616758329261e-16
"t49",-0.069200297596106,-0.0251121207804958,0.218577396138268,-0.0114167622786564,-0.0616176653428391,-0.125273833605467,0.00255645913115466,-0.136231988109275,0.0110632168801537,-0.000521048461768974,0.0115762554576164,-8.6386401016577e-06,0.0028400279674806,-0.0211689905512204,-0.000158724655149351,0.125092423776152,0.000430696988847053,-2.78153691036652e-05,1.26159367932381e-05,-1.77020473753279e-05,6.22485055840443e-05,-0.000175273867352543,0.000683442699427438,-6.73314295918448e-07,8.57404284385753e-06,-1.33265104881224e-08,-3.77640786483308e-05,3.34343015378104e-05,-0.000895177527311779,1.08096369675189e-05,-0.305056111698542,0.000205970570676627,-0.000508334277173286,0.483574177154544,-1.04835612765243e-05,-0.000179925340240283,2.56796402200269e-06,0.58069546119792,-4.64372677532647e-06,-0.000101752907494683,-0.000154955587059649,-7.61161262646722e-05,0.00553110504504801,-8.33626578720551e-18,-0.0571926306740707,4.68375338513738e-16,8.34054844061248e-06,2.08769226612633e-05,3.27169677949699e-05,9.18599405880464e-08,3.84503835346532e-06,-2.79822742010479e-06,-1.71163617385789e-16,-1.02922155186904e-05,-4.743145693974e-07,-5.78019165487328e-16,-0.00797408601879192,5.23865045078595e-05,4.68985743614642e-16,1.22316470547615e-16,8.79600171416503e-17,2.26856420019713e-16,1.83763832204492e-05,1.41375789565295e-06,3.96907190549098e-16,-2.65757119860457e-16,-4.03124335959806e-15,-1.10546596805133e-05,-7.17167865006931e-17,-7.91169995341458e-18,4.18405622919249e-07,1.08081599651498e-06,2.35438301812657e-16,-1.13728349146878e-06,-7.26512779416538e-17,-2.84173174638997e-15,-1.89350986502144e-16,-2.89885431906645e-18,-1.41438505131798e-06,-4.40259822444725e-17,6.9161642594673e-17,-7.53500057634377e-17,5.58323611821393e-07,-2.16654198052586e-17,-1.72667121055494e-17,-5.38185578643976e-17,-6.88676779182969e-17,4.3864885618426e-16,1.26506724936489e-13
"t10",-0.0688288528822508,-0.0248765401458431,0.215608766734078,-0.0111925165876899,-0.0603945183792062,-0.120212702223939,0.00243648276833172,-0.129733478291276,0.0104888837415668,-0.000492748154173738,0.0108656409947045,-8.03602537264463e-06,0.00260776742409088,-0.0194188715019228,-0.00014511724942723,0.113606397379019,0.000388173056604742,-2.50328542699135e-05,1.13368395621747e-05,-1.60190622675068e-05,5.90630299408535e-05,-0.000183583081403228,0.00106714645274764,-1.92691992488176e-06,-2.66147910265282e-05,-2.59531778284017e-09,-1.46105327780602e-05,1.72239034339385e-05,-0.000460970607080472,5.54848780917581e-06,-0.15065536721787,9.11297530212899e-05,-0.000191139620788685,0.168182998680161,-3.44542602266322e-06,-4.92300476077305e-05,1.61015881798394e-07,-0.120586212415116,-8.23412731072466e-07,-1.42831327221729e-05,-1.55164480895136e-05,-2.80297463805635e-06,-0.000112581883271243,3.37351592678526e-19,0.0187179654321251,1.38777878078145e-17,-4.42412182896365e-06,-1.13626991606238e-05,-1.91443121820215e-05,-5.60062723074568e-08,-2.3749112453787e-06,2.3677558491335e-06,-1.06978848774648e-16,9.73551776475627e-06,4.70626298403922e-07,-7.04653979233634e-16,0.0104781932018312,-5.46333449592151e-05,-2.97762032767106e-16,-4.9421153574089e-17,-4.73484139845406e-17,-9.75368699879495e-17,-3.01409714418516e-05,-2.53551146226025e-06,-5.58556366808482e-17,1.55780684801907e-16,1.03392059153938e-14,3.23913899000929e-05,-2.52128028002281e-16,1.18723113792892e-16,-4.45548252712977e-06,-1.24112198764392e-05,6.46567765619159e-16,2.56505403959359e-05,-2.23572220351636e-16,-2.89953513228088e-16,-6.87216624107487e-16,2.83261682485161e-17,-4.08005464825845e-05,-6.25158346696703e-16,1.5385214839392e-17,-3.77191890583402e-16,6.31119290856832e-06,-1.10136317080076e-16,4.51833330296156e-17,-1.45758902091168e-16,-8.58166859487744e-16,2.73021856794962e-15,4.6328420583915e-13
"t86",-0.0602295715636227,-0.0191292706082536,0.138836831034671,-0.00483681597570581,-0.0256114694526319,0.0993312397397258,-0.00394083603313513,0.225546727291256,-0.026952269599658,0.00159342795227891,-0.0804008551176753,-0.000701425676266125,0.0160071726648605,-0.127366516625848,0.00031831802197766,0.00780387373049161,-0.0555504276933382,1.26000383335977e-05,1.33727233678675e-05,0.000207270553315989,-0.00214011131880282,0.016625403681712,-0.538568620193561,0.00487141355953235,0.751386641857553,3.008555419656e-06,0.00287068055329401,-0.00023808905950137,0.0034919189602188,-3.24575834150141e-05,0.0192603989742968,0.000345534436191581,-0.00102131171018879,0.000461747126503472,-5.11060509945201e-05,-0.00060875416743064,6.05583105649631e-06,1.43274953582112e-05,-1.65203799564807e-05,-0.000353824793411132,-0.000535914137989545,-0.000260116453878862,0.0017436389744541,-6.6015423112287e-18,-0.000528033653015637,3.29597460435593e-17,3.4743036578698e-05,8.69756630359014e-05,0.000136453746026356,3.83528888533181e-07,1.60599116522163e-05,-1.18692613395374e-05,-1.07782948677715e-15,-4.38250404051544e-05,-2.0124132200169e-06,4.25580973644324e-17,-0.000150541283195701,0.000257523105628298,3.1286063077673e-16,-1.47266840545529e-17,3.41835893863693e-17,-1.56517468171161e-16,8.59843811058298e-05,6.72452919690641e-06,4.00376637501052e-16,-1.85959839965524e-16,-2.16595033224744e-14,-5.92068012781563e-05,-2.88557220997794e-16,-1.84853494503049e-16,3.9976911698596e-06,1.08196204025052e-05,5.96260784815832e-16,-1.82720171396078e-05,-1.24692982220958e-16,1.54315799078866e-15,5.77396789879605e-16,1.60165152422753e-16,1.70949358919765e-05,-8.7148908028541e-16,7.95699834505338e-17,-4.06555362439015e-17,-1.39054399441014e-06,-7.54418475605396e-17,1.42775794338313e-15,2.53265414481702e-15,-9.72658608902213e-16,1.64428167198814e-15,1.9916640955094e-14
"t12",-0.0775904639820301,-0.0526012482437159,-0.0461088419709123,0.0228023456878464,0.207842099258133,-0.0549769773907578,-0.000707510849367673,0.00741971049446864,-0.0169874267839834,-2.24339191220036e-05,-0.000176046866760962,0.334412660724328,0.015797445037003,0.000252433677089053,-0.000447059997683013,0.000446671781046492,-0.000139992596114213,0.0302585812110424,-0.000702801097852154,-8.2195352458154e-05,0.000257498534122127,-0.000771981110366657,0.000776492290698905,5.25484114649418e-05,-3.84543423435371e-05,9.95587599157645e-08,0.000572785429085463,-1.71694837013304e-05,0.00690865255524017,1.1237733777492e-06,3.09038926347006e-05,-3.8393283836487e-06,0.000267126598877791,-4.19881197869374e-06,5.34449542456989e-06,0.00444669396013833,-2.23985670229822e-06,-6.12923430033432e-07,8.0439202955261e-06,0.00119307757519991,0.150474992523122,-0.00381273802789807,1.53852654184819e-05,-2.74182240229504e-17,1.10908594630314e-05,-8.67361737988404e-18,-2.30905514818261e-05,-0.0405351597286576,-0.000133921089538436,-4.61350184544883e-07,-4.86817940036748e-06,5.35002972178755e-06,-1.27426250886068e-16,2.17068512703817e-05,1.03653009042876e-06,4.89956295940702e-16,1.04151069643779e-05,-0.00057676299746334,1.91429987458353e-16,1.82330619890064e-17,1.90308702224282e-16,-1.04475763891857e-16,-0.000123690861753386,-5.38390193647111e-06,2.88036917929079e-17,-2.81000036516347e-17,4.03308400915568e-14,0.00251518755166049,1.05225008048941e-16,4.67402532464231e-16,-8.59391964848005e-06,-9.59410322155576e-05,1.35376647633876e-16,4.88885208984455e-05,8.52085583722355e-17,9.62219850492448e-16,-8.32913341427726e-16,-9.83774822297367e-18,-7.62337709056875e-05,3.42817352898355e-16,-2.45134251080746e-17,2.69986793191939e-17,4.63203030789434e-05,2.34373905701384e-17,-5.02264581491087e-17,-4.86143874364672e-17,6.99102001598477e-17,1.36416045699419e-17,-4.22238352219254e-13
"t3",-0.0746977089199259,-0.0491507518901845,-0.0417026181544399,0.0196293469021839,0.178607780944915,-0.0397853994484118,-0.00049917467856171,0.00523980418048588,-0.0124655436333125,-1.76495237672956e-05,-0.00155511616044318,-0.0129927344267801,-0.000885959255941995,-1.71111760318993e-05,5.10886262868247e-05,-0.000107479257340002,7.90358037145683e-05,-0.0339919148046174,0.000187372145745175,8.26069985188666e-05,-0.000389326943022784,0.00147908356363744,-0.00188134024680254,-0.000138040930675691,0.000109530077653306,-3.44616249855286e-07,-0.00232915283825704,0.000159332070344003,-0.106522104507313,-2.79929433607553e-05,-0.000443176277870012,-0.000183793858527109,0.00337545458984717,-4.22510678190188e-05,4.76212009375243e-05,0.0476867180991664,-7.37077207910372e-06,-1.98439882317622e-06,2.15230688738236e-05,0.0021331142830043,0.0329010245217014,0.029587787345903,-0.000303256447833973,-1.35404362151359e-17,0.00012709172919894,-2.46330733588707e-16,-9.31207542143951e-05,-0.00927814623925742,-0.00150129920209918,-4.29949408354777e-06,-4.39242907076876e-05,3.72930553008711e-05,-3.44180276235637e-17,0.000144986548222944,6.81408865145974e-06,4.99522127924186e-16,6.69130042897733e-05,-0.00368952299870497,2.85105055161101e-16,1.12941680850992e-17,1.00103081473488e-16,9.67521593214529e-17,-0.000710769157880798,-3.03831389348082e-05,-1.18291149673756e-16,-2.63652801756579e-17,2.15766894664043e-13,0.0210303140159671,6.21853840134032e-17,9.4436985129217e-17,-4.02859733192231e-05,-0.000448332869542977,3.45140054850166e-17,0.000223904925393312,-8.30596187975146e-17,7.30247592798859e-16,-4.55788906514243e-16,-1.65962861060886e-16,-0.000335707636377184,2.6995896690733e-16,1.88546617913456e-17,-6.32069414316e-17,0.000198258480579155,2.62070885841672e-18,-1.03278182016421e-17,1.94246899200286e-16,-9.48372480238538e-16,1.03847225320736e-16,-7.40270411240511e-13
"t73",-0.0948425654713555,-0.0843482157278666,-0.155014432075923,-0.019307579560662,-0.158284020788668,-0.0493848904937945,-0.000983571552314271,0.0110540825958984,-0.0454248896013107,-0.000152233343526272,-0.00155430612576442,-0.00265454934436856,0.0880594015091927,0.00870945821565896,0.00088038953196931,-0.00021507765728224,1.18407812355147e-05,-8.63222198693639e-05,-2.97348206552871e-07,-1.88383394011816e-05,9.2099611114286e-05,-0.000355173707300755,0.000484702570346109,3.7559889197011e-05,-3.2407134880199e-05,1.63833032344458e-07,0.0668641507249204,1.54222272106352e-06,-3.27755579255982e-05,3.12643486323176e-08,-1.35899455615136e-06,-5.4002821678022e-06,0.00305782165528929,-2.94118747428902e-06,4.31281685483794e-06,0.000466045877670674,-5.34721311134072e-06,-1.50141172342832e-06,2.82639531739444e-05,0.47564283330867,-0.00346359396161049,-0.000750444528851624,0.000101941804928666,-4.03853218309918e-16,-2.05426544184611e-05,2.37657116208823e-16,1.44497927996184e-05,0.000168116270121159,0.0483845253871539,-0.345445324943124,-3.53916622185719e-07,-2.26792939760716e-06,5.22429840745356e-16,-8.63128656196585e-06,-4.00017895091538e-07,1.28651009722646e-14,-3.90830593923609e-06,0.000343037306597549,-0.621845100320016,-3.16324979295246e-15,2.09503507884681e-15,-2.34226904790194e-15,3.20621123656996e-05,1.30216184831851e-06,1.81469225050945e-15,-3.23002994567692e-16,-8.86418296366945e-15,-4.49038805369522e-05,-6.40223088266637e-16,1.34335625076684e-16,7.56755268980386e-07,0.0108269972683949,-3.18178531968559e-16,-2.97780203848434e-06,-1.14471038609532e-15,7.09313875220776e-16,1.50245332203831e-15,4.04692325803538e-17,2.48707876520426e-06,2.23111340179011e-16,6.43355113142996e-16,8.77140009783822e-17,-0.000652004244597848,-3.46058709812922e-16,-5.49826819230429e-16,-5.96787005845138e-16,4.77731287257341e-16,-3.22682184855473e-15,1.4164297908755e-14
"t97",-0.0585486360612007,-0.0254095759969947,0.00658387784514914,0.0053349712575599,0.0403459714591097,0.411339732578145,0.020822779827978,-0.296191559122758,-0.226352320688003,0.00179958268072849,-0.0886792768730767,-0.0076909909260919,0.0237509592578342,-0.00343850492622326,-0.00253939796613077,0.00223101945016965,-0.000552993630141298,0.00299996823755269,-0.00510405830644225,-0.000480138495917818,0.00156582231249412,-0.00488377493091358,0.00515896435319927,0.000355698650609148,-0.000265355554055568,7.19331059465043e-07,0.0018961620008818,-0.000127259999769984,0.00397481184044662,-1.8006886153211e-05,0.0012554850082221,0.000262433909135658,-0.00162832574811628,4.08212886895448e-05,-4.26052519650232e-05,-0.00102396063981705,5.40529528669144e-06,1.44761566723598e-06,-1.48634882499534e-05,-0.000623778590250851,-0.000953503657903873,-0.000468785370159275,0.000190416045778166,-5.1140607382048e-16,-6.16077941096418e-05,-2.25514051876985e-17,3.62399413937266e-05,0.000174919494827141,0.000276498847408348,7.80777769214785e-07,1.70076261737202e-05,-1.3264962967449e-05,9.88826048843389e-17,-5.04460051936836e-05,-2.35287929832798e-06,-1.20787755217786e-15,-2.25328833436054e-05,0.000597399004151145,1.15798300479576e-15,-4.42169831461586e-17,-1.44603359522439e-15,6.22127048320942e-15,0.406796959751105,-4.38386448975418e-07,-2.39887079559048e-17,8.73956203856305e-16,-0.706153650862085,-9.81784360897611e-05,7.76714072417165e-16,-1.75037416089637e-16,4.22778765664381e-06,2.19027151542286e-05,1.64815888864234e-15,-2.02313955245173e-05,1.64598310982657e-15,6.64868858292678e-16,-1.45848095146916e-15,1.27136569647248e-17,2.13607350617795e-05,-1.02946383107958e-15,-1.35678105465826e-15,2.31696049484457e-16,-4.04102015839725e-06,-1.46565510075589e-16,7.11317147804709e-16,-2.84372240263739e-16,-3.20247459075764e-16,2.37806970232633e-15,1.16507200294767e-16
"t65",0.16634728287036,-0.0369884051350199,-0.00500470467566136,0.203694077722094,-0.0264057409998259,-0.00808625149143841,0.00052709313007179,-0.000890666912023765,0.000101150518803136,-0.334452405234656,-0.0068586626043351,-0.000230810730925264,0.00334108031900804,-0.00214917260550947,-0.216568088654679,-0.000271199749058801,-2.80235143999723e-05,0.000171671346994114,-0.0222784338374322,0.000504608229083269,0.00487472937213288,-0.000647557945350005,0.000538118439668484,0.0521163902958133,2.16297933724861e-05,-9.46120575486269e-07,3.54682204150007e-06,-1.25831305580286e-05,5.07474862506457e-05,-0.000703558172719981,3.90442367570322e-05,4.02056511843084e-05,-3.19703042796775e-05,1.62373960896564e-06,-7.26173901602977e-06,-2.16833561128807e-05,9.75255373903703e-07,6.25133053671567e-08,-5.4512041412018e-05,-1.4043643882497e-05,-2.17374470809849e-05,-1.08994301091577e-05,8.75500598379557e-06,-1.39737188329828e-18,-3.10553404277656e-06,3.98986399474666e-16,0.000271397756368902,9.4867302758685e-06,2.75075384245095e-05,2.71874575410764e-07,0.225896420660647,-0.000132375000636746,-2.06513870685961e-15,-7.79847113042118e-06,-0.248200476924576,1.89495671627147e-13,-9.11721859471513e-08,2.06360872258e-06,1.46794344958003e-15,-0.439751058390835,1.56303201643911e-15,2.72576507267106e-15,2.07903212556908e-06,1.2811249819113e-05,-2.36295551504007e-15,6.24156023315645e-16,-4.44589205853767e-16,-1.41109703427273e-06,-3.21888844314751e-16,3.76124739935298e-16,1.72564418498416e-07,1.06175391239135e-07,-6.52861878196211e-16,-1.95792358562932e-07,1.88907623858078e-16,1.30995950556288e-16,1.87415510417313e-15,1.19649851139549e-16,-1.80112379573996e-06,8.8249477637413e-16,-8.86981937192165e-17,-1.32595880470672e-16,1.27263887154319e-07,-1.64612493773282e-17,1.5031205509074e-16,4.54445194739973e-16,-5.3209245975654e-16,-1.48759248139349e-15,1.70501612948528e-14
"t30",0.166716003745165,-0.0371865302483295,-0.00505745405143597,0.208401451883769,-0.0270312454514826,-0.0101076498539392,0.000958644696567076,-0.00179605657662668,-0.0012624072492965,0.298938540909253,-0.00202002382341041,-0.000108193145965328,0.00151083453792916,-0.000948922918454458,-0.0839377110777472,-1.65805446872788e-05,-5.88546818134249e-05,0.000254867333820902,-0.0266071598634911,0.000411938905574005,0.00342326527101198,-0.00040019391085012,0.000261370401591074,0.0214942781283842,6.62626434599215e-06,5.21450532941429e-07,9.39545706551178e-06,-2.08470313687385e-06,-9.78229883539009e-05,0.401165933588303,5.36796721543875e-05,3.93335112210685e-05,-2.66826271751468e-05,1.28936063893753e-06,-5.58948473581886e-06,-1.53682870239323e-05,6.01533316515154e-07,3.84544865572303e-08,-3.26294495410725e-05,-8.08681796767182e-06,-1.18462772139708e-05,-5.39866538190216e-06,3.95078360185264e-06,-2.56835005469736e-17,-8.80996066655301e-07,5.03069808033274e-17,1.79341569114353e-05,5.30476925216286e-07,6.98665391189445e-07,1.76238795734356e-09,4.20522687973421e-05,0.000276496531644617,-2.38204219501175e-16,6.70722386763605e-07,5.80367855875906e-06,-1.47489611150942e-16,1.2272802101036e-07,-1.79492967935745e-06,1.52257185629221e-16,-3.91050778918963e-18,-9.89273640038708e-17,-4.80672263361331e-16,-1.70595947351066e-06,-1.19913648920708e-05,-9.97823990278442e-16,-1.58204264349895e-16,7.67108612922646e-16,2.61984049804437e-06,-9.37596186840288e-17,-3.42735576138122e-17,-1.88394082191326e-06,-1.30910760418081e-06,-2.45042380102863e-16,1.13537449751542e-05,-1.71462160844853e-17,-4.23148489783912e-16,5.40365143726016e-16,-6.33206879492295e-17,-1.93738878003435e-05,4.01371444756862e-16,1.71199383153688e-17,3.39375732231012e-17,7.81667562417406e-07,-3.5543207613073e-17,3.14406618818249e-16,-4.4155562338012e-16,5.84498209601574e-16,1.43302284942102e-15,-1.81578642320252e-14
"t94",0.178369052036757,-0.04403486383714,-0.00780285950918255,-0.214827517472285,0.022656860476539,-0.00545977027071622,0.000456904688581326,-0.00082842437969355,-0.000376999814040524,0.004742156856854,-0.00233414137562108,-7.8554351587616e-05,0.000580206209659345,-0.000324500963602757,-0.0114304100397193,0.000102869242540472,-3.34397107197801e-05,8.8864007091926e-05,-0.00171899500932021,0.324103571989262,0.193052285272896,0.0043551981309145,-0.000308174316392983,-0.0024915793252369,5.93053468422396e-06,0.152208978485448,3.71531294927312e-06,-1.4629116472401e-05,5.99832925985588e-05,-6.44466518924682e-05,4.80287601351793e-05,5.13332438601544e-05,-4.30024084633322e-05,2.24968923748435e-06,-1.03098720876513e-05,-3.41613452430086e-05,3.73766266721327e-06,2.56502107536955e-07,-0.492061018960357,1.48463034040014e-05,-4.1711789007485e-06,-6.85550343667099e-06,6.69169419922514e-06,2.76538336462588e-16,-2.72807145834048e-06,-0.70618614806873,0.00919825226822516,1.53806759596033e-06,5.53913265974886e-06,1.66206664918751e-08,5.57611376210838e-05,-4.59495084554433e-05,-5.70226440883683e-16,-8.99554862631952e-06,-7.98184301841529e-06,-2.42784375987654e-15,-9.52643500189119e-07,1.32449683071375e-05,-2.456697090366e-16,-3.27372072389167e-16,6.77978858852158e-17,-4.28966398115204e-17,4.71884854090418e-06,0.00177792397808809,-8.89359787768689e-16,-2.62282283982365e-16,-1.15224095015594e-15,-3.44960132216394e-06,2.15909356752671e-16,2.50032159670689e-17,1.05579279160112e-06,7.1184890589311e-07,-9.4151945757711e-16,-5.03388962335645e-06,2.53301316558057e-16,3.52686731439895e-16,-1.59301358437021e-16,2.20419719541127e-16,5.30349145634009e-06,-9.3740102123467e-16,5.97006785683956e-16,5.0117238736152e-16,-1.31720251339189e-07,5.38215358333829e-17,3.55919099367501e-16,-1.83139440493845e-15,1.5051871928628e-15,-4.80787139464091e-16,1.00320524969769e-14
