accepted_species,estimate
t48,-0.26759063487635054
t52,-0.18095765320925333
t68,0.07690470356582306
t89,1.2335395191505916
t59,0.8057290797318395
t100,0.5538080556898615
t41,0.22902227367263867
t87,0.9706045890429873
t88,0.9296237615305278
t6,0.05641306026925158
