"accepted_species","0","1"
"Cynanchum_laeve",0.491165883733213,0.508834116266787
"Asclepias_incarnata",0.320842919288465,0.679157080711535
"Asclepias_lanuginosa",0.326259835604608,0.673740164395392
"Asclepias_mellodora",0.320842919288466,0.679157080711534
"Asclepias_ovalifolia",0.326259835604608,0.673740164395392
"Asclepias_speciosa",0.326259835604608,0.673740164395392
"Asclepias_sullivantii",0.326259835604608,0.673740164395392
"Asclepias_verticillata",0.320842919288465,0.679157080711535
"Asclepias_viridiflora",0.326259835604608,0.673740164395392
"Cynanchum_viminale",0.481160422861009,0.518839577138991
