accepted_species,0,1
t195,0.8816297158814379,0.1183702841185621
t199,0.8816297158814379,0.1183702841185621
t202,0.8816297158814379,0.1183702841185621
t206,0.8816297158814379,0.1183702841185621
t207,0.8816297158814379,0.1183702841185621
t228,0.8816297158814379,0.1183702841185621
t229,0.8816297158814379,0.1183702841185621
t246,0.8816297158814379,0.1183702841185621
t256,0.8816297158814379,0.1183702841185621
t262,0.8816297158814379,0.1183702841185621
t318,0.881100919191223,0.11889908080877695
t319,0.881100919191223,0.11889908080877695
t320,0.881100919191224,0.11889908080877593
t324,0.881100919191224,0.11889908080877593
t340,0.881100919191224,0.11889908080877593
t369,0.881100919191223,0.11889908080877695
t371,0.881100919191224,0.11889908080877593
t374,0.881100919191223,0.11889908080877695
t381,0.881100919191224,0.11889908080877593
t382,0.881100919191223,0.11889908080877695
t390,0.881100919191224,0.11889908080877593
t392,0.881100919191223,0.11889908080877695
t393,0.881100919191224,0.11889908080877593
t394,0.881100919191224,0.11889908080877593
t400,0.881100919191223,0.11889908080877695
t401,0.881100919191223,0.11889908080877695
t404,0.881100919191224,0.11889908080877593
t405,0.881100919191224,0.11889908080877593
t426,0.881100919191224,0.11889908080877593
t427,0.881100919191224,0.11889908080877593
t428,0.881100919191223,0.11889908080877695
t435,0.881100919191223,0.11889908080877695
t436,0.881100919191223,0.11889908080877695
t443,0.881100919191223,0.11889908080877695
t444,0.881100919191223,0.11889908080877695
t447,0.881100919191224,0.11889908080877593
t448,0.881100919191224,0.11889908080877593
t457,0.881100919191224,0.11889908080877593
t458,0.881100919191224,0.11889908080877593
t463,0.881100919191224,0.11889908080877593
t464,0.881100919191224,0.11889908080877593
t465,0.881100919191224,0.11889908080877593
t466,0.881100919191223,0.11889908080877695
t467,0.881100919191223,0.11889908080877695
t468,0.8811009191912232,0.11889908080877673
t469,0.8811009191912232,0.11889908080877673
