accepted_species,0,1
t195,0.46099290780141844,0.5390070921985816
t199,0.46099290780141844,0.5390070921985816
t202,0.46099290780141844,0.5390070921985816
t206,0.46099290780141844,0.5390070921985816
t207,0.46099290780141844,0.5390070921985816
t228,0.46099290780141844,0.5390070921985816
t229,0.46099290780141844,0.5390070921985816
t246,0.46099290780141844,0.5390070921985816
t256,0.46099290780141844,0.5390070921985816
t262,0.46099290780141844,0.5390070921985816
t318,0.46099290780141844,0.5390070921985816
t319,0.46099290780141844,0.5390070921985816
t320,0.46099290780141844,0.5390070921985816
t324,0.46099290780141844,0.5390070921985816
t340,0.46099290780141844,0.5390070921985816
t369,0.46099290780141844,0.5390070921985816
t371,0.46099290780141844,0.5390070921985816
t374,1.0,0.0
t381,0.46099290780141844,0.5390070921985816
t382,0.46099290780141844,0.5390070921985816
t390,0.46099290780141844,0.5390070921985816
t392,0.46099290780141844,0.5390070921985816
t393,0.46099290780141844,0.5390070921985816
t394,0.46099290780141844,0.5390070921985816
t400,0.46099290780141844,0.5390070921985816
t401,0.46099290780141844,0.5390070921985816
t404,0.46099290780141844,0.5390070921985816
t405,0.46099290780141844,0.5390070921985816
t426,0.46099290780141844,0.5390070921985816
t427,0.46099290780141844,0.5390070921985816
t428,0.46099290780141844,0.5390070921985816
t435,0.46099290780141844,0.5390070921985816
t436,0.46099290780141844,0.5390070921985816
t443,0.46099290780141844,0.5390070921985816
t444,0.46099290780141844,0.5390070921985816
t447,0.46099290780141844,0.5390070921985816
t448,0.46099290780141844,0.5390070921985816
t457,0.46099290780141844,0.5390070921985816
t458,0.46099290780141844,0.5390070921985816
t463,0.46099290780141844,0.5390070921985816
t464,0.46099290780141844,0.5390070921985816
t465,0.46099290780141844,0.5390070921985816
t466,0.46099290780141844,0.5390070921985816
t467,0.46099290780141844,0.5390070921985816
t468,0.46099290780141844,0.5390070921985816
t469,0.46099290780141844,0.5390070921985816
