accepted_species,0,1
t27,0.6100665823618701,0.3899334176381299
t18,0.6096025069978688,0.3903974930021312
t20,0.6096386133064773,0.39036138669352277
t80,0.6069438025856431,0.39305619741435693
t65,0.6067804451851444,0.3932195548148556
t14,0.6001156815231513,0.3998843184768487
t8,0.5855638390070568,0.4144361609929433
t95,0.5848802270857743,0.4151197729142258
t49,0.6304233013561917,0.3695766986438082
t23,0.6295884999031578,0.37041150009684226
