accepted_species,0,1
t315,0.9279069767441861,0.07209302325581396
t113,0.9279069767441861,0.07209302325581396
t50,0.9279069767441861,0.07209302325581396
t58,0.9279069767441861,0.07209302325581396
t273,0.9279069767441861,0.07209302325581396
t184,0.9279069767441861,0.07209302325581396
t461,1.0,0.0
t440,1.0,0.0
t458,1.0,0.0
t419,1.0,0.0
t434,1.0,0.0
t122,0.9279069767441861,0.07209302325581396
t284,0.9279069767441861,0.07209302325581396
t478,1.0,0.0
t460,1.0,0.0
t407,0.9279069767441861,0.07209302325581396
t52,0.9279069767441861,0.07209302325581396
t467,1.0,0.0
t439,0.0,1.0
t150,0.9279069767441861,0.07209302325581396
t89,0.9279069767441861,0.07209302325581396
t276,0.9279069767441861,0.07209302325581396
t48,0.9279069767441861,0.07209302325581396
t306,0.9279069767441861,0.07209302325581396
t227,0.9279069767441861,0.07209302325581396
t102,0.9279069767441861,0.07209302325581396
t405,0.9279069767441861,0.07209302325581396
t105,0.9279069767441861,0.07209302325581396
t106,0.9279069767441861,0.07209302325581396
t274,0.9279069767441861,0.07209302325581396
t291,0.9279069767441861,0.07209302325581396
t153,0.9279069767441861,0.07209302325581396
t197,0.9279069767441861,0.07209302325581396
t310,0.9279069767441861,0.07209302325581396
t24,0.9279069767441861,0.07209302325581396
t55,0.9279069767441861,0.07209302325581396
t302,1.0,0.0
t168,0.9279069767441861,0.07209302325581396
t135,0.9279069767441861,0.07209302325581396
t263,0.9279069767441861,0.07209302325581396
t381,0.9279069767441861,0.07209302325581396
t309,0.9279069767441861,0.07209302325581396
t345,0.9279069767441861,0.07209302325581396
t362,0.9279069767441861,0.07209302325581396
t280,0.9279069767441861,0.07209302325581396
t457,1.0,0.0
t470,1.0,0.0
t357,0.9279069767441861,0.07209302325581396
