accepted_species,0,1
t52,0.4088442354580004,0.5911557645419996
t83,0.42196793924468634,0.5780320607553137
t84,0.888170686305666,0.11182931369433399
t45,0.9600932988261549,0.03990670117384511
t47,0.9220893596627731,0.07791064033722692
t100,0.7312724662344663,0.2687275337655337
t101,0.45638036794159387,0.5436196320584061
t152,0.4239710852794496,0.5760289147205504
t181,0.3101015546966486,0.6898984453033514
t125,0.539850680928412,0.460149319071588
t103,0.5784282446763269,0.4215717553236731
t57,0.9882848539412044,0.011715146058795608
t76,0.9441143539380527,0.055885646061947354
t217,0.6370471751606495,0.3629528248393505
t170,0.7186412316148199,0.28135876838518015
t220,0.6455764407174492,0.35442355928255076
t221,0.646168873595137,0.353831126404863
t253,0.650926267995344,0.3490737320046559
t254,0.6510641830346474,0.3489358169653526
t147,0.6060116798438974,0.39398832015610263
t189,0.604028177618277,0.39597182238172307
t190,0.594029243717132,0.405970756282868
t171,0.584253577857833,0.415746422142167
t117,0.6166517746279236,0.3833482253720764
t75,0.9632921932001248,0.036707806799875155
t68,0.9796910138695806,0.020308986130419454
