accepted_species,estimate
t50,-0.7580505272326445
t15,-0.7660609464092947
t11,-0.7735014978502724
t84,-0.8561118568153578
t12,-0.8615945199245061
t33,-0.8640012492443964
t82,-0.8628021813120403
t80,-0.862853436899678
t13,-0.8890084521675776
t43,-1.3122978777906553
