accepted_species,estimate
t75,0.49054483
t122,0.49054483
t135,0.49054483
t46,0.61150277
t62,0.5701469
t55,0.5701469
t53,0.4094614
t84,0.3748102
t97,0.3748102
t98,0.3748102
t57,0.3748102
t56,0.10915103
t80,0.06779522
t121,-0.19672939
