accepted_species,estimate
t75,0.20923738
t122,0.20923738
t135,0.20923738
t46,0.20923738
t62,-0.007790173
t55,0.20923738
t53,0.20923738
t84,0.20923738
t97,0.20923738
t98,0.20923738
t57,0.20923738
t56,-0.007790173
t80,-0.020409502
t121,-0.007790173
