accepted_species,0,1
t78,0.4929456,0.5070544
t54,0.0028598309,0.99714017
t99,0.10801965,0.89198035
t83,0.4649402,0.5350598
t33,0.04856956,0.95143044
t71,0.02396977,0.97603023
t72,0.08203465,0.91796535
t87,0.0018015504,0.99819845
t60,0.001441896,0.9985581
t25,0.010389924,0.9896101
