accepted_species,0,1
t78,0.02263701,0.977363
t54,0.023064256,0.97693574
t99,0.012100399,0.9878996
t83,0.73226637,0.26773363
t33,0.023064256,0.97693574
t71,0.023064256,0.97693574
t72,0.037591577,0.9624084
t87,0.0033640265,0.996636
t60,0.0033640265,0.996636
t25,0.006570399,0.9934296
