accepted_species,estimate
t8,-0.05330101
t26,-1.2976698
t35,-1.304183
t43,-0.20857017
t78,0.13135639
t45,-0.25556308
t67,-0.049627565
t68,-0.30740413
t92,-0.08168769
t30,1.6110772
