accepted_species,0,1
t55,0.9977979,0.0022021164
t70,0.9968118,0.0031882052
t48,0.9901915,0.009808492
t8,0.9966483,0.0033516877
t28,0.9966483,0.0033516877
t64,0.9953778,0.0046222354
t59,0.9978568,0.0021432226
t34,0.9975437,0.0024563242
t35,0.99843967,0.0015603468
t10,0.9966272,0.0033727668
