accepted_species,0,1
t5,0.9379129,0.062087122
t9,0.9193088,0.0806912
t18,0.9193088,0.0806912
t44,0.92778766,0.07221233
t47,0.92778766,0.07221233
t48,0.9437014,0.056298595
t49,0.40381587,0.59618413
t50,0.92778766,0.07221233
t67,0.92778766,0.07221233
t85,0.9437014,0.056298595
