accepted_species,0,1
t5,0.67634094,0.32365903
t9,0.9042866,0.09571339
t18,0.9042866,0.09571339
t44,0.81714994,0.18285005
t47,0.8791929,0.120807126
t48,0.81714994,0.18285005
t49,0.81714994,0.18285005
t50,0.81714994,0.18285005
t67,0.81714994,0.18285005
t85,0.81714994,0.18285005
