"accepted_species","0","1"
"t43",0.870219995594052,0.129780004405948
"t44",0.870219995594052,0.129780004405948
"t76",0.980661263775437,0.019338736224563
"t87",0.0118255323766448,0.988174467623355
"t54",0.100324718342181,0.899675281657819
"t55",0.951014233415485,0.0489857665845147
"t83",0.990685652816951,0.0093143471830494
"t45",0.930912191970507,0.0690878080294933
"t33",0.7775238527571,0.222476147242901
"t92",0.993761332936177,0.00623866706382278
