accepted_species,0,1
t43,0.6541370069184109,0.3458629930815891
t44,0.6433565936997427,0.35664340630025726
t76,0.6207580139360109,0.37924198606398907
t87,0.1629503960474442,0.8370496039525558
t54,0.22230302945828173,0.7776969705417183
t55,0.917867295675188,0.08213270432481197
t83,0.9144893315698209,0.0855106684301791
t45,0.899821864856167,0.10017813514383297
t33,0.7567410410795274,0.24325895892047256
t92,0.9982578508906493,0.0017421491093506127
