accepted_species,0,1
t43,0.9413050342836431,0.05869496571635696
t44,0.9413050342836428,0.05869496571635721
t76,0.9441848096658337,0.05581519033416622
t87,0.18055055915101936,0.8194494408489806
t54,0.18445029546666214,0.8155497045333379
t55,0.9155210677090208,0.08447893229097922
t83,0.9141844014275516,0.08581559857244839
t45,0.8999877216668845,0.10001227833311559
t33,0.776706605168067,0.223293394831933
t92,0.977650762788944,0.02234923721105599
