accepted_species,estimate
t18,-0.6042297416152509
t65,-1.0524330189351863
t9,-0.5330906914060476
t95,-0.5226214324839579
t84,0.8884274821818605
t37,0.9145729453299254
t87,0.9219669825369503
t98,0.6689107382850904
t71,0.6571976043136816
t17,-1.3871742659157749
