accepted_species,0,1
t99,0.04751551,0.9524845
t78,0.03069073,0.9693093
t79,0.03069073,0.9693093
t43,0.12241554,0.87758446
t96,0.07918632,0.9208137
t72,0.47982752,0.5201725
t65,0.91213924,0.08786077
t82,0.91213924,0.08786077
t83,0.91213924,0.08786077
t4,0.33961028,0.6603897
