accepted_species,0,1
t20,0.31569034927401407,0.6843096507259859
t25,0.31151671997250263,0.6884832800274974
t27,0.3205517343804912,0.6794482656195088
t34,0.3089111804218162,0.6910888195781838
t40,0.3064522918782765,0.6935477081217235
t43,0.3205183196698843,0.6794816803301157
t66,0.30661333203516006,0.6933866679648399
t83,0.30768575793063,0.69231424206937
t92,0.3071385566079765,0.6928614433920235
t102,0.30933951936117976,0.6906604806388202
t111,0.3114237760089985,0.6885762239910015
t120,0.3055908596000052,0.6944091403999948
t121,0.3055908596000052,0.6944091403999948
t131,0.30529666622038143,0.6947033337796186
t133,0.3038172438043626,0.6961827561956374
t142,0.3050430063640137,0.6949569936359863
