accepted_species,estimate
t10,0.93824995
t39,1.1671189
t46,1.0789896
t44,0.8424762
t24,0.86065495
t85,-0.933303
t23,-0.9367248
t7,-0.9568679
t57,-0.97716784
t12,-1.3306118
