accepted_species,estimate
t2,-0.09951754381372109
t76,0.007504950666486971
t77,0.009196175139239466
t33,0.5753810443862851
t26,0.6178273575612484
t100,-0.8806131813580532
t89,0.3853467213024963
t55,-0.029680032638690193
t85,-0.10944803271654265
t68,-0.1360820908115644
