accepted_species,0,1
t32,0.7043389178147911,0.2956610821852089
t56,0.7191174356371093,0.28088256436289066
t57,0.7084871084292659,0.2915128915707342
t65,0.7223958438190791,0.27760415618092094
t68,0.7200173051237824,0.2799826948762176
t69,0.7180512361822907,0.2819487638177093
t83,0.7021087599669726,0.29789124003302736
t94,0.6998364113213895,0.3001635886786105
t112,0.6983484993681324,0.3016515006318677
t131,0.6968633038909313,0.3031366961090686
