accepted_species,0,1
t32,0.4555555555555556,0.5444444444444444
t56,0.4555555555555556,0.5444444444444444
t57,0.4555555555555556,0.5444444444444444
t65,0.4555555555555556,0.5444444444444444
t68,0.4555555555555556,0.5444444444444444
t69,0.4555555555555556,0.5444444444444444
t83,1.0,0.0
t94,0.0,1.0
t112,0.0,1.0
t131,0.0,1.0
