accepted_species,estimate
t149,0.32072684
t119,0.53857625
t198,0.53857625
t199,0.61733943
t192,-1.9644363
t197,-0.43550482
t241,-0.26857227
t122,-0.7435184
t212,-0.68556136
t156,-0.5089196
t242,-0.8014376
t214,-1.1083767
t139,-0.24850647
t166,-0.7027364
t118,0.010255347
t116,-0.7027364
t55,0.23494533
t56,0.39089206
t70,0.22817549
t151,0.46180847
t232,0.46180847
t191,0.46180847
t204,0.46180847
t205,0.46180847
t188,0.46180847
t257,0.47217184
