"accepted_species","estimate"
"t140",0.93102541033346
"t66",-0.208046100553834
"t93",-0.478976767929759
"t143",-1.80465036247747
"t52",0.15221036161834
"t29",-0.0323327399225155
"t6",0.088964797428415
"t5",0.465084764965191
"t100",-0.021287665483112
"t122",0.0524094077243973
"t65",-0.113478150481736
"t46",-0.722862565823821
"t28",-0.69480568563488
"t138",1.2886728332232
"t124",0.831173411823988
"t133",0.301169997093318
"t173",0.666290491891539
