accepted_species,estimate
t100,-0.61966693
t89,0.88607377
t44,0.6956395
t70,-0.47681558
t93,-1.5910708
t75,-1.5062208
t48,-1.8942728
t9,1.2199056
t26,0.64993465
t27,0.23358653
