accepted_species,0,1
Ridsdalea_wittii,0.9066856,0.09331444
Atractocarpus_pseudoterminalis,0.9066856,0.09331444
Hyperacanthus_microphyllus,0.9066856,0.09331444
Tarenna_ogoouensis,0.9066856,0.09331444
Gardenia_panduriformis,0.9066856,0.09331444
Cordiera_subaurea,0.9066856,0.09331444
Aidia_gyropetala,0.9066856,0.09331444
Psydrax_longipes,0.9317656,0.06823437
Sabicea_tchapensis,0.93985486,0.06014516
Sipanea_veris,0.93985486,0.06014516
