accepted_species,0,1
t449,0.4406069676499387,0.5593930323500613
t501,0.4399823682496308,0.5600176317503692
t520,0.44571109870844816,0.5542889012915518
t522,0.44554213909013884,0.5544578609098612
t538,0.44861935851084567,0.5513806414891543
t550,0.4458235764678271,0.5541764235321729
t564,0.4436588410448816,0.5563411589551184
t574,0.43994865247016923,0.5600513475298308
t579,0.4455136796371659,0.5544863203628341
t580,0.44551381354119923,0.5544861864588008
