accepted_species,0,1
t74,0.7888888888888889,0.2111111111111111
t23,0.7888888888888889,0.2111111111111111
t38,0.7888888888888889,0.2111111111111111
t24,0.7888888888888889,0.2111111111111111
t46,0.7888888888888889,0.2111111111111111
t47,0.7888888888888889,0.2111111111111111
t60,0.7888888888888889,0.2111111111111111
t68,0.7888888888888889,0.2111111111111111
t69,0.7888888888888889,0.2111111111111111
t31,0.7888888888888889,0.2111111111111111
