accepted_species,0,1
t74,0.965723,0.034277048
t23,0.965723,0.034277048
t38,0.9285967,0.07140334
t24,0.965723,0.034277048
t46,0.965723,0.034277048
t47,0.965723,0.034277048
t60,0.965723,0.034277048
t68,0.965723,0.034277048
t69,0.965723,0.034277048
t31,0.965723,0.034277048
