accepted_species,0,1
t41,0.15841496,0.84158504
t42,0.07210201,0.927898
t25,0.58134973,0.4186503
t93,0.8999105,0.10008949
t91,0.8999105,0.10008949
t92,0.8999105,0.10008949
t33,0.013130844,0.98686916
t51,0.018942356,0.98105764
t86,0.32086957,0.67913043
t27,0.027353644,0.97264636
