accepted_species,0,1
t37,0.0006316560974067853,0.9993683439025932
t11,0.0005823569222310754,0.9994176430777689
t16,0.000589132822259586,0.9994108671777404
t72,0.0006197478257242706,0.9993802521742757
t29,0.0005823224404755134,0.9994176775595245
t73,0.00038265030596229543,0.9996173496940377
t26,0.0004119669421239758,0.999588033057876
t6,0.0005475240102867929,0.9994524759897132
t25,0.0005553185157783913,0.9994446814842216
t42,0.0005720837979649174,0.9994279162020351
