accepted_species,0,1
t37,0.005258441,0.99474156
t11,0.0022336245,0.9977664
t16,0.0024585724,0.9975414
t72,0.0015901327,0.99840987
t29,0.0052987337,0.99470127
t73,0.0015705228,0.9984295
t26,0.0030512214,0.9969488
t6,0.0044139624,0.99558604
t25,0.0045008063,0.9954992
t42,0.0050855875,0.9949144
