accepted_species,0,1
t14,0.5350598914883318,0.4649401085116682
t20,0.5348043954174484,0.4651956045825516
t21,0.5348043954174485,0.4651956045825515
t34,0.5349814214199531,0.46501857858004686
t35,0.5349814214199531,0.46501857858004686
t43,0.53481356617608,0.46518643382391994
t48,0.5347725615228177,0.4652274384771823
t51,0.5349047925934471,0.4650952074065528
t65,0.5349207975347379,0.4650792024652621
t94,0.534503407490869,0.46549659250913106
t95,0.534503407490869,0.46549659250913106
