accepted_species,0,1
Gentiana_straminea,0.022583783,0.9774162
Gentianopsis_barbata,0.80832887,0.19167113
Halenia_elliptica,0.827564,0.17243601
Sinoswertia_tetraptera,0.9951584,0.0048416173
Galium_spurium,0.68747807,0.31252196
Mitchella_repens,0.9077914,0.092208646
Cynanchum_viminale,0.07031345,0.92968655
Gentiana_clarkei,0.8054483,0.19455174
Galium_pumilum,0.08250159,0.9174984
Spermacoce_radiata,0.8925993,0.10740072
