"accepted_species","0","1"
"t11","0.231351852305327","0.768648147694673"
"t44","0.207752454691707","0.792247545308293"
"t45","0.207752454691707","0.792247545308293"
"t48","0.20735273170671","0.79264726829329"
"t61","0.20735273170671","0.79264726829329"
"t65","0.855419516028819","0.144580483971181"
"t69","0.20735273170671","0.79264726829329"
"t70","0.20735273170671","0.79264726829329"
"t79","0.855419516028819","0.144580483971181"
"t80","0.855419516028819","0.144580483971181"
"t89","0.231559853833984","0.768440146166016"
"t95","0.994754058546218","0.00524594145378204"
"t104","0.991825861075319","0.00817413892468127"
"t112","0.124414557390253","0.875585442609747"
"t150","0.999275128667575","0.000724871332425145"
