accepted_species,0,1
t11,0.24075222,0.7592478
t44,0.120295286,0.8797047
t45,0.120295286,0.8797047
t48,0.17886996,0.82113004
t61,0.17886996,0.82113004
t65,0.86127496,0.13872506
t69,0.17886996,0.82113004
t70,0.17886996,0.82113004
t79,0.884059,0.11594098
t80,0.86127496,0.13872506
t89,0.17886996,0.82113004
t95,0.9095463,0.09045368
t104,0.91983986,0.08016011
t112,0.17886996,0.82113004
t150,0.89326113,0.10673884
