accepted_species,0,1
t11,0.28970635,0.71029365
t44,0.2710936,0.7289064
t45,0.2710936,0.7289064
t48,0.2710936,0.7289064
t61,0.2710936,0.7289064
t65,0.6328013,0.36719868
t69,0.2710936,0.7289064
t70,0.2710936,0.7289064
t79,0.6328013,0.36719868
t80,0.6328013,0.36719868
t89,0.3045665,0.6954335
t95,0.66963625,0.33036372
t104,0.6332514,0.36674857
t112,0.3045665,0.6954335
t150,0.4690022,0.5309978
