accepted_species,0,1
t14,0.8773422826418027,0.12265771735819725
t91,0.019061930918605197,0.9809380690813948
t26,0.5264215858586587,0.47357841414134133
t1,0.5036858212158326,0.49631417878416734
t30,0.06958239853648329,0.9304176014635167
t29,0.0695949593025279,0.9304050406974721
t90,0.06966522493400407,0.9303347750659959
t81,0.06473367080323822,0.9352663291967618
t77,0.048673715752795,0.951326284247205
t78,0.04867371575279489,0.9513262842472051
