accepted_species,0,1
t14,0.8608911941156947,0.1391088058843053
t91,0.02991767749613805,0.970082322503862
t26,0.5781550881328705,0.4218449118671295
t1,0.46285718024284883,0.5371428197571512
t30,0.06481347183238473,0.9351865281676153
t29,0.05049778799172766,0.9495022120082723
t90,0.05610184082318148,0.9438981591768185
t81,0.08160572596477955,0.9183942740352204
t77,0.023089135006914452,0.9769108649930855
t78,0.02104375939189862,0.9789562406081014
