accepted_species,0,1
t6,0.94238186,0.057618167
t15,0.81761086,0.18238914
t21,0.8962506,0.103749424
t37,0.9074624,0.09253759
t43,0.8962506,0.103749424
t50,0.9338492,0.0661508
t54,0.9174646,0.082535416
t61,0.9174646,0.082535416
t75,0.9174646,0.082535416
t84,0.81761086,0.18238914
t111,0.9338492,0.0661508
t121,0.9174646,0.082535416
t123,0.81761086,0.18238914
