accepted_species,0,1
Gentiana_dahurica,0.21379298,0.786207
Gentiana_macrophylla,0.06380296,0.93619704
Gentiana_nivalis,0.20425409,0.7957459
Gentiana_squarrosa,0.30227852,0.6977215
Gentianopsis_paludosa,0.8562393,0.14376065
Halenia_elliptica,0.8562393,0.14376065
Centaurium_erythraea,0.98269534,0.017304659
Gentiana_acaulis,0.54131335,0.45868665
Gentiana_lutea,0.15772039,0.8422796
Gentianopsis_detonsa,0.9359585,0.0640415
