accepted_species,0,1
t180,0.1104861774109982,0.8895138225890018
t184,0.11239023625692879,0.8876097637430712
t194,0.11154068284390217,0.8884593171560978
t195,0.1115384129476037,0.8884615870523963
t240,0.1124160006097692,0.8875839993902308
t244,0.11154323602597083,0.8884567639740292
t263,0.11219486476735197,0.887805135232648
t272,0.11153981161705018,0.8884601883829498
t280,0.11154255624147424,0.8884574437585258
t286,0.11154296890793614,0.8884570310920639
