accepted_species,0,1
t180,0.08450151145729201,0.915498488542708
t184,0.1598487369377094,0.8401512630622906
t194,0.12757130628216617,0.8724286937178338
t195,0.12757130628216617,0.8724286937178338
t240,0.1546683459669551,0.8453316540330449
t244,0.1233750865302784,0.8766249134697216
t263,0.1446114918376722,0.8553885081623278
t272,0.10239624657894786,0.8976037534210521
t280,0.11163486505409936,0.8883651349459006
t286,0.09988945398655658,0.9001105460134434
