accepted_species,estimate
t43,-0.0033821698444449697
t83,-0.24927541130450773
t44,-0.4081582458473969
t90,-0.7551666615417816
t19,-0.21708263406678444
t38,-0.6802002513635256
t82,-1.1080959484112463
t30,0.9061647356414073
t15,0.5830091251054434
t4,-0.07604556520609099
