"accepted_species","estimate"
"t43",-0.203103425887734
"t83",0.156705632028353
"t44",0.458697031599198
"t90",0.0813896310432419
"t19",-0.657307751980638
"t38",-0.963528440790096
"t82",-1.41913340351679
"t30",0.601812384299507
"t15",0.26135666023221
"t4",0.214992897555786
