accepted_species,0,1
t8,0.46390670278065127,0.5360932972193487
t30,0.4596910481769322,0.5403089518230678
t31,0.45260752473083987,0.5473924752691601
t44,0.4595053789005461,0.5404946210994539
t88,0.4569001861138111,0.5430998138861889
t93,0.4659069846085807,0.5340930153914193
t100,0.44975653100840096,0.550243468991599
t107,0.4468583105282179,0.5531416894717821
t111,0.4486660305407154,0.5513339694592846
t114,0.447512523384589,0.552487476615411
