accepted_species,0,1
t8,0.40672672,0.5932733
t30,0.41242486,0.58757514
t31,0.31573433,0.6842657
t44,0.43273902,0.567261
t88,0.54636145,0.45363855
t93,0.56865925,0.43134075
t100,0.31573433,0.6842657
t107,0.42175972,0.5782403
t111,0.33925712,0.6607429
t114,0.54909253,0.45090744
