accepted_species,0,1
t198,0.20625357503151687,0.7937464249684831
t148,0.284404819389676,0.715595180610324
t146,0.28102523738298,0.71897476261702
t92,0.2916713920051395,0.7083286079948605
t140,0.2751796664860261,0.7248203335139739
t36,0.2854243703449303,0.7145756296550697
t79,0.2507122182001106,0.7492877817998894
t60,0.7209128012332613,0.2790871987667387
t268,0.14561591103602955,0.8543840889639704
t279,0.19184628364566902,0.808153716354331
t222,0.1427423963962433,0.8572576036037567
t239,0.1858546815650577,0.8141453184349423
t371,0.28146943104820465,0.7185305689517953
t311,0.29508656095524166,0.7049134390447583
t124,0.39545742890265034,0.6045425710973497
t208,0.14616476063307005,0.85383523936693
t126,0.24427584725069829,0.7557241527493017
t155,0.1841590613666354,0.8158409386333646
t355,0.10816612386187985,0.8918338761381202
t84,0.18660386617995073,0.8133961338200493
t181,0.47056348665339953,0.5294365133466005
t143,0.46210795510449565,0.5378920448955044
t265,0.7959719021107529,0.20402809788924714
t96,0.428480376879642,0.571519623120358
t55,0.40152222085418765,0.5984777791458123
t233,0.7896858978797874,0.21031410212021265
t291,0.13408932689337616,0.8659106731066238
t67,0.4419576067684333,0.5580423932315667
t24,0.29054612748933795,0.709453872510662
t29,0.31918825018073793,0.6808117498192621
t375,0.3834997255434074,0.6165002744565926
t328,0.4444803851870862,0.5555196148129138
t402,0.3932362369234732,0.6067637630765268
t122,0.7053069091056265,0.2946930908943735
t134,0.21722013711324817,0.7827798628867518
t235,0.7297337825499001,0.27026621745009993
t225,0.6924888845218304,0.3075111154781696
t357,0.002348256826810502,0.9976517431731895
t165,0.0014850445806755541,0.9985149554193244
t4,0.7197173646184281,0.280282635381572
t3,0.8662978331970953,0.13370216680290473
