accepted_species,0,1
Asclepias_mellodora,0.28109616,0.71890384
Asclepias_ovalifolia,0.27891403,0.72108597
Gentiana_dahurica,0.5483137,0.45168632
Gentiana_sino-ornata,0.5483137,0.45168632
Halenia_elliptica,0.61165535,0.38834465
Phyllangium_divergens,0.64109516,0.3589048
Asperula_conferta,0.39308184,0.60691816
Galium_circaezans,0.582042,0.41795802
Galium_richardianum,0.582042,0.41795802
Pentanisia_ouranogyne,0.61730915,0.38269085
