accepted_species,estimate
t50,-0.28633133
t120,-0.030606383
t195,-0.030606383
t39,0.08942492
t85,-0.030606383
t41,0.13123201
t95,-0.030606383
t212,-0.030606383
t190,-0.030606383
t98,-0.030606383
t57,-0.06053879
t62,0.14610685
t171,0.14610685
t74,0.14610685
t53,-0.06053879
t61,-0.06053879
t102,-0.06053879
t129,0.14610685
t101,0.14610685
t34,-0.28633133
t24,0.13123201
