accepted_species,estimate
t50,0.2798448
t120,0.017715331
t195,0.025029771
t39,-0.38873085
t85,-0.33469293
t41,0.055608884
t95,-0.23295255
t212,-0.13011266
t190,-0.103423074
t98,-0.27364197
t57,0.102930486
t62,0.1434196
t171,-0.0110243615
t74,0.064403966
t53,0.065772265
t61,0.08175689
t102,0.0587444
t129,-0.04071606
t101,0.074936844
t34,0.07851774
t24,-0.024034586
