accepted_species,0
t8,
t98,-0.9620204122980578
t27,
t5,
t54,1.674810574485063
t75,0.673331197112553
t99,0.470894045141631
t28,
t56,0.692722677637478
t18,
