accepted_species,estimate
t8,-0.99228287
t98,-0.96279645
t27,-1.2482015
t5,-1.9060895
t54,1.6863832
t75,-0.29974833
t99,0.44894624
t28,0.061300315
t56,0.5057748
t18,0.77930903
