"","Alpha","Theta"
"1",1.03799156112099,8.64359972067177
