accepted_species,estimate
t81,-0.42259318
t8,-0.11884771
t4,0.14335965
t75,-0.020500263
t93,0.13163124
t26,0.25580063
t20,0.14792828
t86,0.14792828
t12,0.11249664
t85,0.039402183
