accepted_species,0,1
t1,0.44045597,0.559544
t4,0.44210273,0.55789727
t38,0.73920864,0.26079136
t41,0.78976184,0.21023814
t63,0.76457727,0.2354227
t87,0.79958844,0.20041153
t111,0.8250115,0.1749885
t112,0.8250115,0.1749885
t116,0.7548481,0.24515185
t119,0.78876853,0.2112315
t122,0.8016906,0.19830945
t127,0.61109996,0.38890007
t135,0.7926216,0.20737837
t141,0.7578159,0.24218409
