accepted_species,estimate
t83,1.4636860320683511
t1,1.2993975889774778
t64,1.8181301508362457
t65,1.8212404800209718
t12,1.8029713119186783
t76,1.5305639237663944
t27,1.870971723304792
t57,1.4075932020309971
t6,1.0719844986092046
t42,1.0730496757600645
