accepted_species,estimate
t83,0.552949031271527
t1,0.8763713639268298
t64,1.206050872659041
t65,1.206050872659041
t12,1.2011506332051938
t76,1.7882436074422141
t27,1.6534885361868106
t57,1.4175101100987952
t6,1.3361211816531677
t42,1.088961056638916
