"accepted_species","estimate"
"t83",0.55884282896631
"t1",1.01910576140158
"t64",1.19107501165519
"t65",1.19107501165519
"t12",1.18069863278823
"t76",1.77666522507412
"t27",1.49580207793228
"t57",1.40371203067848
"t6",1.2671963372807
"t42",1.19545483034342
