accepted_species,estimate
t172,-2.552219
t177,-2.552219
t178,-2.552219
t157,-2.552219
t158,-2.552219
t156,-2.552219
t232,-2.552219
t218,-2.552219
t123,-2.552219
t79,-2.552219
t64,-2.552219
t108,-2.552219
t181,-2.552219
t255,-2.552219
t256,-2.552219
t229,-2.552219
t237,-2.552219
t238,-2.552219
t204,-2.552219
t205,-2.552219
t170,-2.552219
t171,-2.552219
t182,-2.552219
t198,-2.552219
t199,-2.552219
t34,-2.4460878
