accepted_species,estimate
t62,0.21378658896000144
t24,0.07034597200501522
t45,-0.6145140336379455
t53,-0.3049292704152675
t47,-0.3059174042618231
t31,0.3333254440197817
t93,-0.5242850690062655
t84,-0.4901662228112591
t4,0.14494630679487927
t96,0.32756012933563206
