accepted_species,0
t37,
t77,0.967305968459581
t43,
t48,
t61,
t91,-0.6487527667393406
t82,-0.49918668833969504
t57,
t19,
t46,
