accepted_species,0,1
t89,0.4125239681052295,0.5874760318947705
t90,0.41264228107707934,0.5873577189229207
t22,0.4125283532754308,0.5874716467245692
t44,0.4122366209489866,0.5877633790510134
t45,0.41234808654608657,0.5876519134539134
t93,0.41229509479326176,0.5877049052067382
t94,0.41221645647601846,0.5877835435239815
t20,0.4123584218217643,0.5876415781782357
t6,0.4125119940400611,0.5874880059599389
t7,0.4124700274706832,0.5875299725293168
