"accepted_species","0","1"
"Araujia_odorata","0.999657813084904","0.000342186915096347"
"Blepharodon_manicatum","0.999384094631076","0.000615905368924442"
"Ditassa_pohliana","0.999728612109446","0.000271387890553714"
"Cynanchum_giraldii","0.986260487284024","0.013739512715976"
"Hoya_ramosii","0.999104982043131","0.000895017956868811"
"Hoya_nabawanensis","0.999104982043131","0.000895017956868811"
"Hoya_fraterna","0.999104982043131","0.000895017956868811"
"Hoya_calyxminuta","0.999104982043131","0.000895017956868811"
"Heterostemma_tsoongii","0.99954041500318","0.000459584996820007"
"Matelea_virginiae","0.999183727479423","0.000816272520576792"
