accepted_species,0,1
t38,0.3797543380712012,0.6202456619287988
t77,0.38647435317870427,0.6135256468212957
t78,0.38566940912124104,0.614330590878759
t48,0.2829310029195219,0.7170689970804781
t49,0.28735129785822844,0.7126487021417716
t68,0.21094122098346202,0.789058779016538
t69,0.21100511744803363,0.7889948825519664
t97,0.28377186271910215,0.7162281372808978
t66,0.2933787836193237,0.7066212163806763
t46,0.4079673683617905,0.5920326316382095
