accepted_species,0,1
t38,0.16269267,0.83730733
t77,0.16269267,0.83730733
t78,0.16269267,0.83730733
t48,0.14692491,0.8530751
t49,0.14692491,0.8530751
t68,0.79305017,0.20694986
t69,0.79305017,0.20694986
t97,0.13373792,0.8662621
t66,0.58374566,0.41625434
t46,0.32202792,0.6779721
