accepted_species,0,1
t22,0.6546762589928057,0.34532374100719426
t44,0.6546762589928057,0.34532374100719426
t72,0.6546762589928057,0.34532374100719426
t74,0.6546762589928057,0.34532374100719426
t79,0.6546762589928057,0.34532374100719426
t106,0.6546762589928057,0.34532374100719426
t113,0.6546762589928057,0.34532374100719426
t114,0.6546762589928057,0.34532374100719426
t118,0.6546762589928057,0.34532374100719426
t119,0.6546762589928057,0.34532374100719426
t123,0.6546762589928057,0.34532374100719426
t137,0.6546762589928057,0.34532374100719426
t138,0.6546762589928057,0.34532374100719426
t151,0.6546762589928057,0.34532374100719426
t152,0.6546762589928057,0.34532374100719426
