accepted_species,0,1
t5,0.98205066,0.01794934
t6,0.98205066,0.01794934
t1,0.87598246,0.12401756
t50,0.035980463,0.96401954
t29,0.24417156,0.75582844
t42,0.034772277,0.9652277
t16,0.022605896,0.9773941
t41,0.019457221,0.9805428
t73,0.85619044,0.14380954
t30,0.20271295,0.79728705
