accepted_species,0,1
Guettarda_gaumeri,0.9115605527652773,0.08843944723472275
Rytigynia_pergracilis,0.9116276061331346,0.08837239386686538
Gardenia_panduriformis,0.9116297799934605,0.08837022000653945
Retiniphyllum_pauciflorum,0.9115841608664162,0.08841583913358377
Phialanthus_rigidus,0.9115573060086153,0.08844269399138475
Ixora_pubifolia,0.9116215316701757,0.08837846832982434
Ixora_athroantha,0.9116203631684072,0.0883796368315928
Fadogia_audruana,0.9116283909033948,0.08837160909660524
Randia_hypoleuca,0.9116283085703394,0.08837169142966066
Sabicea_amazonensis,0.9115366650528823,0.08846333494711771
