accepted_species,0,1
Guettarda_gaumeri,0.92474824,0.07525174
Rytigynia_pergracilis,0.91848785,0.08151213
Gardenia_panduriformis,0.8981623,0.10183767
Retiniphyllum_pauciflorum,0.91848785,0.08151213
Phialanthus_rigidus,0.92572856,0.07427141
Ixora_pubifolia,0.91848785,0.08151213
Ixora_athroantha,0.91848785,0.08151213
Fadogia_audruana,0.91848785,0.08151213
Randia_hypoleuca,0.8916642,0.10833581
Sabicea_amazonensis,0.92241144,0.07758856
