accepted_species,0,1
t104,0.01927334,0.98072666
t121,0.04517722,0.9548228
t124,0.37798452,0.6220155
t129,0.035099924,0.9649001
t142,0.85715234,0.14284769
t157,0.01927334,0.98072666
t169,0.6533001,0.3466999
t174,0.1772368,0.8227632
t188,0.029238105,0.9707619
t189,0.028352857,0.97164714
