accepted_species,0,1
t98,0.49460065,0.50539935
t100,0.49460065,0.50539935
t107,0.90914327,0.09085673
t111,0.90914327,0.09085673
t112,0.90914327,0.09085673
t139,0.90914327,0.09085673
t146,0.9632669,0.036733106
t147,0.9632669,0.036733106
t154,0.90914327,0.09085673
t155,0.90914327,0.09085673
