accepted_species,0,1
t46,0.52743113,0.47256887
t52,0.52743113,0.47256887
t67,0.52743113,0.47256887
t68,0.52743113,0.47256887
t80,0.52743113,0.47256887
t87,0.52743113,0.47256887
t113,0.52743113,0.47256887
t119,0.52743113,0.47256887
t128,0.52743113,0.47256887
t159,0.52743113,0.47256887
