accepted_species,estimate
t100,-1.382669
t71,-0.075741425
t10,1.1943496
t29,-0.030578196
t45,0.5270069
t41,0.6524127
t86,-0.9532373
t62,-1.0965961
t8,-0.42856163
t50,-0.38011706
