accepted_species,0,1
t9,0.26587272,0.7341273
t30,0.5537293,0.44627067
t34,0.65076864,0.3492314
t41,0.5785334,0.4214666
t57,0.2628705,0.7371295
t62,0.56217587,0.4378241
t74,0.6554601,0.34453988
t78,0.58728445,0.41271552
t85,0.2396602,0.7603398
t99,0.37073302,0.629267
