accepted_species,estimate
t85,-0.47231376
t97,0.47081074
t34,-0.15970609
t37,-0.8710338
t100,0.037948642
t17,-0.6228215
t18,0.14346975
t45,0.21102172
t74,0.23712796
t57,0.23712796
