accepted_species,estimate
t85,-0.24526042
t97,0.41582033
t34,-0.13007948
t37,-0.65158576
t100,-0.08452186
t17,-0.5618862
t18,0.050109737
t45,-0.2846345
t74,0.64353544
t57,0.17588401
