"accepted_species","0","1"
"t3",0.718070672901962,0.281929327098038
"t41",0.859852956263406,0.140147043736594
"t42",0.859852956263406,0.140147043736594
"t34",0.0662992220358691,0.933700777964131
"t68",0.0590679667721899,0.94093203322781
"t69",0.0590679667721899,0.94093203322781
"t26",0.789546009103751,0.210453990896249
"t46",0.947173335077739,0.0528266649222607
"t97",0.850496221647674,0.149503778352326
"t98",0.850496221647674,0.149503778352326
