"accepted_species","0","1"
"t3","0.888603189347417","0.111396810652583"
"t41","0.947022637981139","0.0529773620188611"
"t42","0.947022637981139","0.0529773620188611"
"t34","0.0266413406940076","0.973358659305992"
"t68","0.0222156669022485","0.977784333097752"
"t69","0.0222156669022485","0.977784333097752"
"t26","0.908606686562425","0.0913933134375746"
"t46","0.978039246661207","0.0219607533387929"
"t97","0.935969602572446","0.0640303974275541"
"t98","0.935969602572446","0.0640303974275541"
