accepted_species,0,1
t3,0.37764615,0.62235385
t41,0.9133676,0.08663237
t42,0.9133676,0.08663237
t34,0.31701612,0.6829839
t68,0.5216943,0.47830573
t69,0.5216943,0.47830573
t26,0.8234036,0.17659642
t46,0.71999085,0.28000915
t97,0.9756044,0.024395594
t98,0.73904717,0.26095286
