accepted_species,0,1
t3,0.45964205,0.54035795
t41,0.59562707,0.40437293
t42,0.9848325,0.015167495
t34,0.97286445,0.027135544
t68,0.093648374,0.9063516
t69,0.5141301,0.4858699
t26,0.97286445,0.027135544
t46,0.97286445,0.027135544
t97,0.9795728,0.020427248
t98,0.980356,0.019644028
