"accepted_species","estimate"
"t33",-0.159262919642222
"t27",0.0823131702033135
"t89",-0.223458594440717
"t21",-0.96059667400353
"t73",-1.43825037892085
"t55",0.175733599660889
"t15",0.379161300484745
"t29",0.823038669560415
"t69",1.03518612670403
"t13",2.41478979884511
