accepted_species,estimate
t186,1.025576
t181,1.2220646
t94,1.061608
t199,1.061608
t153,0.6840607
t116,0.6719041
t13,0.52020514
t44,0.38738716
t55,0.38738716
t155,1.5081667
t242,0.12460512
t41,0.21043763
t4,-1.1634529
t58,-1.0850028
t146,-1.6459774
t238,-0.58772045
t142,-1.0940826
t218,-1.0940826
t85,-0.49111435
t88,-0.45604497
t75,-0.97679114
t207,-1.6192535
t112,-1.6192535
t147,-1.8183213
t138,-0.71713734
