accepted_species,estimate
t21,0.5840523
t6,-1.0109488
t60,-1.0414685
t67,-0.33723462
t46,-1.2454218
t81,-1.1569197
t33,1.0876058
t99,2.419488
t49,1.5794133
t30,0.89506644
