accepted_species,0,1
t174,0.3161460426573103,0.6838539573426897
t175,0.29750905407984496,0.702490945920155
t252,0.23508025408916522,0.7649197459108348
t207,0.26193629037578237,0.7380637096242176
t200,0.22581756353624238,0.7741824364637576
t277,0.17879171718247222,0.8212082828175278
t241,0.20394394600407595,0.796056053995924
t172,0.21728495646442902,0.782715043535571
t153,0.27227654765189835,0.7277234523481017
t127,0.297455806867883,0.702544193132117
t193,0.3167431039658638,0.6832568960341362
t291,0.23747693610736975,0.7625230638926302
t292,0.23921623864663233,0.7607837613533677
t106,0.30124175827949673,0.6987582417205033
t211,0.26711618828427575,0.7328838117157243
t212,0.26871902258721836,0.7312809774127816
t160,0.3000589871313173,0.6999410128686827
t161,0.30530764317735515,0.6946923568226449
t95,0.34723129362652516,0.6527687063734748
t87,0.36963506279077096,0.630364937209229
t260,0.3401945879022754,0.6598054120977246
t261,0.34084014990804434,0.6591598500919557
t248,0.32970759264373717,0.6702924073562628
t204,0.3357781479428209,0.6642218520571791
t278,0.3614147712903748,0.6385852287096252
t303,0.3643480382197658,0.6356519617802342
t231,0.3616071231393736,0.6383928768606264
t181,0.45009075771880813,0.5499092422811919
t257,0.4501520617859759,0.5498479382140241
t213,0.43682229922822124,0.5631777007717788
t198,0.4678885770382074,0.5321114229617926
