"accepted_species","0","1"
"t174","0.000276140924674268","0.999723859075326"
"t175","0.000276140924674268","0.999723859075326"
"t252","0.00413590643993376","0.995864093560066"
"t207","0.00604757711434009","0.99395242288566"
"t200","0.00540089356834538","0.994599106431655"
"t277","0.000450461313574221","0.999549538686426"
"t241","0.00142075028314693","0.998579249716853"
"t172","3.26998659665436e-05","0.999967300134033"
"t153","0.00018690438335894","0.999813095616641"
"t127","0.0187826628563236","0.981217337143676"
"t193","0.000423028547602442","0.999576971452398"
"t291","0.000220311663499614","0.9997796883365"
"t292","0.000220311663499614","0.9997796883365"
"t106","0.587010322076256","0.412989677923744"
"t211","0.973657388563404","0.0263426114365956"
"t212","0.973657388563404","0.0263426114365956"
"t160","0.953408557115147","0.0465914428848531"
"t161","0.953408557115147","0.0465914428848531"
"t95","0.998286596711286","0.00171340328871407"
"t87","0.999664923426375","0.000335076573624562"
"t260","0.952660282173548","0.0473397178264515"
"t261","0.952660282173548","0.0473397178264515"
"t248","0.952660282173548","0.0473397178264515"
"t204","0.983894806242296","0.0161051937577039"
"t278","0.994948660915737","0.00505133908426295"
"t303","0.999306815391369","0.000693184608630695"
"t231","0.987619226090202","0.012380773909798"
"t181","0.528872502983726","0.471127497016274"
"t257","0.0163113625354603","0.98368863746454"
"t213","0.133140046902158","0.866859953097842"
"t198","0.344555119765376","0.655444880234624"
