accepted_species,estimate
Cruciata_glabra,0.1462437352960655
Galium_album,-0.6076334248681365
Galium_bifolium,0.25842464118399566
Galium_binifolium,0.2781385660519382
Galium_lucidum,-0.7960401044405643
Galium_palustre,0.248436967481791
Galium_tenuissimum,0.18916995566391104
Galium_triflorum,-0.9495816907847616
Rubia_cordifolia,-0.008561907011958789
Sherardia_arvensis,0.04164042973354066
