accepted_species,estimate
t69,-0.889263984803186
t11,-0.9426403473024323
t34,-0.9448068700321404
t16,-0.9157880805153804
t67,1.6968063527728838
t41,1.1705324671340351
t18,1.0782779962862674
t70,1.1064954852315647
t65,1.163485875620485
t89,-0.13078191878399817
