accepted_species,estimate
t69,-0.9187863154028907
t11,-0.931901565273678
t34,-0.9323976012474028
t16,-0.919144147141399
t67,1.679686130648923
t41,1.1217361286367782
t18,1.1107272307277303
t70,1.1684607464023693
t65,1.185568107374152
t89,-0.1698558613179184
