accepted_species,estimate
t22,-0.13305488
t105,-0.2017234
t62,-0.12582323
t45,-0.12582323
t71,-0.12582323
t74,0.053198945
t25,-0.14301683
t83,-0.06328187
t67,-0.06328187
t35,0.4584071
t15,0.06267624
