accepted_species,estimate
t16,-2.2310493
t82,-2.1430113
t83,-2.1430113
t68,1.2147578
t27,0.25595748
t97,-0.20393017
t54,0.1827766
t84,-0.2106442
t35,-1.3636081
t20,-1.0810729
