accepted_species,0,1
t14,0.12567061,0.8743294
t40,0.871676,0.12832399
t48,0.020655453,0.97934455
t57,0.91248983,0.08751019
t60,0.82471794,0.17528205
t62,0.47432697,0.52567303
t80,0.12163812,0.8783619
t91,0.09473789,0.9052621
t94,0.04327911,0.9567209
t101,0.64641255,0.35358745
