accepted_species,0,1
t14,0.04443121,0.9555688
t40,0.95169777,0.048302215
t48,0.011341989,0.988658
t57,0.87622213,0.123777896
t60,0.037267506,0.9627325
t62,0.04443121,0.9555688
t80,0.049389064,0.95061094
t91,0.017987192,0.9820128
t94,0.3119957,0.6880043
t101,0.9010015,0.09899849
