"accepted_species","0","1"
"t31",0.817874678665049,0.18212532133495
"t42",0.875733969978213,0.124266030021787
"t43",0.875733969978213,0.124266030021787
"t52",0.905487777743682,0.0945122222563181
"t54",0.817874678689964,0.182125321310036
"t57",0.817874678695777,0.182125321304223
"t86",0.817874678695776,0.182125321304224
"t89",0.961658221270909,0.0383417787290914
"t97",0.817874678699098,0.182125321300902
"t98",0.817874678699098,0.182125321300902
