accepted_species,0,1
t31,0.8794964,0.12050362
t42,0.8794964,0.12050362
t43,0.8794964,0.12050362
t52,0.93397653,0.066023484
t54,0.8794964,0.12050362
t57,0.8794964,0.12050362
t86,0.8794964,0.12050362
t89,0.8794964,0.12050362
t97,0.8794964,0.12050362
t98,0.8794964,0.12050362
