accepted_species,0,1
t31,0.9118542,0.08814581
t42,0.9118542,0.08814581
t43,0.87900233,0.120997645
t52,0.9118542,0.08814581
t54,0.9118542,0.08814581
t57,0.9118542,0.08814581
t86,0.9118542,0.08814581
t89,0.9118542,0.08814581
t97,0.9118542,0.08814581
t98,0.9118542,0.08814581
