accepted_species,0,1
t79,0.5107034451637089,0.4892965548362911
t121,0.7917503308288847,0.20824966917111531
t123,0.552182622010734,0.4478173779892661
t134,0.7513093194498784,0.24869068055012153
t138,0.5725037538229636,0.42749624617703647
t150,0.6047887455168701,0.3952112544831299
t160,0.6551554688413623,0.34484453115863767
t168,0.5445894077228686,0.4554105922771315
t191,0.7528970195844352,0.24710298041556478
t202,0.8115425513510028,0.18845744864899716
