accepted_species,estimate
Centaurium_littorale,-0.2873270359930462
Chironia_linoides,0.31718263357458465
Gentiana_andrewsii,0.32032996429982585
Gentiana_clusii,0.4438432452150116
Gentiana_nivalis,0.3584287360442193
Gentiana_scabra,0.3854017666357592
Gentiana_triflora,0.29998171675895735
Gentiana_utriculosa,0.121490305856617
Gentianella_campestris,0.5898245204749585
Gentianella_insubrica,0.5718277372890105
