accepted_species,estimate
t99,0.2877077492834474
t1,0.6132547010017148
t76,-0.8724595596205181
t66,-0.7458646687270812
t24,-0.7334571868675835
t87,-0.735274455671397
t20,-0.7213630047938895
t32,-0.7604985906401792
t89,-0.20753051236920875
t35,-0.6346709309184728
