"accepted_species","estimate"
"t99",0.317328667651643
"t1",0.385574788739995
"t76",-0.904812675649591
"t66",-0.910023220777046
"t24",-0.55817543107904
"t87",-0.310291826193553
"t20",-0.490195606881739
"t32",-0.322278334454595
"t89",-0.0950733298679929
"t35",-0.673040271734153
