"accepted_species","estimate"
"t99",0.31749583383981
"t1",0.792462477241637
"t76",-0.908772588781835
"t66",-0.956053057160136
"t24",-0.624830775898261
"t87",-0.308725966160317
"t20",-0.558182058205993
"t32",-0.325256784726637
"t89",-0.0962894988830931
"t35",-0.740391339076516
