accepted_species,estimate
t83,-1.362201037521543
t41,0.5636352052898795
t40,0.33425816055348534
t11,-0.09444960309230721
t61,0.013186985389862344
t81,-0.5704221430086982
t73,-0.5748042693063543
t43,-0.7161548254681585
t24,-0.5948923079270642
t80,-0.6186063046644547
