"","turnover.rates","eps.values","transition.rates"
"1",0.677338363137096,0.577047915365225,NA
"2",1.88466841238551,1.07173523775345,0.811550165060908
"3",0.677338363137096,0.577047915365225,0.231596405617893
"4",1.88466841238551,1.07173523775345,NA
