accepted_species,0,1
t81,0.44861828050996977,0.5513817194900302
t139,0.5360826855811764,0.4639173144188235
t45,0.5415373649851316,0.4584626350148684
t306,0.8177597024248473,0.18224029757515264
t307,0.817759702424847,0.18224029757515306
t234,0.9259193680730406,0.07408063192695939
t131,0.8403605428364784,0.1596394571635216
t311,0.516764943400098,0.4832350565999019
t65,0.6140757018285643,0.38592429817143575
t143,0.2267141220332568,0.7732858779667432
t125,0.19696623967099758,0.8030337603290024
t121,0.19340459444708236,0.8065954055529176
t160,0.19057548470120667,0.8094245152987933
t182,0.19036756252744513,0.8096324374725549
t218,0.1897145740056707,0.8102854259943293
t240,0.19000884549513108,0.8099911545048689
t119,0.19295027848154833,0.8070497215184517
t148,0.1834087527419057,0.8165912472580943
t73,0.25816541610789434,0.7418345838921057
t272,0.702255341635313,0.297744658364687
t72,0.39439231787337214,0.6056076821266279
t52,0.42135631692733677,0.5786436830726632
t9,0.6210160864614975,0.3789839135385025
t190,0.8714861254516628,0.12851387454833713
t255,0.5179027601226962,0.4820972398773038
t92,0.4760283592521777,0.5239716407478223
t308,0.5603555829456197,0.43964441705438023
t282,0.5606172724985793,0.4393827275014207
t205,0.5726303156809686,0.42736968431903144
t227,0.5247516142720579,0.47524838572794215
t69,0.8589725329675864,0.14102746703241364
t82,0.8560570415552767,0.1439429584447233
t301,0.7435418658738785,0.2564581341261215
t266,0.7071133861704039,0.29288661382959613
