accepted_species,estimate
t14,0.6336368534686588
t30,0.827044206709013
t92,0.8270279175020355
t13,0.8282125963135133
t81,0.8256282534216763
t51,0.8256542476180363
t27,0.26914652662065497
t70,-1.1688939747317146
t65,-1.2064462123277342
t87,-1.1992096631407794
