accepted_species,estimate
Asclepias_speciosa,-0.27218887175589995
Calycophyllum_candidissimum,0.3305497724671376
Galium_bifolium,-0.20053478345079306
Galium_spurium,-0.8438330628892007
Gentiana_andrewsii,-0.25676292723047095
Gentiana_scabra,-0.07641648767156423
Gentianella_germanica,-0.5351694873356726
Ixora_peruviana,0.6171868873134173
Nertera_granadensis,0.2686047334526303
Psychotria_horizontalis,-0.22193986516056236
