accepted_species,0,1
t20,0.27951652,0.7204835
t32,0.27951652,0.7204835
t33,0.27951652,0.7204835
t25,0.26399535,0.73600465
t41,0.23388088,0.7661191
t42,0.24973792,0.7502621
t18,0.09094614,0.90905386
t22,0.08129048,0.9187095
t67,0.0724653,0.9275347
t79,0.08129048,0.9187095
