"accepted_species","estimate"
"t87",-0.897733876690045
"t88",-0.897733876690045
"t95",-0.855385364593821
"t96",-0.855385364593821
"t40",-0.855385364593821
"t85",-0.462502581452612
"t62",-0.707078867950391
"t25",-0.857788167768727
"t26",-0.857788167768727
"t24",-0.875080353846572
