"accepted_species","estimate"
"t72",1.42199826989947
"t80",1.27536825881281
"t14",-0.570779613694936
"t57",0.328077963165804
"t3",0.0370185069954585
"t38",-0.324387543819215
"t12",-1.14062097361106
"t84",-0.55429465122525
"t85",-0.55429465122525
"t67",-0.562629684161054
