"accepted_species","0","1"
"t95",0.645748688118496,0.354251311881504
"t66",0.204511969820237,0.795488030179763
"t67",0.242098012420571,0.757901987579429
"t70",0.0460478070610821,0.953952192938918
"t69",0.0591075434972756,0.940892456502724
"t96",0.0236808014785238,0.976319198521476
"t81",0.0566656135468548,0.943334386453145
"t82",0.271595112404144,0.728404887595856
"t38",0.00259527032113695,0.997404729678863
"t3",0.0239218238071382,0.976078176192862
