"accepted_species","0","1"
"t82",0.0320675472128303,0.96793245278717
"t26",0.131973401573237,0.868026598426763
"t75",0.0297998901170761,0.970200109882924
"t64",0.927143560637333,0.0728564393626672
"t96",0.0228492845731613,0.977150715426839
"t39",0.794674340207335,0.205325659792665
"t8",0.728215846413896,0.271784153586104
"t78",0.946746885086586,0.0532531149134144
"t40",0.870287470170854,0.129712529829146
"t87",0.972840887080336,0.0271591129196635
