accepted_species,estimate
t109,-0.337393
t239,-0.5683715
t114,-0.7979582
t106,-0.6697658
t175,-0.35713744
t131,-0.84069556
t201,0.46627834
t187,-0.11445005
t233,-0.24685815
t73,-0.25919652
t116,-0.05063599
t251,-0.31611785
t252,-0.40593606
t46,0.034118675
t25,0.0016065123
t258,-0.35529473
t219,0.07425216
t259,-0.38097894
t224,0.34979647
t225,0.15299152
t221,-0.0120971445
t97,0.24906749
t139,0.40553164
t185,0.5866068
t128,0.526645
t170,0.79621124
