accepted_species,0,1
t58,0.6008180446492071,0.399181955350793
t79,0.6009479268478739,0.39905207315212604
t65,0.6009104202876632,0.3990895797123368
t97,0.6006086834989562,0.39939131650104376
t67,0.6007171751453209,0.39928282485467914
t50,0.5968866729631834,0.4031133270368165
t72,0.6032024930731177,0.39679750692688237
t94,0.6034718978086284,0.3965281021913716
t60,0.6044909549762729,0.39550904502372713
t63,0.604771446875258,0.39522855312474203
