accepted_species,0,1
t39,0.07165831,0.9283417
t52,0.07165831,0.9283417
t59,0.07165831,0.9283417
t72,0.09852201,0.901478
t83,0.07165831,0.9283417
t90,0.07165831,0.9283417
t91,0.07242489,0.9275751
t95,0.07242489,0.9275751
t116,0.07659483,0.9234052
t117,0.07242489,0.9275751
t133,0.07659483,0.9234052
t134,0.07659483,0.9234052
t135,0.07165831,0.9283417
t136,0.07165831,0.9283417
