accepted_species,0,1
t39,0.3612529,0.6387471
t52,0.3838818,0.6161182
t59,0.4062314,0.5937686
t72,0.37136608,0.6286339
t83,0.3838818,0.6161182
t90,0.31546998,0.68453
t91,0.31546998,0.68453
t95,0.4062314,0.5937686
t116,0.3612529,0.6387471
t117,0.3612529,0.6387471
t133,0.33996105,0.66003895
t134,0.33996105,0.66003895
t135,0.3917573,0.6082427
t136,0.3917573,0.6082427
