accepted_species,0,1
t39,0.3755619,0.6244381
t52,0.33520383,0.6647962
t59,0.337685,0.662315
t72,0.337685,0.662315
t83,0.33520383,0.6647962
t90,0.33520383,0.6647962
t91,0.33520383,0.6647962
t95,0.337685,0.662315
t116,0.337685,0.662315
t117,0.337685,0.662315
t133,0.337685,0.662315
t134,0.337685,0.662315
t135,0.33520383,0.6647962
t136,0.33520383,0.6647962
