"","V_1","V_2","V_3","V_4","V_5","V_6","V_7","V_8","V_9","V_10","V_11","V_12","V_13","V_14","V_15","V_16","V_17","V_18","V_19","V_20","V_21","V_22","V_23","V_24","V_25","V_26","V_27","V_28","V_29","V_30","V_31","V_32","V_33","V_34","V_35","V_36","V_37","V_38","V_39","V_40","V_41","V_42","V_43","V_44","V_45","V_46","V_47","V_48","V_49","V_50","V_51","V_52","V_53","V_54","V_55","V_56","V_57","V_58","V_59","V_60","V_61","V_62","V_63","V_64","V_65","V_66","V_67","V_68","V_69","V_70","V_71","V_72","V_73","V_74","V_75","V_76","V_77","V_78","V_79","V_80","V_81","V_82","V_83","V_84","V_85","V_86","V_87","V_88","V_89"
"t6",-0.117180099317657,-0.00124699116891976,0.00387429799650357,0.0500442385172443,0.0174025658959799,0.199800536809654,-0.00794901241624535,0.197558851586148,-0.00247139914074776,0.000306831631356574,-0.0056125477069343,0.0410570314870017,-0.0129352488702733,0.145120782376672,5.75604942422202e-09,-3.42450466531592e-05,2.80150435611971e-06,-0.00010831487416015,8.1175089874136e-14,2.20601093878512e-05,-1.81176884495545e-06,0.114077588229857,-0.000198189709553978,5.0443615475759e-05,-3.5175336328748e-05,0.007114282501777,-1.79371553898125e-05,0.00122738536766757,-4.84975221487875e-16,-0.161126160848288,1.47710248243751e-05,-0.00389359810762172,0.00557353943579381,-0.000536058418943374,-0.911687979229454,0.000950749372287512,0.000483063851883201,-0.0108610433922921,-0.000129405855721196,0.00111637014531372,2.92741276761948e-06,7.36345640562165e-05,-0.000112379355647168,-5.33978977799186e-05,7.20667767169994e-05,-0.000694425082277303,-2.69449040653163e-05,6.69486597152666e-07,0.000556773850113246,-2.26412479310649e-05,-3.619789604914e-15,-1.63737073372519e-15,-1.18107805716257e-16,-3.76309896527591e-05,-4.11390502819985e-17,2.83594911517845e-06,4.15313246206502e-17,2.48742194673593e-06,3.00376519499513e-17,1.59761021709401e-17,6.65610583365104e-17,2.52429664504808e-16,-3.806016934144e-17,-1.04730342002462e-05,7.64555770736984e-05,2.17614955386584e-17,3.36566174639812e-06,4.43452892780653e-17,-4.46218394455772e-05,4.03353889531249e-06,2.08415700142306e-17,-3.28542660832297e-17,4.84053678418289e-18,1.84360467640262e-16,-2.3676024337088e-17,3.36974235393347e-15,2.20653715941546e-17,3.96403335086187e-17,2.87381352197026e-16,-4.80381005124573e-17,2.03490762288687e-17,-1.27643467632483e-06,-4.10017146786948e-17,-7.70117926369478e-18,-4.10862214206775e-17,-7.01116029795986e-17,-4.80703074017577e-17,-2.64564583695577e-16,7.12109636091296e-17
"t74",-0.11842934936056,-0.00126352270035343,0.00398392990975996,0.0519552426388048,0.0180961455338046,0.210786115495876,-0.00845344901670956,0.211110274407203,-0.00270154988287167,0.000368660452354637,-0.00703395498505356,0.0525891682325884,-0.0172233021150296,0.193668676327092,8.47838863972387e-09,-5.37197102501677e-05,4.65829646441101e-06,-0.000196803430603464,1.48743185967947e-13,4.07779799681722e-05,-3.65100551266303e-06,0.284487490230417,-0.000627949768106944,0.00020182901643163,0.000225507710010875,-0.0396838689794971,6.2784848837268e-05,-0.00363663128837136,3.85903382070836e-15,0.498944009729652,6.30042681780476e-05,0.000619456128201956,-0.000840848879018337,7.20896010538497e-05,0.103219095877633,-8.03141349878731e-05,-3.4170822135361e-05,0.000625101413712136,5.05700070177199e-06,1.86403619789538e-05,1.90767975318475e-07,1.06535626320907e-05,-1.74545523662444e-05,-9.01807721375748e-06,1.48085748288902e-05,-0.000174154665946371,-6.89200071619314e-06,1.91538073794308e-07,0.000171737130399474,-7.11125277336652e-06,-1.23428179868344e-15,3.40389611240481e-16,-1.02344307939816e-16,-1.27137294668926e-05,6.27926014141661e-17,9.69718681154011e-07,-7.01778711353725e-17,8.96915190841349e-07,-1.13576279979499e-16,1.44182725574323e-16,2.47893230713109e-17,1.36510994739199e-16,-8.88496245271847e-17,-4.19211184479337e-06,3.09203318111631e-05,1.28840013032353e-15,1.38643579993009e-06,-7.78420542232493e-16,-1.85982546420397e-05,1.69772158562894e-06,6.00548556227396e-16,3.53301402196136e-16,-6.07215101424819e-16,-5.88982743714334e-16,2.87594165887411e-16,-0.707106781186549,-9.88800200910751e-17,-1.76798771401928e-16,-2.48130413618726e-16,-3.25017724709784e-16,-5.69834572732062e-16,-5.79382201585374e-07,2.72488222641361e-16,-4.30403060303865e-16,6.80789580158304e-16,1.3517859796441e-16,1.52309689608395e-16,2.53958573704521e-16,-2.03142985480456e-17
"t75",-0.11842934936056,-0.00126352270035345,0.00398392990976,0.0519552426388046,0.0180961455338042,0.210786115495876,-0.00845344901670947,0.211110274407203,-0.00270154988287177,0.000368660452354553,-0.00703395498505327,0.0525891682325888,-0.0172233021150298,0.193668676327093,8.47838861332939e-09,-5.37197102501405e-05,4.65829646411037e-06,-0.000196803430603658,1.4862638460475e-13,4.07779799682978e-05,-3.65100551260431e-06,0.284487490230418,-0.000627949768107259,0.000201829016431537,0.000225507710010877,-0.039683868979497,6.27848488374588e-05,-0.00363663128837183,3.97681383652927e-15,0.498944009729654,6.30042681780522e-05,0.000619456128202004,-0.000840848879018486,7.20896010539862e-05,0.103219095877638,-8.03141349876894e-05,-3.41708221362254e-05,0.000625101413711619,5.05700070160899e-06,1.86403619812898e-05,1.90767975402867e-07,1.06535626326876e-05,-1.74545523645574e-05,-9.01807721421393e-06,1.48085748288917e-05,-0.000174154665946432,-6.89200071659797e-06,1.91538073751419e-07,0.00017173713039891,-7.11125277329042e-06,-9.46714101558872e-16,7.34954172824938e-16,-8.05817073798163e-17,-1.27137294664297e-05,-5.87923339979231e-17,9.69718680908642e-07,-1.36587767971692e-16,8.96915190730054e-07,8.02175366738482e-17,-1.30542762434877e-16,-2.67628826452306e-17,-1.92688046121836e-16,-6.0867761525773e-17,-4.19211184465897e-06,3.09203318135684e-05,-1.3945325530192e-15,1.38643579793827e-06,7.90793099195135e-16,-1.85982546413374e-05,1.69772158488016e-06,-6.23851421322197e-16,-5.02592823614297e-16,5.46255961163033e-16,7.43132934622283e-16,-3.47038613563052e-16,0.707106781186546,5.908228777365e-17,1.23991604508934e-16,2.74154273577347e-16,2.00597086027906e-16,4.95241827749916e-16,-5.79382204906825e-07,-2.14184639511092e-16,1.54931042169707e-16,-9.14438483751695e-16,-2.05386627568171e-16,-1.66133452599392e-16,2.72180304457998e-16,1.83615289780285e-16
"t23",-0.118047873286968,-0.00125846964165155,0.00395023232090574,0.0513657395420594,0.017882062490101,0.207376930333099,-0.00829644012776935,0.206884789718113,-0.00262918549753384,0.000348554278940654,-0.00656498331111321,0.0487562107257321,-0.0157796172819065,0.177311552255066,7.53181319945292e-09,-4.68170658606088e-05,3.98879759440768e-06,-0.000164090806732867,1.23789857975789e-13,3.38257811071307e-05,-2.95212238425828e-06,0.216331989804814,-0.000447346917610549,0.000135560224611933,6.39203348124668e-05,-0.0098027968410042,1.43517587598542e-06,0.000620313431126537,-4.15750564067468e-15,-0.485022868539405,-0.000171323774341842,0.00208240371537047,-0.00262257869656752,0.000202837829169794,0.26425448629713,-0.000186998264198038,-7.66340085828365e-05,0.0013569200056635,1.05332885463334e-05,3.50378914727997e-05,3.3389370716033e-07,1.6961350000148e-05,-2.74818987814466e-05,-1.40050395991664e-05,2.22097405059256e-05,-0.000251130244849949,-9.89757256949764e-06,2.68537892876406e-07,0.000236761611039107,-9.76340008537756e-06,1.02541410360112e-13,-0.707106781186547,1.65015313572216e-15,-1.71620370450865e-05,-4.06660992123247e-15,1.30529422080503e-06,-3.84135821986383e-16,1.19206080231063e-06,4.31813373247294e-17,-7.55031724321626e-17,1.35069184962848e-15,-4.79679568950555e-16,2.68971163441183e-16,-5.43008331220835e-06,3.99478054164773e-05,-9.53239338467504e-16,1.78290829939513e-06,-1.24499937837769e-16,-2.38455665090817e-05,2.1712883778177e-06,-5.08995447088507e-16,9.01550728811547e-17,-2.16961246598219e-16,-2.89157006314519e-16,-1.42965714227662e-16,-4.78435804890165e-16,-5.73730311209018e-17,2.84416634151505e-16,1.34077669980571e-16,2.63418382430628e-16,1.17061242421174e-16,-7.26682199056348e-07,-2.07003866276544e-16,-7.55875558181213e-17,1.19705605673162e-17,-2.72773018627482e-17,7.26885589775176e-17,-2.99897763917778e-17,-1.87302478488689e-16
"t24",-0.118047873286968,-0.00125846964165122,0.00395023232090569,0.0513657395420594,0.017882062490101,0.207376930333099,-0.00829644012776954,0.206884789718112,-0.00262918549753389,0.000348554278940618,-0.00656498331111342,0.048756210725732,-0.0157796172819066,0.177311552255065,7.53181328914655e-09,-4.68170658605036e-05,3.98879759441389e-06,-0.000164090806732967,1.23505319644068e-13,3.3825781107347e-05,-2.95212238437375e-06,0.216331989804815,-0.000447346917610326,0.000135560224612043,6.39203348128941e-05,-0.00980279684100404,1.43517587606433e-06,0.000620313431126023,-3.88146975163863e-15,-0.485022868539407,-0.000171323774341972,0.00208240371537112,-0.00262257869656759,0.000202837829169973,0.264254486297129,-0.000186998264197532,-7.6634008582402e-05,0.00135692000566247,1.05332885464631e-05,3.50378914726204e-05,3.33893708935408e-07,1.69613499994244e-05,-2.74818987826065e-05,-1.40050395972007e-05,2.22097405068299e-05,-0.000251130244850345,-9.89757256540264e-06,2.6853789172083e-07,0.000236761611033379,-9.76340007536773e-06,-1.05734108587791e-13,0.707106781186547,-1.46434082779638e-15,-1.71620370465691e-05,4.14813133946714e-15,1.30529422378494e-06,5.58088287722581e-16,1.19206080345007e-06,3.69384991513517e-17,1.03740623438709e-16,-1.32889281257221e-15,3.43367647927894e-16,-2.31231238057326e-16,-5.43008331337144e-06,3.99478054151359e-05,7.93516443004948e-16,1.78290829844064e-06,-2.97845576932707e-17,-2.38455665084961e-05,2.17128838023433e-06,7.13410781900494e-16,-2.96912365462853e-16,2.99445231595556e-16,5.62055693647464e-17,-3.21533801445376e-17,-5.60826784606416e-16,1.59539231402988e-17,-6.48662346712722e-17,-9.95174002261658e-17,-3.91612234630651e-16,-2.35613748713794e-17,-7.26682199010382e-07,2.71107830429218e-16,2.45432743771033e-16,9.7660551337769e-17,-1.39808972860757e-16,-7.69598603874672e-17,5.2533114322811e-16,3.22928454263659e-16
"t97",-0.117355355756082,-0.00124927594780749,0.00388811802037015,0.0502697128181531,0.0174834503176781,0.200944397529944,-0.00799796896813938,0.19881564137505,-0.00248794388384364,0.000305220339904114,-0.00550370192041069,0.0398500941603973,-0.0122564365006135,0.137274861804741,4.86980154500917e-09,-2.53580869094374e-05,1.68311185290529e-06,-2.95503759641396e-05,1.90518903828796e-14,4.12344523854113e-06,7.446520588856e-07,-0.603742743930181,-0.00779748379957499,0.000705318685016577,0.000244810448453457,-0.0411949431460282,5.03069830917912e-05,-0.00231800476028449,4.21811736627917e-16,0.045873689592979,-5.65699959633156e-05,0.000939235472431393,-0.00109631684003727,6.97624022295845e-05,0.0574568815690882,1.05225472476903e-05,2.04590269174607e-05,-0.000766450831444115,-1.39366834794205e-05,0.000231452199111994,8.29180166454329e-07,2.89645801138005e-05,-4.57388252527023e-05,-2.26454895289247e-05,3.37633863685647e-05,-0.000361361542687784,-1.4170200717985e-05,3.74001115480926e-07,0.000324014941054435,-1.33066723942767e-05,-2.01471902409394e-15,1.4167273207539e-16,-8.51714610314388e-17,-2.30146192902858e-05,4.9768600115904e-17,1.74585240070264e-06,-3.04346024705127e-16,1.57633746805997e-06,-1.17702509701868e-16,-1.46770380267337e-17,-2.37809548283294e-16,2.80087687685981e-17,-6.37353960331166e-17,-7.02562495006782e-06,5.15764108225992e-05,-1.48843524274094e-16,2.2932296862476e-06,3.8545275183216e-16,-3.05973450353849e-05,2.78050911309225e-06,-2.01967295557224e-16,-1.30044463154973e-16,1.09373855430937e-16,2.75111831000454e-16,1.84623396800651e-16,-1.06026168134487e-16,2.26709977418762e-16,2.26236371911942e-16,9.10575551360072e-16,1.12543020054004e-16,1.29181880427137e-16,-9.16380605701779e-07,4.67230988786296e-16,6.20059420024582e-16,-6.18815892816106e-16,1.60045915015257e-16,7.65055852358842e-17,-0.707106781186547,3.97409853697256e-15
"t98",-0.117355355756082,-0.00124927594780742,0.00388811802037026,0.0502697128181531,0.0174834503176783,0.200944397529944,-0.0079979689681392,0.19881564137505,-0.00248794388384331,0.000305220339904288,-0.00550370192041058,0.0398500941603974,-0.0122564365006135,0.137274861804741,4.8698013653619e-09,-2.53580869092152e-05,1.68311185296233e-06,-2.95503759641213e-05,1.90229144941043e-14,4.12344523854504e-06,7.44652059011189e-07,-0.603742743930181,-0.00779748379957511,0.000705318685016117,0.000244810448453446,-0.0411949431460278,5.03069830915826e-05,-0.00231800476028438,5.22582214830768e-16,0.045873689592979,-5.65699959634672e-05,0.000939235472431054,-0.00109631684003729,6.97624022297254e-05,0.0574568815690881,1.05225472475503e-05,2.0459026917401e-05,-0.000766450831444096,-1.39366834794047e-05,0.000231452199111248,8.29180166348243e-07,2.89645801138393e-05,-4.57388252524378e-05,-2.26454895291418e-05,3.37633863687222e-05,-0.000361361542687674,-1.4170200717982e-05,3.74001115746695e-07,0.000324014941054743,-1.33066723942537e-05,-1.97850795069686e-15,2.67314357982797e-16,-7.75842773407629e-17,-2.30146192902885e-05,-1.64897918079867e-16,1.74585240080921e-06,2.32537402762806e-16,1.57633746792792e-06,6.04308618916918e-17,4.00395930307619e-17,5.07283914733787e-17,8.69174578434439e-17,-8.88497522415471e-17,-7.02562495044522e-06,5.157641082213e-05,2.94086847667288e-16,2.29322968651256e-06,-3.54966299858012e-16,-3.05973450346833e-05,2.78050911279173e-06,-2.45074641884843e-17,7.20583502202121e-17,-6.83382869662473e-17,-3.41827746275027e-16,-2.38874497625553e-16,-1.73794579793171e-16,-1.54739208279633e-16,-8.72914437805185e-17,-3.29535861251313e-16,-2.23139185208622e-16,-8.93111084585642e-17,-9.16380605477355e-07,-3.93124795076133e-16,-7.08178687910955e-16,4.63502385585438e-16,-2.95322405419177e-16,-2.85398195440601e-16,0.707106781186547,-3.81315377575098e-15
"t80",-0.11352479409492,-0.00119813513585934,0.00353096612959647,0.0438257839867131,0.0151309537342294,0.161630156420363,-0.00613681762305432,0.147875625826188,-0.00154040366288709,-9.55018436580486e-05,0.006487126909074,-0.0744386099153879,0.0482134971735439,-0.564242355369271,-7.59693794906138e-06,-0.000529034454457849,2.75510760394921e-05,-0.000782971988829197,5.76303903948335e-13,0.000152980441537679,-1.03862056296612e-05,0.0347295804322421,-0.0104388852343174,0.0012868908211985,0.00151977587856032,-0.313207005202022,-0.000734734296763434,0.00838220748101652,1.79172975349467e-16,-0.00250950560107347,3.14073688930949e-06,0.000535625064500345,-0.000604391457569081,3.23079344269168e-05,0.00549159676816338,5.75195602862259e-05,4.38023952273413e-05,-0.00129192444432464,-2.04038911634367e-05,0.000301398528349662,1.06428459783133e-06,3.76189052401838e-05,-5.95668118260976e-05,-2.95989134314902e-05,4.458691528553e-05,-0.000483411702459979,-1.89827859898122e-05,5.05208242648096e-07,0.000440261284312161,-1.81066683737127e-05,-3.13389520292224e-15,3.91751687056461e-16,-2.89899226506296e-17,-3.15001276268699e-05,-9.16015577408722e-17,2.39186491486433e-06,-6.14749431294438e-17,2.1688725975809e-06,7.00861637225698e-17,-2.67247074449425e-16,-7.07217365563312e-18,2.27772883533366e-16,-1.52398514587806e-16,-9.74637050453115e-06,7.16061240413636e-05,-3.84648599884587e-16,3.18822130015754e-06,2.61906978830593e-16,-4.25757825908106e-05,3.87182034567327e-06,4.04034950697403e-16,-2.03712379998742e-16,-4.05651038062179e-16,3.47633993149719e-17,-1.81305351448728e-17,-2.71061898167923e-16,-1.05885037429588e-16,1.93751200014198e-15,0.707106781186547,1.95744719539052e-13,9.19718338844881e-15,-1.28270802209921e-06,5.77794003831758e-16,-1.17048757938258e-15,1.4099346947678e-16,-8.65481064821366e-16,-6.05706001583876e-16,6.55640800944568e-16,7.12501540168016e-16
"t81",-0.11352479409492,-0.00119813513585916,0.00353096612959683,0.0438257839867131,0.0151309537342296,0.161630156420363,-0.00613681762305448,0.147875625826188,-0.00154040366288712,-9.55018436578992e-05,0.00648712690907392,-0.0744386099153875,0.0482134971735437,-0.56424235536927,-7.59693794908275e-06,-0.000529034454457986,2.75510760395392e-05,-0.000782971988829255,5.76310442966061e-13,0.000152980441537553,-1.0386205629742e-05,0.0347295804322415,-0.0104388852343174,0.00128689082119867,0.00151977587856021,-0.313207005202021,-0.00073473429676352,0.00838220748101649,9.33117864696962e-17,-0.0025095056010736,3.14073688945514e-06,0.000535625064500293,-0.000604391457569034,3.23079344266631e-05,0.00549159676816321,5.7519560286426e-05,4.38023952273514e-05,-0.00129192444432484,-2.04038911636027e-05,0.000301398528349713,1.06428459793491e-06,3.76189052397632e-05,-5.95668118262781e-05,-2.95989134312929e-05,4.45869152854179e-05,-0.000483411702459786,-1.89827859893832e-05,5.05208242799121e-07,0.000440261284312319,-1.81066683740432e-05,-2.63464767331631e-15,-3.41233049926871e-16,-2.1308020812835e-17,-3.15001276268972e-05,2.52186305868425e-17,2.39186491511511e-06,1.28728539871649e-16,2.16887259759585e-06,-1.55046361505863e-16,2.79077912324073e-16,3.38873354306202e-17,-1.25656623673115e-16,-7.16623745895399e-17,-9.74637050472779e-06,7.16061240417097e-05,1.98827094622115e-16,3.18822129859605e-06,-3.06001171609356e-16,-4.25757825904606e-05,3.8718203447291e-06,-4.9809593626523e-16,4.18687868089492e-17,3.86613641676703e-16,-9.54483695442198e-17,-8.38893382839812e-17,3.42997098835928e-16,1.57465632553834e-16,-1.79214073206565e-15,-0.707106781186548,-1.95872124099564e-13,-9.21912423236358e-15,-1.28270805064767e-06,-6.80119527832379e-16,1.094802747914e-15,-2.57915417851583e-16,7.33447544852147e-16,5.24676059034107e-16,-6.363867489411e-16,-6.48202016091563e-16
"t12",-0.111998818577561,-0.00117813613019125,0.00340617472455566,0.0417465814473237,0.014382397813811,0.150686712544434,-0.00565938552323314,0.135473526209172,-0.00136722331329183,-7.34911603678603e-05,0.00465387625842523,-0.0514068418363537,0.0310108212945083,-0.361355666645058,-3.96140237396551e-06,-0.000236423268083114,1.04409398486267e-05,-0.000217389730519168,1.55147317420063e-13,3.95132207769684e-05,-1.69050070359921e-06,-0.00211485751263124,0.00302348461579985,-0.000628229433243884,-0.00398175389022664,0.89118590198102,0.00319458972099177,-0.0488613690184552,-1.84923675101686e-16,0.0372218719310574,-0.000517250851101741,0.00388338256300271,-0.00412594837999513,0.000201746611467266,0.0313749952135297,0.000298196129382417,0.000218010854677295,-0.00619862298711112,-9.32987716390259e-05,0.00121176706716184,3.87910458336755e-06,0.000118781969729644,-0.000184731737933923,-8.97437552908342e-05,0.000127416593639146,-0.00128770410026071,-5.01849552904673e-05,1.27650518771604e-06,0.00107661618644841,-4.39183763839578e-05,-6.79447906524483e-15,-1.31963767767614e-16,6.61972254143595e-17,-7.38453846654734e-05,-1.47407522343279e-18,5.57478148194313e-06,-7.14350474513103e-17,4.92388980718251e-06,4.04645604439661e-17,5.01871562369412e-18,-1.74783914668744e-17,-4.01420981832802e-17,2.38995138811916e-16,-2.09419439226557e-05,0.000152988215140137,1.04061717989799e-16,6.74216887976525e-06,1.80855614250102e-18,-8.94414962383047e-05,8.08853915158452e-06,2.80902000804006e-17,-2.42477271066231e-17,3.74276063900381e-18,2.45148838250064e-16,-5.8574596154253e-17,-2.25203615559816e-16,-1.67524083379342e-17,-3.2938820742152e-17,-1.63275853873738e-16,-5.39509158555792e-17,7.48860729024895e-17,-2.563166417884e-06,-3.52614424778577e-17,7.42415760058567e-17,-9.63429982291118e-17,-6.00558214996107e-17,1.09771006234674e-17,-4.7271777191469e-17,1.1968735978299e-16
"t18",-0.12735836428869,-0.00139236869041965,0.00564910875147429,0.118346703564343,0.0484923215637462,-0.184314173943264,0.000947935354953744,0.0133249117650772,-0.000958949624910277,0.00017963293643292,-0.20061157948937,0.00345840470072223,-0.000589472113254039,0.00462300371879779,-8.24821645222151e-07,-7.6165701571103e-05,4.53317950676859e-06,-0.000143998000096566,1.06700493616757e-13,2.85494649286654e-05,-2.0459347166736e-06,0.000682821979721693,-0.00306523136375241,0.22705707481624,2.6819796413073e-05,-0.00160171821994758,8.55376476331594e-05,-0.0104275128054002,-6.18029226506206e-17,-1.6384272806258e-06,8.44961110902935e-07,-0.0840502642079709,-0.00196040242809877,2.79738091213161e-05,0.000123225529155349,-2.32209351005084e-05,-3.03761590458622e-05,0.00132486323629456,3.44932537372209e-05,-0.791270906910655,0.00106022186677502,9.04949925040669e-05,-0.443780917409289,-2.03847572171265e-05,4.45608615819027e-05,-0.00696571215893,-1.41628430967787e-05,4.19865488307603e-07,0.000354830525987337,-1.44715351552831e-05,-2.34931257808423e-15,-7.40098237691166e-16,-2.10697828517189e-16,-2.43057007688535e-05,1.23353798315795e-16,1.83469937774102e-06,6.78886366631336e-18,1.62066352030758e-06,4.13234721421115e-16,3.08792870736176e-18,-1.48090054522262e-17,-2.7674991369903e-16,-2.23998308828823e-16,-6.9353477353394e-06,0.000723465509681854,4.64140464778595e-16,2.22983850314753e-06,-1.62830578146512e-16,-2.96284405936912e-05,2.68259899459803e-06,-2.73180724540498e-17,2.42646141825435e-17,-3.13265543190778e-17,2.15372876037357e-16,-1.93550142512789e-16,2.02727849808505e-15,-4.57514099609413e-17,-1.49450881890139e-16,-9.86671505952732e-17,-1.42247939635781e-16,-2.43729891354226e-16,-8.59130116686769e-07,3.97395899866828e-18,-2.29135414085891e-16,-5.0664740235913e-18,-1.20656719560403e-16,-8.26397940930373e-17,-7.58096017655171e-17,1.49867326091749e-16
"t53",-0.128254879810958,-0.00140454039806512,0.00575369811285191,0.121288543436981,0.0497493352518195,-0.190854801710519,0.000986593660755153,0.0139107784559125,-0.00101549346391105,0.000201386413528043,-0.230424413528379,0.00402135159476519,-0.000700206340496559,0.00549823463500992,-1.0330482009621e-06,-9.84163796153331e-05,6.02179448812878e-06,-0.000199092099909635,1.48140762189517e-13,3.97689466768524e-05,-2.95497043312895e-06,0.00106873221208217,-0.00517954931747203,0.408422694405366,8.10437235696864e-05,-0.0050567609562911,0.000349919064758031,-0.0528586867094214,4.58337804493591e-16,-2.07143464234782e-05,-3.44403478379438e-05,0.159821142850415,0.00337748901594944,-4.12057206082495e-05,-0.000152851109590665,2.33160133265845e-05,2.76478671172779e-05,-0.001097316027879,-2.49791971761888e-05,0.366414839604301,-0.000292530474840291,9.49674229284211e-06,-0.189689354066713,9.22001609421141e-06,-5.81075167411615e-08,-0.000901101880218608,-1.99753076892136e-06,8.67097653392648e-08,8.88362706311478e-05,-3.77633495755341e-06,-7.87347506697107e-16,5.209127917345e-16,-4.42730503667986e-16,-7.38574308374736e-06,1.79071797841491e-16,5.70564750014606e-07,-2.82125327713214e-16,5.55224699939316e-07,-4.32326211735986e-16,-1.14446624436857e-17,7.01034688801671e-16,-3.5327175861458e-17,-2.33767552081936e-15,-2.81350170285243e-06,0.000298043868919987,-0.707106781186548,9.43751670365983e-07,-4.14099802662444e-15,-1.27533268995786e-05,1.17087713056477e-06,-1.77410472868956e-15,-8.2813826668998e-16,-2.26934592814615e-15,-1.08821534769704e-15,4.57724285164892e-16,-1.45049728732128e-15,-4.24701826602159e-17,-1.20570205931377e-16,-2.02972796339483e-16,-7.73897736337287e-17,1.69937395030495e-16,-4.15212873541202e-07,-1.22212432454352e-16,5.08881615862028e-16,6.35110728491861e-17,-7.51806616876643e-17,4.59696137446546e-18,6.01772151007564e-16,1.27212349745515e-16
"t54",-0.128254879810958,-0.00140454039806512,0.0057536981128519,0.121288543436981,0.0497493352518194,-0.190854801710519,0.000986593660755597,0.0139107784559125,-0.00101549346391072,0.000201386413528081,-0.23042441352838,0.00402135159476524,-0.000700206340496664,0.00549823463500997,-1.03304820089723e-06,-9.8416379615215e-05,6.02179448821342e-06,-0.000199092099909631,1.48193388433889e-13,3.97689466770177e-05,-2.9549704332326e-06,0.00106873221208242,-0.0051795493174723,0.408422694405365,8.10437235695693e-05,-0.00505676095629132,0.000349919064758066,-0.0528586867094212,-8.25051327341224e-17,-2.07143464234782e-05,-3.44403478379352e-05,0.159821142850415,0.00337748901594934,-4.12057206081699e-05,-0.000152851109590568,2.33160133263993e-05,2.76478671171886e-05,-0.00109731602787888,-2.49791971760479e-05,0.366414839604301,-0.000292530474839368,9.49674229289523e-06,-0.189689354066712,9.22001609417693e-06,-5.81075166793078e-08,-0.000901101880218616,-1.9975307682398e-06,8.67097654513382e-08,8.88362706317012e-05,-3.77633495752532e-06,-3.25299094605385e-16,-1.0867088512437e-15,1.86829786105765e-16,-7.38574308277792e-06,-2.41090011657437e-16,5.70564749875313e-07,1.71305024484208e-16,5.5522469971923e-07,2.96127289203055e-16,3.40202725748425e-17,-6.64853638373031e-16,1.34632730953396e-16,2.38036331295328e-15,-2.81350169984843e-06,0.000298043868907897,0.707106781186547,9.43751671516996e-07,3.98200067884587e-15,-1.27533269061359e-05,1.17087712833988e-06,1.9072856440186e-15,7.11630100548721e-16,2.42079208788647e-15,1.22726831270907e-15,-3.69385430868815e-16,1.18851257302613e-15,1.02481663058031e-16,3.38690319019795e-16,2.9794734995346e-16,-4.87571860388119e-17,1.68319315429429e-16,-4.15212873962365e-07,6.69490053978595e-17,-4.67496802607302e-16,-7.56616125645855e-18,-7.58933843492031e-17,-1.12155276270901e-16,-2.45683657853779e-16,-7.10272981529622e-17
"t50",-0.127662606898358,-0.00139650007182334,0.0056846468477071,0.119346983135629,0.0489197777668437,-0.186540604463306,0.00096110189337123,0.0135245162452782,-0.000978243381392407,0.000187099250939252,-0.210868569091978,0.00365231457314102,-0.000627692687385046,0.00492512998842451,-8.97042434545625e-07,-8.390427795361e-05,5.05213034969972e-06,-0.000163268051990754,1.21209640081989e-13,3.24760258154699e-05,-2.36498504626766e-06,0.000819078998910927,-0.00381569111932558,0.29168937972202,4.66332281136553e-05,-0.00286617970111424,0.000183073224148698,-0.0261631401808652,4.79495680570344e-17,-8.80559579674589e-06,-1.25642294639959e-05,0.0138033903016773,0.000193942788683808,-2.40407510107755e-07,9.10788005135943e-06,-3.60014500443964e-06,-5.65157620136902e-06,0.000281217543688567,8.4154028423483e-06,-0.244131132740609,0.000337595772760837,-3.41754019990979e-05,0.854878605677604,-5.92179365292096e-05,4.46776679488331e-05,-0.00590666734951018,-1.19239802723779e-05,3.44782428192125e-07,0.000289621598434597,-1.18058359223337e-05,-1.79712001042749e-15,4.57054203333141e-16,2.20319896273458e-16,-1.98441971117115e-05,-7.20943833695783e-18,1.49870552300385e-06,9.63175682699693e-18,1.32838451342578e-06,-2.49920197816374e-16,-2.52076919906739e-17,3.60633107021815e-17,1.38197321158675e-16,-1.23070174880424e-17,-5.74765430757748e-06,0.000600376688122273,-5.89548049484943e-16,1.85508796466535e-06,7.09764116529159e-17,-2.46898631273372e-05,2.23862552638896e-06,2.4560695017014e-16,-1.92928118009501e-16,3.3283242398632e-16,1.70622033895321e-16,-8.85345912837679e-17,-2.15151862641504e-16,4.65300271324625e-17,1.34499493406999e-16,-7.46421782117048e-17,-2.25137381122207e-17,1.73757436538974e-17,-7.25528942226883e-07,1.02953018392426e-16,-2.83772827168744e-16,8.34828175221408e-17,-2.00736514463001e-17,-2.02592214856772e-16,9.20049386092182e-17,9.03611113427157e-17
"t8",-0.12698448507513,-0.00138728281924118,0.00560491920492991,0.117094790895856,0.0479567486886623,-0.181497085150799,0.000931184950796145,0.0130701431333163,-0.000933940796494389,0.000169309911536908,-0.186011773921941,0.0031781821412068,-0.000532719136760042,0.00417366243170257,-7.09518160149973e-07,-6.32165355537763e-05,3.62481935780744e-06,-0.000107745343344106,7.90953670602876e-14,2.10538604993762e-05,-1.3883209204177e-06,0.000331517345846289,-0.000304471001022165,-0.210249992943189,1.58456247276294e-05,-0.000804912870824154,-5.73100177571822e-06,0.00678998950566662,-7.55938551804137e-16,8.71752205897774e-06,2.43890978332992e-05,-0.588266779093571,-0.0153238535320282,0.00029964144901886,0.00359332709078844,0.000268066299400399,0.000176944939051564,-0.00472501175428743,-6.80649596669011e-05,0.154289382631587,0.688769212068447,4.38847638556004e-05,-0.0116414574372358,-3.21027022460968e-05,4.63953864709502e-05,-0.00726930096330632,-1.4813000011017e-05,4.45241418259935e-07,0.000379725213702928,-1.55191146781388e-05,-2.37702594405586e-15,-6.64968136644021e-16,1.22058967188617e-16,-2.62680607131388e-05,-1.19153774244979e-16,1.98514194319112e-06,-1.66799683019794e-17,1.76187450011194e-06,-9.10157468477099e-17,-3.89636123859242e-18,-7.49226728830582e-17,-9.9656116322633e-17,1.32830186724117e-16,-7.59349988903139e-06,0.000792544452677678,-5.81801106741716e-16,2.4448935463871e-06,1.45892418378534e-16,-3.25023809853381e-05,2.94396065078813e-06,-3.65057020812747e-16,-3.53749682873864e-18,-1.32792174357509e-16,-7.13847273313892e-17,-1.60824463149637e-17,-1.00205061521383e-16,1.44269192047819e-17,9.79260077793009e-18,-1.46847689623987e-16,5.52817123088595e-18,1.74132200475226e-16,-9.44750758481326e-07,5.56986486136941e-17,2.32298030089388e-16,-1.52433654048194e-16,1.35642659316131e-16,-7.00152983061543e-17,1.61843519961521e-16,1.49383869267994e-16
"t49",-0.127030408192701,-0.00138790624248395,0.00561027287101874,0.11724530763521,0.048021057527909,-0.181831441641619,0.000933160215331134,0.0131000691828906,-0.000936824464589071,0.000170408652960197,-0.187508513113593,0.00320634337159157,-0.000538218721364385,0.00421711058565877,-7.1960885628466e-07,-6.42731269646733e-05,3.693899916181e-06,-0.000110190099202601,8.08656544586539e-14,2.15465944173954e-05,-1.42583222167774e-06,0.000343503380699425,-0.000318660720784365,-0.222179297161458,2.10736646984845e-05,-0.00113509896443309,1.90237063695581e-05,0.00281178924085657,-2.09775174630283e-17,6.86879747854689e-06,2.07793568586952e-05,-0.54098282741703,-0.0141276902575614,0.000277280713585721,0.00333729307024219,0.000249904789443707,0.000165196399874279,-0.00441655545951997,-6.37052428026311e-05,0.1442632486152,-0.724560637818689,4.23615036511116e-05,-0.0112359464254065,-3.098742097234e-05,4.48300496260871e-05,-0.00703788092121588,-1.43448335688315e-05,4.31811040074519e-07,0.000368685233453903,-1.50722133900882e-05,-2.3596990106595e-15,1.09228649669621e-15,1.44000968347283e-16,-2.55423911600938e-05,-6.9732076043753e-17,1.93070130376878e-06,-1.34781254538592e-16,1.71517500178455e-06,-3.40888469816493e-17,6.52463808412578e-17,6.77948695510003e-18,1.18574766794934e-16,-1.55346481852168e-16,-7.40697711099948e-06,0.000773236297896746,2.19176490752182e-16,2.38622003067342e-06,3.39682043892942e-17,-3.17300071124224e-05,2.87458383135169e-06,-3.69436264627344e-16,-6.90935010065698e-17,-2.34918482805114e-16,3.18631621254083e-16,-2.18603450762622e-16,1.28433171114476e-17,1.29713242339045e-17,3.88884610970241e-17,9.58571670012751e-17,-3.80231569245011e-17,-1.12023402283165e-16,-9.23976091550961e-07,-2.52082982966968e-17,-1.53793367364457e-16,5.23908729804592e-17,-1.71921607771017e-16,-1.82272241750165e-16,8.41887171041134e-17,7.43923229378837e-17
"t70",-0.127983728544421,-0.00140084735979217,0.00572137785673272,0.120368500201225,0.0493554182100848,-0.188767467687346,0.000974130651406263,0.0137207401690388,-0.000996610922964225,0.000193156874851108,-0.218478888339207,0.00378888378672795,-0.000651925751630589,0.00511540000295242,-9.2798679082711e-07,-8.60770762096553e-05,5.11859023341404e-06,-0.000160566505628484,1.18730373121733e-13,3.16982170898454e-05,-2.19808155187855e-06,0.000589863710996672,-0.000609890808500387,-0.466739430837841,0.00012744052177132,-0.00784945954597391,0.00052107468179738,-0.0777256325519748,5.71513796097347e-16,-3.03825164281258e-05,-5.16377226284058e-05,0.38379657663634,0.00919052557497313,-0.000155928267516417,-0.00158032317663377,-9.39408641835787e-05,-5.5319833358887e-05,0.00131604700749713,1.59019036904597e-05,-0.0174501106367886,0.0174275713905681,4.86719400680583e-06,-0.00148325549344704,-4.75368175563602e-06,9.36560553722876e-06,-0.00192580450764718,-4.02402203723493e-06,1.38780163483408e-07,0.000129237284773154,-5.39216180520281e-06,-5.16663899402364e-16,-3.44284354898184e-16,-2.19671587211524e-16,-9.90241166120079e-06,-7.95914672526064e-17,7.58275133654583e-07,-2.97891842702887e-16,7.12722076547144e-07,3.11755093391053e-16,-1.2471583530381e-15,-5.49770103106404e-16,-1.3584303401395e-16,1.56205426134067e-16,-3.42587004534701e-06,0.000361340634888553,1.07215023503685e-15,1.13569181154358e-06,6.67999574737514e-16,-1.52774922722518e-05,1.39746276470263e-06,1.66220337235323e-15,3.41789423447724e-16,-1.72456538210097e-15,-0.707106781186548,-3.46574235451532e-14,4.65830768333006e-16,-4.10912183694884e-16,1.71276164041042e-16,-8.25995128830834e-18,3.72917534581798e-16,5.04489080387499e-17,-4.83159321723039e-07,5.35253607471435e-17,-3.75416436868231e-16,6.02575809685157e-17,-2.87540912867526e-16,2.45090918095462e-17,-4.5300652720867e-16,-3.26188508717666e-18
"t71",-0.127983728544421,-0.00140084735979217,0.00572137785673272,0.120368500201225,0.0493554182100848,-0.188767467687346,0.00097413065140625,0.0137207401690388,-0.000996610922964232,0.000193156874851025,-0.218478888339207,0.00378888378672806,-0.000651925751630478,0.00511540000295247,-9.27986790854207e-07,-8.6077076209487e-05,5.11859023327949e-06,-0.000160566505628165,1.18701365337024e-13,3.16982170897769e-05,-2.19808155179431e-06,0.000589863710996675,-0.000609890808500553,-0.466739430837841,0.0001274405217711,-0.0078494595459736,0.000521074681797203,-0.0777256325519747,8.32719094111242e-16,-3.0382516428222e-05,-5.16377226287369e-05,0.383796576636341,0.00919052557497335,-0.000155928267516628,-0.00158032317663357,-9.39408641833879e-05,-5.53198333589743e-05,0.00131604700749676,1.59019036902942e-05,-0.0174501106367886,0.017427571390568,4.86719400683011e-06,-0.00148325549344714,-4.75368175564123e-06,9.36560553750285e-06,-0.0019258045076464,-4.02402203717421e-06,1.38780163208671e-07,0.000129237284774097,-5.39216180577354e-06,-1.26127680115172e-15,-3.82998825463468e-16,3.44468033745278e-17,-9.9024116608018e-06,1.17521549798623e-16,7.58275133717467e-07,4.00578019093627e-16,7.12722077262935e-07,-2.60821331949274e-16,1.27888068237918e-15,4.78878968242348e-16,3.04265200294855e-16,-1.74000735229654e-16,-3.42587004470082e-06,0.000361340634885729,-1.04145010492076e-15,1.13569181307144e-06,-6.44319053793935e-16,-1.52774922748261e-05,1.39746276854331e-06,-1.44600037883834e-15,-4.69630003061437e-16,1.89808093439452e-15,0.707106781186547,3.46764268318984e-14,-6.46763419924757e-16,3.57566782062332e-16,-6.26701223287764e-17,-9.3667027487756e-17,-4.61206246140609e-16,-6.63571578144351e-17,-4.83159320881807e-07,-2.87670078259502e-17,5.0071556386602e-16,-6.02698112873575e-16,1.17277084473246e-16,1.55812760430102e-16,2.68731237385472e-16,7.98834537371491e-17
"t88",-0.127182013588705,-0.00138977425771829,0.00561614944908651,0.117201899788223,0.0479866976599466,-0.1808479884152,0.000924375997756523,0.0129378088988786,-0.00090547568291556,8.11865478507687e-05,0.405328505643937,0.0326173763016813,-0.00152555113238184,0.0117164972105173,-1.53332155431642e-06,-0.000136296786009321,8.00956777930947e-06,-0.000253284212769544,1.87590700579837e-13,5.02132095136984e-05,-3.59724908635716e-06,0.0011658007630393,-0.0042617786029602,0.00902591897129178,0.000176123145435284,-0.0111987274678029,0.000912693274993386,-0.167684367217395,6.4273226885039e-16,-0.000782918232647154,7.15231691943373e-05,0.00155415006898271,-6.09941677459924e-05,6.18757746044096e-06,0.000162214801386982,2.14248527757796e-05,1.70559002294398e-05,-0.000527129531307735,-8.8792330240001e-06,0.00283805119975496,1.09019112886358e-05,2.82573928808809e-05,-0.000789484853347632,-2.53644989341908e-05,5.42357405843748e-05,-0.289864578383062,0.000124454647860243,-2.48774765669753e-07,-4.23588397717722e-05,6.95383741552633e-07,1.11339948281797e-17,-1.28614038626144e-16,-9.42930419674692e-17,-4.20624604693595e-06,1.05209146143463e-16,3.73981689238707e-07,7.79831133849611e-17,5.4769491885558e-07,-6.37120977417997e-17,-1.55422507735416e-16,1.34942924936409e-16,8.0762329861531e-17,-1.4848806461037e-16,-1.16160352926706e-05,0.381958732615263,4.05136340262363e-15,-7.52470293857374e-07,-6.18271678478669e-18,1.11355722137718e-06,2.23865586315881e-07,-1.80506526771477e-16,2.7468433920635e-16,5.45171089977248e-16,4.12635955052801e-16,-3.10738360502902e-16,-9.619865174653e-16,2.26589959059165e-17,2.78305826143834e-16,1.38607608060713e-15,-6.68555673080292e-16,-1.05114567115209e-15,-3.28595286278347e-07,9.73812638497948e-15,0.707106781186547,-3.32165699247233e-16,-3.54487694215242e-16,4.3643307919251e-17,1.05296662162867e-15,1.45087312022703e-16
"t89",-0.127182013588705,-0.00138977425771828,0.00561614944908654,0.117201899788223,0.0479866976599466,-0.1808479884152,0.000924375997756512,0.0129378088988787,-0.00090547568291557,8.11865478507513e-05,0.405328505643937,0.0326173763016814,-0.00152555113238184,0.0117164972105173,-1.53332155438436e-06,-0.00013629678600921,8.00956777928736e-06,-0.000253284212769406,1.87670532588626e-13,5.02132095138545e-05,-3.59724908625134e-06,0.00116580076303941,-0.00426177860296012,0.00902591897129164,0.000176123145435209,-0.0111987274678028,0.000912693274993469,-0.167684367217395,5.50114273632794e-16,-0.000782918232647339,7.15231691943464e-05,0.00155415006898284,-6.09941677458536e-05,6.18757746032213e-06,0.00016221480138698,2.14248527758039e-05,1.70559002293444e-05,-0.000527129531307735,-8.87923302417618e-06,0.00283805119975544,1.09019112889301e-05,2.82573928808427e-05,-0.000789484853347892,-2.53644989342168e-05,5.42357405846315e-05,-0.289864578383062,0.000124454647860455,-2.48774765570969e-07,-4.23588397722163e-05,6.9538374150406e-07,-2.7905904628339e-16,3.0439000229084e-16,7.06404916239015e-17,-4.20624604690473e-06,-1.90728359191366e-17,3.73981689181895e-07,9.74482202317133e-17,5.4769491897224e-07,3.98884487906055e-16,1.80852190226755e-16,7.88171163514707e-18,5.05432642992703e-17,6.92843629479127e-17,-1.16160352929967e-05,0.381958732615263,2.55228408871466e-15,-7.52470293425428e-07,-3.88009520901795e-16,1.11355722184903e-06,2.23865586627264e-07,-1.92400852132845e-16,-2.46343166459453e-16,1.68792160841548e-16,1.4974243592675e-15,2.46240213066251e-16,-3.85607856859984e-16,-6.09478370640064e-18,-6.29199245886381e-17,-1.28823012729243e-15,5.31071087577004e-16,9.68706208107162e-16,-3.28595287804254e-07,-9.64828666942472e-15,-0.707106781186548,4.44210123536408e-16,2.18639995410989e-16,-1.11622969431063e-16,-2.5733985669389e-16,-9.08709010533633e-17
"t58",-0.127014210728447,-0.00138750389463271,0.00559704341992931,0.116672322801897,0.0477609947111242,-0.179702066621099,0.00091770359111425,0.0128376503790229,-0.000896300845574812,7.96500204585248e-05,0.39627756586018,0.0318351336905302,-0.00148473511878569,0.0114011889369089,-1.48254898787577e-06,-0.000131316095772882,7.69391580432086e-06,-0.000242320255857797,1.79333730776476e-13,4.80048609285966e-05,-3.42748485525606e-06,0.00110330924116988,-0.00401068186578124,0.00845937293826484,0.000161383248515944,-0.0102485367464216,0.00083009945577141,-0.151927804454297,5.35945673273712e-16,-0.000703062218129664,6.37734807284891e-05,0.0013485238590183,-5.27972060364798e-05,5.33404062471091e-06,0.000139150139264141,1.82569334853743e-05,1.44863922432185e-05,-0.000446261932743042,-7.48120388200876e-06,0.00235177520182326,8.86910460404602e-06,2.19828408319564e-05,-0.000609179636164713,-1.93473206948069e-05,3.97754697159941e-05,-0.196934958057304,8.35869193827211e-05,-1.52199966965087e-07,-2.31504533459576e-05,3.65534198939858e-07,9.3952485492464e-17,-7.59326308347599e-16,-9.30390704103842e-17,-1.70471713654974e-06,6.75762644598165e-17,1.40995141589828e-07,-1.1894578118198e-16,1.07815111454954e-07,-4.17657156270643e-16,6.34971188170661e-18,-1.36462171144427e-16,8.61490598806093e-17,1.48171024243323e-17,1.69521957392449e-05,-0.839118608376038,-7.26152356378755e-15,4.64082607757113e-06,3.87036495297883e-16,-4.32852033671882e-05,3.29116483543251e-06,8.04095266058381e-16,-2.31696295728366e-16,-3.95075447407032e-16,-1.52443862727079e-15,6.66646610466205e-18,1.65908450310212e-15,1.11586071238347e-17,7.11242341972523e-18,-2.89655747630147e-16,-4.144780266653e-17,8.29586274214633e-17,-6.88154345149933e-07,-2.80424868832594e-17,-1.48477841384344e-16,-2.72074375904692e-16,-2.7261170190712e-17,4.47996105616227e-17,-5.49678240898837e-16,2.29411803881468e-16
"t21",-0.126330124264785,-0.00137824231181593,0.0055188212949423,0.114499211212011,0.0468344743084874,-0.174982188625801,0.000890170955593542,0.0124239153622965,-0.000858213312173438,7.31528441299975e-05,0.357728408747501,0.0284916923545445,-0.00130924052495419,0.0100450171310453,-1.2612194983793e-06,-0.000109440550313089,6.29876787634417e-06,-0.000193441865057986,1.42972143519115e-13,3.81446119732537e-05,-2.66401267832908e-06,0.000818158434526378,-0.00285085683105783,0.00581899572202244,8.91674657248398e-05,-0.00557999363010897,0.000418585481099566,-0.0727378376594339,1.5426638475297e-16,-0.000293450841570623,2.33638883980465e-05,0.00020488911134614,-6.94261008776786e-06,5.11327168377373e-07,7.24771122739484e-06,-1.58679319697819e-07,-5.72692143924539e-07,3.15409137115474e-05,8.7872190533949e-07,-0.00068206947213198,-4.44132528135331e-06,-2.45195921093014e-05,0.000759227771214305,2.79054085316009e-05,-8.85947232659237e-05,0.887979543067758,-0.000416218518015059,1.71025000657304e-06,0.000976223870781011,-3.71872204923767e-05,-5.2774079487855e-15,1.37670576347447e-16,1.96292008025177e-17,-5.03684906537141e-05,-2.68988481621593e-16,3.69586617363169e-06,-1.74284978577989e-16,2.9344565677502e-06,9.3861926086461e-17,1.64157126837978e-17,2.94182604010836e-17,9.95525892684934e-18,-6.4592314684455e-17,-1.20883833187174e-05,0.0637199347112322,6.40652059933026e-16,3.02498910371291e-06,-1.29066133375666e-17,-4.10302687207098e-05,3.72337876050621e-06,-3.94257194580881e-16,-5.1621917328597e-17,-2.15961033533442e-16,-4.04765959635859e-16,-1.11932172788121e-16,-9.37887685247044e-17,-4.03186330979831e-17,-5.29414641407949e-17,1.17016350991945e-16,-6.20959014976807e-17,3.41834282290517e-17,-1.14153061395693e-06,3.1486124056845e-18,-4.18872734250338e-17,-1.53649124921107e-16,-7.84188672557048e-17,7.70054352643805e-17,1.2219132291729e-16,-1.86647143046358e-18
"t14",-0.123369504234502,-0.00133808933549812,0.00517629687408414,0.104922422722432,0.0427469918663778,-0.153960846057694,0.000766906467074068,0.0105658369071139,-0.000684672684966984,4.18238797051164e-05,0.167417576786698,0.0117899519755696,-0.000414576481276911,0.00312322353677597,-7.57275305256937e-08,1.11098945415611e-05,-1.5826733208886e-06,9.25758448407366e-05,-7.12223662696046e-14,-1.99298338710574e-05,1.97443362536312e-06,-0.00103380444818254,0.00515437530604856,-0.0132958319428704,-0.000641512446130034,0.0427873644138368,-0.00442132805464896,0.945515265073978,-2.83508211663481e-15,0.00648684259572754,-0.000853406446912912,0.0874303568376596,-0.00246180709201234,0.000170583236270266,0.0032886705780064,0.000325500438891651,0.000231785520030304,-0.0065022776758849,-9.68110809944798e-05,0.0224661285742409,6.72092801435082e-05,0.000111832096620201,-0.0029051043662935,-8.418342207097e-05,0.000121687939500206,-0.0668091369169363,-1.37436002857364e-05,9.93665153458878e-07,0.000865065907904111,-3.54079122691902e-05,-5.50658187498129e-15,2.6010721162089e-16,-7.25129822958364e-17,-5.99098414770845e-05,6.43430482124081e-17,4.52399164545952e-06,1.19395348260493e-16,3.99427265278121e-06,-1.18298360640543e-17,4.09862262956985e-18,-1.24529175429654e-16,-2.34271521906093e-17,-3.1461455094973e-17,-1.69972234150134e-05,0.00566787483314612,9.76335171636389e-17,5.39139383169338e-06,1.06967226424968e-17,-7.15607597021051e-05,6.46920701892831e-06,2.12541881446768e-16,-7.08873991291271e-17,-9.40219111179164e-17,-6.69237184511174e-17,-4.33217110544252e-17,4.90545071238307e-17,2.96707434119372e-17,8.79916623560638e-17,-7.31910057528341e-17,-8.3405910089588e-17,-2.27950392517414e-17,-2.0348062781889e-06,-1.53767145194698e-17,-1.10368588973746e-16,1.46959122998817e-16,-5.79152841622558e-17,-8.76022011996355e-17,1.14539060443238e-16,8.59747080705756e-17
"t31",-0.115596208988029,-0.0012250171578473,0.00367195608864987,0.0451466572483834,0.0154725190003579,0.157078725205795,-0.00331479561791649,-0.309259403589382,-0.00302831345311588,0.00027872801152646,-0.00401344958705804,0.0236691886324552,-0.00160293759112145,0.0123308863916209,-1.96599911818897e-06,-0.000183549702760244,1.12585247042814e-05,-0.000383629104636241,2.86083751357076e-13,7.7337056317496e-05,-6.12012895683268e-06,0.00303446147333026,-0.257333191429294,-0.00103711574565395,1.27877482931707e-05,-0.000812176484139109,4.2569362700637e-05,-0.00109671274562242,-7.81258550533731e-17,0.000127217628568316,-3.06474779303097e-05,0.000405875731115973,-0.000457303145745463,2.38412338294369e-05,0.000506634067480429,7.79261404023623e-05,9.19339640326018e-05,-0.0242243458683755,1.91203985946853e-05,6.54314242135023e-06,8.02204351354899e-08,-9.78420607269936e-07,3.27763832404238e-06,3.02217993500276e-06,-1.31912034645326e-05,0.000426718940782944,1.94963774474734e-05,-1.55447811472153e-06,-0.886192961983436,-0.000268089398013996,-1.73304135800742e-14,-3.78337793104638e-15,4.28574869678047e-16,-0.00010174805642451,-4.27495495724289e-17,6.93132778035316e-06,2.18582987273169e-16,4.43463391926495e-06,-2.03456011819911e-16,-2.7431564427342e-18,1.5114210646068e-16,-8.73993460948355e-17,5.47787161984516e-17,-1.35169871329222e-05,9.52178775642243e-05,2.74283020392497e-16,4.11507924077958e-06,5.10529090021716e-18,-5.35194895170954e-05,0.00301184242224729,-4.92191784346623e-18,-5.76394164199102e-17,2.50778377372955e-16,6.98032645519995e-16,-8.40318026201017e-17,-6.654680352334e-16,1.46582292929349e-17,1.48264120217897e-16,-1.90184761078501e-16,-5.4358169736331e-17,-2.87721372724956e-17,-1.37864034120347e-06,-2.34913853600594e-17,-1.10701029611042e-17,9.02154563677169e-19,-4.86249540060379e-17,8.04987396974622e-17,3.82473910037334e-16,1.17083377246593e-16
"t62",-0.116081822739137,-0.0012313983566092,0.00371211955235577,0.0458059918724466,0.0157079386517745,0.160323533679387,-0.00339312944087376,-0.317117136214089,-0.00313019099960879,0.000297022829570442,-0.00432971650385705,0.0256896126348503,-0.00175781799479189,0.0135302943271676,-2.20926440201491e-06,-0.000209092743790246,1.29755684572137e-05,-0.000449335002222134,3.35477975848726e-13,9.0848860755392e-05,-7.28934162670843e-06,0.00371890067342879,-0.323286850126135,-0.00132740607549045,1.83141044655939e-05,-0.00117115768990753,6.35393129410251e-05,-0.00167362667587408,-4.65547652232428e-17,0.000204974318136169,-5.17203536652655e-05,0.00084413993228189,-0.000971653779611293,5.26186706719807e-05,0.00117318475790869,0.000193420119933719,0.000236685977347772,-0.0647763629970123,5.42358367140914e-05,2.36873586657825e-05,4.26068879109162e-07,2.35055784070723e-05,-3.79595873888777e-05,-2.00216976067279e-05,3.42174022874009e-05,-0.00046549793514894,-1.93656293345813e-05,8.35156474339109e-07,0.267358396720705,6.74104650253745e-05,3.21659186327848e-15,5.17197206293286e-16,1.14944838684608e-16,7.08030687337352e-06,1.79820327698809e-16,-2.94137414201187e-07,-3.13901387403985e-16,3.07743686550448e-07,8.90600210030975e-16,-3.27641432796697e-16,3.96839974405557e-17,-4.36119219378527e-16,-2.12870530890152e-16,-3.51822758604733e-06,2.65317660247122e-05,2.45377716112856e-15,1.29892424189856e-06,-2.69836831557903e-15,-1.904661600996e-05,0.407045693086599,-0.707106781186544,5.24168142488272e-14,8.33695146979201e-15,-3.05978610637845e-15,-4.63814526804102e-16,-3.87879603517135e-16,1.32470474496015e-16,-6.46245972146542e-17,-4.31331601131698e-17,-4.3743514484189e-16,-9.10026809941718e-17,-5.85886808290859e-07,3.01004895766785e-16,-1.28064434291799e-16,8.8811837106801e-17,-2.36779908989098e-16,-6.59378676309884e-17,3.32000882429152e-16,-1.35138928047868e-17
"t63",-0.116081822739137,-0.0012313983566092,0.00371211955235576,0.0458059918724466,0.0157079386517745,0.160323533679387,-0.00339312944087376,-0.317117136214089,-0.00313019099960876,0.000297022829570421,-0.00432971650385709,0.0256896126348503,-0.00175781799479188,0.0135302943271676,-2.20926440224682e-06,-0.000209092743790211,1.29755684573074e-05,-0.000449335002222197,3.35520380361137e-13,9.08488607553742e-05,-7.28934162687322e-06,0.00371890067342861,-0.323286850126136,-0.00132740607549053,1.83141044655926e-05,-0.00117115768990753,6.35393129408751e-05,-0.00167362667587456,1.42301975105382e-16,0.000204974318136257,-5.1720353665173e-05,0.000844139932281385,-0.000971653779611281,5.2618670671984e-05,0.0011731847579087,0.000193420119933875,0.000236685977347643,-0.0647763629970128,5.42358367141976e-05,2.36873586658137e-05,4.26068879527284e-07,2.35055784070792e-05,-3.79595873891136e-05,-2.00216976066758e-05,3.42174022879005e-05,-0.000465497935148884,-1.93656293347669e-05,8.35156473845953e-07,0.267358396720705,6.74104650248263e-05,3.22980841062632e-15,1.14741144946726e-16,-5.19401901529536e-16,7.08030687383843e-06,-3.04687254838857e-16,-2.94137414427569e-07,5.28143483376967e-17,3.07743687380513e-07,3.62460384286077e-17,3.12892993913133e-16,-8.6347857571281e-17,5.53055257399602e-16,7.95242678032403e-17,-3.51822758367856e-06,2.65317660261694e-05,-1.55122606852631e-15,1.29892423853667e-06,2.94761197386423e-15,-1.90466160037706e-05,0.407045693086585,0.707106781186551,-5.13500243535135e-14,-1.58250051991433e-14,4.86127355724269e-16,3.92356457146451e-16,6.11261820187042e-16,-3.71821141079426e-17,5.14261361317933e-16,-7.15746244830635e-16,3.8553681979673e-16,2.06047330100592e-16,-5.85886808707192e-07,1.33914558235448e-16,-5.31104016862996e-19,-2.14289602298618e-16,7.97491722341337e-17,-7.25961423296226e-18,-6.94554800587388e-17,2.18353085160057e-16
"t61",-0.116076019786225,-0.00123132214008996,0.00371164115638488,0.0457981519992253,0.0157051401796162,0.160285060034098,-0.00339220191447609,-0.317024171219774,-0.00312899018436907,0.000296810160943852,-0.00432605990717035,0.0256663145738608,-0.00175603994189065,0.0135165283841688,-2.20650016783709e-06,-0.00020880411009374,1.29562566117958e-05,-0.000448600684857074,3.35022217945811e-13,9.06980272418756e-05,-7.27635866616672e-06,0.00371138126212277,-0.322568701800419,-0.00132426570321836,1.8256437844217e-05,-0.0011674193775255,6.33231033171861e-05,-0.00166771501773522,1.94817946178684e-16,0.000204188944277624,-5.15099512647863e-05,0.000839955173733184,-0.000966761963812457,5.23468359895762e-05,0.00116693978439718,0.000192349939237944,0.000235352011654678,-0.0644046828725904,5.39165546045782e-05,2.35357871641306e-05,4.23105699157589e-07,2.33114869402085e-05,-3.76373767330962e-05,-1.98452973967644e-05,3.38794151153454e-05,-0.000459993888366631,-1.91312468922947e-05,8.23266195629289e-07,0.262935916150454,6.62460768536726e-05,2.95699307690793e-15,2.03454830256676e-15,-1.39588262764328e-16,6.92847470738778e-06,-1.76258924186406e-17,-2.87545175711723e-07,3.70142547822438e-17,2.98980223769479e-07,-7.46778074097322e-16,4.80694904092007e-17,1.38904519938836e-17,1.23856544097653e-16,-3.088768537288e-17,-3.24736093196276e-06,2.40081380349366e-05,-1.3819332372067e-15,1.08026276202967e-06,-2.45969278807879e-16,-1.25244775296407e-05,-0.817690922077699,-7.85823774668655e-15,-1.25335992898022e-15,7.29949595507377e-15,1.95828291974014e-15,-5.15511563850374e-17,-7.69718540544222e-16,-7.95283133404688e-17,-3.88387393577983e-16,3.41005525714872e-16,-1.30773941000974e-16,-8.03388262923556e-17,-6.12689805404298e-07,-4.17306560654962e-16,-2.6374747246844e-16,-1.62763984404539e-16,2.00868935799625e-17,1.15600429106898e-17,1.5201853286742e-17,-9.70667970916959e-18
"t66",-0.114524794949974,-0.00121086294599754,0.00358012287413668,0.0436094559280416,0.0149218654930834,0.149265877715269,-0.00312316522978806,-0.289853374097054,-0.00276535029455394,0.000222501165982726,-0.00296721821275094,0.0167325690550754,-0.00103569899176889,0.00792167980904292,-9.19644546456405e-07,-6.2673094886145e-05,2.40759799952084e-06,3.85438364669533e-07,-5.63051524445051e-15,-3.53308291534127e-06,1.74467798019773e-06,-0.00301365635039592,0.518656462504286,0.00340902871068566,0.000190524625765957,-0.0108181513169367,0.000402021155856113,-0.00917718307000259,9.94726194301564e-17,0.000910575044568475,-0.000208096456942484,0.00305852137331936,-0.00354642608189383,0.000195877830053142,0.00453475441716162,0.000812157493229443,0.00105533557324398,-0.312148549749082,0.000307689182843611,-0.00053868018428594,-3.305375827293e-07,1.79564645048993e-05,-3.11547936033413e-05,-1.74898078753732e-05,3.18133261605347e-05,-0.000389592751200707,-1.57328979622713e-05,4.57189168689e-07,0.0161166642003714,-1.11272255039468e-05,-2.19010030170329e-15,-1.52264828738241e-16,8.10440328738908e-17,-2.6379298497109e-05,-4.12062540782038e-17,2.02325222984669e-06,-3.310265480621e-16,1.88975891562276e-06,-1.45049915012568e-16,3.40389872364267e-16,1.96768561079594e-16,-6.44023123761496e-17,2.70988676687731e-16,-8.75729714655549e-06,6.35092976204454e-05,-2.6983208999434e-15,2.88044453350227e-06,4.32447187777413e-16,-3.85425397553818e-05,0.000123124216209025,1.21505946532718e-14,2.74336351229338e-14,0.707106781186548,-2.26541689288191e-15,-1.34077818362846e-15,-6.11022114257366e-16,1.14884928000309e-16,-2.13612417601039e-16,1.10573704224817e-16,-6.55741875146559e-17,3.66120593079885e-16,-1.17379703991338e-06,2.88646458392502e-16,-2.88602460438828e-16,-1.50259289652977e-16,-1.0753792657486e-16,1.38787685906161e-16,1.8145364960622e-16,9.81778503544564e-17
"t67",-0.114524794949974,-0.00121086294599751,0.0035801228741367,0.0436094559280416,0.0149218654930834,0.149265877715269,-0.00312316522978805,-0.289853374097055,-0.00276535029455396,0.000222501165982752,-0.0029672182127509,0.0167325690550754,-0.00103569899176882,0.00792167980904292,-9.1964454648763e-07,-6.26730948861372e-05,2.40759799952084e-06,3.85438364738921e-07,-5.50071195995803e-15,-3.53308291535515e-06,1.7446779801561e-06,-0.00301365635039588,0.518656462504287,0.00340902871068566,0.000190524625765741,-0.0108181513169365,0.000402021155856072,-0.00917718307000226,3.26303692761971e-16,0.000910575044568497,-0.000208096456942416,0.00305852137331944,-0.00354642608189362,0.000195877830053219,0.00453475441716156,0.000812157493229845,0.00105533557324385,-0.312148549749082,0.000307689182843786,-0.000538680184286378,-3.30537582470501e-07,1.79564645046149e-05,-3.11547936029805e-05,-1.74898078753802e-05,3.18133261607428e-05,-0.000389592751201276,-1.5732897962726e-05,4.57189168627193e-07,0.0161166642003709,-1.1127225504037e-05,-2.2210426793535e-15,-7.79679315135024e-16,-1.94491576134961e-16,-2.63792984971714e-05,9.52336031997136e-17,2.02325223003447e-06,2.44704219040514e-16,1.88975891533914e-06,2.07444100253631e-16,-3.36474788572821e-16,-1.68451339997556e-16,6.00591775906364e-17,-2.97860957110033e-16,-8.75729714679141e-06,6.35092976211116e-05,2.84317339047165e-15,2.8804445328344e-06,-4.79768261235914e-16,-3.85425397509409e-05,0.000123124216196376,-1.20526680117779e-14,-2.75796909001513e-14,-0.707106781186547,1.9359595586467e-15,1.24024095123565e-15,4.90343692547831e-16,-1.30710147046708e-16,3.13055451672636e-16,-3.79639033489294e-16,-1.01143445364914e-16,-3.49795803516438e-16,-1.17379703992726e-06,-2.92690948257609e-16,7.46121758678387e-18,7.81979369856086e-17,-7.16888161211792e-17,-2.9598851212658e-16,2.83519794479391e-16,1.07542641689942e-16
"t10",-0.113719034025139,-0.0012002975380358,0.00351446731901759,0.0425409854415728,0.0145409312463954,0.1440878286221,-0.00299916170493085,-0.277476065629882,-0.00260878685600361,0.000197793170371678,-0.00257076628733136,0.0143081956226503,-0.000865520878901779,0.00661121058164885,-7.25256869699153e-07,-4.77358184964487e-05,1.77732886091908e-06,2.71765230666632e-07,-3.88758170776199e-15,-2.46957500005252e-06,1.16883554659997e-06,-0.00183242201807511,0.28644683640066,0.00173546421384724,4.22571354633241e-05,-0.00219286011406488,4.15895573168861e-05,-0.000338674055358479,-1.39291296653739e-16,-0.000124072117735881,6.16243549015991e-05,-0.00364849648444331,0.00462665073770802,-0.000296630331723049,-0.0081720322299976,-0.00184279937399812,-0.00268364709552256,0.889755020351948,-0.00104095365808501,0.00357592038175653,7.62400552587307e-06,0.000166692343600894,-0.000247046542063284,-0.000117356522465847,0.000152837918435428,-0.00140920829962994,-5.54577261396398e-05,1.40050903267835e-06,0.0451734152179272,-3.05470093161231e-05,-5.89346920027854e-15,4.43995094759022e-16,9.7609615005872e-18,-6.67422799279921e-05,6.30446454597342e-17,5.0522586463389e-06,2.93855285986828e-17,4.45756718684027e-06,-7.33976519914498e-17,1.93084065059053e-17,-3.5088353439618e-17,5.31983464797024e-17,-1.17011121859615e-16,-1.85501038279905e-05,0.000133149062751858,-2.14715978466738e-16,5.92954469042864e-06,-6.46155085574218e-17,-7.84295146791236e-05,0.000248147591888803,3.8434755824859e-16,-7.36156529270248e-17,-7.83293183823957e-17,3.70039552354602e-16,-2.82928645293827e-17,2.2839392631263e-16,3.27808603487984e-17,7.2837050326909e-18,-1.82374022595091e-16,1.09400795286644e-17,7.76108463605089e-17,-2.20022077224158e-06,-2.08991628891291e-17,1.67121726957736e-16,-4.82972150949364e-17,-9.94492183303307e-17,-3.66176981610254e-17,2.31314108891172e-16,-3.7019229914766e-17
"t1",-0.0850287979464855,-0.000806649758587016,-0.000290664974313448,-0.113610964715203,-0.0657738432641831,-0.01215115894473,-0.000516117638547404,-0.000155626977202328,0.00202257348426719,-0.0018129341670251,0.0278669515966572,-0.666148981483757,-0.0875018641445716,0.10758034575848,-0.00311690164014158,-0.00189509697543091,9.37092779293158e-05,-0.00248010031186309,1.81547587452844e-12,0.000478320767091256,-3.0477728929959e-05,0.0022833516093519,-0.00745386054955784,0.000825049072335438,0.000329980852736325,-0.00708541837733543,0.000871102100346537,-0.00617591239299167,0.707106781186548,0.000604303360037103,-0.000452935131488871,0.00173258163235837,-0.0179255575034102,0.000187442147198686,0.00115532281022099,0.00153445371561314,0.00105389466470765,-0.00254943474040184,-0.000134361957231322,0.000521997389313411,1.74110573746044e-06,0.000185507584167688,-8.91455828262444e-05,-0.000142328452728491,0.000206662153414278,-0.000668484226380162,-8.46799774435851e-05,2.17679981014281e-06,0.000592371613355241,-7.65612304812237e-05,-1.2000531076715e-14,-7.90013220773244e-17,9.85878101482627e-17,-0.000129983268651046,1.11883119268784e-16,9.83446428874657e-06,-4.45138726386219e-17,8.77550540234057e-06,8.3499036128333e-18,-1.7236759952674e-16,-4.05622329608036e-18,-5.48260169544882e-17,-1.57230507070295e-16,-3.81400034008619e-05,8.88951845630648e-05,6.23563211653701e-16,1.23616810898996e-05,-3.15384513665822e-17,-0.000565887205931433,4.82394591942367e-06,-7.26685830502182e-17,-5.67116940451957e-17,1.28655777468584e-16,-1.90032972326997e-16,-6.93979750906136e-17,1.33467560111699e-16,1.25169252770472e-16,7.42760672817636e-18,-1.55131161459855e-16,-6.90485538179567e-17,-6.50017365230803e-17,-4.80133043878617e-06,1.47094834533437e-16,-2.97055273599747e-17,-2.88029550728347e-16,-1.32885218144905e-16,3.98702922223051e-17,1.88640612773787e-16,1.53056262722851e-16
"t13",-0.0850287979464855,-0.000806649758587012,-0.000290664974313456,-0.113610964715203,-0.0657738432641831,-0.01215115894473,-0.000516117638547445,-0.000155626977202287,0.00202257348426713,-0.001812934167025,0.0278669515966571,-0.666148981483756,-0.0875018641445715,0.10758034575848,-0.0031169016401415,-0.00189509697543087,9.37092779289828e-05,-0.00248010031186325,1.81516289121699e-12,0.000478320767090673,-3.0477728929848e-05,0.00228335160935169,-0.00745386054955785,0.000825049072335049,0.000329980852734787,-0.00708541837733647,0.000871102100343854,-0.0061759123929962,-0.707106781186548,0.000604303360047938,-0.000452935131489056,0.00173258163235956,-0.0179255575034089,0.000187442147199198,0.00115532281021998,0.00153445371561294,0.00105389466470981,-0.0025494347404022,-0.00013436195723174,0.000521997389313432,1.74110573683691e-06,0.000185507584167938,-8.91455828261611e-05,-0.000142328452728352,0.00020666215341425,-0.000668484226380368,-8.4679977443148e-05,2.17679981059904e-06,0.000592371613355291,-7.65612304809461e-05,-1.19962743376139e-14,3.08687138127137e-17,-1.26186985874171e-16,-0.000129983268650935,-1.13252965806225e-16,9.83446428896514e-06,3.03243670332938e-17,8.7755054025071e-06,-1.16006007551788e-16,1.9670816320383e-16,1.38273888110779e-17,8.935325133304e-17,2.52889688543802e-17,-3.81400034008203e-05,8.88951845630509e-05,6.9042010492357e-18,1.23616810902005e-05,1.96848428407586e-17,-0.000565887205931363,4.82394591947571e-06,7.15920252778649e-17,-7.26123486060684e-17,1.56319066839222e-16,9.49567951529042e-17,-1.54311681089396e-17,1.96282253034054e-16,-9.989647607762e-17,8.53116349156663e-17,5.00017487016029e-17,-5.71547543844239e-17,7.49372225891907e-17,-4.8013304389527e-06,-1.15017785755758e-16,-4.11784210464886e-17,1.65672619651589e-16,1.23611911032731e-17,-1.49802277592582e-16,2.22848279778762e-16,-6.25586642424989e-18
"t91",-0.0990886125459545,-0.000980436701783029,-0.00047556464776785,-0.244082621005576,-0.149379505213713,-0.0594112511614602,-0.00783804949759537,0.00754106609239355,-0.0043760053121424,0.000553522630792856,-0.0050282907736113,0.0920299997907929,0.0072687229466977,-0.0086505391586151,-0.415682042861295,-5.78438870037102e-05,4.8644995723629e-06,-0.000189077847598539,1.41439151499469e-13,3.83378315050725e-05,-2.95587527965498e-06,0.000287140624294275,-0.00109231193519534,0.000132528369360341,7.85184898775073e-05,-0.00172098724116754,0.000234604480669947,-0.00177922204182483,2.77555756156289e-17,0.000207551375458854,-0.000184649983196483,0.00543184387109117,-0.211959136231591,-0.000557521594163016,-0.00136207785485547,-0.0861619834817121,-0.0224117765177136,0.000643298696876175,2.85008764206681e-05,-4.82096273032306e-05,-4.67946998038669e-08,7.93844052287759e-06,-4.46459193335913e-06,-8.38529219604478e-06,1.6672459650896e-05,-7.0086777228905e-05,-9.09489804162313e-06,2.67491061232722e-07,7.97734910811237e-05,-1.05481159744852e-05,-1.74373907888512e-15,2.15105711021124e-16,3.44817699046869e-17,-1.97713502721186e-05,-1.34800954094766e-16,1.52318957283813e-06,-9.75760625647748e-17,1.49014601480597e-06,-1.6926168071392e-16,-1.23381824708119e-17,-1.84719303737141e-16,8.34673614503352e-17,1.06429452503018e-16,-1.00326779870125e-05,2.68608382417705e-05,-2.12330153459561e-15,6.63640860365912e-06,1.14412657068187e-15,-0.399004445904122,-1.428563227171e-06,1.83533743758346e-15,-1.20344533306113e-16,-1.30451205393456e-15,-2.63677968348475e-16,-2.33317464648153e-17,7.63278329429795e-16,2.85211675255142e-17,2.68614528405911e-16,-1.83880688453542e-16,1.12475967838174e-16,1.31144210805814e-16,-5.6809157736315e-07,-2.14308013375509e-16,3.03576608295941e-16,0.707106781186547,-1.28229500364259e-15,3.56054486286302e-16,9.0205620750794e-17,6.88413310964523e-17
"t92",-0.0990886125459545,-0.00098043670178304,-0.000475564647767848,-0.244082621005576,-0.149379505213713,-0.0594112511614602,-0.00783804949759538,0.00754106609239358,-0.00437600531214242,0.000553522630792875,-0.00502829077361128,0.092029999790793,0.00726872294669764,-0.00865053915861506,-0.415682042861296,-5.78438870036692e-05,4.86449957232474e-06,-0.000189077847598595,1.41362418201176e-13,3.83378315050031e-05,-2.95587527954916e-06,0.000287140624294341,-0.00109231193519538,0.000132528369360535,7.85184898775444e-05,-0.00172098724116755,0.000234604480669938,-0.0017792220418246,-2.4980018054066e-16,0.000207551375458609,-0.000184649983196511,0.00543184387109105,-0.211959136231591,-0.000557521594162908,-0.00136207785485541,-0.0861619834817121,-0.0224117765177136,0.000643298696876286,2.85008764208073e-05,-4.82096273028837e-05,-4.67946997791471e-08,7.93844052251157e-06,-4.46459193340076e-06,-8.38529219604131e-06,1.66724596507434e-05,-7.00867772289995e-05,-9.09489804168297e-06,2.67491060945246e-07,7.97734910810699e-05,-1.05481159744557e-05,-1.64610571146329e-15,2.28983498828939e-16,-3.27058618895456e-17,-1.97713502722574e-05,1.36019146381481e-16,1.52318957292834e-06,-1.01459953362729e-16,1.49014601490832e-06,-2.12589770917476e-16,-5.72403035237738e-18,-2.0658495126398e-16,-3.03816987522161e-17,-2.94256759823347e-17,-1.00326779873109e-05,2.68608382420509e-05,-1.79023462720806e-15,6.63640860352989e-06,1.09145299396007e-15,-0.399004445904122,-1.42856322714324e-06,2.04003480774873e-15,-8.64603273113989e-17,-1.33226762955019e-15,-9.15933995315754e-16,1.16820773204397e-17,-1.56125112837913e-16,7.62041628562697e-18,-4.41433207680353e-16,-1.14491749414469e-16,-2.91932233211086e-16,-7.21137935321843e-17,-5.68091574962293e-07,2.18825652398017e-16,-5.86336534880161e-16,-0.707106781186547,1.19023290894853e-15,-7.09829708404341e-16,8.32667268468867e-16,1.71618359672648e-16
"t69",-0.0989757029008484,-0.00097905355184441,-0.000474168140618305,-0.243130901648124,-0.148773237551795,-0.0590865488358096,-0.00778926080293407,0.00749073004645772,-0.0043377974353316,0.000544515854728333,-0.00493183959663455,0.0901348675394213,0.00710185505141372,-0.00845079490780378,-0.403890645668263,-5.60346691821224e-05,4.7005346681811e-06,-0.000182084489235739,1.36095724160915e-13,3.68974190235738e-05,-2.83680106855262e-06,0.00027402338650509,-0.00103753920714652,0.000125455463652197,7.29606259395436e-05,-0.00159752005354272,0.00021667879672348,-0.00163818339386743,-2.22044604925031e-16,0.0001897282757885,-0.000167832382570914,0.00483133169021194,-0.188169839572355,-0.000493349581124093,-0.00120064765336216,-0.0755575203414463,-0.0196033114122232,0.000561265142909238,2.47744878850748e-05,-4.1373646187795e-05,-3.96004712363909e-08,6.49760732601701e-06,-3.63243113338935e-06,-6.76528792562317e-06,1.30778882308849e-05,-5.2149326636974e-05,-6.71513832142204e-06,1.85902378398335e-07,5.17767552512911e-05,-6.6943035888405e-06,-9.99691344263248e-16,-2.63677968348475e-16,-1.84942153673978e-17,-1.09572091227528e-05,-8.64107415646729e-17,8.1631274556019e-07,2.44628652084043e-16,6.32776788869749e-07,-1.11057496889642e-16,-5.01611588881191e-18,3.44912734945532e-16,-1.88503129510181e-16,-1.60247229621109e-16,3.03937357966008e-06,-1.39044030680334e-05,3.83026943495679e-15,-7.84286872174177e-06,-2.20595065806673e-15,0.825401199052444,5.29833803152024e-06,-3.60822483003176e-15,8.75723103828243e-17,2.33840724561674e-15,1.72084568816899e-15,1.09291722099967e-19,-4.59701721133854e-16,1.82654722188749e-16,3.69116025640994e-16,1.66533453693773e-16,1.2467139753319e-17,5.70170099601476e-19,-1.31462580105213e-06,5.38952165231804e-18,1.34441069388203e-16,3.11806146351662e-16,-2.87516331243688e-17,-1.4621552345418e-16,-5.20417042793042e-17,1.46554445512749e-16
"t11",-0.0975681486610357,-0.000961781723978616,-0.000456561791607107,-0.231058922579467,-0.141075319967706,-0.0549265773713679,-0.00716114230537102,0.0068408065296547,-0.00383783198781989,0.000420542285190819,-0.0035771082227906,0.0632498872798173,0.00469423234826174,-0.00556604544323875,-0.226851819041992,-2.82637159046736e-05,2.13591551586224e-06,-6.98195000330372e-05,5.15971283019171e-14,1.36652824741634e-05,-8.73328121360787e-07,4.76514303936669e-05,-5.44466235375069e-05,-5.27697147512107e-06,-4.94739146385283e-05,0.00115135022078433,-0.000204283915912809,0.0017891005351112,6.27969898303604e-16,-0.000281158824315179,0.00030929634557422,-0.0187092704081114,0.776169986004439,0.00226845938497623,0.00629802220135711,0.475360913372449,0.135298342839207,-0.00425670921270693,-0.000216988132102532,0.000649957705569451,1.79729114364185e-06,0.000151105171373495,-7.06936564979482e-05,-0.000109223824254126,0.000146145956961529,-0.00043234627622318,-5.42696900692998e-05,1.32349204338352e-06,0.000347444702057646,-4.45171544326915e-05,-6.91253261313747e-15,5.07406616723216e-17,-6.25640201279951e-17,-7.29783077413285e-05,4.73475850030844e-17,5.48982552071322e-06,-1.35331741340241e-16,4.77680006175335e-06,-2.56072220029933e-16,-3.04590062911194e-17,6.97628374727847e-18,-1.37796942441325e-16,-4.59683615613103e-17,-1.98664407821331e-05,4.62181018134241e-05,7.63278329429795e-17,6.49148231971115e-06,-1.20234566759134e-17,-0.0169604444107866,2.33969267875687e-06,-1.30104260698261e-17,-9.31706128340914e-17,8.41340885848751e-17,-3.10515502199848e-16,8.99347875649286e-18,1.69352379342236e-16,-4.88337529525239e-17,8.80203708568017e-17,1.99493199737333e-17,-3.74002680048336e-17,-4.03992959063228e-17,-2.32640761053775e-06,1.90346343676276e-17,3.46944695195361e-18,6.71192206934067e-17,-5.77995302775642e-17,-8.4465006375721e-17,1.50920942409982e-16,9.43826845542921e-17
"t35",-0.0988956787980592,-0.000978064294054271,-0.000473115592195576,-0.242388595028532,-0.148297634955011,-0.0588181735862195,-0.00774773906681539,0.00744712520161841,-0.00430175972721559,0.000531798109280911,-0.00476074127750981,0.0862706000836284,0.00663966829687737,-0.00788566211944921,0.312424448554758,-6.44072758207027e-05,5.06195757052135e-06,-0.000190021603726974,1.41425544028641e-13,3.83719793664184e-05,-2.91358036040557e-06,0.000276876728577463,-0.00103742605456034,0.000124555267143611,6.93302243978022e-05,-0.00151342211676477,0.000201944804132779,-0.00150929597743496,1.2941037130787e-15,0.000169216650144892,-0.00014472470874809,0.00303093515238686,-0.109853903878143,-0.000239425128741046,-0.000353002426479629,-0.045046985182598,0.524853742876087,0.00175397593066299,3.83265130309479e-05,-2.55680702753776e-05,3.67779206424785e-08,1.53217780579334e-05,-7.89089479555881e-06,-1.36042407466643e-05,2.32412600492432e-05,-8.70111413742703e-05,-1.11737363860908e-05,3.09781094816139e-07,8.85474731861028e-05,-1.15788052955733e-05,-2.09513078469872e-15,-9.71445146547012e-17,-8.75063769916389e-16,-2.0597678452053e-05,-3.36663769378545e-16,1.57037752817008e-06,-2.60700808958235e-15,1.44937623481516e-06,0.707106781186548,-1.8830070483056e-15,2.70433978455304e-15,-1.77543457866418e-16,-9.68009463822711e-16,-6.73933499917393e-06,1.58211195121789e-05,-2.04697370165263e-16,2.23447796824923e-06,6.28145607450609e-16,-0.00126263301916456,8.72353959841324e-07,5.42968447980741e-16,-1.52414468005034e-16,4.57099635919889e-16,4.63171168085807e-16,3.21402514392321e-16,2.60208521396521e-18,-2.68716842091787e-16,1.63452654413283e-16,-2.68882138776405e-17,7.94911647254486e-17,5.13039124636089e-16,-9.18321313674378e-07,-2.08633347692848e-16,-2.38849738598557e-16,-3.59770648203688e-16,-2.02165874111447e-17,5.63177495752305e-17,1.75207071073658e-16,2.21514603867233e-16
"t36",-0.0988956787980592,-0.000978064294054287,-0.00047311559219558,-0.242388595028532,-0.148297634955011,-0.0588181735862195,-0.00774773906681538,0.00744712520161841,-0.00430175972721559,0.000531798109280936,-0.0047607412775098,0.0862706000836285,0.00663966829687736,-0.00788566211944918,0.312424448554759,-6.44072758206736e-05,5.0619575705387e-06,-0.000190021603726958,1.41449370402497e-13,3.83719793664271e-05,-2.91358036049382e-06,0.000276876728577493,-0.00103742605456031,0.000124555267143521,6.93302243977312e-05,-0.00151342211676472,0.000201944804132717,-0.001509295977435,7.91033905045424e-16,0.000169216650144771,-0.000144724708748209,0.00303093515238692,-0.109853903878144,-0.000239425128740777,-0.000353002426479693,-0.0450469851825978,0.524853742876088,0.00175397593066288,3.83265130309377e-05,-2.55680702755234e-05,3.67779207286997e-08,1.53217780583239e-05,-7.89089479579907e-06,-1.36042407468647e-05,2.32412600502064e-05,-8.70111413742423e-05,-1.11737363858792e-05,3.09781094798474e-07,8.85474731863485e-05,-1.15788052955294e-05,-1.66117800062568e-15,2.60208521396521e-17,9.53238755988739e-16,-2.05976784521606e-05,2.54848788779681e-16,1.57037752741547e-06,2.44118674602989e-15,1.44937623038793e-06,-0.707106781186547,1.92539352944281e-15,-2.55748190442882e-15,-1.95194338765381e-16,8.22459755010201e-16,-6.73933499910638e-06,1.58211195127968e-05,-2.25514051876985e-17,2.23447796764007e-06,-7.54626167065181e-16,-0.00126263301916445,8.72353961494515e-07,-3.51281503885303e-16,-1.02538828691595e-16,-3.07046055247895e-16,-4.0766001685455e-16,-5.07815620682385e-16,1.58727198051878e-16,6.46852472863713e-17,-4.84361549885634e-19,-2.15539391890118e-16,-2.43845136678232e-16,-3.38426619902343e-16,-9.18321313533865e-07,9.64526018668446e-17,-1.59377719355369e-17,-1.07372663078036e-16,-1.15337176370395e-17,3.89496914275704e-17,1.49186218934005e-16,-1.46775888492029e-16
"t44",-0.0989338681285366,-0.000978532942289627,-0.000473593496919771,-0.242716341295759,-0.148506634635186,-0.0589311424457676,-0.00776479773886511,0.00746477665307699,-0.0043153382130883,0.00053514864895136,-0.00479709655003573,0.0869876582305341,0.0067026544963462,-0.007961004007642,0.31629719217819,-6.53157081937676e-05,5.1410045919804e-06,-0.000193402754131491,1.4436000457934e-13,3.9070329727991e-05,-2.97231140051557e-06,0.000283651072572901,-0.00106700758852154,0.000128511857261898,7.32362984598935e-05,-0.0016014758776416,0.000215727433045842,-0.0016232495881126,-1.11716191852906e-15,0.000185557463472005,-0.000162008962051754,0.004191293901121,-0.159595793387405,-0.000394147019040088,-0.000793292580857562,0.304054597338608,-0.410899053901759,-4.96484158862666e-05,1.35812031040529e-05,-1.7876616527867e-05,2.93570855400336e-08,1.33870306957952e-05,-6.94585936058482e-06,-1.20778498949759e-05,2.10309060145152e-05,-8.01554842862312e-05,-1.03106721849411e-05,2.88511715198245e-07,8.29583715285816e-05,-1.08630678057436e-05,-2.27071131611722e-15,3.22224885662692e-16,-7.82413057200413e-16,-1.94305792372285e-05,-2.73575432488952e-16,1.48270417313281e-06,-6.65710778401785e-16,1.37370286876042e-06,-4.71035538009013e-16,-2.52813398361463e-15,3.58107707273065e-14,-0.707106781186547,1.40282957151594e-15,-6.43361154951407e-06,1.5113786625243e-05,6.41847686111419e-17,2.13717748562481e-06,-2.78580048214688e-17,-0.00120858023807706,8.35541669925305e-07,5.72892427941341e-16,8.92586245689755e-17,1.88217497143484e-16,1.21430643318376e-16,-1.19548828812415e-17,-1.44198888940572e-16,3.52509604571022e-16,-5.48714652464431e-17,3.54750950837257e-16,-2.41071603153175e-16,3.48178460126239e-16,-8.83793391448159e-07,-1.65964036439853e-17,-1.20888542232134e-16,-6.64366382805398e-17,-3.37671552812768e-16,1.67856056902666e-16,2.92300905702092e-16,-2.51428517752176e-16
"t45",-0.0989338681285366,-0.000978532942289625,-0.000473593496919757,-0.242716341295759,-0.148506634635186,-0.0589311424457676,-0.0077647977388651,0.00746477665307702,-0.00431533821308832,0.000535148648951378,-0.00479709655003578,0.0869876582305341,0.00670265449634617,-0.00796100400764197,0.31629719217819,-6.53157081937767e-05,5.14100459192185e-06,-0.000193402754131494,1.44428737799871e-13,3.90703297279025e-05,-2.97231140051189e-06,0.000283651072572998,-0.00106700758852148,0.000128511857261981,7.32362984597658e-05,-0.00160147587764152,0.000215727433045808,-0.0016232495881125,-8.39606162372775e-16,0.000185557463471982,-0.000162008962051924,0.00419129390112064,-0.159595793387405,-0.000394147019040112,-0.000793292580857223,0.304054597338608,-0.410899053901758,-4.96484158863256e-05,1.35812031041173e-05,-1.78766165281636e-05,2.93570856462584e-08,1.33870306962519e-05,-6.945859361146e-06,-1.20778498952897e-05,2.10309060139822e-05,-8.01554842861941e-05,-1.0310672184829e-05,2.88511715923003e-07,8.29583715283843e-05,-1.08630678058198e-05,-1.11487013680567e-15,-1.10154940724527e-16,7.74178670903454e-16,-1.94305792372527e-05,2.65109150080549e-16,1.48270417333273e-06,7.50500103586078e-16,1.37370286879034e-06,8.11038929099272e-16,2.63179579916117e-15,-3.59041347219768e-14,0.707106781186548,-1.36349731568533e-15,-6.43361154849058e-06,1.51137866252072e-05,-3.71230823859037e-16,2.13717748535783e-06,3.01472815770319e-17,-0.00120858023807681,8.35541670664297e-07,-6.90419943438769e-16,-9.644753349333e-17,-7.28583859910259e-17,-2.80157841370254e-16,-2.73542099722786e-16,7.84962372879505e-17,-2.96763429583349e-16,6.21727373286254e-17,-2.7148422399037e-16,2.14697235994227e-16,-2.91363986543041e-16,-8.83793391562651e-07,7.08992579844657e-17,3.72965547335014e-17,-9.77253997696338e-17,7.71449013002489e-17,-6.81241816404395e-18,-9.06393016197882e-17,1.74621283634177e-16
"t34",-0.0978485557314591,-0.000965218957651228,-0.000460043540807754,-0.233435686373567,-0.142589741941448,-0.055739031045244,-0.00728328282146418,0.00696684160072606,-0.00393341503975272,0.000441990949990435,-0.00379118310290565,0.067195830619569,0.00497149039911544,-0.00589075162005909,0.210955319895011,-4.07542352662369e-05,3.01508527144126e-06,-0.000103154385140627,7.76208458631885e-14,2.04563527211633e-05,-1.41737852977402e-06,0.000106895914573732,-0.00030548546988507,2.77341858073363e-05,-1.89950962497982e-05,0.00046653338134529,-9.88143801189528e-05,0.000925927713703707,-9.71445146547012e-17,-0.00016042303544942,0.000184304905126787,-0.0109563464422623,0.442510896381794,0.00119452296624509,0.00256563899587516,-0.751337146266678,-0.302777572046741,-0.00609159086651285,-0.000231919525124782,0.000574928073007151,1.52839746178895e-06,0.000126320584010881,-5.90742548987333e-05,-9.12587279044237e-05,0.000122266901224689,-0.000363164819573547,-4.56115153091925e-05,1.11659501424047e-06,0.000294055868282698,-3.77078095313808e-05,-5.76201654642126e-15,2.50667542278649e-16,-2.73770792862763e-16,-6.20373283865792e-05,-9.8406078421673e-18,4.66968168920737e-06,1.41902611817709e-16,4.07444163798114e-06,-1.113847471635e-16,-4.06150825971413e-18,-7.45272525415053e-17,5.68704404689025e-17,-9.58125728763429e-17,-1.69838533831867e-05,3.94464636008005e-05,-1.90819582357449e-16,5.46583405559137e-06,-3.25815296094757e-17,-0.00305128322246832,2.08688254012268e-06,-1.38777878078145e-17,-1.01804548367051e-16,-7.11236625150491e-17,2.42861286636753e-17,6.96966513390718e-17,5.8113236445223e-17,4.02116265907645e-17,-7.39908683499326e-18,-1.56125112837913e-16,-1.08641791637087e-16,-1.2166544547874e-16,-2.03260363972405e-06,4.67088319867286e-17,1.56125112837913e-17,-1.25946375343029e-16,-9.37240733494872e-17,6.57556510204568e-17,-3.90312782094782e-17,1.22636628788894e-16
"t32",0.112402639508965,-0.0886074872247974,0.216223251477417,0.0394745124630148,-0.0612821188237147,-0.000547450456648206,-0.0194852235000302,1.37014104412803e-05,-0.0210553564301094,0.001168930624939,-0.000180558143895706,0.00263003556742525,-0.00763093634656467,-0.000717338318779513,2.15392872982001e-08,0.271690097586007,0.000547595223608077,-0.228101206437845,-5.36893214743264e-11,-0.00106386240191741,3.31304103940184e-05,-2.80512308100479e-06,-3.27079183660081e-05,5.63011994317297e-06,3.77894871971612e-05,-9.93806067472449e-05,0.00076509632905722,-9.14426298427029e-05,1.94289029309402e-16,9.99109817194111e-06,-0.000465028917785387,2.95513497433897e-05,-0.000101272125330679,0.000168760156585995,2.78673275828289e-05,9.64550624927993e-06,6.85458739268726e-06,-6.4133071878282e-05,-0.000115795252218381,1.48904300897278e-05,5.78495311202853e-08,0.000458676738235055,-1.09034609358828e-05,-0.208720864015591,-2.89151467296961e-05,-5.76491054398343e-06,-0.00415951852304937,0.495999559164914,6.11239180733285e-06,-7.39795948275336e-06,-3.64614676691872e-15,-1.12757025938492e-17,-5.56458562003845e-16,-9.18405675303519e-05,2.69165648206974e-15,7.10412679957428e-06,0.707106781186547,1.14301256435136e-06,2.24508033620095e-15,-2.81056365007569e-16,2.21677791689109e-16,-6.79687084164204e-16,-4.69859610651507e-16,-5.64695894131394e-06,1.56398931757285e-06,-4.16333634234434e-16,0.00109036865489266,-1.55970387675763e-16,-2.96396758121993e-06,8.80952889040221e-08,-9.19403442267708e-17,2.54920843086342e-16,4.47558656802016e-16,-3.88578058618805e-16,-1.77485369722115e-16,-1.795438797636e-16,-1.71082793834069e-17,8.33147988297667e-17,1.00613961606655e-16,-9.10426811035702e-17,8.93013385387321e-17,-4.71695692257079e-06,-1.50775316032469e-16,1.0842021724855e-17,-1.7865122201853e-16,-4.35996101650809e-16,5.80766558382769e-17,-2.39391839684799e-16,9.23337701542544e-17
"t30",0.112402639508965,-0.0886074872247975,0.216223251477417,0.0394745124630148,-0.0612821188237148,-0.000547450456648203,-0.0194852235000302,1.37014104412966e-05,-0.0210553564301094,0.00116893062493901,-0.000180558143895691,0.00263003556742524,-0.00763093634656463,-0.000717338318779568,2.15392872912612e-08,0.271690097586007,0.000547595223608054,-0.228101206437845,-5.36893364537378e-11,-0.00106386240191743,3.3130410394093e-05,-2.80512308097651e-06,-3.27079183660151e-05,5.63011994311746e-06,3.77894871970392e-05,-9.93806067473551e-05,0.000765096329056948,-9.14426298424323e-05,1.52655665885959e-16,9.99109817164995e-06,-0.000465028917785313,2.95513497435042e-05,-0.000101272125330707,0.000168760156585986,2.78673275827903e-05,9.64550624909963e-06,6.85458739243839e-06,-6.41330718782057e-05,-0.000115795252218316,1.48904300896896e-05,5.78495313848307e-08,0.000458676738235235,-1.09034609356989e-05,-0.20872086401559,-2.89151467295261e-05,-5.76491054426489e-06,-0.00415951852304974,0.495999559164914,6.11239180695901e-06,-7.39795948188839e-06,-5.88463831863196e-15,1.22558213577761e-15,-4.72674483816239e-16,-9.18405675265979e-05,-5.65435661734574e-15,7.10412678619305e-06,-0.707106781186547,1.14301257312516e-06,-2.40526144667634e-15,2.48848843346926e-16,5.05586268777597e-16,1.16639293794302e-16,2.97116980541364e-16,-5.64695894120833e-06,1.5639893177539e-06,2.56739074444567e-16,0.00109036865489434,4.41647034823198e-16,-2.96396758075416e-06,8.80952890011666e-08,2.77555756156289e-16,-2.15984275784222e-16,-4.57966997657877e-16,4.19803081186387e-16,6.93472000429495e-17,-1.04950770296597e-16,1.41005537707436e-16,1.05587063987567e-16,-3.12250225675825e-17,-2.39252902887748e-19,-1.38672727619827e-17,-4.71695692265406e-06,2.94354229946772e-16,-6.67868538251071e-17,-1.25072206684081e-16,1.1225241568235e-16,-5.9698732790937e-17,3.81639164714898e-16,-6.11676841615945e-17
"t28",0.112383332445086,-0.0885886276643902,0.216126982704695,0.0394511029378777,-0.0612442714613357,-0.000546993075974654,-0.0194666364894501,1.36873744065937e-05,-0.0210269508142868,0.00116591678471205,-0.000180003907824415,0.0026213267523117,-0.00760253645355579,-0.000714651862601815,2.14383477775693e-08,0.270271654070842,0.000544487447814314,-0.226663740918218,-5.33484052907385e-11,-0.00105703754097262,3.2900255884003e-05,-2.78257692257294e-06,-3.24144388478068e-05,5.57568298735489e-06,3.72699030648947e-05,-9.79901681529695e-05,0.000753469926256489,-8.99833057371041e-05,-1.38777878078145e-16,9.81332726373083e-06,-0.000456046498505137,2.87915311194056e-05,-9.86064002335904e-05,0.000164138213811789,2.70675966693649e-05,9.35112373486626e-06,6.63903337000941e-06,-6.20562109519066e-05,-0.000111882114809039,1.43092892317988e-05,5.52170184326285e-08,0.000428797575521723,-1.01456739914508e-05,-0.1928248412016,-2.58871327835797e-05,-4.53373391139729e-06,-0.00314822277561747,-0.503871530733625,8.70099393828318e-06,-9.77737136271042e-06,-2.88883768112755e-15,-4.48946435582798e-15,6.45325508433398e-16,-0.000106195660220073,0.707106781186548,8.12105852368702e-06,-4.25092823180575e-15,1.26011507211535e-06,3.68645414053084e-16,-1.71389049886864e-16,5.20156989816296e-16,5.54177398766948e-17,-6.87075194672022e-16,-5.99504422768246e-06,1.65628276030139e-06,7.63278329429795e-17,0.00115001255035033,3.90140623509994e-17,-3.1186367683185e-06,9.25179555050226e-08,-1.21430643318376e-16,-1.50319573368318e-16,-2.22044604925031e-16,-1.31838984174237e-16,-3.52207259945679e-17,-9.8879238130678e-17,1.22205799815903e-17,1.88749022239707e-16,-4.16333634234434e-17,-2.30420272942127e-16,-1.03545969926173e-16,-4.89563150269517e-06,-2.7630593697208e-17,-3.29597460435593e-17,4.20276369621535e-17,-2.75951021820855e-17,-1.98353309397156e-16,-3.29597460435593e-17,1.2655697969018e-16
"t29",0.112383332445086,-0.0885886276643902,0.216126982704695,0.0394511029378777,-0.0612442714613357,-0.000546993075974657,-0.0194666364894502,1.36873744065902e-05,-0.0210269508142868,0.00116591678471206,-0.000180003907824423,0.00262132675231169,-0.00760253645355578,-0.000714651862601775,2.1438347791447e-08,0.270271654070841,0.000544487447814245,-0.226663740918218,-5.33484330462799e-11,-0.00105703754097283,3.29002558840897e-05,-2.78257692245113e-06,-3.24144388476506e-05,5.57568298735489e-06,3.72699030650397e-05,-9.799016815294e-05,0.000753469926256354,-8.99833057369931e-05,-6.93889390390723e-17,9.81332726366832e-06,-0.000456046498504577,2.87915311195826e-05,-9.86064002335661e-05,0.000164138213811825,2.70675966694332e-05,9.35112373467615e-06,6.63903336995791e-06,-6.20562109517817e-05,-0.000111882114809109,1.43092892318335e-05,5.52170184476989e-08,0.000428797575521864,-1.01456739914092e-05,-0.192824841201599,-2.58871327829899e-05,-4.53373391183639e-06,-0.00314822277561786,-0.503871530733629,8.70099393829966e-06,-9.7773713582949e-06,-7.83393895527265e-15,3.77822773067749e-15,1.79816195954286e-16,-0.000106195660362539,-0.707106781186545,8.12105852848613e-06,3.65475819307274e-15,1.26011507743055e-06,-7.93064749510093e-17,2.7029458097966e-16,-1.00505694519092e-15,4.36863049556506e-16,6.70892893708791e-16,-5.99504422644603e-06,1.65628276030604e-06,9.71445146547012e-17,0.00115001255035023,-1.74983938001167e-16,-3.11863676835493e-06,9.25179559213563e-08,-4.40619762898109e-16,-1.40811134236458e-16,3.64291929955129e-16,1.76941794549634e-16,-7.93826115522957e-17,0,-1.25743219049897e-16,-1.75985762985058e-16,-7.11236625150491e-17,1.38489357849749e-16,6.74165836987365e-17,-4.89563150263272e-06,-4.54976204416076e-17,-2.12503625807159e-16,-3.2816197084514e-17,1.7694170841289e-16,1.76931253065729e-16,2.1163626406917e-16,3.8330621974443e-17
"t16",0.111731206355075,-0.0879514446989257,0.212869500818174,0.0386582145191625,-0.0599621610822438,-0.000531476639728113,-0.0188355868599677,1.32106132304574e-05,-0.0200600226199166,0.00106248233415236,-0.000160919891627279,0.00232096848793474,-0.00662034084902959,-0.000621727521550821,1.79245265106293e-08,0.220713912160221,0.000435569711710028,-0.176067949743418,-4.13444474549748e-11,-0.000816629214849505,2.47631679323973e-05,-1.97939970878403e-06,-2.18909506476241e-05,3.6141051971356e-06,1.79906266986425e-05,-4.63065227512276e-05,0.000317464591803328,-3.49466110943688e-05,3.29597460435593e-16,3.01621163253504e-06,-0.000108607307339013,-2.1124090067489e-06,1.03534953613234e-05,-2.64299850667032e-05,-6.26445422644059e-06,-3.10694750177971e-06,-2.55495167945454e-06,2.72398595509309e-05,5.84281996678568e-05,-1.21926686794836e-05,-7.24224060874524e-08,-0.00136775883200667,3.80090742129098e-05,0.913929229437963,0.000335231579205354,-8.26937721406054e-05,-0.0476854908573438,0.0138868209413822,3.45431747274043e-05,-3.77294851153871e-05,-2.00763118010639e-14,-1.21387275231477e-15,2.18081356960757e-17,-0.000352551354244457,3.74195641738334e-16,2.62840461460624e-05,8.23885269278056e-16,3.6602051571004e-06,-1.41416492205752e-16,-2.0840480295214e-17,-1.47961572095193e-16,2.44581659932252e-16,-2.36236074404747e-17,-1.44141877126095e-05,3.91524329895103e-06,7.54604712049911e-17,0.00263907737148635,-8.93376769587555e-17,-7.02590456510719e-06,2.05297855373262e-07,-7.32920668600201e-17,-3.95685531809233e-17,-5.76795555762288e-17,1.14925430283463e-16,6.50637160220447e-17,2.20851982535297e-16,-7.82837371118298e-18,-8.44261409316033e-18,1.07769695945059e-16,-1.19640096373804e-16,2.17211410326241e-17,-9.73785625181869e-06,-7.4533493226816e-18,-1.03541307472366e-16,1.6822865058571e-16,3.37097241817473e-18,-1.81098475696451e-16,2.50884382713146e-16,1.28209593305173e-16
"t41",0.113088297576497,-0.0892862525540706,0.219964870854597,0.0404312028922494,-0.0628419761384271,-0.000567798151600402,-0.020348200206846,1.43701666168377e-05,-0.0225870059900195,0.00145711453847225,-0.000252936256061808,0.00400007050385483,-0.0143060257936439,-0.00136642648900978,-4.43772062572872e-07,-0.307937163539999,-0.000188459749090244,-0.00711342954995094,-2.5979473597459e-12,-7.45523997116981e-05,6.60261972000576e-06,-9.24610475290939e-07,-1.25016059308305e-05,2.28075613425884e-06,1.64414677109077e-05,-4.31587534417186e-05,0.000327643177087081,-3.8681132925069e-05,2.51534904016637e-17,4.0694636327155e-06,-0.000182242114224374,9.32021701581997e-06,-3.1147775837328e-05,4.95832923848991e-05,7.71255085707475e-06,2.43947987810718e-06,1.6504001493373e-06,-1.46548591090775e-05,-2.43290770162869e-05,2.13140653892822e-06,3.8099549848293e-09,-3.71936129530268e-05,8.93453622969774e-07,0.0094520006940498,-4.00414726148447e-05,0.000244961826155793,0.561518677500438,0.00111810517788455,3.07867332580944e-05,-3.21270168806267e-05,-1.71552350268896e-14,-3.62340366044656e-16,-1.20714631856579e-15,-0.000265739298350061,-8.62062660686582e-16,1.95506120635572e-05,-3.0714319971312e-16,2.60883710444476e-06,-2.17037310065588e-15,5.92815766347162e-15,0.707106781186548,3.55126721281354e-14,1.45289486906706e-15,-1.02430345484234e-05,2.85363396100551e-06,1.68701858038744e-16,0.0523473898877054,-3.33832522160371e-16,-4.11584286014893e-06,1.28228934030868e-07,3.57786716920216e-16,4.69401468597632e-18,-1.97324795392362e-16,-5.49473661015654e-16,1.79292372133186e-16,4.09232110004654e-16,-1.67044597585476e-16,-3.29934791319973e-17,8.21825246744012e-17,1.56372216414352e-16,2.54708830604935e-16,-6.44729777642518e-06,7.74307669657302e-18,-3.49384150083454e-17,-1.83350010321805e-16,-6.68160450684362e-16,-3.45165117125826e-17,-5.52943107967607e-17,2.88577210462714e-16
"t42",0.113088297576497,-0.0892862525540706,0.219964870854597,0.0404312028922494,-0.0628419761384271,-0.000567798151600358,-0.020348200206846,1.43701666167914e-05,-0.0225870059900195,0.00145711453847225,-0.000252936256061791,0.00400007050385481,-0.0143060257936439,-0.00136642648900981,-4.43772062579811e-07,-0.307937163539999,-0.000188459749090204,-0.00711342954995084,-2.59814164941355e-12,-7.4552399711741e-05,6.60261972001226e-06,-9.24610475112255e-07,-1.25016059308708e-05,2.28075613435772e-06,1.64414677109304e-05,-4.31587534417466e-05,0.00032764317708711,-3.86811329252598e-05,1.0321604682062e-16,4.06946363265038e-06,-0.000182242114224382,9.32021701590823e-06,-3.11477758372994e-05,4.95832923848883e-05,7.71255085697884e-06,2.43947987812065e-06,1.65040014920481e-06,-1.46548591091421e-05,-2.43290770160897e-05,2.13140653897896e-06,3.80995499086017e-09,-3.71936129530092e-05,8.93453622970207e-07,0.00945200069404949,-4.00414726144198e-05,0.000244961826155825,0.561518677500437,0.00111810517788529,3.07867332579204e-05,-3.21270168817337e-05,-1.66546368217673e-14,-3.14353577890447e-15,1.36096932140497e-15,-0.000265739298350136,7.22555712541384e-16,1.95506120637601e-05,1.58447831777934e-17,2.60883710832962e-06,2.12557295131161e-15,-5.84504958677332e-15,-0.707106781186548,-3.54189809124014e-14,-1.46585283304608e-15,-1.02430345438962e-05,2.85363396126052e-06,-8.50014503228635e-16,0.0523473898877045,-2.91760585199337e-17,-4.11584285950968e-06,1.28228933775863e-07,-1.03649727689614e-16,-1.23616240814232e-16,-5.3776427755281e-17,7.18175519054398e-16,-2.65439313271164e-16,4.35090331818433e-16,2.51232820249849e-16,2.47558661722309e-16,2.8275992658422e-16,-1.87412152133488e-16,-2.1834411642781e-16,-6.44729777647462e-06,-1.09488600426606e-16,8.59772322781005e-17,-4.53877118912681e-17,1.53764052270613e-16,2.84065064042953e-17,3.54425690185511e-16,-1.15822410204514e-16
"t68",0.113460631964913,-0.0896508668432074,0.221853989669497,0.0408952940003353,-0.0635936161983981,-0.000577032007871227,-0.0207270639277989,1.46579774377186e-05,-0.0231872906026572,0.00153329572184501,-0.000268865082551576,0.0042733877136912,-0.0154155410587936,-0.00147312571844391,-4.88132955293354e-07,-0.342681491844431,-0.00021183465451822,-0.00810846731408489,-2.9642808444078e-12,-8.51984334921396e-05,7.63732105376629e-06,-1.09695959851968e-06,-1.51666528071157e-05,2.81431681154972e-06,2.25579474332538e-05,-5.96099781008592e-05,0.000468127500230102,-5.64988910362494e-05,-3.05745012640912e-16,6.28038966590035e-06,-0.000295098948555286,1.89914495414964e-05,-6.50604839828588e-05,0.000108295613573813,1.78433738678e-05,6.14817574755116e-06,4.35648446528908e-06,-4.06232199873215e-05,-7.2918563802698e-05,9.09638408058417e-06,3.3307545031208e-08,0.000163924021464065,-2.99816053177997e-06,-0.0234272262621078,4.91815938000597e-05,-0.000128022720607357,-0.264294099763433,-0.000246184473165069,-2.78805473408394e-06,2.05536979767615e-06,6.44207158532625e-16,1.36338423190052e-16,-8.41522413772644e-17,-5.80346196243562e-06,8.19903922402374e-17,6.24099954137868e-07,-9.93752143807067e-16,1.41786248870912e-07,4.53535281451439e-16,-6.45400998676026e-18,5.34201724682503e-16,-1.00847495169524e-17,-8.15818568033263e-17,4.85950416019852e-06,-2.57547341725027e-06,8.99454122293974e-16,-0.850833348404441,8.04067359632569e-16,-1.21585152230064e-05,2.21011080107436e-07,-2.03374643514831e-15,-6.20238858405473e-17,5.18411268773944e-16,8.22258927613007e-16,-2.86697413994472e-16,-1.13450915328883e-15,6.55433128923452e-17,-2.3689046848673e-17,8.37600388353676e-16,-9.51286178842189e-17,-4.69535529487635e-17,-5.02691789605603e-06,1.19726141668399e-16,-3.54832266000193e-16,9.86539906513264e-17,-1.6160808886521e-17,7.03104479951061e-17,1.50839627247046e-16,-6.8265586124514e-17
"t93",0.113611777550893,-0.089798776806738,0.222617368660673,0.0410823705823746,-0.0638964815266034,-0.000580739344020997,-0.0208788798702213,1.47731741002436e-05,-0.0234262879079093,0.00156303739379307,-0.000275036337006064,0.00437888342297898,-0.0158411107649019,-0.00151403710400602,-5.04902912880877e-07,-0.355712780874826,-0.000220543773858089,-0.00847587474536886,-3.09979792571317e-12,-8.91230258902379e-05,8.01589827509244e-06,-1.15907202307219e-06,-1.61150171033549e-05,3.00243862739157e-06,2.46066115234445e-05,-6.5104256881776e-05,0.000514383766367064,-6.23141841879175e-05,1.6826817716975e-16,6.98727472143789e-06,-0.000330590992179981,2.18440361976356e-05,-7.50062080018916e-05,0.000125346160784049,2.07508896198166e-05,7.19569155281293e-06,5.11478115225395e-06,-4.78429152824676e-05,-8.62712616016937e-05,1.09339007658554e-05,4.07405010138394e-08,0.000209096491524706,-3.85355191860615e-06,-0.0304347700632469,6.62442994284699e-05,-0.000184763807107183,-0.385362941532129,-0.000389510220030991,-4.85321554072896e-06,3.69465282260665e-06,1.22092515218649e-15,1.28846586178177e-15,5.13417477914832e-18,-1.27895166728322e-05,-1.10378799455542e-16,1.45065535153357e-06,2.90121379948066e-16,4.97991054863628e-07,-3.58551555881957e-16,-4.21746820991815e-17,-8.83621637270216e-17,-3.94492076499601e-18,-1.64194558852273e-16,-6.35436006827779e-06,2.31755535572243e-06,-7.45931094670027e-17,0.367822558918688,-1.1127765119515e-15,2.82160569855519e-06,-2.21579519758472e-08,6.84782092141845e-16,3.98734957173023e-17,-5.28656979303932e-16,-2.82326245715225e-16,3.96257209091422e-16,4.51136523971218e-16,-1.08432625299789e-16,1.54990483753724e-16,-1.28716481917479e-15,-2.48683423053976e-16,3.13582908238178e-17,-2.14229077395971e-06,1.87055047530792e-16,-1.76996004658259e-16,-1.35060997233612e-15,-0.707106781186547,-1.87840158845549e-15,-2.74303149638833e-16,2.72759106260066e-16
"t94",0.113611777550893,-0.089798776806738,0.222617368660673,0.0410823705823746,-0.0638964815266034,-0.00058073934402099,-0.0208788798702213,1.47731741002365e-05,-0.0234262879079093,0.00156303739379307,-0.000275036337006073,0.00437888342297898,-0.0158411107649019,-0.00151403710400603,-5.04902912880009e-07,-0.355712780874826,-0.000220543773858127,-0.00847587474536885,-3.09982394728074e-12,-8.91230258902144e-05,8.0158982750997e-06,-1.15907202309576e-06,-1.61150171032942e-05,3.00243862741759e-06,2.46066115234406e-05,-6.51042568817831e-05,0.000514383766367052,-6.23141841879851e-05,2.04697370165263e-16,6.98727472135162e-06,-0.000330590992179984,2.18440361976742e-05,-7.50062080019489e-05,0.000125346160783928,2.07508896198265e-05,7.19569155280846e-06,5.11478115208068e-06,-4.78429152824481e-05,-8.62712616015869e-05,1.09339007658069e-05,4.07405008921242e-08,0.000209096491524595,-3.85355191867467e-06,-0.0304347700632471,6.62442994283793e-05,-0.000184763807107161,-0.385362941532128,-0.000389510220030688,-4.85321554074582e-06,3.69465282266544e-06,1.13870124708971e-15,1.26569761615958e-15,-1.8325644533437e-16,-1.27895166727207e-05,1.67642587525437e-16,1.45065535159396e-06,6.97453029123152e-16,4.97991054962724e-07,-7.83269837081192e-17,1.62738865806139e-17,-1.88588884663429e-16,4.95780710475748e-17,8.98807887605464e-17,-6.35436006803412e-06,2.3175553558458e-06,-1.81278603239576e-16,0.367822558918688,5.16323810290877e-16,2.82160569850445e-06,-2.2157952040032e-08,9.42605368758898e-16,-1.90284114923273e-16,6.23633089613662e-16,-4.67074295906755e-16,-2.53773429586835e-16,7.06682976026052e-16,2.48549281570106e-17,-6.29002005556549e-17,1.97324795392362e-16,1.26857762027706e-16,4.04234184493473e-17,-2.14229077373247e-06,-1.48554314502346e-16,8.95550994473027e-17,1.16481786834918e-15,0.707106781186547,1.65687074858562e-15,2.82109405280728e-16,-3.35486124054871e-18
"t56",0.107635508326401,-0.0839240600964952,0.191507017752334,0.0333307117091213,-0.0513121291917803,-0.000422819180525341,-0.014322984299055,9.75766890111628e-06,-0.0126149467768402,-6.59794418162152e-07,6.937011963801e-05,-0.00167507279230508,0.00963007803666408,0.000939698748171774,5.03271438009878e-07,0.220026591659502,-0.00042665231832794,0.616857630333096,1.54677707429629e-10,0.00333123871728126,-0.000198740283366816,0.000199892647567563,-0.000555658483443383,5.75913356045815e-05,0.000169712954039483,-0.000437130279967684,0.00308005530952288,-0.000351522373683202,2.77555756156289e-17,3.5094424959593e-05,-0.00153834490448117,8.15005387272555e-05,-0.000275351263454085,0.000447890234224105,7.18621121785732e-05,2.39262898442984e-05,1.66769772244204e-05,-0.000153028312905711,-0.00026836479494876,3.09199838441146e-05,1.03435940133813e-07,0.000371281736405242,-5.94287440671207e-06,-0.0181022141587574,9.9551676556656e-05,-4.21680959047234e-05,-0.010078345387214,0.00025158934945224,3.3360172928815e-05,-3.73440850544382e-05,-2.09197519026854e-14,-6.07153216591882e-17,4.3155335803281e-17,-0.000382895751947013,-1.24376163936919e-16,2.89558470296697e-05,-2.05506361613834e-16,4.27859427325639e-06,4.27378137239719e-16,4.86585357545874e-16,3.97897774505678e-17,2.75581044668618e-16,-5.80855076967612e-16,-1.86120767350162e-05,5.09677880475827e-06,4.00374178255447e-15,0.0012711702157263,-0.707106781186547,-9.41755981512249e-06,2.76931573083006e-07,3.09821612809458e-15,2.07335580196026e-16,2.81025203108243e-16,-9.0205620750794e-16,-3.56188101172827e-16,1.03562991515815e-15,-2.48225650346027e-16,-1.01225885757304e-16,-3.46944695195361e-18,3.90577090092032e-17,-2.18725015997588e-16,-1.38360037939683e-05,-2.72653017158523e-17,1.17961196366423e-16,-6.41403508604794e-17,9.20140861730206e-16,-6.84162877677756e-17,-2.53269627492614e-16,2.08870401682995e-17
"t57",0.107635508326401,-0.0839240600964951,0.191507017752334,0.0333307117091212,-0.0513121291917803,-0.000422819180525316,-0.014322984299055,9.75766890109782e-06,-0.0126149467768403,-6.59794418136199e-07,6.93701196380006e-05,-0.00167507279230507,0.00963007803666411,0.000939698748171758,5.03271438093145e-07,0.220026591659502,-0.000426652318328027,0.616857630333096,1.54677650083802e-10,0.00333123871728126,-0.000198740283366776,0.000199892647567602,-0.000555658483443303,5.75913356047481e-05,0.000169712954039527,-0.000437130279967722,0.00308005530952288,-0.000351522373683272,0,3.50944249594828e-05,-0.00153834490448111,8.15005387273943e-05,-0.000275351263454043,0.000447890234223798,7.18621121786676e-05,2.39262898442193e-05,1.66769772244776e-05,-0.000153028312905663,-0.000268364794948884,3.09199838440383e-05,1.03435939987013e-07,0.000371281736405312,-5.94287440687166e-06,-0.0181022141587572,9.95516765565831e-05,-4.21680959047373e-05,-0.0100783453872137,0.000251589349451968,3.33601729288475e-05,-3.73440850543506e-05,-2.0847248754466e-14,-6.24500451351651e-17,-9.89011494198826e-17,-0.000382895751947089,2.03543254602706e-16,2.89558470298896e-05,2.94842667509476e-16,4.27859427335787e-06,-4.16777812867425e-16,-4.61189417889316e-16,9.20657475231329e-17,-2.1013255635985e-16,5.04025689010146e-16,-1.86120767353133e-05,5.09677880550788e-06,-4.12170297892089e-15,0.00127117021572723,0.707106781186547,-9.41755981133906e-06,2.76931572777694e-07,-2.79290479632266e-15,-3.49008778529398e-16,-2.98372437868011e-16,8.46545056276682e-16,2.29495684635503e-16,-7.3899220076612e-16,2.52109062993198e-16,2.02516866776346e-16,-1.56125112837913e-16,-2.04926438637484e-16,2.59930918857146e-16,-1.38360037942667e-05,3.08845223863352e-17,9.36750677027476e-17,-9.90465831340108e-17,-1.03035314032046e-15,4.32531472977557e-17,4.38885039422132e-16,6.29941066336031e-17
"t99",0.0865731850244098,-0.0622072055734928,-0.0786146483891659,0.00699181343864526,-0.0043510413601405,0.000523440447984352,0.0357565712964328,-3.55181251313028e-05,0.468906236188494,0.0204035761731275,-0.000684699435721706,0.00975439056390906,-0.0287974032715067,-0.00271780421804934,-4.0310781787567e-07,-0.00429378215075664,0.49865556933298,-0.00520598141479184,1.45256417982954e-12,0.000108348749520801,-3.74114036940753e-05,7.88558309496164e-05,-0.000282200740297696,3.28778961537352e-05,0.00013431343780783,-0.00035176910744736,0.00739648236059506,-0.000263247911130422,-3.46944695195361e-17,2.93033252141952e-05,-0.0039494556518745,7.34308934080604e-05,-0.000249167033140669,0.000408069713810249,6.59516039067575e-05,2.21463438251341e-05,1.54942074759762e-05,-0.000142664965023701,-0.000251343264494743,2.93160223506193e-05,9.87971544240927e-08,0.000341116575171523,-5.16597946199383e-06,-0.00044901894132556,0.00010617980995251,-4.0029477970962e-05,-0.000269976402042303,6.93928624568543e-06,3.62172069211675e-05,-4.05760319207505e-05,-2.27384443844131e-14,-9.10729824887824e-17,-7.05058478944502e-17,-0.00118917807877305,1.93154212088686e-16,8.99675088033849e-05,1.15036442921784e-16,4.67112729630667e-06,2.01750481241467e-16,1.6070075031557e-16,1.51022712075542e-16,1.0398195135795e-16,-2.91946589524945e-16,-2.05970553510982e-05,5.64675314281059e-06,-1.6306400674182e-16,3.99696879657093e-05,5.99967695606115e-17,-1.05085811336375e-05,3.09268002152141e-07,2.02095284951298e-16,2.18760318927421e-16,3.29597460435593e-16,9.54097911787244e-17,-1.40338842987128e-16,2.56305393575573e-16,-1.57639348715066e-16,-1.25158931053925e-16,6.01949046163952e-16,-8.84444006423398e-17,1.45386461624049e-16,-4.39700739945717e-05,-1.58178472532815e-16,1.51788304147971e-18,-2.77653655379316e-16,-1.07805728558733e-16,1.2454008522218e-15,-3.78863607153335e-15,-0.707106781186547
"t100",0.0865731850244098,-0.0622072055734928,-0.0786146483891658,0.00699181343864524,-0.00435104136014052,0.000523440447984367,0.0357565712964328,-3.55181251312983e-05,0.468906236188493,0.0204035761731275,-0.000684699435721716,0.00975439056390903,-0.0287974032715067,-0.0027178042180494,-4.03107817834036e-07,-0.0042937821507566,0.498655569332979,-0.00520598141479181,1.45250682248665e-12,0.000108348749520686,-3.74114036940879e-05,7.88558309496319e-05,-0.000282200740297682,3.2877896153756e-05,0.000134313437807863,-0.000351769107447441,0.00739648236059503,-0.000263247911130436,-2.70616862252382e-16,2.93033252141479e-05,-0.00394945565187445,7.34308934080431e-05,-0.000249167033140787,0.00040806971381031,6.59516039067542e-05,2.21463438251803e-05,1.5494207475958e-05,-0.000142664965023565,-0.000251343264494728,2.9316022350576e-05,9.87971545302903e-08,0.000341116575171669,-5.16597946193832e-06,-0.000449018941325376,0.000106179809952618,-4.00294779708488e-05,-0.000269976402042405,6.93928624570244e-06,3.62172069212313e-05,-4.05760319208354e-05,-2.27170976831644e-14,-1.0842021724855e-16,-2.19726158611539e-17,-0.001189178078773,-4.08546194287194e-17,8.99675088032992e-05,-1.79253120964645e-16,4.6711272963444e-06,-1.84447602649285e-16,-1.23787061517482e-16,-1.28809965524098e-16,8.88033864278157e-18,2.65571370994186e-16,-2.05970553510578e-05,5.64675314309969e-06,1.73472347597681e-17,3.9969687965604e-05,-2.28706609503091e-17,-1.05085811336579e-05,3.09268002113977e-07,-1.35308431126191e-16,-3.36730105288846e-16,-4.5102810375397e-17,-3.71230823859037e-16,1.54385287042821e-17,3.03576608295941e-18,1.17003410810481e-16,9.64198707760468e-17,-7.91901266783412e-16,-8.82656696386332e-18,6.84670227840178e-19,-4.39700739952066e-05,1.41059279371068e-16,-7.71951946809679e-17,4.70169675532906e-18,8.60797134866296e-18,-1.22758270044121e-15,3.98552718605671e-15,0.707106781186547
"t78",0.0865221919179457,-0.0621614638947881,-0.0784884108717654,0.00697642875945626,-0.00434102292736318,0.000521737416455809,0.035620451410381,-3.53707405678646e-05,0.466153881723312,0.0200854047294954,-0.000669639780598526,0.0094998157977862,-0.0277800124893806,-0.00262004640671036,-3.68589185950619e-07,-0.00345353102732951,-0.501339036463835,-0.00629784241204028,1.73515932880055e-12,0.000127660567669004,-4.14789371806189e-05,8.4088691303532e-05,-0.000297078493936499,3.44156651789912e-05,0.000138701636852691,-0.000363121825002175,0.00762274874583128,-0.000271074517185492,3.88578058618805e-16,3.01269909318776e-05,-0.00405646134708791,7.52315329224582e-05,-0.000255236628309022,0.000417903691652628,6.75219914048222e-05,2.26659361964585e-05,1.58552705131924e-05,-0.000145968209702311,-0.000257111104155464,2.99708397496594e-05,1.0095117520799e-07,0.00034824429523427,-5.27327522625159e-06,-0.000458272229220108,0.000108320447991644,-4.08133700176691e-05,-0.000275245651910339,7.07190877273685e-06,3.68982044136662e-05,-4.13357771310214e-05,-2.31638515086825e-14,-7.28583859910259e-17,1.069112040488e-16,-0.00121103954753614,-1.33613998646533e-16,9.16160846217611e-05,-7.95662766019727e-17,4.75543287514583e-06,-9.50522109614765e-17,1.04858880572853e-16,3.55801503730756e-17,4.57127175674172e-18,6.96749060383714e-17,-2.09562031550268e-05,5.74484302505464e-06,-5.06539254985228e-16,4.06591936193313e-05,-9.90462588256375e-17,-1.06890362768361e-05,3.14558164349332e-07,-2.61943244872498e-16,-2.70404233206101e-16,2.70616862252382e-16,2.28983498828939e-16,6.74271755880517e-17,-4.0766001685455e-17,1.55167027447376e-16,0.707106781186548,-2.03830008427275e-15,3.97444888806173e-15,1.91264362381017e-15,-4.4697943962814e-05,2.56086813602866e-16,-4.68809019382732e-16,-2.90274000717705e-16,-1.3810675609262e-16,-5.84046275692295e-17,2.51534904016637e-16,1.60061997809489e-16
"t79",0.0865221919179457,-0.0621614638947881,-0.0784884108717654,0.00697642875945626,-0.00434102292736319,0.000521737416455806,0.035620451410381,-3.53707405678549e-05,0.466153881723312,0.0200854047294954,-0.000669639780598532,0.00949981579778617,-0.0277800124893806,-0.00262004640671036,-3.68589185985313e-07,-0.00345353102732953,-0.501339036463836,-0.00629784241204026,1.73523381826309e-12,0.000127660567669125,-4.14789371806475e-05,8.40886913034814e-05,-0.000297078493936516,3.44156651790606e-05,0.000138701636852667,-0.000363121825002273,0.00762274874583126,-0.000271074517185457,3.7470027081099e-16,3.01269909316733e-05,-0.00405646134708795,7.52315329225518e-05,-0.000255236628309029,0.00041790369165264,6.75219914048491e-05,2.26659361965294e-05,1.5855270513276e-05,-0.000145968209702384,-0.000257111104155615,2.9970839749812e-05,1.00951175829888e-07,0.000348244295234084,-5.27327522616139e-06,-0.000458272229220011,0.000108320447991698,-4.0813370017797e-05,-0.000275245651910369,7.07190877270074e-06,3.68982044135235e-05,-4.13357771310529e-05,-2.32506091832064e-14,-8.84708972748172e-17,-1.51340930618771e-16,-0.00121103954753638,4.05661956078172e-16,9.16160846218834e-05,5.78394272117438e-17,4.75543287524081e-06,7.85291354855268e-17,-1.04911322335343e-16,-7.70473711601348e-17,9.16613802296943e-18,-1.74210941886046e-16,-2.09562031552538e-05,5.74484302520405e-06,4.85722573273506e-16,4.06591936194408e-05,3.41580155803018e-17,-1.06890362762888e-05,3.14558165098733e-07,4.63171168085807e-16,1.43632948094576e-16,-3.60822483003176e-16,-1.14491749414469e-16,-1.56523906756809e-16,1.52655665885959e-16,-9.75571627917587e-17,-0.707106781186547,1.89778748271863e-15,-4.09805866047291e-15,-1.89481332666247e-15,-4.4697943966332e-05,-2.18782712998035e-16,2.98372437868011e-16,3.25119536232415e-16,-7.77209617109492e-18,-1.09036814114535e-16,2.22044604925031e-16,1.20380212577805e-16
"t43",0.104956067070031,-0.0801927573400839,-0.185331306791596,0.0648181874805638,-0.0957867889803388,-0.000755064858264104,-0.0273339237963419,1.98157524611987e-05,-0.0672450339880893,-0.383660047023257,-0.000300160354593947,0.00385388759274392,-0.0106436458988721,-0.00100242078472969,-1.41627124083943e-07,-0.00142326408950039,0.00025439052699424,-0.00212325446815408,5.88515180272121e-13,4.3590448214767e-05,-1.46179515128873e-05,3.04188856618852e-05,-0.000109121281462322,1.28006446988294e-05,7.0199064704467e-05,-0.000197126619516831,0.028296058890552,3.8552389594132e-05,1.11022302462516e-16,6.75617312019777e-06,-0.0130814788856596,1.21359460539677e-05,-4.11279990737701e-05,6.67765814071023e-05,1.05913602774308e-05,3.42874598714227e-06,2.34627144427317e-06,-2.10820625737157e-05,-3.5678239367406e-05,3.4726868208268e-06,8.70018042418291e-09,4.0364468470791e-08,9.25057199591128e-08,1.99125761156729e-05,-1.52689937230853e-05,1.5449906539281e-05,0.000115877793974815,-6.05402514334598e-06,-6.46910468896462e-05,9.28078250826076e-05,8.12392237491665e-14,8.08381139805192e-16,-1.25426102365518e-16,0.877169830299842,-8.83543447828418e-14,0.0210704004238112,2.11002832118902e-15,1.45014702449264e-05,5.13318413401773e-17,4.06744615187824e-18,-7.6829344101677e-17,7.92998441557551e-17,1.09586728724834e-16,-2.77801200377044e-05,7.26489827807951e-06,-7.49400541621981e-16,4.76344861914529e-05,4.07719046455259e-17,-1.19814408982184e-05,3.40618979327578e-07,-2.63677968348475e-16,2.26243085491384e-17,-3.46944695195361e-16,-2.91433543964104e-16,-1.0699652025591e-16,-3.92047505570758e-16,2.9153988235839e-17,-1.83134727622589e-16,2.0122792321331e-16,-5.2028122893723e-17,-1.74381868010034e-17,-0.0165770127236033,8.13221043881208e-17,7.28583859910259e-17,-2.85895420030446e-16,-5.07423465144253e-17,4.20232689864613e-16,3.88578058618805e-16,7.18422991616298e-17
"t95",0.105483170437351,-0.080692118635904,-0.187753906914947,0.0659492838987749,-0.0975281827258788,-0.000773696537459836,-0.0281054108317739,2.04170397655675e-05,-0.069945658756087,-0.413676831825543,-0.000328337206821353,0.00424565564534381,-0.0118677398692135,-0.00111847321080952,-1.62459908753174e-07,-0.00165855418967492,0.000300451987356703,-0.00255463950710967,7.09112236747815e-13,5.26232054474207e-05,-1.79277829971004e-05,3.85381859594913e-05,-0.000142172561931475,1.70305038376655e-05,0.000105781498041774,-0.000299278416131279,0.0446034192365155,6.22454724856685e-05,-3.08780778723872e-16,1.15636063307731e-05,-0.0235202343967801,2.71068234653422e-05,-9.38817347788763e-05,0.00015839943189264,2.63640009565605e-05,9.14384401521947e-06,6.48621233088607e-06,-6.04811128003761e-05,-0.000108377621756309,1.32775739614655e-05,4.67642234407346e-08,0.000176434987077163,-2.71218221067839e-06,-0.000240683994035223,6.10247325966758e-05,-2.64634562793562e-05,-0.000182499459976707,5.72405101579418e-06,4.07351531501794e-05,-5.22605535894975e-05,-3.87826340771684e-14,-5.22693867355262e-16,-2.55604372449998e-18,-0.284447348612879,2.83277318043101e-14,-0.00608728304108317,-5.9015973722923e-16,-2.08688376917226e-06,9.64209543016364e-17,1.0333417747244e-16,-5.31710435356216e-17,-5.42086257339838e-17,-1.59388935029937e-16,-2.75548314283979e-06,8.79593745455617e-07,-3.25260651745651e-17,7.6120705885545e-06,4.27409776746919e-17,-2.2104127954352e-06,6.99415244019563e-08,1.40946282423116e-17,5.04322602210971e-17,4.47124975933022e-16,3.89445420356793e-16,-6.19833307413238e-17,-8.71915387112843e-16,1.99450317618018e-16,1.09100780561817e-15,7.48229603275696e-15,-1.09788343710915e-15,-3.58200218416417e-15,-0.402078394649769,1.90811148622173e-16,3.90529622529279e-16,-4.57164742765691e-16,1.65082081689176e-15,-0.707106781186548,2.16948854714349e-16,-1.30654587276028e-15
"t96",0.105483170437351,-0.080692118635904,-0.187753906914947,0.0659492838987749,-0.0975281827258788,-0.000773696537459853,-0.0281054108317739,2.0417039765588e-05,-0.069945658756087,-0.413676831825543,-0.000328337206821479,0.00424565564534374,-0.0118677398692135,-0.00111847321080949,-1.62459908701132e-07,-0.00165855418967494,0.000300451987356671,-0.00255463950710969,7.09123953252042e-13,5.2623205447409e-05,-1.79277829970996e-05,3.85381859593432e-05,-0.00014217256193139,1.70305038375458e-05,0.000105781498041807,-0.000299278416131281,0.0446034192365153,6.22454724856607e-05,-2.42861286636753e-16,1.15636063307755e-05,-0.0235202343967802,2.71068234653257e-05,-9.38817347789184e-05,0.000158399431892652,2.63640009565329e-05,9.14384401525367e-06,6.4862123308838e-06,-6.04811128003505e-05,-0.000108377621756276,1.32775739614976e-05,4.67642234109326e-08,0.000176434987077098,-2.71218221053072e-06,-0.000240683994035202,6.10247325966769e-05,-2.64634562794627e-05,-0.000182499459976765,5.72405101574335e-06,4.07351531502922e-05,-5.22605535894799e-05,-3.8763507883227e-14,-2.5804011705155e-16,3.21508424966582e-17,-0.28444734861288,2.88153269479506e-14,-0.00608728304108324,-8.14137095771805e-16,-2.08688376916472e-06,-1.36806842799277e-16,-7.35762676610889e-17,4.72443368335576e-17,1.64352826475063e-17,-9.11322296450735e-17,-2.75548314288666e-06,8.7959374543956e-07,8.84708972748172e-17,7.61207058862145e-06,-2.05986316988176e-16,-2.21041279557918e-06,6.99415243919817e-08,2.45029690981724e-17,-3.01111758385806e-16,-8.65193333643433e-17,2.49366499671666e-16,1.87708092643768e-16,-7.31728046210467e-16,3.7031957111278e-16,1.12304592455343e-15,8.67209949684256e-15,-1.09484800511221e-15,-3.51971513706924e-15,-0.402078394649768,6.04109284972673e-16,3.77464986350828e-16,-6.79201674593521e-16,-1.62693906550053e-15,0.707106781186547,7.60784664433078e-16,1.10818949321822e-15
"t87",0.105451883711868,-0.0806624941487787,-0.187610611367452,0.0658825049844022,-0.0974254042110068,-0.000772599879826215,-0.0280600681622874,2.03817311722655e-05,-0.0697877064262038,-0.411946847352047,-0.000326722475520555,0.00422326648600312,-0.0117981073541686,-0.00111187330130175,-1.61287353500628e-07,-0.00164538672767626,0.000297886571375239,-0.0025307683303807,7.02489174276994e-13,5.21239449063765e-05,-1.77458198454463e-05,3.80965653958209e-05,-0.00014039072717676,1.68039275139087e-05,0.000103940892499269,-0.00029400451232091,0.043769399592887,6.10407212083552e-05,2.22044604925031e-16,1.13224139997137e-05,-0.0230020447664568,2.63928397945812e-05,-9.13745818040546e-05,0.00015407084291423,2.56241226200436e-05,8.87829322839245e-06,6.29474891273196e-06,-5.86674055022135e-05,-0.00010505356161445,1.28396056715413e-05,4.51067161057368e-08,0.000169202637863214,-2.59841821762669e-06,-0.000230271608177419,5.81258091187434e-05,-2.50130394085415e-05,-0.000172313746044811,5.36250637633281e-06,3.78634718685667e-05,-4.84608947184115e-05,-3.58299842470305e-14,-4.30211422042248e-16,-9.03166207239464e-17,-0.260460187785206,2.63245103108068e-14,-0.00555884210734237,-7.15103671134712e-16,-1.8765067382083e-06,-5.0758798682627e-17,2.36885194757704e-18,2.46843005918242e-17,1.012549134608e-16,2.51942810158051e-17,-2.31066932038053e-06,7.27361420439944e-07,4.30211422042248e-16,6.09213210668418e-06,1.12933448751029e-16,-1.71918217327025e-06,5.27318687743028e-08,4.78783679369599e-16,6.81715878518775e-17,-5.55111512312578e-17,-4.9960036108132e-16,-3.35567745313257e-16,2.14064876935538e-15,-5.87644440713738e-16,-1.88138130897194e-15,-1.66464064754734e-14,2.07165676718514e-15,7.24812599375302e-15,0.822429795999586,-8.20129157554012e-16,-9.14199271839777e-16,1.18273088751956e-15,-2.3255546740813e-16,-3.64538858630428e-16,-6.24500451351651e-17,3.97278962994769e-16
"t72",0.107278380965909,-0.0824359313297134,-0.197588671630984,0.0710501307104519,-0.105526275101721,-0.000875587299306598,-0.0327953051874535,2.43275360121596e-05,-0.0953831812515943,0.209082125870003,-4.43297153671526e-05,0.00103965212982759,-0.00412664364002694,-0.000393412581009352,-7.10209184973283e-08,-0.000746280286165825,0.000135296464916005,-0.00112201348407043,3.1033920446521e-13,2.29416619363145e-05,-7.45860910688111e-06,1.35116508804309e-05,-3.74453814411729e-05,2.94885104725915e-06,-0.000204676630781112,0.000704618062210353,-0.343948242481982,-0.00218933090918402,8.54351311918577e-16,0.000161630349309868,-0.492927353835136,-8.77406031048775e-06,1.65975725086481e-05,1.50552342123201e-06,4.29004232914262e-06,2.72436494892291e-06,2.24263380426428e-06,-2.32613516244378e-05,-4.65992016326952e-05,6.9372396151921e-06,2.65092311096245e-08,0.000104114915886071,-1.59719525027942e-06,-0.000140979135669041,3.45866875090794e-05,-1.35617427624e-05,-9.18480735926196e-05,2.42488996257754e-06,1.30152642901538e-05,-1.47467665219415e-05,-8.64351607240595e-15,-5.73000848158589e-17,1.21086682518191e-16,-0.00504946802029626,8.03328740043812e-16,0.0118730105066588,1.7477252751521e-16,1.57485279860762e-06,-1.42519593508725e-16,5.10131270593869e-16,-1.86063483294407e-16,9.77196711962788e-17,-6.15528546716424e-16,-7.30611955500045e-06,2.00859649251908e-06,5.09141340199193e-16,1.42842103238553e-05,-2.70447207756386e-16,-3.7661079225766e-06,1.11088927506431e-07,-3.62340366044656e-16,1.3612051836049e-15,1.38956771436605e-15,-3.5188215188886e-14,0.707106781186548,6.78954505464735e-16,-6.2062334325761e-17,3.82006971428846e-17,1.79923350523969e-16,-2.17476417858357e-16,2.36159438303887e-16,-0.000172874792429909,-9.22126426534491e-17,1.08366007139926e-16,3.71427997506087e-17,-5.22024381459086e-17,-4.14488569115403e-17,-1.40946282423116e-17,9.34568795588614e-17
"t73",0.107278380965909,-0.0824359313297134,-0.197588671630984,0.0710501307104519,-0.105526275101721,-0.000875587299306612,-0.0327953051874536,2.43275360121661e-05,-0.0953831812515944,0.209082125870003,-4.43297153671466e-05,0.00103965212982759,-0.00412664364002695,-0.000393412581009337,-7.10209184997136e-08,-0.00074628028616582,0.000135296464916017,-0.00112201348407047,3.10341008391742e-13,2.29416619363363e-05,-7.45860910690419e-06,1.35116508803684e-05,-3.74453814411711e-05,2.94885104723487e-06,-0.00020467663078118,0.000704618062210303,-0.343948242481982,-0.00218933090918404,7.91901266783412e-16,0.000161630349309959,-0.492927353835136,-8.77406031046899e-06,1.65975725086682e-05,1.50552342127198e-06,4.29004232909299e-06,2.72436494892901e-06,2.2426338043003e-06,-2.32613516244052e-05,-4.65992016327241e-05,6.93723961539972e-06,2.65092312216531e-08,0.000104114915885992,-1.59719525033667e-06,-0.000140979135668926,3.45866875091585e-05,-1.3561742762492e-05,-9.18480735925836e-05,2.42488996255695e-06,1.30152642902059e-05,-1.47467665221216e-05,-8.20596335805664e-15,-2.11365213526049e-16,-1.62196230287432e-16,-0.00504946802029643,3.03033077335902e-16,0.0118730105066594,-3.91718035839018e-16,1.57485279843112e-06,2.69104533088796e-16,-4.88735853765005e-16,1.79421074646548e-16,-1.2288835591148e-16,5.58159904263442e-16,-7.30611955500932e-06,2.00859649241934e-06,-5.05238212378245e-16,1.42842103240346e-05,3.21456450563434e-16,-3.76610792258175e-06,1.11088927783986e-07,4.67453766667125e-16,-1.22673126422418e-15,-1.39531398588022e-15,3.51167662657192e-14,-0.707106781186547,-2.30826642522164e-16,1.04470777408813e-16,2.05167813899171e-16,-1.40675231879994e-16,3.36246987593189e-17,-2.64308401384628e-16,-0.00017287479243029,1.29832046260186e-16,-2.6348823296829e-16,-1.29388319615646e-16,-3.65898890384126e-17,-3.60637646391316e-16,2.05456311686003e-17,9.34569647471838e-17
"t64",0.108188620160652,-0.0833061898793534,-0.202054897260885,0.0732217950148647,-0.108893817737189,-0.000914254629776339,-0.0344697736586108,2.56715818924129e-05,-0.102573338501584,0.243939777622989,-5.37151613432159e-05,0.00128513476713632,-0.00528839863277257,-0.000505249863134141,-1.0037694998322e-07,-0.00112457860126993,0.000216818259139936,-0.0019833380321436,5.53453680472407e-13,4.13594084183145e-05,-1.48943603196473e-05,3.57634245002476e-05,-0.000145826860517267,1.89615062659502e-05,0.000275673604329338,-0.000858690868648642,0.268793921946375,0.00132873728453025,-3.96059053608955e-16,-5.49177526860436e-05,0.100639771553586,-5.53870982183193e-07,1.27783475719779e-06,1.48531187250888e-07,5.2186464240379e-07,4.04096562505977e-07,3.58804976204719e-07,-3.97094001386348e-06,-8.62467758468965e-06,1.56054820806075e-06,6.78819190918243e-09,3.11404615973753e-05,-4.85173578335969e-07,-4.35859425770396e-05,1.10455013436543e-05,-4.26178292995096e-06,-2.85922344762384e-05,6.51353268512634e-07,2.12617150052169e-06,-1.56980881251856e-06,7.74391021718689e-16,7.35431274255863e-16,-3.60049458544267e-16,0.0094989853018933,-2.49842507410922e-15,-0.508404655921715,5.09809642405767e-15,1.66920905634542e-06,4.40366920918817e-16,-2.24662726420205e-16,-1.40713955576834e-16,-1.24294991637337e-17,-5.6122212509945e-17,-5.17278317068158e-06,1.40443802254557e-06,6.04252975780484e-16,9.81088159891976e-06,-2.90922307278604e-16,-2.56369075141662e-06,7.51507562157133e-08,-5.18970107231224e-14,-0.707106781186548,2.76422358310227e-14,-1.90806029830293e-16,9.92724639701837e-16,-3.82364224917747e-16,-5.2579497830311e-16,6.04839907163983e-17,-2.02542518347448e-16,1.94795407981437e-16,1.97029674231993e-16,-0.000114372615366821,-2.9659152734984e-16,-1.1376668921162e-16,1.26778781250437e-17,-8.1584163217915e-17,-2.34746245489637e-16,2.92226366802734e-16,3.64427975525058e-16
"t65",0.108188620160652,-0.0833061898793534,-0.202054897260885,0.0732217950148647,-0.108893817737189,-0.000914254629776319,-0.0344697736586108,2.56715818923992e-05,-0.102573338501584,0.243939777622989,-5.3715161343201e-05,0.00128513476713632,-0.00528839863277259,-0.000505249863134147,-1.00376950005636e-07,-0.00112457860126994,0.000216818259139922,-0.00198333803214358,5.53425005857694e-13,4.13594084183166e-05,-1.48943603197029e-05,3.57634245003127e-05,-0.00014582686051723,1.89615062660207e-05,0.000275673604329343,-0.000858690868648714,0.268793921946376,0.00132873728453032,-3.74212379833372e-16,-5.49177526860765e-05,0.100639771553586,-5.53870982270688e-07,1.27783475719629e-06,1.48531187339851e-07,5.21864642457865e-07,4.0409656246964e-07,3.58804976285007e-07,-3.9709400138805e-06,-8.62467758468845e-06,1.56054820802445e-06,6.78819186124163e-09,3.11404615973529e-05,-4.85173578187e-07,-4.35859425770605e-05,1.10455013435084e-05,-4.26178292997734e-06,-2.85922344762317e-05,6.51353268373338e-07,2.12617150052546e-06,-1.56980881255468e-06,7.44656771255291e-16,1.3248306802733e-15,-2.75455431000352e-16,0.00949898530189317,-2.76817113345193e-15,-0.508404655921716,4.43913189349263e-15,1.66920905664575e-06,1.37223981877979e-16,1.59864561156865e-16,-8.87498563954627e-18,1.03146432473411e-16,-8.08166115526321e-17,-5.17278317004029e-06,1.40443802228666e-06,-8.01306720629724e-16,9.81088159889264e-06,4.19953482398262e-16,-2.5636907516285e-06,7.51507541410382e-08,5.20047194326953e-14,0.707106781186547,-2.76859156260467e-14,4.73728586740385e-16,-1.48185832615383e-15,4.69551020244527e-16,4.80344807826782e-16,3.44631469691053e-17,-1.01291587964458e-16,3.07335643112557e-16,-7.96586659504244e-17,-0.00011437261536708,2.8801024573759e-16,2.01153384313951e-17,1.83147009966154e-17,2.20655479963933e-17,4.80135384843536e-17,3.89154041022938e-16,-6.80288464106741e-18
"t82",0.108297798708638,-0.083410345619554,-0.202582849390428,0.073476479455864,-0.109288228509241,-0.000918730391026796,-0.0346623507374779,2.5825564590005e-05,-0.103382537950181,0.247599747154835,-5.46727854235967e-05,0.00130982655124381,-0.00540241500802482,-0.000516210257497695,-1.03091651498452e-07,-0.00115839106311339,0.000223892223020439,-0.00205501536537147,5.73558633062154e-13,4.2880327836105e-05,-1.54862481864851e-05,3.7400796811991e-05,-0.000153253301938398,1.99992804791674e-05,0.000296797315545411,-0.000925583761189819,0.291433387601771,0.00144593348297781,-6.17561557447743e-16,-6.02812791606691e-05,0.111249719456895,-6.29796795386002e-07,1.4567670412538e-06,1.70088354892542e-07,6.00856379016597e-07,4.68724442931638e-07,4.1773689369879e-07,-4.64035310600644e-06,-1.01343821688077e-05,1.8703169308255e-06,8.32490938852811e-09,4.06037994817426e-05,-6.40333390451199e-07,-5.85489070633147e-05,1.58399926810872e-05,-7.14919539419466e-06,-4.93241772588513e-05,1.50400568168896e-06,9.7769687358092e-06,-1.19871191272319e-05,-8.51141500078448e-15,-1.22948526359856e-15,3.2444322634911e-16,-0.013744246817333,3.16418135639559e-15,0.491005162855375,-4.85595346578897e-15,-3.2844902219005e-08,-3.1118649998797e-16,2.72625961577318e-16,-3.97516160273056e-17,2.79194389739538e-16,3.8819365012396e-17,-2.68570682958498e-06,7.66876625240232e-07,1.56125112837913e-17,5.7734538524356e-06,8.24462342455017e-17,-1.57001146247463e-06,4.74050012438942e-08,5.1087606367517e-16,-9.15965282213056e-18,7.54604712049911e-17,-4.83987849797529e-16,-4.78609133707638e-18,4.19369400317393e-16,-7.73082337179137e-16,3.93616697059935e-15,1.95587036150302e-13,-0.707106781186548,1.45064770265811e-14,-8.43603664301973e-05,-7.85087429143131e-16,-6.41956106328667e-16,9.29000956131835e-17,-1.26721340601347e-16,1.19382762941562e-16,-5.8113236445223e-17,5.30944419349198e-17
"t83",0.108297798708638,-0.083410345619554,-0.202582849390428,0.073476479455864,-0.109288228509241,-0.000918730391026796,-0.0346623507374779,2.5825564590005e-05,-0.103382537950181,0.247599747154835,-5.46727854235824e-05,0.00130982655124382,-0.00540241500802483,-0.000516210257497697,-1.03091651507126e-07,-0.00115839106311336,0.000223892223020415,-0.00205501536537143,5.73540034825319e-13,4.28803278361006e-05,-1.54862481864602e-05,3.74007968119924e-05,-0.000153253301938389,1.99992804792298e-05,0.00029679731554539,-0.000925583761189847,0.291433387601771,0.00144593348297786,-5.68989300120393e-16,-6.02812791606792e-05,0.111249719456895,-6.29796795336562e-07,1.45676704127462e-06,1.70088354991909e-07,6.00856379021219e-07,4.68724442812294e-07,4.17736893753014e-07,-4.64035310612267e-06,-1.01343821686654e-05,1.87031693071708e-06,8.32490947187616e-09,4.06037994817683e-05,-6.40333390541405e-07,-5.85489070632462e-05,1.58399926810963e-05,-7.14919539419239e-06,-4.93241772589154e-05,1.50400568174777e-06,9.77696873579999e-06,-1.19871191272676e-05,-8.5435676124191e-15,-9.99200722162641e-16,1.67850598042302e-16,-0.0137442468173331,2.70773224038147e-15,0.491005162855376,-4.56441148040073e-15,-3.28449022701793e-08,-3.9255584813089e-16,-1.78657460450631e-16,1.0490807131793e-16,-1.64406915042487e-16,-1.3822417937924e-16,-2.68570682946593e-06,7.66876625269647e-07,2.60208521396521e-17,5.77345385239343e-06,-3.27815867587294e-16,-1.57001146259238e-06,4.74050010964427e-08,-2.52402265754625e-16,-1.57912140561129e-16,-3.12250225675825e-17,7.31185945124224e-16,3.75443718853817e-16,-1.46150452851046e-16,7.82531254189793e-16,-3.93080397593969e-15,-1.95489891635647e-13,0.707106781186548,-1.4582219914934e-14,-8.43603664338576e-05,7.91125607160826e-16,5.1011712215443e-16,-3.29615823683633e-16,-9.70142391424155e-17,1.17647705554421e-16,3.07046055247895e-16,-2.86911446242407e-16
"t4",0.104204696279473,-0.0795006421189316,-0.182623758372626,0.063804586686539,-0.0942988352684237,-0.000747494055058606,-0.0272678917534027,1.99002665076727e-05,-0.0719337353328228,0.0999279906669906,-1.54554284617563e-05,0.000291228547098768,-0.0006406259586191,-5.81393883910242e-05,1.35746160822431e-08,0.000317489678488177,-8.89179739718506e-05,0.00117048899258597,-3.34177549582138e-13,-2.57742442115894e-05,1.16156528010042e-05,-3.96528551209806e-05,0.000203523046409865,-3.05091598464709e-05,-0.000709257543496818,0.00222120251480482,-0.664823308778553,-0.00287129752498633,1.14491749414469e-15,-1.34691025191782e-05,0.683475862994152,0.000244204169972822,-0.00079136697506905,0.00120971536696702,0.000182327812344407,5.66511356515412e-05,3.83468787806612e-05,-0.000342666996543693,-0.000580226191638182,6.07351775681166e-05,1.88060312920001e-07,0.000571670577178504,-8.51834212267037e-06,-0.000725427847554054,0.000162566106699981,-5.75327678190659e-05,-0.000385460104214662,9.54405533183387e-06,4.88785394048714e-05,-5.47094656026656e-05,-3.09302298156336e-14,1.1297386637299e-16,3.81722582869238e-17,-0.0171982115179546,1.83136769301083e-15,0.00680566676230204,-6.55274498638637e-17,5.44555357080082e-06,3.48745181630653e-18,1.16924451626134e-17,2.74447397498209e-17,-1.93431724921562e-17,-5.55542480705522e-17,-2.33339557041702e-05,6.36620988633775e-06,-4.59701721133854e-17,4.46573042883609e-05,-3.9780774144276e-17,-1.1671026044326e-05,3.41726637235681e-07,-4.38017677684144e-17,3.24635202215617e-17,1.76941794549634e-16,-2.16840434497101e-17,3.4386133461943e-18,3.88144377749811e-17,2.41842403185235e-17,2.6987812788193e-18,2.25514051876985e-17,-4.6292990253026e-17,1.4386342289521e-18,-0.000501600719131327,-1.39116693360339e-19,-7.45931094670027e-17,-3.38788077625395e-17,-7.01992837200365e-17,1.45088157692543e-17,1.2793585635329e-16,1.24878539591685e-16
"t90",0.0691013233442121,-0.0443632473137528,-0.0221492601652455,-0.0778101914321331,0.139775695348927,0.00307492809007057,0.447958764495675,0.00433601593537539,-0.0808970271765925,0.00286280481968864,-0.000753253737866851,0.0109920471899599,-0.0353950099122203,-0.00338185384371315,-4.18097980257881e-07,-0.0022188896246497,0.000122003106262375,-0.00357069065217047,3.09557084463514e-12,0.000153929671133458,-5.34418903939543e-05,9.78070348135483e-05,-0.000350170266239153,4.08853460838188e-05,0.000166006645151741,-0.000431535225700735,0.00184072156702534,-0.000384255434870681,1.38777878078145e-16,3.99281727135507e-05,-0.0010436585422172,0.000110128067877246,-0.000376389564326139,0.000693749408493654,0.000102564512672964,3.53510010272446e-05,2.50844199528705e-05,-0.000234455410379333,-0.000469704949377021,5.47430415377553e-05,2.20790992529825e-07,0.497399376781111,3.09105189503986e-05,0.000501022695818839,7.36165104433043e-07,-2.19297240914621e-05,-9.19798237290657e-05,2.97451955759493e-06,2.91141389341457e-05,-3.32372834045299e-05,-2.12399821879281e-14,9.54097911787244e-17,-1.06936156411057e-16,-0.000215382100418493,3.02183402201102e-16,1.64617770370824e-05,6.58212156700353e-17,4.31167408099491e-06,-8.58071895258207e-17,7.25556624211983e-17,1.08296833336394e-16,1.97211167956936e-17,7.62206722145759e-16,-2.01356139203257e-05,5.54755668620258e-06,-6.24500451351651e-17,2.34291252718705e-05,1.63354550537979e-16,-1.04674322389895e-05,3.09372315994427e-07,2.60208521396521e-16,-1.60609677883329e-16,4.30211422042248e-16,-1.52655665885959e-16,1.48359289682678e-16,2.98372437868011e-16,-7.94693425642734e-17,2.13957616765592e-15,8.92688700737665e-15,-1.45643072839752e-14,-0.707106781186547,-9.56822878028785e-06,7.46626029100875e-16,-1.29713947916166e-15,-4.3757595858415e-17,1.39067259070666e-16,2.82262057471467e-17,9.71445146547012e-17,-3.1738367036283e-17
"t84",0.0691013233442121,-0.0443632473137528,-0.0221492601652455,-0.0778101914321331,0.139775695348927,0.00307492809007058,0.447958764495675,0.00433601593537539,-0.0808970271765926,0.00286280481968869,-0.000753253737866826,0.0109920471899599,-0.0353950099122203,-0.00338185384371315,-4.18097980278698e-07,-0.00221888962464971,0.000122003106262274,-0.00357069065217049,3.09556806588153e-12,0.000153929671133458,-5.34418903939526e-05,9.78070348135583e-05,-0.000350170266239187,4.08853460836661e-05,0.000166006645151775,-0.000431535225700789,0.00184072156702531,-0.000384255434870598,2.77555756156289e-16,3.99281727136806e-05,-0.00104365854221724,0.000110128067877191,-0.000376389564325931,0.000693749408493658,0.000102564512672963,3.53510010271479e-05,2.50844199527805e-05,-0.000234455410379392,-0.000469704949377076,5.47430415373668e-05,2.20790992257907e-07,0.497399376781111,3.0910518950291e-05,0.000501022695818901,7.36165104141609e-07,-2.19297240915378e-05,-9.19798237290642e-05,2.9745195575749e-06,2.9114138934114e-05,-3.32372834045095e-05,-2.11057309507505e-14,1.00613961606655e-16,-3.34153975064277e-17,-0.00021538210041867,1.77283310390745e-16,1.64617770371991e-05,2.07184286719822e-17,4.31167408107558e-06,2.79352129708262e-16,-4.7468684593115e-17,-4.47924995234499e-17,-5.48719769425586e-17,2.00525622289605e-16,-2.01356139203968e-05,5.54755668633298e-06,-1.73472347597681e-16,2.3429125271776e-05,-1.47160951407297e-16,-1.04674322389574e-05,3.09372315987488e-07,5.20417042793042e-18,4.06183002788763e-17,-4.1286418728248e-16,8.67361737988404e-17,-2.1072835131889e-16,-6.71337985203024e-16,8.70644554773574e-17,-2.01682126213316e-15,-9.45771239102555e-15,1.44237894738357e-14,0.707106781186547,-9.56822879270153e-06,-7.2441956849072e-16,1.18351509148518e-15,-1.95548458088279e-16,-2.31838345885568e-16,1.7817498667571e-17,3.05311331771918e-16,1.68337949886933e-17
"t47",0.0689634536268474,-0.0442535240951124,-0.0220344113482657,-0.0772720272849848,0.138768673763459,0.00304489594462702,0.442957754330372,0.00428399455538177,-0.0796148360594847,0.00277504097481493,-0.000725628062746934,0.0105561263337347,-0.033810919259031,-0.00322951505797623,-3.94308212244704e-07,-0.00207747590323753,0.000113511804678645,-0.00329297407542019,2.85290875535554e-12,0.000141728190864481,-4.88295564133471e-05,8.79299946928254e-05,-0.000310306535313286,3.58329310428257e-05,0.000135520859990661,-0.000350679064302606,0.00146106212085204,-0.000300303226835448,-2.98372437868011e-16,2.99960605013065e-05,-0.000756781815145302,6.6555527376725e-05,-0.000222740334425257,0.000395008759520779,5.54842120516286e-05,1.76673656660267e-05,1.19912121413368e-05,-0.000106790889872132,-0.000197474368643188,1.51649562088133e-05,1.41760451544235e-08,-0.502583570166191,-4.36789233233406e-05,-0.00113677305591112,0.000254437481017373,-7.38249099896364e-05,-0.000286985941610466,6.77058164532068e-06,5.73809411352661e-05,-6.36057075295417e-05,-3.85867438328484e-14,-1.83880688453542e-16,3.72924151823072e-17,-0.000371676367854429,-1.1567589872303e-15,2.79834482757288e-05,-5.02201393364909e-16,6.89652134977601e-06,-1.09192880664885e-15,5.30192581376243e-16,1.62834396916052e-15,-1.55784511825217e-15,-0.707106781186548,-2.91840859851163e-05,7.97256488847895e-06,2.14758766325929e-15,3.31798582114094e-05,4.53909172711594e-16,-1.46901113866568e-05,4.3097935942954e-07,4.9960036108132e-16,5.2123398448929e-17,4.96998275867355e-16,-5.3776427755281e-17,-4.44057756164745e-16,2.54353829665099e-16,1.7316194040282e-17,4.26191600626616e-17,-9.71445146547012e-17,-7.78330306469213e-17,-2.70569630446301e-16,-1.26518904177541e-05,-2.55023798273225e-16,-4.35849273339173e-17,8.35091786454191e-17,-2.30900634396631e-16,-1.07081645475756e-16,2.55004350968591e-16,9.06971805886103e-17
"t48",0.0689634536268474,-0.0442535240951124,-0.0220344113482657,-0.0772720272849848,0.138768673763459,0.00304489594462703,0.442957754330372,0.00428399455538176,-0.0796148360594847,0.00277504097481497,-0.000725628062746913,0.0105561263337346,-0.0338109192590311,-0.00322951505797619,-3.94308212251643e-07,-0.00207747590323751,0.000113511804678596,-0.00329297407542019,2.85288419852829e-12,0.000141728190864448,-4.88295564133703e-05,8.79299946927434e-05,-0.000310306535313277,3.58329310428743e-05,0.000135520859990658,-0.000350679064303045,0.00146106212085205,-0.000300303226835396,-1.07552855510562e-16,2.99960605014456e-05,-0.000756781815145273,6.65555273766426e-05,-0.0002227403344252,0.000395008759520693,5.54842120515856e-05,1.76673656659186e-05,1.19912121413888e-05,-0.000106790889872024,-0.000197474368643224,1.51649562085028e-05,1.41760448907997e-08,-0.502583570166192,-4.36789233234395e-05,-0.00113677305591113,0.000254437481017566,-7.38249099895942e-05,-0.000286985941610525,6.77058164545782e-06,5.73809411354093e-05,-6.36057075297334e-05,-3.91580099589931e-14,-1.17527515497429e-16,-1.04870194136449e-17,-0.000371676367854675,7.3755904851082e-16,2.79834482757067e-05,3.23526981613452e-16,6.8965213497669e-06,9.20350426217291e-16,-5.18878683352995e-16,-1.71533553014682e-15,1.64532178098696e-15,0.707106781186547,-2.9184085985329e-05,7.97256488853816e-06,-2.09554595897998e-15,3.31798582113597e-05,-5.3141376164836e-16,-1.46901113864178e-05,4.30979359460765e-07,-5.18682319317065e-16,-1.56043419005624e-16,-4.31946145518225e-16,7.11236625150491e-17,2.70648315716238e-16,2.28549817959944e-16,-1.04393814044985e-17,4.95580539931566e-17,1.64798730217797e-17,-2.05871557576302e-17,7.11708945286822e-17,-1.26518904179154e-05,2.01208475733435e-16,-3.98986399474666e-17,-4.65950883827118e-17,5.96655477193089e-17,-6.89177300134019e-17,1.02782365951626e-16,1.87841694962553e-16
"t46",0.0666544534454175,-0.0425058573105005,-0.0213310250586992,-0.0853739973377837,0.161399426990841,-0.00385377282743145,-0.0520792460306064,-3.13548360665317e-05,0.00294153691485232,-0.00528518914197058,0.00301818691282579,-0.0681921080404095,0.660214640074236,0.0695412481209991,-4.49984385704136e-06,-0.0155961290596279,0.000698561186321014,-0.0170305437096719,-0.707106781261789,0.000715645960395697,-0.00406300118696522,0.000357489648901197,-0.00117984786320022,0.00013142703119553,0.000450816744354382,-0.00116381122107332,0.00480865611087476,-0.000985650791273617,2.23779328401008e-16,9.84447827324763e-05,-0.00249831601626183,0.000238811627051256,-0.000815961356209906,0.00928072779051341,0.000202646261783611,6.86427068293187e-05,4.80763244573474e-05,-0.000444115046843406,-0.00543314771322858,8.86315313985211e-05,2.96205025714232e-07,0.0011136162186633,-1.51519220834046e-05,-0.000767521135458526,0.000308270400657601,-0.000114597198890224,-0.0004529758306677,1.15542285784851e-05,0.00010188569635046,-0.000113879786902866,-4.0235607918504e-13,-1.04950770296597e-16,-8.35943203394936e-17,-0.000685165370243459,8.62005639276848e-17,5.18032728261147e-05,2.69909045715277e-18,1.29817507107854e-05,-4.12445398014838e-17,-1.39931811552164e-18,3.22443549727984e-17,4.78305182947254e-17,1.57397031505164e-17,-5.63049575015122e-05,1.54104351341128e-05,3.29597460435593e-17,6.43349442318399e-05,-3.85017947800195e-17,-2.8536008150322e-05,8.38394993290213e-07,5.07406616723216e-17,-1.11226613294445e-16,-4.03323208164608e-17,-2.60208521396521e-17,-2.63614137385046e-17,1.65882932390282e-17,1.42204926183559e-18,3.63487850795354e-17,-2.23779328401008e-16,-6.68546378743589e-17,2.79592627672159e-17,-2.48158146266345e-05,6.57374443784721e-18,-1.23599047663348e-17,-3.54144284139221e-17,-1.10898135140653e-16,-2.4903110593443e-17,8.60856524953491e-17,7.3179762564557e-18
"t3",0.0666544534457109,-0.0425058573107339,-0.0213310250589539,-0.085373997339176,0.161399426993594,-0.00385377282752389,-0.052079246032064,-3.13548360674243e-05,0.00294153691497797,-0.00528518914254248,0.003018186913273,-0.0681921080521741,0.660214640222241,0.0695412481368271,-4.49984385898425e-06,-0.0155961290710438,0.000698561187250614,-0.0170305440622335,0.707106781111306,0.000715645949242801,-0.00406300117948277,0.000357489648631035,-0.00117984786256139,0.00013142703113443,0.000450816744223052,-0.00116381122073572,0.00480865610956699,-0.000985650791014217,-7.11236625150491e-17,9.84447827081806e-05,-0.002498316015673,0.000238811627000651,-0.000815961356040702,0.00928072778858866,0.000202646261742399,6.86427068166179e-05,4.8076324448925e-05,-0.000444115046756051,-0.00543314771216874,8.86315313817134e-05,2.96205025663925e-07,0.00111361621846814,-1.51519220806585e-05,-0.000767521135325846,0.000308270400605686,-0.000114597198871546,-0.00045297583059363,1.15542285767163e-05,0.000101885696334514,-0.000113879786884817,-4.02208199465279e-13,1.44198888940572e-16,-1.73295147215667e-17,-0.000685165370139234,5.15060435803007e-17,5.1803272818387e-05,-4.23903102401918e-18,1.29817507087044e-05,1.94718250119362e-17,1.59140320485794e-17,-2.7169233934795e-17,3.11346556224232e-17,3.44184815242915e-17,-5.63049574937853e-05,1.54104351317271e-05,-7.37257477290143e-17,6.43349442225528e-05,6.60099406105049e-18,-2.85360081462686e-05,8.38394993193936e-07,-6.67868538251071e-17,6.73475308823972e-18,-8.67361737988404e-18,4.77048955893622e-17,-8.96769798486342e-17,3.12575486327571e-16,8.36861806896793e-18,9.53298483576365e-17,-7.45931094670027e-17,-4.34330054533381e-17,3.64192165315017e-17,-2.48158146233246e-05,1.5244977083566e-17,-4.83771009363032e-16,-1.14416385797865e-16,2.94189397781421e-18,-7.86901978546017e-17,1.13190706807487e-16,1.39154126789714e-16
"t22",0.074914343908688,-0.0492844997508554,-0.0304330328756244,-0.144379476630486,0.281897623846967,-0.00966853712177504,-0.174759210035818,-0.000132899508297088,-0.0401642818355052,0.00300361533507426,-0.00106825556309946,0.0195183517376575,-0.133101987190126,-0.0137428645819907,3.66921331878753e-07,0.000612663891672882,-7.33742701233961e-06,-0.00040959437418035,1.59333465245656e-11,2.19275247346452e-05,-0.434205147968499,2.38049625332333e-05,-0.000106170077753365,1.36495716500581e-05,7.26855558645749e-05,-0.000190902577293709,0.000854654687441356,-0.00018368098995114,1.66533453693773e-16,2.04663377532301e-05,-0.000569524429058915,0.000108394537729203,-0.000460349030105282,0.0784486250669273,3.14182464512774e-05,3.04176066147833e-05,3.03171749203925e-05,-0.000456771171218587,-0.36657312715552,-1.46387178154772e-05,-1.47030680677980e-09,9.44731775147721e-05,-1.39489645440988e-06,-7.70969744295056e-05,3.6873718898931e-05,-1.5897191522026e-05,-6.36949276983084e-05,1.74997985600881e-06,1.61887717819537e-05,-1.83012699189519e-05,0.707106781197999,1.04136968145929e-13,3.12436800687096e-15,-0.000115221002879054,-2.46028066807603e-15,8.77649212290281e-06,-1.57434717822912e-15,2.27266086166866e-06,3.47885376443454e-16,4.95683518372378e-16,2.68931771816163e-16,-4.77426047089832e-16,1.66728600104393e-16,-1.0518890408737e-05,2.89774261819585e-06,-8.32667268468867e-17,1.22393499027488e-05,6.36432393147444e-17,-5.46956635308869e-06,1.61708795068036e-07,-9.0205620750794e-17,-2.87340426189106e-16,3.90312782094782e-17,2.4980018054066e-16,2.81520460663647e-16,-8.26162055433954e-17,-8.18671005548087e-17,1.83267754729359e-16,3.3436794999453e-16,-3.25983492386941e-18,-9.83811452718048e-17,-5.0290330859265e-06,6.94752303535625e-17,-9.92044987824237e-17,-1.17166623719295e-17,1.08374548216212e-16,-1.27774292486177e-17,2.47198095326695e-16,7.07753562537114e-17
"t60",0.0749143439087253,-0.0492844997508859,-0.0304330328756638,-0.144379476630735,0.281897623847472,-0.00966853712179843,-0.174759210036301,-0.000132899508297559,-0.040164281835662,0.00300361533509658,-0.00106825556310884,0.0195183517378429,-0.133101987191545,-0.0137428645821381,3.66921331887426e-07,0.000612663891682084,-7.33742701238861e-06,-0.00040959437418766,1.59334993260523e-11,2.19275247351127e-05,-0.434205147977026,2.38049625336077e-05,-0.000106170077756062,1.3649571650471e-05,7.26855558672139e-05,-0.000190902577300925,0.00085465468747687,-0.000183680989959077,1.00613961606655e-16,2.04663377543919e-05,-0.000569524429088659,0.000108394537736595,-0.000460349030136937,0.0784486250725385,3.14182464537227e-05,3.04176066170723e-05,3.03171749227327e-05,-0.000456771171256473,-0.366573127187116,-1.46387178167661e-05,-1.47030672009783e-09,9.44731775286684e-05,-1.39489645454346e-06,-7.70969744419703e-05,3.68737189070166e-05,-1.58971915271312e-05,-6.36949277215159e-05,1.74997985642499e-06,1.61887718060955e-05,-1.83012699674031e-05,-0.707106781175096,-1.04361831676503e-13,-2.87124291981217e-15,-0.00011522100272891,2.51490625707318e-15,8.77649211243549e-06,1.36080500391018e-15,2.27266086301882e-06,-3.6335115997855e-16,-5.11605980096926e-16,-4.85672874331728e-16,6.44940126445926e-16,-2.05118862411927e-16,-1.05188904065976e-05,2.89774261731382e-06,1.21430643318376e-16,1.22393499002351e-05,-6.47262984147435e-17,-5.46956635203246e-06,1.61708795248447e-07,1.84314369322536e-16,7.34820654986455e-17,-3.38271077815477e-17,-3.03576608295941e-17,-2.42365955828078e-16,2.48932818802672e-16,1.12422220501256e-16,5.14287879234029e-17,-5.74627151417317e-16,-3.96889211665595e-17,1.31903514152187e-16,-5.02903308525864e-06,-5.88943947459076e-17,2.11311003417425e-16,3.33835332144653e-17,-2.09730412446753e-16,-2.31861530879915e-17,1.66099772824779e-16,-8.18804107902418e-17
"t20",0.074579622050626,-0.0490113877876868,-0.0300784566111568,-0.142131584186943,0.27732439695722,-0.0094553231933129,-0.170347493881851,-0.000129290839489142,-0.0387175901416541,0.00279099394603215,-0.000977194794555427,0.0177133649059895,-0.119133256187195,-0.0122907302570283,3.17299618983816e-07,0.000519146655983932,-6.10619927792584e-06,-0.000332070104409092,1.28893992990979e-11,1.76905628360806e-05,-0.342112478839883,1.77954190831874e-05,-7.54920301126085e-05,9.3179582077059e-06,3.57280445527693e-05,-9.13843876179086e-05,0.000351790538511685,-6.72933595014264e-05,-2.1163626406917e-16,5.06597964642143e-06,-7.76932177256488e-05,-5.55855610746871e-05,0.000274786459148803,-0.0593761124499335,-3.08123513088006e-05,-4.12239674767619e-05,-4.79551040001034e-05,0.000841511254791077,0.846798957046443,8.36271896858349e-05,1.77544107412685e-07,0.000476354122831228,-6.29736187224804e-06,-0.000308564196348559,0.000115117345878077,-4.00180249801135e-05,-0.000157221476654272,3.88252373749633e-06,3.35798918483325e-05,-3.73705907018135e-05,-1.67783933947835e-11,-2.39825520553794e-16,2.72769587283551e-18,-0.00022125688540318,-7.66258256836937e-17,1.66881232194484e-05,7.88044136560394e-17,4.14102103326762e-06,3.91982418864108e-17,-6.08667448361449e-18,6.72898678945275e-17,-6.89641872610295e-17,2.66579748586112e-18,-1.76953412533624e-05,4.83778828557675e-06,3.46944695195361e-18,2.01603393544585e-05,-2.97111027540813e-17,-8.93304443229793e-06,2.62250489152863e-07,-1.196959198424e-16,-8.12537488139709e-17,-5.11743425413158e-17,1.66533453693773e-16,-1.65296030926682e-16,1.68051336735253e-16,-7.4308703203107e-18,-3.90393979396168e-17,-8.32667268468867e-17,-1.40777653102732e-16,7.81687029074917e-17,-7.73507169883787e-06,5.58151032116116e-20,8.72782748850831e-17,-5.6010166149102e-17,-9.61983664318202e-17,3.19543283446993e-17,1.96891114523368e-16,1.48740180935994e-16
"t19",0.0744450840515305,-0.0489013360700893,-0.0299334744947385,-0.141203558047718,0.275433301973965,-0.00936584545424916,-0.168480655313797,-0.000127756113842001,-0.0380873004329948,0.00268759727169987,-0.000930391384362116,0.0167567991105825,-0.111285193319443,-0.0114719293478048,2.83757367484927e-07,0.000445545044603968,-4.94196914207178e-06,-0.000218714332076805,8.20434236578102e-12,1.06603269833944e-05,0.324593605096307,2.12398791893873e-05,-7.89031523944069e-05,9.2199480317412e-06,2.45275248126619e-05,-6.02049539769856e-05,0.000169054498402532,-2.12480889183291e-05,-8.32667268468867e-17,-2.34744771787242e-06,0.000202765022740129,-0.000377260198005743,0.00216530365341233,-0.849865993054797,0.000611740973723497,0.00010483411261952,6.39986169740716e-05,-0.000574723405283647,-0.117851710962368,4.72604446664932e-05,1.42042199909325e-07,0.000460146609294684,-6.16193688877421e-06,-0.00030623316958619,0.000117552798707793,-4.17741118072255e-05,-0.000164414370743262,4.0961138527889e-06,3.55921343030444e-05,-3.96482007866515e-05,-2.39207218300757e-12,6.54858112181245e-17,6.22984688935876e-17,-0.000235514761959309,9.9578740027432e-17,1.77715059376722e-05,-9.4292651978455e-18,4.41725995783981e-06,-4.1614013146858e-17,5.61662654472491e-17,1.06547839901199e-16,7.77679419456269e-17,-6.70107967173464e-17,-1.89105555221366e-05,5.17042102157743e-06,-6.41847686111419e-17,2.15484995734807e-05,-8.43477669096796e-17,-9.54840603516367e-06,2.8031729258117e-07,4.9439619065339e-17,-1.61005051317622e-17,-7.71951946809679e-17,-4.5102810375397e-17,1.34866190358968e-17,1.99493199737333e-16,-3.25025233733065e-17,-1.01245644552293e-16,1.18828558104411e-16,4.53852065145725e-18,8.08691303409499e-18,-8.2636613439567e-06,1.90132756341634e-17,1.01481323344643e-16,-7.26928999218313e-17,1.25255440318338e-16,-1.00871230378682e-16,2.52402265754625e-16,4.91733308945361e-17
"t38",0.0748602931016103,-0.0492401323225524,-0.0303733962559213,-0.143992680166847,0.281107672976315,-0.00963040191923894,-0.173954589777663,-0.000132233527256708,-0.0398818001474177,0.00295032161250693,-0.00104250861063684,0.0189737538188097,-0.128347209833724,-0.0132449538976008,3.42853563699286e-07,0.000553637222926184,-6.297920401248e-06,-0.000289276527630403,1.08959655205427e-11,1.41991367416522e-05,0.44749117307596,3.16849161776302e-05,-0.000127309521440817,1.58993086312037e-05,8.21875589633593e-05,-0.000216053120851458,0.000974173479026911,-0.000210795943370191,1.59594559789866e-16,2.40719915320588e-05,-0.000691591964907233,0.000224050641375595,-0.00113815631822833,0.361737979980232,-0.000200338748519888,-2.33192077486841e-05,-1.14650928046649e-05,8.08322665090538e-05,0.0106975999370314,1.82895719531666e-06,1.89285087294966e-08,0.000121763016188894,-1.72819709119872e-06,-9.19234881175883e-05,4.12370589522896e-05,-1.70815083724248e-05,-6.82364341799944e-05,1.84799140717162e-06,1.69664290512249e-05,-1.91495232768477e-05,-1.17256138298519e-12,-1.84574577843932e-15,-0.707106781186547,-0.000119867984468688,2.31830131710466e-16,9.12271868563452e-06,-3.70776249568114e-16,2.35421230175364e-06,-8.883433922265e-16,1.19632681563119e-16,-1.12279451292818e-15,8.20359367195852e-16,-1.60300456424494e-16,-1.08366684712385e-05,2.98389981100904e-06,3.57353036051222e-16,1.25932022139188e-05,-1.18124957984039e-17,-5.62494552988147e-06,1.66236563584055e-07,-1.81278603239576e-16,1.63789757680353e-16,1.196959198424e-16,1.07552855510562e-16,1.65515935398086e-16,3.55618312575245e-17,7.5264574861627e-17,3.48483429982225e-17,-1.4137996329211e-16,-5.35733271192275e-17,1.96382938181846e-16,-5.15563624783888e-06,-1.90598044283878e-16,-1.48969378499508e-16,-3.14457126134087e-17,-4.64675378647381e-16,-2.47766656991771e-17,1.42247325030098e-16,1.16414453691355e-16
"t25",0.0748602931016103,-0.0492401323225524,-0.0303733962559213,-0.143992680166847,0.281107672976315,-0.00963040191923893,-0.173954589777663,-0.000132233527256716,-0.0398818001474177,0.00295032161250689,-0.00104250861063682,0.0189737538188097,-0.128347209833724,-0.0132449538976007,3.42853563713164e-07,0.000553637222926211,-6.29792040121591e-06,-0.000289276527630427,1.08958980021082e-11,1.41991367416314e-05,0.44749117307596,3.16849161775164e-05,-0.00012730952144085,1.58993086312384e-05,8.21875589633823e-05,-0.000216053120851544,0.000974173479026978,-0.000210795943370163,6.93889390390723e-18,2.40719915323073e-05,-0.000691591964907297,0.000224050641375827,-0.00113815631822816,0.361737979980232,-0.000200338748520068,-2.33192077489469e-05,-1.14650928048352e-05,8.08322665089688e-05,0.0106975999370315,1.82895719529584e-06,1.8928508730906e-08,0.000121763016189023,-1.72819709166883e-06,-9.19234881176841e-05,4.1237058951574e-05,-1.70815083725091e-05,-6.82364341802641e-05,1.84799140849974e-06,1.69664290519788e-05,-1.91495232763061e-05,-1.17866321858421e-12,1.69655955950532e-15,0.707106781186547,-0.000119867984468518,-2.88586910807598e-16,9.12271868483785e-06,4.1331875729038e-16,2.35421230024898e-06,8.94952334641335e-16,-1.08236620438421e-16,1.12280502187264e-15,-8.77934922029838e-16,1.88399290937752e-16,-1.08366684713143e-05,2.98389981092685e-06,-1.76941794549634e-16,1.25932022138715e-05,4.02292085182064e-17,-5.62494552985241e-06,1.66236563719363e-07,3.15719672627779e-16,-2.24788301395524e-16,5.20417042793042e-18,5.20417042793042e-17,-3.61840006350451e-16,-8.15320033709099e-17,-4.96355359710883e-17,6.60733643336296e-17,-1.23165366794353e-16,-1.26431720687609e-16,-1.31479807162163e-16,-5.15563624772439e-06,1.80632785832278e-16,6.89552581700781e-17,-8.17525066904064e-17,1.64161884486042e-16,-7.681834258398e-17,1.78676518025611e-16,8.86588853195647e-17
"t76",0.0960946520556554,0.281451940882643,0.00631642515557542,0.0152684813764585,-0.0131256238707993,-0.00139973311570626,-0.00570348130883317,0.000276202674480964,-0.00327410154671499,0.000266776243392396,-0.000244700358496418,0.00323242779232391,-0.00323418205913738,-0.000200233511517459,-2.61965839479239e-07,-0.000295504155657844,1.85392846379006e-05,-0.00154560157728884,1.78454031667705e-12,0.224885070680187,-1.22671561574679e-06,2.60793297047891e-05,-9.00682387115683e-05,9.19857421565612e-06,-0.490162238688998,-0.00245495219387544,0.000702952028046327,-0.000441186266500262,6.80011602582908e-16,3.50283074972784e-05,-0.000223421507812556,7.3943020395352e-05,-0.000250165811455781,0.000111550416562019,6.66500227716163e-05,2.24689304718021e-05,1.57794246926649e-05,-0.000145926266034723,-7.10268836939053e-05,3.16695940031468e-05,1.14705731354601e-07,0.000152778654541258,-9.26171395425508e-06,-0.000157428386981136,0.330197569314861,1.40823644989316e-05,1.06966145554999e-05,1.53641170178741e-07,1.03601285292303e-05,-0.00292705754342112,-1.97957239164529e-15,-4.0766001685455e-17,3.70286362715507e-17,-2.51047146900066e-05,6.48272014316804e-17,1.96335480094579e-06,-1.87467899902461e-17,0.000469542313202529,6.15894414922152e-17,-4.137327297371e-16,2.56208593260324e-17,-1.53285930905358e-16,-1.33098280472924e-16,-0.00684752867156291,2.57561476309292e-06,-3.46944695195361e-17,3.23910291505358e-06,3.50306572882969e-16,-5.16526247874849e-06,1.53726914385588e-07,-3.19189119579733e-16,5.3045098322503e-16,2.84494650060196e-16,2.18575157973078e-16,-1.10735550159609e-16,1.92554305833426e-16,-0.707106781186547,3.0118341795983e-16,-2.39391839684799e-16,7.3630522475481e-16,2.30303614682707e-16,-1.39678871569071e-06,1.40883874811944e-16,8.76035355368288e-17,-1.72234925049425e-16,-4.17268673346399e-18,7.16771768737862e-17,-3.90312782094782e-17,4.12509373904258e-16
"t77",0.0960946520556554,0.281451940882643,0.00631642515557542,0.0152684813764585,-0.0131256238707993,-0.00139973311570626,-0.00570348130883317,0.00027620267448098,-0.00327410154671498,0.0002667762433924,-0.00024470035849641,0.00323242779232394,-0.00323418205913738,-0.000200233511517418,-2.61965839458422e-07,-0.00029550415565782,1.85392846379353e-05,-0.00154560157728885,1.78455696575848e-12,0.224885070680187,-1.22671561575199e-06,2.60793297048712e-05,-9.00682387115406e-05,9.19857421567694e-06,-0.490162238688998,-0.00245495219387542,0.000702952028046325,-0.000441186266500269,6.10622663543836e-16,3.50283074972803e-05,-0.000223421507812512,7.39430203953312e-05,-0.000250165811455705,0.000111550416561907,6.66500227716649e-05,2.24689304718924e-05,1.57794246928852e-05,-0.000145926266034765,-7.10268836938708e-05,3.1669594003126e-05,1.14705731427676e-07,0.000152778654541295,-9.26171395420131e-06,-0.00015742838698111,0.330197569314861,1.40823644989806e-05,1.06966145555318e-05,1.53641170014607e-07,1.0360128529227e-05,-0.00292705754342115,-1.59294613358736e-15,1.20563281580388e-16,2.24155138601915e-16,-2.51047146900621e-05,-4.61951046428132e-17,1.96335480091956e-06,-3.26245239165888e-17,0.000469542313202607,4.08534192763041e-16,4.5173080836019e-16,2.47665485107107e-16,4.9723539277109e-16,-3.10619857731387e-19,-0.00684752867156254,2.57561476311647e-06,-1.49186218934005e-16,3.2391029151967e-06,-2.46438301824249e-16,-5.16526247892456e-06,1.53726914139257e-07,1.04083408558608e-16,-4.13238417171564e-16,2.77555756156289e-17,-5.10008701937181e-16,2.11037784782017e-17,1.21430643318376e-17,0.707106781186547,-1.01272376671962e-16,2.35922392732846e-16,-8.73517849346813e-16,-5.59254163991783e-17,-1.39678871479559e-06,-1.08916553802221e-16,-6.89552581700781e-17,-1.54894694288013e-16,-1.07388847607669e-16,3.00428145352413e-17,2.68882138776405e-17,-2.5362470015379e-16
"t17",0.0956521319514769,0.279845741961519,0.00624098301909211,0.0150254989687485,-0.0129080790116269,-0.00136833403011352,-0.00555736520170259,0.000268602395582298,-0.00315536836425957,0.000248236021681276,-0.000224431545966382,0.00294344066514848,-0.00290890240484343,-0.000179967470912697,-2.28717268173362e-07,-0.000253670611164761,1.56833236812813e-05,-0.00128084128042802,1.47646136727845e-12,0.1856598008946,-9.94732003086439e-07,2.03590932857663e-05,-6.79669034512123e-05,6.76239926235972e-06,-0.303823904842002,-0.00150475747345475,0.000406617064992482,-0.000245518214458361,1.73472347597681e-16,1.76338550343494e-05,-0.000102549971124866,1.98862305133413e-05,-6.26651276623494e-05,2.43386928915239e-05,1.18785916834321e-05,2.74615193872655e-06,1.47631295267699e-06,-9.40437586124422e-06,-1.44793781296348e-06,-4.61864535828554e-06,-4.10150676363697e-08,-0.000159368402927959,1.11596919854032e-05,0.000229771139685095,-0.879521123420215,-0.00014006764908486,-0.000141874596785226,2.52260659288111e-06,7.07779891601105e-05,-0.0176077692749561,-1.00907946145153e-14,7.36390115552155e-16,-4.52871642966036e-16,-0.000103047213007038,-6.43923244301762e-16,7.67018019699772e-06,3.70849958595847e-17,0.00151860980882334,-6.80571352365872e-16,3.13905238746384e-17,-4.27468210207481e-16,-1.36141865806544e-16,7.14102267169621e-17,-0.0167900851070694,6.17443042768422e-06,9.0205620750794e-17,7.47036965240903e-06,-7.83611522203329e-17,-1.16345720487924e-05,3.3969591020297e-07,4.20670442924376e-16,-1.20444222594698e-16,9.54097911787244e-17,1.57859836313889e-16,-2.80610984676027e-17,3.23525928269675e-16,4.88882733075962e-17,8.19418299030241e-17,3.72965547335014e-17,-5.32955160294646e-17,-1.38123869937761e-16,-2.70409668316415e-06,8.2375753649379e-17,-1.70870262383715e-16,1.36670510148187e-16,-1.60053331291622e-16,-2.13255526986102e-17,1.70002900645727e-16,7.9366578416253e-17
"t55",0.0963530114739628,0.282395002719867,0.006362162674835,0.0154188446160694,-0.0132607068523181,-0.00141983328564774,-0.0057985897436187,0.00028119930184751,-0.00335585516252947,0.000282092315813741,-0.00026277895414358,0.00350036656857942,-0.00355681753476402,-0.000220413530707101,-3.01002367100733e-07,-0.000349838293846744,2.26025147745425e-05,-0.00197684822800002,2.29117296024736e-12,0.290449622626641,-1.66750045868481e-06,4.08881455966733e-05,-0.000170881855511888,2.17922166058093e-05,0.351729706853061,0.00144795905520927,-0.00014264901708005,2.9754960293879e-05,-3.40005801291454e-16,4.19908251437121e-06,-4.57917025583517e-05,2.53740561818004e-05,-8.71893060433553e-05,3.97455720982476e-05,2.4232556962806e-05,8.32367690450898e-06,5.88255784818214e-06,-5.46534252625352e-05,-2.67126233345184e-05,1.18472015098597e-05,4.14471663079375e-08,4.49834030170964e-05,-2.56318201852929e-06,-3.91204063403586e-05,0.0375463373188843,-9.39708065522096e-06,-1.08504886069756e-05,3.07282218644812e-07,9.89267910572874e-06,-0.00249103169930362,-1.5999001515961e-15,7.01695646032618e-16,7.19250899567945e-18,-1.3246311305181e-05,5.52902739892855e-16,9.31471023435989e-07,-2.71907035223005e-17,7.80622353589722e-05,2.41914229236015e-16,1.37230585945629e-19,2.63196861913157e-15,-9.76057909269336e-16,8.72541455617238e-17,0.830563057831544,2.26669970762597e-05,-1.7728873924483e-15,1.15622429743347e-05,1.9958523336358e-16,-1.4240220711548e-05,3.64594064262286e-07,-1.45543299634454e-15,-4.64450227364909e-16,-7.97972798949331e-17,-2.02962646689286e-16,1.36346130307075e-16,-2.63677968348475e-16,-2.56178570634827e-16,-1.8349392967697e-16,-3.18321757841744e-16,-1.28244923587754e-16,8.12027291117057e-17,-1.98161173328715e-06,7.26125150236601e-17,-2.74736830507827e-16,-2.83941570262894e-16,-6.82787203399555e-17,-4.64084114299384e-17,3.41740524767431e-16,1.51390315033755e-16
"t85",0.0964857975352318,0.282877032541318,0.00638482270867093,0.0154918765824503,-0.013326101125301,-0.00142928325558014,-0.00584259839145593,0.000283489528915513,-0.00339172510395896,0.000287780566025598,-0.000269055118980578,0.00359032545498203,-0.00365911955941573,-0.000226791357822788,-3.11795996521536e-07,-0.000363737818556357,2.35742171860566e-05,-0.00207062101288807,2.4003071030734e-12,0.30445893672109,-1.75413204878952e-06,4.33193190287215e-05,-0.00018212044087086,2.33261607801502e-05,0.385588872717531,0.00158947508377055,-0.000157622645341448,3.30120966459402e-05,-6.66133814775094e-16,4.70306649215938e-06,-5.16771375975553e-05,2.94809975530108e-05,-0.000101562522025977,4.65024208242233e-05,2.85026987858446e-05,9.8605360783172e-06,6.99332688696764e-06,-6.52012846911708e-05,-3.20326095642608e-05,1.44639515807128e-05,5.16216486302944e-08,5.88263138394472e-05,-3.38213728899063e-06,-5.22776777622642e-05,0.0523999157366179,-1.42855473541799e-05,-1.67109916799271e-05,5.26538438598464e-07,1.93503176197773e-05,-0.00510503709208696,-2.92259204706709e-15,-1.05818132034585e-16,5.34849903895862e-17,-3.76040117747237e-05,-2.82782393044153e-16,2.91053324753517e-06,-2.23916139686996e-16,0.000700387012076891,6.28069640602873e-17,3.95491782763052e-17,-1.06847240326288e-15,3.22377208767369e-16,-8.1677264522328e-17,-0.393540341652264,-6.83026403911243e-06,1.15879528195251e-15,-8.09231353711632e-07,2.97091449286444e-17,-6.04239403258905e-07,4.43073946525263e-08,4.45823933326039e-16,1.47176230634942e-16,2.18575157973078e-16,1.38777878078145e-16,-2.39388660080174e-16,-1.92554305833426e-16,-7.03352610416115e-17,-6.94559305332527e-17,6.85215773010839e-16,7.90412612288027e-16,-7.43249680746465e-16,-9.62571442726656e-07,-0.707106781186548,9.59692394997269e-15,-2.74121806493869e-16,-1.8125988625477e-16,1.39635718589235e-16,-5.02202446295286e-16,1.3666552744977e-16
"t86",0.0964857975352318,0.282877032541318,0.00638482270867093,0.0154918765824503,-0.013326101125301,-0.00142928325558012,-0.0058425983914559,0.000283489528915497,-0.00339172510395896,0.000287780566025616,-0.000269055118980589,0.00359032545498204,-0.00365911955941573,-0.000226791357822909,-3.11795996549291e-07,-0.000363737818556346,2.35742171860818e-05,-0.00207062101288805,2.40029712335803e-12,0.30445893672109,-1.7541320488086e-06,4.33193190287483e-05,-0.000182120440870839,2.33261607801918e-05,0.385588872717532,0.00158947508377057,-0.000157622645341417,3.30120966459749e-05,-8.32667268468867e-16,4.70306649211379e-06,-5.16771375975435e-05,2.94809975530681e-05,-0.000101562522025967,4.65024208242243e-05,2.85026987857796e-05,9.86053607828424e-06,6.99332688713905e-06,-6.52012846911569e-05,-3.203260956423e-05,1.44639515807475e-05,5.16216485957083e-08,5.88263138394485e-05,-3.38213728915369e-06,-5.22776777622325e-05,0.052399915736618,-1.428554735416e-05,-1.67109916797625e-05,5.26538438415315e-07,1.93503176197393e-05,-0.00510503709208705,-3.04986375733159e-15,-7.67615138119737e-16,-1.206027215104e-16,-3.76040117748173e-05,-1.2925936426216e-16,2.91053324751522e-06,2.01091094292785e-16,0.00070038701207683,-2.08026759835515e-16,-3.66671504263011e-17,-1.38375840615745e-15,6.61840896166831e-16,-1.12649024261509e-16,-0.393540341652264,-6.83026403917993e-06,6.24500451351651e-16,-8.09231353590418e-07,-2.85576846997042e-16,-6.04239403258905e-07,4.43073939135341e-08,7.32053306862213e-16,-6.44600723581658e-17,-7.45931094670027e-17,4.47558656802016e-16,-8.28299516689976e-17,3.07913416985883e-16,2.90486972294585e-16,3.59888116209945e-16,-6.74807432154978e-16,-8.28192892859712e-16,7.18796858814779e-16,-9.62571441328469e-07,0.707106781186547,-9.46551864666745e-15,1.69101907359619e-16,9.93316664486457e-17,-1.76083686712591e-16,1.65666091955785e-16,-1.23542924342512e-16
"t27",0.0957316455783133,0.280129051830492,0.00625280039405857,0.0150602581619229,-0.0129386898295683,-0.00137206482907395,-0.00557285614460155,0.000269347757642792,-0.00316225685177895,0.000245129749304895,-0.000218141530661251,0.00282831632326968,-0.00271848154695135,-0.000167852325801998,-1.83397690478593e-07,-0.000159246392580357,4.99705980567915e-06,0.00148969026557024,-2.1478963453549e-12,-0.365621507765181,-1.13926933219639e-05,6.40458181363553e-05,-0.000206841994252846,2.31580285267596e-05,0.0347193758460519,-4.37148475096621e-05,0.000194326072516403,-0.000159282846907527,4.9960036108132e-16,1.6355530871264e-05,-0.0001132016493705,3.94018218241622e-05,-0.000132762624718057,5.86814693472461e-05,3.46009804574081e-05,1.14124461328012e-05,7.91620500694595e-06,-7.22457860649374e-05,-3.44291653587188e-05,1.40498206547962e-05,4.48251820608534e-08,3.66105890919509e-05,-1.93984234402034e-06,-2.61412405191076e-05,0.00629450128626727,1.44651120841566e-06,3.83517746246616e-06,-9.1616004750913e-07,-0.000228780793369315,0.872664602961274,-3.43429554451566e-14,-6.20163642661709e-15,-2.79563998232929e-16,-0.000155014528604287,2.87953943427888e-15,1.04983161459487e-05,9.00987000889589e-16,0.0653184325839376,4.5581098501304e-18,1.66577935425697e-16,-5.04901584741081e-16,4.52980409191473e-18,8.19793061556969e-17,-0.00485493445060315,5.6301649885868e-06,-7.63278329429795e-17,6.5547026395277e-06,-1.05657300004945e-16,-1.0108791714581e-05,2.934063234733e-07,1.66533453693773e-16,-4.63650179216088e-17,0,4.26741975090295e-16,-3.58511626136048e-16,1.33573707650214e-16,4.00236692227854e-19,-1.37752066155454e-17,-4.09394740330526e-16,-1.95577652287597e-17,5.12670613829862e-18,-2.29221336481289e-06,2.28664460022763e-17,-3.38271077815477e-17,-2.0779466746103e-18,-3.77375365699703e-16,-4.30068363191755e-17,1.76941794549634e-16,-4.45458034655364e-17
"t33",0.0958859268169163,0.280688604703164,0.00627896220387055,0.0151442607723606,-0.0130138588537736,-0.00138286191394495,-0.00562296114953719,0.000271949536961995,-0.00320256012505285,0.00025114360794739,-0.000224531416579909,0.00291781543655447,-0.00281539983353061,-0.000173874914243324,-1.91677686806058e-07,-0.000167281346128238,5.27187829206001e-06,0.00158099995353727,-2.28072781152727e-12,-0.388450276084616,-1.21654278592885e-05,6.91044933922285e-05,-0.000225182437516697,2.53799594402693e-05,0.0395743097334723,-4.99441927489536e-05,0.000224623615901276,-0.000185485319585149,9.71445146547012e-17,1.93892115944737e-05,-0.000136211239818097,5.04995033184345e-05,-0.000171193040807628,7.64761394915522e-05,4.56884501585689e-05,1.53478697412416e-05,1.0745923059342e-05,-9.90039585455869e-05,-4.78604239901768e-05,2.06059393755495e-05,7.03330567816077e-08,7.11679431901263e-05,-3.96388861237731e-06,-5.77679883936059e-05,0.0201917793419185,-2.84286653313114e-05,-3.2246031806456e-05,1.04576653927566e-06,8.20741495168201e-05,-0.21574219141478,2.64526698072579e-15,2.22565021967824e-15,-8.08039440792469e-16,-4.52629323275527e-06,-3.74732353741582e-15,4.66004705690446e-07,-5.33047656378248e-15,-0.837249373731699,2.69969938907573e-15,1.64247370872577e-16,-2.27654658226101e-15,-8.17870588821666e-17,-8.75739649063559e-17,-0.00294764472964469,3.46559531193622e-06,-4.16333634234434e-17,4.13975764361214e-06,-2.7859401719993e-17,-6.49061925890593e-06,1.90970922485378e-07,5.13478148889135e-16,9.32954416699643e-17,1.31838984174237e-16,2.77555756156289e-16,1.53495535264023e-16,1.28369537222284e-16,1.13719445685565e-16,-8.32192723568331e-17,2.77555756156289e-17,-1.09768610947783e-16,6.86490314458671e-17,-1.63876381167882e-06,-5.56402819086752e-17,-8.37004077158809e-17,-2.75635487060403e-17,8.66779850585528e-17,-2.73999439848319e-17,0,1.82297469018389e-16
"t39",0.0959225420933758,0.280821376852376,0.00628516322445581,0.0151641578761698,-0.0130316615789967,-0.00138541647219659,-0.0056348093617334,0.000272564573499176,-0.00321207323483969,0.000252555206977986,-0.000226027981568355,0.00293875432992758,-0.00283803330178292,-0.000175281233047601,-1.93603168628653e-07,-0.000169145522914333,5.33551404238025e-06,0.00160208682262273,-2.31147066097092e-12,-0.393719773125584,-1.23433962926712e-05,7.02642755287831e-05,-0.000229371175821048,2.58859924649191e-05,0.0406624867435859,-5.13391503943104e-05,0.000231377656538069,-0.000191310018820237,2.77555756156289e-17,2.00591115034585e-05,-0.00014126487929863,5.28851094176511e-05,-0.000179438071167354,8.02810258330715e-05,4.80495246493481e-05,1.61812632723948e-05,1.13434998752758e-05,-0.00010463903479041,-5.06773155140568e-05,2.19608910158008e-05,7.55162680880555e-08,7.78856660940547e-05,-4.35396894477719e-06,-6.37876319953198e-05,0.0227195445323192,-3.33285122699693e-05,-3.80601125447824e-05,1.31244020756631e-06,0.000113185589048612,-0.309456068674774,6.65826147472114e-15,1.73819292292876e-15,6.66146358070653e-16,-1.00129489898904e-05,7.94309084158571e-16,1.29694891097499e-06,2.40374039773824e-15,0.38389012293144,6.58055950357214e-16,0.707106781186548,-4.55191482003317e-15,-2.4719191130522e-15,3.37111285208024e-16,-0.002126179372948,2.57993203715448e-06,-8.32667268468867e-17,3.22243335774985e-06,7.04059524659002e-16,-5.16843654248342e-06,1.54585077495606e-07,-7.07767178198537e-16,-3.24571080998379e-16,-5.3776427755281e-16,-1.4883927423881e-15,-4.00406365580124e-16,2.41126563160776e-16,-3.62933827194781e-16,4.15622511719762e-17,2.79290479632266e-16,-2.37306553164892e-16,3.17802540350305e-17,-1.43792179047725e-06,-1.10674589186153e-17,2.00360561475321e-16,4.94367144400051e-17,1.14504566607242e-16,-1.94739981396163e-17,3.98986399474666e-17,2.35108436317532e-16
"t40",0.0959225420933758,0.280821376852376,0.00628516322445581,0.0151641578761698,-0.0130316615789967,-0.00138541647219659,-0.0056348093617334,0.000272564573499176,-0.00321207323483969,0.000252555206977986,-0.000226027981568355,0.00293875432992758,-0.00283803330178292,-0.000175281233047601,-1.93603168628653e-07,-0.000169145522914333,5.33551404238025e-06,0.00160208682262273,-2.31147087848675e-12,-0.393719773125584,-1.23433962926712e-05,7.02642755287831e-05,-0.000229371175821048,2.58859924649191e-05,0.0406624867435859,-5.13391503943104e-05,0.000231377656538069,-0.000191310018820237,-2.77555756156289e-17,2.00591115034585e-05,-0.00014126487929863,5.2885109417658e-05,-0.000179438071167354,8.02810258330095e-05,4.80495246493481e-05,1.61812632724138e-05,1.13434998752636e-05,-0.00010463903479041,-5.06773155140698e-05,2.19608910158008e-05,7.55162680603e-08,7.78856660940547e-05,-4.35396894476331e-06,-6.37876319953753e-05,0.0227195445323192,-3.33285122699832e-05,-3.80601125447408e-05,1.31244020742222e-06,0.000113185589048615,-0.309456068674774,7.61645224970952e-15,2.23779328401008e-15,4.04428423962125e-16,-1.00129489898904e-05,4.26547707251488e-16,1.29694891108732e-06,1.94577340008037e-15,0.38389012293144,-3.29190940444198e-15,-0.707106781186548,7.2754298391767e-15,2.5843661385512e-15,-4.9825632429669e-16,-0.002126179372948,2.5799320371406e-06,1.11022302462516e-16,3.2224333577724e-06,-6.5943312745877e-16,-5.16843654248342e-06,1.54585077495606e-07,-1.38777878078145e-17,2.23736141969827e-17,2.39391839684799e-16,6.76542155630955e-16,4.32260902888743e-16,1.85615411929518e-16,3.72588926619386e-16,1.38706765826677e-16,-6.76542155630955e-17,1.3652635590811e-16,-1.93940885062853e-17,-1.43792179047725e-06,-2.49452467264298e-17,-2.15973072759112e-16,3.90283735841442e-17,-2.03701836499544e-17,-2.31110262208787e-16,2.61943244872498e-16,-1.67347410109087e-16
"t2",0.0661875028339612,-0.0421373113771152,-0.0209467481030878,-0.0833341559944231,0.157386222237413,-0.00372495118422803,-0.0500983190684246,-3.00766023364705e-05,0.00278506170209198,-0.00476589429578887,0.00266979671614552,-0.0597556952980624,0.569409372006606,0.0599225327685031,-3.7399126398882e-06,-0.0127017432013322,0.000559244358381978,-0.0133176030183056,0.551951891868277,0.000557262495938516,-0.0031018788464484,0.000262180931612201,-0.000836318676847825,9.08472972993501e-05,0.000269760204314202,-0.000690579116938611,0.00273686953347811,-0.000546465994564439,3.96874215916809e-18,5.12676308708372e-05,-0.001235650419114,9.53317816893911e-05,-0.000319156120805503,0.00350326970189015,7.32179211967584e-05,2.33322805438062e-05,1.58404551499781e-05,-0.000141779375964596,-0.00165360697084957,2.25229730713173e-05,5.95642221299998e-08,9.20534107995105e-05,-9.46499005586569e-07,-2.66242933935644e-05,-1.67140625559068e-05,2.34982017802483e-05,0.000102175430275011,-4.32327270747225e-06,-5.29549013814171e-05,6.41245366865316e-05,2.52725934809983e-13,-4.58028209984144e-17,-2.92229626426179e-17,0.000539371669890145,-2.7122743185911e-17,-4.32166012074779e-05,5.1638445497528e-18,-1.42059256930003e-05,-1.35742852136001e-16,-5.20417042793042e-18,4.97130245724707e-16,-7.52824510739943e-17,6.80354608650276e-17,0.000119737340782417,-3.55834640962649e-05,-9.25098300535392e-17,-0.0001742771531094,1.69552019085781e-16,8.64796790068339e-05,-2.81207534640094e-06,1.35121233916033e-16,1.25065678502941e-16,2.03708417985201e-16,-7.66310929533905e-16,-2.98486485311469e-16,-5.60681489413371e-16,1.88253567949877e-16,3.77173488679183e-16,3.51462436002013e-16,-4.24361818133273e-20,6.49209995733054e-17,0.000321935576706767,1.02955691018051e-16,-1.69696076415165e-15,-3.33088795376644e-16,2.02152714856825e-16,1.31434664836922e-16,7.29893849188376e-16,4.24339146205092e-16
"t7",0.0663008437878046,-0.042226766978201,-0.0210400220288991,-0.0838292780863229,0.158360330512654,-0.00375621951873584,-0.0505791411209146,-3.0386862622364e-05,0.00282304227098961,-0.00489194054516943,0.00275436000026702,-0.0618034302072949,0.591450152026142,0.0622572430080049,-3.92436754167405e-06,-0.0134042852839619,0.000593060145047793,-0.0142188295482508,0.589611984173056,0.000595706243989834,-0.00333516801931849,0.000285314814778205,-0.000919702068157482,0.000100697045053876,0.000313707295112421,-0.000805444750871009,0.00323974555673441,-0.00065306746909004,-6.15072941271669e-18,6.27187420896334e-05,-0.00154213191736708,0.00013015803978955,-0.000439743561573616,0.00490560775190701,0.000104633516771021,3.4330289334676e-05,2.36649318344433e-05,-0.000215164039023448,-0.00257099896463175,3.85692247894139e-05,1.17003046804326e-07,0.000340013045327552,-4.39452147430447e-06,-0.000206459061035173,6.21680464127526e-05,-1.00211127625442e-05,-3.25740953726672e-05,-4.6939374280263e-07,-1.53710957343141e-05,2.0918297495052e-05,9.37628143653721e-14,-2.49553529246489e-17,-3.26924095945715e-17,0.000242144955455822,5.94991561482193e-19,-2.01528276837305e-05,1.54673092215665e-18,-7.60677559308396e-06,-1.42705953046862e-16,-5.20417042793042e-18,5.29390129063392e-16,-8.2092011151612e-17,7.07181283309414e-17,7.70073357211713e-05,-2.3205929870496e-05,-8.53294248837837e-17,-0.0001163598444482,1.8007719556649e-16,5.85624060427476e-05,-1.92601206705499e-06,1.30735690504608e-16,1.3662021124955e-16,1.91164014644821e-16,-7.93188842514783e-16,-3.12246875648331e-16,-4.70521750809706e-16,2.00396632281714e-16,3.94669335632595e-16,2.00315101307336e-16,1.63225755492741e-18,8.01416789661608e-17,0.00023777007300927,8.73431797342596e-17,-1.80099006449263e-15,-3.49757677321877e-16,2.16882929730814e-16,1.36260151101114e-16,5.12552822195081e-16,4.33103142461606e-17
"t9",0.0663008437878046,-0.042226766978201,-0.0210400220288991,-0.0838292780863229,0.158360330512654,-0.00375621951873584,-0.0505791411209146,-3.0386862622364e-05,0.00282304227098961,-0.00489194054516943,0.00275436000026702,-0.0618034302072949,0.591450152026142,0.0622572430080049,-3.92436754167405e-06,-0.0134042852839619,0.000593060145047793,-0.0142188295482508,0.589611984173056,0.000595706243989834,-0.00333516801931849,0.000285314814778205,-0.000919702068157482,0.000100697045053876,0.000313707295112421,-0.000805444750871009,0.00323974555673441,-0.00065306746909004,-6.15072941271669e-18,6.27187420896334e-05,-0.00154213191736708,0.00013015803978955,-0.000439743561573616,0.00490560775190701,0.000104633516771021,3.4330289334676e-05,2.36649318344433e-05,-0.000215164039023448,-0.00257099896463175,3.85692247894139e-05,1.17003046804326e-07,0.000340013045327552,-4.39452147430447e-06,-0.000206459061035173,6.21680464127526e-05,-1.00211127625442e-05,-3.25740953726672e-05,-4.6939374280263e-07,-1.53710957343141e-05,2.0918297495052e-05,9.37628143653721e-14,-2.49553529246489e-17,-3.26924095945715e-17,0.000242144955455822,5.94991561482193e-19,-2.01528276837305e-05,1.54673092215665e-18,-7.60677559308396e-06,-1.42705953046862e-16,-5.20417042793042e-18,5.29390129063392e-16,-8.2092011151612e-17,7.07181283309414e-17,7.70073357211713e-05,-2.3205929870496e-05,-8.53294248837837e-17,-0.0001163598444482,1.8007719556649e-16,5.85624060427476e-05,-1.92601206705499e-06,1.30735690504608e-16,1.3662021124955e-16,1.91164014644821e-16,-7.93188842514783e-16,-3.12246875648331e-16,-4.70521750809706e-16,2.00396632281714e-16,3.94669335632595e-16,2.00315101307336e-16,1.63225755492741e-18,8.01416789661608e-17,0.00023777007300927,8.73431797342596e-17,-1.80099006449263e-15,-3.49757677321877e-16,2.16882929730814e-16,1.36260151101114e-16,5.12552822195081e-16,4.33103142461606e-17
"t5",0.0663008437878046,-0.042226766978201,-0.0210400220288991,-0.0838292780863229,0.158360330512654,-0.00375621951873584,-0.0505791411209146,-3.0386862622364e-05,0.00282304227098961,-0.00489194054516943,0.00275436000026702,-0.0618034302072949,0.591450152026142,0.0622572430080049,-3.92436754167405e-06,-0.0134042852839619,0.000593060145047793,-0.0142188295482508,0.589611984173056,0.000595706243989834,-0.00333516801931849,0.000285314814778205,-0.000919702068157482,0.000100697045053876,0.000313707295112421,-0.000805444750871009,0.00323974555673441,-0.00065306746909004,-6.15072941271669e-18,6.27187420896334e-05,-0.00154213191736708,0.00013015803978955,-0.000439743561573616,0.00490560775190701,0.000104633516771021,3.4330289334676e-05,2.36649318344433e-05,-0.000215164039023448,-0.00257099896463175,3.85692247894139e-05,1.17003046804326e-07,0.000340013045327552,-4.39452147430447e-06,-0.000206459061035173,6.21680464127526e-05,-1.00211127625442e-05,-3.25740953726672e-05,-4.6939374280263e-07,-1.53710957343141e-05,2.0918297495052e-05,9.37628143653721e-14,-2.49553529246489e-17,-3.26924095945715e-17,0.000242144955455822,5.94991561482193e-19,-2.01528276837305e-05,1.54673092215665e-18,-7.60677559308396e-06,-1.42705953046862e-16,-5.20417042793042e-18,5.29390129063392e-16,-8.2092011151612e-17,7.07181283309414e-17,7.70073357211713e-05,-2.3205929870496e-05,-8.53294248837837e-17,-0.0001163598444482,1.8007719556649e-16,5.85624060427476e-05,-1.92601206705499e-06,1.30735690504608e-16,1.3662021124955e-16,1.91164014644821e-16,-7.93188842514783e-16,-3.12246875648331e-16,-4.70521750809706e-16,2.00396632281714e-16,3.94669335632595e-16,2.00315101307336e-16,1.63225755492741e-18,8.01416789661608e-17,0.00023777007300927,8.73431797342596e-17,-1.80099006449263e-15,-3.49757677321877e-16,2.16882929730814e-16,1.36260151101114e-16,5.12552822195081e-16,4.33103142461606e-17
"t51",0.0732676682696291,-0.0479439218645722,-0.0287144870356422,-0.133571825913888,0.259939373798945,-0.00865686282583254,-0.15396057171865,-0.000115951884772475,-0.0334889426912845,0.00208586614168967,-0.000685543610796114,0.0120311711944743,-0.0764353845663492,-0.00785949243018348,1.75902213578456e-07,0.000262994703845663,-2.84648227821751e-06,-0.000136344737498029,5.23741977709254e-12,7.08590428847916e-06,-0.120891535071227,4.55331328423289e-06,-1.28727570414749e-05,9.80274568331571e-07,-1.27247346101524e-05,3.57962453119104e-05,-0.000210334569545264,5.14751302748895e-05,1.00409720296014e-16,-7.22424076121999e-06,0.000229689930287548,-5.46594977590792e-05,0.000231510792096651,-0.0388146519319953,-1.4877209903364e-05,-1.27446598212778e-05,-1.14467977534775e-05,0.000148031734767674,0.0792866877088622,-1.11618552088973e-05,-5.78860267544859e-08,-0.000324830233476984,4.6424185548085e-06,0.000250454352536334,-0.000119833401421043,5.64615641357111e-05,0.000229552937002351,-7.0313740116167e-06,-7.21594443033661e-05,8.4035669992215e-05,1.30789469228925e-11,-6.15040533903008e-16,1.58127172762877e-16,0.000610922489398763,-5.97577175998291e-17,-4.78626954974622e-05,4.74299448046911e-17,-1.43146538143261e-05,2.88096204678871e-17,-5.20417042793042e-18,5.04269636017847e-17,-1.02916920538448e-17,4.36974742062294e-17,0.000102163450899509,-2.99041863075161e-05,-7.04530897802436e-16,-0.000142623483943695,-2.78397923590168e-17,6.9608533747955e-05,-2.23278952565728e-06,3.98634610555147e-16,-2.83298271299999e-17,3.22575746862769e-16,-1.14410533849492e-16,-4.24650953060537e-17,-7.00682768676141e-16,-1.47090787394096e-17,1.83363201461089e-17,7.2898565991289e-17,2.788334128724e-17,4.65614368695398e-17,0.000231476627250812,2.48931345990946e-17,-3.28890336872657e-16,-2.83586717378942e-16,3.00230930404797e-16,2.34054581753519e-16,3.0144002416301e-15,1.09238882519396e-15
"t52",0.0732676682696291,-0.0479439218645722,-0.0287144870356422,-0.133571825913888,0.259939373798945,-0.00865686282583254,-0.15396057171865,-0.000115951884772475,-0.0334889426912845,0.00208586614168967,-0.000685543610796114,0.0120311711944743,-0.0764353845663492,-0.00785949243018348,1.75902213578456e-07,0.000262994703845663,-2.84648227821751e-06,-0.000136344737498029,5.23741977709254e-12,7.08590428847916e-06,-0.120891535071227,4.55331328423289e-06,-1.28727570414749e-05,9.80274568331571e-07,-1.27247346101524e-05,3.57962453119104e-05,-0.000210334569545264,5.14751302748895e-05,1.00409720296014e-16,-7.22424076121999e-06,0.000229689930287548,-5.46594977590792e-05,0.000231510792096651,-0.0388146519319953,-1.4877209903364e-05,-1.27446598212778e-05,-1.14467977534775e-05,0.000148031734767674,0.0792866877088622,-1.11618552088973e-05,-5.78860267544859e-08,-0.000324830233476984,4.6424185548085e-06,0.000250454352536334,-0.000119833401421043,5.64615641357111e-05,0.000229552937002351,-7.0313740116167e-06,-7.21594443033661e-05,8.4035669992215e-05,1.30789469228925e-11,-6.15040533903008e-16,1.58127172762877e-16,0.000610922489398763,-5.97577175998291e-17,-4.78626954974622e-05,4.74299448046911e-17,-1.43146538143261e-05,2.88096204678871e-17,-5.20417042793042e-18,5.04269636017847e-17,-1.02916920538448e-17,4.36974742062294e-17,0.000102163450899509,-2.99041863075161e-05,-7.04530897802436e-16,-0.000142623483943695,-2.78397923590168e-17,6.9608533747955e-05,-2.23278952565728e-06,3.98634610555147e-16,-2.83298271299999e-17,3.22575746862769e-16,-1.14410533849492e-16,-4.24650953060537e-17,-7.00682768676141e-16,-1.47090787394096e-17,1.83363201461089e-17,7.2898565991289e-17,2.788334128724e-17,4.65614368695398e-17,0.000231476627250812,2.48931345990946e-17,-3.28890336872657e-16,-2.83586717378942e-16,3.00230930404797e-16,2.34054581753519e-16,3.0144002416301e-15,1.09238882519396e-15
"t26",0.0746745160753479,-0.0490892250311996,-0.0301824965651719,-0.142803067057352,0.278694501175135,-0.00952084534331961,-0.17172156743593,-0.000130423671918114,-0.0391879350954301,0.00286875301763162,-0.00101190635923331,0.0184148839240439,-0.12473626841729,-0.0128742148580884,3.38604632585302e-07,0.000560705617127329,-6.66872019757302e-06,-0.000368787217030505,1.43358544556534e-11,1.97098695174764e-05,-0.387267695441099,2.09047522958135e-05,-9.20436422235342e-05,1.1723660064749e-05,5.93455776341271e-05,-0.000155429711375545,0.000686385421361326,-0.000146280158198196,2.33060712696212e-16,1.59843364649187e-05,-0.00043798796612219,7.86343506861737e-05,-0.000332264514065109,0.0561317731497141,2.22483262812919e-05,2.1242278316126e-05,2.10277316931851e-05,-0.000314674005677241,-0.250042262312697,-9.64912278268211e-06,-9.3352520374785e-10,5.48699231713111e-05,-7.97281796304519e-07,-4.30876847258587e-05,1.91097281219367e-05,-7.14295159550989e-06,-2.80223924338848e-05,6.51057325354545e-07,4.94587177349632e-06,-5.22879076998283e-06,-0.181088283183546,-2.70979581294667e-14,-5.9300809233508e-16,-2.11185379790675e-05,6.09823072863891e-16,1.41999539786314e-06,2.98373149129805e-16,9.76256781777887e-08,-4.69554319517032e-17,-1.49186218934005e-16,-1.60540932139262e-16,1.55793665172963e-16,-6.31413488567121e-17,4.51021573835823e-06,-1.48409172024242e-06,-5.44289394229117e-16,-8.5048508452226e-06,-2.00224187137033e-16,4.6046107145941e-06,-1.60047176839829e-07,6.61605308315441e-16,-2.05426897944389e-17,2.9137190774012e-16,-2.31282039617588e-16,-1.13737030450737e-16,-8.56938019856918e-16,1.22334075862758e-16,8.38189344444968e-17,-3.13360984287103e-16,1.48796085904483e-16,-1.7092096163519e-17,2.70829403191059e-05,-5.49041452958386e-17,4.41091339442276e-16,-9.6447929644383e-16,8.5585866900817e-16,1.44407070632936e-15,3.6303756404814e-15,2.27329552884067e-15
"t59",0.074845469614621,-0.0492284203197148,-0.0303610832971281,-0.143926759800261,0.280977743907434,-0.0096261226662096,-0.173886853033799,-0.000132188492063246,-0.0398838923930041,0.00296488527284367,-0.001052073072588,0.0192014553806858,-0.130699501345186,-0.0134934038096944,3.58789278837651e-07,0.000597742398073792,-7.1453862922401e-06,-0.000397875283438224,1.547481023348e-11,2.12906535449662e-05,-0.420725545276454,2.29720736645909e-05,-0.000102113216374294,1.30964840497768e-05,6.88545510533561e-05,-0.000180715400249717,0.000806330742920661,-0.000172940135362717,2.68862921797941e-16,1.91791865897097e-05,-0.000531749493176473,9.98479405939334e-05,-0.000423565432061677,0.0720396215754504,2.87848082496158e-05,2.77826152945474e-05,2.76494118193109e-05,-0.000415963389125132,-0.333107532528802,-1.3205794744594e-05,-1.3161529356722e-09,8.30998262805965e-05,-1.22327213923203e-06,-6.7330110483042e-05,3.17722162642168e-05,-1.33831293051188e-05,-5.34504091755925e-05,1.43438882388967e-06,1.29600106045819e-05,-1.4547086125396e-05,-0.556043611297046,-8.22533538915445e-14,-2.20630092499351e-15,-8.81964462297936e-05,1.95112282406609e-15,6.66383691672318e-06,1.00538000470493e-15,1.6480293891499e-06,-3.32887315973073e-16,-4.42354486374086e-16,-3.03972883227333e-16,5.895330573506e-16,-3.0113119968437e-16,-6.20279805761902e-06,1.63935762220352e-06,-2.74637633386891e-16,6.28198388893059e-06,-4.01333921573629e-16,-2.57644162872616e-06,6.93061945690412e-08,7.33690107661784e-16,6.28570309209067e-17,4.76073341638152e-16,-3.80115371823604e-16,-2.16031911762435e-16,-8.60413234693622e-16,2.74989741748717e-16,1.62547934033776e-16,-6.98574738169028e-16,2.56761348646257e-16,4.52397891820297e-17,4.19295532721969e-06,-1.83273682518122e-16,1.14365211538358e-15,-1.02657831735827e-15,6.33623716565642e-16,1.86153816894988e-15,3.79823677264561e-15,4.49767817029029e-15
"t15",0.0741511162414589,-0.0486623428701516,-0.0296295177944376,-0.139301873885762,0.271572942446549,-0.00918937512853301,-0.164868421998212,-0.000124820429154915,-0.0369452812073502,0.00253875042256149,-0.000869856258416182,0.0155882775178869,-0.102657687617008,-0.0105775267923198,2.56746037762529e-07,0.000398937824316985,-4.38642172460444e-06,-0.000191836839583316,7.19121033189554e-12,9.33047259174665e-06,0.281312966976782,1.80480240711838e-05,-6.5953623765484e-05,7.61531789248071e-06,1.8975008061216e-05,-4.64060096216597e-05,0.000127999125416157,-1.5911471452535e-05,3.82476886426039e-17,-1.71334893812459e-06,0.000145001191350821,-0.000249499170432728,0.00142218637936293,-0.551652564503558,0.000391509019870075,6.58283883935599e-05,3.98105761359549e-05,-0.000354189807853688,-0.0716407088972351,2.73908406521514e-05,7.80780580863054e-08,0.000222217418589855,-2.90562746752583e-06,-0.000139607616133468,4.76996928635313e-05,-1.33992070525045e-05,-5.08353681346905e-05,9.2336864682904e-07,5.10282205034676e-06,-4.71572514888167e-06,-1.97099326707063e-13,-5.54488111356975e-16,8.52687867718514e-17,1.7409248266622e-06,3.99315084749745e-17,-6.02483329484394e-07,9.31000779089519e-17,-7.97253120478868e-07,-2.19254487997679e-17,3.46944695195361e-18,-7.06433919956706e-17,1.46930306219885e-16,6.04749117221322e-18,1.4416477917101e-05,-4.47344578804206e-06,-1.02902144225572e-15,-2.35004366698447e-05,1.02510795844819e-16,1.21444489064498e-05,-4.07656688118559e-07,1.30731236952959e-16,1.17949900810173e-17,5.1555527852399e-16,-1.74389947361902e-16,-2.47291902173194e-16,-1.12715200678314e-16,-8.31290931595139e-19,1.3764179527687e-16,-1.48995174132895e-15,3.62788236030243e-17,1.07138594176921e-16,5.68218262005007e-05,-4.10263574880241e-17,7.78801687215966e-16,-2.1851695650184e-16,-1.26756106030885e-16,-4.52385684724128e-16,3.03823882877308e-15,1.14188677727175e-15
"t37",0.074709996657669,-0.0491177785231101,-0.0302165835038557,-0.143006703598279,0.279104504695656,-0.00953814423650872,-0.172058342054721,-0.000130688618883841,-0.0392738031900549,0.00286724510239392,-0.00100802165562864,0.0183010368699669,-0.123288174276806,-0.0127199283359289,3.26259952315172e-07,0.000524191630593384,-5.93796250860669e-06,-0.000271202367248723,1.02104636496671e-11,1.32985429747413e-05,0.41715424524203,2.92640146756767e-05,-0.000116686356602609,1.44924251147924e-05,7.27278959636176e-05,-0.00019087591051632,0.000853888055369575,-0.000183877999914883,2.74681369333564e-16,2.07659641942542e-05,-0.000591419970798225,0.00018547287943734,-0.00093955876608094,0.297201647275484,-0.000163668728444299,-1.89078432531304e-05,-9.26195781306402e-06,6.50621804280327e-05,0.00856490235786553,1.4380007475355e-06,1.45947069045242e-08,8.97519360859703e-05,-1.26385813701824e-06,-6.64933159368177e-05,2.87783264739929e-05,-1.11823937435018e-05,-4.42697457878119e-05,1.120217377386e-06,9.57688790962402e-06,-1.05713013626224e-05,-6.25316783042184e-13,-1.95724686408705e-15,-0.362557269592293,-5.84726839467192e-05,1.63423379768287e-16,4.32718506907862e-06,2.54907566873805e-16,9.41219801727129e-07,-5.54945443302121e-16,6.76542155630955e-17,-6.95217798698991e-16,6.76986939655462e-16,-2.26406154602323e-17,-1.12661577492691e-06,1.54183087310245e-07,-8.77706112501388e-16,-7.92375236272513e-07,1.38188668327453e-16,8.72424252154751e-07,-4.11984693326717e-08,3.3200844266549e-16,-1.37945072159917e-16,7.76782113150761e-16,8.80291777772856e-16,-1.62131280488386e-17,-7.03615981723813e-16,-7.71591238745747e-17,1.27484115992442e-16,-1.73960851756081e-15,-3.71388212837749e-17,4.75863439782399e-17,1.54899561747528e-05,1.51527948345401e-16,4.23767107956407e-16,5.37367412155999e-16,-1.71716464856504e-15,-1.27688306906397e-15,4.37408716572876e-15,-1.45583875526793e-16
