accepted_species,estimate
t20,-0.14144377
t89,-0.14144377
t90,-0.14144377
t86,-0.14144377
t58,-0.14144377
t84,0.05016773
t55,0.05016773
t32,0.109405495
t22,0.26583928
t11,0.26583928
