accepted_species,0,1
t34,0.9868699998584813,0.013130000141518636
t37,0.9868699998584813,0.013130000141518636
t38,0.9868699998584813,0.013130000141518636
t19,0.9883885530375247,0.011611446962475265
t1,0.9802078593486615,0.019792140651338497
t92,0.10450608288180951,0.8954939171181905
t27,0.9863951466738121,0.013604853326187865
t82,0.9857769676104198,0.01422303238958023
t89,0.9857769676104198,0.01422303238958023
t90,0.9857769676104198,0.01422303238958023
