accepted_species,0,1
t34,0.8861498,0.113850184
t37,0.8861498,0.113850184
t38,0.8861498,0.113850184
t19,0.8861498,0.113850184
t1,0.7781998,0.22180021
t92,0.09546578,0.9045342
t27,0.6754394,0.32456058
t82,0.964694,0.035305947
t89,0.964694,0.035305947
t90,0.964694,0.035305947
