accepted_species,estimate
t181,1.187996
t182,0.6612132
t183,0.3662975
t110,0.3662975
t61,0.82121164
t155,0.02441007
t17,0.2631872
t52,0.64882255
t54,0.86991215
t169,0.38237092
t170,0.31421244
t58,-1.5799149
t168,-1.8047725
t160,-1.2102884
t49,-0.38688618
t75,-0.020645494
t24,0.4599075
t32,-0.1530774
