accepted_species,0,1
t58,0.86505574,0.13494428
t127,0.19795644,0.80204356
t136,0.59864175,0.40135822
t154,0.5362849,0.46371505
t187,0.19795644,0.80204356
t199,0.931749,0.068250984
t211,0.9163861,0.083613865
t212,0.9163861,0.083613865
t228,0.9163861,0.083613865
t229,0.9163861,0.083613865
