"accepted_species","estimate"
"t50",-1.05020741969892
"t14",-0.0686943381276043
"t46",-0.0567951722015596
"t23",-1.08858672309239
"t10",0.627079917681058
"t7",-0.205979740243857
"t60",-0.263783712075367
"t96",0.619922572928076
"t82",3.41749783071116
"t1",2.00274283183292
