accepted_species,0,1
t65,0.8638171325829642,0.13618286741703575
t77,0.8567848845358271,0.14321511546417284
t102,0.8565881785653884,0.14341182143461156
t124,0.7777637529624067,0.22223624703759326
t126,0.807139945766517,0.19286005423348293
t141,0.8352414595360834,0.16475854046391658
t148,0.856410213111983,0.14358978688801702
t157,0.8767946885952204,0.12320531140477962
t174,0.8041447384490051,0.19585526155099486
t175,0.8442561529007979,0.15574384709920205
