accepted_species,0,1
t69,0.47470158,0.5252984
t70,0.4753046,0.5246954
t68,0.47966993,0.5203301
t13,0.391473,0.608527
t81,0.3900311,0.6099689
t7,0.33893687,0.66106313
t94,0.28335267,0.7166473
t106,0.47870928,0.5212907
t22,0.28703356,0.71296644
t26,0.40547073,0.5945293
t65,0.32663012,0.6733699
t92,0.3099324,0.6900676
t113,0.37652284,0.62347716
