accepted_species,0,1
t69,0.23929882,0.7607012
t70,0.25299776,0.74700224
t68,0.56923974,0.43076026
t13,0.2536196,0.7463804
t81,0.43083096,0.56916904
t7,0.51553345,0.48446655
t94,0.30882877,0.6911712
t106,0.3951757,0.6048243
t22,0.25255293,0.7474471
t26,0.3326229,0.6673771
t65,0.48455226,0.51544774
t92,0.21932161,0.7806784
t113,0.3540632,0.6459368
