accepted_species,0,1
t66,0.47850762248528456,0.5214923775147154
t61,0.14249070089376203,0.857509299106238
t28,0.9978552128551469,0.002144787144853152
t71,0.33862761997695023,0.6613723800230498
t55,0.629714799865,0.370285200135
t92,0.03247887151858064,0.9675211284814194
t38,0.9506626304006301,0.04933736959936982
t67,0.5249706082392651,0.4750293917607349
t30,0.9994156451864044,0.0005843548135956365
t1,0.9999956797099235,4.32029007651981e-06
