accepted_species,0,1
t17,0.7656493462227051,0.23435065377729491
t18,0.648152624949516,0.351847375050484
t20,0.8301484795317823,0.16985152046821775
t30,0.8591746086844554,0.14082539131554467
t68,0.5145109094741611,0.48548909052583894
t79,0.9051673164586472,0.09483268354135281
t80,0.8520183720898418,0.14798162791015818
t92,0.8054389891877685,0.1945610108122315
t94,0.49991333156159956,0.5000866684384004
t104,0.9102881112635761,0.08971188873642384
t107,0.9110021051915694,0.08899789480843055
t119,0.48833403250640395,0.511665967493596
t122,0.9112529463940024,0.08874705360599751
t126,0.7534709784195752,0.24652902158042475
t128,0.48196431903572756,0.5180356809642724
t129,0.9049182841204162,0.09508171587958375
t158,0.8483146404000538,0.15168535959994622
t164,0.850070348745581,0.149929651254419
t168,0.848069583305428,0.15193041669457197
