accepted_species,0
t17,-0.411054593217102
t21,
t30,
t41,
t359,-3.11775943006759
t243,
t301,
t64,
t115,
t169,
t164,
t71,
t50,
t244,
t336,
t219,-0.640445688393438
t273,
t314,
t242,
t84,
t196,
t286,
t377,0.0013681170486377263
t116,
t143,
t283,
t102,
t370,0.5009941326522439
t322,
t68,
t66,
t402,2.04016805382962
t363,1.57408969447412
t310,
t211,0.167394125374813
t200,0.167394125374813
t262,-0.219179073474246
t138,
t173,0.0369439356555309
t267,
t357,-0.175133819829888
