"accepted_species","0","1"
"t44",0.0722558912795507,0.927744108720449
"t51",0.075360484228052,0.924639515771948
"t52",0.063087516925459,0.936912483074541
"t54",0.0319242612548211,0.968075738745179
"t57",0.0734267350905339,0.926573264909466
"t64",0.0693984823459269,0.930601517654073
"t72",0.07128673349689,0.92871326650311
"t90",0.0578219715339607,0.942178028466039
"t96",0.0638478244058459,0.936152175594154
"t97",0.0618844444897457,0.938115555510254
"t102",0.0753604842295923,0.924639515770408
"t116",0.0679048854731294,0.932095114526871
"t134",0.0560303760629451,0.943969623937055
"t152",0.0452022374998756,0.954797762500124
"t181",0.0712867334937284,0.928713266506272
"t182",0.0712867334937284,0.928713266506272
"t183",0.0753604842295333,0.924639515770467
"t184",0.0753604842295333,0.924639515770467
