accepted_species,0,1
t7,0.06666822593374377,0.9333317740662562
t57,0.06407326297826432,0.9359267370217357
t34,0.0,1.0
t99,0.0,1.0
t92,0.0,1.0
t41,0.0,1.0
t8,1.0,0.0
t2,0.0,1.0
t3,0.0,1.0
t35,0.0,1.0
