accepted_species,estimate
t84,0.2638652
t27,0.21185824
t94,0.21185824
t95,0.21185824
t96,0.21185824
t52,0.25537035
t53,0.25537035
t35,0.25537035
t86,0.25537035
t87,0.25537035
