accepted_species,0,1
Coffea_kapakata,0.9657872,0.034212798
Eumachia_haematocarpa,0.9441825,0.055817474
Argostemma_siamense,0.9680566,0.031943407
Psychotria_apodantha,0.92881835,0.071181685
Galium_circae,0.97543347,0.02456654
Coprosma_niphophila,0.92881835,0.071181685
Ixora_irwinii,0.93928254,0.060717475
Pavetta_kotzei,0.93928254,0.060717475
Rudgea_irregularis,0.92881835,0.071181685
Remijia_duckei,0.95629466,0.043705348
