"accepted_species","estimate"
"t5",-0.118586297018332
"t15",0.509390348304834
"t68",1.24714037522734
"t36",0.880448061253612
"t49",-1.55595345434722
"t83",1.80089812548606
"t77",0.00939713228243979
"t20",0.490239431879815
"t8",-0.0234054892477566
"t65",-0.237609903803901
