accepted_species,estimate
t5,0.109180145
t15,0.109122664
t68,0.2704213
t36,0.2704213
t49,-0.48862752
t83,0.86628824
t77,1.0857284
t20,-0.048109308
t8,-0.048109308
t65,-0.25514063
