accepted_species,0,1
t63,0.6813669395148947,0.3186330604851053
t64,0.6814332901599383,0.3185667098400618
t70,0.680965212838034,0.319034787161966
t106,0.6812220500526235,0.3187779499473765
t107,0.6828418093189338,0.3171581906810662
t130,0.6805064803814551,0.3194935196185449
t132,0.6821275655818873,0.31787243441811275
t133,0.6821248333764969,0.3178751666235032
t148,0.6804486005910302,0.31955139940896987
t149,0.6804496116913095,0.3195503883086905
