accepted_species,0,1
t63,0.7379558197844092,0.2620441802155908
t64,0.7379558197844092,0.2620441802155908
t70,0.7417218873463793,0.2582781126536207
t106,0.7396256629779692,0.26037433702203083
t107,0.7219822494723357,0.2780177505276643
t130,0.7435431276781059,0.256456872321894
t132,0.7221492889779682,0.2778507110220319
t133,0.722149288977968,0.27785071102203196
t148,0.743652499330657,0.256347500669343
t149,0.743652499330657,0.256347500669343
