accepted_species,0,1
t47,0.0048556924,0.9951443
t42,0.0048556924,0.9951443
t7,0.0048556924,0.9951443
t60,0.13781917,0.8621808
t39,0.10268134,0.89731866
t40,0.1991666,0.8008334
t72,0.9549746,0.045025386
t44,0.5052512,0.49474877
t58,0.6285862,0.3714138
t30,0.70708966,0.29291037
