accepted_species,0,1
t47,0.007064879,0.9929351
t42,0.00339818,0.9966018
t7,0.004272938,0.99572706
t60,0.9013037,0.09869628
t39,0.33953226,0.66046774
t40,0.8252511,0.17474893
t72,0.2810241,0.7189759
t44,0.8817241,0.11827588
t58,0.83424914,0.16575083
t30,0.80855167,0.19144832
