accepted_species,0,1
t16,0.03107059,0.9689294
t30,0.028346658,0.97165334
t38,0.14129037,0.85870963
t49,0.03107059,0.9689294
t57,0.04565549,0.9543445
t63,0.028346658,0.97165334
t81,0.05976516,0.94023484
t90,0.028346658,0.97165334
t95,0.08546728,0.9145327
t98,0.028346658,0.97165334
t103,0.051350772,0.9486492
t115,0.03107059,0.9689294
