accepted_species,0,1
t16,0.037002265,0.96299773
t30,0.034639537,0.96536046
t38,0.085499465,0.91450053
t49,0.037002265,0.96299773
t57,0.043152094,0.9568479
t63,0.029292107,0.9707079
t81,0.083403885,0.9165961
t90,0.029292107,0.9707079
t95,0.0517956,0.9482044
t98,0.029292107,0.9707079
t103,0.05752307,0.9424769
t115,0.037567794,0.9624322
