accepted_species,0,1
t111,0.36162877776173996,0.63837122223826
t117,0.3507826985918411,0.6492173014081589
t120,0.36371199005365173,0.6362880099463483
t125,0.3656633951485281,0.6343366048514719
t126,0.36495749091895,0.63504250908105
t131,0.3512586375335143,0.6487413624664857
t132,0.3487173086692563,0.6512826913307437
t150,0.3616179423727369,0.6383820576272631
t151,0.3635958974075387,0.6364041025924613
t155,0.3662036084006103,0.6337963915993897
