accepted_species,0,1
t1,0.7585115512963733,0.24148844870362673
t17,0.8250403473517726,0.1749596526482274
t21,0.552312551516797,0.4476874484832029
t33,0.9454936914508907,0.05450630854910937
t60,0.8298628653496483,0.1701371346503517
t71,0.9775477794940154,0.022452220505984638
t72,0.8837989906497099,0.11620100935029004
t73,0.9349020488146511,0.06509795118534889
t75,0.9837929588050085,0.01620704119499145
t87,0.4728248677547393,0.5271751322452607
t95,0.9293214091026799,0.07067859089732013
t104,0.9801077817363631,0.019892218263636897
t126,0.4715453941534228,0.5284546058465772
