accepted_species,0,1
t242,0.6804559955851331,0.31954400441486686
t243,0.7057643486937195,0.29423565130628043
t231,0.5661550073817846,0.4338449926182154
t185,0.5114690159257962,0.4885309840742038
t186,0.5653044505825167,0.4346955494174834
t108,0.6337471482714157,0.36625285172858435
t142,0.1396147750926614,0.8603852249073386
t148,0.13786194832089815,0.8621380516791018
t259,0.10892042656808676,0.8910795734319132
t260,0.1482635513913434,0.8517364486086566
t86,0.6900321574656423,0.3099678425343577
t103,0.6019474217863846,0.3980525782136154
t104,0.6034717448154779,0.39652825518452206
t90,0.628093145031718,0.371906854968282
t278,0.36739970221617413,0.6326002977838259
t234,0.4188146541171772,0.5811853458828228
t126,0.6196844300480632,0.3803155699519368
t120,0.6037302575189077,0.39626974248109226
t101,0.632800065787817,0.367199934212183
t162,0.24370888057451223,0.7562911194254878
t163,0.28324406091677035,0.7167559390832297
t99,0.5462147577622016,0.4537852422377983
t102,0.652119817563104,0.347880182436896
t253,0.5502017834759959,0.4497982165240041
t254,0.5266621035904326,0.47333789640956736
t134,0.4683451965237848,0.5316548034762152
t151,0.5660636246768932,0.4339363753231068
t152,0.5650877542445603,0.43491224575543974
