accepted_species,0,1
Galium_bifolium,0.6595653570113531,0.3404346429886469
Galium_boreale,0.5289471277580837,0.4710528722419163
Galium_circaezans,0.5899778165749308,0.41002218342506924
Galium_saxatile,0.3441472408965388,0.6558527591034612
Galium_spurium,0.6148758527079989,0.3851241472920011
Galium_verum,0.3011388373538394,0.6988611626461606
Sherardia_arvensis,0.6310267681372492,0.3689732318627507
Asperula_scoparia,0.6368079292503,0.36319207074969995
Galium_richardianum,0.5391875680669453,0.46081243193305466
Galium_setaceum,0.6165917071770934,0.38340829282290656
