accepted_species,0,1
Galium_bifolium,0.123272,0.876728
Galium_boreale,0.75091493,0.2490851
Galium_circaezans,0.75091493,0.2490851
Galium_saxatile,0.38339406,0.61660594
Galium_spurium,0.123272,0.876728
Galium_verum,0.26384085,0.73615915
Sherardia_arvensis,0.19160026,0.80839974
Asperula_scoparia,0.123272,0.876728
Galium_richardianum,0.75091493,0.2490851
Galium_setaceum,0.123272,0.876728
