accepted_species,0
t8,0.06319778004643387
t54,0.06319778004643387
t67,0.06319778004643387
t53,0.06319778004643387
t84,-0.994244560940449
t57,0.06319778004643387
t73,0.06319778004643387
t19,0.06319778004643387
t72,0.06319778004643387
t13,0.06319778004643387
