accepted_species,0,1
t105,0.5325169177526201,0.46748308224737983
t70,0.5046943029151301,0.4953056970848699
t234,0.2857535641786145,0.7142464358213855
t78,0.48116151376661054,0.5188384862333895
t57,0.48277249442561543,0.5172275055743846
t275,0.6397754926520092,0.3602245073479908
t149,0.2612728766715491,0.7387271233284509
t29,0.2986797269998793,0.7013202730001207
t98,0.36396080198418723,0.6360391980158128
t249,0.22545740930659675,0.7745425906934033
t229,0.3171694266027216,0.6828305733972784
t216,0.23696367285034048,0.7630363271496595
t243,0.3811312744340134,0.6188687255659866
t328,0.609330398999019,0.390669601000981
t58,0.24083255419889826,0.7591674458011017
t33,0.2635839420687055,0.7364160579312945
t103,0.2880277157289146,0.7119722842710854
t321,0.23272630274422812,0.7672736972557719
t285,0.24333626241029893,0.7566637375897011
t73,0.5226055837111797,0.4773944162888203
t262,0.21300847839225623,0.7869915216077438
t180,0.22597692468504227,0.7740230753149577
t90,0.22002149722315079,0.7799785027768492
t96,0.4955141789358285,0.5044858210641715
t244,0.5963325190030495,0.40366748099695055
t148,0.31132708290243005,0.68867291709757
t213,0.27970261279465325,0.7202973872053468
t230,0.2672666655679651,0.7327333344320349
t203,0.33030643437714646,0.6696935656228535
t124,0.2275436805046479,0.7724563194953521
t24,0.25483118047131637,0.7451688195286836
t187,0.2782492367650571,0.7217507632349429
t13,0.25657652431208133,0.7434234756879187
