accepted_species,0,1
t59,0.414034020174469,0.585965979825531
t72,0.6048822341440876,0.3951177658559124
t79,0.6133508788932234,0.38664912110677657
t81,0.580848173226509,0.41915182677349105
t86,0.383010655379763,0.616989344620237
t87,0.5030319260815258,0.4969680739184742
t106,0.6331334098984016,0.36686659010159844
t132,0.3949952398416645,0.6050047601583355
t136,0.2653180092271006,0.7346819907728994
t137,0.2731615901763905,0.7268384098236095
