accepted_species,estimate
t17,0.9242768
t44,0.13987947
t76,-0.6438188
t81,-0.56048906
t68,0.05516164
t99,1.4988796
t55,1.4164704
t73,-1.5240542
t50,-0.90426254
t95,-0.5603969
