accepted_species,estimate
t40,-0.0067477855
t77,0.0399221
t50,0.0399221
t69,0.0399221
t37,-0.0067477855
t28,-0.012698438
t57,0.13850763
t59,0.13850763
t89,0.18719691
t120,0.18719691
t231,0.95434344
t8,-0.0017682364
t18,-0.0017682364
t113,-0.0017682364
t65,0.01955624
t83,-0.0224424
t194,0.07679927
t223,0.01187684
t134,0.15776952
t142,-0.6456013
t76,0.19226125
t43,0.009883071
t31,0.009883071
t1,-0.0017682364
