"accepted_species","estimate"
"t60",-0.499324638919227
"t61",-0.499324638919227
"t18",-0.499324638919227
"t47",-0.720477576860702
"t53",-0.723731385158946
"t8",-0.400855745742928
"t62",-0.400855745742928
"t63",-0.400855745742928
"t35",-0.400855745742928
"t15",-0.400855745742928
