accepted_species,0,1
t13,0.7026339781313576,0.29736602186864236
t84,0.7034711073136822,0.29652889268631777
t59,0.671035197576817,0.32896480242318304
t60,0.6709538880479732,0.3290461119520268
t86,0.6693753164305623,0.3306246835694378
t87,0.6694006221435684,0.33059937785643156
t26,0.6843365326504378,0.3156634673495622
t95,0.6889662488318489,0.3110337511681512
t96,0.688939892689281,0.311060107310719
t92,0.6889766633440335,0.31102333665596654
