accepted_species,0,1
t13,0.8888888888888888,0.1111111111111111
t84,0.0,1.0
t59,0.8888888888888888,0.1111111111111111
t60,0.8888888888888888,0.1111111111111111
t86,0.8888888888888888,0.1111111111111111
t87,0.8888888888888888,0.1111111111111111
t26,0.8888888888888888,0.1111111111111111
t95,0.8888888888888888,0.1111111111111111
t96,0.8888888888888888,0.1111111111111111
t92,0.8888888888888888,0.1111111111111111
