"accepted_species","0","1"
"t13","0.832295696406004","0.167704303593996"
"t84","0.0344101049180187","0.965589895081981"
"t59","0.794700180653807","0.205299819346193"
"t60","0.794700180653807","0.205299819346193"
"t86","0.794700180653807","0.205299819346193"
"t87","0.794700180653807","0.205299819346193"
"t26","0.794700180653807","0.205299819346193"
"t95","0.794700180653807","0.205299819346193"
"t96","0.794700180653807","0.205299819346193"
"t92","0.794700180653807","0.205299819346193"
