accepted_species,0,1
t13,0.6601312,0.33986878
t84,0.559623,0.44037703
t59,0.85310745,0.14689253
t60,0.85310745,0.14689253
t86,0.85310745,0.14689253
t87,0.85310745,0.14689253
t26,0.85310745,0.14689253
t95,0.85310745,0.14689253
t96,0.85310745,0.14689253
t92,0.85310745,0.14689253
