accepted_species,estimate
t24,0.09483037
t99,0.09483037
t100,0.09483037
t23,0.09483037
t33,0.09483037
t18,0.09483037
t22,0.09483037
t60,0.09483037
t61,0.09483037
t1,0.09483037
