accepted_species,estimate
t141,1.31580152459828
t142,1.31580152459828
t168,1.4170316195711752
t178,1.4289321360856932
t158,0.9855737911812902
t197,0.9855737911812902
t198,0.9855737911812902
t108,0.9855737911812902
t199,0.9855737911812902
t200,0.9855737911812902
t88,0.9855737911812902
t89,0.9855737911812902
t111,0.7031087839201889
t125,0.7031087839201889
t185,0.7031087839201889
t186,0.7031087839201889
t156,0.7031087839201889
t96,0.7031087839201889
t82,0.7031087839201889
t50,0.7031087839201889
