accepted_species,estimate
t141,0.28090596
t142,1.244248
t168,1.0161988
t178,0.8964089
t158,0.8052584
t197,0.8052584
t198,0.8052584
t108,1.0008714
t199,0.5656151
t200,0.5656151
t88,-0.06915742
t89,-0.15316114
t111,0.52959967
t125,0.5830182
t185,0.53047246
t186,0.53047246
t156,0.53047246
t96,0.5595919
t82,-0.34085098
t50,-1.0062882
