accepted_species,0,1
Gentiana_aristata,0.7094055305075818,0.2905944694924182
Gentiana_dahurica,0.7094055305075818,0.2905944694924182
Gentiana_nivalis,0.7106958556397268,0.2893041443602732
Gentiana_prostrata,0.7094055305075818,0.2905944694924182
Gentiana_pyrenaica,0.7094055305075818,0.2905944694924182
Gentiana_scabra,0.7105781007011762,0.2894218992988237
Gentiana_spathulifolia,0.7094055305075818,0.2905944694924182
Gentiana_clarkei,0.7094055305075818,0.2905944694924182
Gentiana_clusii,0.7094055305075818,0.2905944694924182
Gentiana_lutea,0.7094055305075818,0.2905944694924182
