accepted_species,estimate
t8,1.256310094213714
t24,1.4438842699352405
t45,0.427128104950147
t88,0.05441540398004541
t60,0.5171987493387512
t7,0.36697687698889053
t6,-0.516616878485415
t21,-1.561432831121138
t16,-1.1108209574681722
t93,-0.6867015334119408
