"","turnover.rates","eps.values","transition.rates"
"1",0.664709403412417,0.933194464957527,NA
"2",0.986115628387779,0.128849773435895,0.947749803075567
"3",0.664709403412417,0.933194464957527,0.3305121101439
"4",0.986115628387779,0.128849773435895,NA
