"accepted_species","estimate"
"t16",-1.23857629323198
"t77",0.205079101158681
"t49",-0.389904288397287
"t65",-1.0776136758658
"t66",-1.0776136758658
"t58",0.881397123093949
"t59",1.82452130135802
"t93",1.88339043667494
"t94",1.88339043667494
"t53",0.0652778780395745
