accepted_species,estimate
t16,-1.029401
t77,0.2797993
t49,-0.08776099
t65,-1.0794975
t66,-1.0794975
t58,0.280058
t59,1.9962857
t93,1.9679149
t94,1.9679149
t53,0.086644605
