"accepted_species","0","1"
"Perama_holosericea","0.999717485041016","0.000282514958983752"
"Virectaria_procumbens","0.999601334037197","0.000398665962802715"
"Catesbaea_gamboana","0.998556469663024","0.00144353033697615"
"Gardenia_moszkowskii","0.271159931063919","0.728840068936081"
"Danais_volubilis","0.999971452410717","2.85475892828092e-05"
"Thiollierea_retusiflora","0.998556469663024","0.00144353033697615"
"Dolicholobium_acuminatum","0.996951827445437","0.00304817255456277"
"Sabicea_glabrescens","0.995005439912716","0.00499456008728395"
"Faramea_ortiziana","0.996107863348857","0.00389213665114315"
"Argostemma_parvum","0.999369857864654","0.000630142135346339"
