accepted_species,0,1
t3,0.93662846,0.06337154
t4,0.9324742,0.06752579
t7,0.01956439,0.9804356
t21,0.99473566,0.0052643516
t23,0.07151979,0.9284802
t29,0.9757857,0.024214309
t39,0.9732672,0.026732774
t53,0.93143153,0.068568476
t70,0.06502205,0.93497795
t84,0.88795376,0.112046264
t93,0.71755314,0.2824469
t99,0.112050295,0.8879497
t132,0.88795376,0.112046264
t133,0.88795376,0.112046264
t134,0.33224797,0.667752
