accepted_species,estimate
t87,-0.4740131177709857
t88,-0.47401311777098576
t28,-0.4606472899058738
t19,-0.6900191729938558
t46,-0.6900191729938558
t9,-0.6965807321776145
t21,-0.1810171371871351
t42,-0.20314026959728865
t20,-0.20130531061784707
t3,-0.18622893944776073
