accepted_species,0
t34,-0.01478087410590985
t89,0.655572383439986
t74,0.655572383439986
t88,0.736665349371824
t57,-0.01478087410590985
t13,-0.01478087410590985
t3,-0.01478087410590985
t23,-0.01478087410590985
t61,-0.01478087410590985
t62,-0.01478087410590985
