accepted_species,0,1
Minaria_micromeria,1.0,0.0
Xanthophytum_papuanum,1.0,0.0
Asclepias_vicaria,0.8555555555555556,0.14444444444444443
Hippotis_tubiflora,0.8555555555555556,0.14444444444444443
Spigelia_ramosa,0.8555555555555556,0.14444444444444443
Psychotria_hobdyi,1.0,0.0
Dolicholobium_nakiki,0.8555555555555556,0.14444444444444443
Aspidoglossum_difficile,0.8555555555555556,0.14444444444444443
Macropharynx_anomala,0.8555555555555556,0.14444444444444443
Oldenlandia_lanceolata,0.8555555555555556,0.14444444444444443
