accepted_species,0,1
t3,4.5643222534863526e-10,0.9999999995435678
t82,3.427480521622783e-11,0.9999999999657252
t80,8.622880187658666e-12,0.9999999999913771
t95,1.1244375475172319e-07,0.9999998875562452
t67,1.4834578010436417e-11,0.9999999999851654
t70,3.1381031107002855e-10,0.9999999996861897
t62,3.241851231905457e-14,0.9999999999999676
t66,9.00784558055534e-10,0.9999999990992154
t69,9.728708949552356e-10,0.9999999990271291
t38,3.3306690738754696e-15,0.9999999999999967
