accepted_species,0,1
Gentiana_algida,0.590287133153591,0.409712866846409
Gentiana_aristata,0.590287133153591,0.409712866846409
Gentiana_dahurica,0.590287133153591,0.409712866846409
Gentiana_prostrata,0.590287133153591,0.409712866846409
Gentiana_pyrenaica,0.590287133153591,0.409712866846409
Gentiana_scabra,0.5123371981199121,0.4876628018800879
Gentiana_sino-ornata,0.590287133153591,0.409712866846409
Gentiana_spathulifolia,0.590287133153591,0.409712866846409
Gentiana_straminea,0.512019072546798,0.487980927453202
Gentiana_verna,0.5405527082039099,0.45944729179609006
