"accepted_species","0","1"
"Gentiana_algida","0.500000000237479","0.499999999762521"
"Gentiana_aristata","0.500000000237479","0.499999999762521"
"Gentiana_dahurica","0.500000000237479","0.499999999762521"
"Gentiana_prostrata","0.500000000237479","0.499999999762521"
"Gentiana_pyrenaica","0.500000000237479","0.499999999762521"
"Gentiana_scabra","0.499208408736087","0.500791591263913"
"Gentiana_sino-ornata","0.500000000237479","0.499999999762521"
"Gentiana_spathulifolia","0.500000000237479","0.499999999762521"
"Gentiana_straminea","0.444228959616193","0.555771040383807"
"Gentiana_verna","0.500020594323816","0.499979405676184"
