accepted_species,0,1
t56,0.34653258,0.6534674
t66,0.7940191,0.2059809
t71,0.41422784,0.58577216
t72,0.36293525,0.63706475
t75,0.8041368,0.1958632
t80,0.45001704,0.54998296
t102,0.56961346,0.43038657
t110,0.45001704,0.54998296
t125,0.6162239,0.38377613
t135,0.33644658,0.6635534
