accepted_species,0,1
t32,0.4371508631161759,0.5628491368838241
t38,0.3527926067255107,0.6472073932744893
t40,0.23010178801749703,0.769898211982503
t73,0.3828863331307105,0.6171136668692895
t80,0.3870093126177606,0.6129906873822394
t101,0.40066848980339675,0.5993315101966032
t102,0.3948225096950416,0.6051774903049584
t107,0.3552298065687216,0.6447701934312784
t118,0.38090592169210924,0.6190940783078908
t130,0.35795978577980014,0.6420402142201999
