accepted_species,estimate
t62,0.114667736
t66,0.114667736
t73,0.035749853
t78,0.29106146
t79,0.2931478
t91,0.36997938
t76,0.28893977
t80,-0.045289677
t35,0.114667736
t34,0.114667736
