accepted_species,0,1
t16,0.26139563,0.73860437
t19,0.3365447,0.6634553
t48,0.3441326,0.6558674
t62,0.33388454,0.66611546
t63,0.33388454,0.66611546
t81,0.3370751,0.6629249
t85,0.3370751,0.6629249
t86,0.3370751,0.6629249
t89,0.3455935,0.6544065
t90,0.3455935,0.6544065
t92,0.34340113,0.65659887
t93,0.34340113,0.65659887
