accepted_species,estimate
t86,-0.5278773968266435
t92,-0.43917394322077996
t62,-0.14098040096984993
t8,-0.1421492703970056
t52,-1.5814673807659057
t80,-0.6881717537809473
t71,-0.7790553064258586
t3,-0.7774474316614414
t7,-0.35171695155327815
t24,1.4234723828386713
