accepted_species,estimate
t86,-0.15628065755293055
t92,-0.44259746712668036
t62,-0.16586369651037444
t8,-0.3925667192592066
t52,-1.517618937483469
t80,-0.3629663520311446
t71,-0.8997912604556004
t3,-1.0221900390073382
t7,-1.2892105642289933
t24,1.3988630553445118
