accepted_species,estimate
t86,-0.4511758
t92,-0.13429418
t62,-0.05120591
t8,-0.3469405
t52,-1.0312281
t80,-0.38392684
t71,-0.736072
t3,-1.8096039
t7,0.38263142
t24,1.4462997
