accepted_species,estimate
t19,0.05137781035384205
t107,0.01815228749168301
t138,0.014138349501647225
t10,0.0921815576769265
t11,0.09917048853858901
t103,-1.159898488862486
t114,-1.011711023943659
t101,-0.5182077978612494
t24,-0.4540717562575276
t111,1.4249605551785316
t44,0.9979898391805893
t85,0.3380409278947349
t39,0.29031769119175743
t36,0.3093556556990218
