"accepted_species","estimate"
"t143",-0.666552100500161
"t99",1.38423951518018
"t136",-0.820054892861663
"t137",-0.820054892861663
"t135",-0.187374045427084
"t7",0.143566776023001
"t87",0.891269563278543
"t81",0.304249781035595
"t61",0.323965632406087
"t154",-0.727809471291591
"t26",-0.156098668560125
"t12",0.0234432410013597
"t141",-1.10852465909495
"t124",-0.81978368214198
"t66",-1.35319523533458
"t1",-0.327742594098203
