"accepted_species","estimate"
"t40",-0.781770818438274
"t35",-0.0340097013933464
"t15",-0.125901008148721
"t71",-0.120442284549545
"t18",-0.268085204986189
"t24",-0.899520470564334
"t37",-0.30244978128083
"t38",-0.30244978128083
"t3",-0.000415390880682866
"t28",0.362997258212826
