accepted_species,0,1
t63,0.0032161474,0.99678385
t53,0.0028657913,0.9971342
t17,0.0036156178,0.9963844
t82,0.025351882,0.9746481
t95,0.97143334,0.028566672
t51,0.008013606,0.9919864
t31,0.01718676,0.98281324
t23,0.008701801,0.9912982
t15,0.021759808,0.9782402
t60,0.9313074,0.06869262
