accepted_species,estimate
t5,-0.2573578743310632
t72,-0.08391674321904985
t31,-0.1668969579408508
t91,-0.6767936356152922
t94,-0.7250764074320512
t54,0.7347317055468019
t11,0.31985923487466916
t43,-0.3227414152190988
t1,0.14132524983550945
t3,0.692465141134093
