accepted_species,0,1
t20,0.9179370578604747,0.08206294213952521
t21,0.9176600090282225,0.08233999097177741
t22,0.9176600090282225,0.08233999097177741
t28,0.9180525914979484,0.08194740850205165
t55,0.9182925386229196,0.0817074613770804
t61,0.9180677004807405,0.08193229951925948
t73,0.91783810606532,0.08216189393467999
t74,0.91783810606532,0.08216189393467999
t97,0.9187838314259101,0.08121616857408988
t112,0.918198234834732,0.08180176516526808
