accepted_species,0,1
t20,0.9861261356091151,0.013873864390884892
t21,0.9861592788676582,0.013840721132341827
t22,0.9862115813988535,0.013788418601146601
t28,0.9922329289494815,0.0077670710505185
t55,0.9867727665983227,0.013227233401677335
t61,0.992159762124807,0.007840237875192974
t73,0.9861077479202026,0.013892252079797392
t74,0.985778980468341,0.014221019531658954
t97,0.9861492595058449,0.013850740494155168
t112,0.9855269375536038,0.014473062446396246
