accepted_species,0,1
t20,0.9520748,0.047925185
t21,0.9520748,0.047925185
t22,0.9520748,0.047925185
t28,0.9520748,0.047925185
t55,0.9520748,0.047925185
t61,0.9520748,0.047925185
t73,0.9520748,0.047925185
t74,0.9520748,0.047925185
t97,0.9520748,0.047925185
t112,0.9520748,0.047925185
