accepted_species,estimate
t1,0.24951962
t87,0.18161935
t88,0.18161935
t86,0.18161935
t32,0.18161935
t82,0.19252059
t83,0.19252059
t61,-0.327011
t62,-0.327011
t40,-0.3350513
