accepted_species,0,1
t18,0.37203008,0.6279699
t21,0.37203008,0.6279699
t51,0.37203008,0.6279699
t75,0.37203008,0.6279699
t80,0.37203008,0.6279699
t81,0.37203008,0.6279699
t88,0.37203008,0.6279699
t97,0.37203008,0.6279699
t98,0.37203008,0.6279699
t99,0.37203008,0.6279699
