accepted_species,0
t72,-0.439533079068106
t81,-0.44766097753011
t37,
t45,
t34,
t93,-1.39812913079958
t94,-1.39812913079958
t100,-1.40709091652227
t36,
t12,
