accepted_species,estimate
t72,-0.4407118
t81,-0.4463976
t37,0.5496642
t45,1.3484894
t34,-1.405193
t93,-1.3960828
t94,-1.3960828
t100,-1.4070332
t36,-0.09978405
t12,-0.39666212
