accepted_species,estimate
t88,-0.32176477
t89,-0.33022565
t37,-0.45245045
t24,-0.5608945
t33,-0.43834972
t34,-0.5572728
t40,-0.017404865
t41,0.039765906
t44,-0.24466239
t45,-0.08541177
t26,-0.36907372
