accepted_species,0,1
t23,0.010276794,0.9897232
t59,0.013766289,0.9862337
t60,0.025291085,0.9747089
t75,0.010276794,0.9897232
t58,0.010276794,0.9897232
t53,0.010276794,0.9897232
t89,0.010276794,0.9897232
t24,0.012450695,0.9875493
t31,0.013828933,0.98617107
t54,0.013828933,0.98617107
