accepted_species,0,1
t16,0.6319448393587852,0.36805516064121485
t89,0.6283121638766851,0.3716878361233149
t122,0.6778496675968275,0.3221503324031724
t149,0.6897023602462237,0.31029763975377633
t153,0.6419200246762401,0.3580799753237599
t154,0.6419200246762401,0.3580799753237599
t183,0.8559913530074355,0.14400864699256458
t191,0.7033290440252504,0.29667095597474963
t200,0.6976604164101905,0.30233958358980945
t206,0.6157832200110679,0.3842167799889321
