accepted_species,0,1
t16,0.705794,0.29420602
t89,0.6386878,0.3613122
t122,0.77475286,0.22524711
t149,0.610386,0.38961396
t153,0.71352875,0.28647128
t154,0.71352875,0.28647128
t183,0.7672361,0.2327639
t191,0.6311091,0.3688909
t200,0.66170937,0.33829063
t206,0.6582535,0.3417465
