accepted_species,0,1
t16,0.8598886,0.14011137
t89,0.52998924,0.4700108
t122,0.62349623,0.37650377
t149,0.8759826,0.12401744
t153,0.68874097,0.31125903
t154,0.68874097,0.31125903
t183,0.9825127,0.017487308
t191,0.7347796,0.2652204
t200,0.4878977,0.5121023
t206,0.9702841,0.029715909
