accepted_species,0,1
t37,0.5296275978448595,0.47037240215514053
t85,0.5294636423152977,0.47053635768470226
t59,0.528823579106994,0.471176420893006
t15,0.5287403471708869,0.4712596528291131
t53,0.5289959210791029,0.47100407892089713
t41,0.529842630004457,0.47015736999554303
t77,0.5330731437317495,0.4669268562682505
t49,0.5331426955940566,0.46685730440594336
t25,0.544740289244144,0.455259710755856
t24,0.5451459335861372,0.45485406641386283
