accepted_species,0,1
t37,0.5257617504968577,0.4742382495031423
t85,0.5260062787510071,0.47399372124899286
t59,0.5256621371354109,0.4743378628645892
t15,0.5255765523652618,0.4744234476347382
t53,0.5255950104904552,0.4744049895095448
t41,0.5301148291621982,0.4698851708378018
t77,0.5291119183532318,0.47088808164676826
t49,0.5291257277493995,0.4708742722506006
t25,0.5474214193921381,0.452578580607862
t24,0.5481329590695707,0.4518670409304293
