accepted_species,0,1
t37,0.6883303,0.3116697
t85,0.30395436,0.69604564
t59,0.30089283,0.69910717
t15,0.29598975,0.70401025
t53,0.62131786,0.3786821
t41,0.30474305,0.69525695
t77,0.74553084,0.25446916
t49,0.69532263,0.30467737
t25,0.6234778,0.3765222
t24,0.69418985,0.30581015
