accepted_species,estimate
t69,-0.11443642
t166,0.054205604
t196,0.061748143
t197,0.038424052
t169,0.113358796
t129,0.111565694
t115,0.12798798
t236,0.1670339
t237,0.1570557
t168,0.088502385
t162,0.011317524
t246,0.28217006
t219,0.2962292
t119,-0.108275294
t199,0.22137754
t200,-0.005589228
t176,0.07891349
t256,0.16316621
t201,-0.11179199
t202,-0.06239632
t117,-0.12996712
t174,-0.15706843
t177,-0.13331361
t178,-0.1479572
t228,-0.15127128
t229,-0.0830548
