accepted_species,0,1
t8,0.07094228526828616,0.9290577147317138
t49,0.13834800866025354,0.8616519913397465
t74,0.1426116038697759,0.8573883961302241
t77,0.1411192666249842,0.8588807333750158
t67,0.17383793088003252,0.8261620691199675
t47,0.707911071577275,0.29208892842272505
t42,0.0694132163777641,0.9305867836222359
t68,0.5408288430595205,0.45917115694047955
t40,0.5192690109005784,0.4807309890994216
t17,0.4134072647244451,0.5865927352755549
