accepted_species,0,1
t8,0.7107477,0.28925225
t49,0.04306841,0.9569316
t74,0.11973423,0.8802658
t77,0.038125753,0.96187425
t67,0.22631645,0.77368355
t47,0.94766265,0.05233737
t42,0.0039494634,0.99605054
t68,0.87147313,0.12852685
t40,0.34279007,0.65720993
t17,0.3450333,0.6549667
