accepted_species,0,1
t82,0.9605510153625187,0.0394489846374813
t50,0.06942954597120476,0.9305704540287952
t95,0.0407613421620443,0.9592386578379557
t83,0.034382782932763756,0.9656172170672362
t28,0.9694757477663756,0.030524252233624406
t63,0.9668372727325499,0.03316272726745002
t21,0.032347467792026685,0.9676525322079733
t93,0.9669760457466914,0.03302395425330859
t43,0.9693580193950309,0.03064198060496916
t36,0.9673639156543323,0.03263608434566769
