accepted_species,0
t95,-0.142045080853755
t17,0.036242241844605595
t88,-1.13786135004964
t36,0.036242241844605595
t55,0.843342011296085
t62,0.3195975413328305
t16,0.036242241844605595
t66,0.811003824672905
t97,-0.41100596317467636
t91,1.26756026110045
