accepted_species,0,1
t50,0.4068762835712504,0.5931237164287496
t47,0.40678790671492115,0.5932120932850788
t30,0.4068460169654412,0.5931539830345588
t83,0.40666453797005175,0.5933354620299482
t84,0.4068549910308551,0.5931450089691449
t32,0.4067940155679377,0.5932059844320623
t75,0.4068162697239629,0.5931837302760371
t73,0.40691808919792194,0.5930819108020781
t92,0.4068325280010845,0.5931674719989155
t1,0.4068688821886395,0.5931311178113605
