accepted_species,0,1
t50,0.40799157408051245,0.5920084259194875
t47,0.40822208686535566,0.5917779131346443
t30,0.4093014034272283,0.5906985965727717
t83,0.41476650229584966,0.5852334977041503
t84,0.4147614033761369,0.5852385966238631
t32,0.4138539681048303,0.5861460318951697
t75,0.4149083143844635,0.5850916856155365
t73,0.41492642051836126,0.5850735794816387
t92,0.41490670004691277,0.5850932999530872
t1,0.4098257555864996,0.5901742444135004
