accepted_species,estimate
t11,0.4580268329591855
t15,0.4580268329591855
t16,0.4580268329591855
t64,0.4580268329591855
t48,0.4580268329591855
t49,0.4580268329591855
t43,0.4580268329591855
t25,0.4580268329591855
t7,0.4580268329591855
t4,0.4580268329591855
