accepted_species,0
t32,
t82,-0.6042470308294375
t100,0.47989192692984406
t64,
t84,1.2984797731973
t5,
t40,
t27,
t33,
t11,
