"accepted_species","0","1"
"t98","0.00865674271420174","0.991343257285798"
"t3","0.408538967223167","0.591461032776833"
"t19","0.217499362381766","0.782500637618234"
"t49","0.0726096294179059","0.927390370582094"
"t8","0.268955848360876","0.731044151639124"
"t42","0.865880048227227","0.134119951772773"
"t95","0.989061533640553","0.0109384663594465"
"t14","0.711781161356175","0.288218838643825"
"t44","0.0510201784274497","0.94897982157255"
"t39","0.276687655348532","0.723312344651468"
