accepted_species,0,1
t32,0.08903302876436259,0.9109669712356374
t40,0.31398970307502827,0.6860102969249717
t45,0.1076244322628207,0.8923755677371793
t62,0.10756815717172497,0.892431842828275
t97,0.09046353420814157,0.9095364657918584
t98,0.08889770476457692,0.9111022952354231
t123,0.09036186726145967,0.9096381327385403
t128,0.09035780936572024,0.9096421906342798
t137,0.09046353420814157,0.9095364657918584
t138,0.09046353420814157,0.9095364657918584
