accepted_species,estimate
t55,-1.3341119
t2,-1.4582033
t6,-1.5076184
t64,-1.3196877
t53,-0.4490418
t46,-0.09276375
t26,-0.25268736
t23,-0.33317292
t29,-0.34693542
t30,-0.31496835
