accepted_species,estimate
t12,0.5095909391322967
t6,0.40781514027429816
t1,0.29320150650453286
t46,0.23486590367527976
t14,0.08504368136335166
t15,0.12366316729229682
t53,0.339236973839606
t22,0.23832260744891293
t51,0.24871742002566938
t63,0.31101288609356403
