accepted_species,estimate
t12,1.6874436
t6,-0.1301525
t1,0.25396544
t46,-2.1074166
t14,0.05339406
t15,0.05339406
t53,0.3416814
t22,0.04892606
t51,0.47823304
t63,0.66810364
