accepted_species,estimate
t14,-0.42422189805105337
t95,-0.4830432605361109
t84,0.5006161875540145
t87,-0.3471870559400426
t85,0.2222548212656238
t18,-0.030616378324724088
t34,0.011922601603048803
t28,-0.012570065893245393
t90,-0.06124640042204029
t61,0.30320397380891323
