accepted_species,0
t18,-1.630839472470565
t30,
t42,
t43,
t121,
t123,
t184,
t269,
t302,
t264,
t364,-0.689921888815907
t153,
t390,1.65903810756228
t253,
t258,
t240,
t360,0.585113045146626
t274,0.619190652456084
t380,1.65155679253327
t286,
t394,1.67031983742752
t260,
t298,
t382,-1.39536026443195
t332,-0.07945252010889323
t157,-0.164860199500855
t70,
t87,
t106,
t152,
t52,
t8,
t47,
t83,
t115,0.386370873172653
t98,
t96,
t24,
t25,
t10,
