accepted_species,0,1
t52,0.5203027662818334,0.47969723371816664
t97,0.5276067459073321,0.4723932540926679
t142,0.5282018024322594,0.47179819756774055
t143,0.5282018024322592,0.4717981975677408
t151,0.524108419737162,0.47589158026283795
t27,0.5016007343177209,0.49839926568227916
t71,0.579542526646314,0.420457473353686
t149,0.6096709424327384,0.3903290575672615
t177,0.6108073067481998,0.3891926932518002
t178,0.6108073067481999,0.38919269325180006
t101,0.6042130644232986,0.3957869355767014
t135,0.6028182013040192,0.3971817986959808
t136,0.6028182013040191,0.39718179869598097
t78,0.5923057177637386,0.40769428223626136
t169,0.32603364637142596,0.673966353628574
t170,0.32603364637142607,0.6739663536285739
t130,0.32926217466889884,0.6707378253311012
t82,0.3590179809750418,0.6409820190249582
