accepted_species,0,1
t52,0.524137,0.47586298
t97,0.524137,0.47586298
t142,0.524137,0.47586298
t143,0.4971524,0.5028476
t151,0.524137,0.47586298
t27,0.55764574,0.44235426
t71,0.55764574,0.44235426
t149,0.55764574,0.44235426
t177,0.55764574,0.44235426
t178,0.55764574,0.44235426
t101,0.55764574,0.44235426
t135,0.55764574,0.44235426
t136,0.55764574,0.44235426
t78,0.55764574,0.44235426
t169,0.4971524,0.5028476
t170,0.4971524,0.5028476
t130,0.4971524,0.5028476
t82,0.4971524,0.5028476
