accepted_species,0
t27,
t1,
t51,
t70,
t117,0.259398341800893
t101,-0.35370085217807057
t14,
t35,
t108,1.77136717612789
t105,0.143703131960611
t83,
t9,
