accepted_species,0,1
Gentiana_verna,0.508398658344453,0.49160134165554703
Gentianopsis_barbata,0.5078219922400649,0.4921780077599351
Sabatia_grandiflora,0.510551169018832,0.489448830981168
Swertia_perennis,0.5077713970270653,0.4922286029729347
Galium_porrigens,0.4858309885838007,0.5141690114161993
Mitchella_repens,0.504371265624284,0.495628734375716
Gentiana_acaulis,0.5084314709963859,0.49156852900361414
Galium_pumilum,0.5026689976681474,0.49733100233185257
Galium_richardianum,0.4857827829768162,0.5142172170231838
Galium_setaceum,0.4877426510895334,0.5122573489104666
