accepted_species,0,1
Gentiana_verna,0.44408596,0.55591404
Gentianopsis_barbata,0.7613279,0.2386721
Sabatia_grandiflora,0.7613279,0.2386721
Swertia_perennis,0.7613279,0.2386721
Galium_porrigens,0.44408596,0.55591404
Mitchella_repens,0.44408596,0.55591404
Gentiana_acaulis,0.44408596,0.55591404
Galium_pumilum,0.44408596,0.55591404
Galium_richardianum,0.44408596,0.55591404
Galium_setaceum,0.44408596,0.55591404
