accepted_species,0
t81,0.02072232866858964
t82,0.02072232866858964
t59,0.02072232866858964
t46,0.02072232866858964
t52,0.02072232866858964
t26,0.02072232866858964
t37,0.02072232866858964
t56,0.02072232866858964
t57,0.02072232866858964
t68,0.02072232866858964
