accepted_species,estimate
t81,-0.5491519
t82,-0.5491519
t59,-0.5491519
t46,-0.5491519
t52,-0.38265285
t26,0.44562653
t37,-0.44165847
t56,-0.23327902
t57,0.017773896
t68,-0.69716454
