"accepted_species","estimate"
"t1",-1.14085676382308
"t70",-1.76499479476233
"t36",-1.63139893315419
"t53",0.376066368620024
"t17",1.01746407084875
"t83",0.452616842651352
"t73",-0.542467069976197
"t3",0.0141665092782806
"t26",-0.0162256064907837
"t92",0.0244657262604411
