accepted_species,estimate
t1,-1.0230871
t70,-1.2948828
t36,-1.0239934
t53,0.11569683
t17,0.2839532
t83,0.3205726
t73,-0.48593575
t3,-0.035513375
t26,-0.035513375
t92,-0.008300425
