accepted_species,estimate
t1,-1.353521
t70,-1.1544967
t36,-1.1533258
t53,0.50220853
t17,0.30182236
t83,0.44655472
t73,-0.6653377
t3,0.054074444
t26,-0.018285304
t92,-0.07427935
