accepted_species,estimate
Asclepias_speciosa,-0.30515660991115406
Asclepias_verticillata,-0.4163709836544565
Aspidosperma_megalocarpon,0.6256176559546077
Aspidosperma_spruceanum,0.5811793055720346
Galium_boreale,-0.3807173346820341
Galium_saxatile,-0.576589533284824
Gentianella_amarella,-0.1431866393846038
Isertia_haenkeana,0.15349505248460876
Mandevilla_benthamii,0.922890081391604
Posoqueria_latifolia,0.35747386816841614
