accepted_species,estimate
t230,-0.16930103
t259,-0.42650133
t257,-0.059719294
t121,0.059505932
t55,-0.047996238
t90,-0.036593642
t110,-0.030542733
t62,-0.04901518
t199,0.07457654
t176,0.18944702
t177,0.13807194
t158,-0.05362743
t225,-0.430593
t139,-0.052185025
t2,-0.047592312
t10,-0.04508846
t17,-0.045549925
t47,-0.046804458
t148,1.3935964
t113,-0.1610014
t222,1.7486684
t58,-0.044183165
t153,-0.32009155
t41,-0.044045616
t215,0.010225449
t205,-0.19642761
