accepted_species,estimate
t87,0.6971452240580706
t54,0.6111779801787782
t30,1.0418971340042125
t68,-0.5838364426241325
t48,-1.0060738689537119
t80,-0.9205209287161426
t37,1.2469328561765352
t7,-0.03784727307524913
t33,-0.5177576446239991
t34,-0.5177576446239991
