accepted_species,estimate
t87,-0.13557889195473483
t54,-0.13539395052280512
t30,-0.129536010322973
t68,-0.34283690941478756
t48,-0.31027038894706277
t80,-0.2922120213273058
t37,1.3022818901052615
t7,0.37932478040256684
t33,0.3218651163871032
t34,0.3218651163871032
