accepted_species,0,1
t32,0.362235536366456,0.637764463633544
t33,0.4509787902793927,0.5490212097206073
t36,0.013832717320537258,0.9861672826794627
t41,0.3621197541216997,0.6378802458783003
t49,0.46943152094205287,0.5305684790579471
t58,0.016596791609640005,0.98340320839036
t60,0.3797380181210255,0.6202619818789745
t95,0.2926311439243878,0.7073688560756122
t103,0.7934638108372295,0.20653618916277053
t108,0.6758490392124397,0.3241509607875604
t120,0.2059879713007895,0.7940120286992105
t123,0.24911372894136075,0.7508862710586393
t126,0.5907376724371645,0.4092623275628356
t127,0.5607353722488503,0.4392646277511497
t145,0.3495324120367743,0.6504675879632257
t153,0.3708272313503783,0.6291727686496217
t166,0.5461734335283943,0.45382656647160563
t173,0.6936081165868511,0.30639188341314894
t182,0.6446036859234107,0.35539631407658934
t185,0.6390885692689191,0.3609114307310809
t198,0.5517313633240708,0.4482686366759292
t199,0.43239634756507794,0.5676036524349221
t206,0.8679983365823339,0.13200166341766606
t212,0.7249037648728147,0.2750962351271853
t219,0.46292854727286425,0.5370714527271357
t231,0.6027303216993671,0.3972696783006328
t232,0.8207885196894875,0.17921148031051248
t233,0.8582627069519607,0.1417372930480393
t288,0.10805404482665248,0.8919459551733475
t292,0.7817504905961946,0.21824950940380541
t294,0.2343987017387099,0.7656012982612901
t308,0.9124006219578636,0.08759937804213638
