"accepted_species","0","1"
"t32","0.342495633042733","0.657504366957267"
"t33","0.653952702417411","0.346047297582589"
"t36","0.459629345772396","0.540370654227604"
"t41","0.472534834567124","0.527465165432876"
"t49","0.123241731559138","0.876758268440862"
"t58","0.273158251844693","0.726841748155307"
"t60","0.655770467717371","0.344229532282629"
"t95","0.468446739158636","0.531553260841364"
"t103","0.0719277876083465","0.928072212391653"
"t108","0.798194030844062","0.201805969155938"
"t120","0.798095387774319","0.201904612225681"
"t123","0.15329712901652","0.84670287098348"
"t126","0.700727412029775","0.299272587970225"
"t127","0.700727412029775","0.299272587970225"
"t145","0.800837265052692","0.199162734947309"
"t153","0.13782224939227","0.86217775060773"
"t166","0.446678042157009","0.553321957842991"
"t173","0.975931489545589","0.0240685104544114"
"t182","0.49871690010668","0.50128309989332"
"t185","0.978789909969252","0.0212100900307479"
"t198","0.535714353242457","0.464285646757543"
"t199","0.862576123832558","0.137423876167442"
"t206","0.937224099053851","0.0627759009461493"
"t212","0.591125639172486","0.408874360827514"
"t219","0.374318196933552","0.625681803066448"
"t231","0.74518511170273","0.25481488829727"
"t232","0.803543913466108","0.196456086533892"
"t233","0.803543913466108","0.196456086533892"
"t288","0.00631632730383682","0.993683672696163"
"t292","0.0438645522656037","0.956135447734396"
"t294","0.016022461171556","0.983977538828444"
"t308","0.981609063243931","0.0183909367560693"
