accepted_species,0,1
Apocynum_androsaemifolium,0.38737428,0.6126257
Asclepias_viridis,0.34150195,0.65849805
Funastrum_cynanchoides,0.3319831,0.6680169
Centaurium_pulchellum,0.7672514,0.23274866
Gentiana_scabra,0.36831105,0.63168895
Gentianella_amarella,0.74992275,0.25007722
Gentianopsis_paludosa,0.72442985,0.27557018
Halenia_elliptica,0.76783186,0.23216815
Zeltnera_davyi,0.7697103,0.2302897
Spermacoce_stachydea,0.51907825,0.48092172
