"accepted_species","0","1"
"t233",0.555523622628141,0.444476377371859
"t234",0.555523622628141,0.444476377371859
"t210",0.555523622625898,0.444476377374102
"t184",0.555523622625898,0.444476377374102
"t221",0.555523622614691,0.444476377385309
"t222",0.555523622614691,0.444476377385309
"t227",0.909864376153225,0.0901356238467747
"t228",0.909864376153225,0.0901356238467747
"t216",0.909864376157626,0.0901356238423739
"t159",0.5578616779502,0.442138322049799
"t235",0.592588710676707,0.407411289323293
"t236",0.592588710676707,0.407411289323293
"t149",0.580683659322242,0.419316340677758
"t150",0.597309308851711,0.40269069114829
"t72",0.774152929676031,0.22584707032397
"t60",0.71761936935244,0.28238063064756
"t54",0.639387605313858,0.360612394686143
"t109",0.495618941499999,0.5043810585
"t128",0.487750120758966,0.512249879241034
"t129",0.493473452221639,0.506526547778361
"t57",0.531684800971076,0.468315199028924
"t68",0.589148112314913,0.410851887685086
"t99",0.514903192713841,0.485096807286159
"t100",0.467574064680713,0.532425935319287
