accepted_species,0,1
t100,0.9274559378863347,0.07254406211366521
t40,0.9185739816903481,0.08142601830965195
t6,0.9229366509187255,0.07706334908127457
t23,0.8729846288907357,0.12701537110926428
t96,0.7818896790517418,0.21811032094825822
t28,0.9223834512509859,0.07761654874901414
t17,0.8852502716692894,0.11474972833071062
t3,0.761967353062099,0.23803264693790108
t62,0.9054536555537493,0.09454634444625067
t87,0.9022938666773005,0.09770613332269946
