accepted_species,0
Asclepias_albicans,0.09890838893034432
Faramea_occidentalis,0.09890838893034432
Galium_tenuissimum,0.09890838893034432
Galium_trifidum,0.09890838893034432
Galium_triflorum,0.09890838893034432
Gentianella_insubrica,-0.421337631077213
Nauclea_officinalis,0.09890838893034432
Neolamarckia_cadamba,0.09890838893034432
Thevetia_ahouai,0.09890838893034432
Tocoyena_pittieri,0.29299572521262496
