accepted_species,estimate
t100,0.17461058375810734
t121,0.1737575510112323
t61,-0.2543023567357661
t152,-0.3128927948336249
t171,0.2546665855694494
t80,0.2140498374033627
t119,0.19724670846573994
t40,0.09747726519853256
t45,0.6045377834694929
t115,0.768036481219144
t58,0.7162968245044201
t163,-0.15463237194447887
t129,-0.1481419778923496
t128,-0.20762073812791434
t150,-0.2077419525085036
t78,-0.19470846192685845
t79,-0.19470846192685873
