"","V_1","V_2","V_3","V_4","V_5","V_6","V_7","V_8","V_9","V_10","V_11","V_12","V_13","V_14","V_15","V_16","V_17","V_18","V_19","V_20","V_21","V_22","V_23","V_24","V_25","V_26","V_27","V_28","V_29","V_30","V_31","V_32","V_33","V_34","V_35","V_36","V_37","V_38","V_39","V_40","V_41","V_42","V_43","V_44","V_45","V_46","V_47","V_48","V_49","V_50","V_51","V_52","V_53","V_54","V_55","V_56","V_57","V_58","V_59","V_60","V_61","V_62","V_63","V_64","V_65","V_66","V_67","V_68","V_69","V_70","V_71","V_72","V_73","V_74","V_75","V_76","V_77","V_78","V_79","V_80","V_81","V_82","V_83","V_84","V_85","V_86","V_87","V_88","V_89"
"t5",-0.126416152665446,-0.114125083138541,0.00237658264644188,-0.000404615876017936,-0.000247690257941417,-0.097403727890398,-0.00480990176808068,0.000984204681390071,-0.0671531145283726,2.78755387159745e-07,-0.00347730910585778,0.285166800296935,-0.123877589581827,0.000303046128264318,-0.0804353671058661,-1.12999128889404e-05,3.41451629795653e-05,-0.580183521346359,0.000306857053319577,-6.51092616753621e-05,0.000211715344090124,-0.00877514714308358,0.000481889697184149,-0.075807822534166,2.00191781723514e-06,-0.0125220601431815,1.42304675821654e-05,-2.53724088113164e-05,7.4110642159358e-06,3.74707207158514e-05,-4.78202815170163e-06,3.23358080492939e-06,2.06901627899292e-05,-0.00762321158266321,-3.57017614981186e-06,1.50329096576254e-06,5.13112620678957e-06,-0.707106781186547,-5.60354470010075e-07,-0.00750822801930604,0.000130462124006338,6.11026804603563e-06,-2.08883241541065e-07,-0.000241709619373483,2.89184581087813e-15,4.88076920132006e-16,2.07871178975412e-06,7.08493729079324e-07,4.72137527003525e-07,1.81474608241576e-16,1.92065616104962e-17,2.73406800624029e-18,-8.75290602477985e-05,3.25738835432869e-16,1.6251927651166e-17,1.46971681627887e-06,1.09736440882444e-05,-3.57366068534069e-07,-1.67557532316408e-05,4.16867089361001e-17,-2.24861194999287e-18,-6.05981443257675e-18,2.35472204919432e-07,1.56885464244886e-18,1.1041455273947e-14,1.57635621646891e-16,-2.74361718067962e-05,2.39294731201133e-17,-1.64364054251652e-07,-6.79870502414645e-17,-2.54941549163829e-16,2.61755400279608e-05,-0.000111583144381755,-3.05068727299554e-17,1.3972773377384e-05,1.75397710900863e-16,-1.11512376507953e-16,7.78877615552979e-19,1.64419521211888e-16,4.26962872644124e-17,-5.6117520597982e-08,-6.28741304455794e-16,5.02874127568156e-18,-1.56598061413469e-17,-6.41362480109001e-16,-7.99940727979434e-17,-3.98611340787176e-17,5.84530348907948e-17,2.14284272769702e-17
"t3",-0.126416152665446,-0.114125083138541,0.00237658264644143,-0.000404615876017989,-0.000247690257941542,-0.0974037278903979,-0.00480990176808068,0.000984204681389321,-0.0671531145283731,2.78755387060841e-07,-0.00347730910585794,0.285166800296936,-0.123877589581827,0.000303046128264326,-0.0804353671058658,-1.12999128891055e-05,3.41451629795902e-05,-0.580183521346358,0.000306857053319586,-6.51092616754828e-05,0.000211715344089953,-0.00877514714308422,0.000481889697181248,-0.0758078225341683,2.00191781673511e-06,-0.0125220601431817,1.42304675828596e-05,-2.53724088118293e-05,7.41106421493608e-06,3.74707207154755e-05,-4.78202815220973e-06,3.23358080253131e-06,2.06901627892629e-05,-0.00762321158267374,-3.57017615245914e-06,1.50329096538149e-06,5.13112624291067e-06,0.707106781186548,-5.60354469189518e-07,-0.00750822801931742,0.000130462124023157,6.11026804618543e-06,-2.08883241535879e-07,-0.000241709619370207,-1.97311166841182e-15,-5.2594963279491e-16,2.07871179116352e-06,7.08493728599024e-07,4.72137526106875e-07,-1.2577827831614e-16,-3.59666743191787e-17,-6.84241267723192e-17,-8.75290602470573e-05,2.09355687619959e-16,-6.48389225429525e-17,1.46971681603845e-06,1.09736440904651e-05,-3.57366068843043e-07,-1.67557532335182e-05,1.39445406903625e-18,5.04983607972033e-17,2.41057484286173e-17,2.35472204643702e-07,8.95049645848184e-17,1.11717429547832e-14,-1.60710452381647e-16,-2.74361718073929e-05,-1.4923349461211e-17,-1.64364053801151e-07,8.38698872554766e-18,-1.12747235467662e-16,2.61755400276169e-05,-0.00011158314438175,7.08093409954885e-18,1.39727733792591e-05,1.34883946347208e-16,-1.00920502522659e-16,-3.07664428102564e-17,-7.35774460251367e-17,2.09434160890726e-17,-5.61175201894298e-08,-1.41065777421486e-16,1.51662163334536e-17,-8.76020030053156e-18,1.76205671442785e-16,-1.00379932669192e-16,1.72692287553838e-16,6.27282063503288e-17,3.77019322142112e-17
"t11",-0.127555235814292,-0.121156021172788,0.00259884952821266,-0.000476738675938615,-0.000306753156038906,-0.129459114120397,-0.00672996789598683,0.0017801359954626,-0.153921275092573,9.14744037967272e-07,0.0120320248777948,-0.178484838865875,0.0773508699104217,-0.000184889808755796,-0.14031049310924,4.53785145209412e-07,-1.33438957514899e-06,0.0178279329720117,-2.80388020575069e-06,-2.12603402882327e-06,7.66104464962602e-06,1.99777178974238e-05,-0.000659574358820766,0.15741644127376,2.97410210519028e-06,-0.572368259177012,-8.14868507515123e-06,3.74098719988412e-06,-6.90911652123251e-07,0.0166841937595236,-7.20519657636236e-07,5.66053429801161e-07,3.95429268366592e-06,-0.00149994796994555,-7.06806035417379e-07,3.30368973685003e-07,1.38809694164742e-06,-1.66533453693773e-15,-1.76222360896812e-07,-0.0391182667925467,-0.0724326733122279,-1.27060973982297e-06,1.89782928720283e-09,-4.57404029523403e-05,-0.707106781186549,-1.3608155814874e-14,5.03320385202303e-07,1.82215858414758e-07,1.22685850931959e-07,1.43337146421481e-15,9.32514593796278e-16,3.54852291260667e-16,-2.44696938099408e-05,-1.29703666272717e-15,6.96014653064795e-16,4.28490614813355e-07,3.25773118495103e-06,-1.07817730400309e-07,-5.16837177876491e-06,-1.42273231241588e-16,-1.93266049389434e-16,9.45992627235231e-17,7.47035320559405e-08,-7.51931872757902e-17,3.34148074557423e-15,4.03186060407777e-16,-8.82260556545691e-06,2.20966256266105e-17,-5.31104535897719e-08,-1.3943180007504e-16,-1.54279056371917e-16,8.53117164854643e-06,-3.65082980057703e-05,-1.92900827411469e-16,4.62394267592544e-06,3.64262621413246e-17,1.60772297048111e-16,1.2583966211209e-16,-3.22346499422079e-16,1.61166386630017e-16,-1.90455862155607e-08,-5.06717162513398e-16,1.393843816081e-16,-2.10597699860692e-16,1.58623142067326e-16,3.44800030800785e-17,9.4038547639783e-17,3.26641693988711e-17,-1.76642741687378e-16
"t28",-0.127555235814292,-0.121156021172787,0.00259884952821239,-0.000476738675938596,-0.00030675315603889,-0.129459114120397,-0.00672996789598683,0.00178013599546269,-0.153921275092573,9.14744037845835e-07,0.0120320248777951,-0.178484838865875,0.0773508699104222,-0.000184889808755799,-0.14031049310924,4.53785145275056e-07,-1.33438957504244e-06,0.0178279329720119,-2.80388020598696e-06,-2.1260340287862e-06,7.6610446496976e-06,1.99777178965244e-05,-0.00065957435882069,0.157416441273759,2.97410210492917e-06,-0.572368259177012,-8.14868507482198e-06,3.74098720013335e-06,-6.90911652200346e-07,0.0166841937595262,-7.20519658237867e-07,5.66053430956085e-07,3.95429268337159e-06,-0.00149994796994769,-7.06806036702041e-07,3.30368971822577e-07,1.38809694163322e-06,2.94209101525666e-15,-1.76222358514943e-07,-0.0391182667925333,-0.0724326733122451,-1.27060973553968e-06,1.89783068972364e-09,-4.57404027156749e-05,0.707106781186547,1.32861086037722e-14,5.03320390096308e-07,1.82215859533879e-07,1.22685856660023e-07,-1.35006605932426e-15,-9.80052741913483e-16,-3.06213706156548e-16,-2.44696938118427e-05,8.68556746595838e-16,-7.52055142446041e-16,4.2849061446409e-07,3.25773118542388e-06,-1.07817730840395e-07,-5.16837178005736e-06,1.36560455486232e-16,2.49952851387871e-16,-5.62557084274691e-17,7.47035321082077e-08,1.29946701625207e-16,3.81948931719651e-15,-5.26418876344739e-16,-8.82260556474695e-06,4.23960470653095e-17,-5.3110454385214e-08,1.72273631887244e-17,-1.87198581464225e-16,8.53117164668044e-06,-3.65082980070149e-05,2.06547261331016e-16,4.62394267582952e-06,3.43361399680001e-16,3.26843331699289e-17,-1.61518006597561e-16,-8.87390392649857e-17,-1.50003116802244e-16,-1.90455863946696e-08,-4.32818226456524e-16,-1.11832797870476e-16,2.01850191105976e-16,-3.32865789539735e-16,-2.61443770739413e-16,-1.09914296921955e-16,1.42355962605541e-16,2.05385619828036e-16
"t15",-0.127658017643056,-0.121789100827819,0.00261883842920829,-0.000483205190819978,-0.000312038300846832,-0.132319805192725,-0.00690099563773787,0.00185044158927796,-0.161538259245317,9.7018319024669e-07,0.0133446009049252,-0.219073705767587,0.094996099363206,-0.000231332977768767,-0.183823206058093,6.79040725716393e-07,-2.00582737221138e-06,0.0276786139893612,-4.75700800903683e-06,-5.47699577418295e-06,2.4695527404789e-05,-0.00223767686762429,0.000846766562640506,-0.187427334481494,-1.96010784620046e-06,0.096821133406484,7.91116027136326e-07,-2.07344057920822e-07,3.20412672683372e-08,-0.000555702278653225,-3.8863817297783e-09,1.62464461315756e-09,-1.80409837798571e-08,1.34126703867678e-05,7.09565740399144e-09,-1.41185251692851e-08,-4.82530759208858e-07,-7.04991620636974e-15,1.85792503354864e-07,0.331511200748962,0.817273818644631,2.70350809718536e-05,-5.60914584735614e-07,-0.000235707908892766,6.3857622106316e-15,4.67887226534504e-16,1.19224915730501e-06,3.41303316560552e-07,2.20635435482195e-07,-3.26893486050397e-16,5.53852354552744e-16,-4.59638030714181e-16,-3.34023568007989e-05,3.33950044407252e-16,4.88298587965427e-17,5.12048375680858e-07,3.70742546234256e-06,-1.18012155077302e-07,-5.40071513404733e-06,1.03866689134281e-16,1.45862757566977e-16,-2.88959105962873e-17,7.44150402236998e-08,2.71832822738624e-17,3.75869762070686e-15,1.9500953807974e-17,-8.62327084951897e-06,7.81535293105553e-17,-5.15892967049053e-08,1.36122790932783e-16,-4.77620049419064e-17,8.20160830936367e-06,-3.49454317410293e-05,-1.24058957247103e-16,4.37398717172656e-06,-3.57802927073512e-18,-2.51770262485431e-16,-1.57805891644559e-16,1.5864941736253e-17,-7.81567492672226e-17,-1.76324299256064e-08,-2.25207818659599e-16,-8.24727515493501e-17,-7.27160911550442e-17,-8.71278478200195e-17,-1.01459058783501e-16,3.29473584051114e-16,-1.58247833665588e-16,8.5222038718001e-17
"t82",-0.127777506249318,-0.122518606847485,0.00264176143231853,-0.000490538993199989,-0.000317992255916323,-0.13551477140342,-0.00709091747500702,0.00192673889286699,-0.169680071960649,1.02850952367012e-06,0.0146460145631214,-0.255417823728535,0.110788273919797,-0.000272268466289299,-0.220876467247966,8.56176897128637e-07,-2.53261655521667e-06,0.0352858420440901,-6.20840736212738e-06,-7.68844426014557e-06,3.55085846951411e-05,-0.00349269948275454,0.00151680048192044,-0.3386637423167,-3.84861375584184e-06,0.25327383071639,2.38734428203222e-06,-7.25202661526264e-07,1.17366275489898e-07,-0.00221257241403457,-4.452772630092e-08,6.33650981987638e-08,5.97857182777957e-07,-0.000249571533278171,-1.19990082583767e-07,7.8492470712893e-08,6.52784879763321e-07,2.27595720048157e-15,-1.33987763549994e-07,-0.124942426195967,-0.296824642682466,-9.287434719309e-06,1.80962306858515e-07,5.26347196461723e-05,-2.74468120551065e-15,-7.02303196469533e-16,-1.14951285498435e-07,-9.45318044446526e-09,-2.95571116058006e-09,3.09012773840325e-16,-2.2616343258566e-16,1.26334468450821e-16,-3.70170426876873e-06,1.40521633973097e-16,-1.96137005998996e-16,1.00569249991775e-07,8.70177703484645e-07,-3.1743031909651e-08,-1.70341894385483e-06,1.72268471582135e-16,-2.07461771139826e-17,6.39188587956628e-17,2.77105599994822e-08,-3.5141164325605e-17,1.03640543725486e-15,-4.76589429737982e-16,-3.43775828924097e-06,-1.25346337396591e-16,-2.10410938195127e-08,8.8978825694012e-17,-2.84357403866914e-16,3.47716241654928e-06,-1.50641414783519e-05,-9.48298579243245e-17,1.97506355391084e-06,9.61440457476085e-16,-9.52558538453733e-16,-2.68702458776294e-16,-3.23910605266112e-17,4.90625438338831e-16,-8.72138306477733e-09,-0.707106781186547,-9.32256891170533e-16,1.04075105923356e-15,-1.14328422586754e-16,-4.9860377359917e-16,3.98483819727008e-16,4.11853276889931e-16,-7.9808243868448e-17
"t83",-0.127777506249318,-0.122518606847485,0.00264176143231866,-0.000490538993200007,-0.000317992255916336,-0.13551477140342,-0.00709091747500692,0.00192673889286694,-0.16968007196065,1.0285095235721e-06,0.0146460145631214,-0.255417823728535,0.110788273919797,-0.000272268466289278,-0.220876467247966,8.56176897004382e-07,-2.53261655505404e-06,0.0352858420440897,-6.2084073621168e-06,-7.68844426008362e-06,3.55085846950776e-05,-0.00349269948275451,0.0015168004819199,-0.338663742316699,-3.84861375586516e-06,0.253273830716389,2.38734428196262e-06,-7.25202661395238e-07,1.17366275420605e-07,-0.00221257241403404,-4.45277264939584e-08,6.33650984387613e-08,5.97857183164467e-07,-0.000249571533278599,-1.19990082553428e-07,7.84924708276412e-08,6.52784879815495e-07,2.1094237467878e-15,-1.33987763900646e-07,-0.124942426195967,-0.296824642682465,-9.28743471965205e-06,1.80962306542788e-07,5.26347196465586e-05,-2.65819138853423e-15,-4.55651027130195e-16,-1.14951285845973e-07,-9.45318029808737e-09,-2.95571111766709e-09,-7.84618500756844e-17,-2.19577045829197e-16,1.23064579234737e-16,-3.70170426865932e-06,-1.49332708430531e-16,8.39497076238413e-17,1.00569249856514e-07,8.7017770317084e-07,-3.17430320428474e-08,-1.70341894459262e-06,-9.1765066930391e-17,-1.91639933490026e-17,-5.04992951517384e-17,2.77105607008779e-08,1.27073775667127e-16,6.65381037304701e-16,6.32619277830466e-17,-3.43775828793206e-06,1.14082740895229e-16,-2.10410937511907e-08,-2.65272848565129e-16,1.32400884571213e-16,3.47716241938462e-06,-1.50641414791461e-05,8.319381370431e-17,1.97506355248089e-06,-6.33990641325096e-16,8.23505617115935e-16,3.59964024322654e-16,2.34369847969128e-16,-3.7554276586904e-16,-8.72138698492234e-09,0.707106781186548,1.04031168807788e-15,-1.08681588076053e-15,-7.35530806050076e-17,2.87878484564536e-16,-2.50396170020578e-16,-1.16627063465797e-16,1.67197527652041e-16
"t8",-0.127191846208508,-0.118932861483977,0.00252891394771735,-0.000454306577764241,-0.000288513609947263,-0.119652232125378,-0.00614624909175526,0.00154442688661854,-0.128684286326995,7.333283260618e-07,0.00793404854521963,-0.0618971284236215,0.0266873731625956,-5.3243079521749e-05,-0.0205405285227278,-1.241464291479e-07,3.84698103441084e-07,-0.00703068006744087,1.95100405271661e-06,5.11547241224337e-06,-2.76210861545483e-05,0.00399383327443405,-0.00246800814716585,0.558310009749529,6.79166204984649e-06,0.299239333827562,2.32643781765974e-05,-3.31887243654122e-05,9.29526011788286e-06,-0.721103700740606,-4.73165208054007e-06,3.08035180762401e-06,1.91938278511687e-05,-0.00700474681578628,-3.27376160200281e-06,1.32801977502314e-06,4.22543454519554e-06,9.15933995315754e-16,-4.57822128454811e-07,-0.0319047851257904,-0.0152093762620139,2.44698520758374e-06,-1.1423820446341e-07,-0.000164824241942628,2.17736380974285e-15,5.73440116203028e-16,1.46749643930695e-06,5.01900469462895e-07,3.3451150445858e-07,1.79534218408041e-17,2.35889174094518e-17,1.79148656172337e-17,-6.17775647880297e-05,6.60160019627151e-16,-2.22726761192545e-17,1.03102486457423e-06,7.67264550986095e-06,-2.49065018484649e-07,-1.16237012528468e-05,-4.44944274625257e-17,4.06865075984977e-17,1.65834702842315e-18,1.62365707992201e-07,2.61410268193828e-17,8.04177718167679e-15,-3.99672071109839e-16,-1.88639781973422e-05,-2.45097838894022e-17,-1.12896016072836e-07,-9.30473563331539e-17,-7.83815840043951e-17,1.79473237227808e-05,-7.64475695327207e-05,-5.31630575315257e-17,9.55160332809192e-06,4.48570584227237e-17,-6.76276536984856e-18,4.34005632340472e-17,-7.34487488682927e-17,5.36373151291021e-17,-3.81850799643897e-08,4.17006903304355e-16,-3.92564225921311e-17,1.41467870848405e-16,-1.39420364331337e-16,-6.9760495830621e-17,6.60297954415087e-17,-2.79788874729493e-17,-2.50472574035566e-17
"t38",-0.127178822472372,-0.118853192234622,0.00252640787055779,-0.000453502848118736,-0.00028786014930117,-0.11930092194937,-0.00612534012097699,0.0015359862186311,-0.127780743071056,7.26834671547537e-07,0.0077874999245193,-0.0577360938066414,0.0248792044797352,-4.85462863792877e-05,-0.0162710992300014,-1.44699952245496e-07,4.45830978364098e-07,-0.00791420780741492,2.11976233023997e-06,5.37102210102153e-06,-2.88631472183771e-05,0.00413211266906077,-0.00252815436609721,0.571573784731776,6.90678524224675e-06,0.340921658210972,2.47279218040411e-05,-3.51546843350083e-05,9.90746199417775e-06,0.692417948785064,-4.87081367367055e-06,3.16909314002489e-06,1.97361111819644e-05,-0.00720110002965909,-3.36536824071338e-06,1.36388330059181e-06,4.3285184921456e-06,1.33226762955019e-15,-4.68152310810934e-07,-0.0318352366150826,-0.0136045093850014,2.56639743795243e-06,-1.18133693867824e-07,-0.000169017359342019,-6.3018329581551e-16,-8.34874143711334e-16,1.50187955745184e-06,5.1333526905191e-07,3.42091968800942e-07,1.90129858739358e-16,5.86267217472357e-17,1.41930744148739e-16,-6.31166244018351e-05,2.23616155862866e-16,-3.83483374864176e-17,1.05267711536447e-06,7.83135975529133e-06,-2.54144296707264e-07,-1.18559106450856e-05,7.02117910742748e-17,-3.82725967874666e-17,-5.66623848607245e-18,1.65519964818127e-07,-3.98532871576985e-17,7.912026998656e-15,2.24910335223437e-17,-1.92253203972594e-05,6.0181002309836e-17,-1.15047479329202e-07,-8.6225314934671e-18,2.47733350874027e-17,1.82861906930766e-05,-7.78849205334691e-05,3.26546022097649e-17,9.72894860866883e-06,1.83071347312806e-17,-3.2021333446015e-16,-8.45560203499197e-18,1.59369196455829e-16,-2.25444419881409e-17,-3.88739311016148e-08,-4.09139794788107e-16,9.97998675404482e-17,-1.11768983300933e-16,-3.24916607401707e-16,-7.77157476489229e-17,1.86926540611141e-16,1.15449780150143e-16,4.52753377011047e-17
"t14",-0.127347079127275,-0.119866232183344,0.00255798062556397,-0.000463396345629918,-0.000295781214205093,-0.123468621750622,-0.00636958324898085,0.00162757516896891,-0.136998574356128,7.87976757557572e-07,0.0085226341511145,0.0270926599542742,-0.0125101078476103,0.000102493816880555,0.438457289124598,1.82660234279086e-06,-5.2443504681031e-06,0.0615903529620131,-8.22532880493136e-06,-6.3666589207648e-06,2.61502113969244e-05,-0.00175094197618681,0.000340967369402819,-0.0712153572412,-3.3231482492443e-07,-0.00934093982005729,9.5752490574618e-07,-1.93590809202443e-06,5.71368699712108e-07,2.1871134323073e-05,-2.826601915352e-07,1.50320749275405e-07,6.86643742168739e-07,-0.000206493091737904,-9.15860690558356e-08,-1.50893998685058e-08,-1.36760824969314e-06,9.79771819231701e-15,4.9292556711155e-07,0.784404210230603,-0.326782476404165,6.91290024180693e-05,-1.40070741983559e-06,-0.000566533179407995,-1.09429138742071e-14,3.91930909428126e-15,2.7536997127936e-06,7.70337252634106e-07,4.95509652037136e-07,2.05635912517028e-16,2.32820511997912e-16,5.48282838197229e-16,-7.16152142069677e-05,-1.27719952060539e-15,-1.41728997157015e-16,1.05936745766315e-06,7.54028748223934e-06,-2.36225433285606e-07,-1.0569028520435e-05,1.51787472773226e-16,4.21467146761691e-18,-1.00225925977575e-18,1.41394932820465e-07,1.76841665269871e-17,6.82861484832477e-15,2.6479641576798e-17,-1.61520295057856e-05,-5.74688512552814e-17,-9.6136841695272e-08,-1.70485470725342e-16,-3.71162976167344e-16,1.51450430419064e-05,-6.42667732353866e-05,1.18168203969804e-16,7.94827117538444e-06,-1.80878934437305e-16,3.55170417368645e-16,5.87347966842248e-17,-8.9466348591684e-17,-4.52985482510669e-17,-3.12096835276283e-08,1.99891194624477e-16,5.58363223726332e-17,1.99159309256976e-17,-3.61794393364088e-16,-9.53023491873131e-17,-2.11567387392883e-16,1.51286359937229e-16,-1.70047156297689e-18
"t70",-0.127449590412688,-0.120483308080899,0.00257721715278018,-0.00046943385007809,-0.000300623576459658,-0.126024876208585,-0.00651982539214663,0.00168499047712836,-0.14289927895698,8.28408820977969e-07,0.0092286438711474,0.0308775724286853,-0.0142613202235375,0.000117745382023358,0.512547616497039,2.22309752490376e-06,-6.39018448758384e-06,0.0756514837887824,-1.03021411074315e-05,-8.46826346489705e-06,3.54719975725304e-05,-0.0025386137508474,0.00055153447900575,-0.115981358226423,-5.77258717865401e-07,-0.0200840544131285,2.27606212442009e-06,-5.08123796186569e-06,1.54544467515617e-06,6.2379122919118e-05,-1.36498318639083e-06,9.82772526095015e-07,6.60975664771467e-06,-0.00248351088136799,-1.16820642223775e-06,5.38423020491139e-07,2.60615309653052e-06,-4.62477278695417e-15,-4.45070647438752e-07,-0.345192028319729,0.13812591051879,-2.75043435066783e-05,5.20552246264286e-07,0.000141259525131055,4.74506669323794e-15,-1.04576289959511e-15,-2.70968412337304e-07,-1.46650494028857e-08,-1.34983528926083e-09,-2.31561834577245e-16,-2.18530387015189e-16,-1.46052531300178e-16,-9.74761108930118e-06,5.87944805555005e-16,3.34349565555699e-17,2.42465461237535e-07,2.03333271156831e-06,-7.22310176149841e-08,-3.74282109372349e-06,-1.08692256687474e-16,-2.6120261503732e-16,-2.99458570710283e-16,5.83417867479791e-08,2.27144552044438e-16,6.65796315580747e-15,2.1484715137269e-16,-7.09528831946912e-06,-7.53807025502231e-16,-4.31237828337164e-08,-2.84299919127606e-16,1.6137068110153e-16,7.03891210760699e-06,-3.03275819209224e-05,-4.52966527777035e-16,3.91333717300804e-06,8.2045582061005e-16,0.707106781186548,-2.72594990190984e-15,3.43441373863299e-18,-4.24254026458046e-16,-1.66972111367739e-08,-9.83240128746612e-16,-3.17700451819249e-17,7.96340142402282e-17,-1.97369379252089e-16,1.06887660455494e-16,-2.41064807482007e-16,-3.03915030677702e-17,1.20220990893606e-16
"t71",-0.127449590412688,-0.120483308080899,0.00257721715278018,-0.000469433850078091,-0.000300623576459769,-0.126024876208585,-0.00651982539214638,0.00168499047712845,-0.14289927895698,8.28408821028232e-07,0.00922864387114763,0.0308775724286852,-0.0142613202235376,0.000117745382023405,0.512547616497039,2.22309752481876e-06,-6.39018448762548e-06,0.0756514837887824,-1.03021411074119e-05,-8.46826346489918e-06,3.54719975725034e-05,-0.00253861375084742,0.000551534479005798,-0.115981358226423,-5.77258717658043e-07,-0.0200840544131286,2.27606212428348e-06,-5.08123796179433e-06,1.54544467530234e-06,6.2379122918955e-05,-1.36498318639248e-06,9.82772525915081e-07,6.60975664754225e-06,-0.002483510881368,-1.16820642230327e-06,5.38423020416926e-07,2.60615309631388e-06,-4.73232564246473e-15,-4.45070647511423e-07,-0.345192028319728,0.13812591051879,-2.75043435067183e-05,5.20552246453288e-07,0.000141259525131314,4.92807933445884e-15,-1.51359019856462e-15,-2.70968412527153e-07,-1.46650494188101e-08,-1.34983546494055e-09,4.71685253847701e-17,-6.16475413507127e-17,-4.72285597112621e-16,-9.74761108815707e-06,1.06419791796599e-15,-5.71842374430568e-17,2.42465461123191e-07,2.0333327113935e-06,-7.22310173837111e-08,-3.74282109336631e-06,1.75265959091237e-17,2.53617757422486e-16,2.4998789911667e-16,5.83417866792117e-08,-1.33649336600146e-16,-1.01246886964904e-15,-5.32494338981433e-16,-7.09528831905332e-06,8.03735284618625e-16,-4.31237830968612e-08,3.49079970393073e-16,-1.30259576432642e-16,7.03891211053395e-06,-3.03275819207678e-05,2.60029534944557e-16,3.91333716856972e-06,-7.19212674977378e-16,-0.707106781186548,2.69164151926417e-15,1.7140090142582e-16,5.62056397483004e-16,-1.66972109284631e-08,8.71540001759538e-16,2.27210112028546e-17,-1.19141056061035e-16,-1.43379668932925e-16,-2.42197192999749e-16,4.99873911031586e-16,8.21784270952801e-17,8.83174541284087e-18
"t34",-0.126223941857333,-0.11292121483895,0.00233821391027317,-0.00039192201353421,-0.00023716848470888,-0.0916007225351325,-0.0044584847848463,0.000831584395970864,-0.0499539221943292,1.47923865153173e-07,-0.00723949679046176,0.453836598586139,-0.197223529057754,0.000488846550174665,-0.220516307016093,4.07264782441371e-05,-9.53209474191921e-05,0.391989418648275,0.000101547504571962,-5.15814578687932e-05,0.000176202370783326,-0.00779037316415712,0.000331212779590221,-0.0433137300649368,2.29933347029139e-06,-0.00793444383582056,1.49803677009829e-05,-2.65803135327663e-05,7.75888001286803e-06,2.45861841069051e-05,-4.99623438714264e-06,3.37887620980622e-06,2.16237334103018e-05,-0.00796784449231742,-3.73165000597397e-06,1.5719574850978e-06,5.37140653725483e-06,3.01841884819964e-16,-5.86173171925892e-07,-0.00536849055401183,9.33267203054787e-05,6.63558964493364e-06,-2.2381969958318e-07,-0.000255754951328249,-1.37152786571355e-14,0.707106781186548,2.19416367153353e-06,7.47606805815798e-07,4.98189656176588e-07,3.75582884587493e-15,5.22774329680411e-16,-5.94584594986135e-16,-9.23737322300813e-05,5.5863832904758e-17,-7.31758191454718e-17,1.55169633004775e-06,1.15885943912739e-05,-3.77487429802141e-07,-1.77060444327778e-05,2.10266144488603e-16,3.20632339421532e-17,-1.49862374107296e-16,2.48963593094524e-07,-9.39807480311088e-17,1.18911600688272e-14,-3.52124938849804e-16,-2.90162750348435e-05,-2.10051058228062e-16,-1.73847895317873e-07,-1.23154203338292e-16,-2.46056837743429e-16,2.76909764883533e-05,-0.000118053118940249,-2.51130097779748e-16,1.47866161434019e-05,2.29650692197213e-17,-2.31066300627051e-16,-1.05036146647534e-16,-7.47496098130494e-17,2.15515659769109e-18,-5.94189123387081e-08,4.60747459707899e-17,3.02129912514561e-17,-1.77833860106631e-16,-1.12906962632287e-16,-1.64193682743052e-17,7.16275215380609e-17,1.09619519087227e-16,-1.64257511370131e-17
"t12",-0.126223941857333,-0.11292121483895,0.00233821391027316,-0.000391922013534294,-0.00023716848470889,-0.0916007225351325,-0.00445848478484633,0.000831584395971641,-0.0499539221943293,1.4792386514351e-07,-0.00723949679046176,0.453836598586139,-0.197223529057754,0.000488846550174619,-0.220516307016093,4.0726478244108e-05,-9.53209474191556e-05,0.391989418648275,0.000101547504571844,-5.15814578687559e-05,0.000176202370783372,-0.00779037316415709,0.00033121277959076,-0.0433137300649362,2.29933347031666e-06,-0.0079344438358209,1.49803677008503e-05,-2.65803135319321e-05,7.75888001287902e-06,2.4586184105548e-05,-4.99623438688798e-06,3.37887620894545e-06,2.16237334099967e-05,-0.00796784449231662,-3.73165000583434e-06,1.57195748529114e-06,5.37140653701338e-06,-6.31439345255558e-16,-5.86173173030263e-07,-0.0053684905540059,9.33267203042223e-05,6.63558964638954e-06,-2.2381970166415e-07,-0.00025575495131142,1.35246235854569e-14,-0.707106781186548,2.19416367572449e-06,7.47606805270619e-07,4.98189656862159e-07,-3.70096891239226e-15,-5.26046135495514e-16,5.2933170014717e-16,-9.23737322290893e-05,5.44299951845665e-16,3.22648813390781e-17,1.55169632992281e-06,1.15885943913092e-05,-3.7748742937976e-07,-1.77060444334014e-05,-1.27501905784297e-16,-1.97806707839762e-18,1.0094279170164e-16,2.48963592943001e-07,1.70388384442884e-16,1.20164341918811e-14,1.06518214527145e-16,-2.90162750359411e-05,2.50238223186521e-16,-1.7384789542941e-07,1.46864422928561e-17,1.26963431280007e-16,2.76909764876952e-05,-0.000118053118942256,1.89529223664926e-16,1.4786616143633e-05,4.94030940602081e-17,1.18059739414013e-16,8.77100090254771e-17,1.03151009611275e-17,-1.73465540293727e-17,-5.94189121934103e-08,2.58781884843278e-16,-7.88335777922681e-18,1.3785578212636e-16,-3.37116892927739e-16,-1.02502117915096e-16,2.11242265829079e-16,-1.4029377907848e-17,8.07405989594924e-17
"t24",-0.126069600959851,-0.111558656079632,0.00228680276622213,-0.000367461251123325,-0.000212146197394722,-0.0734996903576,-0.00314024603974274,-0.000546764708617253,0.371122760302969,8.21126394426086e-06,0.0166099309091791,-0.0429575596845414,0.0181844780251552,-1.12948312209937e-05,0.00909492199108031,4.04396595582989e-06,-9.00296934558002e-06,0.00448807519870803,4.2105621360532e-05,-1.45586517270862e-05,4.81617716839809e-05,-0.00181992421561082,2.81776391362242e-05,-0.00141326168418787,2.25086591798109e-07,0.000393792753366845,-5.95522482399639e-06,1.6040748801644e-05,-5.21864898867383e-06,-4.85920553365793e-06,1.50471743992155e-05,-2.01933534811795e-05,-0.000397564130876926,0.561080124558526,0.00067507662966989,1.05045813839382e-05,1.18149338425334e-05,4.16854051277227e-15,-1.02058903723937e-06,-0.00227054177646453,3.92764478206796e-05,1.04413812221574e-05,-3.42310433522091e-07,-0.000367343645968222,2.61127779038447e-16,4.9796195004846e-16,2.96287964697116e-06,9.77035792431803e-07,6.46653182091719e-07,-4.35652426711844e-16,-4.34314933119312e-16,1.468007291247e-15,-0.000112963955804949,0.707106781186547,-4.7357816822594e-15,1.82037056669633e-06,1.33434348275294e-05,-4.27432311501055e-07,-1.95992730682675e-05,4.50117006264491e-16,4.80258932389032e-18,5.70750337065448e-17,2.68080859770822e-07,5.78476224133392e-17,1.24748853416916e-14,-2.67575328580464e-16,-3.08599443022747e-05,-4.00528906631488e-16,-1.84137119792911e-07,1.89105293945664e-16,-5.74856420918276e-16,2.91849712427255e-05,-0.00480184788645945,2.83538310310042e-16,1.52950000667543e-05,2.58422831637915e-16,1.8368809626751e-17,-5.452487950324e-17,-1.48897793823144e-16,-1.21799697559468e-16,-6.02801528419231e-08,3.02779952486063e-16,-1.62578953511063e-16,2.3616743223998e-17,-5.59055763220257e-17,-2.04993667151235e-16,6.22102735680424e-17,1.76257091051366e-16,7.25621284195558e-18
"t25",-0.126069600959851,-0.111558656079632,0.0022868027662221,-0.000367461251123325,-0.000212146197394725,-0.0734996903576002,-0.00314024603974276,-0.000546764708617246,0.371122760302967,8.21126394421993e-06,0.0166099309091789,-0.042957559684541,0.018184478025155,-1.12948312209747e-05,0.00909492199107984,4.04396595572065e-06,-9.00296934559853e-06,0.00448807519870801,4.21056213604463e-05,-1.45586517272438e-05,4.81617716838762e-05,-0.001819924215611,2.81776391366068e-05,-0.00141326168418801,2.25086591514617e-07,0.000393792753367594,-5.95522482367051e-06,1.60407488020839e-05,-5.21864898874553e-06,-4.8592055341694e-06,1.50471743992377e-05,-2.01933534814851e-05,-0.000397564130876732,0.561080124558525,0.000675076629670022,1.0504581383973e-05,1.18149338430437e-05,4.25440932483312e-15,-1.02058903699679e-06,-0.00227054177646635,3.9276447822166e-05,1.04413812215389e-05,-3.42310432521544e-07,-0.000367343645966255,2.03023816928229e-15,4.02251270882019e-17,2.96287964697301e-06,9.7703579418561e-07,6.46653178602887e-07,5.24630595761457e-16,4.4486406893662e-16,-1.51352441991501e-15,-0.000112963955793782,-0.707106781186548,4.62444634148776e-15,1.82037056645603e-06,1.33434348295724e-05,-4.2743231188532e-07,-1.95992730678638e-05,-4.33242427828896e-16,7.28216792715626e-17,-8.31659892518136e-17,2.68080860951037e-07,2.57970577750496e-17,1.27156814002436e-14,6.91248246282625e-17,-3.08599443004046e-05,4.83245119055498e-16,-1.84137119294682e-07,-1.56382849124752e-16,5.85892200149317e-17,2.91849712395261e-05,-0.0048018478864587,-3.02134309560581e-16,1.52950000653971e-05,3.27063515467769e-16,-1.14283006188082e-16,2.61502357164859e-17,1.48205962066569e-16,4.08473234249889e-16,-6.028015263173e-08,-2.79602104098068e-16,7.45613502121081e-17,-4.30237704687985e-17,-2.81759965757079e-16,1.66616838885741e-17,2.68098286789852e-16,-6.81696312714808e-17,5.54675487465334e-17
"t67",-0.126247732652119,-0.112571757103512,0.00231722214446504,-0.000375983859394034,-0.000218352949422854,-0.0762328907375797,-0.00327373681910282,-0.0005820099434996,0.40060587730594,8.99617537916675e-06,0.0192755766841112,-0.0554880877466214,0.0235015374429103,-1.48484493923753e-05,0.0124379560422939,6.09436498049114e-06,-1.36076829881716e-05,0.00692345112677327,6.83679523472321e-05,-2.81466655254053e-05,9.92155926373313e-05,-0.00480115460644737,0.000134468094990997,-0.0070931985510451,2.18681535298903e-06,-0.00199905694345304,1.81730898283145e-05,-3.56352767760756e-05,1.07393806675377e-05,8.87362535135897e-06,-1.42129519382277e-05,1.58210305269916e-05,0.000267265480179305,-0.354877990119965,-0.000421176526635671,-4.92758264032663e-06,-1.85310591372796e-06,-2.58473797920544e-15,3.13505221286331e-08,-0.000147282050568687,2.71878353822787e-06,7.88915926402695e-07,-2.82098482039149e-08,-4.28541494917889e-05,-5.44131103464609e-16,5.39535312493104e-16,4.88951405529323e-07,1.89284958326461e-07,1.29304153613548e-07,1.0287167480585e-15,-1.33278036879833e-16,-1.70192766598077e-16,-2.91729970914277e-05,-5.30721849377229e-16,-4.66243971499268e-17,5.53207117690003e-07,4.35489465063985e-06,-1.48749921928889e-07,-7.46719589385901e-06,3.55713275131046e-16,-6.81458339307723e-16,-2.42969562364067e-19,1.17088569967928e-07,5.07764859915162e-16,3.05994637939629e-15,-4.06977259047453e-16,-1.50627668350327e-05,-1.73499344098731e-16,-9.66028110635649e-08,8.76701932566118e-16,1.68130949033344e-15,2.27049798339797e-05,-0.404652156003004,-4.29163907961979e-15,4.953675589758e-06,-0.707106781186547,3.68364679165789e-16,-5.27421470663906e-15,-6.69808986404318e-16,-2.91676634715533e-16,-2.63674078414141e-08,-1.24657875407991e-15,-6.02482399086732e-17,2.38072079498757e-16,-5.9260361987474e-16,-1.58996787676624e-16,2.79759449473606e-16,8.39996446669562e-17,8.58128765254023e-17
"t68",-0.126247732652119,-0.112571757103512,0.00231722214446503,-0.00037598385939404,-0.000218352949422855,-0.0762328907375797,-0.00327373681910279,-0.000582009943499543,0.40060587730594,8.99617537930553e-06,0.0192755766841112,-0.0554880877466213,0.0235015374429107,-1.48484493924829e-05,0.0124379560422939,6.09436498041728e-06,-1.36076829879885e-05,0.00692345112677327,6.83679523474402e-05,-2.81466655254669e-05,9.92155926374571e-05,-0.00480115460644722,0.000134468094991035,-0.00709319855104501,2.1868153528635e-06,-0.00199905694345298,1.81730898278441e-05,-3.56352767762554e-05,1.07393806674423e-05,8.8736253514481e-06,-1.42129519381178e-05,1.58210305275908e-05,0.000267265480179228,-0.354877990119966,-0.000421176526635473,-4.9275826399369e-06,-1.85310591375438e-06,-2.51101223147643e-15,3.13505221369552e-08,-0.000147282050568798,2.71878353773e-06,7.88915926192089e-07,-2.82098479349582e-08,-4.28541494920734e-05,-1.03433165054194e-15,1.39709215284769e-16,4.88951405493978e-07,1.89284958374166e-07,1.29304153963122e-07,-1.10022441381199e-15,5.42998479184483e-17,1.12794884015122e-16,-2.9172997092073e-05,-7.42401684181532e-16,-6.52050661565942e-17,5.53207117252527e-07,4.35489465127042e-06,-1.48749921966864e-07,-7.46719589320155e-06,-5.19738434052153e-16,6.105317429253e-16,-5.45750705829448e-17,1.17088570080495e-07,-1.3993291039816e-16,7.12154979144644e-15,-1.50418702823385e-16,-1.50627668367466e-05,1.90505844974217e-16,-9.66028092555629e-08,2.39893067933235e-15,1.59265437421508e-15,2.27049798379834e-05,-0.404652156003005,4.04611344909454e-15,4.95367563263863e-06,0.707106781186547,-6.61316441177022e-16,5.62150461996778e-15,3.67850021410011e-16,3.2519495114475e-16,-2.63674070713967e-08,6.77273082650265e-16,-2.16648384676909e-17,-2.26809346706758e-16,3.86746552003712e-16,-5.16689565362046e-17,-2.02224842922829e-16,5.27318779254662e-17,5.68729195054716e-18
"t64",-0.126241305061454,-0.112535405593951,0.00231613396724923,-0.00037568110900822,-0.000218133389435262,-0.076136725379164,-0.00326905674126439,-0.000580791670559644,0.39959615081484,8.96955063789395e-06,0.019188275038177,-0.0551006699982092,0.0233371891833672,-1.47395205303685e-05,0.0123373635875301,6.03516804807686e-06,-1.3474895701599e-05,0.00685377912650161,6.76308119344025e-05,-2.77860335810001e-05,9.78840117719128e-05,-0.00472764844502688,0.000132057699035229,-0.00696501825505348,2.14446920024682e-06,-0.00195357205930119,1.77371591255828e-05,-3.47430608633525e-05,1.0467385925432e-05,8.64461248087475e-06,-1.37991421848255e-05,1.53426841641093e-05,0.000258927458125433,-0.343667314633666,-0.000407834086163578,-4.76219076505435e-06,-1.77835563177587e-06,-2.55264559489987e-15,2.99208015817603e-08,-0.000139635536318405,2.57664258699383e-06,7.47241366808076e-07,-2.67024600448624e-08,-4.04175616469851e-05,2.58843142137845e-17,-1.3106187387861e-15,4.58105419421539e-07,1.76436430005463e-07,1.20374310750207e-07,9.20888329244751e-17,1.05039662502563e-16,2.4081333674983e-17,-2.67317090996387e-05,4.63125906368292e-16,5.96365722740234e-17,4.96476493794186e-07,3.84899514724139e-06,-1.2887400714965e-07,-6.17558013117463e-06,2.68724941838883e-16,8.99691421632604e-17,7.80128113774909e-17,8.21116120244901e-08,-2.71263183994821e-16,5.21304447342324e-15,3.37986948975042e-16,-7.78417085863653e-06,6.99593205062919e-18,-3.60517280907754e-08,-3.50233858478421e-15,-3.18058860557533e-15,-8.44504368973861e-06,0.820040893535322,1.48141233944304e-16,1.06230353396075e-05,7.11328632886385e-16,4.12013034123351e-17,-3.67308946477969e-16,3.09591016256118e-16,1.14724641414011e-17,-3.34438907217408e-08,3.72208322438207e-16,2.29036394456251e-16,-4.90028508065551e-17,-3.38021422538019e-16,-3.02110281007313e-17,7.37723733884613e-17,3.87599637472462e-17,3.44919358380006e-17
"t98",-0.12196575619528,-0.0814817669250234,0.00122689410898513,0.000102493796555336,0.000283744064045578,0.357992619769417,0.0402510037492,0.00910184736381524,-0.0367999666969128,1.39249372130001e-05,0.290043599031129,-0.00537369843108318,0.00191693778369867,2.84741398623046e-05,0.00159852517782864,8.0024819894141e-06,-1.77171592764201e-05,0.00111704728362767,9.43705797799184e-05,-3.95362319703524e-05,0.000145071949293318,-0.0320604150641272,7.78552964760501e-05,-0.000752956147443209,1.72838561837979e-06,-0.000212493222620291,1.1529366474606e-05,-2.05196034089553e-05,5.99725813921513e-06,7.440068173607e-07,-3.84869295410342e-06,2.52166166302945e-06,1.3628955637611e-05,-0.00104300872883434,3.47738856308627e-06,1.3800737062174e-06,4.51887403356284e-06,-1.30971622436249e-16,-4.86564244443196e-07,-0.000203039004646355,3.52867805903691e-06,5.75654712900556e-06,-1.88683082795032e-07,-0.000205466886869492,7.16775553662142e-16,3.89426257045834e-16,1.6335395746899e-06,4.99810632918047e-07,3.19772224146033e-07,1.06295427501607e-16,-1.71316013485777e-15,1.60573109895148e-14,0.50096415839646,4.06700621967895e-15,1.47547170954739e-16,2.0342182691761e-06,1.38564570527303e-05,-4.3108729024942e-07,-1.94902368463729e-05,-1.07622837334713e-15,-5.4867721700957e-16,5.2001816251238e-18,2.67476637895523e-07,-4.50263558480758e-15,0.707106781181177,-1.41621502577729e-15,-3.09713662861866e-05,6.1591411948137e-17,-1.85234799410857e-07,-8.34258092091128e-16,-1.76472478988056e-15,2.94292653523973e-05,-2.216352138526e-05,-2.60583615093748e-16,1.56733588939847e-05,-1.93726537625302e-15,-3.79672750694651e-15,-6.2281434862585e-16,-1.90360375409648e-16,-3.77990704556075e-16,-6.29172528808552e-08,2.62972548316577e-16,-1.12957800847038e-16,3.02411635315975e-16,-4.22585879555115e-16,9.55018267770028e-18,3.69956960830397e-16,1.93158455644194e-17,1.73557759749512e-16
"t45",-0.121965756195278,-0.081481766925016,0.00122689410898496,0.000102493796555314,0.000283744064045503,0.357992619769291,0.040251003749184,0.00910184736380987,-0.0367999666968869,1.39249372130123e-05,0.290043599030759,-0.00537369843107279,0.00191693778369484,2.84741398622404e-05,0.00159852517782512,8.0024819893961e-06,-1.77171592762892e-05,0.00111704728362469,9.43705797798455e-05,-3.95362319702379e-05,0.000145071949292787,-0.0320604150639846,7.78552964757686e-05,-0.000752956147438713,1.72838561853247e-06,-0.00021249322261907,1.15293664743064e-05,-2.05196034087075e-05,5.99725813937792e-06,7.44006817201499e-07,-3.84869295419162e-06,2.52166166288858e-06,1.36289556375267e-05,-0.00104300872882462,3.47738856292857e-06,1.38007370576906e-06,4.51887403351186e-06,-1.30104260698261e-17,-4.86564244386178e-07,-0.000203039004642851,3.52867805968907e-06,5.75654712879337e-06,-1.88683082555733e-07,-0.000205466886866285,8.42512916212516e-16,3.53368877085676e-16,1.63353957454668e-06,4.99810632423054e-07,3.19772224267287e-07,2.75587728165233e-16,-1.58590178513807e-15,1.5671922355168e-14,0.50096415838162,3.71884303291897e-15,1.93252729488853e-16,2.03421826833802e-06,1.38564570525204e-05,-4.31087290153468e-07,-1.94902368503905e-05,-9.7793566620544e-17,5.7572704792291e-16,-1.27768886154358e-16,2.67476642679728e-07,4.31423123390768e-15,-0.707106781191917,1.35820753088674e-15,-3.09713662872413e-05,-5.973639344979e-17,-1.85234803000921e-07,9.30183247866332e-16,2.25068993855289e-15,2.94292653457706e-05,-2.21635213853988e-05,2.41373432160224e-16,1.56733588933672e-05,2.38575252302802e-15,4.67170635983245e-15,5.37656655662886e-16,1.55512818016317e-16,1.35417454596658e-16,-6.29172516210393e-08,4.33393117351396e-17,-1.48328287420325e-18,-3.61343464981883e-16,-3.27314040509208e-16,-2.32824872930126e-16,-2.17883614279254e-16,1.57728169054541e-16,-4.76112111987512e-17
"t58",-0.121975763980096,-0.0815243208307753,0.00122782766808176,0.000102628101030219,0.00028420956547149,0.358731866124011,0.0403454038656566,0.00913337500076314,-0.0369543216362607,1.39939179764525e-05,0.292289123611727,-0.00544003607071203,0.00194064340032558,2.88453142927303e-05,0.00162174287675885,8.14538467719655e-06,-1.80352091248316e-05,0.00113781887941829,9.62707377689664e-05,-4.05115181805818e-05,0.000148855671128365,-0.033042863869056,8.07694329067379e-05,-0.000781436638482166,1.79997605512621e-06,-0.000223465031268522,1.21712119123622e-05,-2.17353890736134e-05,6.35866347392097e-06,7.9011248628599e-07,-4.13580822087098e-06,2.72155812820133e-06,1.47664870137571e-05,-0.00113189818568427,3.7751430347393e-06,1.51054373093142e-06,5.12368060369112e-06,5.96744875736022e-16,-5.7201497797963e-07,-0.000253313797729748,4.42079135748626e-06,7.25834119299026e-06,-2.39692263006675e-07,-0.000273967121688354,-3.52973442749844e-16,-7.45494081700986e-16,2.48371387495907e-06,9.07340251301726e-07,6.18636006200396e-07,-2.6856222388706e-16,1.59959235640659e-15,-1.57561844183892e-14,-0.49903253568788,-4.03690127429853e-15,-1.3903537151062e-16,9.44001543998012e-07,8.47678130318826e-06,-2.99407497067168e-07,-1.49899528663552e-05,8.3792700531253e-16,-1.70542470871621e-16,1.00622395803294e-15,2.21690878211855e-07,-6.06354625761436e-16,5.12081984841695e-12,-1.62165554446209e-16,-2.63038277504984e-05,-2.18886852595855e-15,-1.58504694650107e-07,3.74187088317057e-15,-0.707106781186548,2.54884506279973e-05,-1.92908203519027e-05,2.17154726189804e-15,1.38213434444645e-05,-1.87815816979082e-16,-3.2558264030374e-16,5.28933982948502e-16,8.50432054857629e-17,1.70827935781386e-16,-5.67692654919786e-08,3.20513777702065e-17,-2.71328637122509e-16,3.7050724302181e-16,-9.10398912888252e-17,1.42446081468709e-16,-2.10081258824642e-17,-2.2504367332096e-17,-4.41833329468712e-17
"t59",-0.121975763980096,-0.0815243208307753,0.00122782766808176,0.000102628101030214,0.000284209565471488,0.358731866124011,0.0403454038656566,0.00913337500076314,-0.0369543216362607,1.39939179764685e-05,0.292289123611727,-0.00544003607071207,0.00194064340032551,2.88453142929246e-05,0.00162174287675892,8.14538467718007e-06,-1.80352091248351e-05,0.00113781887941831,9.62707377690775e-05,-4.05115181806581e-05,0.000148855671128351,-0.033042863869056,8.07694329065171e-05,-0.000781436638482055,1.79997605527724e-06,-0.00022346503126891,1.21712119122856e-05,-2.1735389073633e-05,6.35866347416329e-06,7.9011248637728e-07,-4.13580822089556e-06,2.72155812833661e-06,1.4766487013716e-05,-0.00113189818568388,3.77514303444572e-06,1.51054373086685e-06,5.12368060358369e-06,4.98516158908835e-16,-5.7201497821538e-07,-0.00025331379772961,4.42079135725727e-06,7.25834119327635e-06,-2.3969226294577e-07,-0.000273967121688253,-7.00113159952906e-16,-9.34342320744498e-17,2.48371387478368e-06,9.07340250927852e-07,6.18636005637993e-07,4.33973920186646e-18,1.72520612708145e-15,-1.58870480049282e-14,-0.499032535687881,-4.09361605817231e-15,-3.45827008249636e-16,9.44001543939357e-07,8.47678130294106e-06,-2.99407497181552e-07,-1.49899528666154e-05,4.48135925443742e-16,2.31685067300313e-16,-8.85648042186266e-16,2.21690878531857e-07,9.2121295017158e-16,5.12517239064138e-12,-4.86980173837758e-17,-2.63038277508016e-05,2.23116163372551e-15,-1.5850469958589e-07,-3.99247224964926e-15,0.707106781186547,2.54884506228521e-05,-1.92908203457132e-05,-2.22431518214788e-15,1.38213434448045e-05,2.57789629473267e-18,-7.06668476986878e-16,-4.72930118988964e-16,-1.38639342717539e-16,2.21566497399249e-16,-5.67692654175481e-08,-1.72423768871082e-16,4.43071778350986e-16,-3.72980513549632e-16,-3.82889836266168e-16,-2.66342329224053e-16,2.08872766610946e-16,8.06165275777607e-17,5.50401197486352e-17
"t1",-0.12095157211074,-0.0770418296389313,0.00112788034039737,8.76762432615882e-05,0.000231087112938832,0.2715052220496,0.028946174535692,0.00491532820466505,-0.01462440948055,3.02904010516995e-06,-0.352869178119225,-0.0124868300100395,0.00441599458835024,5.11094175882354e-05,0.00170253232258406,-7.21296885400347e-07,2.17088046980396e-06,-0.000389933155058393,-8.93535501851339e-05,0.00014978415866862,-0.00078883717500805,0.876748400243753,0.00119621539930784,-0.0109011874306802,1.73200418824842e-05,-0.00138161409836145,6.87974916543101e-05,-0.000115497256975625,3.32781716962957e-05,4.03764078966799e-06,-1.86132949170254e-05,1.18536188102528e-05,6.2709180463733e-05,-0.00476068554964265,1.5844165974761e-05,6.0815991038182e-06,1.84764335020817e-05,5.50124182319145e-16,-1.93609666425028e-06,-0.000802204388392994,1.39474487032365e-05,2.2771214431414e-05,-7.4722408190921e-07,-0.000823407367414902,8.01477743903091e-16,-2.50686816432277e-17,6.91131442390994e-06,2.32914765937032e-06,1.54851030460313e-06,-2.61101099725184e-17,-5.56741156707483e-19,-5.72315266239657e-17,-0.00144158826243718,-2.54185735391026e-16,-5.31216470882845e-17,4.64053302516414e-06,3.43811944988406e-05,-1.11147484543623e-06,-5.15651598657213e-05,4.025447686567e-17,8.6906147471997e-18,-1.52173338843108e-17,7.14486006255823e-07,5.19732121678909e-17,1.70111353871734e-13,-2.27408235950899e-17,-8.26670165238325e-05,2.9844599335423e-18,-4.93984459586994e-07,7.7260096197535e-17,-1.79767643565326e-18,7.83078862588681e-05,-5.8901250605134e-05,-3.18501584264393e-17,4.146929549248e-05,1.36878019652564e-16,-1.6460781170236e-16,-2.12605412512594e-17,2.32118951242482e-17,-1.34267935642869e-16,-1.64301245201561e-07,1.13926002575548e-16,4.96667073475488e-17,-2.97243305021494e-17,-3.82428348186428e-16,-7.19292431711006e-17,1.41038489207675e-16,7.42962186991048e-17,3.16437631789406e-17
"t79",-0.121285633675805,-0.0784310709888264,0.00115793311525151,9.18351119124098e-05,0.000245094856895789,0.292786732340211,0.0315704395952894,0.00562560075544304,-0.0173228909184835,3.72879443222831e-06,-0.516331706431247,-0.0297998708504317,0.0105747223121773,0.000137276724228641,0.00645276150722573,2.79773809768579e-05,-6.18551053105862e-05,0.00387385269128241,0.000327760860367399,-0.000158016832271797,0.000639690310581698,-0.336622234186382,-0.000134131302668712,0.00111117200707084,-4.25966704494635e-07,-0.000146414703536296,9.5124444723072e-06,-1.86720981707094e-05,5.5764116832877e-06,7.14344442428322e-07,-4.25676965053916e-06,2.87414775443563e-06,1.58761119215058e-05,-0.00122476480561515,4.09052011088209e-06,1.67746498626873e-06,5.9380965297346e-06,2.42861286636753e-16,-6.67897561009158e-07,-0.000293212110068865,5.11182086437856e-06,8.37906456888608e-06,-2.76145927487425e-07,-0.000311044451026865,2.11047386340552e-16,1.44594195652505e-16,2.69518870467085e-06,9.26047406308965e-07,6.1829055966983e-07,-2.80642723371867e-16,2.55794865756911e-16,1.31810147742008e-16,-0.000599322824097914,3.51756647980198e-16,-3.32395128087978e-16,1.99228134901974e-06,1.49949864806653e-05,-4.92035081751246e-07,-2.33238356844856e-05,4.10206819158133e-17,-1.41485751271712e-16,-7.63798230740501e-16,3.3260750227377e-07,-3.53299191547405e-16,8.00291471473387e-14,-1.0424551719625e-16,-3.90355155640565e-05,2.55852814677589e-16,-2.34463737169323e-07,-3.54879645124799e-16,5.17771906682984e-19,3.75120539694018e-05,-2.83332367195244e-05,-7.94132609791023e-17,2.01943425244544e-05,-3.70913097370259e-16,2.53582373143222e-16,8.32371077324616e-16,-1.97189591782584e-16,0.707106781186547,-8.22354056103595e-08,5.54349485666648e-16,-5.84417622993385e-16,-2.92886225223842e-16,2.83298084713336e-16,-8.90297091473004e-17,1.39225722990989e-16,8.25248442841374e-17,-1.1500621040233e-16
"t80",-0.121285633675805,-0.0784310709888264,0.00115793311525151,9.18351119124081e-05,0.000245094856895766,0.292786732340211,0.0315704395952893,0.00562560075544299,-0.0173228909184835,3.72879443221999e-06,-0.516331706431247,-0.0297998708504317,0.0105747223121773,0.000137276724228648,0.00645276150722575,2.79773809768735e-05,-6.18551053106625e-05,0.00387385269128242,0.00032776086036751,-0.000158016832271846,0.000639690310581531,-0.336622234186382,-0.000134131302668664,0.00111117200707082,-4.25966704205587e-07,-0.000146414703536227,9.51244447239177e-06,-1.86720981707068e-05,5.57641168325929e-06,7.14344442485568e-07,-4.25676965063598e-06,2.87414775403501e-06,1.58761119216818e-05,-0.00122476480561504,4.09052011096936e-06,1.67746498632798e-06,5.93809652987483e-06,2.06106832989494e-16,-6.6789756083719e-07,-0.000293212110068908,5.11182086423046e-06,8.37906456906516e-06,-2.76145927537581e-07,-0.000311044451026872,-2.78427338010123e-17,-3.84678866295414e-16,2.69518870462141e-06,9.26047406447926e-07,6.18290559896205e-07,3.41285204183144e-16,-2.54109009082273e-16,-2.1780123482062e-16,-0.000599322824098358,-4.36138990134509e-16,2.9310236487258e-16,1.99228134889311e-06,1.49949864807625e-05,-4.92035081886121e-07,-2.3323835683875e-05,-7.08516126970551e-18,1.68120718592532e-16,7.59567123134192e-16,3.3260750231974e-07,4.06206227177662e-16,7.94678808182966e-14,1.11771521582438e-17,-3.90355155635846e-05,-1.94683458157735e-16,-2.34463737141784e-07,1.89827122925945e-16,-1.46833648742283e-16,3.75120539696933e-05,-2.83332367194064e-05,3.85581848832351e-17,2.01943425238993e-05,4.6554625574409e-16,-5.30650790852288e-16,-8.29249674013824e-16,3.14155701504333e-16,-0.707106781186547,-8.22354003554484e-08,-6.05263745653249e-16,5.85270898419479e-16,2.87603784356169e-16,-7.99052500383636e-16,-1.00576869605493e-16,-4.8372618010294e-18,2.98714594468337e-17,1.86779881718501e-16
"t75",-0.107671515810808,0.244255169888623,0.0534455945489625,-0.00142140412178967,-0.000665861161254119,-0.0455683238308793,0.254577212304729,0.127082936194592,-0.000154308653387968,3.95997049726513e-06,0.00153809437272908,-0.00113063788606327,-0.000316573767192332,5.88759492938474e-05,0.000214475362637319,1.14009102680362e-05,-2.51688139434048e-05,0.000140376868021289,0.000130772403431338,-5.17494167918964e-05,0.00018317675105084,-0.00101280620195629,0.391139539085735,0.00163885012996723,-1.66802193599319e-06,-1.16866282644477e-05,7.97633360035809e-06,-1.54495591976542e-05,4.59591830710357e-06,5.62269361834011e-08,-3.34502006976451e-06,2.22153570382673e-06,1.17430526000951e-05,-9.2497840052462e-05,4.20330656002742e-06,1.30127930036771e-06,4.43455970852187e-06,2.07120562020768e-15,-4.91413205148109e-07,-2.15021388484393e-05,3.75741872398958e-07,6.21066383202742e-06,-2.05570467327479e-07,-0.00128220696576198,2.90375813122991e-16,-6.81200642956261e-17,1.8125039136967e-06,6.23291376805439e-07,4.15641658113065e-07,7.9455056633159e-17,3.66640697078518e-17,-9.20150973129847e-17,-7.67152332270538e-06,1.1123745299794e-15,-1.4922001141187e-16,1.26023727333672e-06,9.2363922845418e-06,-2.93465758903185e-07,-0.00494468085965363,-2.72919625400463e-16,-6.13676784939273e-17,-4.29278452043825e-17,1.33970239358724e-07,-5.68211958964653e-17,1.56268146303816e-15,5.11146334401847e-16,-5.48936272506406e-05,-2.68894620836125e-16,-3.34892567665883e-08,-1.2918119375581e-16,2.89310447931304e-16,-6.44224730031451e-05,1.49201443362668e-06,1.74216083666397e-16,-0.823842397184579,2.51388448568419e-14,2.50672335557654e-15,1.41751095604597e-16,-5.59774973430883e-16,4.20194981718403e-16,-1.08526012093657e-07,-5.27893329729639e-16,2.47802946447297e-17,-2.28536492766901e-16,-2.02073749833803e-12,-1.47912338621991e-16,-1.42225610466269e-16,-6.24423058851239e-17,4.00872530742863e-17
"t88",-0.107687910328744,0.244491133183728,0.0535206918091783,-0.00142483005832497,-0.000667865740236102,-0.0457404755440704,0.255667356874893,0.127880353002163,-0.000155475120314492,3.99513729760331e-06,0.00155903504517618,-0.00115443456399624,-0.000323247400313484,6.01784839076407e-05,0.000219710861184303,1.17357881016522e-05,-2.59115484865236e-05,0.000144650353223299,0.000135041385369419,-5.37616146287778e-05,0.000190642807661456,-0.00106000022335218,0.412543843463015,0.00172927586761935,-1.76679318254292e-06,-1.25029744263579e-05,8.5645838243751e-06,-1.66402796303311e-05,4.95434862767159e-06,6.0697883413896e-08,-3.64625038987067e-06,2.42956161355663e-06,1.28789803204451e-05,-0.0001015621580692,4.6164097174743e-06,1.43708408555305e-06,4.99524929377436e-06,9.82707296613705e-16,-5.62101870615526e-07,-2.5050238854954e-05,4.38205288592723e-07,7.25455662776119e-06,-2.40547528011971e-07,-0.00151531161644812,-8.05441566804871e-17,4.71441111385048e-16,2.18090402720949e-06,7.60409988849822e-07,5.08806437593762e-07,-1.33419637416188e-16,-1.77516480294231e-16,-5.57099329857528e-17,-9.7934830980001e-06,-2.53862045834457e-16,1.2405767068848e-16,1.69779054081179e-06,1.29340539202633e-05,-4.31765810567043e-07,-0.00812944732356097,5.62517703604145e-18,-5.72235865219295e-17,-3.17370186708078e-17,3.15304095431968e-07,1.63864616321565e-16,1.03914964801574e-15,-4.54346188823893e-16,-0.000231167270062421,2.48590789657049e-16,-2.52532661655083e-07,1.31856281753337e-16,-1.99183786487674e-16,0.00040629503700941,-4.03176481899876e-06,-3.80788690751175e-16,0.400710369656381,-1.1324663882816e-14,-1.35017928362578e-15,-3.20074641699514e-16,4.77721043175394e-16,6.94484061022287e-16,-4.1804298257439e-08,6.03078044948745e-16,-6.11114682128477e-16,-2.31191390235034e-17,-0.707106781185456,4.41999990043994e-15,8.21162091069305e-15,8.5395663239413e-16,2.02941983894416e-16
"t100",-0.107687910328744,0.244491133183726,0.0535206918091775,-0.00142483005832493,-0.000667865740236083,-0.0457404755440683,0.25566735687488,0.127880353002153,-0.00015547512031463,3.99513729758169e-06,0.00155903504517605,-0.00115443456399589,-0.000323247400313406,6.0178483907647e-05,0.000219710861184467,1.17357881016522e-05,-2.5911548486468e-05,0.000144650353223145,0.000135041385369329,-5.37616146286668e-05,0.00019064280766147,-0.00106000022335168,0.412543843462773,0.00172927586761835,-1.76679318257718e-06,-1.25029744262096e-05,8.56458382430397e-06,-1.66402796303172e-05,4.95434862732291e-06,6.0697883413896e-08,-3.64625038979695e-06,2.42956161338771e-06,1.28789803206224e-05,-0.000101562158069275,4.61640971762917e-06,1.43708408608528e-06,4.99524929377187e-06,1.83745163181981e-16,-5.62101870478699e-07,-2.50502388547541e-05,4.38205288982169e-07,7.25455662753047e-06,-2.40547527968017e-07,-0.00151531161644602,5.5991823810637e-16,9.00286118771441e-17,2.18090402704686e-06,7.6040998917698e-07,5.08806437734492e-07,1.82552041748791e-16,1.12383624087217e-16,-6.17233992298492e-18,-9.79348309756121e-06,-9.35841402955809e-17,2.29716173906258e-17,1.69779054097138e-06,1.29340539201661e-05,-4.31765810743334e-07,-0.00812944732353404,2.96844227649552e-16,8.27442569818997e-17,1.97195859236381e-17,3.15304095684261e-07,-6.68186007200013e-17,8.18394323913168e-16,6.51675908725061e-17,-0.000231167270062144,8.17397212501557e-17,-2.52532661521943e-07,-8.08566670501115e-17,-6.74952810005309e-17,0.000406295037006885,-4.03176481884177e-06,7.77632972993253e-17,0.40071036965279,-1.26675842526448e-14,-1.28205543620205e-15,1.84334516351034e-16,-1.15108735484684e-16,-9.60405436375032e-16,-4.1804297818554e-08,4.96901714731754e-16,5.79165534112527e-16,2.6385584700577e-16,0.707106781187639,-4.52203048084262e-15,-7.95725858115585e-15,-7.56120514817776e-16,-1.40542089035793e-16
"t37",-0.107597404496542,0.243173896599667,0.0530989126693267,-0.00140531508824913,-0.000656349107295943,-0.0447404240402044,0.249287759255811,0.123072640588548,-0.00014830144061328,3.77428553788126e-06,0.00141656649407225,-0.00096733358121498,-0.00027073832965677,4.96959884682616e-05,0.000175334881852756,8.51882347488453e-06,-1.87497788967927e-05,0.000102361360104449,8.99795786916818e-05,-2.74200310742545e-05,8.51000883938524e-05,-0.00016488922421134,-0.395851999957516,-0.00189217689935337,6.95859275574341e-06,-4.30932352653338e-05,2.27611423903422e-05,-3.85275069277324e-05,1.11288759535762e-05,1.30351212629387e-07,-6.40961922889188e-06,4.08901252721893e-06,2.09957563697006e-05,-0.00016362522402511,7.41821711657941e-06,2.1993432627774e-06,6.79455754449521e-06,5.41680957900914e-16,-7.18089275487616e-07,-3.00836261935503e-05,5.24512517763916e-07,8.64069997739801e-06,-2.84943777752109e-07,-0.00174172454501281,9.35619848770391e-16,-2.54086243881065e-16,2.37575012102019e-06,7.94282593518823e-07,5.25865935641686e-07,5.93107835849402e-17,-1.16468945052855e-16,3.2128162415987e-17,-8.72719446255721e-06,2.1744054464838e-16,4.60640412976652e-16,1.12240118953222e-06,5.47164981463955e-06,3.94995446498583e-08,0.824183628990607,2.29047221996183e-15,5.06114441020548e-16,1.91516514027599e-16,5.90067760209301e-07,-3.77045992354987e-16,-7.95577124695422e-16,-2.08166698838311e-15,-0.000338042873150132,5.48333912767898e-17,-3.38506215106301e-07,-2.15207560442945e-16,-2.14284513890416e-17,0.000446566668883527,-3.862885969666e-06,4.25622680829797e-17,0.00870232631448664,-6.25191100189936e-16,9.89507456635074e-17,5.53057225360629e-17,3.74377969540058e-16,1.74520939473544e-16,-9.53498392099877e-08,2.90912385746802e-16,3.33611242300883e-17,6.48013111105997e-17,-5.77362435306151e-14,-3.30839562509364e-17,6.21240700255524e-17,1.77726182186503e-16,1.87398208008256e-17
"t69",-0.107612345314163,0.243388511021333,0.0531671391846539,-0.00140841922150123,-0.000658162314061799,-0.0448957874002219,0.250270059702123,0.123786371888191,-0.000149340473830176,3.80544163935376e-06,0.00143468310815175,-0.000986781208190111,-0.000276190481094108,5.07487558050477e-05,0.000179454668847864,8.76244147937633e-06,-1.92886535897649e-05,0.000105402819285166,9.28611832375272e-05,-2.84814283777468e-05,8.85684670330622e-05,-0.000172680261584547,-0.418256309599483,-0.00200027748631639,7.389516143071e-06,-4.63267849930172e-05,2.45824319841798e-05,-4.1777079747618e-05,1.20809760512514e-05,1.41766881567307e-07,-7.06336302839713e-06,4.52690850557581e-06,2.33381141899747e-05,-0.000182182388590752,8.26265175768708e-06,2.46971888007846e-06,7.87315709408973e-06,-1.02747807007378e-15,-8.54885471750287e-07,-3.71267886604201e-05,6.48740115034158e-07,1.07228270722639e-05,-3.54942308546314e-07,-0.00221793423676109,6.31983431580117e-16,1.97417055381841e-16,3.16227177670804e-06,1.09860416048308e-06,7.34744477419664e-07,-4.57354868548064e-16,1.21201991004184e-17,-9.31821627567952e-17,-1.42176455582566e-05,-7.42352866860579e-17,1.36256424838231e-16,2.55553779672513e-06,2.05101865466684e-05,-7.74247500847768e-07,-0.400352360414552,-4.40800639869242e-16,-1.88347502928209e-16,3.76238504047714e-16,2.13200489100791e-07,-2.77343349608365e-16,3.9043983670212e-15,0.707106781186548,-0.000171889787029395,-1.10650199505128e-14,-1.85225757487559e-07,9.80080358672963e-16,-3.02451204009934e-16,0.000269795209918995,-2.41740984975591e-06,5.17175535596889e-16,0.00590781580505495,-7.68015789479464e-17,-6.10010958348133e-16,-7.43563874154491e-16,3.4097641220464e-16,-1.45182364166644e-16,-7.24307510427402e-08,-6.23539693167687e-16,1.9069478723402e-16,-6.24004351711514e-16,-4.5673845955298e-14,-2.48660437582823e-16,1.51317829483999e-16,1.2509999185534e-16,7.40774931681059e-17
"t47",-0.107612345314163,0.243388511021333,0.0531671391846539,-0.00140841922150123,-0.000658162314061849,-0.0448957874002219,0.250270059702123,0.123786371888191,-0.000149340473830166,3.80544163936887e-06,0.00143468310815171,-0.00098678120819011,-0.000276190481094154,5.07487558050701e-05,0.000179454668847931,8.76244147929306e-06,-1.92886535897996e-05,0.000105402819285074,9.28611832375324e-05,-2.84814283778301e-05,8.85684670331038e-05,-0.000172680261584571,-0.418256309599483,-0.00200027748631641,7.38951614308314e-06,-4.63267849931685e-05,2.45824319834165e-05,-4.1777079747729e-05,1.20809760510363e-05,1.41766881817107e-07,-7.06336302829305e-06,4.52690850595745e-06,2.33381141902323e-05,-0.000182182388590816,8.26265175772283e-06,2.46971887983327e-06,7.87315709412496e-06,-1.32619609738427e-15,-8.54885472054894e-07,-3.71267886602744e-05,6.48740115018545e-07,1.07228270722572e-05,-3.54942308653162e-07,-0.00221793423676109,-6.22572256335535e-16,-3.47450205605915e-16,3.16227177670284e-06,1.09860416063791e-06,7.34744477068165e-07,3.5153074832351e-16,1.77165315340957e-16,1.19416597711005e-16,-1.42176455583121e-05,-4.22450429554441e-16,-7.9005409990159e-16,2.55553779663319e-06,2.05101865458357e-05,-7.74247500707689e-07,-0.400352360414556,-1.70136289251574e-15,-1.65765283045501e-16,-5.31299283982528e-16,2.13200490637323e-07,8.07127427856236e-16,1.23861072295968e-15,-0.707106781186547,-0.000171889787042023,1.10066555873336e-14,-1.85225760140385e-07,-8.92975594481095e-16,1.17585276782365e-16,0.000269795209922686,-2.41740984900651e-06,-5.73964727480853e-16,0.00590781580505401,3.48486636980443e-16,5.89042368304802e-17,6.56692212179182e-16,-2.05809656412015e-16,-9.23645093844816e-17,-7.24307510392708e-08,1.72161295278106e-17,-1.19668070079967e-16,4.55962220342949e-16,-4.52292991614697e-14,2.3000691681672e-17,-6.65545646811466e-17,1.76656420456553e-17,5.55417383045799e-18
"t76",-0.105706974090908,0.21242892044071,0.0425783765493489,-0.000825967165288164,-0.000269710243156566,-0.00428858904989086,-0.0496295063473112,-0.512412554021968,-0.00437018550455537,2.28630405081707e-05,0.00425376010767294,-0.00246792540824831,-0.000690568044827555,0.000126023827312017,0.000442268005345277,2.18756527862454e-05,-4.81984537011739e-05,0.000265240098476113,0.000239118417753628,-8.43695271001777e-05,0.000285024496457081,-0.00124529754670534,0.00259669285794032,-0.000230856551409572,5.43742961761802e-06,-5.6872360569791e-05,3.1970121624018e-05,-5.62320469353122e-05,1.63892637970854e-05,1.94614797472716e-07,-1.02369157972279e-05,6.63804388941829e-06,3.45107509286015e-05,-0.000270225696400234,1.22639192292624e-05,3.7107704560567e-06,1.21273439392966e-05,2.13156052934781e-16,-1.3284443035015e-06,-5.79563821341896e-05,1.01283337044112e-06,1.67434919255049e-05,-5.54316834381406e-07,-0.0034645540166565,1.15142270717961e-15,-2.47198095326695e-16,4.93069251203228e-06,1.70768935553086e-06,1.14099191410935e-06,9.28654911447014e-17,5.20905786713626e-17,1.39265365841157e-16,-2.16679429315306e-05,-4.39318720291126e-16,3.72940098929913e-17,3.71869995145513e-06,2.81922561371686e-05,-9.35652176276346e-07,-0.000402184698390392,2.36766241846628e-17,2.60043268934148e-16,9.36564143292835e-17,7.34380089088306e-07,-3.42466027299002e-16,1.00494699367681e-15,7.91033905045424e-16,-0.000612098453830917,-7.38720219470608e-16,-7.74292352250369e-07,-1.27483782627995e-15,1.56970790532451e-15,0.407015869724477,5.70681325678252e-06,-9.09295410130135e-17,0.000128488102959854,-1.53620605819471e-15,9.48676900924816e-16,-1.14553067369794e-16,0.707106781186547,4.31404044431982e-16,-1.0626055814921e-07,-9.41521166586412e-16,2.87577496421401e-16,-3.48473484991265e-17,-1.89442645598392e-15,2.29527308589619e-18,6.93196113396067e-17,3.55469351279546e-16,2.09792813200815e-16
"t77",-0.105706974090908,0.21242892044071,0.0425783765493489,-0.000825967165288158,-0.000269710243156584,-0.00428858904989087,-0.049629506347311,-0.512412554021967,-0.00437018550455537,2.286304050816e-05,0.00425376010767283,-0.00246792540824829,-0.000690568044827574,0.000126023827312012,0.000442268005345362,2.18756527861335e-05,-4.81984537014471e-05,0.000265240098475982,0.000239118417753623,-8.43695271002531e-05,0.000285024496457088,-0.00124529754670537,0.00259669285794013,-0.000230856551409763,5.43742961749507e-06,-5.6872360569387e-05,3.19701216240084e-05,-5.62320469353031e-05,1.63892637970878e-05,1.94614797484642e-07,-1.02369157972163e-05,6.63804388925382e-06,3.45107509284793e-05,-0.000270225696400236,1.22639192291141e-05,3.71077045621067e-06,1.21273439393427e-05,6.11773781319155e-17,-1.32844430345393e-06,-5.79563821343761e-05,1.01283337067357e-06,1.67434919256517e-05,-5.54316834213249e-07,-0.00346455401665642,1.14491749414469e-15,-7.69349861595714e-16,4.93069251200084e-06,1.70768935554574e-06,1.14099191408731e-06,-3.01953071468183e-17,1.1921457978427e-16,-1.06851121933625e-16,-2.16679429314937e-05,-9.5886840134618e-16,-2.50678860045672e-16,3.71869995163132e-06,2.81922561368852e-05,-9.35652176334212e-07,-0.000402184698389803,8.84698109667684e-17,-1.66406849251697e-16,1.67227535976255e-16,7.34380089342199e-07,1.68369679228236e-16,4.53304928316189e-16,1.40859546249317e-15,-0.000612098453831424,-8.57846984123807e-17,-7.74292352358816e-07,-1.64743853482504e-15,1.28662271808855e-15,0.407015869724477,5.70681325720969e-06,-1.74709715534972e-16,0.00012848810296106,-7.64470951819529e-16,6.70687463899533e-16,2.84933450903466e-17,-0.707106781186548,-7.02563007770607e-17,-1.06260558197944e-07,-7.39859562504108e-16,-3.20501152119441e-16,-1.02548969257456e-16,-2.35727236341798e-15,-9.83895312080289e-17,3.07627743245413e-16,-9.08332067703366e-17,-9.90400271024825e-17
"t65",-0.105692712007875,0.212247141565966,0.0425253921335927,-0.000824204851431797,-0.000268991649563104,-0.00427425510952799,-0.0494415257252289,-0.509571012356074,-0.00434100597938841,2.26838048366973e-05,0.00420273926734954,-0.00242231018801157,-0.000677783873707855,0.000123576516073837,0.000432800684361206,2.13133763141884e-05,-4.69538800227606e-05,0.000258177411645055,0.000232297253830697,-8.15103765104798e-05,0.000274907678388587,-0.00119488936214027,0.00247367515689257,-0.000219831270110659,5.15921574158277e-06,-5.34548979965988e-05,2.99451802412874e-05,-5.2515118022491e-05,1.52934614065748e-05,1.8135629123537e-07,-9.45054318460965e-06,6.1086034101856e-06,3.16709969130963e-05,-0.000247711329598313,1.12392706321135e-05,3.38237646495241e-06,1.08388419595068e-05,-1.74587889989215e-16,-1.16899903961434e-06,-5.00447944714245e-05,8.73611488086054e-07,1.44182097242593e-05,-4.76453722755927e-07,-0.00294699223291157,-3.72965547335014e-16,8.8037216405823e-17,4.11418602460498e-06,1.40363444419103e-06,9.34338460191143e-07,-8.10150084861317e-18,-1.72019878237422e-16,-7.93255752944628e-17,-1.69229949196731e-05,1.61372651352742e-15,1.16943180452287e-16,2.72359168643373e-06,1.96635607667261e-05,-6.10922581027744e-07,-0.000222544725072306,-3.93133712004755e-17,-4.55416974215182e-17,-2.85617228016677e-16,1.78237613132658e-07,2.76674556728773e-16,6.43192096805301e-15,-2.38351005599213e-15,0.000118164519844189,8.88114457878079e-16,4.00121809272998e-07,2.812492194056e-15,-3.02774298688302e-15,-0.817725234621862,-2.56557782032717e-05,1.9221498646076e-16,0.000600125111878284,2.58522587018306e-15,-1.86656246015104e-15,6.96139012618967e-17,8.41511777857481e-17,-2.08600497986211e-16,-1.85045683658664e-07,1.89865484445662e-15,8.68224118799365e-17,1.13197033030992e-16,-2.93027321157657e-15,-1.50274940919e-16,-1.27689904123103e-16,-7.43824408968589e-17,-9.75570347676044e-18
"t72",-0.10575394566013,0.212235527100519,0.0422547165339746,-0.000753703141348687,-0.000180026084081059,0.0172711044722755,-0.376347083319936,0.166046694287771,-0.00142268454762933,1.17196354104639e-05,0.00283094736737899,-0.001665380831799,-0.000465930779957682,8.45829003516751e-05,0.000292539777527267,1.38649241786665e-05,-3.05068381949609e-05,0.000166291781272628,0.000146345486830407,-4.76271172496212e-05,0.000156437713731583,-0.00061798368227905,0.000686992636388273,-9.61448938583557e-05,1.97802597860439e-06,-1.28397918796327e-05,5.38685918287027e-06,-6.54127093217133e-06,1.66083486998966e-06,1.47500326674876e-08,1.26228432649391e-06,-1.33931626397431e-06,-9.47616651053948e-06,8.26503325262269e-05,-3.83930095864807e-06,-1.77651172001764e-06,-1.67204857685012e-05,-1.94754558617213e-15,3.72994869813362e-06,0.000484455126397653,-9.24158420059773e-06,-0.000176058699855099,6.96718435129984e-06,0.869916064481741,-1.45425338438088e-13,1.05332409461312e-14,5.06905980619445e-05,1.10425128430839e-05,6.83862809081547e-06,-2.83192680381051e-16,2.79049475366585e-16,1.81689027283014e-16,-7.81031741012433e-05,1.1518563880486e-15,3.21658853238957e-16,1.03124303769582e-05,7.02831986449659e-05,-2.12451222441517e-06,-0.00052728880640588,-1.11575485092999e-16,1.13353951138058e-17,3.72116175976844e-17,1.19418099862488e-06,1.21871792604171e-16,4.8919202022546e-15,6.10622663543836e-16,-0.0678160090595415,-3.93487275129815e-16,-6.16713106682694e-07,-1.46601301556259e-16,-2.4980018054066e-16,0.000620038448174586,-8.28639992372926e-06,4.81157937867253e-17,0.000326546242955944,6.07153216591882e-17,1.45716771982052e-16,-2.19193223755926e-17,6.2559840966697e-17,-2.42861286636753e-17,-2.16802296081064e-07,-2.35922392732846e-16,-2.5955224405334e-18,2.62614790186179e-17,-2.70963806947577e-15,-4.60070379183127e-17,-9.3159298883792e-16,4.75961433883447e-17,3.91969743601826e-17
"t91",-0.105900222219898,0.214116058214202,0.0428021388132329,-0.000770656199558799,-0.000185120896071319,0.0178902683742778,-0.391735569428845,0.176247497452411,-0.00152972571837976,1.27735424984097e-05,0.00324720050027826,-0.00208818778359782,-0.000584473551809506,0.000107544191750829,0.000383501094458473,1.95201362027733e-05,-4.30393395031738e-05,0.000237985147826625,0.000216884558895829,-7.87331423737769e-05,0.000268164335090165,-0.00120111792490115,0.00165955455540207,-0.000235545074839825,5.55871490675285e-06,-6.10793667788796e-05,3.50186935302345e-05,-6.26824022438091e-05,1.83600733481993e-05,2.1985122210938e-07,-1.230993853105e-05,8.17136397781204e-06,4.3392255336396e-05,-0.000342823905924375,1.55906142470988e-05,4.93900340387492e-06,2.00505327649939e-05,4.993598037243e-16,-2.87319051889379e-06,-0.000239821717632639,4.46682477248106e-06,8.21227008316749e-05,-3.12365370925196e-06,-0.313339962239951,5.29229438051004e-14,-3.24740234702858e-15,-1.22630351095509e-05,-1.92968853859356e-06,-1.09726836703772e-06,1.24673448833571e-16,-1.11889275171622e-16,-6.30804107822796e-18,2.36722219541796e-06,-1.27675647831893e-15,2.09969614655204e-17,7.10635917060016e-07,8.31592061349001e-06,-3.56318558491456e-07,-0.000133079202590666,3.84852644900812e-16,-7.53724806273131e-17,-5.24787211675069e-19,6.16371986664069e-07,1.48096197599894e-16,1.30798150088651e-15,3.1641356201817e-15,-0.38334236130131,-2.22825059074015e-15,5.13370201103388e-07,-6.23820207439414e-16,-1.73472347597681e-16,-4.73450305909975e-05,-1.04063941491761e-07,-4.00990261605305e-17,4.68757494737626e-05,-4.54497550705923e-16,-7.97972798949331e-17,-6.1232912077275e-17,1.54710582233498e-16,-1.26634813746307e-16,-5.79732560750459e-08,4.78783679369599e-16,1.02711183453925e-16,1.08110394631276e-15,7.49227069274383e-15,3.6018063627599e-13,0.707106781186548,1.48056699000466e-15,-4.60926770786981e-16
"t92",-0.105900222219898,0.214116058214202,0.0428021388132329,-0.000770656199558837,-0.00018512089607133,0.0178902683742779,-0.391735569428846,0.176247497452411,-0.00152972571837973,1.27735424983711e-05,0.00324720050027824,-0.00208818778359777,-0.000584473551809539,0.000107544191750788,0.000383501094458281,1.95201362027803e-05,-4.3039339503146e-05,0.000237985147826722,0.000216884558895796,-7.87331423737631e-05,0.000268164335090193,-0.00120111792490108,0.00165955455540195,-0.000235545074839798,5.55871490671381e-06,-6.10793667786808e-05,3.50186935303004e-05,-6.26824022439618e-05,1.83600733483797e-05,2.19851221942846e-07,-1.23099385308299e-05,8.17136397790892e-06,4.33922553363535e-05,-0.000342823905924088,1.55906142466842e-05,4.93900340377729e-06,2.00505327649726e-05,6.89979486306197e-16,-2.87319051867245e-06,-0.000239821717633036,4.46682477289739e-06,8.21227008319241e-05,-3.12365370941534e-06,-0.313339962239952,5.25690602160012e-14,-3.36536354339501e-15,-1.22630351093792e-05,-1.92968853843527e-06,-1.09726836698394e-06,6.24129035615552e-17,-3.03293081316539e-17,-9.99101347334459e-17,2.36722219528612e-06,-8.32667268468867e-16,-9.72394909975218e-17,7.10635917230019e-07,8.31592061318123e-06,-3.56318558255642e-07,-0.000133079202590737,3.29662338972781e-16,-6.74651630630668e-17,-7.76804219597538e-17,6.1637198630303e-07,-1.10295497916548e-16,1.88737914186277e-15,3.49720252756924e-15,-0.38334236130131,-2.47513240729795e-15,5.13370201208013e-07,-1.21460985779399e-16,-7.28583859910259e-17,-4.7345030591439e-05,-1.04063941505639e-07,1.43634345207951e-16,4.68757494740957e-05,-5.10008701937181e-16,-4.61436444609831e-16,-4.77703710082458e-17,4.73501540848758e-17,-1.73472347597681e-18,-5.79732566926075e-08,4.78783679369599e-16,-4.51421278434935e-17,-9.64295868907435e-16,-9.62771529167128e-15,-3.60330150298305e-13,-0.707106781186547,-1.23305558191669e-15,5.41132340430754e-16
"t60",-0.105871550631954,0.213748336117543,0.0426952332305612,-0.000767355261131112,-0.000184130644331997,0.0177701986218075,-0.388755873006831,0.174284036997812,-0.00150920184788956,1.25722746426698e-05,0.00316885164249048,-0.0020104405958481,-0.000562677842226144,0.000103336481214507,0.000366954412710901,1.85079397617572e-05,-4.07972293155687e-05,0.000225198470681356,0.000204395670038329,-7.3341183221054e-05,0.000248922494714459,-0.00110272778946764,0.00150022158231479,-0.000212745664811431,4.98185156011933e-06,-5.36212950915041e-05,3.0508500847487e-05,-5.4252432804245e-05,1.58620471625709e-05,1.89364309904558e-07,-1.03816208361466e-05,6.84150586629861e-06,3.61026391101262e-05,-0.000284497510657692,1.29305552454551e-05,4.0454752990871e-06,1.567912993553e-05,9.21675184632244e-16,-2.16347618187411e-06,-0.000172208305936609,3.19847617367627e-06,5.85561980276913e-05,-2.21669630823739e-06,-0.216397852063334,3.59955121265187e-14,-3.27689264612019e-15,-8.04270521138895e-06,-1.21371890198305e-06,-6.82863166195181e-07,1.81818171689391e-16,-1.02412187351775e-16,-1.25300565053513e-16,1.27734682295322e-06,7.09501901674514e-16,-3.76086438583343e-16,3.06545018802706e-07,2.92861147900211e-06,-8.88497253974429e-08,-1.57813044126404e-06,-5.07014486501435e-16,2.19780342318882e-16,3.60840009664655e-17,-4.95531009084022e-07,-2.30547908961115e-17,8.6389229103645e-16,-7.57727214306669e-15,0.83755428959711,5.19529664653398e-15,-1.76995031646846e-06,7.38937761673301e-16,2.1467203015213e-16,0.000717676436931481,-8.07958851926048e-06,-2.15495236952745e-16,0.000242602768361182,9.85322934354826e-16,-2.94902990916057e-17,9.29780176338399e-17,-3.60245935051458e-16,2.15973072759112e-16,-1.32692933508659e-07,-7.19910242530375e-16,-5.39549075725487e-19,-1.95043854205881e-16,-9.71445146547012e-16,-1.40574702085698e-16,1.00175720667043e-16,-6.25189711980536e-17,2.99866660192613e-17
"t32",0.0264767959860747,0.0639973642603319,-0.488635556349302,-0.0732617015248503,-0.0124527727023739,-0.00790348215166551,0.00477251373338765,0.0026904011175661,-0.000634249421156094,0.000168462496959301,0.00150883684245942,-0.104318325925187,-0.239148320033404,-0.0076162115543641,-0.000140486902070456,-1.64456497811494e-05,3.13592942750439e-05,-3.94270623245709e-07,0.000234381557708151,-0.000206861005486003,0.000768872068295269,-0.000134490578608417,3.32594956542753e-05,-2.97825333953262e-05,2.05786778661801e-05,-7.66159126251233e-06,0.000126568679310142,-0.000223462953199935,6.51777974860516e-05,2.6590492174447e-08,-4.06892630504767e-05,2.6289691223569e-05,0.000135684798379567,-3.69006229174824e-05,4.96209265955818e-05,1.4522053100107e-05,4.4917912544186e-05,1.25598384232047e-15,-4.60881633335949e-06,-6.27039827673674e-06,1.08612084971649e-07,5.01211181305552e-05,-1.62519633187778e-06,-5.94210118515376e-05,4.61436444609831e-16,1.04083408558608e-16,1.21015625709573e-05,3.29928911970594e-06,2.04622238254832e-06,-5.69155988001885e-17,-3.39849397185635e-16,2.33925426872484e-16,5.17091619575e-07,-1.50227053019591e-15,-8.07288985848896e-16,-4.2597350281385e-05,-0.819497948055333,-1.97667089258436e-05,-1.76583683759429e-05,1.24765775577609e-16,-8.73895361331578e-17,4.06937979493028e-17,5.22037353514304e-06,4.46984854390938e-18,5.13478148889135e-16,-1.38777878078145e-16,-1.99024584157867e-05,-3.3667367749148e-17,-3.28908773812104e-06,-1.27401201896216e-16,-3.44342609981396e-16,1.79261815605198e-05,-1.35845769517161e-06,4.18269951106037e-18,9.12006500657786e-06,4.49293380277993e-16,0,-1.95209266992851e-18,1.44660614712307e-16,-1.14925430283463e-16,-9.75018279222167e-07,-4.30211422042248e-16,4.23624967621801e-17,2.47301635381893e-17,4.9439619065339e-17,-9.02094356698128e-17,-8.82813186970571e-17,-4.51262904092254e-17,1.97248503591843e-17
"t56",0.0264844464450053,0.0641150492759862,-0.489944669439614,-0.0735996690349315,-0.0125246900898874,-0.00796092907869292,0.00481190949726885,0.00272319395278603,-0.00064360915988483,0.000171398092912808,0.00154990355357609,-0.108841080731234,-0.249534700793978,-0.00796483497191037,-0.000147649725923297,-1.74757967259034e-05,3.33339477560409e-05,-4.19983767366736e-07,0.000250927554770332,-0.000224734202509239,0.000839089148327735,-0.000148906877803282,3.76077703041211e-05,-3.37169625660621e-05,2.35533195632033e-05,-9.03909273726095e-06,0.000151082512548062,-0.000269490400888204,7.88289614953473e-05,3.23154395534542e-08,-5.12065884747444e-05,3.35032366831542e-05,0.000174848586681161,-4.77719896708322e-05,6.43075012516594e-05,1.92585219485589e-05,6.54849824524139e-05,-6.13950655993598e-16,-7.35344154433417e-06,-1.14563878111469e-05,2.00230282514091e-07,9.36760580781421e-05,-3.08581995919048e-06,-0.000124430354767779,-1.99493199737333e-17,-1.12757025938492e-16,3.2008896243652e-05,1.13356914425985e-05,7.63535096435087e-06,4.20875969008558e-16,7.02242697769322e-17,3.34796830282893e-17,-5.94770120529095e-06,7.73686670285656e-16,7.557515333788e-16,4.85044535240634e-05,0.405193712843537,3.02252732328993e-06,-2.53425355255157e-06,-1.87079686993642e-17,-7.11494320154068e-16,1.60612197785022e-15,1.95078995878287e-06,4.48135408346276e-17,-6.34908792207511e-16,7.56339435525888e-16,-8.97901594259717e-06,2.80702957328328e-15,-1.563056018766e-06,-0.707106781186547,-3.36861614991246e-15,9.21717947182559e-06,-7.20266716569898e-07,9.60369909437159e-16,5.22412428873367e-06,5.45787373629203e-16,-3.64291929955129e-16,3.75471271027283e-16,-1.15310864710704e-16,6.48352899146332e-17,-6.32161143307008e-07,-1.21430643318376e-17,3.09597800119822e-16,-2.63261761199381e-16,-3.47378376064356e-16,-2.37870446460183e-16,-5.13939323109115e-17,1.1398438501923e-16,-1.64073941419001e-16
"t57",0.0264844464450053,0.0641150492759862,-0.489944669439614,-0.0735996690349315,-0.0125246900898874,-0.00796092907869292,0.00481190949726884,0.00272319395278602,-0.000643609159884818,0.000171398092912777,0.00154990355357608,-0.108841080731234,-0.249534700793978,-0.00796483497191039,-0.000147649725923346,-1.74757967259086e-05,3.33339477560253e-05,-4.19983767350425e-07,0.000250927554770334,-0.000224734202509246,0.000839089148327725,-0.000148906877803449,3.76077703041766e-05,-3.37169625660209e-05,2.35533195632074e-05,-9.03909273723589e-06,0.00015108251254847,-0.000269490400888107,7.8828961495369e-05,3.23154395950875e-08,-5.12065884745272e-05,3.35032366828612e-05,0.0001748485866811,-4.77719896709098e-05,6.43075012517136e-05,1.92585219485952e-05,6.54849824525405e-05,-7.22861305318609e-16,-7.35344154422342e-06,-1.14563878110502e-05,2.00230281983266e-07,9.36760580782832e-05,-3.08581995893182e-06,-0.000124430354767786,-2.38524477946811e-16,-1.06685493772574e-16,3.2008896243673e-05,1.13356914422532e-05,7.63535096442994e-06,-2.85519709323913e-16,2.83161766417687e-16,-3.0449742534408e-16,-5.94770120544534e-06,6.61797006085152e-16,-5.74203990227204e-17,4.85044535239777e-05,0.405193712843537,3.02252732345798e-06,-2.53425355228312e-06,-2.27659337665159e-17,8.59115434493073e-16,-1.65436898553734e-15,1.95078995790748e-06,6.13865811028731e-17,1.32793082086025e-15,-8.60422844084496e-16,-8.97901594382883e-06,-2.72858261137379e-15,-1.56305601443484e-06,0.707106781186548,3.3955043637901e-15,9.21717947676716e-06,-7.2026671054954e-07,-1.0267235546058e-15,5.22412428851857e-06,-5.00684563253806e-16,1.90819582357449e-16,-3.73771602789518e-16,-2.33777460164437e-17,4.48859699408999e-17,-6.32161143096889e-07,3.43475248243408e-16,-3.14647448713149e-16,1.94943587497833e-16,-1.72171304990698e-16,6.83343696178396e-17,4.05499446052959e-16,1.05393951302614e-16,2.51630089591453e-16
"t46",0.0262263879306051,0.060045369533821,-0.444047874645452,-0.0613616113663476,-0.00986817560353196,-0.00578275743427678,0.00329162767164047,0.00136143112097281,-0.000234689351834444,3.5826496821423e-05,-0.000844792291226726,0.351626261763608,0.811583109913166,0.0319495561571455,0.00097170713856669,0.000825956658145201,-0.00180186984719572,0.000304509729046204,0.00751288779639162,-0.00217770796293956,0.00706927795966704,-0.00094847890455385,0.000193626907542405,-0.000172083990776775,0.000112245526152319,-3.79360249995291e-05,0.000612656233897655,-0.00106490319485321,0.000309424706829803,1.25496454282323e-07,-0.000186765986533515,0.000120023160042692,0.000617421776688704,-0.000167743008200582,0.000225521082157974,6.58523539443119e-05,0.000207709170986263,-1.80005512719853e-16,-2.22109836061446e-05,-3.2778249744188e-05,5.71130133200648e-07,0.00026597475377666,-8.71661372239327e-06,-0.000341418757201881,-1.04083408558608e-16,-7.63278329429795e-17,8.31308839246878e-05,2.81200830300887e-05,1.87149136682342e-05,6.70182267606425e-18,4.11586825822146e-18,-1.68835241911552e-17,-1.20904109014094e-05,-9.8879238130678e-17,-2.31236026595361e-17,5.76896144036414e-05,0.00769137451984871,-1.3672028325635e-05,-2.26752656128856e-05,2.97050373462502e-17,2.27688188049637e-17,-5.46161232805435e-18,8.98408899692752e-06,1.92375114084918e-17,1.22167900795667e-15,-9.71445146547012e-17,-3.6997781959109e-05,1.7748892302271e-17,-6.25055420297084e-06,5.38703613445418e-18,-7.71951946809679e-17,3.52358431292906e-05,-2.70564664024524e-06,-1.90546684132498e-17,1.87736095407648e-05,-2.21610924056037e-16,-1.0842021724855e-16,-2.84961977744911e-17,-3.00159566221398e-18,-4.22838847269347e-17,-2.11077693781925e-06,-6.93889390390723e-17,2.75581719577417e-17,-2.56615497777568e-18,-2.99673480474993e-16,-8.83261156975095e-17,9.01306758333862e-17,6.36419271831047e-17,4.14352046150755e-17
"t6",0.0985729561035066,-0.0109867002746391,0.0392044190435298,-0.0971871015459035,0.0438155424796557,-2.12799638036115e-05,3.39723343341193e-05,3.74642862846631e-05,-8.37010339204488e-06,0.0427961140030083,-2.99147194934778e-05,0.00451162269035113,0.0096655948477037,-0.314588294080436,4.72229168125071e-05,-0.0229365872012575,0.302427035567993,5.5866176952509e-05,0.0130612333359969,-0.0832151602658532,-8.05024751615018e-05,-2.23891337652753e-05,4.14236550901059e-06,-3.60085825396831e-06,3.47925640428234e-05,7.28783181314218e-07,-0.0159445126002458,0.0076108548673288,-0.0430582738343205,4.73553845355829e-09,0.0278833235567489,-0.0347933437015932,-0.0424366644989705,0.000994399265665948,-0.868640576043536,0.0739585101700803,0.00182562535311556,-1.63678952661526e-15,-0.00468163829027957,-3.78903549203349e-06,6.62626605633931e-08,0.000558921600245592,-5.46514912171853e-05,-3.71572199348094e-05,-5.3776427755281e-16,-2.77555756156289e-17,0.0121857208795758,0.00392483359418712,9.67369231669708e-05,1.64178587327203e-16,-1.64063985817587e-19,-9.29223671346958e-19,-1.1248417642433e-06,-1.73472347597681e-16,-8.21982519505548e-17,9.46251191206409e-05,3.79461932085738e-05,-0.00151968544910338,-1.96543574470728e-06,-1.99974442410715e-16,6.04972290166208e-17,-3.11085545947788e-17,0.000469731287980006,8.47565415729414e-17,8.50014503228635e-17,-1.87350135405495e-16,-3.09496591393774e-06,9.7690008839742e-18,-0.000599059277892312,1.82555749290796e-16,8.45677694538693e-17,2.91502353791341e-06,-2.23184457744802e-07,-9.47663132057955e-17,1.53552159333492e-06,1.78676518025611e-16,-1.63931368479808e-16,5.95316886144977e-17,-3.67432608288988e-17,-1.23599047663348e-17,-9.86411746933659e-05,1.82145964977565e-16,-1.44259284042619e-16,6.90356939834778e-17,-3.68628738645072e-16,-6.15836259450489e-17,2.49502663308555e-16,5.17990819727155e-17,-5.18061057627207e-18
"t36",0.0986772275554388,-0.0110613610751058,0.0395945600923173,-0.0988723890783722,0.0447736218140151,-2.18711044977125e-05,3.50507981969012e-05,3.92653300272434e-05,-8.86554383980514e-06,0.045841095482874,-3.34736869333184e-05,0.00547910721289108,0.0117431917388788,-0.387245254822013,5.99216956378841e-05,-0.0313684931065154,0.414546029609534,7.77954192562464e-05,0.0189236318881612,-0.138005070568967,-0.000140218474970149,-4.71404293863741e-05,1.34549912769455e-05,-1.21105638605203e-05,0.000176905420257646,-5.04379919273566e-06,0.0517969502445355,-0.0161956657750692,0.0829478652587563,-7.81731510600403e-09,-0.0194120489640162,0.0186582446546142,0.0181723957626282,-0.000387874528937393,0.331682445040112,-0.0174358117099853,8.78942128007791e-05,7.85717926268456e-16,-0.000743182237669018,-9.127528367678e-07,1.62077833515406e-08,0.000139721024016839,-1.39798398915107e-05,-1.05798576042412e-05,2.68882138776405e-16,3.86843335142828e-16,0.00396240030230409,0.0013693561824734,3.42457942480276e-05,-7.51525635147981e-16,3.14588192504241e-17,2.00703575909404e-16,-4.51314898421845e-07,-5.98479599211998e-16,7.45234590558158e-16,4.13492932757561e-05,1.72251948136817e-05,-0.000713714035088271,-9.66574258931888e-07,0.707106781186547,-9.24264676199543e-15,1.65139243435812e-15,0.000244450031984668,-8.81367483826715e-16,2.39391839684799e-16,-7.49400541621981e-16,-1.65326823723527e-06,2.02067406633805e-16,-0.000322947011871121,-7.37435198768127e-17,4.68375338513738e-17,1.59685895889878e-06,-1.23130930470769e-07,6.02255056694804e-16,8.64620568127861e-07,-2.24863530573494e-16,4.85722573273506e-17,-2.6491479101865e-16,7.74005380675077e-17,-4.861562541425e-16,-5.79870849045506e-05,1.26634813746307e-16,1.48652996668748e-16,1.63707405318668e-16,-3.94649590784724e-16,-3.2813508975321e-18,9.08029498188697e-17,6.7153183598851e-18,5.48399307418211e-17
"t42",0.0986772275554388,-0.0110613610751058,0.0395945600923173,-0.0988723890783722,0.0447736218140151,-2.18711044977116e-05,3.50507981969014e-05,3.92653300272503e-05,-8.86554383981862e-06,0.045841095482874,-3.34736869333037e-05,0.00547910721289108,0.0117431917388788,-0.387245254822013,5.9921695637831e-05,-0.0313684931065154,0.414546029609534,7.77954192562649e-05,0.0189236318881615,-0.138005070568967,-0.00014021847497004,-4.71404293863483e-05,1.34549912769455e-05,-1.21105638605876e-05,0.000176905420257582,-5.0437991926816e-06,0.0517969502445354,-0.0161956657750693,0.0829478652587562,-7.81731504181926e-09,-0.0194120489640164,0.0186582446546145,0.0181723957626279,-0.000387874528937428,0.331682445040112,-0.017435811709986,8.78942128006233e-05,7.28575389580786e-16,-0.000743182237668743,-9.12752836523638e-07,1.62077834313379e-08,0.000139721024017504,-1.39798398914717e-05,-1.05798576045396e-05,-2.16840434497101e-16,-3.27862736959617e-16,0.00396240030230397,0.00136935618247319,3.4245794247785e-05,7.74972027347908e-16,1.93155780190217e-17,-2.77307322404572e-16,-4.51314900156569e-07,6.21031004399697e-16,-8.08751117115896e-16,4.13492932754215e-05,1.72251948135655e-05,-0.0007137140350859,-9.66574255058684e-07,-0.707106781186547,9.18390230455396e-15,-1.55924598416449e-15,0.000244450031984457,9.3892603549239e-16,-1.23165366794353e-16,5.13478148889135e-16,-1.65326823816508e-06,-1.26127499168719e-16,-0.000322947011871384,-8.30808250720652e-17,-3.24393290007663e-16,1.5968589590278e-06,-1.23130930066578e-07,-6.06213640249175e-16,8.64620568641339e-07,2.05347891468755e-16,-1.94289029309402e-16,1.53808351960302e-16,-3.4682478531662e-17,4.8919202022546e-16,-5.79870849046825e-05,-1.28369537222284e-16,-1.13301929680672e-17,-3.10119576122296e-16,-2.53703308361608e-16,-1.75666558751937e-16,-1.37704390544155e-17,1.72042286323451e-16,7.4825263859422e-17
"t17",0.0990767205589765,-0.0113724581333333,0.0413003900572067,-0.107173055455946,0.049875555295268,-2.53815175552947e-05,4.19769783050708e-05,5.62634635606688e-05,-1.55473694923864e-05,0.119078591539793,1.36884479870576e-05,0.00218929869236615,0.00471199618470581,-0.176438185202665,3.77437375232465e-05,0.0197966768141155,-0.22851523824362,-1.87632634822545e-05,-2.88579361869618e-05,-0.0168203218085306,-1.73202729725646e-05,-4.28969707079846e-06,-3.07034018327823e-07,3.82326938129209e-07,-2.18905041803416e-05,3.04172007627178e-06,-0.0543827776283841,0.0332296104359805,-0.224758715385246,4.47705463700251e-08,-0.00794568449582001,0.0012734645826204,-0.00166022169831802,3.87895094767572e-05,-0.0311779841382874,-0.895886385544759,0.00113292173175461,-3.20777729872308e-16,-0.0175675810464091,-2.45439395507325e-06,4.30511514111498e-08,0.000364833259421732,-3.58725204235206e-05,-2.54632855612776e-05,-1.4510961876546e-15,-4.85722573273506e-17,0.0404962484568974,0.0695325830106764,2.83822542584864e-05,1.92194371486471e-16,4.13449008060898e-17,3.19238680389495e-17,-6.53380075497315e-07,3.90312782094782e-17,-1.34321365418951e-16,5.71282827000064e-05,2.3190858836722e-05,-0.00395407420691397,-1.21841108683925e-06,4.57303982216044e-16,3.85638419871774e-17,-8.37419724696187e-17,0.000294722284099685,1.64667008775839e-16,2.23128807097517e-16,9.36750677027476e-17,-1.95297982865869e-06,9.08439707258504e-18,-0.00146380337228763,-1.3912975369644e-16,-1.63606107828063e-16,1.84512011474518e-06,-1.4147844668369e-07,-2.6604270333554e-17,9.77226427103725e-07,2.57498015965307e-16,-4.77048955893622e-18,-1.41988050146457e-16,7.74358027512683e-18,-2.29850860566927e-17,-6.32887328288906e-05,2.89698820488127e-16,-7.36746924593774e-18,1.68927095703859e-16,1.55366171317173e-16,-1.99316605890751e-16,8.35545012339287e-18,3.36857566680976e-17,7.30400842224964e-17
"t43",0.099252147695293,-0.011502167843619,0.0419912375993974,-0.110307909999175,0.0517191509403044,-2.6576806720623e-05,4.42403476788608e-05,6.08940366005352e-05,-1.71314727754402e-05,0.133749088401137,1.65771471116037e-05,0.00306532298149952,0.0066024134156174,-0.253170580983302,5.72671172018917e-05,0.0346317699074336,-0.40153565205407,-3.40079237140826e-05,-5.66367456950765e-05,-0.0442957284923923,-5.13294162541762e-05,-2.20646048420078e-05,7.81912199110391e-06,-7.11621581968617e-06,0.00011500662273697,-4.78801333725084e-06,0.0647582929763719,-0.0320123442348407,0.204830642093585,-3.7282902641024e-08,0.00371182708836433,-0.000490975189878758,0.000540709102432039,-1.17731293818614e-05,0.00931174094749062,0.185977963690415,6.75906617853384e-06,3.40174360847958e-16,-0.00203344487666055,-5.7111231541564e-07,1.03247299633458e-08,9.14715320901541e-05,-9.44546848336133e-06,-8.80579457438607e-06,-2.61943244872498e-16,-6.41847686111419e-17,0.0272713016569161,0.365045639834181,-0.00013060050896687,4.84867505666103e-18,-2.19274827278218e-16,-1.16348704737789e-16,-7.75447642903382e-09,4.0766001685455e-16,-2.51897806127005e-16,8.7143355347707e-06,4.49568526671509e-06,-0.000894041487144711,-3.23736275223505e-07,7.98931048572492e-16,-1.87909070618133e-15,-1.9519403547126e-15,9.16510120435489e-05,0.707106781186547,4.22795479182447e-15,6.31439345255558e-16,-6.4706454570157e-07,-3.02615390538195e-15,-0.000495373938451436,4.17117572797761e-16,-1.3314002678122e-15,6.47330210172461e-07,-5.04124858489996e-08,-9.50471584257756e-16,3.63703569511431e-07,5.03937169771262e-16,-3.20923843055709e-16,1.35018750233518e-15,2.41407937754816e-16,6.24500451351651e-16,-2.56944552509775e-05,3.29597460435593e-17,3.09341345063903e-16,-2.04136412250532e-16,1.40946282423116e-16,-1.97219472011089e-16,-1.50319762179614e-16,7.12045431642103e-17,-1.90726896754041e-16
"t44",0.099252147695293,-0.011502167843619,0.0419912375993974,-0.110307909999175,0.0517191509403045,-2.65768067206207e-05,4.42403476788666e-05,6.08940366005319e-05,-1.71314727754422e-05,0.133749088401137,1.65771471116015e-05,0.00306532298149953,0.00660241341561737,-0.253170580983302,5.72671172018957e-05,0.0346317699074336,-0.40153565205407,-3.40079237140928e-05,-5.66367456950528e-05,-0.0442957284923923,-5.13294162541797e-05,-2.20646048419757e-05,7.81912199102064e-06,-7.11621581978342e-06,0.00011500662273701,-4.78801333723349e-06,0.0647582929763718,-0.0320123442348406,0.204830642093584,-3.72829026167379e-08,0.0037118270883645,-0.000490975189878608,0.000540709102432224,-1.17731293818583e-05,0.00931174094749064,0.185977963690415,6.75906617856535e-06,4.41105959809833e-16,-0.00203344487666055,-5.71112315438842e-07,1.03247300986542e-08,9.14715320907539e-05,-9.44546848328099e-06,-8.80579457430281e-06,1.6306400674182e-16,-4.16333634234434e-17,0.0272713016569163,0.36504563983418,-0.000130600508966915,5.95432988100053e-16,-1.33064840690519e-16,1.46811967210045e-16,-7.75447679679520e-09,6.10622663543836e-16,2.14720235036249e-16,8.71433553435437e-06,4.49568526684953e-06,-0.00089404148714462,-3.23736275990687e-07,-1.10677599722471e-15,2.03584234411625e-15,2.02114665076496e-15,9.16510120564213e-05,-0.707106781186547,-4.85852677534204e-15,-7.35522753814166e-16,-6.47064545746673e-07,2.98576217594827e-15,-0.000495373938452808,-3.8829612466448e-16,1.38257461035352e-15,6.47330209757428e-07,-5.04124863832944e-08,1.04510731267884e-15,3.63703569625923e-07,-3.86843335142828e-16,1.6306400674182e-16,-1.34508491155467e-15,-2.07266009654326e-16,-4.08527378592538e-16,-2.5694455251159e-05,1.28369537222284e-16,-2.10638808135269e-16,-3.33874742203664e-17,-2.0122792321331e-16,-5.57210202812564e-17,3.88393669988697e-16,5.36552604889031e-18,2.69343588418323e-16
"t21",0.099207108642333,-0.0114689535341075,0.0418145870113006,-0.109508962983904,0.0512502274440719,-2.62735610829678e-05,4.36671052328096e-05,5.97292386863389e-05,-1.67347888288559e-05,0.130092636046405,1.58697295139031e-05,0.00285715551883928,0.0061532629941073,-0.235021216511074,5.26957355909304e-05,0.0312377797471101,-0.361978243136245,-3.05384708369634e-05,-5.03843447728467e-05,-0.0383164333187436,-4.40080768394462e-05,-1.8374165350631e-05,6.22631401362567e-06,-5.6515532281925e-06,8.91254887714198e-05,-3.45064128555422e-06,0.04528934842005,-0.0217848115134194,0.138300775859049,-2.48390677600949e-08,0.00222831464378645,-0.000282867382689834,0.000299821987296828,-6.42152373507272e-06,0.00505974362792723,0.0925634878664705,2.02999512438997e-06,-2.00230118401444e-17,-0.000197969678053083,1.35258314569453e-07,-2.68726365465488e-09,-2.71125736905583e-05,3.19712391710486e-06,5.38256343485602e-06,9.69710423071035e-16,1.53523027623947e-16,-0.0367909273027755,-0.851620592314952,0.000350001478101687,-7.45377768100657e-16,4.19326660636585e-16,-1.23028184661059e-16,-6.38001923425682e-07,-9.75781955236954e-16,-3.3094001000502e-17,4.23471647319678e-05,1.60989952849022e-05,-0.00263455088521788,-7.83058502331312e-07,1.20639267811609e-16,-1.43076156211614e-17,-1.38949268794136e-17,0.000185360841821141,2.50863482935285e-16,3.07913416985883e-16,-1.11022302462516e-16,-1.22401853620141e-06,7.59527223720364e-18,-0.000917062347277309,-2.98149962695517e-16,-2.19225679276569e-16,1.15623095200924e-06,-8.86979755893025e-08,-8.85153839199742e-17,6.14198884408418e-07,2.23128807097517e-16,-9.54097911787244e-18,1.56021695931348e-17,4.56884127462666e-17,2.90566182226115e-17,-4.01934919793282e-05,1.85615411929518e-16,-1.57569386884523e-17,1.60302208222908e-17,8.67361737988404e-19,-2.99280955999591e-17,6.58829012050383e-17,-4.84120584725341e-17,3.64842312750794e-17
"t49",0.0989585483597973,-0.0112848870011383,0.0408334081805806,-0.105048034439735,0.0486236949916271,-2.45680747626387e-05,4.04343883904918e-05,5.30886107636293e-05,-1.44569390207975e-05,0.108937607875721,1.1659492464908e-05,0.00155619855478886,0.00334560571070562,-0.1207319489824,2.34274390746503e-05,0.00865717596870541,-0.0985054804153968,-7.25299188605031e-06,-7.6344991432869e-06,0.00497527213606954,1.00021074068458e-05,1.06386927033391e-05,-7.68739793763004e-06,7.22745594117817e-06,-0.000153226015910588,1.20769676287133e-05,-0.206235124681976,0.125836513782674,-0.856080337552777,1.73310922931729e-07,-0.0543620431348383,0.0296973207708963,0.0142845612058521,-0.000178652060916982,0.127542057916858,0.33611662368782,0.0011481681524684,4.98711823519651e-18,-0.0206411142363597,-3.03639449588717e-06,5.33305845938463e-08,0.000452739036494417,-4.45891233349356e-05,-3.17500657450055e-05,1.91903784529934e-16,2.17707796235089e-16,0.048683213394344,0.0169701973025351,6.62587024637898e-05,-6.37592384987506e-17,-6.96268944567669e-18,-3.8695817637803e-17,-8.98182170868496e-07,9.82287168271867e-17,-5.98292971857618e-17,7.73776212286423e-05,3.12874704822465e-05,-0.00531768766169666,-1.63161193575899e-06,-8.47588652308046e-17,2.50179553332789e-17,-6.77997568479564e-18,0.000392387843884975,1.97481092626711e-16,-2.80591522239249e-16,-2.18575157973078e-16,-2.59227238808262e-06,5.70171406045223e-18,-0.0019407717992599,6.57300011860946e-17,1.54498809579184e-17,2.44127093995081e-06,-1.87010695023226e-07,8.35379622345092e-18,1.28799203840367e-06,-9.15608734664008e-17,-8.95550994473027e-17,-5.07386837628065e-17,-9.48148145044703e-17,2.88939878967387e-17,-8.28427596922127e-05,5.29090660172926e-17,3.58997049763449e-17,3.0458832042022e-17,-3.01841884819964e-16,-6.76270550065495e-17,1.00575603316275e-16,8.76233841784493e-18,1.66327626023306e-17
"t54",0.0996129442427748,-0.0117854289178847,0.0435514767436232,-0.117982023078839,0.0564675949062928,-2.98731128322404e-05,5.07835564994833e-05,7.73737209615073e-05,-2.37320011845639e-05,0.207657453385634,6.93425403396587e-05,-0.00246702877002407,-0.00526582029127649,0.154524314246523,-2.05047390308514e-05,-0.00390554603672249,0.0436791807577793,2.85717488768097e-06,2.20460679768654e-06,-0.0012126237706948,-1.88274790185886e-06,-1.05906787774403e-06,2.87572222184423e-07,-2.53035716155076e-07,2.61620520777649e-06,1.04106930133789e-07,-0.00255968876943107,0.00173538773356447,-0.0118958777892819,2.39495777897003e-09,-0.000294828634201636,-9.91260974066908e-06,-9.10835097930669e-05,1.62665589786594e-06,-0.00124230979112366,-0.00745551910266274,-0.000164727738388757,9.84736364038853e-16,0.135214669442263,1.71667957591932e-06,-3.19822296007688e-08,-0.000296498350038364,3.22465423693405e-05,4.20460324273963e-05,3.05745012640912e-15,-2.96247401609939e-15,-0.920852006201724,0.0531882588178667,0.000187589821170225,-7.00532078532291e-16,-2.20438065181935e-16,2.22300692893751e-16,-1.00764246765625e-06,1.48318857196017e-16,1.9292119882978e-16,6.56164773161567e-05,2.53989628267557e-05,-0.14490004990163,-9.10520286092004e-07,-1.87096813101176e-16,2.55724056210849e-17,-9.84604420073232e-17,0.000212438571885801,1.07712465425518e-17,1.06251812903579e-16,-6.24500451351651e-17,-1.39972606750735e-06,-2.42957443220245e-17,-0.024071269087869,1.18121587747393e-16,-1.46367293285543e-17,1.22685715737167e-06,-9.39199897255147e-08,-4.37555261417789e-17,6.39782910016526e-07,6.21247844834194e-17,4.85722573273506e-17,5.65412528676716e-17,3.47460332689701e-17,6.07153216591882e-17,-4.00686146572936e-05,2.59341159658533e-16,1.34936266072247e-16,1.45786824868499e-17,-8.61940727125976e-17,-1.54414086370328e-16,1.26539584493872e-16,-7.05014953443397e-17,1.0999483654336e-16
"t86",0.0998162948945657,-0.0119400241725433,0.04438818046908,-0.121932926101414,0.0588524892229232,-3.1476370645461e-05,5.38986962802473e-05,8.45660203712336e-05,-2.64494527246702e-05,0.236253676219372,8.53407102549215e-05,-0.00349690448102526,-0.00746928848269438,0.224045136062005,-3.12618215444967e-05,-0.0067172058494523,0.0753944601239248,5.05557110761872e-06,4.14833291470152e-06,-0.0027929901932633,-4.65538848295338e-06,-3.41280475625082e-06,1.63736930197667e-06,-1.50625261825734e-06,2.63261612579466e-05,-1.21262831631823e-06,0.0165063591531684,-0.00808949740628254,0.0514982664717451,-9.26624863818726e-09,0.000657966491908484,1.93645287576675e-05,0.000160904164806074,-2.76684450129216e-06,0.00209559511856399,0.0107417694750838,0.000180169986584163,4.48494416450495e-16,-0.437252036654188,-4.54974883850722e-08,1.33685941743761e-09,1.78708463846904e-05,-2.45420189602949e-06,-4.7737161998837e-06,5.62917767954474e-16,4.61436444609831e-16,0.0976043252931906,-0.00454318259886939,-1.4994755593058e-05,1.55975058613864e-16,1.68625531321754e-17,1.52679758535157e-16,1.51230273070027e-08,-2.48932818802672e-16,3.68666361712465e-16,3.7135991774587e-06,2.9606935270203e-06,-0.0916643440100599,-7.50203381409903e-08,-7.70015273392274e-17,-2.04454285683903e-16,9.76653126329336e-17,5.05659626833977e-05,3.79116287320757e-16,9.32197027903037e-16,1.35308431126191e-16,-8.59989162660391e-07,5.09450854580034e-16,-0.366626479723906,1.19192776335451e-15,-1.68539227712872e-15,-1.46262054967483e-07,2.19973339500232e-09,-3.19509786639706e-16,5.78231341835655e-08,4.18339408253532e-16,6.72205346941013e-18,-4.35545119614597e-16,2.43660069056434e-17,-3.48245737802344e-16,-7.50474265054325e-06,-1.16963730367736e-15,-2.30345918815183e-14,-0.707106781186547,5.20417042793042e-18,-2.15081998705296e-16,1.10367716969855e-15,5.83424726288683e-17,-7.77183004724712e-17
"t87",0.0998162948945657,-0.0119400241725433,0.04438818046908,-0.121932926101414,0.0588524892229232,-3.14763706454606e-05,5.38986962802514e-05,8.45660203712488e-05,-2.64494527246759e-05,0.236253676219372,8.53407102549327e-05,-0.00349690448102528,-0.00746928848269439,0.224045136062005,-3.12618215445308e-05,-0.0067172058494523,0.0753944601239247,5.05557110762088e-06,4.14833291469656e-06,-0.00279299019326326,-4.6553884829369e-06,-3.41280475620632e-06,1.63736930199401e-06,-1.50625261833112e-06,2.63261612579118e-05,-1.21262831629381e-06,0.0165063591531684,-0.00808949740628251,0.0514982664717451,-9.2662485794235e-09,0.000657966491908485,1.93645287578429e-05,0.000160904164805926,-2.76684450127369e-06,0.00209559511856406,0.0107417694750838,0.000180169986584248,4.37645194945589e-16,-0.437252036654188,-4.54974884061057e-08,1.33685934197714e-09,1.78708463846161e-05,-2.45420189583962e-06,-4.77371619984554e-06,1.12757025938492e-17,7.34655392076178e-16,0.0976043252931906,-0.00454318259886945,-1.49947555929872e-05,-3.59683414768303e-16,8.17729622109496e-18,-2.30179042569157e-16,1.51230272835839e-08,-1.83013326715553e-16,-4.60639885330722e-16,3.71359917752153e-06,2.96069352702681e-06,-0.0916643440100597,-7.50203382103793e-08,-1.80107565386005e-16,1.3621293885591e-16,-2.97679407191777e-17,5.05659626834772e-05,3.88200615214667e-16,6.34908792207511e-16,1.21430643318376e-15,-8.59989162468704e-07,-1.47050175739274e-15,-0.366626479723905,1.11111443627185e-15,-8.61398626039733e-16,-1.4626205484036e-07,2.19973343706936e-09,6.47871330489586e-17,5.78231338487639e-08,5.04370850640257e-16,2.25514051876985e-17,5.27701025542883e-16,3.65532516975715e-17,2.35813972515597e-16,-7.50474265031253e-06,1.38951350425742e-15,2.30047011290275e-14,0.707106781186547,-4.73579508941668e-16,1.32351480800733e-16,-1.02785931229959e-15,-1.98707683015135e-16,6.63129037581976e-17
"t61",0.0997923246903347,-0.0119218370165259,0.0442898524789693,-0.121469756370409,0.0585733132449773,-3.1289043948553e-05,5.35351671127445e-05,8.3730777420398e-05,-2.61348672075111e-05,0.232953968796659,8.35161363891819e-05,-0.00338160098686707,-0.00722261193251638,0.216282600814575,-3.00675729639508e-05,-0.0064089234876352,0.0719182623064107,4.81517795458763e-06,3.93696315991466e-06,-0.0026238157673178,-4.35998303587124e-06,-3.16568351669631e-06,1.49848983212186e-06,-1.37745422144702e-06,2.39133538469388e-05,-1.08196175551231e-06,0.0146308027781977,-0.00712991432020069,0.0453185656240696,-8.13308258110559e-09,0.000567141269567086,1.6588094065474e-05,0.000137095518403973,-2.35225807238545e-06,0.00178070214540773,0.00903102012602235,0.000145643722546053,5.87031948929857e-17,-0.342431834448144,-3.42526461921547e-08,1.00411481299828e-09,1.33760696305533e-05,-1.82974200272435e-06,-3.48046880443813e-06,7.16440795578421e-16,4.01588484688631e-16,0.068233111535055,-0.00307090317467758,-1.00498791705405e-05,-1.04202945247073e-16,5.64813614309958e-18,-5.29775121984788e-19,9.06402402005985e-09,3.39138439553466e-16,-1.62285406242747e-16,1.88413362731073e-06,1.30436161436967e-06,-0.0324931419285509,-1.18803221554062e-08,-1.57445672048066e-16,4.85889337139324e-17,4.48804148334446e-17,-2.46598250614394e-05,-6.69550614612305e-16,-2.18987154798622e-15,-1.67921232474555e-15,1.28349177475236e-06,1.23436051057295e-15,0.852600186493391,-2.58662356803367e-15,2.91758804615849e-15,1.10388208416967e-06,-6.5455233734437e-08,9.65221692606948e-17,3.173710747921e-07,-9.85756615223821e-16,-7.91467585914418e-17,-3.44013417544902e-17,-1.62963669497641e-17,7.58941520739853e-18,-1.65738916542061e-05,-9.28077059647592e-17,-7.28141880113066e-17,-2.07309765888498e-16,-2.5283594662362e-16,-1.90941169385272e-16,5.72085399106909e-17,1.26669986224067e-16,4.97373950978988e-18
"t84",0.0997901441852166,-0.0119200860004037,0.0442801016422217,-0.121420732973177,0.0585426392412083,-3.12674877535576e-05,5.34920820637363e-05,8.36202190603847e-05,-2.6090355078731e-05,0.232455539820376,8.31753468128302e-05,-0.00335300802030737,-0.00716136882102143,0.214284448218374,-2.97356134762891e-05,-0.00630869639007131,0.0707833850548789,4.73446120502074e-06,3.86123572851323e-06,-0.00255164573303292,-4.22747294873344e-06,-3.03675634469133e-06,1.40999019113131e-06,-1.29447965188999e-06,2.22022326743661e-05,-9.63277437894728e-07,0.0127674411176935,-0.0061008422662039,0.0385497894593008,-6.84738263334074e-09,0.000435299028996581,1.21958645853059e-05,9.64819901377048e-05,-1.62263488926394e-06,0.00122258545731992,0.00549257436437303,8.29119181736445e-06,-3.96587602168041e-16,0.470984936359411,-1.2954590373993e-06,2.29177908178668e-08,0.000197655179657918,-1.9945376341163e-05,-1.83983497130096e-05,-1.62933902481122e-15,3.2612801348364e-16,0.245873484817964,-0.00994914967543927,-3.2056484718707e-05,5.9143334918968e-16,1.52044062961898e-16,-2.70753891068609e-16,2.79720175242956e-08,1.91686944095437e-16,-2.32821130414424e-16,6.880995783781e-06,6.02870636870001e-06,-0.263152683603999,4.79150571514519e-08,-2.92668155718257e-16,2.21834731719389e-16,1.35601547188943e-16,2.27220517233731e-05,1.39696282588965e-16,1.23599047663348e-17,-1.35308431126191e-16,-2.24162891131197e-07,-4.36316517734076e-16,-0.0154304081704976,-2.18100016983892e-16,6.44341351108135e-16,2.10397434013325e-07,-1.72671716712307e-08,1.31464409727004e-16,1.36538920279469e-07,6.89552581700781e-17,-8.99887803162969e-17,-2.03064205740205e-17,6.74498710892339e-17,-5.0377453944539e-16,-1.07675414393336e-05,9.48460060490319e-16,-0.707106781186547,2.33491697210249e-14,5.23886489744996e-16,-9.19763642387644e-17,2.83228926235717e-16,3.20062687002119e-16,2.74173514218061e-16
"t85",0.0997901441852166,-0.0119200860004037,0.0442801016422217,-0.121420732973177,0.0585426392412083,-3.12674877535576e-05,5.34920820637337e-05,8.36202190603923e-05,-2.60903550787312e-05,0.232455539820376,8.31753468128318e-05,-0.00335300802030737,-0.00716136882102144,0.214284448218374,-2.97356134762937e-05,-0.00630869639007129,0.070783385054879,4.73446120503379e-06,3.86123572849027e-06,-0.00255164573303294,-4.2274729487638e-06,-3.03675634474218e-06,1.40999019113131e-06,-1.29447965190616e-06,2.22022326744193e-05,-9.63277437924665e-07,0.0127674411176935,-0.00610084226620387,0.0385497894593009,-6.8473826840814e-09,0.000435299028996628,1.21958645852403e-05,9.64819901376399e-05,-1.62263488913285e-06,0.00122258545731976,0.0054925743643729,8.29119181734442e-06,-4.0945763252686e-16,0.470984936359411,-1.29545903740992e-06,2.29177908629696e-08,0.000197655179658149,-1.99453763409236e-05,-1.83983497129853e-05,-1.87220031144797e-15,1.66967134562768e-16,0.245873484817964,-0.00994914967543913,-3.20564847190875e-05,1.60532552254129e-16,-4.01033616679205e-17,-5.81680017594427e-17,2.79720177042732e-08,9.54097911787244e-18,7.87891217295223e-17,6.88099578401979e-06,6.02870636867551e-06,-0.263152683603999,4.79150571324784e-08,-3.62474163706221e-16,-2.15113517487684e-16,-3.92208033178138e-17,2.27220517232698e-05,-3.83035388794783e-17,-1.1145598333151e-16,-3.53883589099269e-16,-2.24162891111247e-07,4.43489091493276e-16,-0.0154304081704976,2.1865381243844e-16,-6.31330925038309e-16,2.10397434143755e-07,-1.72671720108028e-08,-1.98748697681143e-16,1.36538920352328e-07,2.3673554436221e-16,-1.44849410244063e-16,-8.84318324479263e-17,-1.42468055841227e-16,5.45516323086082e-16,-1.07675414396537e-05,-8.54351311918577e-16,0.707106781186547,-2.36254042798288e-14,-8.89804722958853e-16,3.29259290244215e-17,-7.75812534429705e-17,-8.23916134600337e-17,-2.17403682200717e-16
"t35",0.0997404063506317,-0.0118823486262866,0.0440760795959364,-0.120459746003101,0.0579634275071126,-3.08788625902341e-05,5.27379473235592e-05,8.18879613130982e-05,-2.54380573679145e-05,0.225615337332073,7.93980159670313e-05,-0.00311510831432008,-0.00665242382770435,0.198278688545317,-2.72768629683683e-05,-0.00567650901314899,0.0636557144760664,4.2419813733136e-06,3.42916844975653e-06,-0.0022084406844014,-3.62979876112951e-06,-2.54167790820921e-06,1.13674711614727e-06,-1.04137092578989e-06,1.75149147377199e-05,-7.19458233293142e-07,0.00933503621733294,-0.00437797315546252,0.0275181043632669,-4.84476074102264e-09,0.000288712508550907,7.90092349385875e-06,6.1209195711201e-05,-1.02045385006471e-06,0.000767337120555646,0.00329936019209842,4.13144331755432e-06,2.56262830169974e-16,0.194045857846171,-3.88429510130733e-07,6.7163973696896e-09,5.59089934468161e-05,-5.41174809787085e-06,-3.76452709807164e-06,1.40946282423116e-17,1.88651178012478e-16,0.0181777392790127,0.000355883788771929,2.0565377432074e-06,2.96921006584248e-16,3.62890819141995e-17,1.36930377490027e-16,-1.30910911329968e-08,-2.76688394418301e-16,-3.17848832488177e-17,-8.18977055643325e-06,-1.17148937953324e-05,0.906966301744584,-8.92939983475121e-07,1.49782884465329e-15,5.74528906094468e-17,-1.7687808656159e-16,0.000137634334740288,4.72402240540046e-17,1.57317735227647e-16,1.12757025938492e-16,-9.06907381257975e-07,-1.18271261987694e-16,-0.0563855435086721,-8.65049619710092e-18,9.61687326994642e-17,6.62575174899531e-07,-5.13911689781123e-08,7.68893754689307e-17,3.5359524296931e-07,3.38975809227593e-16,1.82145964977565e-17,-4.42442132169844e-17,9.6427439513879e-18,-2.76471553983804e-17,-2.24652840292325e-05,2.68882138776405e-16,2.69019135829669e-17,-1.1293349376428e-16,-2.00577401909818e-17,-8.99401773932226e-17,7.81629831874626e-17,3.04415286381805e-16,4.32155666302189e-17
"t13",0.0989047042479773,-0.0112429069170314,0.0406021778741298,-0.103895530134355,0.0478965498763453,-2.40415782693791e-05,3.93451947244644e-05,4.92308720161937e-05,-1.1809525729147e-05,-0.140872134163536,2.14642415347495e-05,0.000348240747785656,0.000748759663601995,-0.0253864549822372,2.37793673337501e-06,-0.00217040803291404,0.0230450321401766,-1.18096144516764e-06,-0.00304800176203573,0.246246387808326,0.0218472166190057,-3.11201908166325e-05,-8.30784541230867e-08,4.31538461440485e-07,-5.57957118145663e-05,1.00557743082701e-05,-0.474836610568852,-0.0370317638480009,0.0944173568761131,2.90575106727878e-09,0.612514798939615,-0.515385209680629,0.0176762694608306,-0.00012897655271044,0.0709864882593904,0.0117009647719036,0.00145398049004259,-1.23082781081996e-16,-0.00186878516686965,-3.34814136791588e-06,5.86066825000731e-08,0.000494972059090006,-4.84593771090842e-05,-3.30673626471045e-05,7.24247051220317e-16,4.23272528138341e-16,0.00541925013143898,0.00176569042089634,8.98556468250423e-05,-8.26774244811551e-16,3.57614994655983e-17,3.42247134348336e-17,-1.03386941298442e-06,1.90819582357449e-17,8.11502981857297e-18,8.6947941707264e-05,3.48533057069251e-05,-0.000718177995869163,-1.80442009647106e-06,-7.50555575853268e-17,3.02292456738006e-18,-3.93870753679624e-17,0.0037010083016831,7.37376782085386e-17,1.78676518025611e-16,-1.17961196366423e-16,-2.8274002147298e-06,3.02046071180611e-17,-0.000289484783966991,3.45032412049853e-16,-2.9316826744008e-16,2.66180189262765e-06,-2.03725495207148e-07,-8.71397791319368e-17,1.40008935234706e-06,1.65015570652294e-16,-8.23993651088983e-18,-4.63040196988098e-17,-2.93236010089432e-17,3.68628738645072e-17,-0.000680228401976726,9.10729824887824e-17,9.84632802856621e-18,1.2050870069492e-17,-1.10588621593521e-16,-6.3964719412792e-17,1.52417959514357e-16,6.39107392582575e-17,6.03851296526995e-17
"t16",0.0992998186483051,-0.0115410244818031,0.0422081606321202,-0.111384084015758,0.0523756680184192,-2.7010265481488e-05,4.50481534061507e-05,6.14057377036747e-05,-1.57471556850111e-05,-0.203797339691802,5.13589125179436e-05,-0.000776331756592019,-0.00164541266627678,0.0374993837968244,-1.7343122511328e-06,0.000313082604783409,-0.003114771632863,9.27100116120246e-08,-8.44927350622022e-05,0.0529828501455339,0.00555302156357589,-1.09544507563619e-05,-3.85733753618944e-08,2.03059894585979e-07,-2.95306738556157e-05,7.76355766766661e-06,-0.459602773766756,-0.0486930813507517,0.140218123808384,5.66610760610944e-09,-0.180761676622926,0.387376368906239,-0.0036173921677863,1.73024791083511e-05,-0.00859268066268474,0.000573386557627851,0.000350431240902247,1.10125972197731e-15,-0.000553353853174777,-1.11745208175443e-06,1.96571651647076e-08,0.000167205587905514,-1.64952949302999e-05,-1.16784857331926e-05,1.2490009027033e-15,-3.49676884670025e-15,0.00200981876904722,0.000673102351825566,3.44544366636737e-05,0.707106781186548,3.1688509837232e-15,-5.51235351486416e-16,-4.17804153120347e-07,3.84241249928863e-16,4.37707606291556e-16,3.65193579336998e-05,1.49065070308486e-05,-0.000312363167632486,-8.04020031289752e-07,7.37410212405672e-16,-2.42380244868292e-16,2.14321394034657e-16,0.00876578764866513,1.49383729510084e-16,-1.45283091113058e-17,3.78169717762944e-16,-1.30607073312722e-06,1.94825754863705e-16,-0.000134597555793047,2.29046170672313e-16,-9.51929507442273e-17,1.25047198064364e-06,-9.61290813924869e-08,2.10945418804086e-17,6.68972994144132e-07,2.150515009125e-16,1.21430643318376e-17,7.30746652400292e-17,-5.38579407315139e-18,-7.79541362017078e-17,-0.00146342768354353,-3.13984949151802e-16,2.34336145830182e-18,1.12005262528035e-16,-1.11130722679764e-16,-8.74789703320479e-17,3.74233865547264e-16,8.09189798264695e-17,-1.90064658626812e-16
"t30",0.0992998186483051,-0.0115410244818031,0.0422081606321202,-0.111384084015758,0.0523756680184192,-2.7010265481477e-05,4.50481534061312e-05,6.14057377036789e-05,-1.57471556850048e-05,-0.203797339691803,5.13589125179665e-05,-0.000776331756591993,-0.00164541266627682,0.0374993837968245,-1.73431225117672e-06,0.000313082604783338,-0.00311477163286299,9.27100115990925e-08,-8.44927350621203e-05,0.0529828501455337,0.00555302156357586,-1.09544507564199e-05,-3.85733753514861e-08,2.03059894753272e-07,-2.95306738556659e-05,7.76355766777138e-06,-0.459602773766756,-0.0486930813507515,0.140218123808384,5.66610762215564e-09,-0.180761676622926,0.38737636890624,-0.0036173921677866,1.73024791084155e-05,-0.0085926806626849,0.000573386557627467,0.000350431240902377,8.14672477020923e-16,-0.000553353853174046,-1.11745208163897e-06,1.96571644690835e-08,0.000167205587904779,-1.64952949344311e-05,-1.16784857336506e-05,-1.73645819945278e-15,2.94469310047063e-15,0.00200981876904838,0.000673102351826633,3.44544366468845e-05,-0.707106781186547,-3.19368144012601e-15,4.20487416387283e-16,-4.17804152687967e-07,-9.15933995315754e-16,-3.56692312156776e-16,3.65193579336474e-05,1.49065070309392e-05,-0.000312363167632179,-8.04020031109015e-07,-5.02918131613285e-16,3.12820787971469e-16,-2.26459782300494e-16,0.00876578764866515,1.21336354161205e-16,-2.05998412772246e-16,-3.85108611666851e-16,-1.30607073305436e-06,-6.52837423699861e-17,-0.000134597555792939,-1.26125648258718e-16,-9.34582272682505e-17,1.25047198064999e-06,-9.61290812641173e-08,-1.07254666649277e-16,6.6897299412505e-07,-5.54840461769457e-16,-1.44415729375069e-16,1.7669728699637e-16,-8.86526085365596e-17,-2.03396327558281e-16,-0.00146342768354367,-4.77048955893622e-18,1.62212023419906e-17,-3.94100290001228e-16,9.32413868337534e-18,1.31350077743964e-17,2.72892625187254e-17,1.36430142907655e-16,3.04331532556298e-16
"t81",0.0996672490573361,-0.0118191252695345,0.0437088859441344,-0.118409856797522,0.056588215861747,-2.98111096697989e-05,5.04400332373532e-05,7.30157388206846e-05,-1.95237878821068e-05,-0.264520308974873,8.09003521059337e-05,-0.0019378019592231,-0.00411869052712998,0.102920684595957,-6.08237852250112e-06,0.00304545564129485,-0.0319307012977557,1.50741029811049e-06,0.00327626272602657,-0.181999943652508,-0.0147562092023319,1.66326636387507e-05,3.52380921603626e-08,-1.81243863633557e-07,2.17986952659303e-05,-3.92423954233088e-06,0.211841311465523,0.0213650672572589,-0.0610954096089898,-2.46114848877069e-09,0.292205468276965,0.189959001764612,-0.000497925505290193,1.56428831103041e-06,-0.000707924045607967,4.50484819232062e-06,3.67675008643018e-06,1.25152334035044e-16,-1.98287326766775e-05,-6.90846258496515e-08,1.2411973064467e-09,1.08819547948612e-05,-1.10859539679523e-06,-9.13926647425306e-07,3.23363297943802e-17,2.03287907341032e-18,0.000191055823223934,7.11310411603656e-05,3.72240074162393e-06,-1.01175629732484e-16,5.30863426824e-17,-4.56911420806167e-17,-5.4768008197738e-08,-1.23951413369405e-16,-6.07534192092707e-17,5.47760849451444e-06,2.37569669825143e-06,-5.25740346783511e-05,-1.46032376526924e-07,-4.97371529381857e-17,6.09978091398699e-17,-4.82032065233725e-17,0.0117686047121074,2.67612741826147e-17,5.67701810040566e-16,-7.56773116394882e-17,-2.45640813033288e-07,5.75922161561758e-17,-2.57013357340805e-05,-1.90764867578367e-16,-2.33191558510898e-16,2.40844842077737e-07,-1.8455109598403e-08,-1.33407768750337e-16,1.21959721590781e-07,-3.92935196099481e-16,-2.57226965422186e-17,-2.71908804893227e-16,1.52644458697457e-16,2.9051536024928e-15,0.821001059942062,2.32940836758511e-15,3.02991183580372e-16,1.14929656895124e-16,-4.0100572602092e-16,-1.45513330938634e-16,-2.84998937302486e-16,7.70072399794034e-16,-5.62645997054946e-17
"t93",0.0996726602565782,-0.0118231919427108,0.0437307469949968,-0.118511302733994,0.0566487207142186,-2.98510664906432e-05,5.05166109236647e-05,7.3177727621496e-05,-1.95758773510188e-05,-0.265347901303317,8.12858888576642e-05,-0.00195193502904718,-0.00414877629884225,0.103708562059241,-6.13359663357636e-06,0.0030761095688545,-0.0322535409502069,1.52311342113054e-06,0.00331275357295106,-0.18439464689828,-0.0149592298220752,1.68922905794546e-05,3.58772886746572e-08,-1.84556813501269e-07,2.22241012371859e-05,-4.01336490188178e-06,0.216896006364449,0.0218955989470802,-0.0626288090222821,-2.52400895670024e-09,0.300547882474348,0.195573490835297,-0.000513070700621173,1.61241552000711e-06,-0.000729760040041403,4.6513120430374e-06,3.81780100619757e-06,4.57102600535204e-16,-2.06767457018149e-05,-7.23928691334337e-08,1.30099334430533e-09,1.14109165866873e-05,-1.16301896880873e-06,-9.61247393632333e-07,-1.28803218091278e-16,-1.53523027623947e-16,0.000201858844786979,7.54067941211711e-05,3.94938184097848e-06,2.20275810364879e-16,7.29490224951208e-17,-2.51673420420322e-19,-5.86723876141657e-08,-1.57642995879392e-16,-7.97870891958196e-17,5.93536743640415e-06,2.59376594631652e-06,-5.79168727031487e-05,-1.63746803824366e-07,5.24605112033986e-17,1.655503734322e-16,1.05874075552362e-17,0.0137425830120508,1.58604297878351e-16,-3.81856005149395e-16,9.71445146547012e-17,-2.97208136390732e-07,-4.78087791485861e-17,-3.16520786384394e-05,-1.69308572606374e-16,-8.98803600990483e-17,3.09528499726607e-07,-2.43457268388116e-08,1.31873704285546e-17,1.82819836933197e-07,2.55329611620336e-16,-1.22081164621868e-16,2.35941586399564e-16,1.5527133699057e-16,-1.63687422990999e-15,-0.403686491176189,-8.56086035394554e-16,2.02961613724474e-16,6.90982965967229e-17,6.80336863234654e-16,-4.6140044984179e-16,-8.18774977019172e-16,0.707106781186547,-2.60966323773789e-16
"t94",0.0996726602565782,-0.0118231919427108,0.0437307469949968,-0.118511302733994,0.0566487207142186,-2.98510664906429e-05,5.05166109236673e-05,7.31777276214847e-05,-1.95758773510294e-05,-0.265347901303318,8.12858888576597e-05,-0.00195193502904719,-0.00414877629884225,0.103708562059241,-6.13359663356138e-06,0.00307610956885448,-0.0322535409502069,1.52311342111574e-06,0.00331275357295109,-0.18439464689828,-0.0149592298220751,1.68922905794939e-05,3.58772886538405e-08,-1.84556813533456e-07,2.2224101237201e-05,-4.01336490191019e-06,0.216896006364449,0.0218955989470801,-0.0626288090222821,-2.52400884697898e-09,0.300547882474348,0.195573490835297,-0.000513070700621068,1.61241552000029e-06,-0.000729760040041353,4.65131204307211e-06,3.81780100626735e-06,4.4768401767821e-16,-2.06767457017633e-05,-7.23928691304522e-08,1.30099329052891e-09,1.14109165867898e-05,-1.16301896862087e-06,-9.61247393647946e-07,-1.46150452851046e-16,-6.89552581700781e-17,0.000201858844787266,7.54067941212468e-05,3.94938184090803e-06,2.25908401699447e-16,-5.39861339301865e-18,-6.08307523680161e-17,-5.86723875269958e-08,2.81892564846231e-17,5.78857645563539e-17,5.93536743626624e-06,2.59376594637854e-06,-5.79168727031294e-05,-1.63746803867734e-07,-7.64036813162384e-17,-1.00899074382165e-16,-1.3515738451333e-17,0.0137425830120507,1.91680091822979e-16,-7.38016418810883e-16,3.46944695195361e-17,-2.97208136448845e-07,1.92475547699083e-18,-3.16520786384065e-05,1.45855458343995e-16,8.5868812060852e-17,3.09528499977275e-07,-2.43457269240299e-08,1.49834013764166e-19,1.82819836944473e-07,3.19839640883224e-18,-2.87096735274162e-16,-2.77363304532067e-17,-1.36158749228518e-16,-1.46101663753284e-15,-0.403686491176187,-1.36566105646274e-15,-4.90929353353477e-16,-9.74357957286482e-17,-8.49580822359641e-16,2.78458643988468e-16,1.29758504620893e-15,-0.707106781186548,4.53739733725712e-16
"t48",0.0996041235999332,-0.0117713341871748,0.04345094965391,-0.117201848769951,0.0558637349095598,-2.93292547826393e-05,4.95122026921386e-05,7.10158466804542e-05,-1.88727483580197e-05,-0.254043505259069,7.57839157213452e-05,-0.00173486348565073,-0.00368652462920922,0.0914714991132284,-5.31857995560402e-06,0.0025607283340366,-0.0268171287606215,1.25581979456333e-06,0.0026752796868152,-0.139158956700278,-0.0110272351216495,1.14300218932236e-05,2.05547131034572e-08,-1.04509767474825e-07,1.11578867049002e-05,-1.09033096584387e-06,0.0330946394829201,0.000602112752509622,0.000747943458769737,2.1027560465417e-10,-0.276914091406841,-0.295248234761516,0.0012075324101318,-4.62775407405257e-06,0.00219534775581629,-6.5070633502152e-05,1.11726627591113e-05,-7.02673439691105e-16,-4.26332609033524e-05,-1.2180911431966e-07,2.17015673877399e-09,1.87964611064992e-05,-1.88997539187117e-06,-1.46017228572649e-06,2.22695126228523e-16,2.05998412772246e-16,0.00027804369594555,9.7544074043854e-05,5.03554742372481e-06,-8.4759093387702e-17,-8.7315161126828e-17,1.23882813584129e-16,-6.35425899918329e-08,-8.02743288508267e-16,-6.30140364382759e-17,5.18998903710442e-06,1.8779259471066e-06,-2.97900393752427e-05,1.84718056107599e-08,2.7062327767581e-16,2.26044446770435e-18,1.65065473295123e-15,-0.83783766698915,-7.68662114209645e-15,-2.94068155243243e-15,-1.06165076729781e-15,-1.24546905804846e-06,-6.53360412413668e-17,-0.000106051198603757,-5.60011327766664e-16,7.23704950134074e-17,8.05161809904359e-07,-5.83229317274118e-08,1.6882578579661e-16,3.61491494606236e-07,4.17851517275913e-16,-1.13841228110978e-17,-5.63065098853801e-16,-2.18189432624033e-16,-2.13045726893402e-17,-0.0039289269576058,3.81205483845903e-16,-1.24965178920683e-16,-7.45108974751895e-17,-5.96311194867027e-17,-4.53935926483022e-17,2.32013147473646e-16,2.26346195963302e-16,7.16326938569684e-17
"t73",0.0996236420701754,-0.0117859886553035,0.0435296840732013,-0.117566736047641,0.0560811832707392,-2.94726976201366e-05,4.97869057433097e-05,7.15950806711961e-05,-1.90585852280981e-05,-0.256988643526028,7.714139692452e-05,-0.00178350279073491,-0.00379005275184551,0.0941720416338964,-5.49250513705908e-06,0.00266234071592742,-0.0278864809615082,1.30756157574476e-06,0.0027939212843169,-0.146589069588506,-0.0116464150789752,1.21712595201241e-05,2.21427420045439e-08,-1.12657513685359e-07,1.20981938504394e-05,-1.20083065494106e-06,0.0366610896164291,0.00067033934400922,0.000833849051452199,2.3496979774211e-10,-0.314479733176513,-0.337181833640932,0.00138574998652325,-5.32135687637558e-06,0.00252552467813272,-7.55860078573562e-05,1.3458405471223e-05,-5.59258162105862e-16,-5.29213516055839e-05,-1.57106119051296e-07,2.80541933173756e-09,2.43823848113022e-05,-2.46116639768641e-06,-1.94430863092836e-06,5.160802341031e-17,-4.22838847269347e-17,0.000386452715123429,0.000140442093980858,7.3157681960665e-06,-9.5014942951616e-17,-2.64582535432615e-17,1.87663240954585e-16,-1.0451675071352e-07,2.44812850547227e-16,-4.03377407753431e-16,1.04887902596869e-05,4.6300874985898e-06,-0.000106144586319278,-3.34412189969603e-07,-3.20621712281755e-16,7.85972610569362e-17,-9.04446376601851e-16,0.385576467929567,4.56192532116978e-15,8.23668390437238e-16,-3.76434994286967e-16,-2.08290438768327e-08,-2.65329223714803e-17,-1.30412286165982e-05,-5.44920030114231e-16,-7.18175519054398e-16,2.15475916514338e-07,-1.86196148750997e-08,-1.601296894102e-17,1.58625282415358e-07,5.7988011094301e-15,-2.86207689492723e-15,-0.707106781186547,2.26517064058994e-17,6.10514243326588e-16,-0.0023718078334484,1.26201132877313e-16,2.12160707303614e-16,6.34124013200466e-16,-1.30700571893128e-16,-1.72841480413919e-17,6.32451365867011e-17,3.06511888635961e-16,3.02320746463577e-18
"t74",0.0996236420701754,-0.0117859886553035,0.0435296840732013,-0.117566736047641,0.0560811832707392,-2.9472697620133e-05,4.97869057433013e-05,7.15950806712025e-05,-1.90585852280974e-05,-0.256988643526028,7.71413969245287e-05,-0.00178350279073491,-0.00379005275184549,0.0941720416338963,-5.49250513710111e-06,0.00266234071592742,-0.0278864809615081,1.3075615757369e-06,0.00279392128431688,-0.146589069588506,-0.0116464150789752,1.21712595201486e-05,2.21427419819925e-08,-1.12657513705417e-07,1.20981938504304e-05,-1.20083065497338e-06,0.0366610896164291,0.000670339344009294,0.000833849051452086,2.34969814438823e-10,-0.314479733176513,-0.337181833640932,0.00138574998652328,-5.32135687635991e-06,0.00252552467813287,-7.55860078575347e-05,1.34584054710363e-05,-5.49681607604205e-16,-5.29213516054461e-05,-1.57106119040291e-07,2.80541952732763e-09,2.43823848113159e-05,-2.46116639771732e-06,-1.94430863092142e-06,1.06468653338077e-16,2.75604192245815e-16,0.000386452715123533,0.000140442093980876,7.31576819600626e-06,-1.90424733444969e-16,9.35643033899831e-17,-1.97775118021752e-16,-1.04516750638059e-07,4.17200995972422e-16,2.17534587741086e-16,1.04887902596368e-05,4.63008749859218e-06,-0.000106144586319195,-3.34412190084474e-07,3.10817634171686e-16,-8.49004256067084e-17,-6.90296117163965e-16,0.385576467929566,2.70056703166592e-15,1.73461505575956e-15,7.63278329429795e-16,-2.08290440511724e-08,8.10525445026369e-17,-1.30412286165119e-05,7.19693388198568e-16,5.35487452990591e-16,2.15475916602375e-07,-1.8619614261875e-08,-8.35316606334218e-17,1.58625282652147e-07,-5.15944708831539e-15,2.76818498678999e-15,0.707106781186548,1.31939768120584e-16,-4.37692417032398e-16,-0.00237180783344797,-5.40149522332278e-16,-6.53952532313138e-17,-5.38549139247171e-16,-1.31513723522492e-16,-1.75144044335165e-16,-7.55330764656642e-17,9.8345029673043e-17,-8.28456064491053e-17
"t26",0.0989245497463109,-0.0112548175859403,0.0406572126799919,-0.10405179106541,0.0479529597720084,-2.40466566161479e-05,3.93130482060836e-05,4.87890314581416e-05,-1.15829464368287e-05,-0.135791065034407,1.61658788898405e-05,0.000785398529496702,0.00168230013353226,-0.0523046263576973,4.52307926771445e-06,-0.00412713069078695,0.0438907439198362,-2.27723336648196e-06,-0.00611359509686682,0.596359505162208,0.057543701183555,-0.000123354021877868,2.23821602746421e-05,-1.99152061911547e-05,0.000271386612606656,-9.35769293954344e-06,0.26848517074308,0.0120128869252817,-0.0243559056572458,-3.79898699304215e-10,-0.0844974717545458,0.0458281829148722,9.66199884608694e-05,-3.86884639475449e-06,0.00249484586369213,0.00144626102937432,0.000433098412948767,9.31516013413444e-17,-0.000691916249523329,-1.42730683818856e-06,2.51350502460113e-08,0.000214140410266292,-2.11621094602402e-05,-1.51148581252203e-05,3.83373888190874e-16,1.76941794549634e-16,0.00263415319565028,0.000888750854404419,4.55652006390835e-05,-1.53770262697391e-17,1.20399406248392e-16,2.88335991414983e-15,-5.60507113965547e-07,4.66814087385359e-15,0.707106781186547,4.94928306392156e-05,2.02925072516832e-05,-0.000426855939249419,-1.10355669527334e-06,-6.9574438744648e-16,3.78818737300166e-16,4.44880195039764e-16,0.00162920943099353,1.77071443795402e-16,-1.04083408558608e-17,-7.21644966006352e-16,-1.82518743076926e-06,-1.43677455310238e-16,-0.000187991755365148,5.34393212103616e-17,1.77809156287623e-16,1.74704375447126e-06,-1.34349005437989e-07,-3.69940278202533e-16,9.36131819180563e-07,2.61509564003504e-16,-2.02962646689286e-16,3.4149095978982e-17,-1.37332036315862e-16,2.46330733588707e-16,-0.000336292904848514,-7.45931094670027e-17,4.45235920374766e-17,-9.54344586274949e-17,-1.48752538065011e-16,-1.20408905804151e-16,2.39643575105022e-17,9.69737360054606e-17,1.15018832932057e-16
"t52",0.0989245497463109,-0.0112548175859403,0.0406572126799919,-0.10405179106541,0.0479529597720085,-2.40466566161565e-05,3.93130482060942e-05,4.87890314581398e-05,-1.15829464368318e-05,-0.135791065034407,1.61658788898249e-05,0.000785398529496709,0.00168230013353227,-0.0523046263576974,4.52307926766047e-06,-0.004127130690787,0.0438907439198362,-2.2772333664863e-06,-0.0061135950968668,0.596359505162208,0.0575437011835549,-0.000123354021877899,2.2382160274767e-05,-1.9915206191144e-05,0.000271386612606587,-9.35769293958361e-06,0.26848517074308,0.0120128869252817,-0.0243559056572457,-3.79898659405575e-10,-0.0844974717545458,0.0458281829148723,9.66199884608106e-05,-3.86884639480084e-06,0.00249484586369218,0.00144626102937442,0.000433098412948799,6.49504863954597e-18,-0.00069191624952326,-1.42730683827834e-06,2.51350502702974e-08,0.000214140410266323,-2.11621094600077e-05,-1.51148581246721e-05,-5.42968447980741e-16,-2.09901540593194e-16,0.00263415319564992,0.000888750854404431,4.55652006390885e-05,1.49855386293433e-16,-1.26761909381087e-16,-2.99291419425903e-15,-5.60507113394823e-07,-4.85028683883115e-15,-0.707106781186547,4.94928305743805e-05,2.02925072530346e-05,-0.000426855939249423,-1.10355669429669e-06,7.26945701498114e-16,-3.49371676452542e-16,-4.32739112676446e-16,0.0016292094309935,-9.93459001094768e-17,-9.36750677027476e-17,7.91033905045424e-16,-1.82518743121335e-06,1.69357678390569e-16,-0.000187991755365296,-3.39475546123597e-16,-2.49366499671666e-16,1.74704375422623e-06,-1.34349005262782e-07,3.15989543789069e-16,9.36131819458119e-07,3.55618312575245e-17,9.54097911787244e-17,-4.4374243432025e-17,1.55348582555755e-16,-7.45931094670027e-17,-0.000336292904848567,1.40512601554121e-16,-5.79350885535632e-19,7.80378351299368e-17,-8.37004077158809e-17,-8.9454974435132e-17,5.97428021252898e-17,-1.68675211129805e-17,-3.54413248482376e-17
"t9",0.0959558790460839,-0.0082808049585222,0.0211503595032601,0.0787191568728896,-0.229419832311787,-0.000215082380703222,0.000196814424324953,0.00015644261353173,-3.86684392329e-05,0.00097300317753494,7.88452612554589e-05,-0.000506525510587832,-0.00105478019637021,0.00610368167906397,7.34663873584152e-06,0.155750525349728,0.0116483118849395,-2.19695303876504e-06,0.000638753615477442,-0.000560824554373629,0.000555719665346465,1.20252680264547e-06,-2.89384909625198e-06,2.75756316086035e-06,-6.23458622497177e-05,4.08091032037749e-06,-0.00765207926932754,0.138034472429103,0.0212553902017058,3.12632003991384e-08,0.00101624735572237,-0.0019725153401082,-0.197395482146873,-0.000157041816556982,0.010380487381126,0.000456663878661209,-0.91322326605827,2.34763694012649e-14,-0.000376905740214817,-6.59403007335674e-06,1.14256062025593e-07,0.000952265925959147,-0.00519122788155632,-5.81603526080658e-05,-2.92734586571086e-16,4.02455846426619e-16,0.000697130803719052,0.000238823252810883,0.0570403060475714,-6.57006560091377e-16,-3.36050748513582e-17,8.72868442071083e-17,-1.50689100781318e-06,-5.44269490587723e-16,-5.64880427514741e-17,0.000122430154236588,4.83361832570035e-05,-8.12196324669226e-05,-2.43008630225515e-06,2.87561757877936e-16,-3.29717955001519e-17,9.38146250865505e-17,4.82804277581979e-05,-4.49137792849271e-17,-3.36102673470506e-17,-2.35922392732846e-16,-3.71171033495665e-06,2.0221282442218e-16,-3.25193642476032e-05,4.7396863705292e-17,-1.78242837156617e-16,3.46706185794932e-06,-2.6479137072398e-07,1.77716879243151e-17,1.80919171562793e-06,1.66479243585149e-16,5.39932681897781e-17,-1.16420768556065e-16,3.19191418728245e-17,-1.25116930704827e-16,-1.01460113838558e-05,-4.98732999343332e-17,-3.78428315019952e-17,-9.63396504442947e-17,-4.64038529823796e-17,1.01263069357737e-16,1.85030956054808e-16,1.57294506263935e-17,2.87783360544427e-17
"t62",0.096177968477658,-0.00840464358290217,0.0216150338347043,0.0817555070261968,-0.240630187302709,-0.000228515541964851,0.000210919281243762,0.000173712408591412,-4.39864140079624e-05,0.00113592446857716,0.000102116125647557,-0.00080857926753555,-0.00168565581601313,0.0101073949781092,1.32464887553368e-05,0.353134681776969,0.0266080661687602,-5.2902381945888e-06,0.00177064437359913,-0.00288985127341663,0.00396538572235777,-2.96382870946631e-05,8.77893526295831e-06,-7.9413302011992e-06,0.000121800094519558,-3.98176334584872e-06,0.00613056307877831,-0.0947417282963713,-0.0140031389624136,-1.92653127871218e-08,-0.000408993747407283,0.000692851664101461,0.0617827881271775,4.69059509648409e-05,-0.00306792323364391,-0.000107858104940292,0.0905838972145375,-2.49720771201855e-15,1.49396001250716e-05,5.42467081557320e-09,5.01383509363129e-11,2.0140513672854e-06,-1.91146317970415e-05,-3.09727307546206e-07,2.393484715979e-15,-2.60208521396521e-16,-3.93660291314498e-05,-0.000170559284544105,-0.517421740233989,6.04477962015703e-15,-8.47883274388162e-17,-6.88377235910239e-16,-4.03418493261695e-07,1.07249278902266e-15,1.37408634234994e-16,3.12990189596238e-05,1.26365122522312e-05,-2.19009979935745e-05,-6.90796354717109e-07,-6.48721783545855e-16,2.28428400398558e-16,2.34718706632782e-17,1.48078837387234e-05,7.87999861550054e-16,4.18935719448399e-16,-4.57966997657877e-16,-1.18244361107731e-06,7.6190623135273e-16,-1.05018921095761e-05,8.9407953979057e-16,1.93432509593139e-15,1.14714875292015e-06,-8.85686489578673e-08,0.707106781186547,6.24653120995071e-07,-4.1476154108433e-15,3.814223242804e-16,9.524128616277e-17,-1.39908305552894e-16,1.2414114874959e-17,-3.75254309911531e-06,-1.66967134562768e-16,1.92238499379079e-16,-3.60307543431169e-17,-2.41018142943528e-16,-2.2136632677329e-16,-8.18855197215505e-17,2.49529693106597e-16,1.02527635935181e-16
"t63",0.096177968477658,-0.00840464358290217,0.0216150338347043,0.0817555070261968,-0.240630187302709,-0.000228515541964841,0.000210919281243757,0.000173712408591417,-4.39864140079667e-05,0.00113592446857716,0.00010211612564757,-0.000808579267535552,-0.00168565581601313,0.0101073949781092,1.32464887553225e-05,0.353134681776969,0.0266080661687602,-5.2902381946184e-06,0.00177064437359911,-0.00288985127341666,0.00396538572235777,-2.9638287094677e-05,8.77893526292362e-06,-7.94133020114011e-06,0.000121800094519617,-3.98176334587573e-06,0.00613056307877838,-0.0947417282963713,-0.0140031389624136,-1.9265312710794e-08,-0.000408993747407403,0.000692851664101413,0.0617827881271777,4.69059509648795e-05,-0.00306792323364381,-0.000107858104940262,0.0905838972145375,-2.50086287094419e-15,1.49396001251679e-05,5.42467097207778e-09,5.01381991480088e-11,2.01405136723654e-06,-1.91146317971536e-05,-3.09727307485491e-07,2.12113313025064e-15,-9.75781955236954e-17,-3.9366029131399e-05,-0.000170559284543931,-0.517421740233989,6.26682422511183e-15,1.8285089638301e-16,-1.34995529302908e-17,-4.03418493232638e-07,1.29280267047172e-15,-2.41049497712626e-16,3.12990189593071e-05,1.26365122521772e-05,-2.19009979934121e-05,-6.90796354667561e-07,5.4650269112126e-16,-2.03578731874712e-16,-2.72508546973844e-16,1.48078837384611e-05,-8.55650632121976e-16,-4.13297868151474e-16,5.03069808033274e-16,-1.18244361138088e-06,-7.90627656941068e-16,-1.05018921093282e-05,-7.17478568820708e-16,-2.08058396899968e-15,1.14714875252832e-06,-8.85686486495202e-08,-0.707106781186547,6.24653120614299e-07,4.23624893844399e-15,-4.23272528138341e-16,-1.16611817461614e-16,1.79515617091831e-17,1.02999206386123e-17,-3.75254309926769e-06,-3.98986399474666e-17,2.40810751728402e-16,-8.46030136352234e-17,-7.68699340292223e-17,1.11700579543829e-16,-1.82499487305474e-16,1.66262965647958e-16,-1.13135922008619e-17
"t89",0.0962024179822084,-0.00841825817975703,0.0216660814002896,0.082088499744209,-0.241858346003732,-0.00022998526933358,0.000212461144188834,0.000175593616380065,-4.45643685454851e-05,0.00115358809065349,0.000104616709349529,-0.000840553480587049,-0.00175243306961283,0.010530246771463,1.38665276631319e-05,0.373647436462276,0.0281622320314738,-5.61089688348017e-06,0.00188736342696838,-0.00312626616053972,0.00430977248514097,-3.27027717469958e-05,9.91004916211548e-06,-8.97652963151831e-06,0.000139374880289046,-4.72068389282354e-06,0.0073727688564604,-0.11540572491923,-0.0171195314578948,-2.36984525833501e-08,-0.000527076272574552,0.000908786086561754,0.0823493519337962,6.29467327885838e-05,-0.00412350118226633,-0.000150139938742668,0.149095859798723,-3.32533318982424e-15,3.02739620563719e-05,1.7759749704931e-08,1.71557145225987e-10,7.40729674836171e-06,-7.70128762002058e-05,-3.27904081535036e-06,-2.39218367337202e-15,2.45897052719712e-16,0.000122134439907534,0.000193786091756095,0.480219771893742,-5.73567526862583e-15,5.9661450741052e-17,4.13075239658272e-16,-1.01535089181912e-08,-1.17072150584985e-15,-1.65241386382439e-16,9.95610028559413e-06,5.18419300161218e-06,-1.05002469957699e-05,-3.85446378223329e-07,4.99379057773717e-17,-2.48008993732607e-16,-1.15406958224963e-16,9.42348348044631e-06,4.13934493894133e-16,-2.15214131238373e-16,-1.11022302462516e-16,-7.89127962349222e-07,2.19504169990479e-16,-7.11568671298521e-06,-9.91225205680172e-17,-2.08275237334465e-16,7.96881368025123e-07,-6.21691871409685e-08,1.12796122994882e-16,4.50960768194099e-07,1.98842678433842e-16,-3.73182387769511e-16,2.63670766579642e-16,3.73703183893346e-17,7.61652026171067e-17,-2.8522347708105e-06,-1.18828558104411e-16,-1.81679965855682e-16,-1.42680503322398e-16,4.27294918198262e-15,0.707106781186548,-3.6014211074371e-13,5.09698829289313e-16,6.64806233979317e-16
"t90",0.0962024179822084,-0.00841825817975702,0.0216660814002896,0.0820884997442091,-0.241858346003731,-0.000229985269333576,0.000212461144188833,0.000175593616380052,-4.45643685454826e-05,0.00115358809065348,0.000104616709349531,-0.000840553480586982,-0.00175243306961286,0.0105302467714631,1.38665276631665e-05,0.373647436462276,0.0281622320314738,-5.61089688346596e-06,0.00188736342696838,-0.00312626616053971,0.00430977248514097,-3.27027717469785e-05,9.91004916211721e-06,-8.97652963151127e-06,0.000139374880289056,-4.7206838927882e-06,0.00737276885646038,-0.11540572491923,-0.0171195314578947,-2.36984525701228e-08,-0.00052707627257456,0.000908786086561736,0.0823493519337962,6.29467327885845e-05,-0.00412350118226641,-0.000150139938742525,0.149095859798722,-3.35700481051326e-15,3.02739620564542e-05,1.77597496542445e-08,1.71557134817646e-10,7.40729674838491e-06,-7.70128762002932e-05,-3.27904081530005e-06,-1.64278313175004e-15,1.645818897833e-16,0.000122134439907672,0.000193786091755987,0.480219771893741,-5.68363355385013e-15,-8.92005662560285e-17,3.76814387071477e-16,-1.01535089802075e-08,-1.3615410882073e-15,5.63597733945876e-17,9.95610028563313e-06,5.18419300161131e-06,-1.05002469957892e-05,-3.85446378120763e-07,2.56517939856357e-17,1.99522575331434e-16,1.84049714777415e-16,9.4234834804008e-06,-2.08831227863201e-16,8.32667268468867e-17,-1.02348685082632e-16,-7.89127962431621e-07,1.05352921288301e-16,-7.11568671315278e-06,1.92311041186457e-16,-4.8463837110102e-17,7.96881368116901e-07,-6.21691870590028e-08,-2.34771996133036e-16,4.50960768296448e-07,2.43403387722996e-17,-2.90566182226115e-16,-2.03403456061922e-16,-5.45651193594912e-17,1.12757025938492e-16,-2.8522347708922e-06,7.22078646875346e-16,-9.84154711259922e-17,2.73652226833969e-16,-4.59755931242478e-15,-0.707106781186549,3.60531406412009e-13,-2.39702177952806e-16,-5.73786348527912e-16
"t50",0.0961544542765805,-0.00839093300306621,0.0215623213697817,0.0813911003563411,-0.239238091518055,-0.000226772104739789,0.00020903409102406,0.000171112090098886,-4.31191818473202e-05,0.00110700210757926,9.63423780997745e-05,-0.00065791504025901,-0.00136971325870386,0.00782438988830082,8.53239663509416e-06,-0.308079701747713,-0.0278595800952068,2.14223341274406e-05,0.00656208117408638,-0.00506795140670063,0.00664052466229664,-4.68988860886353e-05,1.41151917507944e-05,-1.28064288685348e-05,0.000203563901409354,-8.15300400926718e-06,0.0145547746609425,-0.273827116492732,-0.043561008898112,-6.97492343417795e-08,0.00130681962524805,-0.000902024677524193,-0.0422660262403999,-2.45906332033915e-05,0.00151170354198296,5.738528688209e-06,0.00659343140718196,-2.16803588563895e-16,-1.33554204161068e-05,-1.22813028491495e-06,2.65258691270823e-08,0.000379241681902881,-0.490362579603958,-5.65408976298254e-07,6.40112962635442e-16,5.23452808876002e-16,5.23778146832113e-05,2.20407203363851e-05,0.000677084523639771,8.97486619855788e-16,-1.07771859893097e-16,3.92079462963971e-16,-2.25940834132788e-07,-2.71050543121376e-16,-1.96825099395123e-16,2.23503905688693e-05,9.59923566982079e-06,-1.73651257097956e-05,-5.73174738471112e-07,-1.84776931191791e-16,-3.47397091311005e-16,-3.29075439883601e-16,1.28200511347864e-05,3.26777657487676e-15,-2.7300210703185e-16,1.10224329663566e-14,-1.0403963558378e-06,0.707106781186547,-9.28896565391187e-06,2.86981992207272e-15,-2.93406791918027e-15,1.02357516168516e-06,-7.93205738687172e-08,-4.25308889624217e-16,5.65115645684983e-07,-1.52872506320456e-16,6.2753621743461e-16,-3.03184528603257e-16,2.51501514953606e-16,-3.08672358506623e-16,-3.46026998687644e-06,-1.88217497143484e-16,-5.90694651542753e-16,1.05280438756406e-15,-1.56233533055161e-16,-3.08966373101797e-16,-2.74259963799209e-17,3.89776868185225e-17,2.25659492697232e-16
"t51",0.0961544542765805,-0.00839093300306621,0.0215623213697817,0.0813911003563412,-0.239238091518055,-0.000226772104739791,0.000209034091024042,0.000171112090098872,-4.3119181847303e-05,0.00110700210757926,9.63423780997471e-05,-0.000657915040259032,-0.00136971325870385,0.00782438988830083,8.5323966350552e-06,-0.308079701747712,-0.0278595800952068,2.14223341274654e-05,0.00656208117408634,-0.00506795140670061,0.0066405246622966,-4.68988860886612e-05,1.41151917507319e-05,-1.28064288685183e-05,0.000203563901409268,-8.15300400928614e-06,0.0145547746609424,-0.273827116492732,-0.043561008898112,-6.97492342728243e-08,0.00130681962524804,-0.000902024677524144,-0.0422660262404,-2.45906332033272e-05,0.00151170354198301,5.73852868819481e-06,0.00659343140718184,-2.33855208825072e-16,-1.33554204161412e-05,-1.22813028496677e-06,2.65258692528497e-08,0.000379241681903005,-0.490362579603958,-5.65408976280907e-07,5.19983361924048e-16,4.37150315946155e-16,5.23778146832383e-05,2.20407203363487e-05,0.000677084523640031,1.37453557577425e-15,-1.06116439916972e-16,-3.55853713260811e-16,-2.25940834153171e-07,-7.255480938273e-16,-3.2780705816204e-17,2.23503905691361e-05,9.59923566990145e-06,-1.73651257098769e-05,-5.73174738380039e-07,2.02066405497578e-16,4.38940864756453e-16,3.89066201225211e-16,1.28200511348869e-05,-3.27560037581372e-15,1.00397121172158e-16,-1.08663078535187e-14,-1.04039634711041e-06,-0.707106781186548,-9.28896565191695e-06,-3.1947733530407e-15,2.91021547138559e-15,1.02357516018918e-06,-7.93205738882329e-08,5.32868332870519e-16,5.65115646193257e-07,1.88000656708986e-16,-1.00267016911459e-15,2.85537252323812e-16,-3.6345784128667e-16,3.22766986748935e-16,-3.46026998677648e-06,5.20417042793042e-17,5.26467203066009e-16,-1.13988611202382e-15,-2.84386229842948e-16,1.24714476392571e-16,1.04412878891223e-16,4.93860138121914e-17,-1.34946150489005e-16
"t39",0.0961444053408313,-0.00838534407977732,0.0215413808025452,0.0812547475811728,-0.23873579333503,-0.000226172021211848,0.00020840531393126,0.00017034925033831,-4.28858782577653e-05,0.0010999114044572,9.53694629491976e-05,-0.0006471652203941,-0.00134729264902753,0.00768909477706044,8.36721913179025e-06,-0.300667588275646,-0.0271855611871303,2.08843469253914e-05,0.00638273675931013,-0.00489570001924512,0.00640076360602571,-4.48785813370042e-05,1.33549657113582e-05,-1.21084599814746e-05,0.000191260873432232,-7.5158238415721e-06,0.013309983233997,-0.248566999555656,-0.0394583484359915,-6.29501526513282e-08,0.00114573918448371,-0.000781634813853031,-0.0362236050609163,-2.09746785100757e-05,0.00128799105496619,4.76468924751372e-06,0.00468413429568054,-2.16040411878419e-16,-6.8639333137231e-06,3.93730078306303e-07,-1.18108329297262e-08,-0.000257208246995758,0.509260799924056,-1.018177493671e-05,-7.29884902517242e-16,-9.00321484031963e-16,0.000110224105230904,3.72280158710583e-05,0.00110721133678376,-1.65658598496043e-15,5.12986884467989e-16,2.49975864229774e-16,-3.06407958830177e-07,3.17020715234761e-16,-2.00823001545169e-16,2.81111074321526e-05,1.17625678491087e-05,-2.08482847103505e-05,-6.71731751708971e-07,9.62103513970994e-15,0.707106781186548,1.82280757167081e-14,1.46508749858327e-05,1.93795882069883e-15,6.42064526545916e-16,-3.71230823859037e-16,-1.17683176303722e-06,4.24739317193302e-16,-1.04712619355649e-05,-8.3139479057587e-16,-4.28259858131774e-16,1.14720693499394e-06,-8.86815643328341e-08,-3.92458572618854e-16,6.27485747804399e-07,-2.88668828424266e-16,1.37910516340156e-16,3.26073762725524e-16,1.55757025567496e-16,-6.50521303491303e-18,-3.79134976801225e-06,1.59594559789866e-16,7.50636833245914e-17,-1.32396395638324e-16,-6.80878964320897e-17,-1.99722056739497e-17,3.19357829720266e-17,-9.38431896155788e-18,1.79683196211151e-16
"t40",0.0961444053408313,-0.00838534407977732,0.0215413808025451,0.0812547475811728,-0.23873579333503,-0.000226172021211844,0.000208405313931263,0.000170349250338319,-4.28858782577589e-05,0.00109991140445719,9.53694629492104e-05,-0.000647165220394113,-0.00134729264902753,0.00768909477706042,8.36721913176546e-06,-0.300667588275646,-0.0271855611871303,2.08843469253695e-05,0.00638273675931013,-0.00489570001924509,0.00640076360602572,-4.48785813370164e-05,1.33549657112784e-05,-1.21084599814897e-05,0.000191260873432246,-7.51582384162524e-06,0.0133099832339971,-0.248566999555656,-0.0394583484359915,-6.29501526708438e-08,0.00114573918448373,-0.000781634813852949,-0.0362236050609162,-2.09746785100432e-05,0.00128799105496607,4.76468924752226e-06,0.00468413429568058,-1.48186720056245e-16,-6.86393331368199e-06,3.93730078397268e-07,-1.1810832761458e-08,-0.000257208246995823,0.509260799924056,-1.018177493671e-05,-1.86049092798513e-16,-1.0698907038087e-15,0.000110224105230891,3.72280158711608e-05,0.00110721133678369,-1.22290511560802e-15,-2.06676447900673e-16,2.49317408666694e-16,-3.06407958853162e-07,1.93855348440408e-16,3.10403309787764e-16,2.81111074321618e-05,1.17625678492995e-05,-2.0848284710279e-05,-6.71731750912516e-07,-9.52337314308312e-15,-0.707106781186548,-1.82709127970635e-14,1.46508749858296e-05,-1.70669520298348e-15,-8.3917248150378e-16,1.00613961606655e-16,-1.17683176269548e-06,-6.16491178540871e-16,-1.04712619354767e-05,7.99245278234262e-16,1.84422789539784e-16,1.14720693509217e-06,-8.86815641892857e-08,3.22193289504446e-16,6.27485747884196e-07,4.15249432061948e-16,-2.18141477104083e-16,-3.0796767007478e-16,3.56984780844158e-16,1.22514845490862e-17,-3.79134976797831e-06,1.86049092798513e-16,-6.37141158266691e-17,2.0067054372351e-16,-1.49836740237497e-16,-2.24669552345749e-16,3.19359141722422e-17,7.38824243833513e-17,-1.30832305256606e-16
"t29",0.0960082821287967,-0.00830940319083586,0.0212563686285096,0.0793917044163307,-0.23185657986983,-0.000217928655102782,0.000199750397065823,0.000159763559689644,-3.96309867774441e-05,0.00100042783243056,8.1426407601918e-05,-0.000487293502284818,-0.00101379268682971,0.00566530335745802,5.86487881843924e-06,-0.185013597271316,-0.0166595618087299,1.24330280644335e-05,0.00352460989441317,-0.00202552944933562,0.00234680539241,-8.97093283517555e-06,-1.32410025021137e-06,1.43849912152101e-06,-5.95887664842125e-05,7.7996893547077e-06,-0.0190358652097911,0.460460627712043,0.0784252711999885,1.40640981336187e-07,-0.00607803769110914,0.00595947076603882,0.404709170840877,0.000282656144360607,-0.0181738104391849,-0.00051502925585305,0.0403056234844859,-5.75434373816051e-16,-4.89778062177105e-05,-1.67133426050541e-06,2.96702634735441e-08,0.000258059014137955,-0.0128431123839833,-1.79451286997003e-05,-4.56665955050894e-16,-3.38271077815477e-16,0.000250602129121908,8.68729177765243e-05,0.00258733844175495,-3.38975499680562e-16,1.21823098177472e-15,-0.707106781186548,-7.004292229538e-07,1.70479949601621e-15,2.48942202149685e-15,6.18605776547429e-05,2.53456389737545e-05,-4.40094244090633e-05,-1.37581715697801e-06,7.90542812160303e-17,6.95364785744571e-17,2.03484558823189e-16,2.8819520587241e-05,-5.0233449698496e-17,-2.90566182226115e-17,2.28983498828939e-16,-2.26956334822143e-06,4.10873097840835e-16,-2.00514998368257e-05,-3.8132811290418e-16,-2.41126563160776e-16,2.16924112324518e-06,-1.66740697826653e-07,7.33341725499037e-17,1.16043159320046e-06,2.75712612463064e-16,1.55691431968918e-16,-2.18965789089512e-16,6.47630944781308e-17,1.17961196366423e-16,-6.76230396848699e-06,-9.75781955236954e-17,1.45658250097145e-16,1.5590455178026e-16,-2.29091919046187e-16,-8.84138325885172e-17,2.05525201516927e-16,1.39790731533954e-17,5.54244187823037e-17
"t22",0.0960082821287967,-0.00830940319083585,0.0212563686285096,0.0793917044163307,-0.23185657986983,-0.000217928655102784,0.000199750397065827,0.000159763559689641,-3.96309867774473e-05,0.00100042783243056,8.14264076018972e-05,-0.000487293502284784,-0.00101379268682973,0.00566530335745799,5.86487881851233e-06,-0.185013597271316,-0.0166595618087299,1.24330280644285e-05,0.00352460989441317,-0.00202552944933556,0.00234680539241002,-8.97093283519385e-06,-1.32410025014199e-06,1.43849912127467e-06,-5.95887664842377e-05,7.79968935461495e-06,-0.0190358652097911,0.460460627712043,0.0784252711999887,1.40640981213889e-07,-0.00607803769110908,0.00595947076603903,0.404709170840878,0.00028265614436062,-0.018173810439185,-0.000515029255852962,0.0403056234844859,-4.96508267307369e-16,-4.89778062176281e-05,-1.6713342611683e-06,2.9670264458867e-08,0.000258059014137596,-0.0128431123839837,-1.79451286999779e-05,2.60208521396521e-16,4.98732999343332e-16,0.000250602129122325,8.68729177763707e-05,0.00258733844175388,6.18591859186703e-16,-1.26852773178705e-15,0.707106781186547,-7.0042926776431e-07,-1.26851654180804e-15,-2.57437852956453e-15,6.18605776528001e-05,2.53456389741639e-05,-4.40094244093057e-05,-1.37581715702972e-06,-3.51157140805599e-16,-5.1677324306554e-17,-2.89773219548063e-16,2.88195205874277e-05,1.37116685706798e-16,-3.42607886505419e-16,-3.67761376907083e-16,-2.26956334811734e-06,-2.30344395771255e-16,-2.00514998368559e-05,-1.73161295883755e-16,1.23273787011602e-16,2.16924112314879e-06,-1.66740697879128e-07,4.16207395204254e-18,1.16043159314148e-06,7.25331253392802e-17,-3.4781205693335e-16,1.52265034618972e-16,-2.68303822884455e-16,9.32413868337534e-17,-6.76230396849361e-06,-1.69569219776733e-16,9.01471033404582e-17,-1.06289001016322e-17,-2.25405631659736e-16,-3.29026800314682e-17,6.67473308438258e-17,-4.15320771484959e-17,-1.82145588373034e-18
"t4",0.0957969469338431,-0.00819191666061985,0.0208162795947547,0.076527807338119,-0.221310466882898,-0.00020533576460657,0.000186559875629411,0.000143784015319585,-3.47489528725321e-05,0.000852221704958257,6.11919085650517e-05,-0.00026619841707198,-0.000552689247527562,0.00288832442242708,2.49073637059746e-06,-0.0355337717937224,-0.00307222075053567,1.61907553629047e-06,-5.35678914232461e-05,0.00131808992462827,-0.00225829992514295,2.82092644585121e-05,-1.39909110713592e-05,1.29791022557878e-05,-0.000246655467017028,1.35161030250247e-05,-0.025097014987425,0.458818462253949,0.0712417577948682,1.06937342488067e-07,0.00302665057322643,-0.00685904269761194,-0.776540511690056,-0.000655022937951345,0.04391813208957,0.00310614383007656,0.319000113491768,-8.11408477910326e-15,-0.000232740293056437,-6.17691624616779e-06,1.08233865092622e-07,0.000916433769919385,-0.00621785946876206,-6.06956140965613e-05,-1.13624387676481e-16,3.15719672627779e-16,0.000774076966846967,0.000255662418232345,0.00753789006273118,3.86439603806449e-16,2.61422482618884e-17,3.2500334869939e-16,-1.86736117076692e-06,2.68882138776405e-17,9.912219034565e-18,0.000154886622323742,6.16638867079232e-05,-0.000104314372933769,-3.14567407872749e-06,2.55985362266939e-16,4.78677446919168e-18,7.94024562105094e-17,6.29638102920033e-05,-1.85310861330832e-17,6.63531729561129e-17,-2.35922392732846e-16,-4.8528852776928e-06,1.36754973912402e-16,-4.25495324847386e-05,1.28915769828138e-16,2.38524477946811e-17,4.54160037489286e-06,-3.47006467857434e-07,-5.52163510468859e-17,2.37324070101984e-06,1.3910313872989e-16,-2.77555756156289e-17,3.67605270374109e-17,-3.10652397083786e-17,-7.56773116394882e-17,-1.33189271808781e-05,1.73472347597681e-18,-7.84009998077345e-17,-2.18493423164211e-16,7.67615138119737e-17,-7.48111466772547e-17,2.81488271226494e-16,-1.24989640486299e-16,1.44033039385338e-17
"t10",0.0887767007783937,-0.00236649778708626,-0.0122523852449073,0.210056237285157,0.132740181387542,-0.00110215895685353,0.000595568936880937,0.000236534476419853,-4.11289084328903e-05,0.000165280473086014,-7.59396540574948e-05,0.00243510738369105,0.00507910429384181,-0.0129918412702508,-7.08707846298013e-05,-0.00531546007094503,0.0120608841257678,-0.000162050621438689,-0.364237725501359,0.0698437622102001,-0.881507819872902,-0.00122396802412223,0.000147407666180738,-0.000128982167117585,0.0583858544348867,-2.12450920846953e-05,0.00624820780672113,-0.0104910046868025,0.00302204829242599,5.94428118888893e-08,-0.00167044357025141,0.00105285164299385,0.00533501557006391,-7.3923149905123e-05,0.00193718860981863,0.000551636162281192,0.00163844603853666,-1.60290820872509e-16,-0.000170791493243976,-1.48622935481632e-05,2.80992093232291e-07,0.0224611734393001,-5.05226587726682e-05,-0.000128580020058666,3.22658566531686e-16,-6.76542155630955e-17,0.00058376028366992,0.000196132331114895,0.00013030346277457,-1.80654047282153e-17,-2.43728576724593e-17,1.00228813462672e-17,-4.49329124980156e-06,2.09901540593194e-16,-2.11212840999262e-16,0.00403466730356604,0.000155018629654792,-9.12993338404077e-05,-8.17440509549849e-06,-1.01263675412497e-16,1.47539172043848e-17,-1.85635159851045e-17,5.77940730527415e-05,6.89626501472288e-17,4.54497550705923e-16,-1.52655665885959e-16,-1.30433597502581e-05,5.05586136602413e-17,-3.97099901111304e-05,-5.22919045046083e-17,-2.55004350968591e-16,1.23320415804148e-05,-9.44938665385989e-07,-1.27894088889273e-17,6.51566910517959e-06,1.32706345912226e-16,-1.30104260698261e-17,-4.98621212616e-18,1.9984667012048e-17,1.80844922370582e-16,-1.29487687216914e-05,6.93889390390723e-18,-1.81456236959322e-17,-6.50128348271694e-18,-1.9298798670242e-16,-8.00573065691134e-17,5.69149880107865e-17,3.0378228602218e-17,3.18717381736939e-17
"t78",0.0896793462380356,-0.00253137819626119,-0.0135501513419695,0.252635043585484,0.168847112544674,-0.0015179887719717,0.000869234967035033,0.000462619797985517,-0.000106199883298084,0.000666377473813498,0.000194728128650354,-0.000925931157662588,-0.0019165913987951,0.00382507262430157,1.01021688678786e-05,-0.00101891037026386,0.00247018830573623,-5.03594620523361e-05,-0.326005104525228,-0.0316586174995845,0.270500594789545,0.000140935012939216,2.23509970228783e-06,-3.07412602440793e-06,0.455053335344388,-8.28875905272652e-07,0.000359419182293141,-0.000735401756187767,0.000221240929873377,4.64273123721923e-09,-0.000175358886448889,0.000118131249686406,0.000628870865674196,-8.87577056072147e-06,0.000233535154135555,7.18102495549796e-05,0.000258422276408043,1.31097618587153e-16,-3.04564299638122e-05,-4.54006311289976e-06,1.063003396461e-07,0.0272283940425357,6.27817948602497e-06,-1.81473273928954e-05,3.55618312575245e-17,2.61075883134509e-16,9.9432609239418e-05,3.51530485937078e-05,2.357422222348e-05,-1.58520902622245e-16,1.53390856871171e-16,3.01974842577168e-16,-8.7700291972418e-07,-1.46150452851046e-16,-6.82751468334612e-16,0.0049186634347362,3.20473006663066e-05,-1.93699772244688e-05,-1.79081225445347e-06,-1.59027091097698e-15,-1.85437233687388e-14,0.707106781186548,1.31858879080476e-05,1.97538153206998e-15,-8.3917248150378e-17,-7.45931094670027e-16,-3.03526478418869e-06,5.10782231664397e-16,-9.30664054834373e-06,1.25590162323085e-15,6.97792518211671e-16,2.92715528975372e-06,-2.25580343563101e-07,-1.93112239329014e-16,1.58194503863465e-06,1.79706510089472e-16,2.87747256577653e-16,-2.21691562569771e-16,1.11077492518037e-16,4.18935719448399e-16,-3.26486606312269e-06,4.16333634234434e-17,8.40880813699111e-17,2.2255916408039e-17,-1.34983170474445e-16,7.93637391988225e-17,4.54838250659569e-17,5.55209692680684e-18,1.60658561309969e-16
"t41",0.0896793462380356,-0.00253137819626119,-0.0135501513419695,0.252635043585484,0.168847112544675,-0.0015179887719717,0.000869234967035018,0.000462619797985524,-0.000106199883298069,0.000666377473813492,0.000194728128650355,-0.000925931157662603,-0.0019165913987951,0.00382507262430153,1.01021688678739e-05,-0.00101891037026391,0.00247018830573628,-5.0359462052384e-05,-0.326005104525228,-0.0316586174995846,0.270500594789546,0.000140935012939197,2.23509970219068e-06,-3.07412602439772e-06,0.455053335344388,-8.28875905322254e-07,0.000359419182293178,-0.000735401756187731,0.000221240929873447,4.64273145969751e-09,-0.000175358886448854,0.000118131249686482,0.00062887086567404,-8.87577056074431e-06,0.000233535154135657,7.18102495550934e-05,0.000258422276407937,1.63589802443828e-16,-3.04564299638759e-05,-4.54006311289374e-06,1.06300339620079e-07,0.0272283940425358,6.27817948595203e-06,-1.81473273928538e-05,-5.3776427755281e-17,-1.26201132877313e-16,9.9432609239583e-05,3.51530485937435e-05,2.35742222237176e-05,9.8218172353003e-17,-5.21137266061952e-16,-2.95211489405371e-16,-8.77002919904158e-07,-5.29090660172926e-17,1.19051825033672e-16,0.00491866343473586,3.20473006662188e-05,-1.9369977224724e-05,-1.79081225418621e-06,1.56519108814786e-15,1.85921661518111e-14,-0.707106781186548,1.31858879052208e-05,-1.87657194765242e-15,6.98226199080665e-17,6.34908792207511e-16,-3.03526478407333e-06,-5.00235444488113e-16,-9.3066405483085e-06,-1.33577524672061e-15,-9.09320362063593e-16,2.92715529028747e-06,-2.25580343438201e-07,1.81845529698568e-16,1.5819450386893e-06,1.58618777834629e-16,-3.82506526452886e-16,1.88136854124439e-16,-5.14931202457899e-18,-5.18790739534314e-16,-3.26486606315571e-06,7.80625564189563e-18,-5.46896379307533e-17,-2.63162765774432e-17,-4.71627945031194e-17,-2.30284353845252e-16,4.54840898732089e-17,7.49410693210891e-17,-7.76490747214053e-17
"t19",0.0896364756296886,-0.00252360255600793,-0.0134891925512209,0.25065403716501,0.167177298295556,-0.0014989127894028,0.000856750185400828,0.000452551339958451,-0.000103352804562681,0.000644893619534461,0.000184211730393781,-0.000835469172854325,-0.00172889897172706,0.00342233343427677,8.86193907510023e-06,-0.000847257486902718,0.0020504693169861,-4.12919366048801e-05,-0.258740331243829,-0.021998655441584,0.177209389674718,6.7457213466758e-05,-2.46453149190667e-07,5.30851381442082e-07,-0.53821813873666,-3.11226185807938e-06,0.000954010416351086,-0.00166502124799276,0.000484684256754815,9.69779161727295e-09,-0.000301675580491144,0.000195641993892948,0.00101396734643475,-1.417296400926e-05,0.000372129319082283,0.000110122432310162,0.000365721080445553,-1.70820287439827e-16,-4.16780849096406e-05,-6.05405403641642e-06,1.41580439733113e-07,0.0362026107590928,8.33179865903702e-06,-2.38586915370723e-05,4.79000519804096e-16,-5.18465478882568e-16,0.000129001158299935,4.52478760023573e-05,3.02920754212614e-05,-2.18633317332703e-15,0.707106781186547,1.02353021940343e-15,-1.10905672546049e-06,1.31838984174237e-16,-6.32827397686538e-16,0.00614403912382946,3.97955738436109e-05,-2.39211018819336e-05,-2.19434293062082e-06,-3.08488759691214e-16,-1.99865155908078e-16,-4.31127820703191e-16,1.59927826033969e-05,1.33886803503809e-16,-1.19153818756157e-16,1.94289029309402e-16,-3.6631470449423e-06,3.32509031605919e-16,-1.12118878334975e-05,-2.75619093140204e-17,-9.69818843288284e-17,3.51526238832962e-06,-2.70518545289738e-07,1.01933037032722e-16,1.88921746440297e-06,-6.99039350710029e-17,-2.94577730264312e-16,1.785549104205e-16,2.81271944300713e-17,-4.46094983869161e-16,-3.86361027107955e-06,7.43762690325056e-17,4.29545496427647e-17,-2.89452418380335e-16,-1.1931644908203e-16,-1.76145454115907e-16,1.08962542653816e-16,1.15943129820361e-16,-6.84513099941793e-17
"t20",0.0896364756296886,-0.00252360255600793,-0.0134891925512209,0.25065403716501,0.167177298295556,-0.0014989127894028,0.000856750185400823,0.000452551339958471,-0.000103352804562671,0.000644893619534439,0.000184211730393813,-0.000835469172854348,-0.00172889897172706,0.00342233343427672,8.86193907503141e-06,-0.000847257486902716,0.0020504693169861,-4.12919366048869e-05,-0.258740331243829,-0.021998655441584,0.177209389674718,6.74572134667565e-05,-2.46453149272199e-07,5.30851381642415e-07,-0.53821813873666,-3.11226185809388e-06,0.000954010416351129,-0.00166502124799284,0.000484684256754795,9.69779167300094e-09,-0.000301675580491037,0.000195641993892948,0.00101396734643468,-1.41729640092703e-05,0.00037212931908229,0.000110122432310084,0.000365721080445619,-2.24584750854729e-16,-4.16780849096147e-05,-6.05405403567949e-06,1.41580440430038e-07,0.0362026107590931,8.33179865940669e-06,-2.38586915366256e-05,-9.90960785651751e-16,5.05888733681736e-16,0.000129001158300231,4.52478760016714e-05,3.02920754211615e-05,2.164353304212e-15,-0.707106781186546,-1.03034527546214e-15,-1.10905673014771e-06,-3.75350792114482e-16,3.74223618462131e-17,0.00614403912383176,3.97955738441779e-05,-2.39211018818829e-05,-2.19434293087468e-06,3.89737439392942e-16,2.06351516793068e-16,1.30183972750843e-16,1.59927826035397e-05,-3.95855441031862e-17,-1.61437703483092e-16,-3.92047505570758e-16,-3.66314704502036e-06,-2.09175314381171e-16,-1.12118878335055e-05,-5.01050400099243e-18,-7.82251867448291e-17,3.51526238860194e-06,-2.70518545119301e-07,-1.88416304768802e-16,1.88921746430929e-06,1.18584612615602e-16,-1.46692553937289e-16,-2.14359956863941e-16,-1.23661109860071e-16,2.09738910267321e-16,-3.86361027106095e-06,7.13405029495462e-17,-3.33732824073e-17,1.96270155260414e-16,-6.96599895821937e-17,-2.60918731325091e-17,1.61004248673713e-16,5.00236379687645e-17,2.03032914006902e-16
"t18",0.0897874833814385,-0.00255158501566849,-0.0137111896700287,0.258074008058173,0.173541571196099,-0.00157331069934161,0.000906207609260208,0.000495150845788262,-0.000115971857716356,0.000745170904649566,0.000246003441298047,-0.00188682669426923,-0.00392147550472856,0.00904142074485449,4.09971855454997e-05,0.00263677919823596,-0.00600399390569376,8.43393825173237e-05,0.277170286650223,0.00539275926950587,-0.0250222131026925,4.98303792115674e-06,1.59830215038653e-07,-2.14945570375507e-07,0.0128249583656773,-1.80382153994686e-07,5.13394912055427e-05,-7.29916583880538e-05,1.94767932278925e-05,3.22921848549401e-10,1.19578220535719e-05,-1.45806776038384e-05,-0.000110508667750375,1.76179689257004e-06,-4.75861099913496e-05,-2.35334336486439e-05,-0.000279968836087772,1.30546411896727e-16,7.83109402112701e-05,7.09457994303846e-05,-2.09916008013164e-06,-0.866220991846158,-0.000573566620740678,-0.000208771599910602,2.53312995579513e-15,-9.84889253485832e-16,0.00046910314722388,0.000126445973613254,8.09088630202982e-05,5.19396001867905e-16,2.0210097205475e-16,9.50639377392225e-17,-2.26335209228519e-06,3.77302356024956e-16,-1.08749633853128e-14,0.236184831951086,3.96310274278413e-05,-2.70432465072783e-05,-2.48237556511638e-06,-3.67954079478143e-16,5.00501608300435e-17,-1.40309502677524e-16,1.73458570655533e-05,-3.10457720246474e-16,-1.90819582357449e-17,-9.71445146547012e-17,-3.88348878386721e-06,-1.50746691382495e-17,-1.17908191644615e-05,-1.80290566204212e-16,1.43114686768087e-17,3.64508469640726e-06,-2.78781295017655e-07,-4.00759170807465e-17,1.91308663878044e-06,1.33465287432966e-16,-7.11236625150491e-17,1.76017176496227e-17,-1.25098679177465e-16,-2.06106832989494e-16,-3.77724483441961e-06,1.4137996329211e-16,9.09948001726535e-17,-2.99489499512853e-17,-2.31910844694649e-16,-4.68134957097388e-17,2.99774117443705e-16,-3.53107277329108e-18,-7.68409634177609e-17
"t95",0.0899043811052304,-0.00257286304431155,-0.0138783572299987,0.263536021807619,0.178162346225716,-0.00162637022156094,0.000941062302509247,0.000523754062380149,-0.000124174688981141,0.000808150648570091,0.000279964197323717,-0.00233567809703574,-0.00485632288272624,0.0113404598338162,5.29285849498212e-05,0.00364150450510638,-0.00830807565817585,0.000118292631493331,0.401794185353479,0.00866704045895995,-0.0416150413059868,9.32861505545812e-06,3.66955441168798e-07,-5.00030621200737e-07,0.0339088199707465,-7.72744913191198e-07,0.000290176110912125,-0.000574113282521476,0.000172183108621557,3.60795022677496e-09,-0.000143505661286029,9.95373316277187e-05,0.000544753404026592,-7.78046604820235e-06,0.000205275903996921,6.71488046231168e-05,0.000324576016912494,1.15859284107811e-17,-5.61405204368414e-05,-3.07645391539361e-05,8.84846105831706e-07,0.349961149486265,0.000220931384529852,6.11344171076115e-05,-1.41813644161104e-15,3.63858249086135e-16,-7.73474612816686e-05,-1.10538452503098e-05,-5.66803354229102e-06,-1.92758049920345e-16,6.00203912749776e-16,3.43870098963366e-16,-2.97912267130124e-07,-3.03142927426947e-16,-1.40299605090639e-14,0.303809497623872,-1.6756540923272e-05,2.36139641879994e-06,-1.54455077554998e-07,5.25055350401275e-17,-2.11789825801451e-16,-2.68544585244601e-17,2.93056843612723e-06,2.24912338890849e-17,-2.63461127913978e-16,-2.98372437868011e-16,-8.13043855551684e-07,2.97948638329321e-16,-2.62726637413481e-06,7.27385512492866e-17,2.45029690981724e-17,8.95864697301389e-07,-7.12850669005657e-08,-1.41262762738149e-16,5.42740480809559e-07,2.03992638753148e-16,-1.01264482910146e-16,-1.74805399043699e-17,-7.81414159431675e-17,1.29020058525775e-16,-1.28675688590288e-06,-1.87350135405495e-16,2.00134887932674e-16,-1.63911912273845e-16,9.1398243140528e-17,-6.7899383028658e-16,4.54279625865916e-16,3.58371668609379e-16,0.707106781186548
"t96",0.0899043811052304,-0.00257286304431155,-0.0138783572299987,0.263536021807619,0.178162346225716,-0.00162637022156094,0.000941062302509244,0.000523754062380145,-0.000124174688981133,0.000808150648570092,0.000279964197323717,-0.00233567809703573,-0.00485632288272624,0.0113404598338162,5.29285849498403e-05,0.00364150450510641,-0.00830807565817587,0.000118292631493342,0.401794185353479,0.00866704045895996,-0.0416150413059868,9.32861505544981e-06,3.66955441179206e-07,-5.00030621247764e-07,0.0339088199707465,-7.72744913152702e-07,0.000290176110912094,-0.000574113282521485,0.000172183108621571,3.60795022504024e-09,-0.00014350566128596,9.95373316277983e-05,0.000544753404026601,-7.78046604820392e-06,0.000205275903996973,6.7148804623052e-05,0.000324576016912514,2.74781723254031e-17,-5.61405204367699e-05,-3.07645391539892e-05,8.84846105888952e-07,0.349961149486265,0.000220931384529882,6.11344171075785e-05,-7.84962372879505e-16,3.20056481317721e-16,-7.73474612817701e-05,-1.10538452503086e-05,-5.668033542263e-06,-1.65002473968623e-16,4.42355617262379e-16,6.59255200169734e-16,-2.97912267078516e-07,-1.83880688453542e-16,-1.38701727206405e-14,0.303809497623871,-1.67565409232519e-05,2.36139641880224e-06,-1.54455077577657e-07,1.37506985894373e-16,2.09246535906271e-16,-1.62704989686421e-16,2.9305684359921e-06,1.5259549478339e-16,-4.57099635919889e-16,6.93889390390723e-18,-8.13043855556021e-07,-8.43706940626827e-17,-2.62726637414188e-06,-6.95087732594069e-17,3.814223242804e-16,8.95864697408833e-07,-7.12850668944942e-08,-7.79182510439278e-17,5.42740480792211e-07,1.7612864292027e-16,-1.90169061053957e-16,4.7137911861721e-17,2.06353387744421e-16,1.70219741080224e-17,-1.28675688607777e-06,5.42101086242752e-17,-2.43954392023167e-16,9.97660276782628e-17,-3.11816544806831e-16,5.05822282963394e-16,-4.40837804138342e-16,-3.70212205936534e-16,-0.707106781186548
"t33",0.0898498988007168,-0.0025629558826348,-0.0138005650403593,0.260997396252496,0.176016307886526,-0.00160175120057364,0.000924900321013996,0.00051052419717299,-0.000120386850168834,0.000779117881050116,0.000264406210890877,-0.0021321500460069,-0.00443244414137625,0.01029957657433,4.75444843425071e-05,0.00319144537684795,-0.00727619406120393,0.000103108248666152,0.346249207883506,0.0072221257705552,-0.0343153329320364,7.4357465180633e-06,2.78048352945603e-07,-3.77763696802103e-07,0.0249359128536369,-5.26067398922989e-07,0.000191561188718958,-0.000368751996937264,0.000109736102717307,2.2693771584148e-09,-8.17967629498231e-05,5.4672624155028e-05,0.000289340860236119,-4.07433469608978e-06,0.000107146817363984,3.25870501880128e-05,0.00011137881361058,-1.14433410020227e-16,-1.23429220430419e-05,-1.6790390316514e-06,3.92927029010514e-08,0.010165034692877,2.56834300591677e-06,-5.52776967193075e-06,-6.08237418764368e-17,5.99021700298241e-17,2.2954303702436e-05,5.27202714834253e-06,2.97365622343174e-06,7.16197456753582e-17,-1.44588455184966e-15,-1.21943734645394e-15,3.74191528835252e-07,5.4752209710518e-18,3.99247988454212e-14,-0.871479222360408,8.6413762404612e-05,-3.24017144359768e-05,-2.2093106199904e-06,4.1807883103182e-16,1.12571142006285e-17,1.73201750976623e-16,1.34081557697675e-05,2.47354855229079e-16,4.12999712554041e-16,-1.30104260698261e-18,-2.91330405235188e-06,-1.47541056734527e-16,-8.78072861648055e-06,-5.57970038097805e-18,8.19927892942163e-17,2.68838200138365e-06,-2.04960594160706e-07,1.77726706196151e-16,1.39816270682751e-06,-1.33465287432966e-16,-4.16333634234434e-17,-5.31831824522877e-17,-1.45012545069331e-17,3.52907807144032e-17,-2.75870820049846e-06,-1.16009632455949e-17,5.57206619890141e-17,5.96345851915265e-17,-1.19262238973405e-16,-1.03235861781603e-16,1.03563203496519e-17,2.67480679761146e-16,1.32158690326162e-16
"t97",-0.121965492185861,-0.0814806498511827,0.0012268696674233,0.000102490301698035,0.000283731994907746,0.357973542452289,0.0402485750878946,0.00910104604722325,-0.0367960742915097,1.39232117561636e-05,0.289989048032526,-0.00537216001691021,0.0019163881512567,2.84655902977887e-05,0.00159799807186521,7.99933882188548e-06,-1.77101698776393e-05,0.00111659353976801,9.43296572072163e-05,-3.95160649167506e-05,0.00014499466955787,-0.0320411139027559,7.78011167570959e-05,-0.000752428284348529,1.72709530622275e-06,-0.000212309825741755,1.1518937060038e-05,-2.05003247338383e-05,5.99156617439039e-06,7.43288884451966e-07,-3.84456717447281e-06,2.51886889824288e-06,1.36134493032101e-05,-0.00104180926006522,3.47337992396301e-06,1.37840246207591e-06,4.51249272111936e-06,-1.79730515602237e-15,-4.85804965013567e-07,-0.000202687802909196,3.52254097823264e-06,5.74645402923026e-06,-1.88349287321174e-07,-0.000205085527100899,4.20893201366558e-16,5.56434570931777e-16,1.6302590124274e-06,4.98750869527268e-07,3.19085573424277e-07,1.70475664262877e-16,-1.62445557774663e-15,1.59734181794815e-14,0.499730877451466,3.86613480904692e-15,1.20756517380982e-16,2.02848019162372e-06,1.38141640247099e-05,-4.29656025564977e-07,-1.94156066071747e-05,-5.44036782497162e-16,-7.30876330247062e-16,1.45330463910996e-16,2.66165038805964e-07,-4.49848685772159e-15,0.703287363089471,-1.2809572307212e-15,-3.079324483946e-05,-9.55602474436937e-17,-1.84096508390658e-07,-1.39344986390358e-15,-2.53098581574961e-15,2.92225349117808e-05,-2.19968607011185e-05,-5.30592146225454e-16,1.55236196724207e-05,-2.92632370418868e-15,-5.4914625494783e-15,-6.50301667420624e-16,-1.61160109605513e-16,7.32079858770919e-17,-6.12440232048819e-08,2.14759263541795e-15,3.23212154629946e-18,2.45879952476646e-16,-1.44566041828002e-15,8.58874595399948e-16,4.60507347862234e-17,7.58216478592808e-17,5.88013006022894e-16
"t2",-0.120831601272702,-0.0765578459793952,0.00111758436340085,8.63063193218036e-05,0.000226583014710715,0.264875366276557,0.0281458537747121,0.00471703411178003,-0.0139155965234256,2.85705194285814e-06,-0.322457820126449,-0.0108487509849943,0.00383579750403253,4.40774484204714e-05,0.00144528167189521,-5.91477501598309e-07,1.77844856208874e-06,-0.000317353978656294,-7.1598545529912e-05,0.000114773866893117,-0.000596283320454485,0.634883999109563,0.00081476274061681,-0.00739925234814051,1.13950778446064e-05,-0.000835207063013825,4.02801024387231e-05,-6.57736575813918e-05,1.8805404031605e-05,2.25231530991966e-06,-9.4700848466544e-06,5.83798816677716e-06,3.00157599534279e-05,-0.00225195992158046,7.47473771311202e-06,2.70687683624269e-06,6.52057992519444e-06,4.95085286379432e-16,-5.51666486690963e-07,-0.0001663687301187,2.83199329705274e-06,4.47625879718679e-06,-1.41491619469431e-07,-0.00012309716819705,8.3019806218696e-16,3.34361179475913e-16,5.51243582151243e-07,6.61553963097949e-08,2.48369509044955e-08,1.95547218528949e-17,-4.22385118429637e-18,1.56969239708273e-17,0.000184631639580699,-4.05354492682463e-16,-1.10824667932553e-17,-1.35764553086878e-06,-1.37049779370452e-05,5.79499627286474e-07,3.89115409026443e-05,3.18914115271385e-17,-2.13744285725474e-17,-4.89585653984061e-17,-8.90945049944545e-07,6.03664371454611e-17,-2.52095937953848e-13,-4.93035627776682e-17,0.000135189614015392,-1.57629675487606e-17,8.97014040266374e-07,-4.90391700215499e-17,-5.54127710792723e-16,-0.000173757481103273,0.000144054600126003,5.43740785137943e-18,-0.000140075088045026,-1.13494660054121e-15,-6.13347769242751e-16,-2.58012160689737e-17,6.78233892234251e-17,5.71073623482436e-16,1.83790813937592e-06,-2.06744813298302e-16,1.57622510908235e-16,8.62853926867799e-17,1.04875023729644e-14,-3.28297216052546e-18,-2.87016172601324e-16,2.99600976260289e-16,8.14737510376662e-17
"t99",-0.107687878942419,0.244490681872065,0.0535205482484708,-0.00142482351668087,-0.000667861915243245,-0.0457401473460907,0.255665279774334,0.127878837102641,-0.000155472906080822,3.99507064258516e-06,0.00155899556425295,-0.00115439006386316,-0.000323234920980431,6.01760509945098e-05,0.000219701106303149,1.17351674511422e-05,-2.59101721295149e-05,0.000144642441871612,0.00013503350066895,-5.37579222058634e-05,0.000190629133691063,-0.00105991429979348,0.412505188015804,0.00172911263464396,-1.76661558712169e-06,-1.25015214711812e-05,8.5635406599943e-06,-1.66381745880255e-05,4.95371550453404e-06,6.06899966098069e-08,-3.64572409237575e-06,2.4291993142071e-06,1.28770073525176e-05,-0.000101546431828662,4.61569317831167e-06,1.43684976459802e-06,4.9942995008701e-06,2.74483702645934e-15,-5.61983765588489e-07,-2.50444046576687e-05,4.38102671316099e-07,7.25284399046899e-06,-2.40490229806673e-07,-0.00151493292369973,6.92043257995166e-16,-2.90241938150235e-16,2.18031430528991e-06,7.60192897376151e-07,5.08659328439396e-07,7.85353200361063e-17,-5.45308319876238e-17,-1.1614206020341e-16,-9.79023683048893e-06,2.18226108960231e-15,9.82051121932835e-17,1.69714571131123e-06,1.29287384313412e-05,-4.31572793946146e-07,-0.00812525600430221,2.43527675596309e-16,-9.23136424070972e-18,3.08313888089807e-18,3.15095916674564e-07,2.39372441499482e-17,1.68182298249069e-15,-4.04921875352913e-16,-0.000230988261340826,8.13815471059406e-17,-2.52323712561703e-07,-6.81211282572948e-17,1.21369316246056e-16,0.000405910747498904,-4.02768273833075e-06,-9.51765537552754e-17,0.400194908342616,-1.34290735148533e-14,-1.75350898225875e-15,-8.99859846801156e-17,1.11191476122845e-16,7.04640091608589e-16,-4.16546053045699e-08,1.03957714415025e-14,2.4782813165903e-16,2.21593823812971e-16,0.698711974203249,-4.38692919595392e-15,-8.61021941033804e-15,-9.54604096870943e-16,-1.90877834690693e-16
"t7",0.0258188044791279,0.0539691025655382,-0.377654901698701,-0.0449572485852437,-0.00647515080997554,-0.00317620928682158,0.00155266994764496,8.67374712778177e-05,9.36419366368589e-05,-5.4549689630052e-05,-0.00128449594233262,0.0944621831062461,0.215441806606268,0.005432122543872,-2.23644775535297e-05,-0.00032742129278927,0.000731857128886384,-0.000143682322570564,-0.00468163296204923,0.00224510312688518,-0.0081220630413421,0.00142837365116845,-0.00038375737873711,0.000345525125263891,-0.000251023140237547,0.000106901331272229,-0.001852797017642,0.0034049331767945,-0.00100402847003337,-4.170704357511e-07,0.000719491797923661,-0.000483398863375844,-0.00257871810085651,0.000710724755111783,-0.000958600619265354,-0.000298782730255796,-0.0011476918765938,-4.81758553512584e-16,0.000138880145295309,0.000232111052058551,-4.07079002357365e-06,-0.00191413787424592,6.34023653307663e-05,0.0026285728936492,-6.72728086812985e-16,-2.52196412873388e-16,-0.000701806106203474,-0.000252765262790248,-0.000170685008819564,1.26158279489877e-17,5.82261939508687e-17,4.34524995864562e-17,0.000128740168079623,2.01264957726732e-16,2.01425557743272e-17,-0.000712664348748414,-0.0448838275083727,0.000204432702307748,0.000394370795054948,-6.1783656175609e-17,5.6688127846409e-17,-9.23266522978263e-17,-0.000203294595766745,1.87330737220178e-17,-3.98431160379162e-14,3.81365579819177e-17,0.000990285447235058,8.52316111491469e-18,0.000179327488616645,2.75354119986113e-16,4.71827495497421e-16,-0.00116226127191925,9.57865395976225e-05,-1.29871023274812e-16,-0.000851148603064341,3.64580673956628e-16,-3.13582044678489e-17,-1.17741560295745e-16,-5.25222428924317e-18,2.1358110489932e-16,0.00027137404764893,-1.35035066925185e-15,5.14975546959457e-16,4.78332898257538e-16,6.78794170953187e-14,-8.93196115336627e-16,5.62522180980165e-16,6.71480304793968e-17,-8.44868585133949e-16
"t23",0.0983166539139946,-0.0108055042747389,0.0382641066638397,-0.0931896179803802,0.041564767992954,-1.99083512129948e-05,3.14904751723364e-05,3.34539820214507e-05,-7.29059955824508e-06,0.0363102912784515,-2.29494048048648e-05,0.00287414072259589,0.00615168451876686,-0.194350329218185,2.72169841087618e-05,-0.0110846852321122,0.145353401635753,2.58356176315011e-05,0.00546647208934059,-0.0235207824633914,-1.90786946125677e-05,-1.55315096509206e-06,-1.34161806502329e-06,1.2921935855476e-06,-2.95047853378953e-05,1.52811216085059e-06,-0.0177458298081034,0.0060034603111055,-0.0313015079155983,3.02789351498762e-09,0.0078094485005631,-0.00699187884716127,-0.0059742974806584,0.000117167952626429,-0.0979400607087124,0.000942597345623681,-0.000504521305203198,-2.45166987866718e-16,0.00217364340938015,2.52892690330834e-06,-4.49644209106458e-08,-0.000388537791587205,3.89992232062969e-05,3.02687384289068e-05,-1.31451682481726e-16,-9.49161068501884e-17,-0.0120485437625158,-0.00437787282546115,-0.000110838798370276,5.59839148484078e-17,1.13886600994949e-17,3.55385963898962e-18,1.68312838833441e-06,-2.07847729111919e-16,2.01425557743272e-17,-0.000179010984464273,-8.14027971602106e-05,0.00370431719968147,5.87860507562112e-06,1.55056778321492e-16,-1.79049816205937e-17,-3.16113306386381e-17,-0.00195159403470999,-8.53503348365907e-17,1.44588372689103e-16,4.27365552806117e-16,1.56926834271673e-05,-3.48449257845055e-17,0.0032922096288131,1.05380117589781e-17,2.09687478709707e-16,-1.87856609766011e-05,1.55740081109877e-06,-6.56862546636696e-17,-1.40810214820461e-05,-3.2872049824618e-18,-6.95388110111856e-16,-4.984534357252e-18,-2.38717906101649e-16,-5.96713077805343e-16,0.00271418471330361,-1.65989650348219e-15,-1.58498366894454e-17,-1.79127299137672e-16,1.5655693140699e-15,1.0594815647289e-17,1.14157320734139e-16,-5.60173363149565e-17,3.91989253237515e-16
"t55",0.099594534811589,-0.0117716342921515,0.0434774023950622,-0.117638551521401,0.0562625297679899,-2.97371980187489e-05,5.05219452365718e-05,7.67921386940524e-05,-2.35176883951453e-05,0.205460597973088,6.82290607680499e-05,-0.00240672877415476,-0.00513691419357092,0.150563054971234,-1.99274732946552e-05,-0.00377457729167986,0.042208009259296,2.75808733222023e-06,2.12298605569566e-06,-0.00115981374953934,-1.79711957883779e-06,-1.00463250662615e-06,2.70486292518523e-07,-2.37890463879382e-07,2.44945399353685e-06,9.64356191655245e-08,-0.00236199875179552,0.00159618497859675,-0.0109319399154381,2.19764836987522e-09,-0.000267844684518015,-8.97530970667348e-06,-8.22358297082326e-05,1.46694307735533e-06,-0.00112004068580104,-0.00668468919883921,-0.000144867264887389,5.11842352194695e-16,0.117199919018558,1.46316116436639e-06,-2.72332353508704e-08,-0.000252114204148326,2.73760422143631e-05,3.5383165460424e-05,2.23158308936321e-15,-2.28806635776346e-15,-0.762963120858897,0.0435596789145475,0.000153198610815666,-4.38412275804982e-16,-1.82900369209907e-16,1.97842888948392e-16,-7.95852727336312e-07,9.70818035574351e-17,1.64124604280402e-16,4.98140117899618e-05,1.87802178324234e-05,-0.103826109697916,-6.12853463635945e-07,-2.56838915981223e-16,-9.23136424070972e-18,-8.01835879659887e-17,0.000123499677938231,-6.61582144311528e-17,6.01518802400323e-16,2.87356501734919e-16,-7.12432961538744e-07,-2.96407553565751e-17,-0.0114421580632594,1.20924203449723e-16,1.50913919442165e-16,4.91053236872419e-07,-3.36230169694205e-08,-8.99723833273449e-17,1.17928674588785e-07,-4.92729066313646e-16,-3.16401185699733e-16,3.49141055902145e-17,-4.47932590038606e-16,-3.28628691611818e-16,5.09087564641457e-05,-2.36783695260755e-15,6.62427042417486e-16,9.83137429766788e-16,-8.2261681761342e-16,-8.8284422483389e-17,-1.19887004501728e-15,1.77411593084057e-15,1.43923796172831e-16
"t66",0.0997808981803956,-0.0119132073915181,0.044243313555069,-0.121251791650396,0.0584423849523274,-3.12015762479775e-05,5.33659155657709e-05,8.33463275227165e-05,-2.59911342875788e-05,0.23145778375752,8.27111951526526e-05,-0.00333289696602602,-0.00711843679363696,0.213024443820234,-2.95730429149297e-05,-0.00628497926731302,0.0705218107153855,4.71914520699077e-06,3.85363306846381e-06,-0.00255959248601958,-4.24911534883258e-06,-3.07621124288704e-06,1.45069899966533e-06,-1.33325926097725e-06,2.31064150019477e-05,-1.04117157708803e-06,0.014060193983009,-0.00684438156726894,0.0434910407534102,-7.80140579383661e-09,0.000542414737075437,1.58510731753898e-05,0.000130912964343973,-2.24557087693025e-06,0.00169983583153516,0.0086107206227948,0.000138488594101177,1.24993500006833e-16,-0.325469698228804,-3.26047670351442e-08,9.55955716799248e-10,1.27376530909536e-05,-1.74292679652219e-06,-3.32217412757361e-06,2.73715669950056e-16,4.79065967691834e-16,0.0654923002136135,-0.00296504971948424,-9.71985240787293e-06,-8.45286867057135e-17,-9.42802161222679e-18,1.39622004948505e-17,9.02381130104545e-09,-2.10542931653958e-16,-3.71033189329074e-17,1.99749409367234e-06,1.48025618424223e-06,-0.0418063068666257,-2.7959816995497e-08,-3.43473108757538e-16,-5.08647276641531e-17,2.73692675445734e-17,9.94468855625839e-06,-2.70162132615121e-17,8.40483030646624e-16,3.80448530581281e-16,-4.97209045108049e-08,-2.0967137976691e-17,0.00246543592155339,-5.48723839285226e-17,3.84839280565102e-16,2.20583153965969e-08,-5.10112029298657e-10,-1.00380724183206e-16,-3.26782275405871e-08,-8.70672052046345e-16,-7.80736669408732e-16,5.05266168740058e-17,-1.61499043522102e-17,-5.61221973595348e-16,2.51917953473152e-05,-2.52619319114567e-15,4.00483797544989e-16,8.28159457348263e-17,8.13154746975158e-17,-7.9610805103505e-17,-3.3307132984123e-17,-3.78675902846643e-16,1.72889824265243e-17
"t53",0.09890448841379,-0.0112403620535661,0.0405813315730397,-0.103719395208706,0.0477618692865033,-2.39266038650084e-05,3.90908189948759e-05,4.83866194136099e-05,-1.14681670563601e-05,-0.134214701984685,1.58810310516722e-05,0.000764333394191084,0.00163711016819585,-0.0508333046274713,4.38335017633333e-06,-0.00397526305669515,0.0422685870082224,-2.19057291862286e-06,-0.00586522622233719,0.567860512411938,0.0546719013960701,-0.000116396704706729,2.092292681939e-05,-1.86071975573867e-05,0.000252405716133902,-8.60105199975607e-06,0.245731630345476,0.0109555100764637,-0.0221902573283342,-3.45554427044231e-10,-0.0760113223522351,0.0410731408519137,8.63211620989735e-05,-3.45201859461927e-06,0.00222540612629332,0.00128217996970335,0.000375800268767351,-1.9988444676969e-16,-0.000590760849917923,-1.19601052405261e-06,2.10395802142205e-08,0.000178965312160958,-1.76547484917882e-05,-1.2486580140344e-05,-6.8741459281446e-16,-3.56970316320046e-16,0.00213855028310532,0.000712204970086445,3.63987209787217e-05,-1.0622973231889e-16,-1.25654494502673e-16,-1.98964341425836e-15,-4.31233262804304e-07,-3.41290118600727e-15,-0.520478563107818,3.64135054987651e-05,1.4489855896621e-05,-0.000294082788587255,-7.07673964757658e-07,6.75092943050983e-16,-4.08217763715375e-16,-4.58353305728933e-16,0.000880753270421568,-2.10636949873257e-16,7.91185595033676e-16,1.33339890531055e-15,-8.41770894137028e-07,7.96468236299638e-17,-7.97627424535181e-05,-2.65446003848981e-17,-6.98756114189149e-17,5.97294915352194e-07,-3.97028372490378e-08,-2.47832219641235e-16,9.82462974399521e-08,-1.38718308810721e-16,-1.25055724549294e-15,3.77358408280717e-17,-5.79040361311547e-17,-4.61887429434287e-16,0.000501579450609057,-2.76911531376065e-15,5.04082460539228e-16,-7.51237459749908e-16,-1.05878086631971e-15,-1.24713615478902e-16,6.83798353163454e-16,-6.82490118100579e-16,6.93306867058285e-17
"t31",0.0988788923787251,-0.0112219183976827,0.0404845156974089,-0.103295294965373,0.0475180590230269,-2.37734298717101e-05,3.88072791713366e-05,4.78731862806446e-05,-1.13217212983005e-05,-0.132203437585669,1.55175968058011e-05,0.000737456618116105,0.00157945278496186,-0.0489560613008,4.20507135491841e-06,-0.00378149680096749,0.0401988947209532,-2.08000379947261e-06,-0.00554833508786602,0.531498958811369,0.0510078034113525,-0.000107519939712144,1.90611067910129e-05,-1.69383236263542e-05,0.000228188197622764,-7.63566208871346e-06,0.216700636653171,0.00960641450311622,-0.0194271302774337,-3.01735483480459e-10,-0.0651839370106388,0.0350062346156022,7.31810020215881e-05,-2.92019255679405e-06,0.00188163090801082,0.00107283073766748,0.000302694192383497,-1.73073327743418e-16,-0.000461697780322078,-9.00902082761642e-07,1.58142145409327e-08,0.000134085788650191,-1.31797449376691e-05,-9.13318896463935e-06,-5.26661461390478e-16,-3.01942035091622e-16,0.00150621593967744,0.000486952004417078,2.47033096909809e-05,-9.44416939061985e-17,-7.18780667473919e-17,-1.10666916498617e-15,-2.66294169732816e-07,-1.83352904412901e-15,-0.282361657906536,1.97257374794741e-05,7.08631640389616e-06,-0.000124678975728841,-2.02571513661275e-07,3.36045640081623e-16,-2.27806522213787e-16,-2.67533723371484e-16,-7.41937706472785e-05,-1.74499310177608e-16,7.57177155190756e-16,1.06151535496145e-15,4.12959524950787e-07,1.19926080668683e-17,5.83254731060113e-05,3.27972321037775e-17,2.36421118322432e-17,-8.69657071051592e-07,8.10551746295022e-08,-1.74973833650209e-16,-9.7080269108532e-07,-9.16964920430943e-17,-1.19186237196135e-15,1.75099702657345e-17,-1.37484327559836e-16,-2.92953915720176e-16,0.00157061163818204,-2.6265196545799e-15,3.29686076982798e-16,-4.00181237407811e-16,-9.04036241924832e-16,-8.48149755314354e-17,4.67670199699219e-16,-5.37357918552239e-16,8.84126449415734e-17
"t27",0.0897767519170864,-0.00254973395564797,-0.0136970796995862,0.257645247239384,0.17319509719662,-0.00156957012360482,0.000903852888878703,0.000493549085749131,-0.000115573243777958,0.000742587711750278,0.000245522133498055,-0.00189895725245187,-0.00394691267074044,0.0091170562891559,4.15377353969365e-05,0.00270899017328935,-0.00617126868959056,8.69720884166435e-05,0.288278380040907,0.00579063477368239,-0.0271977732559566,5.6810170829964e-06,2.0141166495748e-07,-2.728076235956e-07,0.0175161658626521,-3.42001993288603e-07,0.00012081364776579,-0.000226392549312688,6.68609208855946e-05,1.36504074160338e-09,-4.46822876557703e-05,2.87928075735225e-05,0.000147358935452916,-2.04559871821032e-06,5.36188931328544e-05,1.51278341259476e-05,3.33910729539374e-05,-7.93296645287243e-16,-8.22681848412597e-07,2.56147816059963e-06,-7.8434109525622e-08,-0.0338201636473335,-2.33146761762652e-05,-9.4123283141355e-06,-3.39504617294964e-16,-1.13138686389935e-15,1.82242104903879e-05,3.23455517836251e-06,1.7336397766392e-06,5.97134778815473e-17,-2.65442430734725e-16,-2.21945482993468e-16,1.31315031136511e-07,-1.3982315569666e-16,7.13136020628675e-15,-0.154502765493498,6.93336725953404e-06,8.30864494220022e-07,4.79621489622841e-07,9.84251633031634e-17,1.11274885658192e-16,1.32002966786223e-16,-8.10171697956939e-06,2.69334432900097e-16,8.64511085142809e-16,-6.30917698461979e-16,2.6315913354878e-06,-1.59963310488615e-16,9.14442248666263e-06,1.25631889317758e-18,-8.9085144260742e-17,-3.62544215747912e-06,3.11721593863278e-07,2.33386900446851e-17,-3.11365356207729e-06,2.65635731386021e-16,-2.62525307103659e-15,-7.33815174300869e-17,-1.7877961304238e-16,-1.30637079001794e-16,2.23811706083766e-05,-2.370686311562e-16,1.00450507959144e-16,-3.20360584789417e-17,-5.54794296331793e-16,-4.17004863098722e-17,-2.7132435772061e-16,-1.82060750928857e-16,-1.56183365171156e-16
