accepted_species,estimate
Alstonia_muelleriana,2.9598685433807224
Alyxia_ruscifolia,0.6208572296763233
Asclepias_albicans,-0.31470363678711816
Asclepias_fascicularis,-0.2950105366155485
Asclepias_vestita,-0.31470363678711816
Aspidosperma_cylindrocarpon,3.023891036441414
Calotropis_procera,-0.6242046805306759
Cynanchum_acutum,-0.39089394699107033
Mandevilla_benthamii,-0.6397958845570518
Vinca_major,-0.3813658268758464
