"accepted_species","0","1"
"Gentiana_verna",0.517341146983655,0.482658853016345
"Gentianella_amarella",0.960408544255074,0.0395914557449264
"Gentianopsis_paludosa",0.927534565053508,0.0724654349464925
"Sabatia_stellaris",0.942753706366945,0.0572462936330547
"Swertia_perennis",0.858721380610277,0.141278619389723
"Galium_aparine",0.502424567027361,0.497575432972639
"Galium_parisiense",0.499988367579922,0.500011632420078
"Stenaria_nigricans",0.566165418132167,0.433834581867833
"Leichhardtia_australis",0.511632080595326,0.488367919404674
"Spermacoce_quadrisulcata",0.649390784045796,0.350609215954205
