accepted_species,estimate
t60,-0.057709813
t94,-0.3779799
t78,-0.24517104
t86,-0.21430716
t87,-0.21430716
t161,-0.37848404
t147,-0.35635123
t148,-0.35635123
t176,-0.35635123
t177,-0.35635123
t133,-0.35635123
t130,-0.35635123
t89,0.042858776
t58,-0.10913167
t137,-0.10718764
t171,-0.10576515
t76,0.03110535
t77,0.03110535
t41,-0.34555033
