"accepted_species","0","1"
"t45",0.0363906696127014,0.963609330387298
"t120",0.0363602529482303,0.96363974705177
"t132",0.0363602529482347,0.963639747051765
"t133",0.0363602529482347,0.963639747051765
"t149",0.0363602529482303,0.96363974705177
"t150",0.0363602529482303,0.96363974705177
"t165",0.0363114095486537,0.963688590451346
"t166",0.0363114095486537,0.963688590451346
"t177",0.036390655395646,0.963609344604354
"t178",0.036390655395646,0.963609344604354
