accepted_species,0,1
t24,0.0021384499212757646,0.9978615500787242
t23,0.0016833332989408811,0.9983166667010591
t60,0.7584920004980322,0.24150799950196775
t14,0.0009991893206139357,0.9990008106793861
t90,0.9999994492688882,5.507311118443293e-07
t61,0.9893196044443171,0.010680395555682927
t63,0.9997289322387909,0.00027106776120914254
t53,0.9548153876119838,0.04518461238801624
t54,0.7181458892620285,0.28185411073797156
t58,0.5637329864420997,0.4362670135579003
