accepted_species,0,1
t24,0.02024883,0.97975117
t23,0.023357153,0.97664285
t60,0.75262845,0.24737155
t14,0.014267981,0.985732
t90,0.99702686,0.0029731602
t61,0.9963374,0.0036625636
t63,0.9985592,0.0014408146
t53,0.8907062,0.10929381
t54,0.8907062,0.10929381
t58,0.5758923,0.4241077
