accepted_species,0,1
t24,0.0078318715,0.9921681
t23,0.0054600835,0.9945399
t60,0.9361244,0.063875616
t14,0.011864901,0.9881351
t90,0.99904704,0.000952931
t61,0.98843014,0.011569868
t63,0.98843014,0.011569868
t53,0.95642143,0.043578573
t54,0.25736547,0.74263453
t58,0.8154746,0.18452536
