accepted_species,0,1
t9,0.96639854,0.03360145
t112,0.99481016,0.0051898262
t89,0.9924753,0.007524744
t77,0.9884583,0.0115417205
t31,0.9965105,0.003489496
t104,0.9972673,0.002732688
t61,0.9831547,0.016845293
t65,0.9968305,0.0031694784
t75,0.9831547,0.016845293
t82,0.98588324,0.014116753
t114,0.98588324,0.014116753
t107,0.9963572,0.003642784
t108,0.9963572,0.003642784
