accepted_species,estimate
t2,-0.5033742
t78,-0.3698573
t30,-0.27634683
t33,-0.51443124
t72,-0.39926326
t55,-0.31365857
t56,-0.31365857
t24,-0.31365857
t85,-0.32411593
t14,-0.56813633
