"accepted_species","estimate"
"t62",-0.0126746717534699
"t67",-2.05211693814242
"t42",-0.771034776224216
"t56",-0.947174141601341
"t95",0.894914141965813
"t19",-0.333214849999383
"t38",-0.994724643492791
"t78",0.841585715743024
"t89",-0.50079002686953
"t49",0.174284034859994
