accepted_species,0
t57,
t90,
t94,
t95,
t40,
t103,
t117,-0.24949127247169903
t68,
t139,
t166,-0.0675307149727277
t141,
t142,
t168,-0.6239966081462541
t198,1.7328722565301
t199,
t200,
t89,
t111,
t82,
t50,
