accepted_species,estimate
t57,-0.030674499
t90,-0.030674499
t94,-0.030674499
t95,-0.030674499
t40,-0.030674499
t103,-0.12881099
t117,-0.12881099
t68,-0.22118334
t139,-0.42869553
t166,-0.11918514
t141,-0.30346397
t142,-0.30346397
t168,-0.33461216
t198,0.5994621
t199,0.29581448
t200,0.29581448
t89,-0.01708488
t111,-0.013718054
t82,0.163402
t50,0.10838752
