accepted_species,estimate
t57,-0.097740844
t90,-0.097740844
t94,-0.097740844
t95,-0.097740844
t40,-0.097740844
t103,0.22646652
t117,-0.40418044
t68,0.14064959
t139,-0.4083055
t166,-0.10736583
t141,0.28466693
t142,0.28466693
t168,-0.31615695
t198,0.63290864
t199,0.28466693
t200,0.28466693
t89,0.10137956
t111,0.11247158
t82,0.11247158
t50,-0.09189128
