accepted_species,estimate
t76,-0.6721443
t77,-0.6721443
t16,-0.6713509
t25,-0.6713509
t26,-0.6713509
t62,-0.6713509
t63,-0.6713509
t64,-0.65293956
t54,-0.65293956
t43,-0.65293956
