accepted_species,0,1
Cynanchum_laeve,0.8989305,0.10106952
Apocynum_cannabinum,0.92911744,0.07088259
Asclepias_incarnata,0.023360431,0.97663957
Asclepias_lanuginosa,0.026322901,0.9736771
Asclepias_speciosa,0.023360431,0.97663957
Asclepias_stenophylla,0.026322901,0.9736771
Asclepias_tuberosa,0.023360431,0.97663957
Asclepias_verticillata,0.026322901,0.9736771
Funastrum_cynanchoides,0.9858578,0.0141422255
Vincetoxicum_hirundinaria,0.99537337,0.0046266075
