accepted_species,estimate
t60,-0.5783456032871316
t41,-0.18006028855941572
t69,-0.8072722165543259
t54,0.22673206307332391
t18,-0.3684201787616447
t36,0.9219614108386235
t79,-0.0054041653960861455
t100,-0.4505438055868264
t14,-0.3992365985633983
t1,-0.1281604356691581
