accepted_species,estimate
t60,-0.49485505
t41,0.6569415
t69,-0.43894187
t54,0.249237
t18,-0.42988384
t36,0.83704555
t79,0.8107928
t100,-1.2785575
t14,-0.27704784
t1,-0.477461
