accepted_species,estimate
t71,0.5357379
t72,0.5357379
t56,0.5357379
t97,0.5357379
t98,0.5357379
t40,0.5357379
t34,0.589628
t60,0.5762857
t89,0.5762857
t90,0.5762857
