accepted_species,0,1
t89,0.2729795945645834,0.7270204054354166
t62,0.3985114309420432,0.6014885690579568
t56,0.4401673090340914,0.5598326909659086
t75,0.40191943420076337,0.5980805657992366
t68,0.4608809690132111,0.5391190309867889
t69,0.4608809690132111,0.5391190309867889
t54,0.44971832518509136,0.5502816748149086
t55,0.44971832518509136,0.5502816748149086
t20,0.4497183251853396,0.5502816748146604
t21,0.4497183251853396,0.5502816748146604
