accepted_species,0,1
t89,0.40294594,0.59705406
t62,0.40294594,0.59705406
t56,0.40294594,0.59705406
t75,0.40294594,0.59705406
t68,0.40294594,0.59705406
t69,0.40294594,0.59705406
t54,0.40294594,0.59705406
t55,0.40294594,0.59705406
t20,0.40294594,0.59705406
t21,0.40294594,0.59705406
