accepted_species,0,1
t38,0.6736481516395889,0.3263518483604111
t100,0.6729914332843351,0.3270085667156649
t62,0.6714314033965201,0.32856859660347987
t2,0.671574755319329,0.3284252446806711
t74,0.6711011769464621,0.3288988230535379
t35,0.659082821628425,0.340917178371575
t43,0.6594380532192312,0.34056194678076884
t77,0.6583593613514487,0.3416406386485514
t93,0.6662391704554176,0.33376082954458236
t20,0.6662975493941425,0.3337024506058575
