accepted_species,0,1
t38,0.7715451462473498,0.2284548537526502
t100,0.9938633818933105,0.006136618106689576
t62,0.728436251405882,0.27156374859411797
t2,0.6757503299461506,0.3242496700538494
t74,0.31441228692728285,0.6855877130727172
t35,0.6669222549430429,0.33307774505695714
t43,0.6932379792783716,0.3067620207216284
t77,0.5122781494119713,0.4877218505880288
t93,0.9518644120369141,0.04813558796308592
t20,0.7106494756674444,0.28935052433255554
