accepted_species,0,1
t38,0.7790639,0.2209361
t100,0.8148704,0.18512957
t62,0.64851534,0.35148463
t2,0.63584924,0.3641508
t74,0.58543956,0.41456047
t35,0.81320184,0.18679816
t43,0.80982935,0.19017066
t77,0.55662143,0.4433786
t93,0.8011137,0.1988863
t20,0.8056184,0.19438162
