accepted_species,estimate
t54,0.24848115
t65,-0.7129436
t1,-0.3830001
t86,0.9411682
t63,0.084624656
t75,-1.130372
t42,-0.6201556
t43,1.1715266
t70,1.6549551
t25,0.36133116
