accepted_species,estimate
t54,-0.008471835
t65,-0.32318932
t1,0.13758294
t86,0.43099898
t63,0.43099898
t75,-0.75562525
t42,-0.31759337
t43,0.82586545
t70,1.06335
t25,-0.19243173
