accepted_species,estimate
t1,0.40775234
t42,-0.17998433
t33,0.008680617
t14,0.25268066
t108,0.04541061
t19,-0.016168592
t68,-0.5917817
t88,-0.43264753
t96,0.07267007
t100,0.037829258
t84,0.349946
t6,0.29231554
t55,0.51872003
