accepted_species,0,1
t26,0.5483243362862852,0.4516756637137148
t38,0.2009948897010082,0.7990051102989918
t53,0.2800539916078699,0.7199460083921301
t71,0.18650639681756442,0.8134936031824356
t84,0.6625482842718773,0.33745171572812266
t88,0.20551889609288798,0.794481103907112
t95,0.2091915193265026,0.7908084806734974
t98,0.2800539916078699,0.7199460083921301
t111,0.7754646253960222,0.22453537460397782
t112,0.7756275206050853,0.2243724793949147
