accepted_species,estimate
t227,0.36077225
t228,0.36077225
t139,0.41897225
t178,0.18721217
t217,-0.35500887
t61,0.18721217
t123,0.17828374
t225,0.17038105
t236,0.17038105
t185,0.46797258
t127,0.5328063
t96,0.0011016043
t40,0.0449948
t102,0.12725207
t19,0.3551249
t18,-0.47744578
t166,-0.312433
t157,-0.312433
t77,-0.17443942
t173,-0.8949501
t134,0.05686536
t11,-0.14122209
t213,0.110647134
t59,-0.63451177
t74,0.69021195
