accepted_species,0,1
t42,0.7393834536138547,0.2606165463861453
t79,0.7409320555307322,0.2590679444692679
t80,0.7404469181554219,0.2595530818445782
t83,0.7419514144472833,0.2580485855527167
t115,0.7406244830671176,0.25937551693288236
t118,0.7393599028193558,0.2606400971806441
t121,0.7396384363566555,0.26036156364334445
t122,0.739401609036725,0.2605983909632749
t123,0.7398876427659814,0.2601123572340186
t124,0.7400635353032663,0.2599364646967337
