"accepted_species","0","1"
"t61",0.787898984969239,0.212101015030761
"t60",0.926814823378264,0.0731851766217359
"t88",0.786319967253498,0.213680032746502
"t188",0.664908357364504,0.335091642635496
"t189",0.664908357364504,0.335091642635496
"t138",0.698055654950979,0.301944345049021
"t104",0.66490835739813,0.33509164260187
"t110",0.664908357343525,0.335091642656475
"t217",0.664908357363026,0.335091642636974
"t218",0.664908357363026,0.335091642636974
"t171",0.667233777474979,0.332766222525021
"t172",0.664908357365717,0.335091642634283
"t190",0.664908357361009,0.335091642638991
"t191",0.664908357361009,0.335091642638991
"t145",0.6649083573637,0.3350916426363
"t108",0.74718017526804,0.25281982473196
"t109",0.708483764762893,0.291516235237107
"t182",0.664908357387909,0.335091642612091
"t183",0.664908357387909,0.335091642612091
"t143",0.664908357381187,0.335091642618813
"t112",0.699280578067507,0.300719421932493
"t113",0.755147607156488,0.244852392843512
"t65",0.875850396580606,0.124149603419394
