accepted_species,0,1
t75,0.0026230812,0.9973769
t50,0.0013010502,0.99869895
t15,0.0046649575,0.99533504
t64,0.0046649575,0.99533504
t83,0.0034667253,0.9965333
t58,0.987365,0.01263501
t43,0.9983188,0.0016812105
t8,0.9983188,0.0016812105
t17,0.038030803,0.9619692
t49,0.14610642,0.8538936
