"accepted_species","estimate"
"t23",0.377797394463338
"t18",0.349700624065585
"t60",1.18706088701475
"t61",1.18706088701475
"t79",-0.385314881648473
"t53",-0.317725968862528
"t47",-0.374357973212456
"t58",0.0441413018902088
"t59",0.0441413018902088
"t70",0.10045095786489
