accepted_species,estimate
Cruciata_glabra,0.24892833320271637
Galium_album,-1.3067395992855828
Galium_bifolium,-0.4463392011054749
Galium_bolanderi,-0.1850334661067061
Galium_boreale,-0.06584401763572376
Galium_divaricatum,-1.1898567581397481
Galium_labradoricum,-0.04160668723483681
Galium_lucidum,-1.5478632159796617
Galium_palustre,-0.6111980725430005
Galium_sterneri,-0.5206264708995344
