"accepted_species","estimate"
"Cruciata_glabra",-0.36935307056531
"Galium_album",-0.41522164828951
"Galium_bifolium",-0.37124235065978
"Galium_bolanderi",-0.408306605284621
"Galium_boreale",-0.40788048929069
"Galium_divaricatum",-0.421374173719993
"Galium_labradoricum",-0.369424928091787
"Galium_lucidum",-0.41522164828951
"Galium_palustre",-0.400693141403368
"Galium_sterneri",-0.369424928091787
