accepted_species,estimate
t2,0.26869053449021624
t38,-0.9696419535603801
t39,-0.9696419535603801
t52,-1.1037041116748556
t61,0.35951044810306243
t62,0.35951044810306243
t93,0.35951044810306243
t94,0.35951044810306243
t47,0.3595104481030623
t48,0.3595104481030623
