accepted_species,0
t2,-0.15174990008993955
t38,-0.15174990008993955
t39,-0.15174990008993955
t52,-0.15174990008993955
t61,-0.15174990008993955
t62,-0.15174990008993955
t93,-0.15174990008993955
t94,-0.15174990008993955
t47,-0.15174990008993955
t48,-0.15174990008993955
