accepted_species,estimate
t2,0.082428806
t38,0.082428806
t39,0.082428806
t52,0.082428806
t61,0.3874717
t62,-0.075859584
t93,-0.075859584
t94,-0.075859584
t47,-0.075859584
t48,-0.075859584
