"accepted_species","0","1"
"t1",0.427967421075559,0.572032578924441
"t7",0.410301920659467,0.589698079340533
"t15",0.38254946384425,0.61745053615575
"t44",0.511719726525515,0.488280273474485
"t55",0.355178751359725,0.644821248640275
"t63",0.333518856789058,0.666481143210942
"t71",0.542317636730813,0.457682363269187
"t79",0.428150178880804,0.571849821119196
"t81",0.353160402054732,0.646839597945268
"t83",0.34650618618615,0.65349381381385
"t89",0.557632641185914,0.442367358814086
"t100",0.76618255618802,0.23381744381198
"t108",0.314777869660148,0.685222130339852
"t113",0.43091846830865,0.56908153169135
"t136",0.293234953202749,0.706765046797251
"t142",0.224868978155487,0.775131021844513
