"accepted_species","estimate"
"t45",0.442887213856127
"t98",0.354321833786563
"t77",0.286717756357058
"t28",-0.396905171850203
"t72",0.390249804979112
"t36",1.78564543874882
"t75",-0.837951044614544
"t73",0.875778070301876
"t46",0.692054357016458
"t11",-0.250407294838007
