"accepted_species","estimate"
"t45",0.442887213856124
"t98",0.354321833786561
"t77",0.286717756357057
"t28",-0.3969051718502
"t72",0.390249804979111
"t36",1.78564543874881
"t75",-0.837951044614544
"t73",0.875778070301876
"t46",0.692054357016457
"t11",-0.250407294837994
