accepted_species,0,1
t80,0.6028766342270055,0.3971233657729945
t85,0.41323134114916027,0.5867686588508397
t114,0.8077072393302339,0.19229276066976606
t127,0.8061075976601205,0.1938924023398795
t133,0.7704223944322939,0.22957760556770612
t136,0.40878910918796796,0.591210890812032
t147,0.4163972355461054,0.5836027644538946
t182,0.3184306752283186,0.6815693247716814
t183,0.3434360788630654,0.6565639211369346
t194,0.7618927034508985,0.23810729654910143
