accepted_species,estimate
t72,-0.4735380222952089
t73,-0.377033334509724
t10,-0.7518872823426507
t50,0.014186042390523457
t80,0.018487303670084887
t96,0.0957193458057154
t97,0.08757631661391041
t61,-0.42896249039232803
t62,-0.34635716856016974
t20,-0.39175773639401357
