accepted_species,0,1
t104,0.23866677850066986,0.7613332214993301
t139,0.3498369299580657,0.6501630700419343
t143,0.40357758394635335,0.5964224160536467
t154,0.14125190430905943,0.8587480956909406
t159,0.16227723630178814,0.8377227636982119
t172,0.35166657670478785,0.6483334232952122
t182,0.1291479513573075,0.8708520486426925
t190,0.54193135752283,0.4580686424771701
t200,0.32320867105082707,0.6767913289491729
t202,0.3053010331711079,0.6946989668288921
