accepted_species,0,1
t104,0.2491713573121208,0.7508286426878792
t139,0.2606504917464284,0.7393495082535716
t143,0.3527463087116024,0.6472536912883976
t154,0.29485844063218514,0.7051415593678149
t159,0.24351239183927098,0.756487608160729
t172,0.25746661977708063,0.7425333802229194
t182,0.34397051587010175,0.6560294841298983
t190,0.3474020960612978,0.6525979039387022
t200,0.2482240940924103,0.7517759059075897
t202,0.3441040220757168,0.6558959779242832
