accepted_species,estimate
t96,0.46137069015031557
t124,0.5472479235606063
t80,1.495008001651374
t7,-0.37245949476696244
t72,0.7761125489961453
t74,0.07418667238536565
t25,1.0345731623023111
t26,-1.037639333343349
t65,-1.0519194471209103
t120,-0.06068405141575054
t18,-0.4885278210029625
t91,-0.24599562029421088
t38,-0.38066071894372616
