accepted_species,estimate
t96,0.1296501910602374
t124,0.8095237494873987
t80,1.491467289953729
t7,0.46164562766578904
t72,0.5829285303943627
t74,-0.799814324441721
t25,1.451676379717753
t26,-1.320438798938856
t65,-2.2911965033283472
t120,-0.04243212679353234
t18,-0.21396081687934607
t91,-0.8029108395274939
t38,-0.8043711253957337
