accepted_species,estimate
t96,1.8688339343701144
t124,1.236211832480278
t80,1.4946308410426217
t7,0.14710854346230162
t72,0.6368583896398979
t74,-0.8605762413346301
t25,1.4052153623505785
t26,-1.3526911965654917
t65,-2.361367356681093
t120,0.13018199395737226
t18,0.28848789586710016
t91,-1.1671586734501433
t38,-0.7394057148751805
