accepted_species,estimate
t66,1.1799490955910248
t67,1.1799490955910352
t79,1.2073680728705958
t58,1.2059724739143516
t47,1.1113186147355116
t22,1.141363298536835
t31,1.1471794573913263
t32,1.1471794573913268
t85,1.155501931625858
t86,1.1555019316258581
