accepted_species,estimate
t66,1.109594
t67,1.109594
t79,1.109594
t58,1.109594
t47,1.109594
t22,0.9935094
t31,1.0190432
t32,1.0190432
t85,1.0832809
t86,1.0190432
