accepted_species,estimate
t89,-0.4213226559451707
t57,-0.8810021057639678
t45,-1.3371721938915695
t66,1.1023145840694895
t78,1.1151106668264
t18,0.9055819150109544
t25,0.1952769493658283
t51,0.28952887497532254
t15,0.28459180291456654
t20,0.16826752220126895
