"accepted_species","estimate"
"t89",-0.592953627093114
"t57",-0.671833995637807
"t45",-1.3872162126404
"t66",0.971005779741343
"t78",1.68387926150923
"t18",1.31892716224599
"t25",0.385831049129049
"t51",0.103399794920699
"t15",0.133851216879959
"t20",-0.1567916186121
