accepted_species,0,1
t19,0.050234318,0.9497657
t96,0.11692643,0.88307357
t127,0.050234318,0.9497657
t128,0.050234318,0.9497657
t109,0.11692643,0.88307357
t110,0.11692643,0.88307357
t97,0.11692643,0.88307357
t45,0.15010208,0.8498979
t103,0.11692643,0.88307357
t52,0.11692643,0.88307357
t53,0.13346988,0.8665301
t17,0.4411379,0.5588621
t23,0.74065375,0.25934622
t20,0.40425026,0.59574974
