accepted_species,0,1
t19,0.41635877,0.58364123
t96,0.41635877,0.58364123
t127,0.41635877,0.58364123
t128,0.41635877,0.58364123
t109,0.3861426,0.6138574
t110,0.3861426,0.6138574
t97,0.3861426,0.6138574
t45,0.3861426,0.6138574
t103,0.32384163,0.67615837
t52,0.5872467,0.41275328
t53,0.5872467,0.41275328
t17,0.6296865,0.3703135
t23,0.40171665,0.59828335
t20,0.6432894,0.3567106
