accepted_species,0,1
t19,0.39792192,0.6020781
t96,0.42031288,0.5796871
t127,0.42031288,0.5796871
t128,0.42031288,0.5796871
t109,0.39792192,0.6020781
t110,0.39792192,0.6020781
t97,0.39792192,0.6020781
t45,0.39792192,0.6020781
t103,0.39792192,0.6020781
t52,0.4249882,0.5750118
t53,0.4249882,0.5750118
t17,0.4249882,0.5750118
t23,0.39792192,0.6020781
t20,0.42031288,0.5796871
