"accepted_species","0","1"
"t12","0.00660893695488248","0.993391063045117"
"t27","0.0578887508694226","0.942111249130577"
"t28","0.0691169386467675","0.930883061353232"
"t32","0.0732592391709596","0.92674076082904"
"t40","0.0772231542405849","0.922776845759415"
"t59","0.0621159697342569","0.937884030265743"
"t83","0.107969021629356","0.892030978370644"
"t84","0.029496785566627","0.970503214433373"
"t85","0.029496785566627","0.970503214433373"
"t93","0.00798003379342076","0.992019966206579"
"t95","0.0852839690830416","0.914716030916958"
"t112","0.0323628469809466","0.967637153019053"
"t113","0.0323628469809466","0.967637153019053"
"t116","0.0110920364656682","0.988907963534332"
"t160","0.00116061578538449","0.998839384214616"
"t168","0.00901596951234991","0.99098403048765"
"t169","0.00901596951234991","0.99098403048765"
