accepted_species,0
t66,0.028942162853737713
t52,0.028942162853737713
t72,0.028942162853737713
t88,0.756500317360758
t46,0.028942162853737713
t83,-0.738546958391626
t4,0.028942162853737713
t91,0.028942162853737713
t92,0.028942162853737713
t50,0.028942162853737713
