accepted_species,0,1
t34,0.9980586490816097,0.0019413509183902943
t35,0.9980135740100446,0.001986425989955347
t33,0.9841815458678194,0.01581845413218058
t48,0.9769756889274274,0.023024311072572586
t51,0.9910316074997437,0.008968392500256241
t49,0.9901860535664333,0.009813946433566752
t12,0.9906777209049707,0.009322279095029305
t98,0.9999011988235882,9.880117641182337e-05
t97,0.9999056134479015,9.438655209850475e-05
t39,0.9939466216078613,0.00605337839213876
