accepted_species,0,1
t34,0.996237,0.003763032
t35,0.996237,0.003763032
t33,0.99973816,0.00026183933
t48,0.99773735,0.002262652
t51,0.98713875,0.012861223
t49,0.9979726,0.0020274152
t12,0.997795,0.0022050226
t98,0.9949655,0.005034477
t97,0.9949655,0.005034477
t39,0.9902664,0.009733636
