accepted_species,estimate
t62,2.2446373723297053
t33,0.670156397024065
t21,-0.41427252028806244
t63,0.919027085623695
t98,-0.04560948664831217
t23,0.01927126600542499
t9,0.0019659857030895206
t3,1.1400241648878593
t96,1.1235106194108282
t60,0.03461891590670134
