accepted_species,0,1
t48,0.36482427746305046,0.6351757225369495
t55,0.5294472607818834,0.47055273921811663
t71,0.3554277274618347,0.6445722725381653
t90,0.5035953020717058,0.4964046979282942
t114,0.4399348938442551,0.5600651061557449
t121,0.4246282568717219,0.5753717431282781
t143,0.7737109319156971,0.22628906808430294
t159,0.7356670000776584,0.26433299992234166
t167,0.0875241300174584,0.9124758699825416
t169,0.687772594641461,0.31222740535853905
