accepted_species,estimate
t43,0.20834924
t87,0.44203642
t77,0.2399959
t46,0.40759397
t13,0.59431016
t21,-0.273517
t29,-0.30741778
t50,-0.24047971
t28,0.30387384
t91,0.19824296
