accepted_species,estimate
t43,0.09124535
t87,0.24563088
t77,0.07300651
t46,0.10617691
t13,0.59033793
t21,-0.25949338
t29,-0.42289826
t50,-0.10648605
t28,0.025460223
t91,0.18370685
