accepted_species,0,1
t14,0.5777777777777777,0.4222222222222222
t2,0.5777777777777777,0.4222222222222222
t81,1.0,0.0
t53,0.0,1.0
t70,1.0,0.0
t84,0.4308249879955047,0.5691750120044953
t37,0.5777777777777777,0.4222222222222222
t8,0.5777777777777777,0.4222222222222222
t12,0.5777777777777777,0.4222222222222222
t10,0.5777777777777777,0.4222222222222222
