accepted_species,0,1
t87,0.5799913614852197,0.42000863851478026
t88,0.5706479093238952,0.42935209067610486
t79,0.5602099893080088,0.43979001069199125
t78,0.5864775689304098,0.41352243106959025
t93,0.6121939325136682,0.38780606748633184
t71,0.5525604549533997,0.44743954504660033
t52,0.246939968478198,0.753060031521802
t40,0.29023700392924623,0.7097629960707538
t27,0.385290233250724,0.614709766749276
t32,0.7558772389650195,0.24412276103498057
