accepted_species,0,1
Aidia_beccariana,0.92948323,0.07051675
Mandevilla_tenuifolia,0.8228884,0.1771116
Ditassa_lenheirensis,0.93630284,0.06369716
Rauvolfia_moricandii,0.85287017,0.14712983
Rhytidostemma_fontellanum,0.7432091,0.2567909
Secamone_uncinata,0.91221654,0.08778343
Lasianthus_attenuatus,0.9411778,0.05882221
Prestonia_speciosa,0.8171266,0.18287344
Bruceholstia_sidifolia,0.86158955,0.13841043
Atherandra_acutifolia,0.8549949,0.14500512
