"accepted_species","estimate"
"t58",0.74431502990209
"t5",0.628033860325571
"t36",0.401666138928133
"t61",0.401666138928133
"t62",0.401666138928133
"t23",0.401666138928133
"t14",0.401666138928133
"t56",1.12790088665961
"t74",0.962381004763379
"t75",0.962381004763379
