accepted_species,0,1
t1,0.004551232,0.99544877
t2,0.012202442,0.98779756
t7,0.13259184,0.86740816
t19,0.013214171,0.9867858
t42,0.06385577,0.93614423
t45,0.007498622,0.9925014
t47,0.21471995,0.78528005
t69,0.013353944,0.98664606
t77,0.06664288,0.9333571
t79,0.3172598,0.6827402
t91,0.012577534,0.98742247
t106,0.069290996,0.930709
