accepted_species,0,1
t97,0.08382974769501417,0.9161702523049858
t69,0.013598360872318027,0.986401639127682
t11,0.014047147461074827,0.9859528525389252
t32,0.01194336513977945,0.9880566348602206
t30,0.01194336513977945,0.9880566348602206
t90,0.012722998216025627,0.9872770017839744
t2,0.012447322945214001,0.987552677054786
t26,0.20617791437071342,0.7938220856292866
t19,0.1834886811267541,0.8165113188732459
t15,0.18348868112675432,0.8165113188732457
