accepted_species,0,1
t97,0.044489503,0.9555105
t69,0.051905513,0.9480945
t11,0.027734876,0.9722651
t32,0.003704965,0.99629503
t30,0.0024966598,0.99750334
t90,0.003277123,0.9967229
t2,0.0029510856,0.9970489
t26,0.023706317,0.9762937
t19,0.09973192,0.9002681
t15,0.09973192,0.9002681
