accepted_species,0,1
t85,0.000884176839084927,0.9991158231609151
t86,0.0014916618978273455,0.9985083381021727
t96,0.20157438124638194,0.7984256187536181
t99,0.017385240679165137,0.9826147593208349
t113,0.05804824837240563,0.9419517516275944
t114,0.05370174805431771,0.9462982519456823
t115,0.13678885892816461,0.8632111410718354
t120,0.15820622744673662,0.8417937725532634
t125,0.21863404193417102,0.781365958065829
t128,0.09244035812571894,0.9075596418742811
t129,0.22192428852041868,0.7780757114795813
t130,0.21319627697570798,0.786803723024292
t141,0.1588621770345634,0.8411378229654366
t163,0.14100128092248643,0.8589987190775136
t167,0.14788617001428228,0.8521138299857177
t174,0.05086603007059365,0.9491339699294064
t178,0.15503463667846817,0.8449653633215318
t179,0.1538128582003062,0.8461871417996938
t188,0.11657224756680196,0.883427752433198
