accepted_species,0,1
t85,9.525124978260191e-05,0.9999047487502174
t86,7.817965631484736e-05,0.9999218203436852
t96,0.41488622090693383,0.5851137790930662
t99,1.0972670235087634e-05,0.9999890273297649
t113,8.04562755307714e-06,0.9999919543724469
t114,3.916456659536216e-06,0.9999960835433405
t115,1.823689075697299e-05,0.999981763109243
t120,0.21460974692380563,0.7853902530761944
t125,0.3192947773809084,0.6807052226190916
t128,7.098633996061032e-06,0.9999929013660039
t129,0.1956638630371873,0.8043361369628127
t130,0.16494779264019432,0.8350522073598057
t141,1.4006370591679307e-05,0.9999859936294083
t163,5.6548053412042165e-06,0.9999943451946588
t167,5.9066473246938145e-06,0.9999940933526753
t174,4.589271274002549e-06,0.999995410728726
t178,1.8204139752509008e-05,0.9999817958602475
t179,1.8502160943234536e-05,0.9999814978390568
t188,1.6460756656067055e-05,0.9999835392433439
