accepted_species,estimate
t60,-0.02049289843936415
t67,-0.23177144499919972
t14,0.3816545932027034
t72,0.7597065914835659
t43,0.8963341688787945
t77,0.29968237362423206
t18,0.2121400829469791
t27,0.16035299474173798
t78,0.22741764868269687
t47,-0.0790445806343098
