accepted_species,estimate
t52,0.07603084727978376
t35,-0.8461518790272325
t83,0.30160613596967983
t59,-0.7840001329719922
t34,-1.143743697730197
t54,-1.322966007086276
t16,-0.04831459749667153
t38,0.5496991982697663
t46,0.5160094811355868
t8,-0.154471341178404
