accepted_species,0,1
t10,0.39347341492397236,0.6065265850760276
t27,0.4045663762578179,0.5954336237421821
t37,0.5346666345492868,0.4653333654507133
t42,0.45369715290116064,0.5463028470988394
t51,0.4604936951318779,0.5395063048681221
t72,0.4006021229932276,0.5993978770067724
t76,0.3658242347337679,0.6341757652662321
t78,0.4055415655479018,0.5944584344520982
t82,0.3946458544703386,0.6053541455296614
t84,0.34912477501785943,0.6508752249821406
t117,0.5272948897620371,0.4727051102379629
t123,0.5269891584009531,0.47301084159904694
