accepted_species,estimate
t46,0.2191992120881727
t47,0.21919921208817156
t18,0.2164570597986872
t36,0.40481308425424434
t44,0.4064599459714995
t24,0.40199910302301667
t30,0.40267662463961107
t83,0.37332831876507167
t84,0.37332831876507155
t9,0.35805160939070346
