accepted_species,estimate
t85,0.4996297872825503
t63,1.38699828699357
t78,1.3850131519271733
t42,-0.906514612947888
t76,-0.02737439566303731
t82,-1.3128300884162363
t34,0.03462660393527642
t29,-0.5027548507697623
t100,-0.4222037626073912
t75,-0.39072820742714703
