accepted_species,0,1
t61,0.9310308456518603,0.06896915434813965
t32,0.6908383474393383,0.30916165256066175
t94,0.6217485979438768,0.3782514020561232
t65,0.9549643241524828,0.0450356758475172
t49,0.9450860173695135,0.05491398263048649
t79,0.870108882199063,0.12989111780093693
t80,0.845415651956354,0.15458434804364596
t55,0.8039515406571177,0.19604845934288231
t56,0.8610221642450088,0.1389778357549912
t45,0.7384628725234279,0.26153712747657215
