accepted_species,estimate
Asclepias_albicans,-0.10542561616676226
Asclepias_eriocarpa,-0.10542561616676281
Asclepias_erosa,-0.10542561616676281
Asclepias_ovalifolia,-0.10542561616676259
Asclepias_speciosa,-0.10542561616676226
Asclepias_subulata,-0.10542561616676259
Asclepias_tuberosa,-0.10611582629252721
Asclepias_verticillata,-0.1061158262925271
Calotropis_gigantea,-0.08536133892313154
Vincetoxicum_hirundinaria,-0.05571634816318853
