accepted_species,estimate
Asclepias_albicans,-1.9042902873132699
Asclepias_eriocarpa,-2.008451330645556
Asclepias_erosa,-1.8436028346522149
Asclepias_ovalifolia,-1.9286823641740887
Asclepias_speciosa,-1.8475289636826588
Asclepias_subulata,-1.9366242923471593
Asclepias_tuberosa,-1.9668108970317875
Asclepias_verticillata,-2.0307832714460265
Calotropis_gigantea,-1.698859338065888
Vincetoxicum_hirundinaria,-1.4069783377144411
