"accepted_species","estimate"
"t61",0.919875368038605
"t48",0.82831157907667
"t47",0.293468937438895
"t35",0.757859474116713
"t28",0.870848645284778
"t37",0.817089989754395
"t34",1.03221532505034
"t87",1.22243517626022
"t3",1.84793255945415
"t1",0.859816122429751
