accepted_species,0,1
t48,0.38888888888888884,0.6111111111111112
t26,0.38888888888888884,0.6111111111111112
t57,1.0,0.0
t91,0.38888888888888884,0.6111111111111112
t92,0.38888888888888884,0.6111111111111112
t84,0.0,1.0
t67,0.38888888888888884,0.6111111111111112
t68,0.38888888888888884,0.6111111111111112
t65,1.0,0.0
t33,0.38888888888888884,0.6111111111111112
