accepted_species,0,1
t48,0.03221637,0.96778363
t26,0.8098435,0.19015653
t57,0.68232346,0.3176765
t91,0.5651549,0.43484506
t92,0.5651549,0.43484506
t84,0.23375982,0.7662402
t67,0.82531124,0.17468874
t68,0.82531124,0.17468874
t65,0.79650134,0.20349868
t33,0.85668266,0.14331733
