accepted_species,0,1
t2,0.07018801095927152,0.9298119890407285
t63,0.9999920399208252,7.960079174806861e-06
t56,0.9999532059071061,4.6794092893836056e-05
t61,0.9999660648568807,3.393514311933186e-05
t80,0.9999945521207945,5.44787920550106e-06
t43,0.9996870895794459,0.0003129104205541831
t21,0.9995904031813642,0.00040959681863580045
t67,0.9999983102545269,1.6897454730697332e-06
t7,0.5601997667172106,0.4398002332827894
t3,0.04157326425897534,0.9584267357410247
