accepted_species,0,1
t2,0.14373424643705912,0.8562657535629409
t63,0.9999067577334,9.3242266600023e-05
t56,0.9998524288401268,0.00014757115987312945
t61,0.9998579599401409,0.00014204005985905637
t80,0.9998893306364811,0.00011066936351891249
t43,0.999928720742923,7.127925707690007e-05
t21,0.9998906202676434,0.00010937973235659189
t67,0.9999379796256462,6.202037435374061e-05
t7,0.6768214148832798,0.32317858511672015
t3,0.07404239610662866,0.9259576038933713
