accepted_species,0,1
t2,0.029956702921742018,0.970043297078258
t63,0.99979642499176,0.0002035750082399941
t56,0.9997929115167065,0.0002070884832934876
t61,0.999792876716112,0.00020712328388808058
t80,0.9997942427118803,0.00020575728811964437
t43,0.9997209087085074,0.00027909129149262813
t21,0.9997390734657692,0.0002609265342308265
t67,0.9997200078554748,0.00027999214452521706
t7,0.9727336746957904,0.027266325304209568
t3,0.00018128819667451168,0.9998187118033255
