accepted_species,estimate
t43,-2.1582507905193493
t83,0.5120927286826629
t58,0.41961603173561174
t71,0.3028511322606778
t87,1.2977784855978707
t97,0.09731756931116547
t36,0.06539457187759906
t50,0.0902982890740805
t4,0.22628156902124413
t7,-0.3813544512380936
