"accepted_species","estimate"
"t43",-2.22802259509851
"t83",1.28043992402462
"t58",1.26306726281886
"t71",0.481269315322477
"t87",0.674825937018687
"t97",0.0954860505477814
"t36",0.229062226652118
"t50",0.390732307535734
"t4",-0.543294224759757
"t7",-0.605898763152318
