accepted_species,estimate
t43,-1.9135987
t83,-0.03321176
t58,0.042145085
t71,0.43914357
t87,1.1261805
t97,0.2557064
t36,0.027977228
t50,-0.06591573
t4,-0.49346697
t7,-0.39625782
