accepted_species,0
t125,0.012550858098429117
t69,0.012550858098429117
t16,0.012550858098429117
t79,0.012550858098429117
t80,0.012550858098429117
t179,0.275020365478758
t73,0.012550858098429117
t65,0.012550858098429117
t45,0.012550858098429117
t17,0.012550858098429117
t64,0.012550858098429117
t89,0.012550858098429117
t167,-1.7466315359154303
t168,-1.7466315359154303
t35,0.012550858098429117
t116,0.012550858098429117
t47,0.012550858098429117
t28,0.012550858098429117
