"accepted_species","estimate"
"t30",0.31695226250961
"t27",-0.120532814451211
"t52",-0.0909216626198282
"t84",-0.735307147654137
"t21",-0.248321356162331
"t15",-0.0244904501039777
"t16",-0.00891524064111459
"t8",-0.0596425116276865
"t23",-0.165865425858773
"t59",-0.0493548901755031
