accepted_species,estimate
t30,0.54875857
t27,-0.5051972
t52,-0.007908244
t84,-0.48293763
t21,-0.6696637
t15,0.30255648
t16,0.17806819
t8,-0.049414292
t23,-0.5210815
t59,-0.11604027
