accepted_species,0,1
t28,0.8754532,0.12454683
t77,0.7621117,0.23788829
t78,0.8754532,0.12454683
t86,0.679116,0.320884
t95,0.82280695,0.17719308
t96,0.82280695,0.17719308
t60,0.7621117,0.23788829
t61,0.9135453,0.08645471
t44,0.7621117,0.23788829
t5,0.8754532,0.12454683
