accepted_species,0,1
t40,0.79395914,0.20604086
t26,0.73489267,0.26510733
t23,0.2934016,0.7065984
t36,0.29692662,0.7030734
t15,0.8260006,0.17399943
t12,0.7048008,0.29519922
t66,0.5778991,0.4221009
t67,0.5778991,0.4221009
t85,0.35789114,0.64210886
t72,0.82808805,0.17191197
