accepted_species,0,1
t71,0.0044024587,0.99559754
t22,0.991377,0.008622976
t12,0.53844494,0.46155506
t51,0.948703,0.051297024
t57,0.964483,0.03551697
t31,0.9257482,0.07425174
t32,0.9257482,0.07425174
t72,0.06799978,0.9320002
t27,0.99803907,0.0019609437
t48,0.98182964,0.018170329
