accepted_species,estimate
t81,-1.1443386
t27,-1.353682
t80,-0.45288277
t8,-0.6144511
t18,0.36655396
t40,1.4526882
t222,0.23471037
t201,-0.5199499
t119,0.95887876
t159,0.7601743
t71,0.8083898
t248,1.2144374
t19,0.42142242
t191,0.059816986
t234,1.6173979
t179,1.6154604
t180,1.6154604
t87,-1.0197048
t53,-0.35621637
t117,-0.28654015
t104,-0.27473432
t176,-0.29771346
t70,-0.13826443
t32,0.5596434
t2,-0.6845374
