accepted_species,estimate
t81,-2.111586
t27,-0.9746721
t80,-1.697539
t8,-0.37327152
t18,0.30407035
t40,1.7872852
t222,-0.26129863
t201,-0.53981984
t119,0.97990155
t159,0.71713006
t71,0.31274503
t248,1.0726429
t19,0.23459661
t191,0.12431929
t234,0.8263014
t179,1.8746265
t180,1.3821859
t87,-0.36027724
t53,-1.1385244
t117,-0.5844342
t104,-0.3932534
t176,-0.3270541
t70,-0.04381558
t32,-0.31206056
t2,-0.73820573
