accepted_species,estimate
t81,-1.6260351
t27,-1.6752317
t80,-1.2739565
t8,-0.6469041
t18,0.22588
t40,1.1601712
t222,-0.119454615
t201,-0.21606953
t119,0.89074975
t159,0.7694219
t71,0.74400824
t248,1.0965358
t19,0.16756724
t191,-0.08251712
t234,1.5908022
t179,1.3325542
t180,1.3151934
t87,-1.2344365
t53,-0.92710614
t117,-0.5213177
t104,-0.41349152
t176,-0.3359064
t70,-0.24129242
t32,-0.14063156
t2,-0.7345909
