accepted_species,0,1
t111,0.21108738288761686,0.7889126171123831
t150,0.2109588538313356,0.7890411461686644
t161,0.21087854947269513,0.7891214505273049
t185,0.2108971531003997,0.7891028468996003
t186,0.21105110455081044,0.7889488954491896
t190,0.21202978575241083,0.7879702142475892
t225,0.21121491576775342,0.7887850842322466
t226,0.21200808077863487,0.7879919192213651
t235,0.2108692805414245,0.7891307194585755
t242,0.21109180774804714,0.7889081922519529
