accepted_species,estimate
t16,0.14604865750910268
t42,0.1705494724309058
t24,-0.011792178195807607
t34,-0.01131471693586164
t61,-0.010931458130227528
t27,-0.01174660309760385
t71,-0.16337232769638182
t9,0.005424998171960814
t82,-1.5059133397958555
t64,-0.07411237446023668
