accepted_species,0,1
Tarenna_compactiflora,0.9330068137914841,0.06699318620851587
Asclepias_schumanniana,0.7727613814931158,0.2272386185068842
Crusea_setosa,0.9543511769925579,0.04564882300744206
Gentianella_multicaulis,0.9383193880958403,0.06168061190415978
Ditassa_acerifolia,0.8031289731946163,0.1968710268053837
Lygisma_nervosum,0.7645412533927705,0.23545874660722954
Swertia_hickinii,0.918457156864751,0.08154284313524891
Hoya_corollimarginata,0.809312938495953,0.19068706150404705
Wendlandia_nitens,0.9165007656690625,0.08349923433093748
Gentiana_micrantha,0.9498845435017105,0.050115456498289516
