"accepted_species","0","1"
"Tarenna_compactiflora","0.999722977132431","0.000277022867568715"
"Asclepias_schumanniana","0.998442440437143","0.00155755956285665"
"Crusea_setosa","0.999075567248319","0.000924432751680697"
"Gentianella_multicaulis","0.999942248172217","5.77518277832736e-05"
"Ditassa_acerifolia","0.999586795076848","0.000413204923152429"
"Lygisma_nervosum","0.999752258469509","0.000247741530490723"
"Swertia_hickinii","0.995926426165028","0.0040735738349724"
"Hoya_corollimarginata","0.999996706232226","3.293767773887e-06"
"Wendlandia_nitens","0.998559631334609","0.00144036866539107"
"Gentiana_micrantha","0.997255672192026","0.002744327807974"
