accepted_species,estimate
t97,-0.7363686
t98,-0.7363686
t71,-0.7363686
t75,-0.84041756
t76,-0.84041756
t10,-0.73250395
t1,-0.73250395
t52,0.4991888
t86,-0.4698286
t32,1.7570608
