accepted_species,0,1
t32,0.26585319154401343,0.7341468084559866
t33,0.2758246811613584,0.7241753188386416
t83,0.4737670366495763,0.5262329633504237
t74,0.4930310708869551,0.5069689291130449
t68,0.6805282298204893,0.31947177017951073
t84,0.46784733050790817,0.5321526694920918
t7,0.5099620120110299,0.49003798798897014
t97,0.2331290438892748,0.7668709561107252
t75,0.24789024224504697,0.752109757754953
t92,0.634973132185258,0.36502686781474203
