accepted_species,estimate
t6,-0.38881813240664076
t49,-0.18191662944385142
t85,-0.735605569767681
t26,0.27629757096765717
t9,0.8597529475729209
t89,0.42776887501422767
t50,0.8780381469942116
t4,0.9602008667342039
t10,-0.46313258173590305
t78,-0.17954099879970045
