accepted_species,estimate
t6,-1.0280652271942763
t49,-0.22914724200625528
t85,0.66686482617877
t26,-0.37083718097225477
t9,0.5121971182112571
t89,0.5258463014183933
t50,-0.019232871144549767
t4,0.33382467272311633
t10,0.6042012468721241
t78,1.4761314897542768
