accepted_species,0,1
t87,0.96922463,0.030775357
t25,0.012235105,0.9877649
t26,0.012235105,0.9877649
t60,0.0067290664,0.99327093
t74,0.0067290664,0.99327093
t75,0.0067290664,0.99327093
t50,0.88699186,0.11300814
t51,0.88699186,0.11300814
t97,0.88699186,0.11300814
t98,0.88699186,0.11300814
