accepted_species,0,1
t339,0.6431388143635484,0.3568611856364516
t379,0.6463723405173019,0.3536276594826981
t411,0.6430921748474021,0.3569078251525979
t416,0.6431826900836719,0.35681730991632804
t445,0.6418681979491756,0.3581318020508244
t458,0.6438451287289275,0.3561548712710725
t462,0.6418655379949558,0.3581344620050442
t464,0.6439356223405024,0.35606437765949756
t478,0.6456598415467514,0.3543401584532487
t489,0.6437447367687639,0.35625526323123613
