accepted_species,0,1
t50,0.16947661765386735,0.8305233823461327
t45,0.4547914329741565,0.5452085670258435
t39,0.42367215953790094,0.5763278404620991
t11,0.3411817431286682,0.6588182568713318
t41,0.3327221806018068,0.6672778193981932
t91,0.6357719321293753,0.36422806787062467
t95,0.6551904540240818,0.3448095459759182
t54,0.6317063207018065,0.3682936792981934
t99,0.640241105824712,0.35975889417528795
t24,0.23247239658578855,0.7675276034142114
