accepted_species,estimate
t4,-2.6797712
t260,1.9673
t264,1.8628234
t98,-0.22013524
t194,-0.13843459
t244,-0.057723235
t214,-0.22502492
t83,0.09504923
t227,0.30816787
t198,0.52064925
t145,0.28113708
t46,0.041373808
t108,0.39387715
t138,0.31541687
t62,0.49638596
t101,0.31207922
t251,-0.1178575
t112,0.35696
t96,-1.4731288
t222,-0.38703305
t168,-0.9369132
t37,-0.69738847
t238,-0.10687229
t85,-0.47797388
t11,-0.38146803
t2,1.3079561
