accepted_species,0,1
Cynanchum_laeve,0.17581514234084528,0.8241848576591547
Asclepias_asperula,0.11706722717938589,0.8829327728206141
Asclepias_mellodora,0.11566933875578267,0.8843306612442173
Asclepias_speciosa,0.11831530341316077,0.8816846965868392
Asclepias_stenophylla,0.11676027211608153,0.8832397278839185
Asclepias_syriaca,0.11440711712852059,0.8855928828714794
Asclepias_tuberosa,0.11417515184631044,0.8858248481536896
Asclepias_verticillata,0.11227826956466258,0.8877217304353374
Funastrum_cynanchoides,0.2032669984427231,0.7967330015572769
Cynanchum_viminale,0.1781756606208038,0.8218243393791962
