accepted_species,0,1
Cynanchum_laeve,0.4518621,0.5481379
Asclepias_asperula,0.27451187,0.7254881
Asclepias_mellodora,0.27617973,0.72382027
Asclepias_speciosa,0.27451187,0.7254881
Asclepias_stenophylla,0.27451187,0.7254881
Asclepias_syriaca,0.27617973,0.72382027
Asclepias_tuberosa,0.27617973,0.72382027
Asclepias_verticillata,0.27617973,0.72382027
Funastrum_cynanchoides,0.467803,0.532197
Cynanchum_viminale,0.4518621,0.5481379
