accepted_species,0,1
t81,0.7551981782036439,0.2448018217963561
t86,0.7508401732161405,0.24915982678385948
t9,0.410622862765363,0.589377137234637
t67,0.036760526110473424,0.9632394738895266
t92,0.028576736904557087,0.9714232630954429
t3,0.45813513817025775,0.5418648618297423
t27,0.056074865342132574,0.9439251346578674
t56,0.03316303715656366,0.9668369628434363
t74,0.02791354470496188,0.9720864552950381
t23,0.02821702411754312,0.9717829758824569
