"accepted_species","estimate"
"t54",0.351448047368657
"t66",-1.21012197923986
"t23",0.0831218080463452
"t90",-0.181144356070598
"t16",0.127856228678082
"t87",0.918938365707553
"t88",0.918938365707553
"t35",0.343435373111655
"t30",1.15962744960319
"t28",1.2310440456612
