"accepted_species","0","1"
"t51",0.871591417844055,0.128408582155945
"t106",0.00641202913976242,0.993587970860238
"t39",0.318054180798283,0.681945819201717
"t85",0.0907300828581351,0.909269917141865
"t46",0.862200872486067,0.137799127513933
"t8",0.243997273488203,0.756002726511797
"t14",0.276244069109011,0.723755930890989
"t37",0.496701457906703,0.503298542093297
"t38",0.496701457906703,0.503298542093297
"t95",0.978145542336669,0.0218544576633312
