accepted_species,0,1
t51,0.9782437,0.021756275
t106,0.089475036,0.91052496
t39,0.2141276,0.7858724
t85,0.46726793,0.53273207
t46,0.9854012,0.0145987645
t8,0.028598249,0.97140175
t14,0.23919392,0.7608061
t37,0.59512806,0.40487194
t38,0.59512806,0.40487194
t95,0.93049353,0.069506474
