"accepted_species","0","1"
"Psychotria_costata","0.97399297694278","0.0260070230572202"
"Psychotria_winkleri","0.97399297694278","0.0260070230572202"
"Psychotria_andaiensis","0.97399297694278","0.0260070230572202"
"Psychotria_ermitensis","0.97399297694278","0.0260070230572202"
"Psychotria_stenantha","0.97399297694278","0.0260070230572202"
"Psychotria_holoxantha","0.97399297694278","0.0260070230572202"
"Psychotria_hathewayi","0.97399297694278","0.0260070230572202"
"Psychotria_iridensis","0.97399297694278","0.0260070230572202"
"Rudgea_insignis","0.97399297694278","0.0260070230572202"
"Rudgea_itoupensis","0.97399297694278","0.0260070230572202"
