accepted_species,0,1
t23,0.99489796,0.00510204
t18,0.99489796,0.00510204
t53,0.99489796,0.00510204
t41,0.99489796,0.00510204
t66,0.99489796,0.00510204
t78,0.99489796,0.00510204
t16,0.99489796,0.00510204
t63,0.99489796,0.00510204
t37,0.99489796,0.00510204
t32,0.99489796,0.00510204
