accepted_species,0,1
t7,0.6342269208905442,0.3657730791094558
t8,0.639241238284929,0.36075876171507104
t11,0.6350674784028882,0.36493252159711176
t14,0.627875416141159,0.372124583858841
t21,0.640849052535851,0.359150947464149
t41,0.6281438834200472,0.3718561165799527
t42,0.6283681186664712,0.37163188133352876
t46,0.6427409324814328,0.3572590675185671
t76,0.6426081940821464,0.3573918059178536
t87,0.6384330167078017,0.3615669832921983
t92,0.6426369552029504,0.3573630447970496
t97,0.6407658514875316,0.3592341485124684
t129,0.6346935514156875,0.36530644858431255
