accepted_species,0,1
t49,0.23787734702993024,0.7621226529700698
t75,0.20789085567561294,0.7921091443243871
t95,0.17807111402995057,0.8219288859700494
t96,0.17017649469108975,0.8298235053089102
t104,0.18687223295877542,0.8131277670412246
t105,0.20633514972505707,0.7936648502749429
t113,0.2022168667058769,0.7977831332941231
t114,0.19638199522323874,0.8036180047767613
t139,0.22254304587847873,0.7774569541215213
t140,0.25147926901253415,0.7485207309874659
