accepted_species,0,1
t49,0.5351782,0.46482185
t75,0.5351782,0.46482185
t95,0.5351782,0.46482185
t96,0.5351782,0.46482185
t104,0.5351782,0.46482185
t105,0.5351782,0.46482185
t113,0.5351782,0.46482185
t114,0.5351782,0.46482185
t139,0.5351782,0.46482185
t140,0.5351782,0.46482185
