accepted_species,estimate
t77,0.635892437382118
t62,0.6672864849121181
t72,0.9005450502520345
t94,-0.12302669428212125
t48,0.12995915404291453
t70,-0.20363444153501603
t14,-0.19639894546580222
t96,0.025854313510297277
t17,0.025049385572053228
t18,0.09757977019096793
