accepted_species,0,1
t4,0.9822179,0.017782098
t42,0.97465914,0.025340855
t43,0.9813425,0.018657481
t10,0.9813425,0.018657481
t15,0.962286,0.037714005
t5,0.9316812,0.06831876
t7,0.9425595,0.057440512
t94,0.08847952,0.9115205
t90,0.122992516,0.8770075
t9,0.9383318,0.061668243
