accepted_species,estimate
Centaurium_littorale,-0.024964191872390462
Centaurium_tenuiflorum,-0.39719656415170074
Gentiana_andrewsii,-0.43260356059919375
Gentiana_lutea,-0.24982038485948777
Gentiana_nivalis,-0.25693491804484087
Gentiana_pneumonanthe,-0.1908864093865386
Gentiana_utriculosa,-0.28622586692850177
Gentianella_amarella,0.030934187841011207
Gentianella_insubrica,0.1680033092229941
Gentianella_parviflora,-0.012524685429046375
