accepted_species,0,1
t2,0.048198867107469456,0.9518011328925305
t36,0.7459257446812473,0.2540742553187528
t65,0.7436128444206989,0.2563871555793012
t21,0.5845079271545306,0.41549207284546946
t84,0.5001264218639521,0.49987357813604794
t32,0.23406235017182864,0.7659376498281714
t28,0.5236497622100988,0.47635023778990115
t78,0.5086633505714702,0.4913366494285298
t13,0.3987853208004073,0.6012146791995927
t27,0.32867470147149547,0.6713252985285045
