accepted_species,0
t36,
t92,
t246,2.00861081914414
t188,
t189,
t202,
t243,
t244,
t229,
t230,
t128,
t249,
t250,
t184,
t163,
t113,
t222,2.00629065454533
t80,
t78,
t124,
t247,1.91264946255125
t207,
t208,
t204,
t42,
