accepted_species,estimate
t36,2.0819566
t92,1.9755021
t246,2.031978
t188,2.059832
t189,2.059832
t202,2.059832
t243,2.0538538
t244,2.0538538
t229,2.059832
t230,2.059832
t128,2.0053723
t249,2.0020263
t250,2.0020263
t184,2.0053723
t163,2.0053723
t113,2.0085614
t222,1.998405
t80,1.9587026
t78,1.9930896
t124,1.9506265
t247,1.9506265
t207,1.9793658
t208,1.9793658
t204,1.9793658
t42,2.0409086
