accepted_species,estimate
t64,0.53625077
t19,-0.8966923
t43,-1.8086222
t23,-1.9309819
t24,-1.5128856
t251,-0.71562976
t215,-0.7227459
t118,-0.7107597
t56,0.15441489
t144,-0.51884335
t191,-0.34481376
t47,0.52604437
t143,0.35033223
t170,0.2612048
t220,0.28119206
t190,0.20376068
t73,0.1061167
t71,0.5744214
t62,0.048756037
t86,0.8606579
t153,-0.34552237
t202,0.2174186
t155,-0.061193503
t39,1.909303
t16,0.31130007
t4,-1.4789553
