accepted_species,estimate
t54,0.230393
t73,-0.49230412
t74,-0.49230412
t66,-0.16195232
t18,0.39264262
t16,0.1841225
t88,0.37572742
t47,0.5865412
t80,0.5842477
t29,0.5842477
