accepted_species,estimate
t54,0.07501048
t73,0.108176365
t74,0.108176365
t66,-0.65056294
t18,0.55808264
t16,0.43677303
t88,0.4611329
t47,0.4611329
t80,1.1196573
t29,0.43733346
