"accepted_species","estimate"
"t8",0.0201618286029185
"t50",0.268826344270146
"t39",0.0431763702798849
"t83",-1.71992848956111
"t23",0.0589343751540829
"t99",0.574694395847368
"t100",0.574694395847368
"t76",0.79018544437777
"t13",0.0182322685537419
"t3",0.0202572952667482
