accepted_species,0,1
t57,0.06085514454514629,0.9391448554548537
t70,0.39015424965447765,0.6098457503455224
t78,0.47395978025921526,0.5260402197407847
t80,0.4053190740661051,0.5946809259338949
t94,0.6191489154656595,0.3808510845343404
t104,0.6547908299760228,0.34520917002397716
t148,0.3733092832289283,0.6266907167710717
t157,0.5617611810509495,0.4382388189490505
t160,0.4950792109500781,0.5049207890499219
t161,0.48536407310956375,0.5146359268904362
