accepted_species,0,1
t2,0.33211782851108884,0.6678821714889112
t12,0.3312862531777153,0.6687137468222847
t32,0.3768752589659552,0.6231247410340448
t38,0.3754324924228597,0.6245675075771403
t42,0.33323863776602336,0.6667613622339766
t63,0.42139282418063484,0.5786071758193652
t65,0.3755937462899247,0.6244062537100753
t75,0.505752136575236,0.49424786342476396
t84,0.3043670007516779,0.6956329992483221
t98,0.5165330849064225,0.4834669150935776
t139,0.5503470455371682,0.44965295446283177
t146,0.49570729132415514,0.5042927086758449
t150,0.653604580099252,0.34639541990074796
t158,0.5265382573166333,0.47346174268336666
t162,0.30648866073298464,0.6935113392670154
t163,0.29876006368316566,0.7012399363168343
t172,0.4999060381403384,0.5000939618596616
t183,0.6498768108592183,0.3501231891407817
t184,0.630605188668395,0.36939481133160507
t192,0.3303167924968531,0.6696832075031469
