accepted_species,0,1
t33,0.8555555555555556,0.14444444444444443
t22,0.8555555555555556,0.14444444444444443
t35,0.8555555555555556,0.14444444444444443
t26,0.8555555555555556,0.14444444444444443
t97,1.0,0.0
t86,1.0,0.0
t14,0.8555555555555556,0.14444444444444443
t39,0.8555555555555556,0.14444444444444443
t58,0.8555555555555556,0.14444444444444443
t31,0.8555555555555556,0.14444444444444443
