accepted_species,0,1
t33,0.7318325,0.26816747
t22,0.9162392,0.08376079
t35,0.9162392,0.08376079
t26,0.9162392,0.08376079
t97,0.86676466,0.1332353
t86,0.89290607,0.107093915
t14,0.875134,0.124866016
t39,0.92720205,0.072797954
t58,0.9090852,0.09091478
t31,0.919099,0.080901004
