accepted_species,0,1
t72,0.9922255803236472,0.007774419676352808
t36,0.9927055425806368,0.007294457419363237
t42,0.9384125569831564,0.06158744301684357
t11,0.8788510480272705,0.12114895197272946
t16,0.8769948432226524,0.12300515677734754
t5,0.7061130472254116,0.2938869527745884
t6,0.3760009277174693,0.6239990722825307
t26,0.35604208311072194,0.6439579168892781
t13,0.8342416200566609,0.16575837994333914
t29,0.816526714501769,0.18347328549823105
