"accepted_species","0","1"
"t15",0.000592102298528522,0.999407897701472
"t26",0.00137783764018848,0.998622162359811
"t53",0.000466653483380442,0.99953334651662
"t57",0.000614376971813194,0.999385623028187
"t68",0.000210443496633324,0.999789556503367
"t139",0.000445226055454748,0.999554773944545
"t195",0.00509269467163964,0.99490730532836
"t326",0.00209563040735934,0.997904369592641
"t97",0.00103893293894465,0.998961067061055
"t105",0.000131627703254949,0.999868372296745
"t80",0.00042949149319498,0.999570508506805
"t127",9.3715636377013e-05,0.999906284363623
"t455",0.000191184886314184,0.999808815113686
"t268",0.000817210703744966,0.999182789296255
"t204",0.000106770907237393,0.999893229092763
"t215",0.000176074566882504,0.999823925433117
"t203",0.000137530116467905,0.999862469883532
"t367",0.000621272588832917,0.999378727411167
"t368",0.00121574974450199,0.998784250255498
"t144",0.000145931165559292,0.999854068834441
"t420",0.000503889375226245,0.999496110624774
"t279",0.0010548235775315,0.998945176422468
"t190",0.000145156365279176,0.999854843634721
"t440",0.000305235780695627,0.999694764219304
"t202",0.000100385070538939,0.999899614929461
"t247",0.000102261182469141,0.999897738817531
"t449",0.000174026492255126,0.999825973507745
"t358",0.000596631355937468,0.999403368644062
"t163",0.000124880726431895,0.999875119273568
"t265",0.000435154244734861,0.999564845755265
"t222",0.00081426253556645,0.999185737464434
"t239",0.000162417663120363,0.99983758233688
"t352",0.000592539934400985,0.999407460065599
"t330",0.00127745155710762,0.998722548442892
"t409",0.000568157285953335,0.999431842714047
"t333",0.00104799202114495,0.998952007978855
"t429",0.000313990257761568,0.999686009742239
"t257",0.000293359877632106,0.999706640122368
"t466",1.62476472700537e-05,0.99998375235273
"t298",0.000139730528667294,0.999860269471333
"t291",0.000160874589764043,0.999839125410236
"t398",0.000432841715612778,0.999567158284387
"t391",0.000464205394461524,0.999535794605538
"t194",0.000175658927317573,0.999824341072682
"t308",0.000338101975751454,0.999661898024248
"t99",0.000153980119492319,0.999846019880508
"t125",0.00068057384682597,0.999319426153174
