accepted_species,0,1
Ruehssia_mollis,0.92377734,0.07622267
Funastrum_elegans,0.8110304,0.18896958
Strophanthus_vanderijstii,0.6690531,0.3309469
Marsdenia_formosana,0.92377734,0.07622267
Mandevilla_arenicola,0.6690531,0.3309469
Hoya_sororia,0.8943678,0.10563217
Hoya_cumingiana,0.8943678,0.10563217
Hoya_epedunculata,0.8943678,0.10563217
Tassadia_milanezii,0.8110304,0.18896958
Camptocarpus_lanceolatus,0.57328737,0.4267126
