accepted_species,0,1
t79,0.000854373,0.9991456
t44,0.0023781657,0.99762183
t52,0.0020067692,0.99799323
t32,0.0023781657,0.99762183
t40,0.0023781657,0.99762183
t87,0.0023781657,0.99762183
t68,0.0064845085,0.9935155
t57,0.00083613396,0.99916387
t84,0.002431333,0.99756867
t93,0.0005983114,0.9994017
