accepted_species,estimate
t24,-0.70284224
t94,-0.1511304
t83,1.2281443
t15,1.1879448
t12,-0.3708193
t70,0.8550663
t29,0.6019988
t23,-0.9308985
t38,-0.3380462
t92,-1.528433
