accepted_species,0,1
t82,0.9420154479617242,0.05798455203827576
t93,0.9956664042630149,0.004333595736985123
t74,0.9969097055253552,0.0030902944746448347
t22,0.43747496522365914,0.5625250347763409
t17,0.3623962025365981,0.6376037974634019
t97,0.4805526843596333,0.5194473156403667
t72,0.3142859747894221,0.6857140252105779
t79,0.5145402735065729,0.48545972649342706
t31,0.2702322099354797,0.7297677900645203
t84,0.3004199224975186,0.6995800775024814
