accepted_species,estimate
t118,-0.5789333
t21,-0.7324359
t81,-0.99029994
t19,0.90001273
t108,1.4044434
t139,1.831243
t30,0.17845726
t70,-0.42236865
t125,1.0722479
t135,0.7374857
t18,-0.6028876
t33,-0.88315123
t41,-1.1370176
t72,-0.5557167
t55,-0.5066027
