accepted_species,0,1
t2,0.9355418210126305,0.0644581789873695
t83,0.03042328687158813,0.9695767131284119
t21,0.4163161537050457,0.5836838462949543
t75,0.5679564270997142,0.43204357290028583
t5,0.55183043438701,0.44816956561299004
t47,0.016816765869092976,0.983183234130907
t71,0.05562472622995995,0.94437527377004
t46,0.04153774391641507,0.9584622560835849
t30,0.04167763137951086,0.9583223686204891
t3,0.023691877610565903,0.9763081223894341
