accepted_species,0,1
t2,0.8380758033893432,0.1619241966106568
t83,0.1555789068102974,0.8444210931897026
t21,0.46431086982869196,0.535689130171308
t75,0.8276340729226976,0.17236592707730242
t5,0.3347896116631949,0.6652103883368051
t47,0.1600229703226982,0.8399770296773018
t71,0.20846346660678527,0.7915365333932147
t46,0.15754890619766793,0.8424510938023321
t30,0.15786789445047367,0.8421321055495263
t3,0.15188915541476056,0.8481108445852394
