accepted_species,0,1
t2,0.73283136,0.2671686
t83,0.05996734,0.94003266
t21,0.36741292,0.6325871
t75,0.39345932,0.6065407
t5,0.4195938,0.5804062
t47,0.03053099,0.969469
t71,0.044459283,0.9555407
t46,0.027648449,0.97235155
t30,0.027648449,0.97235155
t3,0.023708403,0.9762916
