accepted_species,0,1
t73,0.3226484,0.6773516
t76,0.9501689,0.04983108
t77,0.89184284,0.10815717
t95,0.7875023,0.21249768
t102,0.12873918,0.8712608
t107,0.7965847,0.2034153
t158,0.13265175,0.86734825
t159,0.08668363,0.91331637
t170,0.86246264,0.13753738
t171,0.834112,0.16588801
