accepted_species,0,1
Palicourea_argentinensis,0.9009592807723177,0.09904071922768228
Psychotria_viridialba,0.9008639613405878,0.09913603865941228
Psychotria_birchiana,0.9008639613405878,0.09913603865941228
Psychotria_reticulatissima,0.9008639613405878,0.09913603865941228
Palicourea_prodiga,0.9009592807723177,0.09904071922768228
Palicourea_costata,0.9009592807723177,0.09904071922768228
Palicourea_dives,0.9009592807723177,0.09904071922768228
Palicourea_parvijelskii,0.9009592807723177,0.09904071922768228
Gynochthodes_sessilis,0.9006478660967858,0.09935213390321423
Rudgea_laevis,0.9008499543607105,0.09915004563928953
