"accepted_species","0","1"
"Palicourea_argentinensis","0.999541711657944","0.000458288342055687"
"Psychotria_viridialba","0.999923822492988","7.61775070123517e-05"
"Psychotria_birchiana","0.999923822492988","7.61775070123516e-05"
"Psychotria_reticulatissima","0.999923822492988","7.61775070123516e-05"
"Palicourea_prodiga","0.999541711657944","0.000458288342055687"
"Palicourea_costata","0.999541711657944","0.000458288342055687"
"Palicourea_dives","0.999541711657944","0.000458288342055687"
"Palicourea_parvijelskii","0.999541711657944","0.000458288342055687"
"Gynochthodes_sessilis","0.999403950721608","0.000596049278391916"
"Rudgea_laevis","0.999541711657944","0.000458288342055687"
