"accepted_species","0","1"
"t25",0.922142759044784,0.077857240955216
"t64",0.922142759044784,0.077857240955216
"t65",0.922142759044784,0.077857240955216
"t10",0.922142759044784,0.077857240955216
"t50",0.990576253573337,0.00942374642666258
"t82",0.968424732802223,0.031575267197777
"t31",0.984200384496381,0.0157996155036186
"t33",0.983101097024839,0.0168989029751606
"t14",0.873282274142532,0.126717725857468
"t4",0.934397681055292,0.0656023189447075
