accepted_species,0,1
t82,0.9785274,0.021472545
t12,0.87860465,0.121395364
t27,0.87860465,0.121395364
t48,0.9583632,0.041636795
t34,0.98737717,0.012622803
t6,0.7803346,0.21966538
t86,0.72390527,0.27609473
t22,0.76665384,0.23334616
t51,0.85099745,0.14900255
t38,0.85099745,0.14900255
