accepted_species,0
t62,0.036249356270197985
t49,0.036249356270197985
t11,0.036249356270197985
t92,1.82416417809072
t23,0.036249356270197985
t33,0.036249356270197985
t83,-1.34385355343894
t58,0.036249356270197985
t31,0.036249356270197985
t16,0.036249356270197985
