accepted_species,estimate
t62,-0.85453045
t49,0.25923294
t11,-0.45836738
t92,1.5630807
t23,-0.490218
t33,-0.29948708
t83,-0.41053048
t58,-0.1158197
t31,0.42729118
t16,-1.2356596
