accepted_species,estimate
t25,0.30390006
t83,0.08186984
t72,0.67466867
t20,0.08186984
t27,0.37069285
t88,0.85950696
t38,0.56008023
t84,0.64937013
t78,0.17183162
t64,0.1520932
