accepted_species,0,1
t28,0.5044972837047891,0.4955027162952109
t90,0.5020980155953758,0.4979019844046242
t116,0.49858436992750466,0.5014156300724953
t117,0.4985612160751277,0.5014387839248723
t156,0.5172315334521832,0.4827684665478168
t96,0.5165494144765137,0.4834505855234863
t22,0.5061477503373071,0.493852249662693
t53,0.511697947259411,0.48830205274058897
t76,0.5126143571965049,0.48738564280349506
t126,0.5140265207516429,0.4859734792483571
t43,0.49381799155004913,0.5061820084499509
t157,0.5167068566524151,0.48329314334758494
t172,0.5164654320508292,0.4835345679491708
t130,0.5146619257754849,0.48533807422451514
t65,0.4932389928210291,0.5067610071789709
t71,0.5000783329199796,0.49992166708002045
t36,0.5101534474290929,0.48984655257090715
t79,0.5107974316699475,0.48920256833005255
t33,0.5083052523667237,0.49169474763327625
t183,0.5098024033121253,0.4901975966878747
t3,0.49444744486298287,0.5055525551370171
