accepted_species,0,1
t51,0.72461236,0.27538767
t161,0.652249,0.347751
t162,0.65217453,0.34782547
t178,0.4264416,0.5735584
t199,0.652249,0.347751
t216,0.4264416,0.5735584
t220,0.652249,0.347751
t221,0.652249,0.347751
t242,0.4264416,0.5735584
t243,0.4264416,0.5735584
