"accepted_species","0","1"
"t194",0.950812256174067,0.0491877438259334
"t205",0.93507484426164,0.06492515573836
"t208",0.962249259364648,0.0377507406353524
"t219",0.839895009772154,0.160104990227846
"t222",0.944642693156149,0.0553573068438511
"t233",0.979987671825404,0.020012328174596
"t236",0.956820227387602,0.0431797726123978
"t241",0.959397716310625,0.0406022836893752
"t246",0.955565841948803,0.0444341580511967
"t257",0.967090861859301,0.0329091381406992
