accepted_species,0
t94,1.5688883628199
t64,
t40,
t55,
t98,0.6547212693961136
t76,0.692266548032241
t61,
t45,
t28,
t67,
