accepted_species,estimate
t94,1.4744982
t64,0.005973067
t40,-0.09363808
t55,0.8853688
t98,0.41615534
t76,0.053927623
t61,-0.3847214
t45,-0.31977642
t28,0.11933173
t67,-0.4626857
