accepted_species,estimate
t59,-0.25832626
t39,-0.284753
t58,0.4430469
t93,0.36865446
t94,0.36865446
t74,0.21222585
t47,1.257001
t35,0.4235157
t78,1.2633333
t92,-0.26725796
