"","Alpha","Theta"
"1",1.85708591612268,6.86257503461093
