accepted_species,0,1
t14,0.40038332688130385,0.5996166731186962
t48,0.4243855176411566,0.5756144823588434
t49,0.40682878006238543,0.5931712199376146
t93,0.4261205894853426,0.5738794105146574
t94,0.4291153150060818,0.5708846849939182
t95,0.3664099778972172,0.6335900221027828
t96,0.45827527322318384,0.5417247267768162
t91,0.5344713366794288,0.4655286633205712
t92,0.4675746707289179,0.5324253292710821
t3,0.5042937233934344,0.49570627660656563
