accepted_species,0,1
t82,0.8187072317767498,0.18129276822325027
t83,0.8165640932817727,0.18343590671822727
t38,0.9991107409361903,0.0008892590638096773
t25,0.9989680490881918,0.0010319509118081522
t26,0.9984403832506402,0.0015596167493597953
t70,0.9999993527378754,6.472621245817828e-07
t48,0.9999997208531581,2.791468418838353e-07
t5,0.9999991687277803,8.312722196839431e-07
t60,0.9896705208068105,0.010329479193189519
t77,0.9757676095329685,0.024232390467031482
