accepted_species,0,1
t44,0.03948742,0.9605126
t56,0.2578231,0.7421769
t67,0.052273452,0.94772655
t80,0.051196158,0.94880384
t90,0.39961064,0.60038936
t120,0.3634138,0.6365862
t121,0.39961064,0.60038936
t123,0.10959226,0.89040774
t128,0.36190814,0.63809186
t138,0.39961064,0.60038936
t148,0.39961064,0.60038936
t153,0.36190814,0.63809186
t154,0.24231744,0.75768256
t155,0.33795363,0.6620464
t156,0.3676923,0.6323077
t157,0.36190814,0.63809186
t167,0.39961064,0.60038936
t168,0.39961064,0.60038936
