accepted_species,estimate
t90,0.09264429470444302
t15,0.45605558575752486
t92,0.5190124781942413
t43,0.5143827861229293
t74,-0.1204765722382645
t50,-0.12080797361566986
t55,0.7546123656090713
t18,-0.1946679829154518
t98,-0.15570241540666416
t66,-0.1888960494117588
