accepted_species,0,1
t72,0.9311584,0.068841554
t25,0.83777314,0.16222687
t75,0.7144751,0.2855249
t51,0.76584417,0.23415582
t68,0.31366807,0.6863319
t98,0.91662663,0.08337339
t31,0.89317715,0.10682287
t15,0.9336815,0.066318534
t35,0.9425534,0.05744657
t73,0.38712925,0.61287075
