accepted_species,0,1
t72,0.50406694,0.49593303
t25,0.66354316,0.33645684
t75,0.5440039,0.4559961
t51,0.9708056,0.029194424
t68,0.3994338,0.6005662
t98,0.9663106,0.033689372
t31,0.95689666,0.043103315
t15,0.9860626,0.013937421
t35,0.9522108,0.04778919
t73,0.9255627,0.07443732
