accepted_species,estimate
t59,0.4809999885701317
t37,0.2708664569985482
t76,-0.9446053734288493
t92,0.3579593821614285
t54,-1.3976465933100992
t55,-1.3976465933100992
t84,-1.4332289206802933
t16,-0.9120022198015474
t39,1.0386325004121655
t96,-0.11504429197521293
