accepted_species,estimate
t59,0.5839255
t37,0.37038067
t76,-0.47077963
t92,0.15668908
t54,-1.3020715
t55,-1.2065922
t84,-1.2911006
t16,-0.8411543
t39,1.0327164
t96,0.050705805
