accepted_species,0,1
t35,0.5178939014734234,0.48210609852657654
t90,0.5179695564616931,0.4820304435383069
t24,0.5193316802657262,0.4806683197342738
t32,0.5195583756332169,0.480441624366783
t33,0.5195557994676473,0.4804442005323527
t25,0.5192587460149702,0.4807412539850297
t57,0.5187751798921816,0.4812248201078185
t58,0.518821054509528,0.4811789454904721
t46,0.51962532341634,0.48037467658365995
t47,0.5196969301476588,0.4803030698523411
