accepted_species,0,1
t35,0.006190115141717745,0.9938098848582823
t90,0.006592173063792672,0.9934078269362073
t24,0.005889952401363807,0.9941100475986362
t32,0.0076882494313814664,0.9923117505686185
t33,0.007713331269124768,0.9922866687308752
t25,0.0066921967858736275,0.9933078032141264
t57,0.008170409198529627,0.9918295908014704
t58,0.008879408101159614,0.9911205918988404
t46,0.0066653869443674685,0.9933346130556325
t47,0.0064572041433614835,0.9935427958566385
