accepted_species,0
t73,-2.19872934887074
t97,-1.8342340656173
t84,-1.78273777782118
t1,0.13720023418373
t8,0.13720023418373
t85,-0.522159578493945
t70,-1.05891121073364
t20,0.13720023418373
t12,0.13720023418373
t21,0.13720023418373
