accepted_species,0,1
t46,0.5230955809397497,0.4769044190602503
t48,0.615885260851897,0.38411473914810296
t69,0.5234369581159992,0.47656304188400084
t88,0.5207310876807572,0.4792689123192428
t90,0.5224167369487472,0.47758326305125276
t95,0.5217579005790254,0.47824209942097456
t101,0.5326989807662166,0.4673010192337835
t115,0.6185438817361945,0.38145611826380554
t116,0.5321251586466669,0.4678748413533332
t117,0.5321251586466669,0.4678748413533332
