accepted_species,0,1
t25,0.10677129,0.8932287
t20,0.30041188,0.6995881
t77,0.52024627,0.47975376
t87,0.98289,0.017109968
t10,0.98289,0.017109968
t36,0.7596306,0.2403694
t6,0.5265187,0.47348133
t53,0.549253,0.45074704
t60,0.9790618,0.02093819
t30,0.33083117,0.66916883
