accepted_species,0,1
Spigelia_texana,0.9239448,0.07605521
Ophiorrhiza_robbrechtii,0.9329552,0.06704479
Cynanchum_pedunculatum,0.8891519,0.11084814
Mitrasacme_elata,0.92509407,0.07490593
Manettia_coccocypseloides,0.92133284,0.07866717
Palicourea_calophylla,0.9309757,0.069024354
Prestonia_plumeriifolia,0.90462464,0.09537536
Sisyranthus_rhodesicus,0.9030525,0.09694749
Wendlandia_villosa,0.910115,0.08988502
Sabicea_venosa,0.9372402,0.062759824
