accepted_species,estimate
t41,1.4109375
t180,1.8519266
t181,1.8519266
t88,1.7977301
t183,0.5192734
t179,0.5192734
t110,0.7436257
t111,0.7436257
t90,0.7436257
t124,0.8896237
t85,0.561892
t86,0.561892
t87,0.561892
t60,0.36537424
t61,0.36537424
t55,0.94954836
t91,0.34543276
t174,0.308382
