accepted_species,0,1
t694,0.44385403,0.55614597
t739,0.44385403,0.55614597
t744,0.44385403,0.55614597
t745,0.44385403,0.55614597
t762,0.44385403,0.55614597
t781,0.44385403,0.55614597
t786,0.44385403,0.55614597
t787,0.44385403,0.55614597
t790,0.44385403,0.55614597
t791,0.44385403,0.55614597
