"accepted_species","estimate"
"t62",0.556575947414292
"t27",0.555895350788136
"t6",0.554070934282106
"t47",0.556896881649165
"t15",0.555581929348849
"t77",0.55696033869075
"t75",0.554885927620254
"t76",0.554885927620254
"t18",0.554885927620254
"t17",0.554885927620254
