accepted_species,estimate
Alstonia_actinophylla,0.3995694668618262
Asclepias_speciosa,-0.2383003342395939
Calycophyllum_candidissimum,0.5147442142105705
Coffea_racemosa,0.46741031496071545
Galium_binifolium,-0.2385880723608204
Gentiana_triflora,-0.190480051219084
Guettarda_divaricata,0.44011977651633943
Plumeria_alba,0.6694937808005941
Psychotria_serpens,0.09206865235567378
Stephanostegia_capuronii,1.9053211488546076
