accepted_species,estimate
t3,0.7543027608346328
t91,1.4786711691146854
t66,0.6175103432393548
t83,0.6255816307043777
t96,0.6275825141993098
t17,0.5296633247345616
t53,0.27328076273399354
t54,0.27328076273399354
t99,0.22833005006085597
t100,0.22833005006085597
