accepted_species,estimate
t3,0.8291616
t91,1.3066796
t66,0.57617116
t83,0.73345435
t96,0.73345435
t17,0.26994565
t53,0.27687213
t54,0.29299912
t99,0.3768059
t100,0.26089644
