accepted_species,estimate
t14,0.8666091126820202
t55,0.8666091126820202
t91,0.8666091126820202
t92,0.8666091126820202
t65,1.7822424013172526
t66,1.7822424013172526
t69,1.7822424013172526
t70,1.7822424013172526
t22,1.7822424013172524
t10,1.747493067823249
