accepted_species,estimate
t14,1.1778026
t55,1.1778026
t91,1.1778026
t92,1.1778026
t65,1.9370282
t66,1.9370282
t69,1.9370282
t70,1.9370282
t22,1.9370282
t10,1.4527152
