accepted_species,estimate
t14,-0.8160172
t55,-0.8160172
t91,-0.8160172
t92,-0.8160172
t65,-0.094561726
t66,-0.094561726
t69,-0.094561726
t70,-0.094561726
t22,-0.094561726
t10,-0.09447839
