accepted_species,0,1
t26,0.7434590557852101,0.2565409442147899
t11,0.18984889148393214,0.8101511085160679
t40,0.17792078241010834,0.8220792175898917
t31,0.1845425647433815,0.8154574352566185
t50,0.8142834654830455,0.18571653451695452
t61,0.7173320272245021,0.28266797277549793
t7,0.7796579608298191,0.22034203917018094
t39,0.2194823701859686,0.7805176298140314
t76,0.20099507629968583,0.7990049237003142
t35,0.8184157893202992,0.18158421067970082
