accepted_species,0,1
t26,0.9471028,0.052897226
t11,0.01848054,0.98151946
t40,0.01848054,0.98151946
t31,0.01848054,0.98151946
t50,0.97731847,0.02268153
t61,0.7045742,0.29542577
t7,0.3058334,0.6941666
t39,0.32587677,0.6741232
t76,0.14455444,0.85544556
t35,0.8639271,0.13607286
