accepted_species,estimate
t35,-0.8335912835442634
t28,0.04903514254052971
t37,0.04903514254052971
t88,-0.15259160474670908
t48,-0.5328321015243215
t43,0.011134904876795557
t1,-0.6977519053661038
t15,-1.538679113367932
t24,-0.44461064495215985
t77,1.1899365801579265
