accepted_species,0,1
t14,0.5240535,0.4759465
t27,0.15386325,0.84613675
t34,0.42700785,0.57299215
t54,0.8437944,0.1562056
t58,0.13528019,0.8647198
t59,0.044011056,0.95598894
t61,0.13728249,0.8627175
t63,0.01982665,0.98017335
t67,0.93028766,0.06971235
t72,0.0063364506,0.99366355
t80,0.6045513,0.39544865
t95,0.032684565,0.96731544
t105,0.0063364506,0.99366355
t119,0.9109196,0.08908037
t132,0.9598324,0.040167656
