accepted_species,estimate
t40,0.039739035
t112,-0.58112
t121,0.27013808
t142,0.34051195
t49,-1.2515497
t146,-2.4735947
t147,-2.4520442
t201,-3.085499
t223,-0.013578315
t194,-0.67642987
t268,0.0025568928
t126,0.15801154
t227,-0.6145482
t193,0.4231644
t220,0.9035148
t203,0.93138844
t60,0.43606246
t217,0.1697532
t154,-0.030434469
t63,0.73536015
t274,1.577421
t276,1.1644119
t81,0.8895394
t252,1.025792
t86,-0.3924721
t73,-0.93919396
t14,0.005157444
t24,-0.6392529
