accepted_species,0,1
Comastoma_tenellum,0.8961562,0.103843816
Gentiana_prostrata,0.6310691,0.36893088
Gentiana_pyrenaica,0.6310691,0.36893088
Halenia_elliptica,0.88087934,0.11912068
Sinoswertia_tetraptera,0.8961562,0.103843816
Galium_mollugo,0.6045829,0.39541712
Cynanchica_pyrenaica,0.50510263,0.4948974
Asperula_scoparia,0.36037672,0.6396233
Galium_verrucosum,0.5743456,0.42565444
Richardia_stellaris,0.7901309,0.20986907
