accepted_species,estimate
t52,2.1208751080203534
t44,2.1221786196371166
t72,-0.4316058956193519
t73,-0.43160589561935137
t28,-0.4243679772210167
t68,-0.4302976742871492
t8,-0.4186549919744436
t33,-0.4149323225918776
t41,-0.43021515103202235
t18,-0.4084512517018666
