accepted_species,estimate
t92,0.7097841
t22,0.2528861
t226,0.43438596
t43,-0.5293123
t155,0.57134265
t230,1.6532571
t116,0.99977696
t190,2.1645558
t139,1.166198
t108,0.839945
t96,0.8127364
t98,0.6383837
t66,0.7907566
t112,-0.28578898
t138,-0.9104385
t217,-0.29170036
t252,-0.5194995
t218,-0.62154007
t60,-1.378009
t134,-1.2850859
t89,-0.20811516
t136,-0.18970902
t58,-0.7155113
t101,-0.8445805
t6,-0.04862651
