accepted_species,estimate
t92,0.24479167
t22,0.4292516
t226,0.417054
t43,-0.28930262
t155,0.5855288
t230,1.6271907
t116,1.2384684
t190,1.5983418
t139,0.58280563
t108,0.77889705
t96,1.0991148
t98,1.1119101
t66,0.56870866
t112,-0.44772908
t138,-0.445986
t217,-0.27040872
t252,-0.59758353
t218,-0.59758353
t60,-0.887087
t134,-0.74466896
t89,-0.23375835
t136,-0.17744325
t58,-0.49030164
t101,-0.68632567
t6,-0.30241594
