accepted_species,0,1
t100,0.03837457979822023,0.9616254202017798
t26,0.0753516879329641,0.9246483120670359
t78,0.6271385477825787,0.3728614522174213
t44,0.04561709609171549,0.9543829039082845
t1,0.3477167947057441,0.6522832052942559
t96,0.9474004441675428,0.05259955583245724
t82,0.04688561291951743,0.9531143870804826
t17,0.04203467777169312,0.9579653222283069
t86,0.02625627516682827,0.9737437248331717
t23,0.14523051600706405,0.854769483992936
