accepted_species,0,1
Cynanchum_brasiliense,0.87657124,0.12342874
Wendlandia_tinctoria,0.8629222,0.13707778
Ixora_myitkyinensis,0.8629222,0.13707778
Ixora_hainanensis,0.83805954,0.16194044
Macrocarpaea_calophylla,0.69369423,0.30630574
Vangueria_soutpansbergensis,0.8629222,0.13707778
Macrocarpaea_stenophylla,0.69369423,0.30630574
Lachnostoma_longifolium,0.87482494,0.12517504
Sebaea_chironioides,0.82427794,0.17572208
Halenia_gigantea,0.69369423,0.30630574
