accepted_species,0,1
t46,0.42350774796096224,0.5764922520390378
t170,0.2786169634703862,0.7213830365296138
t206,0.27658308032806767,0.7234169196719323
t187,0.24783220198355382,0.7521677980164462
t94,0.44683613398675714,0.5531638660132429
t16,0.586407667681381,0.41359233231861897
t58,0.5730322432876281,0.42696775671237186
t117,0.2777702925394113,0.7222297074605887
t13,0.2594643475754743,0.7405356524245257
t31,0.3193890778149152,0.6806109221850848
t216,0.42700711612580056,0.5729928838741994
t73,0.408048063699483,0.591951936300517
t201,0.2696475850863327,0.7303524149136673
t150,0.5118529286965924,0.4881470713034076
t74,0.33327434108797616,0.6667256589120238
t75,0.33327434108797616,0.6667256589120238
t194,0.5874848241593984,0.4125151758406016
t69,0.3192603601559387,0.6807396398440613
t8,0.3072177770079242,0.6927822229920758
t100,0.37199135667714067,0.6280086433228593
t172,0.5510005598409409,0.44899944015905907
t23,0.5471429179251062,0.4528570820748939
