accepted_species,estimate
t109,-0.7220743116813741
t32,0.6715837408250191
t45,0.47736263887852637
t70,0.7320445117730876
t71,0.7784704358135426
t5,-0.6960934198789142
t62,0.022278672891127282
t114,0.188469381670322
t54,0.3054410770115301
t31,-0.6070921106395595
t126,-0.4486661929142639
t60,0.09891149477170202
t8,-0.08135935860407723
