accepted_species,estimate
Blepharidium_guatemalense,-0.2464311667120763
Chironia_linoides,-0.3581635423373404
Coffea_arabica,2.842837792263881
Galium_lucidum,-0.4143399677844938
Geniostoma_rupestre,-0.13936438520409655
Nauclea_diderrichii,-0.44808008436701097
Palicourea_cyanococca,-0.2908745514791038
Plumeria_rubra,0.20007131232878717
Psychotria_grandis,-0.033141612562202924
Psychotria_papantlensis,-0.033141612562202924
