accepted_species,estimate
Blepharidium_guatemalense,-0.10209192601334241
Chironia_linoides,-0.7706675366750437
Coffea_arabica,0.3224036443943185
Galium_lucidum,-0.45105885970259
Geniostoma_rupestre,-3.0562732252916534
Nauclea_diderrichii,-0.05783210292389133
Palicourea_cyanococca,0.08658380511584227
Plumeria_rubra,0.5342172851537279
Psychotria_grandis,0.30139800916355036
Psychotria_papantlensis,0.34843125832683136
