"accepted_species","0","1"
"t2",0.419313500289744,0.580686499710256
"t25",0.502655048577989,0.497344951422011
"t30",0.416873213200449,0.583126786799551
"t45",0.397079092097373,0.602920907902627
"t46",0.389965893806688,0.610034106193312
"t50",0.396876658915178,0.603123341084822
"t52",0.39636928820328,0.60363071179672
"t54",0.395400565697064,0.604599434302936
"t58",0.405438114871522,0.594561885128478
"t92",0.413030294039528,0.586969705960472
"t121",0.373380760325742,0.626619239674258
"t127",0.456838900523988,0.543161099476012
"t128",0.345986953721202,0.654013046278798
"t133",0.248483368424387,0.751516631575613
"t142",0.453424949831332,0.546575050168668
"t161",0.822884471559208,0.177115528440792
"t168",0.858732573595031,0.141267426404969
"t176",0.939658064604905,0.0603419353950946
