accepted_species,0,1
t15,0.44851804,0.55148196
t24,0.9000706,0.099929385
t27,0.92143726,0.078562744
t32,0.93377537,0.06622463
t37,0.076128304,0.9238717
t73,0.9271489,0.07285113
t75,0.5402578,0.45974216
t85,0.20356989,0.7964301
t109,0.11382151,0.8861785
t110,0.326492,0.673508
t121,0.326492,0.673508
t124,0.02613753,0.97386247
t135,0.09693253,0.90306747
t136,0.39827764,0.60172236
t146,0.5233669,0.4766331
