accepted_species,0,1
Asclepias_lanuginosa,0.24461180516968517,0.7553881948303148
Asclepias_syriaca,0.24078469583823137,0.7592153041617686
Gentiana_algida,0.4688885005450586,0.5311114994549414
Gentiana_straminea,0.3886739116811815,0.6113260883188185
Sebaea_ovata,0.9794765182948466,0.02052348170515335
Cruciata_laevipes,0.46761231164320194,0.5323876883567981
Gentiana_clusii,0.46888850054505804,0.531111499454942
Gentiana_lutea,0.4688885005450584,0.5311114994549416
Asperula_scoparia,0.4681227280712642,0.5318772719287358
Galium_richardianum,0.46458059995128265,0.5354194000487174
