accepted_species,0,1
Asclepias_lanuginosa,0.029093038578503316,0.9709069614214967
Asclepias_syriaca,0.02113652675673794,0.9788634732432621
Gentiana_algida,0.6184326778951708,0.38156732210482924
Gentiana_straminea,0.6520078508636502,0.34799214913634974
Sebaea_ovata,0.9974266963181021,0.0025733036818978774
Cruciata_laevipes,0.36282423788608353,0.6371757621139165
Gentiana_clusii,0.5755132206065308,0.4244867793934692
Gentiana_lutea,0.5780181474863243,0.4219818525136757
Asperula_scoparia,0.4460191146505854,0.5539808853494146
Galium_richardianum,0.522802183665686,0.477197816334314
