accepted_species,0,1
t74,0.034694195,0.9653058
t80,0.034694195,0.9653058
t84,0.5797375,0.42026252
t102,0.09767306,0.90232694
t111,0.7912953,0.20870471
t134,0.021194696,0.9788053
t148,0.7978847,0.20211528
t150,0.010291159,0.98970884
t152,0.038455546,0.96154445
t162,0.12728167,0.87271833
