accepted_species,0,1
t74,0.895621,0.10437901
t80,0.95417756,0.04582243
t84,0.37233275,0.62766725
t102,0.46101338,0.5389866
t111,0.830628,0.16937202
t134,0.3122676,0.6877324
t148,0.73464906,0.26535094
t150,0.35650957,0.64349043
t152,0.6634147,0.33658525
t162,0.66822267,0.3317773
