accepted_species,estimate
t14,-0.07741311
t202,-0.17162098
t115,0.040084872
t45,-0.03993467
t148,-0.68391645
t90,0.028758334
t109,0.13717017
t212,-0.06477969
t187,-0.30135643
t189,0.32947922
t118,0.1881564
t67,-0.09637908
t214,0.05048766
t119,-0.21141763
t21,-0.07831347
t2,-0.07970042
t116,-0.11410465
t217,-0.24456748
t156,-0.22623734
t228,-0.2032619
t68,0.016180066
t72,-0.06946369
t199,-0.3217448
t161,-0.24929658
