accepted_species,0,1
t37,0.8555555555555556,0.14444444444444443
t40,0.8555555555555556,0.14444444444444443
t42,0.8555555555555556,0.14444444444444443
t51,0.8555555555555556,0.14444444444444443
t62,0.8555555555555556,0.14444444444444443
t64,0.8555555555555556,0.14444444444444443
t108,1.0,0.0
t110,1.0,0.0
t118,1.0,0.0
t119,1.0,0.0
