"accepted_species","0","1"
"t111",0.0973012184371393,0.902698781562861
"t130",0.0972584558115083,0.902741544188492
"t135",0.0972941491142127,0.902705850885787
"t177",0.093057178490452,0.906942821509548
"t184",0.0930031583265488,0.906996841673451
"t190",0.09044114365865,0.90955885634135
"t193",0.0971118194393898,0.90288818056061
"t229",0.0472551071633191,0.952744892836681
"t236",0.0270610215930882,0.972938978406912
"t240",0.0219335104754141,0.978066489524586
