accepted_species,0,1
t37,0.562873,0.43712696
t42,0.50579906,0.49420097
t43,0.5641248,0.43587518
t98,0.47535992,0.5246401
t112,0.23000926,0.76999074
t113,0.23502576,0.76497424
t117,0.4205476,0.5794524
t127,0.23000926,0.76999074
t134,0.24639255,0.75360745
t136,0.23502576,0.76497424
