accepted_species,estimate
t57,0.63059264
t58,0.63059264
t79,0.394272
t26,-0.9037208
t82,-1.1671784
t49,0.37056682
t84,0.79057306
t54,0.33007863
t99,0.2027821
t62,0.13112727
