accepted_species,0,1
t13,0.026214838,0.97378516
t2,0.026214838,0.97378516
t14,0.026214838,0.97378516
t85,0.015890777,0.9841092
t76,0.015890777,0.9841092
t3,0.015890777,0.9841092
t46,0.0062350035,0.993765
t82,0.0062350035,0.993765
t79,0.025515854,0.97448415
t30,0.059497833,0.94050217
