accepted_species,estimate
t64,0.12394659316120422
t65,0.12394659316120403
t35,0.12219394947929356
t19,0.3002986154248432
t10,0.32099339593264603
t23,0.33863300573307786
t42,-0.29621862393550735
t88,-0.2974191880259005
t77,-0.2943902317219711
t99,-0.2982528794670181
