"accepted_species","estimate"
"t64",-0.13354264724874
"t65",-0.13354264724874
"t35",-0.13354264724874
"t19",0.267183886765389
"t10",0.35130353289629
"t23",0.440649325922434
"t42",0.615694146414002
"t88",0.839809192159423
"t77",0.929619072593654
"t99",-0.937103687416562
