accepted_species,0,1
t60,0.8466901023826541,0.15330989761734587
t63,0.8418309382497113,0.1581690617502886
t82,0.8418124486221609,0.15818755137783916
t104,0.8418109575118159,0.15818904248818413
t105,0.8418217382452459,0.1581782617547541
t110,0.8417960344285912,0.1582039655714088
t116,0.8467074451220369,0.15329255487796312
t125,0.8467373846778601,0.15326261532213992
t129,0.8417891178369605,0.1582108821630395
t135,0.8417962216471506,0.15820377835284935
