accepted_species,0,1
t60,0.8462571082384378,0.15374289176156225
t63,0.8411246076136756,0.15887539238632442
t82,0.8451390740773678,0.15486092592263223
t104,0.8462669265272491,0.1537330734727509
t105,0.8458608952050555,0.15413910479494453
t110,0.8459423092855993,0.15405769071440067
t116,0.8462374155063682,0.1537625844936318
t125,0.8463826108798591,0.1536173891201409
t129,0.8459423092855993,0.15405769071440067
t135,0.8459423092855993,0.15405769071440067
