"accepted_species","estimate"
"t7",0.612415119860284
"t66",1.10173116440532
"t6",0.595132331051692
"t73",0.667386811326741
"t42",0.538575925029702
"t43",0.538575925029702
"t3",0.349849160748184
"t86",0.80697090347013
"t17",0.160897743695575
"t76",-0.67955686810499
