accepted_species,estimate
t7,-0.6889692
t66,0.823967
t6,-0.681257
t73,0.76111287
t42,0.6282447
t43,-0.15292071
t3,-0.081509694
t86,0.7233512
t17,-0.55840534
t76,-0.68633157
