accepted_species,0,1
t19,0.6965570324811292,0.30344296751887084
t95,0.8201602666776636,0.17983973332233635
t79,0.817613421792505,0.18238657820749504
t43,0.8150319257560089,0.18496807424399106
t24,0.7370226844258461,0.262977315574154
t61,0.2785580803124337,0.7214419196875663
t55,0.20997686118393877,0.7900231388160612
t46,0.7490632053202952,0.2509367946797047
t99,0.8260706101829156,0.17392938981708436
t2,0.6373983581467773,0.3626016418532227
