accepted_species,0,1
Diodia_virginiana,0.5473077883543047,0.45269221164569534
Edrastima_uniflora,0.5644053939600505,0.4355946060399495
Stenaria_nigricans,0.5614911006041858,0.4385088993958142
Kohautia_caespitosa,0.5586935339832896,0.4413064660167104
Kohautia_tenuis,0.5585200409333564,0.44147995906664367
Mitracarpus_hirtus,0.5450575965836896,0.4549424034163104
Richardia_humistrata,0.546129638510459,0.45387036148954096
Richardia_stellaris,0.5469084041571608,0.45309159584283926
Spermacoce_radiata,0.5447782981781364,0.4552217018218636
Spermacoce_stachydea,0.5475578702858797,0.4524421297141204
