accepted_species,0,1
t2,0.9990667,0.0009332907
t77,0.99823385,0.0017661251
t115,0.99612015,0.0038798465
t143,0.99718565,0.0028143802
t69,0.9938092,0.006190804
t109,0.9955064,0.0044935714
t128,0.9955064,0.0044935714
t36,0.9955064,0.0044935714
t46,0.9966827,0.0033172858
t135,0.99727225,0.0027277416
t133,0.9972766,0.00272341
t32,0.99849105,0.0015089622
t4,0.9871115,0.012888507
t141,0.9905914,0.0094085755
t20,0.9871383,0.01286172
