"accepted_species","0","1"
"t4","0.154215897881237","0.845784102118763"
"t6","0.639241985898902","0.360758014101098"
"t7","0.243895949918189","0.756104050081811"
"t16","0.0198468548008261","0.980153145199174"
"t55","0.0737654253999316","0.926234574600068"
"t57","0.00552168370597693","0.994478316294023"
"t64","0.00794572822170066","0.992054271778299"
"t74","0.00153024189673013","0.99846975810327"
"t98","0.00108691810497411","0.998913081895026"
"t103","1.33719165988219e-05","0.999986628083401"
