accepted_species,0,1
t3,0.9742499,0.025750121
t7,0.17085248,0.8291475
t9,0.90761733,0.09238266
t18,0.17538494,0.82461506
t25,0.6267383,0.37326166
t26,0.6267383,0.37326166
t83,0.99330074,0.006699238
t84,0.99330074,0.006699238
t87,0.99330074,0.006699238
t103,0.9907118,0.009288171
t105,0.3337624,0.6662376
t126,0.067534685,0.9324653
t137,0.9380385,0.061961472
