accepted_species,0,1
t18,0.8262515,0.17374852
t89,0.48526126,0.51473874
t90,0.48526126,0.51473874
t27,0.6096872,0.39031282
t43,0.5509925,0.4490075
t31,0.4677726,0.5322274
t17,0.28794497,0.712055
t22,0.30469197,0.695308
t50,0.28794497,0.712055
t7,0.772562,0.22743796
