accepted_species,estimate
t38,-0.2509625743973029
t85,-0.579835453359954
t4,-1.0024779965789261
t27,-0.22838235559342676
t70,0.05905437308272659
t71,0.019050329076893018
t13,0.03673874972281651
t53,-0.18552990299804795
t96,-0.43215380586714086
t92,-0.43200109136568626
