accepted_species,0,1
t97,0.020266116,0.9797339
t98,0.020266116,0.9797339
t34,0.021854162,0.97814584
t39,0.99381566,0.006184368
t35,0.99381566,0.006184368
t12,0.98442924,0.015570733
t33,0.99176675,0.008233256
t7,0.9906309,0.009369074
t49,0.99176675,0.008233256
t51,0.9906309,0.009369074
