accepted_species,0
t42,0.499274477900144
t88,0.499274477900144
t81,0.250256206293742
t70,0.250256206293742
t37,-0.471107937358731
t16,
t46,1.7570407204392933
t32,1.7570342888743076
t27,1.7570279388256003
t34,
