accepted_species,0,1
t43,0.33587974,0.66412026
t79,0.33587974,0.66412026
t80,0.33587974,0.66412026
t74,0.33587974,0.66412026
t75,0.33587974,0.66412026
t25,0.2258535,0.7741465
t31,0.2258535,0.7741465
t32,0.26477772,0.7352223
t33,0.26477772,0.7352223
t12,0.2258535,0.7741465
