accepted_species,0,1
t7,0.021282077,0.9787179
t12,0.021282077,0.9787179
t39,0.13274509,0.8672549
t98,0.9908491,0.00915093
t51,0.993185,0.0068150186
t49,0.17387736,0.82612264
t35,0.1628102,0.8371898
t97,0.993185,0.0068150186
t33,0.97637236,0.023627616
t10,0.036191344,0.96380866
