accepted_species,0,1
t22,0.8546462581380876,0.14535374186191244
t18,0.8985770046224428,0.10142299537755711
t183,0.9996959054281839,0.0003040945718160763
t111,0.9990723269090813,0.000927673090918676
t226,0.9996034896403219,0.0003965103596781335
t132,0.999786520950781,0.00021347904921895092
t139,0.9998543317328072,0.0001456682671927134
t145,0.9999599124239531,4.008757604691342e-05
t148,0.9999030991461448,9.690085385512919e-05
t243,0.9997606323968519,0.00023936760314816234
t119,0.9997298530854838,0.00027014691451621804
t99,0.9996466667384842,0.0003533332615157934
t9,0.006671658000554803,0.9933283419994452
t85,0.9956528205691323,0.00434717943086771
t198,0.9997940509583313,0.00020594904166873818
t209,0.9997960538042187,0.00020394619578137604
t204,0.9997969475117346,0.0002030524882653355
t140,0.9994860266048996,0.0005139733951003742
t230,0.9998030540489834,0.00019694595101663257
t154,0.9994991532730807,0.0005008467269193336
t247,0.9997966840763209,0.00020331592367904623
t212,0.9997902823661032,0.00020971763389673442
t186,0.9997987532418803,0.00020124675811970393
t28,0.6728808438500213,0.3271191561499786
t56,0.9941557421818762,0.005844257818123865
