"","V_1","V_2","V_3","V_4","V_5","V_6","V_7","V_8","V_9","V_10","V_11","V_12","V_13","V_14","V_15","V_16","V_17","V_18","V_19","V_20","V_21","V_22","V_23","V_24","V_25","V_26","V_27","V_28","V_29","V_30","V_31","V_32","V_33","V_34","V_35","V_36","V_37","V_38","V_39","V_40","V_41","V_42","V_43","V_44","V_45","V_46","V_47","V_48","V_49","V_50","V_51","V_52","V_53","V_54","V_55","V_56","V_57","V_58","V_59","V_60","V_61","V_62","V_63","V_64","V_65","V_66","V_67","V_68","V_69","V_70","V_71","V_72","V_73","V_74","V_75","V_76","V_77","V_78","V_79","V_80","V_81","V_82","V_83","V_84","V_85","V_86","V_87","V_88","V_89","V_90","V_91","V_92","V_93","V_94","V_95","V_96","V_97","V_98","V_99","V_100","V_101","V_102","V_103","V_104","V_105","V_106","V_107","V_108","V_109","V_110","V_111","V_112","V_113","V_114","V_115","V_116","V_117","V_118","V_119","V_120"
"t2",-0.0511117882046435,-0.0176922922064634,0.00109612520076559,-0.0108892649189828,0.0519402854305643,-0.00723667905775483,0.00073039132062562,-0.00245373609399378,0.00041087721308282,-0.00330435318509624,0.0654087783342314,-0.00771327375590383,0.0431073649107787,-0.000542183260052911,0.0528544613126204,-0.00417530752500349,0.0546512853579928,-0.000334768405059139,-0.12636703673647,0.0698866106222074,-0.00206252981234342,-0.0873929413678565,0.158047663916156,0.0864730517998978,-0.000538620035165414,0.522636100311718,-0.182736318508124,0.0529830635964195,-0.0023683741633771,0.0250516741750273,-0.00978287830365091,0.0499801337174331,-0.00642184517900765,0.150816976223937,-0.0559694377597218,0.015640250273338,0.442097233997993,-0.144386960440273,0.0123024117617871,-5.10983061794606e-17,-0.127758021540861,-0.000888747247322635,0.00360603139794362,2.50524328613356e-05,-0.0516072726157496,0.559661659980147,0.00568389280438595,0.00109188349489489,-0.00334019613365226,0.000440203884074503,0.0127687684388979,-0.000435760704263096,-0.00434011116779721,-0.0880447318771534,0.055187610776965,0.0127638520279791,0.000120051440635712,0.000135325988761931,4.11570500998368e-06,6.5708491508747e-05,2.03002493237988e-16,-0.0226307884732574,-1.80282977044547e-05,0.017833764523366,7.59173698318984e-17,-6.47653319469346e-05,-1.50085191509477e-15,-8.64166669251862e-05,-0.000201934032824298,-0.0229510832465959,5.45487705325327e-15,6.26593653117489e-05,0.000871796427956211,-0.0685382603937127,-1.08320411665008e-06,-3.32875458306712e-16,-1.98189252210137e-16,0.00968104247373371,5.93549579693036e-05,0.0117524094399453,-0.0899279705548235,-0.00170699046317207,-3.44450516858108e-05,-1.32448370769751e-16,-0.000408706330829947,-0.00177763028420543,0.000270541485628886,1.49998649890854e-05,5.41030470071145e-16,-0.000488752237975236,-1.64404456258023e-06,-7.1231001282905e-17,5.73008454722717e-05,1.55626595312084e-06,6.08732904894666e-16,-2.01433796153268e-17,1.02726498624292e-16,4.51498386979768e-07,2.82048170952918e-08,1.46031580031674e-16,4.0556131651583e-18,7.80709173954109e-06,-5.49978590804263e-06,-2.54112407147673e-16,3.14553703776216e-17,6.47174688646432e-07,6.2114078248516e-17,-4.84882943676979e-05,3.15241632062723e-17,-4.3039461233828e-15,1.1934537158959e-05,-6.77685015116147e-06,-2.60569383925297e-18,5.00275277884065e-18,-5.27035797043589e-17,-2.29510237313678e-17,9.26651076502251e-19,-4.8359867940262e-17,-1.08690645699427e-16,1.48814442885786e-16
"t85",-0.10276058766375,0.071172161027793,0.0946711358366168,0.00667621723560899,-0.000961053987433957,-0.00314974114654528,-0.000276503359345377,-0.281469676011359,-0.000408959733124019,0.00209304634962434,-0.133303540729293,-0.254929715473472,0.0146211270162712,1.2996033172996e-05,-0.00416325890186009,0.000334468187650712,-0.002652883424209,0.000200024075825451,0.0127710238446311,-0.00439339955307183,0.0135845083700139,0.00396766775034164,-0.0315457943411354,0.0237470477336826,1.83056181235334e-06,-0.00669335953047656,0.00243580396812054,-0.000822187375553562,3.70982587010625e-05,0.00417356598369803,0.000176254757732327,-0.00018868335395586,-0.000185375939764458,0.00312384470803063,0.00020942112833499,-3.89312262527534e-05,-0.00137408437392289,0.000163734520245998,-4.33370111273213e-05,-5.60214469966277e-16,0.000456572752566706,3.148011168807e-06,-0.36290400883968,-2.12439349789068e-06,-0.000501193207418999,0.00606993641207054,1.47294104526274e-05,2.63389917139667e-06,-4.52985407316819e-05,-4.04542556424557e-07,0.000263054019732723,5.60365709087746e-05,0.00872633235668705,1.52949808716607e-05,-9.65402857339148e-06,-2.24252476492721e-06,-1.05023931231169e-08,6.70882399932075e-06,2.36732578834189e-05,5.83364614681212e-08,1.34845094732886e-15,-3.7399737827357e-05,-3.63514380980716e-08,4.83292821238561e-05,-2.71247064017578e-14,0.81855267158619,3.57489933039638e-14,-1.03494493800609e-06,-3.09407255989634e-06,-0.00404247089495404,-1.40498924379082e-15,1.16551568488668e-06,3.49868407661846e-05,-0.0283082299709005,2.43724049326976e-07,6.79952716806435e-17,3.82296293728763e-16,0.00136037569023784,-6.57456475698332e-06,-0.00161537321188737,0.0127974708609822,0.00025353551166175,1.54292172773806e-06,-6.77047658750094e-17,0.00140722350594085,0.00342942632211217,-0.00131309185734017,4.68746521263099e-08,-2.88609621502122e-16,1.21045021749179e-05,-1.1824611096204e-09,1.80426878208085e-16,-5.05506672811645e-07,-3.21678474290425e-10,-7.35917500218993e-16,-7.67135736297271e-17,-2.00331139194116e-16,-1.36508594892519e-11,3.34469453979811e-12,-8.09270607131645e-17,-1.30959919753173e-16,3.57862920007751e-08,-2.44031795259697e-09,-3.15768586650772e-16,-2.59321782694895e-17,4.35450638311755e-10,-2.60366630061469e-16,-1.65188265269863e-06,1.00881702017351e-16,-4.20839623756212e-16,1.97492711952247e-08,-1.26282878173434e-08,9.4888768372021e-17,-5.72210335667246e-17,-1.22120304199162e-16,7.88580366702656e-18,-2.0283193615973e-17,-7.24059508090496e-17,-2.48949536133255e-16,-5.18889213655276e-18
"t49",-0.102768806406645,0.0711898595720926,0.094695375898283,0.00667880166864307,-0.000961571890766511,-0.00315151169543586,-0.00027669601858393,-0.281680918308929,-0.000409276981652634,0.00209535755208063,-0.133471266181215,-0.255276355160428,0.0146425401897569,1.3019496916555e-05,-0.00417146272060522,0.000335132279124005,-0.00266109679219589,0.000200724178096999,0.0128204669460869,-0.00441137867920995,0.0136405615184664,0.00398470441201423,-0.0316934802633638,0.0238615690962631,1.84078394453989e-06,-0.00673645736010026,0.00245174658664922,-0.000828045334027021,3.74039846509863e-05,0.00420816134216232,0.000177779033201351,-0.000190453889641649,-0.000187364183642178,0.00315768132173824,0.000212106576116894,-3.94346786545636e-05,-0.00139227996453356,0.000165958360943214,-4.3955809138475e-05,-4.26946281069844e-16,0.000463204353066751,3.19495577439803e-06,-0.369449531064457,-2.17064907659713e-06,-0.000512163496432624,0.00621588575029175,1.51130436480617e-05,2.70278994619807e-06,-4.66431856623497e-05,-4.19570359811854e-07,0.000274280859746889,5.85230357399244e-05,0.00912857008671587,1.60812876062316e-05,-1.01520586277808e-05,-2.35950146076566e-06,-1.11026062373193e-08,7.15874555577241e-06,2.53034229322809e-05,6.38266969928941e-08,4.59511823828613e-16,-4.27176733687829e-05,-4.29225585803962e-08,7.06527404040367e-05,1.62905761624933e-14,-0.406172945707489,0.70710678118653,-8.58678961017296e-07,-2.67193570521498e-06,-0.0036257691125391,2.71142105942207e-15,1.05796608983213e-06,3.22274382955992e-05,-0.0264925751681944,2.29340938411214e-07,5.23964646053928e-17,2.25469936286021e-16,0.00128661157291229,-6.23912936988985e-06,-0.00153626165071897,0.0121728459209841,0.000241206931244138,1.47373817818247e-06,7.0625899135021e-17,0.00135338616007464,0.00329998991324457,-0.00126632338920662,4.52190263950742e-08,4.74020204541377e-16,1.16973016067681e-05,-1.14385239213699e-09,3.6385668812777e-16,-4.9104504281312e-07,-3.12478618949576e-10,1.17389298754811e-15,-1.20004845830814e-16,1.71632475746672e-16,-1.33082025482032e-11,3.26525890747444e-12,4.58139657884826e-16,3.77839832847763e-16,3.4975193124387e-08,-2.38557903080761e-09,2.79973760006585e-16,4.18196896687299e-17,4.2609629000637e-10,2.01206548849461e-16,-1.61851739644586e-06,1.25855478724018e-16,1.69953075963684e-16,1.93869933995698e-08,-1.24034793980849e-08,1.35363427309046e-16,2.01514951355842e-16,4.33902087382821e-17,-1.94776365300145e-16,6.34750147252964e-17,-5.53235559627488e-17,-2.7704254872827e-17,3.06864010300867e-16
"t50",-0.102768806406645,0.0711898595720926,0.0946953758982829,0.0066788016686431,-0.000961571890766511,-0.00315151169543591,-0.000276696018584099,-0.281680918308928,-0.000409276981652645,0.00209535755208053,-0.133471266181215,-0.255276355160428,0.0146425401897568,1.30194969166393e-05,-0.00417146272060512,0.000335132279123755,-0.00266109679219561,0.000200724178096963,0.0128204669460866,-0.00441137867920963,0.0136405615184663,0.0039847044120141,-0.0316934802633642,0.0238615690962635,1.84078394432056e-06,-0.00673645736010087,0.00245174658664923,-0.000828045334027031,3.74039846505357e-05,0.00420816134216355,0.000177779033201369,-0.000190453889642866,-0.000187364183642518,0.0031576813217383,0.000212106576116873,-3.94346786542002e-05,-0.00139227996453445,0.000165958360943283,-4.39558091391767e-05,-5.3098984410829e-16,0.000463204353067487,3.19495577444422e-06,-0.369449531064458,-2.17064907592376e-06,-0.000512163496433651,0.00621588575028859,1.5113043648861e-05,2.70278994820959e-06,-4.66431856620987e-05,-4.1957036030953e-07,0.000274280859746851,5.85230357422282e-05,0.00912857008671471,1.60812876091945e-05,-1.01520586280202e-05,-2.35950146231e-06,-1.11026066153806e-08,7.15874555148284e-06,2.53034229297017e-05,6.38266947394511e-08,-1.74332894674897e-15,-4.27176733666188e-05,-4.29225655665232e-08,7.06527404055286e-05,1.02486132140075e-14,-0.406172945707427,-0.707106781186565,-8.58678960598712e-07,-2.67193570301175e-06,-0.00362576911253874,8.70946566010912e-16,1.05796608839718e-06,3.22274382931183e-05,-0.0264925751681974,2.29340936100447e-07,-4.69380076192206e-16,-6.35858425379588e-16,0.00128661157291235,-6.23912936993479e-06,-0.00153626165072028,0.012172845920984,0.000241206931245281,1.47373818164423e-06,1.90979710078056e-16,0.00135338616007536,0.00329998991324569,-0.00126632338920418,4.52190266433717e-08,3.51364701126974e-16,1.16973016068338e-05,-1.14385242899881e-09,-1.02919581299008e-15,-4.91045043134789e-07,-3.12478552216668e-10,-6.66691276414337e-16,-2.0428946560615e-17,2.4702565089579e-16,-1.33072538788726e-11,3.26437977199337e-12,-2.30243651307302e-16,1.46979920371478e-17,3.4975193835227e-08,-2.38557893961154e-09,-2.97716142584364e-17,2.98738627731824e-17,4.26096272335437e-10,1.74594895246646e-16,-1.6185173967685e-06,-1.50245911891551e-16,3.74643172761749e-16,1.93869924269248e-08,-1.24034792914343e-08,-1.14007436358863e-16,6.54038464661159e-18,-7.28121664173592e-17,1.20300879809602e-16,-3.26237186273149e-17,-5.90833337522696e-17,-6.32062719320562e-17,2.30830067863972e-16
"t71",-0.102851998542557,0.0713709183199444,0.0949434708755705,0.00670547394861942,-0.000966968979116745,-0.00316999022643648,-0.000278724290840179,-0.283912603107063,-0.000412634090814875,0.00212034899907321,-0.135303658291213,-0.259089342782721,0.0148797600424323,1.32855933378572e-05,-0.00426557867010507,0.000342758899956514,-0.00276337895238617,0.000209717618848203,0.0134745309084527,-0.00465349936358259,0.0143975101194959,0.00421796243319358,-0.0337824978835622,0.0255011814121134,1.99740932193145e-06,-0.00745303094714268,0.002719646722312,-0.000932555868147973,4.35899356829229e-05,0.00491221580325565,0.000210200766768737,-0.000231941890451202,-0.000244491766634776,0.00414756168415434,0.000330906873540183,-6.23433767107271e-05,-0.0022937197555512,0.000287984893116808,-8.74815452209451e-05,4.76656759107307e-16,0.000981081618684002,7.63028059512792e-06,0.545550548475689,-5.19159537581635e-07,-0.000129161209655608,0.00261160272247057,7.64589517323862e-06,1.37724313595234e-06,-2.76764419728499e-05,-2.82783077119799e-07,0.000192838894911765,4.1524232443714e-05,0.00652965400246454,1.1726555407203e-05,-7.40685332169949e-06,-1.72434154442798e-06,-8.21302488518416e-09,5.38013497486217e-06,1.90563475420626e-05,4.88571620793423e-08,-2.47659371848426e-16,-3.28671339148243e-05,-3.29244810085062e-08,5.18518091853892e-05,4.53318536373696e-16,-0.00280183100477531,-3.10141357944823e-17,-7.7109357778211e-07,-2.37416229062061e-06,-0.00319831772980417,-1.82167428132923e-15,9.31958937359737e-07,2.83687854212611e-05,-0.0233439513215646,2.02277968611712e-07,1.49510983147957e-15,8.54423146861256e-16,0.00113623327674204,-5.51591858357056e-06,-0.00135928827445757,0.0107713190843888,0.000213451995576194,1.30651653370143e-06,6.94634761736925e-15,0.00120482245857505,0.00293889178648907,-0.00112970927906003,4.03510226272856e-08,-0.707106781186547,1.04540797030801e-05,-1.0232783262192e-09,3.94073536721222e-15,-4.41280892208391e-07,-2.80811171983135e-10,-3.63208684140846e-15,7.67712183812722e-16,6.19657719944389e-16,-1.20176483256047e-11,2.95254221439974e-12,2.61446918765846e-16,1.21614431699192e-16,3.17089709716118e-08,-2.16368565564822e-09,7.74654389208778e-17,9.15326404512661e-16,3.87133452530285e-10,-1.41535451552913e-16,-1.47420060252495e-06,-5.00347672368864e-17,1.91526154407851e-16,1.77287211552274e-08,-1.13567520274484e-08,-1.03380803249642e-16,-2.06666933307e-16,1.07734220072241e-16,8.15753786258143e-17,-1.3378506529286e-16,6.27940605371644e-17,-1.32486858695148e-16,1.73357767806226e-16
"t72",-0.102851998542557,0.0713709183199445,0.0949434708755706,0.00670547394861909,-0.000966968979116689,-0.00316999022643648,-0.000278724290840091,-0.283912603107063,-0.000412634090814804,0.00212034899907328,-0.135303658291213,-0.259089342782721,0.0148797600424321,1.32855933377707e-05,-0.00426557867010502,0.000342758899956476,-0.00276337895238661,0.000209717618848466,0.0134745309084526,-0.00465349936358271,0.0143975101194959,0.00421796243319347,-0.0337824978835622,0.0255011814121132,1.99740932196779e-06,-0.00745303094714253,0.00271964672231165,-0.000932555868147913,4.35899356831483e-05,0.00491221580325624,0.000210200766768701,-0.0002319418904512,-0.000244491766634656,0.00414756168415475,0.000330906873540152,-6.23433767105294e-05,-0.00229371975555057,0.000287984893116752,-8.74815452210284e-05,9.2450874322272e-16,0.000981081618684203,7.63028059486359e-06,0.545550548475689,-5.19159537081946e-07,-0.000129161209654734,0.00261160272246924,7.64589517244889e-06,1.37724313591017e-06,-2.76764419726697e-05,-2.82783076036085e-07,0.000192838894911712,4.15242324439711e-05,0.00652965400246528,1.17265554071891e-05,-7.40685332193194e-06,-1.72434154382516e-06,-8.21302492433741e-09,5.38013497593702e-06,1.90563475416116e-05,4.88571625510719e-08,1.22044638063901e-16,-3.28671339155512e-05,-3.29244802265915e-08,5.18518091858176e-05,3.17961507497669e-16,-0.00280183100477425,-4.06196851363591e-16,-7.71093578014725e-07,-2.37416229011594e-06,-0.00319831772980279,3.44135406170822e-15,9.31958938457654e-07,2.83687854209091e-05,-0.023343951321561,2.02277967314869e-07,-1.79695252799618e-15,-1.24844954041005e-15,0.00113623327674631,-5.51591858329806e-06,-0.00135928827445806,0.010771319084393,0.000213451995577222,1.3065165370416e-06,-6.839230324762e-15,0.00120482245858348,0.00293889178649566,-0.00112970927903151,4.03511003147597e-08,0.707106781186547,1.04540796847713e-05,-1.02327172126232e-09,-4.06256744236456e-15,-4.41280896230194e-07,-2.80812957068649e-10,3.44918609020625e-15,-6.64291084023336e-16,-7.38340638361803e-16,-1.20174176936474e-11,2.95288106828089e-12,-1.31540319392603e-16,-4.28466633381543e-16,3.17089724273988e-08,-2.16368532840276e-09,6.48274307154003e-17,-8.39580948461392e-16,3.87134291425734e-10,2.3860313795483e-16,-1.47420060285613e-06,2.26096843114866e-17,5.40234408446432e-18,1.77287212159978e-08,-1.13567519180809e-08,7.13192105200789e-17,1.47215153460828e-16,-7.33298944686354e-17,-1.4249280959838e-16,5.24907550832603e-17,-7.94392385775646e-17,-5.65205550468691e-17,1.27040343502921e-17
"t9",-0.0956492196686497,0.0558688654959749,0.0737117875553724,0.00444103308759625,-0.00051252627951881,-0.0016158495668399,-0.000109126666093511,-0.0976527460559026,-0.000132657705607218,3.39725818134864e-05,0.0200444779588336,0.0721189225077394,-0.00689310464772988,9.64305716103084e-07,0.0014081893998811,-0.000120727351006234,0.00382042900766219,-0.000363699635867732,-0.0283321737659274,0.0115041860938116,-0.0390339867354715,-0.0103662941625973,0.107009554345817,-0.0901938072639565,1.18181469492798e-05,0.0127845302617438,-0.00507591812923562,0.00228992351935529,-0.000159342893651914,-0.0217917214938479,-0.000658725752592604,0.000818054451548706,0.000967810833773093,-0.0165283991068693,-0.00141878283092199,0.000267577681500726,0.00985475067381958,-0.0012343051844145,0.000367975475552956,-6.84118387104511e-17,-0.00407739768347608,-3.08894339719061e-05,-0.0041713299833929,1.22012075982619e-05,0.00291055141774533,-0.0411066178098269,-0.000109585212016883,-1.96827226670015e-05,0.000380504417963209,4.02607826455376e-06,-0.00293798395443208,-0.000658220638944451,-0.11203459814898,-0.000143218757138491,9.16413410127631e-05,2.20492321676841e-05,1.17170311250738e-07,-8.23044747011799e-05,-0.000293995342198075,-8.15601313693897e-07,3.32513751173009e-16,0.000590331915824301,6.10547796628058e-07,-0.00103677838523818,-1.45254954982448e-15,0.00144523849012293,-1.46425771285721e-15,1.90529457286285e-05,6.12725003985006e-05,0.0889996858679855,-1.85441983590551e-14,-2.69449851223824e-05,-0.000875634151499992,0.806814271825767,-7.40356362106718e-06,3.31694202417549e-15,1.68957039073849e-15,-0.0444906317363395,0.000228319960167732,0.0586359692899303,-0.466309872752384,-0.00927746129231748,-6.24284759083134e-05,-1.83884160326306e-15,-0.0800521583492865,-0.16395574374792,0.0787498336788142,-2.87238442872221e-06,-9.16813129936161e-16,-0.000848282903294888,9.09908381976044e-08,9.81483558087426e-16,7.17836058833655e-05,4.57235428289533e-08,3.43671632072235e-15,-1.67425823674543e-16,1.66830499994924e-16,2.88452234555152e-08,1.97879160246248e-09,-8.86323219556254e-16,3.15720649674601e-17,7.05938657299216e-06,-4.31043738897109e-07,7.08694508173361e-16,7.75252133236943e-17,5.31442582966004e-08,-5.61954853682572e-17,-0.000138250879770578,-8.05056866431741e-17,-2.55924224176424e-16,1.08500832442805e-06,-6.23671220508716e-07,-9.63361045041674e-17,2.07824632671885e-17,5.40886991302657e-18,1.25444165297628e-16,4.2111115185279e-17,-2.3872631756972e-16,-1.39293343733727e-16,2.00649265099763e-16
"t54",-0.0973730964463809,0.0590935209196974,0.0780981959401044,0.00485013673178653,-0.000580122499580088,-0.00183912248910963,-0.000128303646524705,-0.116330611470403,-0.000159014460926588,4.42426355669566e-05,0.0271795826148785,0.100486465868862,-0.00988287610356808,1.52316146067753e-06,0.00233661307571728,-0.000201238003766814,0.00938327971436368,-0.00106445007448086,-0.0999322752162129,0.0460511240471949,-0.159525664238816,-0.0472054413297585,0.656872850096605,-0.631796735355168,0.000312556771705352,-0.17618910095426,0.0591826760279085,-0.0146822723408719,0.000563487157535386,0.0756596474650885,0.0020174377054427,-0.00203309434948513,-0.00182204704029668,0.0305586503473499,0.00199566969847471,-0.000371840745705615,-0.0132449373330083,0.00160237109323001,-0.000447415300533228,1.75996465443012e-16,0.00485205214595116,3.55856332547284e-05,0.0038980696986453,-9.59666549929461e-06,-0.00227920024691061,0.0298574880034939,7.50158382746785e-05,1.34331360663594e-05,-0.000238396606254825,-2.2134104077608e-06,0.00150708411732235,0.000331619830364195,0.0554899128997148,6.77521043448079e-05,-4.32923866642912e-05,-1.03704012105726e-05,-5.32230630575077e-08,3.53938243443402e-05,0.000125378531864736,3.19441763705333e-07,-2.04269401403348e-16,-0.000213138355151856,-2.12870417044177e-07,0.000333483749273052,5.88588210370627e-16,-0.000433220052902237,1.26278345181645e-16,-4.98003215147812e-06,-1.53810669542865e-05,-0.0208747521344673,4.57000948701224e-15,6.11135765189219e-06,0.000187789242835062,-0.157684018028866,1.38297195840371e-06,-7.32563440246904e-16,-3.09953006342438e-16,0.00789204802056422,-3.88622650803585e-05,-0.00968587807234367,0.0768307841878422,0.00152424935937152,9.60137454447744e-06,3.73526359265091e-16,0.0105083337872726,0.0211861821470626,-0.00946724648597693,3.41495160161254e-07,2.33942678896752e-16,9.41443914794356e-05,-9.64447335689251e-09,-2.82661501942596e-16,-5.93549572207392e-06,-3.77948845066112e-09,-3.77387462302037e-16,3.33454501045796e-17,-3.56935852450866e-17,-1.65448269256219e-09,-9.72228414405682e-11,-7.85539427898959e-17,2.9145905885832e-17,-2.57062058272736e-07,1.47424278330814e-08,-2.84647001663433e-17,-1.87596031739989e-17,-1.3176785140403e-09,7.1273670064753e-17,1.52258118403565e-06,3.26883877818898e-17,1.92369736677236e-16,1.24670619061551e-08,-1.16822756041052e-08,-6.43562018200508e-17,6.63437124330485e-18,-3.60310792845626e-18,-1.27044375094743e-17,3.17949373664813e-16,8.23125254943508e-17,-5.75052286877344e-17,1.17706418398973e-16
"t52",-0.100765626109892,0.0661842973506881,0.0877928417427481,0.00584388681607907,-0.000765240792330743,-0.00246262437840852,-0.000188695957733936,-0.178276916297598,-0.000248657595741025,9.60449378778205e-05,0.0733642879874763,0.32557706290966,-0.0407145266760309,0.000120245383059956,-0.02164761064233,0.00168823544617468,-0.00863988658219461,0.000754680515226464,0.0741485641755187,-0.0803023575531231,0.495935796127629,-0.0205018782940572,-0.0153744193012002,0.0239995132051899,-2.6530005143927e-06,-0.0109153371102373,0.00426315307174076,-0.0020624595532309,0.00096249051613403,0.248717719987902,-0.000974096940222036,0.000179081241564478,-4.67295132332924e-05,0.000925184010322419,0.000171241441291573,-3.26724586969151e-05,-0.00123747693735719,0.000158719449692749,-4.89058527906272e-05,5.68724481515948e-17,0.000546291660814718,4.18001250662837e-06,0.000575977233999494,-1.66261709089603e-06,-0.000396446566285766,0.00556622110182609,1.48235261568739e-05,2.66272165187428e-06,-5.21564065606253e-05,-6.25652171457492e-07,0.000615127062873998,0.000166869375201086,0.0393938015509779,-3.69980941154063e-05,2.15037608153126e-05,3.89911327752269e-06,2.48800585153999e-09,2.43913827861834e-06,9.74609848107039e-06,4.13148374891635e-08,6.38421286241405e-16,-3.25055938571149e-05,-3.39331869654741e-08,5.72284637774395e-05,4.09460547524506e-15,-7.77941644934453e-05,-7.21195620261615e-16,-9.50508097308445e-07,-2.97582623325657e-06,-0.00411896256258115,0.707106781186548,1.2161903808917e-06,3.78503883104341e-05,-0.0323617106107998,2.86074867715513e-07,2.50065785967457e-14,1.02663753363203e-16,0.00164689486158512,-8.16885876008646e-06,-0.00204774748627742,0.0162517748518774,0.000322609594281339,2.06726752054875e-06,1.09403685652691e-15,0.00443313849546169,-0.00184640941094128,-0.00167192070767272,6.12815283536215e-08,-2.82408738917725e-15,1.76317140790031e-05,-1.82040088190934e-09,8.03266583123833e-16,-1.08963630961529e-06,-6.93783693783352e-10,3.3794061590879e-16,-1.96235654994915e-16,2.46599256934309e-16,-2.62407095366407e-10,-1.38747583291611e-11,1.00588831973742e-16,3.08869023638826e-16,-2.60935994499056e-08,1.33996807100383e-09,-1.23788055274761e-16,6.71029781667357e-17,-3.05686035567974e-11,-3.7054003842437e-17,-4.47432828290242e-07,-1.85046835403975e-16,-1.6467655531766e-16,1.0537715989342e-08,-7.39796384838528e-09,-1.44225992644828e-16,-1.63016778721088e-17,-4.4910646421411e-17,7.08009746110613e-17,-1.45395092703194e-17,-8.97509487665512e-17,-5.53923367503849e-17,9.65930728136502e-17
"t53",-0.100765626109892,0.0661842973506881,0.0877928417427478,0.00584388681607908,-0.000765240792330688,-0.00246262437840838,-0.000188695957734047,-0.178276916297598,-0.000248657595741081,9.6044937877654e-05,0.0733642879874764,0.32557706290966,-0.0407145266760313,0.000120245383060132,-0.0216476106423298,0.00168823544617456,-0.00863988658219453,0.000754680515226373,0.074148564175519,-0.0803023575531229,0.495935796127629,-0.0205018782940572,-0.0153744193012002,0.0239995132051901,-2.65300051428846e-06,-0.0109153371102375,0.00426315307174099,-0.00206245955323081,0.000962490516133789,0.248717719987903,-0.000974096940222011,0.000179081241563479,-4.67295132333925e-05,0.00092518401032185,0.00017124144129169,-3.26724586970535e-05,-0.00123747693735664,0.000158719449692764,-4.8905852790057e-05,-8.4555614915164e-17,0.000546291660814904,4.18001250655936e-06,0.000575977233999655,-1.66261709047157e-06,-0.000396446566285681,0.00556622110182609,1.48235261573865e-05,2.66272165201024e-06,-5.21564065608434e-05,-6.25652170605688e-07,0.000615127062873535,0.000166869375199449,0.0393938015509762,-3.69980941148096e-05,2.15037608159649e-05,3.89911327785576e-06,2.48800592712243e-09,2.43913827750397e-06,9.7460984787033e-06,4.13148368092332e-08,-6.99775414425832e-16,-3.25055938563239e-05,-3.39331882680888e-08,5.72284637749554e-05,-3.50644482426822e-15,-7.77941644970789e-05,1.19091435832954e-15,-9.5050809866466e-07,-2.97582623534192e-06,-0.004118962562872,-0.707106781186546,1.21619039073243e-06,3.78503883169546e-05,-0.0323617106108054,2.86074864833025e-07,-2.53907112124201e-14,-3.19036885031382e-16,0.00164689486158131,-8.16885876018732e-06,-0.00204774748627394,0.0162517748518693,0.000322609594283102,2.06726752002846e-06,-9.19635655548417e-16,0.004433138495463,-0.00184640941093906,-0.00167192070767486,6.12815265825993e-08,2.8775672887451e-15,1.76317140778046e-05,-1.82040007484216e-09,-6.2765997235975e-16,-1.08963630954794e-06,-6.93783660241271e-10,-5.18254459869619e-16,1.06261977457227e-16,-1.59378645660847e-16,-2.62407243078895e-10,-1.38750818108815e-11,6.70798758752334e-17,-3.42422562808838e-16,-2.60935994611652e-08,1.33996898213769e-09,8.37297535996041e-16,-2.74884682294144e-18,-3.05687837181113e-11,1.47699414590513e-16,-4.47432827997074e-07,5.03083594126059e-17,1.84139657954133e-16,1.05377155153347e-08,-7.39796422525481e-09,1.9153282180086e-16,1.75509910837616e-17,8.04442057874222e-17,-6.42577028624225e-17,-1.19057945890183e-16,-1.19086201759595e-17,-1.79633397551096e-16,2.16290873830426e-16
"t20",-0.0998929458764714,0.064372057757264,0.0853158247212298,0.00559129007709484,-0.000718474769388619,-0.00230526098178285,-0.000173539164321404,-0.16276551939307,-0.000226235097528769,8.32736884433111e-05,0.0620579400957154,0.270733287147996,-0.0332393929484658,9.19297019504059e-05,-0.015972873650694,0.00124150378149698,-0.00452101552915123,0.000323573079016424,0.0245655786799421,-0.0215042269858653,0.127762009310287,-0.00421710746501691,-0.00113120692760291,0.000501162377716163,8.46542386239747e-07,0.00941736072851621,-0.00404098877070752,0.00312395289112814,-0.00339788417782647,-0.912588265445712,0.0048392833491838,-0.00197326153198162,-0.00118950077225132,0.0196520808590905,0.00110772972393256,-0.000205585586616232,-0.00725019479023606,0.000869171458332943,-0.000239314940670896,1.7529112776019e-16,0.00258555841198554,1.8870045098818e-05,0.00204285561517158,-5.11758596550474e-06,-0.00121645423164507,0.0162376342325162,4.17100109224226e-05,7.47915445801323e-06,-0.000139793153903842,-1.57628622107043e-06,0.0015058223478034,0.000405616705507129,0.0951311358856127,-8.78440274227205e-05,5.1030664322653e-05,9.23841716291181e-06,5.82386448243796e-09,5.60720775236612e-06,2.23455312046056e-05,9.23332766710974e-08,-2.39711812476447e-16,-7.10539484680278e-05,-7.35187791740524e-08,0.000121635048817254,1.59123626221383e-16,-0.0001628224151387,-7.43984185910219e-16,-1.93717718529406e-06,-6.02195250636777e-06,-0.0082420679846691,1.11480739734802e-15,2.42085487504771e-06,7.47159627898161e-05,-0.0630707205329359,5.54332014873184e-07,-4.43017068923051e-16,-1.60555041381644e-16,0.0031712969016585,-1.56554525972364e-05,-0.00391144889516002,0.0310342029341737,0.000615861381618783,3.91919531960286e-06,1.24530110140885e-16,0.00828138861434559,-0.00344460660589839,-0.0031008804432947,1.1355961619612e-07,1.02455292838811e-16,3.25060105098066e-05,-3.34530464991784e-09,-3.99326165787532e-17,-1.97261206396165e-06,-1.25596309052698e-09,3.90605556231085e-17,6.72308775686717e-17,2.05616516123617e-16,-4.67441166577167e-10,-2.4587699449175e-11,2.27548921971475e-17,-3.01489406804149e-17,-4.58710393616834e-08,2.35231036226602e-09,-4.45683509593217e-18,3.8741519320452e-18,-5.33470840606832e-11,-1.7135061683046e-17,-7.74142010125572e-07,9.67821947586921e-17,-1.86155931846124e-16,1.79790878092829e-08,-1.25657893391096e-08,-8.82555449777882e-18,2.99775030925841e-17,-7.70361469202983e-17,2.01978367639373e-17,-3.606174742491e-17,-3.56543801836733e-17,-9.2965700576385e-17,1.59345570638486e-16
"t27",-0.0997606614834626,0.0641074734692912,0.0849547697308767,0.00555550368926771,-0.000712056611421867,-0.00228376639242034,-0.000171523059286,-0.160722974739354,-0.000223296152304417,8.16848654833224e-05,0.0606759929497499,0.26408682580104,-0.0323387070264384,8.84917438211202e-05,-0.0152688523373745,0.00118593532606273,-0.00359447198089612,0.000171348649228652,-0.0066241721072303,0.0378914376467839,-0.278220124032651,0.0264561378886555,-0.101003683596993,0.0718658418065556,-2.79969441945201e-06,-0.00728871671918281,0.00270559934832623,-0.000976290572906754,0.000172992682166356,0.0412239623076789,-5.06583553554337e-05,-5.60853467447345e-05,-4.3587613353786e-05,0.000690431397646504,-3.0547519688711e-05,6.66790256992691e-06,0.000340271702594985,-5.54933312393313e-05,2.42984290142268e-05,-5.37834147832904e-16,-0.000299250053804295,-2.62330897813186e-06,-0.000739477554885859,3.61246742550982e-06,0.000873218176053191,-0.0155733832913022,-5.06543000913461e-05,-9.19531085817263e-06,0.000247998001401727,5.54527325823465e-06,-0.00877586640891841,-0.0027888262852657,-0.781398262362806,0.00140087483134772,-0.000836252869070291,-0.00016584892994821,-3.70968586353211e-07,0.000137192499302169,0.000457296890980928,7.55661777502279e-07,7.31916822495296e-16,-0.000394639307990739,-3.64434291487984e-07,0.000495490383807622,-3.26189326459798e-15,-0.000587151503681694,7.39547143072068e-16,-5.97630009391029e-06,-1.8005367147622e-05,-0.0236653773559122,5.875405171923e-15,6.84905348990395e-06,0.000207798795681475,-0.174292704407327,1.54488771762448e-06,3.03937086266521e-16,-5.79048137156774e-16,0.00903141663272636,-4.59053624249535e-05,-0.011818451323186,0.0940504963799201,0.00187273963357776,1.33231001874646e-05,6.3895813565492e-16,0.133822642961357,-0.322925466107734,0.00661530632733331,-1.82025015557611e-07,1.11945691011786e-15,-3.08710533493688e-06,-1.03679874938481e-09,-3.69503495702596e-16,-1.96977332389729e-06,-1.25459318385975e-09,1.00059677447766e-15,2.93383514753054e-16,-6.78317408526203e-16,-5.57629101353185e-10,-3.00423897216998e-11,-1.49926818331958e-16,-2.37829281173388e-16,-5.73763752127679e-08,2.95080210265177e-09,-6.86382122605249e-17,-3.20226561094892e-17,-6.75503526446246e-11,1.98200479568594e-16,-9.8766853627229e-07,3.88727056471611e-17,-1.11025227356684e-16,2.29968814519637e-08,-1.60598119903329e-08,-2.0761908567133e-17,1.87609272477344e-17,-7.28722882175109e-17,-1.6786725736575e-16,-1.63346485662442e-17,1.98054028159028e-16,-1.91320637740968e-16,1.5686849326754e-16
"t33",-0.100690527984988,0.0659904702186755,0.0875256052559404,0.00581238008992861,-0.000758462470293323,-0.00243931786010834,-0.00018616701789731,-0.175569646541396,-0.00024466221267206,9.31275537906368e-05,0.0704924934587556,0.310677156887026,-0.0385415369176833,0.000110079943742478,-0.0193979341187251,0.00150954084391329,-0.00530509562133064,0.000267719165229679,-0.0109250131589264,0.064590608446459,-0.476702732741422,0.0465055917430067,-0.188692836271378,0.137345285355452,-6.08898041462526e-06,-0.0186148310284407,0.00705906736691836,-0.00288089582372316,0.000673555819670909,0.162690499028201,-0.000222232472695623,-0.000316684569335961,-0.000493020395155219,0.00846141645203061,0.000747668798495492,-0.000141063113333419,-0.00520067441718675,0.000652112823111908,-0.000194939431795154,2.83272162990923e-16,0.00216262735962908,1.64195297189391e-05,0.00229486264405816,-7.2729837363434e-06,-0.00174031362389766,0.0262218815703629,7.50680750523348e-05,1.3540318134025e-05,-0.000305491290662892,-5.23449298336741e-06,0.00719586586330722,0.00220406819779032,0.596306613863575,-0.000972045312235423,0.000578582993402507,0.000113691965921855,2.36302044690422e-07,-7.76471186698825e-05,-0.000254108898784486,-3.456485410358e-07,-6.00135080738609e-16,0.00014734422405932,1.23808366762917e-07,-0.000132107290875504,2.21545447158428e-15,0.000121415218489398,-4.48693855179619e-16,5.81587196350612e-07,1.18475877973446e-06,0.000297298825180786,-1.18241031592418e-15,9.74028003029685e-08,1.25239287914187e-05,-0.0249693964974219,2.9122048442699e-07,-6.59055900734856e-16,-6.03160084845957e-17,0.00222368959839644,-1.37114402061338e-05,-0.00403609568081627,0.0324849414753339,0.000654995236074169,6.22628836373669e-06,7.00780867222282e-16,0.140639264772189,-0.377037656451876,0.0146765517136585,-4.64602060765487e-07,1.79022985739751e-16,-7.27667007586353e-05,5.76120224586369e-09,-8.25304363021538e-16,1.48965519924506e-06,9.47747721541573e-10,1.24985455384097e-15,2.16719300474789e-16,-3.96190456629032e-16,1.79357362976053e-10,7.561610383183e-12,-2.23860087092854e-16,-2.16130109626199e-16,9.71040568864757e-09,-4.63620102320728e-10,-1.59260083154525e-16,-1.02249506560668e-16,7.48808124745792e-12,9.89254327453048e-17,5.39513428437978e-08,2.04883213261808e-16,2.79636226292228e-17,4.25385809974514e-10,-6.21557815934766e-10,8.28343674980079e-17,1.58967330360492e-16,-4.71436697083897e-17,1.6151544967045e-18,-1.77948960024576e-16,-2.02675996965785e-16,-6.20190742766062e-17,1.23209808098586e-17
"t34",-0.100033473991031,0.0646634266500004,0.0857140147845833,0.00563173528331749,-0.00072590467251168,-0.00233022387368086,-0.000175917898704303,-0.165187198322756,-0.000229726449778957,8.51684760998506e-05,0.0636803540328286,0.278395101974285,-0.0342503742430852,9.52203955573092e-05,-0.0165627013019972,0.00128738600519576,-0.00414935138841245,0.000202976083038587,-0.00805044578251202,0.0467994501080783,-0.344503807494617,0.0331820692415347,-0.130723877478753,0.0941398926298141,-3.94023254228907e-06,-0.0112965413158065,0.00424987093871024,-0.00166075453527153,0.000357201291631397,0.0859681058876296,-0.000114320781453359,-0.000154180333556469,-0.000216982223604439,0.00369414354022146,0.000280349313751382,-5.2450794049249e-05,-0.00188774104582956,0.000230507136389835,-6.52295671229545e-05,4.85971566511312e-17,0.000709650986684553,5.2236191816717e-06,0.000562641182865519,-1.25564887992919e-06,-0.000296946898255978,0.00353326754628915,7.84716300275308e-06,1.39397919989229e-06,-1.71006468032495e-05,1.2493014978223e-07,-0.000507579328415123,-0.000183361740235539,-0.056880501421718,0.000125633764076302,-7.53860710321699e-05,-1.51934238072984e-05,-3.7925741870097e-08,1.58889960442448e-05,5.37596945545751e-05,9.87294527102559e-08,1.40928625832791e-16,-5.34034207513995e-05,-4.91902170492506e-08,6.37326941583527e-05,1.58565301245547e-16,-6.82996427021935e-05,6.03909281884901e-16,-4.27262688349779e-07,-9.35841326545734e-07,-0.000263911098487238,1.1852037701781e-15,-9.14051266376098e-08,-1.28589609080161e-05,0.0295656374012792,-3.68641963698124e-07,4.07572928458039e-17,1.55191635743086e-16,-0.00303246828409195,1.98183952948154e-05,0.00608098088812693,-0.0491164697358766,-0.000994210930104334,-1.03348223929658e-05,-1.12147166464501e-15,-0.286661159696674,0.783857921785155,-0.0333674188044168,1.07075113597966e-06,-1.2347027843218e-15,0.000182244089002251,-1.52394647578779e-08,1.42053492106412e-15,-5.23471698181947e-06,-3.33160842462262e-09,-2.68935529025698e-15,-5.03700412906414e-16,8.2869478775383e-16,-9.31147908975488e-10,-4.59174690617951e-11,3.91633543748264e-16,4.62438768984062e-16,-7.88350197607424e-08,3.99143238860234e-09,3.41008589465795e-16,1.99115157019072e-16,-8.61273469061311e-11,-1.33352370843744e-16,-1.1749042562875e-06,-8.42955424174445e-17,1.99986292267932e-16,2.51858709589582e-08,-1.72268005978302e-08,-8.01229032699669e-17,-1.47741918833441e-16,-4.29906406431769e-17,4.3545584073729e-17,8.58292359694393e-17,-1.06754071600234e-16,-8.89109409103362e-17,2.38503831888087e-16
"t113",-0.110541797456877,0.0978144410661301,0.132119825372545,0.0141313356454605,-0.136509809537224,0.0336965229196933,0.000282434786073926,0.176939277892003,0.00020722284303018,0.000118322763919043,-0.0150969723896791,-0.0289139798637278,0.000915745785226962,1.01294092312455e-05,-0.00239839806763167,0.000190339932513629,-0.00125236438019116,-0.315715483722007,0.00638352163830717,-0.0019210867940747,0.00510314787631522,0.00195128643521884,-0.0129742656840525,0.00875174575639628,3.31625574382158e-06,-0.0051036648953612,0.00182269104605106,-0.000578490992576682,2.12312544923654e-05,0.00173596716816518,0.000126326378486241,-0.000131577521227492,-0.000130986116441085,0.00221223597832146,0.000159873212545437,-2.99150051046955e-05,-0.00107797038531299,0.000131961535369908,-3.76537236248242e-05,1.89054410558517e-16,0.000411182790585449,3.04677498555409e-06,0.000252143970420872,-9.10649706526745e-07,-0.000216482733126635,0.00287909682519749,7.30851982750865e-06,1.30936730473509e-06,-2.34958400777346e-05,-2.16956762483041e-07,0.000137599151680876,2.81569099199973e-05,0.00387899132834595,1.16502929037353e-05,-7.28546136410718e-06,-1.65376314448641e-06,-7.50314799655037e-09,9.02814213976323e-06,0.540926000683323,3.08748804076028e-08,8.78560758194892e-16,-2.18190943090443e-05,-2.19994888076872e-08,3.49044783560203e-05,7.0276204280427e-16,-3.77320317214566e-05,-1.15986274659853e-15,-5.3170811249316e-07,-1.65199994975443e-06,-0.00227761360221353,1.92859772230483e-16,6.75049697208266e-07,2.14368018656664e-05,-0.020819270064926,2.29576955065614e-07,-2.30385677411573e-16,8.74486475468474e-16,-0.0792064177196158,-1.03304402131155e-07,-0.000399325467073768,0.00331425793328377,6.87673447115943e-05,6.95880748389631e-07,-2.35105048607486e-16,-0.02176332606046,-0.00597406887449655,0.015848797314423,-4.60111025582031e-08,6.66640769924716e-16,-9.58937620532769e-07,1.48634862242515e-11,-4.709868059314e-16,5.59517105052699e-08,3.57433899627013e-11,-7.84066957812147e-16,-1.21242520559607e-15,8.4333330994204e-16,1.02146878244163e-10,9.08815682318565e-12,-3.21980922632803e-15,-1.40825519575055e-15,4.45237605751345e-08,-2.85135318040493e-09,0.707106781186548,-5.59489590032565e-14,4.22612307540192e-10,2.64464512609371e-15,-1.38014949422176e-06,-1.09415018111107e-15,-7.87887802301597e-17,1.46022506508357e-08,-9.11472029718202e-09,1.6729590448532e-16,2.54739139913078e-16,-2.36427238621981e-16,-5.77888326811155e-16,2.0317104897126e-16,1.64755811249761e-16,2.69889039889057e-17,1.19312959793699e-16
"t95",-0.110541797456877,0.0978144410661299,0.132119825372545,0.0141313356454605,-0.136509809537223,0.0336965229196932,0.000282434786074481,0.176939277892002,0.000207222843030125,0.000118322763919015,-0.0150969723896789,-0.0289139798637275,0.000915745785226657,1.01294092311544e-05,-0.00239839806763154,0.000190339932513646,-0.00125236438019155,-0.315715483722007,0.00638352163830705,-0.00192108679407496,0.0051031478763152,0.00195128643521861,-0.0129742656840523,0.00875174575639652,3.31625574392415e-06,-0.00510366489536131,0.00182269104605093,-0.000578490992576699,2.12312544925707e-05,0.00173596716816564,0.000126326378486396,-0.000131577521227541,-0.00013098611644115,0.0022122359783206,0.000159873212545576,-2.99150051046287e-05,-0.00107797038531393,0.00013196153537004,-3.7653723624788e-05,5.37068999284134e-16,0.00041118279058603,3.04677498542272e-06,0.000252143970420794,-9.10649706691213e-07,-0.000216482733126331,0.00287909682519827,7.30851982721483e-06,1.30936730481526e-06,-2.34958400773997e-05,-2.16956762448116e-07,0.000137599151680996,2.81569099206943e-05,0.00387899132834588,1.16502929037379e-05,-7.28546136373465e-06,-1.65376314446679e-06,-7.50314780606113e-09,9.02814214007479e-06,0.540926000683322,3.0874880586491e-08,1.13222146218408e-15,-2.18190943090078e-05,-2.19994886225987e-08,3.49044783559127e-05,3.33594951252303e-16,-3.77320317218472e-05,-6.61411371736936e-16,-5.31708111986594e-07,-1.65199994957722e-06,-0.00227761360221312,-5.96654705876816e-16,6.7504969710177e-07,2.14368018656816e-05,-0.0208192700649245,2.29576955489161e-07,7.52796399159066e-17,2.19024915272485e-17,-0.0792064177196156,-1.03304401823486e-07,-0.000399325467074205,0.00331425793328416,6.87673447114312e-05,6.95880749848805e-07,2.37868222908948e-16,-0.0217633260604607,-0.0059740688744963,0.0158487973144226,-4.60111025264021e-08,2.76358388808409e-16,-9.589376209246e-07,1.4863195342126e-11,2.18528116691459e-16,5.59517091813506e-08,3.57443553295394e-11,1.17478844172631e-15,1.39793509717869e-15,-1.22298553783546e-15,1.02146553973269e-10,9.08352689262979e-12,2.95856491973036e-15,1.29064974167171e-15,4.45237470024073e-08,-2.85137559857861e-09,-0.707106781186549,5.59223404273831e-14,4.22606221693169e-10,-2.100447156073e-15,-1.38014949409136e-06,1.07751023411652e-15,-1.63843777784117e-16,1.46022508572746e-08,-9.11472159725223e-09,-1.06334895152313e-16,-3.01109238089414e-16,1.14079277783031e-16,3.1184390410815e-16,-7.5287830065109e-17,-5.415820029612e-16,-8.99863989488454e-17,2.05639291564927e-16
"t86",-0.110566305179867,0.0978815194136702,0.132213094506865,0.014146357604319,-0.136710881516628,0.0337482592202818,0.000282970077904815,0.177299890077216,0.000207659044392544,0.000118673739428532,-0.0151477580604458,-0.0290187660757439,0.000919308768930732,1.01774878235768e-05,-0.00241075970419323,0.000191327972304702,-0.00126215921896022,-0.318472191926409,0.00644446631576953,-0.00194034073634303,0.00515466347407305,0.00197167752813472,-0.0131203077616254,0.00885277540422469,3.35953321113579e-06,-0.00517840635237163,0.00184973224397087,-0.000587661604801214,2.16067262962411e-05,0.00176679845465591,0.000128639775570371,-0.000134129263774003,-0.000133761610369106,0.00225940493364271,0.000163638548944044,-3.06227895158582e-05,-0.00110379838057212,0.000135164962367929,-3.85905100639024e-05,1.79130364124567e-16,0.000421494522450543,3.12409479275168e-06,0.000258986224703736,-9.35867711769442e-07,-0.000222475402933252,0.0029573272061858,7.49957597303555e-06,1.34350076246362e-06,-2.40308142992005e-05,-2.18775072725527e-07,0.000136006097908625,2.75934568518697e-05,0.00376233739492614,1.07825843748549e-05,-6.72853399962675e-06,-1.51641296662619e-06,-6.26499433668132e-09,5.27201942494401e-07,-0.423654068425252,4.29396654156656e-08,-4.27715757154954e-16,-2.77023555673144e-05,-2.76066151423705e-08,4.35309939826941e-05,-6.5712878566604e-16,-4.74582972085114e-05,7.60715166142614e-16,-6.99603493861331e-07,-2.22155590938786e-06,-0.0032183919472396,2.44256084574539e-15,9.85582394208616e-07,3.36697308463414e-05,-0.0408078787386093,5.59827662439847e-07,-3.58869076508042e-16,1.2312413878525e-15,-0.341522186550218,1.15806462378704e-05,0.00132275895134418,-0.00989598286842167,-0.000184142138750125,-2.26836795677368e-07,-3.67893016232891e-16,-0.0100225375354598,-0.00292293159735448,0.0093117714584367,-2.75666061104444e-08,1.59922546288933e-15,-6.30243484551693e-07,1.02034907656552e-11,1.33908431146821e-15,4.35632036501388e-08,2.78320665888116e-11,-2.88113912133015e-16,-2.10365121615774e-14,0.707106781186548,8.51350271509831e-11,7.7043420727411e-12,-2.22883387150665e-15,2.8829214447895e-15,3.85251477519327e-08,-2.47472577324969e-09,-1.66094238920703e-15,8.65677205520551e-16,3.71135960041579e-10,-3.67635389346372e-16,-1.22973533580602e-06,1.69763964620282e-16,3.57571564285013e-16,1.32535321966352e-08,-8.3136547405848e-09,1.26505436043929e-16,-1.72142826747288e-16,-6.53827364484822e-17,6.03970354640758e-16,8.75942429766684e-17,8.4702428110963e-17,-7.87218378256704e-17,3.90175796732911e-16
"t87",-0.110566305179867,0.0978815194136702,0.132213094506865,0.014146357604319,-0.136710881516628,0.0337482592202818,0.000282970077904787,0.177299890077216,0.000207659044392516,0.000118673739428643,-0.0151477580604458,-0.0290187660757441,0.000919308768930677,1.01774878235629e-05,-0.00241075970419324,0.000191327972304634,-0.00126215921896067,-0.318472191926409,0.00644446631576967,-0.00194034073634326,0.00515466347407344,0.00197167752813446,-0.0131203077616254,0.00885277540422513,3.35953321119073e-06,-0.00517840635237166,0.00184973224397093,-0.000587661604801358,2.16067262964359e-05,0.00176679845465591,0.000128639775570385,-0.000134129263774053,-0.00013376161036896,0.00225940493364243,0.000163638548944092,-3.06227895160473e-05,-0.00110379838057201,0.000135164962367984,-3.85905100636474e-05,-6.47090902742204e-16,0.000421494522450355,3.12409479247624e-06,0.000258986224703517,-9.35867711937082e-07,-0.000222475402933286,0.00295732720618602,7.4995759731405e-06,1.34350076262115e-06,-2.40308142989963e-05,-2.18775072705253e-07,0.000136006097908585,2.75934568527268e-05,0.00376233739492666,1.07825843757153e-05,-6.72853399991125e-06,-1.51641296703905e-06,-6.2649941880372e-09,5.272019425644e-07,-0.423654068425253,4.29396649570345e-08,-9.41795096316104e-16,-2.7702355567448e-05,-2.76066154025443e-08,4.35309939823304e-05,-1.57956203445087e-16,-4.74582972088723e-05,8.46773506363578e-16,-6.99603493524476e-07,-2.22155590890374e-06,-0.00321839194723857,2.23136339526711e-15,9.85582394059877e-07,3.36697308463816e-05,-0.0408078787386097,5.59827661601987e-07,-2.06679523960196e-17,1.99380948864562e-15,-0.341522186550218,1.15806462376002e-05,0.00132275895134439,-0.00989598286842294,-0.000184142138749859,-2.26836796250951e-07,9.4862883302723e-17,-0.0100225375354598,-0.00292293159735289,0.00931177145843791,-2.75666069727307e-08,3.27843395073252e-16,-6.30243484239876e-07,1.0203381857547e-11,2.41793174999777e-16,4.35631998923483e-08,2.78339227361546e-11,5.733845418283e-16,2.06334176709113e-14,-0.707106781186547,8.54568523764316e-11,7.70884987088684e-12,1.95561720289939e-15,-3.11411101142503e-15,3.85251490098376e-08,-2.47472292255014e-09,1.34815110048983e-15,-6.99491829149407e-16,3.71135157247468e-10,2.57781621998681e-16,-1.22973533559629e-06,-1.10627759981362e-16,2.23033743079812e-16,1.32535324024033e-08,-8.31365452037656e-09,-5.21543333042722e-17,2.8345581619629e-16,2.84352741377749e-16,-2.95051398862893e-16,-7.0866588097708e-17,-1.42542876660661e-16,-2.90166625057347e-16,-1.7334955021546e-17
"t66",-0.11041915189611,0.0974780550832226,0.131652054431097,0.0140558732602947,-0.135497809248937,0.0334360568323285,0.000279735287594507,0.175119460186619,0.000205020863126015,0.000116543575320066,-0.014839015549853,-0.0283810374886421,0.000897599784364156,9.88345269525848e-06,-0.00233502114848434,0.000185273339637316,-0.00120137395998748,-0.301283064931704,0.0060627627618929,-0.00181942836626685,0.00483101819369749,0.00184330828125254,-0.0121964977130823,0.00821256924069086,3.08260997090268e-06,-0.00469470179647079,0.00167447750837946,-0.000527750182189909,1.91142042817276e-05,0.00156198341061901,0.000113189292037734,-0.000116894081654155,-0.000114605116801353,0.00193326486590918,0.000136669728444319,-2.55430308619292e-05,-0.000917338421599107,0.000111886191512856,-3.16880808427077e-05,-1.19970840756927e-16,0.00034513282983737,2.5468776606575e-06,0.000204065571800781,-7.10077669930713e-07,-0.000168612610946594,0.00219604283015648,5.46883272714268e-06,9.78749151343258e-07,-1.69851344818334e-05,-1.45964655518774e-07,8.73535033827626e-05,1.75295336550461e-05,0.00236437601043286,6.56532225019879e-06,-4.09272560271401e-06,-9.19381149658977e-07,-3.69692707986847e-09,2.96420079373331e-07,-0.236285853224119,2.17595114839164e-08,-7.04936273363151e-16,-1.24128215821806e-05,-1.15733279995611e-08,1.48896590767555e-05,-3.05054727158858e-16,-1.23018124531246e-05,4.32303705300067e-16,-2.54924848407101e-08,1.16042536766573e-07,0.000764249241863881,-2.87726825582059e-15,-3.46338429323939e-07,-1.98189114097074e-05,0.0489190857922554,-9.38695547294883e-07,5.0349007906909e-16,-4.42730066718454e-15,0.861924949504564,-4.24498551052427e-05,-0.00668332196153583,0.0515463912768183,0.000992741350082315,4.11241717448551e-06,5.85194736561657e-16,-0.0663755038549342,-0.017592953037096,0.0409736657976375,-1.16996126961411e-07,-3.39765788412789e-15,-2.23369403384594e-06,3.30202465737567e-11,-1.64135603810032e-15,1.05206476856961e-07,6.71994275461572e-11,5.28808547669874e-16,1.01392096236755e-16,-2.03045940040516e-16,1.7044767129443e-10,1.47094297717263e-11,2.08377340341585e-16,4.47175907598437e-16,6.91861461564068e-08,-4.40206761552475e-09,1.0780028434018e-16,3.09210515896037e-17,6.35787385115336e-10,-2.88997302454711e-16,-2.00820080380632e-06,-1.80886142300692e-16,3.69164450337771e-17,2.03036465732612e-08,-1.25136715414315e-08,-1.74339303004784e-16,-8.428368912497e-17,-1.42614937737673e-16,-1.01361769552197e-16,2.35024731471398e-17,1.39437521173339e-16,-1.06678280905746e-16,8.6349164307977e-18
"t79",-0.110694114290337,0.0982363043027041,0.132706725718489,0.014226824721849,-0.137804455559318,0.0340303310826218,0.000285932631075188,0.179308417654561,0.000210096050434094,0.000120725160239504,-0.0154521490069957,-0.0296583848246216,0.000941506521670746,1.05021687489375e-05,-0.00249844670226183,0.000198370888414668,-0.00143235686090648,0.338750872867913,0.00584150524532984,-0.00184275387916107,0.00491674333511253,0.00191159322229,-0.0129936721810779,0.00881140510443626,3.40280107607917e-06,-0.00530652101019441,0.00189772844223877,-0.000606410245115527,2.25004358965801e-05,0.00184052591523173,0.000134348736349647,-0.000140757465135144,-0.000141463139900676,0.00239085043389789,0.000174845339676443,-3.27358453068392e-05,-0.00118157046969513,0.00014489941020495,-4.14889592204497e-05,3.32262794016297e-16,0.000453597931996966,3.36715097599516e-06,0.00028222958550566,-1.03125506840534e-06,-0.000245228242735013,0.00327840551769767,8.35535170671891e-06,1.4972079944378e-06,-2.70043122757458e-05,-2.50201411435957e-07,0.000157921529556376,3.22161463917328e-05,0.00442001155664442,1.29959685076786e-05,-8.11871967423827e-06,-1.83655523032511e-06,-7.95767069394163e-09,5.0096714556175e-06,0.000435652449144571,4.46061880970483e-08,-1.04571032991456e-17,-2.99767991619182e-05,-3.0087091667765e-08,4.7781135336683e-05,-4.34959449294508e-15,-5.20047153638573e-05,1.57212641879794e-15,-7.45313657997816e-07,-2.32445475499121e-06,-0.00321053962891757,5.4108072695611e-16,9.48779839895884e-07,2.96575472303095e-05,-0.025854916696735,2.35037815283419e-07,2.86360980354493e-16,-2.11105948140917e-16,-0.0086092298639581,-5.90675428849066e-06,-0.00151406571347282,0.0120210106506241,0.000238683896624939,1.44848900602524e-06,6.19888253129202e-16,0.143651827333711,0.0768595034842898,0.505974852162495,-1.30998765806179e-06,-8.26026745079309e-15,-3.16175431652015e-05,1.39108727530526e-09,1.88619719061633e-15,-2.71604476377845e-07,-1.73200136616033e-10,-0.707106781186548,6.01910833607571e-15,-4.45586820061962e-16,-1.25742750530273e-10,-7.46862598930858e-12,-5.95545697817569e-16,-1.44854455300788e-15,-1.8006471977941e-08,9.95033802179751e-10,-1.46674326630076e-15,4.35052355615421e-16,-6.40217986047284e-11,1.71925902909691e-16,-8.05559043923557e-08,9.97587054475459e-17,1.11827819089517e-17,4.13626388744365e-09,-3.06538565199104e-09,7.23561914488405e-17,-4.43297029302687e-17,-3.09188829150821e-16,1.06286981203325e-16,2.89468796924877e-16,1.30042478950679e-16,-9.53051284224968e-17,1.58360208224689e-16
"t80",-0.110694114290337,0.0982363043027041,0.132706725718489,0.014226824721849,-0.137804455559318,0.0340303310826218,0.000285932631075194,0.179308417654562,0.000210096050434164,0.000120725160239615,-0.0154521490069956,-0.0296583848246219,0.000941506521670854,1.05021687489548e-05,-0.0024984467022618,0.000198370888414789,-0.00143235686090655,0.338750872867915,0.00584150524532986,-0.00184275387916094,0.00491674333511278,0.00191159322229,-0.0129936721810782,0.00881140510443627,3.40280107601476e-06,-0.00530652101019437,0.0018977284422391,-0.000606410245115829,2.25004358963186e-05,0.00184052591523193,0.000134348736349656,-0.000140757465135144,-0.000141463139900792,0.00239085043389745,0.000174845339677078,-3.27358453066024e-05,-0.00118157046969512,0.000144899410205646,-4.14889592202541e-05,3.64757183275727e-17,0.000453597931996834,3.36715097590945e-06,0.000282229585505582,-1.03125506792898e-06,-0.00024522824273494,0.00327840551769715,8.35535170701424e-06,1.49720799426842e-06,-2.70043122755064e-05,-2.50201411284602e-07,0.000157921529556765,3.22161463915062e-05,0.00442001155664465,1.29959685076786e-05,-8.11871967451583e-06,-1.8365552303945e-06,-7.95767097989996e-09,5.00967145589625e-06,0.000435652449144615,4.46061872928414e-08,-1.44748384562724e-16,-2.99767991616406e-05,-3.00870907858343e-08,4.77811353362667e-05,-3.89938275472729e-15,-5.20047153629157e-05,-4.77528187115546e-17,-7.45313658445049e-07,-2.32445475529847e-06,-0.00321053962891681,-2.43811687848168e-16,9.48779840176394e-07,2.96575472298675e-05,-0.025854916696738,2.35037815312745e-07,3.37849138019796e-16,8.12951229460603e-16,-0.00860922986395866,-5.90675428798283e-06,-0.00151406571347254,0.0120210106506284,0.000238683896625346,1.44848901123993e-06,1.05290968077371e-16,0.143651827333707,0.076859503484294,0.505974852162495,-1.30998765825115e-06,-1.48198869578599e-14,-3.16175431661981e-05,1.39108449295449e-09,1.08945236202104e-15,-2.7160446905124e-07,-1.73196301152592e-10,0.707106781186547,-6.76278476186141e-15,1.45468589980488e-15,-1.25733147475498e-10,-7.47196285601665e-12,-1.83246463916255e-15,1.52005239948285e-15,-1.80064714187366e-08,9.9503331025012e-10,7.41065596582612e-16,-1.40850021405876e-16,-6.40235778075985e-11,-1.41035476549246e-16,-8.05559052757636e-08,1.49089629605924e-16,1.99905247064495e-17,4.13626250373063e-09,-3.06538566448647e-09,-8.43690347941258e-19,1.76344685203869e-16,-9.14978868360517e-17,-1.28372800363268e-17,2.45691371916775e-16,8.93314725093294e-17,-2.87335422472902e-16,2.05530514792333e-16
"t88",-0.110740571341798,0.0983639602217053,0.132884255746262,0.0142555065765507,-0.138189769637465,0.0341295292006868,0.000286962380635971,0.180003059282199,0.000210936828435902,0.000121407419091141,-0.0155512845647789,-0.0298635157310312,0.000948502693533651,1.0597597420928e-05,-0.00252312812676561,0.00020034474176412,-0.00145401306082127,0.344487679618261,0.00595001160776992,-0.00187875568854867,0.0050135246128507,0.00195060269145843,-0.0132802891904725,0.00901099503387195,3.49057282201658e-06,-0.00546146729014342,0.00195392727634288,-0.000625720407576184,2.33101447377818e-05,0.00190708104610884,0.000139380196414008,-0.000146392729830446,-0.000147766574008331,0.00249821614304095,0.00018379278888456,-3.44218041629738e-05,-0.00124352264582689,0.000152642767816458,-4.37901392984828e-05,-1.34146667958598e-16,0.000479075473276704,3.5599630698457e-06,0.000300731204394293,-1.10795974054072e-06,-0.000263530666837299,0.00353819554184259,9.05094624641258e-06,1.62217225560966e-06,-2.94334803722109e-05,-2.75655864993818e-07,0.000175150894120082,3.57974008305256e-05,0.00492026209577523,1.45414454336135e-05,-9.08566613178063e-06,-2.05635468615573e-06,-8.94774773225375e-09,5.67360396851895e-06,0.000493961407051005,5.12337901825157e-08,1.46214938700419e-17,-3.49340555334532e-05,-3.53090730767925e-08,5.71111335510854e-05,3.76087683854621e-15,-6.33535988875223e-05,-6.77114657502143e-16,-9.52761975114326e-07,-3.02555091080702e-06,-0.00433137956571569,4.50798186644631e-16,1.30703072376021e-06,4.25633078394881e-05,-0.0406786425291113,3.93137245558913e-07,2.75018409589043e-16,-4.74042980749817e-16,-0.0157721786804214,-1.19236337828554e-05,-0.00334716057763368,0.0268110557446369,0.00053770914735838,4.54459234271241e-06,5.66391326030828e-17,-0.40496826896228,-0.156279606276598,-0.296604408644965,6.29872596616339e-07,9.73013191729775e-15,1.86861624910245e-06,1.44397100044135e-10,9.66189462100272e-17,-1.31507595614632e-07,-8.39036126004406e-11,-4.29655909640683e-16,2.05364390185982e-15,1.54864096549692e-15,-8.1991055461819e-11,-5.11705001732858e-12,0.707106781186549,-1.71698057204107e-14,-1.31159941131739e-08,7.3104018216523e-10,3.10327119175036e-15,-2.45774990656716e-15,-4.85752624986035e-11,6.06786495431425e-16,-6.34409413756594e-08,-1.96136797630835e-16,-3.89299181956503e-16,3.40530082983733e-09,-2.55228591549122e-09,2.15578506954131e-16,1.24793101793758e-17,-2.76906602379565e-16,1.21028089091101e-16,-3.06923321542853e-16,-2.34929023648451e-16,-1.13592414213869e-16,1.07663441243265e-16
"t89",-0.110740571341798,0.0983639602217054,0.132884255746262,0.0142555065765507,-0.138189769637465,0.0341295292006868,0.000286962380635925,0.180003059282199,0.00021093682843581,0.000121407419091081,-0.0155512845647789,-0.0298635157310314,0.000948502693533667,1.05975974211137e-05,-0.0025231281267656,0.000200344741764086,-0.00145401306082114,0.344487679618261,0.00595001160777014,-0.00187875568854876,0.00501352461285078,0.00195060269145803,-0.0132802891904727,0.00901099503387212,3.49057282199436e-06,-0.00546146729014332,0.00195392727634304,-0.000625720407575969,2.33101447374515e-05,0.00190708104610882,0.000139380196414157,-0.000146392729830302,-0.000147766574008442,0.00249821614304135,0.000183792788884536,-3.44218041635993e-05,-0.001243522645827,0.000152642767816499,-4.37901392986682e-05,-3.07056204960504e-16,0.000479075473276636,3.55996306977517e-06,0.000300731204394304,-1.10795974059908e-06,-0.00026353066683758,0.00353819554184272,9.05094624604466e-06,1.62217225558019e-06,-2.94334803723935e-05,-2.75655864740007e-07,0.000175150894120395,3.57974008309369e-05,0.00492026209577542,1.45414454343837e-05,-9.08566613236003e-06,-2.05635468625634e-06,-8.94774772640372e-09,5.67360396864086e-06,0.000493961407051134,5.12337899179975e-08,-1.1185807443561e-16,-3.49340555332728e-05,-3.53090728642347e-08,5.71111335509189e-05,3.20968658689337e-15,-6.33535988875854e-05,-5.39880373051119e-16,-9.52761975070416e-07,-3.02555091106875e-06,-0.00433137956571542,1.12731383307884e-15,1.30703072304475e-06,4.25633078395167e-05,-0.0406786425291122,3.93137244833528e-07,-1.20103676639807e-15,1.28583076669148e-17,-0.0157721786804208,-1.19236337833704e-05,-0.00334716057763418,0.0268110557446371,0.000537709147359336,4.54459234212496e-06,9.97356370587573e-17,-0.404968268962281,-0.156279606276597,-0.296604408644969,6.29872596390798e-07,8.6676058508265e-15,1.86861624871387e-06,1.44397077506283e-10,-1.46566794086665e-15,-1.31507595657349e-07,-8.39049131958142e-11,-2.38656783543536e-15,-1.5058951222544e-15,-2.60805225359559e-15,-8.19865519604331e-11,-5.13457157760988e-12,-0.707106781186547,1.73147252857265e-14,-1.31159948559608e-08,7.31045887345481e-10,-2.55213964520475e-15,2.22046021461769e-15,-4.85757904440751e-11,-6.55619762065322e-16,-6.34409414845133e-08,1.8833062939705e-16,6.13803709713102e-16,3.40530101295908e-09,-2.55228567794252e-09,-1.38693972596346e-16,-4.80043175243446e-17,4.53199724440464e-16,-3.09359481156542e-16,-2.25673554445126e-16,-2.28129351164435e-16,6.99397337280617e-18,6.21415894010041e-17
"t51",-0.109498955532339,0.0949639788248018,0.128156638754462,0.0134937327361428,-0.127987092452382,0.031504089623789,0.00025978083780187,0.161686445327768,0.000188777781086328,0.000103539973802961,-0.0129626355390451,-0.0245173112735452,0.000766521977794839,8.13085548945214e-06,-0.00188703373533134,0.00014948788167618,-0.000906617564756788,0.200436499779006,0.0032415093004242,-0.000983187472975572,0.00260729526757882,0.000983229303840288,-0.00621422272369347,0.00410074117114437,1.35488423096141e-06,-0.00173531548595915,0.000604371479375129,-0.000165509682882259,4.27882732723507e-06,0.000343681975145127,2.16930691626207e-05,-1.5695251668689e-05,-3.69263126548044e-06,4.69481675094696e-05,-1.64932277652453e-05,3.27940952391426e-06,0.000137858427580868,-1.94792071309367e-05,7.04465654860487e-06,-1.25224100720978e-16,-8.25381435689138e-05,-6.76176341462501e-07,-9.5837647415191e-05,4.94932300597504e-07,0.000118659056699486,-0.00181720063976128,-5.13095032056389e-06,-9.24135508902893e-07,1.92057470057164e-05,2.1861876645839e-07,-0.000153270661492313,-3.21203506986952e-05,-0.00452008306505208,-1.42210817710708e-05,8.90215175439191e-06,2.02684483589441e-06,9.23943294022325e-09,-6.29519379045923e-06,-0.000554037585757114,-6.4047508401091e-08,9.70846808840959e-17,4.82896016211001e-05,5.09128458484591e-08,-9.05870506560935e-05,1.49300384604507e-15,0.00010896046681902,-6.43508161295083e-16,1.90407090115122e-06,6.30722385623508e-06,0.00966842925167208,-1.62856845568802e-16,-3.01367492685698e-06,-0.000103342898628411,0.106666836539903,-1.06441525994073e-06,-3.74781873768501e-16,-4.69696962903638e-16,0.0440169474141725,3.38684210182748e-05,0.00958210397855699,-0.0767867973577407,-0.0015406630102374,-1.29166692794936e-05,-1.04180860070889e-15,0.70613511324714,0.222674403226528,-0.549494484442693,1.85301548637071e-06,5.73147421126287e-15,9.18345859933101e-05,-5.05237363073217e-09,-1.95415275137147e-15,1.83012696133899e-06,1.16772585680581e-09,8.02853326542477e-16,1.87634348981588e-16,-2.62949879338053e-16,1.53956835275478e-09,1.16724946580393e-10,8.92328783306697e-16,-4.43883438919709e-16,4.66382998273685e-07,-2.89437369623913e-08,-9.5278619627098e-17,5.5685897366768e-17,3.79330014342355e-09,2.92594168903227e-16,-1.0607833249441e-05,-5.72087436288353e-17,-3.9328214961873e-16,9.11935991395642e-08,-5.37284595111039e-08,-1.06674766629982e-16,-8.64293280380684e-17,8.87645229135428e-18,-2.18017443821067e-20,-3.177008042179e-16,4.99226032580509e-17,-6.43379175324436e-17,2.08428905581481e-16
"t60",-0.0860690532485944,0.0124526133807582,0.0120255901467277,-0.0102401271717644,0.326675946677217,-0.0938735019395821,-0.00255278454570022,0.136978554484161,-0.000810758433751527,0.00499940643746896,-0.238058057845517,0.0586229831435261,0.0350913583305467,8.33839927262825e-05,-0.0200610476699648,0.00159268616031968,-0.0142236364121926,0.000281185804100421,0.264770931968163,0.0695962743431101,-0.0190269590089106,-0.0309439578485703,0.0264429363967337,0.00281961039910547,-9.38279679789942e-06,-0.00593731518550354,0.00254664377673224,-0.0014163759921095,6.31698636218807e-05,-0.000264091014327977,0.000701036231022127,-0.000971104334553941,-0.00224523717429347,0.0418555192014264,-0.00958838084489818,0.00176823395430139,0.08085580032071,0.214963526316751,-0.000410948301798968,8.79571991043812e-16,0.00252432355259613,8.23606885365077e-06,-9.05166948490408e-06,2.14512015732508e-07,4.90057648905931e-05,-0.000203063730015551,3.36793227051621e-07,6.78177733737283e-08,-4.77289433570543e-06,-8.13466643735054e-08,5.02630437389795e-05,6.12405488374886e-05,0.000108975925847212,1.1108269090232e-05,-6.84461820144033e-06,-1.49285041799174e-06,-5.79775256861863e-09,3.65128715700382e-06,7.96518007090908e-07,3.51540965153692e-08,3.04462421410612e-17,-2.56211620905181e-05,-2.66902822395132e-08,4.66608480682862e-05,4.96894198485761e-16,-6.95902930458386e-06,-2.25399216001639e-15,-1.21911373267725e-06,-5.0209643071967e-06,-0.0388854805704927,8.17371802031141e-15,-4.49809824506543e-06,-2.90528001213068e-05,0.00451674477911362,-1.041873689723e-08,-5.66254318639765e-18,3.51824845168333e-16,-0.000285559664557858,-5.44399821697299e-07,-0.000185892658935396,0.00151038631752068,3.07723242794532e-05,-0.807148175683983,1.18449742720792e-14,-6.89369460241812e-07,-3.01961510058152e-06,-4.52778222154865e-08,-4.32490954182553e-10,1.88130794641159e-15,-8.79153742593813e-07,1.5292361594968e-10,7.3042671022103e-16,3.84755231816296e-07,2.45291649053061e-10,2.70736494204437e-15,2.18307444935104e-16,2.98129704867829e-16,3.00998194806821e-10,2.44161641486864e-11,2.75141267194986e-17,3.63246723789139e-16,1.10493794031052e-07,-7.02575851034386e-09,-6.97171152575914e-16,-7.28260533043845e-17,1.04097143239861e-09,1.19469042239786e-16,-0.0548035683263228,-6.22704495123089e-18,-1.36025598464532e-16,2.72166081772413e-08,-1.71840187192587e-08,1.87202307682686e-16,-1.52103123092604e-16,-3.84788949391465e-17,-3.25124589747734e-16,-2.01768363691117e-16,-5.78892116220132e-17,-2.96740140259946e-16,-4.37916138303971e-17
"t73",-0.0859828237261526,0.012414065957721,0.0119872713872704,-0.010191033219085,0.324507806193906,-0.0932241553270477,-0.00253100374935528,0.135722162052447,-0.000803078865842774,0.00493279117415146,-0.234463419126079,0.0576697937179334,0.0344790801795145,8.16116715590121e-05,-0.0195983163663019,0.00155568873326339,-0.0137273736669212,0.000270240742158437,0.253507168248005,0.0664886992522241,-0.0181712541089439,-0.0295034506244133,0.025117037787462,0.00267461130626723,-8.8369653949373e-06,-0.00554906951533905,0.00237789622711001,-0.00131591413803786,5.81482520100448e-05,-0.000243002885595339,0.000643208210882353,-0.000885902704167552,-0.00202789074392942,0.0377748202782643,-0.00853555292754348,0.00157294992362341,0.0717803543089556,0.190417269051388,-0.000362423742533077,5.57670894419913e-16,0.00222285954338845,7.23528915588995e-06,-7.8108104228326e-06,1.81644533222914e-07,4.14746412604435e-05,-0.000170182065436286,2.79870733679768e-07,5.6330240933572e-08,-3.91051895804096e-06,-6.50225570987604e-08,3.95641723762476e-05,4.79985848604577e-05,8.50551094631891e-05,8.56723969355766e-06,-5.27692180085637e-06,-1.14954526315991e-06,-4.42087482951676e-09,2.73786938665668e-06,5.95642286887247e-07,2.55020658909916e-08,-4.64555055894286e-18,-1.79555862142022e-05,-1.8392365201675e-08,3.07490996671947e-05,-6.39481249394883e-17,-4.37334859148494e-06,6.98646294878281e-16,-6.75339023909684e-07,-2.64588171789836e-06,-0.0184573823075697,3.92018960247646e-15,-2.00120860313415e-06,-1.12721909258577e-05,0.00120248758626479,-1.97182051252735e-09,-6.35003508747027e-18,-2.07770818418392e-16,-2.29221196178936e-05,1.59261485027968e-08,2.3419717085315e-05,-0.000204059889975239,-4.47347094879001e-06,0.362771316701039,-5.28840615484316e-15,2.10449572190033e-06,1.19513114914954e-05,-4.76016014320894e-06,-1.04833393919966e-08,-6.03086926547941e-16,-4.30151955262831e-06,5.27157586869718e-10,-9.61296924774479e-17,6.41152142431475e-07,4.08538093898134e-10,-8.72646800536325e-16,-1.29526531758512e-16,4.89842660497935e-17,3.19464443017826e-10,2.15131866475269e-11,2.43385660237271e-16,-6.68611293075347e-16,5.55623694714104e-08,-2.87378957002787e-09,2.66261376872081e-16,2.10383841808333e-16,-2.54109553033842e-10,-3.53709350385471e-16,0.738916476955568,1.1329417772121e-16,-4.77704226800336e-16,6.63164941355418e-08,-3.63156737888913e-08,-4.81114142246224e-16,-9.04165766948781e-17,-1.28114068661278e-16,4.8605263634824e-17,1.659855918055e-16,4.35690275207319e-17,4.12185500547586e-17,1.69704623960609e-16
"t74",-0.0860287114439344,0.0124345069773454,0.0120075880319282,-0.0102169922412072,0.3256506643998,-0.0935662726744127,-0.00254244784787178,0.136381579804085,-0.000807107432710479,0.00496750757678236,-0.23633107703212,0.0581640567635243,0.0347959216338369,8.25228227460117e-05,-0.0198354639995973,0.00157464438676613,-0.0139765268293885,0.000275697021562409,0.259086630073022,0.0680222905067722,-0.0185933046449318,-0.0302119510983485,0.0257650198830099,0.00274531210726955,-9.09991327895229e-06,-0.00573368284832549,0.00245801011130528,-0.00136320628141948,6.0475401384737e-05,-0.000252769260377303,0.000669859886509845,-0.000924791176150123,-0.00212543296133696,0.0396038155290674,-0.00899662266821423,0.0016583682210963,0.0757364472824221,0.201077752944241,-0.000383342223101553,7.06151282287946e-16,0.00235248425976109,7.663890974952e-06,-8.326481578033e-06,1.94878100325064e-07,4.45041813049232e-05,-0.000183194588934565,3.02080407509845e-07,6.08090072480973e-08,-4.23917354041388e-06,-7.09945366381202e-08,4.33805234591714e-05,5.26889221664134e-05,9.34699461405538e-05,9.44387414400505e-06,-5.81743297706216e-06,-1.26767848932126e-06,-4.88715581688942e-09,3.03890264793764e-06,6.6155518547553e-07,2.85182741934257e-08,6.39328303833672e-17,-2.02231169767197e-05,-2.07826973733612e-08,3.50247160022382e-05,-2.15441656297041e-16,-5.01946370350408e-06,1.32750097276357e-15,-7.88049864603867e-07,-3.10411628315225e-06,-0.0218628219432834,4.37144984833482e-15,-2.3823646117942e-06,-1.35378162321551e-05,0.00146732345163628,-2.42633122484244e-09,-4.10546038106637e-17,-1.50730741233071e-16,-2.84927697064771e-05,1.99663503138875e-08,2.95510857702659e-05,-0.000257628686732805,-5.6513615787593e-06,0.465292288983512,-6.96165548070017e-15,2.81411781527432e-06,1.60548988926909e-05,-6.53880412822966e-06,-1.44526997435264e-08,-1.1792734382006e-15,-6.07171960791131e-06,7.56833618603052e-10,-7.29078858665735e-16,1.02991328017419e-06,6.56366407053707e-10,-2.20332833594903e-15,-6.94852263969941e-17,-2.41789948770628e-16,6.68640952284846e-10,5.36761624434469e-11,4.95046203570649e-17,9.0147513609111e-17,2.53541885471362e-07,-1.64204744688631e-08,2.62163149525315e-16,-9.79518472120871e-17,2.8280179696508e-09,2.66090879856697e-16,-0.671510566361608,-1.48430670984238e-16,5.6998486632747e-16,1.41482018999745e-08,-1.24074414813505e-08,3.94929685787183e-16,3.3097627572813e-16,8.88675829900036e-17,1.89031772860864e-16,3.69445835794943e-17,-4.98926254015586e-17,-1.06097229865516e-16,2.91938068953004e-16
"t29",-0.0848082214490331,0.0118823771580738,0.011458447801267,-0.00950689353588444,0.293952313366621,-0.0840571732212616,-0.00222043430942085,0.1177359139062,-0.000692933747776179,0.00395377732025615,-0.181026885693094,0.0433927092983645,0.0252364909910614,5.41698334486501e-05,-0.0123448170353761,0.000975090030813919,-0.00526289174955523,7.77622724065646e-05,0.0497502118427641,0.00931806589878148,-0.00238774643119904,-0.00258975077218068,-0.000406010402515783,-0.000147151211107358,2.43536679842699e-06,0.0030315481119173,-0.00138352136688979,0.00103100686354979,-7.05369638273473e-05,0.000299609207641882,-0.000890824055457609,0.00152288661246922,0.00490665056287818,-0.0937133183860146,0.0326847667492457,-0.00615920663310788,-0.299417273750786,-0.850686300336108,0.00186032234043277,-3.12629032105829e-15,-0.011979061898907,-4.20931396679443e-05,8.58020729060209e-05,-5.38040526841456e-06,-0.00127989432311672,0.0169887176571396,4.25066293796121e-05,7.60791363358347e-06,-0.00013156088010428,-1.07771800843129e-06,0.000528266928302767,0.000611511093376563,0.00103942061377581,9.46922027667829e-05,-5.81618170146167e-05,-1.25588823186515e-05,-4.52438860677984e-08,2.5621840693548e-05,5.50562937137411e-06,2.11050742584141e-07,-2.38891852997352e-16,-0.000136767257418624,-1.35977548006583e-07,0.000214744690063995,-2.29049210906635e-16,-2.94346451537233e-05,3.58875989080775e-16,-4.38467303291029e-06,-1.71792780205948e-05,-0.121653744184836,2.47413455806268e-14,-1.34097383675057e-05,-7.91967871444734e-05,0.0101710131017027,-2.06449820746356e-08,-6.60632787532149e-17,-1.75898138636586e-16,-0.000462797426624091,-6.93694660152156e-07,-0.000181595870564585,0.00143360570336755,2.82491667258954e-05,-0.0116705564674314,9.07808522549294e-17,5.10545925878556e-06,3.00930351623679e-05,-1.34948257383104e-05,-3.01172373637359e-08,3.54301236477006e-16,-1.31935702621377e-05,1.67115776018899e-09,-1.33182720587837e-17,2.29980846880307e-06,1.46562828518514e-09,2.66049362329449e-16,-7.56352661162578e-17,-4.28580511863399e-17,1.3832963506751e-09,1.05502931288222e-10,-2.67812396417446e-16,3.46933135138244e-16,4.36105261684278e-07,-2.72726821404223e-08,1.72978925981939e-16,9.31412411262397e-17,3.70611108967654e-09,9.66901778742979e-17,-0.00716772322131833,8.84226013726332e-17,-1.5553684618776e-17,1.02271604893178e-07,-6.2003052470061e-08,-1.902725714417e-17,-1.11662740799362e-16,-7.1495182287866e-17,7.70676697895231e-18,1.69236549726191e-17,-1.35824486434638e-16,-7.12411869824198e-17,8.79244755247148e-17
"t22",-0.0836946866282165,0.0113512546274963,0.0109289827735357,-0.00879368939934867,0.260579386451319,-0.0739733804970198,-0.0018644234647089,0.0967760887092208,-0.000563582986961282,0.00268212902249536,-0.108236222995917,0.0233214397090149,0.0118104421737661,9.7504542235366e-06,4.29421968565192e-05,-2.13604351193206e-05,0.016354242035966,-0.000504935164959176,-0.686133514246527,-0.222873625620584,0.0629489588781092,0.120386083704833,-0.152628014346112,-0.0190232952646167,0.000210243403138969,-0.173705784768866,0.0601292065038019,-0.0170762014837271,0.000420630398390182,-0.00172668641838768,0.00403850072087911,-0.00446365845361346,-0.00704517116514243,0.127225072386083,-0.0126769073163319,0.00217173655408677,0.0773459979220568,0.139999376372096,3.30090309527751e-06,5.26108765880187e-16,-0.00064220950706351,-5.43896573041753e-06,4.7862067395414e-05,-4.59654626190502e-06,-0.00110252925650452,0.0166570732391264,4.55529136536891e-05,8.1880743140238e-06,-0.000158599807756359,-1.51243337972009e-06,0.000798435597861032,0.00094182033604268,0.00162947162686508,0.000155624198167226,-9.57232698384075e-05,-2.07630764828756e-05,-7.7504140864884e-08,4.64112291773278e-05,1.00583001578728e-05,4.21119475278427e-07,-5.23371834593776e-17,-0.000297884177880126,-3.07970244108264e-07,0.00053478681148128,2.48560656023799e-16,-8.02051027643804e-05,-3.2181473218479e-16,-1.4623845783271e-05,-6.1392397875859e-05,-0.494814454648933,1.01325018393457e-13,-5.85919241059003e-05,-0.000395644866515247,0.0671549475815469,-1.62336552182307e-07,-1.32541305789884e-17,-2.63583891987064e-17,-0.0046777467330094,-9.12769267895794e-06,-0.00306933470476901,0.0248389295671831,0.00050344983881809,0.00605050851103036,-6.14459200137995e-16,-6.58077922637487e-05,-0.000344420652407307,0.000101414154419423,2.14782938197031e-07,1.96163122249994e-16,7.12615974721442e-05,-7.74435027564579e-09,2.72213436865989e-16,-5.90395167684998e-06,-3.76025073751951e-09,1.18349263172093e-16,-6.25054184020663e-17,-4.60160171347911e-16,-2.07624927450398e-09,-1.33873360178482e-10,-4.51930454423369e-17,8.26078622798005e-17,-4.25223116370943e-07,2.53727378413116e-08,-2.18354600193048e-16,5.84674568068899e-17,-2.80565487205744e-09,1.03231587581593e-17,0.000439680510062768,-4.39462778316124e-18,5.38964398231399e-17,-2.84678561557339e-08,1.27586075385211e-08,3.12838473753289e-17,9.66566887416234e-17,-5.54036416830026e-17,-1.2864468384576e-16,-8.09325930084716e-17,5.26101621249332e-17,-1.16667292079629e-16,1.29400709510219e-16
"t23",-0.0827560490534252,0.0109595128085868,0.0105408062548037,-0.00832521895230999,0.241430312320551,-0.0683108457099391,-0.00168893442794271,0.0869958389650345,-0.000504798736045457,0.00229149341557806,-0.0904328380726011,0.0191999003855977,0.00957573690092703,7.51926225430518e-06,3.23150528225248e-05,-1.60384496017381e-05,0.0103673165931097,-0.000300263215886096,-0.384209841722651,-0.120339052713176,0.0337974955717352,0.0628467791575222,-0.0745716785200605,-0.00906901024082551,8.73211056795931e-05,-0.0610329121100188,0.0206690693313258,-0.00518118782950094,9.72382252327798e-05,-0.00039403428673826,0.000833699916702263,-0.000730955993134663,-0.000647527210603481,0.0110084166421142,8.96443629322188e-05,-2.56459745680247e-05,-0.00194444793988748,-0.00552087302103017,-2.23571478365214e-07,4.6138401759695e-17,4.9715608762102e-05,5.02362561018849e-07,-9.59379736516393e-06,1.40811668210344e-06,0.000340974680104369,-0.00601447442536914,-1.84221943363497e-05,-3.32990765788141e-06,7.51015444529551e-05,8.85925609433449e-07,-0.000519431957097874,-0.000629166127734416,-0.00111590720207195,-0.000113800359118357,7.01347585473563e-05,1.5307534501862e-05,5.99750451592577e-08,-3.86852112640254e-05,-8.47774936465019e-06,-3.9661411404536e-07,6.43332378527394e-17,0.000310677955626289,3.35190466361009e-07,-0.00064071061921156,-3.81659741436421e-16,0.00010424268233716,6.1184086471825e-16,2.21272431831924e-05,9.7011310421358e-05,0.839853125437614,-1.71815941986231e-13,0.000102961109541511,0.000736040170176949,-0.136999423199916,3.46023363040077e-07,-1.1990413592552e-16,-1.28676698700503e-17,0.0104748079226157,2.12479677038341e-05,0.00734638443489584,-0.0595923699739257,-0.00121102098881652,-0.0154569759306284,1.11300942587631e-15,0.000193180515623038,0.00102469251402748,-0.000320541942563507,-6.85136880305103e-07,-2.04865770352679e-16,-0.000240419742848441,2.71036170199036e-08,-3.30650658907323e-16,2.49212094547632e-05,1.58760573229499e-08,-6.1997735733204e-16,1.12956202000693e-17,6.60371823048909e-16,1.11793778804527e-08,7.89796981612821e-10,2.22861591402287e-16,-2.69720463833963e-16,2.93656341999668e-06,-1.80522411546979e-07,2.71641799670985e-16,-3.55409508720467e-17,2.28799101214573e-08,1.41248056608169e-16,-0.00454251362817265,1.47776546141305e-17,-4.11568637697602e-17,5.1137417689251e-07,-2.9874090993337e-07,-7.64671952911346e-17,-5.69267803874156e-17,5.46282528024648e-17,1.2833325968454e-16,1.37049958275191e-17,-9.74184964409643e-17,-8.03749475014709e-17,2.28683645616412e-16
"t17",-0.080591364411525,0.00989331093459575,0.0094760665194753,-0.00683708872859485,0.16758475377795,-0.0457556194612661,-0.000831211284748357,0.034641207098113,-0.000175676946676032,-0.00239487395742988,0.282047630491907,-0.126214905606424,-0.175910419942868,0.000244487172733113,-0.036641586224762,0.00281361798842291,-0.00408893823203856,2.86449042968817e-05,0.00261896707039377,-4.00082244174649e-05,-2.77982715818177e-05,-0.000889163688623462,0.00649429638925088,0.00114723010918633,-3.9342938857689e-05,0.064898593257285,-0.0240196047089936,0.00940160896560188,-0.00037499055200881,0.00156753740220171,-0.00417642308958759,0.00589421367205076,0.0137258032836792,-0.254878499736102,0.0326058514425002,-0.00533722192413261,-0.134015170577447,0.0970666287388712,-0.00348512128821474,1.61630751332886e-16,0.0342852059296881,0.000222456826142983,0.000734608510011725,-2.76595822147442e-05,-0.00653036697149825,0.0776778178343612,0.000181762230496511,3.24336115800688e-05,-0.000521990270096747,-4.20692205491775e-06,0.00320173823067133,0.84751226229827,-0.000144608364716858,0.00019274536290563,-0.000119249510728139,-2.6279755763509e-05,-1.02541987673064e-07,5.91459875791286e-05,1.26878927061175e-05,4.63931583725551e-07,-1.940981624901e-16,-0.000278250738678404,-2.65417754660127e-07,0.000372429283882425,1.11460262832423e-15,-4.43963937239475e-05,1.14377541882178e-15,-4.08052075089179e-06,-1.21730137434435e-05,-0.0307916904373779,5.97051808086383e-15,3.12083064930402e-07,4.69684626683078e-05,-0.020774592187509,6.55191311378901e-08,3.0264288247653e-16,1.66095013927355e-16,0.00239804123564075,5.48458660236119e-06,0.00204270776962844,-0.0166690469771484,-0.000340962391786612,1.46016474234451e-05,-9.7433360873188e-17,7.77408278253358e-05,0.000419522649854148,-0.000140851521221938,-3.04036117244194e-07,1.95976452017053e-16,-0.000112780732736323,1.31364729724507e-08,-3.29907081104728e-16,1.37928238457471e-05,8.78789732650098e-09,-8.16268315884474e-17,-1.29000149616355e-16,4.76779517344771e-16,6.94521872825205e-09,5.06910062699189e-10,2.9598715871622e-16,-8.5101934460768e-17,1.97425867129453e-06,-1.22293463567652e-07,8.55118411086844e-16,-4.62825394134543e-17,1.59869706145219e-08,-1.09434038804055e-16,-0.000188102935145151,-1.09612959144174e-16,-1.22220014797599e-16,3.96196738333687e-07,-2.35565337222687e-07,-6.6556789743478e-17,-9.35295487571337e-17,-4.13722828169573e-17,-3.50849564632972e-17,-2.96809577101857e-16,-3.13337619603868e-16,-2.14915568279378e-16,-1.8426349486647e-16
"t76",-0.0824568759644256,0.0106375471990343,0.0102115032500292,-0.00766861152366257,0.19720966815209,-0.0542502161473877,-0.00103033770806258,0.0437286011445407,-0.000223687985106113,-0.0034329887429342,0.429244280024806,-0.200159321435765,-0.291538821473143,0.000473682641227025,-0.0772141033939422,0.00597638218919761,-0.0202751455194222,0.000265113668709016,0.109565610258065,0.00158294752603685,0.00084798460828595,0.0127693995810566,-0.0422928453194975,-0.00624840574761756,0.000115038549646491,-0.126732617978475,0.0450913356870353,-0.0146196796237492,0.000443027330139765,-0.00183349330330063,0.00455067713714284,-0.00565139390464325,-0.0108932891916557,0.199651597535551,-0.0207320542891684,0.00336074055135513,0.0821371285250554,-0.057826215873632,0.0019660217177693,-3.82803076543474e-17,-0.0189923954234498,-0.000119872976439912,-0.000328829084946069,1.05263335827034e-05,0.00247468529213484,-0.0273438996844918,-6.02966552844911e-05,-1.07265821075155e-05,0.000158130949531134,1.10913047834732e-06,-0.000782189696633025,-0.202927539062613,3.39676247470833e-05,-4.29727370597349e-05,2.65445016276178e-05,5.82020020035816e-06,2.18140714045322e-08,-1.17975837514088e-05,-2.50579352197255e-06,-8.2631644325701e-08,-2.42844885118171e-16,4.47392329517848e-05,4.07949123247455e-08,-5.14368946506749e-05,-7.25136514607532e-18,5.56361241714422e-06,-1.26050739150484e-15,4.18472860727213e-07,1.17273935299638e-06,0.00265977031132729,-7.29983000443597e-16,-2.54887340157896e-08,-3.48159162103217e-06,0.00129651375657031,-3.7376829506298e-09,5.6986683794606e-17,1.52030420508426e-15,-0.000122735724090038,-2.56073602783027e-07,-8.89314351852936e-05,0.000721268754737908,1.46532044312333e-05,-5.30854510035576e-07,1.04162078453388e-16,-1.71241418309674e-06,-8.69056292536474e-06,2.1041580793163e-06,4.28167097588604e-09,3.91968647650414e-15,1.01299122290399e-06,-7.55701109870534e-11,0.707106781186548,1.30277095757025e-07,8.31568173695341e-11,5.96712957793642e-16,8.18330771388035e-16,-4.67181014567036e-16,1.81774922588043e-10,1.60446921726324e-11,-6.29506149994032e-16,2.44335392158801e-16,7.93116803621263e-08,-5.09486973096496e-09,1.89296108460976e-16,3.72463096901043e-16,7.67499530943128e-10,-2.72129498516216e-16,-1.07901321685366e-05,1.93019660518502e-16,-8.89211556575428e-17,2.88381615254352e-08,-1.8324729400554e-08,2.56026228198287e-16,2.94857002794102e-17,7.48037451893318e-17,-2.99003034511812e-17,2.30556131919572e-16,-2.22096900459504e-17,-2.12833481966316e-16,3.81505297116995e-16
"t77",-0.0824568759644256,0.0106375471990343,0.0102115032500292,-0.00766861152366258,0.19720966815209,-0.0542502161473877,-0.0010303377080626,0.0437286011445406,-0.000223687985106127,-0.00343298874293421,0.429244280024806,-0.200159321435765,-0.291538821473143,0.000473682641226984,-0.0772141033939423,0.00597638218919766,-0.0202751455194223,0.00026511366870887,0.109565610258065,0.00158294752603669,0.000847984608286007,0.0127693995810566,-0.0422928453194978,-0.00624840574761741,0.000115038549646415,-0.126732617978475,0.0450913356870353,-0.0146196796237495,0.000443027330139978,-0.00183349330330045,0.00455067713714293,-0.005651393904643,-0.0108932891916556,0.199651597535551,-0.0207320542891685,0.00336074055135487,0.0821371285250553,-0.057826215873632,0.00196602171776909,-1.59063258983175e-16,-0.0189923954234494,-0.000119872976439817,-0.000328829084945916,1.05263335826826e-05,0.00247468529213492,-0.0273438996844917,-6.02966552843117e-05,-1.07265821072506e-05,0.000158130949531021,1.10913047867701e-06,-0.000782189696631614,-0.202927539062614,3.39676247466357e-05,-4.29727370595059e-05,2.65445016273394e-05,5.82020020052382e-06,2.18140709405585e-08,-1.17975837521588e-05,-2.50579352283758e-06,-8.26316435386685e-08,3.35951524091302e-16,4.47392329517918e-05,4.07949127096068e-08,-5.14368946514972e-05,-6.24960389959892e-16,5.56361241799402e-06,7.0082828429463e-16,4.18472860128225e-07,1.1727393542042e-06,0.00265977031132667,1.90819582357449e-16,-2.54887342759845e-08,-3.48159162171812e-06,0.00129651375657136,-3.73768297448797e-09,-2.92503865789751e-16,-1.71779833462904e-15,-0.000122735724092852,-2.56073601201108e-07,-8.89314351842857e-05,0.00072126875473726,1.46532044331563e-05,-5.30854511560791e-07,-5.01257505677823e-17,-1.71241418471112e-06,-8.6905629234045e-06,2.10415808324371e-06,4.281670939755e-09,-4.13905021368066e-15,1.01299121578555e-06,-7.55794233282619e-11,-0.707106781186548,1.30277091117941e-07,8.31555917873983e-11,-6.38378239159465e-16,-7.84777598878611e-16,3.53883589099269e-16,1.81774236681091e-10,1.60451192669732e-11,6.83481049534862e-16,-2.11084104572557e-16,7.93116816028873e-08,-5.09486996992312e-09,-4.61436444609831e-16,-2.58386137654607e-16,7.67499449465334e-10,4.10695814414069e-16,-1.07901321681134e-05,-8.17539343787865e-17,1.26959341295502e-16,2.88381609703237e-08,-1.83247288090133e-08,-2.16924845906943e-16,3.05749511038309e-17,-1.32554947415746e-16,1.85088800343689e-18,-9.89721771728611e-17,3.26463507251013e-17,8.43512410396181e-17,7.92467967709506e-17
"t7",-0.0788539766405515,0.0092004301489136,0.00879138851704695,-0.00606316715212302,0.140020765601496,-0.0378523547324644,-0.00064599914954677,0.0261897707821723,-0.000131028226531678,-0.00143013829286569,0.145301102677741,-0.0575352860304745,-0.0685392779671612,3.18191817301936e-05,0.000991327313616404,-0.000119895551509796,0.010885628367606,-0.000189911321421935,-0.0961369848680889,-0.00153784864263485,-0.00083599781935821,-0.0134884223547461,0.051453432849259,0.00796010946872942,-0.000181274745757704,0.240663285361291,-0.0873893999723207,0.0313908242235484,-0.00112130227340685,0.00466997546990439,-0.0121283698138092,0.016389314994101,0.0360018749482213,-0.665993831591519,0.0804827432112865,-0.013141175814852,-0.327701568950683,0.235661103186095,-0.00834782080399521,3.60173188853824e-16,0.0817587751850921,0.000526947983833181,0.00166514579945349,-6.02283008335212e-05,-0.0142036723294002,0.165454974352899,0.000379655147877599,6.7670897253306e-05,-0.00104770960105485,-7.23286162891534e-06,0.00263393916492266,-0.446463702528814,0.00832978316270697,0.000616339276840571,-0.000377509473975616,-8.08221548858064e-05,-2.75425565404245e-07,0.000145290540523404,3.09027302930007e-05,1.06754860979215e-06,-1.83096409887466e-17,-0.000621234117919067,-5.86867743271273e-07,0.000808725555749424,-2.7448596210257e-16,-9.52010192377885e-05,-9.19403442267708e-16,-8.58292043174273e-06,-2.54823564058907e-05,-0.0639854130452512,1.40529948788881e-14,6.4633614435419e-07,9.67636564027386e-05,-0.0424633545348847,1.33451802469266e-07,-4.65173891730355e-16,-2.11581176315198e-16,0.00486597251377444,1.10972361631084e-05,0.00412489586555901,-0.0336546345744778,-0.000688272476624117,2.93537132808972e-05,-8.53351051937973e-17,0.000154919865397944,0.000835352474100359,-0.000279493051588071,-6.02993603319906e-07,8.6389229103645e-16,-0.000223000251130277,2.59250728550496e-08,4.37150315946155e-16,2.69793951308654e-05,1.71893566857913e-08,-3.03576608295941e-16,6.29356112322972e-17,-2.16840434497101e-16,1.34548263401119e-08,9.78955200445762e-10,-1.28369537222284e-16,-6.89024019149712e-17,3.79429357875169e-06,-2.34835358692157e-07,3.63424568217141e-16,6.19640725482952e-17,3.05890452599275e-08,7.23321634865157e-17,-0.000358016841626681,-2.79382718772694e-18,-2.54909307438802e-16,7.47579299867351e-07,-4.43242424333357e-07,2.72721420454309e-17,3.84246435961316e-17,3.86050548563817e-17,1.72082361572697e-17,1.19940784695103e-16,-5.53079824009684e-20,-1.13006799873723e-16,3.10290184170914e-16
"t4",-0.0719733719623532,-0.00447053808722869,-0.0188674809824566,-0.00417529661330392,0.0523430742799793,-0.0118553687821714,0.000132979972230482,-0.00254010589037749,0.000130667322200311,-0.00194407456129815,0.0708982931854752,-0.0088887243216717,0.0610469204204517,-0.000203016413232387,0.0592711319585531,-0.00466257611362357,0.0202932702831859,-0.000207109742948564,-0.0696115953903448,0.0225778797558745,-0.00394621218492025,-0.0322234084382567,0.07213769873718,0.0225516026744272,-0.000213816188047067,0.2195607115379,-0.077298779908923,0.0233750316153605,-0.000323070486327867,0.0058253550229696,-0.00533438467684268,-0.0022118774092783,0.00312707416186267,-0.0470756166318839,-0.0219033959177492,0.00306913153636195,0.099058299782027,-0.0242199444689279,0.0030986585205771,1.34685438393338e-16,-0.0331031636464251,-0.000239387887998139,-0.00053719501984741,7.01639047458298e-05,0.0192932655613598,-0.220438466237129,-0.000564079245123372,-0.000101094598737835,0.00103944777837857,1.63283220171486e-05,0.0117576012867045,0.000226339608524577,0.00218562615011066,-0.00151613238361476,0.000931743710644922,0.000201563125098071,7.38562469145897e-07,-0.00204774248119038,-1.17738773470341e-05,-3.65777813028217e-06,-2.21784168842175e-16,0.00240341534733318,2.38788034393819e-06,-0.00368035698806659,-3.64746956529333e-16,0.000187122356031987,-5.3776427755281e-16,4.77461582623927e-05,0.000137360672924542,0.0987903133454284,-2.65135136068295e-14,-5.63388270278395e-05,-0.00122903490240075,0.41736290880947,-1.45695091854191e-07,2.09563977838747e-15,4.41202364736732e-16,-0.0724713560089573,-0.000268655854340728,-0.0979775555817901,0.799972606400147,0.0163783821199783,0.000364666299049829,9.67267980528706e-16,0.00703310196385229,0.0324057989119801,-0.00665462405020097,3.47846484079752e-05,-3.6802158542848e-15,0.00657037772641568,-3.03803076474282e-06,-5.55111512312578e-17,-0.00111767530324144,2.18657363971807e-06,-1.84574577843932e-15,1.2797225445628e-16,-7.74554032023644e-16,5.19584094906718e-07,3.08569387974217e-08,-1.75207071073658e-16,-3.35574057166771e-17,-0.000632739209059786,-5.55581495833212e-06,7.16440795578421e-16,-3.14400515558991e-17,6.25821872675766e-07,5.1759225751502e-17,-0.00040814674366952,-4.93419449843409e-17,-3.83313333032934e-15,1.00922023263551e-05,-5.60754725684957e-06,1.73268559074602e-17,2.32612320458801e-17,-6.20960278849613e-17,-6.92760578345083e-18,-4.4925695771553e-17,-6.86961973361694e-17,-8.7398333296993e-17,1.33899906496977e-16
"t30",-0.0809070898417882,-0.0118371788636081,-0.0585633846462562,-0.00172577369512516,0.0469465741335575,-0.0111332947727994,0.000153751586817432,-0.00315273913676378,0.000167543415595418,-0.00390012549522351,0.187735626520732,-0.0302091768092974,0.312577774443892,-0.000598013157735761,0.612343152074017,-0.0501050653951836,-0.0371393736840534,0.00028394749806139,0.0785555794461806,-0.0231656503455459,0.00399439539580949,0.0306153500672394,-0.0603647823401312,-0.0181207631460192,0.000143306548473341,-0.126753772270117,0.0439354185080844,-0.0123189716855537,-0.000300165152420844,-0.00275348884064039,0.00247824642656126,0.0132017442799374,-0.00121134665571096,0.0181843249770818,0.0136252444723641,-0.000995081726088391,-0.0349355748937956,0.00859739549823996,-0.00109804217319436,1.62198054963237e-16,0.0117166819363366,8.45964730660665e-05,0.000192179219205178,-2.84294220204632e-05,-0.0113489002570028,0.0906098519737536,0.00025217690722212,4.5426955638925e-05,0.00087205554347567,-1.95990465048643e-05,-0.652795818153432,0.000948059107375009,0.00435277047995823,-0.00114614311337646,0.000689950392518132,0.000140013847981777,3.34004530976815e-07,-0.0020381161439084,-2.93351921791616e-06,-4.85693160733333e-07,3.98276960119684e-17,0.000185599754164311,1.46676178642876e-07,-0.000130705640044401,-1.08081212788835e-15,3.86177044430858e-06,4.16333634234434e-17,1.58664905786185e-07,9.16493628139506e-09,-0.00041028663431151,3.19189119579733e-16,3.2520264277271e-07,9.74531803095772e-06,-0.0043159218031897,1.61889642096564e-09,2.38082904431155e-16,-7.63113128710248e-17,0.000850951168774884,3.24683459928418e-06,0.00120111233006479,-0.00981665748602355,-0.00020119638259959,-4.5436455478145e-06,6.09917895654578e-17,-8.53401212439094e-05,-0.00039082666428202,7.75682960110335e-05,-4.03010086807789e-07,1.06685493772574e-16,2.63889388619903e-05,3.26583275704215e-08,-4.9960036108132e-16,-1.80365955016948e-05,-1.88158794364247e-08,7.63278329429795e-17,-1.11357820334743e-16,2.17274115366095e-16,-2.89357697484937e-09,-1.35842520770684e-10,-6.93889390390723e-18,3.5627589398651e-16,-2.53349468276689e-05,1.16104556867162e-08,4.25007251614318e-17,1.12635348181189e-16,-3.18434445858214e-10,4.5935698198469e-17,-8.05488773489987e-07,4.08487994810913e-17,8.09426422154042e-17,6.4930421922807e-08,-4.47050153545153e-08,4.55322813189567e-17,1.10468878258255e-16,-3.62001886681599e-17,-2.51439210859818e-17,-7.77849788835182e-17,-1.383892798783e-16,-1.40684184953489e-16,1.36962023750469e-16
"t31",-0.0804791117068624,-0.0116427355249084,-0.0575729262519453,-0.00168168832107322,0.045278954353362,-0.010720841275518,0.000146698183228964,-0.0029970149287808,0.000158991075133979,-0.00361742067758271,0.17224705598743,-0.0275177500992706,0.282605995617362,-0.000527499313140883,0.533632393057073,-0.0436162698727979,-0.0296995685678334,0.000219829525624509,0.0589868168638372,-0.0170754321985792,0.00293581890358782,0.0221823187233257,-0.0422856998421918,-0.0125358920691253,9.24393698993375e-05,-0.0751870479085535,0.0257800379989635,-0.00679999701125993,-0.000145828222443402,-0.00132991676777079,0.00114481014820897,0.00553338766747289,-0.000414472110522139,0.00611216135166471,0.00306014780978887,-0.000217520241171315,-0.00704022354738344,0.00157230281616037,-0.000159162030223505,-2.38910842225674e-16,0.00154241700419615,9.3695612092283e-06,-1.03193382105305e-05,6.87573853476707e-06,0.00280875917653721,-0.0318858425273229,-0.0001125453109064,-2.05066002245737e-05,-0.00053379606210353,1.82350106162139e-05,0.750136877009015,-0.00115036236237056,-0.00556083632697779,0.00168258359658744,-0.00101715556352383,-0.000209205261277012,-5.55120026895576e-07,0.00401746829254636,5.93742588306202e-06,1.30119789257121e-06,-1.32124315451764e-16,-0.000667654818938138,-6.06118692000205e-07,0.000777203708026416,1.21252187632185e-15,-3.43170113336162e-05,3.29597460435593e-17,-6.88499551233043e-06,-1.85606258628962e-05,-0.0120190786586086,2.61075883134509e-15,6.51870772872925e-06,0.000131041510976906,-0.0390246790483845,1.27986409961043e-08,-5.26039125356715e-16,-1.97326199254294e-17,0.005933428571302,2.08044567852996e-05,0.00728892741943806,-0.0593094317169885,-0.00120968484537135,-2.46704977709252e-05,-1.41903549383693e-16,-0.000386125693900516,-0.00174263833061003,0.000325383182206801,-1.67604811260419e-06,2.29850860566927e-16,0.000104477169007515,1.25550290969022e-07,5.82867087928207e-16,-6.12949808335003e-05,-6.39350945670479e-08,-2.02095284951298e-16,2.48402325664688e-17,9.47592698752331e-17,-8.7836494058822e-09,-3.99017880819144e-10,3.02709246557953e-16,-4.0117391540888e-16,-7.09463184898349e-05,3.22554685917723e-08,-3.46944695195361e-17,-5.25823652574299e-17,-8.56150807746533e-10,2.33901806488489e-17,-2.07024306341126e-06,-2.41145154396743e-17,7.47049653777138e-17,1.56060491466291e-07,-1.05315713128627e-07,-8.30401613780199e-17,-1.35843576683134e-16,-5.17657790768415e-18,3.82135340890041e-17,1.0052761199595e-16,1.05319937683014e-16,-8.32864555986023e-17,1.48880590969898e-16
"t24",-0.0993696394965933,-0.0348502917256924,-0.185350835536693,0.0111470684545671,-0.0558940000329961,0.011588607837798,-8.72968879247756e-05,0.00147655674297415,-7.21203104669513e-05,0.000689386669597656,-0.0238492511277725,0.0031984921386485,-0.0290871184440362,-1.36803404265574e-05,-0.00195224901755477,-0.0321611884074731,0.000498901557418959,-8.50467274571276e-06,-0.0039514579393184,0.00149997302526188,-0.000268151047384792,-0.00243511475424417,0.00679978070692801,0.00228948252321733,-3.14916315221781e-05,0.0486324676423752,-0.0180529574012332,0.00743786357739697,0.0222477510721272,0.0042798933302249,-0.00614717933296415,-0.938821604996691,-0.00240073581482836,0.0338111539113924,0.0464387055958107,-0.000172851428032477,-0.0244483092651656,0.00622906940624255,-0.000755891516975085,-1.72424572402532e-16,0.00788027842257206,5.4877457423442e-05,0.00010354052927808,-9.39586401353605e-05,-0.223454846226231,0.00804901917193766,3.65352073777405e-05,6.61501378507433e-06,0.0223232989421806,-1.16602911365049e-06,-0.00483528294096716,-7.70116280809918e-06,-0.000103150678066224,8.09167843029909e-05,-4.97821596654926e-05,-1.08038164538925e-05,-4.04644495394117e-08,0.02735252793257,2.98497865456465e-07,1.60206486916932e-07,-9.34382191583498e-17,-9.9623379977043e-05,-9.60601645018803e-08,0.000137404879191845,1.32544301252178e-16,-6.52091666984364e-06,8.74300631892311e-16,-1.44763450960077e-06,-3.99339236162647e-06,-0.00267430995500698,1.23512311489549e-15,1.47181251680978e-06,3.02437379656913e-05,-0.00928931965467784,3.08645300558704e-09,-5.39133600615928e-17,-1.21169376426646e-17,0.00145038271582331,5.13630295400902e-06,0.00181178233213456,-0.0147506839804727,-0.000301045328796679,-6.22502083778322e-06,9.40585550501652e-17,-0.000100458011930215,-0.000454876437482793,8.66626701700318e-05,-4.48653473170439e-07,3.01841884819964e-16,0.00946595267799056,3.17592345719543e-08,-5.55111512312578e-17,-0.00175652697582871,-1.093233431863e-08,2.0122792321331e-16,4.4077102799412e-17,1.52655665885959e-16,-2.40138028285617e-09,-1.09807648745824e-10,-9.71445146547012e-17,-1.24840175574755e-16,-0.00178350806861545,8.93343629539828e-09,-1.73472347597681e-17,4.10659487753956e-17,-2.39261782261635e-10,2.94260749803488e-17,-5.8364703582614e-07,-7.48758015594764e-18,6.62447548617458e-17,4.45534036122575e-08,-3.01784435843833e-08,7.3119775142368e-17,2.52504627538196e-18,-4.0579453862396e-18,-8.90741155534109e-18,6.6167849922812e-17,2.39815214665002e-16,-6.06102734479098e-18,1.17543587701189e-16
"t39",-0.101199079316852,-0.0370304256578805,-0.197338079353156,0.0123215022170015,-0.0648947493282708,0.0135647192911153,-0.000107518748510238,0.00185956666784654,-9.182346458956e-05,0.00104418105492659,-0.0403006825773284,0.00589423881467014,-0.0595808072752699,-4.89142588096797e-05,-0.0123944951050248,-0.220889711021311,-0.000349654560283261,3.07246387805469e-06,0.000763605288727502,-0.000187804273223059,3.11544809006917e-05,0.000185457697482197,-3.89278201854957e-05,3.2478934908437e-05,-2.79508757719642e-06,0.00644281865838489,-0.00245622250136246,0.00111839941580053,0.00354353594177577,0.000681478069935302,-0.000970712366652136,-0.141183714014742,-0.000292170022985911,0.00401123031604903,0.00176982374603046,-5.58620477290149e-06,-0.000363260063654551,-3.70678435860068e-05,4.13508089261617e-05,-3.0914897344329e-16,-0.000584137443054097,-5.89430447457609e-06,-5.94525350414197e-05,0.000353328366777835,0.922603757812046,0.0784872451821212,0.000117541872065365,2.0655981177951e-05,0.040575127627956,-1.46074504722798e-06,-0.00540091681557086,-8.39346541392006e-06,-0.000110015966706775,8.19627166514253e-05,-5.03538533063003e-05,-1.08789825182805e-05,-3.94248262141777e-08,0.0254919504532313,2.76506759455696e-07,1.40643035555639e-07,-3.98222073757658e-16,-8.40298775117809e-05,-7.98567912571547e-08,0.000111001070098989,1.55226494571127e-16,-5.16098360124221e-06,-7.87998138962465e-16,-1.11126349808673e-06,-3.04375015052394e-06,-0.00201737343200279,5.56412554919561e-16,1.1053623253459e-06,2.25676416305106e-05,-0.00687458389701224,2.27744441840442e-09,-7.10014499113241e-17,-3.17584175350294e-17,0.00106761279118769,3.77636265176504e-06,0.00133159627285711,-0.0108411268883641,-0.00022125403057353,-4.58067069717733e-06,9.62554219428368e-17,-7.57192151726304e-05,-0.000344984832207053,6.98510860780049e-05,-3.69005992618773e-07,2.95553512219549e-16,0.0503719077186361,1.57828494151688e-08,-3.21791204793698e-16,-0.00115950400332135,-7.21685808329433e-09,1.21213802883879e-16,-1.57475466531211e-16,4.65664833082524e-17,-1.61434440716922e-09,-7.40278667027694e-11,-2.06865774510234e-16,2.3358491854768e-16,-0.00800525415537355,5.88508965838159e-09,1.46909394371786e-16,-1.82547194601149e-16,-1.60267488523273e-10,3.83938841409671e-18,-3.91599352343123e-07,2.03122957752532e-17,-2.13806856217197e-17,2.98824857684031e-08,-2.02351554822074e-08,-6.51845806576773e-18,-5.89755025109916e-17,5.7384221894351e-17,4.2702189147699e-17,-8.73175140719592e-17,-1.8539991964569e-16,-1.12215120101666e-16,1.33018958705851e-16
"t81",-0.102593774793922,-0.0386788985110216,-0.20639875597244,0.0132034639248376,-0.0716025263844975,0.0150356684230707,-0.000122467396656988,0.00214191029497047,-0.000106328910067175,0.00130084260902728,-0.0521015559779411,0.00781701916296619,-0.0812024833425467,-7.34072833070596e-05,-0.0195820296472497,-0.350676113742086,-0.00089247454958049,1.02664168195321e-05,0.0036122687551288,-0.00118989346593206,0.00020837837386219,0.00171610742567303,-0.00390421756421127,-0.00122746300904635,1.21138481908522e-05,-0.0135550100118497,0.00484584942664149,-0.00163552759986899,-0.00338260946860119,-0.000640495399597089,0.000816988970559653,0.0971475588847859,0.000147855992577741,-0.00198605771636195,-0.000609468361300525,1.88984321023811e-06,0.000116927837921053,1.13150624179003e-05,-1.13721225564328e-05,6.30929558979313e-17,0.000155036898081325,1.48100456963534e-06,1.0031009259111e-05,-3.95586653908359e-05,-0.102078014910842,-0.00699143928979512,-8.62678300895694e-06,-1.50017179048638e-06,-0.00211384131049012,3.70392890865375e-08,7.27760430792165e-05,8.94095870222766e-08,8.88986852715101e-07,-1.35773683414275e-07,7.42096522288183e-08,9.75555682113452e-09,-1.34440131455491e-10,0.000236999886652048,2.79172286850315e-09,2.35234555719479e-09,1.15930298301748e-16,-1.70566879204373e-06,-1.67175389969706e-09,2.23576292920913e-06,1.23120822464823e-15,-8.55242999987446e-08,7.63278329429795e-17,-2.61814010724701e-10,2.27939946157633e-08,4.88910407709818e-05,6.48786580015326e-16,-3.81895958176887e-08,-1.24990199452389e-06,0.000707035357648869,-3.04669946419577e-10,6.24710815905892e-17,-6.54595308668864e-18,-0.00018978377764145,-8.36612666600424e-07,-0.000345534550108449,0.00285148487689418,5.90741617342832e-05,1.73938256957905e-06,-8.52735050208675e-16,7.62413788182948e-05,0.000391988172200618,-0.000159934701818118,9.76563105209189e-07,-1.09634523681734e-14,-0.861180930593752,1.32999625760495e-07,4.14945855453652e-15,-0.00154671074774031,-9.61969939635072e-09,-5.48172618408671e-16,3.59483762311687e-16,-2.60208521396521e-16,-1.41306908573368e-09,-6.25547010736215e-11,4.40619762898109e-16,2.16079238396546e-15,-0.192448603254187,5.60930724612108e-10,2.19269047363468e-15,-1.26581094708825e-15,-8.38737288172756e-11,-1.33022399622388e-17,-2.12645072938944e-07,2.46886129160074e-16,1.0727371820905e-16,1.57185406426952e-08,-1.05324247309801e-08,-2.97609754171628e-17,-7.51337730802259e-17,3.38820523307819e-17,-8.88743047616719e-17,-6.84754434262595e-16,8.28232492033698e-17,6.04204980953823e-17,2.75049874832926e-16
"t125",-0.102882704144749,-0.0390172044589909,-0.208257459983758,0.0133830756877876,-0.0729571167515915,0.0153323347541633,-0.000125459928941725,0.0021982645402157,-0.000109220087442688,0.00135108340698068,-0.0543921349301788,0.00818816941860325,-0.085352261937545,-7.80217663099358e-05,-0.0209241003237437,-0.374890440055845,-0.000987887405983661,1.15040549790134e-05,0.00409281787209543,-0.0013569835437799,0.000237876256334602,0.00196864102323177,-0.00452910826904272,-0.00142966067231794,1.44135827329876e-05,-0.016506664841275,0.00591776173884534,-0.00202796379481258,-0.00431507477890841,-0.000818038036218428,0.00105275342032837,0.127432946414904,0.00020012374985265,-0.00269464992519964,-0.000863921714507401,2.68503878174511e-06,0.000167217725370694,1.62967874388483e-05,-1.66148206305089e-05,2.87504067416266e-17,0.000227640154925305,2.19149509609633e-06,1.57499110182235e-05,-6.6231453695409e-05,-0.171224853976867,-0.0121338847801886,-1.54273896165727e-05,-2.68708396468978e-06,-0.00397725881188001,7.63864894839212e-08,0.000159232200506892,1.98948277501526e-07,2.01117915387891e-06,-3.22244777262344e-07,1.76398562477462e-07,2.33031776005746e-08,-3.3441437498289e-10,0.000633105652212889,7.54605673173453e-09,7.29761242571975e-09,-1.10996005925284e-16,-6.28187025806387e-06,-6.74259661801664e-09,1.18314691942203e-05,-9.80226609919638e-17,-6.50025628382272e-07,-7.28583859910259e-17,-1.82770612643256e-07,-5.36695915848517e-07,-0.000397667872871444,-9.8879238130678e-17,2.29840912469676e-07,5.12342660324823e-06,-0.00180682469829215,6.44386217779278e-10,3.42044681609852e-17,-1.87672628601636e-16,0.000329938812748424,1.2578472636357e-06,0.000469855427564857,-0.00384483233172796,-7.89143701229769e-05,-1.88421527868611e-06,3.11174297783931e-16,-5.15787008585475e-05,-0.000253291575995865,8.36070585953277e-05,-4.93891234220454e-07,5.12957731846342e-15,0.353282288749669,-4.71294723433263e-08,-1.79023462720806e-15,0.000193302832044087,1.19992849749277e-09,3.6949610038306e-16,-4.15315237033381e-16,-6.76542155630955e-17,-1.66911376592912e-10,-1.50596929844344e-11,3.2612801348364e-16,1.72098803988906e-15,-0.329072233351488,-5.42689124172734e-09,3.06265429683705e-15,-1.43784299267346e-15,1.3719506975797e-11,4.30500426618618e-17,-1.67897206554413e-08,4.88895115783182e-18,-1.74779581775948e-16,3.52810220101418e-09,-2.70700902665899e-09,1.68759313261036e-16,8.94415967780911e-16,-2.51597883325513e-15,-7.4208035598441e-16,-0.707106781186547,9.9921952787524e-16,-1.22216850629887e-16,-2.9114797259071e-16
"t126",-0.102882704144749,-0.0390172044589909,-0.208257459983758,0.0133830756877876,-0.0729571167515914,0.0153323347541633,-0.000125459928941718,0.0021982645402157,-0.000109220087442682,0.00135108340698067,-0.0543921349301788,0.00818816941860328,-0.085352261937545,-7.80217663100217e-05,-0.0209241003237437,-0.374890440055845,-0.000987887405983646,1.15040549790203e-05,0.00409281787209542,-0.00135698354377998,0.000237876256334527,0.00196864102323184,-0.00452910826904277,-0.00142966067231779,1.44135827330479e-05,-0.016506664841275,0.00591776173884536,-0.00202796379481272,-0.00431507477890828,-0.000818038036218684,0.00105275342032833,0.127432946414904,0.000200123749852873,-0.00269464992519949,-0.000863921714507533,2.68503878170072e-06,0.000167217725370649,1.62967874387703e-05,-1.66148206305371e-05,1.26620545716297e-16,0.000227640154925381,2.19149509602359e-06,1.57499110182446e-05,-6.6231453695361e-05,-0.171224853976867,-0.0121338847801887,-1.54273896163786e-05,-2.68708396467142e-06,-0.00397725881187985,7.63864893063966e-08,0.000159232200506796,1.98948277817246e-07,2.01117915419116e-06,-3.22244777237191e-07,1.76398562613637e-07,2.33031775322698e-08,-3.34414885335911e-10,0.000633105652212579,7.54605691648258e-09,7.29761232119589e-09,2.99172590235745e-16,-6.28187025819571e-06,-6.74259661986317e-09,1.18314691942515e-05,-1.36812529595553e-16,-6.50025628333266e-07,-3.12250225675825e-17,-1.82770612841943e-07,-5.36695915569457e-07,-0.000397667872871429,-3.64291929955129e-16,2.29840912573855e-07,5.12342660339543e-06,-0.00180682469829201,6.44386273085235e-10,-2.11813170875887e-16,-2.15906732769768e-16,0.000329938812748461,1.25784726368778e-06,0.000469855427565025,-0.00384483233172794,-7.89143701226937e-05,-1.88421527835261e-06,5.60780042496996e-16,-5.15787008582966e-05,-0.000253291575995908,8.36070585945297e-05,-4.93891234564783e-07,4.95437024738976e-15,0.353282288749668,-4.71294728950632e-08,-2.37310171513627e-15,0.000193302832043254,1.19992874778084e-09,4.42354486374086e-16,-2.36391900862233e-16,-1.91686944095437e-16,-1.66911316799162e-10,-1.50599535088991e-11,1.92554305833426e-16,2.06007466066179e-15,-0.329072233351487,-5.42689110793679e-09,3.03836816817338e-15,-1.03652668839251e-15,1.37191258787334e-11,-3.56013901691418e-17,-1.67897208913637e-08,1.6837905514119e-16,2.72170895761235e-16,3.52810179161944e-09,-2.70700957656633e-09,-2.14747953230043e-16,-7.07270804391466e-16,2.2842903473426e-15,7.79301240043978e-16,0.707106781186548,-1.53965937032822e-15,-2.54136289133101e-16,5.86744493350907e-16
"t104",-0.102765478641933,-0.0388800876686561,-0.207504153442987,0.0133103393403018,-0.0724090544740956,0.0152123212332717,-0.000124250291673024,0.00217549228345495,-0.000108051960479,0.00133082295759882,-0.0534692250322702,0.00803871226062779,-0.0836821758004256,-7.61681161381109e-05,-0.0203854638554558,-0.365172860625491,-0.000949813372203092,1.10111450412134e-05,0.00390176509765778,-0.00129062073847561,0.000226162460998538,0.0018684344772941,-0.00428157568635195,-0.00134961510661555,1.35061005098736e-05,-0.015345922478033,0.00549640489357557,-0.00187404150099498,-0.00395081148218445,-0.000748693454209026,0.000960782189831701,0.115647566010356,0.000179869382655109,-0.00242014981029114,-0.000765904771422181,2.37881382681836e-06,0.000147867295665511,1.43816263234661e-05,-1.46028866203868e-05,2.41752730645267e-17,0.000199794924212425,1.919260495678e-06,1.35738632675692e-05,-5.61543342986209e-05,-0.145106048086439,-0.0101983865355566,-1.28756064590441e-05,-2.24179211643826e-06,-0.00328152433771255,6.18182169960404e-08,0.000127381886001217,1.58649787255355e-07,1.59888139201342e-06,-2.53989208677183e-07,1.38997840650606e-07,1.83466396018548e-08,-2.61470492093124e-10,0.00048933726923917,5.82181247134328e-09,5.51943272154371e-09,-4.32578212445674e-17,-4.65138311048219e-06,-4.94352316118038e-09,8.46296004949551e-06,-1.10118466203336e-15,-4.53895457898888e-07,5.06539254985228e-16,-1.20823426521486e-07,-3.48280542355328e-07,-0.000249430378837858,7.63278329429795e-17,1.41549664315017e-07,3.05285482069728e-06,-0.00101113866740997,3.48266199841207e-10,6.22891402789148e-17,2.6439625107472e-16,0.000170657074230241,6.25907275846043e-07,0.00022680957325453,-0.00185098597960674,-3.78770936907895e-05,-8.38319478104095e-07,-1.70552626014809e-16,-1.79388177855471e-05,-8.53622315140357e-05,2.37913883456842e-05,-1.36323075294436e-07,1.40512601554121e-16,0.0777947145378929,-8.47626211456171e-09,2.77555756156289e-16,-1.75517427236354e-05,-1.09451765278054e-10,-2.98372437868011e-16,3.48864497072918e-16,8.48279779752659e-16,1.24443414909825e-10,1.78493718913528e-11,-5.10008701937181e-16,-6.11903358241942e-15,0.863896859367543,1.68363353961545e-08,-8.15320033709099e-15,4.00612335561049e-15,-1.15949932706465e-10,1.92744243287602e-16,-1.83135890820252e-07,-3.60208012646966e-16,-1.25482043718104e-16,1.13526042039291e-08,-7.48185459073514e-09,9.72844406137565e-17,-4.85210578921968e-17,-6.09032299990077e-18,-2.86524327950089e-17,-2.89607598828976e-16,3.94803364779593e-16,-1.64313932434321e-16,2.80046347649364e-17
"t67",-0.102521013678753,-0.0386061154821838,-0.206002251411174,0.0131715899443685,-0.0714322163022775,0.0150010689241114,-0.000122299292167971,0.00214034781246855,-0.000106290315204086,0.00131395427464927,-0.0532162081892395,0.0080779431407517,-0.0854553452803056,-9.85050595036352e-05,0.0325699636966723,0.231155677810969,-0.00072906792896463,8.35635624552716e-06,0.0029089365854845,-0.000950113443147538,0.000166150787493033,0.00135819870582486,-0.00302973358349439,-0.000944971145404823,8.86351728699092e-06,-0.00917508956306275,0.00324067923202667,-0.00100496004010114,0.256303894146168,-0.00135229634190854,0.000615195312077759,0.056461479895077,6.05017729725185e-05,-0.000782989516399287,0.000184717424010599,-8.59838412509747e-07,-0.000185725755556473,6.29764722292164e-05,-1.07081179996408e-05,6.17813133435605e-17,0.000120316575117605,9.1495874907053e-07,1.4591829126556e-06,1.90684792720297e-06,0.0047377003203358,-0.00137413028279514,-1.11311356895072e-05,-2.11079277733723e-06,-0.509757337156348,-5.98333199422409e-07,-0.0020946915709622,-3.28834008802084e-06,-4.38968024927058e-05,3.62553407637373e-05,-2.23802864002557e-05,-4.91380188308364e-06,-2.16801142059442e-08,0.107407864558702,-9.47550934289783e-07,1.44007878690692e-08,1.04882076963639e-15,-1.60499103059562e-05,-1.66634864205875e-08,2.60620109468097e-05,-8.45201734947822e-16,-1.2871024877804e-06,-7.45931094670027e-16,-2.97266366899397e-07,-8.25385551583193e-07,-0.000556814978427194,1.28369537222284e-16,3.07096558633136e-07,6.31960230970181e-06,-0.00193427423415791,6.39702654837269e-10,-1.29082516121324e-16,-1.67746322308159e-16,0.000298199179901624,1.04670743476867e-06,0.000366273569054127,-0.00297978256199484,-6.0762600165238e-05,-1.22658647782378e-06,2.50273166489675e-16,-1.77085341380304e-05,-7.87560668067747e-05,1.33950831990755e-05,-6.77051277606219e-08,2.09034178855205e-15,0.000901722556942834,3.03294570781396e-09,-2.32452945780892e-15,0.725716623195224,-2.57271449770003e-06,-3.66200125778704e-15,7.39290615468192e-16,-1.77202003071031e-15,-1.03728196581968e-09,-4.34523014586761e-11,6.24500451351651e-17,1.51935415004574e-15,-0.000513018817297521,3.24791078233633e-09,-3.85108611666851e-16,-7.04995823759559e-18,-8.43487713486288e-11,-9.10721225074344e-17,-2.00207981575218e-07,-9.39572445840425e-17,2.26959364981998e-16,1.49684051820032e-08,-1.01092377177703e-08,2.30259624147228e-17,-2.05683140867189e-17,-1.61742038107388e-16,-7.31343439625119e-17,2.8670986357277e-16,-4.04832522736664e-16,-2.17395847870579e-16,1.12766324448901e-16
"t68",-0.102565224911348,-0.0386576003090745,-0.206285052873548,0.0131988140510786,-0.0716367597608251,0.0150458430132097,-0.000122749839581519,0.00214882646764188,-0.000106725187482848,0.0013215283984543,-0.0535640813324246,0.00813483063560377,-0.086101440873526,-9.94136663808572e-05,0.032896217852268,0.233487722582689,-0.000740164334170274,8.49845884016293e-06,0.00296307178211825,-0.000968686079376696,0.000169422458556901,0.00138589748433011,-0.0030963704891779,-0.000966296685017923,9.09032111100824e-06,-0.00943963430882891,0.00333539079054174,-0.00103644712872623,0.2653286387082,-0.00140013196785288,0.000637694257772343,0.0586612755023515,6.31095690724853e-05,-0.000816986480447788,0.000193781595259303,-9.02283524243687e-07,-0.000195048107890464,6.61940056801641e-05,-1.12744366061535e-05,8.95709194002703e-18,0.000126754447240748,9.64799251529163e-07,1.5492052413712e-06,2.03882053322295e-06,0.00506661005039225,-0.00147482610904805,-1.19837470668097e-05,-2.27284405724059e-06,-0.551593131981634,-6.53062322452248e-07,-0.00229831183277169,-3.61321599086015e-06,-4.83014401084156e-05,4.00512533247337e-05,-2.4726544713416e-05,-5.43108906701545e-06,-2.40392859999535e-08,0.119737719829429,-1.05723102822655e-06,1.62194323447798e-08,9.74343281058309e-16,-1.82625294036787e-05,-1.90521108456926e-08,3.01641177764822e-05,-5.17556593488761e-16,-1.50790524597409e-06,-4.92661467177413e-16,-3.58348341806191e-07,-1.00493595791589e-06,-0.000690721154333992,-6.24500451351651e-17,3.84879527115284e-07,8.07147092039313e-06,-0.0025646072692333,8.66693232861535e-10,1.50727996214297e-16,2.14177369802467e-16,0.000415542864898338,1.49650605124378e-06,0.000534630031400786,-0.00435755096457873,-8.90428451396779e-05,-1.89785577624918e-06,-3.32264787902363e-16,-3.35544327250306e-05,-0.00015364966412066,3.10425033137815e-05,-1.62344296833071e-07,-1.92901250528621e-15,0.00288849249873152,1.3603142347225e-08,2.27595720048157e-15,-0.687789168487439,2.42924293060288e-06,3.65332764040716e-15,-7.20258501738025e-16,1.83186799063151e-15,-3.08424112394371e-10,-1.83067532860063e-11,3.81639164714898e-17,-1.9103352087363e-15,-0.000280775168532933,1.83198436195381e-09,9.5062846483529e-16,-1.30116121499527e-16,-5.26244349745991e-11,1.17399263671102e-16,-1.3775487012202e-07,1.23335241317728e-16,-1.39968226863414e-16,1.13454865953433e-08,-7.83163352571781e-09,-1.97079065317699e-17,1.03984304947988e-16,6.20395035721174e-17,-3.72167409348807e-18,-4.51462978400189e-16,4.317640500738e-16,-1.48690969831823e-16,1.97094039340386e-16
"t91",-0.10279581401548,-0.038930375303119,-0.207784410347898,0.0133449248271782,-0.0727501966121464,0.0152901012261159,-0.000125238860929472,0.00219590231943512,-0.000109145431990466,0.00136500033852003,-0.0555898398889513,0.00846928535174586,-0.0899377232095871,-0.000104985541551152,0.0349285365922415,0.248035338707826,-0.000817180938209791,9.52441845460117e-06,0.00336848143061121,-0.00111085429387507,0.000194550956192065,0.00160223134262431,-0.00363752555350458,-0.00114197255351805,1.11109415326467e-05,-0.0120196452752433,0.00426971933601763,-0.00136740584096315,0.37303611842821,-0.00197426872417814,0.000919472705524933,0.0888070581048431,0.00010572401691187,-0.00138076401360903,0.000397311243666325,-1.87302335290598e-06,-0.000420020982988808,0.000148748519388651,-2.78983200672348e-05,-3.65211814045199e-17,0.000325596373282555,2.63967632720987e-06,1.01677154638415e-05,-1.23942491100381e-05,-0.0288616101833821,0.00367869914004817,1.85700257325011e-05,3.44409675047609e-06,0.456445101733842,1.98442359434673e-07,0.000317984588500645,3.71303123518352e-07,3.44489734285802e-06,1.53315078426156e-07,-1.46082241145665e-07,-6.76579907049699e-08,-1.45864526106204e-09,0.0150798394380023,-1.42626153065012e-07,3.47859443348617e-09,-8.20195338340004e-16,-5.00880186517574e-06,-5.64171693773717e-09,1.02412757191743e-05,1.36203972108905e-15,-5.59096975609637e-07,-2.84494650060196e-16,-1.49641869190856e-07,-4.30598830539457e-07,-0.000306845458801788,2.81025203108243e-16,1.73552262570888e-07,3.71744624706272e-06,-0.00121201224940172,4.13160464410129e-10,-5.11546923006378e-17,-4.84941426010618e-16,0.000199469225420093,7.20677921058182e-07,0.000257729700805612,-0.00210072502287271,-4.29278160441574e-05,-9.12843699899489e-07,3.24716572236856e-17,-1.55986858115893e-05,-7.09837659256564e-05,1.38049175730584e-05,-7.16543262200306e-08,-3.43475248243408e-16,0.0012004384088014,5.334014260597e-09,2.4980018054066e-16,-0.0103277852015149,3.35812022723221e-08,1.80411241501588e-15,6.33023951372406e-16,2.90652918399914e-15,-4.32482132436051e-10,-2.01695087650463e-11,-1.76109127281165e-14,-0.707106781186548,-0.00026433420827317,1.69672183941705e-09,-1.04777297948999e-15,3.33624644451666e-16,-4.63046185596172e-11,-9.70466872817616e-16,-1.16088205069642e-07,1.02966310855679e-16,-1.64687337189359e-16,9.25164633444608e-09,-6.35180354494058e-09,2.02233332231418e-16,-3.47317290372899e-16,-8.80250219923992e-17,-7.59852451394682e-17,1.86835092059833e-16,1.08914799416967e-16,1.08791626580361e-17,2.97517663995902e-16
"t92",-0.10279581401548,-0.038930375303119,-0.207784410347898,0.0133449248271782,-0.0727501966121464,0.0152901012261159,-0.000125238860929463,0.00219590231943511,-0.000109145431990445,0.00136500033852003,-0.0555898398889513,0.00846928535174584,-0.0899377232095871,-0.000104985541551152,0.0349285365922414,0.248035338707826,-0.00081718093820981,9.52441845460117e-06,0.00336848143061121,-0.00111085429387515,0.000194550956192171,0.00160223134262433,-0.0036375255535046,-0.00114197255351802,1.11109415326467e-05,-0.0120196452752433,0.0042697193360176,-0.0013674058409631,0.37303611842821,-0.00197426872417798,0.000919472705525072,0.088807058104843,0.000105724016912041,-0.00138076401360913,0.000397311243666875,-1.8730233528213e-06,-0.000420020982988724,0.000148748519388816,-2.78983200671652e-05,2.38784672170184e-16,0.000325596373282701,2.63967632740982e-06,1.01677154641859e-05,-1.23942491099761e-05,-0.0288616101833825,0.00367869914004811,1.85700257325149e-05,3.44409675050716e-06,0.456445101733841,1.98442359394504e-07,0.000317984588501159,3.71303123743866e-07,3.44489734256659e-06,1.53315078535443e-07,-1.46082240965253e-07,-6.76579906988984e-08,-1.4586455255341e-09,0.0150798394380022,-1.4262615257582e-07,3.47859443362847e-09,-1.72521653491542e-16,-5.00880186492594e-06,-5.6417172241224e-09,1.02412757191361e-05,1.89372395063648e-16,-5.59096975293917e-07,-2.77555756156289e-17,-1.49641869347537e-07,-4.30598830175111e-07,-0.000306845458801378,-5.96744875736022e-16,1.73552262677485e-07,3.71744624700511e-06,-0.00121201224940196,4.13160965369051e-10,-1.12845609191686e-16,3.83053659770686e-16,0.000199469225419593,7.20677920765886e-07,0.000257729700805407,-0.00210072502287266,-4.29278160458272e-05,-9.12843699035597e-07,-2.6699363856197e-17,-1.55986858107683e-05,-7.09837659262531e-05,1.3804917572708e-05,-7.16543253973109e-08,8.67361737988404e-17,0.00120043840880284,5.33401483467528e-09,-1.11022302462516e-16,-0.0103277852015186,3.35812020699558e-08,-1.65145674912992e-15,-7.68556482700428e-16,-2.73479155987744e-15,-4.32482737014288e-10,-2.01687768269359e-11,1.7430501486615e-14,0.707106781186548,-0.000264334208263771,1.69672465747533e-09,1.05644659686988e-15,-4.51189708775104e-17,-4.63039048293271e-11,1.09466375008454e-15,-1.16088204347997e-07,-9.61885914186756e-17,2.12217065049172e-16,9.25164793386113e-09,-6.35180264288437e-09,-1.50706529870591e-16,2.17385613139067e-16,1.24631174804858e-16,5.74992818921404e-17,-2.07799518766927e-16,8.68128462931053e-17,-1.52440258654586e-16,-1.42420886848723e-17
"t48",-0.102312998854766,-0.0383619260118126,-0.204660473608284,0.0130416249462462,-0.0704488457736641,0.0147855810048606,-0.000120117520999255,0.0020991899796709,-0.000104176914043997,0.00127660594923768,-0.0514894080234005,0.00779434163612752,-0.0822202039637527,-9.38921696814447e-05,0.0309029421725137,0.219233075084104,-0.000670195450852436,7.59488825011201e-06,0.00261689723241918,-0.00084966160062978,0.000148450532557742,0.00120820121144777,-0.00266937996164561,-0.000829885177494782,7.68029195439006e-06,-0.00798294806484278,0.00282982050929005,-0.000922547251420451,-0.247890321828263,0.000653456986986403,0.000182702627352494,0.0266427189591733,2.8723896781465e-05,-0.000368962072676195,6.70145461659959e-05,-3.05161664822511e-07,-6.15157238285846e-05,1.90901249400707e-05,-2.54399910883996e-06,2.07915564296314e-17,2.54348468641495e-05,1.52081024635821e-07,-1.00088209014368e-06,3.00707564808971e-06,0.00709739651282864,-0.00106685411112361,-5.42743384484983e-06,-1.00232891844184e-06,-0.066771505358579,3.18016109185172e-07,0.0023437857707663,4.36837793703349e-06,6.84850537165868e-05,-8.8060648716989e-05,5.51240946913773e-05,1.26575473310987e-05,8.16155394111726e-08,-0.898425818115363,9.38348497449282e-06,2.82911535190944e-07,-1.20579477021968e-15,-0.000105385944269166,-8.90579382631403e-08,0.000102956045464331,-1.70450789274482e-15,-4.31380721563693e-06,2.64371857738865e-15,-8.19524224594256e-07,-2.18863931846384e-06,-0.00140087869061356,1.24553145575135e-15,7.56551215296649e-07,1.51258794833098e-05,-0.00447958662524239,1.46689836395499e-09,2.48779644843472e-17,-4.06654245619289e-16,0.000679365319851286,2.38129018627957e-06,0.000834295922679115,-0.00678866118712669,-0.000138464229733223,-2.8259183208236e-06,-3.28004987501741e-16,-4.45005995051593e-05,-0.000201078180145845,3.79291301368587e-05,-1.95994616125254e-07,7.32053306862213e-16,0.00319790150203742,1.39721799051498e-08,2.77555756156289e-16,-0.00690929656265892,1.71003921902715e-08,6.24500451351651e-17,-1.12594478295441e-18,-6.41847686111419e-17,-1.01330405686011e-09,-4.62273923177906e-11,7.97972798949331e-17,-9.21063885560916e-17,-0.000587269865433977,3.7501589863001e-09,-2.9316826744008e-16,1.01663456654319e-16,-1.00183455606882e-10,1.80273483770692e-16,-2.43842129814265e-07,1.11184753597864e-16,-6.39722524103153e-17,1.85803620614267e-08,-1.25836959481013e-08,-2.79293842133043e-17,-2.52869096109265e-17,-3.3762702649691e-17,-2.94458898186863e-17,-1.44370001596776e-16,8.21652602947994e-16,-1.04276702908405e-16,1.01523916147185e-16
"t127",-0.102828611560586,-0.0389694481129016,-0.207999250846935,0.0133659866287388,-0.0729119042004311,0.015325618113626,-0.000125603411487211,0.00220281811548446,-0.000109501500251867,0.00137152887765407,-0.0558973616085222,0.00852044098037063,-0.0905292801183499,-0.00010587011012001,0.0352562697343489,0.250384757996173,-0.000831447082943651,9.72741348603812e-06,0.00345449953736361,-0.00114244754179269,0.000200176906249955,0.00165255216202814,-0.00377638217711291,-0.00118886179289681,1.18078604030762e-05,-0.0133711284799765,0.00479311289625103,-0.00166469450945254,-0.511635925608227,0.0013571324043543,0.000397960338436469,0.064476591201719,8.715923802351e-05,-0.00114252823461577,0.000336933949987029,-1.58829107053536e-06,-0.000355934549598297,0.00012586670974235,-2.3485403124893e-05,-9.64366445615597e-17,0.000273427169794706,2.20690349047846e-06,7.99618368390589e-06,-8.42571557157957e-06,-0.0194981632584959,0.00214450928321315,8.73714297562137e-06,1.59608747742983e-06,0.0789425579755929,-2.43657548497142e-07,-0.00142532899023763,-2.49904090150743e-06,-3.69520647881816e-05,4.04374491824993e-05,-2.51872954177878e-05,-5.6923469954086e-06,-3.22977211662188e-08,0.287256425589721,-2.8996073343137e-06,-5.95614797790128e-08,8.35385364828925e-17,1.39114867301893e-05,9.09644009919883e-09,-4.17495822131395e-06,3.77680611587555e-16,-2.66685696919886e-08,-7.7715611723761e-16,-6.71221332691128e-08,-2.21263534225268e-07,-0.000183033249442994,-4.44089209850063e-16,1.09046377084598e-07,2.49774445234607e-06,-0.000879325165130241,3.08059883943845e-10,2.04561649015204e-18,1.91908139312139e-16,0.000152608469869461,5.60983808401142e-07,0.000202847384347493,-0.00165486418196167,-3.38499370839652e-05,-7.3461912962914e-07,2.5981864116577e-16,-1.29950169208914e-05,-5.92896547226985e-05,1.16511052801471e-05,-6.05588431415991e-08,-1.07552855510562e-16,0.00102200097845596,4.55749752124651e-09,-2.63677968348475e-16,-0.00246055915298428,6.09040758960382e-09,-6.59194920871187e-17,7.15957614282419e-17,9.36750677027476e-17,-3.92228835768469e-10,-1.83427742684136e-11,2.25514051876985e-16,-8.17478500217511e-17,-0.000241671648778118,1.55271810079599e-09,4.97865637605344e-16,-4.30475577643645e-17,-4.25429322846449e-11,-3.86940253351408e-16,-1.07253324201084e-07,-3.66058210754975e-16,-4.11840254374767e-17,8.61800372731203e-09,-5.93101523969908e-09,6.74708177553351e-17,-7.85081064688094e-16,-3.77676495575645e-17,-1.87563685098779e-15,-1.01076776120464e-15,-0.707106781186548,6.28125447771803e-16,8.73289698691298e-16
"t128",-0.102828611560586,-0.0389694481129016,-0.207999250846935,0.0133659866287388,-0.0729119042004311,0.015325618113626,-0.000125603411487211,0.00220281811548446,-0.000109501500251876,0.00137152887765407,-0.0558973616085221,0.00852044098037064,-0.0905292801183499,-0.000105870110119983,0.0352562697343489,0.250384757996173,-0.000831447082943719,9.72741348595485e-06,0.00345449953736366,-0.00114244754179269,0.000200176906249917,0.00165255216202821,-0.00377638217711301,-0.00118886179289671,1.18078604030459e-05,-0.0133711284799764,0.00479311289625096,-0.00166469450945248,-0.511635925608228,0.00135713240435426,0.000397960338436339,0.0644765912017192,8.71592380236004e-05,-0.00114252823461584,0.000336933949986928,-1.58829107064064e-06,-0.000355934549598264,0.000125866709741895,-2.3485403124841e-05,-4.0861736867881e-17,0.000273427169794671,2.20690349059889e-06,7.99618368377795e-06,-8.4257155714641e-06,-0.0194981632584959,0.0021445092832131,8.73714297553427e-06,1.59608747734005e-06,0.0789425579755931,-2.43657548702246e-07,-0.00142532899023758,-2.49904090142417e-06,-3.69520647880914e-05,4.04374491825982e-05,-2.51872954175787e-05,-5.69234699568703e-06,-3.22977208632626e-08,0.287256425589722,-2.89960733410033e-06,-5.9561479470808e-08,6.32974142215707e-17,1.39114867302517e-05,9.09644060117427e-09,-4.17495822143885e-06,7.8717732896742e-16,-2.66685698255623e-08,-6.1409211049579e-16,-6.7122132988047e-08,-2.21263534338757e-07,-0.000183033249442922,2.42861286636753e-17,1.09046376795421e-07,2.49774445229823e-06,-0.000879325165129903,3.08059660445308e-10,-5.65314479613419e-17,-2.8581932886284e-17,0.000152608469869208,5.60983808232132e-07,0.000202847384347183,-0.00165486418196184,-3.38499370840096e-05,-7.3461912930041e-07,7.38011516223831e-17,-1.29950169211247e-05,-5.92896547228841e-05,1.16511052794567e-05,-6.05588431304589e-08,9.8879238130678e-17,0.00102200097845623,4.55749754918504e-09,-1.2490009027033e-16,-0.00246055915298358,6.09040743629764e-09,-1.90819582357449e-16,-1.17410332526386e-16,-3.20923843055709e-17,-3.92228685335417e-10,-1.83433682163865e-11,-3.46944695195361e-18,2.35039942127489e-17,-0.000241671648778084,1.55271851496122e-09,-4.59701721133854e-16,6.37887179856039e-18,-4.25429052880108e-11,3.37591082090557e-16,-1.07253324242718e-07,2.51502654189493e-16,4.15983769777145e-17,8.61800338036733e-09,-5.93101492050996e-09,-1.15922437255521e-17,9.51240795297356e-16,-5.60907179998577e-17,1.87126479998397e-15,1.22393829079314e-15,0.707106781186547,-8.14715986279883e-16,-5.17130098361375e-16
"t28",-0.090697149498483,-0.023706618827877,-0.123865516137842,0.0047221168858371,-0.00244837683845051,-0.000302802732973247,4.47776688839848e-05,-0.00111445925200837,6.3461069036939e-05,-0.00247985631324788,0.148029712498135,-0.0285983187800422,0.387096352118873,0.00106449793089351,-0.291128911378622,0.0323396908497907,-0.00660517741824939,5.82448941961839e-05,0.0170319121193862,-0.0050965367190895,0.000879972600022269,0.00676968214802666,-0.0132509767964818,-0.00394891800884438,2.89502854938493e-05,-0.0217751340148182,0.00734406113175752,-0.00170132739180053,-0.000164809830221326,-0.000148120086334908,3.9463885306646e-05,-0.00692174328668643,0.000401579622197126,-0.00675097574185642,-0.827041009585712,-0.0183043543693528,-0.146128080203058,0.0206201750971889,-0.00152010825210448,-8.70858667796572e-16,0.0143613154530783,8.88895790101106e-05,0.00010894063948986,-1.45494842950117e-05,-0.0134593254579952,0.0285944332835628,6.86841876958155e-05,1.22689550534109e-05,0.00187509313991489,-1.65503393757748e-06,-0.00664071206999409,-1.04991196779375e-05,-0.000139651036216246,0.000107230113042538,-6.59188711202157e-05,-1.4268636357807e-05,-5.18615624391464e-08,0.00278173810739838,7.59480293721377e-07,2.25788381856988e-07,-1.54184997801165e-15,-0.00013739597981366,-1.31939246443631e-07,0.000187747928743749,-4.60825066850746e-16,-8.89283569971208e-06,4.92227786308419e-17,-1.97326109018756e-06,-5.4451466588542e-06,-0.00364952062112846,6.83372629317613e-16,2.00951594131691e-06,4.1330362503683e-05,-0.0127150977123297,4.22800978725587e-09,-6.27331408798551e-17,-2.11305686912031e-16,0.00198851943119942,7.04642982016726e-06,0.00248657113221854,-0.020245157128406,-0.000413196209237388,-8.54971243073745e-06,-1.03218095992118e-16,-0.000137772180099578,-0.000623377890978264,0.000117726029037122,-6.07484687104316e-07,2.59015899006787e-16,0.000830391791815865,4.59836955149358e-08,8.45677694538693e-17,-0.000217201556572689,-2.33620787998985e-08,3.36861614991246e-16,-6.92446926625559e-17,2.31477163825655e-17,-3.38617970701564e-09,-1.54987516103206e-10,1.68918698473242e-16,1.3937555852681e-16,-0.000188097398338921,1.26905746977669e-08,-4.412702842016e-17,-2.12306719690702e-17,-3.39585559823284e-10,1.24179166627593e-17,-8.30403494485061e-07,1.92584055614948e-17,8.32586817612029e-17,6.36901103083249e-08,-4.32101136427655e-08,3.82507741653509e-17,-8.06548929938054e-17,-5.85698284974055e-17,-2.54528036804076e-17,-1.6062506358077e-16,-1.12803180386752e-17,-5.78428423916433e-17,1.01311843833924e-16
"t43",-0.0910811668022219,-0.0240248821338163,-0.125579204772437,0.00482243345393761,-0.00252211859045534,-0.000312342865325926,4.65555134544355e-05,-0.00116243871721448,6.62940093683595e-05,-0.00264418498297955,0.159435998077598,-0.0310123572464612,0.422794728880175,0.0011914409119119,-0.329940321802213,0.0366933892808943,-0.00826299388298269,7.60382206880378e-05,0.0232233213861203,-0.00714727339603414,0.00123960115696722,0.0097564686020735,-0.0202294999034536,-0.00616761109958256,5.22838915444413e-05,-0.049424826625671,0.0172753516451192,-0.00508708299102696,-0.00134102772156558,-0.00131743653064725,0.00130393734915354,0.0419718551610714,-0.000613203264007835,0.00958869988536246,0.37769734556666,0.00788288166475067,0.0530907916753905,-0.00617510681916434,0.000293788714679454,5.40946390424694e-16,-0.00232535121172468,-1.04538505478216e-05,1.1340158275924e-05,-3.33680989931519e-06,-0.00312336729306251,0.00787816306438671,2.10263098789474e-05,3.77405043727099e-06,0.000650272716293814,-6.57991281989209e-07,-0.00279425958126049,-4.47724548310359e-06,-6.02836430685875e-05,4.77340794576625e-05,-2.93701458395556e-05,-6.37522130358665e-06,-2.36690961847957e-08,0.00130903501134106,3.58970302270605e-07,1.11207766256988e-07,-0.707106781186546,-7.00137351769166e-05,-6.81284261455421e-08,9.96798434495377e-05,3.09595723738384e-16,-4.82449338384339e-06,7.28583859910259e-16,-1.10970896731824e-06,-3.09084181032128e-06,-0.00210183927924246,1.00180280737661e-15,1.16507890989666e-06,2.42151218296998e-05,-0.00756799679004579,2.53419941645992e-09,8.71391502379072e-17,-4.95587977177352e-16,0.00120089095189625,4.27961358907995e-06,0.00151615434548972,-0.0123482933904155,-0.000252115887234839,-5.25917127967629e-06,1.59584738724906e-16,-8.61992947922679e-05,-0.000390618392408338,7.42582596958436e-05,-3.83556012062603e-07,2.77555756156289e-16,0.000527307101006537,2.93048293609338e-08,-2.84494650060196e-16,-0.000140708165102131,-1.51347682891042e-08,-1.76074432811646e-16,-1.90934378499255e-17,1.85181731060524e-16,-2.23176064146458e-09,-1.02709119218816e-10,1.00613961606655e-16,4.88016244859109e-16,-0.000125693879960645,8.49250985485682e-09,-5.11743425413158e-17,1.37712771244403e-17,-2.28630616283705e-10,1.4861406161888e-16,-5.63986386519638e-07,-9.3470630252528e-17,1.08658670712476e-16,4.38634157363949e-08,-2.98899940631703e-08,1.8038322542457e-17,-5.52298772321292e-17,-1.82315818627933e-17,5.05363341775235e-17,1.63237934720908e-16,-1.10061976188013e-16,-8.99588937065054e-17,1.02898742266812e-16
"t44",-0.0910811668022219,-0.0240248821338163,-0.125579204772437,0.00482243345393761,-0.00252211859045532,-0.000312342865325954,4.65555134544686e-05,-0.00116243871721443,6.62940093683763e-05,-0.00264418498297959,0.159435998077598,-0.0310123572464613,0.422794728880175,0.00119144091191189,-0.329940321802213,0.0366933892808943,-0.00826299388298269,7.60382206880031e-05,0.0232233213861203,-0.00714727339603416,0.00123960115696727,0.00975646860207359,-0.0202294999034536,-0.00616761109958278,5.22838915443097e-05,-0.049424826625671,0.0172753516451193,-0.00508708299102685,-0.00134102772156542,-0.00131743653064731,0.00130393734915329,0.041971855161071,-0.000613203264007914,0.00958869988536237,0.377697345566658,0.00788288166475075,0.0530907916753894,-0.00617510681916449,0.000293788714679433,2.25010827892774e-16,-0.00232535121172448,-1.04538505483393e-05,1.13401582758988e-05,-3.33680989860532e-06,-0.00312336729306205,0.00787816306438666,2.10263098792377e-05,3.77405043709557e-06,0.000650272716295865,-6.57991281628014e-07,-0.00279425958126018,-4.4772454829492e-06,-6.02836430671563e-05,4.77340794576868e-05,-2.93701458388518e-05,-6.37522130304011e-06,-2.36690970550169e-08,0.00130903501133922,3.58970300051893e-07,1.11207762083189e-07,0.707106781186548,-7.00137351796939e-05,-6.81284252328455e-08,9.96798434489323e-05,6.56626005200978e-17,-4.82449338603348e-06,-9.29811783123569e-16,-1.1097089670401e-06,-3.09084181081119e-06,-0.00210183927924261,-3.07046055247895e-16,1.16507891022827e-06,2.42151218291605e-05,-0.00756799679004588,2.53419923904173e-09,-2.31116555212061e-16,5.43412578900088e-16,0.00120089095189688,4.27961358951694e-06,0.00151615434548936,-0.012348293390415,-0.000252115887234453,-5.2591712795696e-06,-1.26355886214457e-16,-8.61992947921934e-05,-0.000390618392408477,7.42582596959737e-05,-3.83556012229083e-07,-6.93889390390723e-18,0.000527307101006583,2.93048289740159e-08,5.55111512312578e-16,-0.000140708165102412,-1.51347685420553e-08,-1.24032728532342e-16,3.14770584530678e-17,-2.23779328401008e-16,-2.23176045520542e-09,-1.02709089314741e-10,-6.07153216591882e-17,-6.36086417842243e-16,-0.000125693879960546,8.49250951376682e-09,-1.64798730217797e-17,7.82000470420922e-17,-2.28630795664955e-10,-2.38100793909535e-17,-5.63986386495352e-07,1.30776851110078e-16,-9.44788344139159e-17,4.38634156687406e-08,-2.98899940059244e-08,-4.9539852797029e-17,9.27684633543435e-17,-6.20632076507165e-18,-1.0092626592879e-16,-7.41645140692755e-17,-3.65324935836785e-17,-1.91238050385861e-16,2.27379496324658e-16
"t3",-0.0690679355506729,-0.00288707624038011,-0.00570688507687858,-0.00565268477899892,0.060578979047339,-0.0134210209481865,0.000178097377523512,-0.00283181480597009,0.000158859171687766,-0.00213111836357143,0.0715967651297996,-0.00836306556779048,0.046288037577736,-0.000272139507517379,0.0541072001890849,-0.00426794721148336,0.0299674197831104,-0.0002958848759557,-0.100787451986499,0.0341793011517747,-0.0055215352932615,-0.0484931804328449,0.108184305007899,0.0356286840521486,-0.000334172717661613,0.353082533149188,-0.124764522308857,0.0384944809629591,-0.0010130230777344,0.0105195169827595,-0.0092027340078727,0.0105933324156793,0.00551250905628189,-0.0813161372137022,-0.0382870673384262,0.00698265851906424,0.221525684869821,-0.056022969818821,0.00714458754737137,5.70923394402923e-16,-0.0769685666175823,-0.000564401330089105,-0.0012903864506767,0.000215307626721261,0.0503177838914266,-0.761193569597736,-0.00212792546647213,-0.000383254790092581,0.00865272650131136,0.000105042458550804,-0.10261684358293,0.00403918182400688,0.0464324104925726,-0.0327052720598349,0.0205407547713539,0.00478077706773567,4.72113714933726e-05,0.00594362616094713,0.000146866986493097,3.06925069082937e-05,2.70930249051138e-17,-0.0114535986521928,-9.43542936830234e-06,0.0100969652229351,3.72220430528318e-16,-0.000341318087502809,1.71043734731313e-15,-6.33447345216404e-05,-0.000160749658291539,-0.0884523818811924,2.06726996632156e-14,4.98462280592169e-05,0.000913618579419731,-0.230851860296911,-5.36766936555919e-09,-1.18377112878229e-15,-3.6448739047759e-16,0.0309023198250866,0.000103993790092211,0.0342762745001598,-0.277442735145718,-0.00562589160975033,-0.000103166915727754,-2.43215761254327e-16,-0.00115845249818847,-0.00501462112470761,0.000747718252857688,-2.64415685289994e-06,5.63785129692462e-16,-0.00132368621421795,4.29281084410805e-08,-2.77555756156289e-16,0.00014645201793224,1.88199214321951e-07,2.39391839684799e-16,-1.07717069068813e-16,2.12503625807159e-16,9.43043395992875e-08,6.47132195504606e-09,2.25514051876985e-17,4.26055575626881e-17,1.83602738469128e-05,-1.43339507873612e-06,-6.60929644347164e-16,1.4016548959457e-17,1.79373131279834e-07,6.89335785626129e-17,-0.000109488151106084,5.09008946513802e-17,-1.21646513512747e-15,3.89284718417711e-06,-2.26325005213933e-06,-4.87794922331336e-18,1.87090811297703e-17,3.77277239623643e-17,-1.43546960685254e-17,-2.54998184672055e-17,-1.2484169186649e-16,-1.2284617020462e-16,1.2178955318054e-16
"t1",0.0177515798363121,-0.0501803295361144,0.0177231335812845,-0.0416948568119303,0.0162149713359558,0.0191439203259135,0.00295538346113577,-0.00067282792724736,0.00139047431560375,-0.00710284326165225,0.022586863028094,-0.00273097660795668,0.0156102016167965,-0.00128393927145597,0.0210076018932722,-0.00166407594958888,0.0910777709469457,-0.00014421004241625,-0.0743107975754182,0.100396164590382,0.0104586563028249,-0.10031771775887,0.0932769085740771,0.0968350833068546,-0.000516760905592674,0.187259718984067,-0.0555151498746974,0.000924983661535641,-0.00124305321859726,0.0133119148124951,0.00834436040223796,0.0363773182605523,-0.0164014686693931,0.280688264990785,0.0455021238748078,-0.00701635984783705,-0.248143194789518,0.0615871609696024,-0.0191609896962458,-4.34916862636012e-17,0.0979235241247294,0.000686636464707071,-0.000203279426807117,-0.00974351833581369,-0.000116237886245917,0.00640202936624659,-0.0245039204904141,-0.00478574784452007,9.02179908498401e-06,-0.0027921895591825,-0.00367617673590448,0.000175746129641715,0.00255291797836465,0.664259825618225,-0.41835685746537,-0.0970668919621844,-0.000951789319257979,7.78483884756348e-05,2.21325798748125e-06,-0.00062731005788068,5.62847045353149e-16,0.240376003605288,0.000200639904944021,-0.221445347734283,-9.85528087433442e-16,-2.81143296251346e-05,1.65145674912992e-15,0.00142644563208274,0.00350153011548366,-0.00767648733210738,2.02268757298896e-15,-0.00130292306223024,-0.0183559965800067,-0.021957862894423,4.49399319226599e-05,-1.6569277379821e-16,3.99551638947875e-17,0.0030496974454947,-0.00139460535446207,-0.0345965398915584,-0.0328716657448928,-0.00780126256693546,-1.08523355232572e-05,-1.15505281285703e-16,-0.000127245874289961,-0.000553070409659148,8.3938801496989e-05,-0.00688359062382952,5.63785129692462e-16,-0.000151372635619049,-1.74591263722735e-05,3.05311331771918e-16,1.76780433759956e-05,0.00017319639833508,4.5102810375397e-17,-2.43979531051574e-17,5.85469173142172e-16,2.60133277798169e-05,1.40211140020223e-06,4.44089209850063e-16,5.77176889168254e-18,2.40675224442294e-06,-0.000218649231652382,1.28369537222284e-16,1.16966499685362e-16,2.28356008683787e-05,3.21239818197446e-18,-1.49726085767535e-05,2.87151914481217e-17,-2.57687596649389e-14,0.000293358628968902,-0.000157054116347248,3.25209629364572e-17,5.55842695300314e-17,-4.24268114000853e-17,-5.80954641876404e-19,8.42346996506255e-18,-8.40895497846806e-17,-8.97587408469135e-17,9.52719931100243e-17
"t8",0.0685713039881686,-0.012781249839973,0.00526783723935233,-0.103573003722192,-0.0252227236778064,-0.0590052569882996,-0.0487444574970933,1.97672171844759e-05,-0.00365505071162387,-0.00511707295151239,0.00165638433393415,-0.000249055801720264,0.00167275973050033,-0.0015089581499847,0.00358872528685154,-0.000287300634444686,0.0539333917529143,-5.21895494477592e-05,-0.0532319864464187,0.178834393026731,0.0298608586257863,-0.160188517241918,-0.0907671488482005,-0.0608719526511645,0.00168505600548094,-0.0127262180978092,-0.00192657520184197,0.00177210261974088,-3.54230939492014e-05,0.000398652385943554,0.00266614460059913,0.00198132160055603,-0.00187086343052162,0.0228748889873225,0.00576593285189438,-0.00211709053156136,-0.0360776533057129,0.0106641652756232,-0.0158941926375951,2.43053789562865e-16,-0.0301083533212943,0.00882750621160498,-2.16858175907915e-05,-0.0183537431712723,-5.58528982407447e-06,0.000977181164762623,-0.0304336498054142,-0.00589845133422145,1.49419506612308e-06,-0.00401356305502578,-0.00088252681543304,4.38675532978272e-05,0.000662416081694442,0.193600634358589,-0.122431321263153,-0.0267625736331449,-0.000156070712583156,3.13487470063279e-05,9.25075842549833e-07,0.000312272423290481,-1.83837262642938e-16,-0.270595769913226,-0.000304856779572998,0.684351583593748,2.64468721824444e-15,1.56604588554248e-05,6.93889390390723e-16,0.0150122230443851,0.0228197366438017,0.000796392042829704,-5.27355936696949e-16,-0.00412850764049425,-0.0404755694549309,0.000308480069159674,-1.7222217798565e-05,3.58875314018255e-17,-1.93365121607102e-15,0.000160869217182218,0.00847769893014073,0.522028961860404,0.0624353416553648,0.120089288735836,1.0299371570946e-06,1.66962434873764e-15,2.82828242920054e-06,1.06852685249764e-05,-7.30822928063368e-07,-0.00431307672601015,-9.36750677027476e-17,-4.1906197168623e-08,-7.66116060340238e-08,1.66533453693773e-16,3.08999040049551e-07,-0.0130149164764617,-4.09394740330526e-16,1.53497957467218e-16,4.42701431069281e-15,0.019536143820508,4.05340972166144e-06,-2.0122792321331e-16,2.06395243668284e-16,1.01510961837692e-07,-0.000598700223611861,-2.63677968348475e-16,-1.32557867666212e-16,6.06668290595144e-05,-2.00389105270409e-16,-7.72426993256303e-07,6.25924397903733e-17,-1.12489685734042e-15,0.000708326607436575,-7.14242887065453e-05,1.96100724590511e-16,-8.79934640845019e-18,-3.6207903120024e-17,-7.09912385871546e-17,-1.75602279793869e-16,1.20152538745425e-16,-2.10414532656157e-17,1.08519525336026e-16
"t32",0.0753599889799465,-0.0177138628691864,0.00738460596147616,-0.182203182555359,-0.062748843141447,-0.156682635301266,-0.211862894311563,0.000115036424590636,-0.0252936175446726,0.0244381668204056,-0.00442004759749398,0.000514790977099314,-0.00280412202507853,0.00156175031620922,-0.00312607838807739,0.000246688237970453,-0.021319916837669,1.64762550830151e-05,0.0135949457540632,-0.039821969412048,-0.00650262584903114,0.0310409911114447,0.0125367025525656,0.00712515189710285,3.89012325089044e-05,-0.00475386615129871,-0.000892120364685207,0.00391977338827094,3.77253135825171e-05,-0.000408367618263994,-0.00218624849885632,-0.00125955178054481,0.000999045954101509,-0.0121632024637902,-0.00360214226499526,0.0013583426424609,0.0254173940210238,-0.00866077252237439,0.0225394271443352,-2.63206951226238e-15,0.0648852413677346,-0.911240621746982,-1.41483146746545e-06,0.000805827681136898,2.52319057069946e-07,-6.04346327842651e-05,0.00213747604116853,0.000416330895272338,-1.17243948140685e-07,0.0795051663319685,6.82263944366119e-05,-3.43679873092764e-06,-5.2332235101633e-05,-0.0154860919651738,0.00979558086374847,0.00214276917173719,1.25458403537687e-05,-2.52652476246852e-06,-7.45682526459741e-08,-2.51901535638416e-05,-2.23684033500753e-16,0.0218869643374766,2.47302686545167e-05,-0.0562795173503206,-1.08692955278224e-15,-1.31896457036319e-06,-2.84494650060196e-16,-0.00140290250892282,-0.00225333267658834,-9.02409054636115e-05,5.06539254985228e-16,0.000516905808113269,0.00650603981224876,-0.000161038101644229,-1.64546559832153e-05,9.89296676574938e-17,2.30906953893483e-17,2.97511069739251e-05,0.000859094283529562,0.0378222560363253,0.00440583625931651,0.00823325405329889,3.89064648215545e-08,2.12264572682701e-16,3.11606287671778e-08,1.03568621156666e-07,-3.63729850752503e-09,-1.89877767345454e-05,-3.29597460435593e-16,-6.05908248921261e-11,1.05516544462937e-11,3.43475248243408e-16,-5.7665081189132e-07,-0.162820643983811,4.87457296749483e-16,-7.23035148349847e-17,-2.60208521396521e-16,-0.00135125480391343,-6.59973338327632e-10,2.35922392732846e-16,2.70114212109495e-16,3.06789921158263e-11,-2.60948263513259e-07,2.15973072759112e-16,2.63511061875298e-16,6.90241870846019e-08,1.78632731750246e-16,-1.921039168018e-09,1.05491411636143e-16,8.41030608841941e-18,3.76456604004802e-06,-4.54166979800205e-07,-4.19662814566554e-17,-9.53598195384596e-17,3.01956961644387e-18,-3.0452642347062e-16,5.76619827455861e-17,-1.23818491766811e-16,-1.3509709938931e-16,1.37727831101862e-16
"t46",0.0762206098463554,-0.0183622770292455,0.00766331004976094,-0.192856737270363,-0.0680072931500354,-0.170441331015287,-0.235549026620239,0.000129041014600446,-0.0284929610205299,0.0291574730803559,-0.00542704501349882,0.000644569018107144,-0.00358482915734367,0.0021461835732819,-0.00446148956574272,0.000353316075804535,-0.0422396010366169,3.84316783237672e-05,0.0382077108998402,-0.128041116040948,-0.0213889771931095,0.11535517833377,0.067558047521319,0.0461989592642276,-0.00154433861619171,0.0190532359965631,0.00319406686841065,-0.00870332121257247,-4.56689954230541e-05,0.000483931208410474,0.00222839149184924,0.000975972644662121,-0.000505181960799481,0.00596158776905029,0.00101891225185589,-0.000373260228133117,-0.00643129575142944,0.00200187584231444,-0.00432286162539886,6.54373044901052e-16,-0.0116416200314644,0.14699295152938,8.47979071881512e-08,-8.11503669874349e-07,1.96668245653741e-11,-8.1843471684323e-07,2.99464913804758e-05,5.68914223806288e-06,3.06734135573777e-09,-0.510139004990044,4.22640863708986e-05,-1.86326027540491e-06,-2.59770094224315e-05,-0.00669728265950029,0.00422479984254632,0.000916580029819324,5.11799447694585e-06,-9.96637224690736e-07,-2.93471590540224e-08,-9.91943994391384e-06,2.65658745698412e-16,0.00882512442281523,1.01087737980132e-05,-0.0238474060704815,0.707106781186545,-5.78501746294571e-07,-3.06872582900297e-15,-0.000660591123217251,-0.00108415763399375,-4.50422731987779e-05,-3.79817705065122e-15,0.000262792688073784,0.00341196655297423,-8.90281178141372e-05,-9.33980666949784e-06,7.45176176631775e-16,1.65045885159952e-15,1.74150859302796e-05,0.000515700597261096,0.0231308078730522,0.00269880097898492,0.00505230328979167,2.49088683726504e-08,-1.48920588465651e-15,2.22777410912689e-08,7.49219972134667e-08,-2.78373490838341e-09,-1.46640250262611e-05,-1.25767452008319e-17,-4.96073243247408e-11,9.00683734104295e-12,-2.46330733588707e-16,-6.47975262604069e-07,-0.183037193179042,1.64365049348802e-16,2.84082100958175e-16,-7.07333497329543e-16,-0.00317860868640264,-3.17915810603648e-09,1.11022302462516e-16,4.25808899554323e-16,-1.23183573909856e-10,7.45183593970451e-07,-2.99673480474993e-16,-1.75541709546482e-16,-7.72240540498014e-08,4.6636218559467e-16,8.26700987180407e-10,2.69568683485451e-16,2.41849679234731e-16,-1.92010932097662e-07,-6.25301174034254e-09,-1.35279671065239e-16,-2.0335985488258e-16,-7.59382819084444e-18,1.51111937777649e-16,-6.55148793170102e-17,-2.9715649485799e-16,-6.38827473132061e-17,2.1149636978618e-16
"t47",0.0762206098463554,-0.0183622770292455,0.00766331004976094,-0.192856737270363,-0.0680072931500354,-0.170441331015287,-0.235549026620239,0.000129041014600454,-0.0284929610205299,0.0291574730803558,-0.00542704501349886,0.000644569018107155,-0.00358482915734368,0.00214618357328187,-0.00446148956574276,0.000353316075804547,-0.0422396010366168,3.84316783236301e-05,0.0382077108998402,-0.128041116040948,-0.0213889771931095,0.11535517833377,0.067558047521319,0.0461989592642272,-0.00154433861619173,0.0190532359965631,0.00319406686841063,-0.00870332121257255,-4.56689954229537e-05,0.000483931208410734,0.00222839149184927,0.000975972644662038,-0.000505181960799163,0.00596158776905001,0.00101891225185678,-0.000373260228130532,-0.00643129575142919,0.00200187584231511,-0.0043228616253924,5.92398840565396e-16,-0.011641620031464,0.146992951529382,8.47979076460097e-08,-8.11503670190533e-07,1.96668765799733e-11,-8.18434716906113e-07,2.99464913819502e-05,5.6891422389057e-06,3.0673435894924e-09,-0.510139004990038,4.2264086373071e-05,-1.86326027369621e-06,-2.59770094170981e-05,-0.00669728265949593,0.00422479984255131,0.000916580029826393,5.11799447756177e-06,-9.96637222235904e-07,-2.93471574203466e-08,-9.91943994310639e-06,6.29517556692967e-17,0.00882512442281453,1.01087738035919e-05,-0.0238474060704743,-0.70710678118655,-5.78501792792424e-07,3.15112519411187e-15,-0.000660591123228131,-0.00108415763400801,-4.5042273199505e-05,3.44863027024189e-15,0.000262792688072233,0.0034119665529537,-8.90281178153891e-05,-9.33980666866062e-06,-2.01834533747003e-16,-1.89232752486057e-15,1.74150859303386e-05,0.000515700597260102,0.023130807873049,0.00269880097898456,0.00505230328979196,2.49088675104928e-08,1.42932282466752e-15,2.22777368823418e-08,7.49219960290842e-08,-2.78374471650994e-09,-1.46640250269907e-05,6.00214322687975e-16,-4.96091067531124e-11,9.00627433179544e-12,3.08780778723872e-16,-6.47975263063771e-07,-0.183037193179042,1.06512021424976e-15,-6.29606011636949e-16,-1.18850242147861e-15,-0.00317860868640524,-3.17915812861499e-09,9.62771529167128e-17,-3.09424910407777e-16,-1.23185038450151e-10,7.45183591378774e-07,1.05818132034585e-16,1.73394050830973e-16,-7.72240576615363e-08,-1.67831517200434e-16,8.26701058304069e-10,-3.53752645037589e-16,6.15647532605823e-17,-1.92010932050825e-07,-6.25301185136484e-09,-4.88476395826985e-17,7.62708606804594e-17,-9.29481074403045e-17,2.76909787956398e-17,-1.92455789591665e-16,-1.15636698982834e-16,-1.40786033264464e-16,1.57335918468546e-16
"t56",0.0763243668896015,-0.0184404659084172,0.00769691773965182,-0.194141510802503,-0.0686414555097535,-0.172100606901182,-0.238405379202494,0.000130729787122497,-0.0288787521237043,0.0297262757510131,-0.00554837269216058,0.000660200983870804,-0.00367883649046687,0.00221646586158035,-0.00462195906468409,0.000366128043723709,-0.044734147104322,4.10397495148526e-05,0.0411197367177711,-0.138451368516191,-0.0231448992476878,0.125279378047131,0.0740000822753291,0.0507643839366858,-0.00172703640759431,0.0217549469516763,0.00365672204728218,-0.0101136161935489,-5.47101480135301e-05,0.00058053049887831,0.00270104716039237,0.001209425601251,-0.000653982476593798,0.00774588534631065,0.00142707454867725,-0.00052513173231832,-0.00916682298838717,0.00289571658715935,-0.0064545077917128,3.99505834826505e-16,-0.0175871166945683,0.226337757576913,1.57385239407735e-07,-2.14723424090385e-06,5.28103617422875e-11,-3.14394724747809e-06,0.00021288828107554,4.25894779891522e-05,-2.39306377836155e-08,0.485404599991562,-1.6600614712954e-05,5.54445854573579e-07,5.69087650019451e-06,0.000334403328086543,-0.000192573715248588,-2.9324152554342e-05,3.23921707880438e-07,-1.79708132860716e-07,-5.73543510753137e-09,-3.18294826112311e-06,-1.68864338447682e-16,0.00358511950057316,4.40600771996482e-06,-0.0117482637538075,2.89033946919524e-15,-3.079136418222e-07,-2.25514051876985e-17,-0.000390357440536379,-0.000655709390885379,-2.81735452628627e-05,2.51881848711832e-14,0.000166781069252254,0.00221294820751835,-5.95214051035695e-05,-6.32404030466795e-06,-0.707106781186548,-9.00096061599747e-15,1.19475897729575e-05,0.00035719054840158,0.0161250219053874,0.00188240662879066,0.00352605241802448,1.76098158650648e-08,7.6675877570268e-16,1.61552479248481e-08,5.44497510859658e-08,-2.04197482100293e-09,-1.07710189896077e-05,-1.94115556961805e-15,-3.67233626320795e-11,6.69825864865498e-12,1.6306400674182e-16,-4.92142999776891e-07,-0.139021503252155,1.06685493772574e-16,3.04953386807845e-16,-9.66457816553579e-16,-0.00246398156737608,-2.47967860189839e-09,9.48026379621325e-16,-1.07798316620041e-16,-9.69648380685917e-11,5.87481162495074e-07,-3.23959609138669e-16,-1.84584308255983e-16,-6.12736125965807e-08,1.9617056056127e-16,6.61878558905205e-10,1.24066727774366e-16,5.55367950532464e-18,-1.55854767839789e-07,-5.09683868287619e-09,1.87610559869066e-16,3.54928477473521e-17,-2.0602151941416e-16,-1.44835871196205e-16,-1.9456120642287e-16,-9.67420843324372e-17,-1.38278415812492e-16,2.97605525777684e-16
"t57",0.0763243668896015,-0.0184404659084172,0.00769691773965183,-0.194141510802503,-0.0686414555097535,-0.172100606901182,-0.238405379202494,0.00013072978712252,-0.0288787521237043,0.0297262757510131,-0.00554837269216058,0.000660200983870759,-0.00367883649046683,0.00221646586158039,-0.00462195906468408,0.000366128043723712,-0.0447341471043221,4.10397495148804e-05,0.0411197367177711,-0.138451368516191,-0.0231448992476878,0.125279378047131,0.0740000822753292,0.0507643839366859,-0.00172703640759437,0.0217549469516763,0.00365672204728225,-0.0101136161935489,-5.4710148013644e-05,0.000580530498878231,0.00270104716039238,0.00120942560125096,-0.000653982476593819,0.00774588534631066,0.0014270745486773,-0.000525131732318433,-0.00916682298838716,0.00289571658715943,-0.00645450779171171,5.34568111690434e-16,-0.0175871166945683,0.226337757576913,1.57385239468722e-07,-2.14723424107299e-06,5.28102944404377e-11,-3.14394724755795e-06,0.000212888281075556,4.25894779886994e-05,-2.39306374200419e-08,0.485404599991562,-1.66006147124331e-05,5.54445853615144e-07,5.69087650181647e-06,0.000334403328086277,-0.000192573715248702,-2.9324152554153e-05,3.23921707675635e-07,-1.79708132735926e-07,-5.73543515566995e-09,-3.18294826127914e-06,-2.87552745437139e-17,0.00358511950057349,4.40600771892677e-06,-0.011748263753808,2.04032496596648e-15,-3.07913642053352e-07,-3.46944695195361e-16,-0.000390357440536619,-0.000655709390886942,-2.81735452636733e-05,-2.46322059971327e-14,0.000166781069251626,0.0022129482075161,-5.95214051093294e-05,-6.32404028616932e-06,0.707106781186548,8.83881621008204e-15,1.19475897726205e-05,0.000357190548401465,0.0161250219053876,0.00188240662878983,0.00352605241802755,1.76098158229977e-08,-7.55571711935073e-16,1.61552483515901e-08,5.44497511731357e-08,-2.04197648547011e-09,-1.07710189888376e-05,9.20270804005696e-16,-3.67231561999859e-11,6.69953550508319e-12,7.28583859910259e-17,-4.92142999573061e-07,-0.139021503252153,4.05057931640584e-16,-5.67721790575957e-16,-4.60785923306339e-16,-0.00246398156737637,-2.47967796337933e-09,-5.42101086242752e-16,-2.10839311245487e-16,-9.69649398751757e-11,5.87481162386111e-07,-1.49619899803e-16,3.90050409541647e-16,-6.12736125621844e-08,4.23198834372943e-16,6.61878470434307e-10,3.31911938516061e-18,-2.46790753185115e-16,-1.55854767870146e-07,-5.09683860221155e-09,-1.05406995264183e-16,-9.41309136603482e-17,2.29738378755508e-17,2.20270783105729e-17,-6.42345995783474e-17,4.6075293868014e-17,-1.39748017976174e-16,1.16527245830053e-16
"t36",0.0754120484547751,-0.017761873516165,0.00740540616599974,-0.183109233299623,-0.063258860840024,-0.158042095329739,-0.214451341095889,0.000116625013436555,-0.0256627559148677,0.025100724364611,-0.0045730384136233,0.000535486236801749,-0.00293465142638742,0.00167393732871659,-0.00339816547554102,0.000268526863353898,-0.0271937025742405,2.32182481115948e-05,0.0217331654839568,-0.0702046342525208,-0.0116607006647307,0.0611229008865397,0.0334538036107837,0.0223060402785828,-0.000645708920222236,0.00665556102636455,0.00108924379185156,-0.00258208264424165,-9.82977123314629e-06,0.000102510448228797,0.000415956671635499,0.000133078761136799,-2.43371574512009e-05,0.000246541171795223,-8.52233736680058e-05,3.37292387227387e-05,0.000704456810722284,-0.000261339531504076,0.000750938120993281,-8.23012093573563e-17,0.00220064297278567,-0.0313554742641027,-3.59150664915021e-08,6.36954302519652e-07,-1.5743621616343e-11,1.00266563545041e-06,-6.94728575591753e-05,-1.39011719985921e-05,7.3664290773428e-09,-0.0422560019986386,-6.96442359142548e-06,3.98361555061476e-07,6.66975422054187e-06,0.00241282451015931,-0.00153438801572983,-0.000341333738687729,-2.26178535928761e-06,5.41492585562839e-07,1.63809656535899e-08,6.99418653617339e-06,2.96760301150385e-17,-0.00743553799929761,-9.11640719043783e-06,0.0248280493527692,-5.43258297363206e-17,6.75207272306526e-07,-3.20923843055709e-17,0.000943065072541035,0.00163607795817424,7.43821512462165e-05,-1.65666091955785e-16,-0.000453153321255085,-0.00631316551006138,0.000184414297313858,2.04069658891886e-05,-1.59292261282711e-15,-8.42739820432659e-17,-4.03972132413243e-05,-0.00125379063994766,-0.058160415519252,-0.00680536995744249,-0.0127804658806648,-6.77692994902925e-08,2.16285991803918e-17,-7.17394931489597e-08,-2.45234850972716e-07,9.8106711621769e-09,5.22651647832311e-05,1.35200010908942e-15,1.89418398284166e-10,-3.59830459919624e-11,-7.14706072102445e-16,3.27549750590644e-06,0.925518732074004,-2.52749210449821e-15,6.773692539415e-16,6.14569159451683e-15,0.022108272823971,2.50657519035874e-08,-7.25114412958305e-16,-8.08233641526535e-17,1.21740372437899e-09,-7.69893543695646e-06,5.65303012733942e-16,-3.59379958255806e-16,9.86103545481834e-07,-1.0835934015719e-15,-1.59470669343353e-08,-1.56186622684727e-16,-8.00037913224959e-17,1.90995710349063e-05,-2.0612186949656e-06,1.26359682054958e-16,2.90470628015297e-16,1.083274589238e-16,2.15849496378078e-16,4.87699946660997e-16,2.5348145673505e-16,-1.96887571719928e-17,-1.00645724339186e-16
"t10",0.0711030450884315,-0.014561351555833,0.00603060454578632,-0.13113943891183,-0.0379378315788683,-0.0919216235498191,-0.101932231681156,5.04048973182894e-05,-0.0105677501854667,0.00346126679953205,-1.76270284459165e-05,-4.63646340569779e-05,0.000533260962934966,-0.000844211697357623,0.00227055123648339,-0.000183485216824068,0.0527769930613328,-5.74958191881664e-05,-0.0654906544648893,0.235570813986427,0.0397596697067353,-0.225184156380869,-0.146021680872707,-0.103269576894981,0.00403768531212116,-0.0571282750726081,-0.0097190187889643,0.0284802960911057,0.000166446493190684,-0.00177041142253852,-0.00836589752914836,-0.00381549831501861,0.00202443660588497,-0.0238576494562533,-0.003367595043475,0.00120211966286006,0.0189076163597912,-0.00511320708170124,0.00615958518125786,6.13870336813667e-17,0.0102687642153861,0.0266545396681551,4.42096841476113e-06,0.00151374471250901,4.45039950605012e-07,-3.2851075152172e-05,-2.08882522851947e-05,-1.41005284923685e-05,7.38599424539809e-08,-0.00157839925011229,-0.000135162067419512,7.12384038755072e-06,0.000113383000005822,0.0377424459891252,-0.0239566897716231,-0.00529851906132359,-3.37640096274712e-05,7.71126039823828e-06,2.31828943405947e-07,9.37056684362212e-05,-3.47238395061524e-16,-0.095518743301645,-0.000115286699464573,0.304206878709432,3.56780439988962e-15,8.08732868820485e-06,1.13971332371676e-15,0.0109481432168588,0.0188822884615233,0.000853196196066431,-2.67494359995624e-15,-0.00519163650748459,-0.0723986535162779,0.00213844057258712,0.00023914280167664,6.3078445595805e-16,3.00570090376692e-15,-0.000481582483668392,-0.0152237068823369,-0.717892627753837,-0.0841306645863642,-0.158271744335088,-8.81725269275078e-07,-1.7564939927992e-15,-1.18589525177496e-06,-4.22379189626929e-06,2.23575007210833e-07,0.00127039132074707,-3.46944695195361e-16,9.82322555242998e-09,1.54745138190312e-08,-8.74300631892311e-16,-3.98114627716151e-07,-0.103971972744509,-1.73298875250083e-15,-1.3400285545036e-16,8.11187055027585e-14,0.35762512774932,7.77586743930429e-08,1.46757606067638e-15,-1.15853293071494e-16,5.1134512312357e-09,-3.3096734741555e-05,5.72458747072346e-17,-1.94771124110943e-16,4.54711438881847e-06,4.90083139566461e-16,-7.79344423856854e-08,-4.06636969269571e-17,-1.73584206328399e-16,9.75514116056692e-05,-1.06010044700405e-05,1.01148937197965e-16,-6.14901292193718e-17,-1.85266939200752e-17,3.02930167434502e-16,8.48610741864866e-17,-1.68528410078904e-16,-1.76654816256707e-16,1.88799005578808e-16
"t13",0.0716220944546512,-0.0148939820680791,0.00617248821703673,-0.135827639977889,-0.0398369575962373,-0.0967258300677971,-0.108570313549471,5.39479145308886e-05,-0.0113363159026992,0.00382424878147945,-1.97462896410218e-05,-5.24132226147531e-05,0.000608505547032766,-0.000993103174881463,0.0027105800557131,-0.000219336842527035,0.0696270158617121,-7.86168106255425e-05,-0.0925434253011645,0.339455865835544,0.0574660355464739,-0.330338113056541,-0.221706287169967,-0.158769900364307,0.00664325350363523,-0.101478985908045,-0.0174302691547507,0.0538285118681573,0.000348490765425987,-0.0037233155460538,-0.0181917570555077,-0.00889195753951535,0.00537210868787,-0.0639780344255417,-0.0110807617880325,0.00400179367759348,0.0650907501205274,-0.0182728062004957,0.0238128889073877,1.13648950913988e-16,0.0408458048904301,0.110983066531509,2.7956985460399e-05,0.0198283711340403,6.00888416170267e-06,-0.000980836667283814,0.0289994949065952,0.00560599817133386,-1.32311494893027e-06,0.0107548260830085,0.000675383933408118,-3.31921464119533e-05,-0.000495971147974367,-0.14109642204278,0.0891582522528985,0.0194410667835089,0.000111260319216736,-2.175737215927e-05,-6.39637240923419e-07,-0.000208970418959022,4.98509229812859e-17,0.177490775246404,0.000199070638554984,-0.447531624250407,-3.9757790308302e-15,-1.043119097386e-05,-1.11022302462516e-16,-0.0111265846764331,-0.0179483952101247,-0.000726744077102909,2.1094237467878e-15,0.00419332159222711,0.0535852365803976,-0.00137293294303008,-0.000143380146947785,-2.01353068509871e-16,-1.70737626937417e-15,0.000267099309312381,0.00793448369475079,0.35763450455691,0.0417495221180207,0.078205400040624,3.9410546684264e-07,7.7364155883471e-16,4.12937825274885e-07,1.43297028615263e-06,-6.70048382472865e-08,-0.00037321971937433,2.63677968348475e-16,-2.53432092325867e-09,-3.62992674540232e-09,1.94289029309402e-16,3.97863166266832e-08,0.0103694593902207,-3.46944695195361e-15,3.99534981084354e-16,9.95870053088765e-14,0.437673032114568,-5.83501736159392e-08,1.20736753927986e-15,2.79082040914442e-16,-1.4434557785159e-09,8.45881466815784e-06,-2.04697370165263e-16,-4.02712185353202e-16,-8.02648711001851e-07,-1.14884273171314e-16,8.08515554506783e-09,8.87841569643566e-17,2.35703131877403e-16,-2.05747863308431e-06,-1.25764287386976e-08,-1.59745520360785e-16,-3.05624018086756e-17,-6.95329446834029e-17,8.53497718114382e-17,-2.41897103218537e-16,2.19537007781399e-17,-1.47423006848734e-16,4.72333258808949e-17
"t14",0.0713555511847606,-0.0147232524276299,0.00609966496893266,-0.133422275269507,-0.038862996031714,-0.094262166985329,-0.105167495620797,5.21319616713789e-05,-0.0109424195537081,0.00363838441503806,-1.86615737523794e-05,-4.93181682229678e-05,0.000570013647165697,-0.000917004109216097,0.0024857741431677,-0.000201021334664397,0.0610421140235665,-6.78659464666692e-05,-0.078784722075458,0.28664697347009,0.0484658565931217,-0.276907643531142,-0.183281520778389,-0.130600946828649,0.00532286107767323,-0.0790411154185854,-0.0135297800537572,0.0410206163766955,0.000256687445611937,-0.00273856352793524,-0.0132400405209456,-0.00633673699827159,0.00369052259914723,-0.0438281074333593,-0.00721763809366771,0.00259978311380967,0.041972662269522,-0.0116883165570382,0.0149876190271537,5.28424053618242e-17,0.0255642594378544,0.0688576376372791,1.62403042588883e-05,0.0107431751745842,3.24914641629053e-06,-0.000511465269613094,0.0146527396551865,0.00282782428114481,-6.34219932859421e-07,0.00469857015924529,0.000278374327976238,-1.34589591608975e-05,-0.000197916651462255,-0.0537866357463619,0.0339383965245709,0.00736611082562612,4.0584772513363e-05,-7.43292169745924e-06,-2.16197032191709e-07,-6.25512386080552e-05,3.65789998166175e-16,0.0460491849858099,4.80571378695686e-05,-0.0884124251027382,1.48584514092209e-15,-1.63275576999401e-06,-9.22872889219661e-16,-0.000769063406061016,-0.000740894625451407,5.62708539627059e-06,2.39391839684799e-16,-0.000138559338361664,-0.00412007408428086,0.000211895260456538,2.78548775944804e-05,-2.10682560697813e-16,4.8821733086674e-16,-6.45777927632367e-05,-0.00223106479852294,-0.111082194984986,-0.0130740745903921,-0.0247119339143748,-1.51201469499387e-07,-3.77740797713095e-16,-2.31634456294635e-07,-8.30776702230585e-07,4.48237313308009e-08,0.000254961197127783,2.81025203108243e-16,1.96012117474609e-09,3.03571978352865e-09,3.88578058618805e-16,-4.82352779732076e-08,-0.0125769355357516,5.82867087928207e-15,-6.16732144846462e-16,-1.87692743292001e-13,-0.82440400987087,1.28953161984282e-07,-2.51187959321442e-15,-3.93930187617577e-16,4.19716188714003e-09,-2.59143772618209e-05,1.71737624121704e-16,8.23548866845459e-16,3.13428887462703e-06,1.59665268442904e-16,-4.9410840627373e-08,-1.25379417084935e-16,-3.46006399529062e-16,5.92872053088306e-05,-6.42401038030219e-06,4.27674114955771e-17,1.14635932846982e-16,7.9779773108672e-18,-3.69167803353587e-16,1.5624041935075e-16,-8.39342072672547e-17,-1.12874043012239e-16,2.76812973724213e-16
"t123",0.0963762103285423,0.0292100260272817,-0.00967953773247304,-0.0108318694863048,-0.0150949127268279,-0.0369490801012389,0.185273715198311,0.000458592226049457,-0.237095639349795,0.266426288769066,0.000961963079394139,5.16614193405524e-05,-0.00066936753820051,0.00585712445293871,-0.00140568949992977,0.000111792451593628,-0.0132941999253053,1.13968797448242e-05,0.0111318722177924,-0.047457080280135,-0.00920446543363912,-0.006228576972688,0.00514354741358249,0.00261623947963804,0.00433522020571283,-0.0342702739223031,-0.0613923706055727,0.172401265557699,-6.71641552294157e-05,0.00070670874082633,0.0250249888871035,0.000548877264112645,-0.000413388022417798,0.00151928379234372,-0.006064958548606,0.401466029827175,-0.0157767120091258,0.0024669788875068,-0.00229811194941492,-3.96947751886738e-16,-0.00444733132282845,-0.000173633990139726,-1.20187974949075e-07,0.00574239741312629,-3.49308035065395e-06,4.6223543289282e-06,0.000415336494167483,-0.000892115497797337,-1.25583507210448e-08,2.67211863537371e-05,1.42969657340069e-05,-7.34933336981117e-07,-1.14443688556372e-05,-0.00364484909532772,0.00231604715436704,0.000206889793880937,-1.83905935581445e-05,-6.97605721983291e-07,-2.09629071037595e-08,-5.52761924358062e-05,2.62991732844204e-16,0.0196346794667396,1.04743647196324e-05,0.0017300412342788,-3.71777526853501e-15,-5.74501678100685e-08,5.16947595841089e-16,0.00133957139392073,0.339153749745275,-9.14588221837113e-05,-2.0122792321331e-16,0.00701370924362483,0.056523731117057,3.45420151325474e-05,4.15219485228241e-05,4.40553430284251e-16,5.76190453670798e-17,-5.9997478928488e-07,-7.49846306253936e-06,0.000240637934243114,4.24960845701988e-05,-0.000624572309530653,-3.7008880508782e-10,-3.88043997035613e-17,-5.18375269548425e-09,-2.06278366029003e-08,1.66822546922296e-09,1.00265569415298e-05,1.56125112837913e-17,1.05852264670539e-10,2.00217101255015e-10,1.71737624121704e-16,-9.60043802702287e-10,-1.5874777610129e-06,1.18828558104411e-16,-9.89104587650465e-17,-4.09828421199521e-16,-1.78235661897918e-07,-2.05101582270877e-07,-3.46944695195361e-16,-3.60141345575802e-16,-1.70451886763109e-10,1.41701518355881e-06,4.28910379435266e-16,5.05214761661262e-17,-1.64564704518334e-06,-1.50392242160712e-16,5.09537910128866e-10,2.59977086990599e-17,-1.41558761374792e-17,2.96656313929049e-06,-6.18416907387925e-08,-4.11492737677112e-16,-1.97229734445364e-17,3.86634216575286e-14,0.707106781186548,-1.26552392940025e-15,-2.03469224506789e-15,4.69807153994136e-16,5.96629315959421e-16
"t124",0.0963762103285423,0.0292100260272817,-0.00967953773247304,-0.0108318694863048,-0.0150949127268279,-0.0369490801012389,0.185273715198311,0.000458592226049455,-0.237095639349795,0.266426288769066,0.000961963079394152,5.16614193405694e-05,-0.000669367538200503,0.00585712445293869,-0.00140568949992975,0.000111792451593607,-0.0132941999253055,1.13968797448242e-05,0.0111318722177924,-0.047457080280135,-0.00920446543363905,-0.00622857697268802,0.00514354741358258,0.00261623947963807,0.00433522020571284,-0.0342702739223031,-0.0613923706055727,0.172401265557699,-6.71641552294399e-05,0.000706708740826311,0.0250249888871036,0.00054887726411262,-0.000413388022417809,0.00151928379234368,-0.00606495854860601,0.401466029827175,-0.0157767120091259,0.00246697888750675,-0.00229811194941472,-3.93408377695173e-16,-0.0044473313228285,-0.000173633990139615,-1.20187974959212e-07,0.00574239741312606,-3.49308035058876e-06,4.62235432891443e-06,0.000415336494167535,-0.000892115497797344,-1.25583506802382e-08,2.67211863530298e-05,1.42969657340302e-05,-7.34933337117293e-07,-1.14443688550665e-05,-0.00364484909532765,0.00231604715436709,0.00020688979388082,-1.83905935576467e-05,-6.97605721824403e-07,-2.09629071393214e-08,-5.52761924355344e-05,5.48249156997657e-17,0.0196346794667396,1.04743647204468e-05,0.00173004123427888,-3.67267245814896e-15,-5.74501679254276e-08,3.94649590784724e-16,0.00133957139392042,0.339153749745275,-9.14588221834144e-05,-9.36750677027476e-17,0.00701370924362486,0.0565237311170567,3.45420151326883e-05,4.15219485228485e-05,5.37697944948368e-16,-6.12773771894239e-17,-5.9997478956287e-07,-7.49846306230458e-06,0.00024063793424323,4.24960845700635e-05,-0.000624572309530727,-3.70087980009967e-10,1.26026634402387e-18,-5.183752932274e-09,-2.06278363834578e-08,1.66822587775034e-09,1.00265569411058e-05,-2.51534904016637e-16,1.05852397810566e-10,2.00216502436602e-10,1.78676518025611e-16,-9.60043875343833e-10,-1.58747776028735e-06,6.15826833971767e-17,-1.30139815095773e-17,5.22151766269019e-16,-1.7823566161343e-07,-2.05101581786161e-07,1.92554305833426e-16,9.43562109445609e-17,-1.70451836564549e-10,1.41701518337266e-06,-4.5102810375397e-17,-1.08863277125457e-16,-1.64564704533063e-06,7.16611291829935e-16,5.09537816453798e-10,-2.88163179384345e-17,2.37551050184352e-17,2.96656313948044e-06,-6.18416907695839e-08,4.44569966863407e-16,1.97122616483936e-16,-3.88094840012078e-14,-0.707106781186548,1.34003071778722e-15,2.03496901176335e-15,-6.95078295982264e-16,-2.87698492426531e-16
"t61",0.096050766720204,0.0289043588823799,-0.00957525859077317,-0.0106558943187685,-0.0147545369248449,-0.0360803851065604,0.179888578247775,0.000444250000216878,-0.229434902174187,0.254250232409918,0.000912017229364917,4.87683312520615e-05,-0.00062907444428811,0.00542529447752224,-0.00129293001417914,0.000102759217082282,-0.0116536845904792,9.81877449830748e-06,0.00943847741152698,-0.0398568222413351,-0.00771905816319707,-0.00518576624049795,0.00421119176620516,0.00212896478911496,0.00341290136249793,-0.0259888145024677,-0.0463400136737876,0.126847961321122,-4.70254789705012e-05,0.000493742239952792,0.0172046399999931,0.000365039232753439,-0.000258582697345821,0.000945697639527626,-0.00343908338345162,0.226474063689594,-0.0087691038960171,0.00134901044477478,-0.00121496666529039,-1.28467001338868e-16,-0.00232313444873748,-8.89890828020755e-05,-5.25395614986218e-08,0.00204151450045317,-1.2335512243293e-06,1.43242545359813e-06,0.000112942792244181,-0.00024078215551816,-2.60877728391841e-09,2.47637215189322e-06,2.75359011923373e-07,1.10919126357703e-09,2.50534984513537e-07,0.000293227438741613,-0.000190632189839797,-1.82605956158226e-05,2.52358469312967e-06,1.55039868206599e-07,4.95034052833999e-09,2.18367397872334e-05,-3.0658820207491e-16,-0.0114396795817325,-7.08911946516729e-06,-0.00161789437727525,1.28815137690117e-14,7.02886189805126e-08,-6.92154666914746e-16,-0.00276067919175205,-0.82143694321518,0.000295843906077767,-3.21357523924704e-16,-0.0264995436818476,-0.284557122529617,-0.000322091311725661,-0.000598875648577677,-1.27767199276769e-15,-3.30600867910905e-16,1.97830397623226e-05,0.00364231662016546,0.0141430286199865,0.00228522399933193,-0.0307098732509413,-6.35506752582303e-09,-2.26090657054011e-16,-3.91616878471566e-08,-1.48754169572007e-07,1.00769681978148e-08,5.91835579025492e-05,2.33320307518881e-16,5.51727092614959e-10,9.74021562883214e-10,-5.44703171456717e-16,-3.61903926585864e-09,-5.98281204677691e-06,-2.0643209364124e-16,6.89461947519348e-18,-2.50667542278649e-16,-5.51620056933311e-07,-6.02335595101694e-07,1.51788304147971e-17,1.50695159365512e-16,-4.6545055938825e-10,3.8242256794662e-06,1.42897846333589e-16,1.02543551821894e-16,-4.23595309229618e-06,4.32092192449836e-16,1.23205597980791e-09,-5.66048760898319e-18,6.1971538071655e-18,6.56859298837909e-06,-1.33515612434944e-07,-5.60761724288836e-17,3.689596763936e-17,2.26650591313633e-17,4.03463526413595e-16,1.39853755465408e-16,-1.20988255424461e-16,-6.12187602198828e-17,1.2410693690317e-16
"t102",0.0960442105003971,0.0288951880300278,-0.00957208448808664,-0.0106491621392233,-0.0147383755394454,-0.0360378975660976,0.179580134716751,0.00044338002635,-0.228957977472503,0.253232918327547,0.00090732874839713,4.84767123260455e-05,-0.000624720630063383,0.0053681095652421,-0.00127661753051234,0.000101442240644249,-0.0112651976213767,9.38621229969151e-06,0.00891239597215044,-0.0373219012645643,-0.00721828972796638,-0.00481537026705243,0.00383906624770967,0.00192631709853646,0.0029382081468863,-0.0206447149399335,-0.0363560287604912,0.0917986937239983,-2.64555857062832e-05,0.000273525239111835,0.00833830955062948,0.000112347108020872,5.17386261273239e-05,-0.000241583801768771,0.00772343271431243,-0.55520115719893,0.0276510569095224,-0.0056584637035625,0.00995384686154564,4.88669745095458e-16,0.0255174338857124,0.00178938515531192,-4.79739632803022e-07,0.0133950097115494,-8.07598940668376e-06,9.3543919334013e-06,0.000771360152028833,-0.00165017255709699,-2.09374949574157e-08,3.90226180245044e-05,1.9596359708862e-05,-9.9125028380062e-07,-1.52030103312988e-05,-0.00464826491186858,0.00294999681468774,0.000262484029396634,-2.26145638328412e-05,-8.15637370765892e-07,-2.4317168457593e-08,-5.88694260761632e-05,-3.14504351924999e-17,0.019018447887704,9.68082275440818e-06,0.00140323604886645,-6.3667421069158e-16,-3.98815082753142e-08,3.51823604971546e-16,0.000509376790425205,0.0850036278083716,3.21731959540329e-06,-3.84566510580608e-16,-0.0015683475976454,-0.0370046199538388,-7.28664221536173e-05,-0.000158955991092477,5.24552050821606e-19,2.84648086535805e-16,6.03949515983317e-06,0.00121604674474733,0.00499242558901337,0.000810285299680586,-0.0109424035939484,-2.50322625418276e-09,8.38669299756792e-17,-1.82422112585153e-08,-7.01866280634444e-08,5.01102842488839e-09,2.96456082637424e-05,7.37257477290143e-17,2.87930472189389e-10,5.20667060281579e-10,-9.6710833785707e-17,-2.13077650162497e-09,-3.52283264646685e-06,-1.19099608647533e-16,4.91540169404396e-16,-1.24927195324642e-16,-3.5275626534161e-07,-3.94154930651956e-07,8.63187559624334e-16,1.05165943286969e-15,-3.14659911990786e-10,2.59909669437014e-06,2.48322955080649e-15,1.75272864572551e-15,-2.94178017817746e-06,-0.707106781186548,8.80724374506536e-10,-1.12018079029964e-15,-1.95501644733781e-16,4.89309780032644e-06,-1.00650106471317e-07,3.28445498709841e-16,-2.24966944767772e-16,1.90331090701128e-17,-4.97960317681878e-16,-1.01316997667942e-16,2.01419640459852e-16,-1.75449509384207e-16,1.29289965768125e-16
"t103",0.0960442105003971,0.0288951880300278,-0.00957208448808664,-0.0106491621392233,-0.0147383755394454,-0.0360378975660976,0.179580134716751,0.00044338002635,-0.228957977472503,0.253232918327547,0.000907328748397131,4.84767123260199e-05,-0.000624720630063402,0.00536810956524211,-0.00127661753051232,0.000101442240644255,-0.0112651976213767,9.38621229973422e-06,0.0089123959721505,-0.0373219012645643,-0.00721828972796639,-0.00481537026705242,0.00383906624770968,0.00192631709853649,0.00293820814688629,-0.0206447149399335,-0.0363560287604912,0.0917986937239981,-2.64555857063243e-05,0.000273525239111742,0.00833830955062945,0.000112347108020865,5.17386261273395e-05,-0.000241583801768749,0.00772343271431236,-0.555201157198931,0.0276510569095224,-0.00565846370356238,0.00995384686154572,3.89434538208239e-16,0.0255174338857124,0.00178938515531135,-4.79739632815626e-07,0.0133950097115494,-8.07598940663468e-06,9.35439193343394e-06,0.000771360152028998,-0.00165017255709709,-2.09374949611308e-08,3.90226180250125e-05,1.95963597088064e-05,-9.91250283825557e-07,-1.52030103312787e-05,-0.00464826491186859,0.00294999681468761,0.000262484029396691,-2.26145638331836e-05,-8.15637370625836e-07,-2.43171690270431e-08,-5.88694260755542e-05,1.01829282240761e-17,0.0190184478877041,9.68082275461148e-06,0.00140323604886647,-1.82322506825789e-15,-3.98815082751515e-08,-8.67361737988404e-19,0.000509376790425746,0.0850036278083718,3.21731959529116e-06,-2.84115179299826e-16,-0.00156834759764534,-0.0370046199538386,-7.28664221534636e-05,-0.000158955991092798,2.8280127667506e-17,-3.30841943844235e-17,6.03949516018678e-06,0.0012160467447473,0.00499242558901375,0.00081028529968055,-0.0109424035939477,-2.50322597555635e-09,-3.57904807057706e-16,-1.82422119140239e-08,-7.01866278959352e-08,5.01102873247655e-09,2.96456082626998e-05,3.96275894043452e-17,2.87930407706465e-10,5.206667804094e-10,2.25297211442488e-16,-2.13077627475567e-09,-3.52283264483137e-06,1.84422789539784e-16,-5.12649924710181e-16,5.33346153699932e-16,-3.52756265364676e-07,-3.94154929319919e-07,-4.99817201515818e-16,-1.06470320610111e-15,-3.14660140960732e-10,2.59909669295509e-06,-2.06212542701312e-15,-1.73112187956553e-15,-2.94178017506428e-06,0.707106781186547,8.80725005512201e-10,1.22544295924392e-15,1.2732638930534e-16,4.89309780038531e-06,-1.00650106436297e-07,-3.80505005618324e-16,-3.30522697129351e-18,-1.19934081675899e-16,3.15814722298227e-16,-1.63767046709356e-16,-2.77364043972558e-16,-9.83898402956671e-17,1.61090123575553e-16
"t21",0.0931928242781545,0.0261794581292731,-0.00864503767224704,-0.00906749438690438,-0.0116395907075693,-0.0281136502647465,0.129887890547027,0.000310420913372613,-0.157784314660878,0.136807847031652,0.000423150216871691,2.01731480513117e-05,-0.000226755242831183,0.000966330893538471,-0.000109152416066982,7.78228394354106e-06,0.00774618509385597,-9.71494396932726e-06,-0.0124550920743321,0.0610599266760269,0.0120863558202765,0.00900945910122686,-0.00912314502000203,-0.00496998990929232,-0.0115205378187644,0.127057683205811,0.236796506110699,-0.822339052158922,0.000483417490156791,-0.00518117598616497,-0.211198142313205,-0.00636992752744342,0.0118345745133554,-0.049235414708839,-0.0131586058811792,0.087330473081583,0.0777051177899298,-0.0262240792939913,0.0629429020930251,-4.83919512719794e-16,0.168446111943826,0.0122925353349514,-3.27268639824674e-06,0.0834017255184563,-5.01585284169558e-05,5.56683776090855e-05,0.00443969521731427,-0.00948187177356825,-1.14772206015012e-07,0.000199634094867334,9.67731596777733e-05,-4.85094541865377e-06,-7.37663414574971e-05,-0.0220430843421203,0.0139798687393475,0.00124116699919963,-0.00010509834427709,-3.6882930674117e-06,-1.09501039624593e-07,-0.000253699728043739,3.82109216354958e-17,0.0783051069217705,3.9005863451358e-05,0.00533038363107309,2.84581189570293e-15,-1.40948925017592e-07,3.33066907387547e-16,0.00117810442518132,0.0872851372186066,9.91787355789659e-05,-1.17961196366423e-15,-0.0137101145272117,-0.22169411637116,-0.000361503420197255,-0.000753180106793583,-2.12859817124488e-16,7.08709853891154e-17,2.75407169186767e-05,0.0054140906572523,0.0219004643093801,0.00355029201138845,-0.0478821756032556,-1.06643405599349e-08,-5.0364563644187e-16,-7.41860331533728e-08,-2.84369581313171e-07,1.9988235344659e-08,0.000117989832617246,-8.32667268468867e-17,1.13141747359879e-09,2.03017689160247e-09,8.32667268468867e-17,-8.03347559481804e-09,-1.32813401413472e-05,-3.05311331771918e-16,-4.69048154083144e-17,-3.29597460435593e-17,-1.28646969727619e-06,-1.42273676025109e-06,-1.45716771982052e-16,-3.29115125037835e-18,-1.11828975940531e-09,9.21254475874222e-06,-1.04083408558608e-16,3.65981618276765e-17,-1.03111052809732e-05,3.73436786340125e-17,3.03769530363152e-09,-2.47072321700704e-17,2.96676516652625e-17,1.64490056777447e-05,-3.35613448282368e-07,3.81905111221687e-17,4.03577007590997e-17,-2.7401180232498e-17,2.22691214761209e-18,8.37272886802806e-18,1.21646929974235e-17,-1.49655328085436e-16,1.6213900510847e-16
"t16",0.0909956702567471,0.0242145325009503,-0.00797617460865253,-0.00798317205049946,-0.00964231783102355,-0.0230555183775902,0.099946662291482,0.000232188733064155,-0.11637730110153,0.0789237724149467,0.000201171814551597,7.91033659454112e-06,-6.45811361144009e-05,-0.000466549601513282,0.000225658558787432,-1.8751381528383e-05,0.00847131789402619,-8.85505429808024e-06,-0.00991588136687543,0.0451637649150053,0.00884173290153006,0.00624621845892327,-0.00560156866485279,-0.00292053568408961,-0.005306371561978,0.0430559991703933,0.0769212453535087,-0.206973566562347,6.00169402387899e-05,-0.000616443323270956,-0.0171473170015985,-4.86722003767833e-05,-0.00135997177337322,0.0061071403084447,0.00346353138166227,-0.00750106254071673,-0.0251793452540638,0.00901361000222949,-0.0245322297806656,2.09116250604685e-16,-0.0683792673674565,-0.00529918796588438,2.01272330834103e-06,-0.0664842039859313,4.02377082817093e-05,-4.96576694582649e-05,-0.00429547632786009,0.00921135688881583,1.24944491069448e-07,-0.000256987918253867,-0.000135789639397649,6.95900420698845e-06,0.00010805353922289,0.0341383464313164,-0.0216870313747416,-0.00193570167639539,0.000170897358957686,6.39991019640399e-06,1.91880635556745e-07,0.000490917177149503,-9.7079044902077e-17,-0.166303999996401,-8.61706680153061e-05,-0.0128795743743058,-9.77040554651203e-15,3.67591686158651e-07,-1.73385611423882e-15,-0.00349067605114185,-0.245802267935988,-0.000353072444917493,4.76962219719823e-15,0.0499666100397393,0.85117520613742,0.00152479245734734,0.00332854898069607,3.5881421741267e-16,-6.51479346713494e-16,-0.000128398785188145,-0.026343891430359,-0.109917812121977,-0.0178661594989459,0.241666764050014,5.76229924293759e-08,2.46228989415006e-15,4.7169112618508e-07,1.83741679614857e-06,-1.39020445677832e-07,-0.000829976619691433,3.40439482160448e-16,-8.53469681776423e-09,-1.60438852604332e-08,-4.75314232417645e-16,8.1449013761151e-08,0.000134698358099451,2.19008838842072e-16,2.28976085910701e-16,2.40692882291782e-17,1.87026688821741e-05,2.40328629379792e-05,2.12503625807159e-16,2.48354337119068e-16,2.51421942328023e-08,-0.000219712171644348,7.02563007770607e-17,2.35752129885885e-16,0.000331176560978286,-3.66255214890783e-17,-1.96766773036608e-07,-2.51535505407367e-17,-1.94726239601762e-17,0.00166173560808762,-1.86706076669824e-05,1.96640394100023e-16,2.39288520483757e-17,1.9875009010415e-17,-1.36707946771048e-16,-5.8033385618538e-17,-2.52191129446088e-16,-2.50477203178619e-17,1.63057619705991e-16
"t18",0.100412430485938,0.0439507601282809,-0.0151282156469422,0.0577676188880455,0.00367319049592373,0.00652718090824681,-0.00146459946502878,6.07360347438981e-06,-0.00447517925750983,-0.0049079221384939,-6.2839225599923e-05,-5.17404846812792e-06,9.24810200925498e-05,-0.00158125889069239,0.000472734188553312,-3.82749914541596e-05,0.0110219405888254,-1.22399380390638e-05,-0.0166857239115815,0.107239592349683,0.0231937884211962,0.0826642296847889,-4.896304951025e-05,-0.000752447720720239,-0.01288164089607,0.0397543064859239,0.0992207336439896,-0.0457471351790779,-5.86153235250133e-05,0.000721931210630915,0.130007949147575,0.000174465807835074,-0.0113539812164986,0.0138559898115018,0.00734043535619502,-0.00649383063741391,-0.0554989784592009,0.0200613927556791,-0.0565091609755283,1.66345450233765e-16,-0.159871460354516,-0.0127144115578946,6.56370317193237e-06,-0.444855452916749,0.000278740201004905,-0.00110318956527907,0.00962870744034502,0.0578046198366409,-6.12837918109315e-07,0.000454530939676869,0.000161796519119136,-7.52795207422958e-06,-0.000106773843445566,-0.0256538153500187,0.015959096645926,0.0131393934938876,0.000665280589051855,-3.08261019037061e-06,-8.84041264099383e-08,0.00087505291978312,8.34361269702322e-16,0.0266694726905937,0.000289914040203839,0.000439300416158324,-2.86901401717168e-15,8.44937078604228e-09,-1.61155810918245e-15,-0.000336818458198212,-0.0177502313562487,-6.02293696919687e-05,1.05818132034585e-16,0.0381111004383025,0.148413605003667,0.000260200046088476,0.000495637228393929,2.19026540788093e-15,2.80161113711933e-15,-9.64418397699646e-06,0.00385007582005791,0.158865849110324,0.0359821632145864,-0.799923736677916,3.69016240713265e-08,-8.45113265156601e-15,2.1198623192546e-07,8.20014669231876e-07,-6.0981302501574e-08,-0.000363631734741937,6.83481049534862e-16,-3.72988022108792e-09,-7.02162200669577e-09,-1.05818132034585e-15,3.64472790993081e-08,6.02776195028375e-05,3.12250225675825e-16,-7.37980719296667e-16,-1.50270421106491e-16,8.66922806876069e-06,0.000579294239320842,-5.01335084557297e-16,-9.3256346014637e-16,1.20167995887105e-08,-0.000105352743609805,1.34874750257197e-16,-4.38411284805766e-16,0.0051286913825498,4.49527927364329e-16,-9.74464695498167e-08,1.30353216992187e-16,-1.38350626423609e-16,0.0008479413277322,-9.61488311679911e-06,-2.31455089005976e-16,-5.14450788753957e-17,-2.83540893722383e-16,8.19861504923394e-17,-6.8224150560261e-17,-2.80039214559348e-16,4.70658795638153e-18,1.30149712153864e-16
"t19",0.101835329972346,0.0464472225770457,-0.0160250036815594,0.0646999885044901,0.004758682636665,0.0088284340204671,-0.00712898678450935,-4.54757813895696e-06,0.000311677663669318,-0.00387990549800613,-5.29358527391843e-05,-4.47410584829259e-06,8.16265635333334e-05,-0.00145970431018293,0.000443356669653392,-3.59442307705445e-05,0.0112253231347275,-1.28628562220019e-05,-0.0182234394399553,0.121314405631487,0.0264251770523779,0.0988756682021596,0.000815456131987047,-0.000473916777321459,-0.015287960074264,0.045926850003756,0.118286548159433,-0.0466882891872092,-7.01401551982425e-05,0.00086912204813133,0.16623913856911,-1.21029508637627e-05,-0.0147193237685871,0.0156306609592801,0.00913499047962776,-0.00811160305055907,-0.0700444495227079,0.0255954765170346,-0.0736327238692251,5.6643397811293e-16,-0.209808103915359,-0.0168701401664082,9.43967768833099e-06,-0.696668179922854,0.000437609588481841,-0.00181312024536857,0.0175819138840153,0.0955776219006315,-1.12065985655982e-06,0.000944792626678986,0.000366352075826156,-1.74753817885429e-05,-0.000254096005929141,-0.06605970627277,0.041288400920808,0.0290787802825187,0.00143793952795708,-9.52115330548709e-06,-2.78515246619065e-07,0.00221508131368042,3.62200384928574e-16,0.154066308518246,0.00105370982909891,0.00897571977631172,3.12892978737807e-15,-2.15719712475838e-07,1.11716191852906e-15,0.00137939358233033,0.0564265433271578,0.000136881919281749,-1.67400815431762e-15,-0.124882879695012,-0.221577887237925,-0.000280117691733197,-0.000458970786937082,-1.59131411309432e-15,-1.98883232644575e-15,7.55985985007208e-06,-0.00264948251284502,-0.0995717377748342,-0.0223731698656058,0.493007147692464,-1.85279456061359e-08,5.05645477246201e-15,-6.40315248239074e-08,-2.34787901409045e-07,1.34919598063221e-08,7.71435153882688e-05,1.00613961606655e-16,5.98854575303842e-10,9.13207467094214e-10,6.86950496486816e-16,-1.90108288920104e-10,-3.06759139825363e-07,9.36750677027476e-17,3.94481955785999e-16,2.78423117894278e-16,9.05613246826982e-07,0.000214536776427466,4.78783679369599e-16,7.15580455294716e-16,2.16224201434259e-09,-1.97274965566597e-05,1.30104260698261e-16,3.44308641387713e-16,0.00233696141236439,-4.33958353151676e-16,-2.50725064251944e-08,-1.99374916725256e-16,1.15633677014465e-16,0.000267788278535231,-3.20130360005437e-06,1.38783822682362e-16,6.56966887873094e-18,1.57136447788311e-16,-2.86742621702097e-17,5.8575720645376e-17,-2.28904580282331e-16,-5.01857270772089e-17,9.20945953134928e-17
"t100",0.110979956643183,0.0633401451994212,-0.022107401197201,0.113739291888,0.0128403947440012,0.0261007342357069,-0.051745930711081,-8.98974834903284e-05,0.0391471553158121,0.00566396683088788,4.58142346608765e-05,2.86889853878014e-06,-3.8813008909776e-05,0.00021647044547945,-1.96706725800081e-05,1.28889727454275e-06,0.00549408871945191,-9.69451259166983e-06,-0.0211557905590797,0.193622351983463,0.0446259759002766,0.231659753958841,0.0149603370575853,0.00547690872511665,-0.0359967884487369,0.0796429012826836,0.324338633871935,0.250833442037783,0.000156641023168827,-0.00195056215831845,-0.425317901720424,0.002724821346731,-0.0388134130462103,0.00216861511966124,-0.000489149758928362,0.000469851898846952,0.00478404823377447,-0.00196647624216159,0.00648040438768935,-7.95123377232029e-17,0.0189982871288581,0.00157766598648998,-9.082583968588e-07,0.0612736063015363,-3.83863183146181e-05,0.000154365037792411,-0.00675823995168254,0.00924195053917381,7.13752485300231e-08,-5.19064781353429e-05,-1.822256258565e-05,8.47420047012798e-07,1.20551496862343e-05,0.00361400593568499,-0.00242270556100979,0.00734401042064741,0.000559874807944541,3.2407483536796e-07,9.31628295862408e-09,0.00105888536754886,-4.5183768188885e-17,-0.00327445035937833,0.000394495372711974,-0.000117692203663285,1.67488629209497e-15,1.79347382431305e-09,-2.41126563160776e-16,1.38915968454116e-06,0.000231328172970613,1.79397138574283e-06,-1.25160298791727e-15,-0.0178588787870623,-0.000980940468508095,-3.44357887585404e-06,-6.80662363396251e-06,9.62606626827407e-16,-1.4260339454688e-15,1.3177385320591e-07,-5.12895981387204e-05,-0.00206031976304963,-0.00046544632540889,0.0103173323610484,-4.38936842818774e-10,0.707106781186548,-1.89591054498579e-09,-7.07870625570733e-09,4.38880662714802e-10,2.53662816900672e-06,6.30702087778268e-15,2.09507658617547e-11,3.31670677488e-11,-6.93889390390723e-18,-8.10453375417464e-12,-1.3079394463817e-08,3.19189119579733e-16,-2.21112144327309e-16,1.98625837999344e-16,4.49923397465027e-08,0.000331114148434106,1.01481323344643e-16,1.6816774912079e-16,1.2082786962804e-10,-1.11715090350922e-06,2.62810606610486e-16,4.58911659755317e-17,0.0032396319622672,2.88951627049385e-16,-1.56060776627942e-09,1.6556945125743e-16,-3.59582888549243e-16,1.85114639055135e-05,-2.28302626203297e-07,1.21626605907496e-17,4.37071970027835e-17,-7.68007575075891e-17,3.46154595558143e-17,7.59476166497571e-17,1.20124880971757e-16,-1.51530222296287e-16,1.894044831213e-16
"t65",0.110979956643183,0.0633401451994212,-0.022107401197201,0.113739291888,0.0128403947440012,0.0261007342357069,-0.051745930711081,-8.98974834903213e-05,0.0391471553158121,0.00566396683088788,4.58142346608577e-05,2.86889853875704e-06,-3.88130089097746e-05,0.00021647044547949,-1.96706725800024e-05,1.28889727454702e-06,0.00549408871945189,-9.6945125915085e-06,-0.0211557905590797,0.193622351983463,0.0446259759002765,0.231659753958841,0.0149603370575853,0.00547690872511674,-0.0359967884487369,0.0796429012826836,0.324338633871935,0.250833442037783,0.000156641023168665,-0.00195056215831832,-0.425317901720424,0.00272482134673093,-0.0388134130462104,0.00216861511966138,-0.000489149758928226,0.000469851898846975,0.00478404823377441,-0.00196647624216167,0.0064804043876893,1.21173818764556e-16,0.0189982871288582,0.00157766598648985,-9.08258396799927e-07,0.0612736063015363,-3.83863183145905e-05,0.000154365037792382,-0.00675823995168274,0.00924195053917398,7.13752486803613e-08,-5.19064781352958e-05,-1.8222562585802e-05,8.47420047020604e-07,1.20551496863019e-05,0.00361400593568532,-0.00242270556100939,0.00734401042064711,0.000559874807944154,3.24074836074822e-07,9.31628266632317e-09,0.00105888536754781,-2.63758926161964e-16,-0.00327445035937847,0.000394495372712433,-0.00011769220366289,-1.66619112263637e-15,1.79347338174173e-09,2.75821032680312e-16,1.38915968545617e-06,0.000231328172970616,1.79397138710491e-06,1.16139736716647e-15,-0.017858878787061,-0.000980940468508448,-3.44357887797084e-06,-6.80662363479788e-06,-1.01844758273815e-15,1.24588593463802e-15,1.31773854043782e-07,-5.12895981462214e-05,-0.00206031976304947,-0.000465446325406339,0.0103173323610632,-4.38958319779609e-10,-0.707106781186547,-1.8959102409755e-09,-7.07870810318784e-09,4.38881747784337e-10,2.53662816974367e-06,-6.09711933718948e-15,2.09522395093475e-11,3.31678642460676e-11,8.32667268468867e-17,-8.10395197128888e-12,-1.30793944346384e-08,-4.47558656802016e-16,1.40760771517967e-16,-3.16587034365767e-16,4.49923398778538e-08,0.000331114148433447,-1.98625837999344e-16,-2.68982566816798e-16,1.20827532224324e-10,-1.11715090300691e-06,-4.64038529823796e-16,-4.33036083516466e-17,0.00323963196226708,-2.10527075433924e-16,-1.56060765178767e-09,-1.87906392424908e-16,2.65300080239418e-16,1.85114639055612e-05,-2.28302626052376e-07,-3.09065510693674e-17,3.9372134117062e-18,-3.71765562383114e-17,-6.95475701227824e-17,3.74320054501902e-16,-7.0694701406152e-17,-1.40035138170369e-16,2.22145271147476e-16
"t134",0.114207160438262,0.0696115365940967,-0.0243705748888619,0.132750656712381,0.0161323238584972,0.0331911068626291,-0.0709249387751886,-0.000127286647515339,0.0563136017177587,0.0104404164543013,9.84664044248542e-05,6.95939356211443e-06,-0.000109140896152052,0.00137528378094925,-0.000370697500636499,2.9764460988319e-05,-0.00657106415035788,7.79371770901621e-06,0.0127423116568925,-0.100778190637052,-0.0227477818373834,-0.107217775361785,-0.00582063615620527,-0.00205210633483763,-0.115440097076342,-0.00158049696212527,-0.00731519624373983,-0.00448119442785893,9.19106739425074e-07,-1.3261602638313e-05,-0.00565926079919911,6.67745853696819e-05,-0.00594744152046158,-0.000174054112502087,-9.3449310036341e-06,8.59892132072399e-06,7.46288562565778e-05,-2.3531147567563e-05,1.53613856157152e-05,6.91257162555684e-17,-3.26355553030202e-05,-1.40944877544663e-05,1.01015852934164e-07,-0.029154883404459,1.91012456472082e-05,-0.000207093208035028,0.124284727394057,-0.375652901146272,1.09244158121491e-07,-4.33502063301458e-05,-1.5117109534335e-05,7.41811379290427e-07,1.16370411168791e-05,0.0141013141405615,-0.0114571890093828,0.134131835595091,-0.0690916188931077,3.32222891113914e-09,5.40070470983478e-11,-0.777977030099786,-2.71635890291399e-15,-0.00251685602813194,0.348199625736535,-5.17457532421047e-05,1.34959688430091e-15,7.82890974271311e-10,-1.10328413072125e-15,5.8981201134387e-07,9.76606000830912e-05,7.51839266650541e-07,-2.42861286636753e-17,-0.00746398056286513,-0.000408535645675728,-1.42921332014698e-06,-2.82272231049678e-06,-2.56300629519022e-17,-3.87991744923946e-16,5.46282613970994e-08,-2.12652286374671e-05,-0.000854475233900528,-0.000193040422125278,0.00427919349783807,-1.82278375986805e-10,7.43403280754562e-16,-7.91620947179078e-10,-2.95778112939515e-09,1.84061136124236e-10,1.06449108190179e-06,-1.50920942409982e-16,8.82920559580613e-12,1.40206800434018e-11,-1.73472347597681e-16,-3.50161479673039e-12,-5.65117593954274e-09,-6.10622663543836e-16,4.58737774546111e-17,8.15320033709099e-17,2.05532979110176e-08,0.000881867417894072,1.78676518025611e-16,-2.15755257863987e-17,6.67564233058915e-11,-6.5578272023456e-07,-4.09394740330526e-16,-2.89294006742715e-16,0.0546997941867485,-1.17428229346875e-16,-4.38875179253895e-10,7.0205348206057e-18,-2.20989491065273e-16,6.71034367965596e-06,-8.47908412475451e-08,-1.07109561671421e-17,-7.98476504294546e-17,5.62604844884732e-17,2.18874468720285e-16,3.91636187189291e-17,1.35208454904269e-16,-1.45708186417514e-16,7.69452126046562e-16
"t131",0.115161712025135,0.071449134955855,-0.0250334385007708,0.138277627766183,0.0170810056780153,0.0352316751279943,-0.0764010251036166,-0.000137928167430362,0.0611920763662192,0.0117709686382577,0.00011299324131525,8.0807525401047e-06,-0.000128291912109129,0.00168391244758735,-0.000463167139457435,3.72581552133863e-05,-0.00951677046895491,1.19583776026291e-05,0.0206700740266276,-0.169193049609605,-0.0383962256219091,-0.185906902629638,-0.0107668967167847,-0.00388979876220976,-0.252144239351229,-0.00414701761345278,-0.0196805997295666,-0.0139723071083525,4.09099513928434e-06,-6.01212118283637e-05,-0.029737195997494,0.000516940130001323,-0.287163903602007,-0.0141592380467716,6.63476423268744e-05,-5.77310800100377e-05,-0.000434081920759341,0.000119530006383371,-6.21527272975631e-05,-4.85980915035849e-17,0.000123316550192713,4.82786383326854e-05,-2.02360273371394e-07,0.0406811541590516,-2.64264532356629e-05,0.000248921068333318,-0.134720568770197,0.405141983867248,-1.03090291192487e-07,3.55123396959619e-05,1.23515534292506e-05,-6.16615734715109e-07,-9.94109640100813e-06,-0.014182694759463,0.0116171553077036,-0.139816246590307,0.104667960865115,9.72293009992114e-09,9.12989857326796e-11,-0.101294970332772,-1.12498686412957e-16,1.16393893828427e-05,-0.0309315957125965,7.0021250839214e-08,-1.04226239108309e-15,3.18448219183143e-12,9.8879238130678e-16,1.98309388085654e-08,4.272172698302e-06,4.58599230465651e-08,9.71445146547012e-17,-0.000518656508357618,-3.40933996587011e-05,-1.51229461812716e-07,-3.28205820726775e-07,5.73429649131901e-17,-2.1413007107967e-16,6.98508182891966e-09,-2.91013097683606e-06,-0.000122371838663197,-2.77499550159818e-05,0.000617693088572178,-2.87804511125977e-11,1.68225210329016e-16,-1.48969602495677e-10,-5.65066108487722e-10,3.75253612905357e-11,2.19087544466447e-07,1.40512601554121e-16,1.92133461918154e-12,3.15929309894093e-12,-1.80411241501588e-16,-9.30985323555067e-13,-1.5028181047413e-09,4.85722573273506e-17,8.04613617524942e-17,-1.8995222061946e-16,6.80163878855283e-09,0.000322937546753706,-1.80411241501588e-16,6.8668613283231e-17,3.16539858560838e-11,-3.34941050777939e-07,-2.53269627492614e-16,9.62484488685678e-17,0.0576719806508593,-1.69264706901861e-16,3.194485648228e-11,-4.69770812295426e-18,1.69740421235022e-16,1.37525388171564e-06,-1.96776280790567e-08,1.32400512104662e-19,2.28849500709582e-16,-6.8014203473346e-17,-5.10981046399192e-16,-4.50283655000796e-16,3.22218579560213e-16,-2.13157629202349e-15,0.707106781186548
"t132",0.115161712025135,0.071449134955855,-0.0250334385007708,0.138277627766183,0.0170810056780152,0.0352316751279943,-0.0764010251036165,-0.000137928167430357,0.0611920763662192,0.0117709686382577,0.00011299324131526,8.08075254010392e-06,-0.000128291912109146,0.00168391244758737,-0.000463167139457441,3.72581552133977e-05,-0.00951677046895489,1.19583776025667e-05,0.0206700740266276,-0.169193049609605,-0.038396225621909,-0.185906902629638,-0.0107668967167848,-0.0038897987622098,-0.252144239351229,-0.00414701761345276,-0.0196805997295665,-0.0139723071083525,4.09099513924227e-06,-6.01212118284296e-05,-0.0297371959974941,0.000516940130001385,-0.287163903602007,-0.0141592380467716,6.63476423269048e-05,-5.77310800099969e-05,-0.000434081920759314,0.000119530006383438,-6.21527272975655e-05,-1.43983967256556e-16,0.000123316550192595,4.82786383326907e-05,-2.02360273517544e-07,0.0406811541590514,-2.64264532356797e-05,0.000248921068333319,-0.134720568770197,0.405141983867248,-1.0309029110651e-07,3.55123396961411e-05,1.23515534292784e-05,-6.16615734402859e-07,-9.94109640101853e-06,-0.014182694759463,0.011617155307704,-0.139816246590307,0.104667960865115,9.72293011454093e-09,9.12991141022168e-11,-0.101294970332773,7.48514489918918e-17,1.16393893828635e-05,-0.030931595712596,7.00212508461528e-08,-9.34709535572256e-16,3.18410055266671e-12,9.85322934354826e-16,1.98309389819835e-08,4.27217269830222e-06,4.58599232022565e-08,-1.04083408558608e-17,-0.000518656508357744,-3.40933996587401e-05,-1.51229461760674e-07,-3.28205820643792e-07,5.30771075194133e-19,3.85920035139495e-16,6.98508162422229e-09,-2.91013097684156e-06,-0.000122371838663367,-2.77499550160546e-05,0.000617693088572259,-2.87803600396153e-11,-2.74141465590383e-17,-1.48969605965124e-10,-5.65065834401413e-10,3.75254237405809e-11,2.1908754448542e-07,-6.41847686111419e-17,1.92122706632603e-12,3.15939302172365e-12,-1.38777878078145e-17,-9.31120631986193e-13,-1.50281779186766e-09,7.97972798949331e-17,-1.10084718000856e-17,2.60208521396521e-16,6.80163871443406e-09,0.000322937546753141,1.00613961606655e-16,-1.8546837581247e-16,3.1653829730971e-11,-3.34941050813067e-07,-2.0643209364124e-16,-1.88073191232344e-17,0.057671980650859,1.38942002169646e-16,3.19447315821897e-11,-3.30997478695894e-17,1.47046922352623e-16,1.37525388177462e-06,-1.96776278760941e-08,3.96153643155603e-17,-1.91133651222942e-16,1.50722641084287e-17,2.33940596293433e-16,5.97489324168173e-16,-6.804515899709e-16,1.53934210508925e-15,-0.707106781186548
"t63",0.114761052791728,0.0706729725054584,-0.024753382769471,0.135931252948721,0.0166760360728898,0.0343598759937218,-0.0740501571042944,-0.000133351068861938,0.0590918852870548,0.0111915583845686,0.000106633843458622,7.5881631346935e-06,-0.000119849553416263,0.00154631530924465,-0.000421719266991996,3.38976140138045e-05,-0.00814937090071403,1.00018749930805e-05,0.0169054928599886,-0.136500963312272,-0.0309114370576122,-0.148091710006633,-0.00836428051250348,-0.00299371501005136,-0.184118778569022,-0.00284158148831446,-0.0133742592011117,-0.00906189124346804,2.40548943840802e-06,-3.51923879343199e-05,-0.0168204236982766,0.000271345961019985,-0.129100578505643,-0.00628036060227248,2.18565685561416e-05,-1.86547030876054e-05,-0.000132450867799071,3.41057027447677e-05,-1.52009438098225e-05,-4.77421882427665e-17,2.83782055887985e-05,1.00077006803608e-05,-4.21378392205171e-09,-0.00842922387692153,5.66269449876321e-06,-8.66214875732052e-05,0.0637523740412104,-0.194523976228557,7.25272842349331e-08,-4.20710173481978e-05,-1.91156033482239e-05,1.02339174052127e-06,1.76366566269522e-05,0.0302056856759472,-0.0248811005801034,0.304866511061379,-0.263554486609767,-3.10919709581322e-08,-3.03312601597494e-10,0.517273046812856,9.02600182463194e-16,-0.000101052784773917,0.362535743914757,-2.769474351242e-06,1.89367200118824e-15,1.69990191627861e-10,-3.27862736959617e-15,2.28959736231939e-07,4.14748303396486e-05,3.59784963936856e-07,-5.60315682740509e-16,-0.0037513347057134,-0.000220590521696779,-8.52562142009128e-07,-1.75690979327125e-06,1.87041484760819e-16,-4.79145878020026e-16,3.55713028702548e-08,-1.43255529353143e-05,-0.000589441628624684,-0.000133431352917801,0.00296435784968212,-1.32729486256034e-10,-3.01989069166284e-16,-6.44931240573535e-10,-2.43596521599942e-09,1.59278885220049e-10,9.28216079624654e-07,-7.99707522425308e-16,8.0714289418804e-12,1.32317998585382e-11,2.0122792321331e-16,-3.96043527833845e-12,-6.39329034857064e-09,5.25621213220973e-16,5.07836883255715e-17,-4.63171168085807e-16,3.21362509003622e-08,0.00163852020119864,-2.0122792321331e-16,-2.43785695175734e-16,1.93172451125323e-10,-2.14245955772836e-06,-1.90646110009851e-15,-8.90599468458923e-16,0.495852616384598,-1.20169790068242e-15,1.45237311066637e-09,-2.396927797912e-16,-1.7156993095692e-16,-3.5614780603023e-06,2.63920330902112e-08,-2.58286288994973e-17,-2.36666187209303e-17,-4.0472047253326e-17,3.62450597656078e-16,1.80922191326288e-16,-7.44191303261193e-17,-1.85287204439185e-16,-3.1216292741042e-17
"t64",0.114415132174012,0.070017278890217,-0.0245170193059403,0.133984054308983,0.0163464448850971,0.0336524574062169,-0.0721751467767551,-0.000129725440370126,0.0574336308700809,0.010752827988761,0.000101911812498116,7.22708409938807e-06,-0.000113742792510615,0.00145098798846661,-0.000393596958876235,3.1621804847601e-05,-0.00734445094706557,8.9075536816724e-06,0.0148967649981178,-0.119540146149662,-0.0270450548131254,-0.128971038644261,-0.00720831504588467,-0.00257033218925077,-0.15500520622017,-0.00234274593717829,-0.0109986711410624,-0.0073526161049938,1.90430862654343e-06,-2.78315325260518e-05,-0.0132021840644881,0.000209808732874368,-0.0972820440876198,-0.0047232147255362,1.58760835893201e-05,-1.35260474697199e-05,-9.55515852607892e-05,2.44702425053278e-05,-1.07881363356252e-05,4.74740803529333e-17,2.00644698490227e-05,7.03465457430351e-06,-2.83647832110233e-09,-0.0054275405241756,3.64160648626494e-06,-5.44634351859839e-05,0.0393191999698186,-0.119850350466464,4.33409847823201e-08,-2.38288247516217e-05,-1.04821142412051e-05,5.56198596289234e-07,9.50268957919734e-06,0.0158837408684392,-0.013073852987353,0.159804557660089,-0.13545719467637,-1.54611925998627e-08,-1.50037371415834e-10,0.241538902354842,2.51967266602104e-16,-4.43170870571309e-05,0.154359621791666,-1.09362075208751e-06,3.78948897832838e-15,6.22487582313536e-11,-1.65839564303383e-15,7.00001532131128e-08,1.18893230896878e-05,9.11362447748171e-08,-1.56125112837913e-17,-0.000886069048481142,-4.56022321310028e-05,-1.32313708793227e-07,-2.26437856184353e-07,1.95701143654864e-16,-2.94700068269553e-16,3.47942690805125e-09,-1.03465084401574e-06,-3.13768417835311e-05,-6.88343200928865e-06,0.000147520328838774,-8.57705399759379e-13,-6.30488378657328e-17,6.75470408773027e-11,2.83420979393934e-10,-2.72256800437631e-11,-1.66648172647321e-07,2.25514051876985e-16,-1.88737653977755e-12,-3.58940468290375e-12,2.28983498828939e-16,1.92967039916447e-12,3.11697781993391e-09,-1.02175212735034e-15,-2.09713882805767e-16,4.51895465491958e-16,-2.70986932956064e-08,-0.00164506538749691,2.67147415300428e-16,5.31938226641553e-16,-2.55698661896786e-10,2.98014312254211e-06,3.78863607153335e-15,1.39642797262572e-15,-0.858421097175066,1.86650619462597e-15,-3.58938147260179e-09,6.18679170443092e-16,-2.9565014484165e-16,1.9281996225827e-05,-2.09057756090855e-07,-5.76869411848613e-17,-8.60219675192259e-17,5.44058406376512e-18,1.8871164872582e-16,-2.2095424665029e-16,-8.85943825178359e-17,-1.06966861669841e-16,3.3108587806674e-16
"t45",0.114372526063628,0.0699292448321069,-0.0244851694629706,0.133704661185538,0.0162957786737264,0.0335425925930881,-0.0718666697445985,-0.000129115506779412,0.0571517657169452,0.0106681129395192,0.0001009477314627,7.1506961592363e-06,-0.000112403861802107,0.00142764849949806,-0.00038635473728077,3.10330800402737e-05,-0.0070628134220897,8.48533791027867e-06,0.0140524839678447,-0.11205174208782,-0.025325204812646,-0.120149583327651,-0.0066292752508039,-0.00235196646392485,-0.137512694568056,-0.00198986616494348,-0.00928447276940723,-0.00597982260133265,1.4114362065032e-06,-2.05294680698156e-05,-0.00937245284132811,0.000135368363374258,-0.0478204467635442,-0.00225249857939485,1.48913889915859e-06,-8.74446200639254e-07,2.42870444909027e-06,-3.36875434027396e-06,4.59763865408996e-06,6.01035642643042e-17,-1.10960372705481e-05,-5.55394922309453e-06,6.25988621489985e-08,-0.0213076420650092,1.40071816947029e-05,-0.000160384015558524,0.100268613546353,-0.303693215965276,9.38871774454949e-08,-4.21790220968452e-05,-1.64767307094774e-05,8.43647288037777e-07,1.38951113072099e-05,0.0206291414243387,-0.0169088781371078,0.203887395192719,-0.15225800772822,-1.25720366363135e-08,-1.13236546875339e-10,-0.0388120835633343,1.95712192201292e-16,0.000114063411297743,-0.848861672740191,-4.84476433809718e-05,-2.71138658890269e-15,6.47236782832378e-10,3.44169137633799e-15,4.73682024763794e-07,7.85536785309949e-05,6.07805838144602e-07,8.13585310233123e-16,-0.00605237752641539,-0.000333049486898626,-1.17566252103365e-06,-2.33190582048422e-06,-8.07544705636247e-16,4.22408477666116e-17,4.5344600308958e-08,-1.77166229102549e-05,-0.000713750681854238,-0.000161284125204107,0.00357611724176645,-1.53182922943418e-10,-2.26742863989997e-16,-6.73693883665449e-10,-2.52020162898325e-09,1.57689451774079e-10,9.12739845851542e-07,3.64291929955129e-16,7.60942437533219e-12,1.21259076252809e-11,-1.87350135405495e-16,-3.08670276838452e-12,-4.98175963469741e-09,5.56846235788555e-16,-7.28887373734424e-17,4.85722573273506e-17,1.8774027884009e-08,0.000822905769512963,-8.67361737988404e-17,-1.522461244992e-16,6.66879004275478e-11,-6.70344659252017e-07,-5.84601811404184e-16,-1.93123303504615e-16,0.0753672733413765,-1.63511259809113e-16,-2.74595471361216e-10,-1.22009197293306e-16,2.40604945645785e-16,5.36527243108834e-06,-6.90461842960816e-08,1.53646445592454e-16,1.61882070606356e-16,-1.12299506302341e-16,-7.30992351035364e-16,-3.1200770727701e-16,4.2759130192157e-16,4.01362279619647e-16,-1.48740206553186e-16
"t41",0.113882194860124,0.0689876104840182,-0.0241455367961738,0.130878187622494,0.0158117016500791,0.0325017214989039,-0.0690789108341269,-0.000123702435816312,0.05467113690532,0.00999485441342439,9.36141995727092e-05,6.58547466830182e-06,-0.00010276616885515,0.00127314387832874,-0.000340181564744834,2.72921041248775e-05,-0.00561821317950481,6.45662502319483e-06,0.010214900774694,-0.0790598106165782,-0.0177834380638854,-0.0823358696018404,-0.00426859722613044,-0.00147711107009658,-0.0733366674896014,-0.000804625147788134,-0.00358598548725396,-0.00165670294931013,4.55519554368178e-10,2.93469950594233e-07,0.00124186744341258,-5.97416031575572e-05,0.070087411673584,0.00359502079260104,-2.84403356079405e-05,2.52667555247189e-05,0.000201009271101155,-5.86172370552209e-05,3.38532159209992e-05,1.52214259430796e-18,-6.94621565987975e-05,-2.85814154216147e-05,1.61054504167714e-07,-0.0394894361094048,2.57604533424154e-05,-0.000258008726413813,0.143697116880284,-0.432483856056457,1.0793927141968e-07,-2.2562700492432e-05,1.46008696954919e-06,-2.81617544940077e-07,-8.62998873021881e-06,-0.0386871805387658,0.0326542886089581,-0.432143777180328,0.690312035949653,4.72899772963159e-07,1.30787360542312e-08,0.214198070934078,1.08953194981403e-15,-0.00252465361063427,0.0310346825210559,-8.21159810016972e-05,-1.86171452983255e-15,1.20104520079378e-09,-8.17054757185076e-16,8.74412475598211e-07,0.000143557860818407,1.09063412170028e-06,-2.46330733588707e-16,-0.0107615162436294,-0.000583401744745884,-2.0116790574393e-06,-3.94752780918831e-06,2.52830512297525e-17,1.86851302178356e-16,7.58656537938607e-08,-2.93765040654522e-05,-0.00117604772136537,-0.000265606426430242,0.00588576623174307,-2.48784793547424e-10,4.00597234092176e-18,-1.06242893877038e-09,-3.96341132483102e-09,2.44920453709718e-10,1.41497354016467e-06,2.55004350968591e-16,1.1661218865533e-11,1.84405056871152e-11,-2.42861286636753e-16,-4.50326755052632e-12,-7.2678168233669e-09,1.52655665885959e-16,1.8555181382639e-17,5.72458747072346e-17,2.54364441521681e-08,0.00106707595367095,-1.57859836313889e-16,1.08973678969061e-16,7.49220798249017e-11,-7.16129605192678e-07,-1.4658413372004e-16,1.49477700508314e-16,0.0347316032267338,1.1601391098281e-16,-6.9902112570519e-10,-2.59185567001669e-17,1.47006992491376e-16,9.1595343798094e-06,-1.13994086600733e-07,-4.09647493274335e-18,3.80031480807082e-17,2.33539962359422e-17,3.36453315764564e-16,-3.30428960994478e-17,2.12278905538065e-17,-1.72876469118769e-16,4.08834853143263e-16
"t42",0.113614921525788,0.0684685756889157,-0.0239582368931664,0.129305636831522,0.0155395691273269,0.0319156382001127,-0.0674944245327427,-0.000120614144594071,0.0532533501554977,0.0096008441444662,8.92732341909263e-05,6.24834261215845e-06,-9.69717681219727e-05,0.00117775499494119,-0.000311295741044178,2.49489208562607e-05,-0.00462239380144129,5.00393514136707e-06,0.00736449100600147,-0.0539959063700914,-0.0120337668421639,-0.0529958180910124,-0.00235812480830078,-0.000757812659116648,-0.0155705544868265,0.00038991160921987,0.00224394685310777,0.00316300850479152,-1.89808869271329e-06,2.85621082364521e-05,0.0166748038264826,-0.000390993010841641,0.354260929526013,0.018157619513625,-0.000209370387510285,0.000195635997386554,0.00185842881361657,-0.000716640902223558,0.00212616038663306,1.63870675037687e-16,0.00603967184525409,0.000479099075389597,-2.02118045327781e-07,0.0078610179690084,-4.78633250653894e-06,4.54553780190122e-06,0.00672609204227372,-0.0209908576395098,2.34510309367569e-09,2.08074343651884e-05,1.97331609824967e-05,-1.25093710148533e-06,-2.5210743567405e-05,-0.0646473798272811,0.0538373143978232,-0.681947561514334,-0.584492393757621,6.86548076760412e-07,1.83579458453396e-08,0.0300357856638318,-2.17390098224778e-16,-0.00327054489897185,0.00689928799366378,-9.89883130123569e-05,-3.5597307450625e-15,1.4108476420558e-09,5.10008701937181e-16,9.99805317474739e-07,0.000163310971439219,1.23219629536819e-06,-2.78423117894278e-16,-0.0121242128978612,-0.000654626742555498,-2.24517012623266e-06,-4.39609343729709e-06,3.22433293340449e-18,-8.23428736463794e-16,8.42972488705046e-08,-3.25880914484859e-05,-0.00130316810247445,-0.00029428881712985,0.00652069272871813,-2.74997912028813e-10,1.46531081494069e-16,-1.16871534325269e-09,-4.35793981110044e-09,2.68749623250075e-10,1.55215160759596e-06,8.76035355368288e-17,1.27670114064005e-11,2.01627932591415e-11,1.90819582357449e-16,-4.8857287573284e-12,-7.8847916998965e-09,-7.80625564189563e-17,8.2354365806424e-17,1.9819215713035e-16,2.71296104198681e-08,0.00112468737642993,7.97972798949331e-17,-4.53678527354065e-17,7.54070555997188e-11,-7.0733998791192e-07,-5.3776427755281e-17,-4.27755333196231e-16,0.0165864975112009,-1.4366536725804e-16,-8.50091663728847e-10,-8.88270618213434e-17,6.54624813212123e-17,1.04345991939828e-05,-1.29030809568192e-07,-6.76380038505271e-18,-2.79073355801975e-17,-1.03289756545637e-16,-1.94568567425802e-16,-1.92181802612583e-16,-2.58362599410413e-16,-7.62983452761482e-18,7.68122340522694e-17
"t58",0.113882982850506,0.0689743519759563,-0.0241405186568473,0.13080113556625,0.0157913510718592,0.0324555762445877,-0.0689178085244889,-0.000123360120624788,0.0545078731684407,0.00992732351139543,9.27553482475428e-05,6.5128845242916e-06,-0.000101413935464435,0.00124526802819322,-0.000330915018934903,2.65343323652583e-05,-0.00510426378948515,5.60504973476025e-06,0.008360738041001,-0.0618007409072376,-0.0137905511763802,-0.0611138856589002,-0.00275970584007987,-0.000891705802677114,-0.0188848450016055,0.000490158309036494,0.00283386941337301,0.00409853407898663,-2.59221505956655e-06,3.90996413698781e-05,0.0232391639148898,-0.000566172176409916,0.553449004090759,0.0285487215709056,-0.000375564299555581,0.000353723988251954,0.00343883437801778,-0.00136132103857801,0.00427502510072731,-2.57246469727109e-17,0.0124032890542218,0.00101849463550528,-6.11932567315984e-07,0.0542214221576435,-3.44467508419326e-05,0.00021087891794844,-0.0709196871432118,0.206875108567125,-7.16118984454123e-09,-2.28245490714581e-05,-1.34018439898955e-05,7.47528283665672e-07,1.3302979375733e-05,0.0238054779153476,-0.0195950533076172,0.239075332141831,0.148580286585747,-8.89562614313693e-08,-2.07324457558375e-09,0.000904383550317399,4.26643616257449e-16,-0.000434566701026795,0.00117028529613763,-2.39281621418463e-05,3.1236381613249e-15,4.13885721268353e-10,3.98986399474666e-16,3.71828246914091e-07,6.38337986909926e-05,5.16780318753291e-07,1.96023752785379e-16,-0.00523929306558593,-0.000295657982861068,-1.07743466383741e-06,-2.1631208648371e-06,8.7630583341754e-15,-0.707106781186546,4.25583661749218e-08,-1.67610391872778e-05,-0.000678704647423574,-0.000153428070677588,0.00340346390658997,-1.47145773864155e-10,-1.24383707599057e-15,-6.56431191630065e-10,-2.45782068048622e-09,1.54256310849754e-10,8.93151608034212e-07,-1.48492329543615e-15,7.45487872821915e-12,1.18789604211132e-11,1.9220736113823e-15,-2.99310294431254e-12,-4.83033004338508e-09,5.90673343570103e-16,2.87592471729887e-16,-5.0263612716428e-16,1.72588662072684e-08,0.000723663085276263,-8.5868812060852e-17,4.5106027548519e-16,4.93414970340056e-11,-4.64147561196051e-07,3.20056481317721e-16,-3.8071290143172e-16,0.0110124409611695,3.55596841139477e-17,-5.73747997029139e-10,5.32485825568584e-17,8.57877171755472e-17,7.22042137209309e-06,-8.99644420409781e-08,-1.7827641134767e-16,-1.53362125302198e-16,1.38359212670503e-16,6.67956147782325e-18,7.86287680618292e-17,-7.43925468805595e-17,-7.19324231225125e-17,-7.64239444188003e-17
"t115",0.113882982850506,0.0689743519759563,-0.0241405186568473,0.13080113556625,0.0157913510718592,0.0324555762445877,-0.0689178085244889,-0.000123360120624795,0.0545078731684407,0.00992732351139544,9.2755348247573e-05,6.51288452429103e-06,-0.000101413935464449,0.00124526802819323,-0.000330915018934921,2.65343323652568e-05,-0.00510426378948514,5.60504973479842e-06,0.00836073804100101,-0.0618007409072376,-0.0137905511763802,-0.0611138856589002,-0.00275970584007986,-0.000891705802677055,-0.0188848450016054,0.000490158309036521,0.00283386941337299,0.00409853407898665,-2.59221505956471e-06,3.90996413698746e-05,0.0232391639148898,-0.000566172176409878,0.553449004090758,0.0285487215709055,-0.000375564299555909,0.000353723988252206,0.00343883437801781,-0.00136132103857826,0.00427502510072748,-1.17089035265141e-16,0.012403289054222,0.00101849463550562,-6.11932566986495e-07,0.0542214221576433,-3.44467508419561e-05,0.000210878917948496,-0.0709196871432117,0.206875108567124,-7.16118977076127e-09,-2.28245490714614e-05,-1.34018439899848e-05,7.47528282832137e-07,1.33029793755544e-05,0.0238054779153474,-0.0195950533076173,0.23907533214183,0.148580286585745,-8.89562618542369e-08,-2.07324485574159e-09,0.000904383550317353,-4.40718121730952e-16,-0.000434566701026729,0.00117028529613843,-2.39281621422522e-05,-4.75913051326974e-16,4.13885081805912e-10,-4.64905891561784e-16,3.71828246720798e-07,6.38337986903837e-05,5.16780318370134e-07,-3.12250225675825e-17,-0.00523929306558654,-0.000295657982861011,-1.0774346658679e-06,-2.16312086200378e-06,-8.66484106722557e-15,0.707106781186548,4.25583734494847e-08,-1.67610391774466e-05,-0.000678704647419407,-0.000153428070676282,0.00340346390659568,-1.47145210512706e-10,1.15971320896645e-15,-6.5643096481497e-10,-2.45782091293917e-09,1.54255342874055e-10,8.93151607839448e-07,1.24813354096531e-15,7.45505740473718e-12,1.18790682551836e-11,-1.91860416443035e-15,-2.99273279769086e-12,-4.83032972595102e-09,-2.9316826744008e-16,-3.65485795763606e-16,6.54858112181245e-16,1.72588662715142e-08,0.000723663085275924,5.55111512312578e-17,-4.94364018921065e-16,4.93410058904215e-11,-4.64147561328974e-07,-5.62917767954474e-16,4.13043553657506e-16,0.0110124409611695,8.84986070969035e-17,-5.73747896415178e-10,-1.73601125422052e-17,-1.50137226665107e-16,7.22042137215988e-06,-8.99644419828649e-08,1.27033818619019e-16,1.51939498677155e-16,-1.67058104099335e-16,-4.95820609474661e-17,-8.09657917299303e-17,2.44866912476825e-17,-3.78048436194472e-16,2.56293561877943e-16
"t96",0.114303231720034,0.0697821043807013,-0.024431869324211,0.133226347980468,0.0162065953585577,0.0333483572449142,-0.0713068915354788,-0.000127996770001429,0.0566321302322786,0.0105006666896585,9.89746353887258e-05,6.99060916063723e-06,-0.00010952649704918,0.00137296796407718,-0.000368614880677962,2.95850205374608e-05,-0.00607078218770203,6.73022269985848e-06,0.00985984505172074,-0.0700658617639074,-0.0154881526007065,-0.0641459268846874,-0.00171601311581495,-0.00024345620780891,0.505225526942589,-0.00809745727654965,-0.0343497669558724,-0.0167895065198496,3.4023259243833e-06,-4.93705887036865e-05,-0.0222767411498142,0.000321224669747759,-0.115066547913647,-0.00540526628810697,-1.33659651680069e-05,1.5364485652977e-05,0.000220830704584752,-0.000115078680833968,0.000510829436979672,-9.32118230853766e-17,0.00161274188346122,0.000147687648770905,-1.31866064356518e-07,0.0124009043634445,-7.85919404053723e-06,4.3225208092623e-05,-0.0105558636921684,0.0297898229107094,6.43995643994483e-09,-8.82353530793124e-06,-3.64209646959153e-06,1.79041799555461e-07,2.73435440730808e-06,0.00201836901537307,-0.00156992480365025,0.0154654911752944,0.00111540865453105,5.39992562708486e-08,1.587948418591e-09,0.00201133552206085,8.73947998650878e-17,-0.000675683035628527,0.000737486714275835,-2.59891688420824e-05,-1.78366781132439e-16,4.09567778780415e-10,-4.25007251614318e-16,3.34966619011383e-07,5.65722412326881e-05,4.48569748166296e-07,6.07153216591882e-17,-0.00451200663501919,-0.000251961204755804,-9.07459144335477e-07,-1.81499139491855e-06,-3.76463734338283e-16,6.26165387390742e-17,3.55990427969299e-08,-1.39971336919424e-05,-0.000566339086911107,-0.00012801995855856,0.00283968299384896,-1.22705084157695e-10,-4.65961675534148e-16,-5.49592863948768e-10,-2.05940944419253e-09,1.29833750521502e-10,7.52370636662165e-07,-6.08020578329871e-16,6.31778743903633e-12,1.01169806547856e-11,3.88578058618805e-16,-2.66697211190325e-12,-4.30509375164926e-09,6.92154666914746e-16,-1.43770299003793e-15,2.25253843355588e-15,2.08125957704128e-08,0.40530523136735,-7.68309027510128e-15,-5.07174061998639e-16,2.47106462895885e-11,-2.49459923387912e-07,-5.69817630580172e-14,-0.707106781186545,0.00446163508311861,-2.10544500976458e-15,-4.12944040073526e-10,-3.39042363754208e-16,1.13402549794366e-16,5.37440494134851e-06,-6.74833031295841e-08,-1.39280328696813e-16,3.56849355643705e-18,-2.0644901686546e-16,2.01580642599462e-18,1.72293385906096e-16,-6.21054052126491e-17,-1.21240318032284e-16,1.81100281205804e-16
"t97",0.114303231720034,0.0697821043807013,-0.024431869324211,0.133226347980468,0.0162065953585577,0.0333483572449142,-0.0713068915354788,-0.000127996770001454,0.0566321302322785,0.0105006666896585,9.89746353887136e-05,6.99060916064869e-06,-0.00010952649704916,0.00137296796407719,-0.000368614880677979,2.95850205374601e-05,-0.00607078218770204,6.73022269988971e-06,0.00985984505172074,-0.0700658617639074,-0.0154881526007065,-0.0641459268846874,-0.00171601311581491,-0.000243456207808907,0.505225526942589,-0.00809745727654963,-0.0343497669558723,-0.0167895065198495,3.40232592425309e-06,-4.93705887037134e-05,-0.0222767411498142,0.000321224669747711,-0.115066547913647,-0.00540526628810698,-1.33659651681023e-05,1.53644856529408e-05,0.000220830704584748,-0.000115078680833847,0.000510829436979655,-4.05971010121059e-17,0.00161274188346106,0.000147687648771102,-1.31866064393489e-07,0.0124009043634446,-7.85919404025021e-06,4.32252080926052e-05,-0.0105558636921683,0.0297898229107093,6.43995620028194e-09,-8.8235353079873e-06,-3.64209646942543e-06,1.79041799571941e-07,2.73435440722135e-06,0.00201836901537296,-0.00156992480365041,0.0154654911752945,0.00111540865453079,5.39992562337503e-08,1.58794846065805e-09,0.00201133552206083,2.14753077760369e-17,-0.000675683035628693,0.000737486714275466,-2.59891688419852e-05,2.15415447914757e-16,4.09567805451788e-10,-2.15105711021124e-16,3.34966619090919e-07,5.65722412327514e-05,4.48569748259537e-07,-2.6628005356244e-16,-0.00451200663501853,-0.000251961204755879,-9.0745914442655e-07,-1.81499139480102e-06,-2.04726110216368e-16,-1.63693813264716e-17,3.55990428151445e-08,-1.39971336919952e-05,-0.000566339086910773,-0.000128019958558374,0.00283968299384817,-1.22704932803072e-10,1.52257995877813e-16,-5.49593108870039e-10,-2.05940978419833e-09,1.29833520670641e-10,7.52370636209206e-07,4.40619762898109e-16,6.31705451836773e-12,1.01169591181259e-11,-3.46944695195361e-18,-2.66713821167608e-12,-4.30509338076403e-09,1.24292937053738e-15,9.38332768709052e-16,3.9118014383277e-16,2.0812597025675e-08,0.405305231367342,-2.39565312032397e-15,9.99791550971552e-17,2.47042735660591e-11,-2.49459913096665e-07,5.46923617505968e-14,0.70710678118655,0.004461635083121,1.32374009087353e-15,-4.12944362732093e-10,2.07303162128908e-16,-2.93550572670125e-16,5.37440494136759e-06,-6.74833032102487e-08,2.2412079437659e-16,-1.60052007728009e-16,2.06353125020016e-16,-8.30390086090474e-17,-4.05369532728841e-16,6.97335774912273e-17,-1.26879863488216e-16,1.23643918773066e-16
"t90",0.114278380987857,0.0697352676284574,-0.0244149900507657,0.133087951971463,0.016183306471565,0.0332984176261137,-0.071175265310668,-0.000127742842721159,0.0565161210235992,0.010470455597816,9.8652179906701e-05,6.96609656473705e-06,-0.00010911457572426,0.00136668784423359,-0.000366786524989867,2.94372474288499e-05,-0.0060254688574176,6.67427841514676e-06,0.00977041586251219,-0.0693994795665159,-0.015339807886753,-0.0635104285820698,-0.00169773158292858,-0.000240797739909168,0.49900423158558,-0.00798575821888436,-0.0338698166715143,-0.0165389601498468,3.34566042627148e-06,-4.85447682980365e-05,-0.0218923129968012,0.000315344111527931,-0.112753037611988,-0.00529585118729882,-1.3063189841284e-05,1.50145342194557e-05,0.000215723685805729,-0.000112373970506973,0.000498439778048273,-7.65746058781028e-17,0.0015732094741909,0.000144008257256006,-1.28190948254234e-07,0.0120180660880659,-7.61590325371126e-06,4.18218650096308e-05,-0.0101996111285279,0.028782424893584,6.20917273310264e-09,-8.47646966105125e-06,-3.49124849443726e-06,1.71524191127335e-07,2.61803629693358e-06,0.00192939639343653,-0.00150064496103514,0.0147806400754585,0.0010646365836423,5.14303792540026e-08,1.51188946301631e-09,0.00190792148649353,9.99242175265864e-17,-0.000638418659824793,0.00069554097987547,-2.43993708878548e-05,7.77824770010933e-17,3.82813458450065e-10,4.38885039422132e-16,3.09971104141891e-07,5.21753794240298e-05,4.11179648805455e-07,3.40005801291454e-16,-0.00412238785685033,-0.000228856497009058,-8.15214653013176e-07,-1.62069059464888e-06,3.91403424774214e-16,-4.56037443455395e-16,3.1550139003092e-08,-1.23243889490723e-05,-0.000496139498558838,-0.000112101316277985,0.00248534505902354,-1.06071802383201e-10,3.88545508035885e-16,-4.57545877813152e-10,-1.70676345799536e-09,1.05151361576294e-10,6.06945839608079e-07,8.23993651088983e-17,4.96110747968959e-12,7.7771200768142e-12,-4.19803081186387e-16,-1.69287392264017e-12,-2.73180179075994e-09,-1.92727778181023e-15,4.34794735254307e-16,-2.5955800009303e-15,-1.44306393886544e-09,-0.819416689031217,1.01906330596258e-14,2.63873197347812e-16,6.44187407410068e-11,-5.65050788398666e-07,2.74433253899531e-15,-4.55332598208384e-15,0.00740896500813412,8.86922037011822e-16,-5.71906150909074e-10,2.5779399364015e-16,1.60807064655099e-16,6.58684974671076e-06,-8.08700487348393e-08,-3.96744889277038e-17,1.54337985141123e-16,-1.23589717503389e-16,1.71042199805028e-17,4.79082081346721e-17,-2.67114622110374e-16,-1.31356217053619e-16,8.38266963132477e-17
"t129",0.111847427733089,0.0649867284900635,-0.0227009729438543,0.118628470628556,0.0136666013383934,0.0278733512327231,-0.056429264353979,-9.89379533576164e-05,0.0432782903133913,0.00673768396350534,5.72215655958363e-05,3.7320406274922e-06,-5.32259057821138e-05,0.000428775498634488,-7.985135487634e-05,6.13908706774534e-06,0.00479919996714492,-9.81886450254765e-06,-0.0241189484803244,0.237612765798037,0.0554198859709712,0.306047240578585,0.0235130569295253,0.00932169919926679,-0.0775793510840521,-0.160058295297506,-0.496885915919692,-0.114578962073863,1.3028389019302e-05,-0.000185485489472587,-0.0728038319958719,0.000768269091376547,-0.0341613270351842,-0.00014141545779521,-0.000218992230512232,0.000212112609435872,0.00220710724290589,-0.00092636054561109,0.00316371518210502,-1.71145872183093e-16,0.00937602064971239,0.000790860187884853,-4.95825644322538e-07,0.0355313929440746,-2.22965352050086e-05,9.30728035040008e-05,-0.00559884933863494,0.010279225903774,4.18816020876598e-08,-3.1808784286449e-05,-1.13678636317564e-05,5.31543109381916e-07,7.60993165428714e-06,0.00249752682966429,-0.00171127682458897,0.00700481539164508,0.000524575148176967,2.04676300071229e-07,5.89527794636613e-09,0.000985262824397358,-1.1252506821433e-16,-0.00212628747347976,0.000367510968641038,-7.74509940453666e-05,1.32466529886906e-16,1.1887631174573e-09,2.08166817117217e-16,9.32163339894762e-07,0.000155735580752972,1.21400420599778e-06,-9.0205620750794e-17,-0.0121145713186794,-0.000667980671665606,-2.35877196704676e-06,-4.67480557242216e-06,-1.66177458859232e-17,-2.94797246324717e-16,9.07646672820839e-08,-3.54056507512165e-05,-0.00142444568892403,-0.000321837857270085,0.00713505065644405,-3.04534186063021e-10,-1.89816887916162e-17,-1.32441848460507e-09,-4.94803272660382e-09,3.07621046691242e-10,1.77869739177619e-06,-9.71445146547012e-17,1.47265949435038e-11,2.33489614903833e-11,-2.77555756156289e-17,-5.74617263493504e-12,-9.27358679913637e-09,-5.55111512312578e-17,-3.54665368635659e-17,2.77555756156289e-17,3.21576498931559e-08,0.000316354703187396,-5.55111512312578e-17,2.38114809779458e-17,8.705378085061e-11,-8.05960706597164e-07,2.08166817117217e-17,1.0721052715439e-16,0.00309604610429301,1.33570028393536e-16,-1.12676984409532e-09,6.11673328780721e-17,7.78514552802042e-17,1.34753672818913e-05,-1.66573071502807e-07,1.83988070961453e-17,1.4268145360348e-16,-4.74133392470472e-17,5.19814048776421e-16,-1.64263262068521e-16,-6.51223393564665e-16,-0.707106781186548,-1.30369460978333e-15
"t130",0.111847427733089,0.0649867284900635,-0.0227009729438544,0.118628470628556,0.0136666013383934,0.0278733512327232,-0.056429264353979,-9.89379533576157e-05,0.0432782903133913,0.00673768396350534,5.72215655958328e-05,3.73204062750101e-06,-5.32259057821005e-05,0.000428775498634491,-7.98513548763334e-05,6.13908706773165e-06,0.00479919996714492,-9.81886450265868e-06,-0.0241189484803244,0.237612765798037,0.0554198859709711,0.306047240578584,0.0235130569295253,0.00932169919926681,-0.0775793510840521,-0.160058295297506,-0.496885915919692,-0.114578962073863,1.30283890193436e-05,-0.0001854854894726,-0.0728038319958719,0.0007682690913767,-0.0341613270351843,-0.000141415457795301,-0.00021899223051215,0.000212112609435877,0.00220710724290593,-0.00092636054561103,0.00316371518210509,-6.07722518127766e-17,0.00937602064971238,0.000790860187884851,-4.95825644315599e-07,0.035531392944075,-2.22965352049821e-05,9.30728035040069e-05,-0.00559884933863482,0.0102792259037738,4.18816019005265e-08,-3.18087842865911e-05,-1.13678636317668e-05,5.31543109617838e-07,7.60993165427326e-06,0.00249752682966425,-0.00171127682458894,0.00700481539164493,0.000524575148176869,2.04676300193012e-07,5.89527772432152e-09,0.000985262824397341,-4.97221270217948e-18,-0.00212628747347977,0.000367510968641323,-7.74509940454707e-05,9.77720603667121e-17,1.18876311398786e-09,-1.38777878078145e-16,9.32163340102929e-07,0.000155735580753037,1.21400420591278e-06,-2.35922392732846e-16,-0.0121145713186796,-0.000667980671665685,-2.358771967019e-06,-4.6748055724129e-06,-4.09038745502012e-17,1.42521766377725e-16,9.0764667205756e-08,-3.54056507512466e-05,-0.00142444568892393,-0.00032183785727013,0.00713505065644422,-3.04534279738089e-10,4.86007046433125e-18,-1.32441827643826e-09,-4.94803283762613e-09,3.07621116080181e-10,1.77869739177011e-06,-2.77555756156289e-17,1.47268308658965e-11,2.33489235704123e-11,1.11022302462516e-16,-5.74608589876124e-12,-9.27358646081108e-09,1.52655665885959e-16,5.30481976366586e-17,-1.17961196366423e-16,3.21576497762247e-08,0.000316354703187664,-8.32667268468867e-17,-4.74648016899666e-19,8.70538658520603e-11,-8.05960706567674e-07,-2.42861286636753e-17,1.47751321938552e-17,0.00309604610429304,-5.65167192005977e-17,-1.12677001062877e-09,-4.0510612921941e-17,5.20233198218364e-17,1.34753672817109e-05,-1.66573071454235e-07,-5.80683674798806e-17,-1.47875516785318e-16,2.34290026124461e-17,-6.07274247726162e-16,-8.13814844300995e-18,4.85887845960092e-16,0.707106781186548,1.60798093467174e-15
"t37",0.10896033704514,0.0595108272400621,-0.0207270460024744,0.102378400277436,0.0109220666071816,0.0219854159892602,-0.0408785728615651,-6.89226884029719e-05,0.0295630232937889,0.00317205949675538,1.93098901946076e-05,8.60970992689649e-07,-5.22492028460774e-06,-0.000283678806604393,0.000123445431813012,-1.02574192142529e-05,0.00802625919126037,-1.17890133907589e-05,-0.0219871634101496,0.182084953902959,0.0412881850047839,0.196714937447812,0.00983330976919236,0.00315809037533389,-0.0293056300477002,0.0706315211606325,0.232225803010134,0.0316544464858245,-0.000140116793165681,0.00184773824256068,0.587111541196123,-0.00704340281841403,-0.102741872413247,-0.0460890299156647,-0.0106721949882743,0.0092272762464995,0.0741865929232284,-0.0252412335063649,0.0638652180680572,-3.12661046581427e-16,0.174731861605755,0.0132326240268082,-5.16502051563488e-06,0.290005197956511,-0.000180951187238014,0.000673790997621106,-0.0135624154363526,-0.0081947704349277,3.15912373232547e-07,-0.000217172459150788,-7.51176161632337e-05,3.47897381810722e-06,4.92301372284724e-05,0.0129009622350197,-0.00830196178828925,0.0079902037340465,0.000719101886563173,1.38928399359206e-06,3.99854183678536e-08,0.0016262899484951,-1.43027421302422e-17,-0.0151288204023054,0.000686047632332455,-0.000607101832803568,2.44968221126447e-16,1.02736966217307e-08,6.38378239159465e-16,1.14992540930788e-05,0.00232401055614799,3.18908637312052e-05,-3.61516372393567e-15,-0.584076418895383,0.0482441633551113,2.53518525439467e-05,3.20035611870953e-05,-1.64135598437392e-16,-2.5384457270346e-16,-4.04454179068342e-07,0.000115506949797569,0.00373283235505034,0.00082778392029855,-0.0179760138486967,4.69577555659018e-10,-8.42662757788571e-16,3.4913887991643e-10,8.95916708876232e-10,4.22995527493697e-11,3.1888351156742e-07,4.70110061989715e-16,5.9518744099929e-12,1.23286980329026e-11,9.71445146547012e-17,-5.58044062348717e-12,-9.00984738780395e-09,1.73472347597681e-18,-1.40163415946057e-16,4.33680868994202e-18,4.1276455277082e-08,0.000145844485749965,3.50414142147315e-16,2.349515605233e-17,1.26675699877593e-10,-1.18325615118759e-06,1.75207071073658e-16,1.99168349876671e-16,0.00166461320648084,1.59987967529348e-16,-1.83720271634824e-09,6.96733680771172e-18,1.24103848775816e-16,2.31707937130912e-05,-2.90407134439022e-07,6.07288021939641e-17,3.43040813372615e-16,-4.05556569621566e-17,-1.11341339135308e-16,1.85186695041078e-16,-1.88705281993032e-16,-1.38431269710923e-16,5.58996579671899e-17
"t38",0.108620614753075,0.0589365714059365,-0.0205211496717299,0.10084627240981,0.0106954575343756,0.0215098974882758,-0.0397865981275045,-6.69424698353592e-05,0.0286856673849293,0.00303922697277509,1.83922568872252e-05,8.16873468627535e-07,-4.93747889073326e-06,-0.000264610736357384,0.000114427923351776,-9.50272465690346e-06,0.00713121991104642,-1.03177853970592e-05,-0.0189799461054508,0.155903575871263,0.0353072385562,0.167183186355521,0.00823890832207532,0.00263241153590134,-0.0237592734695372,0.0555241081541148,0.181859898716801,0.0242802029023122,-0.000103302172124623,0.00135994522563269,0.426688866883331,-0.00498861063982911,-0.0694547275125727,-0.0310426129225326,-0.00671386030374203,0.0057834436245486,0.0460109669574276,-0.0154752818724364,0.038243864183407,-1.19564181614019e-16,0.103768867283865,0.00775662581246604,-2.72774805850371e-06,0.135386305376268,-8.41572463414278e-05,0.000291948449201595,-0.0055029958030006,-0.00331306087400549,1.13707379139738e-07,-6.08309109880934e-05,-1.73255098662724e-05,7.54433187619835e-07,1.00137603972622e-05,0.0021316693495255,-0.00136178971199521,0.00127996298675806,9.26674729300776e-05,1.04953493196854e-07,2.67720375122377e-09,-4.68071844856045e-05,-1.22141623520314e-16,0.00206178237859948,-0.000129074686307257,0.000196509937333288,5.1794605709985e-16,-4.76953453121265e-09,-4.47558656802016e-16,-9.41743445268266e-06,-0.00221113917903593,-3.87045642042914e-05,5.41233724504764e-15,0.79780767596409,-0.0802303890588531,-5.88797608642539e-05,-8.81652084687703e-05,-1.21267912163887e-18,1.06021247572764e-17,1.36945092074799e-06,-0.000466786154698396,-0.0173082736672804,-0.00388538029646328,0.0855298903986849,-3.16461866217352e-09,1.63881593762651e-15,-1.09098855346958e-08,-4.00490049335539e-08,2.31696624213018e-09,1.32638950481391e-05,-6.33174068731535e-16,1.03809693480228e-10,1.59232395616839e-10,6.93889390390723e-17,-3.42479161349885e-11,-5.52641576991313e-08,-3.10515502199848e-16,2.03086017013594e-16,-3.81639164714898e-17,1.70048163485942e-07,0.00054792622126416,-2.94902990916057e-16,1.25001461080767e-16,4.2177121821127e-10,-3.86629729483344e-06,-1.56125112837913e-17,-1.91743311920672e-16,0.00505132898392614,-3.7611652945504e-17,-5.07634388691169e-09,8.89856593122512e-18,-1.39170713692607e-16,5.64958899985524e-05,-6.8403667206722e-07,-6.1471621670661e-17,-2.94105328520724e-16,6.78844815035048e-17,1.37568829256537e-16,4.36810714290252e-17,1.31719170927675e-16,-2.5068618410619e-16,2.88741957456664e-16
"t62",0.0899953012501315,0.0190386583354903,-0.00605770291354066,-0.0313390187270533,-0.0147105482527063,-0.0340948898803364,0.123458370892391,0.000256574140362595,-0.119763890261215,-0.295958530379288,-0.00748014073698522,0.000661125882308926,-0.00306021391664016,-0.401941959905298,-0.00385782688966904,0.000298743026933649,-0.0200908623336317,1.53724377564488e-05,0.0131568420171081,-0.04759138227579,-0.00876408156390656,0.0051800768018451,0.00625839586436937,0.00296692653683295,0.00237363624028681,-0.015549193952007,-0.0216859635132324,0.0353912620026856,3.57716111265145e-05,-0.00040018915657907,-0.0136536551203925,-0.00124962534350583,0.00258518207900873,-0.0147813392876403,-0.00559136118539281,0.00420602676958024,0.0412770449908157,-0.014691977267192,0.0408334943887892,-8.19166938527483e-16,0.11566230800449,0.00927980795802377,-1.10214509985411e-05,-0.0388588855989106,2.08661309808152e-05,5.38974202422551e-05,-0.00298926652897158,0.00170322345411169,6.27842735459547e-08,-4.79199639918813e-05,-1.61132340472582e-05,7.3471468063982e-07,1.02059043176565e-05,0.00236706653465569,-0.00148777748619679,-0.000223227523243025,3.89743554567668e-06,2.20611431781968e-07,6.17102552348189e-09,4.5416269796594e-06,-1.01792077160355e-16,-2.27050840337396e-05,7.29768024346616e-07,0.000727613805635388,-1.36877144596882e-16,4.95262224222033e-09,9.55832635263221e-16,-1.83842192442239e-06,-5.75711853207454e-06,-1.43081263352142e-08,1.82839854367955e-15,1.06598997114592e-05,0.000695372892590732,-7.54340056623431e-07,-0.814904678964084,1.03827518411366e-14,1.63712827950693e-15,-1.60422215360768e-06,-0.00272660785523247,-0.000704360852837843,-8.60233974454723e-05,0.000256677943440073,8.50716114090058e-10,3.32275837165785e-16,9.05890272170917e-09,3.6217940920652e-08,-3.06630606756314e-09,-1.86072516972308e-05,-1.10935566288717e-15,-2.10403426452455e-10,-4.19220683031145e-10,-2.84494650060196e-16,2.74598894968101e-09,4.54249321772001e-06,2.15973072759112e-16,4.30711914062119e-17,1.00093544563862e-15,8.11500528723201e-07,4.89389899521445e-07,3.08780778723872e-16,-4.10688598525768e-17,1.33517554260984e-09,-1.19263717651269e-05,-7.67615138119737e-17,7.06218525654601e-17,8.96557315808473e-06,-9.66346327899826e-17,-1.4000522949309e-08,-1.83620566473387e-16,4.01116016458798e-16,0.118220952186027,-3.6543280126141e-07,1.09143231495857e-16,-9.87392866260788e-17,-5.84281888876201e-17,5.42140244041211e-17,1.17052157100215e-16,-1.07395273607009e-17,-6.46089247701175e-17,1.30963717037999e-16
"t93",0.0901517619711294,0.0191412281637788,-0.00609130118550452,-0.0316011367671003,-0.014881323597765,-0.0345075786543352,0.125305873795657,0.000260705479960635,-0.121756234714175,-0.302923433805117,-0.00768014848887928,0.000680193955042311,-0.00315509520633143,-0.417210307706076,-0.00401729911304246,0.00031118286364485,-0.0213705763081743,1.64719938258312e-05,0.0141915017702418,-0.0515334221950713,-0.00949564463765976,0.00562884005699042,0.00684595182229131,0.00325322772924903,0.00263580593443286,-0.017504785328709,-0.0244541205884547,0.0402686764437583,4.13868634396475e-05,-0.000463335214256025,-0.0158906189014068,-0.00146964001890195,0.00309666437292671,-0.0177309432965461,-0.00688109894205692,0.00518320013197374,0.0510616722823734,-0.0182502195500919,0.051148772692761,-5.68642071159595e-17,0.145302636184756,0.0117109384397795,-1.43999584403987e-05,-0.0527196860648152,2.83401074942401e-05,7.46848623726665e-05,-0.00421597621180718,0.00240445270456304,9.12493817745857e-08,-7.35497167111249e-05,-2.56220881307756e-05,1.18015664772597e-06,1.65576618014265e-05,0.00395275996208005,-0.00248673260582096,-0.000374217677407878,6.69576337067975e-06,3.95791877186665e-07,1.11510583943736e-08,8.92887759664853e-06,1.35144389851534e-16,-4.96163376069066e-05,1.68675877329155e-06,0.00198731898662289,6.16609323221051e-16,1.67933559948666e-08,-1.18655085756814e-15,-1.79378681162382e-05,-0.00023049826308849,1.02548802399013e-07,-1.32185928869433e-15,-4.3902191930626e-05,-0.00149888876840714,6.99140027692405e-07,0.503578988845323,-6.59048254145324e-15,-1.14779380600015e-15,5.86563487805364e-07,0.000580409967024229,8.52022937387977e-05,9.7806059178281e-06,-2.71442252018717e-05,4.53760857013763e-11,-1.96250796366927e-16,2.78277613409081e-09,1.18159078493774e-08,-1.23994998643684e-09,-7.72676550912086e-06,6.07153216591882e-16,-1.00361548932559e-10,-2.15385886304597e-10,-2.77555756156289e-17,1.84711078723976e-09,3.05633451688189e-06,6.6266436782314e-16,-1.02274957498927e-16,-5.48172618408671e-16,6.87444106775527e-07,4.46604322888274e-07,-2.70616862252382e-16,-6.49273851406166e-16,1.38176977065169e-09,-1.26449390165004e-05,3.64291929955129e-16,1.20083843751199e-17,1.06725960869443e-05,1.22012133176591e-16,-2.11392603560734e-08,1.37487802345105e-16,5.43731332968729e-16,0.628049359941249,4.13704692673114e-06,1.27198635258247e-16,-2.44861139046576e-17,-1.70860688116524e-17,4.10598714078003e-17,1.89778394562375e-16,7.88812362486737e-17,-3.80148292171612e-17,1.67165032092037e-16
"t94",0.0900075064436572,0.019047002630101,-0.00606044108486299,-0.0313610525841633,-0.0147254046425873,-0.034130975138595,0.123624654860075,0.00025695017589153,-0.119946181559209,-0.29663825858873,-0.00750022051940576,0.000663075072985255,-0.00307009042955574,-0.403622544800563,-0.0038758321176378,0.000300150726972263,-0.0202588640546184,1.55236238347858e-05,0.0133048468156175,-0.0481679993103138,-0.00887144964332168,0.00524702066926851,0.00634925252185235,0.0030117560640109,0.00241735865566163,-0.0158964676057324,-0.0221811298071722,0.0362975369879314,3.68858501502119e-05,-0.000412752402137832,-0.0141073407802071,-0.00129592749206057,0.00269951147376402,-0.0154435745920246,-0.00590348412617312,0.00444338541783866,0.0436785649820634,-0.015575017974345,0.0434495070374,-2.09714649434634e-16,0.123234740836847,0.00990795900300266,-1.19665943570883e-05,-0.0430365690019438,2.31233526207723e-05,6.0401411375323e-05,-0.00338440469541062,0.00192943872154909,7.23799872101496e-08,-5.72025846905401e-05,-1.96989262574452e-05,9.04501412258424e-07,1.26519967771008e-05,0.00299517954461747,-0.00188381791448979,-0.000283253226000294,5.03457088408762e-06,2.9436033748089e-07,8.27907988519561e-09,6.50842975250859e-06,-1.28461691192931e-17,-3.54817126958472e-05,1.19579917485465e-06,0.00137924021640147,3.76252174904646e-16,1.14234212072323e-08,6.93889390390723e-18,-1.16845597489363e-05,-0.000148060613754131,6.42570842034583e-08,-2.94902990916057e-16,-2.71558921586174e-05,-0.000906441760748972,4.06021624214242e-07,0.286317474455053,-3.54083492082383e-15,-6.26549668811123e-16,3.25101301143493e-07,0.000314875407591944,4.54827296966723e-05,5.2137484904298e-06,-1.44471875701641e-05,2.32575902980869e-11,-1.34329555198422e-16,1.28719553505602e-09,5.40442775254224e-09,-5.37145793122473e-10,-3.31791455683957e-06,4.61436444609831e-16,-4.07022471282659e-11,-8.38421133870582e-11,4.02455846426619e-16,5.48355015041191e-10,9.06963447664945e-07,-6.93889390390723e-16,1.8077794688314e-17,-3.22658566531686e-16,1.03701695114227e-07,3.9004153167489e-08,-2.22044604925031e-16,7.33010844475032e-16,-4.8040341669997e-11,7.5600757254695e-07,-3.46944695195361e-17,3.38595751649486e-17,-1.95065221945316e-06,1.41008623352657e-16,9.12699125998895e-09,1.06103225994336e-16,-8.64684371986159e-16,-0.769022958466396,-7.13466804634633e-06,-2.14985992939308e-16,1.12007684733548e-16,7.26526710344779e-17,-1.29110047552426e-16,-4.24296291119306e-16,-3.18730068827149e-16,-2.08220004302518e-16,1.11976440998273e-16
"t12",0.0872253596373527,0.0172119780327764,-0.00545919189631087,-0.0266482573388047,-0.0116382326371541,-0.0266644690427642,0.0900389363886581,0.000181703849528303,-0.0836261782819087,-0.16819872419168,-0.00379209446114249,0.000308311109535739,-0.00129842581862765,-0.115183121110581,-0.000846290926376746,6.37077874137268e-05,0.00497679352538494,-6.44476103199565e-06,-0.00761398032696523,0.0320923399707148,0.00603923220443941,-0.00394806550070437,-0.00583644320659436,-0.00295203889814132,-0.00317273196421416,0.0268851013212621,0.0385676635382159,-0.0725814165968339,-9.25670401645991e-05,0.00104500382966141,0.0380626078558268,0.00394216580742261,-0.00993536015933895,0.0576291563262335,0.0277885015142746,-0.0211561287083448,-0.214736534827918,0.0792322814826122,-0.2363711992306,1.96697519210954e-15,-0.685887596178239,-0.057115432954068,8.8700739087272e-05,0.408552366868295,-0.000221037043891105,-0.000653518010023918,0.040711843355864,-0.023340301065656,-1.03752103164097e-06,0.001117663388297,0.000470357269982312,-2.28838047276678e-05,-0.000339031432881207,-0.0951296506540234,0.060164019466728,0.00920875873827267,-0.000190300054613827,-1.4818254007032e-05,-4.38529585120723e-07,-0.000717020109334231,4.1464289788071e-16,0.365278196774234,0.000326611349769679,0.113134738954601,-8.40894650699503e-16,5.82410679657655e-07,5.20417042793042e-16,-0.000334411380799784,-0.00368823758382432,1.26783303811603e-06,-2.56739074444567e-16,-0.000472822666035005,-0.0122844938053808,2.34169205486426e-06,0.0171189698486805,-2.1120558221169e-16,2.32314105534021e-16,-3.54476366502474e-06,-0.00926810143455045,-0.00284894637666775,-0.000352120540346829,0.00106418687156847,4.33874333682915e-09,1.96302091190123e-17,5.57755731132176e-08,2.24903319148706e-07,-1.95735805619268e-08,-0.000119125753199205,1.97758476261356e-16,-1.3639091037132e-09,-2.72887943900048e-09,-3.33066907387547e-16,1.7743577449339e-08,2.93511070226746e-05,-1.11022302462516e-16,-2.43254039838377e-17,-1.43982048506075e-16,5.02304791184349e-06,2.96706402509303e-06,-2.08166817117217e-17,-8.15961126382312e-17,7.77495323244642e-09,-6.88720726619027e-05,-1.2490009027033e-16,-4.8698545990327e-17,4.96428039580527e-05,3.09532053315571e-17,-7.028022264155e-08,-1.06865824382531e-17,-7.09037507621688e-17,0.0121935919199561,-7.52949713907214e-06,-2.68718342852226e-17,-3.52152227101023e-17,9.07987965331749e-17,-2.52954679029338e-17,1.25098065125864e-16,2.52756645148783e-16,-1.6592768884146e-16,2.18753724556617e-16
"t75",0.0900494793797332,0.0190864960361937,-0.0060735716245524,-0.031493369348178,-0.0148398486197716,-0.0344196153808083,0.125279513942624,0.000261037782784157,-0.122012473934915,-0.310594225452704,-0.00808008217760446,0.000736787240749056,-0.00359679631313814,0.386376424501598,-0.00215750326424934,0.000174356995519605,-0.0168772391417003,1.29656564706038e-05,0.0110768951952897,-0.0399649566043299,-0.00735619321744015,0.00433674748051902,0.00520134683079182,0.00245831787504823,0.001929402475553,-0.0123175829438153,-0.0171194794606651,0.0273891947610355,2.65305367676003e-05,-0.000296224634077198,-0.00995676307509234,-0.000882208438506622,0.00170900294621223,-0.00971715226003336,-0.00327180600664198,0.00244389016064335,0.0234958911714085,-0.00817036102334906,0.0215904633311825,2.48147251762434e-16,0.0600201878922094,0.00467043106148383,-4.08201611651728e-06,-0.00762731688887058,3.97894622450692e-06,4.47457309274077e-06,6.34206864189158e-05,-4.61027467578007e-05,-1.3883518914376e-08,3.21974832378198e-05,1.67842259255714e-05,-8.5313671430165e-07,-1.312447281928e-05,-0.00400612480574618,0.00253915109855179,0.000391283469716918,-8.46416410840935e-06,-6.88385079546623e-07,-2.04396692748271e-08,-3.24048985962574e-05,1.99490931912422e-16,0.0132235403238077,9.35042148380972e-06,-0.000436896761981498,9.23027501932402e-16,-3.79971160403836e-08,2.08166817117217e-17,0.000189385515476185,0.00455755899205144,1.85710127364866e-05,2.84494650060196e-16,-0.00157509048259904,-0.024420778111962,4.62235441089399e-06,0.0022188903646957,-3.34407656765709e-16,5.70268557206228e-15,-1.7101488096357e-05,-0.833624814018136,0.0181250184089486,0.00204003974012218,-0.00560490293839676,-6.70077809211689e-09,4.4239283361566e-15,-2.46049037012919e-08,-9.0715268637187e-08,5.40806470439303e-09,3.11564178872442e-05,2.46330733588707e-16,2.56981281740454e-10,4.15154843757203e-10,-7.49400541621981e-16,-7.10765588746165e-10,-1.17304776118551e-06,3.22658566531686e-16,7.4139848017554e-17,1.54390389361936e-16,1.40210050056459e-07,1.3042310987672e-07,5.34294830600857e-16,-9.37317380506329e-18,5.06357339738472e-10,-4.71378431584311e-06,-2.15105711021124e-16,-5.48079368942035e-17,4.04825155098185e-06,-1.84926298002029e-16,-6.90959912896805e-09,3.11619685188811e-16,4.31129394859943e-16,0.000287862713851846,-9.78495746987301e-07,1.81162797523745e-16,-7.93066874452723e-17,-1.59692823320219e-16,-1.75507358887145e-16,5.43256934036439e-17,-1.26085720877516e-16,-1.56016955895219e-16,1.43852072375254e-16
"t121",0.0902814568582533,0.0192394351106384,-0.00612368261351557,-0.031886345145684,-0.0150977201910989,-0.0350435467663575,0.128095369189017,0.000267358270403161,-0.125066326613791,-0.321668789183854,-0.00840848813581739,0.000769157482731721,-0.00376704102254658,0.408940516864525,-0.00229507550541051,0.000185559758703411,-0.0185727587306754,1.44396793440027e-05,0.0124710987563939,-0.0452849604037714,-0.00834363231760486,0.0049427774946608,0.00599459708455022,0.00284465190316559,0.00228116246022171,-0.0149125009776802,-0.0207864658369081,0.0337848008679495,3.3716064073513e-05,-0.000376932846124244,-0.0127895617438064,-0.00115505291595196,0.00231516884577007,-0.0131987985559456,-0.00466659262931149,0.00349484740153525,0.0338503552939033,-0.0118666047166286,0.0318770938765766,-3.63717575391352e-16,0.0891271890849351,0.00699811962442813,-6.56228834003186e-06,-0.0132759156354339,6.9420674296283e-06,8.1555395855205e-06,0.000120229430618687,-8.75854324963663e-05,-2.81928414019254e-08,7.45590824613599e-05,4.25377034963354e-05,-2.22043034570768e-06,-3.50787918008896e-05,-0.011591133384518,0.00736574215771425,0.0011445651152276,-2.65696737349066e-05,-2.46639294687632e-06,-7.49332480995402e-08,-0.000159939519781771,4.0081831806303e-16,0.106005419163626,0.000106831422479682,0.0501570774592661,-1.63547877721687e-16,3.55277569452292e-07,3.46944695195361e-17,-0.00054413045206713,-0.0104608362785732,-3.0674791173674e-05,2.4980018054066e-16,0.00224441182660003,0.0275843375288973,-3.63168189312403e-06,-0.00146663461933858,2.53757165593724e-16,-2.52774471851695e-15,9.26756001279339e-06,0.38423754512512,-0.00740585970577889,-0.000824870815486918,0.00224008062515392,2.01970231511472e-09,-2.07486146461877e-15,3.11795897694339e-09,1.02358592331264e-08,-2.98381763741418e-10,-1.46685792332813e-06,-1.97758476261356e-16,-2.7283383885468e-13,1.08995542084066e-11,7.49400541621981e-16,-9.87280864700457e-11,-1.63075792239853e-07,-9.36750677027476e-17,6.20046709951312e-17,-2.15105711021124e-16,3.35071973375464e-08,3.4889028562517e-08,-3.81639164714898e-16,-5.54811858059007e-17,1.56162867359644e-10,-1.48556083654459e-06,2.53269627492614e-16,3.90567163198059e-16,1.38745582412231e-06,1.3157031804595e-16,-2.62657423588664e-09,7.82662254621718e-16,-1.71110891198155e-16,0.00012510604955096,-4.40918447044969e-07,-6.90794484311589e-16,1.90837046613442e-16,-0.707106781186549,3.89402878468683e-14,2.43086545001269e-15,-3.54805365802835e-17,-7.819452024292e-17,1.06151451022693e-16
"t122",0.0902814568582533,0.0192394351106384,-0.00612368261351557,-0.031886345145684,-0.015097720191099,-0.0350435467663575,0.128095369189017,0.000267358270403164,-0.125066326613791,-0.321668789183854,-0.0084084881358174,0.000769157482731739,-0.00376704102254657,0.408940516864525,-0.00229507550541053,0.000185559758703406,-0.0185727587306754,1.44396793439888e-05,0.012471098756394,-0.0452849604037714,-0.00834363231760493,0.00494277749466079,0.00599459708455021,0.0028446519031656,0.00228116246022176,-0.0149125009776802,-0.0207864658369081,0.0337848008679496,3.3716064073435e-05,-0.000376932846124313,-0.0127895617438064,-0.00115505291595192,0.00231516884577007,-0.0131987985559454,-0.00466659262931155,0.00349484740153527,0.0338503552939033,-0.0118666047166286,0.0318770938765766,-5.30257335823186e-16,0.0891271890849352,0.00699811962442825,-6.56228834013551e-06,-0.013275915635434,6.94206742950232e-06,8.15553958556821e-06,0.000120229430618719,-8.75854324962946e-05,-2.81928415102372e-08,7.45590824614158e-05,4.2537703496306e-05,-2.22043034573544e-06,-3.50787918010076e-05,-0.0115911333845181,0.00736574215771425,0.00114456511522757,-2.65696737349819e-05,-2.46639294684871e-06,-7.49332479087206e-08,-0.000159939519781774,-1.37162799920392e-16,0.106005419163626,0.000106831422479554,0.050157077459266,-1.74389899448061e-16,3.55277569481782e-07,4.85722573273506e-16,-0.000544130452067057,-0.0104608362785731,-3.06747911737563e-05,4.16333634234434e-17,0.00224441182660001,0.0275843375288974,-3.63168189314311e-06,-0.00146663461933797,-2.66175162123712e-17,-2.88176629528465e-15,9.26756001279339e-06,0.38423754512512,-0.0074058597057789,-0.000824870815486808,0.00224008062515343,2.0197024313412e-09,-1.98382148810927e-15,3.11795925796859e-09,1.02358592678209e-08,-2.98381444552298e-10,-1.46685792400288e-06,2.63677968348475e-16,-2.72636080378419e-13,1.08998328077073e-11,-2.35922392732846e-16,-9.87278384045887e-11,-1.63075792524917e-07,-1.59594559789866e-16,-1.73543495611305e-16,1.21430643318376e-16,3.35071974334169e-08,3.48890283518599e-08,1.94289029309402e-16,5.29390306125661e-17,1.56162781490832e-10,-1.48556083636071e-06,2.67147415300428e-16,-2.47054145426955e-16,1.38745582417142e-06,1.88198777901677e-16,-2.62657402771982e-09,-1.01773586421386e-15,-2.34323079264366e-16,0.000125106049551044,-4.4091844678823e-07,4.93766364474914e-16,-1.65901043463573e-16,0.707106781186548,-3.88499897754283e-14,-2.47731778286917e-15,-3.91668214242544e-17,-8.48082592124236e-17,2.02585569798692e-16
"t11",0.0866394271063287,0.0168453715682424,-0.00533936041202285,-0.0257495536441345,-0.0110812334036134,-0.0253293437608352,0.0843547172159137,0.000169266989224759,-0.077692043851177,-0.150811081903279,-0.00335472316867771,0.000271847382758527,-0.00115600266495481,0.0647699644563971,-0.000202176814029098,1.51714873614708e-05,0.00677973984757444,-7.47001937089625e-06,-0.00814131338217387,0.0331212741801107,0.00620226777042705,-0.00396359620377115,-0.00560070898901758,-0.00279169455021102,-0.0027987464584842,0.022152069155664,0.0315211498637607,-0.0567935826332681,-6.67088177244094e-05,0.000750416113148373,0.026617100850706,0.00260936323171404,-0.00592906906297319,0.0341017556011725,0.0139126416532414,-0.0104900139127024,-0.10353356203477,0.0370211859953358,-0.103319828813695,7.99667673218987e-16,-0.292588241005635,-0.0234237775027245,2.50318057972735e-05,0.0567547021232653,-2.97658208673081e-05,-3.68096149321313e-05,-0.000565338934517197,0.000412704683785716,1.41036136631391e-07,-0.000409095227672776,-0.000245150834962844,1.29607609939512e-05,0.000207239750582802,0.0707286902702974,-0.0449893032675002,-0.00701259332361184,0.000166797783560898,1.60804745498177e-05,4.91347809864276e-07,0.00111033967643579,-1.71214954982792e-15,-0.77501366831498,-0.000797648413160225,-0.391617793424849,-6.63213689183744e-17,-2.86731894606936e-06,-1.01307850997046e-15,0.00455857253386582,0.0876559214663967,0.000252470168773012,-1.25247034965525e-15,-0.0180945618514363,-0.209241005112879,2.17123995292804e-05,0.00678076220547653,-2.30150456167674e-16,-6.31952885328616e-16,-2.18319255071136e-05,0.0925218687476208,-0.0202220891658353,-0.0024522532870356,0.00727391902412402,2.39076467121666e-08,-4.11801628718088e-16,2.43142630188724e-07,9.63918241270872e-07,-7.82686958161749e-08,-0.000471787461511524,-3.2612801348364e-16,-5.11627382300539e-09,-9.91465185485148e-09,4.16333634234434e-16,5.65759852846556e-08,9.35745362839196e-05,-8.84708972748172e-17,-5.1007795552827e-17,2.81892564846231e-16,1.42672155997878e-05,8.15300369144563e-06,6.59194920871187e-17,-8.53981054701837e-17,2.03683041171202e-08,-0.000179003095071904,-1.2490009027033e-16,-6.50403073075372e-17,0.000124891890230439,7.84663588132279e-17,-1.69021158819005e-07,5.94032341239285e-17,-4.82247340324838e-16,0.00533984317086362,-1.6884784393217e-05,-1.74422258896854e-17,1.51821826546241e-16,4.36927900430955e-17,-1.3782361690534e-17,-9.61467290805404e-17,-6.3805607085408e-17,-1.55190596555711e-16,1.73515042464071e-16
"t70",0.0760780340915898,-0.00932713151762681,0.00420764848839624,-0.123108853292811,-0.0321829942717955,-0.0722182047778696,0.209629083695398,0.00018791537174383,0.2983840908788,0.0405551036995793,-0.00402366207278722,0.000454638773701732,-0.00238950150997628,0.00160457221449395,-0.00226246833381596,0.000177711405483116,-0.0105656773632127,6.90058026935753e-06,0.00474201825953261,-0.0124105349952627,-0.00200946641553588,0.00751812087975984,0.0020298716987162,0.000854420549335799,6.11240279873714e-05,-0.00033442056064548,-8.30195676460362e-05,-0.000387449063925766,-8.68246210206927e-06,9.68507466301647e-05,0.000857378941962312,0.000469550117617864,-0.000563541520618001,0.00629137050960825,0.00206187507943504,-0.000881604427190109,-0.0138060669037077,0.00435784803360211,-0.00798696079800611,1.6071479335015e-17,-0.0175349875425174,-0.000673902687992963,-1.22393401792288e-05,-0.0286949973538056,-1.86040730983469e-06,0.00235808787973474,-0.833588619928805,-0.27438735572347,-2.53265260331676e-06,0.00111035914165564,0.000357049466971829,-1.63173577962909e-05,-0.000228149677001669,-0.0547672268326608,0.0344378027000722,0.0072496580244227,2.83679012625197e-05,-6.06390870384521e-06,-1.73287225578404e-07,-5.59936228384598e-05,5.12366135626846e-17,0.0298238633659841,2.6803918239888e-05,-0.0304161762014775,-2.67238743574861e-15,-3.8284960042316e-07,-8.44810332800705e-16,0.22722391365729,8.26751261882163e-05,2.39841943444651e-05,-6.26235174827627e-16,-0.000306762118373927,-0.00465914834392538,7.61893409851129e-05,1.19175376246923e-05,-2.92478767907346e-16,-3.08178901969136e-17,-1.20191075558039e-05,-0.000334996184832776,-0.00717989360990978,-0.000789682647732036,-0.00121635590300613,9.89223607889e-09,2.30890792743071e-16,9.96074686884568e-08,3.95182797816203e-07,-3.22551828371709e-08,-0.000194618484286035,-3.11382863937837e-16,-2.12470364826384e-09,-4.13733452086661e-09,-2.70616862252382e-16,2.42367256919444e-08,4.00879045719291e-05,1.37910516340156e-16,9.12364167437598e-18,-7.89299181569447e-17,6.30963373464652e-06,5.14759257671667e-07,6.93889390390723e-17,8.30236507151888e-17,9.38152411593569e-09,-0.00743113542263442,4.44956571588051e-16,1.30134484819673e-16,8.54342806668322e-06,-1.75191702286999e-17,-7.88223371260555e-08,-1.1878447259794e-16,-2.12595930878385e-16,0.000114280703785963,-8.18467783365775e-06,-1.38421993553435e-18,-2.59188527563704e-17,1.24329578541393e-17,2.51594857552719e-17,7.38267309343178e-17,-1.23917670119364e-16,-5.83960933649148e-17,2.12916172689564e-16
"t98",0.0769633222469458,-0.0096733446268788,0.00436864489818231,-0.130377207194938,-0.0348926850961798,-0.07858467848282,0.233044910776855,0.000210726664584855,0.335981983355108,0.0482520517603032,-0.00491819158670988,0.000565924149241377,-0.00303195414544789,0.00217304997736279,-0.00316750748763241,0.00024956581093742,-0.0192496484212895,1.41089616615825e-05,0.0109276432526731,-0.0309430934721095,-0.00507420880632286,0.0202639691714387,0.00648500197170207,0.00292729631076498,0.000344969754113484,-0.00704969507997247,-0.00265792433936744,0.00673694821918413,3.77620932858415e-05,-0.000407936864561493,-0.0029226845571957,-0.00114892858226057,0.000906402415828315,-0.0098493982778078,-0.00214275932288886,0.000899454270428395,0.013385625111689,-0.00400586876843471,0.00663129156072324,-2.69956293053044e-17,0.0140743586627057,0.000513832133118674,6.59582077281286e-06,0.011264298137124,7.24039005046929e-07,-0.000787677051199377,0.244764976763737,0.0800224470286234,6.02007729310348e-07,-0.000181406291665038,-4.54132216302578e-05,1.92680407520157e-06,2.49947599097085e-05,0.00476552834169146,-0.0029734014589289,-0.000610440381234609,-1.91433877504889e-06,2.51831439399315e-07,6.51457154193791e-09,-1.63121035290241e-07,3.05511138196393e-16,0.00131256484372046,1.69768017878491e-06,-0.0035397870997197,-2.87340200727825e-15,-7.07235325103986e-08,4.47558656802016e-16,0.194812641580049,-0.000982498759342348,-9.19218844612577e-06,3.60822483003176e-16,7.23289379284352e-05,0.000572022481875675,-2.94587414392117e-06,-1.72055933650176e-07,1.07245873224472e-16,9.40694726054705e-17,-8.22003894188073e-08,-6.87443560766675e-06,-0.000208774742934374,-2.35049283531215e-05,-3.71211181722859e-05,4.548754775624e-10,4.02804440847655e-16,7.11486757834154e-09,2.89583821019845e-08,-2.59563471757818e-09,-1.58422790536882e-05,-1.35308431126191e-16,-1.83047519849988e-10,-3.65695921990066e-10,-1.80411241501588e-16,2.11157103087445e-09,3.49186132021513e-06,3.53883589099269e-16,-1.37018421210258e-16,1.71043734731313e-15,1.30422036912864e-07,-3.54870018637683e-08,3.17454396103756e-15,-1.63113246020509e-15,-1.51671901349112e-08,0.827471800285913,-1.29618538124987e-14,-5.98666244026345e-15,5.73744600839571e-06,8.06134375040302e-16,-3.32745502332199e-08,-7.52277780845331e-16,4.23657312904068e-17,4.05588568615778e-05,-2.85698288176282e-06,-1.26576128818581e-16,4.25833625057703e-17,-1.30497864860857e-16,-3.35223875079752e-17,-1.73475897870628e-16,-1.7076956563202e-16,-1.25310564207488e-16,1.19915909033303e-16
"t105",0.0770011717058756,-0.00968803592352285,0.00437547442901421,-0.130683751914016,-0.0350062065307761,-0.0788511278053498,0.234019156191999,0.000211673538102989,0.337540919885074,0.0485666921086238,-0.00495451802377425,0.000570423852983967,-0.00305781547973069,0.00219560649479476,-0.00320317103068592,0.000252395500772233,-0.0195764091655368,1.43758445301928e-05,0.0111533162522794,-0.0316133898285132,-0.00518490907868974,0.0207213564011294,0.00664249361867228,0.00300017804760186,0.000354665226741325,-0.00727189453341073,-0.00274279246113966,0.00696685456667482,3.92022125190533e-05,-0.000423562340084945,-0.00303822673974411,-0.00119714988211472,0.000948239835636764,-0.0103071561064408,-0.00225440576337485,0.000946580271901622,0.0140979079867076,-0.00422256501220526,0.00700167832042018,9.41603956941302e-18,0.014869007694509,0.000543326720738592,7.02030654577915e-06,0.0120691322230416,7.75916326134604e-07,-0.000846933909172246,0.263925133053816,0.0862994563907759,6.52125989492297e-07,-0.000198026923949907,-4.98014107332043e-05,2.1156321102743e-06,2.74774795506715e-05,0.00525662147932389,-0.00328015845684461,-0.000673643621785815,-2.11826983078403e-06,2.79912990137012e-07,7.24615248533234e-09,-1.8283799024125e-07,1.57331895753499e-16,0.0014832333434462,1.92563490847363e-06,-0.00405267909080351,-2.62852075783776e-17,-8.17014849489872e-08,3.71230823859037e-16,0.229607706166347,-0.00116571537867038,-1.10387320833173e-05,-6.60929644347164e-16,8.7416594219308e-05,0.000699271700709944,-3.67809076380187e-06,-2.17289273133081e-07,-8.30334377754374e-17,-1.81898586401834e-16,-1.05283556687055e-07,-8.91229708159869e-06,-0.000273199085251885,-3.07833896728517e-05,-4.86603010682637e-05,6.098396293161e-10,1.63086551977497e-16,1.01903061626961e-08,4.17966231069933e-08,-3.89391636643199e-09,-2.39207684620397e-05,3.15719672627779e-16,-2.88739664122684e-10,-5.96336223389576e-10,2.08166817117217e-16,4.49964400375119e-09,7.44459196259951e-06,-7.28583859910259e-17,-1.11694203861557e-16,-5.55978874050567e-16,1.62962139257025e-06,1.61481492141672e-07,-2.07819872422021e-15,7.18883013117509e-16,1.00435216480316e-08,-0.396609593106495,5.19549681055054e-15,3.29696807441673e-15,-2.40808267672611e-08,1.28704021529294e-15,-1.07169700613863e-08,-0.707106781186546,-1.0410926903899e-15,2.28199260981846e-05,-1.73897296524249e-06,-5.03796564585064e-16,3.45049183092289e-17,-5.98892286162136e-16,-8.91206340281936e-18,1.09743483562005e-16,2.92995961390403e-16,-1.77976957816018e-16,1.61391704564715e-16
"t106",0.0770011717058756,-0.00968803592352285,0.00437547442901422,-0.130683751914016,-0.0350062065307761,-0.0788511278053498,0.234019156191999,0.000211673538103001,0.337540919885074,0.0485666921086239,-0.00495451802377427,0.00057042385298397,-0.00305781547973071,0.00219560649479475,-0.0032031710306859,0.000252395500772259,-0.0195764091655368,1.43758445301234e-05,0.0111533162522794,-0.0316133898285132,-0.00518490907868973,0.0207213564011294,0.00664249361867228,0.00300017804760182,0.000354665226741268,-0.00727189453341068,-0.0027427924611396,0.0069668545666748,3.92022125189752e-05,-0.000423562340084879,-0.00303822673974413,-0.00119714988211465,0.000948239835636818,-0.0103071561064409,-0.00225440576337484,0.000946580271901689,0.0140979079867075,-0.0042225650122051,0.00700167832042023,-4.60951125505538e-17,0.0148690076945089,0.00054332672073869,7.02030654571866e-06,0.0120691322230415,7.7591632612051e-07,-0.000846933909172252,0.263925133053816,0.086299456390776,6.52125989584725e-07,-0.000198026923950042,-4.98014107331202e-05,2.11563211042695e-06,2.74774795506298e-05,0.00525662147932374,-0.00328015845684464,-0.000673643621785962,-2.11826983077872e-06,2.79912990299202e-07,7.24615262757966e-09,-1.82837990254505e-07,-7.08295118753587e-16,0.00148323334344633,1.92563490830122e-06,-0.00405267909080345,-1.4175334353135e-15,-8.1701484941181e-08,1.07552855510562e-16,0.229607706166347,-0.00116571537867036,-1.10387320832717e-05,-1.04083408558608e-17,8.74165942192557e-05,0.000699271700709928,-3.67809076361539e-06,-2.1728927362691e-07,1.0778614458072e-16,8.17793478177708e-17,-1.05283556695729e-07,-8.91229708118066e-06,-0.000273199085252186,-3.0783389672908e-05,-4.86603010677302e-05,6.09839622377206e-10,-2.05542564457974e-16,1.01903060302066e-08,4.17966233897532e-08,-3.89391665092664e-09,-2.39207684621704e-05,2.8275992658422e-16,-2.8873938309748e-10,-5.96336275261874e-10,-3.19189119579733e-16,4.4996442370715e-09,7.44459196276081e-06,-2.25514051876985e-16,1.51067247202571e-16,-7.74554032023644e-16,1.62962139248739e-06,1.61481492495236e-07,-1.24206200879939e-15,8.8801855078536e-16,1.0043522282073e-08,-0.396609593106494,7.5391082265952e-15,2.49898992029372e-15,-2.40808258023754e-08,-2.19378034866661e-15,-1.07169703111865e-08,0.707106781186547,9.11787112945778e-16,2.28199260982193e-05,-1.73897296463534e-06,6.63565243068236e-16,-3.57350360870387e-17,6.42084674021117e-16,1.35516375594587e-16,-1.50465034971216e-16,-2.78595420231436e-16,-7.92933840604729e-17,1.30653937796533e-16
"t59",0.0766108950178683,-0.0095358938749441,0.00430473499868544,-0.127498026993373,-0.0338219387543637,-0.0760698839992352,0.223815671035529,0.000201743527111689,0.321181911667459,0.0452383429053668,-0.00456881931856453,0.000522531812113133,-0.00278187734342128,0.0019529983187759,-0.00281812311963148,0.000221833712430922,-0.0159588910391025,1.1395633239264e-05,0.00861365211707288,-0.0240357293914822,-0.00393258116899713,0.0155293901399866,0.00484082342854919,0.0021641052717936,0.000241797682547975,-0.0046440104793239,-0.00173715796610692,0.00421444892568735,2.16307252134066e-05,-0.000232757454670295,-0.00161900216636526,-0.00059784219512159,0.000417543150189847,-0.00449152435053413,-0.000795681388215933,0.000329952523258995,0.00473934713875698,-0.00136268304793497,0.00206945349774806,-5.44445869483489e-17,0.00425425529916345,0.000147438401499718,1.11218757019825e-06,0.000432022146289596,2.50022566531576e-08,2.78688888491344e-05,-0.0237958408886604,-0.00804541448139498,-1.22082702975622e-07,7.16610880389098e-05,2.35992839805062e-05,-1.06973217831041e-06,-1.47510497008618e-05,-0.00329437051148011,0.00206508094202448,0.000430270868122726,1.51272472226368e-06,-2.36704092962843e-07,-6.2838859740677e-09,2.03889733634815e-07,1.36016460843931e-16,-0.00209333201715261,-3.00699629397332e-06,0.00802116782166499,7.0177949135611e-15,2.00611912548956e-07,-4.19803081186387e-16,-0.89691321336452,0.00532296380992611,6.77375287540033e-05,8.29197821516914e-16,-0.0006345231477125,-0.00706812737835343,8.73988239309172e-05,1.25455064330038e-05,-1.57801529347749e-17,-7.06770380824314e-17,-1.17315084328593e-05,-0.000311654357499343,-0.00648487823196142,-0.000711560736874624,-0.00109319781080213,8.43848838114752e-09,-6.80237020029212e-16,7.82102868265074e-08,3.08429719594189e-07,-2.45765102262208e-08,-0.000147807027885846,-1.49186218934005e-16,-1.58512726208815e-09,-3.05573371025603e-09,5.55111512312578e-16,1.72527779606149e-08,2.85353994077023e-05,-1.6306400674182e-16,4.78296806488191e-19,-2.56739074444567e-16,4.38538125862255e-06,3.56695224949724e-07,3.12250225675825e-17,-1.48174843160592e-16,6.80425070974378e-09,-0.0252260240823658,2.79290479632266e-16,1.8127635612307e-16,5.68924098092236e-06,3.42460138671991e-16,-5.27196387933859e-08,-1.36836886988072e-16,-7.28205090579661e-17,7.63001853211556e-05,-5.46246380825517e-06,-2.50487895691472e-17,-2.60161249304362e-17,2.47871508761979e-18,-2.00307714457807e-16,9.84755763910252e-17,1.94043027561217e-17,-1.18180551668379e-16,1.3284010722403e-16
"t82",0.0499248392767043,-0.0554225137333472,0.0206535901164974,-0.193868817796492,0.0730717308275145,0.360102204394746,-0.0373467160088874,0.00110193939962516,-0.00853524322741195,0.0138065580554608,-0.0128686570184232,0.00141944986590287,-0.00749696202683053,0.00120261551282654,-0.00827375482504688,0.000654289828066263,-0.214809409316592,-6.14210941093374e-05,-0.0116415343472181,0.0131270202692552,0.00164926613898226,-0.00729466440429466,0.00100869708253702,0.000874378739388218,6.37037123704144e-06,-0.0022583122771054,0.000512982982667685,0.000310017290764589,1.87898287465761e-05,-0.000201581248719619,-0.000283237677372217,-0.000547836183190882,0.000258516652462752,-0.00406468575615997,-0.000626239026973625,0.000127256537391891,0.00343015256577203,-0.000871614588609544,0.000531993706839394,-1.03038759936122e-16,-0.000301817136723628,1.48136750997278e-06,1.97297107668915e-06,0.00028874371332194,8.5386333076819e-07,-5.0085366833523e-05,0.000428802770866882,8.28829872493481e-05,-5.77193773958987e-08,2.2389949923546e-05,1.72398588220543e-05,-7.96559183583942e-07,-1.11916558039292e-05,-0.00264871239717554,0.0016633266590015,0.000375289116788825,2.98847992300389e-06,-2.4849988857662e-07,-6.92017726022093e-09,5.21710936877569e-07,7.63389474261192e-17,-3.15185472107935e-05,6.63919146476998e-09,-1.38466248876291e-05,-5.27927145230811e-16,-8.74363394144304e-09,-1.66533453693773e-16,-3.91943254298835e-06,-1.38226218624371e-05,-1.71172485537489e-05,-1.18308141061618e-15,1.08461411867344e-05,0.000217582916958523,-8.07135797651522e-05,-1.15809350300659e-06,-5.18888909210429e-16,7.84238478692843e-17,1.42135767428869e-05,6.0155003839315e-05,0.00194391859886338,8.88168943935994e-05,0.000373820356674879,-5.78071288255023e-08,3.2271407900196e-16,-1.10988844120993e-06,-5.26807463325021e-06,3.29635736599776e-06,0.874322209933254,-4.80362277732738e-14,-3.82837768292399e-08,-4.62726446422172e-08,6.93889390390723e-17,1.03694647583807e-07,2.64906467524733e-05,1.33573707650214e-16,-3.04271459378173e-16,-3.8294020732188e-16,2.89512617616686e-06,1.46927752168278e-07,-1.23165366794353e-16,-3.20408736044466e-16,2.07519996555695e-08,-2.11617567836069e-05,2.52402265754625e-16,2.47652711740756e-16,2.13278247980346e-06,4.53056986653912e-16,-1.49443667156468e-07,6.83409980116497e-17,-4.41888766511488e-16,2.55556835052229e-05,-0.0139669992770188,2.55739454653401e-16,-2.77338946373349e-16,3.70835955308941e-16,-1.39063863561576e-16,1.13848919033254e-17,6.44836156092877e-18,-1.04253399779075e-16,2.17260247298377e-16
"t119",0.0500844332948736,-0.0559734744221927,0.0208649986182519,-0.196869503985301,0.0746464606309507,0.368197384789811,-0.0383875440793883,0.00113501988830113,-0.00880010115496479,0.0144166473758172,-0.0135167240812958,0.00149671091687543,-0.00793652729649245,0.00128957790937731,-0.00892687230571049,0.000706332222172178,-0.241488388815001,-7.00495002172244e-05,-0.0134513258466875,0.015284737532596,0.00192262059334037,-0.00855308821434331,0.0011985193039957,0.00104390774657536,7.80196064174951e-06,-0.00284415159878554,0.000648272573929638,0.000399088796632058,2.50433766642039e-05,-0.000269067247234175,-0.000382215181567561,-0.000755766019027736,0.000370872355903552,-0.00584902767754613,-0.000952590782741956,0.000194145698489838,0.00527716282732941,-0.00135322662961203,0.000841329329367544,2.90933664173461e-16,-0.00048039839321003,2.38176216022586e-06,3.42984201161592e-06,0.000547523398130612,1.62328107855862e-06,-9.98196732939619e-05,0.000891388489069797,0.000172688208547951,-1.29068823598267e-07,5.74171542392247e-05,4.84889077751378e-05,-2.30161148840821e-06,-3.32170708993752e-05,-0.00851075330528317,0.00535834588444907,0.00121903454137184,1.04077303484497e-05,-9.84005031043466e-07,-2.80122624211204e-08,2.78766360897863e-06,-1.22873508223542e-16,-0.00025669259273179,7.15663076067824e-08,-0.000800515908013475,3.77478047388796e-16,1.54165216715782e-07,-1.21430643318376e-16,1.7304358746316e-05,4.86067507456917e-05,4.37535279113207e-05,4.47558656802016e-16,-2.41569348294203e-05,-0.000392984758148223,0.000107016993522979,1.33676467847979e-06,1.56861337116654e-16,-1.15763812783738e-17,-1.4095127308926e-05,-5.3039814295364e-05,-0.00157645860862758,-7.1517274631166e-05,-0.000298649243283244,3.85408999922787e-08,-4.93977272340811e-17,4.81060740499095e-07,2.18613008289015e-06,-1.11570842252842e-06,-0.286553345527779,1.56402668594069e-14,1.02151213824536e-08,1.06755743964346e-08,-1.94289029309402e-16,-8.49203972939916e-09,-2.16541028245402e-06,-1.42247325030098e-16,1.6831294877869e-16,4.91794105439425e-16,1.4741298546669e-07,1.31087144088501e-08,-2.63677968348475e-16,4.4422972163217e-17,3.0092948081345e-09,-3.26699346992615e-06,1.64798730217797e-16,-9.97077821203254e-17,4.12729639783036e-07,-1.36685150654192e-16,-3.7520917470224e-08,2.11201095352784e-16,1.86489977024468e-16,1.0580238236961e-05,-0.403191932781243,-2.80981644668819e-15,0.707106781186549,1.26122929179462e-16,3.3527537141134e-16,4.1160032955954e-16,-7.40055274820587e-16,-3.92736311034796e-17,6.8527832390209e-17
"t120",0.0500844332948736,-0.0559734744221927,0.0208649986182519,-0.196869503985301,0.0746464606309507,0.368197384789811,-0.0383875440793883,0.00113501988830107,-0.0088001011549648,0.0144166473758173,-0.0135167240812958,0.00149671091687542,-0.00793652729649251,0.00128957790937732,-0.00892687230571048,0.000706332222172191,-0.241488388815001,-7.00495002171828e-05,-0.0134513258466876,0.0152847375325961,0.00192262059334035,-0.0085530882143433,0.00119851930399565,0.00104390774657539,7.80196064174149e-06,-0.00284415159878554,0.000648272573929735,0.000399088796632089,2.50433766641506e-05,-0.000269067247234196,-0.00038221518156753,-0.000755766019027639,0.000370872355903494,-0.0058490276775461,-0.000952590782741874,0.000194145698490045,0.00527716282732951,-0.00135322662961187,0.000841329329367455,1.24400730099383e-16,-0.000480398393209944,2.38176216021889e-06,3.42984201143421e-06,0.000547523398130622,1.62328107844814e-06,-9.98196732939871e-05,0.000891388489069832,0.000172688208547981,-1.2906882375076e-07,5.74171542392107e-05,4.84889077749422e-05,-2.30161148834229e-06,-3.32170708992607e-05,-0.00851075330528308,0.00535834588444902,0.0012190345413717,1.04077303486265e-05,-9.84005030952888e-07,-2.8012262317037e-08,2.78766360894831e-06,-1.18512057693686e-17,-0.000256692592731929,7.15663075855761e-08,-0.000800515908013583,-8.49792601295491e-18,1.54165216454706e-07,-2.28983498828939e-16,1.73043587464091e-05,4.86067507457228e-05,4.37535279112083e-05,3.08780778723872e-16,-2.41569348291791e-05,-0.000392984758148301,0.000107016993522941,1.33676467880519e-06,1.22166867599743e-16,-8.44223902253227e-17,-1.40951273090578e-05,-5.30398142952127e-05,-0.00157645860862756,-7.1517274631094e-05,-0.000298649243283218,3.85408998257453e-08,-2.52639261455525e-16,4.81060740625729e-07,2.18613008259004e-06,-1.11570842234107e-06,-0.286553345527779,1.59091489981833e-14,1.02151215194968e-08,1.06755745486972e-08,-2.08166817117217e-16,-8.49203982220686e-09,-2.16541028299125e-06,1.94289029309402e-16,-4.95710248221201e-17,1.75207071073658e-16,1.47412985337887e-07,1.31087143067555e-08,-7.63278329429795e-17,4.37771522165625e-16,3.00929463466215e-09,-3.26699346991401e-06,6.22765727875674e-16,-6.62940036350567e-17,4.12729639830849e-07,-1.12039058552467e-17,-3.7520917865741e-08,1.23683127335393e-16,-4.03613597489286e-16,1.05802382368431e-05,-0.403191932781246,2.57109947495898e-15,-0.707106781186547,-3.11867617861116e-16,-2.08648959418689e-16,-8.07042916593504e-16,8.57191360134608e-16,-1.71617659025416e-16,5.99687760719345e-17
"t114",0.0500764601020914,-0.0559460311926803,0.0208544697751254,-0.196720402296574,0.0745684184751075,0.367796354834976,-0.038336100128811,0.00113338633394034,-0.00878702770130943,0.0143866964373529,-0.0134849879471869,0.00149293355363348,-0.00791507225087762,0.00128535576011008,-0.00889524210508511,0.000703812401814135,-0.240217141285445,-6.96406014876159e-05,-0.013365977150013,0.0151832684694947,0.00190977133279573,-0.00849405964542653,0.00118965781202726,0.00103600706216869,7.73583380364899e-06,-0.00281734419113998,0.000642088842004564,0.000395041969650538,2.47623401476493e-05,-0.000266035776842095,-0.000377783883140933,-0.000746517864464903,0.000365930870344075,-0.00577061764467766,-0.000938462569031322,0.000191252192506741,0.00519743687124895,-0.00133248618106038,0.00082806938948538,2.15546050604607e-16,-0.000472755520865155,2.34332214294077e-06,3.36876015590709e-06,0.000536869630265042,1.59162089019712e-06,-9.77917636643313e-05,0.000872671719176387,0.000169056057315873,-1.26217818632439e-07,5.60463656525827e-05,4.72809546982805e-05,-2.24362789374988e-06,-3.23712714838092e-05,-0.00828767437163499,0.00521777211385217,0.00118696378775262,1.01277579817583e-05,-9.56580483443234e-07,-2.72272942520961e-08,2.70503459776901e-06,4.84550563320026e-17,-0.00024865595104691,6.92717593212475e-08,-0.000773385078179905,3.95552095149646e-17,1.48676712165199e-07,8.50014503228635e-17,1.66253976492747e-05,4.66434218282177e-05,4.18973021828692e-05,2.05564731903252e-16,-2.31067767679787e-05,-0.000375188021685799,0.000101828403066137,1.2697532060069e-06,8.92746198875611e-17,-1.00338862296606e-16,-1.33609893873329e-05,-5.01913494658753e-05,-0.00148989218396053,-6.75826306327874e-05,-0.000282183841028872,3.63091369644242e-08,-2.27272276116963e-17,4.49722295392248e-07,2.04204156782021e-06,-1.03812764873194e-06,-0.266463054704213,1.45708098364672e-14,9.46158165704425e-09,9.86094858177093e-09,4.30211422042248e-16,-7.7158787135153e-09,-1.96744946160876e-06,-1.73472347597681e-18,1.66667926665169e-16,4.09394740330526e-16,1.30032502073577e-07,1.13967884339589e-08,1.94289029309402e-16,-2.01038772665462e-16,2.53591739209254e-09,-2.73383133179137e-06,-7.86697096355482e-16,-1.36614228915208e-17,3.32445527933959e-07,-9.68069900943697e-17,-2.72755313682205e-08,-3.52874363019655e-16,3.30289678977531e-16,1.45238750286041e-06,0.821387363190095,-3.30832745908292e-17,-1.45585259383763e-15,-2.73597444820891e-16,3.13209514016841e-17,3.74976336075334e-16,-3.47528118560818e-16,-1.34235751787103e-16,2.39541827392427e-16
"t25",0.0481201169672366,-0.0489355556921968,0.0181600327577208,-0.157320032118878,0.0531468529155411,0.257067180338456,-0.0236307245767816,0.000659817871276393,-0.00497171877116127,0.00482773197873051,-0.00290105951079065,0.000195140585362139,-0.000308580350741074,-0.000381433597078384,0.00430227584244468,-0.000352990521528344,0.600687269182813,0.000267743433721764,0.0770350224307334,-0.113545360694344,-0.0148978764779298,0.0825906436726223,-0.0218923394724712,-0.0262390019885983,0.000331341092916208,-0.0395476582680547,0.0084385834686994,0.00397250050380719,0.000185456067248688,-0.00197425879134619,-0.00263392991745667,-0.00469854853619805,0.0020202979504732,-0.0315962482282858,-0.00455308090023284,0.000923102311878826,0.0247336035355373,-0.00624938184313846,0.00377974140030023,0.707106781186547,-0.00213898307049774,1.04637420067821e-05,1.38553866922482e-05,0.00207013515332941,6.12728802076217e-06,-0.000366293798826099,0.00319964921098972,0.000619173826245864,-4.4836699383252e-07,0.000190061205540839,0.000156422206560116,-7.37495748355087e-06,-0.000105756050867795,-0.0266296218155791,0.0167570746798795,0.00380585760196221,3.2062460973191e-05,-2.96744631001256e-06,-8.4198968778107e-08,8.09668691050767e-06,1.49677018207098e-16,-0.000720358908494318,1.97775696550557e-07,-0.00213148535719343,3.50309396709961e-17,3.96372335478585e-07,3.90312782094782e-17,4.11906863747502e-05,0.00011275951960058,9.68020892851307e-05,1.06251812903579e-16,-5.20901524046137e-05,-0.000808541352294268,0.000200742626155892,2.37627191258687e-06,-5.83137027878564e-17,1.70022410525433e-17,-2.33398501473608e-05,-8.22172672218836e-05,-0.00231417165020813,-0.000104464484532229,-0.000433817222363762,4.81842764566125e-08,8.76093650969497e-18,2.94663589160422e-07,1.16509774983169e-06,-1.27106366329746e-07,-0.0114785749494527,6.51822346098285e-16,-4.99573451573712e-09,-9.94423555328463e-09,-7.97972798949331e-17,5.76129884574412e-08,1.47273133905335e-05,1.24466409401336e-16,-5.9493452010588e-17,-7.82577128100037e-16,2.4499137337849e-06,1.36133041808128e-07,3.72965547335014e-17,-1.30024807776594e-16,2.15687242247293e-08,-2.2382547739182e-05,-5.55111512312578e-17,1.52988404541814e-17,2.41364289594981e-06,3.73941222061454e-17,-1.8372707115237e-07,1.7117592740671e-17,-1.89727531046522e-16,3.48105472061403e-05,-0.000333072604221074,-4.3171929250911e-17,3.73216307629012e-17,-4.41973522622534e-17,-3.19889745670133e-17,-9.26646581411149e-17,-1.55706591689274e-17,-1.37490685567332e-16,1.43361428714337e-16
"t26",0.0481201169672366,-0.0489355556921968,0.0181600327577209,-0.157320032118878,0.0531468529155411,0.257067180338456,-0.0236307245767816,0.000659817871276421,-0.0049717187711613,0.00482773197873053,-0.0029010595107906,0.000195140585362153,-0.000308580350741131,-0.000381433597078405,0.00430227584244472,-0.000352990521528308,0.600687269182812,0.000267743433721617,0.0770350224307332,-0.113545360694344,-0.0148978764779298,0.0825906436726222,-0.021892339472471,-0.0262390019885984,0.000331341092916111,-0.0395476582680546,0.00843858346869969,0.00397250050380717,0.000185456067248905,-0.00197425879134635,-0.00263392991745653,-0.00469854853619769,0.0020202979504733,-0.0315962482282859,-0.00455308090023151,0.000923102311877755,0.0247336035355388,-0.00624938184313366,0.00377974140029892,-0.707106781186548,-0.0021389830705013,1.04637420104514e-05,1.38553866941192e-05,0.00207013515332974,6.12728802038316e-06,-0.0003662937988267,0.00319964921098987,0.000619173826245656,-4.48366993769731e-07,0.000190061205540295,0.000156422206559637,-7.37495748340949e-06,-0.000105756050866795,-0.026629621815579,0.0167570746798789,0.00380585760196206,3.20624609730237e-05,-2.96744631022562e-06,-8.41989677528854e-08,8.0966869105501e-06,-2.25023252603884e-16,-0.000720358908494286,1.97775696557559e-07,-0.00213148535719336,4.19698335748985e-17,3.96372335454082e-07,6.41847686111419e-17,4.11906863747248e-05,0.000112759519600609,9.68020892851829e-05,1.41813644161104e-16,-5.20901524046015e-05,-0.000808541352294457,0.000200742626155803,2.37627191255853e-06,6.31169405305385e-17,-7.32033796982932e-17,-2.33398501474093e-05,-8.22172672218304e-05,-0.00231417165020812,-0.000104464484532252,-0.000433817222363583,4.8184276400234e-08,-5.5423832101909e-17,2.94663589171101e-07,1.16509775007411e-06,-1.27106365876983e-07,-0.0114785749494535,9.35015953551499e-16,-4.99573454305902e-09,-9.94423548310117e-09,5.20417042793042e-18,5.76129884964725e-08,1.47273133905626e-05,-1.1666015375944e-16,4.28091566101422e-17,-3.62123525610158e-17,2.44991373379151e-06,1.3613304180062e-07,4.59701721133854e-17,1.11101755383958e-16,2.1568724185698e-08,-2.23825477391811e-05,-8.23993651088983e-18,2.9176628263161e-17,2.41364289588951e-06,1.91795257857162e-17,-1.83727071265127e-07,8.22713676175779e-18,-6.61572144439461e-16,3.48105472062149e-05,-0.000333072604221053,4.35643239574196e-17,2.34445576393568e-17,-2.6841647172926e-17,-8.74408334912818e-17,7.73382425050287e-17,-5.37345756398681e-17,-9.2865601774154e-17,1.55315181182479e-16
"t15",0.00392639895588763,-0.240811127779783,0.0941290051233906,0.0814702048229408,-0.0175745888575114,-0.00894443312131196,-0.000873602925154438,0.000288050996270234,-0.000293519372790009,9.9592575374219e-05,0.0014994484936767,-0.00031149400848088,0.00246013004341704,-0.000240687429101722,0.00693025741557211,-0.0005567844189839,0.053358259216257,-0.000155643158656332,-0.102413444727858,0.148293889306979,0.0134572584551425,-0.198118307661767,0.429873600229549,0.599907319447669,0.00223971788636384,-0.41909452851199,0.123770590343481,-0.0110102994204523,0.00138358409758601,-0.0146595976522475,-0.00555491591517587,-0.0334366680581509,0.0130015238014681,-0.227123796739971,-0.035331309095666,0.00484249937289372,0.194404057210006,-0.0488848179468959,-0.0503659451297948,3.10489234842104e-16,-0.0825449301907405,-0.000750919032692374,0.000260895133837728,-0.00628652701287836,-0.0014237713332299,0.0089751156276332,-0.00729390550984407,-0.00140463012595872,3.31174876474284e-06,-0.000337108243621185,-0.000407825038367437,1.76387593696439e-05,0.000233018199104016,0.0479548217025816,-0.027392171148666,-0.00665811052380045,-5.8128664176412e-05,3.08409236729192e-06,8.29584478959089e-08,-2.30616506814073e-05,1.39843148125881e-16,0.0066853666831752,4.94612540579673e-06,-0.00411824851216618,-3.47682664873116e-16,-9.5574574888839e-08,3.64291929955129e-16,1.23495447928343e-05,2.58677346322461e-05,3.33955120088325e-05,6.93889390390723e-16,-6.31695781631738e-06,-6.95979846104314e-05,0.000103794231858666,8.47011316175889e-08,-6.70695701942407e-17,-6.20726448420178e-17,-1.28311334010884e-05,-1.56575561017343e-06,-4.63782068360239e-05,9.68300292599257e-05,-4.15443777481678e-06,3.09808622887819e-08,-2.91927519024882e-17,1.35386606185499e-07,4.83472888357719e-07,7.11194662189607e-10,2.59255812573773e-08,1.38777878078145e-16,-1.50737734858422e-07,-0.00156011535271945,-2.0122792321331e-16,7.94251975239427e-08,6.37442784599107e-08,-7.80625564189563e-17,-6.392501399728e-18,5.64652491430451e-16,2.95736017697022e-08,2.06429396876716e-09,1.38777878078145e-16,-2.45444612877951e-17,2.79808544138491e-08,-4.77675024750969e-07,5.20417042793042e-17,9.05202444607533e-18,6.16691403200692e-08,4.73278385767296e-17,-2.42751231803451e-07,3.13542811007292e-17,-3.47854471511884e-13,1.51301416942938e-06,-9.00535440044592e-07,2.32848254302169e-17,1.54444259141653e-17,5.96902935619459e-19,1.95931921573029e-17,-1.27921441507914e-16,-5.28513411058866e-17,-1.46058012933658e-16,1.43140565636301e-16
"t117",0.00419129911744503,-0.300884462103418,0.118508512153578,0.118927559871792,-0.0316654631456743,-0.0167261423441535,-0.00210235178688207,0.000784768915575718,-0.000853044168392126,0.00292573922792697,-0.0126079552740962,0.00139916076925703,-0.00740669768401644,0.000340357423477279,-0.00770140254467495,0.00060668442310206,-0.0217094355803718,4.93857325343412e-05,0.026434258643552,-0.0340896547548398,-0.0030400029469973,0.0411068895319342,-0.0736810557472637,-0.0960523534858762,-0.000248563051241767,0.0300219585998563,-0.00835775444717359,0.000520738871456588,-2.17659726911713e-05,0.000212844040108726,3.19492421098331e-05,-0.000374487219609362,0.000548570347838201,-0.0101924967770191,-0.00459504768648162,0.000678051738676062,0.0347059771909235,-0.0124999448348039,-0.235557594849958,-9.72119016243769e-17,0.066319473432466,0.000196672635038175,-6.46376494690801e-07,-0.000218177033186905,-5.04483874016477e-05,0.00042366445114288,-0.000408904543888878,-7.93787914943255e-05,2.31547963459289e-07,-3.36124607342636e-05,-5.67523651904069e-05,2.84845424014846e-06,4.60226874805156e-05,0.291889785014116,0.452651145055059,0.00805786981801895,4.76789648991479e-06,3.47277087159801e-08,1.41440600533594e-09,-1.13364554501709e-06,-2.56254318684112e-16,0.000424825464695881,3.36405952634246e-07,-0.000314336201637323,1.49360567072889e-15,-7.85360409288161e-09,6.30843034060691e-16,1.12822193118826e-06,2.42362824222214e-06,3.25057708889492e-06,3.20544372295339e-16,-6.25523861009224e-07,-7.07768988889317e-06,1.09798348069997e-05,9.11770726232113e-09,8.70755380954855e-17,6.50559967318062e-17,-1.40736491328298e-06,-1.74193519003084e-07,-5.21110173698009e-06,1.08890189743446e-05,-4.67618816140359e-07,3.5606242489351e-09,3.07221456789966e-16,1.63270502858921e-08,5.86014308949327e-08,8.85794386245534e-11,3.24636702993413e-09,4.03052157621486e-16,-2.012410586815e-08,-0.0154190871443439,6.67868538251071e-17,1.0031293388001e-08,8.05133818822857e-09,1.11401773222886e-16,7.41783454298855e-17,3.94988403963625e-17,3.93088174808666e-09,2.78387178269067e-10,2.10064170919066e-16,-1.60093433484281e-16,3.8559356505086e-09,-6.60700153559117e-08,1.76630086425045e-16,3.04404911078793e-16,8.66319968592605e-09,-3.55713815248202e-16,-3.48708764309129e-08,7.29815114959369e-16,-7.44445640524338e-13,2.25237181116807e-07,-1.35587121892483e-07,-0.707106781186548,-2.91801148046588e-15,4.4887173010396e-16,-4.78772078744873e-16,-1.6630863432149e-16,-5.50069415715662e-17,-1.72144769548672e-16,2.52611484964242e-16
"t118",0.00419129911744503,-0.300884462103418,0.118508512153578,0.118927559871792,-0.0316654631456743,-0.0167261423441535,-0.00210235178688208,0.000784768915575726,-0.000853044168392122,0.00292573922792696,-0.0126079552740962,0.00139916076925702,-0.00740669768401641,0.000340357423477304,-0.00770140254467492,0.000606684423102038,-0.0217094355803718,4.93857325342965e-05,0.026434258643552,-0.0340896547548398,-0.0030400029469973,0.0411068895319342,-0.0736810557472636,-0.0960523534858762,-0.000248563051241781,0.0300219585998562,-0.00835775444717362,0.000520738871456707,-2.17659726911671e-05,0.000212844040108647,3.1949242109849e-05,-0.000374487219609287,0.000548570347838284,-0.0101924967770192,-0.00459504768648155,0.000678051738675961,0.0347059771909235,-0.012499944834804,-0.235557594849958,-2.15173153462962e-16,0.0663194734324659,0.000196672635038133,-6.46376494692505e-07,-0.000218177033186855,-5.04483874016022e-05,0.00042366445114285,-0.000408904543888886,-7.93787914943161e-05,2.31547963435243e-07,-3.36124607344127e-05,-5.67523651902669e-05,2.84845424016345e-06,4.60226874804558e-05,0.291889785014116,0.452651145055059,0.00805786981801902,4.76789648999698e-06,3.47277086629802e-08,1.41440622649963e-09,-1.13364554493555e-06,-2.61458489106204e-16,0.000424825464696045,3.36405952740753e-07,-0.000314336201637641,1.59942380276137e-15,-7.85360412565163e-09,3.18592808384865e-16,1.1282219311447e-06,2.42362824213817e-06,3.2505770890168e-06,2.9354773820045e-16,-6.25523861004429e-07,-7.07768988901269e-06,1.0979834807094e-05,9.11770758346694e-09,4.95602916686267e-16,-4.94371407964023e-17,-1.40736491300911e-06,-1.74193518940935e-07,-5.21110173680617e-06,1.08890189742575e-05,-4.67618816502904e-07,3.56062445985985e-09,-4.3209807295058e-17,1.6327050309277e-08,5.86014310364076e-08,8.85794056919124e-11,3.24636725215131e-09,-8.15048983165978e-17,-2.01241059169391e-08,-0.0154190871443438,3.19731220665975e-16,1.00312933226914e-08,8.05133848876877e-09,2.78368907785653e-17,1.5792918975938e-16,-1.39292874110075e-16,3.93088183934144e-09,2.78387102366564e-10,-1.18286457018169e-16,2.38025602961009e-16,3.85593552289123e-09,-6.60700151038584e-08,8.47846098883664e-17,-1.71157131832662e-16,8.66319959725779e-09,2.45553052816426e-16,-3.48708755460955e-08,-6.27013215261916e-16,-7.44233355329227e-13,2.2523718074685e-07,-1.35587121985183e-07,0.707106781186548,2.92716937595491e-15,-4.55524669997221e-16,3.59834589102807e-16,1.94513851701334e-16,1.52493631217266e-17,-5.89942965572561e-17,3.16532191156005e-16
"t83",0.00418966408309584,-0.30051742430585,0.118359624891558,0.118700662975351,-0.0315809333611481,-0.0166795312393221,-0.0020950571065392,0.00078183073482948,-0.000849740151895676,0.00290943287144681,-0.0125274813340843,0.00138947760009939,-0.00735129929103596,0.000337184369910591,-0.00762262418898652,0.000600428397269563,-0.0213479412002414,4.84443858929421e-05,0.0258705544314158,-0.0333160682982117,-0.00297037311954473,0.0401221296527645,-0.0717339804839942,-0.0934266595345292,-0.00024051560528991,0.0288728415823324,-0.00803157326458704,0.000498242463179974,-2.06431597457703e-05,0.000201785045428112,3.01996544479333e-05,-0.000351770497386009,0.000509084468918278,-0.00944938813065794,-0.00417600064552129,0.000615505725668768,0.0313996717867082,-0.0112670590206811,-0.210659415900389,2.67807845006242e-16,0.0591403540848656,0.000174579749491384,-5.50621764805576e-07,-0.000174805151159986,-4.03333341952995e-05,0.000324276331159053,-0.00029854549693156,-5.77921783172725e-05,1.51644944500436e-07,-1.4637929841107e-05,-9.85412505495819e-06,1.83074331147419e-07,-3.12293841640485e-06,-0.203508439951329,-0.329256831808316,-0.00669407235985662,-1.15094663697067e-05,4.22865695109595e-07,1.11058354574332e-08,-2.76569205356909e-06,8.53509882709063e-17,0.000788056029278265,5.8417433219897e-07,-0.000493509497249018,-2.8286121543455e-15,-1.16726892830849e-08,-2.47089675109446e-16,1.57668139251459e-06,3.34961324135092e-06,4.43200483926365e-06,-4.3303034769071e-16,-8.48912574061944e-07,-9.55685450321603e-06,1.48067475108379e-05,1.23282807369212e-08,9.34774962508376e-16,2.50024693119265e-16,-1.91430837755287e-06,-2.38680815323646e-07,-7.19022525074257e-06,1.5034616328814e-05,-6.46135369408296e-07,5.03083879128908e-09,-2.98717713151963e-16,2.59855435468784e-08,9.53086115597335e-08,1.68236741486701e-10,6.40038021500889e-09,2.29520178904319e-15,-6.31999945050225e-08,-0.392624187098695,1.37953884427056e-15,6.76650897552672e-09,5.43520622794588e-09,5.53517735119025e-15,0.707106781186546,2.02048393207338e-14,3.57595994185235e-09,2.61317232166692e-10,-1.51961776495568e-15,7.03461337186079e-16,3.73459310863884e-09,-6.42518551740906e-08,1.16253577944758e-15,-1.04725378687455e-15,8.54565352472454e-09,6.59864911835514e-16,-3.49004421391387e-08,-2.75495778610426e-17,-7.54391436225038e-13,2.28666160994977e-07,-1.38071535423043e-07,1.06843338135272e-16,8.39619187756567e-18,5.41021546701517e-17,1.4822253805567e-16,-7.29191705708668e-17,-1.45400254059891e-16,-1.50838647186432e-16,4.27380286359092e-17
"t110",0.00418966408309584,-0.30051742430585,0.118359624891558,0.118700662975351,-0.0315809333611481,-0.0166795312393221,-0.00209505710653919,0.000781830734829486,-0.000849740151895683,0.00290943287144682,-0.0125274813340843,0.00138947760009943,-0.00735129929103599,0.000337184369910587,-0.00762262418898657,0.000600428397269542,-0.0213479412002414,4.84443858929564e-05,0.0258705544314159,-0.0333160682982117,-0.00297037311954477,0.0401221296527645,-0.0717339804839941,-0.0934266595345292,-0.000240515605289943,0.0288728415823324,-0.00803157326458709,0.000498242463179944,-2.06431597457828e-05,0.000201785045427965,3.01996544479339e-05,-0.000351770497386061,0.000509084468918284,-0.00944938813065793,-0.0041760006455212,0.000615505725668719,0.0313996717867082,-0.0112670590206811,-0.210659415900389,1.3943830776243e-16,0.0591403540848656,0.000174579749491324,-5.50621764831664e-07,-0.000174805151159986,-4.03333341954971e-05,0.000324276331159094,-0.000298545496931616,-5.77921783172675e-05,1.51644944440953e-07,-1.46379298412967e-05,-9.85412505478313e-06,1.83074330890247e-07,-3.12293841663166e-06,-0.203508439951329,-0.329256831808316,-0.00669407235985675,-1.15094663697253e-05,4.22865695082901e-07,1.11058357469694e-08,-2.76569205365551e-06,1.5094687494369e-17,0.000788056029278261,5.84174332280224e-07,-0.000493509497249024,-2.43049311660888e-15,-1.1672689540068e-08,-3.91396984267267e-16,1.57668139247825e-06,3.34961324122648e-06,4.43200483934971e-06,-6.28837260041593e-16,-8.48912573797043e-07,-9.55685450320261e-06,1.48067475106896e-05,1.23282808105287e-08,-2.77146225895857e-16,-3.49322268095178e-16,-1.91430837721048e-06,-2.38680815412405e-07,-7.19022525060613e-06,1.5034616329207e-05,-6.4613536815323e-07,5.03083850945073e-09,-2.78985237967317e-16,2.59855435752777e-08,9.53086106415769e-08,1.68235847236749e-10,6.400379658864e-09,1.21913113285133e-15,-6.31999952130065e-08,-0.392624187098691,3.9191740131006e-15,6.76651042746316e-09,5.43520736020532e-09,-7.0719255104712e-15,-0.707106781186549,-2.05308318089459e-14,3.57596085837715e-09,2.6131643608447e-10,1.66197351020303e-15,-4.53599221455656e-16,3.73459370985605e-09,-6.42518553536209e-08,-1.2282384311002e-15,1.07084367886637e-15,8.54565381030339e-09,-5.00884901453494e-16,-3.49004422217549e-08,-2.00160657593648e-17,-7.54900211039822e-13,2.28666160873221e-07,-1.38071535284699e-07,2.34336701780501e-16,2.02710673697998e-16,2.25597859890043e-17,-2.55231889068319e-17,1.03155262600399e-16,-2.58590960401713e-16,-6.43356191769336e-17,1.49307214208936e-16
"t78",0.00418779649119953,-0.300103178274349,0.118191675648445,0.118447080107576,-0.031487467650403,-0.016628076909732,-0.00208708023873627,0.000778629850702808,-0.000846147077229805,0.00289210121288698,-0.0124428550257497,0.00137936594082518,-0.00729386563512593,0.000333970727989434,-0.00754373082393003,0.000594169622130801,-0.0210123066489354,4.75934628794473e-05,0.0253732963375001,-0.0326434567473478,-0.00290996602480867,0.0392770894337406,-0.0701046829544378,-0.0912494196205945,-0.000234161081695939,0.0280134106631082,-0.00778925141732287,0.000482128265890018,-1.98929805925911e-05,0.000194418319333427,2.90598407336627e-05,-0.000337628003815552,0.000486445757297005,-0.00902609806333071,-0.00396464121339413,0.000584167233910042,0.0297741320824604,-0.0106733726869161,-0.199170063406232,1.2455960721549e-16,0.0558770631971408,0.000164773316268943,-5.15603829928933e-07,-0.0001623378265119,-3.74478385075141e-05,0.000299792947200001,-0.000274987916186778,-5.32214958550251e-05,1.38827093179376e-07,-1.32595267881128e-05,-8.86823306636624e-06,1.64459978901736e-07,-2.80046747328107e-06,-0.181585824624325,-0.293742138067413,-0.0059690370617656,-1.02210997562944e-05,3.72943317408489e-07,9.78384321795962e-09,-2.40667541996217e-06,4.21724436913008e-16,0.00067644238534053,4.98165138804168e-07,-0.000413775366648889,-2.91392989878085e-15,-9.61850256514236e-09,-2.82543086149722e-16,1.24483583186592e-06,2.60365012603291e-06,3.34196465171327e-06,2.0122792321331e-16,-6.29136902103088e-07,-6.85180471401709e-06,9.89055352935454e-06,7.87688165704712e-09,-7.31932538729609e-16,-2.84188711152626e-17,-1.14907896102369e-06,-1.34653576094906e-07,-3.84261768033474e-06,7.9941723984606e-06,-3.41606523956413e-07,2.25275805128267e-09,3.24658147206985e-16,2.87329492077088e-09,5.43682868799251e-09,-4.81443142730936e-11,-2.30427381640731e-09,-3.99235765974337e-15,6.78474096651419e-08,0.83134544867609,-5.55154880399478e-15,2.16876900773876e-08,1.73970460992957e-08,1.62391801394879e-15,2.5014784341404e-15,-2.64138754271781e-16,6.25744068624665e-09,4.21780437634764e-10,-4.48859699408999e-17,-3.64476042109808e-16,5.51826266129954e-09,-9.37810084568553e-08,-2.38795528489932e-16,8.33675468615233e-18,1.19247828448495e-08,3.00090843667352e-17,-4.63131037040619e-08,3.08885270216106e-17,-9.51477738609861e-13,2.86501816381909e-07,-1.70553829363521e-07,-1.04774420761591e-16,-4.13609997084821e-17,-1.80180954586087e-16,-1.53072991977384e-16,-3.22707853678836e-17,1.48054506320483e-16,-4.57453483847844e-17,-2.0570041689028e-17
"t107",0.00417161617950735,-0.296454605988749,0.116711354044224,0.116183075617648,-0.0306404570200944,-0.0161607163752436,-0.00201365765199362,0.000749010668823015,-0.000812815658076007,0.00272599280431671,-0.0116192230051323,0.00127994793706854,-0.00672320592040557,0.000300922155575868,-0.0067186824762328,0.000528616841087239,-0.0170687114458084,3.71578242911591e-05,0.019026673460611,-0.0238503742990888,-0.00211732936921731,0.0279832869922891,-0.0473735095163914,-0.0603903486787096,-0.000135906019417792,0.0133044462300192,-0.00358795939079574,0.000181890303846569,-3.71780542293698e-06,3.45344370010423e-05,3.0652361490387e-06,2.09245469873706e-05,-0.000222691239631165,0.0044734084611931,0.00592089608391663,-0.000917318076784406,-0.0538541764711052,0.0224983579865968,0.57493052091541,8.01780791926858e-17,-0.180675537769399,-0.000640504654120171,6.80484052870667e-05,-0.00134016231315631,-0.000302641748033033,0.00183402302252322,-0.00146026373722586,-0.000280974219646424,6.50906505280497e-07,-6.5707780796998e-05,-7.99034636877792e-05,3.46939657227228e-06,4.61281631536307e-05,0.0192775527461608,0.0104282946844452,-0.00099499126485061,-1.09713378433282e-05,5.93702003860715e-07,1.59943444252852e-08,-4.4978653316418e-06,-1.22157603708133e-16,0.00131583297333931,9.77235182811698e-07,-0.000820839295602192,2.76312974408337e-15,-1.91959952777071e-08,-2.63677968348475e-16,2.5170184334664e-06,5.29460322369684e-06,6.88336795942449e-06,2.37657116208823e-16,-1.30645580170557e-06,-1.44743219717936e-05,2.17797469420225e-05,1.78483498207807e-08,-2.60604257449935e-16,-9.60110410573106e-17,-2.71655273897248e-06,-3.3271794432598e-07,-9.88117332480893e-06,2.06348743137475e-05,-8.85546846767205e-07,6.64144257254626e-09,-3.19691123964736e-16,2.94202477175076e-08,1.05211893461354e-07,1.55928025699636e-10,5.69218214039192e-09,-1.54390389361936e-16,-3.36271352161313e-08,-0.00624007189454437,-2.08166817117217e-17,1.75968387010166e-08,1.41229772238533e-08,-1.45716771982052e-16,2.69942238069034e-16,1.47885176327023e-16,6.66624298618142e-09,4.67805369420961e-10,-6.53990750443256e-16,2.59878050050524e-16,6.3934734956337e-09,-1.09303445184651e-07,1.40512601554121e-16,-2.12473701642689e-16,1.41984401200526e-08,2.66630751941656e-16,-5.64016836290815e-08,9.27488421827485e-16,-0.707106781184256,3.5692229964461e-07,-2.13498537137563e-07,2.49925705462991e-16,4.07235898012503e-16,-1.23002205544448e-16,-1.51795532388988e-16,5.18859220141876e-16,-3.21321901987523e-17,-1.04996912165815e-16,6.54562631540907e-17
"t108",0.00417161617950705,-0.296454605988671,0.116711354044193,0.116183075617601,-0.0306404570200772,-0.0161607163752342,-0.00201365765199219,0.000749010668822484,-0.000812815658075295,0.00272599280431371,-0.0116192230051176,0.00127994793706693,-0.00672320592039589,0.00030092215557543,-0.00671868247622007,0.00052861684108624,-0.0170687114457599,3.71578242911556e-05,0.019026673460546,-0.0238503742990034,-0.00211732936920963,0.0279832869921849,-0.0473735095162019,-0.0603903486784622,-0.000135906019417108,0.0133044462299514,-0.0035879593907772,0.000181890303845778,-3.71780542299553e-06,3.45344370005808e-05,3.06523614893375e-06,2.09245469873151e-05,-0.000222691239629435,0.00447340846116027,0.00592089608386867,-0.000917318076777009,-0.0538541764706598,0.022498357986408,0.574930520910447,-1.41866621144872e-16,-0.180675537767824,-0.000640504654114672,6.8048405286408e-05,-0.00134016231314176,-0.000302641748029737,0.00183402302250281,-0.00146026373720897,-0.000280974219643487,6.50906505299389e-07,-6.57077807958266e-05,-7.99034636867195e-05,3.46939657211096e-06,4.61281631528431e-05,0.0192775527458796,0.010428294684293,-0.000994991264835749,-1.09713378433332e-05,5.9370200367124e-07,1.59943448286085e-08,-4.49786533163527e-06,-9.40057709506154e-18,0.00131583297331619,9.77235183161875e-07,-0.000820839295586804,2.56016709717194e-15,-1.91959946813959e-08,-3.55618312575245e-16,2.51701843341991e-06,5.294603223616e-06,6.88336795921611e-06,1.80411241501588e-16,-1.30645580168979e-06,-1.44743219716612e-05,2.17797469416027e-05,1.78483501572976e-08,-3.24789026242123e-16,8.06927426360607e-18,-2.71655273865676e-06,-3.32717944062282e-07,-9.8811733250126e-06,2.06348743134626e-05,-8.85546846414128e-07,6.6414426714255e-09,2.75283399463394e-16,2.94202481390454e-08,1.05211893493447e-07,1.55927883452311e-10,5.69218231226507e-09,2.6628005356244e-16,-3.36271350912312e-08,-0.0062400718942574,-6.93889390390723e-18,1.75968383120048e-08,1.4122978174048e-08,-9.19403442267708e-17,-2.13045614702182e-16,1.09287578986539e-16,6.6662426372174e-09,4.67805612522805e-10,5.29090660172926e-16,-2.98703064967185e-16,6.39347372309931e-09,-1.09303445330368e-07,-3.46944695195361e-17,2.24148781181045e-16,1.41984398424697e-08,-6.10807590258858e-17,-5.6401682616003e-08,-9.65916626993266e-16,0.707106781188839,3.56922298180504e-07,-2.13498537666654e-07,-3.39036464425871e-16,-5.81606269043117e-16,5.98476651312191e-17,1.5279676509416e-16,-5.23709228087205e-16,-6.50914683596949e-17,-1.50388531063016e-16,2.74754940212673e-16
"t5",0.00340347743752899,-0.128213626231681,0.0485393843073902,0.0143019064943442,0.00644930402018241,0.00421814962812865,0.00110943704693224,-0.00049828149577814,0.000584155294364782,-0.0038071780469747,0.0197848908414885,-0.00243219806084953,0.0141201804261648,-0.000819021909918464,0.0201900692757299,-0.00160180005461628,0.0772371844071928,-0.000179170976523396,-0.0935587961486942,0.116143003311523,0.0102778591136656,-0.132686595666347,0.19921723429287,0.235000665416351,6.14316552709647e-05,0.145084877202077,-0.0483408025541932,0.00689277725705166,-0.00145498526152628,0.0156747899338074,0.00666024004058834,0.0486738558842794,-0.0246348132600422,0.43788196155564,0.0881366674450332,-0.0122057087267772,-0.503045756411388,0.12897853840985,0.00724693807542064,-9.20164957048255e-16,0.29271130311488,0.00249430806026353,-0.00103066170055166,0.0298612447370663,0.00679579307038269,-0.0465808907873733,0.0404884525758033,0.00782403620188121,-2.03696916593847e-05,0.00242449463627967,0.00319495354502713,-0.000141328609972301,-0.00190737365852796,-0.404448166920433,0.257391574916153,0.0586238606289633,0.000532640047024388,-3.03722955562576e-05,-8.26152394096252e-07,0.000258047387766541,-4.03822287054072e-16,-0.084011117030165,-6.54303665354848e-05,0.0615799838687622,2.78775454392103e-16,1.59911926605029e-06,-3.88578058618805e-16,-0.000261547022373676,-0.000590421891073415,-0.000870274553917787,-1.73472347597681e-16,0.000176396445456492,0.00219464767513059,-0.00409070603994826,-3.76748652109122e-06,-8.61428417000853e-17,-6.7013532185123e-18,0.000663931710337955,9.25737150212578e-05,0.0030467136270611,-0.00642119523712986,0.000278405852221071,-2.72264692563213e-06,3.07551468628543e-17,-3.62166747310282e-05,-0.00015900862432546,2.51793671169551e-05,5.37193198270784e-05,-5.20417042793042e-17,-4.72620998211368e-05,-0.0011969159425769,-1.80411241501588e-16,6.1511047270129e-06,4.93321010159915e-06,1.35308431126191e-16,2.69501571260071e-17,-3.48679418671338e-16,1.36300087316709e-06,8.40303639077666e-08,-3.19189119579733e-16,5.1658212014145e-17,9.64270613938376e-07,-1.60325519181627e-05,4.37150315946155e-16,2.13304128246662e-17,1.86299613995491e-06,2.2185438047027e-17,-6.39350694259938e-06,-1.4469269449845e-17,-2.44261010381974e-13,3.29145750952511e-05,-1.85461210897315e-05,6.05592630708703e-17,-6.39739157394626e-18,-1.18371552114275e-16,-2.80997206823669e-17,-4.68366959945323e-17,4.19928572520535e-17,-1.15697910717113e-16,1.37643066462951e-16
"t84",-0.102634828787437,0.0709043199640379,0.0943044745709673,0.00663745488244304,-0.000953361564020587,-0.00312348213075829,-0.000273670354878634,-0.278373928931576,-0.000404317854115408,0.00205991428510238,-0.130921733784349,-0.250037540787448,0.0143208295057873,1.26736068353036e-05,-0.00405161528844035,0.000325438659628236,-0.00254801620694323,0.000191279251765978,0.0121655195467106,-0.004175748973781,0.0129071407540042,0.0037635678510775,-0.029811159368195,0.0224114498965587,1.71573236767877e-06,-0.00622841907744553,0.00226465788865022,-0.000760940391424981,3.40545139481225e-05,0.00382985064445304,0.000161339355904012,-0.000171878284157044,-0.000167484284255511,0.0028206050777155,0.000187069725887788,-3.47571428998835e-05,-0.00122487586484992,0.000145714495263895,-3.84416632908025e-05,-3.66826692808986e-16,0.000404545128510031,2.78446645837341e-06,-0.316990835384845,-1.83280236027859e-06,-0.000432251983216892,0.00520323773426005,1.25619886390661e-05,2.24572301054399e-06,-3.83186464951861e-05,-3.37674310657533e-07,0.000217879342728106,4.63162888152844e-05,0.00719812152022207,1.25462406341424e-05,-7.91768901623792e-06,-1.83818169464774e-06,-8.57086247263357e-09,5.4356044244777e-06,1.91588083413997e-05,4.6647138691938e-08,7.84487323517327e-16,-2.95377202709195e-05,-2.85497833212748e-08,3.74456889763499e-05,-2.05892411566917e-14,0.626240356650638,2.66438448031256e-14,-7.70801635457828e-07,-2.28481184565828e-06,-0.00294072757499636,-5.93887180370405e-16,8.41339437480402e-07,2.49203053911834e-05,-0.0196940820192619,1.67518097160272e-07,8.91800719196882e-17,3.36777377355572e-16,0.000921672747518684,-4.40160954279492e-06,-0.00107191585683501,0.00848550131390148,0.000167965867129299,1.00154434450231e-06,-1.51744800632445e-16,0.000866104509076023,0.00209884812314858,-0.000782462205780055,2.78141586279045e-08,-1.03509146961728e-15,6.99139064554972e-06,-6.70281163536577e-10,3.56832344579835e-16,-2.56171642203739e-07,-1.6298865245045e-10,-7.48644914199884e-16,9.4041287454627e-20,-1.472326242437e-16,-5.65758062065071e-12,1.25443832416279e-12,-2.26161510252183e-16,-1.80551654673957e-16,1.07881849097084e-08,-6.99387736058078e-10,8.22488280242494e-17,3.73164900011153e-17,9.35111381986005e-11,3.18356323700665e-17,-1.24161048423068e-07,1.39796610305324e-16,-3.11720760324559e-16,-6.37743827244672e-09,6.85882773612989e-09,6.79624319018834e-17,-1.01519618057797e-16,-4.13414150932685e-17,-8.02885610880056e-17,-3.49226062438955e-16,-1.39018141617747e-15,4.21938319302277e-16,-8.96635532905208e-16
"t55",-0.097152645052715,0.0586821167638099,0.0775386313211406,0.00479804180216305,-0.000571532425588319,-0.0018107579301876,-0.000125871735699736,-0.113963658283325,-0.000155675497301107,4.29470310838647e-05,0.0262811832122957,0.0969190736051627,-0.00950737083753669,1.45325337009409e-06,0.00222069555954708,-0.000191187634173348,0.00869709973979831,-0.000978359441809695,-0.0911671305416513,0.0418306507177222,-0.14481023736856,-0.0427132178424546,0.590052346937847,-0.566060434984468,0.000276285767684042,-0.153548183598204,0.0514899366556664,-0.0126589318206868,0.000477960691758757,0.0641326089954351,0.0017016057701481,-0.00169810880572449,-0.00149672121064532,0.0250709234426188,0.00160163474765488,-0.000298087385702625,-0.0105842619170406,0.00127612896777151,-0.00035391839630001,1.5705979693601e-16,0.00382920376479533,2.79831046515182e-05,0.00298572921758608,-7.15985636915871e-06,-0.00169921346377183,0.0219707201407872,5.45950340922667e-05,9.77070948660631e-06,-0.000170440811197368,-1.53658062372119e-06,0.00102828933892665,0.000225203173939078,0.0375124927956847,4.52268683668209e-05,-2.8887846225215e-05,-6.91124547934875e-06,-3.51148725710798e-08,2.2967399469847e-05,8.1147023137798e-05,2.01027844829165e-07,-3.16194721989957e-16,-0.000130250889599917,-1.2835377500173e-07,0.00019455298369892,6.94081170067725e-16,-0.000244928509419229,-1.01868093612735e-15,-2.62868742724938e-06,-7.93878318561598e-06,-0.0103498843048117,2.28054961932316e-15,2.96677822923893e-06,8.78334874464687e-05,-0.068917519608112,5.83016729977737e-07,-2.62968793703603e-16,-1.289958759442e-16,0.00318375803665165,-1.51007747200967e-05,-0.00365759842054028,0.0289403691707109,0.000572552249678242,3.36903043447058e-06,5.20852077948301e-17,0.00303309004141069,0.00597953644913263,-0.00238971369900076,8.4607981043706e-08,4.23098799100439e-17,2.05754368952158e-05,-1.91631301241763e-09,-3.32720237120946e-16,-5.195387835622e-07,-3.30268751944965e-10,2.08922444539313e-16,-9.7917835105235e-17,5.22605754936334e-17,1.37811747810694e-10,1.51479305836053e-11,3.89665323719583e-16,1.82872913543184e-16,7.51307379123054e-08,-4.71410985330962e-09,3.60671945918527e-16,-2.86030020860034e-17,5.96494747822353e-10,-6.96456909745767e-17,-1.08241616248371e-06,8.51528208120551e-17,-1.74677605722391e-16,-1.80441563831361e-08,2.16674542833657e-08,-1.01173107005855e-16,-2.38562772659964e-16,-7.86379698267699e-17,1.71246342928631e-16,5.78850997208637e-16,-1.836812386356e-16,-9.06724678488694e-17,7.556885779627e-16
"t112",-0.110487757618324,0.0976673976993794,0.131915420667481,0.0140985609746658,-0.136073339225663,0.033584304507005,0.00028127883225434,0.176161897537764,0.000206283279075511,0.000117574571315988,-0.0149892191876131,-0.028692331351322,0.000908232649021624,1.00290218170462e-05,-0.0023727061108755,0.000188287279240758,-0.00123258886819753,-0.310201821750552,0.00626262135987204,-0.00188306946830547,0.00500150098310551,0.00191119016555375,-0.0126892788023169,0.00855512189247097,3.23315740671521e-06,-0.00496204939741357,0.00177153309603296,-0.000561276827739296,2.05354202252805e-05,0.00167885763775348,0.000122056027155559,-0.000126896249126321,-0.000125936040839077,0.00212645254476511,0.000153057120653078,-2.86337737240345e-05,-0.00103121168065047,0.000126160066732259,-3.59546664922392e-05,5.27149278803945e-18,0.000392465870552023,2.90622286637785e-06,0.000239401031983455,-8.60719178287657e-07,-0.000204587511756655,0.00271488073230461,6.87892112949936e-06,1.23228287606888e-06,-2.20496310785848e-05,-2.02631441714697e-07,0.000128159818370172,2.62058627888721e-05,0.00360763135641077,1.08139255784066e-05,-6.76203138767252e-06,-1.53464949882549e-06,-6.9519185206457e-09,8.34370944363712e-06,0.499720036271606,2.84035547411187e-08,7.93160940897211e-16,-1.99868742952718e-05,-2.01134391390082e-08,3.17645585371553e-05,6.61988785762154e-16,-3.41908671715626e-05,-1.22103756389738e-15,-4.77499149574096e-07,-1.47939889504058e-06,-0.00202964937933404,1.44919265278223e-16,6.00047451574679e-07,1.89729718519255e-05,-0.0182885706641535,2.00902560772237e-07,-1.57706983769086e-17,6.44690794341456e-16,-0.0690029567237925,-8.96655427432691e-08,-0.000345659982608726,0.00286817737872822,5.94960873396984e-05,5.98344401386043e-07,-3.07002551732369e-16,-0.0184203719073486,-0.00504816776702474,0.0132903989447923,-3.85374277848117e-08,6.44947939818258e-16,-7.97128073781575e-07,1.22916880023101e-11,1.42244580744158e-17,4.49275574736734e-08,2.86996724848742e-11,2.64433595770571e-16,-5.81038323164776e-16,5.77881788714605e-16,7.82527772080808e-11,6.819819813155e-12,-1.91404745237761e-15,-8.34542405117213e-16,3.20998671168841e-08,-2.03878234170089e-09,0.500471110528966,-3.94744801223226e-14,2.90047997902045e-10,1.98947107500989e-15,-8.70271099016092e-07,-1.25839051133198e-15,-4.29681956690982e-16,6.88559890128895e-09,-3.4962005353491e-09,-3.09168062287946e-17,4.41448829922944e-16,1.43406635098262e-16,-6.27593817758688e-16,1.9579561606102e-15,-1.18374932253623e-15,1.41246542408503e-15,-8.17705614748264e-16
"t35",-0.100317066423581,-0.0360318449106012,-0.191859893279439,0.0118061134556455,-0.0611291201611925,0.0127440664455332,-9.94766046064139e-05,0.00170988563346641,-8.41867771744534e-05,0.000921012262035057,-0.03488702023163,0.00503850256870195,-0.0502596349388892,-3.94347813439633e-05,-0.00976115780303127,-0.173579680733709,-0.000221312855376369,1.67707716735425e-06,0.00031729058656778,-5.22665722518039e-05,7.75928281330459e-06,7.64659615901616e-06,0.00027279005497855,0.000118296360608925,-2.84895123099747e-06,0.0051864491348422,-0.00194011857937839,0.00080971452096357,0.00225903451453497,0.000432351445439493,-0.000594699631866049,-0.080895202039771,-0.000149666171462179,0.00203739662388508,0.000771251111151665,-2.41467169517424e-06,-0.000153440419473092,-1.52685869690999e-05,1.6183713868601e-05,-8.49341279627545e-17,-0.000224550076557043,-2.20282658303513e-06,-1.7727517108092e-05,7.99981744140128e-05,0.207084244163913,0.0149098685710143,1.89672318528773e-05,3.30241590183969e-06,0.00471354074871566,-6.38482583699099e-08,-1.25896880434253e-05,7.36308874776224e-08,2.13732216588249e-06,-3.99810919100591e-06,2.50169990886017e-06,5.71810121233516e-07,2.97969951947806e-09,-0.00287980057843996,-3.2847095508181e-08,-2.53523262745055e-08,-1.56600162200091e-16,2.03813402156917e-05,2.15903576813972e-08,-3.74179063335293e-05,-1.45533698688012e-17,2.05629467999155e-06,-7.64796971248552e-18,5.84213914030712e-07,1.72074019329583e-06,0.00127909199861744,-3.7081945673119e-16,-7.39464890685459e-07,-1.64454353039484e-05,0.00571797350262924,-2.01249077914881e-09,5.44856024001521e-17,2.84310823003694e-18,-0.00100817159783379,-3.75278937236442e-06,-0.00137170167817194,0.0112016091230782,0.000229379354888046,5.12282266259494e-06,-1.04907266781071e-16,9.97558996220954e-05,0.000461150809853565,-9.89520770383664e-05,5.26170238243169e-07,-7.68206298380193e-16,-0.0636454458644268,-2.82762426646653e-08,3.86994307471349e-17,0.00236362381987794,1.47148412461681e-08,-2.92211829159529e-17,4.95336603527936e-17,-1.4780057331636e-16,4.20594625762661e-09,2.10818613365195e-10,-1.71376244411456e-17,-1.74876479321375e-17,0.0217180490173314,-2.01059050666805e-08,2.70903536632364e-16,7.82619090950955e-18,6.17386768574637e-10,-5.46092236343483e-18,1.84866848101882e-06,-5.36250572660895e-17,-9.01151376660596e-18,-2.15222944936934e-07,1.73523089813126e-07,-1.8773741896957e-17,5.46054947801158e-17,2.1975991779885e-17,4.37441674443361e-17,-2.27795419120578e-16,5.13737923592575e-17,6.27316060377205e-15,1.76518952339768e-14
"t6",0.0675480184434938,-0.0120910243149133,0.00497263330591882,-0.0932654182086218,-0.0206667317222866,-0.0472910988786933,-0.0305829576081362,9.48670139201242e-06,-0.00135491519461169,-0.00763647187347496,0.00211390467664604,-0.000301527907650962,0.00194961870549989,-0.00162926614181812,0.00377637595874144,-0.000301673385233411,0.0496542429850171,-4.57809258801734e-05,-0.0444222786576181,0.144314437316724,0.0239649617587248,-0.124928859397873,-0.0653989590616374,-0.0423533965479952,0.000859480671874111,6.2353338217923e-05,0.000266856223665906,-0.0048794373506847,-7.52388486177816e-05,0.000822108289262895,0.00465978830802035,0.00286929516413714,-0.00229454745005612,0.0278055572836292,0.00621859867857176,-0.00227220396809255,-0.0382076007926868,0.0111383259816628,-0.0161503257909068,2.09101501215314e-16,-0.0302495240478908,0.00488151984663997,-2.01048595424711e-05,-0.0159101668677595,-4.83312034749318e-06,0.000819888988867798,-0.0248976853304972,-0.00481918644529798,1.17481124755197e-06,-0.00248173102047863,-0.000627137890898545,3.08592761796157e-05,0.000461460136737224,0.131249008749199,-0.0829306307539692,-0.0180791993262197,-0.000103162975969153,1.99857266589945e-05,5.86391182680811e-07,0.000185965129085983,-9.30779809718728e-17,-0.150615851621424,-0.000164357411922846,0.339897564338675,1.34807192051098e-15,7.14992893818033e-06,6.85687309468493e-16,0.00550068540303876,0.00763984927635601,0.000216310436095502,-5.47620554522635e-16,-0.000959529514710166,-0.00571303774167893,-0.000153721709971994,-3.18452570303988e-05,1.62905819648702e-16,-6.27728875287532e-16,9.262250722454e-05,0.00350718257828247,0.181129638076986,0.0213649585091985,0.0404737810962672,2.49273560989637e-07,6.41891189626944e-16,2.4311974215304e-07,7.72744731592695e-07,-8.2976910090451e-09,-9.15944650396855e-06,-5.2205882015061e-16,2.28008936179371e-09,7.0377370853124e-09,2.29197520121556e-16,-1.09707928860346e-07,-0.0015582711024757,2.88820684200189e-16,1.91759995231995e-17,-1.89466431831851e-16,-0.00029792370252588,-2.9059804610285e-06,-3.26584348418645e-18,9.24910358748831e-17,-9.64930264851253e-08,0.000597197783734076,-2.65622495839383e-16,-3.90113429418642e-17,-7.4242470782625e-05,-3.5818583193029e-17,1.28352147779526e-06,4.87236278165422e-17,4.67040506268083e-15,-0.00205778588736086,0.000256522326758651,2.89311536924052e-17,-5.242465141084e-18,2.6312800469827e-17,1.07928936055478e-16,-3.08391431620006e-16,9.4816987381028e-17,2.48465971704596e-16,8.51098369141425e-16
"t99",0.0962179018546553,0.0290624821470806,-0.00962921962355759,-0.0107474572625994,-0.0149327435729738,-0.0365356239485449,0.182725812107468,0.000451822317606051,-0.233483545029171,0.260765603928378,0.000938893189363652,5.03307502259007e-05,-0.000650914929302503,0.00566208323535565,-0.00135509397408596,0.000107741612788457,-0.0125888477152142,1.0728109383356e-05,0.0104234666351529,-0.0443014770676395,-0.00858843619813215,-0.00579852734414129,0.00476392519209771,0.0024187400594263,0.00397021229555005,-0.0310751110221438,-0.0556026011191905,0.155163673358306,-5.97678553801948e-05,0.000628590160672455,0.0221825557959798,0.000483262099470112,-0.000359835824609936,0.00132133280359815,-0.00519612942897194,0.343691810555211,-0.0134772886650134,0.002102558372035,-0.00194967995289554,-2.22844644302911e-16,-0.00376711705556477,-0.000146719970882578,-9.97786419397604e-08,0.00468447248575474,-2.84816214270784e-06,3.73648539037281e-06,0.000333305038933564,-0.000715644619775835,-9.96106632682418e-09,2.07928382211122e-05,1.10015042670063e-05,-5.63822500923657e-07,-8.75428622581007e-06,-0.00276565135722482,0.00175693913052979,0.000156820199661371,-1.38508493304089e-05,-5.1990500070001e-07,-1.55972795695409e-08,-4.04096618470906e-05,3.36938421468399e-17,0.0140946571328273,7.45708854157492e-06,0.00120711472705391,-1.15096380000031e-15,-3.93336786962685e-08,3.74991512369917e-16,0.000880679409512525,0.220090745987116,-5.80022551111289e-05,-2.58877243797009e-16,0.00439532683276032,0.0346950063187075,2.04338826285588e-05,2.40962385402555e-05,3.88459377898265e-16,-2.36106219789348e-18,-3.4027778769332e-07,-4.17203395177993e-06,0.00013197562427906,2.32774423691396e-05,-0.000341637811364383,-1.95793812940348e-10,-3.72530512179754e-17,-2.50830695575739e-09,-9.8855967208432e-09,7.63382022622266e-10,4.55425375171675e-06,-3.28509527909933e-16,4.58371033801497e-11,8.38153014230865e-11,6.12821514551095e-16,-3.24464601533443e-10,-5.36348858973317e-07,3.3126434937687e-16,-4.76108543019076e-17,-1.68483397440628e-16,-3.81472429997182e-08,-3.31066451311409e-08,-4.92869560681133e-16,-7.46108323213307e-17,-1.06379429923579e-11,6.01662059453865e-08,-4.09408936792273e-16,-6.32974716055396e-17,8.88315173799051e-08,-3.5818583193029e-17,-1.22967061737657e-10,-3.36757372923562e-17,1.5058304602326e-16,-2.3009967559216e-06,6.62457912409421e-08,3.41353241203356e-17,1.05779837321432e-16,-8.55768637306771e-17,-3.57844317244295e-16,-1.79187539967999e-16,-6.65427526857894e-17,-2.09501025953281e-16,-9.60606487419115e-17
"t40",0.0948672944831711,0.0278058715569616,-0.00920069946685735,-0.0100295417135935,-0.0135556418900944,-0.033025482433904,0.161124329145107,0.000394457418848218,-0.202884276834994,0.212971951367534,0.000744417068160921,3.91249727807517e-05,-0.000495688313674775,0.00402705645573858,-0.000931667442812768,7.38459322282259e-05,-0.00675388607148186,5.21905487932334e-06,0.00461071198233726,-0.0184691737819958,-0.0035473432759066,-0.00228565451532709,0.00167595012542524,0.000814686253620612,0.0010307962135424,-0.00560076510446253,-0.00950142930459127,0.0188989634250565,-2.18388146790009e-06,2.08273871368626e-05,0.000188296969795248,-1.82897682134335e-05,3.81314007891008e-05,-0.000145717859634236,0.000727675723309152,-0.047087842861348,0.00166045951976647,-0.000202020232286466,-7.7761819357638e-05,7.81298787790654e-17,-0.000552726845418261,-7.56228413703036e-05,8.37977325239752e-08,-0.00389883254527748,2.37580360118213e-06,-3.26246202187244e-06,-0.000303642693611596,0.000653426493653902,9.71650528170872e-09,-2.24778078586369e-05,-1.25319401254276e-05,6.5074044676705e-07,1.02279390108348e-05,0.00333498496545272,-0.00212057901036393,-0.000189832582710799,1.71447772219409e-05,6.64389299508492e-07,2.00208286156231e-08,5.38680120084886e-05,-9.70416775163503e-17,-0.019137822590092,-1.01282905101167e-05,-0.00159822215229406,-2.61377914801244e-17,4.85617970894938e-08,-3.03560150186704e-17,-0.000667251836193328,-0.105923507819198,-1.41133704323631e-05,3.82755547092382e-16,0.00345501658637608,0.074870709427872,0.000152286605988596,0.000342296914260976,-7.38236105310262e-17,-5.35354047392093e-17,-1.3503692735179e-05,-0.00280536431372801,-0.0117856203013692,-0.00191663243975136,0.0259397847517888,6.24537354155946e-09,2.40302704938314e-16,5.13731778677066e-08,2.00001708627132e-07,-1.50619429442242e-08,-8.98334520421732e-05,-8.34947056839173e-17,-9.16763837195237e-10,-1.71234767907936e-09,3.95517425538703e-16,8.26253014654091e-09,1.36632568546153e-05,3.3140686516553e-17,5.0401022090782e-17,-1.81924468354107e-16,1.68842568084037e-06,2.03883881677833e-06,-2.7266094208636e-16,6.1579862105813e-17,1.85653045645361e-09,-1.57161009802309e-05,-5.09306853100768e-16,5.22410569554434e-18,1.98739457302843e-05,-5.7502626642739e-17,-7.16347212429016e-09,-1.11243321046577e-17,1.2369483214562e-16,-5.9033450929931e-05,1.43321259215201e-06,5.66867293080341e-17,5.63402182560926e-17,-3.44025211893613e-17,-2.66771334755512e-16,6.16770933143426e-17,1.96756142717783e-16,-8.28662122069738e-17,-2.26164909440172e-16
"t101",0.110884551976454,0.0631727052584963,-0.0220472563899692,0.113275414510093,0.0127681998022597,0.0259478828768377,-0.0513735080929797,-8.92029480807023e-05,0.0388350318105998,0.00560098672983495,4.5239220808328e-05,2.83022537667644e-06,-3.82530435098615e-05,0.000212697927579624,-1.93001346478854e-05,1.26445500452209e-06,0.00534153238510497,-9.39679274843268e-06,-0.0204512049440538,0.186884404585161,0.0430628958158495,0.223288874605384,0.014382479220247,0.00526052998677766,-0.0344106334631279,0.0757568077223404,0.308330662333296,0.237708048274705,0.000147613404318417,-0.00183772180856361,-0.400035357781847,0.00255434749841588,-0.0361819819965841,0.0020207410576943,-0.000452477376412269,0.000434465446946109,0.00441913573516003,-0.001814450602295,0.00596619534853899,4.25680475215408e-17,0.0174775594540024,0.00144968377020547,-8.27540847879186e-07,0.0553658061230546,-3.46772633100372e-05,0.000138882365016717,-0.00605967839559629,0.00828518317410624,6.3649772436014e-08,-4.5879629602886e-05,-1.60243354586935e-05,7.44163154717338e-07,1.057216341221e-05,0.00315777301243883,-0.00211662220489954,0.00641384746367968,0.000487544999316681,2.80871705116839e-07,8.06831797345132e-09,0.000909842496988863,-1.51311976050584e-16,-0.00279092766646295,0.000335022346690865,-9.90746485585584e-05,1.02526818580157e-15,1.4974889099049e-09,-3.48096055583777e-17,1.14010912100107e-06,0.000188827139520119,1.4505225604903e-06,-8.42773741405551e-16,-0.0143696434887535,-0.000782682365552486,-2.7075028959441e-06,-5.31164411034678e-06,7.05069822004735e-16,-1.04839931821191e-15,1.01923194147083e-07,-3.93819480751815e-05,-0.00157341926182653,-0.000355283734714383,0.00787130477749042,-3.30750864337008e-10,0.531510498108541,-1.38380407738589e-09,-5.14946814348277e-09,3.14297973735978e-10,1.81208229380289e-06,5.42640286485999e-15,1.47344100680571e-11,2.30755487858243e-11,-1.12546779333031e-16,-5.29702532277565e-12,-8.54701045211156e-09,1.52087621397105e-18,-4.38790998134678e-16,-2.65971640958311e-16,2.64852999518588e-08,0.000185797577390169,-2.49062991689417e-16,1.2258918036341e-16,6.15393223717179e-11,-5.57316479123243e-07,-2.30274773112556e-16,1.91018935033588e-17,0.00145265617473478,2.79276168792866e-16,-5.46763194526541e-10,1.28520907711475e-16,-3.4381314463013e-16,1.30912887396101e-06,1.91698998197755e-08,6.44929849499298e-17,-1.74378004048823e-16,-2.70324913922207e-16,-1.23726280567149e-16,-4.12549781056095e-16,-1.56468656417687e-16,1.37343414587556e-15,-7.76939613062809e-16
"t133",0.114207134586607,0.0696114881399231,-0.0243705574307942,0.132750514151851,0.0161322999751452,0.0331910556816883,-0.07092480436606,-0.000127286388575157,0.0563134834927047,0.0104403858860619,9.84660790109554e-05,6.95936885996588e-06,-0.000109140481540596,0.00137527746999599,-0.00037069566196965,2.97643123635429e-05,-0.00657101610623877,7.79365468651441e-06,0.0127421999132854,-0.10077726719716,-0.0227475720388213,-0.107216755227759,-0.00582057695643363,-0.00205208498724559,-0.115438757681882,-0.00158047665587236,-0.00731510117591598,-0.00448113268444487,9.1909279164664e-07,-1.32614006294174e-05,-0.0056591722189768,6.67734853489561e-05,-0.00594733534839001,-0.000174050987403363,-9.3447465260956e-06,8.59875079494682e-06,7.46273573661107e-05,-2.35306685611718e-05,1.53610646654227e-05,8.74093973999306e-18,-3.26348674464768e-05,-1.40941866938417e-05,1.01013488871351e-07,-0.0291541432308184,1.91007596672631e-05,-0.000207087738721458,0.124281344730628,-0.375642661159146,1.09241044612582e-07,-4.33488809821339e-05,-1.51166293568867e-05,7.41787579029466e-07,1.16366641729136e-05,0.014100845405653,-0.0114568078671215,0.134127362299739,-0.0690892686017244,3.32211238040425e-09,5.40050529409339e-11,-0.777948196492166,-2.86468946797928e-15,-0.00251675816778004,0.348185803561994,-5.17435978833519e-05,1.48917312699198e-15,7.82857212298116e-10,-9.93439361072012e-16,5.89784168602544e-07,9.76558755344964e-05,7.51801366303763e-07,1.21380354205117e-16,-0.00746359657586933,-0.00040851390424071,-1.42913287879289e-06,-2.82255906478976e-06,6.030219991392e-17,-4.08286355576466e-16,5.46250032471511e-08,-2.12639286572098e-05,-0.000854422062876911,-0.000193028391651204,0.00427892636590656,-1.8226604511637e-10,9.71375282459029e-16,-7.9156508822966e-10,-2.95756904211907e-09,1.84047365271929e-10,1.06441102077035e-06,2.56561084519492e-16,8.82866823349865e-12,1.40193155919084e-11,-2.29670939375719e-16,-3.50128860586441e-12,-5.65065957842829e-09,-1.31473112578777e-15,-1.10060899437073e-16,2.02630630525983e-16,2.0551071830405e-08,0.000881765509337536,-1.81482667495621e-16,4.75119049123059e-17,6.67477762144518e-11,-6.5569618821773e-07,-6.0850574247113e-16,3.9900633474228e-16,0.0546918494660245,1.00164996593808e-16,-4.38799916025932e-10,7.09026439309878e-18,-7.2371758586905e-16,6.70870172432679e-06,-8.47666401069934e-08,-1.65357875616997e-16,-2.85400306511338e-16,-7.16990759228626e-17,-4.26288348266656e-17,2.34021685682127e-16,3.58209204012751e-16,-5.16126918812908e-15,-5.39282496853986e-16
"t116",0.113840121373233,0.068894524780771,-0.0241117651860804,0.130567581506069,0.0157524796060635,0.032372363635839,-0.068700651171603,-0.000122942862428136,0.0543176038611714,0.0098789955962313,9.22456653448892e-05,6.47444738077592e-06,-0.000100773368184956,0.00123576682141702,-0.000328185958355547,2.6314032297569e-05,-0.00504221248426706,5.5296891070399e-06,0.00823882999691384,-0.0608591786522497,-0.0135790765038665,-0.0601470701176967,-0.0027130371451821,-0.000876282268243431,-0.0185205287681291,0.000479687366343326,0.0027726342772117,0.00400463989592272,-2.52680840045098e-06,3.81093553755075e-05,0.0226343652260831,-0.000550664330083889,0.537021521906113,0.0276964472170242,-0.000363237088882967,0.000342060625591667,0.00332399583273621,-0.00131524534024193,0.00412651379992253,-2.94229767314967e-17,0.011968621622528,0.000982322300552888,-5.88123337112631e-07,0.0519326292770841,-3.29895536990087e-05,0.000201618866710571,-0.0677103073132001,0.197498750453633,-6.82184118155622e-09,-2.16642921872597e-05,-1.26940434264229e-05,7.07650484628101e-07,1.25865115779424e-05,0.0224897748118793,-0.0185112043570185,0.225818377902843,0.140176581271374,-8.37643217210001e-08,-1.95165589111055e-09,0.00084865238197357,-2.19793160115662e-16,-0.000406472406608686,0.00109304336823739,-2.22709903593659e-05,2.68050868659535e-16,3.83980381250824e-10,7.22486118491045e-17,3.42643161292455e-07,5.86992191492949e-05,4.73465576814221e-07,4.94740598284749e-17,-0.00479113419885684,-0.000269496573411651,-9.76605357116199e-07,-1.95511885438876e-06,-7.77458448960478e-15,0.637817142669128,3.833759147893e-08,-1.5057386963572e-05,-0.000608483220540719,-0.00013752970095938,0.00305020077691771,-1.31267017229264e-10,1.62651766959014e-15,-5.78803662434208e-10,-2.16455242664362e-09,1.35084288636781e-10,7.81460783585515e-07,1.29925542022794e-15,6.48653484420717e-12,1.0296751668128e-11,-1.52536326275882e-15,-2.53876445309305e-12,-4.09750685470004e-09,-6.75375304024445e-16,-5.03843128483808e-16,3.78442796986889e-16,1.4150774151075e-08,0.000584617547478945,1.17086374809668e-16,-6.14127265186853e-16,3.87415529450896e-11,-3.62314906341698e-07,-3.80405720079547e-16,1.75465874359072e-18,0.00835300326794458,5.80817128290409e-17,-4.10562263385519e-10,-7.1599124879685e-19,-1.36513689250901e-16,4.28282303374435e-06,-4.72701115495338e-08,2.55312567307379e-16,3.11344569224683e-16,9.65691012468876e-17,-3.39616099033554e-16,1.0703827671489e-17,-1.59963902440009e-16,9.58103058186373e-17,1.54728229945576e-15
"t69",0.0759272511281879,-0.00927028602519845,0.00418125676075997,-0.121951276305439,-0.0317658149556102,-0.0712431451101459,0.206150685420248,0.000184568206987144,0.292899176464299,0.0395154323101793,-0.00390723142990696,0.000440509205490985,-0.00231002127999572,0.00154010188488788,-0.0021642112437301,0.000169941665974614,-0.00988928320776396,6.41200065790887e-06,0.00437790569945894,-0.0114148303040342,-0.00184719494190049,0.00689179880174483,0.00184910595058628,0.000776595627960015,5.49144547211411e-05,-0.000296799843035035,-7.35727395510239e-05,-0.000340706832186964,-7.5288002701028e-06,8.39333341697844e-05,0.000739876242101823,0.00040182190559613,-0.000475456105525014,0.00530231034972018,0.0017054833996324,-0.000728524685649907,-0.0113781652692583,0.00358112149779252,-0.00652583678927168,1.39451101679235e-17,-0.0142989735638561,-0.00054786521776136,-9.73158881487703e-06,-0.022316381180702,-1.44596624991761e-06,0.00181280118289047,-0.634937610608242,-0.20889739460107,-1.90064663823259e-06,0.000813124029292856,0.000257747139806984,-1.17334267307931e-05,-0.000163442521733629,-0.0388272958636321,0.0244068441261926,0.00513270509610962,1.99185858800572e-05,-4.20014655993797e-06,-1.19769919455841e-07,-3.78230444312378e-05,8.58168446801541e-17,0.0196704918760985,1.74875996396846e-05,-0.0193232150108403,-2.11330002027774e-15,-2.3717977871618e-07,-8.4150613280514e-16,0.133304079179255,4.76553187314831e-05,1.33980068229749e-05,-4.67235771939743e-16,-0.000168581948989679,-0.00248813367533547,3.8642383357752e-05,5.8828059659769e-06,-1.44756186842951e-16,1.07099208745883e-16,-5.74192396928843e-06,-0.000155686167355348,-0.00326795953712373,-0.000358774154060542,-0.000551507666515246,4.27100265394311e-09,9.43122635996628e-17,3.75773626056919e-08,1.46870698249075e-07,-1.11457359006688e-08,-6.64559495048023e-05,-9.17160980563221e-16,-6.71195038778875e-10,-1.23506722347051e-09,-1.89585981208266e-16,4.87646116744525e-09,8.06060225106446e-06,1.60764842826517e-16,2.69612650141984e-18,-5.99163391863395e-16,3.25924878152085e-07,-6.08693503420002e-09,4.43108866527274e-18,-3.930131828107e-17,-1.23163675506924e-09,0.00115446869714169,-6.97949445705215e-16,1.15014604033044e-16,-2.32140567746418e-06,-5.07891584152061e-17,3.92356191481464e-08,1.16377843379638e-16,-7.5798367591713e-17,-0.000130562169995785,1.22696681438822e-05,4.36763032382081e-17,-9.28460006779128e-17,1.1471009092874e-16,1.43130916650656e-16,-1.44388409297218e-16,1.55134100356031e-18,1.66923795181961e-16,5.09445746736488e-16
"t111",0.00418746215385429,-0.300031745946668,0.118162762339024,0.118404694874765,-0.0314723777082801,-0.0166198140295203,-0.00208583872246072,0.000778137910196461,-0.000845598138550405,0.00288965452043004,-0.0124313553668451,0.00137802655484598,-0.0072864586839205,0.000333591849698023,-0.00753483984663803,0.000593467206374443,-0.0209855399712333,4.75348405701061e-05,0.0253437986185778,-0.0326072662630377,-0.00290676631233034,0.0392357831078282,-0.070040018548957,-0.0911700886046445,-0.000234036363129284,0.02801154089227,-0.0077892264403647,0.000482303255527095,-1.99158105482357e-05,0.000194648423446662,2.91021452491544e-05,-0.000338315666848314,0.000487983660424036,-0.00905546426194852,-0.00398459403775186,0.000587165244629494,0.029935414530933,-0.0107345367285434,-0.200440200289362,-3.01114867255383e-17,0.056246210923475,0.00016592155140983,-5.20705249302e-07,-0.000164501155446754,-3.79507402949543e-05,0.000304391984332112,-0.000279679459738448,-5.41344548815078e-05,1.41610238420712e-07,-1.35988534856927e-05,-9.12738303918381e-06,1.69436451074937e-07,-2.88806869560032e-06,-0.187801945218898,-0.303825274176172,-0.00617573173794855,-1.06004312436188e-05,3.8840123743596e-07,1.01963207769081e-08,-2.5276985140286e-06,2.30571376150298e-17,0.000716912626459796,5.30332518628018e-07,-0.000445781901744711,-3.60866448669901e-15,-1.0494964411606e-08,4.78497309319664e-16,1.40386760569787e-06,2.97337345905036e-06,3.91326949880113e-06,-1.22358959893446e-15,-7.47512534908408e-07,-8.37598377851107e-06,1.2871790285249e-05,1.06728723158688e-08,2.37047486851036e-17,-2.79262782276461e-16,-1.64919254011426e-06,-2.04803158675702e-07,-6.15138880813443e-06,1.28591319378861e-05,-5.5248348194243e-07,4.27276947428802e-09,-5.01382917911072e-16,2.16943949113316e-08,7.94281480984293e-08,1.39040160914619e-10,5.28270914450423e-09,5.60338846062951e-16,-5.17351691018251e-08,-0.319590208159477,2.51028170162057e-15,5.33322285286617e-09,4.2837330635175e-09,-5.36325682749907e-15,-0.541067910330144,-1.60598355176742e-14,2.67669065358955e-09,1.91202905041495e-10,1.41150603059606e-15,-9.98221897802522e-17,2.61426398743125e-09,-4.45669868088044e-08,-1.4185497942127e-15,1.03099515656737e-15,5.66383024447624e-09,-4.29635066654315e-16,-2.10390109645903e-08,-7.75471122746447e-18,-3.47298916680847e-13,9.87546522693688e-08,-4.65719079948166e-08,-3.99828285305081e-17,1.0467694582937e-16,9.81274592010419e-17,4.32949485015557e-16,1.1891907391082e-16,-8.82529910071846e-16,-1.22406194051265e-15,-2.11831993783407e-15
"t109",0.0041679616616483,-0.295655988369911,0.116387779588327,0.115700198951232,-0.0304648975298072,-0.0160642717865752,-0.00199888881965085,0.000743113608926769,-0.000806211476500624,0.00269510350661843,-0.0114706104039554,0.00126236515974725,-0.00662435949431524,0.00029557789605369,-0.00658970963769229,0.000518401216970156,-0.0165857238351904,3.5994950033049e-05,0.018380918047171,-0.0230045736747524,-0.00204175359548507,0.0269528536668603,-0.0455087799099598,-0.0579589997194984,-0.000129803330467976,0.012642894727758,-0.0034074973697964,0.000172191076721699,-3.49945449730699e-06,3.24985311672601e-05,2.87955332862282e-06,1.95904835739237e-05,-0.000207305656147834,0.00416255997723644,0.00546853483079298,-0.0008469141857245,-0.0496680412245905,0.0207258849537081,0.528441153037479,-1.38742198475148e-16,-0.165937589226052,-0.000587555682289716,6.1885618052071e-05,-0.00120848515831417,-0.000272841743667775,0.00164656568170501,-0.00130644719226281,-0.000251332058464162,5.79111056003704e-07,-5.79330351297345e-05,-7.00807972682845e-05,3.03859732172943e-06,4.03454538261912e-05,0.0167975604134216,0.00908567487421355,-0.000866567410221032,-9.52694058451643e-06,5.1304555436571e-07,1.38109772987018e-08,-3.85270243221328e-06,-1.02432823559981e-17,0.00111782627005596,8.27101584516453e-07,-0.000688516773596557,4.98037679634868e-15,-1.59676133710458e-08,2.85310876041703e-16,2.05716182544158e-06,4.30330332936409e-06,5.54045400480021e-06,-2.69606280072665e-17,-1.04633716632551e-06,-1.14931488225296e-05,1.70355127690766e-05,1.38534835255223e-08,-2.49539031276975e-16,-4.79573206662294e-17,-2.08944306179223e-06,-2.54000013623737e-07,-7.50151399704257e-06,1.56578811977101e-05,-6.71599873041691e-07,4.97330319505638e-09,-1.70430793550923e-16,2.13220259788186e-08,7.59907344307263e-08,1.1082258375672e-10,4.03531148601206e-09,-1.84502071452748e-16,-2.34589863309446e-08,-0.00430525845563632,-6.85300790783109e-16,1.13837899482135e-08,9.13567141646271e-09,-7.4583880576442e-17,-8.99870441603145e-18,3.95582112992154e-16,3.87189674792121e-09,2.58585456586203e-10,-4.93525072398565e-16,-4.09574277817429e-17,3.19648591112343e-09,-5.34844146041692e-08,-3.64941415726248e-16,-9.10287641450893e-17,6.21731163518538e-09,1.14046325099731e-16,-1.90619869705068e-08,-1.55452180569141e-16,0.0713470227404458,1.89189553425748e-08,2.23383127660999e-08,-1.19707249877754e-16,5.35290294361828e-17,-8.57588735849001e-17,-1.79633586236318e-16,-1.76665582459663e-16,2.38979362168048e-16,3.00799672387812e-16,-7.11299455898318e-17
