accepted_species,0,1
t74,0.3315122,0.6684878
t82,0.93447524,0.065524735
t86,0.89510757,0.10489245
t99,0.44887948,0.5511205
t49,0.19092917,0.8090708
t62,0.2115835,0.7884165
t25,0.98684067,0.013159318
t48,0.94392776,0.05607221
t55,0.94392776,0.05607221
t90,0.726665,0.27333498
