accepted_species,estimate
t50,-0.70310664
t51,-0.70310664
t208,-0.69739646
t209,-0.69739646
t101,-0.6192366
t136,-0.6091219
t216,-0.6097552
t82,-0.6522848
t140,-0.630599
t141,-0.66098505
t142,-0.66098505
t232,-0.65495116
t124,-0.6540216
t103,-0.652409
t175,-0.65649986
t156,-0.656802
t89,-0.656807
t114,-0.66617167
t226,-0.6380103
t197,-0.6353727
t110,-0.6192674
t158,-0.60866463
t159,-0.60866463
t213,-0.5982233
t108,-0.63075143
t113,-0.6260146
