accepted_species,estimate
t50,-0.7007122
t51,-0.6958712
t208,-0.6941664
t209,-0.6941664
t101,-0.6464788
t136,-0.611889
t216,-0.6001484
t82,-0.6578325
t140,-0.64623874
t141,-0.6534281
t142,-0.6523928
t232,-0.65731794
t124,-0.6564933
t103,-0.6457976
t175,-0.65686613
t156,-0.6563293
t89,-0.6486508
t114,-0.66832274
t226,-0.6364354
t197,-0.6304698
t110,-0.61295414
t158,-0.6140542
t159,-0.6140542
t213,-0.6196149
t108,-0.61295414
t113,-0.61520594
