accepted_species,estimate
t83,-0.9442055055854182
t19,-1.1145145116169264
t67,1.0472037940052004
t68,1.0672909254703766
t98,0.40962825778004525
t36,0.5562107685604465
t56,0.6292727868786634
t42,0.4744347291722045
t4,0.46117805541478113
t8,0.18448704308260494
