"accepted_species","0","1"
"t19",0.0809181920906966,0.919081807909303
"t20",0.146736677470556,0.853263322529444
"t54",0.0711576407938325,0.928842359206168
"t57",0.0442564275123983,0.955743572487602
"t61",0.0711576407867519,0.928842359213248
"t91",0.0137019180975761,0.986298081902424
"t92",0.0112097461406778,0.988790253859322
"t100",0.0711576407891122,0.928842359210888
"t101",0.0711576407891122,0.928842359210888
"t104",0.00158200662540395,0.998417993374596
