"accepted_species","0","1"
"Asclepias_lanuginosa",0.209751074059158,0.790248925940842
"Asclepias_tuberosa",0.0734857992357506,0.92651420076425
"Asclepias_viridis",0.209751074059158,0.790248925940842
"Funastrum_cynanchoides",0.456160985490272,0.543839014509728
"Galium_bifolium",0.404653589603334,0.595346410396666
"Galium_porrigens",0.399629926308797,0.600370073691203
"Stenaria_nigricans",0.585315418841731,0.414684581158269
"Centaurium_tenuiflorum",0.940761041971002,0.0592389580289978
"Galium_pumilum",0.391503168963577,0.608496831036423
"Pentanisia_ouranogyne",0.509237615389332,0.490762384610668
