accepted_species,0
t56,0.05742319209734311
t57,0.05742319209734311
t14,0.05742319209734311
t59,0.05742319209734311
t60,0.05742319209734311
t36,0.05742319209734311
t97,0.05742319209734311
t98,0.05742319209734311
t71,0.05742319209734311
t72,0.05742319209734311
