accepted_species,estimate
t115,0.003558098
t136,-0.9681576
t14,-0.29037106
t191,-0.9496702
t83,-0.03733321
t241,0.38746077
t161,0.42581767
t53,-0.16291174
t198,2.5046222
t155,2.4636254
t173,-0.07510334
t127,-0.53730255
t171,-1.3389684
t158,-0.6037012
t40,-0.7746711
t24,-0.33865866
t140,0.3507723
t235,0.32987627
t188,0.33953458
t94,0.2722577
t79,0.32204193
t129,0.36555874
t262,0.3424079
t254,0.37891942
t47,0.10178117
t36,1.3198571
