accepted_species,estimate
t115,-0.5998011
t136,-0.87098134
t14,-0.037353314
t191,-0.97656363
t83,-0.6023841
t241,0.5180514
t161,-0.13019338
t53,0.8176629
t198,2.4542513
t155,1.9462372
t173,0.05721396
t127,-0.42872077
t171,-1.0094589
t158,-0.36247563
t40,-0.84802336
t24,-0.62130564
t140,0.25879753
t235,0.20297834
t188,0.19363098
t94,0.07710772
t79,-0.2046743
t129,0.22767948
t262,0.41429195
t254,0.43690714
t47,-0.4025994
t36,1.2965741
