accepted_species,0,1
t14,0.7056742268581655,0.29432577314183445
t16,0.06765818201715579,0.9323418179828442
t28,0.11116782053463481,0.8888321794653652
t35,0.11436298603747896,0.885637013962521
t46,0.07499352577587015,0.9250064742241298
t47,0.06143653387193271,0.9385634661280673
t48,0.1017347086585767,0.8982652913414233
t53,0.1031638164302463,0.8968361835697537
t87,0.14975144828094966,0.8502485517190503
t91,0.08247218381377708,0.9175278161862229
t93,0.007033509984821773,0.9929664900151782
t94,0.2326333149209815,0.7673666850790185
t96,0.2024533144306645,0.7975466855693355
t110,0.08866748087090648,0.9113325191290935
t130,0.2095140600884271,0.7904859399115729
t137,0.9950465362105126,0.004953463789487309
t166,0.0015360774541912647,0.9984639225458087
