accepted_species,0,1
t14,0.83850014,0.16149987
t16,0.02547127,0.97452873
t28,0.12511855,0.87488145
t35,0.12511855,0.87488145
t46,0.113796175,0.8862038
t47,0.09571648,0.9042835
t48,0.0648582,0.9351418
t53,0.047965884,0.9520341
t87,0.047885597,0.9521144
t91,0.06894958,0.9310504
t93,0.02547127,0.97452873
t94,0.2544043,0.7455957
t96,0.090240955,0.90975904
t110,0.085271,0.914729
t130,0.09040058,0.9095994
t137,0.32560527,0.6743947
t166,0.028454661,0.97154534
