accepted_species,estimate
t34,-0.3562475871568763
t35,-0.38660606324416436
t32,-0.06460260047968637
t24,-0.12077496963905032
t37,-0.24176469589726035
t10,-0.21447945515061212
t94,-0.42843253881618637
t67,-0.5800833597953655
t65,0.1958197791293863
t89,0.445546965166848
