accepted_species,estimate
t6,-0.46741825
t73,0.28530872
t42,0.2834834
t43,0.2834834
t3,0.42660278
t87,-1.3629209
t17,-1.3686408
t76,-1.1814183
t77,-1.1814183
t46,-0.8655133
