accepted_species,0,1
t60,0.023085382969004864,0.9769146170309951
t82,0.42685668413406386,0.5731433158659361
t83,0.02261374408028516,0.9773862559197148
t13,0.7000426173378967,0.29995738266210326
t8,0.7017078099817362,0.29829219001826374
t41,0.01525965394761164,0.9847403460523884
t38,0.014899171138319067,0.9851008288616809
t51,0.014613622144484917,0.9853863778555151
t67,0.014990965491291863,0.9850090345087081
t97,0.015021484659486606,0.9849785153405134
