accepted_species,0,1
Asclepias_asperula,0.40963656,0.59036344
Asclepias_incarnata,0.35957414,0.64042586
Asclepias_lanuginosa,0.3669551,0.6330449
Asclepias_mellodora,0.35923934,0.64076066
Asclepias_stenophylla,0.3955363,0.6044637
Asclepias_sullivantii,0.38015866,0.61984134
Asclepias_syriaca,0.38272774,0.61727226
Asclepias_tuberosa,0.38272774,0.61727226
Asclepias_verticillata,0.35957414,0.64042586
Asclepias_viridiflora,0.39096767,0.60903233
