accepted_species,0,1
Asclepias_asperula,0.11611712,0.8838829
Asclepias_incarnata,0.11611712,0.8838829
Asclepias_lanuginosa,0.11611712,0.8838829
Asclepias_mellodora,0.11611712,0.8838829
Asclepias_stenophylla,0.11611712,0.8838829
Asclepias_sullivantii,0.11611712,0.8838829
Asclepias_syriaca,0.15531844,0.84468156
Asclepias_tuberosa,0.15531844,0.84468156
Asclepias_verticillata,0.11611712,0.8838829
Asclepias_viridiflora,0.11611712,0.8838829
