accepted_species,0,1
t72,0.9838084,0.016191574
t90,0.9838084,0.016191574
t32,0.9838084,0.016191574
t55,0.91997993,0.08002006
t41,0.956365,0.04363504
t56,0.954911,0.045089025
t82,0.011815071,0.9881849
t14,0.011815071,0.9881849
t98,0.02531898,0.974681
t38,0.017956793,0.9820432
