accepted_species,0,1
t63,0.4981001983814737,0.5018998016185263
t143,0.49772378717749777,0.5022762128225022
t148,0.4165404291061048,0.5834595708938952
t151,0.5525129601105565,0.44748703988944355
t162,0.4135718650385599,0.5864281349614401
t187,0.4985795673062201,0.5014204326937799
t192,0.5027261373310523,0.4972738626689477
t210,0.5486858688114788,0.4513141311885211
t217,0.5575378328973781,0.4424621671026219
t222,0.5575492122385148,0.4424507877614852
