accepted_species,0,1
t63,0.5641870857857503,0.43581291421424967
t143,0.4474207434049874,0.5525792565950126
t148,0.30366562998906743,0.6963343700109326
t151,0.6229838720721583,0.3770161279278417
t162,0.2616681749276283,0.7383318250723717
t187,0.4203804929033347,0.5796195070966653
t192,0.6564849948586797,0.34351500514132033
t210,0.04797423095420317,0.9520257690457968
t217,0.8018398886948709,0.19816011130512912
t222,0.72201688400677,0.27798311599323
