accepted_species,estimate
t63,-0.6062359
t71,-0.10285801
t54,0.047751393
t106,-0.5187776
t80,-0.16176373
t91,-0.09489913
t97,0.07475039
t84,-0.7376676
t2,0.06566691
t49,0.24267921
t50,0.023288358
t38,0.023288358
