accepted_species,estimate
t63,-1.0880071
t71,0.005548269
t54,0.005548269
t106,-0.50255185
t80,-0.22637731
t91,-0.12903613
t97,-0.020145426
t84,-1.441387
t2,-0.28422225
t49,-0.1995271
t50,0.81181324
t38,0.81181324
