"","Alpha","Theta"
"1",0.931269972561606,-2.97083671204746
