accepted_species,0,1
Asclepias_verticillata,0.33208627,0.66791373
Gentiana_sino-ornata,0.71532863,0.28467137
Gentianopsis_barbata,0.7449144,0.25508562
Swertia_perennis,0.7841846,0.2158154
Galium_album,0.48629194,0.51370806
Cynanchum_boveanum,0.41346353,0.58653647
Gentiana_acaulis,0.49069762,0.5093024
Gentiana_clusii,0.63998,0.36001998
Gentianella_germanica,0.75660664,0.24339335
Asperula_scoparia,0.50007045,0.49992955
