accepted_species,0,1
t12,0.8808483,0.11915169
t41,0.9388829,0.061117124
t56,0.9486682,0.051331818
t77,0.9471032,0.052896783
t99,0.9258838,0.074116156
t134,0.90550476,0.094495244
t137,0.9454098,0.054590195
t138,0.9454098,0.054590195
t142,0.95226485,0.047735147
t144,0.9556781,0.044321872
