accepted_species,0,1
t48,0.001562612885356196,0.9984373871146438
t52,0.00043111378896765196,0.9995688862110323
t81,0.0002346736706442254,0.9997653263293558
t17,0.5673364690100157,0.43266353098998434
t93,0.514363395906041,0.4856366040939591
t87,0.5130297120108902,0.48697028798910985
t65,1.236628109624327e-05,0.9999876337189038
t68,1.3181629716640941e-05,0.9999868183702834
t66,1.3555839221357502e-05,0.9999864441607786
t11,1.7091105813604734e-05,0.9999829088941864
