accepted_species,estimate
t60,-2.3964312
t112,-2.398526
t157,-0.71648884
t86,-0.8308764
t100,-2.4301543
t2,-0.023614656
t268,-1.1009849
t124,-1.0205587
t173,-0.5123564
t65,-0.7750097
t66,-0.7750097
t104,0.33855513
t149,0.4575885
t276,0.7534522
t128,-0.21828702
t153,-0.00731904
t108,1.3835711
t278,2.1003165
t257,1.0620855
t253,1.0620855
t19,0.8717624
t148,0.57513076
t98,1.0861231
t25,0.40613225
t73,0.1980385
t85,1.3307519
t271,-0.5587759
t208,-0.5587759
