"accepted_species","0","1"
"t61","0.0287449364211312","0.971255063578869"
"t83","0.992413354383634","0.00758664561636643"
"t92","0.0136215030968903","0.98637849690311"
"t33","0.903112800167242","0.0968871998327584"
"t5","0.425971946161046","0.574028053838954"
"t20","0.0917016854764884","0.908298314523512"
"t32","0.0780151156598312","0.921984884340169"
"t62","0.0217631200448734","0.978236879955127"
"t67","0.174818854643319","0.825181145356681"
"t80","0.991749382783163","0.0082506172168373"
