"accepted_species","0","1"
"Gonolobus_suberosus","0.999857659039152","0.000142340960848354"
"Cynanchum_polyanthum","0.999884422296274","0.000115577703725897"
"Asclepias_buchwaldii","0.999837294724454","0.000162705275545975"
"Ceropegia_tundavalensis","0.999230676733231","0.000769323266769501"
"Ceropegia_wallichii","0.999230676733231","0.000769323266769501"
"Kanahia_carlsbergiana","0.999837294724454","0.000162705275545975"
"Matelea_sanojana","0.999961273476612","3.87265233877435e-05"
"Matelea_coriacea","0.999961273476612","3.87265233877435e-05"
"Aspidoglossum_breve","0.999837294724454","0.000162705275545975"
"Xysmalobium_fraternum","0.999837294724454","0.000162705275545975"
