accepted_species,estimate
t1,-0.14818713
t83,-0.24346472
t28,-0.27363548
t58,0.94069
t99,0.94069
t100,0.94069
t87,0.96952987
t10,0.66878134
t15,0.66878134
t8,0.66878134
