"accepted_species","estimate"
"t27",0.848115348110408
"t59",-0.651180411524775
"t16",-0.668201513214815
"t62",-0.671458899055126
"t64",-0.682983090259762
"t43",-0.665454785332138
"t91",-0.643909841591009
"t31",-0.638932665717305
"t84",0.404370960937614
"t94",0.374648256169593
