"accepted_species","estimate"
"t75",-1.32120130076941
"t61",1.20990163396245
"t43",0.290110902339287
"t50",2.2483880781846
"t14",0.692002373533845
"t77",-0.793310878211021
"t64",-0.976555184775929
"t63",0.765849824541702
"t99",0.366217513119257
"t16",-0.205146088660898
