accepted_species,estimate
t8,0.121341445
t11,0.47388366
t16,0.5874442
t139,2.0846403
t137,2.0456705
t120,0.7755719
t135,0.70660454
t76,-0.53570783
t117,-1.1071733
t179,-0.4745708
t51,-0.41011328
t194,-0.39263
t129,-0.37021706
t33,-0.26508668
t170,0.5090758
t42,1.0343598
t37,0.9564776
t25,-0.059021413
t2,-0.2922129
t5,-0.2922129
