"accepted_species","estimate"
"t86",0.257463706186128
"t26",0.254985601143887
"t89",0.257459510783416
"t90",0.257459510783416
"t59",0.257450922664719
"t98",0.257585327298255
"t35",0.255997232322963
"t13",0.254809127771492
"t21",0.25506130052173
"t25",0.253050572406981
