accepted_species,estimate
t86,0.25827384
t26,0.25827384
t89,0.25816122
t90,0.25816122
t59,0.25816122
t98,0.25816122
t35,0.25594196
t13,0.25594196
t21,0.25759485
t25,0.25759485
