accepted_species,0,1
t49,0.7090986716499542,0.2909013283500458
t100,0.7059248031075012,0.2940751968924989
t88,0.705897676832635,0.29410232316736495
t61,0.7069991325440673,0.2930008674559327
t3,0.7092485932967341,0.290751406703266
t76,0.7091756125316637,0.2908243874683363
t36,0.7092990241123336,0.29070097588766647
t98,0.7151218777521943,0.28487812224780573
t79,0.7159018516256836,0.2840981483743164
t18,0.7131701646274367,0.2868298353725634
