accepted_species,0,1
t49,0.7134856027919532,0.2865143972080469
t100,0.7063238840586487,0.29367611594135135
t88,0.7063500220086828,0.2936499779913172
t61,0.7084238726723784,0.29157612732762156
t3,0.7065089241714442,0.29349107582855577
t76,0.7057058543903035,0.29429414560969647
t36,0.7121893658930696,0.2878106341069305
t98,0.714654290210875,0.28534570978912493
t79,0.7096572207626303,0.29034277923736973
t18,0.7117783149854418,0.28822168501455825
