accepted_species,0,1
Apocynum_androsaemifolium,0.9784222,0.021577766
Gentiana_aquatica,0.83031744,0.16968255
Gentiana_macrophylla,0.39296526,0.60703474
Gentianopsis_barbata,0.62265503,0.37734494
Gentianopsis_paludosa,0.8030599,0.19694011
Sebaea_ovata,0.9891958,0.01080418
Cynanchum_viminale,0.9302318,0.06976818
Vincetoxicum_hirundinaria,0.9330738,0.06692616
Centaurium_tenuiflorum,0.9871658,0.012834215
Spermacoce_chaetocephala,0.8733735,0.12662649
