accepted_species,0,1
t61,0.9858492,0.0141508235
t19,0.9858492,0.0141508235
t48,0.9858492,0.0141508235
t55,0.05901301,0.940987
t10,0.31734002,0.68266
t35,0.92220855,0.07779148
t96,0.043894053,0.95610595
t46,0.9222126,0.07778741
t27,0.14875919,0.8512408
t44,0.10666281,0.8933372
