accepted_species,0,1
t56,0.1182252179682749,0.8817747820317251
t55,0.11841091174552343,0.8815890882544766
t80,0.6481570760393607,0.35184292396063926
t67,0.9472737784892123,0.05272622151078765
t82,0.993178621111882,0.006821378888118004
t95,0.9992027668309261,0.0007972331690738351
t66,0.9939423303810518,0.006057669618948142
t81,0.9902766923376162,0.009723307662383853
t64,0.3149484709050755,0.6850515290949245
t83,0.9718423921488849,0.028157607851115044
