"accepted_species","0","1"
"t99",0.00393202109432254,0.996067978905678
"t54",0.0215543291365747,0.978445670863425
"t74",0.00972491965606711,0.990275080343933
"t80",0.00779503468454454,0.992204965315455
"t90",0.00613846156843353,0.993861538431566
"t23",0.027687459792568,0.972312540207432
"t65",0.10198834385925,0.898011656140749
"t48",0.0842216200510779,0.915778379948922
"t46",0.0897213114743916,0.910278688525608
"t59",0.792252721384049,0.207747278615951
