accepted_species,0,1
t99,0.003825307,0.9961747
t54,0.0010488033,0.9989512
t74,0.0010488033,0.9989512
t80,0.0010488033,0.9989512
t90,0.0013290644,0.99867094
t23,0.0010488033,0.9989512
t65,0.5034336,0.49656644
t48,0.28574514,0.71425486
t46,0.043281972,0.956718
t59,0.15761685,0.84238315
