accepted_species,0,1
t63,0.6486176,0.35138237
t77,0.36792123,0.63207877
t10,0.4386962,0.5613038
t61,0.458085,0.541915
t47,0.9168427,0.083157286
t91,0.9168427,0.083157286
t56,0.7364701,0.26352987
t99,0.83891594,0.16108404
t65,0.21704352,0.7829565
t12,0.7442663,0.25573376
