accepted_species,estimate
t61,-0.23002105238045517
t60,0.09639498298106482
t68,-1.1920432632657818
t65,-1.7167367308000476
t3,-1.7146576313262174
t93,0.1174904016734027
t8,-0.22374208678388813
t63,-0.9859044415068409
t83,-0.9902624672601239
t78,0.9318308193811408
