accepted_species,estimate
t61,0.9523018
t60,-0.16321915
t68,-1.0039352
t65,-1.9035118
t3,-1.6041607
t93,-0.21114656
t8,-0.40167895
t63,-0.43418115
t83,-0.4073569
t78,1.2649198
