accepted_species,0,1
t6,0.7439806894309271,0.2560193105690729
t68,0.6702917452608266,0.3297082547391734
t75,0.6753914328709496,0.32460856712905045
t22,0.5522443644645285,0.44775563553547143
t66,0.5383469572187204,0.4616530427812796
t67,0.5397229497362683,0.4602770502637317
t55,0.5342502123377763,0.46574978766222375
t50,0.49567593679099076,0.5043240632090092
t51,0.4985508162611906,0.5014491837388094
t15,0.632307522090931,0.367692477909069
