accepted_species,0,1
t6,0.6033888274155224,0.3966111725844776
t68,0.6133718543051068,0.38662814569489323
t75,0.6112293287022859,0.38877067129771414
t22,0.6075440238565601,0.3924559761434399
t66,0.6045094928152451,0.39549050718475487
t67,0.6026606225532108,0.39733937744678915
t55,0.6043179283127962,0.39568207168720376
t50,0.6094968911234234,0.3905031088765766
t51,0.6055475198499474,0.3944524801500526
t15,0.6083838849343046,0.3916161150656953
