"accepted_species","0","1"
"t6","0.500329190062111","0.499670809937889"
"t68","0.806301455780818","0.193698544219182"
"t75","0.833714556216491","0.166285443783509"
"t22","0.56892613230851","0.43107386769149"
"t66","0.610230550433731","0.389769449566269"
"t67","0.610230550433731","0.389769449566269"
"t55","0.610230550433731","0.389769449566269"
"t50","0.513490584742299","0.486509415257701"
"t51","0.513490584742299","0.486509415257701"
"t15","0.477159923472298","0.522840076527702"
