accepted_species,0,1
t5,0.19707523757758327,0.8029247624224167
t62,0.03681033552165747,0.9631896644783425
t80,0.3729472783703842,0.6270527216296158
t10,0.263298569464393,0.736701430535607
t93,0.18511313478155844,0.8148868652184416
t19,0.19724243652693452,0.8027575634730655
t100,0.011212265318659265,0.9887877346813407
t90,0.007629050638334078,0.9923709493616659
t88,0.07779622599192404,0.922203774008076
t53,0.1242842837018544,0.8757157162981456
