accepted_species,0,1
t5,0.2062445641601709,0.7937554358398291
t62,0.08783555641363072,0.9121644435863693
t80,0.21130351314494233,0.7886964868550577
t10,0.1652287617374958,0.8347712382625042
t93,0.141348698553459,0.858651301446541
t19,0.34507447277095105,0.654925527229049
t100,0.00030411202448898944,0.999695887975511
t90,0.0051930769866676,0.9948069230133324
t88,0.04962448396672936,0.9503755160332706
t53,0.08564296978376718,0.9143570302162328
