accepted_species,0,1
t5,0.11111111111111116,0.8888888888888888
t62,0.0,1.0
t80,1.0,0.0
t10,0.11111111111111116,0.8888888888888888
t93,0.0,1.0
t19,0.11111111111111116,0.8888888888888888
t100,0.0,1.0
t90,0.0,1.0
t88,0.0,1.0
t53,0.11111111111111116,0.8888888888888888
