accepted_species,estimate
t51,0.7780800325625012
t64,1.0808097905992962
t78,0.8991759528797645
t95,-0.6192905790922957
t2,-0.2709291830083494
t87,-1.4614104333197604
t88,-1.4614104333197604
t97,-1.4648440071927817
t32,-0.13106005721920855
t67,-0.32463117301580413
