accepted_species,0,1
t18,0.5207243,0.47927573
t54,0.39647245,0.60352755
t55,0.5207243,0.47927573
t73,0.39647245,0.60352755
t93,0.39647245,0.60352755
t100,0.39647245,0.60352755
t110,0.39647245,0.60352755
t112,0.39647245,0.60352755
t123,0.39647245,0.60352755
t134,0.39647245,0.60352755
