"accepted_species","0","1"
"t20",0.0356891808376024,0.964310819162398
"t25",0.0695850034392537,0.930414996560746
"t36",0.203562193742692,0.796437806257308
"t72",0.225822299133546,0.774177700866455
"t78",0.0762162375682273,0.923783762431773
"t79",0.389460422927419,0.610539577072581
"t80",0.382797388446464,0.617202611553536
"t82",0.127889946897193,0.872110053102808
"t84",0.122650310228288,0.877349689771712
"t97",0.0883730577072323,0.911626942292768
"t113",0.0612856687702464,0.938714331229754
"t116",0.943659824963285,0.0563401750367149
"t117",0.893323845233067,0.106676154766933
"t121",0.061180136478801,0.938819863521199
"t125",0.00539567938858297,0.994604320611417
"t138",0.0379848310338298,0.96201516896617
"t156",0.0238615183100817,0.976138481689918
