accepted_species,0,1
t80,0.2588041993977873,0.7411958006022127
t59,0.24591800401041786,0.7540819959895821
t31,0.3886959099074344,0.6113040900925656
t33,0.5000375973049448,0.4999624026950552
t82,0.6770516652298577,0.3229483347701423
t22,0.2099391561288424,0.7900608438711576
t54,0.1448714713465118,0.8551285286534882
t89,0.007270349203245874,0.9927296507967541
t39,0.0005812501682775917,0.9994187498317224
t35,0.0007252374493623703,0.9992747625506376
