accepted_species,estimate
t120,-0.7016488
t106,0.41647887
t242,0.5082888
t192,0.5532836
t191,0.5532836
t136,0.5282442
t153,0.5757775
t90,0.52363765
t244,1.7156314
t50,0.52853346
t46,0.86238223
t133,0.6197711
t36,1.5513873
t8,0.30264536
t6,0.60204214
t58,-1.035853
t150,-1.1658255
t208,-0.940477
t204,-0.940477
t154,-1.0734171
t246,-1.0627707
t235,-0.804621
t43,-0.93480456
t33,-1.0990554
t4,0.42705628
