accepted_species,0,1
t18,0.49014682,0.5098532
t19,0.49464792,0.5053521
t36,0.4017285,0.5982715
t87,0.3446684,0.6553316
t88,0.3513555,0.6486445
t89,0.5537013,0.4462987
t94,0.44597048,0.5540295
t98,0.34686965,0.65313035
t103,0.54984736,0.4501526
t104,0.5555996,0.44440046
t109,0.556878,0.443122
t110,0.6120086,0.38799146
t133,0.34849566,0.65150434
t153,0.33308464,0.66691536
t162,0.3890699,0.6109301
t163,0.3890699,0.6109301
t170,0.35001725,0.64998275
