accepted_species,estimate
t87,0.37677585898842497
t88,0.37677585898842497
t78,0.37677585898842497
t70,0.37677585898842497
t71,0.37677585898842497
t51,0.37677585898842497
t58,0.5176292859179549
t43,0.5176292859179549
t21,0.5176292859179549
t30,1.2286310344835238
