accepted_species,0
t90,
t57,
t62,
t136,
t40,
t319,
t187,
t308,
t64,
t338,0.672772808347192
t351,-0.15362510051193415
t347,-0.7546711268602819
t228,
t279,
t344,1.81204559450643
t189,
t304,
t173,
t230,
t4,
t18,
t59,
t216,
t337,0.402799910743547
t349,0.402799910743547
t249,
t305,
t240,
t108,
t146,
t111,
t114,
t66,0.154487622764169
t33,
t61,
t126,
