accepted_species,estimate
t76,-1.4684654384636782
t93,-1.4712135967694138
t39,-1.4534766451418597
t80,-1.5407265347420085
t81,-1.5407265347420085
t12,-1.3823918104961586
t15,-1.3823918104961586
t16,-1.3823918104961586
t24,-1.3823918104961581
t25,-1.3823918104961581
