accepted_species,0,1
t62,0.6978756889659807,0.30212431103401927
t95,0.7545424925666404,0.24545750743335956
t96,0.7545769633466535,0.24542303665334658
t83,0.26638279090008676,0.7336172090999132
t80,0.9547975287326659,0.04520247126733412
t81,0.9566226993509136,0.04337730064908641
t67,0.9896156928555966,0.010384307144403368
t70,0.9983731867453883,0.001626813254611615
t38,0.9996958658482523,0.0003041341517476605
t3,0.995224808566539,0.004775191433460981
