"accepted_species","0","1"
"t61",0.0556161182506442,0.944383881749356
"t85",0.087059767608607,0.912940232391393
"t75",0.742812803037105,0.257187196962895
"t14",0.0930156302287699,0.90698436977123
"t20",0.0869646943629444,0.913035305637056
"t13",0.0935634575000789,0.906436542499921
"t98",0.00389803973380418,0.996101960266196
"t36",0.244555329669606,0.755444670330394
"t37",0.244555329669606,0.755444670330394
"t24",0.488659030278456,0.511340969721544
