accepted_species,0,1
t56,0.9407766293608075,0.05922337063919248
t38,0.9407474454898113,0.0592525545101887
t26,0.9399279306521695,0.06007206934783051
t44,0.9402359640044764,0.05976403599552355
t83,0.9407606489200242,0.059239351079975786
t5,0.9396292700279075,0.060370729972092474
t92,0.9416654428459084,0.0583345571540916
t96,0.4585402911354912,0.5414597088645088
t78,0.460872968467006,0.539127031532994
t55,0.9389797399639543,0.06102026003604562
