accepted_species,0,1
Coussarea_graciliflora,0.92002887,0.07997115
Pauridiantha_setiflora,0.92002887,0.07997115
Staelia_nelidae,0.9228736,0.077126384
Kadua_affinis,0.9234464,0.0765536
Psychotria_borjensis,0.94060653,0.059393477
Ixora_brassii,0.84152687,0.15847312
Pitardella_sikkimensis,0.94189715,0.05810283
Gardenia_similis,0.84321576,0.15678422
Hoffmannia_bernardii,0.91262037,0.08737966
Coffea_pocsii,0.8401481,0.15985191
