accepted_species,0,1
Coussarea_graciliflora,0.91554725,0.08445274
Pauridiantha_setiflora,0.9279569,0.072043106
Staelia_nelidae,0.9295791,0.070420936
Kadua_affinis,0.9027944,0.09720558
Psychotria_borjensis,0.94210356,0.057896443
Ixora_brassii,0.8716923,0.12830772
Pitardella_sikkimensis,0.9082243,0.0917757
Gardenia_similis,0.8793818,0.1206182
Hoffmannia_bernardii,0.90267503,0.09732499
Coffea_pocsii,0.85772985,0.14227016
