accepted_species,0,1
t38,0.7581335,0.24186651
t97,0.99668056,0.003319432
t66,0.9948382,0.0051618363
t51,0.99218065,0.0078193545
t98,0.99726725,0.0027327414
t65,0.9903739,0.009626117
t3,0.020903409,0.9790966
t56,0.99808884,0.0019111816
t62,0.9817345,0.018265506
t12,0.024914622,0.9750854
