accepted_species,0,1
t21,0.9060142,0.09398582
t23,0.9060142,0.09398582
t47,0.9060142,0.09398582
t50,0.9060142,0.09398582
t51,0.9060142,0.09398582
t59,0.9060142,0.09398582
t60,0.9060142,0.09398582
t78,0.9060142,0.09398582
t107,0.9060142,0.09398582
t108,0.9060142,0.09398582
t114,0.9060142,0.09398582
t115,0.9060142,0.09398582
t116,0.9060142,0.09398582
t130,0.9060142,0.09398582
