accepted_species,0,1
Asclepias_stenophylla,0.037329555,0.96267045
Asclepias_tuberosa,0.042191446,0.95780855
Gentiana_dahurica,0.63859737,0.3614026
Sebaea_ovata,0.95185804,0.04814197
Galium_circaezans,0.34874713,0.65125287
Galium_parisiense,0.47322726,0.52677274
Cynanchum_boveanum,0.21652067,0.78347933
Gentiana_clusii,0.63859737,0.3614026
Galium_richardianum,0.34874713,0.65125287
Richardia_stellaris,0.85203564,0.14796434
