accepted_species,0
t17,0.2636743895692137
t19,0.2804885220098957
t156,0.0666100724023809
t199,0.0666100724023809
t230,0.0666100724023809
t136,
t245,
t259,
t260,
t65,
t195,-0.119504185981354
t42,
t104,
t141,
t142,
t78,
t68,
t224,
t225,
t160,
t69,
t70,
t37,
t48,
t91,
t92,
