accepted_species,estimate
t6,-0.2580765726188026
t46,-0.2877887504247884
t14,-0.2796290143346331
t27,0.0920098420845499
t36,0.25236584400648965
t81,0.26911742635210106
t21,0.2372869174507009
t19,-1.0309578619500184
t55,-1.0629373897047225
t99,-1.089941939857646
