"accepted_species","0","1"
"t61",0.951184521414848,0.0488154785851524
"t81",0.932653741756613,0.0673462582433869
"t20",0.912693312338699,0.0873066876613008
"t71",0.972085194801367,0.0279148051986331
"t23",0.929224442445329,0.0707755575546711
"t56",0.0424470960066068,0.957552903993393
"t90",0.00682077269186135,0.993179227308139
"t79",0.0217122719037248,0.978287728096275
"t31",0.0742942874849452,0.925705712515055
"t32",0.0742942874849452,0.925705712515055
