accepted_species,0,1
t61,0.9275933496578723,0.07240665034212766
t81,0.25062319109717635,0.7493768089028237
t20,0.9157560234995354,0.08424397650046458
t71,0.9161072157662183,0.08389278423378163
t23,0.9125216599373035,0.0874783400626965
t56,0.06380253382688761,0.9361974661731124
t90,0.06260534799840645,0.9373946520015936
t79,0.07322011363282988,0.9267798863671701
t31,0.07533573021723938,0.9246642697827606
t32,0.07533573021723938,0.9246642697827606
