accepted_species,0,1
t61,0.96980023,0.030199781
t81,0.7122423,0.2877577
t20,0.96731323,0.032686774
t71,0.9949624,0.005037583
t23,0.9957852,0.004214817
t56,0.012675524,0.9873245
t90,0.015503049,0.98449695
t79,0.023681939,0.97631806
t31,0.023681939,0.97631806
t32,0.023681939,0.97631806
