accepted_species,0,1
t88,0.27860746590828767,0.7213925340917123
t89,0.25570207753004515,0.7442979224699549
t11,0.2684166174381343,0.7315833825618657
t8,0.4844599688656056,0.5155400311343944
t9,0.3909229407887794,0.6090770592112206
t6,0.4820136909052283,0.5179863090947717
t4,0.5496202902664942,0.45037970973350583
t80,0.4952118873467499,0.5047881126532501
t61,0.41110150814637536,0.5888984918536246
t17,0.4279007495942527,0.5720992504057473
