accepted_species,0,1
t29,0.8843049,0.115695134
t32,0.47418296,0.52581704
t39,0.5106269,0.48937306
t46,0.47872663,0.5212734
t57,0.04812777,0.9518722
t66,0.8843049,0.115695134
t73,0.8843049,0.115695134
t75,0.5106269,0.48937306
t106,0.8318119,0.16818808
t107,0.1804254,0.8195746
t112,0.69712,0.30288
t116,0.8843049,0.115695134
