accepted_species,0,1
t29,0.7482059,0.25179407
t32,0.5349902,0.46500984
t39,0.5520344,0.44796562
t46,0.52755344,0.47244656
t57,0.21371436,0.78628564
t66,0.90181696,0.09818301
t73,0.90181696,0.09818301
t75,0.049125493,0.9508745
t106,0.88434935,0.115650654
t107,0.35908836,0.64091164
t112,0.668682,0.33131805
t116,0.9247194,0.0752806
