accepted_species,0,1
t41,0.9947534,0.0052465904
t27,0.9945282,0.005471843
t87,0.9942894,0.005710578
t94,0.9957289,0.004271111
t121,0.99257433,0.007425691
t42,0.99531555,0.004684436
t4,0.94746816,0.05253183
t90,0.9870609,0.012939071
t38,0.9867981,0.013201921
t63,0.9867981,0.013201921
t36,0.9925516,0.0074483943
t11,0.96621096,0.03378901
t2,0.9490134,0.0509866
