accepted_species,0,1
t12,0.9784712388974661,0.021528761102533857
t19,0.9777200930016939,0.022279906998306034
t34,0.9839860918565068,0.016013908143493235
t36,0.9493653695497775,0.05063463045022249
t50,0.9898086951407967,0.010191304859203294
t59,0.8809471018207217,0.11905289817927836
t62,0.8942713750723789,0.1057286249276211
t95,0.8569766398542099,0.1430233601457901
t120,0.9702567574463444,0.029743242553655604
t126,0.7155104340180949,0.28448956598190506
