accepted_species,0,1
Galium_album,0.7806381,0.21936189
Galium_bifolium,0.4115849,0.5884151
Galium_boreale,0.66723645,0.33276352
Galium_circaezans,0.71713716,0.28286284
Galium_concinnum,0.42114246,0.57885754
Galium_saxatile,0.7806381,0.21936189
Galium_texense,0.71713716,0.28286284
Galium_verum,0.7806381,0.21936189
Galium_setaceum,0.42114246,0.57885754
Galium_verrucosum,0.771821,0.22817901
