accepted_species,estimate
t40,0.3256926415092204
t51,0.32568416255119964
t52,0.32568416255119964
t38,0.3258545628871144
t68,0.3259708558338717
t22,0.32659624888532385
t1,0.3104325155418805
t81,0.20513412505462472
t59,0.19605604745852354
t60,0.19605604745852365
