"accepted_species","estimate"
"t128",0.0690095805837466
"t129",0.0690095805837466
"t152",0.0690095805837466
"t153",0.0690095805837466
"t35",0.0690095805837466
"t38",-0.0103333505900265
"t181",-0.09994363941465
"t182",-0.09994363941465
"t94",-0.09994363941465
"t166",-0.240342073886621
"t167",-0.240342073886621
"t125",-0.00612037563121994
"t126",-0.00612037563121994
"t84",-0.155027286012036
"t85",-0.155027286012036
"t63",-0.151714826653073
"t40",0.0452905538272041
"t41",0.0452905538272041
