"accepted_species","estimate"
"t5",0.597578707556719
"t25",0.585423470384576
"t37",0.618192214323535
"t23",0.365045612845923
"t50",0.353799796606301
"t41",0.339657085465007
"t54",0.339657085465007
"t55",0.339657085465007
"t42",0.457252333600847
"t66",0.30500708053763
