accepted_species,estimate
t14,0.7668392
t77,0.7668392
t78,0.7668392
t74,0.7668392
t56,0.7668392
t57,0.7668392
t99,0.7668392
t100,0.7668392
t84,0.7668392
t25,0.7668392
