accepted_species,0,1
t84,0.16300279,0.8369972
t85,0.16300279,0.8369972
t100,0.017941773,0.9820582
t87,0.9647991,0.035200916
t71,0.0075151324,0.99248487
t88,0.01917106,0.98082894
t79,0.8431324,0.15686765
t52,0.02460736,0.97539264
t46,0.023595095,0.9764049
t18,0.02460736,0.97539264
