"accepted_species","0","1"
"t163","0.499993368612213","0.500006631387787"
"t208","0.724233168369655","0.275766831630345"
"t214","0.836469422292661","0.163530577707339"
"t219","0.766708761418326","0.233291238581674"
"t224","0.499993368612213","0.500006631387787"
"t240","0.129992466125144","0.870007533874857"
"t251","0.0763042448311512","0.923695755168849"
"t262","0.02750390291177","0.97249609708823"
"t266","0.0639658339254444","0.936034166074556"
"t267","0.268071929459668","0.731928070540332"
