accepted_species,0,1
t163,0.28657782,0.7134222
t208,0.77535856,0.22464146
t214,0.59926504,0.40073496
t219,0.84963757,0.15036243
t224,0.28657782,0.7134222
t240,0.56398714,0.43601283
t251,0.07065314,0.92934686
t262,0.2150411,0.7849589
t266,0.390072,0.609928
t267,0.668488,0.33151197
