accepted_species,0,1
t163,0.76934165,0.23065835
t208,0.81615233,0.18384767
t214,0.81615233,0.18384767
t219,0.8172166,0.18278341
t224,0.76934165,0.23065835
t240,0.7259444,0.27405557
t251,0.6452731,0.35472688
t262,0.37742966,0.62257034
t266,0.81615233,0.18384767
t267,0.7259444,0.27405557
