accepted_species,0,1
t55,0.8210972832208623,0.17890271677913777
t70,0.820529522056316,0.17947047794368398
t10,0.7961833215743057,0.2038166784256943
t74,0.8798679441238165,0.12013205587618343
t9,0.8370940271305062,0.16290597286949385
t59,0.7870623963062248,0.21293760369377523
t39,0.8993216945137374,0.10067830548626253
t96,0.8965181682383926,0.10348183176160741
t63,0.9211647576245995,0.07883524237540049
t38,0.9011956821691283,0.09880431783087176
