accepted_species,0,1
t55,0.8707482993197279,0.1292517006802721
t70,0.8707482993197279,0.1292517006802721
t10,0.8707482993197279,0.1292517006802721
t74,0.8707482993197279,0.1292517006802721
t9,0.8707482993197279,0.1292517006802721
t59,1.0,0.0
t39,0.8707482993197279,0.1292517006802721
t96,1.0,0.0
t63,1.0,0.0
t38,1.0,0.0
