accepted_species,0,1
t55,0.9481253,0.05187468
t70,0.96211755,0.03788246
t10,0.012273848,0.98772615
t74,0.98229015,0.017709877
t9,0.012273848,0.98772615
t59,0.9911105,0.008889507
t39,0.99443126,0.005568731
t96,0.9894145,0.0105855055
t63,0.9810064,0.018993588
t38,0.94095546,0.059044566
