accepted_species,0,1
t55,0.86073804,0.13926198
t70,0.99079317,0.009206847
t10,0.021804452,0.97819555
t74,0.99504465,0.0049553723
t9,0.021804452,0.97819555
t59,0.99387896,0.0061210315
t39,0.99609137,0.003908616
t96,0.9942323,0.00576769
t63,0.967605,0.032394987
t38,0.967605,0.032394987
