accepted_species,0,1
t24,0.9999999607824813,3.9217518697165515e-08
t61,0.9974471434238672,0.002552856576132782
t14,0.9977569912414059,0.0022430087585940156
t60,0.9981701746674206,0.001829825332579328
t74,0.9980218131344115,0.001978186865588475
t75,0.9982624045487716,0.0017375954512284628
t54,0.9995679162199791,0.0004320837800209529
t63,0.9995195199815109,0.00048048001848909077
t90,0.712633896949263,0.28736610305073695
t22,0.8751031494613773,0.12489685053862261
