accepted_species,0,1
t34,0.06670225,0.93329775
t80,0.6053654,0.39463463
t62,0.0799104,0.9200896
t91,0.05500257,0.94499743
t27,0.040657282,0.9593427
t54,0.781417,0.21858299
t93,0.9200843,0.07991569
t5,0.9763426,0.023657361
t68,0.043150246,0.95684975
t59,0.04881406,0.95118594
