accepted_species,0,1
t34,0.02440226,0.97559774
t80,0.9222764,0.07772364
t62,0.004694581,0.9953054
t91,0.019590318,0.9804097
t27,0.040640175,0.9593598
t54,0.7891151,0.21088494
t93,0.96593,0.034070026
t5,0.8952388,0.10476119
t68,0.012102187,0.9878978
t59,0.008503258,0.99149674
