accepted_species,0,1
t71,0.5888888888888889,0.4111111111111111
t72,0.5888888888888889,0.4111111111111111
t76,0.5888888888888889,0.4111111111111111
t102,0.0,1.0
t129,1.0,0.0
t136,0.5888888888888889,0.4111111111111111
t139,0.0,1.0
t150,1.0,0.0
t161,0.0,1.0
t166,1.0,0.0
