accepted_species,0,1
t88,0.7074363687911446,0.2925636312088554
t10,0.38465285493228696,0.615347145067713
t2,0.5066814508021353,0.4933185491978647
t42,0.4827462761842871,0.5172537238157129
t75,0.46738139884506713,0.5326186011549329
t37,0.41564616066944626,0.5843538393305537
t46,0.4097954646462133,0.5902045353537867
t56,0.35237360885007707,0.6476263911499229
t38,0.28734758763161783,0.7126524123683822
t23,0.2812222263616434,0.7187777736383566
