accepted_species,0,1
t88,0.9805034,0.019496635
t10,0.041002095,0.9589979
t2,0.76125574,0.23874426
t42,0.010943592,0.9890564
t75,0.010943592,0.9890564
t37,0.0072072744,0.9927927
t46,0.0072072744,0.9927927
t56,0.0072072744,0.9927927
t38,0.91228026,0.08771976
t23,0.91228026,0.08771976
