accepted_species,0,1
t95,0.7992598009729275,0.20074019902707252
t98,0.803124706566259,0.19687529343374105
t130,0.8031590198494314,0.19684098015056867
t138,0.8223354571951924,0.17766454280480753
t140,0.8032231488644638,0.19677685113553622
t186,0.8072810067451921,0.19271899325480793
t193,0.8172244657883488,0.18277553421165119
t202,0.8006686847479224,0.19933131525207762
t205,0.7989030770862695,0.20109692291373044
t208,0.8171131238668912,0.1828868761331089
