accepted_species,0
t27,
t86,-0.0330182903458067
t28,
t50,
t49,
t55,
t99,-0.381575412989529
t16,
t23,
t47,
