accepted_species,estimate
t27,-1.1158683
t86,0.42231488
t28,-0.46582767
t50,-0.13655764
t49,-0.8267725
t55,-0.6041959
t99,-0.5994545
t16,1.1498374
t23,1.0042632
t47,1.1511087
