accepted_species,0
t19,-0.06339498515906708
t54,-0.06339498515906708
t73,1.37219398681753
t35,-0.06339498515906708
t7,-0.06339498515906708
t66,-0.06339498515906708
t95,0.5003619081147628
t32,-0.06339498515906708
t88,-0.06339498515906708
t93,1.51201318123568
