"accepted_species","estimate"
"t74",-0.701548984596868
"t75",-0.701548984596868
"t73",-0.69447466566347
"t9",-0.25355249668544
"t33",-0.201549256035004
"t34",-0.201549256035004
"t91",-0.277410988489602
"t44",-0.284584132262876
"t53",-0.322175893761351
"t54",-0.322175893761351
