accepted_species,estimate
t74,-0.66972905
t75,-0.66972905
t73,-0.66972905
t9,-0.2281565
t33,-0.2526855
t34,-0.2526855
t91,-0.31214583
t44,-0.29405254
t53,0.34318152
t54,0.34318152
