accepted_species,0,1
t23,0.9261621,0.07383786
t72,0.67111063,0.3288894
t89,0.87695223,0.12304775
t95,0.8606488,0.13935119
t117,0.8056051,0.19439489
t118,0.8606488,0.13935119
t124,0.8606488,0.13935119
t128,0.8606488,0.13935119
t132,0.8606488,0.13935119
t134,0.7434465,0.25655347
