accepted_species,0,1
t22,0.03608365895427579,0.9639163410457242
t45,0.022319347742374096,0.9776806522576259
t91,0.697549418602014,0.302450581397986
t98,0.4581688280168602,0.5418311719831398
t111,0.015028988173587998,0.984971011826412
t113,0.01111364117306779,0.9888863588269322
t115,0.09165692213882659,0.9083430778611734
t116,0.09165692213882659,0.9083430778611734
t120,0.003961590155914463,0.9960384098440855
t129,8.83206382973345e-05,0.9999116793617027
