"accepted_species","0","1"
"t49",0.926552013728835,0.0734479862711654
"t60",0.863580251706767,0.136419748293233
"t61",0.863580251706767,0.136419748293233
"t96",0.0696535016266254,0.930346498373375
"t48",0.303843947282326,0.696156052717674
"t89",0.973868019525293,0.0261319804747072
"t69",0.893554897570078,0.106445102429922
"t70",0.893554897570078,0.106445102429922
"t44",0.425477839715744,0.574522160284256
"t20",0.646338521928603,0.353661478071397
