accepted_species,0,1
t49,0.8569228553541577,0.1430771446458423
t60,0.8529291410395101,0.14707085896048983
t61,0.7718328650718814,0.22816713492811858
t96,0.1689428532053544,0.8310571467946456
t48,0.041085028952038694,0.9589149710479613
t89,0.8874160992000089,0.11258390079999117
t69,0.9391643125588729,0.06083568744112715
t70,0.9421176754606732,0.057882324539326825
t44,0.46713502001697926,0.5328649799830207
t20,0.5827375341272345,0.4172624658727655
