accepted_species,0,1
t49,0.44068944,0.55931056
t60,0.8883982,0.1116018
t61,0.8883982,0.1116018
t96,0.038986266,0.96101373
t48,0.024949968,0.97505003
t89,0.95614177,0.04385821
t69,0.98853683,0.011463181
t70,0.98853683,0.011463181
t44,0.548976,0.451024
t20,0.69051325,0.30948672
