accepted_species,0,1
t15,0.3930435582423325,0.6069564417576675
t90,0.3344309222800058,0.6655690777199942
t71,0.36691068020812034,0.6330893197918797
t9,0.5284120786346369,0.47158792136536315
t3,0.3137727054154884,0.6862272945845116
t13,0.3455314286997392,0.6544685713002608
t99,0.46311686757476866,0.5368831324252313
t18,0.4974347375692476,0.5025652624307524
t77,0.5910895243943204,0.40891047560567956
t6,0.7815680288293867,0.21843197117061333
