accepted_species,0,1
t15,0.4111111111111111,0.5888888888888889
t90,0.0,1.0
t71,0.4111111111111111,0.5888888888888889
t9,0.4111111111111111,0.5888888888888889
t3,0.4111111111111111,0.5888888888888889
t13,0.4111111111111111,0.5888888888888889
t99,0.0,1.0
t18,0.4111111111111111,0.5888888888888889
t77,0.0,1.0
t6,0.4111111111111111,0.5888888888888889
