accepted_species,0,1
t13,0.011124492,0.9888755
t70,0.16845733,0.8315427
t90,0.015233517,0.9847665
t60,0.9278163,0.07218372
t72,0.046113133,0.95388687
t22,0.12197214,0.87802786
t6,0.1409921,0.8590079
t26,0.8800204,0.11997959
t87,0.5885352,0.41146484
t20,0.33494252,0.6650575
