accepted_species,0,1
t5,0.4734949861582116,0.5265050138417884
t7,0.47383064862702584,0.5261693513729742
t15,0.47395546631711527,0.5260445336828847
t23,0.4738557876693299,0.5261442123306701
t35,0.47337657279532996,0.52662342720467
t44,0.4736502860808913,0.5263497139191087
t51,0.4745539843860872,0.5254460156139128
t52,0.474814322609601,0.525185677390399
t70,0.4737461889734852,0.5262538110265148
t115,0.47392319019270623,0.5260768098072938
t116,0.47385185418325537,0.5261481458167446
