"accepted_species","estimate"
"t78",-0.512105624535292
"t70",0.742487160681837
"t94",0.833034583125622
"t77",1.23190633255158
"t38",0.0942502249066708
"t67",0.764968821749786
"t92",0.794725740740985
"t43",0.715188576796137
"t5",-0.154583447403504
"t95",0.290142787469385
