accepted_species,0,1
t61,0.07371165670825497,0.926288343291745
t79,0.49135596846405816,0.5086440315359418
t87,0.28975295691759284,0.7102470430824072
t62,0.31222733039201545,0.6877726696079846
t91,0.05540926760159093,0.9445907323984091
t14,0.1406202348540787,0.8593797651459213
t55,0.906810790108282,0.09318920989171801
t9,0.15313725383941768,0.8468627461605823
t20,0.9035399157065565,0.09646008429344353
t19,0.49885692628686895,0.501143073713131
