accepted_species,0,1
t61,0.41051109153451315,0.5894889084654868
t79,0.4153698218856059,0.5846301781143941
t87,0.30616463046377085,0.6938353695362292
t62,0.23832702687352958,0.7616729731264704
t91,0.2751295326827775,0.7248704673172225
t14,0.779079973792565,0.220920026207435
t55,0.63575497591697,0.36424502408302994
t9,0.18412212109521153,0.8158778789047885
t20,0.8684534385299454,0.13154656147005467
t19,0.8031410970515013,0.19685890294849875
