accepted_species,0,1
t61,0.9945308,0.005469215
t54,0.996008,0.0039920034
t76,0.99552065,0.0044793515
t56,0.9949143,0.00508573
t42,0.99010473,0.00989527
t22,0.99143285,0.008567164
t19,0.992702,0.0072979988
t65,0.9979442,0.0020558215
t26,0.9827725,0.017227495
t71,0.96569884,0.03430115
