accepted_species,0,1
t167,0.11800020372297793,0.8819997962770221
t168,0.11767440805078178,0.8823255919492182
t228,0.12192225918096777,0.8780777408190322
t243,0.11696846413952633,0.8830315358604737
t246,0.11780389572678296,0.882196104273217
t256,0.11792223585203365,0.8820777641479663
t257,0.11759056092448372,0.8824094390755163
t262,0.11909301355092916,0.8809069864490708
t263,0.11784633154507285,0.8821536684549272
t271,0.11941046784700637,0.8805895321529936
