accepted_species,0
t62,0.025878742391550715
t72,0.025878742391550715
t107,0.025878742391550715
t108,0.025878742391550715
t92,0.025878742391550715
t77,0.025878742391550715
t111,0.025878742391550715
t52,0.025878742391550715
t42,0.025878742391550715
t43,0.025878742391550715
t94,0.025878742391550715
t74,0.025878742391550715
t147,0.025878742391550715
t3,0.025878742391550715
t15,0.025878742391550715
t136,0.025878742391550715
t168,-0.927227941443584
