accepted_species,0,1
t82,0.5329386661067044,0.4670613338932957
t70,0.5623030949503427,0.43769690504965725
t55,0.547623173534965,0.45237682646503496
t65,0.1785142966420341,0.8214857033579659
t17,0.17122763586039924,0.8287723641396008
t11,0.1707221770564934,0.8292778229435066
t54,0.23289628185391797,0.767103718146082
t37,0.2321004729761521,0.7678995270238479
t25,0.23051931689066318,0.7694806831093368
t27,0.2177793532622413,0.7822206467377587
