accepted_species,0,1
t7,0.45993321858085223,0.5400667814191478
t8,0.45993321858085223,0.5400667814191478
t9,0.45993321858085223,0.5400667814191478
t15,0.5941698937867383,0.4058301062132617
t25,0.4039114178408788,0.5960885821591212
t36,0.15974925273137408,0.8402507472686259
t77,0.5941698937867383,0.4058301062132617
t84,0.15974925273137408,0.8402507472686259
t85,0.15974925273137408,0.8402507472686259
t89,0.4039114178408788,0.5960885821591212
