accepted_species,0
t70,
t187,
t118,
t208,0.356025358300578
t60,
t36,
t164,
t52,
t149,
t59,
t182,
t83,
t174,
t72,
t109,
t100,
t84,
t4,
t135,
t104,
t193,-2.00022879526723
t3,
