accepted_species,0,1
t12,,
t26,,
t28,,
t49,,
t57,,
t77,,
t82,0.31743468256061924,0.6825653174393808
t94,1.0,0.0
t131,0.0,1.0
t132,0.0,1.0
