accepted_species,0,1
t80,0.021618009,0.978382
t3,0.021618009,0.978382
t62,0.021618009,0.978382
t55,0.015666544,0.98433346
t56,0.015666544,0.98433346
t96,0.86375564,0.13624437
t67,0.05835128,0.9416487
t81,0.009417176,0.9905828
t82,0.009417176,0.9905828
t66,0.009417176,0.9905828
