accepted_species,0,1
t80,0.011411786,0.9885882
t3,0.013107359,0.98689264
t62,0.013107359,0.98689264
t55,0.0129977465,0.98700225
t56,0.0129977465,0.98700225
t96,0.90760005,0.09239996
t67,0.012932718,0.9870673
t81,0.010174692,0.9898253
t82,0.010174692,0.9898253
t66,0.010174692,0.9898253
