accepted_species,0
t2,
t46,
t57,
t88,-0.29585486522145227
t44,
t4,
t60,
t61,
t96,-0.13799592259777604
t93,-0.625702319806197
