accepted_species,estimate
t2,-0.40481833
t46,-1.8251699
t57,-1.2166781
t88,-0.25914866
t44,0.48862475
t4,0.26303187
t60,-0.32049236
t61,-0.32049236
t96,-0.1708454
t93,-0.5826131
