accepted_species,0,1
t21,0.7244183485599194,0.2755816514400807
t67,0.7436752740291654,0.2563247259708345
t60,0.7403897803577286,0.25961021964227143
t97,0.7128224476334573,0.28717755236654274
t16,0.3732209791631337,0.6267790208368663
t30,0.3830292474318713,0.6169707525681287
t79,0.4054011775659676,0.5945988224340324
t89,0.3980475282850666,0.6019524717149334
t83,0.40350955316625325,0.5964904468337467
t59,0.39841738560524576,0.6015826143947542
