accepted_species,0,1
t21,0.3650481437456229,0.6349518562543771
t67,0.48052114191617834,0.5194788580838217
t60,0.47325269443522655,0.5267473055647734
t97,0.5161769345803872,0.48382306541961284
t16,0.31671022819513095,0.683289771804869
t30,0.33131637101253275,0.6686836289874672
t79,0.3656084888330944,0.6343915111669056
t89,0.3588047233102186,0.6411952766897814
t83,0.36520168139320874,0.6347983186067913
t59,0.36189485070124205,0.638105149298758
