accepted_species,0,1
t21,0.9976852,0.0023148146
t67,0.9976852,0.0023148146
t60,0.9976852,0.0023148146
t97,0.9976852,0.0023148146
t16,0.9976852,0.0023148146
t30,0.9976852,0.0023148146
t79,0.9976852,0.0023148146
t89,0.9976852,0.0023148146
t83,0.9976852,0.0023148146
t59,0.9976852,0.0023148146
