accepted_species,0,1
t150,0.6104992426929465,0.3895007573070535
t334,0.6329550163205153,0.3670449836794846
t335,0.6329550163205153,0.3670449836794846
t268,0.5794268163034988,0.42057318369650115
t269,0.5794268163034988,0.4205731836965012
t164,0.576136653471351,0.423863346528649
t297,0.5883959559259151,0.41160404407408496
t298,0.5883959559259149,0.41160404407408513
t152,0.5793945870423789,0.42060541295762116
t153,0.5791987711988651,0.4208012288011349
t115,0.5757359976270358,0.42426400237296424
t142,0.5146271868311574,0.4853728131688427
t260,0.45886110987371187,0.5411388901262881
t327,0.4497924562056056,0.5502075437943944
t328,0.4497924562056057,0.5502075437943943
t215,0.45921013642655517,0.5407898635734448
t280,0.5257078954835608,0.4742921045164393
t131,0.5379205339415718,0.46207946605842815
t79,0.6037367901096946,0.3962632098903054
t78,0.603167989583655,0.396832010416345
t94,0.6625684117165458,0.33743158828345415
t112,0.6943725673654476,0.3056274326345524
t113,0.6940281729269331,0.3059718270730669
t193,0.7239517717670925,0.27604822823290753
t225,0.7333966845282927,0.2666033154717073
t241,0.7339489576856797,0.26605104231432036
t256,0.7343980242193107,0.2656019757806894
t141,0.713218138814356,0.28678186118564397
t123,0.704419098140018,0.29558090185998204
t129,0.6817580424917744,0.31824195750822565
t176,0.6771226953285834,0.32287730467141657
t146,0.6707064849036322,0.3292935150963678
t101,0.6541968639374888,0.34580313606251123
